ISO-10303-21;
HEADER;
FILE_DESCRIPTION (( 'STEP AP203' ),
    '1' );
FILE_NAME ('MB_printer_feet_elastomer_base_universal_v1.step',
    '2023-02-06T10:31:04',
    ( '' ),
    ( '' ),
    'SwSTEP 2.0',
    'SolidWorks 2023',
    '' );
FILE_SCHEMA (( 'CONFIG_CONTROL_DESIGN' ));
ENDSEC;

DATA;
#1 = CARTESIAN_POINT ( 'NONE',  ( -15.00000000000026112, 8.000000000000000000, 17.89999999999976410 ) ) ;
#2 = VERTEX_POINT ( 'NONE', #234 ) ;
#3 = EDGE_CURVE ( 'NONE', #3502, #2638, #2436, .T. ) ;
#4 = CALENDAR_DATE ( 2023, 6, 2 ) ;
#5 = CARTESIAN_POINT ( 'NONE',  ( -11.75000000000027356, 8.000000000000000000, 18.24999999999967315 ) ) ;
#6 = CARTESIAN_POINT ( 'NONE',  ( 18.50000000000023448, 0.4999999999999891753, -14.09248337494178571 ) ) ;
#7 = LINE ( 'NONE', #3451, #167 ) ;
#8 = ORIENTED_EDGE ( 'NONE', *, *, #958, .F. ) ;
#9 = FACE_OUTER_BOUND ( 'NONE', #1362, .T. ) ;
#10 = FACE_OUTER_BOUND ( 'NONE', #383, .T. ) ;
#11 = DIRECTION ( 'NONE',  ( 0.000000000000000000, -1.000000000000000000, 0.000000000000000000 ) ) ;
#12 = VECTOR ( 'NONE', #2399, 1000.000000000000000 ) ;
#13 = EDGE_LOOP ( 'NONE', ( #2700, #2291, #1495, #1299 ) ) ;
#14 = EDGE_CURVE ( 'NONE', #855, #613, #2809, .T. ) ;
#15 = AXIS2_PLACEMENT_3D ( 'NONE', #280, #880, #561 ) ;
#16 = EDGE_CURVE ( 'NONE', #874, #578, #1131, .T. ) ;
#17 = CIRCLE ( 'NONE', #3658, 1.000988954988353496 ) ;
#18 = CARTESIAN_POINT ( 'NONE',  ( 12.55431677052014372, 7.500000000000000888, -14.89248337494182728 ) ) ;
#19 = DIRECTION ( 'NONE',  ( 0.000000000000000000, 0.000000000000000000, 1.000000000000000000 ) ) ;
#20 = VERTEX_POINT ( 'NONE', #3456 ) ;
#21 = ORIENTED_EDGE ( 'NONE', *, *, #1002, .F. ) ;
#22 = EDGE_CURVE ( 'NONE', #3904, #3843, #573, .T. ) ;
#23 = LINE ( 'NONE', #2432, #291 ) ;
#24 = CARTESIAN_POINT ( 'NONE',  ( -14.00000000000028422, 8.000000000000000000, 14.49248337494178784 ) ) ;
#25 = AXIS2_PLACEMENT_3D ( 'NONE', #3411, #4123, #1209 ) ;
#26 = CARTESIAN_POINT ( 'NONE',  ( -10.25000000000008882, -8.131516293641283255E-16, 13.59248337494184966 ) ) ;
#27 = ORIENTED_EDGE ( 'NONE', *, *, #587, .T. ) ;
#28 = AXIS2_PLACEMENT_3D ( 'NONE', #2208, #252, #2846 ) ;
#29 = AXIS2_PLACEMENT_3D ( 'NONE', #800, #1762, #416 ) ;
#30 = VECTOR ( 'NONE', #39, 1000.000000000000000 ) ;
#31 = CARTESIAN_POINT ( 'NONE',  ( 18.50000000000023448, 7.500000000000008882, -14.09248337494178571 ) ) ;
#32 = EDGE_CURVE ( 'NONE', #2147, #3827, #3416, .T. ) ;
#33 = CARTESIAN_POINT ( 'NONE',  ( 3.035398026413986372, 7.499999999999992895, 15.24274653144697744 ) ) ;
#34 = FACE_BOUND ( 'NONE', #2373, .T. ) ;
#35 = ORIENTED_EDGE ( 'NONE', *, *, #3374, .T. ) ;
#36 = CARTESIAN_POINT ( 'NONE',  ( 0.000000000000000000, -8.131516293641283255E-16, -10.75000000000000000 ) ) ;
#37 = ADVANCED_FACE ( 'NONE', ( #3741 ), #854, .F. ) ;
#38 = DIRECTION ( 'NONE',  ( 9.262558205390927030E-15, 0.7071067811865476838, -0.7071067811865474617 ) ) ;
#39 = DIRECTION ( 'NONE',  ( 0.000000000000000000, -1.000000000000000000, 0.000000000000000000 ) ) ;
#40 = ORIENTED_EDGE ( 'NONE', *, *, #3209, .T. ) ;
#41 = EDGE_CURVE ( 'NONE', #3615, #757, #1829, .T. ) ;
#42 = DIRECTION ( 'NONE',  ( 0.000000000000000000, 1.000000000000000000, 0.000000000000000000 ) ) ;
#43 = FACE_OUTER_BOUND ( 'NONE', #1124, .T. ) ;
#44 = ORIENTED_EDGE ( 'NONE', *, *, #345, .F. ) ;
#45 = ORIENTED_EDGE ( 'NONE', *, *, #3363, .T. ) ;
#46 = DIRECTION ( 'NONE',  ( -1.309923543633404294E-14, 0.000000000000000000, 1.000000000000000000 ) ) ;
#47 = LINE ( 'NONE', #386, #3629 ) ;
#48 = CARTESIAN_POINT ( 'NONE',  ( -0.5000000000000001110, 7.000000000000000000, -14.60440660437519256 ) ) ;
#49 = ORIENTED_EDGE ( 'NONE', *, *, #3574, .F. ) ;
#50 = FACE_OUTER_BOUND ( 'NONE', #2159, .T. ) ;
#51 = LINE ( 'NONE', #3485, #846 ) ;
#52 = FACE_OUTER_BOUND ( 'NONE', #1851, .T. ) ;
#53 = ORIENTED_EDGE ( 'NONE', *, *, #4138, .T. ) ;
#54 = CIRCLE ( 'NONE', #594, 0.5009889549883530524 ) ;
#55 = LINE ( 'NONE', #736, #168 ) ;
#56 = DIRECTION ( 'NONE',  ( 0.000000000000000000, -1.000000000000000000, 0.000000000000000000 ) ) ;
#57 = VECTOR ( 'NONE', #791, 1000.000000000000114 ) ;
#58 = ORIENTED_EDGE ( 'NONE', *, *, #1096, .T. ) ;
#59 = VECTOR ( 'NONE', #3024, 1000.000000000000000 ) ;
#60 = PLANE ( 'NONE',  #2713 ) ;
#61 = DIRECTION ( 'NONE',  ( -0.8320502943378398353, 0.000000000000000000, -0.5547001962252349205 ) ) ;
#62 = ORIENTED_EDGE ( 'NONE', *, *, #85, .T. ) ;
#63 = ORIENTED_EDGE ( 'NONE', *, *, #2513, .F. ) ;
#64 = CARTESIAN_POINT ( 'NONE',  ( -9.068951899759724711, -8.131516293641283255E-16, -16.67362023868462018 ) ) ;
#65 = PLANE ( 'NONE',  #2823 ) ;
#66 = ORIENTED_EDGE ( 'NONE', *, *, #2522, .F. ) ;
#67 = APPROVAL_STATUS ( 'not_yet_approved' ) ;
#68 = DIRECTION ( 'NONE',  ( 0.000000000000000000, 0.000000000000000000, 1.000000000000000000 ) ) ;
#69 = CARTESIAN_POINT ( 'NONE',  ( 18.49999999999977973, 0.7499999999998624434, 18.75000000000012434 ) ) ;
#70 = LINE ( 'NONE', #413, #1764 ) ;
#71 = EDGE_LOOP ( 'NONE', ( #1078, #27, #3583 ) ) ;
#72 = DIRECTION ( 'NONE',  ( -0.02500421070865733314, -0.7068857013148718282, 0.7068857013148722723 ) ) ;
#73 = DIRECTION ( 'NONE',  ( -0.000000000000000000, -1.000000000000000000, -0.000000000000000000 ) ) ;
#74 = VECTOR ( 'NONE', #2674, 1000.000000000000000 ) ;
#75 = PLANE ( 'NONE',  #3173 ) ;
#76 = VERTEX_POINT ( 'NONE', #810 ) ;
#77 = AXIS2_PLACEMENT_3D ( 'NONE', #2014, #2969, #3616 ) ;
#78 = EDGE_CURVE ( 'NONE', #1568, #2468, #2726, .T. ) ;
#79 = CARTESIAN_POINT ( 'NONE',  ( -9.000000000000232703, 0.4999999999999891753, 14.09248337494184966 ) ) ;
#80 = CARTESIAN_POINT ( 'NONE',  ( -10.25000000000008882, -8.131516293641283255E-16, 13.59248337494184966 ) ) ;
#81 = ORIENTED_EDGE ( 'NONE', *, *, #715, .F. ) ;
#82 = CIRCLE ( 'NONE', #3927, 1.499999999999996225 ) ;
#83 = ORIENTED_EDGE ( 'NONE', *, *, #1969, .F. ) ;
#84 = AXIS2_PLACEMENT_3D ( 'NONE', #2409, #3661, #4024 ) ;
#85 = EDGE_CURVE ( 'NONE', #720, #3329, #2124, .T. ) ;
#86 = LINE ( 'NONE', #996, #939 ) ;
#87 = CARTESIAN_POINT ( 'NONE',  ( -12.47233152396622557, 8.000000000000000000, 13.40464562484299904 ) ) ;
#88 = ORIENTED_EDGE ( 'NONE', *, *, #2265, .F. ) ;
#89 = CIRCLE ( 'NONE', #3933, 1.000988954988341506 ) ;
#90 = ORIENTED_EDGE ( 'NONE', *, *, #1476, .T. ) ;
#91 = DIRECTION ( 'NONE',  ( 0.000000000000000000, -1.000000000000000000, 0.000000000000000000 ) ) ;
#92 = VECTOR ( 'NONE', #1854, 1000.000000000000114 ) ;
#93 = PLANE ( 'NONE',  #2788 ) ;
#94 = DIRECTION ( 'NONE',  ( -0.7071067811865463515, -0.7071067811865487940, -8.839176586832915961E-15 ) ) ;
#95 = EDGE_LOOP ( 'NONE', ( #1957, #817, #3956, #3174 ) ) ;
#96 = AXIS2_PLACEMENT_3D ( 'NONE', #2866, #1566, #3515 ) ;
#97 = AXIS2_PLACEMENT_3D ( 'NONE', #2591, #2239, #1674 ) ;
#98 = VECTOR ( 'NONE', #546, 1000.000000000000000 ) ;
#99 = CC_DESIGN_PERSON_AND_ORGANIZATION_ASSIGNMENT ( #3894, #685, ( #1194 ) ) ;
#100 = DIRECTION ( 'NONE',  ( 0.000000000000000000, 0.7071067811865476838, 0.7071067811865474617 ) ) ;
#101 = LINE ( 'NONE', #2055, #3066 ) ;
#102 = PLANE ( 'NONE',  #1909 ) ;
#103 = EDGE_CURVE ( 'NONE', #3246, #2166, #2108, .T. ) ;
#104 = ORIENTED_EDGE ( 'NONE', *, *, #3190, .F. ) ;
#105 = LINE ( 'NONE', #1430, #3653 ) ;
#106 = CARTESIAN_POINT ( 'NONE',  ( -12.50000000000028777, -5.999999999999909406, 11.99999999999991651 ) ) ;
#107 = ORIENTED_EDGE ( 'NONE', *, *, #2707, .F. ) ;
#108 = ORIENTED_EDGE ( 'NONE', *, *, #16, .T. ) ;
#109 = DIRECTION ( 'NONE',  ( -0.4850712500726587217, -0.4850712500726653831, -0.7276068751090041253 ) ) ;
#110 = CARTESIAN_POINT ( 'NONE',  ( -13.00000000000026112, 8.000000000000000000, 17.89999999999977831 ) ) ;
#111 = VERTEX_POINT ( 'NONE', #3184 ) ;
#112 = EDGE_LOOP ( 'NONE', ( #1136, #3299, #245, #153 ) ) ;
#113 = EDGE_CURVE ( 'NONE', #400, #979, #1255, .T. ) ;
#114 = LOCAL_TIME ( 11, 31, 4.000000000000000000, #1770 ) ;
#115 = CARTESIAN_POINT ( 'NONE',  ( 18.00000000000027001, 8.000000000000000000, -19.39999999999974634 ) ) ;
#116 = LINE ( 'NONE', #1439, #1928 ) ;
#117 = CARTESIAN_POINT ( 'NONE',  ( 17.00000000000025935, 8.000000000000000000, -17.89999999999975344 ) ) ;
#118 = ORIENTED_EDGE ( 'NONE', *, *, #144, .F. ) ;
#119 = CARTESIAN_POINT ( 'NONE',  ( -11.74999999999999645, 8.000000000000000000, 0.000000000000000000 ) ) ;
#120 = CARTESIAN_POINT ( 'NONE',  ( 18.50000000000015632, 8.000000000000000000, 1.744807816225704241E-13 ) ) ;
#121 = DIRECTION ( 'NONE',  ( -1.000000000000000000, 0.000000000000000000, -6.938893903907229955E-15 ) ) ;
#122 = VECTOR ( 'NONE', #1302, 1000.000000000000000 ) ;
#123 = EDGE_LOOP ( 'NONE', ( #2679, #2538, #3923, #3147 ) ) ;
#124 = CARTESIAN_POINT ( 'NONE',  ( 3.089259829119844980, 8.000000000000000000, 14.24320774069498441 ) ) ;
#125 = EDGE_CURVE ( 'NONE', #2034, #1221, #4148, .T. ) ;
#126 = CARTESIAN_POINT ( 'NONE',  ( 18.50000000000024158, 7.500000000000000888, -14.89248337494178642 ) ) ;
#127 = LINE ( 'NONE', #2289, #2529 ) ;
#128 = VERTEX_POINT ( 'NONE', #611 ) ;
#129 = ORIENTED_EDGE ( 'NONE', *, *, #2126, .T. ) ;
#130 = AXIS2_PLACEMENT_3D ( 'NONE', #1619, #4153, #343 ) ;
#131 = LINE ( 'NONE', #3397, #2888 ) ;
#132 = FACE_OUTER_BOUND ( 'NONE', #3477, .T. ) ;
#133 = ORIENTED_EDGE ( 'NONE', *, *, #2424, .F. ) ;
#134 = ORIENTED_EDGE ( 'NONE', *, *, #1616, .T. ) ;
#135 = DIRECTION ( 'NONE',  ( 0.000000000000000000, -1.000000000000000000, 0.000000000000000000 ) ) ;
#136 = CARTESIAN_POINT ( 'NONE',  ( -10.20000000000027818, 4.099999999999958789, 22.09999999999981313 ) ) ;
#137 = ADVANCED_FACE ( 'NONE', ( #2209 ), #2828, .T. ) ;
#138 = CARTESIAN_POINT ( 'NONE',  ( 3.035398026413986372, 7.499999999999992895, 15.74373548643533205 ) ) ;
#139 = ORIENTED_EDGE ( 'NONE', *, *, #2821, .F. ) ;
#140 = DIRECTION ( 'NONE',  ( 4.906538933386809075E-15, -0.7071067811865456854, -0.7071067811865493491 ) ) ;
#141 = CARTESIAN_POINT ( 'NONE',  ( -19.00000000000023448, 8.000000000000000000, 14.89248337494178109 ) ) ;
#142 = DIRECTION ( 'NONE',  ( -0.000000000000000000, 0.000000000000000000, -1.000000000000000000 ) ) ;
#143 = ADVANCED_FACE ( 'NONE', ( #949 ), #4129, .T. ) ;
#144 = EDGE_CURVE ( 'NONE', #1051, #298, #913, .T. ) ;
#145 = ORIENTED_EDGE ( 'NONE', *, *, #1539, .T. ) ;
#146 = DIRECTION ( 'NONE',  ( -0.8320502943378479399, 0.000000000000000000, 0.5547001962252227081 ) ) ;
#147 = DIRECTION ( 'NONE',  ( -0.000000000000000000, 1.000000000000000000, -0.000000000000000000 ) ) ;
#148 = VECTOR ( 'NONE', #719, 999.9999999999998863 ) ;
#149 = EDGE_LOOP ( 'NONE', ( #254, #1387, #2461 ) ) ;
#150 = ADVANCED_FACE ( 'NONE', ( #592 ), #1893, .F. ) ;
#151 = CARTESIAN_POINT ( 'NONE',  ( 19.20909090909119143, 3.213636363636381166, -21.21363636363610894 ) ) ;
#152 = DIRECTION ( 'NONE',  ( 0.000000000000000000, -1.000000000000000000, 0.000000000000000000 ) ) ;
#153 = ORIENTED_EDGE ( 'NONE', *, *, #385, .T. ) ;
#154 = CONICAL_SURFACE ( 'NONE', #3180, 10.75000000000000000, 0.7853981633974587151 ) ;
#155 = ORIENTED_EDGE ( 'NONE', *, *, #1771, .T. ) ;
#156 = CARTESIAN_POINT ( 'NONE',  ( -17.00000000000026290, 0.000000000000000000, 17.89999999999974989 ) ) ;
#157 = CARTESIAN_POINT ( 'NONE',  ( -3.089259829119846756, 8.000000000000000000, -14.24320774069498974 ) ) ;
#158 = CARTESIAN_POINT ( 'NONE',  ( -19.00000000000027711, 0.000000000000000000, -18.00000000000026645 ) ) ;
#159 = EDGE_LOOP ( 'NONE', ( #2023, #2079, #2719 ) ) ;
#160 = FACE_OUTER_BOUND ( 'NONE', #3220, .T. ) ;
#161 = LINE ( 'NONE', #2197, #255 ) ;
#162 = LINE ( 'NONE', #3618, #551 ) ;
#163 = VECTOR ( 'NONE', #633, 1000.000000000000000 ) ;
#164 = VECTOR ( 'NONE', #1228, 1000.000000000000000 ) ;
#165 = ORIENTED_EDGE ( 'NONE', *, *, #664, .F. ) ;
#166 = EDGE_CURVE ( 'NONE', #1029, #3372, #4111, .T. ) ;
#167 = VECTOR ( 'NONE', #1647, 1000.000000000000000 ) ;
#168 = VECTOR ( 'NONE', #2692, 1000.000000000000000 ) ;
#169 = CARTESIAN_POINT ( 'NONE',  ( -19.00000000000025580, 0.5000000000000029976, 17.89999999999973568 ) ) ;
#170 = DIRECTION ( 'NONE',  ( -1.000000000000000000, -0.000000000000000000, -6.938893903907233111E-15 ) ) ;
#171 = ORIENTED_EDGE ( 'NONE', *, *, #2202, .F. ) ;
#172 = ADVANCED_FACE ( 'NONE', ( #1234 ), #1047, .F. ) ;
#173 = LINE ( 'NONE', #2418, #2363 ) ;
#174 = EDGE_LOOP ( 'NONE', ( #3654, #1808, #1082, #2046 ) ) ;
#175 = ORIENTED_EDGE ( 'NONE', *, *, #385, .F. ) ;
#176 = VERTEX_POINT ( 'NONE', #273 ) ;
#177 = CARTESIAN_POINT ( 'NONE',  ( -19.00000000000023803, 7.499999999999993783, 15.39248337494178820 ) ) ;
#178 = PRODUCT ( 'MB_printer_feet_elastomer_base_universal_v1', 'MB_printer_feet_elastomer_base_universal_v1', '', ( #3569 ) ) ;
#179 = EDGE_CURVE ( 'NONE', #216, #1427, #3740, .T. ) ;
#180 = CARTESIAN_POINT ( 'NONE',  ( 8.986538101553486868, -8.131516293641283255E-16, -13.59248337494186210 ) ) ;
#181 = ORIENTED_EDGE ( 'NONE', *, *, #1402, .T. ) ;
#182 = PLANE ( 'NONE',  #1718 ) ;
#183 = CARTESIAN_POINT ( 'NONE',  ( -12.21394289005113087, 8.000000000000000000, 15.39248337494183083 ) ) ;
#184 = DIRECTION ( 'NONE',  ( -0.03804841776769415235, 0.7071067811865503483, 0.7060823733144534486 ) ) ;
#185 = LINE ( 'NONE', #1482, #639 ) ;
#186 = LINE ( 'NONE', #1844, #1926 ) ;
#187 = FACE_OUTER_BOUND ( 'NONE', #2555, .T. ) ;
#188 = EDGE_CURVE ( 'NONE', #3843, #1707, #185, .T. ) ;
#189 = ORIENTED_EDGE ( 'NONE', *, *, #679, .T. ) ;
#190 = CARTESIAN_POINT ( 'NONE',  ( 15.78605710994942335, 8.000000000000000000, -15.39248337494180241 ) ) ;
#191 = DIRECTION ( 'NONE',  ( -1.000000000000000000, -0.000000000000000000, -1.517883041479734607E-14 ) ) ;
#192 = AXIS2_PLACEMENT_3D ( 'NONE', #2748, #260, #497 ) ;
#193 = ORIENTED_EDGE ( 'NONE', *, *, #3851, .F. ) ;
#194 = ORIENTED_EDGE ( 'NONE', *, *, #3773, .T. ) ;
#195 = EDGE_CURVE ( 'NONE', #3803, #1340, #1886, .T. ) ;
#196 = AXIS2_PLACEMENT_3D ( 'NONE', #24, #3931, #3232 ) ;
#197 = LINE ( 'NONE', #2423, #1245 ) ;
#198 = FACE_OUTER_BOUND ( 'NONE', #309, .T. ) ;
#199 = ORIENTED_EDGE ( 'NONE', *, *, #1002, .T. ) ;
#200 = EDGE_CURVE ( 'NONE', #856, #2270, #3080, .T. ) ;
#201 = DIRECTION ( 'NONE',  ( -0.03804841776769388173, 0.7071067811865476838, 0.7060823733144560022 ) ) ;
#202 = EDGE_CURVE ( 'NONE', #2910, #1568, #2140, .T. ) ;
#203 = CARTESIAN_POINT ( 'NONE',  ( -19.00000000000025580, 8.000000000000000000, 17.89999999999973568 ) ) ;
#204 = CARTESIAN_POINT ( 'NONE',  ( -0.5000000000000001110, 8.000000000000000000, 11.73935688187389204 ) ) ;
#205 = ORIENTED_EDGE ( 'NONE', *, *, #378, .F. ) ;
#206 = ADVANCED_FACE ( 'NONE', ( #1868 ), #246, .F. ) ;
#207 = DIRECTION ( 'NONE',  ( 1.000953870582561391E-14, -0.7071067811865476838, -0.7071067811865474617 ) ) ;
#208 = DIRECTION ( 'NONE',  ( 0.000000000000000000, -0.7071067811865476838, 0.7071067811865474617 ) ) ;
#209 = CARTESIAN_POINT ( 'NONE',  ( -9.000000000000238032, 8.000000000000000000, 14.89248337494185037 ) ) ;
#210 = ORIENTED_EDGE ( 'NONE', *, *, #1283, .F. ) ;
#211 = ADVANCED_FACE ( 'NONE', ( #2822 ), #3774, .T. ) ;
#212 = DIRECTION ( 'NONE',  ( -0.6785983445458492191, -0.6785983445458475538, 0.2810846377148136233 ) ) ;
#213 = VECTOR ( 'NONE', #121, 1000.000000000000000 ) ;
#214 = ORIENTED_EDGE ( 'NONE', *, *, #1564, .T. ) ;
#215 = VERTEX_POINT ( 'NONE', #1143 ) ;
#216 = VERTEX_POINT ( 'NONE', #1540 ) ;
#217 = CARTESIAN_POINT ( 'NONE',  ( 9.000000000000168754, 7.500000000000002665, -14.09248337494185144 ) ) ;
#218 = AXIS2_PLACEMENT_3D ( 'NONE', #4167, #42, #2020 ) ;
#219 = LINE ( 'NONE', #1513, #3695 ) ;
#220 = ORIENTED_EDGE ( 'NONE', *, *, #378, .T. ) ;
#221 = VECTOR ( 'NONE', #1900, 1000.000000000000000 ) ;
#222 = CARTESIAN_POINT ( 'NONE',  ( 0.000000000000000000, 4.000000000000003553, 10.24999999999999467 ) ) ;
#223 = LINE ( 'NONE', #3444, #2352 ) ;
#224 = ADVANCED_FACE ( 'NONE', ( #1161 ), #3410, .T. ) ;
#225 = CARTESIAN_POINT ( 'NONE',  ( 0.4999999999999998890, 7.000000000000000000, -11.36400567581695498 ) ) ;
#226 = ORIENTED_EDGE ( 'NONE', *, *, #3107, .F. ) ;
#227 = CARTESIAN_POINT ( 'NONE',  ( 0.4999999999999998890, 7.499999999999992895, 14.60440660437519256 ) ) ;
#228 = CARTESIAN_POINT ( 'NONE',  ( -3.035398026413988148, 7.500000000000000888, -15.24274653144697744 ) ) ;
#229 = VECTOR ( 'NONE', #447, 1000.000000000000114 ) ;
#230 = CARTESIAN_POINT ( 'NONE',  ( 15.25876562139309911, 6.764846845347356030, -15.56804250320749894 ) ) ;
#231 = ORIENTED_EDGE ( 'NONE', *, *, #1564, .F. ) ;
#232 = VECTOR ( 'NONE', #4143, 1000.000000000000000 ) ;
#233 = DIRECTION ( 'NONE',  ( 3.469446951953614189E-15, 0.000000000000000000, 1.000000000000000000 ) ) ;
#234 = CARTESIAN_POINT ( 'NONE',  ( -13.06666666666695598, 6.505213034913026604E-16, 17.99999999999981881 ) ) ;
#235 = ORIENTED_EDGE ( 'NONE', *, *, #3558, .F. ) ;
#236 = ORIENTED_EDGE ( 'NONE', *, *, #2290, .F. ) ;
#237 = CARTESIAN_POINT ( 'NONE',  ( -19.00000000000023448, 7.499999999999993783, 14.89248337494178109 ) ) ;
#238 = DIRECTION ( 'NONE',  ( -0.7071067811865499042, 0.000000000000000000, 0.7071067811865451302 ) ) ;
#239 = EDGE_CURVE ( 'NONE', #2083, #978, #4105, .T. ) ;
#240 = VERTEX_POINT ( 'NONE', #3471 ) ;
#241 = LINE ( 'NONE', #1261, #2915 ) ;
#242 = DIRECTION ( 'NONE',  ( -1.000000000000000000, -0.000000000000000000, -6.938893903907233111E-15 ) ) ;
#243 = LINE ( 'NONE', #2819, #1381 ) ;
#244 = CC_DESIGN_APPROVAL ( #1290, ( #3837 ) ) ;
#245 = ORIENTED_EDGE ( 'NONE', *, *, #1201, .T. ) ;
#246 = PLANE ( 'NONE',  #4074 ) ;
#247 = CARTESIAN_POINT ( 'NONE',  ( -18.49999999999981526, 7.500000000000007994, -18.74999999999993250 ) ) ;
#248 = DIRECTION ( 'NONE',  ( 0.4264014327112237712, 0.6396021490668334364, -0.6396021490668272191 ) ) ;
#249 = EDGE_LOOP ( 'NONE', ( #2524, #463, #4145, #2052 ) ) ;
#250 = EDGE_CURVE ( 'NONE', #1627, #2110, #1821, .T. ) ;
#251 = PLANE ( 'NONE',  #2982 ) ;
#252 = DIRECTION ( 'NONE',  ( 0.000000000000000000, 1.000000000000000000, 0.000000000000000000 ) ) ;
#253 = ORIENTED_EDGE ( 'NONE', *, *, #1077, .T. ) ;
#254 = ORIENTED_EDGE ( 'NONE', *, *, #2694, .T. ) ;
#255 = VECTOR ( 'NONE', #3112, 1000.000000000000000 ) ;
#256 = ORIENTED_EDGE ( 'NONE', *, *, #2070, .T. ) ;
#257 = EDGE_CURVE ( 'NONE', #20, #4023, #585, .T. ) ;
#258 = LINE ( 'NONE', #1258, #3255 ) ;
#259 = VECTOR ( 'NONE', #94, 999.9999999999998863 ) ;
#260 = DIRECTION ( 'NONE',  ( -1.000953870582561707E-14, 0.7071067811865474617, 0.7071067811865476838 ) ) ;
#261 = VERTEX_POINT ( 'NONE', #2840 ) ;
#262 = VECTOR ( 'NONE', #3993, 1000.000000000000000 ) ;
#263 = CARTESIAN_POINT ( 'NONE',  ( 18.99999999999977618, 0.4999999999999890643, 17.79289321881372743 ) ) ;
#264 = CARTESIAN_POINT ( 'NONE',  ( -19.00000000000078515, 0.000000000000000000, 17.99999999999972999 ) ) ;
#265 = EDGE_CURVE ( 'NONE', #3157, #3256, #1251, .T. ) ;
#266 = DIRECTION ( 'NONE',  ( 0.4186630288886293294, 0.6560061903563535468, -0.6279945433329356952 ) ) ;
#267 = ORIENTED_EDGE ( 'NONE', *, *, #16, .F. ) ;
#268 = DIRECTION ( 'NONE',  ( 0.000000000000000000, 1.000000000000000000, 0.000000000000000000 ) ) ;
#269 = DIRECTION ( 'NONE',  ( 0.000000000000000000, 0.7071067811865500152, 0.7071067811865451302 ) ) ;
#270 = ADVANCED_FACE ( 'NONE', ( #2431 ), #2776, .T. ) ;
#271 = VERTEX_POINT ( 'NONE', #4087 ) ;
#272 = CARTESIAN_POINT ( 'NONE',  ( -19.00000000000027711, 0.000000000000000000, -18.00000000000026645 ) ) ;
#273 = CARTESIAN_POINT ( 'NONE',  ( 8.986538101553502855, 8.000000000000000000, -13.59248337494185499 ) ) ;
#274 = VERTEX_POINT ( 'NONE', #3427 ) ;
#275 = ORIENTED_EDGE ( 'NONE', *, *, #3028, .F. ) ;
#276 = EDGE_CURVE ( 'NONE', #999, #2144, #3708, .T. ) ;
#277 = DIRECTION ( 'NONE',  ( -0.000000000000000000, -0.000000000000000000, -1.000000000000000000 ) ) ;
#278 = LINE ( 'NONE', #3501, #1890 ) ;
#279 = VERTEX_POINT ( 'NONE', #822 ) ;
#280 = CARTESIAN_POINT ( 'NONE',  ( -9.000000000000232703, 5.594744111674231135, 14.09248337494184966 ) ) ;
#281 = DIRECTION ( 'NONE',  ( -6.938893903907227589E-15, 0.000000000000000000, 1.000000000000000000 ) ) ;
#282 = B_SPLINE_CURVE_WITH_KNOTS ( 'NONE', 3,
 ( #1186, #1562, #3117, #1888 ),
 .UNSPECIFIED., .F., .F.,
 ( 4, 4 ),
 ( 0.02513447477324687318, 0.02620259862815929597 ),
 .UNSPECIFIED. ) ;
#283 = CYLINDRICAL_SURFACE ( 'NONE', #703, 1.499999999999997780 ) ;
#284 = VERTEX_POINT ( 'NONE', #227 ) ;
#285 = VECTOR ( 'NONE', #1080, 1000.000000000000000 ) ;
#286 = VECTOR ( 'NONE', #1600, 1000.000000000000114 ) ;
#287 = VECTOR ( 'NONE', #1605, 1000.000000000000000 ) ;
#288 = DIRECTION ( 'NONE',  ( -0.000000000000000000, 0.000000000000000000, -1.000000000000000000 ) ) ;
#289 = CARTESIAN_POINT ( 'NONE',  ( 15.00000000000025935, 8.000000000000000000, -17.89999999999976765 ) ) ;
#290 = AXIS2_PLACEMENT_3D ( 'NONE', #1850, #4017, #3123 ) ;
#291 = VECTOR ( 'NONE', #3373, 1000.000000000000000 ) ;
#292 = EDGE_CURVE ( 'NONE', #1486, #3893, #1520, .T. ) ;
#293 = VERTEX_POINT ( 'NONE', #2802 ) ;
#294 = DIRECTION ( 'NONE',  ( 1.000000000000000000, -0.000000000000000000, 1.415562539087702249E-14 ) ) ;
#295 = CARTESIAN_POINT ( 'NONE',  ( -18.50000000000005329, -8.131516293641283255E-16, -1.080686923497566372E-13 ) ) ;
#296 = AXIS2_PLACEMENT_3D ( 'NONE', #479, #1370, #1115 ) ;
#297 = DIRECTION ( 'NONE',  ( -0.5773502691896231775, -0.5773502691896271743, -0.5773502691896271743 ) ) ;
#298 = VERTEX_POINT ( 'NONE', #1805 ) ;
#299 = ORIENTED_EDGE ( 'NONE', *, *, #125, .F. ) ;
#300 = CIRCLE ( 'NONE', #1931, 1.499999999999997780 ) ;
#301 = VECTOR ( 'NONE', #2169, 1000.000000000000000 ) ;
#302 = LINE ( 'NONE', #1553, #286 ) ;
#303 = LINE ( 'NONE', #3826, #3625 ) ;
#304 = ORIENTED_EDGE ( 'NONE', *, *, #865, .F. ) ;
#305 = CARTESIAN_POINT ( 'NONE',  ( 15.44568322948032169, 5.594744111674231135, -14.09248337494180703 ) ) ;
#306 = EDGE_CURVE ( 'NONE', #2334, #3372, #2496, .T. ) ;
#307 = LINE ( 'NONE', #2566, #3899 ) ;
#308 = CARTESIAN_POINT ( 'NONE',  ( 3.035398026413986372, 8.000000000000000000, 15.24274653144697744 ) ) ;
#309 = EDGE_LOOP ( 'NONE', ( #2219, #3568, #3809 ) ) ;
#310 = CARTESIAN_POINT ( 'NONE',  ( -3.062355534902891030, 7.500000000000000888, -14.74248337494193173 ) ) ;
#311 = CARTESIAN_POINT ( 'NONE',  ( -12.55431677052018102, 5.594744111674231135, 14.09248337494182479 ) ) ;
#312 = ORIENTED_EDGE ( 'NONE', *, *, #3639, .F. ) ;
#313 = APPROVAL_PERSON_ORGANIZATION ( #2963, #3599, #1368 ) ;
#314 = ADVANCED_FACE ( 'NONE', ( #3834 ), #3533, .F. ) ;
#315 = FACE_OUTER_BOUND ( 'NONE', #2372, .T. ) ;
#316 = LINE ( 'NONE', #2558, #634 ) ;
#317 = CARTESIAN_POINT ( 'NONE',  ( 9.000000000000230926, 7.500000000000003553, -14.09248337494185144 ) ) ;
#318 = ORIENTED_EDGE ( 'NONE', *, *, #2549, .T. ) ;
#319 = EDGE_LOOP ( 'NONE', ( #1188, #3804, #4166, #1366, #1841 ) ) ;
#320 = ADVANCED_FACE ( 'NONE', ( #10 ), #1994, .F. ) ;
#321 = CARTESIAN_POINT ( 'NONE',  ( 12.43024998587389618, 7.663055699907832974, -13.92942767503400425 ) ) ;
#322 = ADVANCED_FACE ( 'NONE', ( #3576 ), #1586, .F. ) ;
#323 = DIRECTION ( 'NONE',  ( 0.03804841776769445072, -0.7071067811865467956, -0.7060823733144568903 ) ) ;
#324 = ORIENTED_EDGE ( 'NONE', *, *, #1468, .T. ) ;
#325 = PLANE ( 'NONE',  #525 ) ;
#326 = CARTESIAN_POINT ( 'NONE',  ( 15.68153659283859369, 7.830291261162448890, -13.76219211377936702 ) ) ;
#327 = CARTESIAN_POINT ( 'NONE',  ( -3.035398026413988148, 7.500000000000000888, -15.74373548643533205 ) ) ;
#328 = EDGE_LOOP ( 'NONE', ( #3818, #1307, #2902, #3318, #3301, #1205, #2443, #1826 ) ) ;
#329 = VECTOR ( 'NONE', #3960, 1000.000000000000000 ) ;
#330 = EDGE_CURVE ( 'NONE', #2062, #2252, #3223, .T. ) ;
#331 = DIRECTION ( 'NONE',  ( -0.5547001962252341434, 0.000000000000000000, 0.8320502943378402794 ) ) ;
#332 = PLANE ( 'NONE',  #97 ) ;
#333 = CARTESIAN_POINT ( 'NONE',  ( -3.089259829119846756, -8.131516293641283255E-16, -14.24320774069498796 ) ) ;
#334 = ADVANCED_FACE ( 'NONE', ( #2861 ), #332, .F. ) ;
#335 = ORIENTED_EDGE ( 'NONE', *, *, #3441, .F. ) ;
#336 = DIRECTION ( 'NONE',  ( 1.000000000000000000, 0.000000000000000000, 6.938893903907233111E-15 ) ) ;
#337 = FACE_OUTER_BOUND ( 'NONE', #3133, .T. ) ;
#338 = ORIENTED_EDGE ( 'NONE', *, *, #536, .F. ) ;
#339 = ORIENTED_EDGE ( 'NONE', *, *, #3209, .F. ) ;
#340 = ADVANCED_FACE ( 'NONE', ( #3901 ), #672, .F. ) ;
#341 = CARTESIAN_POINT ( 'NONE',  ( 12.55431677052014727, 7.500000000000008882, -14.09248337494182657 ) ) ;
#342 = PLANE ( 'NONE',  #1487 ) ;
#343 = DIRECTION ( 'NONE',  ( 0.5547001962252341434, 0.000000000000000000, -0.8320502943378403904 ) ) ;
#344 = EDGE_LOOP ( 'NONE', ( #4112, #3342, #414, #104 ) ) ;
#345 = EDGE_CURVE ( 'NONE', #3446, #3813, #3880, .T. ) ;
#346 =( NAMED_UNIT ( * ) SI_UNIT ( $, .STERADIAN. ) SOLID_ANGLE_UNIT ( ) );
#347 = CARTESIAN_POINT ( 'NONE',  ( 10.00000000000026823, 8.000000000000000000, -19.39999999999979963 ) ) ;
#348 = CARTESIAN_POINT ( 'NONE',  ( -18.50000000000023093, 0.5000000000000029976, 14.89248337494178465 ) ) ;
#349 = DIRECTION ( 'NONE',  ( -0.7071067811865390240, -0.5000000000000013323, -0.5000000000000108802 ) ) ;
#350 = ORIENTED_EDGE ( 'NONE', *, *, #3453, .F. ) ;
#351 = DIRECTION ( 'NONE',  ( 0.000000000000000000, -1.000000000000000000, 0.000000000000000000 ) ) ;
#352 = EDGE_CURVE ( 'NONE', #2303, #2583, #376, .T. ) ;
#353 = DIRECTION ( 'NONE',  ( 0.000000000000000000, -0.7071067811865476838, 0.7071067811865474617 ) ) ;
#354 = PLANE ( 'NONE',  #3331 ) ;
#355 = VECTOR ( 'NONE', #336, 1000.000000000000000 ) ;
#356 = VERTEX_POINT ( 'NONE', #1267 ) ;
#357 = VECTOR ( 'NONE', #519, 999.9999999999998863 ) ;
#358 = LINE ( 'NONE', #969, #3997 ) ;
#359 = LINE ( 'NONE', #3925, #3735 ) ;
#360 = ORIENTED_EDGE ( 'NONE', *, *, #1045, .T. ) ;
#361 = ORIENTED_EDGE ( 'NONE', *, *, #2267, .T. ) ;
#362 = LINE ( 'NONE', #2390, #4131 ) ;
#363 = CARTESIAN_POINT ( 'NONE',  ( 18.99999999999976907, 0.7499999999998610001, 18.75000000000013145 ) ) ;
#364 = AXIS2_PLACEMENT_3D ( 'NONE', #3816, #2516, #208 ) ;
#365 = DIRECTION ( 'NONE',  ( 0.5773502691896355010, 0.5773502691896224004, -0.5773502691896194028 ) ) ;
#366 = EDGE_LOOP ( 'NONE', ( #1798, #494, #3772, #1065 ) ) ;
#367 = VECTOR ( 'NONE', #1613, 1000.000000000000000 ) ;
#368 = AXIS2_PLACEMENT_3D ( 'NONE', #3617, #73, #2015 ) ;
#369 = COORDINATED_UNIVERSAL_TIME_OFFSET ( 1, 0, .AHEAD. ) ;
#370 = FACE_OUTER_BOUND ( 'NONE', #3978, .T. ) ;
#371 = DIRECTION ( 'NONE',  ( -0.04996154958886049602, 0.7071067811865475727, 0.7053395236073758401 ) ) ;
#372 = EDGE_CURVE ( 'NONE', #999, #979, #4122, .T. ) ;
#373 = CARTESIAN_POINT ( 'NONE',  ( 0.000000000000000000, 0.4999999999999935052, 0.000000000000000000 ) ) ;
#374 = ORIENTED_EDGE ( 'NONE', *, *, #2070, .F. ) ;
#375 = CARTESIAN_POINT ( 'NONE',  ( 14.00000000000022737, 7.500000000000000000, -12.99248337494180916 ) ) ;
#376 = LINE ( 'NONE', #925, #232 ) ;
#377 = DIRECTION ( 'NONE',  ( 0.8320502943378403904, 0.000000000000000000, 0.5547001962252341434 ) ) ;
#378 = EDGE_CURVE ( 'NONE', #1759, #3458, #2536, .T. ) ;
#379 = ORIENTED_EDGE ( 'NONE', *, *, #2341, .F. ) ;
#380 = CARTESIAN_POINT ( 'NONE',  ( 9.000000000000259348, 0.000000000000000000, -17.89999999999980673 ) ) ;
#381 = DIRECTION ( 'NONE',  ( 0.000000000000000000, -1.000000000000000000, 0.000000000000000000 ) ) ;
#382 = VERTEX_POINT ( 'NONE', #2283 ) ;
#383 = EDGE_LOOP ( 'NONE', ( #2028, #324, #2562 ) ) ;
#384 = EDGE_CURVE ( 'NONE', #3061, #2, #2552, .T. ) ;
#385 = EDGE_CURVE ( 'NONE', #2706, #2765, #3203, .T. ) ;
#386 = CARTESIAN_POINT ( 'NONE',  ( 1.316495309083404618E-15, 0.000000000000000000, 10.75000000000000000 ) ) ;
#387 = CARTESIAN_POINT ( 'NONE',  ( 14.00000000000023803, 7.500000000000000000, -14.49248337494183581 ) ) ;
#388 = VERTEX_POINT ( 'NONE', #310 ) ;
#389 = EDGE_CURVE ( 'NONE', #1692, #1386, #2612, .T. ) ;
#390 = DIRECTION ( 'NONE',  ( 1.000000000000000000, -0.000000000000000000, 6.938893903907229955E-15 ) ) ;
#391 = DIRECTION ( 'NONE',  ( -0.7071067811865511255, 2.775557561562891967E-17, 0.7071067811865440200 ) ) ;
#392 = LINE ( 'NONE', #3680, #2131 ) ;
#393 = CARTESIAN_POINT ( 'NONE',  ( 15.44568322948033945, 5.594744111674245346, -14.89248337494180596 ) ) ;
#394 = ORIENTED_EDGE ( 'NONE', *, *, #927, .T. ) ;
#395 = VECTOR ( 'NONE', #4118, 1000.000000000000000 ) ;
#396 = DIRECTION ( 'NONE',  ( -0.000000000000000000, -1.000000000000000000, -0.000000000000000000 ) ) ;
#397 = LINE ( 'NONE', #120, #2854 ) ;
#398 = FACE_OUTER_BOUND ( 'NONE', #1545, .T. ) ;
#399 = VECTOR ( 'NONE', #435, 1000.000000000000000 ) ;
#400 = VERTEX_POINT ( 'NONE', #2259 ) ;
#401 = EDGE_CURVE ( 'NONE', #1317, #3046, #3488, .T. ) ;
#402 = VECTOR ( 'NONE', #3415, 1000.000000000000000 ) ;
#403 = PLANE ( 'NONE',  #1303 ) ;
#404 = CARTESIAN_POINT ( 'NONE',  ( 12.55431677052014727, 5.594744111674231135, -14.09248337494182657 ) ) ;
#405 = ORIENTED_EDGE ( 'NONE', *, *, #2578, .T. ) ;
#406 = ORIENTED_EDGE ( 'NONE', *, *, #838, .F. ) ;
#407 = DIRECTION ( 'NONE',  ( -0.9975007203633287078, 0.000000000000000000, -0.07065630102574230187 ) ) ;
#408 = DIRECTION ( 'NONE',  ( -0.5547001962252341434, 0.000000000000000000, 0.8320502943378402794 ) ) ;
#409 = ORIENTED_EDGE ( 'NONE', *, *, #1891, .F. ) ;
#410 = ORIENTED_EDGE ( 'NONE', *, *, #3332, .F. ) ;
#411 = DIRECTION ( 'NONE',  ( 0.9985512684938866457, -0.000000000000000000, 0.05380858843391072427 ) ) ;
#412 = DIRECTION ( 'NONE',  ( -0.04996154958885968417, -0.7071067811865425767, 0.7053395236073808361 ) ) ;
#413 = CARTESIAN_POINT ( 'NONE',  ( -18.75000000000023448, 0.2500000000000004996, 15.39248337494178998 ) ) ;
#414 = ORIENTED_EDGE ( 'NONE', *, *, #2794, .F. ) ;
#415 = FACE_OUTER_BOUND ( 'NONE', #3926, .T. ) ;
#416 = DIRECTION ( 'NONE',  ( 1.000953870582561391E-14, -0.7071067811865476838, -0.7071067811865474617 ) ) ;
#417 = CONICAL_SURFACE ( 'NONE', #2379, 1.499999999999996225, 0.7853981633974447263 ) ;
#418 = LINE ( 'NONE', #2346, #213 ) ;
#419 = EDGE_LOOP ( 'NONE', ( #3225, #1453, #769 ) ) ;
#420 = FACE_OUTER_BOUND ( 'NONE', #3316, .T. ) ;
#421 = DIRECTION ( 'NONE',  ( 0.000000000000000000, 0.000000000000000000, -1.000000000000000000 ) ) ;
#422 = EDGE_CURVE ( 'NONE', #3502, #938, #1608, .T. ) ;
#423 = ORIENTED_EDGE ( 'NONE', *, *, #1516, .F. ) ;
#424 = ORIENTED_EDGE ( 'NONE', *, *, #22, .F. ) ;
#425 = VECTOR ( 'NONE', #3369, 1000.000000000000000 ) ;
#426 = VECTOR ( 'NONE', #3077, 1000.000000000000000 ) ;
#427 = LINE ( 'NONE', #2007, #3699 ) ;
#428 = CARTESIAN_POINT ( 'NONE',  ( 18.50000000000023448, 8.000000000000000000, -14.09248337494178571 ) ) ;
#429 = VERTEX_POINT ( 'NONE', #3855 ) ;
#430 = VECTOR ( 'NONE', #91, 1000.000000000000000 ) ;
#431 = ORIENTED_EDGE ( 'NONE', *, *, #3711, .T. ) ;
#432 = AXIS2_PLACEMENT_3D ( 'NONE', #3353, #146, #1447 ) ;
#433 = DIRECTION ( 'NONE',  ( 0.9975007203633287078, 0.000000000000000000, 0.07065630102574244065 ) ) ;
#434 = CARTESIAN_POINT ( 'NONE',  ( 14.00000000000022737, 7.500000000000000000, -12.99248337494180916 ) ) ;
#435 = DIRECTION ( 'NONE',  ( 0.000000000000000000, -1.000000000000000000, 0.000000000000000000 ) ) ;
#436 = VERTEX_POINT ( 'NONE', #1971 ) ;
#437 = VECTOR ( 'NONE', #1037, 1000.000000000000114 ) ;
#438 = VECTOR ( 'NONE', #1246, 1000.000000000000114 ) ;
#439 = VECTOR ( 'NONE', #56, 1000.000000000000000 ) ;
#440 = EDGE_CURVE ( 'NONE', #1680, #684, #963, .T. ) ;
#441 = CARTESIAN_POINT ( 'NONE',  ( -12.00000000000027001, 8.000000000000000000, 19.39999999999978542 ) ) ;
#442 = CARTESIAN_POINT ( 'NONE',  ( -19.00000000000025580, 7.499999999999993783, 17.89999999999973568 ) ) ;
#443 = AXIS2_PLACEMENT_3D ( 'NONE', #2478, #869, #3082 ) ;
#444 = CARTESIAN_POINT ( 'NONE',  ( -3.000000000000065281, 7.500000000000008882, -18.74999999999988987 ) ) ;
#445 = AXIS2_PLACEMENT_3D ( 'NONE', #1874, #3146, #532 ) ;
#446 = ORIENTED_EDGE ( 'NONE', *, *, #4044, .F. ) ;
#447 = DIRECTION ( 'NONE',  ( 0.5547001962252341434, 0.000000000000000000, -0.8320502943378402794 ) ) ;
#448 = CARTESIAN_POINT ( 'NONE',  ( 16.00000000000026645, 8.000000000000000000, -19.39999999999976055 ) ) ;
#449 = CARTESIAN_POINT ( 'NONE',  ( 9.000000000000236255, 0.4999999999999961142, -14.89248337494185215 ) ) ;
#450 = EDGE_LOOP ( 'NONE', ( #1474, #1011, #1748, #3742 ) ) ;
#451 = ORIENTED_EDGE ( 'NONE', *, *, #3040, .F. ) ;
#452 = EDGE_CURVE ( 'NONE', #3105, #1627, #1073, .T. ) ;
#453 = CARTESIAN_POINT ( 'NONE',  ( 10.93333333333355206, 8.673617379884035472E-16, -17.99999999999984368 ) ) ;
#454 = DIRECTION ( 'NONE',  ( 0.000000000000000000, 1.000000000000000000, 0.000000000000000000 ) ) ;
#455 = ORIENTED_EDGE ( 'NONE', *, *, #3261, .T. ) ;
#456 = EDGE_LOOP ( 'NONE', ( #934, #108, #2500, #1469 ) ) ;
#457 = ADVANCED_FACE ( 'NONE', ( #755 ), #2651, .T. ) ;
#458 = CARTESIAN_POINT ( 'NONE',  ( -18.00000000000027356, 8.000000000000000000, 19.39999999999974278 ) ) ;
#459 = EDGE_CURVE ( 'NONE', #2416, #1733, #2077, .T. ) ;
#460 = APPLICATION_CONTEXT ( 'configuration controlled 3d designs of mechanical parts and assemblies' ) ;
#461 = CARTESIAN_POINT ( 'NONE',  ( 13.00000000000025935, 8.000000000000000000, -17.89999999999977831 ) ) ;
#462 = DIRECTION ( 'NONE',  ( -0.7071067811865483499, 0.7071067811865467956, -3.289580735859875314E-15 ) ) ;
#463 = ORIENTED_EDGE ( 'NONE', *, *, #679, .F. ) ;
#464 = CARTESIAN_POINT ( 'NONE',  ( -2.964671849486888444, -8.131516293641283255E-16, -16.24123373512358626 ) ) ;
#465 = CARTESIAN_POINT ( 'NONE',  ( -15.44568322948038031, 7.500000000000008882, 14.09248337494180525 ) ) ;
#466 = DIRECTION ( 'NONE',  ( -1.000000000000000000, -0.000000000000000000, -1.517883041479734607E-14 ) ) ;
#467 = ADVANCED_FACE ( 'NONE', ( #3012 ), #1716, .F. ) ;
#468 = VERTEX_POINT ( 'NONE', #2366 ) ;
#469 = CARTESIAN_POINT ( 'NONE',  ( -12.55431677052020234, 5.594744111674238241, 14.89248337494182550 ) ) ;
#470 = CARTESIAN_POINT ( 'NONE',  ( -3.035398026413988148, 0.4999999999999961142, -15.74373548643533205 ) ) ;
#471 = EDGE_LOOP ( 'NONE', ( #2043, #2782, #2453, #45 ) ) ;
#472 = VECTOR ( 'NONE', #2642, 1000.000000000000000 ) ;
#473 = PERSON_AND_ORGANIZATION_ROLE ( 'design_owner' ) ;
#474 = CARTESIAN_POINT ( 'NONE',  ( 15.68153659283862211, 7.830291261162443561, -15.22277463610424775 ) ) ;
#475 = PLANE ( 'NONE',  #3295 ) ;
#476 = ORIENTED_EDGE ( 'NONE', *, *, #1337, .T. ) ;
#477 = ORIENTED_EDGE ( 'NONE', *, *, #3115, .T. ) ;
#478 = DIRECTION ( 'NONE',  ( 0.5547001962252242624, 0.000000000000000000, 0.8320502943378468297 ) ) ;
#479 = CARTESIAN_POINT ( 'NONE',  ( 18.00000000000027001, 8.000000000000000000, -19.39999999999974634 ) ) ;
#480 = DIRECTION ( 'NONE',  ( -0.4850712500726597765, -0.4850712500726631626, -0.7276068751090050135 ) ) ;
#481 = ADVANCED_FACE ( 'NONE', ( #3307 ), #718, .F. ) ;
#482 = LINE ( 'NONE', #2691, #4000 ) ;
#483 = DIRECTION ( 'NONE',  ( 0.000000000000000000, 0.000000000000000000, 1.000000000000000000 ) ) ;
#484 = DIRECTION ( 'NONE',  ( 4.906538933386805131E-15, -0.7071067811865469066, -0.7071067811865482389 ) ) ;
#485 = VERTEX_POINT ( 'NONE', #465 ) ;
#486 = EDGE_CURVE ( 'NONE', #3517, #747, #397, .T. ) ;
#487 = CARTESIAN_POINT ( 'NONE',  ( 19.00000000000023803, 7.500000000000000888, -14.89248337494178287 ) ) ;
#488 = CARTESIAN_POINT ( 'NONE',  ( 0.5000000000000000000, 7.430961687271341098, 14.67354508019205994 ) ) ;
#489 = ORIENTED_EDGE ( 'NONE', *, *, #3014, .T. ) ;
#490 = CARTESIAN_POINT ( 'NONE',  ( 19.00000000000025580, 0.4999999999999961142, -17.89999999999973568 ) ) ;
#491 = ORIENTED_EDGE ( 'NONE', *, *, #2672, .T. ) ;
#492 = ORIENTED_EDGE ( 'NONE', *, *, #2389, .T. ) ;
#493 = AXIS2_PLACEMENT_3D ( 'NONE', #3122, #3840, #2226 ) ;
#494 = ORIENTED_EDGE ( 'NONE', *, *, #1237, .F. ) ;
#495 = AXIS2_PLACEMENT_3D ( 'NONE', #2944, #687, #3505 ) ;
#496 = CARTESIAN_POINT ( 'NONE',  ( -3.062355534902891030, 8.000000000000000000, -14.74248337494193173 ) ) ;
#497 = DIRECTION ( 'NONE',  ( 0.000000000000000000, -0.7071067811865476838, 0.7071067811865474617 ) ) ;
#498 = ORIENTED_EDGE ( 'NONE', *, *, #1771, .F. ) ;
#499 = CARTESIAN_POINT ( 'NONE',  ( 19.00000000000023803, 7.500000000000000888, -14.89248337494178287 ) ) ;
#500 = ADVANCED_FACE ( 'NONE', ( #1054 ), #1695, .T. ) ;
#501 = CARTESIAN_POINT ( 'NONE',  ( -3.035398026413988148, 8.000000000000000000, -15.24274653144697744 ) ) ;
#502 = LINE ( 'NONE', #1204, #426 ) ;
#503 = AXIS2_PLACEMENT_3D ( 'NONE', #3841, #1315, #3183 ) ;
#504 = VECTOR ( 'NONE', #1288, 1000.000000000000000 ) ;
#505 = VECTOR ( 'NONE', #147, 1000.000000000000000 ) ;
#506 = AXIS2_PLACEMENT_3D ( 'NONE', #1122, #3287, #2411 ) ;
#507 = DIRECTION ( 'NONE',  ( 0.000000000000000000, -0.000000000000000000, 1.000000000000000000 ) ) ;
#508 = LINE ( 'NONE', #1744, #2064 ) ;
#509 = DIRECTION ( 'NONE',  ( -0.5547001962252341434, 0.000000000000000000, 0.8320502943378403904 ) ) ;
#510 = EDGE_LOOP ( 'NONE', ( #3854, #3352, #2395, #1528 ) ) ;
#511 = CARTESIAN_POINT ( 'NONE',  ( -0.5000000000000001110, 8.000000000000000000, -11.73935688187389204 ) ) ;
#512 = VERTEX_POINT ( 'NONE', #3037 ) ;
#513 = ORIENTED_EDGE ( 'NONE', *, *, #2586, .T. ) ;
#514 = EDGE_CURVE ( 'NONE', #2503, #3492, #3662, .T. ) ;
#515 = ORIENTED_EDGE ( 'NONE', *, *, #1226, .F. ) ;
#516 = CARTESIAN_POINT ( 'NONE',  ( 18.50000000000023448, 1.263116316342544946E-16, -13.59248337494179637 ) ) ;
#517 = LINE ( 'NONE', #1815, #3974 ) ;
#518 = ORIENTED_EDGE ( 'NONE', *, *, #3383, .F. ) ;
#519 = DIRECTION ( 'NONE',  ( -0.000000000000000000, -0.7065940203127618613, -0.7076191704993923803 ) ) ;
#520 = LINE ( 'NONE', #3424, #867 ) ;
#521 = DIRECTION ( 'NONE',  ( -1.000000000000000000, 0.000000000000000000, -6.938893903907229955E-15 ) ) ;
#522 = ORIENTED_EDGE ( 'NONE', *, *, #2864, .F. ) ;
#523 = EDGE_CURVE ( 'NONE', #1707, #757, #1424, .T. ) ;
#524 = CARTESIAN_POINT ( 'NONE',  ( -18.50000000000023448, 7.750000000000006217, 13.84248337494178749 ) ) ;
#525 = AXIS2_PLACEMENT_3D ( 'NONE', #264, #1557, #3154 ) ;
#526 = CARTESIAN_POINT ( 'NONE',  ( -18.50000000000023448, 7.500000000000008882, 14.09248337494178394 ) ) ;
#527 = PLANE ( 'NONE',  #1046 ) ;
#528 = ADVANCED_FACE ( 'NONE', ( #2970 ), #3524, .F. ) ;
#529 = ORIENTED_EDGE ( 'NONE', *, *, #865, .T. ) ;
#530 = EDGE_CURVE ( 'NONE', #3696, #2147, #781, .T. ) ;
#531 = DIRECTION ( 'NONE',  ( -0.000000000000000000, 1.000000000000000000, -0.000000000000000000 ) ) ;
#532 = DIRECTION ( 'NONE',  ( -5.767959723060150017E-15, 0.000000000000000000, 1.000000000000000000 ) ) ;
#533 = AXIS2_PLACEMENT_3D ( 'NONE', #2851, #365, #1665 ) ;
#534 = EDGE_LOOP ( 'NONE', ( #2852, #2130, #1858, #1942, #4113, #214, #1335, #793 ) ) ;
#535 = ORIENTED_EDGE ( 'NONE', *, *, #2325, .F. ) ;
#536 = EDGE_CURVE ( 'NONE', #4116, #999, #55, .T. ) ;
#537 = VECTOR ( 'NONE', #1063, 1000.000000000000000 ) ;
#538 = DIRECTION ( 'NONE',  ( 0.02500421070870948240, 0.7068857013148687196, -0.7068857013148734936 ) ) ;
#539 = CC_DESIGN_DATE_AND_TIME_ASSIGNMENT ( #2278, #3590, ( #3837 ) ) ;
#540 = PLANE ( 'NONE',  #804 ) ;
#541 = VERTEX_POINT ( 'NONE', #442 ) ;
#542 = DIRECTION ( 'NONE',  ( -0.5547001962252341434, 0.000000000000000000, 0.8320502943378402794 ) ) ;
#543 = CARTESIAN_POINT ( 'NONE',  ( -12.55431677052020234, 7.499999999999993783, 14.89248337494182550 ) ) ;
#544 = ORIENTED_EDGE ( 'NONE', *, *, #536, .T. ) ;
#545 = CARTESIAN_POINT ( 'NONE',  ( -10.25000000000010303, -8.131516293641283255E-16, 15.39248337494184860 ) ) ;
#546 = DIRECTION ( 'NONE',  ( 4.903554850278056596E-15, -0.7071067811865493491, -0.7071067811865456854 ) ) ;
#547 = CARTESIAN_POINT ( 'NONE',  ( -0.5000000000000001110, 7.000000000000000000, -14.60440660437519256 ) ) ;
#548 = ORIENTED_EDGE ( 'NONE', *, *, #1057, .F. ) ;
#549 = EDGE_CURVE ( 'NONE', #128, #1216, #101, .T. ) ;
#550 = CARTESIAN_POINT ( 'NONE',  ( 3.017686176606975579, 8.000000000000000000, 18.24999999999989697 ) ) ;
#551 = VECTOR ( 'NONE', #1464, 1000.000000000000000 ) ;
#552 = DIRECTION ( 'NONE',  ( 0.4264014327112180536, -0.6396021490668293286, 0.6396021490668351017 ) ) ;
#553 = ORIENTED_EDGE ( 'NONE', *, *, #3363, .F. ) ;
#554 = ORIENTED_EDGE ( 'NONE', *, *, #1783, .F. ) ;
#555 = CARTESIAN_POINT ( 'NONE',  ( -18.50000000000023448, -8.131516293641283255E-16, 15.39248337494179175 ) ) ;
#556 = VECTOR ( 'NONE', #3454, 1000.000000000000000 ) ;
#557 = EDGE_CURVE ( 'NONE', #436, #1244, #1356, .T. ) ;
#558 = DIRECTION ( 'NONE',  ( 0.9975007203633288189, 0.000000000000000000, 0.07065630102574080307 ) ) ;
#559 = ORIENTED_EDGE ( 'NONE', *, *, #2667, .T. ) ;
#560 = VECTOR ( 'NONE', #542, 1000.000000000000114 ) ;
#561 = DIRECTION ( 'NONE',  ( -1.000000000000000000, 0.000000000000000000, -6.938893903907233111E-15 ) ) ;
#562 =( BOUNDED_CURVE ( )  B_SPLINE_CURVE ( 3, ( #3874, #3528, #3172, #3548 ),
 .UNSPECIFIED., .F., .F. ) 
 B_SPLINE_CURVE_WITH_KNOTS ( ( 4, 4 ),
 ( 4.982321776218075371, 6.283185307179586232 ),
 .UNSPECIFIED. ) 
 CURVE ( )  GEOMETRIC_REPRESENTATION_ITEM ( )  RATIONAL_B_SPLINE_CURVE ( ( 1.000000000000000000, 0.8638816171694774226, 0.8638816171694774226, 1.000000000000000000 ) ) 
 REPRESENTATION_ITEM ( '' )  );
#563 = FACE_OUTER_BOUND ( 'NONE', #3532, .T. ) ;
#564 = DIRECTION ( 'NONE',  ( 0.9975007203633288189, 0.000000000000000000, 0.07065630102574080307 ) ) ;
#565 = ORIENTED_EDGE ( 'NONE', *, *, #1590, .T. ) ;
#566 = DIRECTION ( 'NONE',  ( 1.000000000000000000, 0.000000000000000000, 6.938893903907229955E-15 ) ) ;
#567 = DIRECTION ( 'NONE',  ( 0.4264014327112166103, -0.6396021490668298837, 0.6396021490668356568 ) ) ;
#568 = CARTESIAN_POINT ( 'NONE',  ( -10.24999999999999467, -8.131516293641283255E-16, 0.000000000000000000 ) ) ;
#569 = ORIENTED_EDGE ( 'NONE', *, *, #1164, .T. ) ;
#570 = AXIS2_PLACEMENT_3D ( 'NONE', #1658, #1679, #2041 ) ;
#571 = CARTESIAN_POINT ( 'NONE',  ( 9.000000000000236255, 8.000000000000000000, -14.89248337494185215 ) ) ;
#572 = DIRECTION ( 'NONE',  ( 0.7071067811865481278, 0.7071067811865470176, 9.262558205390933341E-15 ) ) ;
#573 = LINE ( 'NONE', #1489, #1932 ) ;
#574 = ORIENTED_EDGE ( 'NONE', *, *, #4138, .F. ) ;
#575 = EDGE_LOOP ( 'NONE', ( #879, #1753, #2820, #3004, #3909 ) ) ;
#576 = CYLINDRICAL_SURFACE ( 'NONE', #1042, 10.24999999999999467 ) ;
#577 = DIRECTION ( 'NONE',  ( 0.000000000000000000, -1.000000000000000000, 0.000000000000000000 ) ) ;
#578 = VERTEX_POINT ( 'NONE', #3964 ) ;
#579 = EDGE_CURVE ( 'NONE', #1317, #3435, #1032, .T. ) ;
#580 = DIRECTION ( 'NONE',  ( -5.767959723060150017E-15, 0.000000000000000000, 1.000000000000000000 ) ) ;
#581 = ADVANCED_FACE ( 'NONE', ( #1097 ), #2385, .F. ) ;
#582 = FACE_OUTER_BOUND ( 'NONE', #4002, .T. ) ;
#583 = DIRECTION ( 'NONE',  ( 0.000000000000000000, -0.7071067811865476838, 0.7071067811865474617 ) ) ;
#584 = ORIENTED_EDGE ( 'NONE', *, *, #2187, .T. ) ;
#585 = LINE ( 'NONE', #1561, #2593 ) ;
#586 = PLANE ( 'NONE',  #1725 ) ;
#587 = EDGE_CURVE ( 'NONE', #716, #1937, #1818, .T. ) ;
#588 = ORIENTED_EDGE ( 'NONE', *, *, #3499, .T. ) ;
#589 = EDGE_CURVE ( 'NONE', #485, #1340, #223, .T. ) ;
#590 = CARTESIAN_POINT ( 'NONE',  ( -2.999999999999758860, 7.500000000000000888, -15.74248337494192995 ) ) ;
#591 = LINE ( 'NONE', #1934, #2398 ) ;
#592 = FACE_OUTER_BOUND ( 'NONE', #2356, .T. ) ;
#593 = EDGE_LOOP ( 'NONE', ( #2830, #700, #630 ) ) ;
#594 = AXIS2_PLACEMENT_3D ( 'NONE', #2943, #3655, #2686 ) ;
#595 = EDGE_LOOP ( 'NONE', ( #2740, #3607, #893, #2625 ) ) ;
#596 = CARTESIAN_POINT ( 'NONE',  ( -3.062355534902891030, 8.000000000000000000, -14.74248337494193173 ) ) ;
#597 = AXIS2_PLACEMENT_3D ( 'NONE', #428, #3003, #2961 ) ;
#598 = FACE_OUTER_BOUND ( 'NONE', #2170, .T. ) ;
#599 = ORIENTED_EDGE ( 'NONE', *, *, #3493, .T. ) ;
#600 = VECTOR ( 'NONE', #1638, 1000.000000000000000 ) ;
#601 = CARTESIAN_POINT ( 'NONE',  ( 9.000000000000230926, 0.4999999999999891753, -14.09248337494185144 ) ) ;
#602 = DIRECTION ( 'NONE',  ( 0.000000000000000000, -1.000000000000000000, 0.000000000000000000 ) ) ;
#603 = DIRECTION ( 'NONE',  ( 0.000000000000000000, 0.000000000000000000, 1.000000000000000000 ) ) ;
#604 = ADVANCED_FACE ( 'NONE', ( #563 ), #2753, .T. ) ;
#605 = ORIENTED_EDGE ( 'NONE', *, *, #1206, .F. ) ;
#606 = DIRECTION ( 'NONE',  ( 0.000000000000000000, -1.000000000000000000, 0.000000000000000000 ) ) ;
#607 = CARTESIAN_POINT ( 'NONE',  ( -0.5000000000000001110, 7.000000000000000000, -14.60440660437519256 ) ) ;
#608 = EDGE_LOOP ( 'NONE', ( #1724, #231, #3279, #1023 ) ) ;
#609 = DIRECTION ( 'NONE',  ( 0.5547001962252233742, 0.000000000000000000, 0.8320502943378474958 ) ) ;
#610 = CARTESIAN_POINT ( 'NONE',  ( 14.00000000000027001, 8.000000000000000000, -19.39999999999977121 ) ) ;
#611 = CARTESIAN_POINT ( 'NONE',  ( 9.017686176607195847, 8.000000000000000000, -15.39248337494184860 ) ) ;
#612 = ORIENTED_EDGE ( 'NONE', *, *, #3245, .F. ) ;
#613 = VERTEX_POINT ( 'NONE', #2733 ) ;
#614 = ADVANCED_FACE ( 'NONE', ( #1223 ), #802, .F. ) ;
#615 = VECTOR ( 'NONE', #3469, 1000.000000000000000 ) ;
#616 = CARTESIAN_POINT ( 'NONE',  ( -15.20909090909120387, 3.213636363636362070, 21.21363636363614802 ) ) ;
#617 = DIRECTION ( 'NONE',  ( 4.906538933386791720E-15, 0.7071067811865487940, -0.7071067811865462405 ) ) ;
#618 = ORIENTED_EDGE ( 'NONE', *, *, #3762, .F. ) ;
#619 = DIRECTION ( 'NONE',  ( 0.000000000000000000, -1.000000000000000000, 0.000000000000000000 ) ) ;
#620 = CARTESIAN_POINT ( 'NONE',  ( -14.00000000000027356, 7.500000000000000000, 12.99248337494180738 ) ) ;
#621 = VECTOR ( 'NONE', #294, 1000.000000000000000 ) ;
#622 = DIRECTION ( 'NONE',  ( -0.000000000000000000, -1.000000000000000000, -0.000000000000000000 ) ) ;
#623 = VERTEX_POINT ( 'NONE', #3725 ) ;
#624 = AXIS2_PLACEMENT_3D ( 'NONE', #3638, #1672, #100 ) ;
#625 = EDGE_CURVE ( 'NONE', #541, #657, #820, .T. ) ;
#626 = ADVANCED_FACE ( 'NONE', ( #1159 ), #1176, .F. ) ;
#627 = VECTOR ( 'NONE', #564, 1000.000000000000000 ) ;
#628 = CARTESIAN_POINT ( 'NONE',  ( 0.4999999999999998890, 7.000000000000000000, -14.60440660437519256 ) ) ;
#629 = CARTESIAN_POINT ( 'NONE',  ( 0.000000000000000000, 4.000000000000003553, 0.000000000000000000 ) ) ;
#630 = ORIENTED_EDGE ( 'NONE', *, *, #3338, .T. ) ;
#631 = AXIS2_PLACEMENT_3D ( 'NONE', #4020, #794, #1195 ) ;
#632 = FACE_OUTER_BOUND ( 'NONE', #2256, .T. ) ;
#633 = DIRECTION ( 'NONE',  ( 0.5547001962252349205, 0.000000000000000000, -0.8320502943378398353 ) ) ;
#634 = VECTOR ( 'NONE', #3475, 1000.000000000000000 ) ;
#635 = DIRECTION ( 'NONE',  ( 6.921551667672176707E-15, 0.000000000000000000, -1.000000000000000000 ) ) ;
#636 = ORIENTED_EDGE ( 'NONE', *, *, #1836, .T. ) ;
#637 = VECTOR ( 'NONE', #1376, 1000.000000000000000 ) ;
#638 = ORIENTED_EDGE ( 'NONE', *, *, #1443, .T. ) ;
#639 = VECTOR ( 'NONE', #3138, 1000.000000000000000 ) ;
#640 = DIRECTION ( 'NONE',  ( -0.4264014327112237712, 0.6396021490668334364, 0.6396021490668272191 ) ) ;
#641 = ADVANCED_FACE ( 'NONE', ( #2471 ), #3749, .F. ) ;
#642 = ADVANCED_FACE ( 'NONE', ( #1535 ), #2177, .T. ) ;
#643 = DIRECTION ( 'NONE',  ( -1.214242049983205833E-14, -0.7071067811865470176, 0.7071067811865479058 ) ) ;
#644 = ORIENTED_EDGE ( 'NONE', *, *, #2715, .T. ) ;
#645 = COORDINATED_UNIVERSAL_TIME_OFFSET ( 1, 0, .AHEAD. ) ;
#646 = DIRECTION ( 'NONE',  ( 0.000000000000000000, 0.000000000000000000, -1.000000000000000000 ) ) ;
#647 = CARTESIAN_POINT ( 'NONE',  ( -9.000000000000232703, 7.500000000000008882, 14.09248337494184966 ) ) ;
#648 = VERTEX_POINT ( 'NONE', #902 ) ;
#649 = DIRECTION ( 'NONE',  ( 0.9950200867388833137, -0.07048058947732852020, 0.07048058947734255064 ) ) ;
#650 = DIRECTION ( 'NONE',  ( -0.000000000000000000, 1.000000000000000000, -0.000000000000000000 ) ) ;
#651 = EDGE_CURVE ( 'NONE', #2376, #3536, #997, .T. ) ;
#652 = ORIENTED_EDGE ( 'NONE', *, *, #3883, .T. ) ;
#653 = DIRECTION ( 'NONE',  ( 0.000000000000000000, 0.000000000000000000, 1.000000000000000000 ) ) ;
#654 = DIRECTION ( 'NONE',  ( -0.5547001962252242624, 0.000000000000000000, -0.8320502943378468297 ) ) ;
#655 = EDGE_CURVE ( 'NONE', #2683, #2684, #520, .T. ) ;
#656 = ORIENTED_EDGE ( 'NONE', *, *, #195, .F. ) ;
#657 = VERTEX_POINT ( 'NONE', #881 ) ;
#658 = DIRECTION ( 'NONE',  ( -0.000000000000000000, 1.000000000000000000, -0.000000000000000000 ) ) ;
#659 = LINE ( 'NONE', #2622, #2755 ) ;
#660 = VECTOR ( 'NONE', #1262, 1000.000000000000000 ) ;
#661 = CARTESIAN_POINT ( 'NONE',  ( 13.06666666666695242, 4.336808689942017736E-16, -17.99999999999981526 ) ) ;
#662 = ORIENTED_EDGE ( 'NONE', *, *, #1574, .F. ) ;
#663 = EDGE_LOOP ( 'NONE', ( #1038, #66, #2246, #1835 ) ) ;
#664 = EDGE_CURVE ( 'NONE', #856, #1913, #161, .T. ) ;
#665 = APPROVAL_ROLE ( '' ) ;
#666 = CARTESIAN_POINT ( 'NONE',  ( -14.00000000000029488, 7.500000000000000000, 15.99248337494181982 ) ) ;
#667 = LINE ( 'NONE', #3259, #1040 ) ;
#668 = CARTESIAN_POINT ( 'NONE',  ( 3.062355534902889254, 8.000000000000000000, 14.74248337494193173 ) ) ;
#669 = EDGE_LOOP ( 'NONE', ( #2175, #1413, #2546, #339 ) ) ;
#670 = VECTOR ( 'NONE', #3913, 1000.000000000000000 ) ;
#671 = CARTESIAN_POINT ( 'NONE',  ( 13.29905896967304280, 7.499999999999949374, -12.99248337494184291 ) ) ;
#672 = PLANE ( 'NONE',  #1865 ) ;
#673 = LINE ( 'NONE', #964, #4010 ) ;
#674 = ORIENTED_EDGE ( 'NONE', *, *, #3683, .F. ) ;
#675 = CARTESIAN_POINT ( 'NONE',  ( 12.00000000000027001, 8.000000000000000000, -19.39999999999978542 ) ) ;
#676 = CARTESIAN_POINT ( 'NONE',  ( 0.000000000000000000, 4.000000000000003553, 10.24999999999999467 ) ) ;
#677 = ORIENTED_EDGE ( 'NONE', *, *, #892, .F. ) ;
#678 = VERTEX_POINT ( 'NONE', #2157 ) ;
#679 = EDGE_CURVE ( 'NONE', #1244, #1867, #1463, .T. ) ;
#680 = DIRECTION ( 'NONE',  ( -1.000000000000000000, -0.000000000000000000, -6.938893903907227589E-15 ) ) ;
#681 = CARTESIAN_POINT ( 'NONE',  ( 0.4999999999999998890, 8.000000000000000000, -11.73935688187389204 ) ) ;
#682 = FACE_OUTER_BOUND ( 'NONE', #1930, .T. ) ;
#683 = ORIENTED_EDGE ( 'NONE', *, *, #819, .F. ) ;
#684 = VERTEX_POINT ( 'NONE', #183 ) ;
#685 = PERSON_AND_ORGANIZATION_ROLE ( 'design_supplier' ) ;
#686 = CARTESIAN_POINT ( 'NONE',  ( 3.000000000000063061, 8.000000000000000000, 18.74999999999988987 ) ) ;
#687 = DIRECTION ( 'NONE',  ( -6.009258394948630603E-15, -0.5000000000000019984, 0.8660254037844374864 ) ) ;
#688 = DIRECTION ( 'NONE',  ( -0.000000000000000000, -1.000000000000000000, -0.000000000000000000 ) ) ;
#689 = ORIENTED_EDGE ( 'NONE', *, *, #549, .F. ) ;
#690 = DIRECTION ( 'NONE',  ( -1.415562539087702249E-14, 0.000000000000000000, 1.000000000000000000 ) ) ;
#691 = DIRECTION ( 'NONE',  ( -0.000000000000000000, 1.000000000000000000, -0.000000000000000000 ) ) ;
#692 = FACE_OUTER_BOUND ( 'NONE', #1094, .T. ) ;
#693 = AXIS2_PLACEMENT_3D ( 'NONE', #903, #4119, #1243 ) ;
#694 = EDGE_CURVE ( 'NONE', #3550, #1505, #1017, .T. ) ;
#695 = AXIS2_PLACEMENT_3D ( 'NONE', #3970, #2677, #2059 ) ;
#696 = VERTEX_POINT ( 'NONE', #3135 ) ;
#697 = FACE_OUTER_BOUND ( 'NONE', #510, .T. ) ;
#698 = DIRECTION ( 'NONE',  ( -0.5547001962252349205, 0.000000000000000000, 0.8320502943378398353 ) ) ;
#699 = ORIENTED_EDGE ( 'NONE', *, *, #2739, .T. ) ;
#700 = ORIENTED_EDGE ( 'NONE', *, *, #14, .T. ) ;
#701 = AXIS2_PLACEMENT_3D ( 'NONE', #237, #3365, #876 ) ;
#702 = PLANE ( 'NONE',  #3191 ) ;
#703 = AXIS2_PLACEMENT_3D ( 'NONE', #1924, #2533, #1582 ) ;
#704 = LINE ( 'NONE', #3542, #600 ) ;
#705 = CIRCLE ( 'NONE', #3063, 1.499999999999996225 ) ;
#706 = CARTESIAN_POINT ( 'NONE',  ( -15.44568322948037320, 5.594744111674238241, 14.89248337494180419 ) ) ;
#707 = ORIENTED_EDGE ( 'NONE', *, *, #2274, .F. ) ;
#708 = EDGE_CURVE ( 'NONE', #111, #1552, #3464, .T. ) ;
#709 = AXIS2_PLACEMENT_3D ( 'NONE', #1081, #2974, #421 ) ;
#710 = AXIS2_PLACEMENT_3D ( 'NONE', #3815, #1333, #2570 ) ;
#711 = PERSON_AND_ORGANIZATION_ROLE ( 'creator' ) ;
#712 = DIRECTION ( 'NONE',  ( -0.04996154958886066255, -0.7071067811865452413, 0.7053395236073781716 ) ) ;
#713 = DIRECTION ( 'NONE',  ( 1.000000000000000000, 0.000000000000000000, 5.767959723060150017E-15 ) ) ;
#714 = FACE_OUTER_BOUND ( 'NONE', #2801, .T. ) ;
#715 = EDGE_CURVE ( 'NONE', #215, #2654, #3217, .T. ) ;
#716 = VERTEX_POINT ( 'NONE', #3484 ) ;
#717 = CYLINDRICAL_SURFACE ( 'NONE', #1374, 1.499999999999996225 ) ;
#718 = PLANE ( 'NONE',  #506 ) ;
#719 = DIRECTION ( 'NONE',  ( 0.01903455017843690145, 0.7069786722028836845, -0.7069786722028835735 ) ) ;
#720 = VERTEX_POINT ( 'NONE', #666 ) ;
#721 = ADVANCED_FACE ( 'NONE', ( #1284 ), #325, .F. ) ;
#722 = CARTESIAN_POINT ( 'NONE',  ( 12.21394289005106515, 8.000000000000000000, -15.39248337494182550 ) ) ;
#723 = PLANE ( 'NONE',  #910 ) ;
#724 = ORIENTED_EDGE ( 'NONE', *, *, #1154, .F. ) ;
#725 = ORIENTED_EDGE ( 'NONE', *, *, #1090, .F. ) ;
#726 = EDGE_CURVE ( 'NONE', #2994, #909, #1923, .T. ) ;
#727 = FACE_OUTER_BOUND ( 'NONE', #951, .T. ) ;
#728 = PLANE ( 'NONE',  #1215 ) ;
#729 = ORIENTED_EDGE ( 'NONE', *, *, #3891, .F. ) ;
#730 = CARTESIAN_POINT ( 'NONE',  ( 11.00000000000025757, 8.000000000000000000, -17.89999999999979252 ) ) ;
#731 = CYLINDRICAL_SURFACE ( 'NONE', #1727, 0.5009889549883530524 ) ;
#732 = CARTESIAN_POINT ( 'NONE',  ( -3.000000000000065281, 0.7499999999998481215, -18.74999999999988987 ) ) ;
#733 = EDGE_LOOP ( 'NONE', ( #3498, #1991, #3097, #3869, #1432 ) ) ;
#734 = DIRECTION ( 'NONE',  ( 0.000000000000000000, -1.000000000000000000, 0.000000000000000000 ) ) ;
#735 = ADVANCED_FACE ( 'NONE', ( #582 ), #4094, .F. ) ;
#736 = CARTESIAN_POINT ( 'NONE',  ( -18.50000000000012790, -8.131516293641283255E-16, -5.710280125829638376E-14 ) ) ;
#737 = FACE_OUTER_BOUND ( 'NONE', #3087, .T. ) ;
#738 = VECTOR ( 'NONE', #480, 1000.000000000000114 ) ;
#739 = ORIENTED_EDGE ( 'NONE', *, *, #1710, .T. ) ;
#740 = VECTOR ( 'NONE', #1297, 1000.000000000000114 ) ;
#741 = CARTESIAN_POINT ( 'NONE',  ( -18.49999999999981526, 8.000000000000000000, -18.74999999999993250 ) ) ;
#742 = CARTESIAN_POINT ( 'NONE',  ( -9.000000000000261124, 8.000000000000000000, 17.89999999999980673 ) ) ;
#743 = ORIENTED_EDGE ( 'NONE', *, *, #2501, .T. ) ;
#744 = VERTEX_POINT ( 'NONE', #921 ) ;
#745 = DIRECTION ( 'NONE',  ( 1.000000000000000000, 0.000000000000000000, 6.938893903907229955E-15 ) ) ;
#746 = DIRECTION ( 'NONE',  ( -1.000000000000000000, 0.000000000000000000, -2.818925648462358466E-15 ) ) ;
#747 = VERTEX_POINT ( 'NONE', #3171 ) ;
#748 = ADVANCED_FACE ( 'NONE', ( #3547 ), #2217, .T. ) ;
#749 = ORIENTED_EDGE ( 'NONE', *, *, #1189, .F. ) ;
#750 = LINE ( 'NONE', #2048, #430 ) ;
#751 = DIRECTION ( 'NONE',  ( 0.000000000000000000, -1.000000000000000000, 0.000000000000000000 ) ) ;
#752 = CARTESIAN_POINT ( 'NONE',  ( -18.50000000000023093, 8.000000000000000000, 14.89248337494178465 ) ) ;
#753 = EDGE_LOOP ( 'NONE', ( #2128, #81, #2038, #3567, #2277 ) ) ;
#754 = DIRECTION ( 'NONE',  ( -1.000000000000000000, -0.000000000000000000, -6.938893903907227589E-15 ) ) ;
#755 = FACE_OUTER_BOUND ( 'NONE', #534, .T. ) ;
#756 = CARTESIAN_POINT ( 'NONE',  ( 15.44568322948033945, 7.500000000000000888, -14.89248337494180596 ) ) ;
#757 = VERTEX_POINT ( 'NONE', #31 ) ;
#758 = AXIS2_PLACEMENT_3D ( 'NONE', #675, #1013, #3514 ) ;
#759 = LINE ( 'NONE', #448, #2646 ) ;
#760 = FACE_OUTER_BOUND ( 'NONE', #753, .T. ) ;
#761 = VERTEX_POINT ( 'NONE', #3895 ) ;
#762 = EDGE_CURVE ( 'NONE', #3492, #3904, #957, .T. ) ;
#763 = ORIENTED_EDGE ( 'NONE', *, *, #4115, .F. ) ;
#764 = VECTOR ( 'NONE', #3111, 1000.000000000000000 ) ;
#765 = EDGE_CURVE ( 'NONE', #3005, #613, #2857, .T. ) ;
#766 = CONICAL_SURFACE ( 'NONE', #834, 1.000988954988341506, 0.7853981633974488341 ) ;
#767 = LINE ( 'NONE', #151, #1079 ) ;
#768 = FACE_OUTER_BOUND ( 'NONE', #1621, .T. ) ;
#769 = ORIENTED_EDGE ( 'NONE', *, *, #694, .F. ) ;
#770 = ORIENTED_EDGE ( 'NONE', *, *, #2172, .F. ) ;
#771 = ADVANCED_FACE ( 'NONE', ( #2279 ), #2300, .T. ) ;
#772 = DIRECTION ( 'NONE',  ( 0.9975007203633287078, 0.000000000000000000, 0.07065630102574245452 ) ) ;
#773 = EDGE_CURVE ( 'NONE', #2483, #1867, #1882, .T. ) ;
#774 = LINE ( 'NONE', #69, #1587 ) ;
#775 = DIRECTION ( 'NONE',  ( -0.9985512684938866457, 0.000000000000000000, -0.05380858843391087692 ) ) ;
#776 = ORIENTED_EDGE ( 'NONE', *, *, #2818, .F. ) ;
#777 = VECTOR ( 'NONE', #3049, 999.9999999999998863 ) ;
#778 = VECTOR ( 'NONE', #3390, 1000.000000000000000 ) ;
#779 = VECTOR ( 'NONE', #1312, 999.9999999999998863 ) ;
#780 = DIRECTION ( 'NONE',  ( 0.000000000000000000, 0.000000000000000000, 1.000000000000000000 ) ) ;
#781 = LINE ( 'NONE', #2098, #3941 ) ;
#782 = DIRECTION ( 'NONE',  ( 0.9985512684938866457, 0.000000000000000000, 0.05380858843391087692 ) ) ;
#783 = ORIENTED_EDGE ( 'NONE', *, *, #1069, .T. ) ;
#784 = DIRECTION ( 'NONE',  ( -0.03804841776769385397, -0.7071067811865489050, 0.7060823733144547809 ) ) ;
#785 = EDGE_CURVE ( 'NONE', #1230, #3838, #1242, .T. ) ;
#786 = FACE_OUTER_BOUND ( 'NONE', #2956, .T. ) ;
#787 = ORIENTED_EDGE ( 'NONE', *, *, #239, .F. ) ;
#788 = EDGE_LOOP ( 'NONE', ( #4015, #605, #1983, #338, #1174 ) ) ;
#789 = LINE ( 'NONE', #2087, #4121 ) ;
#790 = ADVANCED_FACE ( 'NONE', ( #3527 ), #2548, .F. ) ;
#791 = DIRECTION ( 'NONE',  ( 0.5547001962252210427, 0.000000000000000000, 0.8320502943378491612 ) ) ;
#792 = VERTEX_POINT ( 'NONE', #4157 ) ;
#793 = ORIENTED_EDGE ( 'NONE', *, *, #3546, .T. ) ;
#794 = DIRECTION ( 'NONE',  ( -0.8320502943378493832, 0.000000000000000000, 0.5547001962252205987 ) ) ;
#795 = FACE_OUTER_BOUND ( 'NONE', #450, .T. ) ;
#796 = EDGE_CURVE ( 'NONE', #2351, #3051, #307, .T. ) ;
#797 = LINE ( 'NONE', #3346, #3422 ) ;
#798 = ORIENTED_EDGE ( 'NONE', *, *, #3773, .F. ) ;
#799 = CARTESIAN_POINT ( 'NONE',  ( -19.00000000000022027, 7.500000000000008882, 13.59248337494178749 ) ) ;
#800 = CARTESIAN_POINT ( 'NONE',  ( 18.49999999999979039, 0.000000000000000000, 18.00000000000026290 ) ) ;
#801 = CARTESIAN_POINT ( 'NONE',  ( -0.5000000000000001110, 7.000000000000000000, -14.60440660437519256 ) ) ;
#802 = CONICAL_SURFACE ( 'NONE', #1952, 1.499999999999996225, 0.7853981633974447263 ) ;
#803 = ORIENTED_EDGE ( 'NONE', *, *, #3401, .T. ) ;
#804 = AXIS2_PLACEMENT_3D ( 'NONE', #3108, #2174, #238 ) ;
#805 = LINE ( 'NONE', #487, #1383 ) ;
#806 = LINE ( 'NONE', #2415, #3944 ) ;
#807 = ORIENTED_EDGE ( 'NONE', *, *, #1809, .T. ) ;
#808 = AXIS2_PLACEMENT_3D ( 'NONE', #1020, #1704, #1041 ) ;
#809 = DIRECTION ( 'NONE',  ( 0.4264014327112244374, 0.6396021490668333254, -0.6396021490668268861 ) ) ;
#810 = CARTESIAN_POINT ( 'NONE',  ( 9.017686176607124793, -8.131516293641282269E-16, -15.39248337494185037 ) ) ;
#811 = ORIENTED_EDGE ( 'NONE', *, *, #3192, .T. ) ;
#812 = ORIENTED_EDGE ( 'NONE', *, *, #625, .F. ) ;
#813 = EDGE_CURVE ( 'NONE', #2351, #1016, #2338, .T. ) ;
#814 = LINE ( 'NONE', #217, #905 ) ;
#815 = DIRECTION ( 'NONE',  ( 0.03804841776769441603, -0.7071067811865482389, -0.7060823733144554470 ) ) ;
#816 = CARTESIAN_POINT ( 'NONE',  ( -9.463970463870266414, -8.131516293641283255E-16, -14.58671957804704711 ) ) ;
#817 = ORIENTED_EDGE ( 'NONE', *, *, #330, .T. ) ;
#818 = DIRECTION ( 'NONE',  ( 0.5547001962252233742, 0.000000000000000000, 0.8320502943378474958 ) ) ;
#819 = EDGE_CURVE ( 'NONE', #678, #1029, #3258, .T. ) ;
#820 = LINE ( 'NONE', #203, #3357 ) ;
#821 = DIRECTION ( 'NONE',  ( 0.5547001962252349205, 0.000000000000000000, -0.8320502943378398353 ) ) ;
#822 = CARTESIAN_POINT ( 'NONE',  ( 2.964671849486886668, -8.131516293641283255E-16, 16.24123373512358270 ) ) ;
#823 = LINE ( 'NONE', #3585, #967 ) ;
#824 = EDGE_CURVE ( 'NONE', #4170, #3241, #2668, .T. ) ;
#825 = ADVANCED_FACE ( 'NONE', ( #1689 ), #2380, .T. ) ;
#826 = DIRECTION ( 'NONE',  ( -0.5773502691896328365, 0.5773502691896237327, 0.5773502691896207351 ) ) ;
#827 = ORIENTED_EDGE ( 'NONE', *, *, #1789, .T. ) ;
#828 = CONICAL_SURFACE ( 'NONE', #77, 1.499999999999997780, 0.7853981633974466137 ) ;
#829 = ADVANCED_FACE ( 'NONE', ( #370 ), #2964, .T. ) ;
#830 = CARTESIAN_POINT ( 'NONE',  ( 12.21394289005107758, 8.000000000000000000, -13.59248337494183190 ) ) ;
#831 = VECTOR ( 'NONE', #1558, 1000.000000000000114 ) ;
#832 = ORIENTED_EDGE ( 'NONE', *, *, #1336, .T. ) ;
#833 = VERTEX_POINT ( 'NONE', #1735 ) ;
#834 = AXIS2_PLACEMENT_3D ( 'NONE', #1959, #3189, #1238 ) ;
#835 = DIRECTION ( 'NONE',  ( -0.9975007203633287078, 0.000000000000000000, -0.07065630102574244065 ) ) ;
#836 = VECTOR ( 'NONE', #552, 1000.000000000000114 ) ;
#837 = VECTOR ( 'NONE', #1429, 1000.000000000000000 ) ;
#838 = EDGE_CURVE ( 'NONE', #2166, #3185, #2092, .T. ) ;
#839 = LINE ( 'NONE', #2134, #1076 ) ;
#840 = ORIENTED_EDGE ( 'NONE', *, *, #2290, .T. ) ;
#841 = CARTESIAN_POINT ( 'NONE',  ( -19.00000000000023803, 8.000000000000000000, 15.39248337494178820 ) ) ;
#842 = FACE_OUTER_BOUND ( 'NONE', #328, .T. ) ;
#843 = CONICAL_SURFACE ( 'NONE', #3523, 1.000988954988353496, 0.7853981633974522758 ) ;
#844 = VECTOR ( 'NONE', #566, 1000.000000000000000 ) ;
#845 = AXIS2_PLACEMENT_3D ( 'NONE', #2272, #3167, #953 ) ;
#846 = VECTOR ( 'NONE', #2587, 999.9999999999998863 ) ;
#847 = AXIS2_PLACEMENT_3D ( 'NONE', #3776, #3260, #2804 ) ;
#848 = VECTOR ( 'NONE', #1549, 1000.000000000000000 ) ;
#849 = DIRECTION ( 'NONE',  ( 0.7071067811865470176, -0.7071067811865480168, 6.248087325003227837E-15 ) ) ;
#850 = CARTESIAN_POINT ( 'NONE',  ( -19.00000000000022027, 7.500000000000008882, 13.59248337494178749 ) ) ;
#851 = ORIENTED_EDGE ( 'NONE', *, *, #3286, .T. ) ;
#852 = LINE ( 'NONE', #2703, #12 ) ;
#853 = B_SPLINE_CURVE_WITH_KNOTS ( 'NONE', 3,
 ( #4097, #1797, #1477, #3072 ),
 .UNSPECIFIED., .F., .F.,
 ( 4, 4 ),
 ( 0.000000000000000000, 0.0007847638998486019439 ),
 .UNSPECIFIED. ) ;
#854 = PLANE ( 'NONE',  #445 ) ;
#855 = VERTEX_POINT ( 'NONE', #1369 ) ;
#856 = VERTEX_POINT ( 'NONE', #2317 ) ;
#857 = EDGE_CURVE ( 'NONE', #3893, #2583, #2645, .T. ) ;
#858 = DIRECTION ( 'NONE',  ( 1.000000000000000000, -0.000000000000000000, 1.415562539087702249E-14 ) ) ;
#859 = LINE ( 'NONE', #1494, #3158 ) ;
#860 = ORIENTED_EDGE ( 'NONE', *, *, #2456, .T. ) ;
#861 = CARTESIAN_POINT ( 'NONE',  ( -15.78605710994945532, 8.000000000000000000, 13.59248337494181236 ) ) ;
#862 = DIRECTION ( 'NONE',  ( 0.8320502943378474958, 0.000000000000000000, -0.5547001962252233742 ) ) ;
#863 = DIRECTION ( 'NONE',  ( 0.7071067811865467956, 0.7071067811865482389, 4.894276120544047619E-15 ) ) ;
#864 = ORIENTED_EDGE ( 'NONE', *, *, #1838, .F. ) ;
#865 = EDGE_CURVE ( 'NONE', #1499, #2393, #54, .T. ) ;
#866 = DIRECTION ( 'NONE',  ( -0.8320502943378398353, 0.000000000000000000, -0.5547001962252349205 ) ) ;
#867 = VECTOR ( 'NONE', #3094, 999.9999999999998863 ) ;
#868 = DIRECTION ( 'NONE',  ( 0.000000000000000000, 1.000000000000000000, 0.000000000000000000 ) ) ;
#869 = DIRECTION ( 'NONE',  ( 0.8320502943378479399, 0.000000000000000000, -0.5547001962252227081 ) ) ;
#870 = EDGE_LOOP ( 'NONE', ( #1324, #3982, #656 ) ) ;
#871 = DIRECTION ( 'NONE',  ( 0.9975007203633287078, 0.000000000000000000, 0.07065630102574230187 ) ) ;
#872 = CARTESIAN_POINT ( 'NONE',  ( 9.000000000000230926, 7.500000000000008882, -14.09248337494185144 ) ) ;
#873 = VECTOR ( 'NONE', #3636, 1000.000000000000000 ) ;
#874 = VERTEX_POINT ( 'NONE', #1709 ) ;
#875 = ORIENTED_EDGE ( 'NONE', *, *, #3563, .T. ) ;
#876 = DIRECTION ( 'NONE',  ( 1.000000000000000000, 0.000000000000000000, 6.938893903907229955E-15 ) ) ;
#877 = ADVANCED_FACE ( 'NONE', ( #50 ), #3916, .F. ) ;
#878 = CARTESIAN_POINT ( 'NONE',  ( -14.00000000000027178, 8.000000000000000000, 19.39999999999977121 ) ) ;
#879 = ORIENTED_EDGE ( 'NONE', *, *, #1595, .F. ) ;
#880 = DIRECTION ( 'NONE',  ( 6.009258394948634547E-15, -0.5000000000000017764, -0.8660254037844377084 ) ) ;
#881 = CARTESIAN_POINT ( 'NONE',  ( -19.00000000000025580, 0.5000000000000029976, 17.89999999999973568 ) ) ;
#882 = CARTESIAN_POINT ( 'NONE',  ( 15.00000000000025935, 8.000000000000000000, -17.89999999999976765 ) ) ;
#883 = ORIENTED_EDGE ( 'NONE', *, *, #4032, .F. ) ;
#884 = CARTESIAN_POINT ( 'NONE',  ( 12.55431677052014727, 7.500000000000000000, -14.09248337494182657 ) ) ;
#885 = DIRECTION ( 'NONE',  ( 5.491332302994396891E-16, -0.7071067811865503483, -0.7071067811865445751 ) ) ;
#886 = CARTESIAN_POINT ( 'NONE',  ( 14.00000000000023803, 7.500000000000008882, -14.49248337494183581 ) ) ;
#887 = ADVANCED_FACE ( 'NONE', ( #3591 ), #3030, .F. ) ;
#888 = EDGE_CURVE ( 'NONE', #2281, #874, #3282, .T. ) ;
#889 = ORIENTED_EDGE ( 'NONE', *, *, #2165, .F. ) ;
#890 = DIRECTION ( 'NONE',  ( -0.5547001962252233742, 0.000000000000000000, -0.8320502943378474958 ) ) ;
#891 = DIRECTION ( 'NONE',  ( -0.01903455017836391816, 0.7069786722028834625, 0.7069786722028857939 ) ) ;
#892 = EDGE_CURVE ( 'NONE', #2144, #279, #1091, .T. ) ;
#893 = ORIENTED_EDGE ( 'NONE', *, *, #3468, .F. ) ;
#894 = ORIENTED_EDGE ( 'NONE', *, *, #896, .T. ) ;
#895 = ORIENTED_EDGE ( 'NONE', *, *, #2594, .F. ) ;
#896 = EDGE_CURVE ( 'NONE', #2252, #3405, #2879, .T. ) ;
#897 = DIRECTION ( 'NONE',  ( -0.000000000000000000, 1.000000000000000000, -0.000000000000000000 ) ) ;
#898 = VECTOR ( 'NONE', #2845, 1000.000000000000000 ) ;
#899 = CARTESIAN_POINT ( 'NONE',  ( 18.50000000000015632, -8.131516293641283255E-16, 1.658288420379801868E-13 ) ) ;
#900 = ORIENTED_EDGE ( 'NONE', *, *, #2312, .T. ) ;
#901 = CARTESIAN_POINT ( 'NONE',  ( -18.50000000000025580, 8.000000000000000000, 18.64999999999974989 ) ) ;
#902 = CARTESIAN_POINT ( 'NONE',  ( -12.00000000000027001, 8.000000000000000000, 19.39999999999978542 ) ) ;
#903 = CARTESIAN_POINT ( 'NONE',  ( 14.00000000000023803, 7.500000000000000888, -14.49248337494183581 ) ) ;
#904 = ORIENTED_EDGE ( 'NONE', *, *, #1330, .F. ) ;
#905 = VECTOR ( 'NONE', #2133, 1000.000000000000000 ) ;
#906 = EDGE_CURVE ( 'NONE', #2994, #3687, #750, .T. ) ;
#907 = DIRECTION ( 'NONE',  ( -0.8320502943378474958, 0.000000000000000000, 0.5547001962252233742 ) ) ;
#908 = DIRECTION ( 'NONE',  ( -0.5547001962252233742, 0.000000000000000000, -0.8320502943378474958 ) ) ;
#909 = VERTEX_POINT ( 'NONE', #730 ) ;
#910 = AXIS2_PLACEMENT_3D ( 'NONE', #3560, #2329, #1339 ) ;
#911 = FACE_OUTER_BOUND ( 'NONE', #456, .T. ) ;
#912 = DIRECTION ( 'NONE',  ( 1.309923543633404294E-14, 0.000000000000000000, -1.000000000000000000 ) ) ;
#913 = LINE ( 'NONE', #931, #3727 ) ;
#914 = EDGE_LOOP ( 'NONE', ( #3309, #1956, #513 ) ) ;
#915 = VERTEX_POINT ( 'NONE', #2031 ) ;
#916 = EDGE_CURVE ( 'NONE', #792, #3458, #1395, .T. ) ;
#917 = LINE ( 'NONE', #2579, #1576 ) ;
#918 = DIRECTION ( 'NONE',  ( 0.000000000000000000, 0.000000000000000000, 1.000000000000000000 ) ) ;
#919 = VERTEX_POINT ( 'NONE', #115 ) ;
#920 = DIRECTION ( 'NONE',  ( 0.000000000000000000, 0.000000000000000000, 1.000000000000000000 ) ) ;
#921 = CARTESIAN_POINT ( 'NONE',  ( -19.00000000000023803, 0.5000000000000031086, 15.39248337494178820 ) ) ;
#922 = EDGE_CURVE ( 'NONE', #3234, #3784, #3007, .T. ) ;
#923 = LINE ( 'NONE', #3832, #4009 ) ;
#924 = ORIENTED_EDGE ( 'NONE', *, *, #2904, .T. ) ;
#925 = CARTESIAN_POINT ( 'NONE',  ( -19.00000000000027711, 0.000000000000000000, -18.00000000000026645 ) ) ;
#926 = CARTESIAN_POINT ( 'NONE',  ( 11.00000000000025757, 0.000000000000000000, -17.89999999999979252 ) ) ;
#927 = EDGE_CURVE ( 'NONE', #274, #3157, #3343, .T. ) ;
#928 = ORIENTED_EDGE ( 'NONE', *, *, #1537, .T. ) ;
#929 = DIRECTION ( 'NONE',  ( -4.999702984597260302E-15, 0.7071067811865463515, 0.7071067811865487940 ) ) ;
#930 = DIRECTION ( 'NONE',  ( -0.9985512684938866457, 0.000000000000000000, -0.05380858843391072427 ) ) ;
#931 = CARTESIAN_POINT ( 'NONE',  ( -19.00000000000023803, 7.499999999999993783, 15.39248337494178820 ) ) ;
#932 = ORIENTED_EDGE ( 'NONE', *, *, #4044, .T. ) ;
#933 = VECTOR ( 'NONE', #772, 1000.000000000000114 ) ;
#934 = ORIENTED_EDGE ( 'NONE', *, *, #888, .T. ) ;
#935 = LINE ( 'NONE', #2232, #837 ) ;
#936 = AXIS2_PLACEMENT_3D ( 'NONE', #2916, #323, #1982 ) ;
#937 = DIRECTION ( 'NONE',  ( -0.5547001962252233742, 0.000000000000000000, -0.8320502943378474958 ) ) ;
#938 = VERTEX_POINT ( 'NONE', #2112 ) ;
#939 = VECTOR ( 'NONE', #4172, 1000.000000000000114 ) ;
#940 = FACE_OUTER_BOUND ( 'NONE', #2705, .T. ) ;
#941 = DIRECTION ( 'NONE',  ( 0.000000000000000000, 1.000000000000000000, 0.000000000000000000 ) ) ;
#942 = ORIENTED_EDGE ( 'NONE', *, *, #1979, .T. ) ;
#943 = EDGE_CURVE ( 'NONE', #388, #1165, #2441, .T. ) ;
#944 = DIRECTION ( 'NONE',  ( 0.7071067811865451302, 0.000000000000000000, 0.7071067811865500152 ) ) ;
#945 = CARTESIAN_POINT ( 'NONE',  ( 14.00000000000024869, 7.500000000000000000, -15.99248337494181627 ) ) ;
#946 = ORIENTED_EDGE ( 'NONE', *, *, #103, .F. ) ;
#947 = ADVANCED_FACE ( 'NONE', ( #3700 ), #4077, .F. ) ;
#948 = PLANE ( 'NONE',  #3447 ) ;
#949 = FACE_OUTER_BOUND ( 'NONE', #2297, .T. ) ;
#950 = ORIENTED_EDGE ( 'NONE', *, *, #1053, .T. ) ;
#951 = EDGE_LOOP ( 'NONE', ( #2485, #1676, #1181, #1812 ) ) ;
#952 = AXIS2_PLACEMENT_3D ( 'NONE', #2099, #3288, #466 ) ;
#953 = DIRECTION ( 'NONE',  ( 0.000000000000000000, 0.7071067811865476838, 0.7071067811865474617 ) ) ;
#954 = DIRECTION ( 'NONE',  ( 0.000000000000000000, -1.000000000000000000, 0.000000000000000000 ) ) ;
#955 = EDGE_LOOP ( 'NONE', ( #1490, #1414, #2760, #1421 ) ) ;
#956 = SECURITY_CLASSIFICATION_LEVEL ( 'unclassified' ) ;
#957 = LINE ( 'NONE', #5, #122 ) ;
#958 = EDGE_CURVE ( 'NONE', #1552, #2270, #3382, .T. ) ;
#959 = LINE ( 'NONE', #348, #287 ) ;
#960 = CARTESIAN_POINT ( 'NONE',  ( 14.00000000000024869, 7.500000000000000000, -15.99248337494181627 ) ) ;
#961 = ORIENTED_EDGE ( 'NONE', *, *, #824, .F. ) ;
#962 = AXIS2_PLACEMENT_3D ( 'NONE', #3920, #396, #1072 ) ;
#963 = LINE ( 'NONE', #1628, #2789 ) ;
#964 = CARTESIAN_POINT ( 'NONE',  ( -9.000000000000261124, 0.000000000000000000, 17.89999999999980673 ) ) ;
#965 = ADVANCED_FACE ( 'NONE', ( #2729 ), #1530, .T. ) ;
#966 = ORIENTED_EDGE ( 'NONE', *, *, #257, .T. ) ;
#967 = VECTOR ( 'NONE', #2936, 1000.000000000000114 ) ;
#968 = ADVANCED_FACE ( 'NONE', ( #4054 ), #1134, .T. ) ;
#969 = CARTESIAN_POINT ( 'NONE',  ( 14.20000000000028528, 4.099999999999979217, -22.09999999999977760 ) ) ;
#970 = PLANE ( 'NONE',  #96 ) ;
#971 = VECTOR ( 'NONE', #2349, 1000.000000000000000 ) ;
#972 = EDGE_LOOP ( 'NONE', ( #3043, #1313, #2109, #529 ) ) ;
#973 = EDGE_LOOP ( 'NONE', ( #2241, #3355, #3285, #4019 ) ) ;
#974 = AXIS2_PLACEMENT_3D ( 'NONE', #2452, #1146, #3733 ) ;
#975 = DIRECTION ( 'NONE',  ( 0.000000000000000000, -1.000000000000000000, 0.000000000000000000 ) ) ;
#976 = LINE ( 'NONE', #3253, #1354 ) ;
#977 = PLANE ( 'NONE',  #2358 ) ;
#978 = VERTEX_POINT ( 'NONE', #156 ) ;
#979 = VERTEX_POINT ( 'NONE', #2767 ) ;
#980 = PERSON_AND_ORGANIZATION ( #3491, #3819 ) ;
#981 = DIRECTION ( 'NONE',  ( -4.906538933386802764E-15, -0.7071067811865469066, 0.7071067811865482389 ) ) ;
#982 = PLANE ( 'NONE',  #3062 ) ;
#983 = LINE ( 'NONE', #647, #3557 ) ;
#984 = ORIENTED_EDGE ( 'NONE', *, *, #2635, .T. ) ;
#985 = DIRECTION ( 'NONE',  ( 0.000000000000000000, 0.000000000000000000, 1.000000000000000000 ) ) ;
#986 = DIRECTION ( 'NONE',  ( -0.000000000000000000, -0.000000000000000000, -1.000000000000000000 ) ) ;
#987 = AXIS2_PLACEMENT_3D ( 'NONE', #3810, #2547, #920 ) ;
#988 = DIRECTION ( 'NONE',  ( 1.000000000000000000, 0.000000000000000000, 6.938893903907233111E-15 ) ) ;
#989 = EDGE_CURVE ( 'NONE', #3393, #2009, #3106, .T. ) ;
#990 = ORIENTED_EDGE ( 'NONE', *, *, #3984, .T. ) ;
#991 = CARTESIAN_POINT ( 'NONE',  ( -19.00000000000078515, 0.000000000000000000, 17.99999999999972999 ) ) ;
#992 = CARTESIAN_POINT ( 'NONE',  ( 3.089259829119844980, 8.000000000000000000, 14.24320774069498441 ) ) ;
#993 = VERTEX_POINT ( 'NONE', #1776 ) ;
#994 = ORIENTED_EDGE ( 'NONE', *, *, #2397, .T. ) ;
#995 = CARTESIAN_POINT ( 'NONE',  ( 3.062355534902889254, 7.000000000000000000, 14.74248337494193173 ) ) ;
#996 = CARTESIAN_POINT ( 'NONE',  ( -18.49999999999981526, 7.500000000000008882, -18.74999999999993250 ) ) ;
#997 = CIRCLE ( 'NONE', #2287, 1.000988954988348389 ) ;
#998 = DIRECTION ( 'NONE',  ( 0.7071067811865456854, -0.7071067811865493491, 1.219285607890550894E-14 ) ) ;
#999 = VERTEX_POINT ( 'NONE', #555 ) ;
#1000 = ORIENTED_EDGE ( 'NONE', *, *, #3459, .F. ) ;
#1001 = PERSON_AND_ORGANIZATION ( #3491, #3819 ) ;
#1002 = EDGE_CURVE ( 'NONE', #3796, #400, #1795, .T. ) ;
#1003 = CARTESIAN_POINT ( 'NONE',  ( -15.00000000000026112, 0.000000000000000000, 17.89999999999976410 ) ) ;
#1004 = CARTESIAN_POINT ( 'NONE',  ( 15.00000000000025935, 8.000000000000000000, -17.89999999999976765 ) ) ;
#1005 = DIRECTION ( 'NONE',  ( -9.262558205390925453E-15, -0.7071067811865476838, 0.7071067811865474617 ) ) ;
#1006 = EDGE_LOOP ( 'NONE', ( #994, #1634, #3211, #2810, #1409 ) ) ;
#1007 = VECTOR ( 'NONE', #643, 1000.000000000000114 ) ;
#1008 = CARTESIAN_POINT ( 'NONE',  ( -13.00000000000026112, 0.000000000000000000, 17.89999999999977831 ) ) ;
#1009 = CARTESIAN_POINT ( 'NONE',  ( 14.00000000000023803, 7.500000000000008882, -12.99248337494183758 ) ) ;
#1010 = CARTESIAN_POINT ( 'NONE',  ( -15.00000000000026112, 8.000000000000000000, 17.89999999999976410 ) ) ;
#1011 = ORIENTED_EDGE ( 'NONE', *, *, #1804, .F. ) ;
#1012 = EDGE_CURVE ( 'NONE', #2978, #1974, #4096, .T. ) ;
#1013 = DIRECTION ( 'NONE',  ( 0.8320502943378474958, 0.000000000000000000, -0.5547001962252233742 ) ) ;
#1014 = LINE ( 'NONE', #742, #1461 ) ;
#1015 = ORIENTED_EDGE ( 'NONE', *, *, #1367, .F. ) ;
#1016 = VERTEX_POINT ( 'NONE', #3048 ) ;
#1017 =( BOUNDED_CURVE ( )  B_SPLINE_CURVE ( 3, ( #4082, #3467, #1202, #2492 ),
 .UNSPECIFIED., .F., .F. ) 
 B_SPLINE_CURVE_WITH_KNOTS ( ( 4, 4 ),
 ( 4.982321776218080700, 6.283185307179586232 ),
 .UNSPECIFIED. ) 
 CURVE ( )  GEOMETRIC_REPRESENTATION_ITEM ( )  RATIONAL_B_SPLINE_CURVE ( ( 1.000000000000000000, 0.8638816171694784218, 0.8638816171694784218, 1.000000000000000000 ) ) 
 REPRESENTATION_ITEM ( '' )  );
#1018 = EDGE_CURVE ( 'NONE', #1509, #3827, #197, .T. ) ;
#1019 = CARTESIAN_POINT ( 'NONE',  ( -3.062355534902891030, 0.4999999999999891753, -14.74248337494193173 ) ) ;
#1020 = CARTESIAN_POINT ( 'NONE',  ( -3.035398026413988148, 7.500000000000000888, -15.24274653144697744 ) ) ;
#1021 = EDGE_CURVE ( 'NONE', #1029, #176, #814, .T. ) ;
#1022 = DIRECTION ( 'NONE',  ( 0.000000000000000000, 1.000000000000000000, 0.000000000000000000 ) ) ;
#1023 = ORIENTED_EDGE ( 'NONE', *, *, #4108, .F. ) ;
#1024 = EDGE_LOOP ( 'NONE', ( #950, #21, #4069, #677 ) ) ;
#1025 = COORDINATED_UNIVERSAL_TIME_OFFSET ( 1, 0, .AHEAD. ) ;
#1026 = DIRECTION ( 'NONE',  ( 0.000000000000000000, 0.7071067811865476838, 0.7071067811865474617 ) ) ;
#1027 = CARTESIAN_POINT ( 'NONE',  ( 12.00000000000027001, 8.000000000000000000, -19.39999999999978542 ) ) ;
#1028 = DIRECTION ( 'NONE',  ( 0.000000000000000000, 0.000000000000000000, -1.000000000000000000 ) ) ;
#1029 = VERTEX_POINT ( 'NONE', #2465 ) ;
#1030 = EDGE_CURVE ( 'NONE', #623, #716, #1814, .T. ) ;
#1031 = CARTESIAN_POINT ( 'NONE',  ( 18.50000000000023093, 8.000000000000000000, -13.59248337494179459 ) ) ;
#1032 = LINE ( 'NONE', #2323, #1729 ) ;
#1033 = PLANE ( 'NONE',  #2464 ) ;
#1034 = AXIS2_PLACEMENT_3D ( 'NONE', #2207, #1507, #3758 ) ;
#1035 = ORIENTED_EDGE ( 'NONE', *, *, #292, .F. ) ;
#1036 = DIRECTION ( 'NONE',  ( -0.9985512684938866457, -0.000000000000000000, -0.05380858843391087692 ) ) ;
#1037 = DIRECTION ( 'NONE',  ( -0.02500421070879607632, -0.7068857013148716062, 0.7068857013148676094 ) ) ;
#1038 = ORIENTED_EDGE ( 'NONE', *, *, #3199, .T. ) ;
#1039 = ORIENTED_EDGE ( 'NONE', *, *, #1984, .F. ) ;
#1040 = VECTOR ( 'NONE', #4158, 1000.000000000000114 ) ;
#1041 = DIRECTION ( 'NONE',  ( 0.000000000000000000, 0.000000000000000000, 1.000000000000000000 ) ) ;
#1042 = AXIS2_PLACEMENT_3D ( 'NONE', #3845, #897, #2194 ) ;
#1043 = FACE_OUTER_BOUND ( 'NONE', #3671, .T. ) ;
#1044 = ORIENTED_EDGE ( 'NONE', *, *, #4014, .F. ) ;
#1045 = EDGE_CURVE ( 'NONE', #648, #2110, #1492, .T. ) ;
#1046 = AXIS2_PLACEMENT_3D ( 'NONE', #2122, #3392, #509 ) ;
#1047 = CONICAL_SURFACE ( 'NONE', #2266, 1.499999999999997780, 0.7853981633974466137 ) ;
#1048 = CARTESIAN_POINT ( 'NONE',  ( 18.49999999999977263, 8.000000000000000000, 18.75000000000012434 ) ) ;
#1049 = CARTESIAN_POINT ( 'NONE',  ( 2.999999999999757083, 7.499999999999992895, 15.74248337494192995 ) ) ;
#1050 = LINE ( 'NONE', #3323, #1618 ) ;
#1051 = VERTEX_POINT ( 'NONE', #177 ) ;
#1052 = PLANE ( 'NONE',  #624 ) ;
#1053 = EDGE_CURVE ( 'NONE', #2144, #400, #1512, .T. ) ;
#1054 = FACE_OUTER_BOUND ( 'NONE', #595, .T. ) ;
#1055 = DIRECTION ( 'NONE',  ( -6.921551667672176707E-15, 0.000000000000000000, 1.000000000000000000 ) ) ;
#1056 = ORIENTED_EDGE ( 'NONE', *, *, #2702, .T. ) ;
#1057 = EDGE_CURVE ( 'NONE', #4116, #2271, #2791, .T. ) ;
#1058 = LINE ( 'NONE', #3559, #2121 ) ;
#1059 = LINE ( 'NONE', #3581, #1118 ) ;
#1060 = CONICAL_SURFACE ( 'NONE', #987, 0.5009889549883530524, 0.7853981633974445042 ) ;
#1061 = ORIENTED_EDGE ( 'NONE', *, *, #1804, .T. ) ;
#1062 = ORIENTED_EDGE ( 'NONE', *, *, #1021, .F. ) ;
#1063 = DIRECTION ( 'NONE',  ( 0.02500421070871621659, -0.7068857013148738266, -0.7068857013148682755 ) ) ;
#1064 = LINE ( 'NONE', #2067, #1281 ) ;
#1065 = ORIENTED_EDGE ( 'NONE', *, *, #4127, .F. ) ;
#1066 = ORIENTED_EDGE ( 'NONE', *, *, #1838, .T. ) ;
#1067 = CARTESIAN_POINT ( 'NONE',  ( 18.50000000000024158, 7.500000000000000888, -14.89248337494178642 ) ) ;
#1068 = CARTESIAN_POINT ( 'NONE',  ( -14.00000000000028422, 7.500000000000000000, 14.49248337494178784 ) ) ;
#1069 = EDGE_CURVE ( 'NONE', #4170, #4095, #3438, .T. ) ;
#1070 = LINE ( 'NONE', #816, #873 ) ;
#1071 = ORIENTED_EDGE ( 'NONE', *, *, #1767, .F. ) ;
#1072 = DIRECTION ( 'NONE',  ( 0.000000000000000000, 0.000000000000000000, -1.000000000000000000 ) ) ;
#1073 = LINE ( 'NONE', #2036, #637 ) ;
#1074 = LINE ( 'NONE', #801, #3110 ) ;
#1075 = ADVANCED_FACE ( 'NONE', ( #1155 ), #576, .F. ) ;
#1076 = VECTOR ( 'NONE', #3746, 1000.000000000000114 ) ;
#1077 = EDGE_CURVE ( 'NONE', #2, #2654, #2892, .T. ) ;
#1078 = ORIENTED_EDGE ( 'NONE', *, *, #1030, .T. ) ;
#1079 = VECTOR ( 'NONE', #809, 1000.000000000000114 ) ;
#1080 = DIRECTION ( 'NONE',  ( 1.000000000000000000, 0.000000000000000000, 6.938893903907233111E-15 ) ) ;
#1081 = CARTESIAN_POINT ( 'NONE',  ( 3.035398026413986372, 8.000000000000000000, 15.24274653144697744 ) ) ;
#1082 = ORIENTED_EDGE ( 'NONE', *, *, #2948, .F. ) ;
#1083 = ORIENTED_EDGE ( 'NONE', *, *, #195, .T. ) ;
#1084 = EDGE_CURVE ( 'NONE', #2351, #3517, #2563, .T. ) ;
#1085 = ADVANCED_FACE ( 'NONE', ( #3541 ), #3500, .F. ) ;
#1086 = FACE_OUTER_BOUND ( 'NONE', #1117, .T. ) ;
#1087 = DIRECTION ( 'NONE',  ( -0.01903455017844996738, -0.7069786722028841286, 0.7069786722028826853 ) ) ;
#1088 = EDGE_LOOP ( 'NONE', ( #3788, #1914, #446, #1747 ) ) ;
#1089 = ORIENTED_EDGE ( 'NONE', *, *, #1842, .F. ) ;
#1090 = EDGE_CURVE ( 'NONE', #3536, #128, #258, .T. ) ;
#1091 = LINE ( 'NONE', #2010, #933 ) ;
#1092 = CARTESIAN_POINT ( 'NONE',  ( 14.70094103032740840, 7.499999999999949374, -12.99248337494183225 ) ) ;
#1093 = CARTESIAN_POINT ( 'NONE',  ( 0.000000000000000000, 7.000000000000000000, 0.000000000000000000 ) ) ;
#1094 = EDGE_LOOP ( 'NONE', ( #1719, #798, #1269, #1698, #1904 ) ) ;
#1095 = LINE ( 'NONE', #841, #3513 ) ;
#1096 = EDGE_CURVE ( 'NONE', #3767, #1614, #2780, .T. ) ;
#1097 = FACE_OUTER_BOUND ( 'NONE', #973, .T. ) ;
#1098 = CARTESIAN_POINT ( 'NONE',  ( -12.55431677052020234, 5.594744111674238241, 14.89248337494182550 ) ) ;
#1099 = ORIENTED_EDGE ( 'NONE', *, *, #1522, .T. ) ;
#1100 = EDGE_CURVE ( 'NONE', #3863, #1273, #917, .T. ) ;
#1101 = CARTESIAN_POINT ( 'NONE',  ( 12.21394289005106515, 8.000000000000000000, -15.39248337494182550 ) ) ;
#1102 = VECTOR ( 'NONE', #1975, 1000.000000000000000 ) ;
#1103 = LINE ( 'NONE', #2370, #2249 ) ;
#1104 = DIRECTION ( 'NONE',  ( 3.292718254213186570E-14, 0.000000000000000000, -1.000000000000000000 ) ) ;
#1105 = VERTEX_POINT ( 'NONE', #2832 ) ;
#1106 = ORIENTED_EDGE ( 'NONE', *, *, #1229, .T. ) ;
#1107 = VECTOR ( 'NONE', #580, 1000.000000000000000 ) ;
#1108 = ADVANCED_FACE ( 'NONE', ( #4114 ), #766, .F. ) ;
#1109 = DIRECTION ( 'NONE',  ( -0.000000000000000000, 1.000000000000000000, -0.000000000000000000 ) ) ;
#1110 = CARTESIAN_POINT ( 'NONE',  ( -19.00000000000027711, 0.000000000000000000, -18.00000000000026645 ) ) ;
#1111 = ORIENTED_EDGE ( 'NONE', *, *, #1361, .T. ) ;
#1112 = ORIENTED_EDGE ( 'NONE', *, *, #3181, .F. ) ;
#1113 = VECTOR ( 'NONE', #1823, 1000.000000000000114 ) ;
#1114 = CARTESIAN_POINT ( 'NONE',  ( 14.00000000000023803, 8.000000000000000000, -14.49248337494183581 ) ) ;
#1115 = DIRECTION ( 'NONE',  ( -0.5547001962252210427, 0.000000000000000000, -0.8320502943378491612 ) ) ;
#1116 = LINE ( 'NONE', #1691, #738 ) ;
#1117 = EDGE_LOOP ( 'NONE', ( #3595, #1964, #2337, #63 ) ) ;
#1118 = VECTOR ( 'NONE', #2598, 1000.000000000000000 ) ;
#1119 = VECTOR ( 'NONE', #2925, 1000.000000000000000 ) ;
#1120 = CIRCLE ( 'NONE', #1866, 10.24999999999999467 ) ;
#1121 = LINE ( 'NONE', #3093, #2057 ) ;
#1122 = CARTESIAN_POINT ( 'NONE',  ( 19.00000000000023803, 5.594744111674245346, -14.89248337494178287 ) ) ;
#1123 = DIRECTION ( 'NONE',  ( -0.9975007203633287078, 0.000000000000000000, -0.07065630102574244065 ) ) ;
#1124 = EDGE_LOOP ( 'NONE', ( #553, #2787, #3703, #2484, #2195 ) ) ;
#1125 = LINE ( 'NONE', #2313, #2132 ) ;
#1126 = CARTESIAN_POINT ( 'NONE',  ( 14.93333333333358759, -4.336808689942017736E-16, -17.99999999999978684 ) ) ;
#1127 = VERTEX_POINT ( 'NONE', #1571 ) ;
#1128 = CALENDAR_DATE ( 2023, 6, 2 ) ;
#1129 = APPROVAL_PERSON_ORGANIZATION ( #3526, #3089, #665 ) ;
#1130 = CARTESIAN_POINT ( 'NONE',  ( -18.49999999999981526, 7.500000000000008882, -18.74999999999993250 ) ) ;
#1131 = LINE ( 'NONE', #4050, #1593 ) ;
#1132 = ORIENTED_EDGE ( 'NONE', *, *, #664, .T. ) ;
#1133 = EDGE_LOOP ( 'NONE', ( #3022, #2326, #3573, #1775, #2383 ) ) ;
#1134 = PLANE ( 'NONE',  #3864 ) ;
#1135 = CARTESIAN_POINT ( 'NONE',  ( -8.200000000000276401, 4.099999999999952571, 22.09999999999983444 ) ) ;
#1136 = ORIENTED_EDGE ( 'NONE', *, *, #3670, .F. ) ;
#1137 = EDGE_CURVE ( 'NONE', #1386, #293, #302, .T. ) ;
#1138 = LINE ( 'NONE', #1175, #2451 ) ;
#1139 = ADVANCED_FACE ( 'NONE', ( #4171 ), #2870, .F. ) ;
#1140 = DIRECTION ( 'NONE',  ( 0.000000000000000000, -1.000000000000000000, 0.000000000000000000 ) ) ;
#1141 = LINE ( 'NONE', #3056, #148 ) ;
#1142 = VECTOR ( 'NONE', #3999, 1000.000000000000000 ) ;
#1143 = CARTESIAN_POINT ( 'NONE',  ( -14.00000000000027178, 8.000000000000000000, 19.39999999999977121 ) ) ;
#1144 = VECTOR ( 'NONE', #1523, 1000.000000000000000 ) ;
#1145 = CARTESIAN_POINT ( 'NONE',  ( 13.00000000000025935, 0.000000000000000000, -17.89999999999977831 ) ) ;
#1146 = DIRECTION ( 'NONE',  ( -1.000000000000000000, 0.000000000000000000, -1.309923543633404294E-14 ) ) ;
#1147 = ORIENTED_EDGE ( 'NONE', *, *, #514, .T. ) ;
#1148 = AXIS2_PLACEMENT_3D ( 'NONE', #1110, #1412, #2682 ) ;
#1149 = EDGE_CURVE ( 'NONE', #2234, #1538, #17, .T. ) ;
#1150 = CARTESIAN_POINT ( 'NONE',  ( -0.5000000000000001110, 7.666665436099847852, -11.61424309268047672 ) ) ;
#1151 = ORIENTED_EDGE ( 'NONE', *, *, #2948, .T. ) ;
#1152 = EDGE_LOOP ( 'NONE', ( #883, #3512, #3249, #3715, #2542 ) ) ;
#1153 = VERTEX_POINT ( 'NONE', #2526 ) ;
#1154 = EDGE_CURVE ( 'NONE', #3539, #648, #3786, .T. ) ;
#1155 = FACE_OUTER_BOUND ( 'NONE', #1794, .T. ) ;
#1156 = CARTESIAN_POINT ( 'NONE',  ( 3.062355534902889254, 7.500000000000008882, 14.74248337494193173 ) ) ;
#1157 = ORIENTED_EDGE ( 'NONE', *, *, #1373, .F. ) ;
#1158 = DIRECTION ( 'NONE',  ( 0.000000000000000000, 0.7071067811865476838, 0.7071067811865474617 ) ) ;
#1159 = FACE_OUTER_BOUND ( 'NONE', #914, .T. ) ;
#1160 = DIRECTION ( 'NONE',  ( 0.000000000000000000, -1.000000000000000000, 0.000000000000000000 ) ) ;
#1161 = FACE_OUTER_BOUND ( 'NONE', #2634, .T. ) ;
#1162 = LINE ( 'NONE', #2222, #4067 ) ;
#1163 = PLANE ( 'NONE',  #974 ) ;
#1164 = EDGE_CURVE ( 'NONE', #279, #2735, #89, .T. ) ;
#1165 = VERTEX_POINT ( 'NONE', #3463 ) ;
#1166 = CIRCLE ( 'NONE', #1573, 1.499999999999997780 ) ;
#1167 = CARTESIAN_POINT ( 'NONE',  ( -11.00000000000025935, 0.000000000000000000, 17.89999999999979252 ) ) ;
#1168 = CARTESIAN_POINT ( 'NONE',  ( 17.20909090909119499, 3.213636363636375837, -21.21363636363613026 ) ) ;
#1169 = ORIENTED_EDGE ( 'NONE', *, *, #3499, .F. ) ;
#1170 = AXIS2_PLACEMENT_3D ( 'NONE', #3406, #2732, #2714 ) ;
#1171 = ORIENTED_EDGE ( 'NONE', *, *, #906, .T. ) ;
#1172 = CARTESIAN_POINT ( 'NONE',  ( 14.00000000000027001, 8.000000000000000000, -19.39999999999977121 ) ) ;
#1173 = DIRECTION ( 'NONE',  ( -0.7071067811865469066, 0.7071067811865482389, -4.078563433786708978E-15 ) ) ;
#1174 = ORIENTED_EDGE ( 'NONE', *, *, #2353, .F. ) ;
#1175 = CARTESIAN_POINT ( 'NONE',  ( -10.00000000000027001, 8.000000000000000000, 19.39999999999979963 ) ) ;
#1176 = CYLINDRICAL_SURFACE ( 'NONE', #4030, 1.499999999999997780 ) ;
#1177 = PLANE ( 'NONE',  #1916 ) ;
#1178 = CIRCLE ( 'NONE', #570, 1.499999999999996225 ) ;
#1179 = VECTOR ( 'NONE', #3921, 1000.000000000000000 ) ;
#1180 = AXIS2_PLACEMENT_3D ( 'NONE', #629, #3881, #1629 ) ;
#1181 = ORIENTED_EDGE ( 'NONE', *, *, #587, .F. ) ;
#1182 = EDGE_CURVE ( 'NONE', #3405, #3372, #2900, .T. ) ;
#1183 = VECTOR ( 'NONE', #3756, 1000.000000000000000 ) ;
#1184 = VECTOR ( 'NONE', #2757, 999.9999999999998863 ) ;
#1185 = CARTESIAN_POINT ( 'NONE',  ( -19.00000000000078515, 0.000000000000000000, 17.99999999999972999 ) ) ;
#1186 = CARTESIAN_POINT ( 'NONE',  ( 0.4999999999999998890, 7.000000000000000000, -11.36400567581695498 ) ) ;
#1187 = PLANE ( 'NONE',  #443 ) ;
#1188 = ORIENTED_EDGE ( 'NONE', *, *, #2341, .T. ) ;
#1189 = EDGE_CURVE ( 'NONE', #388, #1499, #1637, .T. ) ;
#1190 = LINE ( 'NONE', #272, #621 ) ;
#1191 = ORIENTED_EDGE ( 'NONE', *, *, #1367, .T. ) ;
#1192 = VERTEX_POINT ( 'NONE', #1219 ) ;
#1193 = EDGE_LOOP ( 'NONE', ( #2786, #1473, #394, #1056, #1813 ) ) ;
#1194 = PRODUCT_DEFINITION_FORMATION_WITH_SPECIFIED_SOURCE ( 'ANY', '', #178, .NOT_KNOWN. ) ;
#1195 = DIRECTION ( 'NONE',  ( 0.5547001962252205987, 0.000000000000000000, 0.8320502943378493832 ) ) ;
#1196 = FACE_OUTER_BOUND ( 'NONE', #174, .T. ) ;
#1197 = DIRECTION ( 'NONE',  ( 0.000000000000000000, -1.000000000000000000, 0.000000000000000000 ) ) ;
#1198 = ORIENTED_EDGE ( 'NONE', *, *, #4060, .T. ) ;
#1199 = CC_DESIGN_APPROVAL ( #3089, ( #1194 ) ) ;
#1200 = LINE ( 'NONE', #3503, #2581 ) ;
#1201 = EDGE_CURVE ( 'NONE', #1386, #2706, #1897, .T. ) ;
#1202 = CARTESIAN_POINT ( 'NONE',  ( 13.29905896967304635, 7.500000000000029310, -15.99248337494183581 ) ) ;
#1203 = EDGE_CURVE ( 'NONE', #2638, #2951, #935, .T. ) ;
#1204 = CARTESIAN_POINT ( 'NONE',  ( -10.95962741758639325, 8.000000000000000000, -14.66731552940186312 ) ) ;
#1205 = ORIENTED_EDGE ( 'NONE', *, *, #41, .T. ) ;
#1206 = EDGE_CURVE ( 'NONE', #744, #657, #3252, .T. ) ;
#1207 = DIRECTION ( 'NONE',  ( 1.000953870582561707E-14, 0.7071067811865474617, -0.7071067811865476838 ) ) ;
#1208 = AXIS2_PLACEMENT_3D ( 'NONE', #686, #1987, #1350 ) ;
#1209 = DIRECTION ( 'NONE',  ( 0.000000000000000000, 0.000000000000000000, 1.000000000000000000 ) ) ;
#1210 = CARTESIAN_POINT ( 'NONE',  ( 15.44568322948033945, 5.594744111674245346, -14.89248337494180596 ) ) ;
#1211 = UNCERTAINTY_MEASURE_WITH_UNIT (LENGTH_MEASURE( 1.000000000000000082E-05 ), #1986, 'distance_accuracy_value', 'NONE');
#1212 = ORIENTED_EDGE ( 'NONE', *, *, #765, .T. ) ;
#1213 = CARTESIAN_POINT ( 'NONE',  ( -19.00000000000023448, 5.594744111674238241, 14.89248337494178109 ) ) ;
#1214 = EDGE_LOOP ( 'NONE', ( #3642, #1559, #2884, #4037 ) ) ;
#1215 = AXIS2_PLACEMENT_3D ( 'NONE', #3630, #1022, #3278 ) ;
#1216 = VERTEX_POINT ( 'NONE', #1101 ) ;
#1217 = EDGE_CURVE ( 'NONE', #3562, #3446, #3709, .T. ) ;
#1218 = ORIENTED_EDGE ( 'NONE', *, *, #1217, .T. ) ;
#1219 = CARTESIAN_POINT ( 'NONE',  ( -15.44568322948037320, 5.594744111674238241, 14.89248337494180419 ) ) ;
#1220 = CYLINDRICAL_SURFACE ( 'NONE', #3903, 0.5009889549883530524 ) ;
#1221 = VERTEX_POINT ( 'NONE', #2006 ) ;
#1222 = CARTESIAN_POINT ( 'NONE',  ( -15.44568322948038031, 7.500000000000008882, 14.09248337494180525 ) ) ;
#1223 = FACE_OUTER_BOUND ( 'NONE', #344, .T. ) ;
#1224 = CARTESIAN_POINT ( 'NONE',  ( -19.00000000000078515, 0.000000000000000000, 17.99999999999972999 ) ) ;
#1225 = ORIENTED_EDGE ( 'NONE', *, *, #3546, .F. ) ;
#1226 = EDGE_CURVE ( 'NONE', #2362, #3610, #1785, .T. ) ;
#1227 = CARTESIAN_POINT ( 'NONE',  ( -16.00000000000027001, 8.000000000000000000, 19.39999999999975699 ) ) ;
#1228 = DIRECTION ( 'NONE',  ( -1.000000000000000000, 0.000000000000000000, -6.938893903907229955E-15 ) ) ;
#1229 = EDGE_CURVE ( 'NONE', #3337, #1627, #23, .T. ) ;
#1230 = VERTEX_POINT ( 'NONE', #1466 ) ;
#1231 = LINE ( 'NONE', #3799, #3719 ) ;
#1232 = VECTOR ( 'NONE', #2017, 1000.000000000000114 ) ;
#1233 = LINE ( 'NONE', #1271, #1864 ) ;
#1234 = FACE_OUTER_BOUND ( 'NONE', #955, .T. ) ;
#1235 = ORIENTED_EDGE ( 'NONE', *, *, #2594, .T. ) ;
#1236 = VERTEX_POINT ( 'NONE', #469 ) ;
#1237 = EDGE_CURVE ( 'NONE', #1016, #1615, #805, .T. ) ;
#1238 = DIRECTION ( 'NONE',  ( 0.000000000000000000, 0.000000000000000000, -1.000000000000000000 ) ) ;
#1239 = VECTOR ( 'NONE', #331, 1000.000000000000114 ) ;
#1240 = ORIENTED_EDGE ( 'NONE', *, *, #14, .F. ) ;
#1241 = LINE ( 'NONE', #2816, #560 ) ;
#1242 = LINE ( 'NONE', #3811, #660 ) ;
#1243 = DIRECTION ( 'NONE',  ( 0.000000000000000000, 0.000000000000000000, 1.000000000000000000 ) ) ;
#1244 = VERTEX_POINT ( 'NONE', #1663 ) ;
#1245 = VECTOR ( 'NONE', #3419, 1000.000000000000000 ) ;
#1246 = DIRECTION ( 'NONE',  ( 4.903554850278076318E-15, 0.7071067811865451302, -0.7071067811865500152 ) ) ;
#1247 = VECTOR ( 'NONE', #3239, 1000.000000000000000 ) ;
#1248 = CARTESIAN_POINT ( 'NONE',  ( -3.062355534902891030, 7.500000000000000000, -14.74248337494193173 ) ) ;
#1249 = ORIENTED_EDGE ( 'NONE', *, *, #179, .T. ) ;
#1250 = AXIS2_PLACEMENT_3D ( 'NONE', #3669, #3354, #1485 ) ;
#1251 = CIRCLE ( 'NONE', #1589, 11.74999999999999645 ) ;
#1252 = EDGE_CURVE ( 'NONE', #1221, #2978, #823, .T. ) ;
#1253 = DIRECTION ( 'NONE',  ( -0.4264014327112237712, 0.6396021490668334364, 0.6396021490668272191 ) ) ;
#1254 = CARTESIAN_POINT ( 'NONE',  ( 0.000000000000000000, 0.000000000000000000, 0.000000000000000000 ) ) ;
#1255 = LINE ( 'NONE', #2867, #2137 ) ;
#1256 = ORIENTED_EDGE ( 'NONE', *, *, #3107, .T. ) ;
#1257 = ORIENTED_EDGE ( 'NONE', *, *, #3028, .T. ) ;
#1258 = CARTESIAN_POINT ( 'NONE',  ( -10.56146343044776614, 8.000000000000000000, -16.77933980544170467 ) ) ;
#1259 = DIRECTION ( 'NONE',  ( -1.000000000000000000, 0.000000000000000000, 0.000000000000000000 ) ) ;
#1260 = ORIENTED_EDGE ( 'NONE', *, *, #3643, .F. ) ;
#1261 = CARTESIAN_POINT ( 'NONE',  ( -11.74999999999988987, 8.000000000000000000, -15.39248337494199248 ) ) ;
#1262 = DIRECTION ( 'NONE',  ( 0.000000000000000000, -1.000000000000000000, 0.000000000000000000 ) ) ;
#1263 = FACE_OUTER_BOUND ( 'NONE', #3998, .T. ) ;
#1264 = EDGE_LOOP ( 'NONE', ( #3380, #1925, #3202, #3955, #1662 ) ) ;
#1265 = EDGE_CURVE ( 'NONE', #2307, #2483, #1980, .T. ) ;
#1266 = EDGE_CURVE ( 'NONE', #2210, #1317, #362, .T. ) ;
#1267 = CARTESIAN_POINT ( 'NONE',  ( -18.50000000000023093, -8.131516293641283255E-16, 13.59248337494179104 ) ) ;
#1268 = DIRECTION ( 'NONE',  ( 1.000000000000000000, 0.000000000000000000, 6.938893903907229955E-15 ) ) ;
#1269 = ORIENTED_EDGE ( 'NONE', *, *, #1809, .F. ) ;
#1270 = CARTESIAN_POINT ( 'NONE',  ( -19.00000000000022737, 7.500000000000008882, 14.09248337494178038 ) ) ;
#1271 = CARTESIAN_POINT ( 'NONE',  ( 15.44568322948033945, 7.500000000000000000, -14.89248337494180596 ) ) ;
#1272 = DIRECTION ( 'NONE',  ( 0.000000000000000000, 0.7071067811865475727, -0.7071067811865475727 ) ) ;
#1273 = VERTEX_POINT ( 'NONE', #2081 ) ;
#1274 = ORIENTED_EDGE ( 'NONE', *, *, #3265, .T. ) ;
#1275 = EDGE_CURVE ( 'NONE', #696, #2303, #2697, .T. ) ;
#1276 = DIRECTION ( 'NONE',  ( -1.000000000000000000, -0.000000000000000000, -6.938893903907227589E-15 ) ) ;
#1277 = VECTOR ( 'NONE', #2425, 1000.000000000000000 ) ;
#1278 = LINE ( 'NONE', #2564, #1007 ) ;
#1279 = ORIENTED_EDGE ( 'NONE', *, *, #200, .T. ) ;
#1280 = ADVANCED_FACE ( 'NONE', ( #3041 ), #2602, .T. ) ;
#1281 = VECTOR ( 'NONE', #1087, 1000.000000000000000 ) ;
#1282 = FACE_OUTER_BOUND ( 'NONE', #3882, .T. ) ;
#1283 = EDGE_CURVE ( 'NONE', #4076, #1499, #2720, .T. ) ;
#1284 = FACE_OUTER_BOUND ( 'NONE', #3734, .T. ) ;
#1285 = DIRECTION ( 'NONE',  ( -0.000000000000000000, -0.7065940203127584196, 0.7076191704993958220 ) ) ;
#1286 = DIRECTION ( 'NONE',  ( 0.5547001962252349205, 0.000000000000000000, -0.8320502943378398353 ) ) ;
#1287 = EDGE_LOOP ( 'NONE', ( #3274, #267, #4155, #2723 ) ) ;
#1288 = DIRECTION ( 'NONE',  ( 0.000000000000000000, -1.000000000000000000, 0.000000000000000000 ) ) ;
#1289 = CARTESIAN_POINT ( 'NONE',  ( 14.00000000000027001, 1.399999999999973488, -19.39999999999977121 ) ) ;
#1290 = APPROVAL ( #2606, 'UNSPECIFIED' ) ;
#1291 = ORIENTED_EDGE ( 'NONE', *, *, #819, .T. ) ;
#1292 = B_SPLINE_CURVE_WITH_KNOTS ( 'NONE', 3,
 ( #861, #1534, #4100, #1222 ),
 .UNSPECIFIED., .F., .F.,
 ( 4, 4 ),
 ( 0.000000000000000000, 0.0007847638998485842714 ),
 .UNSPECIFIED. ) ;
#1293 = LINE ( 'NONE', #2328, #3251 ) ;
#1294 = ORIENTED_EDGE ( 'NONE', *, *, #3984, .F. ) ;
#1295 = ORIENTED_EDGE ( 'NONE', *, *, #3190, .T. ) ;
#1296 = DIRECTION ( 'NONE',  ( 1.733009607480645301E-15, 0.000000000000000000, -1.000000000000000000 ) ) ;
#1297 = DIRECTION ( 'NONE',  ( -0.9985512684938866457, -0.000000000000000000, -0.05380858843391087692 ) ) ;
#1298 = CARTESIAN_POINT ( 'NONE',  ( -14.00000000000029488, 7.500000000000000000, 15.99248337494181982 ) ) ;
#1299 = ORIENTED_EDGE ( 'NONE', *, *, #276, .F. ) ;
#1300 = B_SPLINE_CURVE_WITH_KNOTS ( 'NONE', 3,
 ( #3791, #2118, #3136, #204 ),
 .UNSPECIFIED., .F., .F.,
 ( 4, 4 ),
 ( 0.02513447477324687665, 0.02620259862815929597 ),
 .UNSPECIFIED. ) ;
#1301 = APPROVAL_STATUS ( 'not_yet_approved' ) ;
#1302 = DIRECTION ( 'NONE',  ( 1.000000000000000000, 0.000000000000000000, 1.517883041479734607E-14 ) ) ;
#1303 = AXIS2_PLACEMENT_3D ( 'NONE', #2000, #2636, #2908 ) ;
#1304 = PLANE ( 'NONE',  #495 ) ;
#1305 = ADVANCED_FACE ( 'NONE', ( #2621 ), #2120, .T. ) ;
#1306 = PLANE ( 'NONE',  #847 ) ;
#1307 = ORIENTED_EDGE ( 'NONE', *, *, #166, .T. ) ;
#1308 = VECTOR ( 'NONE', #3483, 1000.000000000000114 ) ;
#1309 = AXIS2_PLACEMENT_3D ( 'NONE', #4152, #3231, #1276 ) ;
#1310 = LINE ( 'NONE', #2947, #3178 ) ;
#1311 = CARTESIAN_POINT ( 'NONE',  ( -19.00000000000027711, 0.000000000000000000, -18.00000000000026645 ) ) ;
#1312 = DIRECTION ( 'NONE',  ( 0.7071067811865574537, 1.239037099348072522E-16, -0.7071067811865376918 ) ) ;
#1313 = ORIENTED_EDGE ( 'NONE', *, *, #1407, .T. ) ;
#1314 = DIRECTION ( 'NONE',  ( 0.5547001962252341434, 0.000000000000000000, -0.8320502943378402794 ) ) ;
#1315 = DIRECTION ( 'NONE',  ( 0.04996154958886048214, -0.7071067811865463515, -0.7053395236073770613 ) ) ;
#1316 = AXIS2_PLACEMENT_3D ( 'NONE', #308, #2280, #603 ) ;
#1317 = VERTEX_POINT ( 'NONE', #4011 ) ;
#1318 = AXIS2_PLACEMENT_3D ( 'NONE', #3370, #1741, #483 ) ;
#1319 = ORIENTED_EDGE ( 'NONE', *, *, #1572, .T. ) ;
#1320 = EDGE_CURVE ( 'NONE', #3329, #271, #1125, .T. ) ;
#1321 = DIRECTION ( 'NONE',  ( -6.921551667672176707E-15, 0.000000000000000000, 1.000000000000000000 ) ) ;
#1322 = CARTESIAN_POINT ( 'NONE',  ( -0.5000000000000001110, 8.000000000000000000, 11.73935688187389204 ) ) ;
#1323 = CARTESIAN_POINT ( 'NONE',  ( 18.49999999999977973, 8.000000000000001776, 18.25000000000013145 ) ) ;
#1324 = ORIENTED_EDGE ( 'NONE', *, *, #2626, .T. ) ;
#1325 = DIRECTION ( 'NONE',  ( 0.000000000000000000, 0.000000000000000000, 1.000000000000000000 ) ) ;
#1326 = CARTESIAN_POINT ( 'NONE',  ( -11.00000000000025935, 8.000000000000000000, 17.89999999999979252 ) ) ;
#1327 = DIRECTION ( 'NONE',  ( 0.000000000000000000, 1.000000000000000000, 0.000000000000000000 ) ) ;
#1328 = FACE_OUTER_BOUND ( 'NONE', #95, .T. ) ;
#1329 = ORIENTED_EDGE ( 'NONE', *, *, #4142, .T. ) ;
#1330 = EDGE_CURVE ( 'NONE', #3863, #3838, #2414, .T. ) ;
#1331 = CARTESIAN_POINT ( 'NONE',  ( -18.50000000000023093, 8.000000000000000000, 13.59248337494179282 ) ) ;
#1332 = ADVANCED_FACE ( 'NONE', ( #3564 ), #702, .F. ) ;
#1333 = DIRECTION ( 'NONE',  ( -0.000000000000000000, 1.000000000000000000, -0.000000000000000000 ) ) ;
#1334 = LINE ( 'NONE', #2950, #2180 ) ;
#1335 = ORIENTED_EDGE ( 'NONE', *, *, #3389, .F. ) ;
#1336 = EDGE_CURVE ( 'NONE', #3120, #2910, #4027, .T. ) ;
#1337 = EDGE_CURVE ( 'NONE', #855, #978, #508, .T. ) ;
#1338 = DIRECTION ( 'NONE',  ( 0.000000000000000000, -1.000000000000000000, 0.000000000000000000 ) ) ;
#1339 = DIRECTION ( 'NONE',  ( 0.5547001962252233742, 0.000000000000000000, 0.8320502943378474958 ) ) ;
#1340 = VERTEX_POINT ( 'NONE', #526 ) ;
#1341 = ORIENTED_EDGE ( 'NONE', *, *, #1403, .T. ) ;
#1342 = DIRECTION ( 'NONE',  ( 0.5547001962252349205, 0.000000000000000000, -0.8320502943378398353 ) ) ;
#1343 = CARTESIAN_POINT ( 'NONE',  ( -3.010003368850718175, 7.782801904362473877, -18.46719809563742487 ) ) ;
#1344 = VECTOR ( 'NONE', #2359, 1000.000000000000000 ) ;
#1345 = ADVANCED_FACE ( 'NONE', ( #3139 ), #586, .F. ) ;
#1346 = CARTESIAN_POINT ( 'NONE',  ( 14.00000000000023803, 7.500000000000008882, -14.49248337494183581 ) ) ;
#1347 = ORIENTED_EDGE ( 'NONE', *, *, #250, .F. ) ;
#1348 =( NAMED_UNIT ( * ) PLANE_ANGLE_UNIT ( ) SI_UNIT ( $, .RADIAN. ) );
#1349 = VECTOR ( 'NONE', #1778, 1000.000000000000114 ) ;
#1350 = DIRECTION ( 'NONE',  ( 0.9975007203633288189, 0.000000000000000000, 0.07065630102574080307 ) ) ;
#1351 = FACE_OUTER_BOUND ( 'NONE', #2150, .T. ) ;
#1352 = PLANE ( 'NONE',  #3360 ) ;
#1353 = VERTEX_POINT ( 'NONE', #2824 ) ;
#1354 = VECTOR ( 'NONE', #3912, 1000.000000000000000 ) ;
#1355 = LINE ( 'NONE', #1008, #1239 ) ;
#1356 = LINE ( 'NONE', #2673, #1179 ) ;
#1357 = CARTESIAN_POINT ( 'NONE',  ( 18.11764705882379545, 8.382352941176471006, -19.22352941176445285 ) ) ;
#1358 = ORIENTED_EDGE ( 'NONE', *, *, #1459, .F. ) ;
#1359 = PLANE ( 'NONE',  #758 ) ;
#1360 = CARTESIAN_POINT ( 'NONE',  ( 19.00000000000024158, 7.500000000000000888, -15.39248337494178109 ) ) ;
#1361 = EDGE_CURVE ( 'NONE', #720, #1965, #3099, .T. ) ;
#1362 = EDGE_LOOP ( 'NONE', ( #3228, #335, #410, #889, #2095 ) ) ;
#1363 = VERTEX_POINT ( 'NONE', #926 ) ;
#1364 = LINE ( 'NONE', #3085, #4038 ) ;
#1365 = DIRECTION ( 'NONE',  ( 0.7071067811865451302, 0.000000000000000000, 0.7071067811865500152 ) ) ;
#1366 = ORIENTED_EDGE ( 'NONE', *, *, #401, .T. ) ;
#1367 = EDGE_CURVE ( 'NONE', #1552, #3540, #1162, .T. ) ;
#1368 = APPROVAL_ROLE ( '' ) ;
#1369 = CARTESIAN_POINT ( 'NONE',  ( -16.93333333333358581, 8.673617379884035472E-16, 17.99999999999975842 ) ) ;
#1370 = DIRECTION ( 'NONE',  ( 0.8320502943378491612, 0.000000000000000000, -0.5547001962252210427 ) ) ;
#1371 = CARTESIAN_POINT ( 'NONE',  ( 0.4999999999999998890, 8.000000000000000000, 11.73935688187389204 ) ) ;
#1372 = ORIENTED_EDGE ( 'NONE', *, *, #3766, .F. ) ;
#1373 = EDGE_CURVE ( 'NONE', #2617, #2184, #1457, .T. ) ;
#1374 = AXIS2_PLACEMENT_3D ( 'NONE', #1694, #2343, #985 ) ;
#1375 = CARTESIAN_POINT ( 'NONE',  ( 12.55431677052014727, 5.594744111674231135, -14.09248337494182657 ) ) ;
#1376 = DIRECTION ( 'NONE',  ( 1.000000000000000000, -0.000000000000000000, 1.415562539087702249E-14 ) ) ;
#1377 = FACE_OUTER_BOUND ( 'NONE', #3992, .T. ) ;
#1378 = VECTOR ( 'NONE', #1160, 1000.000000000000000 ) ;
#1379 = VECTOR ( 'NONE', #734, 1000.000000000000000 ) ;
#1380 = EDGE_LOOP ( 'NONE', ( #2601, #2402, #2437, #2193 ) ) ;
#1381 = VECTOR ( 'NONE', #2754, 1000.000000000000000 ) ;
#1382 = VECTOR ( 'NONE', #2559, 1000.000000000000000 ) ;
#1383 = VECTOR ( 'NONE', #680, 1000.000000000000000 ) ;
#1384 = CARTESIAN_POINT ( 'NONE',  ( -19.20909090909119854, 3.213636363636377613, 21.21363636363610539 ) ) ;
#1385 = DIRECTION ( 'NONE',  ( 0.4264014327112173319, -0.6396021490668295506, 0.6396021490668355458 ) ) ;
#1386 = VERTEX_POINT ( 'NONE', #3795 ) ;
#1387 = ORIENTED_EDGE ( 'NONE', *, *, #1855, .T. ) ;
#1388 = VECTOR ( 'NONE', #2404, 1000.000000000000000 ) ;
#1389 = CARTESIAN_POINT ( 'NONE',  ( 2.964671849486886668, -8.131516293641283255E-16, 16.24123373512358270 ) ) ;
#1390 = CARTESIAN_POINT ( 'NONE',  ( -18.99999999999979750, 8.000000000000000000, -18.74999999999993250 ) ) ;
#1391 = ORIENTED_EDGE ( 'NONE', *, *, #1938, .T. ) ;
#1392 = EDGE_LOOP ( 'NONE', ( #4051, #3660, #4107 ) ) ;
#1393 = VECTOR ( 'NONE', #248, 1000.000000000000000 ) ;
#1394 = VECTOR ( 'NONE', #1935, 1000.000000000000000 ) ;
#1395 = LINE ( 'NONE', #3302, #3121 ) ;
#1396 = CARTESIAN_POINT ( 'NONE',  ( -10.25000000000010303, -8.131516293641283255E-16, 15.39248337494184860 ) ) ;
#1397 = DIRECTION ( 'NONE',  ( 0.000000000000000000, -1.000000000000000000, 0.000000000000000000 ) ) ;
#1398 = ORIENTED_EDGE ( 'NONE', *, *, #1574, .T. ) ;
#1399 = DIRECTION ( 'NONE',  ( -0.7071067811865493491, -0.7071067811865456854, -1.000953870582564073E-14 ) ) ;
#1400 = DIRECTION ( 'NONE',  ( -1.000000000000000000, 0.000000000000000000, -6.938893903907229955E-15 ) ) ;
#1401 = LINE ( 'NONE', #3308, #74 ) ;
#1402 = EDGE_CURVE ( 'NONE', #1759, #3256, #282, .T. ) ;
#1403 = EDGE_CURVE ( 'NONE', #2683, #915, #1484, .T. ) ;
#1404 = ORIENTED_EDGE ( 'NONE', *, *, #1084, .T. ) ;
#1405 = LINE ( 'NONE', #741, #4055 ) ;
#1406 = CARTESIAN_POINT ( 'NONE',  ( -17.06666666666693644, -4.336808689942017736E-16, 17.99999999999975842 ) ) ;
#1407 = EDGE_CURVE ( 'NONE', #2561, #388, #1999, .T. ) ;
#1408 = CC_DESIGN_APPROVAL ( #3599, ( #2736 ) ) ;
#1409 = ORIENTED_EDGE ( 'NONE', *, *, #1454, .F. ) ;
#1410 = ORIENTED_EDGE ( 'NONE', *, *, #989, .T. ) ;
#1411 = DIRECTION ( 'NONE',  ( -0.000000000000000000, 1.000000000000000000, -0.000000000000000000 ) ) ;
#1412 = DIRECTION ( 'NONE',  ( -1.000953870582561707E-14, 0.7071067811865474617, 0.7071067811865476838 ) ) ;
#1413 = ORIENTED_EDGE ( 'NONE', *, *, #2834, .F. ) ;
#1414 = ORIENTED_EDGE ( 'NONE', *, *, #2544, .F. ) ;
#1415 = EDGE_CURVE ( 'NONE', #1937, #4076, #1503, .T. ) ;
#1416 = AXIS2_PLACEMENT_3D ( 'NONE', #1901, #2898, #1644 ) ;
#1417 = CARTESIAN_POINT ( 'NONE',  ( 12.50000000000027178, -5.999999999999943157, -11.99999999999987743 ) ) ;
#1418 = DIRECTION ( 'NONE',  ( -4.906538933386781465E-15, 0.7071067811865500152, 0.7071067811865451302 ) ) ;
#1419 = CARTESIAN_POINT ( 'NONE',  ( -19.00000000000022027, 7.500000000000008882, 13.59248337494178749 ) ) ;
#1420 = EDGE_CURVE ( 'NONE', #2393, #2234, #1521, .T. ) ;
#1421 = ORIENTED_EDGE ( 'NONE', *, *, #896, .F. ) ;
#1422 = EDGE_CURVE ( 'NONE', #3329, #1236, #2204, .T. ) ;
#1423 = DIRECTION ( 'NONE',  ( -0.000000000000000000, 1.000000000000000000, 0.000000000000000000 ) ) ;
#1424 = LINE ( 'NONE', #1444, #2004 ) ;
#1425 = DIRECTION ( 'NONE',  ( -1.000000000000000000, -0.000000000000000000, -6.938893903907233111E-15 ) ) ;
#1426 = VECTOR ( 'NONE', #1879, 1000.000000000000114 ) ;
#1427 = VERTEX_POINT ( 'NONE', #2841 ) ;
#1428 = ADVANCED_FACE ( 'NONE', ( #2803 ), #3472, .F. ) ;
#1429 = DIRECTION ( 'NONE',  ( -0.9975007203633288189, 0.000000000000000000, -0.07065630102574080307 ) ) ;
#1430 = CARTESIAN_POINT ( 'NONE',  ( -17.00000000000026290, 0.000000000000000000, 17.89999999999974989 ) ) ;
#1431 = CARTESIAN_POINT ( 'NONE',  ( 18.50000000000024158, 7.500000000000000888, -14.89248337494178642 ) ) ;
#1432 = ORIENTED_EDGE ( 'NONE', *, *, #459, .F. ) ;
#1433 = EDGE_LOOP ( 'NONE', ( #1341, #3824, #1784 ) ) ;
#1434 = DIRECTION ( 'NONE',  ( -1.415562539087702249E-14, 0.000000000000000000, 1.000000000000000000 ) ) ;
#1435 = DIRECTION ( 'NONE',  ( 0.02500421070876379312, -0.7068857013148720503, -0.7068857013148682755 ) ) ;
#1436 = ORIENTED_EDGE ( 'NONE', *, *, #3286, .F. ) ;
#1437 = EDGE_LOOP ( 'NONE', ( #2643, #210, #3470, #3977 ) ) ;
#1438 = DIRECTION ( 'NONE',  ( -0.5773502691896315042, -0.5773502691896270633, 0.5773502691896187367 ) ) ;
#1439 = CARTESIAN_POINT ( 'NONE',  ( -0.5000000000000001110, 8.000000000000000000, -14.60440660437519256 ) ) ;
#1440 = CARTESIAN_POINT ( 'NONE',  ( 12.55431677052014372, 7.500000000000000888, -14.89248337494182728 ) ) ;
#1441 = ORIENTED_EDGE ( 'NONE', *, *, #2818, .T. ) ;
#1442 = CARTESIAN_POINT ( 'NONE',  ( -8.986538101553518842, -8.131516293641283255E-16, 13.59248337494185854 ) ) ;
#1443 = EDGE_CURVE ( 'NONE', #1317, #356, #2163, .T. ) ;
#1444 = CARTESIAN_POINT ( 'NONE',  ( 19.00000000000022027, 7.500000000000008882, -13.59248337494178571 ) ) ;
#1445 = CARTESIAN_POINT ( 'NONE',  ( 15.78605710994942335, 8.000000000000000000, -15.39248337494180241 ) ) ;
#1446 = ORIENTED_EDGE ( 'NONE', *, *, #2578, .F. ) ;
#1447 = DIRECTION ( 'NONE',  ( 0.5547001962252227081, 0.000000000000000000, 0.8320502943378479399 ) ) ;
#1448 = CONICAL_SURFACE ( 'NONE', #3317, 0.5009889549883530524, 0.7853981633974445042 ) ;
#1449 = PLANE ( 'NONE',  #2796 ) ;
#1450 = EDGE_LOOP ( 'NONE', ( #2357, #2569, #3887, #3312, #1936 ) ) ;
#1451 = CARTESIAN_POINT ( 'NONE',  ( -0.5000000000000001110, 7.000000000000000000, -11.36400567581695498 ) ) ;
#1452 = FACE_OUTER_BOUND ( 'NONE', #2999, .T. ) ;
#1453 = ORIENTED_EDGE ( 'NONE', *, *, #2586, .F. ) ;
#1454 = EDGE_CURVE ( 'NONE', #792, #3185, #4088, .T. ) ;
#1455 = EDGE_LOOP ( 'NONE', ( #2148, #1610, #3324, #2860 ) ) ;
#1456 = AXIS2_PLACEMENT_3D ( 'NONE', #33, #1327, #2608 ) ;
#1457 = CIRCLE ( 'NONE', #25, 11.37499999999999822 ) ;
#1458 = DIRECTION ( 'NONE',  ( 0.9985512684938866457, 0.000000000000000000, 0.05380858843391087692 ) ) ;
#1459 = EDGE_CURVE ( 'NONE', #3687, #3313, #186, .T. ) ;
#1460 = ORIENTED_EDGE ( 'NONE', *, *, #4078, .T. ) ;
#1461 = VECTOR ( 'NONE', #3646, 1000.000000000000000 ) ;
#1462 = LINE ( 'NONE', #3684, #4058 ) ;
#1463 = LINE ( 'NONE', #2772, #1611 ) ;
#1464 = DIRECTION ( 'NONE',  ( 0.000000000000000000, -1.000000000000000000, 0.000000000000000000 ) ) ;
#1465 = EDGE_LOOP ( 'NONE', ( #3413, #2378, #1035, #1000, #3289, #565 ) ) ;
#1466 = CARTESIAN_POINT ( 'NONE',  ( -0.5000000000000000000, 7.500000000000008882, 14.55051994864538045 ) ) ;
#1467 = LINE ( 'NONE', #3710, #1734 ) ;
#1468 = EDGE_CURVE ( 'NONE', #2270, #111, #705, .T. ) ;
#1469 = ORIENTED_EDGE ( 'NONE', *, *, #3265, .F. ) ;
#1470 = EDGE_CURVE ( 'NONE', #298, #3293, #3428, .T. ) ;
#1471 = CARTESIAN_POINT ( 'NONE',  ( -18.99999999999979750, 7.500000000000008882, -18.74999999999993250 ) ) ;
#1472 = ORIENTED_EDGE ( 'NONE', *, *, #3338, .F. ) ;
#1473 = ORIENTED_EDGE ( 'NONE', *, *, #2410, .T. ) ;
#1474 = ORIENTED_EDGE ( 'NONE', *, *, #3, .F. ) ;
#1475 = CARTESIAN_POINT ( 'NONE',  ( -9.016237682629403949, 0.04094989012440056891, 15.35153348481745539 ) ) ;
#1476 = EDGE_CURVE ( 'NONE', #2690, #3550, #1542, .T. ) ;
#1477 = CARTESIAN_POINT ( 'NONE',  ( -15.56975001412662785, 7.663055699907822316, 15.05553907484963183 ) ) ;
#1478 = ORIENTED_EDGE ( 'NONE', *, *, #2715, .F. ) ;
#1479 = DIRECTION ( 'NONE',  ( 1.000953870582561707E-14, 0.7071067811865474617, -0.7071067811865476838 ) ) ;
#1480 = CARTESIAN_POINT ( 'NONE',  ( 18.50000000000023448, -8.131516293636227643E-16, -13.59248337494179459 ) ) ;
#1481 = DIRECTION ( 'NONE',  ( 0.000000000000000000, 0.000000000000000000, 1.000000000000000000 ) ) ;
#1482 = CARTESIAN_POINT ( 'NONE',  ( 19.00000000000022027, 7.500000000000008882, -13.59248337494178571 ) ) ;
#1483 = AXIS2_PLACEMENT_3D ( 'NONE', #387, #2026, #1751 ) ;
#1484 = LINE ( 'NONE', #247, #2656 ) ;
#1485 = DIRECTION ( 'NONE',  ( 0.000000000000000000, 0.000000000000000000, 1.000000000000000000 ) ) ;
#1486 = VERTEX_POINT ( 'NONE', #2141 ) ;
#1487 = AXIS2_PLACEMENT_3D ( 'NONE', #64, #2354, #407 ) ;
#1488 = PLANE ( 'NONE',  #2623 ) ;
#1489 = CARTESIAN_POINT ( 'NONE',  ( 18.50000000000003908, 8.000000000000000000, 4.282076680740304341E-13 ) ) ;
#1490 = ORIENTED_EDGE ( 'NONE', *, *, #330, .F. ) ;
#1491 = ORIENTED_EDGE ( 'NONE', *, *, #1560, .T. ) ;
#1492 = LINE ( 'NONE', #3071, #1996 ) ;
#1493 = DIRECTION ( 'NONE',  ( -0.04996154958886016295, 0.7071067811865502373, 0.7053395236073730645 ) ) ;
#1494 = CARTESIAN_POINT ( 'NONE',  ( -16.00000000000027001, 8.000000000000000000, 19.39999999999975699 ) ) ;
#1495 = ORIENTED_EDGE ( 'NONE', *, *, #1053, .F. ) ;
#1496 = LINE ( 'NONE', #4042, #3723 ) ;
#1497 = DIRECTION ( 'NONE',  ( -0.03804841776769431194, -0.7071067811865473507, 0.7060823733144564462 ) ) ;
#1498 = LINE ( 'NONE', #2472, #831 ) ;
#1499 = VERTEX_POINT ( 'NONE', #3775 ) ;
#1500 = EDGE_CURVE ( 'NONE', #909, #1363, #1588, .T. ) ;
#1501 = VECTOR ( 'NONE', #266, 1000.000000000000000 ) ;
#1502 = DIRECTION ( 'NONE',  ( -0.000000000000000000, 1.000000000000000000, -0.000000000000000000 ) ) ;
#1503 = LINE ( 'NONE', #2182, #164 ) ;
#1504 = DIRECTION ( 'NONE',  ( -0.9975007203633288189, -0.000000000000000000, -0.07065630102574080307 ) ) ;
#1505 = VERTEX_POINT ( 'NONE', #945 ) ;
#1506 = CIRCLE ( 'NONE', #218, 0.5009889549883530524 ) ;
#1507 = DIRECTION ( 'NONE',  ( -1.517883041479734607E-14, 0.000000000000000000, 1.000000000000000000 ) ) ;
#1508 = ORIENTED_EDGE ( 'NONE', *, *, #1537, .F. ) ;
#1509 = VERTEX_POINT ( 'NONE', #3922 ) ;
#1510 = VECTOR ( 'NONE', #3153, 1000.000000000000114 ) ;
#1511 = ORIENTED_EDGE ( 'NONE', *, *, #1069, .F. ) ;
#1512 = LINE ( 'NONE', #1475, #3059 ) ;
#1513 = CARTESIAN_POINT ( 'NONE',  ( -11.00000000000025935, 8.000000000000000000, 17.89999999999979252 ) ) ;
#1514 = EDGE_LOOP ( 'NONE', ( #2504, #489, #2743, #1218 ) ) ;
#1515 = LINE ( 'NONE', #2196, #764 ) ;
#1516 = EDGE_CURVE ( 'NONE', #874, #2214, #3836, .T. ) ;
#1517 = PLANE ( 'NONE',  #2253 ) ;
#1518 = CIRCLE ( 'NONE', #28, 0.5009889549883513871 ) ;
#1519 = ORIENTED_EDGE ( 'NONE', *, *, #3817, .T. ) ;
#1520 = LINE ( 'NONE', #2119, #778 ) ;
#1521 = LINE ( 'NONE', #3161, #1113 ) ;
#1522 = EDGE_CURVE ( 'NONE', #2561, #2393, #2240, .T. ) ;
#1523 = DIRECTION ( 'NONE',  ( -0.000000000000000000, 1.000000000000000000, -0.000000000000000000 ) ) ;
#1524 = ORIENTED_EDGE ( 'NONE', *, *, #2114, .T. ) ;
#1525 = ADVANCED_FACE ( 'NONE', ( #3902 ), #1033, .T. ) ;
#1526 = CARTESIAN_POINT ( 'NONE',  ( 9.000000000000259348, 7.500000000000008882, -17.89999999999980673 ) ) ;
#1527 = ORIENTED_EDGE ( 'NONE', *, *, #4032, .T. ) ;
#1528 = ORIENTED_EDGE ( 'NONE', *, *, #2761, .F. ) ;
#1529 = EDGE_LOOP ( 'NONE', ( #3833, #3482, #2933, #3677, #155 ) ) ;
#1530 = PLANE ( 'NONE',  #631 ) ;
#1531 = EDGE_CURVE ( 'NONE', #3246, #4029, #3667, .T. ) ;
#1532 = CARTESIAN_POINT ( 'NONE',  ( 15.78605710994938960, 8.000000000000000000, -13.59248337494181413 ) ) ;
#1533 = ORIENTED_EDGE ( 'NONE', *, *, #1699, .T. ) ;
#1534 = CARTESIAN_POINT ( 'NONE',  ( -15.68153659283865586, 7.830291261162448890, 13.76219211377936524 ) ) ;
#1535 = FACE_OUTER_BOUND ( 'NONE', #2342, .T. ) ;
#1536 = LINE ( 'NONE', #1224, #615 ) ;
#1537 = EDGE_CURVE ( 'NONE', #3026, #240, #3555, .T. ) ;
#1538 = VERTEX_POINT ( 'NONE', #333 ) ;
#1539 = EDGE_CURVE ( 'NONE', #4029, #3246, #1120, .T. ) ;
#1540 = CARTESIAN_POINT ( 'NONE',  ( 1.255262969126036452E-15, 0.4999999999999935052, -10.24999999999999467 ) ) ;
#1541 = VECTOR ( 'NONE', #2875, 1000.000000000000114 ) ;
#1542 = LINE ( 'NONE', #4046, #2929 ) ;
#1543 = CARTESIAN_POINT ( 'NONE',  ( 17.00000000000025935, 8.000000000000000000, -17.89999999999975344 ) ) ;
#1544 = ADVANCED_FACE ( 'NONE', ( #1654 ), #3244, .T. ) ;
#1545 = EDGE_LOOP ( 'NONE', ( #133, #1198, #2003, #199 ) ) ;
#1546 = AXIS2_PLACEMENT_3D ( 'NONE', #1346, #1898, #3480 ) ;
#1547 = LINE ( 'NONE', #1565, #556 ) ;
#1548 = PLANE ( 'NONE',  #2462 ) ;
#1549 = DIRECTION ( 'NONE',  ( 4.300021988468272250E-17, 0.9363291775690443242, -0.3511234415883922599 ) ) ;
#1550 = AXIS2_PLACEMENT_3D ( 'NONE', #3521, #3892, #2213 ) ;
#1551 = ORIENTED_EDGE ( 'NONE', *, *, #1862, .T. ) ;
#1552 = VERTEX_POINT ( 'NONE', #311 ) ;
#1553 = CARTESIAN_POINT ( 'NONE',  ( -20.34338659449161213, 1.513555728134873268, -16.90661340550814984 ) ) ;
#1554 = CARTESIAN_POINT ( 'NONE',  ( 7.588235294116696394, 4.391018798566292958E-15, -17.99999999999989342 ) ) ;
#1555 = ORIENTED_EDGE ( 'NONE', *, *, #2756, .F. ) ;
#1556 = LINE ( 'NONE', #4081, #1308 ) ;
#1557 = DIRECTION ( 'NONE',  ( 1.000953870582561707E-14, 0.7071067811865474617, -0.7071067811865476838 ) ) ;
#1558 = DIRECTION ( 'NONE',  ( -0.000000000000000000, 0.7065940203127613062, 0.7076191704993929354 ) ) ;
#1559 = ORIENTED_EDGE ( 'NONE', *, *, #3014, .F. ) ;
#1560 = EDGE_CURVE ( 'NONE', #1153, #2351, #2883, .T. ) ;
#1561 = CARTESIAN_POINT ( 'NONE',  ( 18.99999999999977973, 0.3535533905932642940, 17.64644660940700405 ) ) ;
#1562 = CARTESIAN_POINT ( 'NONE',  ( 0.4999999999999998890, 7.333332062078953051, -11.48912613227108181 ) ) ;
#1563 = ORIENTED_EDGE ( 'NONE', *, *, #422, .T. ) ;
#1564 = EDGE_CURVE ( 'NONE', #3293, #3194, #2927, .T. ) ;
#1565 = CARTESIAN_POINT ( 'NONE',  ( 18.00000000000027001, 8.000000000000000000, -19.39999999999974634 ) ) ;
#1566 = DIRECTION ( 'NONE',  ( -0.7071067811865439090, -0.000000000000000000, -0.7071067811865512365 ) ) ;
#1567 = DIRECTION ( 'NONE',  ( 0.000000000000000000, 0.000000000000000000, 1.000000000000000000 ) ) ;
#1568 = VERTEX_POINT ( 'NONE', #1289 ) ;
#1569 = EDGE_LOOP ( 'NONE', ( #2489, #1816, #2171, #2829 ) ) ;
#1570 = VECTOR ( 'NONE', #2178, 1000.000000000000000 ) ;
#1571 = CARTESIAN_POINT ( 'NONE',  ( -15.78605710994945177, 8.000000000000000000, 15.39248337494180774 ) ) ;
#1572 = EDGE_CURVE ( 'NONE', #1974, #3696, #2306, .T. ) ;
#1573 = AXIS2_PLACEMENT_3D ( 'NONE', #3975, #3065, #2168 ) ;
#1574 = EDGE_CURVE ( 'NONE', #382, #2481, #673, .T. ) ;
#1575 = CARTESIAN_POINT ( 'NONE',  ( -11.74999999999994493, 8.000000000000000000, -18.24999999999992539 ) ) ;
#1576 = VECTOR ( 'NONE', #277, 1000.000000000000000 ) ;
#1577 = ORIENTED_EDGE ( 'NONE', *, *, #202, .T. ) ;
#1578 = VECTOR ( 'NONE', #821, 1000.000000000000000 ) ;
#1579 = DIRECTION ( 'NONE',  ( -1.000000000000000000, 0.000000000000000000, 0.000000000000000000 ) ) ;
#1580 = VECTOR ( 'NONE', #4134, 1000.000000000000000 ) ;
#1581 = CARTESIAN_POINT ( 'NONE',  ( 19.00000000000023803, 8.000000000000000000, -14.89248337494178287 ) ) ;
#1582 = DIRECTION ( 'NONE',  ( 0.000000000000000000, 0.000000000000000000, 1.000000000000000000 ) ) ;
#1583 = ADVANCED_FACE ( 'NONE', ( #1972 ), #354, .T. ) ;
#1584 = ORIENTED_EDGE ( 'NONE', *, *, #1402, .F. ) ;
#1585 = VECTOR ( 'NONE', #2071, 1000.000000000000000 ) ;
#1586 = PLANE ( 'NONE',  #2400 ) ;
#1587 = VECTOR ( 'NONE', #2032, 1000.000000000000000 ) ;
#1588 = LINE ( 'NONE', #2862, #439 ) ;
#1589 = AXIS2_PLACEMENT_3D ( 'NONE', #3098, #1502, #3448 ) ;
#1590 = EDGE_CURVE ( 'NONE', #747, #1153, #1675, .T. ) ;
#1591 = EDGE_LOOP ( 'NONE', ( #1347, #3928, #3582, #3086, #360 ) ) ;
#1592 = AXIS2_PLACEMENT_3D ( 'NONE', #3918, #688, #1028 ) ;
#1593 = VECTOR ( 'NONE', #191, 1000.000000000000000 ) ;
#1594 = CARTESIAN_POINT ( 'NONE',  ( -11.00000000000025935, 8.000000000000000000, 17.89999999999979252 ) ) ;
#1595 = EDGE_CURVE ( 'NONE', #3792, #855, #1334, .T. ) ;
#1596 = CARTESIAN_POINT ( 'NONE',  ( 12.00000000000027001, 8.000000000000000000, -19.39999999999978542 ) ) ;
#1597 = EDGE_LOOP ( 'NONE', ( #1524, #3722, #2420, #1294, #3919 ) ) ;
#1598 = ORIENTED_EDGE ( 'NONE', *, *, #1468, .F. ) ;
#1599 = ADVANCED_FACE ( 'NONE', ( #692 ), #1995, .T. ) ;
#1600 = DIRECTION ( 'NONE',  ( -0.6785983445458535490, 0.2810846377148005226, 0.6785983445458487751 ) ) ;
#1601 = CARTESIAN_POINT ( 'NONE',  ( -3.017686176606974691, 8.000000000000000000, -18.24999999999990052 ) ) ;
#1602 = ORIENTED_EDGE ( 'NONE', *, *, #2237, .T. ) ;
#1603 = DIRECTION ( 'NONE',  ( 1.000000000000000000, 0.000000000000000000, 6.938893903907227589E-15 ) ) ;
#1604 = CC_DESIGN_PERSON_AND_ORGANIZATION_ASSIGNMENT ( #1687, #2919, ( #3837 ) ) ;
#1605 = DIRECTION ( 'NONE',  ( 0.7071067811865500152, -1.645406930227270737E-16, -0.7071067811865450192 ) ) ;
#1606 = ORIENTED_EDGE ( 'NONE', *, *, #85, .F. ) ;
#1607 = ADVANCED_FACE ( 'NONE', ( #3601 ), #1907, .T. ) ;
#1608 = LINE ( 'NONE', #2882, #504 ) ;
#1609 = CARTESIAN_POINT ( 'NONE',  ( 18.74999999999977263, 7.500000000000008882, 18.50000000000013145 ) ) ;
#1610 = ORIENTED_EDGE ( 'NONE', *, *, #3290, .F. ) ;
#1611 = VECTOR ( 'NONE', #3076, 1000.000000000000114 ) ;
#1612 = LINE ( 'NONE', #1384, #3511 ) ;
#1613 = DIRECTION ( 'NONE',  ( 0.000000000000000000, -1.000000000000000000, 0.000000000000000000 ) ) ;
#1614 = VERTEX_POINT ( 'NONE', #3663 ) ;
#1615 = VERTEX_POINT ( 'NONE', #756 ) ;
#1616 = EDGE_CURVE ( 'NONE', #3843, #2878, #418, .T. ) ;
#1617 = CARTESIAN_POINT ( 'NONE',  ( 12.21394289005107758, 8.000000000000000000, -13.59248337494183190 ) ) ;
#1618 = VECTOR ( 'NONE', #3981, 1000.000000000000114 ) ;
#1619 = CARTESIAN_POINT ( 'NONE',  ( -15.00000000000026112, 8.000000000000000000, 17.89999999999976410 ) ) ;
#1620 = ORIENTED_EDGE ( 'NONE', *, *, #523, .F. ) ;
#1621 = EDGE_LOOP ( 'NONE', ( #4080, #827, #2459 ) ) ;
#1622 = DIRECTION ( 'NONE',  ( 1.000000000000000000, 0.000000000000000000, 0.000000000000000000 ) ) ;
#1623 = CARTESIAN_POINT ( 'NONE',  ( -14.00000000000027178, 8.000000000000000000, 19.39999999999977121 ) ) ;
#1624 = EDGE_CURVE ( 'NONE', #1236, #720, #3016, .T. ) ;
#1625 = CARTESIAN_POINT ( 'NONE',  ( 15.44568322948032169, 7.500000000000008882, -14.09248337494180703 ) ) ;
#1626 = DIRECTION ( 'NONE',  ( 0.000000000000000000, -0.000000000000000000, -1.000000000000000000 ) ) ;
#1627 = VERTEX_POINT ( 'NONE', #1717 ) ;
#1628 = CARTESIAN_POINT ( 'NONE',  ( -11.75000000000010481, 8.000000000000000000, 15.39248337494183438 ) ) ;
#1629 = DIRECTION ( 'NONE',  ( 0.000000000000000000, 0.000000000000000000, 1.000000000000000000 ) ) ;
#1630 = EDGE_CURVE ( 'NONE', #2811, #4076, #1141, .T. ) ;
#1631 = ORIENTED_EDGE ( 'NONE', *, *, #188, .F. ) ;
#1632 = FACE_OUTER_BOUND ( 'NONE', #3888, .T. ) ;
#1633 = CARTESIAN_POINT ( 'NONE',  ( 1.393035734030113691E-15, 7.000000000000000000, -11.37499999999999645 ) ) ;
#1634 = ORIENTED_EDGE ( 'NONE', *, *, #1783, .T. ) ;
#1635 = ORIENTED_EDGE ( 'NONE', *, *, #3762, .T. ) ;
#1636 = VECTOR ( 'NONE', #3224, 1000.000000000000227 ) ;
#1637 = LINE ( 'NONE', #596, #2455 ) ;
#1638 = DIRECTION ( 'NONE',  ( 1.000000000000000000, -0.000000000000000000, 1.415562539087702249E-14 ) ) ;
#1639 = DIRECTION ( 'NONE',  ( 0.9975007203633287078, 0.000000000000000000, 0.07065630102574230187 ) ) ;
#1640 = EDGE_CURVE ( 'NONE', #678, #3458, #162, .T. ) ;
#1641 = ORIENTED_EDGE ( 'NONE', *, *, #2101, .T. ) ;
#1642 = ADVANCED_FACE ( 'NONE', ( #737 ), #417, .F. ) ;
#1643 = APPROVAL_ROLE ( '' ) ;
#1644 = DIRECTION ( 'NONE',  ( 0.000000000000000000, 0.000000000000000000, 1.000000000000000000 ) ) ;
#1645 = CIRCLE ( 'NONE', #3052, 10.75000000000000000 ) ;
#1646 = LINE ( 'NONE', #1945, #1247 ) ;
#1647 = DIRECTION ( 'NONE',  ( 1.415562539087702249E-14, 0.000000000000000000, -1.000000000000000000 ) ) ;
#1648 = EDGE_CURVE ( 'NONE', #76, #3898, #2429, .T. ) ;
#1649 = ORIENTED_EDGE ( 'NONE', *, *, #125, .T. ) ;
#1650 = VECTOR ( 'NONE', #2076, 1000.000000000000114 ) ;
#1651 = EDGE_CURVE ( 'NONE', #2617, #3838, #1074, .T. ) ;
#1652 = DIRECTION ( 'NONE',  ( 0.000000000000000000, -1.000000000000000000, 0.000000000000000000 ) ) ;
#1653 = CARTESIAN_POINT ( 'NONE',  ( -18.50000000000023093, 0.5000000000000029976, 14.89248337494178465 ) ) ;
#1654 = FACE_OUTER_BOUND ( 'NONE', #3384, .T. ) ;
#1655 = EDGE_LOOP ( 'NONE', ( #3760, #3017, #1875 ) ) ;
#1656 = ADVANCED_FACE ( 'NONE', ( #2652 ), #3351, .F. ) ;
#1657 = DIRECTION ( 'NONE',  ( -0.000000000000000000, 1.000000000000000000, -0.000000000000000000 ) ) ;
#1658 = CARTESIAN_POINT ( 'NONE',  ( -14.00000000000028422, 7.499999999999993783, 14.49248337494178784 ) ) ;
#1659 = VECTOR ( 'NONE', #815, 1000.000000000000114 ) ;
#1660 = ORIENTED_EDGE ( 'NONE', *, *, #1422, .T. ) ;
#1661 = VECTOR ( 'NONE', #2905, 1000.000000000000000 ) ;
#1662 = ORIENTED_EDGE ( 'NONE', *, *, #3851, .T. ) ;
#1663 = CARTESIAN_POINT ( 'NONE',  ( -9.000000000000232703, 0.4999999999999891753, 14.09248337494184966 ) ) ;
#1664 = DIRECTION ( 'NONE',  ( -1.000000000000000000, -1.023205023920323968E-15, -1.517883041479734607E-14 ) ) ;
#1665 = DIRECTION ( 'NONE',  ( -0.7071067811865394681, 0.7071067811865554553, 0.000000000000000000 ) ) ;
#1666 = ORIENTED_EDGE ( 'NONE', *, *, #2513, .T. ) ;
#1667 = CALENDAR_DATE ( 2023, 6, 2 ) ;
#1668 = CARTESIAN_POINT ( 'NONE',  ( 0.000000000000000000, 7.000000000000000000, 0.000000000000000000 ) ) ;
#1669 = DIRECTION ( 'NONE',  ( -1.000000000000000000, 0.000000000000000000, -6.938893903907227589E-15 ) ) ;
#1670 = CARTESIAN_POINT ( 'NONE',  ( 14.70094103032744925, 7.500000000000029310, -15.99248337494182870 ) ) ;
#1671 = ORIENTED_EDGE ( 'NONE', *, *, #3643, .T. ) ;
#1672 = DIRECTION ( 'NONE',  ( 1.000953870582561707E-14, 0.7071067811865474617, -0.7071067811865476838 ) ) ;
#1673 = ADVANCED_FACE ( 'NONE', ( #398 ), #2037, .T. ) ;
#1674 = DIRECTION ( 'NONE',  ( 1.000000000000000000, 0.000000000000000000, 2.818925648462358466E-15 ) ) ;
#1675 = LINE ( 'NONE', #1357, #1636 ) ;
#1676 = ORIENTED_EDGE ( 'NONE', *, *, #1415, .F. ) ;
#1677 = EDGE_CURVE ( 'NONE', #1913, #3784, #3986, .T. ) ;
#1678 = PLANE ( 'NONE',  #3385 ) ;
#1679 = DIRECTION ( 'NONE',  ( 0.000000000000000000, 1.000000000000000000, 0.000000000000000000 ) ) ;
#1680 = VERTEX_POINT ( 'NONE', #3013 ) ;
#1681 = ORIENTED_EDGE ( 'NONE', *, *, #200, .F. ) ;
#1682 = DIRECTION ( 'NONE',  ( 8.659560562355021605E-17, -0.7071067811865402453, 0.7071067811865549002 ) ) ;
#1683 = AXIS2_PLACEMENT_3D ( 'NONE', #3055, #862, #1839 ) ;
#1684 = DIRECTION ( 'NONE',  ( 2.818925648462358466E-15, 0.000000000000000000, -1.000000000000000000 ) ) ;
#1685 = ADVANCED_FACE ( 'NONE', ( #3965 ), #75, .F. ) ;
#1686 = VERTEX_POINT ( 'NONE', #444 ) ;
#1687 = PERSON_AND_ORGANIZATION ( #3491, #3819 ) ;
#1688 = AXIS2_PLACEMENT_3D ( 'NONE', #373, #2945, #1946 ) ;
#1689 = FACE_OUTER_BOUND ( 'NONE', #733, .T. ) ;
#1690 = CARTESIAN_POINT ( 'NONE',  ( -17.00000000000026290, 8.000000000000000000, 17.89999999999974989 ) ) ;
#1691 = CARTESIAN_POINT ( 'NONE',  ( 20.00000000000023448, 1.499999999999978684, -16.39999999999974278 ) ) ;
#1692 = VERTEX_POINT ( 'NONE', #3371 ) ;
#1693 = VECTOR ( 'NONE', #1664, 1000.000000000000000 ) ;
#1694 = CARTESIAN_POINT ( 'NONE',  ( -14.00000000000028422, 7.500000000000000000, 14.49248337494178784 ) ) ;
#1695 = PLANE ( 'NONE',  #29 ) ;
#1696 = DIRECTION ( 'NONE',  ( 0.07065630102574244065, 0.000000000000000000, -0.9975007203633287078 ) ) ;
#1697 = ADVANCED_FACE ( 'NONE', ( #1377 ), #102, .F. ) ;
#1698 = ORIENTED_EDGE ( 'NONE', *, *, #3102, .T. ) ;
#1699 = EDGE_CURVE ( 'NONE', #623, #1937, #1401, .T. ) ;
#1700 = CARTESIAN_POINT ( 'NONE',  ( -9.000000000000261124, 8.000000000000000000, 17.89999999999980673 ) ) ;
#1701 = CYLINDRICAL_SURFACE ( 'NONE', #709, 0.5009889549883513871 ) ;
#1702 = VERTEX_POINT ( 'NONE', #1445 ) ;
#1703 = VERTEX_POINT ( 'NONE', #2367 ) ;
#1704 = DIRECTION ( 'NONE',  ( 0.000000000000000000, 1.000000000000000000, 0.000000000000000000 ) ) ;
#1705 = PLANE ( 'NONE',  #1148 ) ;
#1706 = ORIENTED_EDGE ( 'NONE', *, *, #1885, .F. ) ;
#1707 = VERTEX_POINT ( 'NONE', #3641 ) ;
#1708 = EDGE_CURVE ( 'NONE', #1051, #3293, #1742, .T. ) ;
#1709 = CARTESIAN_POINT ( 'NONE',  ( 18.49999999999977263, 7.500000000000008882, 18.75000000000012434 ) ) ;
#1710 = EDGE_CURVE ( 'NONE', #993, #2503, #3445, .T. ) ;
#1711 = CARTESIAN_POINT ( 'NONE',  ( 19.00000000000025580, 0.4999999999999961142, -17.89999999999973568 ) ) ;
#1712 = LINE ( 'NONE', #158, #329 ) ;
#1713 = EDGE_LOOP ( 'NONE', ( #3691, #1941, #3418, #3967 ) ) ;
#1714 = VECTOR ( 'NONE', #929, 999.9999999999998863 ) ;
#1715 = CARTESIAN_POINT ( 'NONE',  ( 16.00000000000027001, 1.399999999999991696, -19.39999999999976055 ) ) ;
#1716 = CYLINDRICAL_SURFACE ( 'NONE', #1318, 1.499999999999997780 ) ;
#1717 = CARTESIAN_POINT ( 'NONE',  ( -11.06666666666696131, -6.505213034913026604E-16, 17.99999999999984368 ) ) ;
#1718 = AXIS2_PLACEMENT_3D ( 'NONE', #499, #140, #754 ) ;
#1719 = ORIENTED_EDGE ( 'NONE', *, *, #1077, .F. ) ;
#1720 = EDGE_CURVE ( 'NONE', #1733, #3858, #1536, .T. ) ;
#1721 = DIRECTION ( 'NONE',  ( -0.000000000000000000, -1.000000000000000000, -0.000000000000000000 ) ) ;
#1722 = LINE ( 'NONE', #2997, #3805 ) ;
#1723 = ORIENTED_EDGE ( 'NONE', *, *, #1640, .F. ) ;
#1724 = ORIENTED_EDGE ( 'NONE', *, *, #2794, .T. ) ;
#1725 = AXIS2_PLACEMENT_3D ( 'NONE', #1248, #2477, #2777 ) ;
#1726 = ADVANCED_FACE ( 'NONE', ( #842 ), #3408, .T. ) ;
#1727 = AXIS2_PLACEMENT_3D ( 'NONE', #3612, #3635, #3031 ) ;
#1728 = FACE_OUTER_BOUND ( 'NONE', #1433, .T. ) ;
#1729 = VECTOR ( 'NONE', #3640, 1000.000000000000000 ) ;
#1730 = VECTOR ( 'NONE', #1268, 1000.000000000000000 ) ;
#1731 = PLANE ( 'NONE',  #597 ) ;
#1732 = ORIENTED_EDGE ( 'NONE', *, *, #3908, .T. ) ;
#1733 = VERTEX_POINT ( 'NONE', #2446 ) ;
#1734 = VECTOR ( 'NONE', #2722, 1000.000000000000000 ) ;
#1735 = CARTESIAN_POINT ( 'NONE',  ( -0.5000000000000001110, 8.000000000000000000, -11.73935688187389204 ) ) ;
#1736 = LINE ( 'NONE', #136, #3801 ) ;
#1737 = ADVANCED_FACE ( 'NONE', ( #1840 ), #1177, .F. ) ;
#1738 = DIRECTION ( 'NONE',  ( -0.7071067811865376918, 0.000000000000000000, -0.7071067811865573427 ) ) ;
#1739 = ORIENTED_EDGE ( 'NONE', *, *, #589, .F. ) ;
#1740 = CARTESIAN_POINT ( 'NONE',  ( 18.49999999999977973, 8.000000000000000000, 18.25000000000013500 ) ) ;
#1741 = DIRECTION ( 'NONE',  ( -0.000000000000000000, 1.000000000000000000, -0.000000000000000000 ) ) ;
#1742 = LINE ( 'NONE', #2693, #2976 ) ;
#1743 = ORIENTED_EDGE ( 'NONE', *, *, #2695, .F. ) ;
#1744 = CARTESIAN_POINT ( 'NONE',  ( -16.00000000000027001, 0.000000000000000000, 19.39999999999975699 ) ) ;
#1745 = DIRECTION ( 'NONE',  ( 0.7071067811865512365, 0.000000000000000000, -0.7071067811865439090 ) ) ;
#1746 = DIRECTION ( 'NONE',  ( -0.000000000000000000, 1.000000000000000000, -0.000000000000000000 ) ) ;
#1747 = ORIENTED_EDGE ( 'NONE', *, *, #3879, .F. ) ;
#1748 = ORIENTED_EDGE ( 'NONE', *, *, #3156, .F. ) ;
#1749 = MANIFOLD_SOLID_BREP ( 'Chanfrein5', #3336 ) ;
#1750 = CARTESIAN_POINT ( 'NONE',  ( -17.00000000000026290, 8.000000000000000000, 17.89999999999974989 ) ) ;
#1751 = DIRECTION ( 'NONE',  ( 0.000000000000000000, 0.000000000000000000, 1.000000000000000000 ) ) ;
#1752 = ORIENTED_EDGE ( 'NONE', *, *, #440, .T. ) ;
#1753 = ORIENTED_EDGE ( 'NONE', *, *, #1754, .F. ) ;
#1754 = EDGE_CURVE ( 'NONE', #240, #3792, #1883, .T. ) ;
#1755 = AXIS2_PLACEMENT_3D ( 'NONE', #3705, #2799, #1861 ) ;
#1756 = DIRECTION ( 'NONE',  ( 0.000000000000000000, 1.000000000000000000, 0.000000000000000000 ) ) ;
#1757 = PLANE ( 'NONE',  #3596 ) ;
#1758 = LINE ( 'NONE', #1135, #1277 ) ;
#1759 = VERTEX_POINT ( 'NONE', #225 ) ;
#1760 = PLANE ( 'NONE',  #1170 ) ;
#1761 = EDGE_CURVE ( 'NONE', #1974, #1509, #2512, .T. ) ;
#1762 = DIRECTION ( 'NONE',  ( 0.7071067811865426878, -0.4999999999999984457, 0.5000000000000085487 ) ) ;
#1763 = CARTESIAN_POINT ( 'NONE',  ( -13.29905896967311563, 7.499999999999939604, 15.99248337494178784 ) ) ;
#1764 = VECTOR ( 'NONE', #462, 999.9999999999998863 ) ;
#1765 = VERTEX_POINT ( 'NONE', #2493 ) ;
#1766 = CARTESIAN_POINT ( 'NONE',  ( 18.49999999999977973, 8.000000000000000000, 18.25000000000013500 ) ) ;
#1767 = EDGE_CURVE ( 'NONE', #111, #485, #82, .T. ) ;
#1768 = DIRECTION ( 'NONE',  ( 0.000000000000000000, 1.000000000000000000, 0.000000000000000000 ) ) ;
#1769 = ORIENTED_EDGE ( 'NONE', *, *, #3603, .F. ) ;
#1770 = COORDINATED_UNIVERSAL_TIME_OFFSET ( 1, 0, .AHEAD. ) ;
#1771 = EDGE_CURVE ( 'NONE', #2617, #3234, #1300, .T. ) ;
#1772 = LINE ( 'NONE', #3693, #2229 ) ;
#1773 = LINE ( 'NONE', #2336, #2560 ) ;
#1774 = ORIENTED_EDGE ( 'NONE', *, *, #1962, .T. ) ;
#1775 = ORIENTED_EDGE ( 'NONE', *, *, #1761, .T. ) ;
#1776 = CARTESIAN_POINT ( 'NONE',  ( -9.000000000000261124, 7.500000000000008882, 17.89999999999980673 ) ) ;
#1777 = CARTESIAN_POINT ( 'NONE',  ( -16.20000000000030127, 4.099999999999990763, 22.09999999999976339 ) ) ;
#1778 = DIRECTION ( 'NONE',  ( -0.02500421070869061207, 0.7068857013148702739, 0.7068857013148726054 ) ) ;
#1779 = ORIENTED_EDGE ( 'NONE', *, *, #3006, .T. ) ;
#1780 = CARTESIAN_POINT ( 'NONE',  ( -19.00000000000078515, 0.000000000000000000, 17.99999999999972999 ) ) ;
#1781 = DIRECTION ( 'NONE',  ( 0.9985512684938866457, 0.000000000000000000, 0.05380858843391071733 ) ) ;
#1782 = CARTESIAN_POINT ( 'NONE',  ( -12.47233152396622735, 8.000000000000000000, 13.40464562484300970 ) ) ;
#1783 = EDGE_CURVE ( 'NONE', #1165, #261, #1498, .T. ) ;
#1784 = ORIENTED_EDGE ( 'NONE', *, *, #655, .F. ) ;
#1785 = LINE ( 'NONE', #3668, #3188 ) ;
#1786 = AXIS2_PLACEMENT_3D ( 'NONE', #1130, #2725, #3002 ) ;
#1787 = PLANE ( 'NONE',  #2859 ) ;
#1788 = EDGE_LOOP ( 'NONE', ( #3027, #275, #3620, #2231 ) ) ;
#1789 = EDGE_CURVE ( 'NONE', #1505, #2680, #1985, .T. ) ;
#1790 = AXIS2_PLACEMENT_3D ( 'NONE', #2212, #3865, #3825 ) ;
#1791 = CARTESIAN_POINT ( 'NONE',  ( -18.50000000000023448, 0.4999999999999891753, 14.09248337494178394 ) ) ;
#1792 = ORIENTED_EDGE ( 'NONE', *, *, #4108, .T. ) ;
#1793 = ORIENTED_EDGE ( 'NONE', *, *, #2029, .T. ) ;
#1794 = EDGE_LOOP ( 'NONE', ( #4169, #1249, #860, #145 ) ) ;
#1795 = LINE ( 'NONE', #3717, #2460 ) ;
#1796 = VECTOR ( 'NONE', #640, 1000.000000000000000 ) ;
#1797 = CARTESIAN_POINT ( 'NONE',  ( -15.68153659283865231, 7.830291261162443561, 15.22277463610425308 ) ) ;
#1798 = ORIENTED_EDGE ( 'NONE', *, *, #3332, .T. ) ;
#1799 = CONICAL_SURFACE ( 'NONE', #2660, 1.499999999999996225, 0.7853981633974466137 ) ;
#1800 = VECTOR ( 'NONE', #691, 1000.000000000000000 ) ;
#1801 = LINE ( 'NONE', #2138, #3321 ) ;
#1802 = DIRECTION ( 'NONE',  ( 0.000000000000000000, 0.000000000000000000, 1.000000000000000000 ) ) ;
#1803 = CARTESIAN_POINT ( 'NONE',  ( -12.43024998587395125, 7.663055699907822316, 15.05553907484965315 ) ) ;
#1804 = EDGE_CURVE ( 'NONE', #1686, #3502, #3751, .T. ) ;
#1805 = CARTESIAN_POINT ( 'NONE',  ( -18.50000000000023448, 8.000000000000000000, 15.39248337494178820 ) ) ;
#1806 = DIRECTION ( 'NONE',  ( -0.9985512684938866457, 0.000000000000000000, -0.05380858843391072427 ) ) ;
#1807 = CARTESIAN_POINT ( 'NONE',  ( -9.066666666666973740, 6.505213034913026604E-16, 17.99999999999986855 ) ) ;
#1808 = ORIENTED_EDGE ( 'NONE', *, *, #1953, .F. ) ;
#1809 = EDGE_CURVE ( 'NONE', #1703, #2957, #243, .T. ) ;
#1810 = LINE ( 'NONE', #2065, #3905 ) ;
#1811 = DIRECTION ( 'NONE',  ( 1.000000000000000000, -0.000000000000000000, 1.415562539087702249E-14 ) ) ;
#1812 = ORIENTED_EDGE ( 'NONE', *, *, #2501, .F. ) ;
#1813 = ORIENTED_EDGE ( 'NONE', *, *, #1100, .F. ) ;
#1814 = LINE ( 'NONE', #516, #3797 ) ;
#1815 = CARTESIAN_POINT ( 'NONE',  ( -19.00000000000022737, 7.500000000000008882, 14.09248337494178038 ) ) ;
#1816 = ORIENTED_EDGE ( 'NONE', *, *, #3215, .F. ) ;
#1817 = FACE_OUTER_BOUND ( 'NONE', #2764, .T. ) ;
#1818 = LINE ( 'NONE', #1480, #3761 ) ;
#1819 = DIRECTION ( 'NONE',  ( 0.000000000000000000, 1.000000000000000000, 0.000000000000000000 ) ) ;
#1820 = EDGE_LOOP ( 'NONE', ( #1533, #4130, #1620, #139 ) ) ;
#1821 = LINE ( 'NONE', #2476, #3736 ) ;
#1822 = VECTOR ( 'NONE', #3787, 1000.000000000000000 ) ;
#1823 = DIRECTION ( 'NONE',  ( 0.000000000000000000, -0.7071067811865445751, -0.7071067811865503483 ) ) ;
#1824 = LINE ( 'NONE', #1431, #3529 ) ;
#1825 = ADVANCED_FACE ( 'NONE', ( #3706 ), #3771, .F. ) ;
#1826 = ORIENTED_EDGE ( 'NONE', *, *, #1415, .T. ) ;
#1827 = AXIS2_PLACEMENT_3D ( 'NONE', #3954, #454, #2375 ) ;
#1828 = PLANE ( 'NONE',  #1034 ) ;
#1829 = LINE ( 'NONE', #872, #301 ) ;
#1830 = ORIENTED_EDGE ( 'NONE', *, *, #3574, .T. ) ;
#1831 = ORIENTED_EDGE ( 'NONE', *, *, #2205, .T. ) ;
#1832 = ADVANCED_FACE ( 'NONE', ( #2158 ), #1517, .F. ) ;
#1833 = DIRECTION ( 'NONE',  ( -0.5547001962252205987, 0.000000000000000000, -0.8320502943378493832 ) ) ;
#1834 = CARTESIAN_POINT ( 'NONE',  ( -18.50000000000023448, 8.000000000000000000, 14.09248337494178394 ) ) ;
#1835 = ORIENTED_EDGE ( 'NONE', *, *, #1164, .F. ) ;
#1836 = EDGE_CURVE ( 'NONE', #1363, #3250, #3425, .T. ) ;
#1837 = DIRECTION ( 'NONE',  ( 0.000000000000000000, 0.000000000000000000, 1.000000000000000000 ) ) ;
#1838 = EDGE_CURVE ( 'NONE', #684, #3329, #3553, .T. ) ;
#1839 = DIRECTION ( 'NONE',  ( -0.5547001962252233742, 0.000000000000000000, -0.8320502943378474958 ) ) ;
#1840 = FACE_OUTER_BOUND ( 'NONE', #1437, .T. ) ;
#1841 = ORIENTED_EDGE ( 'NONE', *, *, #2834, .T. ) ;
#1842 = EDGE_CURVE ( 'NONE', #261, #2376, #502, .T. ) ;
#1843 = CARTESIAN_POINT ( 'NONE',  ( -12.55431677052018102, 7.500000000000008882, 14.09248337494182479 ) ) ;
#1844 = CARTESIAN_POINT ( 'NONE',  ( 8.200000000000276401, 4.099999999999954348, -22.09999999999983444 ) ) ;
#1845 = CARTESIAN_POINT ( 'NONE',  ( -9.000000000000232703, 7.500000000000008882, 14.09248337494184966 ) ) ;
#1846 = ORIENTED_EDGE ( 'NONE', *, *, #2267, .F. ) ;
#1847 = CIRCLE ( 'NONE', #695, 1.999999999999986233 ) ;
#1848 = ADVANCED_FACE ( 'NONE', ( #2218 ), #1304, .F. ) ;
#1849 = LINE ( 'NONE', #2557, #3929 ) ;
#1850 = CARTESIAN_POINT ( 'NONE',  ( -14.00000000000028422, 7.499999999999993783, 14.49248337494178784 ) ) ;
#1851 = EDGE_LOOP ( 'NONE', ( #2311, #4160, #3497, #189, #4048, #3275, #3647, #4120 ) ) ;
#1852 = AXIS2_PLACEMENT_3D ( 'NONE', #4117, #1579, #1837 ) ;
#1853 = ORIENTED_EDGE ( 'NONE', *, *, #1100, .T. ) ;
#1854 = DIRECTION ( 'NONE',  ( 0.04996154958886036418, -0.7071067811865499042, -0.7053395236073733976 ) ) ;
#1855 = EDGE_CURVE ( 'NONE', #744, #979, #959, .T. ) ;
#1856 = AXIS2_PLACEMENT_3D ( 'NONE', #1114, #135, #3320 ) ;
#1857 = LINE ( 'NONE', #3720, #1961 ) ;
#1858 = ORIENTED_EDGE ( 'NONE', *, *, #2424, .T. ) ;
#1859 = VECTOR ( 'NONE', #1342, 1000.000000000000000 ) ;
#1860 = DIRECTION ( 'NONE',  ( -0.7071067811865376918, -0.000000000000000000, -0.7071067811865574537 ) ) ;
#1861 = DIRECTION ( 'NONE',  ( 1.415562539087702249E-14, 0.000000000000000000, -1.000000000000000000 ) ) ;
#1862 = EDGE_CURVE ( 'NONE', #2770, #3051, #51, .T. ) ;
#1863 = DIRECTION ( 'NONE',  ( -1.000953870582561707E-14, 0.7071067811865474617, 0.7071067811865476838 ) ) ;
#1864 = VECTOR ( 'NONE', #1955, 1000.000000000000000 ) ;
#1865 = AXIS2_PLACEMENT_3D ( 'NONE', #3243, #944, #3509 ) ;
#1866 = AXIS2_PLACEMENT_3D ( 'NONE', #3510, #650, #2324 ) ;
#1867 = VERTEX_POINT ( 'NONE', #3850 ) ;
#1868 = FACE_OUTER_BOUND ( 'NONE', #3229, .T. ) ;
#1869 = CARTESIAN_POINT ( 'NONE',  ( -14.00000000000028422, 7.500000000000008882, 14.49248337494178784 ) ) ;
#1870 = DIRECTION ( 'NONE',  ( 1.000000000000000000, 0.000000000000000000, 6.938893903907229955E-15 ) ) ;
#1871 = ORIENTED_EDGE ( 'NONE', *, *, #1531, .F. ) ;
#1872 = DIRECTION ( 'NONE',  ( 0.7071067811865487940, -0.7071067811865463515, 9.262558205390942807E-15 ) ) ;
#1873 = CARTESIAN_POINT ( 'NONE',  ( -3.035398026413988148, -8.131516293641283255E-16, -16.24373548643533027 ) ) ;
#1874 = CARTESIAN_POINT ( 'NONE',  ( 19.00000000000025580, 7.500000000000000888, -17.89999999999973568 ) ) ;
#1875 = ORIENTED_EDGE ( 'NONE', *, *, #2966, .F. ) ;
#1876 = ORIENTED_EDGE ( 'NONE', *, *, #4053, .F. ) ;
#1877 = DIRECTION ( 'NONE',  ( -0.7071067811865463515, 0.7071067811865487940, -1.341471796829053246E-15 ) ) ;
#1878 = LINE ( 'NONE', #157, #1659 ) ;
#1879 = DIRECTION ( 'NONE',  ( -0.9985512684938866457, -0.000000000000000000, -0.05380858843391087692 ) ) ;
#1880 = ORIENTED_EDGE ( 'NONE', *, *, #2258, .T. ) ;
#1881 = FACE_OUTER_BOUND ( 'NONE', #2728, .T. ) ;
#1882 = LINE ( 'NONE', #2837, #395 ) ;
#1883 = LINE ( 'NONE', #2838, #1378 ) ;
#1884 = ORIENTED_EDGE ( 'NONE', *, *, #1973, .T. ) ;
#1885 = EDGE_CURVE ( 'NONE', #3540, #111, #562, .T. ) ;
#1886 = LINE ( 'NONE', #524, #1184 ) ;
#1887 = VECTOR ( 'NONE', #1438, 1000.000000000000000 ) ;
#1888 = CARTESIAN_POINT ( 'NONE',  ( 0.4999999999999998890, 8.000000000000000000, -11.73935688187389204 ) ) ;
#1889 = ORIENTED_EDGE ( 'NONE', *, *, #1710, .F. ) ;
#1890 = VECTOR ( 'NONE', #937, 1000.000000000000000 ) ;
#1891 = EDGE_CURVE ( 'NONE', #2403, #3393, #4070, .T. ) ;
#1892 = DIRECTION ( 'NONE',  ( -0.07065630102574230187, 0.000000000000000000, 0.9975007203633287078 ) ) ;
#1893 = PLANE ( 'NONE',  #2454 ) ;
#1894 = VECTOR ( 'NONE', #3565, 1000.000000000000000 ) ;
#1895 = ORIENTED_EDGE ( 'NONE', *, *, #1953, .T. ) ;
#1896 = ORIENTED_EDGE ( 'NONE', *, *, #1266, .F. ) ;
#1897 = LINE ( 'NONE', #2850, #1580 ) ;
#1898 = DIRECTION ( 'NONE',  ( 0.000000000000000000, 1.000000000000000000, 0.000000000000000000 ) ) ;
#1899 = ORIENTED_EDGE ( 'NONE', *, *, #3535, .T. ) ;
#1900 = DIRECTION ( 'NONE',  ( -6.921551667672176707E-15, 0.000000000000000000, 1.000000000000000000 ) ) ;
#1901 = CARTESIAN_POINT ( 'NONE',  ( 0.000000000000000000, 4.000000000000003553, 0.000000000000000000 ) ) ;
#1902 = ADVANCED_FACE ( 'NONE', ( #2567 ), #283, .F. ) ;
#1903 = CARTESIAN_POINT ( 'NONE',  ( -10.24999999999988809, -8.131516293641283255E-16, -15.39248337494198360 ) ) ;
#1904 = ORIENTED_EDGE ( 'NONE', *, *, #715, .T. ) ;
#1905 = ADVANCED_FACE ( 'NONE', ( #2236 ), #982, .F. ) ;
#1906 = CARTESIAN_POINT ( 'NONE',  ( 0.4999999999999998890, 7.000000000000000000, -14.60440660437519256 ) ) ;
#1907 = PLANE ( 'NONE',  #2242 ) ;
#1908 = ORIENTED_EDGE ( 'NONE', *, *, #1203, .T. ) ;
#1909 = AXIS2_PLACEMENT_3D ( 'NONE', #2993, #484, #1425 ) ;
#1910 = LINE ( 'NONE', #2865, #2844 ) ;
#1911 = LINE ( 'NONE', #3781, #2327 ) ;
#1912 = DIRECTION ( 'NONE',  ( 0.7071067811865463515, 0.7071067811865487940, -1.461081704273100922E-15 ) ) ;
#1913 = VERTEX_POINT ( 'NONE', #2858 ) ;
#1914 = ORIENTED_EDGE ( 'NONE', *, *, #389, .F. ) ;
#1915 = AXIS2_PLACEMENT_3D ( 'NONE', #3963, #1399, #690 ) ;
#1916 = AXIS2_PLACEMENT_3D ( 'NONE', #2139, #184, #3095 ) ;
#1917 = DIRECTION ( 'NONE',  ( 0.9975007203633287078, 0.000000000000000000, 0.07065630102574230187 ) ) ;
#1918 = DIRECTION ( 'NONE',  ( -1.000000000000000000, 0.000000000000000000, -6.938893903907233111E-15 ) ) ;
#1919 = ADVANCED_FACE ( 'NONE', ( #4140 ), #843, .F. ) ;
#1920 = ORIENTED_EDGE ( 'NONE', *, *, #3271, .T. ) ;
#1921 = CARTESIAN_POINT ( 'NONE',  ( -9.000000000000238032, 7.499999999999992895, 14.89248337494185037 ) ) ;
#1922 = VECTOR ( 'NONE', #3213, 1000.000000000000000 ) ;
#1923 = LINE ( 'NONE', #347, #1541 ) ;
#1924 = CARTESIAN_POINT ( 'NONE',  ( 14.00000000000023803, 7.500000000000000000, -14.49248337494183581 ) ) ;
#1925 = ORIENTED_EDGE ( 'NONE', *, *, #1336, .F. ) ;
#1926 = VECTOR ( 'NONE', #567, 1000.000000000000000 ) ;
#1927 = CARTESIAN_POINT ( 'NONE',  ( -19.00000000000078515, 0.000000000000000000, 17.99999999999972999 ) ) ;
#1928 = VECTOR ( 'NONE', #2381, 1000.000000000000000 ) ;
#1929 = CARTESIAN_POINT ( 'NONE',  ( -9.000000000000232703, 8.000000000000000000, 14.09248337494184966 ) ) ;
#1930 = EDGE_LOOP ( 'NONE', ( #1831, #2263, #2321, #3206 ) ) ;
#1931 = AXIS2_PLACEMENT_3D ( 'NONE', #3572, #3141, #2609 ) ;
#1932 = VECTOR ( 'NONE', #3759, 1000.000000000000000 ) ;
#1933 = DIRECTION ( 'NONE',  ( 1.000000000000000000, -0.000000000000000000, 1.415562539087702249E-14 ) ) ;
#1934 = CARTESIAN_POINT ( 'NONE',  ( -8.985816000919077950, -0.02682016348992482396, 13.56566321145193399 ) ) ;
#1935 = DIRECTION ( 'NONE',  ( 1.000000000000000000, 0.000000000000000000, 6.938893903907229955E-15 ) ) ;
#1936 = ORIENTED_EDGE ( 'NONE', *, *, #857, .F. ) ;
#1937 = VERTEX_POINT ( 'NONE', #6 ) ;
#1938 = EDGE_CURVE ( 'NONE', #3313, #1363, #667, .T. ) ;
#1939 = CARTESIAN_POINT ( 'NONE',  ( -11.00000000000025935, 8.000000000000000000, 17.89999999999979252 ) ) ;
#1940 = LINE ( 'NONE', #2582, #2096 ) ;
#1941 = ORIENTED_EDGE ( 'NONE', *, *, #2640, .F. ) ;
#1942 = ORIENTED_EDGE ( 'NONE', *, *, #113, .T. ) ;
#1943 = ADVANCED_FACE ( 'NONE', ( #1263 ), #3812, .F. ) ;
#1944 = CARTESIAN_POINT ( 'NONE',  ( -13.29905896967306944, 7.500000000000031086, 12.99248337494179673 ) ) ;
#1945 = CARTESIAN_POINT ( 'NONE',  ( 18.50000000000003908, -8.131516293641283255E-16, 4.069742299877148633E-13 ) ) ;
#1946 = DIRECTION ( 'NONE',  ( 0.000000000000000000, 0.000000000000000000, -1.000000000000000000 ) ) ;
#1947 = EDGE_LOOP ( 'NONE', ( #1478, #1044, #3356, #2543, #1260 ) ) ;
#1948 = CARTESIAN_POINT ( 'NONE',  ( -18.50000000000023448, 8.000000000000000000, 14.09248337494178394 ) ) ;
#1949 = CARTESIAN_POINT ( 'NONE',  ( -19.00000000000022027, 8.000000000000000000, 13.59248337494178749 ) ) ;
#1950 = DIRECTION ( 'NONE',  ( 0.000000000000000000, -0.7071067811865487940, -0.7071067811865462405 ) ) ;
#1951 = ORIENTED_EDGE ( 'NONE', *, *, #2522, .T. ) ;
#1952 = AXIS2_PLACEMENT_3D ( 'NONE', #2117, #2817, #4061 ) ;
#1953 = EDGE_CURVE ( 'NONE', #3610, #1016, #923, .T. ) ;
#1954 = DIRECTION ( 'NONE',  ( 1.000000000000000000, -0.000000000000000000, 1.415562539087702249E-14 ) ) ;
#1955 = DIRECTION ( 'NONE',  ( -0.000000000000000000, 1.000000000000000000, -0.000000000000000000 ) ) ;
#1956 = ORIENTED_EDGE ( 'NONE', *, *, #3441, .T. ) ;
#1957 = ORIENTED_EDGE ( 'NONE', *, *, #2990, .F. ) ;
#1958 = EDGE_CURVE ( 'NONE', #3784, #1230, #1966, .T. ) ;
#1959 = CARTESIAN_POINT ( 'NONE',  ( 3.035398026413986372, 0.000000000000000000, 15.24274653144697744 ) ) ;
#1960 = DIRECTION ( 'NONE',  ( -4.903554850278071585E-15, 0.7071067811865463515, 0.7071067811865487940 ) ) ;
#1961 = VECTOR ( 'NONE', #2793, 1000.000000000000000 ) ;
#1962 = EDGE_CURVE ( 'NONE', #716, #3858, #1646, .T. ) ;
#1963 = FACE_OUTER_BOUND ( 'NONE', #1569, .T. ) ;
#1964 = ORIENTED_EDGE ( 'NONE', *, *, #1962, .F. ) ;
#1965 = VERTEX_POINT ( 'NONE', #3218 ) ;
#1966 = LINE ( 'NONE', #3198, #3394 ) ;
#1967 = CARTESIAN_POINT ( 'NONE',  ( 3.062355534902889254, 7.499999999999992895, 14.74248337494193173 ) ) ;
#1968 = EDGE_LOOP ( 'NONE', ( #1410, #2005, #226, #2972 ) ) ;
#1969 = EDGE_CURVE ( 'NONE', #2878, #3615, #2805, .T. ) ;
#1970 = LINE ( 'NONE', #3242, #3118 ) ;
#1971 = CARTESIAN_POINT ( 'NONE',  ( -9.000000000000232703, 7.500000000000008882, 14.09248337494184966 ) ) ;
#1972 = FACE_OUTER_BOUND ( 'NONE', #1133, .T. ) ;
#1973 = EDGE_CURVE ( 'NONE', #2009, #468, #3460, .T. ) ;
#1974 = VERTEX_POINT ( 'NONE', #1004 ) ;
#1975 = DIRECTION ( 'NONE',  ( 1.000000000000000000, 0.000000000000000000, 6.938893903907229955E-15 ) ) ;
#1976 = LINE ( 'NONE', #3292, #3128 ) ;
#1977 = ORIENTED_EDGE ( 'NONE', *, *, #3750, .T. ) ;
#1978 = ORIENTED_EDGE ( 'NONE', *, *, #2990, .T. ) ;
#1979 = EDGE_CURVE ( 'NONE', #2654, #3061, #2301, .T. ) ;
#1980 = LINE ( 'NONE', #124, #3264 ) ;
#1981 = LINE ( 'NONE', #363, #1693 ) ;
#1982 = DIRECTION ( 'NONE',  ( -0.9985512684938866457, -0.000000000000000000, -0.05380858843391087692 ) ) ;
#1983 = ORIENTED_EDGE ( 'NONE', *, *, #2694, .F. ) ;
#1984 = EDGE_CURVE ( 'NONE', #4057, #2062, #3437, .T. ) ;
#1985 = CIRCLE ( 'NONE', #693, 1.499999999999997780 ) ;
#1986 =( LENGTH_UNIT ( ) NAMED_UNIT ( * ) SI_UNIT ( .MILLI., .METRE. ) );
#1987 = DIRECTION ( 'NONE',  ( -0.07065630102574080307, 0.000000000000000000, 0.9975007203633288189 ) ) ;
#1988 = VECTOR ( 'NONE', #1314, 1000.000000000000114 ) ;
#1989 = DIRECTION ( 'NONE',  ( 0.9975007203633287078, 0.000000000000000000, 0.07065630102574244065 ) ) ;
#1990 = FACE_OUTER_BOUND ( 'NONE', #3347, .T. ) ;
#1991 = ORIENTED_EDGE ( 'NONE', *, *, #2473, .T. ) ;
#1992 = CARTESIAN_POINT ( 'NONE',  ( -0.5000000000000004441, 7.000000000000000000, 14.55051994864538045 ) ) ;
#1993 = ADVANCED_FACE ( 'NONE', ( #3344 ), #93, .T. ) ;
#1994 = CYLINDRICAL_SURFACE ( 'NONE', #710, 1.499999999999996225 ) ;
#1995 = PLANE ( 'NONE',  #2444 ) ;
#1996 = VECTOR ( 'NONE', #3745, 1000.000000000000000 ) ;
#1997 = ORIENTED_EDGE ( 'NONE', *, *, #3181, .T. ) ;
#1998 = AXIS2_PLACEMENT_3D ( 'NONE', #1903, #2550, #1669 ) ;
#1999 = CIRCLE ( 'NONE', #2257, 0.5009889549883513871 ) ;
#2000 = CARTESIAN_POINT ( 'NONE',  ( -11.74999999999999645, 8.000000000000000000, 0.000000000000000000 ) ) ;
#2001 = CARTESIAN_POINT ( 'NONE',  ( 17.06666666666692933, -2.168404344971008868E-16, -17.99999999999975842 ) ) ;
#2002 = AXIS2_PLACEMENT_3D ( 'NONE', #886, #2320, #2183 ) ;
#2003 = ORIENTED_EDGE ( 'NONE', *, *, #2202, .T. ) ;
#2004 = VECTOR ( 'NONE', #2716, 1000.000000000000000 ) ;
#2005 = ORIENTED_EDGE ( 'NONE', *, *, #4060, .F. ) ;
#2006 = CARTESIAN_POINT ( 'NONE',  ( 13.00000000000025935, 8.000000000000000000, -17.89999999999977831 ) ) ;
#2007 = CARTESIAN_POINT ( 'NONE',  ( 9.000000000000236255, 8.000000000000000000, -14.89248337494185215 ) ) ;
#2008 = PLANE ( 'NONE',  #3029 ) ;
#2009 = VERTEX_POINT ( 'NONE', #1049 ) ;
#2010 = CARTESIAN_POINT ( 'NONE',  ( -11.32870568631014052, -8.131516293641283255E-16, 15.22878615967119842 ) ) ;
#2011 = FACE_OUTER_BOUND ( 'NONE', #1465, .T. ) ;
#2012 = LINE ( 'NONE', #3852, #3487 ) ;
#2013 = ORIENTED_EDGE ( 'NONE', *, *, #4115, .T. ) ;
#2014 = CARTESIAN_POINT ( 'NONE',  ( 14.00000000000023803, 7.500000000000000888, -14.49248337494183581 ) ) ;
#2015 = DIRECTION ( 'NONE',  ( 0.000000000000000000, 0.000000000000000000, -1.000000000000000000 ) ) ;
#2016 = LOCAL_TIME ( 11, 31, 4.000000000000000000, #1025 ) ;
#2017 = DIRECTION ( 'NONE',  ( -0.9975007203633287078, 0.000000000000000000, -0.07065630102574230187 ) ) ;
#2018 = ADVANCED_FACE ( 'NONE', ( #2669 ), #731, .F. ) ;
#2019 = ORIENTED_EDGE ( 'NONE', *, *, #401, .F. ) ;
#2020 = DIRECTION ( 'NONE',  ( 0.000000000000000000, 0.000000000000000000, 1.000000000000000000 ) ) ;
#2021 = DIRECTION ( 'NONE',  ( 1.309923543633404294E-14, 0.000000000000000000, -1.000000000000000000 ) ) ;
#2022 = ORIENTED_EDGE ( 'NONE', *, *, #916, .T. ) ;
#2023 = ORIENTED_EDGE ( 'NONE', *, *, #306, .T. ) ;
#2024 = ADVANCED_FACE ( 'NONE', ( #2072 ), #1757, .F. ) ;
#2025 = PLANE ( 'NONE',  #2960 ) ;
#2026 = DIRECTION ( 'NONE',  ( -0.000000000000000000, 1.000000000000000000, -0.000000000000000000 ) ) ;
#2027 = EDGE_LOOP ( 'NONE', ( #2408, #1880, #2662 ) ) ;
#2028 = ORIENTED_EDGE ( 'NONE', *, *, #958, .T. ) ;
#2029 = EDGE_CURVE ( 'NONE', #3615, #4057, #392, .T. ) ;
#2030 = VECTOR ( 'NONE', #577, 1000.000000000000000 ) ;
#2031 = CARTESIAN_POINT ( 'NONE',  ( -18.49999999999981526, 7.500000000000008882, -18.74999999999993250 ) ) ;
#2032 = DIRECTION ( 'NONE',  ( -1.000953870582561391E-14, 0.7071067811865476838, 0.7071067811865474617 ) ) ;
#2033 = CARTESIAN_POINT ( 'NONE',  ( 9.000000000000230926, 8.000000000000000000, -14.09248337494185144 ) ) ;
#2034 = VERTEX_POINT ( 'NONE', #1027 ) ;
#2035 = CARTESIAN_POINT ( 'NONE',  ( 18.49999999999979039, 0.000000000000000000, 18.00000000000026290 ) ) ;
#2036 = CARTESIAN_POINT ( 'NONE',  ( -19.00000000000078515, 0.000000000000000000, 17.99999999999972999 ) ) ;
#2037 = PLANE ( 'NONE',  #3440 ) ;
#2038 = ORIENTED_EDGE ( 'NONE', *, *, #2881, .T. ) ;
#2039 = EDGE_CURVE ( 'NONE', #3858, #2281, #774, .T. ) ;
#2040 = DIRECTION ( 'NONE',  ( 0.000000000000000000, 1.000000000000000000, 0.000000000000000000 ) ) ;
#2041 = DIRECTION ( 'NONE',  ( 0.000000000000000000, 0.000000000000000000, 1.000000000000000000 ) ) ;
#2042 = ORIENTED_EDGE ( 'NONE', *, *, #103, .T. ) ;
#2043 = ORIENTED_EDGE ( 'NONE', *, *, #292, .T. ) ;
#2044 = FACE_OUTER_BOUND ( 'NONE', #1597, .T. ) ;
#2045 = CARTESIAN_POINT ( 'NONE',  ( -12.93333333333356805, 8.673617379884035472E-16, 17.99999999999981881 ) ) ;
#2046 = ORIENTED_EDGE ( 'NONE', *, *, #796, .F. ) ;
#2047 = ORIENTED_EDGE ( 'NONE', *, *, #2369, .F. ) ;
#2048 = CARTESIAN_POINT ( 'NONE',  ( 10.00000000000026823, 8.000000000000000000, -19.39999999999979963 ) ) ;
#2049 = CARTESIAN_POINT ( 'NONE',  ( 19.00000000000025580, 8.000000000000000000, -17.89999999999973568 ) ) ;
#2050 = ADVANCED_FACE ( 'NONE', ( #2319 ), #3959, .F. ) ;
#2051 = CARTESIAN_POINT ( 'NONE',  ( -10.97667457025010052, -8.131516293641283255E-16, 13.48524157619783281 ) ) ;
#2052 = ORIENTED_EDGE ( 'NONE', *, *, #2667, .F. ) ;
#2053 = VECTOR ( 'NONE', #1933, 1000.000000000000000 ) ;
#2054 = LINE ( 'NONE', #799, #2250 ) ;
#2055 = CARTESIAN_POINT ( 'NONE',  ( -11.74999999999988987, 8.000000000000000000, -15.39248337494199248 ) ) ;
#2056 = CARTESIAN_POINT ( 'NONE',  ( -12.74123437860746932, 6.764846845347303628, 15.56804250320748828 ) ) ;
#2057 = VECTOR ( 'NONE', #201, 1000.000000000000000 ) ;
#2058 = EDGE_LOOP ( 'NONE', ( #455, #1732, #3951, #205, #181 ) ) ;
#2059 = DIRECTION ( 'NONE',  ( 8.673617379884095623E-16, 0.000000000000000000, 1.000000000000000000 ) ) ;
#2060 = CARTESIAN_POINT ( 'NONE',  ( -3.035398026413988148, -8.131516293641283255E-16, -15.24274653144697744 ) ) ;
#2061 = ADVANCED_FACE ( 'NONE', ( #1351 ), #3366, .T. ) ;
#2062 = VERTEX_POINT ( 'NONE', #434 ) ;
#2063 = ORIENTED_EDGE ( 'NONE', *, *, #1206, .T. ) ;
#2064 = VECTOR ( 'NONE', #908, 1000.000000000000000 ) ;
#2065 = CARTESIAN_POINT ( 'NONE',  ( -15.44568322948037320, 7.500000000000000000, 14.89248337494180419 ) ) ;
#2066 = AXIS2_PLACEMENT_3D ( 'NONE', #1906, #2305, #288 ) ;
#2067 = CARTESIAN_POINT ( 'NONE',  ( -9.004376702161986046, 7.337441123959657752, 14.25504225098220168 ) ) ;
#2068 = ORIENTED_EDGE ( 'NONE', *, *, #3261, .F. ) ;
#2069 = ORIENTED_EDGE ( 'NONE', *, *, #3508, .T. ) ;
#2070 = EDGE_CURVE ( 'NONE', #2110, #3105, #1736, .T. ) ;
#2071 = DIRECTION ( 'NONE',  ( 0.000000000000000000, 0.000000000000000000, 1.000000000000000000 ) ) ;
#2072 = FACE_OUTER_BOUND ( 'NONE', #13, .T. ) ;
#2073 = FACE_OUTER_BOUND ( 'NONE', #71, .T. ) ;
#2074 = ORIENTED_EDGE ( 'NONE', *, *, #1149, .T. ) ;
#2075 = EDGE_CURVE ( 'NONE', #261, #833, #116, .T. ) ;
#2076 = DIRECTION ( 'NONE',  ( -0.9975007203633287078, 0.000000000000000000, -0.07065630102574245452 ) ) ;
#2077 = LINE ( 'NONE', #2992, #2200 ) ;
#2078 = DIRECTION ( 'NONE',  ( 0.000000000000000000, 0.000000000000000000, 1.000000000000000000 ) ) ;
#2079 = ORIENTED_EDGE ( 'NONE', *, *, #2544, .T. ) ;
#2080 = CC_DESIGN_SECURITY_CLASSIFICATION ( #2736, ( #1194 ) ) ;
#2081 = CARTESIAN_POINT ( 'NONE',  ( 0.4999999999999998890, 7.000000000000000000, 11.36400567581695498 ) ) ;
#2082 = CYLINDRICAL_SURFACE ( 'NONE', #1250, 1.499999999999996225 ) ;
#2083 = VERTEX_POINT ( 'NONE', #1690 ) ;
#2084 = ORIENTED_EDGE ( 'NONE', *, *, #3961, .F. ) ;
#2085 = APPROVAL_DATE_TIME ( #2299, #3089 ) ;
#2086 = ADVANCED_FACE ( 'NONE', ( #795 ), #3980, .F. ) ;
#2087 = CARTESIAN_POINT ( 'NONE',  ( 20.34338659449166187, 1.513555728135150824, 16.90661340550828484 ) ) ;
#2088 = CARTESIAN_POINT ( 'NONE',  ( -11.74999999999990230, 8.000000000000000000, -13.59248337494199887 ) ) ;
#2089 = ORIENTED_EDGE ( 'NONE', *, *, #2676, .T. ) ;
#2090 = VERTEX_POINT ( 'NONE', #2628 ) ;
#2091 = ADVANCED_FACE ( 'NONE', ( #2011 ), #2093, .T. ) ;
#2092 = CIRCLE ( 'NONE', #3692, 11.37499999999999822 ) ;
#2093 = PLANE ( 'NONE',  #296 ) ;
#2094 = LINE ( 'NONE', #752, #4161 ) ;
#2095 = ORIENTED_EDGE ( 'NONE', *, *, #3644, .T. ) ;
#2096 = VECTOR ( 'NONE', #1639, 1000.000000000000114 ) ;
#2097 = PLANE ( 'NONE',  #2985 ) ;
#2098 = CARTESIAN_POINT ( 'NONE',  ( 15.00000000000025935, 0.000000000000000000, -17.89999999999976765 ) ) ;
#2099 = CARTESIAN_POINT ( 'NONE',  ( 18.99999999999976197, 7.500000000000008882, 18.75000000000013145 ) ) ;
#2100 = CIRCLE ( 'NONE', #3096, 1.999999999999988010 ) ;
#2101 = EDGE_CURVE ( 'NONE', #3051, #3434, #2647, .T. ) ;
#2102 = ORIENTED_EDGE ( 'NONE', *, *, #2167, .F. ) ;
#2103 = CARTESIAN_POINT ( 'NONE',  ( 9.000000000000236255, 7.500000000000000888, -14.89248337494185215 ) ) ;
#2104 = CARTESIAN_POINT ( 'NONE',  ( 3.000000000000063061, 7.500000000000008882, 18.74999999999988987 ) ) ;
#2105 = EDGE_CURVE ( 'NONE', #3241, #3457, #2406, .T. ) ;
#2106 = ORIENTED_EDGE ( 'NONE', *, *, #3345, .T. ) ;
#2107 = DIRECTION ( 'NONE',  ( 0.6785983445458554364, 0.2810846377148253916, -0.6785983445458365626 ) ) ;
#2108 = LINE ( 'NONE', #3822, #848 ) ;
#2109 = ORIENTED_EDGE ( 'NONE', *, *, #1189, .T. ) ;
#2110 = VERTEX_POINT ( 'NONE', #3718 ) ;
#2111 = B_SPLINE_CURVE_WITH_KNOTS ( 'NONE', 3,
 ( #511, #1150, #3714, #1451 ),
 .UNSPECIFIED., .F., .F.,
 ( 4, 4 ),
 ( 0.02512254116871445384, 0.02619066499824035388 ),
 .UNSPECIFIED. ) ;
#2112 = CARTESIAN_POINT ( 'NONE',  ( 9.000000000000259348, 0.000000000000000000, -17.89999999999980673 ) ) ;
#2113 = LINE ( 'NONE', #1834, #2030 ) ;
#2114 = EDGE_CURVE ( 'NONE', #2376, #388, #1878, .T. ) ;
#2115 = EDGE_LOOP ( 'NONE', ( #3179, #904, #1853, #1743, #1157 ) ) ;
#2116 = CARTESIAN_POINT ( 'NONE',  ( -12.82121721699818195, 8.000000000000000000, 15.12306659291413347 ) ) ;
#2117 = CARTESIAN_POINT ( 'NONE',  ( -14.00000000000028422, 7.499999999999993783, 14.49248337494178784 ) ) ;
#2118 = CARTESIAN_POINT ( 'NONE',  ( -0.5000000000000001110, 7.333332062078953939, 11.48912613227108004 ) ) ;
#2119 = CARTESIAN_POINT ( 'NONE',  ( 16.20000000000029772, 4.099999999999995204, -22.09999999999976339 ) ) ;
#2120 = PLANE ( 'NONE',  #3867 ) ;
#2121 = VECTOR ( 'NONE', #1954, 1000.000000000000000 ) ;
#2122 = CARTESIAN_POINT ( 'NONE',  ( 9.000000000000259348, 8.000000000000000000, -17.89999999999980673 ) ) ;
#2123 = ORIENTED_EDGE ( 'NONE', *, *, #1084, .F. ) ;
#2124 = CIRCLE ( 'NONE', #290, 1.499999999999996225 ) ;
#2125 = VECTOR ( 'NONE', #1321, 1000.000000000000000 ) ;
#2126 = EDGE_CURVE ( 'NONE', #3898, #3813, #2792, .T. ) ;
#2127 = LINE ( 'NONE', #2146, #3297 ) ;
#2128 = ORIENTED_EDGE ( 'NONE', *, *, #1979, .F. ) ;
#2129 = ORIENTED_EDGE ( 'NONE', *, *, #1677, .T. ) ;
#2130 = ORIENTED_EDGE ( 'NONE', *, *, #1320, .T. ) ;
#2131 = VECTOR ( 'NONE', #751, 1000.000000000000000 ) ;
#2132 = VECTOR ( 'NONE', #3889, 1000.000000000000000 ) ;
#2133 = DIRECTION ( 'NONE',  ( -0.01903455017830119403, 0.7069786722028853498, 0.7069786722028853498 ) ) ;
#2134 = CARTESIAN_POINT ( 'NONE',  ( 0.000000000000000000, 0.000000000000000000, -10.75000000000000000 ) ) ;
#2135 = ORIENTED_EDGE ( 'NONE', *, *, #943, .F. ) ;
#2136 = VECTOR ( 'NONE', #1504, 1000.000000000000000 ) ;
#2137 = VECTOR ( 'NONE', #2245, 1000.000000000000000 ) ;
#2138 = CARTESIAN_POINT ( 'NONE',  ( -18.99999999999981171, 0.3535533905932593535, -17.64644660940700049 ) ) ;
#2139 = CARTESIAN_POINT ( 'NONE',  ( -9.463970463870266414, -8.131516293641283255E-16, -14.58671957804704888 ) ) ;
#2140 = LINE ( 'NONE', #4045, #3531 ) ;
#2141 = CARTESIAN_POINT ( 'NONE',  ( 18.00000000000027001, 1.400000000000003686, -19.39999999999974634 ) ) ;
#2142 = ADVANCED_FACE ( 'NONE', ( #1196 ), #970, .F. ) ;
#2143 = CARTESIAN_POINT ( 'NONE',  ( -14.00000000000028422, 7.500000000000008882, 14.49248337494178784 ) ) ;
#2144 = VERTEX_POINT ( 'NONE', #3861 ) ;
#2145 = AXIS2_PLACEMENT_3D ( 'NONE', #3829, #2235, #390 ) ;
#2146 = CARTESIAN_POINT ( 'NONE',  ( 18.50000000000023093, 7.750000000000007994, -13.84248337494178749 ) ) ;
#2147 = VERTEX_POINT ( 'NONE', #3208 ) ;
#2148 = ORIENTED_EDGE ( 'NONE', *, *, #3156, .T. ) ;
#2149 = EDGE_CURVE ( 'NONE', #2034, #761, #2827, .T. ) ;
#2150 = EDGE_LOOP ( 'NONE', ( #2525, #1641, #2843, #1491 ) ) ;
#2151 = EDGE_CURVE ( 'NONE', #1221, #3120, #2887, .T. ) ;
#2152 = CARTESIAN_POINT ( 'NONE',  ( -12.55431677052018102, 7.500000000000000000, 14.09248337494182479 ) ) ;
#2153 = DIRECTION ( 'NONE',  ( -0.5547001962252233742, 0.000000000000000000, -0.8320502943378474958 ) ) ;
#2154 = EDGE_LOOP ( 'NONE', ( #3165, #1555, #2206, #2019 ) ) ;
#2155 = AXIS2_PLACEMENT_3D ( 'NONE', #3873, #981, #3831 ) ;
#2156 = FACE_OUTER_BOUND ( 'NONE', #1006, .T. ) ;
#2157 = CARTESIAN_POINT ( 'NONE',  ( 0.5000000000000000000, 7.500000000000000000, -14.55051994864538223 ) ) ;
#2158 = FACE_OUTER_BOUND ( 'NONE', #3426, .T. ) ;
#2159 = EDGE_LOOP ( 'NONE', ( #2848, #3637, #1274, #3939 ) ) ;
#2160 = ADVANCED_FACE ( 'NONE', ( #2227 ), #1548, .T. ) ;
#2161 = DIRECTION ( 'NONE',  ( -0.5547001962252349205, 0.000000000000000000, 0.8320502943378398353 ) ) ;
#2162 = AXIS2_PLACEMENT_3D ( 'NONE', #48, #1259, #918 ) ;
#2163 = LINE ( 'NONE', #3490, #3732 ) ;
#2164 = DIRECTION ( 'NONE',  ( 0.000000000000000000, 0.000000000000000000, 1.000000000000000000 ) ) ;
#2165 = EDGE_CURVE ( 'NONE', #1216, #1702, #2926, .T. ) ;
#2166 = VERTEX_POINT ( 'NONE', #1633 ) ;
#2167 = EDGE_CURVE ( 'NONE', #909, #2034, #4147, .T. ) ;
#2168 = DIRECTION ( 'NONE',  ( 0.000000000000000000, 0.000000000000000000, 1.000000000000000000 ) ) ;
#2169 = DIRECTION ( 'NONE',  ( 1.000000000000000000, 0.000000000000000000, 6.938893903907229955E-15 ) ) ;
#2170 = EDGE_LOOP ( 'NONE', ( #1472, #3305, #1769, #928, #2989 ) ) ;
#2171 = ORIENTED_EDGE ( 'NONE', *, *, #1265, .F. ) ;
#2172 = EDGE_CURVE ( 'NONE', #2690, #1615, #1233, .T. ) ;
#2173 = CARTESIAN_POINT ( 'NONE',  ( 2.964671849486885780, 8.000000000000000000, 16.24123373512359692 ) ) ;
#2174 = DIRECTION ( 'NONE',  ( -0.5773502691896255090, 0.5773502691896224004, -0.5773502691896293948 ) ) ;
#2175 = ORIENTED_EDGE ( 'NONE', *, *, #655, .T. ) ;
#2176 = CARTESIAN_POINT ( 'NONE',  ( -18.50000000000025224, 0.000000000000000000, 17.99999999999973710 ) ) ;
#2177 = PLANE ( 'NONE',  #1683 ) ;
#2178 = DIRECTION ( 'NONE',  ( 0.5547001962252335883, 0.000000000000000000, -0.8320502943378407235 ) ) ;
#2179 = ORIENTED_EDGE ( 'NONE', *, *, #1252, .F. ) ;
#2180 = VECTOR ( 'NONE', #3577, 1000.000000000000000 ) ;
#2181 = DIRECTION ( 'NONE',  ( -0.4264014327112244374, 0.6396021490668333254, 0.6396021490668268861 ) ) ;
#2182 = CARTESIAN_POINT ( 'NONE',  ( 9.000000000000230926, 0.4999999999999891753, -14.09248337494185144 ) ) ;
#2183 = DIRECTION ( 'NONE',  ( 0.000000000000000000, 0.000000000000000000, 1.000000000000000000 ) ) ;
#2184 = VERTEX_POINT ( 'NONE', #3821 ) ;
#2185 = AXIS2_PLACEMENT_3D ( 'NONE', #2268, #1657, #653 ) ;
#2186 =( BOUNDED_CURVE ( )  B_SPLINE_CURVE ( 3, ( #1298, #2604, #3587, #706 ),
 .UNSPECIFIED., .F., .F. ) 
 B_SPLINE_CURVE_WITH_KNOTS ( ( 4, 4 ),
 ( 0.000000000000000000, 1.300863530961474002 ),
 .UNSPECIFIED. ) 
 CURVE ( )  GEOMETRIC_REPRESENTATION_ITEM ( )  RATIONAL_B_SPLINE_CURVE ( ( 1.000000000000000000, 0.8638816171694847501, 0.8638816171694847501, 1.000000000000000000 ) ) 
 REPRESENTATION_ITEM ( '' )  );
#2187 = EDGE_CURVE ( 'NONE', #176, #1353, #1911, .T. ) ;
#2188 = CARTESIAN_POINT ( 'NONE',  ( 0.000000000000000000, -8.131516293641283255E-16, 0.000000000000000000 ) ) ;
#2189 = FACE_OUTER_BOUND ( 'NONE', #3652, .T. ) ;
#2190 = CARTESIAN_POINT ( 'NONE',  ( 7.120135601893517574, 10.44557340174549154, -15.08020340283973049 ) ) ;
#2191 = EDGE_LOOP ( 'NONE', ( #2981, #3522, #3067, #129 ) ) ;
#2192 = CIRCLE ( 'NONE', #84, 1.000988954988353496 ) ;
#2193 = ORIENTED_EDGE ( 'NONE', *, *, #1265, .T. ) ;
#2194 = DIRECTION ( 'NONE',  ( 0.000000000000000000, 0.000000000000000000, 1.000000000000000000 ) ) ;
#2195 = ORIENTED_EDGE ( 'NONE', *, *, #3459, .T. ) ;
#2196 = CARTESIAN_POINT ( 'NONE',  ( -10.24999999999988809, -8.131516293641283255E-16, -15.39248337494198360 ) ) ;
#2197 = CARTESIAN_POINT ( 'NONE',  ( -11.75000000000009059, 8.000000000000000000, 13.59248337494184078 ) ) ;
#2198 = CARTESIAN_POINT ( 'NONE',  ( -19.00000000000027711, 0.000000000000000000, -18.00000000000026645 ) ) ;
#2199 = VECTOR ( 'NONE', #1493, 1000.000000000000114 ) ;
#2200 = VECTOR ( 'NONE', #3943, 999.9999999999998863 ) ;
#2201 = ORIENTED_EDGE ( 'NONE', *, *, #2075, .F. ) ;
#2202 = EDGE_CURVE ( 'NONE', #2009, #3796, #316, .T. ) ;
#2203 = CARTESIAN_POINT ( 'NONE',  ( -17.00000000000026290, 8.000000000000000000, 17.89999999999974989 ) ) ;
#2204 = LINE ( 'NONE', #3449, #2396 ) ;
#2205 = EDGE_CURVE ( 'NONE', #3972, #1244, #591, .T. ) ;
#2206 = ORIENTED_EDGE ( 'NONE', *, *, #4008, .F. ) ;
#2207 = CARTESIAN_POINT ( 'NONE',  ( 18.99999999999976197, 8.000000000000000000, 18.75000000000013145 ) ) ;
#2208 = CARTESIAN_POINT ( 'NONE',  ( -3.035398026413988148, 7.500000000000000888, -15.24274653144697744 ) ) ;
#2209 = FACE_OUTER_BOUND ( 'NONE', #149, .T. ) ;
#2210 = VERTEX_POINT ( 'NONE', #2909 ) ;
#2211 = EDGE_LOOP ( 'NONE', ( #3757, #1112, #318 ) ) ;
#2212 = CARTESIAN_POINT ( 'NONE',  ( 0.000000000000000000, -8.131516293641283255E-16, 0.000000000000000000 ) ) ;
#2213 = DIRECTION ( 'NONE',  ( 0.5547001962252349205, 0.000000000000000000, -0.8320502943378398353 ) ) ;
#2214 = VERTEX_POINT ( 'NONE', #2521 ) ;
#2215 = ADVANCED_FACE ( 'NONE', ( #337 ), #3800, .F. ) ;
#2216 = PLANE ( 'NONE',  #2145 ) ;
#2217 = PLANE ( 'NONE',  #3152 ) ;
#2218 = FACE_OUTER_BOUND ( 'NONE', #3716, .T. ) ;
#2219 = ORIENTED_EDGE ( 'NONE', *, *, #144, .T. ) ;
#2220 = CARTESIAN_POINT ( 'NONE',  ( -18.49999999999981171, 0.7499999999996685984, -18.74999999999992539 ) ) ;
#2221 = AXIS2_PLACEMENT_3D ( 'NONE', #3407, #1497, #1781 ) ;
#2222 = CARTESIAN_POINT ( 'NONE',  ( -9.000000000000232703, 5.594744111674231135, 14.09248337494184966 ) ) ;
#2223 = ADVANCED_FACE ( 'NONE', ( #2189 ), #3455, .F. ) ;
#2224 = ORIENTED_EDGE ( 'NONE', *, *, #4066, .F. ) ;
#2225 = VECTOR ( 'NONE', #558, 1000.000000000000000 ) ;
#2226 = DIRECTION ( 'NONE',  ( 0.000000000000000000, 0.000000000000000000, 1.000000000000000000 ) ) ;
#2227 = FACE_OUTER_BOUND ( 'NONE', #3783, .T. ) ;
#2228 = DIRECTION ( 'NONE',  ( 0.7071067811865486830, -0.7071067811865463515, 4.894276120544061029E-15 ) ) ;
#2229 = VECTOR ( 'NONE', #1411, 1000.000000000000000 ) ;
#2230 = ORIENTED_EDGE ( 'NONE', *, *, #2330, .T. ) ;
#2231 = ORIENTED_EDGE ( 'NONE', *, *, #166, .F. ) ;
#2232 = CARTESIAN_POINT ( 'NONE',  ( -10.42015082839631113, 8.000000000000000000, -18.77434124616835476 ) ) ;
#2233 = CARTESIAN_POINT ( 'NONE',  ( -13.00000000000026112, 0.000000000000000000, 17.89999999999977831 ) ) ;
#2234 = VERTEX_POINT ( 'NONE', #1873 ) ;
#2235 = DIRECTION ( 'NONE',  ( -6.009258394948632181E-15, -0.5000000000000017764, 0.8660254037844377084 ) ) ;
#2236 = FACE_OUTER_BOUND ( 'NONE', #1024, .T. ) ;
#2237 = EDGE_CURVE ( 'NONE', #3446, #2561, #1518, .T. ) ;
#2238 = ORIENTED_EDGE ( 'NONE', *, *, #2312, .F. ) ;
#2239 = DIRECTION ( 'NONE',  ( -1.993281441688427450E-15, -0.7071067811865447972, 0.7071067811865503483 ) ) ;
#2240 = LINE ( 'NONE', #3204, #3525 ) ;
#2241 = ORIENTED_EDGE ( 'NONE', *, *, #2596, .T. ) ;
#2242 = AXIS2_PLACEMENT_3D ( 'NONE', #3177, #4026, #1055 ) ;
#2243 = DIRECTION ( 'NONE',  ( 0.000000000000000000, 1.000000000000000000, 0.000000000000000000 ) ) ;
#2244 = DIRECTION ( 'NONE',  ( 0.000000000000000000, -1.000000000000000000, 0.000000000000000000 ) ) ;
#2245 = DIRECTION ( 'NONE',  ( -1.000000000000000000, 0.000000000000000000, -6.938893903907229955E-15 ) ) ;
#2246 = ORIENTED_EDGE ( 'NONE', *, *, #3968, .F. ) ;
#2247 = EDGE_LOOP ( 'NONE', ( #3588, #3486, #1631, #424 ) ) ;
#2248 = ADVANCED_FACE ( 'NONE', ( #4126 ), #2260, .F. ) ;
#2249 = VECTOR ( 'NONE', #3645, 1000.000000000000000 ) ;
#2250 = VECTOR ( 'NONE', #4059, 1000.000000000000000 ) ;
#2251 = FACE_OUTER_BOUND ( 'NONE', #2509, .T. ) ;
#2252 = VERTEX_POINT ( 'NONE', #3248 ) ;
#2253 = AXIS2_PLACEMENT_3D ( 'NONE', #2198, #1863, #583 ) ;
#2254 = DATE_AND_TIME ( #1667, #3280 ) ;
#2255 = LINE ( 'NONE', #3530, #1144 ) ;
#2256 = EDGE_LOOP ( 'NONE', ( #1404, #492, #4086 ) ) ;
#2257 = AXIS2_PLACEMENT_3D ( 'NONE', #228, #3731, #4106 ) ;
#2258 = EDGE_CURVE ( 'NONE', #3194, #720, #1178, .T. ) ;
#2259 = CARTESIAN_POINT ( 'NONE',  ( -9.000000000000238032, 0.4999999999999891753, 14.89248337494185037 ) ) ;
#2260 = CONICAL_SURFACE ( 'NONE', #2995, 10.75000000000000000, 0.7853981633974587151 ) ;
#2261 = DIRECTION ( 'NONE',  ( -0.8320502943378407235, 0.000000000000000000, -0.5547001962252335883 ) ) ;
#2262 = AXIS2_PLACEMENT_3D ( 'NONE', #3159, #268, #507 ) ;
#2263 = ORIENTED_EDGE ( 'NONE', *, *, #3649, .F. ) ;
#2264 = VECTOR ( 'NONE', #3334, 1000.000000000000000 ) ;
#2265 = EDGE_CURVE ( 'NONE', #761, #1105, #127, .T. ) ;
#2266 = AXIS2_PLACEMENT_3D ( 'NONE', #2523, #3164, #1567 ) ;
#2267 = EDGE_CURVE ( 'NONE', #3105, #2957, #359, .T. ) ;
#2268 = CARTESIAN_POINT ( 'NONE',  ( 0.000000000000000000, 4.000000000000003553, 0.000000000000000000 ) ) ;
#2269 = CARTESIAN_POINT ( 'NONE',  ( 13.00000000000025935, 8.000000000000000000, -17.89999999999977831 ) ) ;
#2270 = VERTEX_POINT ( 'NONE', #3949 ) ;
#2271 = VERTEX_POINT ( 'NONE', #1406 ) ;
#2272 = CARTESIAN_POINT ( 'NONE',  ( -19.00000000000078515, 0.000000000000000000, 17.99999999999972999 ) ) ;
#2273 = DIRECTION ( 'NONE',  ( -4.906538933386798820E-15, 0.7071067811865475727, 0.7071067811865475727 ) ) ;
#2274 = EDGE_CURVE ( 'NONE', #128, #3562, #2932, .T. ) ;
#2275 = ADVANCED_FACE ( 'NONE', ( #760 ), #723, .T. ) ;
#2276 = DIRECTION ( 'NONE',  ( 0.000000000000000000, 0.000000000000000000, -1.000000000000000000 ) ) ;
#2277 = ORIENTED_EDGE ( 'NONE', *, *, #3563, .F. ) ;
#2278 = DATE_AND_TIME ( #4, #114 ) ;
#2279 = FACE_OUTER_BOUND ( 'NONE', #1591, .T. ) ;
#2280 = DIRECTION ( 'NONE',  ( 0.000000000000000000, -1.000000000000000000, 0.000000000000000000 ) ) ;
#2281 = VERTEX_POINT ( 'NONE', #2659 ) ;
#2282 = DIRECTION ( 'NONE',  ( 0.7071067811865549002, 0.000000000000000000, -0.7071067811865401342 ) ) ;
#2283 = CARTESIAN_POINT ( 'NONE',  ( -9.000000000000261124, 0.000000000000000000, 17.89999999999980673 ) ) ;
#2284 = DIRECTION ( 'NONE',  ( -6.938893903907233111E-15, 0.000000000000000000, 1.000000000000000000 ) ) ;
#2285 = EDGE_CURVE ( 'NONE', #1538, #1499, #1059, .T. ) ;
#2286 = EDGE_LOOP ( 'NONE', ( #946, #2814, #840, #2388, #3212, #2649, #1584, #477 ) ) ;
#2287 = AXIS2_PLACEMENT_3D ( 'NONE', #501, #4101, #1802 ) ;
#2288 = LINE ( 'NONE', #2886, #2775 ) ;
#2289 = CARTESIAN_POINT ( 'NONE',  ( 10.20000000000027818, 4.099999999999961453, -22.09999999999980957 ) ) ;
#2290 = EDGE_CURVE ( 'NONE', #4029, #2184, #3886, .T. ) ;
#2291 = ORIENTED_EDGE ( 'NONE', *, *, #113, .F. ) ;
#2292 = ORIENTED_EDGE ( 'NONE', *, *, #3140, .F. ) ;
#2293 = DIRECTION ( 'NONE',  ( 0.03804841776769430500, 0.7071067811865494601, -0.7060823733144542258 ) ) ;
#2294 = LINE ( 'NONE', #3277, #1894 ) ;
#2295 = AXIS2_PLACEMENT_3D ( 'NONE', #2987, #3367, #1738 ) ;
#2296 = PLANE ( 'NONE',  #130 ) ;
#2297 = EDGE_LOOP ( 'NONE', ( #638, #811, #2923 ) ) ;
#2298 = ADVANCED_FACE ( 'NONE', ( #43 ), #2309, .T. ) ;
#2299 = DATE_AND_TIME ( #3236, #2807 ) ;
#2300 = PLANE ( 'NONE',  #2490 ) ;
#2301 = LINE ( 'NONE', #3571, #2853 ) ;
#2302 = DIRECTION ( 'NONE',  ( 0.000000000000000000, -1.000000000000000000, 0.000000000000000000 ) ) ;
#2303 = VERTEX_POINT ( 'NONE', #2001 ) ;
#2304 = CARTESIAN_POINT ( 'NONE',  ( 12.74123437860740182, 6.764846845347307180, -13.41692424667615491 ) ) ;
#2305 = DIRECTION ( 'NONE',  ( 1.000000000000000000, 0.000000000000000000, -0.000000000000000000 ) ) ;
#2306 = LINE ( 'NONE', #289, #30 ) ;
#2307 = VERTEX_POINT ( 'NONE', #992 ) ;
#2308 = CARTESIAN_POINT ( 'NONE',  ( 15.00000000000025935, 0.000000000000000000, -17.89999999999976765 ) ) ;
#2309 = PLANE ( 'NONE',  #3330 ) ;
#2310 = ORIENTED_EDGE ( 'NONE', *, *, #1012, .T. ) ;
#2311 = ORIENTED_EDGE ( 'NONE', *, *, #785, .F. ) ;
#2312 = EDGE_CURVE ( 'NONE', #356, #1692, #2616, .T. ) ;
#2313 = CARTESIAN_POINT ( 'NONE',  ( -19.00000000000023448, 7.499999999999993783, 14.89248337494178109 ) ) ;
#2314 = LINE ( 'NONE', #1343, #537 ) ;
#2315 = CARTESIAN_POINT ( 'NONE',  ( -18.99999999999980460, 8.000000000000000000, -18.24999999999994671 ) ) ;
#2316 = ORIENTED_EDGE ( 'NONE', *, *, #1137, .T. ) ;
#2317 = CARTESIAN_POINT ( 'NONE',  ( -12.21394289005110068, 8.000000000000000000, 13.59248337494183723 ) ) ;
#2318 = CIRCLE ( 'NONE', #493, 11.74999999999999645 ) ;
#2319 = FACE_OUTER_BOUND ( 'NONE', #3142, .T. ) ;
#2320 = DIRECTION ( 'NONE',  ( 0.000000000000000000, 1.000000000000000000, 0.000000000000000000 ) ) ;
#2321 = ORIENTED_EDGE ( 'NONE', *, *, #3192, .F. ) ;
#2322 = LINE ( 'NONE', #3942, #1379 ) ;
#2323 = CARTESIAN_POINT ( 'NONE',  ( -18.75000000000022737, 0.4999999999999891753, 13.84248337494178394 ) ) ;
#2324 = DIRECTION ( 'NONE',  ( 0.000000000000000000, 0.000000000000000000, 1.000000000000000000 ) ) ;
#2325 = EDGE_CURVE ( 'NONE', #993, #382, #1014, .T. ) ;
#2326 = ORIENTED_EDGE ( 'NONE', *, *, #530, .F. ) ;
#2327 = VECTOR ( 'NONE', #930, 1000.000000000000000 ) ;
#2328 = CARTESIAN_POINT ( 'NONE',  ( -15.00000000000026112, 8.000000000000000000, 17.89999999999976410 ) ) ;
#2329 = DIRECTION ( 'NONE',  ( -0.8320502943378474958, 0.000000000000000000, 0.5547001962252233742 ) ) ;
#2330 = EDGE_CURVE ( 'NONE', #3972, #356, #3273, .T. ) ;
#2331 = CIRCLE ( 'NONE', #2998, 1.000988954988353496 ) ;
#2332 = ORIENTED_EDGE ( 'NONE', *, *, #888, .F. ) ;
#2333 = AXIS2_PLACEMENT_3D ( 'NONE', #141, #4005, #1400 ) ;
#2334 = VERTEX_POINT ( 'NONE', #404 ) ;
#2335 = CARTESIAN_POINT ( 'NONE',  ( -0.5000000000000001110, 7.000000000000000000, -11.36400567581695498 ) ) ;
#2336 = CARTESIAN_POINT ( 'NONE',  ( -9.006252105531933339, 7.676751190226852373, 15.06923456516870807 ) ) ;
#2337 = ORIENTED_EDGE ( 'NONE', *, *, #1030, .F. ) ;
#2338 = LINE ( 'NONE', #1067, #3023 ) ;
#2339 = DIRECTION ( 'NONE',  ( -0.8320502943378403904, 0.000000000000000000, -0.5547001962252341434 ) ) ;
#2340 = LINE ( 'NONE', #2711, #399 ) ;
#2341 = EDGE_CURVE ( 'NONE', #2684, #293, #1976, .T. ) ;
#2342 = EDGE_LOOP ( 'NONE', ( #2712, #4132, #3632, #2774, #618 ) ) ;
#2343 = DIRECTION ( 'NONE',  ( -0.000000000000000000, 1.000000000000000000, -0.000000000000000000 ) ) ;
#2344 = DIRECTION ( 'NONE',  ( 0.9975007203633288189, 0.000000000000000000, 0.07065630102574080307 ) ) ;
#2345 = AXIS2_PLACEMENT_3D ( 'NONE', #3935, #1325, #1622 ) ;
#2346 = CARTESIAN_POINT ( 'NONE',  ( -11.74999999999990230, 8.000000000000000000, -13.59248337494200598 ) ) ;
#2347 = ORIENTED_EDGE ( 'NONE', *, *, #3238, .T. ) ;
#2348 = CARTESIAN_POINT ( 'NONE',  ( 17.00000000000025935, 8.000000000000000000, -17.89999999999975344 ) ) ;
#2349 = DIRECTION ( 'NONE',  ( 0.000000000000000000, 0.9363291775690443242, 0.3511234415883922599 ) ) ;
#2350 = ORIENTED_EDGE ( 'NONE', *, *, #3230, .T. ) ;
#2351 = VERTEX_POINT ( 'NONE', #1360 ) ;
#2352 = VECTOR ( 'NONE', #242, 1000.000000000000000 ) ;
#2353 = EDGE_CURVE ( 'NONE', #3457, #4116, #3622, .T. ) ;
#2354 = DIRECTION ( 'NONE',  ( 0.04996154958886053071, 0.7071067811865456854, -0.7053395236073777275 ) ) ;
#2355 = FACE_OUTER_BOUND ( 'NONE', #1820, .T. ) ;
#2356 = EDGE_LOOP ( 'NONE', ( #1436, #4136, #118, #2292 ) ) ;
#2357 = ORIENTED_EDGE ( 'NONE', *, *, #2750, .F. ) ;
#2358 = AXIS2_PLACEMENT_3D ( 'NONE', #26, #617, #1918 ) ;
#2359 = DIRECTION ( 'NONE',  ( 0.000000000000000000, -1.000000000000000000, 0.000000000000000000 ) ) ;
#2360 = DIRECTION ( 'NONE',  ( 5.767959723060150017E-15, 0.000000000000000000, -1.000000000000000000 ) ) ;
#2361 = CARTESIAN_POINT ( 'NONE',  ( 0.4999999999999998890, 7.000000000000000000, 11.36400567581695498 ) ) ;
#2362 = VERTEX_POINT ( 'NONE', #449 ) ;
#2363 = VECTOR ( 'NONE', #3044, 1000.000000000000000 ) ;
#2364 = CARTESIAN_POINT ( 'NONE',  ( 0.4999999999999998890, 7.000000000000000000, 14.60440660437519256 ) ) ;
#2365 = ADVANCED_FACE ( 'NONE', ( #3605 ), #1701, .F. ) ;
#2366 = CARTESIAN_POINT ( 'NONE',  ( 3.035398026413986372, 7.499999999999992895, 15.74373548643533205 ) ) ;
#2367 = CARTESIAN_POINT ( 'NONE',  ( -13.00000000000026112, 8.000000000000000000, 17.89999999999977831 ) ) ;
#2368 = ORIENTED_EDGE ( 'NONE', *, *, #1201, .F. ) ;
#2369 = EDGE_CURVE ( 'NONE', #2911, #3539, #1722, .T. ) ;
#2370 = CARTESIAN_POINT ( 'NONE',  ( 16.00000000000026645, 0.000000000000000000, -19.39999999999976055 ) ) ;
#2371 = CARTESIAN_POINT ( 'NONE',  ( -3.089259829119846756, 8.000000000000000000, -14.24320774069499151 ) ) ;
#2372 = EDGE_LOOP ( 'NONE', ( #235, #662, #535, #739, #2013, #2795 ) ) ;
#2373 = EDGE_LOOP ( 'NONE', ( #58, #1830 ) ) ;
#2374 = LINE ( 'NONE', #4049, #402 ) ;
#2375 = DIRECTION ( 'NONE',  ( 0.000000000000000000, 0.000000000000000000, 1.000000000000000000 ) ) ;
#2376 = VERTEX_POINT ( 'NONE', #2371 ) ;
#2377 = EDGE_CURVE ( 'NONE', #3898, #2234, #2331, .T. ) ;
#2378 = ORIENTED_EDGE ( 'NONE', *, *, #2750, .T. ) ;
#2379 = AXIS2_PLACEMENT_3D ( 'NONE', #3686, #3327, #2078 ) ;
#2380 = PLANE ( 'NONE',  #1208 ) ;
#2381 = DIRECTION ( 'NONE',  ( 0.000000000000000000, 0.000000000000000000, 1.000000000000000000 ) ) ;
#2382 = DIRECTION ( 'NONE',  ( 0.000000000000000000, 1.000000000000000000, 0.000000000000000000 ) ) ;
#2383 = ORIENTED_EDGE ( 'NONE', *, *, #1018, .T. ) ;
#2384 = DIRECTION ( 'NONE',  ( 0.000000000000000000, -1.000000000000000000, 0.000000000000000000 ) ) ;
#2385 = CYLINDRICAL_SURFACE ( 'NONE', #3221, 10.24999999999999467 ) ;
#2386 = DIRECTION ( 'NONE',  ( 0.7071067811865500152, 1.239037099348076713E-16, -0.7071067811865451302 ) ) ;
#2387 = VECTOR ( 'NONE', #4137, 1000.000000000000000 ) ;
#2388 = ORIENTED_EDGE ( 'NONE', *, *, #2695, .T. ) ;
#2389 = EDGE_CURVE ( 'NONE', #3517, #1016, #1824, .T. ) ;
#2390 = CARTESIAN_POINT ( 'NONE',  ( -19.00000000000022737, 0.4999999999999891753, 14.09248337494178038 ) ) ;
#2391 = DIRECTION ( 'NONE',  ( 0.000000000000000000, -1.000000000000000000, 0.000000000000000000 ) ) ;
#2392 = DIRECTION ( 'NONE',  ( -4.779651140343261843E-15, -0.7071067811865493491, 0.7071067811865456854 ) ) ;
#2393 = VERTEX_POINT ( 'NONE', #470 ) ;
#2394 = ADVANCED_FACE ( 'NONE', ( #187 ), #1187, .T. ) ;
#2395 = ORIENTED_EDGE ( 'NONE', *, *, #3134, .T. ) ;
#2396 = VECTOR ( 'NONE', #3755, 1000.000000000000000 ) ;
#2397 = EDGE_CURVE ( 'NONE', #792, #1165, #2759, .T. ) ;
#2398 = VECTOR ( 'NONE', #891, 999.9999999999998863 ) ;
#2399 = DIRECTION ( 'NONE',  ( -0.9975007203633288189, 0.000000000000000000, -0.07065630102574080307 ) ) ;
#2400 = AXIS2_PLACEMENT_3D ( 'NONE', #1311, #3267, #353 ) ;
#2401 = LINE ( 'NONE', #3586, #2430 ) ;
#2402 = ORIENTED_EDGE ( 'NONE', *, *, #2745, .T. ) ;
#2403 = VERTEX_POINT ( 'NONE', #2699 ) ;
#2404 = DIRECTION ( 'NONE',  ( -0.000000000000000000, 1.000000000000000000, -0.000000000000000000 ) ) ;
#2405 = EDGE_CURVE ( 'NONE', #1707, #2214, #806, .T. ) ;
#2406 = LINE ( 'NONE', #1777, #777 ) ;
#2407 = DIRECTION ( 'NONE',  ( 0.000000000000000000, 1.000000000000000000, 0.000000000000000000 ) ) ;
#2408 = ORIENTED_EDGE ( 'NONE', *, *, #3389, .T. ) ;
#2409 = CARTESIAN_POINT ( 'NONE',  ( 3.035398026413986372, 8.000000000000000000, 15.24274653144697744 ) ) ;
#2410 = EDGE_CURVE ( 'NONE', #284, #274, #4013, .T. ) ;
#2411 = DIRECTION ( 'NONE',  ( -1.000000000000000000, 0.000000000000000000, -6.938893903907227589E-15 ) ) ;
#2412 = CARTESIAN_POINT ( 'NONE',  ( 0.4999999999999998890, 7.000000000000000000, -14.60440660437519256 ) ) ;
#2413 = ORIENTED_EDGE ( 'NONE', *, *, #3721, .F. ) ;
#2414 = LINE ( 'NONE', #995, #3328 ) ;
#2415 = CARTESIAN_POINT ( 'NONE',  ( 18.99999999999976197, 7.500000000000008882, 18.75000000000013145 ) ) ;
#2416 = VERTEX_POINT ( 'NONE', #2433 ) ;
#2417 = ADVANCED_FACE ( 'NONE', ( #786 ), #1449, .F. ) ;
#2418 = CARTESIAN_POINT ( 'NONE',  ( 3.000000000000063061, 8.000000000000000000, 18.74999999999988987 ) ) ;
#2419 = CARTESIAN_POINT ( 'NONE',  ( 12.20000000000027995, 4.099999999999968558, -22.09999999999978826 ) ) ;
#2420 = ORIENTED_EDGE ( 'NONE', *, *, #2237, .F. ) ;
#2421 = ORIENTED_EDGE ( 'NONE', *, *, #1842, .T. ) ;
#2422 = AXIS2_PLACEMENT_3D ( 'NONE', #3634, #2984, #1026 ) ;
#2423 = CARTESIAN_POINT ( 'NONE',  ( 16.00000000000026645, 8.000000000000000000, -19.39999999999976055 ) ) ;
#2424 = EDGE_CURVE ( 'NONE', #271, #400, #4047, .T. ) ;
#2425 = DIRECTION ( 'NONE',  ( -0.4264014327112166103, -0.6396021490668298837, -0.6396021490668356568 ) ) ;
#2426 = EDGE_LOOP ( 'NONE', ( #2535, #4149, #1062, #683 ) ) ;
#2427 = AXIS2_PLACEMENT_3D ( 'NONE', #3150, #4079, #4056 ) ;
#2428 = FACE_OUTER_BOUND ( 'NONE', #2551, .T. ) ;
#2429 = LINE ( 'NONE', #2734, #1232 ) ;
#2430 = VECTOR ( 'NONE', #2641, 1000.000000000000000 ) ;
#2431 = FACE_OUTER_BOUND ( 'NONE', #1152, .T. ) ;
#2432 = CARTESIAN_POINT ( 'NONE',  ( -11.00000000000025935, 0.000000000000000000, 17.89999999999979252 ) ) ;
#2433 = CARTESIAN_POINT ( 'NONE',  ( 3.000000000000065281, 0.7499999999998446798, 18.74999999999988987 ) ) ;
#2434 = ORIENTED_EDGE ( 'NONE', *, *, #2285, .F. ) ;
#2435 = LINE ( 'NONE', #1750, #262 ) ;
#2436 = LINE ( 'NONE', #2190, #2650 ) ;
#2437 = ORIENTED_EDGE ( 'NONE', *, *, #3996, .F. ) ;
#2438 = ORIENTED_EDGE ( 'NONE', *, *, #3753, .F. ) ;
#2439 = ADVANCED_FACE ( 'NONE', ( #3119 ), #2082, .F. ) ;
#2440 = ADVANCED_FACE ( 'NONE', ( #4028 ), #1799, .F. ) ;
#2441 = LINE ( 'NONE', #3402, #4003 ) ;
#2442 = CARTESIAN_POINT ( 'NONE',  ( -3.000000000000065281, 0.000000000000000000, -18.74999999999988987 ) ) ;
#2443 = ORIENTED_EDGE ( 'NONE', *, *, #3930, .T. ) ;
#2444 = AXIS2_PLACEMENT_3D ( 'NONE', #3269, #377, #2633 ) ;
#2445 = CARTESIAN_POINT ( 'NONE',  ( 0.5000000000000000000, 7.404018387722064887, -14.64664081424971087 ) ) ;
#2446 = CARTESIAN_POINT ( 'NONE',  ( -7.588235294116835838, -2.602085213965210642E-15, 17.99999999999988987 ) ) ;
#2447 = AXIS2_PLACEMENT_3D ( 'NONE', #2784, #4146, #233 ) ;
#2448 = DIRECTION ( 'NONE',  ( 0.000000000000000000, -1.000000000000000000, 0.000000000000000000 ) ) ;
#2449 = DIRECTION ( 'NONE',  ( -1.000000000000000000, 0.000000000000000000, -6.938893903907227589E-15 ) ) ;
#2450 = ADVANCED_FACE ( 'NONE', ( #3375 ), #1163, .T. ) ;
#2451 = VECTOR ( 'NONE', #3325, 1000.000000000000000 ) ;
#2452 = CARTESIAN_POINT ( 'NONE',  ( -19.00000000000022737, 8.000000000000000000, 14.09248337494178038 ) ) ;
#2453 = ORIENTED_EDGE ( 'NONE', *, *, #352, .F. ) ;
#2454 = AXIS2_PLACEMENT_3D ( 'NONE', #3516, #2228, #635 ) ;
#2455 = VECTOR ( 'NONE', #975, 1000.000000000000000 ) ;
#2456 = EDGE_CURVE ( 'NONE', #1427, #4029, #3042, .T. ) ;
#2457 = DIRECTION ( 'NONE',  ( 1.000000000000000000, -0.000000000000000000, 1.415562539087702249E-14 ) ) ;
#2458 = DIRECTION ( 'NONE',  ( 0.4264014327112231606, 0.6396021490668336584, -0.6396021490668273302 ) ) ;
#2459 = ORIENTED_EDGE ( 'NONE', *, *, #2466, .T. ) ;
#2460 = VECTOR ( 'NONE', #835, 1000.000000000000114 ) ;
#2461 = ORIENTED_EDGE ( 'NONE', *, *, #372, .F. ) ;
#2462 = AXIS2_PLACEMENT_3D ( 'NONE', #610, #3145, #654 ) ;
#2463 = VECTOR ( 'NONE', #986, 1000.000000000000000 ) ;
#2464 = AXIS2_PLACEMENT_3D ( 'NONE', #2592, #4144, #1950 ) ;
#2465 = CARTESIAN_POINT ( 'NONE',  ( 9.000000000000230926, 7.500000000000000000, -14.09248337494185144 ) ) ;
#2466 = EDGE_CURVE ( 'NONE', #2680, #3550, #1467, .T. ) ;
#2467 = CARTESIAN_POINT ( 'NONE',  ( 18.50000000000024514, -8.131516293641283255E-16, -15.39248337494178465 ) ) ;
#2468 = VERTEX_POINT ( 'NONE', #1126 ) ;
#2469 = AXIS2_PLACEMENT_3D ( 'NONE', #2847, #2541, #3496 ) ;
#2470 = FACE_OUTER_BOUND ( 'NONE', #2211, .T. ) ;
#2471 = FACE_OUTER_BOUND ( 'NONE', #2595, .T. ) ;
#2472 = CARTESIAN_POINT ( 'NONE',  ( -0.5000000000000000000, 7.430961687271349092, -14.67354508019205994 ) ) ;
#2473 = EDGE_CURVE ( 'NONE', #578, #993, #3690, .T. ) ;
#2474 = ORIENTED_EDGE ( 'NONE', *, *, #3798, .F. ) ;
#2475 = ADVANCED_FACE ( 'NONE', ( #4068 ), #1787, .T. ) ;
#2476 = CARTESIAN_POINT ( 'NONE',  ( -13.20909090909120742, 3.213636363636352744, 21.21363636363616223 ) ) ;
#2477 = DIRECTION ( 'NONE',  ( -0.03804841776769434664, -0.7071067811865466846, 0.7060823733144571124 ) ) ;
#2478 = CARTESIAN_POINT ( 'NONE',  ( 10.00000000000026823, 8.000000000000000000, -19.39999999999979963 ) ) ;
#2479 = ADVANCED_FACE ( 'NONE', ( #2738 ), #527, .T. ) ;
#2480 = DESIGN_CONTEXT ( 'detailed design', #2486, 'design' ) ;
#2481 = VERTEX_POINT ( 'NONE', #1807 ) ;
#2482 = CARTESIAN_POINT ( 'NONE',  ( 0.5000000000000004441, 7.000000000000000000, -14.55051994864538223 ) ) ;
#2483 = VERTEX_POINT ( 'NONE', #1967 ) ;
#2484 = ORIENTED_EDGE ( 'NONE', *, *, #2554, .T. ) ;
#2485 = ORIENTED_EDGE ( 'NONE', *, *, #1630, .T. ) ;
#2486 = APPLICATION_CONTEXT ( 'configuration controlled 3d designs of mechanical parts and assemblies' ) ;
#2487 = DIRECTION ( 'NONE',  ( 0.05380858843391071733, 0.000000000000000000, -0.9985512684938866457 ) ) ;
#2488 = LINE ( 'NONE', #878, #1822 ) ;
#2489 = ORIENTED_EDGE ( 'NONE', *, *, #2410, .F. ) ;
#2490 = AXIS2_PLACEMENT_3D ( 'NONE', #1326, #3197, #2585 ) ;
#2491 = LINE ( 'NONE', #3423, #221 ) ;
#2492 = CARTESIAN_POINT ( 'NONE',  ( 14.00000000000024869, 7.500000000000000000, -15.99248337494181627 ) ) ;
#2493 = CARTESIAN_POINT ( 'NONE',  ( 16.93333333333359292, -8.673617379884035472E-16, -17.99999999999975486 ) ) ;
#2494 = ORIENTED_EDGE ( 'NONE', *, *, #2405, .T. ) ;
#2495 = ADVANCED_FACE ( 'NONE', ( #1990 ), #1306, .F. ) ;
#2496 = LINE ( 'NONE', #884, #1800 ) ;
#2497 = CIRCLE ( 'NONE', #1546, 1.499999999999997780 ) ;
#2498 = DIRECTION ( 'NONE',  ( 0.000000000000000000, 0.000000000000000000, 1.000000000000000000 ) ) ;
#2499 = DIRECTION ( 'NONE',  ( -1.000000000000000000, -0.000000000000000000, -6.938893903907233111E-15 ) ) ;
#2500 = ORIENTED_EDGE ( 'NONE', *, *, #3300, .T. ) ;
#2501 = EDGE_CURVE ( 'NONE', #2811, #716, #2629, .T. ) ;
#2502 = CARTESIAN_POINT ( 'NONE',  ( 12.55431677052014372, 5.594744111674245346, -14.89248337494182728 ) ) ;
#2503 = VERTEX_POINT ( 'NONE', #3219 ) ;
#2504 = ORIENTED_EDGE ( 'NONE', *, *, #345, .T. ) ;
#2505 = ORIENTED_EDGE ( 'NONE', *, *, #486, .F. ) ;
#2506 = CARTESIAN_POINT ( 'NONE',  ( 12.31846340716187882, 7.830291261162447114, -13.76219211377938301 ) ) ;
#2507 = ADVANCED_FACE ( 'NONE', ( #1328 ), #3200, .F. ) ;
#2508 = CARTESIAN_POINT ( 'NONE',  ( -3.035398026413988148, 8.000000000000000000, -15.24274653144697744 ) ) ;
#2509 = EDGE_LOOP ( 'NONE', ( #312, #3544, #787, #803, #3682 ) ) ;
#2510 = LINE ( 'NONE', #2531, #1107 ) ;
#2511 = DIRECTION ( 'NONE',  ( -0.000000000000000000, 1.000000000000000000, -0.000000000000000000 ) ) ;
#2512 = LINE ( 'NONE', #882, #1570 ) ;
#2513 = EDGE_CURVE ( 'NONE', #4023, #623, #7, .T. ) ;
#2514 = ORIENTED_EDGE ( 'NONE', *, *, #3493, .F. ) ;
#2515 = CARTESIAN_POINT ( 'NONE',  ( -12.21394289005110068, 8.000000000000000000, 13.59248337494183723 ) ) ;
#2516 = DIRECTION ( 'NONE',  ( -1.000953870582561707E-14, 0.7071067811865474617, 0.7071067811865476838 ) ) ;
#2517 = ADVANCED_FACE ( 'NONE', ( #34, #714 ), #3875, .T. ) ;
#2518 = ORIENTED_EDGE ( 'NONE', *, *, #179, .F. ) ;
#2519 = VECTOR ( 'NONE', #2391, 1000.000000000000000 ) ;
#2520 = FACE_OUTER_BOUND ( 'NONE', #1514, .T. ) ;
#2521 = CARTESIAN_POINT ( 'NONE',  ( 18.99999999999976907, 7.500000000000008882, 18.25000000000014211 ) ) ;
#2522 = EDGE_CURVE ( 'NONE', #1867, #3796, #2534, .T. ) ;
#2523 = CARTESIAN_POINT ( 'NONE',  ( 14.00000000000023803, 7.500000000000008882, -14.49248337494183581 ) ) ;
#2524 = ORIENTED_EDGE ( 'NONE', *, *, #3968, .T. ) ;
#2525 = ORIENTED_EDGE ( 'NONE', *, *, #796, .T. ) ;
#2526 = CARTESIAN_POINT ( 'NONE',  ( 19.00000000000025580, 7.500000000000000888, -17.89999999999973568 ) ) ;
#2527 = LINE ( 'NONE', #1156, #1426 ) ;
#2528 = EDGE_LOOP ( 'NONE', ( #1602, #1099, #1519, #44 ) ) ;
#2529 = VECTOR ( 'NONE', #1385, 1000.000000000000000 ) ;
#2530 = VECTOR ( 'NONE', #3081, 1000.000000000000000 ) ;
#2531 = CARTESIAN_POINT ( 'NONE',  ( 18.50000000000015632, -8.131516293641283255E-16, 1.658288420379801868E-13 ) ) ;
#2532 = DIRECTION ( 'NONE',  ( 1.000000000000000000, 0.000000000000000000, 6.938893903907227589E-15 ) ) ;
#2533 = DIRECTION ( 'NONE',  ( -0.000000000000000000, 1.000000000000000000, -0.000000000000000000 ) ) ;
#2534 = CIRCLE ( 'NONE', #1592, 0.5009889549883513871 ) ;
#2535 = ORIENTED_EDGE ( 'NONE', *, *, #3908, .F. ) ;
#2536 = LINE ( 'NONE', #628, #2463 ) ;
#2537 = CARTESIAN_POINT ( 'NONE',  ( -14.00000000000028422, 7.499999999999993783, 15.99248337494178429 ) ) ;
#2538 = ORIENTED_EDGE ( 'NONE', *, *, #2353, .T. ) ;
#2539 = LINE ( 'NONE', #3144, #2912 ) ;
#2540 = CARTESIAN_POINT ( 'NONE',  ( 14.00000000000023803, 8.000000000000000000, -14.49248337494183581 ) ) ;
#2541 = DIRECTION ( 'NONE',  ( -0.000000000000000000, -1.000000000000000000, -0.000000000000000000 ) ) ;
#2542 = ORIENTED_EDGE ( 'NONE', *, *, #2149, .T. ) ;
#2543 = ORIENTED_EDGE ( 'NONE', *, *, #2880, .T. ) ;
#2544 = EDGE_CURVE ( 'NONE', #3372, #2062, #300, .T. ) ;
#2545 = LINE ( 'NONE', #1323, #4099 ) ;
#2546 = ORIENTED_EDGE ( 'NONE', *, *, #2626, .F. ) ;
#2547 = DIRECTION ( 'NONE',  ( 0.000000000000000000, 1.000000000000000000, 0.000000000000000000 ) ) ;
#2548 = PLANE ( 'NONE',  #2155 ) ;
#2549 = EDGE_CURVE ( 'NONE', #2090, #3687, #4089, .T. ) ;
#2550 = DIRECTION ( 'NONE',  ( 4.906538933386788564E-15, 0.7071067811865487940, -0.7071067811865463515 ) ) ;
#2551 = EDGE_LOOP ( 'NONE', ( #3561, #4103, #3083, #3335, #652, #1752, #599, #1295, #1792, #1460, #1511, #3973, #522, #1508, #2666, #2946, #2930, #724, #2047, #763, #1147, #2918, #2839, #134, #2347, #894, #1257, #584, #2068, #3914 ) ) ;
#2552 = LINE ( 'NONE', #1927, #1119 ) ;
#2553 = DIRECTION ( 'NONE',  ( -0.5547001962252341434, 0.000000000000000000, 0.8320502943378402794 ) ) ;
#2554 = EDGE_CURVE ( 'NONE', #2731, #919, #3897, .T. ) ;
#2555 = EDGE_LOOP ( 'NONE', ( #1358, #2749, #3478, #3876, #2744 ) ) ;
#2556 = CIRCLE ( 'NONE', #3092, 11.37499999999999822 ) ;
#2557 = CARTESIAN_POINT ( 'NONE',  ( 18.49999999999979039, 3.058223156865754301E-15, 18.00000000000026645 ) ) ;
#2558 = CARTESIAN_POINT ( 'NONE',  ( 2.999999999999757083, 8.000000000000000000, 15.74248337494192995 ) ) ;
#2559 = DIRECTION ( 'NONE',  ( 0.5547001962252233742, 0.000000000000000000, 0.8320502943378474958 ) ) ;
#2560 = VECTOR ( 'NONE', #1435, 1000.000000000000114 ) ;
#2561 = VERTEX_POINT ( 'NONE', #327 ) ;
#2562 = ORIENTED_EDGE ( 'NONE', *, *, #708, .T. ) ;
#2563 = LINE ( 'NONE', #3149, #2657 ) ;
#2564 = CARTESIAN_POINT ( 'NONE',  ( 18.49999999999978328, 7.999999999999998224, 18.25000000000013500 ) ) ;
#2565 = ORIENTED_EDGE ( 'NONE', *, *, #78, .F. ) ;
#2566 = CARTESIAN_POINT ( 'NONE',  ( 19.00000000000024158, 8.000000000000000000, -15.39248337494178109 ) ) ;
#2567 = FACE_OUTER_BOUND ( 'NONE', #3995, .T. ) ;
#2568 = CARTESIAN_POINT ( 'NONE',  ( 18.50000000000025580, 0.000000000000000000, -17.99999999999973355 ) ) ;
#2569 = ORIENTED_EDGE ( 'NONE', *, *, #2101, .F. ) ;
#2570 = DIRECTION ( 'NONE',  ( 0.000000000000000000, 0.000000000000000000, 1.000000000000000000 ) ) ;
#2571 = DIRECTION ( 'NONE',  ( -0.5547001962252341434, 0.000000000000000000, 0.8320502943378402794 ) ) ;
#2572 = ORIENTED_EDGE ( 'NONE', *, *, #3453, .T. ) ;
#2573 = ADVANCED_FACE ( 'NONE', ( #2877 ), #2922, .T. ) ;
#2574 = DIRECTION ( 'NONE',  ( 0.5547001962252341434, 0.000000000000000000, -0.8320502943378403904 ) ) ;
#2575 = ORIENTED_EDGE ( 'NONE', *, *, #3290, .T. ) ;
#2576 = ORIENTED_EDGE ( 'NONE', *, *, #3345, .F. ) ;
#2577 = CONICAL_SURFACE ( 'NONE', #2185, 10.24999999999999467, 0.3587706702705728001 ) ;
#2578 = EDGE_CURVE ( 'NONE', #2468, #3696, #2012, .T. ) ;
#2579 = CARTESIAN_POINT ( 'NONE',  ( 0.4999999999999998890, 7.000000000000000000, -14.60440660437519256 ) ) ;
#2580 = CARTESIAN_POINT ( 'NONE',  ( -10.24999999999990230, -8.131516293641283255E-16, -13.59248337494199532 ) ) ;
#2581 = VECTOR ( 'NONE', #4156, 1000.000000000000114 ) ;
#2582 = CARTESIAN_POINT ( 'NONE',  ( 9.000000000000236255, 0.4999999999999970024, -14.89248337494185215 ) ) ;
#2583 = VERTEX_POINT ( 'NONE', #2568 ) ;
#2584 = PERSON_AND_ORGANIZATION ( #3491, #3819 ) ;
#2585 = DIRECTION ( 'NONE',  ( 0.5547001962252349205, 0.000000000000000000, -0.8320502943378398353 ) ) ;
#2586 = EDGE_CURVE ( 'NONE', #1505, #2690, #2872, .T. ) ;
#2587 = DIRECTION ( 'NONE',  ( 0.7071067811865482389, 0.7071067811865469066, 3.721096819386302740E-15 ) ) ;
#2588 = CARTESIAN_POINT ( 'NONE',  ( -18.49999999999982236, 2.640974886359850958E-16, -18.00000000000025935 ) ) ;
#2589 = ORIENTED_EDGE ( 'NONE', *, *, #2265, .T. ) ;
#2590 = EDGE_CURVE ( 'NONE', #3863, #284, #2255, .T. ) ;
#2591 = CARTESIAN_POINT ( 'NONE',  ( -18.99999999999979750, 7.500000000000008882, -18.74999999999993250 ) ) ;
#2592 = CARTESIAN_POINT ( 'NONE',  ( 18.50000000000024158, 0.4999999999999962252, -14.89248337494178642 ) ) ;
#2593 = VECTOR ( 'NONE', #207, 1000.000000000000000 ) ;
#2594 = EDGE_CURVE ( 'NONE', #436, #2270, #983, .T. ) ;
#2595 = EDGE_LOOP ( 'NONE', ( #554, #2135, #4141, #1089 ) ) ;
#2596 = EDGE_CURVE ( 'NONE', #1427, #216, #2685, .T. ) ;
#2597 = LINE ( 'NONE', #3906, #1102 ) ;
#2598 = DIRECTION ( 'NONE',  ( 0.03804841776769444378, 0.7071067811865452413, -0.7060823733144584446 ) ) ;
#2599 = PRODUCT_RELATED_PRODUCT_CATEGORY ( 'detail', '', ( #178 ) ) ;
#2600 = EDGE_LOOP ( 'NONE', ( #3109, #2505, #2123, #2763 ) ) ;
#2601 = ORIENTED_EDGE ( 'NONE', *, *, #3589, .F. ) ;
#2602 = PLANE ( 'NONE',  #432 ) ;
#2603 = CARTESIAN_POINT ( 'NONE',  ( 14.00000000000023803, 8.000000000000000000, -14.49248337494183581 ) ) ;
#2604 = CARTESIAN_POINT ( 'NONE',  ( -14.70094103032747590, 7.499999999999939604, 15.99248337494177719 ) ) ;
#2605 = ORIENTED_EDGE ( 'NONE', *, *, #589, .T. ) ;
#2606 = APPROVAL_STATUS ( 'not_yet_approved' ) ;
#2607 = CARTESIAN_POINT ( 'NONE',  ( -12.55431677052018102, 5.594744111674231135, 14.09248337494182479 ) ) ;
#2608 = DIRECTION ( 'NONE',  ( 0.000000000000000000, 0.000000000000000000, 1.000000000000000000 ) ) ;
#2609 = DIRECTION ( 'NONE',  ( 0.000000000000000000, 0.000000000000000000, 1.000000000000000000 ) ) ;
#2610 = ORIENTED_EDGE ( 'NONE', *, *, #276, .T. ) ;
#2611 = CARTESIAN_POINT ( 'NONE',  ( -2.999999999999758860, 0.4999999999999970024, -15.74248337494192995 ) ) ;
#2612 = LINE ( 'NONE', #2220, #3129 ) ;
#2613 = DIRECTION ( 'NONE',  ( -5.767959723060150017E-15, 0.000000000000000000, 1.000000000000000000 ) ) ;
#2614 = EDGE_LOOP ( 'NONE', ( #3473, #674, #2869, #3262, #984, #1171 ) ) ;
#2615 = CARTESIAN_POINT ( 'NONE',  ( 10.00000000000027001, 1.399999999999945954, -19.39999999999979963 ) ) ;
#2616 = LINE ( 'NONE', #3907, #3870 ) ;
#2617 = VERTEX_POINT ( 'NONE', #3549 ) ;
#2618 = ORIENTED_EDGE ( 'NONE', *, *, #1320, .F. ) ;
#2619 = AXIS2_PLACEMENT_3D ( 'NONE', #2588, #349, #1005 ) ;
#2620 = ADVANCED_FACE ( 'NONE', ( #52 ), #1352, .T. ) ;
#2621 = FACE_OUTER_BOUND ( 'NONE', #1655, .T. ) ;
#2622 = CARTESIAN_POINT ( 'NONE',  ( -18.50000000000023093, -8.131516293636140868E-16, 13.59248337494179104 ) ) ;
#2623 = AXIS2_PLACEMENT_3D ( 'NONE', #2762, #3739, #1434 ) ;
#2624 = FACE_OUTER_BOUND ( 'NONE', #3039, .T. ) ;
#2625 = ORIENTED_EDGE ( 'NONE', *, *, #257, .F. ) ;
#2626 = EDGE_CURVE ( 'NONE', #3803, #3046, #3702, .T. ) ;
#2627 = CARTESIAN_POINT ( 'NONE',  ( -3.000000000000065281, 8.000000000000000000, -18.74999999999988987 ) ) ;
#2628 = CARTESIAN_POINT ( 'NONE',  ( 9.066666666666971963, 4.336808689942017736E-16, -17.99999999999986855 ) ) ;
#2629 = LINE ( 'NONE', #3594, #4072 ) ;
#2630 = ORIENTED_EDGE ( 'NONE', *, *, #943, .T. ) ;
#2631 = CARTESIAN_POINT ( 'NONE',  ( 2.999999999999757083, 0.4999999999999891753, 15.74248337494192995 ) ) ;
#2632 = DIRECTION ( 'NONE',  ( -1.000000000000000000, 0.000000000000000000, -6.938893903907229955E-15 ) ) ;
#2633 = DIRECTION ( 'NONE',  ( 0.5547001962252341434, 0.000000000000000000, -0.8320502943378403904 ) ) ;
#2634 = EDGE_LOOP ( 'NONE', ( #220, #2835, #3034, #406, #3000 ) ) ;
#2635 = EDGE_CURVE ( 'NONE', #2638, #2994, #1050, .T. ) ;
#2636 = DIRECTION ( 'NONE',  ( -0.000000000000000000, 1.000000000000000000, 0.000000000000000000 ) ) ;
#2637 = DIRECTION ( 'NONE',  ( -0.5547001962252233742, 0.000000000000000000, -0.8320502943378474958 ) ) ;
#2638 = VERTEX_POINT ( 'NONE', #3032 ) ;
#2639 = ORIENTED_EDGE ( 'NONE', *, *, #3374, .F. ) ;
#2640 = EDGE_CURVE ( 'NONE', #979, #3293, #2094, .T. ) ;
#2641 = DIRECTION ( 'NONE',  ( 6.921551667672176707E-15, 0.000000000000000000, -1.000000000000000000 ) ) ;
#2642 = DIRECTION ( 'NONE',  ( 0.9985512684938866457, 0.000000000000000000, 0.05380858843391087692 ) ) ;
#2643 = ORIENTED_EDGE ( 'NONE', *, *, #2285, .T. ) ;
#2644 = COORDINATED_UNIVERSAL_TIME_OFFSET ( 1, 0, .AHEAD. ) ;
#2645 = LINE ( 'NONE', #1417, #1887 ) ;
#2646 = VECTOR ( 'NONE', #3575, 1000.000000000000000 ) ;
#2647 = LINE ( 'NONE', #1711, #3665 ) ;
#2648 = LINE ( 'NONE', #3681, #1349 ) ;
#2649 = ORIENTED_EDGE ( 'NONE', *, *, #265, .T. ) ;
#2650 = VECTOR ( 'NONE', #3782, 1000.000000000000114 ) ;
#2651 = PLANE ( 'NONE',  #2333 ) ;
#2652 = FACE_OUTER_BOUND ( 'NONE', #1287, .T. ) ;
#2653 = EDGE_CURVE ( 'NONE', #1153, #3434, #2340, .T. ) ;
#2654 = VERTEX_POINT ( 'NONE', #2967 ) ;
#2655 = AXIS2_PLACEMENT_3D ( 'NONE', #295, #572, #912 ) ;
#2656 = VECTOR ( 'NONE', #885, 1000.000000000000114 ) ;
#2657 = VECTOR ( 'NONE', #1877, 999.9999999999998863 ) ;
#2658 = LINE ( 'NONE', #380, #1988 ) ;
#2659 = CARTESIAN_POINT ( 'NONE',  ( 18.49999999999977263, 0.7499999999998604450, 18.75000000000012434 ) ) ;
#2660 = AXIS2_PLACEMENT_3D ( 'NONE', #2143, #1768, #2164 ) ;
#2661 = ORIENTED_EDGE ( 'NONE', *, *, #3828, .F. ) ;
#2662 = ORIENTED_EDGE ( 'NONE', *, *, #3015, .T. ) ;
#2663 = DIRECTION ( 'NONE',  ( 0.000000000000000000, -1.000000000000000000, 0.000000000000000000 ) ) ;
#2664 = LINE ( 'NONE', #110, #2885 ) ;
#2665 = EDGE_LOOP ( 'NONE', ( #783, #851, #3399, #2089, #3676, #961 ) ) ;
#2666 = ORIENTED_EDGE ( 'NONE', *, *, #2881, .F. ) ;
#2667 = EDGE_CURVE ( 'NONE', #2735, #3972, #3050, .T. ) ;
#2668 = LINE ( 'NONE', #458, #1344 ) ;
#2669 = FACE_OUTER_BOUND ( 'NONE', #972, .T. ) ;
#2670 = CARTESIAN_POINT ( 'NONE',  ( 0.4999999999999998890, 7.333332062130640594, 11.48912613229048318 ) ) ;
#2671 = ORIENTED_EDGE ( 'NONE', *, *, #514, .F. ) ;
#2672 = EDGE_CURVE ( 'NONE', #1029, #4076, #4001, .T. ) ;
#2673 = CARTESIAN_POINT ( 'NONE',  ( -9.000000000000232703, 8.000000000000000000, 14.09248337494184966 ) ) ;
#2674 = DIRECTION ( 'NONE',  ( -0.7071067811865378028, -2.200518442539871194E-16, -0.7071067811865573427 ) ) ;
#2675 = ORIENTED_EDGE ( 'NONE', *, *, #1226, .T. ) ;
#2676 = EDGE_CURVE ( 'NONE', #657, #3457, #797, .T. ) ;
#2677 = DIRECTION ( 'NONE',  ( 0.000000000000000000, -1.000000000000000000, 0.000000000000000000 ) ) ;
#2678 = DIRECTION ( 'NONE',  ( -1.000000000000000000, 0.000000000000000000, -6.938893903907233111E-15 ) ) ;
#2679 = ORIENTED_EDGE ( 'NONE', *, *, #2105, .T. ) ;
#2680 = VERTEX_POINT ( 'NONE', #1440 ) ;
#2681 = CARTESIAN_POINT ( 'NONE',  ( -12.55431677052020234, 7.499999999999993783, 14.89248337494182550 ) ) ;
#2682 = DIRECTION ( 'NONE',  ( 0.000000000000000000, -0.7071067811865476838, 0.7071067811865474617 ) ) ;
#2683 = VERTEX_POINT ( 'NONE', #4022 ) ;
#2684 = VERTEX_POINT ( 'NONE', #2689 ) ;
#2685 = CIRCLE ( 'NONE', #1688, 10.24999999999999467 ) ;
#2686 = DIRECTION ( 'NONE',  ( 0.000000000000000000, 0.000000000000000000, -1.000000000000000000 ) ) ;
#2687 = DIRECTION ( 'NONE',  ( -0.000000000000000000, 1.000000000000000000, -0.000000000000000000 ) ) ;
#2688 = ADVANCED_FACE ( 'NONE', ( #2073 ), #3614, .T. ) ;
#2689 = CARTESIAN_POINT ( 'NONE',  ( -18.99999999999980460, 7.500000000000008882, -18.24999999999994671 ) ) ;
#2690 = VERTEX_POINT ( 'NONE', #393 ) ;
#2691 = CARTESIAN_POINT ( 'NONE',  ( 19.00000000000023803, 7.500000000000000888, -14.89248337494178287 ) ) ;
#2692 = DIRECTION ( 'NONE',  ( 6.921551667672176707E-15, 0.000000000000000000, -1.000000000000000000 ) ) ;
#2693 = CARTESIAN_POINT ( 'NONE',  ( -19.00000000000023803, 7.499999999999993783, 15.39248337494178820 ) ) ;
#2694 = EDGE_CURVE ( 'NONE', #999, #744, #70, .T. ) ;
#2695 = EDGE_CURVE ( 'NONE', #2184, #1273, #2556, .T. ) ;
#2696 = ORIENTED_EDGE ( 'NONE', *, *, #250, .T. ) ;
#2697 = LINE ( 'NONE', #3058, #1859 ) ;
#2698 = CARTESIAN_POINT ( 'NONE',  ( -11.75000000000009059, 8.000000000000000000, 13.59248337494184078 ) ) ;
#2699 = CARTESIAN_POINT ( 'NONE',  ( 3.035398026413986372, 8.000000000000000000, 16.24373548643533383 ) ) ;
#2700 = ORIENTED_EDGE ( 'NONE', *, *, #372, .T. ) ;
#2701 = ORIENTED_EDGE ( 'NONE', *, *, #452, .T. ) ;
#2702 = EDGE_CURVE ( 'NONE', #3157, #1273, #3506, .T. ) ;
#2703 = CARTESIAN_POINT ( 'NONE',  ( 3.000000000000063061, 0.000000000000000000, 18.74999999999988987 ) ) ;
#2704 = CARTESIAN_POINT ( 'NONE',  ( 3.000000000000063061, 7.500000000000008882, 18.74999999999988987 ) ) ;
#2705 = EDGE_LOOP ( 'NONE', ( #4052, #2661, #1039 ) ) ;
#2706 = VERTEX_POINT ( 'NONE', #732 ) ;
#2707 = EDGE_CURVE ( 'NONE', #2910, #2468, #1712, .T. ) ;
#2708 = VECTOR ( 'NONE', #782, 1000.000000000000000 ) ;
#2709 = DIRECTION ( 'NONE',  ( 0.9985512684938866457, 0.000000000000000000, 0.05380858843391072427 ) ) ;
#2710 = DIRECTION ( 'NONE',  ( 1.000000000000000000, 0.000000000000000000, 6.938893903907229955E-15 ) ) ;
#2711 = CARTESIAN_POINT ( 'NONE',  ( 19.00000000000025580, 8.000000000000000000, -17.89999999999973568 ) ) ;
#2712 = ORIENTED_EDGE ( 'NONE', *, *, #3626, .F. ) ;
#2713 = AXIS2_PLACEMENT_3D ( 'NONE', #126, #3621, #1745 ) ;
#2714 = DIRECTION ( 'NONE',  ( 0.000000000000000000, -0.7071067811865476838, 0.7071067811865474617 ) ) ;
#2715 = EDGE_CURVE ( 'NONE', #4018, #429, #1758, .T. ) ;
#2716 = DIRECTION ( 'NONE',  ( -0.7071067811865378028, -0.000000000000000000, -0.7071067811865573427 ) ) ;
#2717 = CARTESIAN_POINT ( 'NONE',  ( -14.00000000000029488, 7.500000000000000000, 15.99248337494181982 ) ) ;
#2718 = AXIS2_PLACEMENT_3D ( 'NONE', #119, #1423, #780 ) ;
#2719 = ORIENTED_EDGE ( 'NONE', *, *, #3828, .T. ) ;
#2720 = LINE ( 'NONE', #1019, #2855 ) ;
#2721 = VECTOR ( 'NONE', #478, 1000.000000000000114 ) ;
#2722 = DIRECTION ( 'NONE',  ( 0.000000000000000000, -1.000000000000000000, 0.000000000000000000 ) ) ;
#2723 = ORIENTED_EDGE ( 'NONE', *, *, #762, .F. ) ;
#2724 = VECTOR ( 'NONE', #3538, 1000.000000000000000 ) ;
#2725 = DIRECTION ( 'NONE',  ( -0.5773502691896247319, 0.5773502691896237327, -0.5773502691896287287 ) ) ;
#2726 = LINE ( 'NONE', #2419, #836 ) ;
#2727 = ORIENTED_EDGE ( 'NONE', *, *, #2473, .F. ) ;
#2728 = EDGE_LOOP ( 'NONE', ( #3602, #2977, #3452, #409 ) ) ;
#2729 = FACE_OUTER_BOUND ( 'NONE', #2665, .T. ) ;
#2730 = CARTESIAN_POINT ( 'NONE',  ( 0.4999999999999998890, 7.666665436099847852, 11.61424309268047672 ) ) ;
#2731 = VERTEX_POINT ( 'NONE', #117 ) ;
#2732 = DIRECTION ( 'NONE',  ( -1.000953870582561707E-14, 0.7071067811865474617, 0.7071067811865476838 ) ) ;
#2733 = CARTESIAN_POINT ( 'NONE',  ( -15.06666666666694709, 0.000000000000000000, 17.99999999999978684 ) ) ;
#2734 = CARTESIAN_POINT ( 'NONE',  ( -9.068951899759724711, -8.131516293641283255E-16, -16.67362023868462018 ) ) ;
#2735 = VERTEX_POINT ( 'NONE', #3304 ) ;
#2736 = SECURITY_CLASSIFICATION ( '', '', #956 ) ;
#2737 = DIRECTION ( 'NONE',  ( -0.9985512684938866457, 0.000000000000000000, -0.05380858843391087692 ) ) ;
#2738 = FACE_OUTER_BOUND ( 'NONE', #2614, .T. ) ;
#2739 = EDGE_CURVE ( 'NONE', #1538, #2811, #1070, .T. ) ;
#2740 = ORIENTED_EDGE ( 'NONE', *, *, #3430, .F. ) ;
#2741 = DATE_AND_TIME ( #1128, #2941 ) ;
#2742 = CARTESIAN_POINT ( 'NONE',  ( -18.50000000000023093, 7.499999999999993783, 14.89248337494178465 ) ) ;
#2743 = ORIENTED_EDGE ( 'NONE', *, *, #3230, .F. ) ;
#2744 = ORIENTED_EDGE ( 'NONE', *, *, #1938, .F. ) ;
#2745 = EDGE_CURVE ( 'NONE', #468, #2403, #3009, .T. ) ;
#2746 = VECTOR ( 'NONE', #2709, 1000.000000000000114 ) ;
#2747 = CARTESIAN_POINT ( 'NONE',  ( -19.00000000000078515, 0.000000000000000000, 17.99999999999972999 ) ) ;
#2748 = CARTESIAN_POINT ( 'NONE',  ( -19.00000000000027711, 0.000000000000000000, -18.00000000000026645 ) ) ;
#2749 = ORIENTED_EDGE ( 'NONE', *, *, #906, .F. ) ;
#2750 = EDGE_CURVE ( 'NONE', #3434, #3893, #1116, .T. ) ;
#2751 = LINE ( 'NONE', #2445, #357 ) ;
#2752 = EDGE_CURVE ( 'NONE', #76, #2362, #2648, .T. ) ;
#2753 = PLANE ( 'NONE',  #1755 ) ;
#2754 = DIRECTION ( 'NONE',  ( 0.000000000000000000, -1.000000000000000000, 0.000000000000000000 ) ) ;
#2755 = VECTOR ( 'NONE', #1960, 1000.000000000000000 ) ;
#2756 = EDGE_CURVE ( 'NONE', #1340, #3435, #2113, .T. ) ;
#2757 = DIRECTION ( 'NONE',  ( -4.875799274662432416E-15, -0.7071067811865482389, 0.7071067811865469066 ) ) ;
#2758 = CARTESIAN_POINT ( 'NONE',  ( -18.50000000000023448, 7.749999999999997335, 15.14248337494178642 ) ) ;
#2759 = LINE ( 'NONE', #547, #3600 ) ;
#2760 = ORIENTED_EDGE ( 'NONE', *, *, #1182, .F. ) ;
#2761 = EDGE_CURVE ( 'NONE', #1230, #436, #2527, .T. ) ;
#2762 = CARTESIAN_POINT ( 'NONE',  ( 18.50000000000003908, -8.131516293641283255E-16, 4.069742299877148633E-13 ) ) ;
#2763 = ORIENTED_EDGE ( 'NONE', *, *, #1560, .F. ) ;
#2764 = EDGE_LOOP ( 'NONE', ( #4124, #729, #3421, #689 ) ) ;
#2765 = VERTEX_POINT ( 'NONE', #1554 ) ;
#2766 = ADVANCED_FACE ( 'NONE', ( #3765 ), #3090, .F. ) ;
#2767 = CARTESIAN_POINT ( 'NONE',  ( -18.50000000000023093, 0.5000000000000029976, 14.89248337494178465 ) ) ;
#2768 = ADVANCED_FACE ( 'NONE', ( #3420 ), #2833, .F. ) ;
#2769 = PLANE ( 'NONE',  #192 ) ;
#2770 = VERTEX_POINT ( 'NONE', #2467 ) ;
#2771 = DIRECTION ( 'NONE',  ( -0.04996154958886048214, -0.7071067811865492381, 0.7053395236073740637 ) ) ;
#2772 = CARTESIAN_POINT ( 'NONE',  ( 3.062355534902889254, 0.4999999999999891753, 14.74248337494193173 ) ) ;
#2773 = CARTESIAN_POINT ( 'NONE',  ( 9.000000000000230926, 8.000000000000000000, -14.09248337494185144 ) ) ;
#2774 = ORIENTED_EDGE ( 'NONE', *, *, #3737, .T. ) ;
#2775 = VECTOR ( 'NONE', #3291, 1000.000000000000114 ) ;
#2776 = PLANE ( 'NONE',  #3461 ) ;
#2777 = DIRECTION ( 'NONE',  ( 0.9985512684938866457, 0.000000000000000000, 0.05380858843391071733 ) ) ;
#2778 = AXIS2_PLACEMENT_3D ( 'NONE', #441, #3349, #818 ) ;
#2779 = DIRECTION ( 'NONE',  ( 4.906538933386805131E-15, -0.7071067811865469066, -0.7071067811865482389 ) ) ;
#2780 = CIRCLE ( 'NONE', #1790, 10.75000000000000000 ) ;
#2781 = ADVANCED_FACE ( 'NONE', ( #3808 ), #2769, .F. ) ;
#2782 = ORIENTED_EDGE ( 'NONE', *, *, #857, .T. ) ;
#2783 = VECTOR ( 'NONE', #3088, 1000.000000000000000 ) ;
#2784 = CARTESIAN_POINT ( 'NONE',  ( -14.00000000000028422, 8.000000000000000000, 14.49248337494178784 ) ) ;
#2785 = ORIENTED_EDGE ( 'NONE', *, *, #3558, .T. ) ;
#2786 = ORIENTED_EDGE ( 'NONE', *, *, #2590, .T. ) ;
#2787 = ORIENTED_EDGE ( 'NONE', *, *, #1275, .F. ) ;
#2788 = AXIS2_PLACEMENT_3D ( 'NONE', #461, #2339, #3283 ) ;
#2789 = VECTOR ( 'NONE', #2632, 1000.000000000000000 ) ;
#2790 = VECTOR ( 'NONE', #2613, 1000.000000000000000 ) ;
#2791 = LINE ( 'NONE', #2747, #3592 ) ;
#2792 = LINE ( 'NONE', #3403, #2199 ) ;
#2793 = DIRECTION ( 'NONE',  ( -0.000000000000000000, 1.000000000000000000, 0.000000000000000000 ) ) ;
#2794 = EDGE_CURVE ( 'NONE', #1127, #3194, #853, .T. ) ;
#2795 = ORIENTED_EDGE ( 'NONE', *, *, #4014, .T. ) ;
#2796 = AXIS2_PLACEMENT_3D ( 'NONE', #1845, #2779, #170 ) ;
#2797 = AXIS2_PLACEMENT_3D ( 'NONE', #1227, #907, #3730 ) ;
#2798 = LINE ( 'NONE', #1921, #1510 ) ;
#2799 = DIRECTION ( 'NONE',  ( 1.000000000000000000, 0.000000000000000000, 1.415562539087702249E-14 ) ) ;
#2800 = CARTESIAN_POINT ( 'NONE',  ( -3.000000000000065281, 7.500000000000008882, -18.74999999999988987 ) ) ;
#2801 = EDGE_LOOP ( 'NONE', ( #548, #544, #2610, #2868, #569, #559, #2230, #900, #3091, #1441, #3518, #1997, #1391, #636, #2106, #2069, #832, #2890, #405, #4034, #1899, #1635, #3910, #3579, #1329, #3623, #3847, #4075, #2074, #699, #743, #1774, #2983, #2907, #1398, #2873, #1671, #1106, #4091, #361, #194, #3747, #875, #1212, #1240, #476, #431 ) ) ;
#2802 = CARTESIAN_POINT ( 'NONE',  ( -18.99999999999980460, 0.9571067811862060681, -18.24999999999994671 ) ) ;
#2803 = FACE_OUTER_BOUND ( 'NONE', #112, .T. ) ;
#2804 = DIRECTION ( 'NONE',  ( 1.000000000000000000, 0.000000000000000000, 6.938893903907229955E-15 ) ) ;
#2805 = B_SPLINE_CURVE_WITH_KNOTS ( 'NONE', 3,
 ( #2920, #326, #2899, #1625 ),
 .UNSPECIFIED., .F., .F.,
 ( 4, 4 ),
 ( 0.000000000000000000, 0.0007847638998485809104 ),
 .UNSPECIFIED. ) ;
#2806 = EDGE_LOOP ( 'NONE', ( #88, #3126, #1649, #3844, #3137 ) ) ;
#2807 = LOCAL_TIME ( 11, 31, 4.000000000000000000, #2644 ) ;
#2808 = CARTESIAN_POINT ( 'NONE',  ( 3.035398026413986372, 7.499999999999992895, 15.24274653144697744 ) ) ;
#2809 = LINE ( 'NONE', #3694, #3398 ) ;
#2810 = ORIENTED_EDGE ( 'NONE', *, *, #3383, .T. ) ;
#2811 = VERTEX_POINT ( 'NONE', #180 ) ;
#2812 = DIRECTION ( 'NONE',  ( -0.9985512684938866457, 0.000000000000000000, -0.05380858843391071733 ) ) ;
#2813 = FACE_OUTER_BOUND ( 'NONE', #2528, .T. ) ;
#2814 = ORIENTED_EDGE ( 'NONE', *, *, #1539, .F. ) ;
#2815 = VECTOR ( 'NONE', #602, 1000.000000000000000 ) ;
#2816 = CARTESIAN_POINT ( 'NONE',  ( -9.000000000000261124, 8.000000000000000000, 17.89999999999980673 ) ) ;
#2817 = DIRECTION ( 'NONE',  ( 0.000000000000000000, 1.000000000000000000, 0.000000000000000000 ) ) ;
#2818 = EDGE_CURVE ( 'NONE', #2765, #938, #4040, .T. ) ;
#2819 = CARTESIAN_POINT ( 'NONE',  ( -13.00000000000026112, 8.000000000000000000, 17.89999999999977831 ) ) ;
#2820 = ORIENTED_EDGE ( 'NONE', *, *, #2864, .T. ) ;
#2821 = EDGE_CURVE ( 'NONE', #623, #1707, #1857, .T. ) ;
#2822 = FACE_OUTER_BOUND ( 'NONE', #575, .T. ) ;
#2823 = AXIS2_PLACEMENT_3D ( 'NONE', #2704, #3025, #3932 ) ;
#2824 = CARTESIAN_POINT ( 'NONE',  ( 0.4999999999999998890, 8.000000000000000000, -14.04979453195831596 ) ) ;
#2825 = ORIENTED_EDGE ( 'NONE', *, *, #1616, .F. ) ;
#2826 = DIRECTION ( 'NONE',  ( 0.000000000000000000, 0.000000000000000000, 1.000000000000000000 ) ) ;
#2827 = LINE ( 'NONE', #4110, #367 ) ;
#2828 = PLANE ( 'NONE',  #3945 ) ;
#2829 = ORIENTED_EDGE ( 'NONE', *, *, #3073, .F. ) ;
#2830 = ORIENTED_EDGE ( 'NONE', *, *, #1595, .T. ) ;
#2831 = EDGE_CURVE ( 'NONE', #216, #3767, #839, .T. ) ;
#2832 = CARTESIAN_POINT ( 'NONE',  ( 12.93333333333357160, 1.301042606982605321E-15, -17.99999999999981526 ) ) ;
#2833 = PLANE ( 'NONE',  #3768 ) ;
#2834 = EDGE_CURVE ( 'NONE', #3046, #2684, #517, .T. ) ;
#2835 = ORIENTED_EDGE ( 'NONE', *, *, #916, .F. ) ;
#2836 = PLANE ( 'NONE',  #1852 ) ;
#2837 = CARTESIAN_POINT ( 'NONE',  ( 3.062355534902889254, 8.000000000000000000, 14.74248337494193173 ) ) ;
#2838 = CARTESIAN_POINT ( 'NONE',  ( -16.00000000000027001, 8.000000000000000000, 19.39999999999975699 ) ) ;
#2839 = ORIENTED_EDGE ( 'NONE', *, *, #22, .T. ) ;
#2840 = CARTESIAN_POINT ( 'NONE',  ( -0.5000000000000001110, 8.000000000000000000, -14.10368118768814227 ) ) ;
#2841 = CARTESIAN_POINT ( 'NONE',  ( 0.000000000000000000, 0.4999999999999935052, 10.24999999999999467 ) ) ;
#2842 = ADVANCED_FACE ( 'NONE', ( #198 ), #540, .T. ) ;
#2843 = ORIENTED_EDGE ( 'NONE', *, *, #2653, .F. ) ;
#2844 = VECTOR ( 'NONE', #890, 1000.000000000000000 ) ;
#2845 = DIRECTION ( 'NONE',  ( 1.000000000000000000, 0.000000000000000000, 6.938893903907229955E-15 ) ) ;
#2846 = DIRECTION ( 'NONE',  ( 0.000000000000000000, 0.000000000000000000, 1.000000000000000000 ) ) ;
#2847 = CARTESIAN_POINT ( 'NONE',  ( 0.000000000000000000, 0.4999999999999935052, 0.000000000000000000 ) ) ;
#2848 = ORIENTED_EDGE ( 'NONE', *, *, #1720, .T. ) ;
#2849 = ORIENTED_EDGE ( 'NONE', *, *, #1761, .F. ) ;
#2850 = CARTESIAN_POINT ( 'NONE',  ( -18.99999999999971578, 0.7499999999996667110, -18.74999999999993250 ) ) ;
#2851 = CARTESIAN_POINT ( 'NONE',  ( 19.00000000000022027, 7.500000000000008882, -13.59248337494178571 ) ) ;
#2852 = ORIENTED_EDGE ( 'NONE', *, *, #1422, .F. ) ;
#2853 = VECTOR ( 'NONE', #3937, 1000.000000000000000 ) ;
#2854 = VECTOR ( 'NONE', #3685, 1000.000000000000000 ) ;
#2855 = VECTOR ( 'NONE', #1806, 1000.000000000000114 ) ;
#2856 = DIRECTION ( 'NONE',  ( 0.000000000000000000, -1.000000000000000000, 0.000000000000000000 ) ) ;
#2857 = LINE ( 'NONE', #1003, #3966 ) ;
#2858 = CARTESIAN_POINT ( 'NONE',  ( -8.986538101553479763, 8.000000000000000000, 13.59248337494186032 ) ) ;
#2859 = AXIS2_PLACEMENT_3D ( 'NONE', #850, #826, #3060 ) ;
#2860 = ORIENTED_EDGE ( 'NONE', *, *, #2904, .F. ) ;
#2861 = FACE_OUTER_BOUND ( 'NONE', #1455, .T. ) ;
#2862 = CARTESIAN_POINT ( 'NONE',  ( 11.00000000000025757, 8.000000000000000000, -17.89999999999979252 ) ) ;
#2863 = ORIENTED_EDGE ( 'NONE', *, *, #3721, .T. ) ;
#2864 = EDGE_CURVE ( 'NONE', #240, #2083, #859, .T. ) ;
#2865 = CARTESIAN_POINT ( 'NONE',  ( -14.00000000000027178, 0.000000000000000000, 19.39999999999977121 ) ) ;
#2866 = CARTESIAN_POINT ( 'NONE',  ( 19.00000000000024158, 8.000000000000000000, -15.39248337494178109 ) ) ;
#2867 = CARTESIAN_POINT ( 'NONE',  ( -19.00000000000023448, 0.5000000000000029976, 14.89248337494178109 ) ) ;
#2868 = ORIENTED_EDGE ( 'NONE', *, *, #892, .T. ) ;
#2869 = ORIENTED_EDGE ( 'NONE', *, *, #422, .F. ) ;
#2870 = PLANE ( 'NONE',  #1309 ) ;
#2871 = PLANE ( 'NONE',  #533 ) ;
#2872 =( BOUNDED_CURVE ( )  B_SPLINE_CURVE ( 3, ( #960, #1670, #230, #1210 ),
 .UNSPECIFIED., .F., .F. ) 
 B_SPLINE_CURVE_WITH_KNOTS ( ( 4, 4 ),
 ( 9.039031205657543151E-29, 1.300863530961505310 ),
 .UNSPECIFIED. ) 
 CURVE ( )  GEOMETRIC_REPRESENTATION_ITEM ( )  RATIONAL_B_SPLINE_CURVE ( ( 1.000000000000000000, 0.8638816171694785329, 0.8638816171694785329, 1.000000000000000000 ) ) 
 REPRESENTATION_ITEM ( '' )  );
#2873 = ORIENTED_EDGE ( 'NONE', *, *, #3627, .F. ) ;
#2874 = LINE ( 'NONE', #3466, #3859 ) ;
#2875 = DIRECTION ( 'NONE',  ( 0.5547001962252227081, 0.000000000000000000, 0.8320502943378479399 ) ) ;
#2876 = CARTESIAN_POINT ( 'NONE',  ( -3.035398026413988148, 0.000000000000000000, -15.24274653144697744 ) ) ;
#2877 = FACE_OUTER_BOUND ( 'NONE', #1088, .T. ) ;
#2878 = VERTEX_POINT ( 'NONE', #1532 ) ;
#2879 = CIRCLE ( 'NONE', #1856, 1.999999999999988010 ) ;
#2880 = EDGE_CURVE ( 'NONE', #3539, #3337, #219, .T. ) ;
#2881 = EDGE_CURVE ( 'NONE', #215, #3026, #2488, .T. ) ;
#2882 = CARTESIAN_POINT ( 'NONE',  ( 9.000000000000259348, 8.000000000000000000, -17.89999999999980673 ) ) ;
#2883 = LINE ( 'NONE', #4164, #2790 ) ;
#2884 = ORIENTED_EDGE ( 'NONE', *, *, #2126, .F. ) ;
#2885 = VECTOR ( 'NONE', #408, 1000.000000000000114 ) ;
#2886 = CARTESIAN_POINT ( 'NONE',  ( -10.00000000000027001, 0.000000000000000000, 19.39999999999979963 ) ) ;
#2887 = LINE ( 'NONE', #2269, #2724 ) ;
#2888 = VECTOR ( 'NONE', #2457, 1000.000000000000000 ) ;
#2889 = EDGE_LOOP ( 'NONE', ( #3556, #1920, #3624, #2962 ) ) ;
#2890 = ORIENTED_EDGE ( 'NONE', *, *, #2707, .T. ) ;
#2891 = ADVANCED_FACE ( 'NONE', ( #2813 ), #1220, .F. ) ;
#2892 = LINE ( 'NONE', #616, #1796 ) ;
#2893 = DIRECTION ( 'NONE',  ( -8.673617379884087734E-16, 0.000000000000000000, 1.000000000000000000 ) ) ;
#2894 = DIRECTION ( 'NONE',  ( -0.7071067811865511255, 9.614813431917807989E-17, 0.7071067811865439090 ) ) ;
#2895 = ORIENTED_EDGE ( 'NONE', *, *, #3627, .T. ) ;
#2896 = ADVANCED_FACE ( 'NONE', ( #682 ), #977, .F. ) ;
#2897 = CALENDAR_DATE ( 2023, 6, 2 ) ;
#2898 = DIRECTION ( 'NONE',  ( -0.000000000000000000, 1.000000000000000000, -0.000000000000000000 ) ) ;
#2899 = CARTESIAN_POINT ( 'NONE',  ( 15.56975001412657100, 7.663055699907831197, -13.92942767503398471 ) ) ;
#2900 = B_SPLINE_CURVE_WITH_KNOTS ( 'NONE', 3,
 ( #1617, #2506, #321, #341 ),
 .UNSPECIFIED., .F., .F.,
 ( 4, 4 ),
 ( 0.000000000000000000, 0.0007847638998485830788 ),
 .UNSPECIFIED. ) ;
#2901 = CARTESIAN_POINT ( 'NONE',  ( 11.20909090909120920, 3.213636363636347415, -21.21363636363618355 ) ) ;
#2902 = ORIENTED_EDGE ( 'NONE', *, *, #306, .F. ) ;
#2903 = PLANE ( 'NONE',  #3584 ) ;
#2904 = EDGE_CURVE ( 'NONE', #2951, #2683, #3543, .T. ) ;
#2905 = DIRECTION ( 'NONE',  ( 0.000000000000000000, 0.7071067811865487940, 0.7071067811865463515 ) ) ;
#2906 = CARTESIAN_POINT ( 'NONE',  ( -19.00000000000023448, 7.499999999999993783, 14.89248337494178109 ) ) ;
#2907 = ORIENTED_EDGE ( 'NONE', *, *, #3414, .T. ) ;
#2908 = DIRECTION ( 'NONE',  ( 0.000000000000000000, 0.000000000000000000, 1.000000000000000000 ) ) ;
#2909 = CARTESIAN_POINT ( 'NONE',  ( -18.99999999999981171, 0.4999999999999892863, -17.79289321881373098 ) ) ;
#2910 = VERTEX_POINT ( 'NONE', #661 ) ;
#2911 = VERTEX_POINT ( 'NONE', #3193 ) ;
#2912 = VECTOR ( 'NONE', #609, 1000.000000000000000 ) ;
#2913 = DIRECTION ( 'NONE',  ( 0.000000000000000000, 0.000000000000000000, -1.000000000000000000 ) ) ;
#2914 = DIRECTION ( 'NONE',  ( 0.04996154958886069725, 0.7071067811865474617, -0.7053395236073758401 ) ) ;
#2915 = VECTOR ( 'NONE', #1603, 1000.000000000000000 ) ;
#2916 = CARTESIAN_POINT ( 'NONE',  ( 3.062355534902889254, 7.499999999999992895, 14.74248337494193173 ) ) ;
#2917 = ORIENTED_EDGE ( 'NONE', *, *, #440, .F. ) ;
#2918 = ORIENTED_EDGE ( 'NONE', *, *, #762, .T. ) ;
#2919 = PERSON_AND_ORGANIZATION_ROLE ( 'creator' ) ;
#2920 = CARTESIAN_POINT ( 'NONE',  ( 15.78605710994938960, 8.000000000000000000, -13.59248337494181413 ) ) ;
#2921 = ADVANCED_FACE ( 'NONE', ( #2251 ), #3566, .T. ) ;
#2922 = PLANE ( 'NONE',  #2619 ) ;
#2923 = ORIENTED_EDGE ( 'NONE', *, *, #579, .F. ) ;
#2924 = FACE_OUTER_BOUND ( 'NONE', #2154, .T. ) ;
#2925 = DIRECTION ( 'NONE',  ( 1.000000000000000000, -0.000000000000000000, 1.415562539087702249E-14 ) ) ;
#2926 = CIRCLE ( 'NONE', #4128, 1.999999999999993117 ) ;
#2927 = LINE ( 'NONE', #2906, #1730 ) ;
#2928 = VECTOR ( 'NONE', #649, 999.9999999999998863 ) ;
#2929 = VECTOR ( 'NONE', #2449, 1000.000000000000000 ) ;
#2930 = ORIENTED_EDGE ( 'NONE', *, *, #3006, .F. ) ;
#2931 = LINE ( 'NONE', #991, #2053 ) ;
#2932 = LINE ( 'NONE', #3311, #437 ) ;
#2933 = ORIENTED_EDGE ( 'NONE', *, *, #785, .T. ) ;
#2934 = EDGE_LOOP ( 'NONE', ( #812, #3712, #4063, #2063 ) ) ;
#2935 = ADVANCED_FACE ( 'NONE', ( #1963 ), #3233, .F. ) ;
#2936 = DIRECTION ( 'NONE',  ( 0.5547001962252341434, 0.000000000000000000, -0.8320502943378402794 ) ) ;
#2937 = CARTESIAN_POINT ( 'NONE',  ( 11.06666666666696131, -2.168404344971008868E-16, -17.99999999999984368 ) ) ;
#2938 = DIRECTION ( 'NONE',  ( -1.000000000000000000, 0.000000000000000000, -2.818925648462358466E-15 ) ) ;
#2939 = ORIENTED_EDGE ( 'NONE', *, *, #32, .T. ) ;
#2940 = ADVANCED_FACE ( 'NONE', ( #3254 ), #3868, .F. ) ;
#2941 = LOCAL_TIME ( 11, 31, 4.000000000000000000, #645 ) ;
#2942 = CARTESIAN_POINT ( 'NONE',  ( -18.00000000000027356, 8.000000000000000000, 19.39999999999974278 ) ) ;
#2943 = CARTESIAN_POINT ( 'NONE',  ( -3.035398026413988148, 0.4999999999999961142, -15.24274653144697744 ) ) ;
#2944 = CARTESIAN_POINT ( 'NONE',  ( -19.00000000000023448, 5.594744111674238241, 14.89248337494178109 ) ) ;
#2945 = DIRECTION ( 'NONE',  ( -0.000000000000000000, -1.000000000000000000, -0.000000000000000000 ) ) ;
#2946 = ORIENTED_EDGE ( 'NONE', *, *, #3102, .F. ) ;
#2947 = CARTESIAN_POINT ( 'NONE',  ( 3.010003368850665773, 7.782801904361707379, 18.46719809563818870 ) ) ;
#2948 = EDGE_CURVE ( 'NONE', #3051, #3610, #303, .T. ) ;
#2949 = DIRECTION ( 'NONE',  ( 0.5547001962252335883, 0.000000000000000000, -0.8320502943378407235 ) ) ;
#2950 = CARTESIAN_POINT ( 'NONE',  ( -14.20000000000028706, 4.099999999999974776, 22.09999999999977405 ) ) ;
#2951 = VERTEX_POINT ( 'NONE', #1601 ) ;
#2952 = ADVANCED_FACE ( 'NONE', ( #2624 ), #2871, .T. ) ;
#2953 = AXIS2_PLACEMENT_3D ( 'NONE', #3936, #712, #433 ) ;
#2954 = CARTESIAN_POINT ( 'NONE',  ( 12.43024998587388907, 7.663055699907827645, -15.05553907484965137 ) ) ;
#2955 = CARTESIAN_POINT ( 'NONE',  ( 17.00000000000025935, 8.000000000000000000, -17.89999999999975344 ) ) ;
#2956 = EDGE_LOOP ( 'NONE', ( #1279, #895, #3606, #165 ) ) ;
#2957 = VERTEX_POINT ( 'NONE', #2233 ) ;
#2958 = VECTOR ( 'NONE', #2938, 1000.000000000000000 ) ;
#2959 = CARTESIAN_POINT ( 'NONE',  ( -15.44568322948037320, 7.499999999999993783, 14.89248337494180419 ) ) ;
#2960 = AXIS2_PLACEMENT_3D ( 'NONE', #2580, #2273, #745 ) ;
#2961 = DIRECTION ( 'NONE',  ( 0.000000000000000000, -1.000000000000000000, 0.000000000000000000 ) ) ;
#2962 = ORIENTED_EDGE ( 'NONE', *, *, #2831, .F. ) ;
#2963 = PERSON_AND_ORGANIZATION ( #3491, #3819 ) ;
#2964 = PLANE ( 'NONE',  #3551 ) ;
#2965 = DIRECTION ( 'NONE',  ( 0.000000000000000000, 0.000000000000000000, 1.000000000000000000 ) ) ;
#2966 = EDGE_CURVE ( 'NONE', #3904, #2214, #2545, .T. ) ;
#2967 = CARTESIAN_POINT ( 'NONE',  ( -14.00000000000027178, 1.399999999999970823, 19.39999999999977121 ) ) ;
#2968 = ORIENTED_EDGE ( 'NONE', *, *, #2752, .F. ) ;
#2969 = DIRECTION ( 'NONE',  ( 0.000000000000000000, 1.000000000000000000, 0.000000000000000000 ) ) ;
#2970 = FACE_OUTER_BOUND ( 'NONE', #2191, .T. ) ;
#2971 = DIRECTION ( 'NONE',  ( 1.000000000000000000, 0.000000000000000000, -0.000000000000000000 ) ) ;
#2972 = ORIENTED_EDGE ( 'NONE', *, *, #3883, .F. ) ;
#2973 = LINE ( 'NONE', #79, #355 ) ;
#2974 = DIRECTION ( 'NONE',  ( 0.000000000000000000, -1.000000000000000000, 0.000000000000000000 ) ) ;
#2975 = ADVANCED_FACE ( 'NONE', ( #598 ), #2296, .T. ) ;
#2976 = VECTOR ( 'NONE', #2386, 1000.000000000000114 ) ;
#2977 = ORIENTED_EDGE ( 'NONE', *, *, #1973, .F. ) ;
#2978 = VERTEX_POINT ( 'NONE', #4135 ) ;
#2979 = CARTESIAN_POINT ( 'NONE',  ( 3.062355534902889254, 7.499999999999992895, 14.74248337494193173 ) ) ;
#2980 = CARTESIAN_POINT ( 'NONE',  ( -19.00000000000022027, 7.500000000000008882, 13.59248337494178749 ) ) ;
#2981 = ORIENTED_EDGE ( 'NONE', *, *, #3817, .F. ) ;
#2982 = AXIS2_PLACEMENT_3D ( 'NONE', #571, #1892, #871 ) ;
#2983 = ORIENTED_EDGE ( 'NONE', *, *, #1720, .F. ) ;
#2984 = DIRECTION ( 'NONE',  ( 1.000953870582561707E-14, 0.7071067811865474617, -0.7071067811865476838 ) ) ;
#2985 = AXIS2_PLACEMENT_3D ( 'NONE', #1780, #1479, #1158 ) ;
#2986 = DIRECTION ( 'NONE',  ( 5.767959723060150017E-15, 0.000000000000000000, -1.000000000000000000 ) ) ;
#2987 = CARTESIAN_POINT ( 'NONE',  ( 18.50000000000023448, -8.131516293641283255E-16, -13.59248337494179459 ) ) ;
#2988 = AXIS2_PLACEMENT_3D ( 'NONE', #3726, #863, #3388 ) ;
#2989 = ORIENTED_EDGE ( 'NONE', *, *, #1754, .T. ) ;
#2990 = EDGE_CURVE ( 'NONE', #2062, #3615, #2497, .T. ) ;
#2991 = PLANE ( 'NONE',  #2778 ) ;
#2992 = CARTESIAN_POINT ( 'NONE',  ( 3.508439616349831702, 0.7860144728246161172, 18.78601447282466452 ) ) ;
#2993 = CARTESIAN_POINT ( 'NONE',  ( -9.000000000000232703, 7.500000000000008882, 14.09248337494184966 ) ) ;
#2994 = VERTEX_POINT ( 'NONE', #3168 ) ;
#2995 = AXIS2_PLACEMENT_3D ( 'NONE', #1254, #3495, #3020 ) ;
#2996 = DIRECTION ( 'NONE',  ( 0.000000000000000000, 0.000000000000000000, -1.000000000000000000 ) ) ;
#2997 = CARTESIAN_POINT ( 'NONE',  ( -10.00000000000027001, 8.000000000000000000, 19.39999999999979963 ) ) ;
#2998 = AXIS2_PLACEMENT_3D ( 'NONE', #2060, #1746, #1104 ) ;
#2999 = EDGE_LOOP ( 'NONE', ( #1889, #2727, #2474, #2671 ) ) ;
#3000 = ORIENTED_EDGE ( 'NONE', *, *, #3115, .F. ) ;
#3001 = EDGE_CURVE ( 'NONE', #3904, #874, #1278, .T. ) ;
#3002 = DIRECTION ( 'NONE',  ( -0.7071067811865499042, 0.000000000000000000, 0.7071067811865450192 ) ) ;
#3003 = DIRECTION ( 'NONE',  ( -0.7071067811865573427, 0.000000000000000000, 0.7071067811865378028 ) ) ;
#3004 = ORIENTED_EDGE ( 'NONE', *, *, #239, .T. ) ;
#3005 = VERTEX_POINT ( 'NONE', #3846 ) ;
#3006 = EDGE_CURVE ( 'NONE', #648, #1703, #278, .T. ) ;
#3007 = LINE ( 'NONE', #3979, #1585 ) ;
#3008 = DIRECTION ( 'NONE',  ( -0.4264014327112173319, -0.6396021490668295506, -0.6396021490668355458 ) ) ;
#3009 = LINE ( 'NONE', #138, #3226 ) ;
#3010 = ORIENTED_EDGE ( 'NONE', *, *, #651, .T. ) ;
#3011 = CARTESIAN_POINT ( 'NONE',  ( -10.00000000000027178, 1.399999999999944178, 19.39999999999979963 ) ) ;
#3012 = FACE_OUTER_BOUND ( 'NONE', #159, .T. ) ;
#3013 = CARTESIAN_POINT ( 'NONE',  ( -9.017686176607197623, 8.000000000000000000, 15.39248337494185392 ) ) ;
#3014 = EDGE_CURVE ( 'NONE', #3813, #2362, #1940, .T. ) ;
#3015 = EDGE_CURVE ( 'NONE', #720, #1192, #2186, .T. ) ;
#3016 =( BOUNDED_CURVE ( )  B_SPLINE_CURVE ( 3, ( #1098, #2056, #1763, #2717 ),
 .UNSPECIFIED., .F., .T. ) 
 B_SPLINE_CURVE_WITH_KNOTS ( ( 4, 4 ),
 ( 4.982321776218112674, 6.283185307179586232 ),
 .UNSPECIFIED. ) 
 CURVE ( )  GEOMETRIC_REPRESENTATION_ITEM ( )  RATIONAL_B_SPLINE_CURVE ( ( 1.000000000000000000, 0.8638816171694847501, 0.8638816171694847501, 1.000000000000000000 ) ) 
 REPRESENTATION_ITEM ( '' )  );
#3017 = ORIENTED_EDGE ( 'NONE', *, *, #1516, .T. ) ;
#3018 = DIRECTION ( 'NONE',  ( 0.000000000000000000, -0.7071067811865531239, 0.7071067811865420216 ) ) ;
#3019 = DIRECTION ( 'NONE',  ( -0.5547001962252349205, 0.000000000000000000, 0.8320502943378398353 ) ) ;
#3020 = DIRECTION ( 'NONE',  ( 0.000000000000000000, 0.000000000000000000, -1.000000000000000000 ) ) ;
#3021 = ORIENTED_EDGE ( 'NONE', *, *, #3589, .T. ) ;
#3022 = ORIENTED_EDGE ( 'NONE', *, *, #32, .F. ) ;
#3023 = VECTOR ( 'NONE', #391, 999.9999999999998863 ) ;
#3024 = DIRECTION ( 'NONE',  ( 1.000000000000000000, 0.000000000000000000, 2.818925648462358466E-15 ) ) ;
#3025 = DIRECTION ( 'NONE',  ( 0.04996154958885961478, -0.7071067811865436870, -0.7053395236073798369 ) ) ;
#3026 = VERTEX_POINT ( 'NONE', #1 ) ;
#3027 = ORIENTED_EDGE ( 'NONE', *, *, #1021, .T. ) ;
#3028 = EDGE_CURVE ( 'NONE', #3405, #176, #3045, .T. ) ;
#3029 = AXIS2_PLACEMENT_3D ( 'NONE', #2315, #1365, #152 ) ;
#3030 = PLANE ( 'NONE',  #2953 ) ;
#3031 = DIRECTION ( 'NONE',  ( 0.000000000000000000, 0.000000000000000000, -1.000000000000000000 ) ) ;
#3032 = CARTESIAN_POINT ( 'NONE',  ( 8.680900092832315451, 8.000000000000000000, -17.42135013924789178 ) ) ;
#3033 = ADVANCED_FACE ( 'NONE', ( #3651 ), #2008, .F. ) ;
#3034 = ORIENTED_EDGE ( 'NONE', *, *, #1454, .T. ) ;
#3035 = ADVANCED_FACE ( 'NONE', ( #3675 ), #728, .T. ) ;
#3036 = DIRECTION ( 'NONE',  ( 0.000000000000000000, -1.000000000000000000, 0.000000000000000000 ) ) ;
#3037 = CARTESIAN_POINT ( 'NONE',  ( -15.78605710994945532, 8.000000000000000000, 13.59248337494181236 ) ) ;
#3038 = CARTESIAN_POINT ( 'NONE',  ( -9.000000000000238032, 8.000000000000000000, 14.89248337494185037 ) ) ;
#3039 = EDGE_LOOP ( 'NONE', ( #3074, #3823, #2639 ) ) ;
#3040 = EDGE_CURVE ( 'NONE', #919, #747, #3298, .T. ) ;
#3041 = FACE_OUTER_BOUND ( 'NONE', #1947, .T. ) ;
#3042 = LINE ( 'NONE', #3412, #505 ) ;
#3043 = ORIENTED_EDGE ( 'NONE', *, *, #1522, .F. ) ;
#3044 = DIRECTION ( 'NONE',  ( 0.000000000000000000, -1.000000000000000000, 0.000000000000000000 ) ) ;
#3045 = LINE ( 'NONE', #2088, #670 ) ;
#3046 = VERTEX_POINT ( 'NONE', #2980 ) ;
#3047 = ORIENTED_EDGE ( 'NONE', *, *, #708, .F. ) ;
#3048 = CARTESIAN_POINT ( 'NONE',  ( 18.50000000000024158, 7.500000000000000888, -14.89248337494178642 ) ) ;
#3049 = DIRECTION ( 'NONE',  ( -0.4264014327112148339, -0.6396021490668304388, -0.6396021490668363230 ) ) ;
#3050 = LINE ( 'NONE', #2051, #3364 ) ;
#3051 = VERTEX_POINT ( 'NONE', #3994 ) ;
#3052 = AXIS2_PLACEMENT_3D ( 'NONE', #2188, #531, #4073 ) ;
#3053 = CARTESIAN_POINT ( 'NONE',  ( -15.44568322948038031, 7.500000000000000000, 14.09248337494180525 ) ) ;
#3054 = ADVANCED_FACE ( 'NONE', ( #2355 ), #1731, .F. ) ;
#3055 = CARTESIAN_POINT ( 'NONE',  ( 16.00000000000026645, 8.000000000000000000, -19.39999999999976055 ) ) ;
#3056 = CARTESIAN_POINT ( 'NONE',  ( 8.993232679614125757, 0.2486491072238388444, -13.84113248216570113 ) ) ;
#3057 = ORIENTED_EDGE ( 'NONE', *, *, #3271, .F. ) ;
#3058 = CARTESIAN_POINT ( 'NONE',  ( 17.00000000000025935, 0.000000000000000000, -17.89999999999975344 ) ) ;
#3059 = VECTOR ( 'NONE', #538, 1000.000000000000114 ) ;
#3060 = DIRECTION ( 'NONE',  ( -0.7071067811865419106, -0.7071067811865531239, 0.000000000000000000 ) ) ;
#3061 = VERTEX_POINT ( 'NONE', #3976 ) ;
#3062 = AXIS2_PLACEMENT_3D ( 'NONE', #3896, #371, #1989 ) ;
#3063 = AXIS2_PLACEMENT_3D ( 'NONE', #1869, #868, #2498 ) ;
#3064 = VECTOR ( 'NONE', #1833, 1000.000000000000227 ) ;
#3065 = DIRECTION ( 'NONE',  ( 0.000000000000000000, 1.000000000000000000, 0.000000000000000000 ) ) ;
#3066 = VECTOR ( 'NONE', #3985, 1000.000000000000000 ) ;
#3067 = ORIENTED_EDGE ( 'NONE', *, *, #2377, .F. ) ;
#3068 = EDGE_LOOP ( 'NONE', ( #1015, #3047, #1706 ) ) ;
#3069 = ADVANCED_FACE ( 'NONE', ( #768 ), #3340, .F. ) ;
#3070 = ORIENTED_EDGE ( 'NONE', *, *, #1090, .T. ) ;
#3071 = CARTESIAN_POINT ( 'NONE',  ( -12.00000000000027001, 8.000000000000000000, 19.39999999999978542 ) ) ;
#3072 = CARTESIAN_POINT ( 'NONE',  ( -15.44568322948037320, 7.499999999999993783, 14.89248337494180419 ) ) ;
#3073 = EDGE_CURVE ( 'NONE', #274, #2307, #3359, .T. ) ;
#3074 = ORIENTED_EDGE ( 'NONE', *, *, #188, .T. ) ;
#3075 = LINE ( 'NONE', #2116, #1650 ) ;
#3076 = DIRECTION ( 'NONE',  ( 0.9985512684938866457, 0.000000000000000000, 0.05380858843391087692 ) ) ;
#3077 = DIRECTION ( 'NONE',  ( -0.9985512684938866457, 0.000000000000000000, -0.05380858843391072427 ) ) ;
#3078 = ADVANCED_FACE ( 'NONE', ( #1043 ), #475, .T. ) ;
#3079 = DIRECTION ( 'NONE',  ( 0.4264014327112237712, 0.6396021490668334364, -0.6396021490668272191 ) ) ;
#3080 = B_SPLINE_CURVE_WITH_KNOTS ( 'NONE', 3,
 ( #2515, #3754, #3116, #1843 ),
 .UNSPECIFIED., .F., .F.,
 ( 4, 4 ),
 ( 0.000000000000000000, 0.0007847638998485847051 ),
 .UNSPECIFIED. ) ;
#3081 = DIRECTION ( 'NONE',  ( 0.000000000000000000, 0.000000000000000000, 1.000000000000000000 ) ) ;
#3082 = DIRECTION ( 'NONE',  ( -0.5547001962252227081, 0.000000000000000000, -0.8320502943378479399 ) ) ;
#3083 = ORIENTED_EDGE ( 'NONE', *, *, #3996, .T. ) ;
#3084 = ADVANCED_FACE ( 'NONE', ( #1452 ), #65, .F. ) ;
#3085 = CARTESIAN_POINT ( 'NONE',  ( -18.11764705882379545, 8.382352941176463901, 19.22352941176445285 ) ) ;
#3086 = ORIENTED_EDGE ( 'NONE', *, *, #1154, .T. ) ;
#3087 = EDGE_LOOP ( 'NONE', ( #1606, #1111, #2514, #1066 ) ) ;
#3088 = DIRECTION ( 'NONE',  ( -0.000000000000000000, -0.000000000000000000, -1.000000000000000000 ) ) ;
#3089 = APPROVAL ( #1301, 'UNSPECIFIED' ) ;
#3090 = PLANE ( 'NONE',  #2427 ) ;
#3091 = ORIENTED_EDGE ( 'NONE', *, *, #3670, .T. ) ;
#3092 = AXIS2_PLACEMENT_3D ( 'NONE', #1093, #2382, #3659 ) ;
#3093 = CARTESIAN_POINT ( 'NONE',  ( 3.089259829119844092, -8.131516293641283255E-16, 14.24320774069499862 ) ) ;
#3094 = DIRECTION ( 'NONE',  ( -0.7071067811865463515, -0.7071067811865487940, -1.065908801343822598E-15 ) ) ;
#3095 = DIRECTION ( 'NONE',  ( 0.9985512684938866457, 0.000000000000000000, 0.05380858843391071733 ) ) ;
#3096 = AXIS2_PLACEMENT_3D ( 'NONE', #2603, #3890, #2893 ) ;
#3097 = ORIENTED_EDGE ( 'NONE', *, *, #2325, .T. ) ;
#3098 = CARTESIAN_POINT ( 'NONE',  ( 0.000000000000000000, 8.000000000000000000, 0.000000000000000000 ) ) ;
#3099 = LINE ( 'NONE', #2537, #3125 ) ;
#3100 = DIRECTION ( 'NONE',  ( -0.000000000000000000, 1.000000000000000000, -0.000000000000000000 ) ) ;
#3101 = EDGE_LOOP ( 'NONE', ( #2589, #2576, #1527 ) ) ;
#3102 = EDGE_CURVE ( 'NONE', #1703, #215, #2664, .T. ) ;
#3103 = CARTESIAN_POINT ( 'NONE',  ( 18.50000000000024158, 0.4999999999999962252, -14.89248337494178642 ) ) ;
#3104 = ORIENTED_EDGE ( 'NONE', *, *, #4127, .T. ) ;
#3105 = VERTEX_POINT ( 'NONE', #2045 ) ;
#3106 = LINE ( 'NONE', #2173, #92 ) ;
#3107 = EDGE_CURVE ( 'NONE', #1680, #271, #1773, .T. ) ;
#3108 = CARTESIAN_POINT ( 'NONE',  ( -19.00000000000023803, 7.499999999999993783, 15.39248337494178820 ) ) ;
#3109 = ORIENTED_EDGE ( 'NONE', *, *, #1590, .F. ) ;
#3110 = VECTOR ( 'NONE', #4006, 1000.000000000000000 ) ;
#3111 = DIRECTION ( 'NONE',  ( -1.000000000000000000, 0.000000000000000000, -6.938893903907227589E-15 ) ) ;
#3112 = DIRECTION ( 'NONE',  ( 1.000000000000000000, 0.000000000000000000, 6.938893903907233111E-15 ) ) ;
#3113 = CARTESIAN_POINT ( 'NONE',  ( -7.120135601893514021, 10.44557340174548976, 15.08020340283972338 ) ) ;
#3114 = ORIENTED_EDGE ( 'NONE', *, *, #1045, .F. ) ;
#3115 = EDGE_CURVE ( 'NONE', #1759, #2166, #3160, .T. ) ;
#3116 = CARTESIAN_POINT ( 'NONE',  ( -12.43024998587392638, 7.663055699907832086, 13.92942767503400425 ) ) ;
#3117 = CARTESIAN_POINT ( 'NONE',  ( 0.4999999999999998890, 7.666665436049814097, -11.61424309266169708 ) ) ;
#3118 = VECTOR ( 'NONE', #351, 1000.000000000000000 ) ;
#3119 = FACE_OUTER_BOUND ( 'NONE', #2027, .T. ) ;
#3120 = VERTEX_POINT ( 'NONE', #3609 ) ;
#3121 = VECTOR ( 'NONE', #411, 1000.000000000000114 ) ;
#3122 = CARTESIAN_POINT ( 'NONE',  ( 0.000000000000000000, 8.000000000000000000, 0.000000000000000000 ) ) ;
#3123 = DIRECTION ( 'NONE',  ( 0.000000000000000000, 0.000000000000000000, 1.000000000000000000 ) ) ;
#3124 = ORIENTED_EDGE ( 'NONE', *, *, #3830, .T. ) ;
#3125 = VECTOR ( 'NONE', #269, 1000.000000000000114 ) ;
#3126 = ORIENTED_EDGE ( 'NONE', *, *, #2149, .F. ) ;
#3127 = ADVANCED_FACE ( 'NONE', ( #132 ), #1705, .F. ) ;
#3128 = VECTOR ( 'NONE', #381, 1000.000000000000000 ) ;
#3129 = VECTOR ( 'NONE', #38, 1000.000000000000000 ) ;
#3130 = VECTOR ( 'NONE', #2553, 1000.000000000000114 ) ;
#3131 = DIRECTION ( 'NONE',  ( -0.7071067811865462405, -0.7071067811865489050, -1.728318027073654058E-14 ) ) ;
#3132 = DIRECTION ( 'NONE',  ( 1.309923543633404294E-14, 0.000000000000000000, -1.000000000000000000 ) ) ;
#3133 = EDGE_LOOP ( 'NONE', ( #990, #3648, #707, #725 ) ) ;
#3134 = EDGE_CURVE ( 'NONE', #1913, #436, #1064, .T. ) ;
#3135 = CARTESIAN_POINT ( 'NONE',  ( 17.00000000000025935, 0.000000000000000000, -17.89999999999975344 ) ) ;
#3136 = CARTESIAN_POINT ( 'NONE',  ( -0.5000000000000001110, 7.666665436049814986, 11.61424309266169708 ) ) ;
#3137 = ORIENTED_EDGE ( 'NONE', *, *, #3508, .F. ) ;
#3138 = DIRECTION ( 'NONE',  ( 0.7071067811865456854, -0.7071067811865493491, 1.228471041073399555E-14 ) ) ;
#3139 = FACE_OUTER_BOUND ( 'NONE', #2426, .T. ) ;
#3140 = EDGE_CURVE ( 'NONE', #541, #1051, #2401, .T. ) ;
#3141 = DIRECTION ( 'NONE',  ( 0.000000000000000000, 1.000000000000000000, 0.000000000000000000 ) ) ;
#3142 = EDGE_LOOP ( 'NONE', ( #3151, #62, #1660 ) ) ;
#3143 = ADVANCED_FACE ( 'NONE', ( #727 ), #2025, .F. ) ;
#3144 = CARTESIAN_POINT ( 'NONE',  ( 12.00000000000027001, 0.000000000000000000, -19.39999999999978542 ) ) ;
#3145 = DIRECTION ( 'NONE',  ( 0.8320502943378469407, 0.000000000000000000, -0.5547001962252243734 ) ) ;
#3146 = DIRECTION ( 'NONE',  ( -0.7071067811865487940, -0.7071067811865463515, -4.078563433786720022E-15 ) ) ;
#3147 = ORIENTED_EDGE ( 'NONE', *, *, #3639, .T. ) ;
#3148 = EDGE_LOOP ( 'NONE', ( #35, #4007, #83, #2825 ) ) ;
#3149 = CARTESIAN_POINT ( 'NONE',  ( 18.75000000000024158, 7.750000000000000000, -15.39248337494178109 ) ) ;
#3150 = CARTESIAN_POINT ( 'NONE',  ( 9.000000000000230926, 7.500000000000003553, -14.09248337494185144 ) ) ;
#3151 = ORIENTED_EDGE ( 'NONE', *, *, #1624, .T. ) ;
#3152 = AXIS2_PLACEMENT_3D ( 'NONE', #1581, #281, #2532 ) ;
#3153 = DIRECTION ( 'NONE',  ( 0.9975007203633287078, 0.000000000000000000, 0.07065630102574244065 ) ) ;
#3154 = DIRECTION ( 'NONE',  ( 0.000000000000000000, 0.7071067811865476838, 0.7071067811865474617 ) ) ;
#3155 = CARTESIAN_POINT ( 'NONE',  ( -14.00000000000028422, 7.500000000000008882, 14.49248337494178784 ) ) ;
#3156 = EDGE_CURVE ( 'NONE', #2951, #1686, #2314, .T. ) ;
#3157 = VERTEX_POINT ( 'NONE', #3866 ) ;
#3158 = VECTOR ( 'NONE', #2153, 1000.000000000000000 ) ;
#3159 = CARTESIAN_POINT ( 'NONE',  ( 0.000000000000000000, 7.000000000000000000, 0.000000000000000000 ) ) ;
#3160 = CIRCLE ( 'NONE', #1827, 11.37499999999999822 ) ;
#3161 = CARTESIAN_POINT ( 'NONE',  ( -3.035398026413988148, 0.000000000000000000, -16.24373548643533027 ) ) ;
#3162 = EDGE_LOOP ( 'NONE', ( #2350, #2675, #1895, #3507, #770, #90, #3465, #3952 ) ) ;
#3163 = DIRECTION ( 'NONE',  ( 1.309923543633404294E-14, 0.000000000000000000, -1.000000000000000000 ) ) ;
#3164 = DIRECTION ( 'NONE',  ( 0.000000000000000000, 1.000000000000000000, 0.000000000000000000 ) ) ;
#3165 = ORIENTED_EDGE ( 'NONE', *, *, #579, .T. ) ;
#3166 = ORIENTED_EDGE ( 'NONE', *, *, #1283, .T. ) ;
#3167 = DIRECTION ( 'NONE',  ( 1.000953870582561707E-14, 0.7071067811865474617, -0.7071067811865476838 ) ) ;
#3168 = CARTESIAN_POINT ( 'NONE',  ( 10.00000000000026823, 8.000000000000000000, -19.39999999999979963 ) ) ;
#3169 = ORIENTED_EDGE ( 'NONE', *, *, #2397, .F. ) ;
#3170 = PLANE ( 'NONE',  #3656 ) ;
#3171 = CARTESIAN_POINT ( 'NONE',  ( 18.50000000000026290, 8.000000000000000000, -18.64999999999973923 ) ) ;
#3172 = CARTESIAN_POINT ( 'NONE',  ( -14.70094103032747590, 7.500000000000031086, 12.99248337494178784 ) ) ;
#3173 = AXIS2_PLACEMENT_3D ( 'NONE', #2412, #2971, #142 ) ;
#3174 = ORIENTED_EDGE ( 'NONE', *, *, #1969, .T. ) ;
#3175 = ADVANCED_FACE ( 'NONE', ( #3296 ), #342, .F. ) ;
#3176 = CARTESIAN_POINT ( 'NONE',  ( -2.999999999999758860, 8.000000000000000000, -15.74248337494192995 ) ) ;
#3177 = CARTESIAN_POINT ( 'NONE',  ( -19.00000000000025580, 8.000000000000000000, 17.89999999999973568 ) ) ;
#3178 = VECTOR ( 'NONE', #72, 1000.000000000000114 ) ;
#3179 = ORIENTED_EDGE ( 'NONE', *, *, #1651, .T. ) ;
#3180 = AXIS2_PLACEMENT_3D ( 'NONE', #3310, #1721, #2996 ) ;
#3181 = EDGE_CURVE ( 'NONE', #2090, #3313, #704, .T. ) ;
#3182 = CARTESIAN_POINT ( 'NONE',  ( 18.50000000000024514, 8.000000000000000000, -15.39248337494178287 ) ) ;
#3183 = DIRECTION ( 'NONE',  ( -0.9975007203633287078, -0.000000000000000000, -0.07065630102574230187 ) ) ;
#3184 = CARTESIAN_POINT ( 'NONE',  ( -14.00000000000027356, 7.500000000000000000, 12.99248337494180738 ) ) ;
#3185 = VERTEX_POINT ( 'NONE', #2335 ) ;
#3186 = ORIENTED_EDGE ( 'NONE', *, *, #3430, .T. ) ;
#3187 = VECTOR ( 'NONE', #2458, 1000.000000000000114 ) ;
#3188 = VECTOR ( 'NONE', #3689, 1000.000000000000000 ) ;
#3189 = DIRECTION ( 'NONE',  ( -0.000000000000000000, -1.000000000000000000, -0.000000000000000000 ) ) ;
#3190 = EDGE_CURVE ( 'NONE', #1965, #1127, #3835, .T. ) ;
#3191 = AXIS2_PLACEMENT_3D ( 'NONE', #3988, #2293, #3391 ) ;
#3192 = EDGE_CURVE ( 'NONE', #356, #3435, #659, .T. ) ;
#3193 = CARTESIAN_POINT ( 'NONE',  ( -10.00000000000027001, 8.000000000000000000, 19.39999999999979963 ) ) ;
#3194 = VERTEX_POINT ( 'NONE', #2959 ) ;
#3195 = AXIS2_PLACEMENT_3D ( 'NONE', #3657, #412, #3917 ) ;
#3196 = PLANE ( 'NONE',  #15 ) ;
#3197 = DIRECTION ( 'NONE',  ( 0.8320502943378398353, 0.000000000000000000, 0.5547001962252349205 ) ) ;
#3198 = CARTESIAN_POINT ( 'NONE',  ( -0.5000000000000000000, 7.404018387722073768, 14.64664081424971087 ) ) ;
#3199 = EDGE_CURVE ( 'NONE', #279, #3796, #3314, .T. ) ;
#3200 = CONICAL_SURFACE ( 'NONE', #2002, 1.499999999999997780, 0.7853981633974466137 ) ;
#3201 = AXIS2_PLACEMENT_3D ( 'NONE', #3842, #3802, #3210 ) ;
#3202 = ORIENTED_EDGE ( 'NONE', *, *, #2151, .F. ) ;
#3203 = LINE ( 'NONE', #4162, #2928 ) ;
#3204 = CARTESIAN_POINT ( 'NONE',  ( -3.035398026413988148, 8.000000000000000000, -15.74373548643533205 ) ) ;
#3205 = ADVANCED_FACE ( 'NONE', ( #2044 ), #4163, .F. ) ;
#3206 = ORIENTED_EDGE ( 'NONE', *, *, #2330, .F. ) ;
#3207 = CARTESIAN_POINT ( 'NONE',  ( 15.44568322948032169, 7.500000000000008882, -14.09248337494180703 ) ) ;
#3208 = CARTESIAN_POINT ( 'NONE',  ( 15.06666666666693999, -4.336808689942017736E-16, -17.99999999999978328 ) ) ;
#3209 = EDGE_CURVE ( 'NONE', #2683, #3803, #976, .T. ) ;
#3210 = DIRECTION ( 'NONE',  ( 0.7071067811865439090, -0.7071067811865512365, 0.000000000000000000 ) ) ;
#3211 = ORIENTED_EDGE ( 'NONE', *, *, #2075, .T. ) ;
#3212 = ORIENTED_EDGE ( 'NONE', *, *, #2702, .F. ) ;
#3213 = DIRECTION ( 'NONE',  ( -0.5547001962252349205, 0.000000000000000000, 0.8320502943378398353 ) ) ;
#3214 = ORIENTED_EDGE ( 'NONE', *, *, #3649, .T. ) ;
#3215 = EDGE_CURVE ( 'NONE', #2483, #284, #3628, .T. ) ;
#3216 = CC_DESIGN_PERSON_AND_ORGANIZATION_ASSIGNMENT ( #980, #711, ( #1194 ) ) ;
#3217 = LINE ( 'NONE', #1623, #2815 ) ;
#3218 = CARTESIAN_POINT ( 'NONE',  ( -14.00000000000028422, 8.000000000000000000, 16.49248337494178784 ) ) ;
#3219 = CARTESIAN_POINT ( 'NONE',  ( -8.680900092832313675, 8.000000000000000000, 17.42135013924788822 ) ) ;
#3220 = EDGE_LOOP ( 'NONE', ( #942, #3934, #253 ) ) ;
#3221 = AXIS2_PLACEMENT_3D ( 'NONE', #3598, #3350, #3387 ) ;
#3222 = CARTESIAN_POINT ( 'NONE',  ( -0.5000000000000001110, 8.000000000000000000, 14.04979453195831773 ) ) ;
#3223 = LINE ( 'NONE', #1009, #1661 ) ;
#3224 = DIRECTION ( 'NONE',  ( 0.4850712500726591658, -0.4850712500726649945, 0.7276068751090040143 ) ) ;
#3225 = ORIENTED_EDGE ( 'NONE', *, *, #1476, .F. ) ;
#3226 = VECTOR ( 'NONE', #3284, 1000.000000000000114 ) ;
#3227 = DIRECTION ( 'NONE',  ( -0.4264014327112244374, 0.6396021490668333254, 0.6396021490668268861 ) ) ;
#3228 = ORIENTED_EDGE ( 'NONE', *, *, #1789, .F. ) ;
#3229 = EDGE_LOOP ( 'NONE', ( #644, #2895, #2785 ) ) ;
#3230 = EDGE_CURVE ( 'NONE', #3562, #2362, #427, .T. ) ;
#3231 = DIRECTION ( 'NONE',  ( 4.906538933386809075E-15, -0.7071067811865456854, -0.7071067811865493491 ) ) ;
#3232 = DIRECTION ( 'NONE',  ( 0.000000000000000000, 0.000000000000000000, 1.000000000000000000 ) ) ;
#3233 = PLANE ( 'NONE',  #936 ) ;
#3234 = VERTEX_POINT ( 'NONE', #1322 ) ;
#3235 = ORIENTED_EDGE ( 'NONE', *, *, #2831, .T. ) ;
#3236 = CALENDAR_DATE ( 2023, 6, 2 ) ;
#3237 = CARTESIAN_POINT ( 'NONE',  ( -12.74123437860741959, 6.764846845347348925, 13.41692424667613004 ) ) ;
#3238 = EDGE_CURVE ( 'NONE', #2878, #2252, #2100, .T. ) ;
#3239 = DIRECTION ( 'NONE',  ( -1.415562539087702249E-14, 0.000000000000000000, 1.000000000000000000 ) ) ;
#3240 = DIRECTION ( 'NONE',  ( -0.05380858843391087692, 0.000000000000000000, 0.9985512684938866457 ) ) ;
#3241 = VERTEX_POINT ( 'NONE', #3608 ) ;
#3242 = CARTESIAN_POINT ( 'NONE',  ( 18.99999999999976907, 8.000000000000000000, 18.25000000000014211 ) ) ;
#3243 = CARTESIAN_POINT ( 'NONE',  ( -19.00000000000023803, 8.000000000000000000, 15.39248337494178820 ) ) ;
#3244 = PLANE ( 'NONE',  #3462 ) ;
#3245 = EDGE_CURVE ( 'NONE', #915, #2684, #86, .T. ) ;
#3246 = VERTEX_POINT ( 'NONE', #3953 ) ;
#3247 = DIRECTION ( 'NONE',  ( 0.03804841776769428419, -0.7071067811865500152, -0.7060823733144537817 ) ) ;
#3248 = CARTESIAN_POINT ( 'NONE',  ( 14.00000000000023803, 8.000000000000000000, -12.49248337494184646 ) ) ;
#3249 = ORIENTED_EDGE ( 'NONE', *, *, #1500, .F. ) ;
#3250 = VERTEX_POINT ( 'NONE', #2937 ) ;
#3251 = VECTOR ( 'NONE', #1338, 1000.000000000000000 ) ;
#3252 = LINE ( 'NONE', #169, #2125 ) ;
#3253 = CARTESIAN_POINT ( 'NONE',  ( -18.50000000000005329, 8.000000000000000000, -8.841983919525553257E-14 ) ) ;
#3254 = FACE_OUTER_BOUND ( 'NONE', #1529, .T. ) ;
#3255 = VECTOR ( 'NONE', #1917, 1000.000000000000114 ) ;
#3256 = VERTEX_POINT ( 'NONE', #681 ) ;
#3257 = PERSON_AND_ORGANIZATION_ROLE ( 'classification_officer' ) ;
#3258 = LINE ( 'NONE', #3570, #2746 ) ;
#3259 = CARTESIAN_POINT ( 'NONE',  ( 10.00000000000026823, 0.000000000000000000, -19.39999999999979963 ) ) ;
#3260 = DIRECTION ( 'NONE',  ( -4.906538933386810653E-15, -0.7071067811865456854, 0.7071067811865493491 ) ) ;
#3261 = EDGE_CURVE ( 'NONE', #3256, #1353, #2294, .T. ) ;
#3262 = ORIENTED_EDGE ( 'NONE', *, *, #3, .T. ) ;
#3263 = VECTOR ( 'NONE', #2678, 1000.000000000000000 ) ;
#3264 = VECTOR ( 'NONE', #784, 1000.000000000000000 ) ;
#3265 = EDGE_CURVE ( 'NONE', #2281, #2416, #1981, .T. ) ;
#3266 = FACE_OUTER_BOUND ( 'NONE', #123, .T. ) ;
#3267 = DIRECTION ( 'NONE',  ( -1.000953870582561707E-14, 0.7071067811865474617, 0.7071067811865476838 ) ) ;
#3268 = AXIS2_PLACEMENT_3D ( 'NONE', #2049, #713, #2360 ) ;
#3269 = CARTESIAN_POINT ( 'NONE',  ( -13.00000000000026112, 8.000000000000000000, 17.89999999999977831 ) ) ;
#3270 = ORIENTED_EDGE ( 'NONE', *, *, #3626, .T. ) ;
#3271 = EDGE_CURVE ( 'NONE', #1427, #1614, #47, .T. ) ;
#3272 = PLANE ( 'NONE',  #3857 ) ;
#3273 = LINE ( 'NONE', #80, #3263 ) ;
#3274 = ORIENTED_EDGE ( 'NONE', *, *, #3798, .T. ) ;
#3275 = ORIENTED_EDGE ( 'NONE', *, *, #3215, .T. ) ;
#3276 = DIRECTION ( 'NONE',  ( -0.9975007203633287078, -0.000000000000000000, -0.07065630102574230187 ) ) ;
#3277 = CARTESIAN_POINT ( 'NONE',  ( 0.4999999999999998890, 8.000000000000000000, -14.60440660437519256 ) ) ;
#3278 = DIRECTION ( 'NONE',  ( 0.000000000000000000, -0.000000000000000000, 1.000000000000000000 ) ) ;
#3279 = ORIENTED_EDGE ( 'NONE', *, *, #1470, .F. ) ;
#3280 = LOCAL_TIME ( 11, 31, 4.000000000000000000, #369 ) ;
#3281 = DATE_TIME_ROLE ( 'classification_date' ) ;
#3282 = LINE ( 'NONE', #1048, #1142 ) ;
#3283 = DIRECTION ( 'NONE',  ( -0.5547001962252341434, 0.000000000000000000, 0.8320502943378403904 ) ) ;
#3284 = DIRECTION ( 'NONE',  ( 0.000000000000000000, 0.7071067811865502373, 0.7071067811865449082 ) ) ;
#3285 = ORIENTED_EDGE ( 'NONE', *, *, #1531, .T. ) ;
#3286 = EDGE_CURVE ( 'NONE', #4095, #541, #1364, .T. ) ;
#3287 = DIRECTION ( 'NONE',  ( 6.009258394948630603E-15, -0.5000000000000014433, -0.8660254037844378194 ) ) ;
#3288 = DIRECTION ( 'NONE',  ( 1.073305391678381214E-14, -0.7071067811865480168, -0.7071067811865470176 ) ) ;
#3289 = ORIENTED_EDGE ( 'NONE', *, *, #3040, .T. ) ;
#3290 = EDGE_CURVE ( 'NONE', #915, #1686, #3339, .T. ) ;
#3291 = DIRECTION ( 'NONE',  ( -0.5547001962252227081, 0.000000000000000000, -0.8320502943378479399 ) ) ;
#3292 = CARTESIAN_POINT ( 'NONE',  ( -18.99999999999980460, 8.000000000000000000, -18.24999999999994671 ) ) ;
#3293 = VERTEX_POINT ( 'NONE', #2742 ) ;
#3294 = ORIENTED_EDGE ( 'NONE', *, *, #2165, .T. ) ;
#3295 = AXIS2_PLACEMENT_3D ( 'NONE', #1390, #1684, #746 ) ;
#3296 = FACE_OUTER_BOUND ( 'NONE', #1214, .T. ) ;
#3297 = VECTOR ( 'NONE', #4033, 1000.000000000000000 ) ;
#3298 = LINE ( 'NONE', #3315, #57 ) ;
#3299 = ORIENTED_EDGE ( 'NONE', *, *, #389, .T. ) ;
#3300 = EDGE_CURVE ( 'NONE', #578, #2416, #173, .T. ) ;
#3301 = ORIENTED_EDGE ( 'NONE', *, *, #2029, .F. ) ;
#3302 = CARTESIAN_POINT ( 'NONE',  ( -3.062355534902891030, 7.000000000000000000, -14.74248337494193173 ) ) ;
#3303 = CARTESIAN_POINT ( 'NONE',  ( 15.25876562139306003, 6.764846845347305404, -13.41692424667613892 ) ) ;
#3304 = CARTESIAN_POINT ( 'NONE',  ( 3.089259829119844092, -8.131516293641283255E-16, 14.24320774069499507 ) ) ;
#3305 = ORIENTED_EDGE ( 'NONE', *, *, #765, .F. ) ;
#3306 = PLANE ( 'NONE',  #1915 ) ;
#3307 = FACE_OUTER_BOUND ( 'NONE', #419, .T. ) ;
#3308 = CARTESIAN_POINT ( 'NONE',  ( 18.75000000000022737, 0.4999999999999891753, -13.84248337494178394 ) ) ;
#3309 = ORIENTED_EDGE ( 'NONE', *, *, #2172, .T. ) ;
#3310 = CARTESIAN_POINT ( 'NONE',  ( 0.000000000000000000, 0.000000000000000000, 0.000000000000000000 ) ) ;
#3311 = CARTESIAN_POINT ( 'NONE',  ( 9.006252105531933339, 7.676751190227087740, -15.06923456516893722 ) ) ;
#3312 = ORIENTED_EDGE ( 'NONE', *, *, #4142, .F. ) ;
#3313 = VERTEX_POINT ( 'NONE', #453 ) ;
#3314 = LINE ( 'NONE', #1389, #3489 ) ;
#3315 = CARTESIAN_POINT ( 'NONE',  ( 18.00000000000027001, 8.000000000000000000, -19.39999999999974634 ) ) ;
#3316 = EDGE_LOOP ( 'NONE', ( #3057, #2518, #3235, #49 ) ) ;
#3317 = AXIS2_PLACEMENT_3D ( 'NONE', #2808, #2243, #2826 ) ;
#3318 = ORIENTED_EDGE ( 'NONE', *, *, #3597, .T. ) ;
#3319 = EDGE_CURVE ( 'NONE', #216, #3246, #1772, .T. ) ;
#3320 = DIRECTION ( 'NONE',  ( 0.000000000000000000, 0.000000000000000000, 1.000000000000000000 ) ) ;
#3321 = VECTOR ( 'NONE', #3724, 1000.000000000000000 ) ;
#3322 = CARTESIAN_POINT ( 'NONE',  ( 15.44568322948032169, 5.594744111674231135, -14.09248337494180703 ) ) ;
#3323 = CARTESIAN_POINT ( 'NONE',  ( 9.000000000000259348, 8.000000000000000000, -17.89999999999980673 ) ) ;
#3324 = ORIENTED_EDGE ( 'NONE', *, *, #1403, .F. ) ;
#3325 = DIRECTION ( 'NONE',  ( 0.000000000000000000, -1.000000000000000000, 0.000000000000000000 ) ) ;
#3326 = CARTESIAN_POINT ( 'NONE',  ( -12.96252981904963875, 8.000000000000000000, 17.11806803364081020 ) ) ;
#3327 = DIRECTION ( 'NONE',  ( 0.000000000000000000, 1.000000000000000000, 0.000000000000000000 ) ) ;
#3328 = VECTOR ( 'NONE', #2737, 1000.000000000000114 ) ;
#3329 = VERTEX_POINT ( 'NONE', #2681 ) ;
#3330 = AXIS2_PLACEMENT_3D ( 'NONE', #2955, #61, #698 ) ;
#3331 = AXIS2_PLACEMENT_3D ( 'NONE', #3856, #2261, #3534 ) ;
#3332 = EDGE_CURVE ( 'NONE', #1702, #1615, #4012, .T. ) ;
#3333 = LINE ( 'NONE', #2698, #285 ) ;
#3334 = DIRECTION ( 'NONE',  ( 0.5773502691896320593, -0.5773502691896267303, -0.5773502691896185146 ) ) ;
#3335 = ORIENTED_EDGE ( 'NONE', *, *, #1891, .T. ) ;
#3336 = CLOSED_SHELL ( 'NONE', ( #2248, #2507, #528, #1642, #3481, #2891, #581, #735, #626, #467, #320, #2439, #4021, #2517, #3678, #3633, #1075, #604, #1726, #968, #2018, #3443, #748, #2061, #2091, #2298, #642, #1583, #2160, #1993, #3688, #270, #2394, #2479, #829, #3078, #2450, #1544, #2620, #2365, #1673, #457, #1607, #965, #2921, #211, #2975, #2275, #1599, #3877, #771, #1280, #3619, #825, #3578, #2050, #3777, #3069, #1902, #4165, #481, #1848, #4104, #3035, #2940, #1685, #4084, #224, #314, #877, #206, #721, #3957, #1085, #3839, #1428, #3884, #322, #1832, #3127, #2781, #2935, #4151, #887, #2495, #614, #947, #150, #2842, #340, #1825, #137, #2024, #1905, #1108, #1332, #2573, #2086, #2896, #2223, #3033, #334, #143, #3433, #3779, #3504, #2475, #1697, #2440, #2417, #3613, #641, #3205, #2215, #3946, #3785, #1139, #37, #3698, #2142, #2768, #1525, #1943, #3175, #1919, #1737, #500, #3084, #3143, #3409, #4090, #1656, #2688, #1305, #3054, #3814, #2952, #790, #1345, #172, #2766, #3729 ) ) ;
#3337 = VERTEX_POINT ( 'NONE', #1167 ) ;
#3338 = EDGE_CURVE ( 'NONE', #613, #3792, #2374, .T. ) ;
#3339 = LINE ( 'NONE', #1471, #59 ) ;
#3340 = CYLINDRICAL_SURFACE ( 'NONE', #1483, 1.499999999999997780 ) ;
#3341 = ORIENTED_EDGE ( 'NONE', *, *, #3750, .F. ) ;
#3342 = ORIENTED_EDGE ( 'NONE', *, *, #2258, .F. ) ;
#3343 = LINE ( 'NONE', #3764, #2783 ) ;
#3344 = FACE_OUTER_BOUND ( 'NONE', #1264, .T. ) ;
#3345 = EDGE_CURVE ( 'NONE', #3250, #1105, #131, .T. ) ;
#3346 = CARTESIAN_POINT ( 'NONE',  ( -20.00000000000023448, 1.499999999999989120, 16.39999999999973923 ) ) ;
#3347 = EDGE_LOOP ( 'NONE', ( #1256, #2618, #864, #2917 ) ) ;
#3348 = APPROVAL_PERSON_ORGANIZATION ( #2584, #1290, #1643 ) ;
#3349 = DIRECTION ( 'NONE',  ( -0.8320502943378474958, 0.000000000000000000, 0.5547001962252233742 ) ) ;
#3350 = DIRECTION ( 'NONE',  ( -0.000000000000000000, 1.000000000000000000, -0.000000000000000000 ) ) ;
#3351 = PLANE ( 'NONE',  #952 ) ;
#3352 = ORIENTED_EDGE ( 'NONE', *, *, #1677, .F. ) ;
#3353 = CARTESIAN_POINT ( 'NONE',  ( -10.00000000000027001, 8.000000000000000000, 19.39999999999979963 ) ) ;
#3354 = DIRECTION ( 'NONE',  ( -0.000000000000000000, 1.000000000000000000, -0.000000000000000000 ) ) ;
#3355 = ORIENTED_EDGE ( 'NONE', *, *, #3319, .T. ) ;
#3356 = ORIENTED_EDGE ( 'NONE', *, *, #2369, .T. ) ;
#3357 = VECTOR ( 'NONE', #1140, 1000.000000000000000 ) ;
#3358 = CARTESIAN_POINT ( 'NONE',  ( 15.44568322948033945, 7.500000000000000888, -14.89248337494180596 ) ) ;
#3359 = LINE ( 'NONE', #87, #472 ) ;
#3360 = AXIS2_PLACEMENT_3D ( 'NONE', #668, #3240, #1458 ) ;
#3361 = ORIENTED_EDGE ( 'NONE', *, *, #549, .T. ) ;
#3362 = ORIENTED_EDGE ( 'NONE', *, *, #1443, .F. ) ;
#3363 = EDGE_CURVE ( 'NONE', #2303, #1486, #767, .T. ) ;
#3364 = VECTOR ( 'NONE', #775, 1000.000000000000000 ) ;
#3365 = DIRECTION ( 'NONE',  ( -4.906538933386810653E-15, -0.7071067811865456854, 0.7071067811865493491 ) ) ;
#3366 = PLANE ( 'NONE',  #3268 ) ;
#3367 = DIRECTION ( 'NONE',  ( 0.5773502691896365002, -0.5773502691896204020, -0.5773502691896204020 ) ) ;
#3368 = EDGE_LOOP ( 'NONE', ( #1551, #1151, #350 ) ) ;
#3369 = DIRECTION ( 'NONE',  ( 0.000000000000000000, -1.000000000000000000, 0.000000000000000000 ) ) ;
#3370 = CARTESIAN_POINT ( 'NONE',  ( 14.00000000000023803, 7.500000000000000000, -14.49248337494183581 ) ) ;
#3371 = CARTESIAN_POINT ( 'NONE',  ( -18.49999999999981881, 0.000000000000000000, -18.00000000000025935 ) ) ;
#3372 = VERTEX_POINT ( 'NONE', #4016 ) ;
#3373 = DIRECTION ( 'NONE',  ( -0.5547001962252349205, 0.000000000000000000, 0.8320502943378398353 ) ) ;
#3374 = EDGE_CURVE ( 'NONE', #3843, #757, #2127, .T. ) ;
#3375 = FACE_OUTER_BOUND ( 'NONE', #319, .T. ) ;
#3376 = ORIENTED_EDGE ( 'NONE', *, *, #1624, .F. ) ;
#3377 = SHAPE_DEFINITION_REPRESENTATION ( #3713, #3701 ) ;
#3378 = PLANE ( 'NONE',  #1786 ) ;
#3379 = EDGE_LOOP ( 'NONE', ( #2316, #379, #612, #2413 ) ) ;
#3380 = ORIENTED_EDGE ( 'NONE', *, *, #202, .F. ) ;
#3381 = ORIENTED_EDGE ( 'NONE', *, *, #78, .T. ) ;
#3382 = LINE ( 'NONE', #2152, #1388 ) ;
#3383 = EDGE_CURVE ( 'NONE', #833, #3185, #2111, .T. ) ;
#3384 = EDGE_LOOP ( 'NONE', ( #3697, #1235, #8, #1191, #2084, #2605, #4150, #3214 ) ) ;
#3385 = AXIS2_PLACEMENT_3D ( 'NONE', #1700, #3604, #2574 ) ;
#3386 = DIRECTION ( 'NONE',  ( -1.000000000000000000, -0.000000000000000000, -6.938893903907227589E-15 ) ) ;
#3387 = DIRECTION ( 'NONE',  ( 0.000000000000000000, 0.000000000000000000, 1.000000000000000000 ) ) ;
#3388 = DIRECTION ( 'NONE',  ( 6.921551667672176707E-15, 0.000000000000000000, -1.000000000000000000 ) ) ;
#3389 = EDGE_CURVE ( 'NONE', #1192, #3194, #1810, .T. ) ;
#3390 = DIRECTION ( 'NONE',  ( 0.4264014327112151115, -0.6396021490668303278, 0.6396021490668361009 ) ) ;
#3391 = DIRECTION ( 'NONE',  ( -0.9985512684938866457, 0.000000000000000000, -0.05380858843391087692 ) ) ;
#3392 = DIRECTION ( 'NONE',  ( -0.8320502943378403904, 0.000000000000000000, -0.5547001962252341434 ) ) ;
#3393 = VERTEX_POINT ( 'NONE', #3674 ) ;
#3394 = VECTOR ( 'NONE', #1285, 1000.000000000000114 ) ;
#3395 = CC_DESIGN_PERSON_AND_ORGANIZATION_ASSIGNMENT ( #3915, #473, ( #178 ) ) ;
#3396 = AXIS2_PLACEMENT_3D ( 'NONE', #568, #2302, #1626 ) ;
#3397 = CARTESIAN_POINT ( 'NONE',  ( -19.00000000000027711, 0.000000000000000000, -18.00000000000026645 ) ) ;
#3398 = VECTOR ( 'NONE', #1811, 1000.000000000000000 ) ;
#3399 = ORIENTED_EDGE ( 'NONE', *, *, #625, .T. ) ;
#3400 = EDGE_LOOP ( 'NONE', ( #1071, #1598, #1681, #3341, #53 ) ) ;
#3401 = EDGE_CURVE ( 'NONE', #2083, #4170, #2435, .T. ) ;
#3402 = CARTESIAN_POINT ( 'NONE',  ( -3.062355534902891030, 7.500000000000000888, -14.74248337494193173 ) ) ;
#3403 = CARTESIAN_POINT ( 'NONE',  ( -2.964671849486888444, -8.131516293641283255E-16, -16.24123373512358626 ) ) ;
#3404 = DIRECTION ( 'NONE',  ( -5.767959723060150017E-15, 0.000000000000000000, 1.000000000000000000 ) ) ;
#3405 = VERTEX_POINT ( 'NONE', #830 ) ;
#3406 = CARTESIAN_POINT ( 'NONE',  ( -19.00000000000027711, 0.000000000000000000, -18.00000000000026645 ) ) ;
#3407 = CARTESIAN_POINT ( 'NONE',  ( -3.062355534902891030, 7.500000000000000888, -14.74248337494193173 ) ) ;
#3408 = PLANE ( 'NONE',  #3853 ) ;
#3409 = ADVANCED_FACE ( 'NONE', ( #1086 ), #1488, .F. ) ;
#3410 = PLANE ( 'NONE',  #2262 ) ;
#3411 = CARTESIAN_POINT ( 'NONE',  ( 0.000000000000000000, 7.000000000000000000, 0.000000000000000000 ) ) ;
#3412 = CARTESIAN_POINT ( 'NONE',  ( 0.000000000000000000, 46.00000000000000000, 10.24999999999999467 ) ) ;
#3413 = ORIENTED_EDGE ( 'NONE', *, *, #2653, .T. ) ;
#3414 = EDGE_CURVE ( 'NONE', #1733, #382, #852, .T. ) ;
#3415 = DIRECTION ( 'NONE',  ( -0.4264014327112237712, 0.6396021490668334364, 0.6396021490668272191 ) ) ;
#3416 = LINE ( 'NONE', #1168, #3187 ) ;
#3417 = ORIENTED_EDGE ( 'NONE', *, *, #838, .T. ) ;
#3418 = ORIENTED_EDGE ( 'NONE', *, *, #1855, .F. ) ;
#3419 = DIRECTION ( 'NONE',  ( 0.000000000000000000, -1.000000000000000000, 0.000000000000000000 ) ) ;
#3420 = FACE_OUTER_BOUND ( 'NONE', #1450, .T. ) ;
#3421 = ORIENTED_EDGE ( 'NONE', *, *, #3644, .F. ) ;
#3422 = VECTOR ( 'NONE', #3938, 1000.000000000000227 ) ;
#3423 = CARTESIAN_POINT ( 'NONE',  ( -18.50000000000012790, 8.000000000000000000, -4.672047375678810410E-14 ) ) ;
#3424 = CARTESIAN_POINT ( 'NONE',  ( -18.74999999999981171, 7.750000000000003553, -18.24999999999994671 ) ) ;
#3425 = LINE ( 'NONE', #4102, #1578 ) ;
#3426 = EDGE_LOOP ( 'NONE', ( #3381, #107, #1577 ) ) ;
#3427 = CARTESIAN_POINT ( 'NONE',  ( 0.4999999999999998890, 8.000000000000000000, 14.10368118768813517 ) ) ;
#3428 = LINE ( 'NONE', #2758, #98 ) ;
#3429 = DIRECTION ( 'NONE',  ( -0.000000000000000000, 0.7065940203127617503, -0.7076191704993926024 ) ) ;
#3430 = EDGE_CURVE ( 'NONE', #2281, #20, #789, .T. ) ;
#3431 = ORIENTED_EDGE ( 'NONE', *, *, #3535, .F. ) ;
#3432 = CARTESIAN_POINT ( 'NONE',  ( -18.76000000000025736, 0.2600000000000041722, 18.25999999999974222 ) ) ;
#3433 = ADVANCED_FACE ( 'NONE', ( #1728 ), #3378, .T. ) ;
#3434 = VERTEX_POINT ( 'NONE', #490 ) ;
#3435 = VERTEX_POINT ( 'NONE', #1791 ) ;
#3436 = ORIENTED_EDGE ( 'NONE', *, *, #3015, .F. ) ;
#3437 =( BOUNDED_CURVE ( )  B_SPLINE_CURVE ( 3, ( #3322, #3303, #1092, #3593 ),
 .UNSPECIFIED., .F., .F. ) 
 B_SPLINE_CURVE_WITH_KNOTS ( ( 4, 4 ),
 ( 4.982321776218106457, 6.283185307179586232 ),
 .UNSPECIFIED. ) 
 CURVE ( )  GEOMETRIC_REPRESENTATION_ITEM ( )  RATIONAL_B_SPLINE_CURVE ( ( 1.000000000000000000, 0.8638816171694836399, 0.8638816171694836399, 1.000000000000000000 ) ) 
 REPRESENTATION_ITEM ( '' )  );
#3438 = LINE ( 'NONE', #4039, #3064 ) ;
#3439 = ORIENTED_EDGE ( 'NONE', *, *, #1420, .F. ) ;
#3440 = AXIS2_PLACEMENT_3D ( 'NONE', #3038, #1696, #1123 ) ;
#3441 = EDGE_CURVE ( 'NONE', #1615, #1505, #1166, .T. ) ;
#3442 = CARTESIAN_POINT ( 'NONE',  ( -11.75000000000010481, 8.000000000000000000, 15.39248337494183438 ) ) ;
#3443 = ADVANCED_FACE ( 'NONE', ( #2520 ), #251, .T. ) ;
#3444 = CARTESIAN_POINT ( 'NONE',  ( -9.000000000000232703, 7.500000000000008882, 14.09248337494184966 ) ) ;
#3445 = LINE ( 'NONE', #3113, #1501 ) ;
#3446 = VERTEX_POINT ( 'NONE', #590 ) ;
#3447 = AXIS2_PLACEMENT_3D ( 'NONE', #1270, #1872, #3163 ) ;
#3448 = DIRECTION ( 'NONE',  ( 0.000000000000000000, 0.000000000000000000, 1.000000000000000000 ) ) ;
#3449 = CARTESIAN_POINT ( 'NONE',  ( -12.55431677052020234, 7.500000000000000000, 14.89248337494182550 ) ) ;
#3450 = CIRCLE ( 'NONE', #962, 0.5009889549883530524 ) ;
#3451 = CARTESIAN_POINT ( 'NONE',  ( 18.99999999999976197, 0.4999999999999891753, 18.75000000000013145 ) ) ;
#3452 = ORIENTED_EDGE ( 'NONE', *, *, #989, .F. ) ;
#3453 = EDGE_CURVE ( 'NONE', #2770, #3610, #3474, .T. ) ;
#3454 = DIRECTION ( 'NONE',  ( 0.000000000000000000, -1.000000000000000000, 0.000000000000000000 ) ) ;
#3455 = PLANE ( 'NONE',  #2655 ) ;
#3456 = CARTESIAN_POINT ( 'NONE',  ( 18.99999999999976907, 0.9571067811864019115, 18.25000000000014211 ) ) ;
#3457 = VERTEX_POINT ( 'NONE', #3432 ) ;
#3458 = VERTEX_POINT ( 'NONE', #2482 ) ;
#3459 = EDGE_CURVE ( 'NONE', #919, #1486, #1547, .T. ) ;
#3460 = CIRCLE ( 'NONE', #1456, 0.5009889549883530524 ) ;
#3461 = AXIS2_PLACEMENT_3D ( 'NONE', #4064, #866, #2161 ) ;
#3462 = AXIS2_PLACEMENT_3D ( 'NONE', #1929, #2284, #988 ) ;
#3463 = CARTESIAN_POINT ( 'NONE',  ( -0.5000000000000001110, 7.500000000000000888, -14.60440660437519256 ) ) ;
#3464 =( BOUNDED_CURVE ( )  B_SPLINE_CURVE ( 3, ( #620, #1944, #3237, #2607 ),
 .UNSPECIFIED., .F., .T. ) 
 B_SPLINE_CURVE_WITH_KNOTS ( ( 4, 4 ),
 ( 8.422733623453620952E-29, 1.300863530961511305 ),
 .UNSPECIFIED. ) 
 CURVE ( )  GEOMETRIC_REPRESENTATION_ITEM ( )  RATIONAL_B_SPLINE_CURVE ( ( 1.000000000000000000, 0.8638816171694774226, 0.8638816171694774226, 1.000000000000000000 ) ) 
 REPRESENTATION_ITEM ( '' )  );
#3465 = ORIENTED_EDGE ( 'NONE', *, *, #2466, .F. ) ;
#3466 = CARTESIAN_POINT ( 'NONE',  ( -3.000000000000065281, 8.000000000000000000, -18.74999999999988987 ) ) ;
#3467 = CARTESIAN_POINT ( 'NONE',  ( 12.74123437860739294, 6.764846845347355142, -15.56804250320751493 ) ) ;
#3468 = EDGE_CURVE ( 'NONE', #4023, #3858, #1849, .T. ) ;
#3469 = DIRECTION ( 'NONE',  ( 1.000000000000000000, -0.000000000000000000, 1.415562539087702249E-14 ) ) ;
#3470 = ORIENTED_EDGE ( 'NONE', *, *, #1630, .F. ) ;
#3471 = CARTESIAN_POINT ( 'NONE',  ( -16.00000000000027001, 8.000000000000000000, 19.39999999999975699 ) ) ;
#3472 = PLANE ( 'NONE',  #364 ) ;
#3473 = ORIENTED_EDGE ( 'NONE', *, *, #2549, .F. ) ;
#3474 = LINE ( 'NONE', #3103, #1714 ) ;
#3475 = DIRECTION ( 'NONE',  ( 0.000000000000000000, -1.000000000000000000, 0.000000000000000000 ) ) ;
#3476 = CARTESIAN_POINT ( 'NONE',  ( -18.50000000000023093, 0.5000000000000029976, 14.89248337494178465 ) ) ;
#3477 = EDGE_LOOP ( 'NONE', ( #3270, #3431, #2939 ) ) ;
#3478 = ORIENTED_EDGE ( 'NONE', *, *, #726, .T. ) ;
#3479 = DIRECTION ( 'NONE',  ( -0.000000000000000000, 1.000000000000000000, -0.000000000000000000 ) ) ;
#3480 = DIRECTION ( 'NONE',  ( 0.000000000000000000, 0.000000000000000000, 1.000000000000000000 ) ) ;
#3481 = ADVANCED_FACE ( 'NONE', ( #4125 ), #1448, .F. ) ;
#3482 = ORIENTED_EDGE ( 'NONE', *, *, #1958, .T. ) ;
#3483 = DIRECTION ( 'NONE',  ( 0.6785983445458514396, -0.6785983445458488861, -0.2810846377148051300 ) ) ;
#3484 = CARTESIAN_POINT ( 'NONE',  ( 18.50000000000023448, -8.131516293641283255E-16, -13.59248337494179459 ) ) ;
#3485 = CARTESIAN_POINT ( 'NONE',  ( 18.75000000000024158, 0.2499999999999975575, -15.39248337494178109 ) ) ;
#3486 = ORIENTED_EDGE ( 'NONE', *, *, #2405, .F. ) ;
#3487 = VECTOR ( 'NONE', #4159, 1000.000000000000114 ) ;
#3488 = LINE ( 'NONE', #1949, #4071 ) ;
#3489 = VECTOR ( 'NONE', #2914, 1000.000000000000000 ) ;
#3490 = CARTESIAN_POINT ( 'NONE',  ( -18.50000000000023093, -1.367824300957100110E-15, 13.59248337494178926 ) ) ;
#3491 = PERSON ( 'UNSPECIFIED', 'UNSPECIFIED', 'UNSPECIFIED', ('UNSPECIFIED'), ('UNSPECIFIED'), ('UNSPECIFIED') ) ;
#3492 = VERTEX_POINT ( 'NONE', #550 ) ;
#3493 = EDGE_CURVE ( 'NONE', #684, #1965, #3793, .T. ) ;
#3494 = FACE_OUTER_BOUND ( 'NONE', #669, .T. ) ;
#3495 = DIRECTION ( 'NONE',  ( -0.000000000000000000, -1.000000000000000000, -0.000000000000000000 ) ) ;
#3496 = DIRECTION ( 'NONE',  ( 0.000000000000000000, 0.000000000000000000, -1.000000000000000000 ) ) ;
#3497 = ORIENTED_EDGE ( 'NONE', *, *, #557, .T. ) ;
#3498 = ORIENTED_EDGE ( 'NONE', *, *, #3300, .F. ) ;
#3499 = EDGE_CURVE ( 'NONE', #833, #3234, #2318, .T. ) ;
#3500 = PLANE ( 'NONE',  #845 ) ;
#3501 = CARTESIAN_POINT ( 'NONE',  ( -12.00000000000027001, 8.000000000000000000, 19.39999999999978542 ) ) ;
#3502 = VERTEX_POINT ( 'NONE', #1526 ) ;
#3503 = CARTESIAN_POINT ( 'NONE',  ( 13.20909090909120742, 3.213636363636353632, -21.21363636363616223 ) ) ;
#3504 = ADVANCED_FACE ( 'NONE', ( #3494 ), #948, .F. ) ;
#3505 = DIRECTION ( 'NONE',  ( 1.000000000000000000, -0.000000000000000000, 6.938893903907229955E-15 ) ) ;
#3506 = B_SPLINE_CURVE_WITH_KNOTS ( 'NONE', 3,
 ( #1371, #2730, #2670, #2361 ),
 .UNSPECIFIED., .F., .F.,
 ( 4, 4 ),
 ( 0.02512254116871445384, 0.02619066499824035388 ),
 .UNSPECIFIED. ) ;
#3507 = ORIENTED_EDGE ( 'NONE', *, *, #1237, .T. ) ;
#3508 = EDGE_CURVE ( 'NONE', #1105, #3120, #2539, .T. ) ;
#3509 = DIRECTION ( 'NONE',  ( 0.000000000000000000, -1.000000000000000000, 0.000000000000000000 ) ) ;
#3510 = CARTESIAN_POINT ( 'NONE',  ( 0.000000000000000000, 4.000000000000003553, 0.000000000000000000 ) ) ;
#3511 = VECTOR ( 'NONE', #3227, 1000.000000000000114 ) ;
#3512 = ORIENTED_EDGE ( 'NONE', *, *, #1836, .F. ) ;
#3513 = VECTOR ( 'NONE', #2384, 1000.000000000000000 ) ;
#3514 = DIRECTION ( 'NONE',  ( -0.5547001962252233742, 0.000000000000000000, -0.8320502943378474958 ) ) ;
#3515 = DIRECTION ( 'NONE',  ( 0.000000000000000000, -1.000000000000000000, 0.000000000000000000 ) ) ;
#3516 = CARTESIAN_POINT ( 'NONE',  ( -19.00000000000025580, 7.499999999999993783, 17.89999999999973568 ) ) ;
#3517 = VERTEX_POINT ( 'NONE', #3182 ) ;
#3518 = ORIENTED_EDGE ( 'NONE', *, *, #3683, .T. ) ;
#3519 = CC_DESIGN_PERSON_AND_ORGANIZATION_ASSIGNMENT ( #1001, #3257, ( #2736 ) ) ;
#3520 = CARTESIAN_POINT ( 'NONE',  ( -3.035398026413988148, -8.131516293641283255E-16, -15.24274653144697744 ) ) ;
#3521 = CARTESIAN_POINT ( 'NONE',  ( -17.00000000000026290, 8.000000000000000000, 17.89999999999974989 ) ) ;
#3522 = ORIENTED_EDGE ( 'NONE', *, *, #1420, .T. ) ;
#3523 = AXIS2_PLACEMENT_3D ( 'NONE', #2876, #622, #646 ) ;
#3524 = CONICAL_SURFACE ( 'NONE', #368, 1.000988954988353496, 0.7853981633974522758 ) ;
#3525 = VECTOR ( 'NONE', #11, 1000.000000000000000 ) ;
#3526 = PERSON_AND_ORGANIZATION ( #3491, #3819 ) ;
#3527 = FACE_OUTER_BOUND ( 'NONE', #3148, .T. ) ;
#3528 = CARTESIAN_POINT ( 'NONE',  ( -15.25876562139313464, 6.764846845347349813, 13.41692424667611050 ) ) ;
#3529 = VECTOR ( 'NONE', #2392, 1000.000000000000000 ) ;
#3530 = CARTESIAN_POINT ( 'NONE',  ( 0.4999999999999998890, 7.000000000000000000, 14.60440660437519256 ) ) ;
#3531 = VECTOR ( 'NONE', #3079, 1000.000000000000000 ) ;
#3532 = EDGE_LOOP ( 'NONE', ( #1666, #3631, #2494, #3124, #966 ) ) ;
#3533 = PLANE ( 'NONE',  #2066 ) ;
#3534 = DIRECTION ( 'NONE',  ( -0.5547001962252335883, 0.000000000000000000, 0.8320502943378407235 ) ) ;
#3535 = EDGE_CURVE ( 'NONE', #2147, #1765, #1190, .T. ) ;
#3536 = VERTEX_POINT ( 'NONE', #3780 ) ;
#3537 = CARTESIAN_POINT ( 'NONE',  ( 12.31846340716186639, 7.830291261162445338, -15.22277463610427084 ) ) ;
#3538 = DIRECTION ( 'NONE',  ( 0.000000000000000000, -1.000000000000000000, 0.000000000000000000 ) ) ;
#3539 = VERTEX_POINT ( 'NONE', #1594 ) ;
#3540 = VERTEX_POINT ( 'NONE', #4109 ) ;
#3541 = FACE_OUTER_BOUND ( 'NONE', #593, .T. ) ;
#3542 = CARTESIAN_POINT ( 'NONE',  ( -19.00000000000027711, 0.000000000000000000, -18.00000000000026645 ) ) ;
#3543 = LINE ( 'NONE', #1575, #2958 ) ;
#3544 = ORIENTED_EDGE ( 'NONE', *, *, #3711, .F. ) ;
#3545 = APPROVAL_DATE_TIME ( #3673, #1290 ) ;
#3546 = EDGE_CURVE ( 'NONE', #1192, #1236, #4092, .T. ) ;
#3547 = FACE_OUTER_BOUND ( 'NONE', #3162, .T. ) ;
#3548 = CARTESIAN_POINT ( 'NONE',  ( -14.00000000000027356, 7.500000000000000000, 12.99248337494180738 ) ) ;
#3549 = CARTESIAN_POINT ( 'NONE',  ( -0.5000000000000001110, 7.000000000000000000, 11.36400567581695498 ) ) ;
#3550 = VERTEX_POINT ( 'NONE', #2502 ) ;
#3551 = AXIS2_PLACEMENT_3D ( 'NONE', #2627, #3958, #3611 ) ;
#3552 = CARTESIAN_POINT ( 'NONE',  ( -16.00000000000027356, 1.399999999999986589, 19.39999999999975699 ) ) ;
#3553 = B_SPLINE_CURVE_WITH_KNOTS ( 'NONE', 3,
 ( #4083, #4043, #1803, #543 ),
 .UNSPECIFIED., .F., .F.,
 ( 4, 4 ),
 ( 0.000000000000000000, 0.0007847638998486019439 ),
 .UNSPECIFIED. ) ;
#3554 = DIRECTION ( 'NONE',  ( 0.000000000000000000, 1.000000000000000000, 0.000000000000000000 ) ) ;
#3555 = LINE ( 'NONE', #1010, #3130 ) ;
#3556 = ORIENTED_EDGE ( 'NONE', *, *, #2596, .F. ) ;
#3557 = VECTOR ( 'NONE', #2499, 1000.000000000000000 ) ;
#3558 = EDGE_CURVE ( 'NONE', #2481, #4018, #1231, .T. ) ;
#3559 = CARTESIAN_POINT ( 'NONE',  ( -19.00000000000027711, 0.000000000000000000, -18.00000000000026645 ) ) ;
#3560 = CARTESIAN_POINT ( 'NONE',  ( -14.00000000000027178, 8.000000000000000000, 19.39999999999977121 ) ) ;
#3561 = ORIENTED_EDGE ( 'NONE', *, *, #927, .F. ) ;
#3562 = VERTEX_POINT ( 'NONE', #3820 ) ;
#3563 = EDGE_CURVE ( 'NONE', #3061, #3005, #1910, .T. ) ;
#3564 = FACE_OUTER_BOUND ( 'NONE', #249, .T. ) ;
#3565 = DIRECTION ( 'NONE',  ( -0.000000000000000000, -0.000000000000000000, -1.000000000000000000 ) ) ;
#3566 = PLANE ( 'NONE',  #1550 ) ;
#3567 = ORIENTED_EDGE ( 'NONE', *, *, #3603, .T. ) ;
#3568 = ORIENTED_EDGE ( 'NONE', *, *, #1470, .T. ) ;
#3569 = MECHANICAL_CONTEXT ( 'NONE', #460, 'mechanical' ) ;
#3570 = CARTESIAN_POINT ( 'NONE',  ( -3.062355534902891030, 7.500000000000000000, -14.74248337494193173 ) ) ;
#3571 = CARTESIAN_POINT ( 'NONE',  ( -12.20000000000028351, 4.099999999999966782, 22.09999999999979181 ) ) ;
#3572 = CARTESIAN_POINT ( 'NONE',  ( 14.00000000000023803, 7.500000000000008882, -14.49248337494183581 ) ) ;
#3573 = ORIENTED_EDGE ( 'NONE', *, *, #1572, .F. ) ;
#3574 = EDGE_CURVE ( 'NONE', #1614, #3767, #1645, .T. ) ;
#3575 = DIRECTION ( 'NONE',  ( 0.5547001962252233742, 0.000000000000000000, 0.8320502943378474958 ) ) ;
#3576 = FACE_OUTER_BOUND ( 'NONE', #3101, .T. ) ;
#3577 = DIRECTION ( 'NONE',  ( -0.4264014327112173319, -0.6396021490668295506, -0.6396021490668355458 ) ) ;
#3578 = ADVANCED_FACE ( 'NONE', ( #911 ), #1828, .T. ) ;
#3579 = ORIENTED_EDGE ( 'NONE', *, *, #352, .T. ) ;
#3580 = CARTESIAN_POINT ( 'NONE',  ( 18.50000000000024158, 0.4999999999999962252, -14.89248337494178642 ) ) ;
#3581 = CARTESIAN_POINT ( 'NONE',  ( -3.089259829119846756, -8.131516293641283255E-16, -14.24320774069498796 ) ) ;
#3582 = ORIENTED_EDGE ( 'NONE', *, *, #2880, .F. ) ;
#3583 = ORIENTED_EDGE ( 'NONE', *, *, #1699, .F. ) ;
#3584 = AXIS2_PLACEMENT_3D ( 'NONE', #1948, #2282, #1652 ) ;
#3585 = CARTESIAN_POINT ( 'NONE',  ( 13.00000000000025935, 8.000000000000000000, -17.89999999999977831 ) ) ;
#3586 = CARTESIAN_POINT ( 'NONE',  ( -19.00000000000025580, 7.499999999999993783, 17.89999999999973568 ) ) ;
#3587 = CARTESIAN_POINT ( 'NONE',  ( -15.25876562139311687, 6.764846845347303628, 15.56804250320747052 ) ) ;
#3588 = ORIENTED_EDGE ( 'NONE', *, *, #2966, .T. ) ;
#3589 = EDGE_CURVE ( 'NONE', #468, #2483, #1506, .T. ) ;
#3590 = DATE_TIME_ROLE ( 'creation_date' ) ;
#3591 = FACE_OUTER_BOUND ( 'NONE', #1968, .T. ) ;
#3592 = VECTOR ( 'NONE', #858, 1000.000000000000000 ) ;
#3593 = CARTESIAN_POINT ( 'NONE',  ( 14.00000000000022737, 7.500000000000000000, -12.99248337494180916 ) ) ;
#3594 = CARTESIAN_POINT ( 'NONE',  ( -10.24999999999990230, -8.131516293641283255E-16, -13.59248337494199532 ) ) ;
#3595 = ORIENTED_EDGE ( 'NONE', *, *, #3468, .T. ) ;
#3596 = AXIS2_PLACEMENT_3D ( 'NONE', #1396, #1418, #2710 ) ;
#3597 = EDGE_CURVE ( 'NONE', #2334, #4057, #2597, .T. ) ;
#3598 = CARTESIAN_POINT ( 'NONE',  ( 0.000000000000000000, 46.00000000000000000, 0.000000000000000000 ) ) ;
#3599 = APPROVAL ( #67, 'UNSPECIFIED' ) ;
#3600 = VECTOR ( 'NONE', #3100, 1000.000000000000000 ) ;
#3601 = FACE_OUTER_BOUND ( 'NONE', #2934, .T. ) ;
#3602 = ORIENTED_EDGE ( 'NONE', *, *, #2745, .F. ) ;
#3603 = EDGE_CURVE ( 'NONE', #3026, #3005, #1293, .T. ) ;
#3604 = DIRECTION ( 'NONE',  ( 0.8320502943378403904, 0.000000000000000000, 0.5547001962252341434 ) ) ;
#3605 = FACE_OUTER_BOUND ( 'NONE', #4098, .T. ) ;
#3606 = ORIENTED_EDGE ( 'NONE', *, *, #3134, .F. ) ;
#3607 = ORIENTED_EDGE ( 'NONE', *, *, #2039, .F. ) ;
#3608 = CARTESIAN_POINT ( 'NONE',  ( -18.00000000000027711, 1.400000000000000133, 19.39999999999974278 ) ) ;
#3609 = CARTESIAN_POINT ( 'NONE',  ( 13.00000000000025935, 0.000000000000000000, -17.89999999999977831 ) ) ;
#3610 = VERTEX_POINT ( 'NONE', #3580 ) ;
#3611 = DIRECTION ( 'NONE',  ( -0.9975007203633288189, 0.000000000000000000, -0.07065630102574080307 ) ) ;
#3612 = CARTESIAN_POINT ( 'NONE',  ( -3.035398026413988148, 8.000000000000000000, -15.24274653144697744 ) ) ;
#3613 = ADVANCED_FACE ( 'NONE', ( #697 ), #3272, .F. ) ;
#3614 = PLANE ( 'NONE',  #2295 ) ;
#3615 = VERTEX_POINT ( 'NONE', #3207 ) ;
#3616 = DIRECTION ( 'NONE',  ( 0.000000000000000000, 0.000000000000000000, 1.000000000000000000 ) ) ;
#3617 = CARTESIAN_POINT ( 'NONE',  ( -3.035398026413988148, 0.000000000000000000, -15.24274653144697744 ) ) ;
#3618 = CARTESIAN_POINT ( 'NONE',  ( 0.5000000000000000000, 8.000000000000000000, -14.55051994864538223 ) ) ;
#3619 = ADVANCED_FACE ( 'NONE', ( #315 ), #1678, .T. ) ;
#3620 = ORIENTED_EDGE ( 'NONE', *, *, #1182, .T. ) ;
#3621 = DIRECTION ( 'NONE',  ( 0.5773502691896240657, 0.5773502691896231775, 0.5773502691896300609 ) ) ;
#3622 = LINE ( 'NONE', #106, #2264 ) ;
#3623 = ORIENTED_EDGE ( 'NONE', *, *, #4053, .T. ) ;
#3624 = ORIENTED_EDGE ( 'NONE', *, *, #1096, .F. ) ;
#3625 = VECTOR ( 'NONE', #2894, 1000.000000000000114 ) ;
#3626 = EDGE_CURVE ( 'NONE', #3827, #1765, #358, .T. ) ;
#3627 = EDGE_CURVE ( 'NONE', #429, #2481, #2931, .T. ) ;
#3628 = LINE ( 'NONE', #2979, #740 ) ;
#3629 = VECTOR ( 'NONE', #1682, 1000.000000000000114 ) ;
#3630 = CARTESIAN_POINT ( 'NONE',  ( 0.000000000000000000, 7.000000000000000000, 0.000000000000000000 ) ) ;
#3631 = ORIENTED_EDGE ( 'NONE', *, *, #2821, .T. ) ;
#3632 = ORIENTED_EDGE ( 'NONE', *, *, #3766, .T. ) ;
#3633 = ADVANCED_FACE ( 'NONE', ( #3924 ), #2577, .F. ) ;
#3634 = CARTESIAN_POINT ( 'NONE',  ( -19.00000000000078515, 0.000000000000000000, 17.99999999999972999 ) ) ;
#3635 = DIRECTION ( 'NONE',  ( 0.000000000000000000, -1.000000000000000000, 0.000000000000000000 ) ) ;
#3636 = DIRECTION ( 'NONE',  ( 0.9985512684938866457, 0.000000000000000000, 0.05380858843391072427 ) ) ;
#3637 = ORIENTED_EDGE ( 'NONE', *, *, #2039, .T. ) ;
#3638 = CARTESIAN_POINT ( 'NONE',  ( -19.00000000000078515, 0.000000000000000000, 17.99999999999972999 ) ) ;
#3639 = EDGE_CURVE ( 'NONE', #2271, #3241, #1612, .T. ) ;
#3640 = DIRECTION ( 'NONE',  ( 0.7071067811865401342, 9.614813431917817849E-17, 0.7071067811865549002 ) ) ;
#3641 = CARTESIAN_POINT ( 'NONE',  ( 19.00000000000022027, 7.500000000000008882, -13.59248337494178571 ) ) ;
#3642 = ORIENTED_EDGE ( 'NONE', *, *, #2752, .T. ) ;
#3643 = EDGE_CURVE ( 'NONE', #429, #3337, #2288, .T. ) ;
#3644 = EDGE_CURVE ( 'NONE', #1216, #2680, #3707, .T. ) ;
#3645 = DIRECTION ( 'NONE',  ( 0.5547001962252233742, 0.000000000000000000, 0.8320502943378474958 ) ) ;
#3646 = DIRECTION ( 'NONE',  ( 0.000000000000000000, -1.000000000000000000, 0.000000000000000000 ) ) ;
#3647 = ORIENTED_EDGE ( 'NONE', *, *, #2590, .F. ) ;
#3648 = ORIENTED_EDGE ( 'NONE', *, *, #1217, .F. ) ;
#3649 = EDGE_CURVE ( 'NONE', #3435, #1244, #2973, .T. ) ;
#3650 = CARTESIAN_POINT ( 'NONE',  ( 15.56975001412659587, 7.663055699907825868, -15.05553907484963005 ) ) ;
#3651 = FACE_OUTER_BOUND ( 'NONE', #3379, .T. ) ;
#3652 = EDGE_LOOP ( 'NONE', ( #932, #2238, #3362, #1896 ) ) ;
#3653 = VECTOR ( 'NONE', #3019, 1000.000000000000000 ) ;
#3654 = ORIENTED_EDGE ( 'NONE', *, *, #813, .T. ) ;
#3655 = DIRECTION ( 'NONE',  ( -0.000000000000000000, -1.000000000000000000, -0.000000000000000000 ) ) ;
#3656 = AXIS2_PLACEMENT_3D ( 'NONE', #3769, #1860, #2856 ) ;
#3657 = CARTESIAN_POINT ( 'NONE',  ( -3.000000000000065281, 7.500000000000008882, -18.74999999999988987 ) ) ;
#3658 = AXIS2_PLACEMENT_3D ( 'NONE', #3520, #3479, #2913 ) ;
#3659 = DIRECTION ( 'NONE',  ( 0.000000000000000000, 0.000000000000000000, 1.000000000000000000 ) ) ;
#3660 = ORIENTED_EDGE ( 'NONE', *, *, #1767, .T. ) ;
#3661 = DIRECTION ( 'NONE',  ( 0.000000000000000000, -1.000000000000000000, 0.000000000000000000 ) ) ;
#3662 = LINE ( 'NONE', #3326, #3666 ) ;
#3663 = CARTESIAN_POINT ( 'NONE',  ( 1.316495309083404815E-15, -8.131516293641283255E-16, 10.75000000000000000 ) ) ;
#3664 = ORIENTED_EDGE ( 'NONE', *, *, #3753, .T. ) ;
#3665 = VECTOR ( 'NONE', #2986, 1000.000000000000000 ) ;
#3666 = VECTOR ( 'NONE', #2344, 1000.000000000000000 ) ;
#3667 = CIRCLE ( 'NONE', #1180, 10.24999999999999467 ) ;
#3668 = CARTESIAN_POINT ( 'NONE',  ( 19.00000000000023803, 0.4999999999999961142, -14.89248337494178287 ) ) ;
#3669 = CARTESIAN_POINT ( 'NONE',  ( -14.00000000000028422, 7.500000000000000000, 14.49248337494178784 ) ) ;
#3670 = EDGE_CURVE ( 'NONE', #1692, #2765, #1058, .T. ) ;
#3671 = EDGE_LOOP ( 'NONE', ( #2368, #2863, #2575, #4093 ) ) ;
#3672 = EDGE_LOOP ( 'NONE', ( #1723, #1291, #491, #3166, #749, #2630, #3169, #2022 ) ) ;
#3673 = DATE_AND_TIME ( #2897, #2016 ) ;
#3674 = CARTESIAN_POINT ( 'NONE',  ( 2.964671849486885780, 8.000000000000000000, 16.24123373512359692 ) ) ;
#3675 = FACE_OUTER_BOUND ( 'NONE', #2115, .T. ) ;
#3676 = ORIENTED_EDGE ( 'NONE', *, *, #2105, .F. ) ;
#3677 = ORIENTED_EDGE ( 'NONE', *, *, #1651, .F. ) ;
#3678 = ADVANCED_FACE ( 'NONE', ( #1632 ), #403, .T. ) ;
#3679 = DIRECTION ( 'NONE',  ( 0.9985512684938866457, 0.000000000000000000, 0.05380858843391072427 ) ) ;
#3680 = CARTESIAN_POINT ( 'NONE',  ( 15.44568322948032169, 7.500000000000000000, -14.09248337494180703 ) ) ;
#3681 = CARTESIAN_POINT ( 'NONE',  ( 9.005639815874461718, 0.3405586464622898379, -15.05192472847955898 ) ) ;
#3682 = ORIENTED_EDGE ( 'NONE', *, *, #824, .T. ) ;
#3683 = EDGE_CURVE ( 'NONE', #938, #2090, #2658, .T. ) ;
#3684 = CARTESIAN_POINT ( 'NONE',  ( -2.964671849486888000, 8.000000000000000000, -16.24123373512358981 ) ) ;
#3685 = DIRECTION ( 'NONE',  ( 5.767959723060150017E-15, 0.000000000000000000, -1.000000000000000000 ) ) ;
#3686 = CARTESIAN_POINT ( 'NONE',  ( -14.00000000000028422, 7.499999999999993783, 14.49248337494178784 ) ) ;
#3687 = VERTEX_POINT ( 'NONE', #2615 ) ;
#3688 = ADVANCED_FACE ( 'NONE', ( #3948 ), #1359, .T. ) ;
#3689 = DIRECTION ( 'NONE',  ( 1.000000000000000000, 0.000000000000000000, 6.938893903907227589E-15 ) ) ;
#3690 = LINE ( 'NONE', #2104, #2136 ) ;
#3691 = ORIENTED_EDGE ( 'NONE', *, *, #1708, .T. ) ;
#3692 = AXIS2_PLACEMENT_3D ( 'NONE', #1668, #1756, #68 ) ;
#3693 = CARTESIAN_POINT ( 'NONE',  ( 1.255262969126036452E-15, 46.00000000000000000, -10.24999999999999467 ) ) ;
#3694 = CARTESIAN_POINT ( 'NONE',  ( -19.00000000000078515, 0.000000000000000000, 17.99999999999972999 ) ) ;
#3695 = VECTOR ( 'NONE', #1197, 1000.000000000000000 ) ;
#3696 = VERTEX_POINT ( 'NONE', #2308 ) ;
#3697 = ORIENTED_EDGE ( 'NONE', *, *, #557, .F. ) ;
#3698 = ADVANCED_FACE ( 'NONE', ( #632 ), #60, .T. ) ;
#3699 = VECTOR ( 'NONE', #2663, 1000.000000000000000 ) ;
#3700 = FACE_OUTER_BOUND ( 'NONE', #608, .T. ) ;
#3701 = ADVANCED_BREP_SHAPE_REPRESENTATION ( 'MB_printer_feet_elastomer_base_universal_v1', ( #1749, #2345 ), #4085 ) ;
#3702 = LINE ( 'NONE', #1419, #259 ) ;
#3703 = ORIENTED_EDGE ( 'NONE', *, *, #3737, .F. ) ;
#3704 = PLANE ( 'NONE',  #2718 ) ;
#3705 = CARTESIAN_POINT ( 'NONE',  ( 18.99999999999976197, 8.000000000000000000, 18.75000000000013145 ) ) ;
#3706 = FACE_OUTER_BOUND ( 'NONE', #788, .T. ) ;
#3707 = B_SPLINE_CURVE_WITH_KNOTS ( 'NONE', 3,
 ( #722, #3537, #2954, #18 ),
 .UNSPECIFIED., .F., .F.,
 ( 4, 4 ),
 ( 0.000000000000000000, 0.0007847638998485945714 ),
 .UNSPECIFIED. ) ;
#3708 = LINE ( 'NONE', #545, #844 ) ;
#3709 = LINE ( 'NONE', #2103, #3728 ) ;
#3710 = CARTESIAN_POINT ( 'NONE',  ( 12.55431677052014372, 7.500000000000000000, -14.89248337494182728 ) ) ;
#3711 = EDGE_CURVE ( 'NONE', #978, #2271, #105, .T. ) ;
#3712 = ORIENTED_EDGE ( 'NONE', *, *, #3140, .T. ) ;
#3713 = PRODUCT_DEFINITION_SHAPE ( 'NONE', 'NONE',  #3837 ) ;
#3714 = CARTESIAN_POINT ( 'NONE',  ( -0.5000000000000001110, 7.333332062130640594, -11.48912613229048318 ) ) ;
#3715 = ORIENTED_EDGE ( 'NONE', *, *, #2167, .T. ) ;
#3716 = EDGE_LOOP ( 'NONE', ( #1225, #3436, #3376 ) ) ;
#3717 = CARTESIAN_POINT ( 'NONE',  ( -9.000000000000238032, 0.4999999999999891753, 14.89248337494185037 ) ) ;
#3718 = CARTESIAN_POINT ( 'NONE',  ( -12.00000000000027178, 1.399999999999957501, 19.39999999999978542 ) ) ;
#3719 = VECTOR ( 'NONE', #1253, 1000.000000000000000 ) ;
#3720 = CARTESIAN_POINT ( 'NONE',  ( 19.00000000000022027, 8.000000000000000000, -13.59248337494178571 ) ) ;
#3721 = EDGE_CURVE ( 'NONE', #1386, #915, #1405, .T. ) ;
#3722 = ORIENTED_EDGE ( 'NONE', *, *, #1407, .F. ) ;
#3723 = VECTOR ( 'NONE', #3036, 1000.000000000000000 ) ;
#3724 = DIRECTION ( 'NONE',  ( -9.262558205390925453E-15, -0.7071067811865476838, 0.7071067811865474617 ) ) ;
#3725 = CARTESIAN_POINT ( 'NONE',  ( 19.00000000000022027, 0.4999999999999892863, -13.59248337494178571 ) ) ;
#3726 = CARTESIAN_POINT ( 'NONE',  ( -18.50000000000012790, -8.131516293641283255E-16, -5.710280125829635851E-14 ) ) ;
#3727 = VECTOR ( 'NONE', #1912, 999.9999999999998863 ) ;
#3728 = VECTOR ( 'NONE', #3276, 1000.000000000000114 ) ;
#3729 = ADVANCED_FACE ( 'NONE', ( #420 ), #154, .F. ) ;
#3730 = DIRECTION ( 'NONE',  ( 0.5547001962252233742, 0.000000000000000000, 0.8320502943378474958 ) ) ;
#3731 = DIRECTION ( 'NONE',  ( 0.000000000000000000, 1.000000000000000000, 0.000000000000000000 ) ) ;
#3732 = VECTOR ( 'NONE', #849, 1000.000000000000000 ) ;
#3733 = DIRECTION ( 'NONE',  ( -1.309923543633404294E-14, 0.000000000000000000, 1.000000000000000000 ) ) ;
#3734 = EDGE_LOOP ( 'NONE', ( #256, #2701, #2696 ) ) ;
#3735 = VECTOR ( 'NONE', #2637, 1000.000000000000000 ) ;
#3736 = VECTOR ( 'NONE', #2181, 1000.000000000000114 ) ;
#3737 = EDGE_CURVE ( 'NONE', #2731, #696, #3989, .T. ) ;
#3738 = VECTOR ( 'NONE', #1286, 1000.000000000000000 ) ;
#3739 = DIRECTION ( 'NONE',  ( -0.7071067811865487940, 0.7071067811865463515, -1.000953870582563285E-14 ) ) ;
#3740 = CIRCLE ( 'NONE', #2469, 10.24999999999999467 ) ;
#3741 = FACE_OUTER_BOUND ( 'NONE', #2600, .T. ) ;
#3742 = ORIENTED_EDGE ( 'NONE', *, *, #1203, .F. ) ;
#3743 = ORIENTED_EDGE ( 'NONE', *, *, #2635, .F. ) ;
#3744 =( BOUNDED_CURVE ( )  B_SPLINE_CURVE ( 3, ( #375, #671, #2304, #1375 ),
 .UNSPECIFIED., .F., .F. ) 
 B_SPLINE_CURVE_WITH_KNOTS ( ( 4, 4 ),
 ( 0.000000000000000000, 1.300863530961479775 ),
 .UNSPECIFIED. ) 
 CURVE ( )  GEOMETRIC_REPRESENTATION_ITEM ( )  RATIONAL_B_SPLINE_CURVE ( ( 1.000000000000000000, 0.8638816171694836399, 0.8638816171694836399, 1.000000000000000000 ) ) 
 REPRESENTATION_ITEM ( '' )  );
#3745 = DIRECTION ( 'NONE',  ( 0.000000000000000000, -1.000000000000000000, 0.000000000000000000 ) ) ;
#3746 = DIRECTION ( 'NONE',  ( 0.000000000000000000, -0.7071067811865402453, -0.7071067811865549002 ) ) ;
#3747 = ORIENTED_EDGE ( 'NONE', *, *, #384, .F. ) ;
#3748 = FACE_OUTER_BOUND ( 'NONE', #3068, .T. ) ;
#3749 = PLANE ( 'NONE',  #2221 ) ;
#3750 = EDGE_CURVE ( 'NONE', #512, #856, #1847, .T. ) ;
#3751 = LINE ( 'NONE', #2800, #627 ) ;
#3752 = ORIENTED_EDGE ( 'NONE', *, *, #1149, .F. ) ;
#3753 = EDGE_CURVE ( 'NONE', #3803, #512, #3333, .T. ) ;
#3754 = CARTESIAN_POINT ( 'NONE',  ( -12.31846340716190369, 7.830291261162448890, 13.76219211377938834 ) ) ;
#3755 = DIRECTION ( 'NONE',  ( 0.000000000000000000, -1.000000000000000000, 0.000000000000000000 ) ) ;
#3756 = DIRECTION ( 'NONE',  ( 0.000000000000000000, -1.000000000000000000, 0.000000000000000000 ) ) ;
#3757 = ORIENTED_EDGE ( 'NONE', *, *, #1459, .T. ) ;
#3758 = DIRECTION ( 'NONE',  ( 1.000000000000000000, 0.000000000000000000, 1.517883041479734607E-14 ) ) ;
#3759 = DIRECTION ( 'NONE',  ( 1.415562539087702249E-14, 0.000000000000000000, -1.000000000000000000 ) ) ;
#3760 = ORIENTED_EDGE ( 'NONE', *, *, #3001, .T. ) ;
#3761 = VECTOR ( 'NONE', #3770, 1000.000000000000114 ) ;
#3762 = EDGE_CURVE ( 'NONE', #1765, #696, #1103, .T. ) ;
#3763 = ORIENTED_EDGE ( 'NONE', *, *, #2554, .F. ) ;
#3764 = CARTESIAN_POINT ( 'NONE',  ( 0.4999999999999998890, 8.000000000000000000, -14.60440660437519256 ) ) ;
#3765 = FACE_OUTER_BOUND ( 'NONE', #1788, .T. ) ;
#3766 = EDGE_CURVE ( 'NONE', #1509, #2731, #759, .T. ) ;
#3767 = VERTEX_POINT ( 'NONE', #36 ) ;
#3768 = AXIS2_PLACEMENT_3D ( 'NONE', #899, #1173, #3404 ) ;
#3769 = CARTESIAN_POINT ( 'NONE',  ( 18.99999999999976907, 8.000000000000000000, 18.25000000000014211 ) ) ;
#3770 = DIRECTION ( 'NONE',  ( -0.000000000000000000, 0.7071067811865474617, -0.7071067811865474617 ) ) ;
#3771 = PLANE ( 'NONE',  #2988 ) ;
#3772 = ORIENTED_EDGE ( 'NONE', *, *, #2389, .F. ) ;
#3773 = EDGE_CURVE ( 'NONE', #2957, #2, #1355, .T. ) ;
#3774 = PLANE ( 'NONE',  #2797 ) ;
#3775 = CARTESIAN_POINT ( 'NONE',  ( -3.062355534902891030, 0.4999999999999961142, -14.74248337494193173 ) ) ;
#3776 = CARTESIAN_POINT ( 'NONE',  ( -19.00000000000023448, 7.499999999999993783, 14.89248337494178109 ) ) ;
#3777 = ADVANCED_FACE ( 'NONE', ( #3878 ), #717, .F. ) ;
#3778 = EDGE_LOOP ( 'NONE', ( #3439, #304, #2434, #3752 ) ) ;
#3779 = ADVANCED_FACE ( 'NONE', ( #2924 ), #2903, .F. ) ;
#3780 = CARTESIAN_POINT ( 'NONE',  ( -2.964671849486888000, 8.000000000000000000, -16.24123373512358981 ) ) ;
#3781 = CARTESIAN_POINT ( 'NONE',  ( -10.95962741758639325, 8.000000000000000000, -14.66731552940186134 ) ) ;
#3782 = DIRECTION ( 'NONE',  ( -0.4186630288886287188, 0.6560061903563546570, 0.6279945433329348070 ) ) ;
#3783 = EDGE_LOOP ( 'NONE', ( #2565, #193, #2310, #1319, #1446 ) ) ;
#3784 = VERTEX_POINT ( 'NONE', #3222 ) ;
#3785 = ADVANCED_FACE ( 'NONE', ( #9 ), #828, .F. ) ;
#3786 = LINE ( 'NONE', #1939, #1922 ) ;
#3787 = DIRECTION ( 'NONE',  ( -0.5547001962252233742, 0.000000000000000000, -0.8320502943378474958 ) ) ;
#3788 = ORIENTED_EDGE ( 'NONE', *, *, #1137, .F. ) ;
#3789 = LINE ( 'NONE', #3442, #2387 ) ;
#3790 = DIRECTION ( 'NONE',  ( 0.000000000000000000, 0.000000000000000000, 1.000000000000000000 ) ) ;
#3791 = CARTESIAN_POINT ( 'NONE',  ( -0.5000000000000001110, 7.000000000000000000, 11.36400567581695498 ) ) ;
#3792 = VERTEX_POINT ( 'NONE', #3552 ) ;
#3793 = CIRCLE ( 'NONE', #2447, 2.000000000000000000 ) ;
#3794 = DIRECTION ( 'NONE',  ( 0.000000000000000000, 0.7071067811865476838, 0.7071067811865474617 ) ) ;
#3795 = CARTESIAN_POINT ( 'NONE',  ( -18.49999999999981526, 0.7499999999996723732, -18.74999999999993250 ) ) ;
#3796 = VERTEX_POINT ( 'NONE', #2631 ) ;
#3797 = VECTOR ( 'NONE', #3131, 999.9999999999998863 ) ;
#3798 = EDGE_CURVE ( 'NONE', #3492, #578, #1310, .T. ) ;
#3799 = CARTESIAN_POINT ( 'NONE',  ( -11.20909090909121097, 3.213636363636345639, 21.21363636363618355 ) ) ;
#3800 = PLANE ( 'NONE',  #503 ) ;
#3801 = VECTOR ( 'NONE', #3008, 1000.000000000000000 ) ;
#3802 = DIRECTION ( 'NONE',  ( -0.5773502691896317263, -0.5773502691896258421, 0.5773502691896197359 ) ) ;
#3803 = VERTEX_POINT ( 'NONE', #1331 ) ;
#3804 = ORIENTED_EDGE ( 'NONE', *, *, #3879, .T. ) ;
#3805 = VECTOR ( 'NONE', #3971, 1000.000000000000114 ) ;
#3806 = VECTOR ( 'NONE', #606, 1000.000000000000000 ) ;
#3807 = CARTESIAN_POINT ( 'NONE',  ( 3.035398026413986372, -8.131516293641283255E-16, 15.24274653144697744 ) ) ;
#3808 = FACE_OUTER_BOUND ( 'NONE', #471, .T. ) ;
#3809 = ORIENTED_EDGE ( 'NONE', *, *, #1708, .F. ) ;
#3810 = CARTESIAN_POINT ( 'NONE',  ( 3.035398026413986372, 7.499999999999992895, 15.24274653144697744 ) ) ;
#3811 = CARTESIAN_POINT ( 'NONE',  ( -0.5000000000000000000, 8.000000000000000000, 14.55051994864538045 ) ) ;
#3812 = PLANE ( 'NONE',  #1998 ) ;
#3813 = VERTEX_POINT ( 'NONE', #2611 ) ;
#3814 = ADVANCED_FACE ( 'NONE', ( #3900 ), #3306, .F. ) ;
#3815 = CARTESIAN_POINT ( 'NONE',  ( -14.00000000000028422, 7.500000000000000000, 14.49248337494178784 ) ) ;
#3816 = CARTESIAN_POINT ( 'NONE',  ( -19.00000000000027711, 0.000000000000000000, -18.00000000000026645 ) ) ;
#3817 = EDGE_CURVE ( 'NONE', #2393, #3813, #3450, .T. ) ;
#3818 = ORIENTED_EDGE ( 'NONE', *, *, #2672, .F. ) ;
#3819 = ORGANIZATION ( 'UNSPECIFIED', 'UNSPECIFIED', '' ) ;
#3820 = CARTESIAN_POINT ( 'NONE',  ( 9.000000000000236255, 7.500000000000000888, -14.89248337494185215 ) ) ;
#3821 = CARTESIAN_POINT ( 'NONE',  ( 0.000000000000000000, 7.000000000000000000, 11.37499999999999645 ) ) ;
#3822 = CARTESIAN_POINT ( 'NONE',  ( 1.255262969126036452E-15, 4.000000000000003553, -10.24999999999999467 ) ) ;
#3823 = ORIENTED_EDGE ( 'NONE', *, *, #523, .T. ) ;
#3824 = ORIENTED_EDGE ( 'NONE', *, *, #3245, .T. ) ;
#3825 = DIRECTION ( 'NONE',  ( 0.000000000000000000, 0.000000000000000000, -1.000000000000000000 ) ) ;
#3826 = CARTESIAN_POINT ( 'NONE',  ( 18.50000000000024158, 0.4999999999999963363, -14.89248337494178642 ) ) ;
#3827 = VERTEX_POINT ( 'NONE', #1715 ) ;
#3828 = EDGE_CURVE ( 'NONE', #2062, #2334, #3744, .T. ) ;
#3829 = CARTESIAN_POINT ( 'NONE',  ( 9.000000000000230926, 5.594744111674231135, -14.09248337494185144 ) ) ;
#3830 = EDGE_CURVE ( 'NONE', #2214, #20, #1970, .T. ) ;
#3831 = DIRECTION ( 'NONE',  ( 1.000000000000000000, 0.000000000000000000, 6.938893903907229955E-15 ) ) ;
#3832 = CARTESIAN_POINT ( 'NONE',  ( 18.50000000000024158, 8.000000000000000000, -14.89248337494178642 ) ) ;
#3833 = ORIENTED_EDGE ( 'NONE', *, *, #922, .T. ) ;
#3834 = FACE_OUTER_BOUND ( 'NONE', #2058, .T. ) ;
#3835 = CIRCLE ( 'NONE', #196, 2.000000000000000000 ) ;
#3836 = LINE ( 'NONE', #1609, #779 ) ;
#3837 = PRODUCT_DEFINITION ( 'UNKNOWN', '', #1194, #2480 ) ;
#3838 = VERTEX_POINT ( 'NONE', #1992 ) ;
#3839 = ADVANCED_FACE ( 'NONE', ( #3266 ), #1052, .F. ) ;
#3840 = DIRECTION ( 'NONE',  ( -0.000000000000000000, 1.000000000000000000, -0.000000000000000000 ) ) ;
#3841 = CARTESIAN_POINT ( 'NONE',  ( 9.000000000000236255, 7.500000000000000888, -14.89248337494185215 ) ) ;
#3842 = CARTESIAN_POINT ( 'NONE',  ( -18.50000000000023093, -8.131516293641283255E-16, 13.59248337494179104 ) ) ;
#3843 = VERTEX_POINT ( 'NONE', #1031 ) ;
#3844 = ORIENTED_EDGE ( 'NONE', *, *, #2151, .T. ) ;
#3845 = CARTESIAN_POINT ( 'NONE',  ( 0.000000000000000000, 46.00000000000000000, 0.000000000000000000 ) ) ;
#3846 = CARTESIAN_POINT ( 'NONE',  ( -15.00000000000026112, 0.000000000000000000, 17.89999999999976410 ) ) ;
#3847 = ORIENTED_EDGE ( 'NONE', *, *, #1648, .T. ) ;
#3848 = APPLICATION_PROTOCOL_DEFINITION ( 'international standard', 'config_control_design', 1994, #460 ) ;
#3849 = DIRECTION ( 'NONE',  ( 0.000000000000000000, -1.000000000000000000, 0.000000000000000000 ) ) ;
#3850 = CARTESIAN_POINT ( 'NONE',  ( 3.062355534902889254, 0.4999999999999891753, 14.74248337494193173 ) ) ;
#3851 = EDGE_CURVE ( 'NONE', #2978, #1568, #2322, .T. ) ;
#3852 = CARTESIAN_POINT ( 'NONE',  ( 14.00000000000027001, 0.000000000000000000, -19.39999999999977121 ) ) ;
#3853 = AXIS2_PLACEMENT_3D ( 'NONE', #2773, #4062, #521 ) ;
#3854 = ORIENTED_EDGE ( 'NONE', *, *, #1958, .F. ) ;
#3855 = CARTESIAN_POINT ( 'NONE',  ( -10.93333333333355917, -8.673617379884035472E-16, 17.99999999999984368 ) ) ;
#3856 = CARTESIAN_POINT ( 'NONE',  ( 15.00000000000025935, 8.000000000000000000, -17.89999999999976765 ) ) ;
#3857 = AXIS2_PLACEMENT_3D ( 'NONE', #3860, #3247, #1036 ) ;
#3858 = VERTEX_POINT ( 'NONE', #2035 ) ;
#3859 = VECTOR ( 'NONE', #619, 1000.000000000000000 ) ;
#3860 = CARTESIAN_POINT ( 'NONE',  ( 3.062355534902889254, 7.500000000000008882, 14.74248337494193173 ) ) ;
#3861 = CARTESIAN_POINT ( 'NONE',  ( -9.017686176606954263, -8.131516293641283255E-16, 15.39248337494185748 ) ) ;
#3862 = ORIENTED_EDGE ( 'NONE', *, *, #773, .T. ) ;
#3863 = VERTEX_POINT ( 'NONE', #2364 ) ;
#3864 = AXIS2_PLACEMENT_3D ( 'NONE', #496, #2487, #2812 ) ;
#3865 = DIRECTION ( 'NONE',  ( -0.000000000000000000, 1.000000000000000000, -0.000000000000000000 ) ) ;
#3866 = CARTESIAN_POINT ( 'NONE',  ( 0.4999999999999998890, 8.000000000000000000, 11.73935688187389204 ) ) ;
#3867 = AXIS2_PLACEMENT_3D ( 'NONE', #1766, #3911, #3018 ) ;
#3868 = PLANE ( 'NONE',  #2162 ) ;
#3869 = ORIENTED_EDGE ( 'NONE', *, *, #3414, .F. ) ;
#3870 = VECTOR ( 'NONE', #2021, 1000.000000000000000 ) ;
#3871 = VECTOR ( 'NONE', #2448, 1000.000000000000000 ) ;
#3872 = APPLICATION_PROTOCOL_DEFINITION ( 'international standard', 'config_control_design', 1994, #2486 ) ;
#3873 = CARTESIAN_POINT ( 'NONE',  ( 9.000000000000230926, 7.500000000000008882, -14.09248337494185144 ) ) ;
#3874 = CARTESIAN_POINT ( 'NONE',  ( -15.44568322948038031, 5.594744111674231135, 14.09248337494180525 ) ) ;
#3875 = PLANE ( 'NONE',  #3396 ) ;
#3876 = ORIENTED_EDGE ( 'NONE', *, *, #1500, .T. ) ;
#3877 = ADVANCED_FACE ( 'NONE', ( #415 ), #2991, .T. ) ;
#3878 = FACE_OUTER_BOUND ( 'NONE', #1392, .T. ) ;
#3879 = EDGE_CURVE ( 'NONE', #293, #2210, #1801, .T. ) ;
#3880 = LINE ( 'NONE', #3176, #3806 ) ;
#3881 = DIRECTION ( 'NONE',  ( -0.000000000000000000, 1.000000000000000000, -0.000000000000000000 ) ) ;
#3882 = EDGE_LOOP ( 'NONE', ( #3186, #4154, #423, #2332 ) ) ;
#3883 = EDGE_CURVE ( 'NONE', #3393, #1680, #3075, .T. ) ;
#3884 = ADVANCED_FACE ( 'NONE', ( #2470 ), #1760, .F. ) ;
#3885 = DIRECTION ( 'NONE',  ( 0.4264014327112173319, -0.6396021490668295506, 0.6396021490668355458 ) ) ;
#3886 = LINE ( 'NONE', #676, #971 ) ;
#3887 = ORIENTED_EDGE ( 'NONE', *, *, #1862, .F. ) ;
#3888 = EDGE_LOOP ( 'NONE', ( #1132, #2129, #3987, #1169, #2201, #2421, #3010, #3070, #3361, #3294, #3104, #4036, #451, #3763, #1372, #2849, #3947, #2179, #299, #2102, #3991, #3743, #1908, #924, #40, #3664, #1977 ) ) ;
#3889 = DIRECTION ( 'NONE',  ( 1.000000000000000000, 0.000000000000000000, 6.938893903907229955E-15 ) ) ;
#3890 = DIRECTION ( 'NONE',  ( 0.000000000000000000, -1.000000000000000000, 0.000000000000000000 ) ) ;
#3891 = EDGE_CURVE ( 'NONE', #2680, #3562, #482, .T. ) ;
#3892 = DIRECTION ( 'NONE',  ( 0.8320502943378398353, 0.000000000000000000, 0.5547001962252349205 ) ) ;
#3893 = VERTEX_POINT ( 'NONE', #3983 ) ;
#3894 = PERSON_AND_ORGANIZATION ( #3491, #3819 ) ;
#3895 = CARTESIAN_POINT ( 'NONE',  ( 12.00000000000027001, 1.399999999999958389, -19.39999999999978542 ) ) ;
#3896 = CARTESIAN_POINT ( 'NONE',  ( -11.32870568631014052, -8.131516293641283255E-16, 15.22878615967119842 ) ) ;
#3897 = LINE ( 'NONE', #1543, #3738 ) ;
#3898 = VERTEX_POINT ( 'NONE', #464 ) ;
#3899 = VECTOR ( 'NONE', #3849, 1000.000000000000000 ) ;
#3900 = FACE_OUTER_BOUND ( 'NONE', #2247, .T. ) ;
#3901 = FACE_OUTER_BOUND ( 'NONE', #1713, .T. ) ;
#3902 = FACE_OUTER_BOUND ( 'NONE', #3368, .T. ) ;
#3903 = AXIS2_PLACEMENT_3D ( 'NONE', #2508, #954, #2276 ) ;
#3904 = VERTEX_POINT ( 'NONE', #1740 ) ;
#3905 = VECTOR ( 'NONE', #1109, 1000.000000000000000 ) ;
#3906 = CARTESIAN_POINT ( 'NONE',  ( 9.000000000000230926, 5.594744111674231135, -14.09248337494185144 ) ) ;
#3907 = CARTESIAN_POINT ( 'NONE',  ( -18.50000000000005329, -8.131516293641283255E-16, -1.080686923497566372E-13 ) ) ;
#3908 = EDGE_CURVE ( 'NONE', #1353, #678, #2751, .T. ) ;
#3909 = ORIENTED_EDGE ( 'NONE', *, *, #1337, .F. ) ;
#3910 = ORIENTED_EDGE ( 'NONE', *, *, #1275, .T. ) ;
#3911 = DIRECTION ( 'NONE',  ( 0.5773502691896181815, 0.5773502691896250649, 0.5773502691896341688 ) ) ;
#3912 = DIRECTION ( 'NONE',  ( -1.309923543633404294E-14, 0.000000000000000000, 1.000000000000000000 ) ) ;
#3913 = DIRECTION ( 'NONE',  ( -1.000000000000000000, 0.000000000000000000, -6.938893903907229955E-15 ) ) ;
#3914 = ORIENTED_EDGE ( 'NONE', *, *, #265, .F. ) ;
#3915 = PERSON_AND_ORGANIZATION ( #3491, #3819 ) ;
#3916 = PLANE ( 'NONE',  #2422 ) ;
#3917 = DIRECTION ( 'NONE',  ( 0.9975007203633288189, 0.000000000000000000, 0.07065630102574080307 ) ) ;
#3918 = CARTESIAN_POINT ( 'NONE',  ( 3.035398026413986372, 0.4999999999999891753, 15.24274653144697744 ) ) ;
#3919 = ORIENTED_EDGE ( 'NONE', *, *, #651, .F. ) ;
#3920 = CARTESIAN_POINT ( 'NONE',  ( -3.035398026413988148, 0.4999999999999961142, -15.24274653144697744 ) ) ;
#3921 = DIRECTION ( 'NONE',  ( 0.000000000000000000, -1.000000000000000000, 0.000000000000000000 ) ) ;
#3922 = CARTESIAN_POINT ( 'NONE',  ( 16.00000000000026645, 8.000000000000000000, -19.39999999999976055 ) ) ;
#3923 = ORIENTED_EDGE ( 'NONE', *, *, #1057, .T. ) ;
#3924 = FACE_OUTER_BOUND ( 'NONE', #2286, .T. ) ;
#3925 = CARTESIAN_POINT ( 'NONE',  ( -12.00000000000027001, 0.000000000000000000, 19.39999999999978542 ) ) ;
#3926 = EDGE_LOOP ( 'NONE', ( #374, #3114, #1779, #807, #1846 ) ) ;
#3927 = AXIS2_PLACEMENT_3D ( 'NONE', #3155, #1819, #1481 ) ;
#3928 = ORIENTED_EDGE ( 'NONE', *, *, #1229, .F. ) ;
#3929 = VECTOR ( 'NONE', #212, 1000.000000000000000 ) ;
#3930 = EDGE_CURVE ( 'NONE', #757, #1937, #1496, .T. ) ;
#3931 = DIRECTION ( 'NONE',  ( 0.000000000000000000, -1.000000000000000000, 0.000000000000000000 ) ) ;
#3932 = DIRECTION ( 'NONE',  ( -0.9975007203633288189, -0.000000000000000000, -0.07065630102574080307 ) ) ;
#3933 = AXIS2_PLACEMENT_3D ( 'NONE', #3807, #658, #1296 ) ;
#3934 = ORIENTED_EDGE ( 'NONE', *, *, #384, .T. ) ;
#3935 = CARTESIAN_POINT ( 'NONE',  ( 0.000000000000000000, 0.000000000000000000, 0.000000000000000000 ) ) ;
#3936 = CARTESIAN_POINT ( 'NONE',  ( -9.000000000000238032, 7.499999999999992895, 14.89248337494185037 ) ) ;
#3937 = DIRECTION ( 'NONE',  ( -0.4264014327112173319, -0.6396021490668295506, -0.6396021490668355458 ) ) ;
#3938 = DIRECTION ( 'NONE',  ( 0.4850712500726592213, -0.4850712500726633847, 0.7276068751090050135 ) ) ;
#3939 = ORIENTED_EDGE ( 'NONE', *, *, #459, .T. ) ;
#3940 = AXIS2_PLACEMENT_3D ( 'NONE', #1068, #2687, #2965 ) ;
#3941 = VECTOR ( 'NONE', #2949, 1000.000000000000000 ) ;
#3942 = CARTESIAN_POINT ( 'NONE',  ( 14.00000000000027001, 8.000000000000000000, -19.39999999999977121 ) ) ;
#3943 = DIRECTION ( 'NONE',  ( -0.9950200867388833137, -0.07048058947732852020, -0.07048058947734255064 ) ) ;
#3944 = VECTOR ( 'NONE', #3990, 1000.000000000000000 ) ;
#3945 = AXIS2_PLACEMENT_3D ( 'NONE', #3476, #297, #1272 ) ;
#3946 = ADVANCED_FACE ( 'NONE', ( #1817 ), #182, .F. ) ;
#3947 = ORIENTED_EDGE ( 'NONE', *, *, #1012, .F. ) ;
#3948 = FACE_OUTER_BOUND ( 'NONE', #2806, .T. ) ;
#3949 = CARTESIAN_POINT ( 'NONE',  ( -12.55431677052018102, 7.500000000000008882, 14.09248337494182479 ) ) ;
#3950 = EDGE_CURVE ( 'NONE', #1051, #744, #1095, .T. ) ;
#3951 = ORIENTED_EDGE ( 'NONE', *, *, #1640, .T. ) ;
#3952 = ORIENTED_EDGE ( 'NONE', *, *, #3891, .T. ) ;
#3953 = CARTESIAN_POINT ( 'NONE',  ( 1.347111479062087813E-15, 4.000000000000003553, -10.24999999999999467 ) ) ;
#3954 = CARTESIAN_POINT ( 'NONE',  ( 0.000000000000000000, 7.000000000000000000, 0.000000000000000000 ) ) ;
#3955 = ORIENTED_EDGE ( 'NONE', *, *, #1252, .T. ) ;
#3956 = ORIENTED_EDGE ( 'NONE', *, *, #3238, .F. ) ;
#3957 = ADVANCED_FACE ( 'NONE', ( #160 ), #2097, .F. ) ;
#3958 = DIRECTION ( 'NONE',  ( 0.07065630102574080307, 0.000000000000000000, -0.9975007203633288189 ) ) ;
#3959 = CYLINDRICAL_SURFACE ( 'NONE', #3940, 1.499999999999996225 ) ;
#3960 = DIRECTION ( 'NONE',  ( 1.000000000000000000, -0.000000000000000000, 1.415562539087702249E-14 ) ) ;
#3961 = EDGE_CURVE ( 'NONE', #485, #3540, #4004, .T. ) ;
#3962 = ORIENTED_EDGE ( 'NONE', *, *, #1373, .T. ) ;
#3963 = CARTESIAN_POINT ( 'NONE',  ( 18.99999999999976197, 7.500000000000008882, 18.75000000000013145 ) ) ;
#3964 = CARTESIAN_POINT ( 'NONE',  ( 3.000000000000063061, 7.500000000000008882, 18.74999999999988987 ) ) ;
#3965 = FACE_OUTER_BOUND ( 'NONE', #1193, .T. ) ;
#3966 = VECTOR ( 'NONE', #4139, 1000.000000000000114 ) ;
#3967 = ORIENTED_EDGE ( 'NONE', *, *, #3950, .F. ) ;
#3968 = EDGE_CURVE ( 'NONE', #2735, #1867, #1121, .T. ) ;
#3969 = CC_DESIGN_DATE_AND_TIME_ASSIGNMENT ( #2254, #3281, ( #2736 ) ) ;
#3970 = CARTESIAN_POINT ( 'NONE',  ( -14.00000000000028422, 8.000000000000000000, 14.49248337494178784 ) ) ;
#3971 = DIRECTION ( 'NONE',  ( -0.5547001962252227081, 0.000000000000000000, -0.8320502943378479399 ) ) ;
#3972 = VERTEX_POINT ( 'NONE', #1442 ) ;
#3973 = ORIENTED_EDGE ( 'NONE', *, *, #3401, .F. ) ;
#3974 = VECTOR ( 'NONE', #3132, 1000.000000000000000 ) ;
#3975 = CARTESIAN_POINT ( 'NONE',  ( 14.00000000000023803, 7.500000000000000888, -14.49248337494183581 ) ) ;
#3976 = CARTESIAN_POINT ( 'NONE',  ( -14.93333333333357693, 8.673617379884035472E-16, 17.99999999999979039 ) ) ;
#3977 = ORIENTED_EDGE ( 'NONE', *, *, #2739, .F. ) ;
#3978 = EDGE_LOOP ( 'NONE', ( #2224, #1061, #1563, #776, #175 ) ) ;
#3979 = CARTESIAN_POINT ( 'NONE',  ( -0.5000000000000001110, 8.000000000000000000, -14.60440660437519256 ) ) ;
#3980 = PLANE ( 'NONE',  #3195 ) ;
#3981 = DIRECTION ( 'NONE',  ( 0.5547001962252341434, 0.000000000000000000, -0.8320502943378402794 ) ) ;
#3982 = ORIENTED_EDGE ( 'NONE', *, *, #4008, .T. ) ;
#3983 = CARTESIAN_POINT ( 'NONE',  ( 18.76000000000026091, 0.2600000000000015632, -18.25999999999973511 ) ) ;
#3984 = EDGE_CURVE ( 'NONE', #3536, #3446, #1462, .T. ) ;
#3985 = DIRECTION ( 'NONE',  ( 1.000000000000000000, 0.000000000000000000, 6.938893903907227589E-15 ) ) ;
#3986 = LINE ( 'NONE', #1782, #2708 ) ;
#3987 = ORIENTED_EDGE ( 'NONE', *, *, #922, .F. ) ;
#3988 = CARTESIAN_POINT ( 'NONE',  ( -10.97667457025010052, -8.131516293641283255E-16, 13.48524157619783459 ) ) ;
#3989 = LINE ( 'NONE', #2348, #2519 ) ;
#3990 = DIRECTION ( 'NONE',  ( -1.415562539087702249E-14, 0.000000000000000000, 1.000000000000000000 ) ) ;
#3991 = ORIENTED_EDGE ( 'NONE', *, *, #726, .F. ) ;
#3992 = EDGE_LOOP ( 'NONE', ( #1083, #1739, #574, #2438 ) ) ;
#3993 = DIRECTION ( 'NONE',  ( -0.5547001962252349205, 0.000000000000000000, 0.8320502943378398353 ) ) ;
#3994 = CARTESIAN_POINT ( 'NONE',  ( 19.00000000000024158, 0.4999999999999961142, -15.39248337494178109 ) ) ;
#3995 = EDGE_LOOP ( 'NONE', ( #4041, #1978, #1793 ) ) ;
#3996 = EDGE_CURVE ( 'NONE', #2307, #2403, #2192, .T. ) ;
#3997 = VECTOR ( 'NONE', #3885, 1000.000000000000000 ) ;
#3998 = EDGE_LOOP ( 'NONE', ( #2572, #515, #2968, #1876 ) ) ;
#3999 = DIRECTION ( 'NONE',  ( 0.000000000000000000, 1.000000000000000000, 0.000000000000000000 ) ) ;
#4000 = VECTOR ( 'NONE', #3386, 1000.000000000000000 ) ;
#4001 = LINE ( 'NONE', #2033, #4035 ) ;
#4002 = EDGE_LOOP ( 'NONE', ( #1871, #2042, #3417, #518, #588, #498, #3962, #236 ) ) ;
#4003 = VECTOR ( 'NONE', #3679, 1000.000000000000114 ) ;
#4004 = LINE ( 'NONE', #3053, #425 ) ;
#4005 = DIRECTION ( 'NONE',  ( 6.938893903907229955E-15, 0.000000000000000000, -1.000000000000000000 ) ) ;
#4006 = DIRECTION ( 'NONE',  ( 0.000000000000000000, 0.000000000000000000, 1.000000000000000000 ) ) ;
#4007 = ORIENTED_EDGE ( 'NONE', *, *, #41, .F. ) ;
#4008 = EDGE_CURVE ( 'NONE', #3046, #1340, #2054, .T. ) ;
#4009 = VECTOR ( 'NONE', #941, 1000.000000000000000 ) ;
#4010 = VECTOR ( 'NONE', #2571, 1000.000000000000114 ) ;
#4011 = CARTESIAN_POINT ( 'NONE',  ( -19.00000000000022027, 0.4999999999999892863, 13.59248337494178749 ) ) ;
#4012 = B_SPLINE_CURVE_WITH_KNOTS ( 'NONE', 3,
 ( #190, #474, #3650, #3358 ),
 .UNSPECIFIED., .F., .F.,
 ( 4, 4 ),
 ( 0.000000000000000000, 0.0007847638998485940293 ),
 .UNSPECIFIED. ) ;
#4013 = LINE ( 'NONE', #488, #4133 ) ;
#4014 = EDGE_CURVE ( 'NONE', #2911, #4018, #1138, .T. ) ;
#4015 = ORIENTED_EDGE ( 'NONE', *, *, #2676, .F. ) ;
#4016 = CARTESIAN_POINT ( 'NONE',  ( 12.55431677052014727, 7.500000000000008882, -14.09248337494182657 ) ) ;
#4017 = DIRECTION ( 'NONE',  ( 0.000000000000000000, 1.000000000000000000, 0.000000000000000000 ) ) ;
#4018 = VERTEX_POINT ( 'NONE', #3011 ) ;
#4019 = ORIENTED_EDGE ( 'NONE', *, *, #2456, .F. ) ;
#4020 = CARTESIAN_POINT ( 'NONE',  ( -18.00000000000027356, 8.000000000000000000, 19.39999999999974278 ) ) ;
#4021 = ADVANCED_FACE ( 'NONE', ( #2428 ), #3704, .T. ) ;
#4022 = CARTESIAN_POINT ( 'NONE',  ( -18.49999999999981526, 8.000000000000000000, -18.24999999999994671 ) ) ;
#4023 = VERTEX_POINT ( 'NONE', #263 ) ;
#4024 = DIRECTION ( 'NONE',  ( -8.665048037403122968E-16, 0.000000000000000000, 1.000000000000000000 ) ) ;
#4025 = CARTESIAN_POINT ( 'NONE',  ( 14.00000000000023803, 7.500000000000000000, -14.49248337494183581 ) ) ;
#4026 = DIRECTION ( 'NONE',  ( -1.000000000000000000, 0.000000000000000000, -6.921551667672176707E-15 ) ) ;
#4027 = LINE ( 'NONE', #1145, #229 ) ;
#4028 = FACE_OUTER_BOUND ( 'NONE', #3400, .T. ) ;
#4029 = VERTEX_POINT ( 'NONE', #222 ) ;
#4030 = AXIS2_PLACEMENT_3D ( 'NONE', #4025, #2511, #3790 ) ;
#4031 = APPROVAL_DATE_TIME ( #2741, #3599 ) ;
#4032 = EDGE_CURVE ( 'NONE', #3250, #761, #1200, .T. ) ;
#4033 = DIRECTION ( 'NONE',  ( 4.835162291574492848E-15, -0.7071067811865482389, -0.7071067811865469066 ) ) ;
#4034 = ORIENTED_EDGE ( 'NONE', *, *, #530, .T. ) ;
#4035 = VECTOR ( 'NONE', #1397, 1000.000000000000000 ) ;
#4036 = ORIENTED_EDGE ( 'NONE', *, *, #486, .T. ) ;
#4037 = ORIENTED_EDGE ( 'NONE', *, *, #1648, .F. ) ;
#4038 = VECTOR ( 'NONE', #109, 1000.000000000000114 ) ;
#4039 = CARTESIAN_POINT ( 'NONE',  ( -18.00000000000027356, 8.000000000000000000, 19.39999999999974278 ) ) ;
#4040 = LINE ( 'NONE', #2442, #2225 ) ;
#4041 = ORIENTED_EDGE ( 'NONE', *, *, #1984, .T. ) ;
#4042 = CARTESIAN_POINT ( 'NONE',  ( 18.50000000000023448, 8.000000000000000000, -14.09248337494178571 ) ) ;
#4043 = CARTESIAN_POINT ( 'NONE',  ( -12.31846340716192856, 7.830291261162443561, 15.22277463610427439 ) ) ;
#4044 = EDGE_CURVE ( 'NONE', #2210, #1692, #1556, .T. ) ;
#4045 = CARTESIAN_POINT ( 'NONE',  ( 15.20909090909120209, 3.213636363636364734, -21.21363636363614802 ) ) ;
#4046 = CARTESIAN_POINT ( 'NONE',  ( 19.00000000000023803, 5.594744111674245346, -14.89248337494178287 ) ) ;
#4047 = LINE ( 'NONE', #209, #1183 ) ;
#4048 = ORIENTED_EDGE ( 'NONE', *, *, #773, .F. ) ;
#4049 = CARTESIAN_POINT ( 'NONE',  ( -17.20909090909120209, 3.213636363636370952, 21.21363636363612670 ) ) ;
#4050 = CARTESIAN_POINT ( 'NONE',  ( 18.99999999999976197, 7.500000000000008882, 18.75000000000013145 ) ) ;
#4051 = ORIENTED_EDGE ( 'NONE', *, *, #1885, .T. ) ;
#4052 = ORIENTED_EDGE ( 'NONE', *, *, #3597, .F. ) ;
#4053 = EDGE_CURVE ( 'NONE', #2770, #76, #1515, .T. ) ;
#4054 = FACE_OUTER_BOUND ( 'NONE', #3672, .T. ) ;
#4055 = VECTOR ( 'NONE', #2040, 1000.000000000000000 ) ;
#4056 = DIRECTION ( 'NONE',  ( 1.000000000000000000, 0.000000000000000000, 6.938893903907229955E-15 ) ) ;
#4057 = VERTEX_POINT ( 'NONE', #305 ) ;
#4058 = VECTOR ( 'NONE', #2771, 1000.000000000000000 ) ;
#4059 = DIRECTION ( 'NONE',  ( 0.7071067811865401342, -0.000000000000000000, 0.7071067811865549002 ) ) ;
#4060 = EDGE_CURVE ( 'NONE', #271, #2009, #2798, .T. ) ;
#4061 = DIRECTION ( 'NONE',  ( 0.000000000000000000, 0.000000000000000000, 1.000000000000000000 ) ) ;
#4062 = DIRECTION ( 'NONE',  ( 6.938893903907229955E-15, 0.000000000000000000, -1.000000000000000000 ) ) ;
#4063 = ORIENTED_EDGE ( 'NONE', *, *, #3950, .T. ) ;
#4064 = CARTESIAN_POINT ( 'NONE',  ( 11.00000000000025757, 8.000000000000000000, -17.89999999999979252 ) ) ;
#4065 = DIRECTION ( 'NONE',  ( -1.000000000000000000, 0.000000000000000000, -6.938893903907233111E-15 ) ) ;
#4066 = EDGE_CURVE ( 'NONE', #1686, #2706, #2874, .T. ) ;
#4067 = VECTOR ( 'NONE', #4065, 1000.000000000000000 ) ;
#4068 = FACE_OUTER_BOUND ( 'NONE', #870, .T. ) ;
#4069 = ORIENTED_EDGE ( 'NONE', *, *, #3199, .F. ) ;
#4070 = CIRCLE ( 'NONE', #1316, 1.000988954988353496 ) ;
#4071 = VECTOR ( 'NONE', #3554, 1000.000000000000000 ) ;
#4072 = VECTOR ( 'NONE', #1870, 1000.000000000000000 ) ;
#4073 = DIRECTION ( 'NONE',  ( 0.000000000000000000, 0.000000000000000000, -1.000000000000000000 ) ) ;
#4074 = AXIS2_PLACEMENT_3D ( 'NONE', #1185, #1207, #3794 ) ;
#4075 = ORIENTED_EDGE ( 'NONE', *, *, #2377, .T. ) ;
#4076 = VERTEX_POINT ( 'NONE', #601 ) ;
#4077 = PLANE ( 'NONE',  #701 ) ;
#4078 = EDGE_CURVE ( 'NONE', #298, #4095, #2491, .T. ) ;
#4079 = DIRECTION ( 'NONE',  ( -4.906538933386798820E-15, -0.7071067811865475727, 0.7071067811865475727 ) ) ;
#4080 = ORIENTED_EDGE ( 'NONE', *, *, #694, .T. ) ;
#4081 = CARTESIAN_POINT ( 'NONE',  ( -21.93338425694962979, 3.433384256949793656, -16.57784567593347091 ) ) ;
#4082 = CARTESIAN_POINT ( 'NONE',  ( 12.55431677052014372, 5.594744111674245346, -14.89248337494182728 ) ) ;
#4083 = CARTESIAN_POINT ( 'NONE',  ( -12.21394289005113087, 8.000000000000000000, 15.39248337494183083 ) ) ;
#4084 = ADVANCED_FACE ( 'NONE', ( #2156 ), #2836, .F. ) ;
#4085 =( GEOMETRIC_REPRESENTATION_CONTEXT ( 3 ) GLOBAL_UNCERTAINTY_ASSIGNED_CONTEXT ( ( #1211 ) ) GLOBAL_UNIT_ASSIGNED_CONTEXT ( ( #1986, #1348, #346 ) ) REPRESENTATION_CONTEXT ( 'NONE', 'WORKASPACE' ) );
#4086 = ORIENTED_EDGE ( 'NONE', *, *, #813, .F. ) ;
#4087 = CARTESIAN_POINT ( 'NONE',  ( -9.000000000000238032, 7.499999999999993783, 14.89248337494185037 ) ) ;
#4088 = LINE ( 'NONE', #607, #2530 ) ;
#4089 = LINE ( 'NONE', #2901, #1393 ) ;
#4090 = ADVANCED_FACE ( 'NONE', ( #1282 ), #3170, .F. ) ;
#4091 = ORIENTED_EDGE ( 'NONE', *, *, #452, .F. ) ;
#4092 = LINE ( 'NONE', #1213, #898 ) ;
#4093 = ORIENTED_EDGE ( 'NONE', *, *, #4066, .T. ) ;
#4094 = CONICAL_SURFACE ( 'NONE', #1416, 10.24999999999999467, 0.3587706702705728001 ) ;
#4095 = VERTEX_POINT ( 'NONE', #901 ) ;
#4096 = LINE ( 'NONE', #1172, #2721 ) ;
#4097 = CARTESIAN_POINT ( 'NONE',  ( -15.78605710994945177, 8.000000000000000000, 15.39248337494180774 ) ) ;
#4098 = EDGE_LOOP ( 'NONE', ( #171, #1884, #3021, #3862, #1951 ) ) ;
#4099 = VECTOR ( 'NONE', #998, 1000.000000000000000 ) ;
#4100 = CARTESIAN_POINT ( 'NONE',  ( -15.56975001412663673, 7.663055699907832974, 13.92942767503398116 ) ) ;
#4101 = DIRECTION ( 'NONE',  ( 0.000000000000000000, -1.000000000000000000, 0.000000000000000000 ) ) ;
#4102 = CARTESIAN_POINT ( 'NONE',  ( 11.00000000000025757, 0.000000000000000000, -17.89999999999979252 ) ) ;
#4103 = ORIENTED_EDGE ( 'NONE', *, *, #3073, .T. ) ;
#4104 = ADVANCED_FACE ( 'NONE', ( #3748 ), #3196, .F. ) ;
#4105 = LINE ( 'NONE', #2203, #3871 ) ;
#4106 = DIRECTION ( 'NONE',  ( 0.000000000000000000, 0.000000000000000000, 1.000000000000000000 ) ) ;
#4107 = ORIENTED_EDGE ( 'NONE', *, *, #3961, .T. ) ;
#4108 = EDGE_CURVE ( 'NONE', #1127, #298, #3789, .T. ) ;
#4109 = CARTESIAN_POINT ( 'NONE',  ( -15.44568322948038031, 5.594744111674231135, 14.09248337494180525 ) ) ;
#4110 = CARTESIAN_POINT ( 'NONE',  ( 12.00000000000027001, 8.000000000000000000, -19.39999999999978542 ) ) ;
#4111 = LINE ( 'NONE', #317, #1394 ) ;
#4112 = ORIENTED_EDGE ( 'NONE', *, *, #1361, .F. ) ;
#4113 = ORIENTED_EDGE ( 'NONE', *, *, #2640, .T. ) ;
#4114 = FACE_OUTER_BOUND ( 'NONE', #663, .T. ) ;
#4115 = EDGE_CURVE ( 'NONE', #2503, #2911, #1241, .T. ) ;
#4116 = VERTEX_POINT ( 'NONE', #2176 ) ;
#4117 = CARTESIAN_POINT ( 'NONE',  ( -0.5000000000000001110, 7.000000000000000000, -14.60440660437519256 ) ) ;
#4118 = DIRECTION ( 'NONE',  ( 0.000000000000000000, -1.000000000000000000, 0.000000000000000000 ) ) ;
#4119 = DIRECTION ( 'NONE',  ( 0.000000000000000000, 1.000000000000000000, 0.000000000000000000 ) ) ;
#4120 = ORIENTED_EDGE ( 'NONE', *, *, #1330, .T. ) ;
#4121 = VECTOR ( 'NONE', #2107, 1000.000000000000000 ) ;
#4122 = LINE ( 'NONE', #1653, #438 ) ;
#4123 = DIRECTION ( 'NONE',  ( 0.000000000000000000, 1.000000000000000000, 0.000000000000000000 ) ) ;
#4124 = ORIENTED_EDGE ( 'NONE', *, *, #2274, .T. ) ;
#4125 = FACE_OUTER_BOUND ( 'NONE', #1380, .T. ) ;
#4126 = FACE_OUTER_BOUND ( 'NONE', #2889, .T. ) ;
#4127 = EDGE_CURVE ( 'NONE', #1702, #3517, #241, .T. ) ;
#4128 = AXIS2_PLACEMENT_3D ( 'NONE', #2540, #2244, #19 ) ;
#4129 = PLANE ( 'NONE',  #3201 ) ;
#4130 = ORIENTED_EDGE ( 'NONE', *, *, #3930, .F. ) ;
#4131 = VECTOR ( 'NONE', #46, 1000.000000000000000 ) ;
#4132 = ORIENTED_EDGE ( 'NONE', *, *, #1018, .F. ) ;
#4133 = VECTOR ( 'NONE', #3429, 999.9999999999998863 ) ;
#4134 = DIRECTION ( 'NONE',  ( 1.000000000000000000, 1.133669974241466679E-14, 2.818925648462359255E-15 ) ) ;
#4135 = CARTESIAN_POINT ( 'NONE',  ( 14.00000000000027001, 8.000000000000000000, -19.39999999999977121 ) ) ;
#4136 = ORIENTED_EDGE ( 'NONE', *, *, #4078, .F. ) ;
#4137 = DIRECTION ( 'NONE',  ( -1.000000000000000000, 0.000000000000000000, -6.938893903907229955E-15 ) ) ;
#4138 = EDGE_CURVE ( 'NONE', #512, #485, #1292, .T. ) ;
#4139 = DIRECTION ( 'NONE',  ( -0.5547001962252341434, 0.000000000000000000, 0.8320502943378402794 ) ) ;
#4140 = FACE_OUTER_BOUND ( 'NONE', #3778, .T. ) ;
#4141 = ORIENTED_EDGE ( 'NONE', *, *, #2114, .F. ) ;
#4142 = EDGE_CURVE ( 'NONE', #2583, #2770, #2510, .T. ) ;
#4143 = DIRECTION ( 'NONE',  ( 1.000000000000000000, -0.000000000000000000, 1.415562539087702249E-14 ) ) ;
#4144 = DIRECTION ( 'NONE',  ( 0.5773502691896224004, -0.5773502691896263972, 0.5773502691896283956 ) ) ;
#4145 = ORIENTED_EDGE ( 'NONE', *, *, #2205, .F. ) ;
#4146 = DIRECTION ( 'NONE',  ( 0.000000000000000000, -1.000000000000000000, 0.000000000000000000 ) ) ;
#4147 = LINE ( 'NONE', #4168, #163 ) ;
#4148 = LINE ( 'NONE', #1596, #1382 ) ;
#4149 = ORIENTED_EDGE ( 'NONE', *, *, #2187, .F. ) ;
#4150 = ORIENTED_EDGE ( 'NONE', *, *, #2756, .T. ) ;
#4151 = ADVANCED_FACE ( 'NONE', ( #1881 ), #1060, .F. ) ;
#4152 = CARTESIAN_POINT ( 'NONE',  ( 19.00000000000023803, 7.500000000000000888, -14.89248337494178287 ) ) ;
#4153 = DIRECTION ( 'NONE',  ( 0.8320502943378403904, 0.000000000000000000, 0.5547001962252341434 ) ) ;
#4154 = ORIENTED_EDGE ( 'NONE', *, *, #3830, .F. ) ;
#4155 = ORIENTED_EDGE ( 'NONE', *, *, #3001, .F. ) ;
#4156 = DIRECTION ( 'NONE',  ( 0.4264014327112244374, 0.6396021490668333254, -0.6396021490668268861 ) ) ;
#4157 = CARTESIAN_POINT ( 'NONE',  ( -0.5000000000000001110, 7.000000000000000000, -14.60440660437519256 ) ) ;
#4158 = DIRECTION ( 'NONE',  ( 0.5547001962252227081, 0.000000000000000000, 0.8320502943378479399 ) ) ;
#4159 = DIRECTION ( 'NONE',  ( 0.5547001962252242624, 0.000000000000000000, 0.8320502943378468297 ) ) ;
#4160 = ORIENTED_EDGE ( 'NONE', *, *, #2761, .T. ) ;
#4161 = VECTOR ( 'NONE', #2407, 1000.000000000000000 ) ;
#4162 = CARTESIAN_POINT ( 'NONE',  ( -3.508439616349833479, 0.7860144728246204471, -18.78601447282466452 ) ) ;
#4163 = CONICAL_SURFACE ( 'NONE', #808, 0.5009889549883513871, 0.7853981633974452814 ) ;
#4164 = CARTESIAN_POINT ( 'NONE',  ( 19.00000000000025580, 7.500000000000000888, -17.89999999999973568 ) ) ;
#4165 = ADVANCED_FACE ( 'NONE', ( #940 ), #2216, .F. ) ;
#4166 = ORIENTED_EDGE ( 'NONE', *, *, #1266, .T. ) ;
#4167 = CARTESIAN_POINT ( 'NONE',  ( 3.035398026413986372, 7.499999999999992895, 15.24274653144697744 ) ) ;
#4168 = CARTESIAN_POINT ( 'NONE',  ( 11.00000000000025757, 8.000000000000000000, -17.89999999999979252 ) ) ;
#4169 = ORIENTED_EDGE ( 'NONE', *, *, #3319, .F. ) ;
#4170 = VERTEX_POINT ( 'NONE', #2942 ) ;
#4171 = FACE_OUTER_BOUND ( 'NONE', #366, .T. ) ;
#4172 = DIRECTION ( 'NONE',  ( -0.7071067811865500152, -0.000000000000000000, 0.7071067811865451302 ) ) ;
ENDSEC;
END-ISO-10303-21;
