ISO-10303-21;
HEADER;
FILE_DESCRIPTION (( 'STEP AP203' ),
    '1' );
FILE_NAME ('0PB2_electronic_box_back-plate_cable_hole_v1.step',
    '2025-03-11T10:23:36',
    ( '' ),
    ( '' ),
    'SwSTEP 2.0',
    'SolidWorks 2025',
    '' );
FILE_SCHEMA (( 'CONFIG_CONTROL_DESIGN' ));
ENDSEC;

DATA;
#1 = CARTESIAN_POINT ( 'NONE',  ( 1.600000000000001643, -14.72500000000002274, 3.999999999999899636 ) ) ;
#2 = DIRECTION ( 'NONE',  ( -0.000000000000000000, -0.000000000000000000, 1.000000000000000000 ) ) ;
#3 = CC_DESIGN_PERSON_AND_ORGANIZATION_ASSIGNMENT ( #360, #153, ( #225 ) ) ;
#4 = DIRECTION ( 'NONE',  ( 0.000000000000000000, -1.000000000000000000, -3.469446951955331381E-14 ) ) ;
#5 = LINE ( 'NONE', #2157, #87 ) ;
#6 = DIRECTION ( 'NONE',  ( -0.000000000000000000, -0.000000000000000000, 1.000000000000000000 ) ) ;
#7 = EDGE_CURVE ( 'NONE', #1118, #151, #872, .T. ) ;
#8 = ORIENTED_EDGE ( 'NONE', *, *, #645, .T. ) ;
#9 = ORIENTED_EDGE ( 'NONE', *, *, #271, .T. ) ;
#10 = DIRECTION ( 'NONE',  ( 0.7071067811865536790, -0.4999999999999914513, -0.5000000000000001110 ) ) ;
#11 = EDGE_CURVE ( 'NONE', #53, #1456, #1663, .T. ) ;
#12 = DIRECTION ( 'NONE',  ( 1.000000000000000000, 0.000000000000000000, 0.000000000000000000 ) ) ;
#13 = ORIENTED_EDGE ( 'NONE', *, *, #642, .F. ) ;
#14 = PLANE ( 'NONE',  #2361 ) ;
#15 = DIRECTION ( 'NONE',  ( 0.7071067811865353603, 0.7071067811865597852, 9.185433182841828138E-17 ) ) ;
#16 = DIRECTION ( 'NONE',  ( -0.000000000000000000, 0.000000000000000000, 1.000000000000000000 ) ) ;
#17 = FACE_OUTER_BOUND ( 'NONE', #120, .T. ) ;
#18 = DIRECTION ( 'NONE',  ( -0.000000000000000000, -0.000000000000000000, 1.000000000000000000 ) ) ;
#19 = CARTESIAN_POINT ( 'NONE',  ( 17.39999999999999858, -18.22500000000001208, 4.200000000000022382 ) ) ;
#20 = ORIENTED_EDGE ( 'NONE', *, *, #2300, .T. ) ;
#21 = VERTEX_POINT ( 'NONE', #1638 ) ;
#22 = DIRECTION ( 'NONE',  ( -3.854941057726240562E-16, -1.000000000000000000, -7.114983804074972634E-15 ) ) ;
#23 = EDGE_CURVE ( 'NONE', #2609, #2461, #404, .T. ) ;
#24 = FACE_OUTER_BOUND ( 'NONE', #1350, .T. ) ;
#25 = ADVANCED_FACE ( 'NONE', ( #387 ), #374, .T. ) ;
#26 = CARTESIAN_POINT ( 'NONE',  ( 17.39999999999999858, -3.059443035752246831E-14, 4.300000000000012257 ) ) ;
#27 = LINE ( 'NONE', #2537, #1752 ) ;
#28 = DIRECTION ( 'NONE',  ( 0.000000000000000000, 6.938893903907228378E-15, -1.000000000000000000 ) ) ;
#29 = CARTESIAN_POINT ( 'NONE',  ( 13.10000000000000320, -20.22500000000013287, 3.999999999999861444 ) ) ;
#30 = DIRECTION ( 'NONE',  ( 0.000000000000000000, 7.114983804074972634E-15, -1.000000000000000000 ) ) ;
#31 = CIRCLE ( 'NONE', #304, 0.5000000000000000000 ) ;
#32 = LINE ( 'NONE', #2542, #2240 ) ;
#33 = ORIENTED_EDGE ( 'NONE', *, *, #663, .F. ) ;
#34 = AXIS2_PLACEMENT_3D ( 'NONE', #1249, #1233, #2477 ) ;
#35 = EDGE_LOOP ( 'NONE', ( #1814, #1596, #1867, #2435, #475 ) ) ;
#36 = LINE ( 'NONE', #890, #743 ) ;
#37 = VECTOR ( 'NONE', #1022, 1000.000000000000000 ) ;
#38 = CLOSED_SHELL ( 'NONE', ( #1184, #2336, #887, #2456, #145, #883, #321, #425, #375, #1373, #2499, #1622, #249, #722, #2078, #362, #2000, #191, #2147, #2551, #2324, #668, #975, #2434, #1009, #1210, #1407, #631, #571, #1410, #180, #411, #2411, #948, #1043, #2165, #1294, #1070, #733, #1779, #1635, #2373, #1573, #2518, #611, #815, #1169, #862, #500, #1435, #1113, #2043, #2387, #1568, #2111, #2034, #771, #1894, #2130, #1875, #97, #2270, #2149, #678, #1781, #25, #2698, #2502, #1812, #2115, #586, #2304, #1842, #1493, #1388, #1110, #1324, #2605, #950, #1492, #761, #1762, #2196, #77, #2703, #283, #2684, #1825, #911 ) ) ;
#39 = EDGE_CURVE ( 'NONE', #175, #2048, #2071, .T. ) ;
#40 = LINE ( 'NONE', #1482, #2237 ) ;
#41 = VECTOR ( 'NONE', #309, 1000.000000000000000 ) ;
#42 = VECTOR ( 'NONE', #178, 1000.000000000000000 ) ;
#43 = CARTESIAN_POINT ( 'NONE',  ( -13.39999999999999858, 20.22500000000001208, 0.4000000000001467937 ) ) ;
#44 = CIRCLE ( 'NONE', #1806, 1.999999999999998224 ) ;
#45 = EDGE_CURVE ( 'NONE', #158, #982, #1905, .T. ) ;
#46 = PLANE ( 'NONE',  #2580 ) ;
#47 = APPLICATION_CONTEXT ( 'configuration controlled 3d designs of mechanical parts and assemblies' ) ;
#48 = CARTESIAN_POINT ( 'NONE',  ( 17.39999999999999858, 18.22499999999996234, 4.200000000000123634 ) ) ;
#49 = CARTESIAN_POINT ( 'NONE',  ( -13.39999999999999858, 18.42499999999995453, 4.000000000000135003 ) ) ;
#50 = CARTESIAN_POINT ( 'NONE',  ( 10.60000000000000142, 15.72500000000001386, -13.20037878244417406 ) ) ;
#51 = VERTEX_POINT ( 'NONE', #1668 ) ;
#52 = ADVANCED_BREP_SHAPE_REPRESENTATION ( '0PB2_electronic_box_back-plate_cable_hole_v1', ( #1152, #1988 ), #356 ) ;
#53 = VERTEX_POINT ( 'NONE', #805 ) ;
#54 = DIRECTION ( 'NONE',  ( -0.000000000000000000, -0.000000000000000000, 1.000000000000000000 ) ) ;
#55 = ORIENTED_EDGE ( 'NONE', *, *, #1554, .T. ) ;
#56 = CARTESIAN_POINT ( 'NONE',  ( 4.641742430504481653, -18.22500000000001208, 4.200000000000022382 ) ) ;
#57 = DIRECTION ( 'NONE',  ( 0.000000000000000000, -1.000000000000000000, -6.947471028633934181E-15 ) ) ;
#58 = CARTESIAN_POINT ( 'NONE',  ( -1.399999999999998579, 14.72500000000002274, -13.20037878244417406 ) ) ;
#59 = EDGE_CURVE ( 'NONE', #1523, #2444, #2096, .T. ) ;
#60 = CARTESIAN_POINT ( 'NONE',  ( -1.399999999999997913, -18.35592542715432884, 4.069074572845702065 ) ) ;
#61 = DIRECTION ( 'NONE',  ( 0.000000000000000000, -3.469446951953611033E-14, 1.000000000000000000 ) ) ;
#62 = DIRECTION ( 'NONE',  ( 0.000000000000000000, -6.938893903907222067E-15, 1.000000000000000000 ) ) ;
#63 = DIRECTION ( 'NONE',  ( -1.000000000000000000, 0.000000000000000000, 0.000000000000000000 ) ) ;
#64 = ORIENTED_EDGE ( 'NONE', *, *, #1418, .T. ) ;
#65 = ORIENTED_EDGE ( 'NONE', *, *, #812, .T. ) ;
#66 = CARTESIAN_POINT ( 'NONE',  ( -13.39999999999999503, 18.35592542715418674, 4.069074572845906346 ) ) ;
#67 = ORIENTED_EDGE ( 'NONE', *, *, #209, .F. ) ;
#68 = DIRECTION ( 'NONE',  ( 0.000000000000000000, 1.000000000000000000, 7.114983804074972634E-15 ) ) ;
#69 = ORIENTED_EDGE ( 'NONE', *, *, #1859, .T. ) ;
#70 = LINE ( 'NONE', #2640, #1002 ) ;
#71 = EDGE_CURVE ( 'NONE', #1552, #158, #1750, .T. ) ;
#72 = FACE_OUTER_BOUND ( 'NONE', #2489, .T. ) ;
#73 = ORIENTED_EDGE ( 'NONE', *, *, #2134, .F. ) ;
#74 = LINE ( 'NONE', #315, #2236 ) ;
#75 = DIRECTION ( 'NONE',  ( -0.000000000000000000, -7.114983804074972634E-15, 1.000000000000000000 ) ) ;
#76 = ORIENTED_EDGE ( 'NONE', *, *, #461, .T. ) ;
#77 = ADVANCED_FACE ( 'NONE', ( #2469 ), #612, .T. ) ;
#78 = ORIENTED_EDGE ( 'NONE', *, *, #45, .F. ) ;
#79 = CARTESIAN_POINT ( 'NONE',  ( -4.899999999999997691, 13.72500000000002274, 4.000000000000100364 ) ) ;
#80 = DIRECTION ( 'NONE',  ( 0.7071067811865352493, 6.839255870354549324E-17, 0.7071067811865597852 ) ) ;
#81 = VECTOR ( 'NONE', #1151, 1000.000000000000000 ) ;
#82 = VECTOR ( 'NONE', #80, 1000.000000000000000 ) ;
#83 = AXIS2_PLACEMENT_3D ( 'NONE', #723, #1823, #1396 ) ;
#84 = DIRECTION ( 'NONE',  ( 0.000000000000000000, -1.000000000000000000, -6.938893903907230744E-15 ) ) ;
#85 = ORIENTED_EDGE ( 'NONE', *, *, #892, .F. ) ;
#86 = DIRECTION ( 'NONE',  ( 0.000000000000000000, -6.947471028633934181E-15, 1.000000000000000000 ) ) ;
#87 = VECTOR ( 'NONE', #448, 1000.000000000000000 ) ;
#88 = AXIS2_PLACEMENT_3D ( 'NONE', #227, #1903, #1745 ) ;
#89 = AXIS2_PLACEMENT_3D ( 'NONE', #2030, #2639, #140 ) ;
#90 = CARTESIAN_POINT ( 'NONE',  ( 17.39999999999999858, -18.02500000000001990, 4.200000000000029488 ) ) ;
#91 = DIRECTION ( 'NONE',  ( 0.000000000000000000, -6.938893903907222067E-15, 1.000000000000000000 ) ) ;
#92 = CARTESIAN_POINT ( 'NONE',  ( 10.60000000000000142, -15.72500000000001386, 0.3999999999998969935 ) ) ;
#93 = VERTEX_POINT ( 'NONE', #816 ) ;
#94 = EDGE_LOOP ( 'NONE', ( #1068, #482, #1898, #1758 ) ) ;
#95 = LINE ( 'NONE', #1376, #2399 ) ;
#96 = CARTESIAN_POINT ( 'NONE',  ( 17.39999999999999858, -18.22500000000001208, 4.200000000000022382 ) ) ;
#97 = ADVANCED_FACE ( 'NONE', ( #844 ), #1041, .F. ) ;
#98 = VERTEX_POINT ( 'NONE', #183 ) ;
#99 = DIRECTION ( 'NONE',  ( 0.000000000000000000, -4.731064025390998189E-15, -1.000000000000000000 ) ) ;
#100 = DIRECTION ( 'NONE',  ( 1.000000000000000000, 0.000000000000000000, 0.000000000000000000 ) ) ;
#101 = VERTEX_POINT ( 'NONE', #1005 ) ;
#102 = DIRECTION ( 'NONE',  ( -0.000000000000000000, -0.000000000000000000, 1.000000000000000000 ) ) ;
#103 = FACE_OUTER_BOUND ( 'NONE', #760, .T. ) ;
#104 = EDGE_LOOP ( 'NONE', ( #1615, #1597, #2427, #770, #2272 ) ) ;
#105 = DIRECTION ( 'NONE',  ( 0.000000000000000000, -3.469446951955331381E-14, 1.000000000000000000 ) ) ;
#106 = DIRECTION ( 'NONE',  ( -1.000000000000000000, -0.000000000000000000, -0.000000000000000000 ) ) ;
#107 = EDGE_LOOP ( 'NONE', ( #1899, #2252, #566, #1415 ) ) ;
#108 = EDGE_LOOP ( 'NONE', ( #1616, #301, #1827, #2242 ) ) ;
#109 = LINE ( 'NONE', #1331, #428 ) ;
#110 = FACE_OUTER_BOUND ( 'NONE', #773, .T. ) ;
#111 = DIRECTION ( 'NONE',  ( -0.5773502691896137407, -0.5773502691896269523, -0.5773502691896365002 ) ) ;
#112 = VERTEX_POINT ( 'NONE', #2284 ) ;
#113 = EDGE_CURVE ( 'NONE', #848, #683, #1236, .T. ) ;
#114 = CARTESIAN_POINT ( 'NONE',  ( 13.10000000000000320, -18.22500000000002274, 4.499999999999873879 ) ) ;
#115 = LINE ( 'NONE', #949, #1937 ) ;
#116 = EDGE_CURVE ( 'NONE', #817, #2313, #794, .T. ) ;
#117 = PRODUCT ( '0PB2_electronic_box_back-plate_cable_hole_v1', '0PB2_electronic_box_back-plate_cable_hole_v1', '', ( #732 ) ) ;
#118 = CARTESIAN_POINT ( 'NONE',  ( -13.39999999999999858, 13.72499999999992859, 0.4000000000001016631 ) ) ;
#119 = CARTESIAN_POINT ( 'NONE',  ( -17.20000000000000639, -18.22500000000001208, 4.200000000000022382 ) ) ;
#120 = EDGE_LOOP ( 'NONE', ( #157, #795, #1426, #2329, #2159 ) ) ;
#121 = PLANE ( 'NONE',  #2667 ) ;
#122 = DIRECTION ( 'NONE',  ( 0.000000000000000000, 1.000000000000000000, 6.938893903907234689E-15 ) ) ;
#123 = EDGE_LOOP ( 'NONE', ( #1605, #2403, #889, #490 ) ) ;
#124 = LINE ( 'NONE', #1773, #1356 ) ;
#125 = VERTEX_POINT ( 'NONE', #429 ) ;
#126 = DIRECTION ( 'NONE',  ( 0.000000000000000000, 1.000000000000000000, 7.114983804074972634E-15 ) ) ;
#127 = VECTOR ( 'NONE', #893, 1000.000000000000000 ) ;
#128 = SECURITY_CLASSIFICATION_LEVEL ( 'unclassified' ) ;
#129 = EDGE_CURVE ( 'NONE', #1818, #1024, #831, .T. ) ;
#130 = PLANE ( 'NONE',  #2107 ) ;
#131 = VECTOR ( 'NONE', #2554, 1000.000000000000000 ) ;
#132 = EDGE_CURVE ( 'NONE', #2432, #326, #2530, .T. ) ;
#133 = VECTOR ( 'NONE', #1304, 1000.000000000000000 ) ;
#134 = AXIS2_PLACEMENT_3D ( 'NONE', #1016, #4, #598 ) ;
#135 = ORIENTED_EDGE ( 'NONE', *, *, #502, .F. ) ;
#136 = VECTOR ( 'NONE', #2008, 1000.000000000000000 ) ;
#137 = LINE ( 'NONE', #2632, #394 ) ;
#138 = ORIENTED_EDGE ( 'NONE', *, *, #2089, .T. ) ;
#139 = ORIENTED_EDGE ( 'NONE', *, *, #515, .T. ) ;
#140 = DIRECTION ( 'NONE',  ( 0.000000000000000000, 0.000000000000000000, 1.000000000000000000 ) ) ;
#141 = APPROVAL_DATE_TIME ( #2031, #1352 ) ;
#142 = CARTESIAN_POINT ( 'NONE',  ( 17.39999999999999858, -20.22500000000002274, 0.3999999999998651301 ) ) ;
#143 = CARTESIAN_POINT ( 'NONE',  ( -17.39999999999999858, -20.02500000000001279, 2.117157287525384124 ) ) ;
#144 = DIRECTION ( 'NONE',  ( 0.000000000000000000, 1.000000000000000000, 7.155734338404329264E-15 ) ) ;
#145 = ADVANCED_FACE ( 'NONE', ( #1893 ), #229, .F. ) ;
#146 = DIRECTION ( 'NONE',  ( 0.000000000000000000, 7.114983804074972634E-15, -1.000000000000000000 ) ) ;
#147 = DIRECTION ( 'NONE',  ( 0.000000000000000000, 1.000000000000000000, 7.114983804074972634E-15 ) ) ;
#148 = ORIENTED_EDGE ( 'NONE', *, *, #1320, .T. ) ;
#149 = ORIENTED_EDGE ( 'NONE', *, *, #447, .F. ) ;
#150 = DIRECTION ( 'NONE',  ( -1.000000000000000000, 0.000000000000000000, 0.000000000000000000 ) ) ;
#151 = VERTEX_POINT ( 'NONE', #589 ) ;
#152 = EDGE_LOOP ( 'NONE', ( #20, #2645, #737, #1916 ) ) ;
#153 = PERSON_AND_ORGANIZATION_ROLE ( 'design_supplier' ) ;
#154 = LINE ( 'NONE', #2713, #42 ) ;
#155 = DIRECTION ( 'NONE',  ( 0.000000000000000000, -0.7071067811865435759, -0.7071067811865513475 ) ) ;
#156 = EDGE_CURVE ( 'NONE', #797, #275, #400, .T. ) ;
#157 = ORIENTED_EDGE ( 'NONE', *, *, #7, .F. ) ;
#158 = VERTEX_POINT ( 'NONE', #649 ) ;
#159 = CARTESIAN_POINT ( 'NONE',  ( 8.600000000000001421, -18.35592542715432884, 4.069074572845705617 ) ) ;
#160 = EDGE_CURVE ( 'NONE', #823, #101, #1306, .T. ) ;
#161 = VERTEX_POINT ( 'NONE', #314 ) ;
#162 = ORIENTED_EDGE ( 'NONE', *, *, #1362, .F. ) ;
#163 = CARTESIAN_POINT ( 'NONE',  ( 17.39999999999999858, 18.22499999999995879, 4.500000000000133227 ) ) ;
#164 = VECTOR ( 'NONE', #442, 1000.000000000000000 ) ;
#165 = CARTESIAN_POINT ( 'NONE',  ( -1.899999999999998579, -14.72500000000014531, 3.999999999999899636 ) ) ;
#166 = CARTESIAN_POINT ( 'NONE',  ( 4.600000000000001421, -20.22500000000001208, 2.200000000000001954 ) ) ;
#167 = CIRCLE ( 'NONE', #1702, 0.5000000000000000000 ) ;
#168 = VECTOR ( 'NONE', #565, 1000.000000000000000 ) ;
#169 = VECTOR ( 'NONE', #626, 1000.000000000000000 ) ;
#170 = DIRECTION ( 'NONE',  ( 0.000000000000000000, 1.387778780781445676E-14, -1.000000000000000000 ) ) ;
#171 = VECTOR ( 'NONE', #1569, 1000.000000000000000 ) ;
#172 = AXIS2_PLACEMENT_3D ( 'NONE', #252, #1301, #2347 ) ;
#173 = ORIENTED_EDGE ( 'NONE', *, *, #2514, .F. ) ;
#174 = VECTOR ( 'NONE', #1996, 1000.000000000000000 ) ;
#175 = VERTEX_POINT ( 'NONE', #516 ) ;
#176 = ORIENTED_EDGE ( 'NONE', *, *, #2264, .T. ) ;
#177 = EDGE_CURVE ( 'NONE', #1672, #848, #1768, .T. ) ;
#178 = DIRECTION ( 'NONE',  ( 0.000000000000000000, 1.000000000000000000, 7.114983804074972634E-15 ) ) ;
#179 = EDGE_LOOP ( 'NONE', ( #409, #2696, #33, #2654 ) ) ;
#180 = ADVANCED_FACE ( 'NONE', ( #103 ), #1810, .F. ) ;
#181 = DIRECTION ( 'NONE',  ( 0.000000000000000000, 1.387778780781445676E-14, -1.000000000000000000 ) ) ;
#182 = CARTESIAN_POINT ( 'NONE',  ( -17.39999999999999858, -1.389494205726817641E-15, 0.2000000000000044242 ) ) ;
#183 = CARTESIAN_POINT ( 'NONE',  ( 4.600000000000001421, -18.42500000000015703, 3.999999999999875211 ) ) ;
#184 = CARTESIAN_POINT ( 'NONE',  ( 12.60000000000000320, -18.42500000000015703, 3.999999999999875211 ) ) ;
#185 = ORIENTED_EDGE ( 'NONE', *, *, #1541, .F. ) ;
#186 = LINE ( 'NONE', #1865, #999 ) ;
#187 = CARTESIAN_POINT ( 'NONE',  ( 17.39999999999999858, -20.22500000000002274, 0.3999999999998651301 ) ) ;
#188 = ORIENTED_EDGE ( 'NONE', *, *, #538, .T. ) ;
#189 = VERTEX_POINT ( 'NONE', #2641 ) ;
#190 = CARTESIAN_POINT ( 'NONE',  ( 17.19999999999999929, 18.22499999999995879, 4.500000000000133227 ) ) ;
#191 = ADVANCED_FACE ( 'NONE', ( #1570 ), #537, .F. ) ;
#192 = CARTESIAN_POINT ( 'NONE',  ( -13.89999999999999503, -18.22500000000002274, 4.499999999999873879 ) ) ;
#193 = ORIENTED_EDGE ( 'NONE', *, *, #2642, .F. ) ;
#194 = LINE ( 'NONE', #1917, #2199 ) ;
#195 = EDGE_CURVE ( 'NONE', #1195, #93, #1978, .T. ) ;
#196 = CARTESIAN_POINT ( 'NONE',  ( 17.39999999999999858, -20.22500000000001918, -1.348747502571967516E-13 ) ) ;
#197 = EDGE_CURVE ( 'NONE', #93, #1984, #2595, .T. ) ;
#198 = CARTESIAN_POINT ( 'NONE',  ( 17.39999999999999858, 20.02500000000000213, 1.447609586453192173E-13 ) ) ;
#199 = CARTESIAN_POINT ( 'NONE',  ( -4.899999999999997691, -18.22500000000002274, 4.499999999999873879 ) ) ;
#200 = PLANE ( 'NONE',  #577 ) ;
#201 = ORIENTED_EDGE ( 'NONE', *, *, #1194, .T. ) ;
#202 = ORIENTED_EDGE ( 'NONE', *, *, #1604, .T. ) ;
#203 = FACE_OUTER_BOUND ( 'NONE', #1007, .T. ) ;
#204 = DIRECTION ( 'NONE',  ( 0.000000000000000000, -1.000000000000000000, -6.938893903907228378E-15 ) ) ;
#205 = ORIENTED_EDGE ( 'NONE', *, *, #1740, .T. ) ;
#206 = CARTESIAN_POINT ( 'NONE',  ( 4.600000000000001421, -14.72500000000002274, 0.3999999999999039324 ) ) ;
#207 = FACE_OUTER_BOUND ( 'NONE', #1255, .T. ) ;
#208 = CARTESIAN_POINT ( 'NONE',  ( 17.39999999999999858, -20.02500000000003055, 0.1999999999998643418 ) ) ;
#209 = EDGE_CURVE ( 'NONE', #2050, #2171, #2247, .T. ) ;
#210 = AXIS2_PLACEMENT_3D ( 'NONE', #2054, #1649, #856 ) ;
#211 = CARTESIAN_POINT ( 'NONE',  ( 8.100000000000001421, 18.22499999999996234, 4.000000000000133227 ) ) ;
#212 = CARTESIAN_POINT ( 'NONE',  ( -1.399999999999998579, -14.72500000000011688, 0.3999999999999038769 ) ) ;
#213 = AXIS2_PLACEMENT_3D ( 'NONE', #754, #2020, #517 ) ;
#214 = VECTOR ( 'NONE', #1449, 1000.000000000000000 ) ;
#215 = EDGE_CURVE ( 'NONE', #53, #125, #1620, .T. ) ;
#216 = LINE ( 'NONE', #2308, #1584 ) ;
#217 = LINE ( 'NONE', #1269, #704 ) ;
#218 = ORIENTED_EDGE ( 'NONE', *, *, #298, .T. ) ;
#219 = AXIS2_PLACEMENT_3D ( 'NONE', #1958, #675, #84 ) ;
#220 = AXIS2_PLACEMENT_3D ( 'NONE', #361, #2455, #1612 ) ;
#221 = ORIENTED_EDGE ( 'NONE', *, *, #1433, .T. ) ;
#222 = DIRECTION ( 'NONE',  ( 0.000000000000000000, 0.7071067811865435759, 0.7071067811865513475 ) ) ;
#223 = AXIS2_PLACEMENT_3D ( 'NONE', #2004, #392, #774 ) ;
#224 = CARTESIAN_POINT ( 'NONE',  ( -1.399999999999998579, -20.22500000000001208, -13.20037878244417406 ) ) ;
#225 = PRODUCT_DEFINITION_FORMATION_WITH_SPECIFIED_SOURCE ( 'ANY', '', #117, .NOT_KNOWN. ) ;
#226 = CARTESIAN_POINT ( 'NONE',  ( 17.39999999999999858, 20.02500000000000213, 1.263194094779477095E-13 ) ) ;
#227 = CARTESIAN_POINT ( 'NONE',  ( 10.60000000000000142, -15.72500000000001386, -13.20037878244417406 ) ) ;
#228 = PLANE ( 'NONE',  #1617 ) ;
#229 = PLANE ( 'NONE',  #2026 ) ;
#230 = EDGE_CURVE ( 'NONE', #1578, #1675, #563, .T. ) ;
#231 = LINE ( 'NONE', #1064, #1037 ) ;
#232 = DIRECTION ( 'NONE',  ( 0.000000000000000000, 7.114983804074972634E-15, -1.000000000000000000 ) ) ;
#233 = PLANE ( 'NONE',  #1939 ) ;
#234 = ORIENTED_EDGE ( 'NONE', *, *, #1298, .F. ) ;
#235 = EDGE_CURVE ( 'NONE', #1968, #1254, #363, .T. ) ;
#236 = ORIENTED_EDGE ( 'NONE', *, *, #1206, .F. ) ;
#237 = PLANE ( 'NONE',  #473 ) ;
#238 = LINE ( 'NONE', #510, #81 ) ;
#239 = DIRECTION ( 'NONE',  ( 0.000000000000000000, -1.000000000000000000, -1.156482317317835161E-14 ) ) ;
#240 = LINE ( 'NONE', #2124, #2446 ) ;
#241 = DIRECTION ( 'NONE',  ( 0.000000000000000000, 6.938893903907228378E-15, -1.000000000000000000 ) ) ;
#242 = DIRECTION ( 'NONE',  ( 0.000000000000000000, -6.938893903907222067E-15, 1.000000000000000000 ) ) ;
#243 = LINE ( 'NONE', #1681, #1216 ) ;
#244 = PLANE ( 'NONE',  #313 ) ;
#245 = EDGE_CURVE ( 'NONE', #2289, #957, #779, .T. ) ;
#246 = ORIENTED_EDGE ( 'NONE', *, *, #266, .T. ) ;
#247 = ORIENTED_EDGE ( 'NONE', *, *, #209, .T. ) ;
#248 = LINE ( 'NONE', #673, #2269 ) ;
#249 = ADVANCED_FACE ( 'NONE', ( #2607 ), #2195, .F. ) ;
#250 = CARTESIAN_POINT ( 'NONE',  ( -1.399999999999998579, -18.42500000000016058, 3.999999999999872546 ) ) ;
#251 = CYLINDRICAL_SURFACE ( 'NONE', #876, 3.000000000000000000 ) ;
#252 = CARTESIAN_POINT ( 'NONE',  ( 17.39999999999999858, 18.22499999999996234, 4.200000000000123634 ) ) ;
#253 = CARTESIAN_POINT ( 'NONE',  ( -5.385887398633870227, -18.28830789173255766, 4.136692108267478574 ) ) ;
#254 = FACE_OUTER_BOUND ( 'NONE', #1851, .T. ) ;
#255 = AXIS2_PLACEMENT_3D ( 'NONE', #440, #466, #2162 ) ;
#256 = CARTESIAN_POINT ( 'NONE',  ( 17.39999999999999858, -20.22500000000001918, 0.1999999999998652855 ) ) ;
#257 = ORIENTED_EDGE ( 'NONE', *, *, #2676, .F. ) ;
#258 = AXIS2_PLACEMENT_3D ( 'NONE', #496, #305, #1760 ) ;
#259 = ORIENTED_EDGE ( 'NONE', *, *, #2032, .T. ) ;
#260 = CC_DESIGN_DATE_AND_TIME_ASSIGNMENT ( #2219, #2429, ( #1469 ) ) ;
#261 = CARTESIAN_POINT ( 'NONE',  ( -17.20000000000000639, 20.22499999999998010, 2.200000000000142730 ) ) ;
#262 = PLANE ( 'NONE',  #2442 ) ;
#263 = AXIS2_PLACEMENT_3D ( 'NONE', #2389, #725, #1737 ) ;
#264 = AXIS2_PLACEMENT_3D ( 'NONE', #624, #2467, #1646 ) ;
#265 = PLANE ( 'NONE',  #255 ) ;
#266 = EDGE_CURVE ( 'NONE', #1008, #175, #2653, .T. ) ;
#267 = VECTOR ( 'NONE', #1964, 1000.000000000000000 ) ;
#268 = DIRECTION ( 'NONE',  ( 0.000000000000000000, 1.000000000000000000, 7.131640956793539050E-15 ) ) ;
#269 = VECTOR ( 'NONE', #1372, 1000.000000000000000 ) ;
#270 = CARTESIAN_POINT ( 'NONE',  ( 17.39999999999999858, 18.02499999999996660, 4.500000000000131450 ) ) ;
#271 = EDGE_CURVE ( 'NONE', #1024, #1354, #2278, .T. ) ;
#272 = LINE ( 'NONE', #2538, #1077 ) ;
#273 = CC_DESIGN_APPROVAL ( #553, ( #2452 ) ) ;
#274 = DIRECTION ( 'NONE',  ( 3.854941057726240562E-16, -1.000000000000000000, -6.947471028633934181E-15 ) ) ;
#275 = VERTEX_POINT ( 'NONE', #2440 ) ;
#276 = DIRECTION ( 'NONE',  ( 0.000000000000000000, 6.938893903907228378E-15, -1.000000000000000000 ) ) ;
#277 = DIRECTION ( 'NONE',  ( -0.000000000000000000, -0.000000000000000000, 1.000000000000000000 ) ) ;
#278 = ORIENTED_EDGE ( 'NONE', *, *, #1378, .F. ) ;
#279 = ORIENTED_EDGE ( 'NONE', *, *, #1871, .T. ) ;
#280 = LINE ( 'NONE', #1317, #997 ) ;
#281 = CARTESIAN_POINT ( 'NONE',  ( 4.614112601366107569, 18.28830789173246174, 4.136692108267626011 ) ) ;
#282 = CARTESIAN_POINT ( 'NONE',  ( 12.60000000000000320, -20.22500000000001208, 2.200000000000002398 ) ) ;
#283 = ADVANCED_FACE ( 'NONE', ( #2402 ), #938, .T. ) ;
#284 = DIRECTION ( 'NONE',  ( 0.000000000000000000, 6.938893903907228378E-15, -1.000000000000000000 ) ) ;
#285 = EDGE_CURVE ( 'NONE', #581, #2633, #325, .T. ) ;
#286 = LINE ( 'NONE', #1723, #913 ) ;
#287 = CARTESIAN_POINT ( 'NONE',  ( 17.39999999999999858, 18.02499999999997016, 4.300000000000139266 ) ) ;
#288 = CYLINDRICAL_SURFACE ( 'NONE', #536, 0.5000000000000000000 ) ;
#289 = ORIENTED_EDGE ( 'NONE', *, *, #568, .T. ) ;
#290 = VERTEX_POINT ( 'NONE', #2229 ) ;
#291 = DIRECTION ( 'NONE',  ( 0.000000000000000000, 1.387778780781445676E-14, -1.000000000000000000 ) ) ;
#292 = DIRECTION ( 'NONE',  ( -0.000000000000000000, -7.114983804074972634E-15, 1.000000000000000000 ) ) ;
#293 = ORIENTED_EDGE ( 'NONE', *, *, #1454, .T. ) ;
#294 = DIRECTION ( 'NONE',  ( 1.000000000000000000, 0.000000000000000000, 0.000000000000000000 ) ) ;
#295 = ORIENTED_EDGE ( 'NONE', *, *, #2468, .T. ) ;
#296 = DIRECTION ( 'NONE',  ( -0.6785983445458573238, -0.6785983445458324548, 0.2810846377148306097 ) ) ;
#297 = ORIENTED_EDGE ( 'NONE', *, *, #1362, .T. ) ;
#298 = EDGE_CURVE ( 'NONE', #1174, #817, #2488, .T. ) ;
#299 = DIRECTION ( 'NONE',  ( -4.814824860968080664E-29, 1.000000000000000000, 6.938893903907221278E-15 ) ) ;
#300 = CARTESIAN_POINT ( 'NONE',  ( -1.399999999999998579, -20.22500000000001208, 2.200000000000002398 ) ) ;
#301 = ORIENTED_EDGE ( 'NONE', *, *, #461, .F. ) ;
#302 = ORIENTED_EDGE ( 'NONE', *, *, #413, .F. ) ;
#303 = CARTESIAN_POINT ( 'NONE',  ( -17.20000000000000639, 18.22499999999996234, 4.200000000000123634 ) ) ;
#304 = AXIS2_PLACEMENT_3D ( 'NONE', #1927, #2332, #1470 ) ;
#305 = DIRECTION ( 'NONE',  ( -0.000000000000000000, -7.114983804074972634E-15, 1.000000000000000000 ) ) ;
#306 = TOROIDAL_SURFACE ( 'NONE', #2527, 3.500000000000000000, 0.5000000000000000000 ) ;
#307 = VERTEX_POINT ( 'NONE', #1036 ) ;
#308 = AXIS2_PLACEMENT_3D ( 'NONE', #2677, #2305, #2094 ) ;
#309 = DIRECTION ( 'NONE',  ( 2.127649326015401300E-14, 0.7071067811865335839, -0.7071067811865614505 ) ) ;
#310 = VERTEX_POINT ( 'NONE', #1873 ) ;
#311 = DIRECTION ( 'NONE',  ( -1.000000000000000000, -0.000000000000000000, -0.000000000000000000 ) ) ;
#312 = VECTOR ( 'NONE', #2116, 1000.000000000000000 ) ;
#313 = AXIS2_PLACEMENT_3D ( 'NONE', #1293, #419, #1953 ) ;
#314 = CARTESIAN_POINT ( 'NONE',  ( -13.39999999999999858, -13.72500000000002274, 0.3999999999999108713 ) ) ;
#315 = CARTESIAN_POINT ( 'NONE',  ( 4.600000000000001421, -20.22500000000001208, -13.20037878244417406 ) ) ;
#316 = LINE ( 'NONE', #1146, #2581 ) ;
#317 = EDGE_CURVE ( 'NONE', #683, #2557, #2507, .T. ) ;
#318 = VERTEX_POINT ( 'NONE', #635 ) ;
#319 = ORIENTED_EDGE ( 'NONE', *, *, #1422, .F. ) ;
#320 = DIRECTION ( 'NONE',  ( 0.000000000000000000, 0.7071067811865435759, 0.7071067811865513475 ) ) ;
#321 = ADVANCED_FACE ( 'NONE', ( #207 ), #587, .F. ) ;
#322 = DIRECTION ( 'NONE',  ( -0.000000000000000000, 1.000000000000000000, 3.469446951955331381E-14 ) ) ;
#323 = EDGE_CURVE ( 'NONE', #1655, #1523, #1193, .T. ) ;
#324 = DIRECTION ( 'NONE',  ( 0.000000000000000000, 7.114983804074972634E-15, -1.000000000000000000 ) ) ;
#325 = LINE ( 'NONE', #118, #1488 ) ;
#326 = VERTEX_POINT ( 'NONE', #2042 ) ;
#327 = PLANE ( 'NONE',  #263 ) ;
#328 = CARTESIAN_POINT ( 'NONE',  ( 17.39999999999999858, 20.22499999999999432, 0.2000000000001435629 ) ) ;
#329 = ORIENTED_EDGE ( 'NONE', *, *, #919, .F. ) ;
#330 = ORIENTED_EDGE ( 'NONE', *, *, #2249, .T. ) ;
#331 = DIRECTION ( 'NONE',  ( -0.000000000000000000, -1.000000000000000000, -7.114983804074972634E-15 ) ) ;
#332 = EDGE_CURVE ( 'NONE', #189, #1105, #1534, .T. ) ;
#333 = EDGE_CURVE ( 'NONE', #414, #21, #2710, .T. ) ;
#334 = CARTESIAN_POINT ( 'NONE',  ( 1.600000000000001643, -14.72500000000002274, 3.999999999999899636 ) ) ;
#335 = PERSON_AND_ORGANIZATION ( #2414, #2156 ) ;
#336 = CARTESIAN_POINT ( 'NONE',  ( -9.399999999999998579, -13.72500000000002274, -13.20037878244417406 ) ) ;
#337 = ORIENTED_EDGE ( 'NONE', *, *, #1057, .T. ) ;
#338 = CARTESIAN_POINT ( 'NONE',  ( 17.39999999999999858, -18.22500000000001208, 4.200000000000022382 ) ) ;
#339 = ORIENTED_EDGE ( 'NONE', *, *, #352, .T. ) ;
#340 = ORIENTED_EDGE ( 'NONE', *, *, #1961, .F. ) ;
#341 = ORIENTED_EDGE ( 'NONE', *, *, #484, .T. ) ;
#342 = CARTESIAN_POINT ( 'NONE',  ( 17.39999999999999858, -18.22500000000001208, 4.200000000000022382 ) ) ;
#343 = AXIS2_PLACEMENT_3D ( 'NONE', #1318, #1901, #12 ) ;
#344 = COORDINATED_UNIVERSAL_TIME_OFFSET ( 1, 0, .AHEAD. ) ;
#345 = EDGE_CURVE ( 'NONE', #98, #2102, #1248, .T. ) ;
#346 = DIRECTION ( 'NONE',  ( -0.000000000000000000, -0.000000000000000000, 1.000000000000000000 ) ) ;
#347 = CIRCLE ( 'NONE', #1882, 0.4999999999999995559 ) ;
#348 = CIRCLE ( 'NONE', #1363, 0.5000000000000000000 ) ;
#349 = PLANE ( 'NONE',  #656 ) ;
#350 = VECTOR ( 'NONE', #923, 1000.000000000000000 ) ;
#351 = VECTOR ( 'NONE', #1526, 1000.000000000000000 ) ;
#352 = EDGE_CURVE ( 'NONE', #420, #1267, #988, .T. ) ;
#353 = AXIS2_PLACEMENT_3D ( 'NONE', #2525, #654, #1725 ) ;
#354 = DIRECTION ( 'NONE',  ( 0.000000000000000000, -1.000000000000000000, -6.947471028633934181E-15 ) ) ;
#355 = ORIENTED_EDGE ( 'NONE', *, *, #2350, .T. ) ;
#356 =( GEOMETRIC_REPRESENTATION_CONTEXT ( 3 ) GLOBAL_UNCERTAINTY_ASSIGNED_CONTEXT ( ( #1117 ) ) GLOBAL_UNIT_ASSIGNED_CONTEXT ( ( #2053, #1603, #2233 ) ) REPRESENTATION_CONTEXT ( 'NONE', 'WORKASPACE' ) );
#357 = ORIENTED_EDGE ( 'NONE', *, *, #1627, .T. ) ;
#358 = ORIENTED_EDGE ( 'NONE', *, *, #515, .F. ) ;
#359 = ORIENTED_EDGE ( 'NONE', *, *, #2261, .T. ) ;
#360 = PERSON_AND_ORGANIZATION ( #2414, #2156 ) ;
#361 = CARTESIAN_POINT ( 'NONE',  ( 17.39999999999999858, -20.22500000000001208, 2.200000000000001954 ) ) ;
#362 = ADVANCED_FACE ( 'NONE', ( #842 ), #2293, .F. ) ;
#363 = LINE ( 'NONE', #1794, #431 ) ;
#364 = EDGE_CURVE ( 'NONE', #1835, #1092, #610, .T. ) ;
#365 = CARTESIAN_POINT ( 'NONE',  ( 4.600000000000001421, 14.72500000000002274, 0.4000000000001085465 ) ) ;
#366 = ORIENTED_EDGE ( 'NONE', *, *, #1131, .T. ) ;
#367 = ORIENTED_EDGE ( 'NONE', *, *, #1026, .F. ) ;
#368 = CARTESIAN_POINT ( 'NONE',  ( 17.39999999999999858, -18.02500000000001634, 4.117157287525404996 ) ) ;
#369 = EDGE_LOOP ( 'NONE', ( #521, #1572, #900, #1375 ) ) ;
#370 = VERTEX_POINT ( 'NONE', #2256 ) ;
#371 = DIRECTION ( 'NONE',  ( -0.7071067811865597852, 0.7071067811865353603, 0.000000000000000000 ) ) ;
#372 = DIRECTION ( 'NONE',  ( -1.000000000000000000, -0.000000000000000000, -0.000000000000000000 ) ) ;
#373 = CARTESIAN_POINT ( 'NONE',  ( 10.60000000000000142, -13.22500000000001563, 4.499999999999910294 ) ) ;
#374 = PLANE ( 'NONE',  #914 ) ;
#375 = ADVANCED_FACE ( 'NONE', ( #1848 ), #1220, .F. ) ;
#376 = VERTEX_POINT ( 'NONE', #402 ) ;
#377 = ORIENTED_EDGE ( 'NONE', *, *, #1950, .T. ) ;
#378 = EDGE_CURVE ( 'NONE', #2658, #1267, #1883, .T. ) ;
#379 = ORIENTED_EDGE ( 'NONE', *, *, #2217, .T. ) ;
#380 = LINE ( 'NONE', #2291, #1212 ) ;
#381 = ORIENTED_EDGE ( 'NONE', *, *, #735, .T. ) ;
#382 = VECTOR ( 'NONE', #674, 1000.000000000000000 ) ;
#383 = CARTESIAN_POINT ( 'NONE',  ( 17.30000000000000426, 20.02500000000000213, 0.1000000000001441403 ) ) ;
#384 = AXIS2_PLACEMENT_3D ( 'NONE', #58, #926, #1530 ) ;
#385 = CIRCLE ( 'NONE', #1359, 0.5000000000000004441 ) ;
#386 = AXIS2_PLACEMENT_3D ( 'NONE', #2259, #1143, #144 ) ;
#387 = FACE_OUTER_BOUND ( 'NONE', #1123, .T. ) ;
#388 = CIRCLE ( 'NONE', #574, 0.5000000000000004441 ) ;
#389 = CIRCLE ( 'NONE', #2320, 0.5000000000000004441 ) ;
#390 = EDGE_LOOP ( 'NONE', ( #2370, #1763, #599, #2447 ) ) ;
#391 = CARTESIAN_POINT ( 'NONE',  ( 17.19999999999999929, -20.22500000000001208, 2.200000000000001954 ) ) ;
#392 = DIRECTION ( 'NONE',  ( 0.7071067811865597852, -0.7071067811865352493, -4.460489939442471806E-15 ) ) ;
#393 = EDGE_CURVE ( 'NONE', #2633, #290, #1232, .T. ) ;
#394 = VECTOR ( 'NONE', #1342, 999.9999999999998863 ) ;
#395 = ORIENTED_EDGE ( 'NONE', *, *, #2066, .T. ) ;
#396 = EDGE_LOOP ( 'NONE', ( #78, #1086, #2526, #1726, #946, #513 ) ) ;
#397 = EDGE_CURVE ( 'NONE', #1084, #1329, #348, .T. ) ;
#398 = CARTESIAN_POINT ( 'NONE',  ( 17.39999999999999858, -20.02500000000003055, -1.358209630622749067E-13 ) ) ;
#399 = VERTEX_POINT ( 'NONE', #1721 ) ;
#400 =( BOUNDED_CURVE ( )  B_SPLINE_CURVE ( 3, ( #2582, #60, #2564, #488 ),
 .UNSPECIFIED., .F., .F. ) 
 B_SPLINE_CURVE_WITH_KNOTS ( ( 4, 4 ),
 ( 1.570796326794891451, 1.982313172862703032 ),
 .UNSPECIFIED. ) 
 CURVE ( )  GEOMETRIC_REPRESENTATION_ITEM ( )  RATIONAL_B_SPLINE_CURVE ( ( 1.000000000000000000, 0.9859375419537800278, 0.9859375419537800278, 1.000000000000000000 ) ) 
 REPRESENTATION_ITEM ( '' )  );
#401 = CARTESIAN_POINT ( 'NONE',  ( 12.61411260136610935, 18.28830789173245819, 4.136692108267626899 ) ) ;
#402 = CARTESIAN_POINT ( 'NONE',  ( -5.399999999999998579, 18.42499999999995453, 4.000000000000135891 ) ) ;
#403 = LINE ( 'NONE', #208, #1399 ) ;
#404 = LINE ( 'NONE', #2083, #1180 ) ;
#405 = CARTESIAN_POINT ( 'NONE',  ( 12.60000000000000320, -20.22500000000001208, -13.20037878244417406 ) ) ;
#406 = VERTEX_POINT ( 'NONE', #2138 ) ;
#407 = CARTESIAN_POINT ( 'NONE',  ( -17.39999999999999858, -20.02500000000002345, 9.473955710845484993E-14 ) ) ;
#408 = LINE ( 'NONE', #1029, #1004 ) ;
#409 = ORIENTED_EDGE ( 'NONE', *, *, #633, .F. ) ;
#410 = ORIENTED_EDGE ( 'NONE', *, *, #2591, .T. ) ;
#411 = ADVANCED_FACE ( 'NONE', ( #905 ), #2562, .F. ) ;
#412 = DIRECTION ( 'NONE',  ( 0.000000000000000000, -3.469446951955331381E-14, 1.000000000000000000 ) ) ;
#413 = EDGE_CURVE ( 'NONE', #1672, #1581, #240, .T. ) ;
#414 = VERTEX_POINT ( 'NONE', #854 ) ;
#415 = PLANE ( 'NONE',  #1001 ) ;
#416 = DIRECTION ( 'NONE',  ( -0.000000000000000000, -0.000000000000000000, 1.000000000000000000 ) ) ;
#417 = DIRECTION ( 'NONE',  ( -1.000000000000000000, -0.000000000000000000, -0.000000000000000000 ) ) ;
#418 = DIRECTION ( 'NONE',  ( -0.000000000000000000, -0.000000000000000000, 1.000000000000000000 ) ) ;
#419 = DIRECTION ( 'NONE',  ( -0.000000000000000000, 1.000000000000000000, 3.469446951955331381E-14 ) ) ;
#420 = VERTEX_POINT ( 'NONE', #1691 ) ;
#421 = VERTEX_POINT ( 'NONE', #2360 ) ;
#422 = DIRECTION ( 'NONE',  ( -0.000000000000000000, 1.000000000000000000, 3.469446951955331381E-14 ) ) ;
#423 = LINE ( 'NONE', #190, #37 ) ;
#424 = DIRECTION ( 'NONE',  ( 0.7071067811865383579, 0.5000000000000022204, 0.5000000000000108802 ) ) ;
#425 = ADVANCED_FACE ( 'NONE', ( #1076 ), #1323, .F. ) ;
#426 = DIRECTION ( 'NONE',  ( -0.000000000000000000, -1.000000000000000000, -6.938893903907234689E-15 ) ) ;
#427 = DIRECTION ( 'NONE',  ( -3.611118645726060498E-29, -1.000000000000000000, -6.938893903907221278E-15 ) ) ;
#428 = VECTOR ( 'NONE', #930, 1000.000000000000000 ) ;
#429 = CARTESIAN_POINT ( 'NONE',  ( -13.39999999999999858, -13.72500000000002274, 3.999999999999906297 ) ) ;
#430 = CIRCLE ( 'NONE', #1976, 0.5000000000000000000 ) ;
#431 = VECTOR ( 'NONE', #1382, 1000.000000000000000 ) ;
#432 = CARTESIAN_POINT ( 'NONE',  ( -9.399999999999998579, 13.72500000000002274, 4.000000000000103917 ) ) ;
#433 = DIRECTION ( 'NONE',  ( -0.000000000000000000, -0.000000000000000000, 1.000000000000000000 ) ) ;
#434 = VERTEX_POINT ( 'NONE', #708 ) ;
#435 = AXIS2_PLACEMENT_3D ( 'NONE', #858, #1496, #908 ) ;
#436 = AXIS2_PLACEMENT_3D ( 'NONE', #336, #346, #2594 ) ;
#437 = VERTEX_POINT ( 'NONE', #1051 ) ;
#438 = CARTESIAN_POINT ( 'NONE',  ( -13.39999999999999858, 18.42499999999995453, 4.000000000000135003 ) ) ;
#439 = VECTOR ( 'NONE', #1682, 1000.000000000000000 ) ;
#440 = CARTESIAN_POINT ( 'NONE',  ( 17.39999999999999858, 20.22499999999998010, 2.200000000000142730 ) ) ;
#441 = FACE_OUTER_BOUND ( 'NONE', #821, .T. ) ;
#442 = DIRECTION ( 'NONE',  ( 0.000000000000000000, -1.000000000000000000, -6.947471028633934181E-15 ) ) ;
#443 = DIRECTION ( 'NONE',  ( 0.000000000000000000, -1.000000000000000000, -7.114983804074972634E-15 ) ) ;
#444 = EDGE_CURVE ( 'NONE', #1774, #1498, #2578, .T. ) ;
#445 = DIRECTION ( 'NONE',  ( 0.000000000000000000, -1.156482317317835161E-14, 1.000000000000000000 ) ) ;
#446 = ORIENTED_EDGE ( 'NONE', *, *, #1089, .F. ) ;
#447 = EDGE_CURVE ( 'NONE', #1092, #2330, #1887, .T. ) ;
#448 = DIRECTION ( 'NONE',  ( -0.000000000000000000, -0.000000000000000000, 1.000000000000000000 ) ) ;
#449 = DIRECTION ( 'NONE',  ( 1.000000000000000000, 0.000000000000000000, -0.000000000000000000 ) ) ;
#450 = ORIENTED_EDGE ( 'NONE', *, *, #2290, .T. ) ;
#451 = ORIENTED_EDGE ( 'NONE', *, *, #2017, .F. ) ;
#452 = CARTESIAN_POINT ( 'NONE',  ( -13.39999999999999858, -18.42500000000016058, 3.999999999999872546 ) ) ;
#453 = DIRECTION ( 'NONE',  ( -0.000000000000000000, 1.000000000000000000, 7.114983804074972634E-15 ) ) ;
#454 = ORIENTED_EDGE ( 'NONE', *, *, #2093, .F. ) ;
#455 = DIRECTION ( 'NONE',  ( -1.000000000000000000, -0.000000000000000000, -0.000000000000000000 ) ) ;
#456 = DIRECTION ( 'NONE',  ( -0.5773502691896341688, -0.5773502691896341688, 0.5773502691896088557 ) ) ;
#457 = DIRECTION ( 'NONE',  ( -0.000000000000000000, -0.000000000000000000, 1.000000000000000000 ) ) ;
#458 = CARTESIAN_POINT ( 'NONE',  ( 17.39999999999999858, -18.02500000000002345, 4.299999999999883471 ) ) ;
#459 = CARTESIAN_POINT ( 'NONE',  ( 17.19999999999999929, 18.22499999999995879, 4.500000000000133227 ) ) ;
#460 = LINE ( 'NONE', #256, #2671 ) ;
#461 = EDGE_CURVE ( 'NONE', #2612, #2557, #27, .T. ) ;
#462 = VERTEX_POINT ( 'NONE', #1260 ) ;
#463 = VERTEX_POINT ( 'NONE', #1932 ) ;
#464 = CARTESIAN_POINT ( 'NONE',  ( 10.60000000000000142, -15.72500000000001386, 3.999999999999892530 ) ) ;
#465 = EDGE_CURVE ( 'NONE', #1578, #2084, #2110, .T. ) ;
#466 = DIRECTION ( 'NONE',  ( 0.000000000000000000, -0.7071067811865414665, -0.7071067811865536790 ) ) ;
#467 = ORIENTED_EDGE ( 'NONE', *, *, #1418, .F. ) ;
#468 = CARTESIAN_POINT ( 'NONE',  ( -5.399999999999998579, 13.72500000000002274, 0.4000000000001016076 ) ) ;
#469 = DIRECTION ( 'NONE',  ( 0.000000000000000000, 0.7071067811865536790, -0.7071067811865414665 ) ) ;
#470 = LINE ( 'NONE', #1303, #127 ) ;
#471 = CARTESIAN_POINT ( 'NONE',  ( -1.899999999999998579, 14.72500000000002274, 4.000000000000107470 ) ) ;
#472 = DIRECTION ( 'NONE',  ( 0.000000000000000000, 7.114983804074972634E-15, -1.000000000000000000 ) ) ;
#473 = AXIS2_PLACEMENT_3D ( 'NONE', #261, #10, #1103 ) ;
#474 = CARTESIAN_POINT ( 'NONE',  ( 17.39999999999999858, -20.02500000000003055, -1.334852560514700217E-13 ) ) ;
#475 = ORIENTED_EDGE ( 'NONE', *, *, #2421, .F. ) ;
#476 = AXIS2_PLACEMENT_3D ( 'NONE', #1421, #1849, #2371 ) ;
#477 = ORIENTED_EDGE ( 'NONE', *, *, #992, .T. ) ;
#478 = CARTESIAN_POINT ( 'NONE',  ( 18.83333333333332504, 16.59166666666671119, 2.866666666666858987 ) ) ;
#479 = EDGE_CURVE ( 'NONE', #2145, #823, #646, .T. ) ;
#480 = AXIS2_PLACEMENT_3D ( 'NONE', #1780, #2388, #1369 ) ;
#481 = CARTESIAN_POINT ( 'NONE',  ( 4.600000000000001421, 18.42499999999995453, 4.000000000000135891 ) ) ;
#482 = ORIENTED_EDGE ( 'NONE', *, *, #1701, .F. ) ;
#483 = VECTOR ( 'NONE', #433, 1000.000000000000000 ) ;
#484 = EDGE_CURVE ( 'NONE', #318, #463, #389, .T. ) ;
#485 = CARTESIAN_POINT ( 'NONE',  ( 4.614112601366129773, -18.28830789173255766, 4.136692108267478574 ) ) ;
#486 = APPROVAL_PERSON_ORGANIZATION ( #775, #2126, #1010 ) ;
#487 = DIRECTION ( 'NONE',  ( 0.000000000000000000, 0.7071067811865435759, 0.7071067811865513475 ) ) ;
#488 = CARTESIAN_POINT ( 'NONE',  ( -1.441742430504479033, -18.22500000000001208, 4.200000000000022382 ) ) ;
#489 = DIRECTION ( 'NONE',  ( 0.000000000000000000, 1.000000000000000000, 7.285838599102588219E-15 ) ) ;
#490 = ORIENTED_EDGE ( 'NONE', *, *, #1454, .F. ) ;
#491 = LINE ( 'NONE', #1099, #751 ) ;
#492 = DIRECTION ( 'NONE',  ( 0.000000000000000000, -1.000000000000000000, -6.938893903907234689E-15 ) ) ;
#493 = ORIENTED_EDGE ( 'NONE', *, *, #2425, .F. ) ;
#494 = ORIENTED_EDGE ( 'NONE', *, *, #2631, .F. ) ;
#495 = DIRECTION ( 'NONE',  ( -0.000000000000000000, -1.000000000000000000, -6.938893903907234689E-15 ) ) ;
#496 = CARTESIAN_POINT ( 'NONE',  ( -9.399999999999998579, -13.72500000000002274, 3.999999999999906297 ) ) ;
#497 = CARTESIAN_POINT ( 'NONE',  ( 8.100000000000001421, 15.72500000000001386, 4.000000000000114575 ) ) ;
#498 = CARTESIAN_POINT ( 'NONE',  ( 8.100000000000001421, 15.72500000000001030, 4.500000000000115463 ) ) ;
#499 = ORIENTED_EDGE ( 'NONE', *, *, #812, .F. ) ;
#500 = ADVANCED_FACE ( 'NONE', ( #1705 ), #46, .T. ) ;
#501 = DIRECTION ( 'NONE',  ( -8.673617379884035472E-16, 1.387778780781445676E-14, -1.000000000000000000 ) ) ;
#502 = EDGE_CURVE ( 'NONE', #307, #1130, #882, .T. ) ;
#503 = CARTESIAN_POINT ( 'NONE',  ( -1.399999999999998579, -20.22500000000001208, 0.3999999999998657407 ) ) ;
#504 = DIRECTION ( 'NONE',  ( -4.814824860968084588E-29, 1.000000000000000000, 6.938893903907221278E-15 ) ) ;
#505 = DIRECTION ( 'NONE',  ( -0.000000000000000000, -0.000000000000000000, 1.000000000000000000 ) ) ;
#506 = DIRECTION ( 'NONE',  ( 0.000000000000000000, 1.000000000000000000, 7.114983804074972634E-15 ) ) ;
#507 = ORIENTED_EDGE ( 'NONE', *, *, #801, .F. ) ;
#508 = LINE ( 'NONE', #2172, #909 ) ;
#509 = PRODUCT_DEFINITION_SHAPE ( 'NONE', 'NONE',  #1469 ) ;
#510 = CARTESIAN_POINT ( 'NONE',  ( -13.39999999999999858, 20.22499999999998010, 2.200000000000142730 ) ) ;
#511 = EDGE_LOOP ( 'NONE', ( #1853, #176, #2357, #2649, #205, #1344, #1467, #359, #1316, #2144, #1364, #2702, #2423, #507, #1744, #1101, #875, #2281, #1922, #2647, #1782, #582, #1319, #339, #2318, #2659, #381, #619, #1424, #2118, #1610 ) ) ;
#512 = CARTESIAN_POINT ( 'NONE',  ( 12.60000000000000142, 15.72500000000001030, 0.4000000000001154854 ) ) ;
#513 = ORIENTED_EDGE ( 'NONE', *, *, #851, .T. ) ;
#514 = CARTESIAN_POINT ( 'NONE',  ( 8.600000000000001421, 15.72499999999989129, 4.000000000000114575 ) ) ;
#515 = EDGE_CURVE ( 'NONE', #2048, #1957, #2152, .T. ) ;
#516 = CARTESIAN_POINT ( 'NONE',  ( 17.39999999999999858, 20.02499999999998792, 2.117157287525524900 ) ) ;
#517 = DIRECTION ( 'NONE',  ( 0.000000000000000000, 3.469446951955331381E-14, -1.000000000000000000 ) ) ;
#518 = EDGE_CURVE ( 'NONE', #784, #2262, #1095, .T. ) ;
#519 = CARTESIAN_POINT ( 'NONE',  ( 8.100000000000001421, -18.22500000000002274, 4.499999999999873879 ) ) ;
#520 = FACE_OUTER_BOUND ( 'NONE', #796, .T. ) ;
#521 = ORIENTED_EDGE ( 'NONE', *, *, #2257, .F. ) ;
#522 = EDGE_LOOP ( 'NONE', ( #2695, #2451, #2326, #358 ) ) ;
#523 = DIRECTION ( 'NONE',  ( 0.000000000000000000, -1.000000000000000000, -6.952446431063297183E-15 ) ) ;
#524 = AXIS2_PLACEMENT_3D ( 'NONE', #1394, #1660, #371 ) ;
#525 = AXIS2_PLACEMENT_3D ( 'NONE', #2614, #545, #1204 ) ;
#526 = CARTESIAN_POINT ( 'NONE',  ( -13.39999999999999858, -20.22500000000001208, -13.20037878244417406 ) ) ;
#527 = ORIENTED_EDGE ( 'NONE', *, *, #2454, .T. ) ;
#528 = VECTOR ( 'NONE', #615, 1000.000000000000000 ) ;
#529 = AXIS2_PLACEMENT_3D ( 'NONE', #1463, #2295, #1251 ) ;
#530 = FACE_OUTER_BOUND ( 'NONE', #1472, .T. ) ;
#531 = APPROVAL_ROLE ( '' ) ;
#532 = FACE_OUTER_BOUND ( 'NONE', #2460, .T. ) ;
#533 = VECTOR ( 'NONE', #1743, 1000.000000000000114 ) ;
#534 = AXIS2_PLACEMENT_3D ( 'NONE', #1154, #86, #2606 ) ;
#535 = PLANE ( 'NONE',  #2280 ) ;
#536 = AXIS2_PLACEMENT_3D ( 'NONE', #2202, #1328, #2368 ) ;
#537 = PLANE ( 'NONE',  #480 ) ;
#538 = EDGE_CURVE ( 'NONE', #1348, #1441, #891, .T. ) ;
#539 = CC_DESIGN_SECURITY_CLASSIFICATION ( #2452, ( #225 ) ) ;
#540 = CARTESIAN_POINT ( 'NONE',  ( 17.39999999999999858, 20.22499999999998010, 2.200000000000142730 ) ) ;
#541 = CARTESIAN_POINT ( 'NONE',  ( 17.39999999999999858, -20.02500000000003055, 0.1999999999998652855 ) ) ;
#542 = ORIENTED_EDGE ( 'NONE', *, *, #1989, .F. ) ;
#543 = EDGE_CURVE ( 'NONE', #2198, #370, #2166, .T. ) ;
#544 = ORIENTED_EDGE ( 'NONE', *, *, #397, .T. ) ;
#545 = DIRECTION ( 'NONE',  ( 0.000000000000000000, -6.947471028633934181E-15, 1.000000000000000000 ) ) ;
#546 = LINE ( 'NONE', #2589, #788 ) ;
#547 = EDGE_LOOP ( 'NONE', ( #2686, #2206, #493, #379, #2544 ) ) ;
#548 = CARTESIAN_POINT ( 'NONE',  ( 12.64174243050448432, -18.22500000000001208, 4.200000000000022382 ) ) ;
#549 = PLANE ( 'NONE',  #2396 ) ;
#550 = DIRECTION ( 'NONE',  ( 0.000000000000000000, -1.000000000000000000, -6.947471028633934181E-15 ) ) ;
#551 = CARTESIAN_POINT ( 'NONE',  ( -5.399999999999998579, 13.72500000000002274, -13.20037878244417406 ) ) ;
#552 = CARTESIAN_POINT ( 'NONE',  ( 17.39999999999999858, -1.389494205726817641E-15, 0.2000000000000044242 ) ) ;
#553 = APPROVAL ( #763, 'UNSPECIFIED' ) ;
#554 = CARTESIAN_POINT ( 'NONE',  ( 10.60000000000000142, -15.72500000000001386, 3.999999999999892530 ) ) ;
#555 = ORIENTED_EDGE ( 'NONE', *, *, #1505, .T. ) ;
#556 = ORIENTED_EDGE ( 'NONE', *, *, #1791, .T. ) ;
#557 = CARTESIAN_POINT ( 'NONE',  ( 17.39999999999999858, -20.22500000000002274, 0.3999999999998651301 ) ) ;
#558 = EDGE_CURVE ( 'NONE', #399, #2050, #70, .T. ) ;
#559 = DIRECTION ( 'NONE',  ( 0.000000000000000000, 1.000000000000000000, 7.114983804074972634E-15 ) ) ;
#560 = ORIENTED_EDGE ( 'NONE', *, *, #484, .F. ) ;
#561 = CARTESIAN_POINT ( 'NONE',  ( -1.399999999999998579, 20.22500000000001208, 0.4000000000001467937 ) ) ;
#562 = CARTESIAN_POINT ( 'NONE',  ( -17.20000000000000639, -18.22500000000001208, 4.200000000000022382 ) ) ;
#563 = LINE ( 'NONE', #90, #1580 ) ;
#564 = ORIENTED_EDGE ( 'NONE', *, *, #801, .T. ) ;
#565 = DIRECTION ( 'NONE',  ( 0.000000000000000000, 1.000000000000000000, 6.947471028633934181E-15 ) ) ;
#566 = ORIENTED_EDGE ( 'NONE', *, *, #1924, .F. ) ;
#567 = ORIENTED_EDGE ( 'NONE', *, *, #1689, .T. ) ;
#568 = EDGE_CURVE ( 'NONE', #420, #437, #994, .T. ) ;
#569 = VECTOR ( 'NONE', #54, 1000.000000000000000 ) ;
#570 = PERSON_AND_ORGANIZATION ( #2414, #2156 ) ;
#571 = ADVANCED_FACE ( 'NONE', ( #2191 ), #130, .T. ) ;
#572 = CIRCLE ( 'NONE', #2104, 2.499999999999998668 ) ;
#573 = AXIS2_PLACEMENT_3D ( 'NONE', #2691, #1650, #2680 ) ;
#574 = AXIS2_PLACEMENT_3D ( 'NONE', #757, #299, #91 ) ;
#575 = VECTOR ( 'NONE', #487, 1000.000000000000114 ) ;
#576 = DIRECTION ( 'NONE',  ( 0.000000000000000000, 1.000000000000000000, 7.114983804074972634E-15 ) ) ;
#577 = AXIS2_PLACEMENT_3D ( 'NONE', #342, #322, #1166 ) ;
#578 = ORIENTED_EDGE ( 'NONE', *, *, #1457, .F. ) ;
#579 = ORIENTED_EDGE ( 'NONE', *, *, #1722, .F. ) ;
#580 = CARTESIAN_POINT ( 'NONE',  ( 12.60000000000000320, 20.22499999999998010, 2.200000000000141842 ) ) ;
#581 = VERTEX_POINT ( 'NONE', #750 ) ;
#582 = ORIENTED_EDGE ( 'NONE', *, *, #968, .T. ) ;
#583 =( BOUNDED_CURVE ( )  B_SPLINE_CURVE ( 3, ( #2621, #778, #1208, #184 ),
 .UNSPECIFIED., .F., .F. ) 
 B_SPLINE_CURVE_WITH_KNOTS ( ( 4, 4 ),
 ( 1.159279480727090528, 1.570796326794896336 ),
 .UNSPECIFIED. ) 
 CURVE ( )  GEOMETRIC_REPRESENTATION_ITEM ( )  RATIONAL_B_SPLINE_CURVE ( ( 1.000000000000000000, 0.9859375419537805829, 0.9859375419537805829, 1.000000000000000000 ) ) 
 REPRESENTATION_ITEM ( '' )  );
#584 = CARTESIAN_POINT ( 'NONE',  ( 8.600000000000001421, -15.72500000000001386, 0.3999999999998969935 ) ) ;
#585 = DIRECTION ( 'NONE',  ( 0.7071067811865591191, 5.031053295893789438E-15, -0.7071067811865360264 ) ) ;
#586 = ADVANCED_FACE ( 'NONE', ( #2227 ), #1993, .T. ) ;
#587 = PLANE ( 'NONE',  #2234 ) ;
#588 = LINE ( 'NONE', #2636, #2058 ) ;
#589 = CARTESIAN_POINT ( 'NONE',  ( -5.358257569495518347, -18.22500000000001208, 4.200000000000022382 ) ) ;
#590 = ORIENTED_EDGE ( 'NONE', *, *, #756, .T. ) ;
#591 = CARTESIAN_POINT ( 'NONE',  ( 8.558257569495520301, -18.22500000000001208, 4.200000000000022382 ) ) ;
#592 = ORIENTED_EDGE ( 'NONE', *, *, #2480, .T. ) ;
#593 = ORIENTED_EDGE ( 'NONE', *, *, #1521, .T. ) ;
#594 = DIRECTION ( 'NONE',  ( -1.000000000000000000, 0.000000000000000000, 0.000000000000000000 ) ) ;
#595 = ORIENTED_EDGE ( 'NONE', *, *, #785, .T. ) ;
#596 = CARTESIAN_POINT ( 'NONE',  ( 17.39999999999999858, 18.22499999999996234, 4.200000000000123634 ) ) ;
#597 = EDGE_CURVE ( 'NONE', #2175, #1564, #2417, .T. ) ;
#598 = DIRECTION ( 'NONE',  ( 0.000000000000000000, -3.469446951953611033E-14, 1.000000000000000000 ) ) ;
#599 = ORIENTED_EDGE ( 'NONE', *, *, #2290, .F. ) ;
#600 = EDGE_CURVE ( 'NONE', #697, #1284, #2065, .T. ) ;
#601 = DIRECTION ( 'NONE',  ( 0.000000000000000000, -0.7071067811865435759, -0.7071067811865513475 ) ) ;
#602 = EDGE_LOOP ( 'NONE', ( #629, #341, #1403, #2638 ) ) ;
#603 = ORIENTED_EDGE ( 'NONE', *, *, #1026, .T. ) ;
#604 = CYLINDRICAL_SURFACE ( 'NONE', #1926, 0.5000000000000004441 ) ;
#605 = ORIENTED_EDGE ( 'NONE', *, *, #2093, .T. ) ;
#606 = TOROIDAL_SURFACE ( 'NONE', #745, 4.500000000000000888, 0.5000000000000000000 ) ;
#607 = DIRECTION ( 'NONE',  ( 0.000000000000000000, 1.000000000000000000, 6.947471028633934181E-15 ) ) ;
#608 = VECTOR ( 'NONE', #457, 1000.000000000000000 ) ;
#609 = AXIS2_PLACEMENT_3D ( 'NONE', #2630, #1753, #276 ) ;
#610 = CIRCLE ( 'NONE', #2194, 3.499999999999999556 ) ;
#611 = ADVANCED_FACE ( 'NONE', ( #777 ), #1599, .T. ) ;
#612 = CYLINDRICAL_SURFACE ( 'NONE', #1262, 0.5000000000000004441 ) ;
#613 = CIRCLE ( 'NONE', #660, 0.5000000000000000000 ) ;
#614 = ORIENTED_EDGE ( 'NONE', *, *, #666, .T. ) ;
#615 = DIRECTION ( 'NONE',  ( 0.000000000000000000, 4.731064025390998189E-15, 1.000000000000000000 ) ) ;
#616 = CARTESIAN_POINT ( 'NONE',  ( -13.41411260136612782, -18.28830789173255411, 4.136692108267478574 ) ) ;
#617 = AXIS2_PLACEMENT_3D ( 'NONE', #1280, #2310, #859 ) ;
#618 = EDGE_CURVE ( 'NONE', #2577, #1118, #115, .T. ) ;
#619 = ORIENTED_EDGE ( 'NONE', *, *, #2553, .T. ) ;
#620 = EDGE_LOOP ( 'NONE', ( #2472, #2311, #1245, #1340 ) ) ;
#621 = FACE_OUTER_BOUND ( 'NONE', #1479, .T. ) ;
#622 = ORIENTED_EDGE ( 'NONE', *, *, #1652, .T. ) ;
#623 = FACE_OUTER_BOUND ( 'NONE', #94, .T. ) ;
#624 = CARTESIAN_POINT ( 'NONE',  ( 8.100000000000001421, -18.22500000000000497, 3.999999999999874323 ) ) ;
#625 = DIRECTION ( 'NONE',  ( -1.000000000000000000, -0.000000000000000000, -0.000000000000000000 ) ) ;
#626 = DIRECTION ( 'NONE',  ( -0.000000000000000000, -1.000000000000000000, -7.114983804074972634E-15 ) ) ;
#627 = DIRECTION ( 'NONE',  ( 0.7071067811865353603, -0.7071067811865597852, 0.000000000000000000 ) ) ;
#628 = CARTESIAN_POINT ( 'NONE',  ( -13.89999999999999858, -13.72500000000014531, 3.999999999999906297 ) ) ;
#629 = ORIENTED_EDGE ( 'NONE', *, *, #2213, .T. ) ;
#630 = ORIENTED_EDGE ( 'NONE', *, *, #2047, .T. ) ;
#631 = ADVANCED_FACE ( 'NONE', ( #1792 ), #1766, .F. ) ;
#632 = EDGE_LOOP ( 'NONE', ( #1928, #590, #1241, #2708 ) ) ;
#633 = EDGE_CURVE ( 'NONE', #161, #2587, #2668, .T. ) ;
#634 = DIRECTION ( 'NONE',  ( 0.000000000000000000, 0.7071067811865435759, 0.7071067811865513475 ) ) ;
#635 = CARTESIAN_POINT ( 'NONE',  ( 5.100000000000002309, -18.22500000000002274, 4.499999999999873879 ) ) ;
#636 = DIRECTION ( 'NONE',  ( 0.7071067811865352493, -0.7071067811865597852, -2.453269466694655276E-14 ) ) ;
#637 = FACE_OUTER_BOUND ( 'NONE', #2223, .T. ) ;
#638 = DIRECTION ( 'NONE',  ( 2.725854962992651822E-16, -0.7071067811865435759, -0.7071067811865513475 ) ) ;
#639 = ORIENTED_EDGE ( 'NONE', *, *, #1197, .T. ) ;
#640 = ORIENTED_EDGE ( 'NONE', *, *, #1277, .F. ) ;
#641 = CARTESIAN_POINT ( 'NONE',  ( -13.39999999999999858, -13.72500000000002274, -13.20037878244417406 ) ) ;
#642 = EDGE_CURVE ( 'NONE', #1984, #376, #1168, .T. ) ;
#643 = DIRECTION ( 'NONE',  ( -0.6785983445458584340, 0.6785983445458315666, 0.2810846377148301101 ) ) ;
#644 = DIRECTION ( 'NONE',  ( -0.000000000000000000, -0.000000000000000000, 1.000000000000000000 ) ) ;
#645 = EDGE_CURVE ( 'NONE', #2091, #1238, #2018, .T. ) ;
#646 = LINE ( 'NONE', #2322, #164 ) ;
#647 = VECTOR ( 'NONE', #687, 1000.000000000000114 ) ;
#648 = CIRCLE ( 'NONE', #2148, 0.5000000000000004441 ) ;
#649 = CARTESIAN_POINT ( 'NONE',  ( 8.558257569495589578, 18.22499999999996234, 4.200000000000123634 ) ) ;
#650 = CARTESIAN_POINT ( 'NONE',  ( -5.399999999999998579, -18.35592542715432884, 4.069074572845705617 ) ) ;
#651 = ORIENTED_EDGE ( 'NONE', *, *, #465, .F. ) ;
#652 = AXIS2_PLACEMENT_3D ( 'NONE', #557, #1162, #1607 ) ;
#653 = VECTOR ( 'NONE', #155, 1000.000000000000114 ) ;
#654 = DIRECTION ( 'NONE',  ( 0.000000000000000000, 7.114983804074972634E-15, -1.000000000000000000 ) ) ;
#655 = ORIENTED_EDGE ( 'NONE', *, *, #230, .T. ) ;
#656 = AXIS2_PLACEMENT_3D ( 'NONE', #1613, #585, #1419 ) ;
#657 = VECTOR ( 'NONE', #57, 1000.000000000000000 ) ;
#658 = ORIENTED_EDGE ( 'NONE', *, *, #2177, .F. ) ;
#659 = DIRECTION ( 'NONE',  ( 0.000000000000000000, 7.114983804074972634E-15, -1.000000000000000000 ) ) ;
#660 = AXIS2_PLACEMENT_3D ( 'NONE', #1453, #1654, #2287 ) ;
#661 = CARTESIAN_POINT ( 'NONE',  ( 8.585887398633897050, 18.28830789173246174, 4.136692108267625123 ) ) ;
#662 = LOCAL_TIME ( 11, 23, 36.00000000000000000, #1367 ) ;
#663 = EDGE_CURVE ( 'NONE', #1852, #1688, #2620, .T. ) ;
#664 = DIRECTION ( 'NONE',  ( -0.000000000000000000, 6.308085367188399116E-15, -1.000000000000000000 ) ) ;
#665 = CARTESIAN_POINT ( 'NONE',  ( 17.39999999999999858, -20.22500000000002274, 0.3999999999998651301 ) ) ;
#666 = EDGE_CURVE ( 'NONE', #942, #1105, #2652, .T. ) ;
#667 = CYLINDRICAL_SURFACE ( 'NONE', #2150, 0.5000000000000004441 ) ;
#668 = ADVANCED_FACE ( 'NONE', ( #937 ), #549, .F. ) ;
#669 = DIRECTION ( 'NONE',  ( -1.000000000000000000, -0.000000000000000000, -0.000000000000000000 ) ) ;
#670 = DIRECTION ( 'NONE',  ( -1.000000000000000000, -0.000000000000000000, -0.000000000000000000 ) ) ;
#671 = ORIENTED_EDGE ( 'NONE', *, *, #1608, .T. ) ;
#672 = ORIENTED_EDGE ( 'NONE', *, *, #1355, .F. ) ;
#673 = CARTESIAN_POINT ( 'NONE',  ( -17.20000000000000639, -20.02500000000003055, -1.334852560514700217E-13 ) ) ;
#674 = DIRECTION ( 'NONE',  ( -1.000000000000000000, -0.000000000000000000, -0.000000000000000000 ) ) ;
#675 = DIRECTION ( 'NONE',  ( -0.000000000000000000, 6.947471028633934181E-15, -1.000000000000000000 ) ) ;
#676 = CARTESIAN_POINT ( 'NONE',  ( 5.100000000000002309, -14.72500000000002274, 3.999999999999899636 ) ) ;
#677 = PLANE ( 'NONE',  #384 ) ;
#678 = ADVANCED_FACE ( 'NONE', ( #532 ), #2430, .T. ) ;
#679 = CARTESIAN_POINT ( 'NONE',  ( -5.399999999999998579, -18.42500000000015703, 3.999999999999874323 ) ) ;
#680 = DIRECTION ( 'NONE',  ( 0.000000000000000000, 1.000000000000000000, 7.114983804074972634E-15 ) ) ;
#681 = CARTESIAN_POINT ( 'NONE',  ( 8.600000000000001421, -20.22500000000001208, 2.200000000000001954 ) ) ;
#682 =( BOUNDED_CURVE ( )  B_SPLINE_CURVE ( 3, ( #2485, #1379, #616, #2428 ),
 .UNSPECIFIED., .F., .F. ) 
 B_SPLINE_CURVE_WITH_KNOTS ( ( 4, 4 ),
 ( 1.570796326794896558, 1.982313172862709028 ),
 .UNSPECIFIED. ) 
 CURVE ( )  GEOMETRIC_REPRESENTATION_ITEM ( )  RATIONAL_B_SPLINE_CURVE ( ( 1.000000000000000000, 0.9859375419537800278, 0.9859375419537800278, 1.000000000000000000 ) ) 
 REPRESENTATION_ITEM ( '' )  );
#683 = VERTEX_POINT ( 'NONE', #1408 ) ;
#684 = EDGE_CURVE ( 'NONE', #2100, #1683, #154, .T. ) ;
#685 = ORIENTED_EDGE ( 'NONE', *, *, #2674, .F. ) ;
#686 = FACE_OUTER_BOUND ( 'NONE', #1370, .T. ) ;
#687 = DIRECTION ( 'NONE',  ( -0.6785983445458358965, 0.6785983445458581009, -0.2810846377148202846 ) ) ;
#688 = ORIENTED_EDGE ( 'NONE', *, *, #1229, .T. ) ;
#689 = CYLINDRICAL_SURFACE ( 'NONE', #2579, 0.5000000000000004441 ) ;
#690 = CARTESIAN_POINT ( 'NONE',  ( -17.39999999999999858, -11.07107864376280837, 11.07107864376268758 ) ) ;
#691 = DIRECTION ( 'NONE',  ( 0.7071067811865597852, -0.7071067811865353603, 9.185433182841828138E-17 ) ) ;
#692 = DIRECTION ( 'NONE',  ( 0.000000000000000000, 0.7071067811865536790, -0.7071067811865414665 ) ) ;
#693 = LINE ( 'NONE', #551, #1936 ) ;
#694 = TOROIDAL_SURFACE ( 'NONE', #959, 2.500000000000000000, 0.5000000000000000000 ) ;
#695 = DIRECTION ( 'NONE',  ( 0.000000000000000000, -0.7071067811865414665, -0.7071067811865536790 ) ) ;
#696 = EDGE_CURVE ( 'NONE', #1441, #1397, #380, .T. ) ;
#697 = VERTEX_POINT ( 'NONE', #1244 ) ;
#698 = VECTOR ( 'NONE', #1730, 1000.000000000000000 ) ;
#699 = AXIS2_PLACEMENT_3D ( 'NONE', #596, #1461, #1432 ) ;
#700 = ORIENTED_EDGE ( 'NONE', *, *, #1508, .T. ) ;
#701 = EDGE_CURVE ( 'NONE', #1552, #2682, #2661, .T. ) ;
#702 = AXIS2_PLACEMENT_3D ( 'NONE', #1292, #834, #627 ) ;
#703 = AXIS2_PLACEMENT_3D ( 'NONE', #1643, #2492, #2685 ) ;
#704 = VECTOR ( 'NONE', #277, 1000.000000000000000 ) ;
#705 = CARTESIAN_POINT ( 'NONE',  ( 17.39999999999999858, -18.22500000000002274, 4.499999999999873879 ) ) ;
#706 = LOCAL_TIME ( 11, 23, 36.00000000000000000, #1393 ) ;
#707 = VERTEX_POINT ( 'NONE', #1011 ) ;
#708 = CARTESIAN_POINT ( 'NONE',  ( -13.44174243050447970, -18.22500000000001208, 4.200000000000022382 ) ) ;
#709 = LINE ( 'NONE', #1548, #1934 ) ;
#710 = DIRECTION ( 'NONE',  ( -3.854941057726240562E-16, -1.000000000000000000, -6.947471028633934181E-15 ) ) ;
#711 = CARTESIAN_POINT ( 'NONE',  ( 10.60000000000000142, 15.72500000000001386, 4.000000000000118128 ) ) ;
#712 = ORIENTED_EDGE ( 'NONE', *, *, #1829, .T. ) ;
#713 = DESIGN_CONTEXT ( 'detailed design', #47, 'design' ) ;
#714 = ORIENTED_EDGE ( 'NONE', *, *, #518, .T. ) ;
#715 = DIRECTION ( 'NONE',  ( 0.000000000000000000, 1.000000000000000000, 7.114983804074972634E-15 ) ) ;
#716 = DIRECTION ( 'NONE',  ( -0.000000000000000000, -0.000000000000000000, 1.000000000000000000 ) ) ;
#717 = EDGE_CURVE ( 'NONE', #2235, #1144, #918, .T. ) ;
#718 = FACE_OUTER_BOUND ( 'NONE', #2493, .T. ) ;
#719 = EDGE_LOOP ( 'NONE', ( #933, #1785, #1879, #1959 ) ) ;
#720 = DIRECTION ( 'NONE',  ( -1.000000000000000000, 0.000000000000000000, 0.000000000000000000 ) ) ;
#721 = EDGE_CURVE ( 'NONE', #307, #1254, #2245, .T. ) ;
#722 = ADVANCED_FACE ( 'NONE', ( #1215 ), #1033, .F. ) ;
#723 = CARTESIAN_POINT ( 'NONE',  ( 8.600000000000001421, -15.72500000000001386, -13.20037878244417406 ) ) ;
#724 = VERTEX_POINT ( 'NONE', #1856 ) ;
#725 = DIRECTION ( 'NONE',  ( 0.7071067811865352493, 0.7071067811865597852, 8.177564888977880230E-15 ) ) ;
#726 = CARTESIAN_POINT ( 'NONE',  ( -1.899999999999998579, -14.72500000000002274, 3.999999999999899636 ) ) ;
#727 = ORIENTED_EDGE ( 'NONE', *, *, #2180, .T. ) ;
#728 = ORIENTED_EDGE ( 'NONE', *, *, #2568, .T. ) ;
#729 = FACE_OUTER_BOUND ( 'NONE', #915, .T. ) ;
#730 = LINE ( 'NONE', #526, #2192 ) ;
#731 = VERTEX_POINT ( 'NONE', #584 ) ;
#732 = MECHANICAL_CONTEXT ( 'NONE', #902, 'mechanical' ) ;
#733 = ADVANCED_FACE ( 'NONE', ( #1417 ), #2464, .F. ) ;
#734 = DIRECTION ( 'NONE',  ( 0.000000000000000000, -0.7071067811865536790, 0.7071067811865414665 ) ) ;
#735 = EDGE_CURVE ( 'NONE', #326, #310, #2051, .T. ) ;
#736 = CARTESIAN_POINT ( 'NONE',  ( 17.80383413891536293, 19.62116586108464134, 1.949883710237518164 ) ) ;
#737 = ORIENTED_EDGE ( 'NONE', *, *, #1963, .T. ) ;
#738 = CARTESIAN_POINT ( 'NONE',  ( -5.399999999999998579, 20.22500000000001208, 2.200000000000111644 ) ) ;
#739 = DIRECTION ( 'NONE',  ( 0.000000000000000000, 1.000000000000000000, 6.947471028633934181E-15 ) ) ;
#740 = VERTEX_POINT ( 'NONE', #1845 ) ;
#741 = ORIENTED_EDGE ( 'NONE', *, *, #177, .F. ) ;
#742 = LINE ( 'NONE', #944, #786 ) ;
#743 = VECTOR ( 'NONE', #2331, 1000.000000000000000 ) ;
#744 = DIRECTION ( 'NONE',  ( -0.000000000000000000, 1.000000000000000000, 3.469446951955331381E-14 ) ) ;
#745 = AXIS2_PLACEMENT_3D ( 'NONE', #1915, #2504, #1090 ) ;
#746 = ORIENTED_EDGE ( 'NONE', *, *, #2425, .T. ) ;
#747 = AXIS2_PLACEMENT_3D ( 'NONE', #2186, #292, #1135 ) ;
#748 = VECTOR ( 'NONE', #550, 1000.000000000000000 ) ;
#749 = DIRECTION ( 'NONE',  ( 0.000000000000000000, -1.000000000000000000, -7.114983804074972634E-15 ) ) ;
#750 = CARTESIAN_POINT ( 'NONE',  ( -13.39999999999999858, 13.72500000000002274, 0.4000000000001016631 ) ) ;
#751 = VECTOR ( 'NONE', #1327, 1000.000000000000000 ) ;
#752 = VECTOR ( 'NONE', #2346, 1000.000000000000000 ) ;
#753 = CARTESIAN_POINT ( 'NONE',  ( 17.39999999999999858, -20.22500000000001208, 2.200000000000001954 ) ) ;
#754 = CARTESIAN_POINT ( 'NONE',  ( -17.20000000000000639, -18.22500000000001208, 4.200000000000022382 ) ) ;
#755 = ORIENTED_EDGE ( 'NONE', *, *, #1816, .F. ) ;
#756 = EDGE_CURVE ( 'NONE', #434, #1943, #2662, .T. ) ;
#757 = CARTESIAN_POINT ( 'NONE',  ( -13.89999999999999858, 13.72500000000002274, 4.000000000000100364 ) ) ;
#758 = FACE_OUTER_BOUND ( 'NONE', #108, .T. ) ;
#759 = EDGE_LOOP ( 'NONE', ( #1112, #953, #2027, #1857 ) ) ;
#760 = EDGE_LOOP ( 'NONE', ( #1330, #2087, #1020, #73, #912 ) ) ;
#761 = ADVANCED_FACE ( 'NONE', ( #1192 ), #604, .T. ) ;
#762 = ORIENTED_EDGE ( 'NONE', *, *, #971, .F. ) ;
#763 = APPROVAL_STATUS ( 'not_yet_approved' ) ;
#764 = DIRECTION ( 'NONE',  ( 0.000000000000000000, -1.000000000000000000, -6.952446431063297183E-15 ) ) ;
#765 = FACE_OUTER_BOUND ( 'NONE', #1728, .T. ) ;
#766 = CARTESIAN_POINT ( 'NONE',  ( 17.39999999999999858, 20.22499999999998010, 2.200000000000142730 ) ) ;
#767 = VERTEX_POINT ( 'NONE', #799 ) ;
#768 = EDGE_CURVE ( 'NONE', #1966, #51, #1634, .T. ) ;
#769 = ORIENTED_EDGE ( 'NONE', *, *, #2688, .F. ) ;
#770 = ORIENTED_EDGE ( 'NONE', *, *, #2623, .T. ) ;
#771 = ADVANCED_FACE ( 'NONE', ( #621 ), #2266, .F. ) ;
#772 = ORIENTED_EDGE ( 'NONE', *, *, #996, .F. ) ;
#773 = EDGE_LOOP ( 'NONE', ( #2694, #2136, #849, #202 ) ) ;
#774 = DIRECTION ( 'NONE',  ( 0.000000000000000000, -6.308085367188399116E-15, 1.000000000000000000 ) ) ;
#775 = PERSON_AND_ORGANIZATION ( #2414, #2156 ) ;
#776 =( BOUNDED_CURVE ( )  B_SPLINE_CURVE ( 3, ( #864, #661, #2383, #920 ),
 .UNSPECIFIED., .F., .F. ) 
 B_SPLINE_CURVE_WITH_KNOTS ( ( 4, 4 ),
 ( 4.300872134317223150, 4.712388980384689674 ),
 .UNSPECIFIED. ) 
 CURVE ( )  GEOMETRIC_REPRESENTATION_ITEM ( )  RATIONAL_B_SPLINE_CURVE ( ( 1.000000000000000000, 0.9859375419538036756, 0.9859375419538036756, 1.000000000000000000 ) ) 
 REPRESENTATION_ITEM ( '' )  );
#777 = FACE_OUTER_BOUND ( 'NONE', #107, .T. ) ;
#778 = CARTESIAN_POINT ( 'NONE',  ( 12.61411260136613066, -18.28830789173255766, 4.136692108267478574 ) ) ;
#779 = LINE ( 'NONE', #1185, #748 ) ;
#780 = VERTEX_POINT ( 'NONE', #2067 ) ;
#781 = LINE ( 'NONE', #580, #1532 ) ;
#782 = VERTEX_POINT ( 'NONE', #810 ) ;
#783 = VECTOR ( 'NONE', #1625, 1000.000000000000114 ) ;
#784 = VERTEX_POINT ( 'NONE', #2474 ) ;
#785 = EDGE_CURVE ( 'NONE', #399, #2612, #1442, .T. ) ;
#786 = VECTOR ( 'NONE', #331, 1000.000000000000000 ) ;
#787 = CARTESIAN_POINT ( 'NONE',  ( -16.66049571322034950, 18.76450428677964055, 4.423469992542682583 ) ) ;
#788 = VECTOR ( 'NONE', #716, 1000.000000000000000 ) ;
#789 = AXIS2_PLACEMENT_3D ( 'NONE', #1411, #1589, #1994 ) ;
#790 = CIRCLE ( 'NONE', #1623, 0.5000000000000004441 ) ;
#791 = VECTOR ( 'NONE', #1182, 1000.000000000000000 ) ;
#792 = DIRECTION ( 'NONE',  ( 0.000000000000000000, 7.114983804074972634E-15, -1.000000000000000000 ) ) ;
#793 = DIRECTION ( 'NONE',  ( 0.000000000000000000, -1.000000000000000000, -6.938893903907230744E-15 ) ) ;
#794 = LINE ( 'NONE', #2701, #1707 ) ;
#795 = ORIENTED_EDGE ( 'NONE', *, *, #1282, .F. ) ;
#796 = EDGE_LOOP ( 'NONE', ( #838, #494, #2415, #579, #904 ) ) ;
#797 = VERTEX_POINT ( 'NONE', #250 ) ;
#798 = EDGE_CURVE ( 'NONE', #310, #767, #31, .T. ) ;
#799 = CARTESIAN_POINT ( 'NONE',  ( -13.44174243050440687, 18.22499999999996234, 4.200000000000123634 ) ) ;
#800 = CARTESIAN_POINT ( 'NONE',  ( 8.100000000000001421, -15.72500000000001386, 3.999999999999892530 ) ) ;
#801 = EDGE_CURVE ( 'NONE', #2084, #1719, #1104, .T. ) ;
#802 = CARTESIAN_POINT ( 'NONE',  ( 1.600000000000001643, -14.72500000000002629, 4.499999999999898748 ) ) ;
#803 = CARTESIAN_POINT ( 'NONE',  ( -4.899999999999997691, -13.72500000000002274, 3.999999999999906297 ) ) ;
#804 = CARTESIAN_POINT ( 'NONE',  ( -1.441742430504409311, 18.22499999999996234, 4.200000000000123634 ) ) ;
#805 = CARTESIAN_POINT ( 'NONE',  ( -9.399999999999998579, -9.725000000000020961, 3.999999999999935163 ) ) ;
#806 = PLANE ( 'NONE',  #1177 ) ;
#807 = ORIENTED_EDGE ( 'NONE', *, *, #2385, .T. ) ;
#808 = ORIENTED_EDGE ( 'NONE', *, *, #2261, .F. ) ;
#809 = ORIENTED_EDGE ( 'NONE', *, *, #896, .T. ) ;
#810 = CARTESIAN_POINT ( 'NONE',  ( 12.60000000000000320, 18.42499999999995097, 4.000000000000136779 ) ) ;
#811 = VERTEX_POINT ( 'NONE', #1731 ) ;
#812 = EDGE_CURVE ( 'NONE', #2002, #1348, #1718, .T. ) ;
#813 = PLANE ( 'NONE',  #2106 ) ;
#814 = DIRECTION ( 'NONE',  ( -0.000000000000000000, -7.114983804074972634E-15, 1.000000000000000000 ) ) ;
#815 = ADVANCED_FACE ( 'NONE', ( #2301 ), #1257, .F. ) ;
#816 = CARTESIAN_POINT ( 'NONE',  ( -1.399999999999998579, 20.22500000000001208, 2.200000000000111644 ) ) ;
#817 = VERTEX_POINT ( 'NONE', #839 ) ;
#818 = LINE ( 'NONE', #407, #528 ) ;
#819 = FACE_OUTER_BOUND ( 'NONE', #632, .T. ) ;
#820 = EDGE_LOOP ( 'NONE', ( #593, #1295, #1997, #1606, #1067 ) ) ;
#821 = EDGE_LOOP ( 'NONE', ( #2655, #672, #651, #278 ) ) ;
#822 = DIRECTION ( 'NONE',  ( 0.000000000000000000, 1.000000000000000000, 7.114983804074972634E-15 ) ) ;
#823 = VERTEX_POINT ( 'NONE', #1687 ) ;
#824 = AXIS2_PLACEMENT_3D ( 'NONE', #464, #659, #1297 ) ;
#825 = PLANE ( 'NONE',  #1309 ) ;
#826 = CARTESIAN_POINT ( 'NONE',  ( 17.39999999999999858, 18.22499999999996234, 4.200000000000123634 ) ) ;
#827 = VECTOR ( 'NONE', #2484, 1000.000000000000000 ) ;
#828 = DIRECTION ( 'NONE',  ( 0.000000000000000000, 4.731064025390998189E-15, 1.000000000000000000 ) ) ;
#829 = AXIS2_PLACEMENT_3D ( 'NONE', #1703, #239, #1902 ) ;
#830 = AXIS2_PLACEMENT_3D ( 'NONE', #2268, #2070, #181 ) ;
#831 = LINE ( 'NONE', #1265, #169 ) ;
#832 = EDGE_CURVE ( 'NONE', #101, #2609, #2105, .T. ) ;
#833 = AXIS2_PLACEMENT_3D ( 'NONE', #50, #6, #1056 ) ;
#834 = DIRECTION ( 'NONE',  ( -0.5773502691896458261, -0.5773502691896258421, -0.5773502691896057470 ) ) ;
#835 = FACE_OUTER_BOUND ( 'NONE', #1164, .T. ) ;
#836 = CC_DESIGN_APPROVAL ( #2126, ( #225 ) ) ;
#837 = ORIENTED_EDGE ( 'NONE', *, *, #1247, .F. ) ;
#838 = ORIENTED_EDGE ( 'NONE', *, *, #2228, .F. ) ;
#839 = CARTESIAN_POINT ( 'NONE',  ( 4.600000000000001421, 14.72500000000002274, 4.000000000000111022 ) ) ;
#840 = ORIENTED_EDGE ( 'NONE', *, *, #1039, .T. ) ;
#841 = FACE_OUTER_BOUND ( 'NONE', #1058, .T. ) ;
#842 = FACE_OUTER_BOUND ( 'NONE', #152, .T. ) ;
#843 = LINE ( 'NONE', #2508, #2230 ) ;
#844 = FACE_OUTER_BOUND ( 'NONE', #2277, .T. ) ;
#845 = FACE_OUTER_BOUND ( 'NONE', #2433, .T. ) ;
#846 = CARTESIAN_POINT ( 'NONE',  ( 12.60000000000000142, -15.72500000000001386, -13.20037878244417406 ) ) ;
#847 = EDGE_CURVE ( 'NONE', #1943, #1227, #40, .T. ) ;
#848 = VERTEX_POINT ( 'NONE', #1956 ) ;
#849 = ORIENTED_EDGE ( 'NONE', *, *, #2539, .F. ) ;
#850 = CARTESIAN_POINT ( 'NONE',  ( 13.09999999999999076, -18.22500000000002274, 4.499999999999873879 ) ) ;
#851 = EDGE_CURVE ( 'NONE', #2313, #982, #2197, .T. ) ;
#852 = LINE ( 'NONE', #1072, #2664 ) ;
#853 = DIRECTION ( 'NONE',  ( -4.478325329913302996E-15, 0.7071067811865330288, 0.7071067811865621167 ) ) ;
#854 = CARTESIAN_POINT ( 'NONE',  ( 8.558257569495520301, -18.22500000000001208, 4.200000000000022382 ) ) ;
#855 = LINE ( 'NONE', #1692, #1035 ) ;
#856 = DIRECTION ( 'NONE',  ( 0.000000000000000000, 1.000000000000000000, 7.186711543332486985E-15 ) ) ;
#857 = DIRECTION ( 'NONE',  ( 0.000000000000000000, 1.000000000000000000, 6.947471028633934181E-15 ) ) ;
#858 = CARTESIAN_POINT ( 'NONE',  ( 1.600000000000001643, -14.72500000000002629, 4.499999999999898748 ) ) ;
#859 = DIRECTION ( 'NONE',  ( 0.000000000000000000, 1.000000000000000000, 6.938893903907228378E-15 ) ) ;
#860 = EDGE_LOOP ( 'NONE', ( #1281, #1031, #1594, #630 ) ) ;
#861 = ORIENTED_EDGE ( 'NONE', *, *, #1165, .T. ) ;
#862 = ADVANCED_FACE ( 'NONE', ( #1674 ), #1273, .F. ) ;
#863 = DIRECTION ( 'NONE',  ( 1.000000000000000000, 0.000000000000000000, 0.000000000000000000 ) ) ;
#864 = CARTESIAN_POINT ( 'NONE',  ( 8.558257569495589578, 18.22499999999996234, 4.200000000000123634 ) ) ;
#865 = EDGE_CURVE ( 'NONE', #2048, #1444, #1287, .T. ) ;
#866 = DIRECTION ( 'NONE',  ( 0.000000000000000000, 1.000000000000000000, 7.114983804074972634E-15 ) ) ;
#867 = CARTESIAN_POINT ( 'NONE',  ( 5.100000000000002309, -18.22500000000000497, 3.999999999999875211 ) ) ;
#868 = AXIS2_PLACEMENT_3D ( 'NONE', #1974, #324, #2176 ) ;
#869 = VECTOR ( 'NONE', #2571, 1000.000000000000000 ) ;
#870 = DIRECTION ( 'NONE',  ( 0.7071067811865597852, -0.7071067811865352493, -8.177564888977596240E-15 ) ) ;
#871 = TOROIDAL_SURFACE ( 'NONE', #2400, 2.500000000000000000, 0.5000000000000000000 ) ;
#872 = CIRCLE ( 'NONE', #134, 0.5000000000000004441 ) ;
#873 = CARTESIAN_POINT ( 'NONE',  ( 17.39999999999999858, -11.07107864376281015, 11.07107864376268935 ) ) ;
#874 = CARTESIAN_POINT ( 'NONE',  ( 17.39999999999999858, 20.22499999999998010, 2.200000000000142730 ) ) ;
#875 = ORIENTED_EDGE ( 'NONE', *, *, #1126, .T. ) ;
#876 = AXIS2_PLACEMENT_3D ( 'NONE', #1858, #1972, #294 ) ;
#877 = ORIENTED_EDGE ( 'NONE', *, *, #1627, .F. ) ;
#878 = VECTOR ( 'NONE', #2212, 1000.000000000000000 ) ;
#879 = VERTEX_POINT ( 'NONE', #1515 ) ;
#880 = CARTESIAN_POINT ( 'NONE',  ( -17.20000000000000639, -18.22500000000001208, 4.200000000000022382 ) ) ;
#881 = EDGE_CURVE ( 'NONE', #1852, #2461, #852, .T. ) ;
#882 = LINE ( 'NONE', #1517, #2309 ) ;
#883 = ADVANCED_FACE ( 'NONE', ( #2344 ), #265, .F. ) ;
#884 = LINE ( 'NONE', #48, #2358 ) ;
#885 = CARTESIAN_POINT ( 'NONE',  ( -9.399999999999998579, -13.72500000000002274, 3.999999999999906297 ) ) ;
#886 = LINE ( 'NONE', #681, #1365 ) ;
#887 = ADVANCED_FACE ( 'NONE', ( #24 ), #606, .T. ) ;
#888 = ORIENTED_EDGE ( 'NONE', *, *, #235, .T. ) ;
#889 = ORIENTED_EDGE ( 'NONE', *, *, #1652, .F. ) ;
#890 = CARTESIAN_POINT ( 'NONE',  ( 8.600000000000001421, 15.72499999999991971, 0.4000000000001155409 ) ) ;
#891 = LINE ( 'NONE', #690, #575 ) ;
#892 = EDGE_CURVE ( 'NONE', #158, #2091, #776, .T. ) ;
#893 = DIRECTION ( 'NONE',  ( -0.000000000000000000, 1.000000000000000000, 7.114983804074972634E-15 ) ) ;
#894 = CARTESIAN_POINT ( 'NONE',  ( 8.600000000000001421, 20.22500000000001208, 2.200000000000111644 ) ) ;
#895 = EDGE_LOOP ( 'NONE', ( #2224, #700, #1805, #1864, #993, #1013 ) ) ;
#896 = EDGE_CURVE ( 'NONE', #1818, #290, #238, .T. ) ;
#897 = LINE ( 'NONE', #1145, #2319 ) ;
#898 = CARTESIAN_POINT ( 'NONE',  ( -1.399999999999998579, 14.72500000000002274, 0.4000000000001086020 ) ) ;
#899 = ORIENTED_EDGE ( 'NONE', *, *, #645, .F. ) ;
#900 = ORIENTED_EDGE ( 'NONE', *, *, #397, .F. ) ;
#901 = CARTESIAN_POINT ( 'NONE',  ( 1.600000000000001643, -14.72500000000002274, 3.999999999999899636 ) ) ;
#902 = APPLICATION_CONTEXT ( 'configuration controlled 3d designs of mechanical parts and assemblies' ) ;
#903 = DIRECTION ( 'NONE',  ( 1.000000000000000000, 0.000000000000000000, 0.000000000000000000 ) ) ;
#904 = ORIENTED_EDGE ( 'NONE', *, *, #378, .F. ) ;
#905 = FACE_OUTER_BOUND ( 'NONE', #1383, .T. ) ;
#906 = CARTESIAN_POINT ( 'NONE',  ( 13.10000000000000142, 15.72500000000001030, 4.500000000000115463 ) ) ;
#907 = EDGE_LOOP ( 'NONE', ( #2241, #2392, #1973, #2475, #2210 ) ) ;
#908 = DIRECTION ( 'NONE',  ( 0.000000000000000000, 1.000000000000000000, 7.186711543332486985E-15 ) ) ;
#909 = VECTOR ( 'NONE', #715, 1000.000000000000000 ) ;
#910 = DIRECTION ( 'NONE',  ( -0.000000000000000000, 1.000000000000000000, 6.938893903907234689E-15 ) ) ;
#911 = ADVANCED_FACE ( 'NONE', ( #1347 ), #1163, .T. ) ;
#912 = ORIENTED_EDGE ( 'NONE', *, *, #2076, .T. ) ;
#913 = VECTOR ( 'NONE', #274, 1000.000000000000000 ) ;
#914 = AXIS2_PLACEMENT_3D ( 'NONE', #2496, #636, #1207 ) ;
#915 = EDGE_LOOP ( 'NONE', ( #929, #467, #2170, #1945 ) ) ;
#916 = DIRECTION ( 'NONE',  ( -3.611118645726060498E-29, -1.000000000000000000, -6.938893903907221278E-15 ) ) ;
#917 = VECTOR ( 'NONE', #903, 1000.000000000000000 ) ;
#918 = CIRCLE ( 'NONE', #1405, 2.000000000000000000 ) ;
#919 = EDGE_CURVE ( 'NONE', #1073, #406, #2573, .T. ) ;
#920 = CARTESIAN_POINT ( 'NONE',  ( 8.600000000000001421, 18.42499999999995453, 4.000000000000134115 ) ) ;
#921 = ORIENTED_EDGE ( 'NONE', *, *, #1471, .F. ) ;
#922 = VECTOR ( 'NONE', #749, 1000.000000000000000 ) ;
#923 = DIRECTION ( 'NONE',  ( -0.000000000000000000, -1.000000000000000000, -7.114983804074972634E-15 ) ) ;
#924 = ORIENTED_EDGE ( 'NONE', *, *, #2032, .F. ) ;
#925 = DIRECTION ( 'NONE',  ( -0.000000000000000000, 1.000000000000000000, 1.156482317317835161E-14 ) ) ;
#926 = DIRECTION ( 'NONE',  ( -1.000000000000000000, 0.000000000000000000, 0.000000000000000000 ) ) ;
#927 = CARTESIAN_POINT ( 'NONE',  ( -13.89999999999999503, -18.22500000000002274, 4.499999999999873879 ) ) ;
#928 = ORIENTED_EDGE ( 'NONE', *, *, #1740, .F. ) ;
#929 = ORIENTED_EDGE ( 'NONE', *, *, #1320, .F. ) ;
#930 = DIRECTION ( 'NONE',  ( -0.000000000000000000, -1.000000000000000000, -7.114983804074972634E-15 ) ) ;
#931 = EDGE_CURVE ( 'NONE', #2260, #1238, #648, .T. ) ;
#932 = PLANE ( 'NONE',  #652 ) ;
#933 = ORIENTED_EDGE ( 'NONE', *, *, #1150, .T. ) ;
#934 = EDGE_CURVE ( 'NONE', #1688, #780, #730, .T. ) ;
#935 = LINE ( 'NONE', #2164, #1218 ) ;
#936 = PERSON_AND_ORGANIZATION_ROLE ( 'design_owner' ) ;
#937 = FACE_OUTER_BOUND ( 'NONE', #2673, .T. ) ;
#938 = CYLINDRICAL_SURFACE ( 'NONE', #2362, 0.5000000000000004441 ) ;
#939 = ORIENTED_EDGE ( 'NONE', *, *, #1793, .F. ) ;
#940 = LINE ( 'NONE', #1562, #267 ) ;
#941 = CARTESIAN_POINT ( 'NONE',  ( -4.899999999999997691, 20.22499999999988773, 4.000000000000149214 ) ) ;
#942 = VERTEX_POINT ( 'NONE', #945 ) ;
#943 = VERTEX_POINT ( 'NONE', #1788 ) ;
#944 = CARTESIAN_POINT ( 'NONE',  ( -4.899999999999997691, -18.22500000000002274, 4.499999999999873879 ) ) ;
#945 = CARTESIAN_POINT ( 'NONE',  ( -1.399999999999998579, -14.72500000000002274, 0.3999999999999038769 ) ) ;
#946 = ORIENTED_EDGE ( 'NONE', *, *, #2535, .T. ) ;
#947 = CARTESIAN_POINT ( 'NONE',  ( 4.600000000000001421, -14.72500000000002274, 3.999999999999899636 ) ) ;
#948 = ADVANCED_FACE ( 'NONE', ( #2616 ), #1343, .F. ) ;
#949 = CARTESIAN_POINT ( 'NONE',  ( 17.39999999999999858, -18.22500000000002274, 4.499999999999873879 ) ) ;
#950 = ADVANCED_FACE ( 'NONE', ( #1824 ), #694, .T. ) ;
#951 = DIRECTION ( 'NONE',  ( -1.000000000000000000, -0.000000000000000000, -0.000000000000000000 ) ) ;
#952 = PLANE ( 'NONE',  #213 ) ;
#953 = ORIENTED_EDGE ( 'NONE', *, *, #1263, .F. ) ;
#954 = CARTESIAN_POINT ( 'NONE',  ( 17.39999999999999858, 20.22499999999999432, 1.461504528510459977E-13 ) ) ;
#955 = CARTESIAN_POINT ( 'NONE',  ( -1.899999999999999023, -18.22500000000002274, 4.499999999999873879 ) ) ;
#956 = ORIENTED_EDGE ( 'NONE', *, *, #2646, .F. ) ;
#957 = VERTEX_POINT ( 'NONE', #365 ) ;
#958 = DIRECTION ( 'NONE',  ( -0.000000000000000000, 6.947471028633934181E-15, -1.000000000000000000 ) ) ;
#959 = AXIS2_PLACEMENT_3D ( 'NONE', #554, #2045, #147 ) ;
#960 = FACE_OUTER_BOUND ( 'NONE', #390, .T. ) ;
#961 = CIRCLE ( 'NONE', #2022, 0.4999999999999995559 ) ;
#962 = VECTOR ( 'NONE', #607, 1000.000000000000000 ) ;
#963 = VECTOR ( 'NONE', #2431, 1000.000000000000000 ) ;
#964 = DIRECTION ( 'NONE',  ( 3.854941057726240562E-16, -1.000000000000000000, -7.114983804074972634E-15 ) ) ;
#965 = PERSON_AND_ORGANIZATION_ROLE ( 'classification_officer' ) ;
#966 = DIRECTION ( 'NONE',  ( 0.000000000000000000, 0.7071067811865435759, 0.7071067811865513475 ) ) ;
#967 = AXIS2_PLACEMENT_3D ( 'NONE', #2174, #1300, #268 ) ;
#968 = EDGE_CURVE ( 'NONE', #462, #811, #2619, .T. ) ;
#969 = APPROVAL_PERSON_ORGANIZATION ( #2604, #1352, #531 ) ;
#970 = ORIENTED_EDGE ( 'NONE', *, *, #59, .F. ) ;
#971 = EDGE_CURVE ( 'NONE', #437, #1195, #2462, .T. ) ;
#972 = DIRECTION ( 'NONE',  ( 0.000000000000000000, 0.7071067811865435759, 0.7071067811865513475 ) ) ;
#973 = ORIENTED_EDGE ( 'NONE', *, *, #1859, .F. ) ;
#974 = ORIENTED_EDGE ( 'NONE', *, *, #1150, .F. ) ;
#975 = ADVANCED_FACE ( 'NONE', ( #1234 ), #2679, .F. ) ;
#976 = ORIENTED_EDGE ( 'NONE', *, *, #1914, .F. ) ;
#977 = ORIENTED_EDGE ( 'NONE', *, *, #1969, .T. ) ;
#978 = PLANE ( 'NONE',  #89 ) ;
#979 = CALENDAR_DATE ( 2025, 11, 3 ) ;
#980 = CARTESIAN_POINT ( 'NONE',  ( -5.399999999999998579, 13.72500000000002274, 4.000000000000103917 ) ) ;
#981 = DIRECTION ( 'NONE',  ( 0.000000000000000000, 3.469446951955331381E-14, -1.000000000000000000 ) ) ;
#982 = VERTEX_POINT ( 'NONE', #2112 ) ;
#983 = EDGE_CURVE ( 'NONE', #2175, #1397, #1015, .T. ) ;
#984 = ORIENTED_EDGE ( 'NONE', *, *, #798, .T. ) ;
#985 = CARTESIAN_POINT ( 'NONE',  ( -13.39999999999999503, -20.22500000000001563, 0.3999999999998651301 ) ) ;
#986 = ORIENTED_EDGE ( 'NONE', *, *, #1647, .F. ) ;
#987 = ORIENTED_EDGE ( 'NONE', *, *, #2629, .T. ) ;
#988 = LINE ( 'NONE', #1003, #1801 ) ;
#989 = APPLICATION_PROTOCOL_DEFINITION ( 'international standard', 'config_control_design', 1994, #902 ) ;
#990 = EDGE_LOOP ( 'NONE', ( #454, #259, #1400, #2037, #542, #991, #2381, #728, #2666, #1046, #450, #1557, #970, #2635, #2459, #1313 ) ) ;
#991 = ORIENTED_EDGE ( 'NONE', *, *, #393, .F. ) ;
#992 = EDGE_CURVE ( 'NONE', #1672, #370, #2125, .T. ) ;
#993 = ORIENTED_EDGE ( 'NONE', *, *, #1793, .T. ) ;
#994 = CIRCLE ( 'NONE', #1700, 0.5000000000000000000 ) ;
#995 = ORIENTED_EDGE ( 'NONE', *, *, #1286, .T. ) ;
#996 = EDGE_CURVE ( 'NONE', #780, #2002, #1678, .T. ) ;
#997 = VECTOR ( 'NONE', #222, 1000.000000000000114 ) ;
#998 = DIRECTION ( 'NONE',  ( 1.000000000000000000, 0.000000000000000000, 0.000000000000000000 ) ) ;
#999 = VECTOR ( 'NONE', #150, 1000.000000000000000 ) ;
#1000 = VECTOR ( 'NONE', #416, 1000.000000000000000 ) ;
#1001 = AXIS2_PLACEMENT_3D ( 'NONE', #2108, #2476, #2687 ) ;
#1002 = VECTOR ( 'NONE', #296, 1000.000000000000000 ) ;
#1003 = CARTESIAN_POINT ( 'NONE',  ( 17.39999999999999858, 18.22499999999995879, 4.500000000000133227 ) ) ;
#1004 = VECTOR ( 'NONE', #1878, 1000.000000000000000 ) ;
#1005 = CARTESIAN_POINT ( 'NONE',  ( -1.399999999999998579, -20.22500000000001563, 0.3999999999998651301 ) ) ;
#1006 = ORIENTED_EDGE ( 'NONE', *, *, #177, .T. ) ;
#1007 = EDGE_LOOP ( 'NONE', ( #1296, #2436, #193, #928, #2548 ) ) ;
#1008 = VERTEX_POINT ( 'NONE', #1860 ) ;
#1009 = ADVANCED_FACE ( 'NONE', ( #2294 ), #1648, .F. ) ;
#1010 = APPROVAL_ROLE ( '' ) ;
#1011 = CARTESIAN_POINT ( 'NONE',  ( 17.19999999999999929, -20.22500000000001918, 0.1999999999998652855 ) ) ;
#1012 = EDGE_CURVE ( 'NONE', #2100, #2461, #843, .T. ) ;
#1013 = ORIENTED_EDGE ( 'NONE', *, *, #156, .T. ) ;
#1014 = CARTESIAN_POINT ( 'NONE',  ( 17.39999999999999858, -20.22500000000001918, -1.348747502571967516E-13 ) ) ;
#1015 = LINE ( 'NONE', #1222, #1302 ) ;
#1016 = CARTESIAN_POINT ( 'NONE',  ( -4.899999999999997691, -18.22500000000000497, 3.999999999999875211 ) ) ;
#1017 = ORIENTED_EDGE ( 'NONE', *, *, #1505, .F. ) ;
#1018 = LINE ( 'NONE', #1414, #827 ) ;
#1019 = DIRECTION ( 'NONE',  ( 0.000000000000000000, -6.947471028633934181E-15, 1.000000000000000000 ) ) ;
#1020 = ORIENTED_EDGE ( 'NONE', *, *, #2563, .F. ) ;
#1021 = ORIENTED_EDGE ( 'NONE', *, *, #597, .F. ) ;
#1022 = DIRECTION ( 'NONE',  ( 0.000000000000000000, 1.000000000000000000, 7.114983804074972634E-15 ) ) ;
#1023 = DIRECTION ( 'NONE',  ( 0.000000000000000000, -4.731064025390998189E-15, -1.000000000000000000 ) ) ;
#1024 = VERTEX_POINT ( 'NONE', #2095 ) ;
#1025 = DIRECTION ( 'NONE',  ( 0.000000000000000000, 0.7071067811865514585, -0.7071067811865436870 ) ) ;
#1026 = EDGE_CURVE ( 'NONE', #707, #2612, #403, .T. ) ;
#1027 = DIRECTION ( 'NONE',  ( -0.000000000000000000, 1.000000000000000000, 7.114983804074972634E-15 ) ) ;
#1028 = CARTESIAN_POINT ( 'NONE',  ( 10.60000000000000142, 15.72500000000001386, 4.000000000000118128 ) ) ;
#1029 = CARTESIAN_POINT ( 'NONE',  ( -5.399999999999998579, -13.72500000000002274, -13.20037878244417406 ) ) ;
#1030 = ORIENTED_EDGE ( 'NONE', *, *, #23, .T. ) ;
#1031 = ORIENTED_EDGE ( 'NONE', *, *, #2257, .T. ) ;
#1032 = CYLINDRICAL_SURFACE ( 'NONE', #2622, 0.5000000000000000000 ) ;
#1033 = PLANE ( 'NONE',  #220 ) ;
#1034 = EDGE_LOOP ( 'NONE', ( #1673, #1886, #1657, #2352, #2596, #1427 ) ) ;
#1035 = VECTOR ( 'NONE', #1489, 1000.000000000000000 ) ;
#1036 = CARTESIAN_POINT ( 'NONE',  ( -17.39999999999999858, 18.02499999999996305, 4.117157287525509801 ) ) ;
#1037 = VECTOR ( 'NONE', #2540, 1000.000000000000000 ) ;
#1038 = VECTOR ( 'NONE', #417, 1000.000000000000000 ) ;
#1039 = EDGE_CURVE ( 'NONE', #1436, #421, #1836, .T. ) ;
#1040 = VECTOR ( 'NONE', #1371, 1000.000000000000000 ) ;
#1041 = PLANE ( 'NONE',  #2316 ) ;
#1042 = AXIS2_PLACEMENT_3D ( 'NONE', #92, #2182, #492 ) ;
#1043 = ADVANCED_FACE ( 'NONE', ( #1063 ), #228, .F. ) ;
#1044 = DIRECTION ( 'NONE',  ( 0.000000000000000000, 0.7071067811865435759, 0.7071067811865513475 ) ) ;
#1045 = FACE_OUTER_BOUND ( 'NONE', #620, .T. ) ;
#1046 = ORIENTED_EDGE ( 'NONE', *, *, #1391, .F. ) ;
#1047 = ORIENTED_EDGE ( 'NONE', *, *, #931, .T. ) ;
#1048 = DIRECTION ( 'NONE',  ( 0.000000000000000000, 7.114983804074972634E-15, -1.000000000000000000 ) ) ;
#1049 = DIRECTION ( 'NONE',  ( 0.000000000000000000, -3.469446951955331381E-14, 1.000000000000000000 ) ) ;
#1050 = LINE ( 'NONE', #2092, #1800 ) ;
#1051 = CARTESIAN_POINT ( 'NONE',  ( -1.441742430504409311, 18.22499999999996234, 4.200000000000123634 ) ) ;
#1052 = CARTESIAN_POINT ( 'NONE',  ( -1.399999999999998579, -14.72500000000002274, -13.20037878244417406 ) ) ;
#1053 = DIRECTION ( 'NONE',  ( 0.000000000000000000, 1.000000000000000000, 6.947471028633934181E-15 ) ) ;
#1054 = CARTESIAN_POINT ( 'NONE',  ( 13.10000000000000320, 18.22499999999995879, 4.500000000000133227 ) ) ;
#1055 = DIRECTION ( 'NONE',  ( 0.000000000000000000, 1.000000000000000000, 7.114983804074972634E-15 ) ) ;
#1056 = DIRECTION ( 'NONE',  ( 1.000000000000000000, 0.000000000000000000, 0.000000000000000000 ) ) ;
#1057 = EDGE_CURVE ( 'NONE', #1992, #2382, #855, .T. ) ;
#1058 = EDGE_LOOP ( 'NONE', ( #727, #671, #367 ) ) ;
#1059 = ORIENTED_EDGE ( 'NONE', *, *, #2404, .T. ) ;
#1060 = CARTESIAN_POINT ( 'NONE',  ( 17.39999999999999858, -18.22500000000001208, 4.200000000000022382 ) ) ;
#1061 = DIRECTION ( 'NONE',  ( -0.000000000000000000, 0.7071067811865536790, -0.7071067811865414665 ) ) ;
#1062 = DIRECTION ( 'NONE',  ( 0.000000000000000000, -1.000000000000000000, -3.469446951955331381E-14 ) ) ;
#1063 = FACE_OUTER_BOUND ( 'NONE', #2470, .T. ) ;
#1064 = CARTESIAN_POINT ( 'NONE',  ( 19.27583519080920027, -16.14916480919085373, 3.340160910715527454 ) ) ;
#1065 = LINE ( 'NONE', #1082, #2061 ) ;
#1066 = DIRECTION ( 'NONE',  ( 0.000000000000000000, 0.7071067811865536790, -0.7071067811865414665 ) ) ;
#1067 = ORIENTED_EDGE ( 'NONE', *, *, #245, .T. ) ;
#1068 = ORIENTED_EDGE ( 'NONE', *, *, #266, .F. ) ;
#1069 = CARTESIAN_POINT ( 'NONE',  ( -4.899999999999997691, -18.22500000000002274, 4.499999999999873879 ) ) ;
#1070 = ADVANCED_FACE ( 'NONE', ( #2140 ), #677, .F. ) ;
#1071 = LINE ( 'NONE', #1717, #698 ) ;
#1072 = CARTESIAN_POINT ( 'NONE',  ( -5.399999999999998579, -20.22500000000001208, -13.20037878244417406 ) ) ;
#1073 = VERTEX_POINT ( 'NONE', #1935 ) ;
#1074 = EDGE_CURVE ( 'NONE', #21, #697, #470, .T. ) ;
#1075 = LINE ( 'NONE', #1366, #41 ) ;
#1076 = FACE_OUTER_BOUND ( 'NONE', #2036, .T. ) ;
#1077 = VECTOR ( 'NONE', #691, 1000.000000000000114 ) ;
#1078 = VECTOR ( 'NONE', #1951, 1000.000000000000000 ) ;
#1079 = CYLINDRICAL_SURFACE ( 'NONE', #1487, 0.5000000000000004441 ) ;
#1080 = AXIS2_PLACEMENT_3D ( 'NONE', #471, #504, #242 ) ;
#1081 = VECTOR ( 'NONE', #1636, 1000.000000000000000 ) ;
#1082 = CARTESIAN_POINT ( 'NONE',  ( 17.39999999999999858, 20.02499999999998792, 2.200000000000141842 ) ) ;
#1083 = DIRECTION ( 'NONE',  ( 1.000000000000000000, -0.000000000000000000, 0.000000000000000000 ) ) ;
#1084 = VERTEX_POINT ( 'NONE', #1096 ) ;
#1085 = VECTOR ( 'NONE', #2181, 1000.000000000000000 ) ;
#1086 = ORIENTED_EDGE ( 'NONE', *, *, #892, .T. ) ;
#1087 = CARTESIAN_POINT ( 'NONE',  ( -13.41411260136609940, 18.28830789173246174, 4.136692108267624235 ) ) ;
#1088 = AXIS2_PLACEMENT_3D ( 'NONE', #941, #1784, #2611 ) ;
#1089 = EDGE_CURVE ( 'NONE', #2057, #2557, #272, .T. ) ;
#1090 = DIRECTION ( 'NONE',  ( 0.000000000000000000, 1.000000000000000000, 7.114983804074972634E-15 ) ) ;
#1091 = AXIS2_PLACEMENT_3D ( 'NONE', #2248, #146, #2044 ) ;
#1092 = VERTEX_POINT ( 'NONE', #1747 ) ;
#1093 = DIRECTION ( 'NONE',  ( -0.6785983445458328989, 0.6785983445458662056, -0.2810846377148079611 ) ) ;
#1094 = EDGE_CURVE ( 'NONE', #1957, #1774, #1513, .T. ) ;
#1095 = LINE ( 'NONE', #1948, #657 ) ;
#1096 = CARTESIAN_POINT ( 'NONE',  ( 13.10000000000000142, -15.72500000000001741, 4.499999999999892530 ) ) ;
#1097 = LINE ( 'NONE', #2377, #2405 ) ;
#1098 = CARTESIAN_POINT ( 'NONE',  ( -17.20000000000000639, -18.22500000000002274, 4.499999999999873879 ) ) ;
#1099 = CARTESIAN_POINT ( 'NONE',  ( 12.60000000000000142, 15.72500000000001386, -13.20037878244417406 ) ) ;
#1100 = LINE ( 'NONE', #2117, #1665 ) ;
#1101 = ORIENTED_EDGE ( 'NONE', *, *, #444, .T. ) ;
#1102 = ORIENTED_EDGE ( 'NONE', *, *, #2047, .F. ) ;
#1103 = DIRECTION ( 'NONE',  ( 0.000000000000000000, -0.7071067811865536790, 0.7071067811865414665 ) ) ;
#1104 = LINE ( 'NONE', #2121, #382 ) ;
#1105 = VERTEX_POINT ( 'NONE', #1256 ) ;
#1106 = EDGE_CURVE ( 'NONE', #780, #1199, #280, .T. ) ;
#1107 = CARTESIAN_POINT ( 'NONE',  ( 8.100000000000001421, -18.22500000000001918, 3.999999999999873435 ) ) ;
#1108 = ORIENTED_EDGE ( 'NONE', *, *, #663, .T. ) ;
#1109 = CARTESIAN_POINT ( 'NONE',  ( -17.30000000000000426, -20.12500000000002132, 0.1999999999998643696 ) ) ;
#1110 = ADVANCED_FACE ( 'NONE', ( #1900 ), #306, .T. ) ;
#1111 = DIRECTION ( 'NONE',  ( 0.000000000000000000, 1.000000000000000000, 7.114983804074972634E-15 ) ) ;
#1112 = ORIENTED_EDGE ( 'NONE', *, *, #1485, .T. ) ;
#1113 = ADVANCED_FACE ( 'NONE', ( #686 ), #237, .F. ) ;
#1114 = CARTESIAN_POINT ( 'NONE',  ( 17.19999999999999929, -18.22500000000002274, 4.499999999999873879 ) ) ;
#1115 = CARTESIAN_POINT ( 'NONE',  ( -5.399999999999998579, 20.22499999999988773, 4.000000000000149214 ) ) ;
#1116 = ORIENTED_EDGE ( 'NONE', *, *, #2629, .F. ) ;
#1117 = UNCERTAINTY_MEASURE_WITH_UNIT (LENGTH_MEASURE( 1.000000000000000082E-05 ), #2053, 'distance_accuracy_value', 'NONE');
#1118 = VERTEX_POINT ( 'NONE', #1069 ) ;
#1119 = CARTESIAN_POINT ( 'NONE',  ( 17.39999999999999858, -20.02500000000003055, 0.1999999999998652855 ) ) ;
#1120 = DIRECTION ( 'NONE',  ( -4.814824860968080664E-29, 1.000000000000000000, 6.938893903907221278E-15 ) ) ;
#1121 = ORIENTED_EDGE ( 'NONE', *, *, #345, .F. ) ;
#1122 = CARTESIAN_POINT ( 'NONE',  ( -5.385887398633895096, 18.28830789173246174, 4.136692108267626011 ) ) ;
#1123 = EDGE_LOOP ( 'NONE', ( #2599, #340, #1630, #1213 ) ) ;
#1124 = DIRECTION ( 'NONE',  ( 0.000000000000000000, 4.731064025390998189E-15, 1.000000000000000000 ) ) ;
#1125 = AXIS2_PLACEMENT_3D ( 'NONE', #2254, #998, #1202 ) ;
#1126 = EDGE_CURVE ( 'NONE', #1498, #1436, #1716, .T. ) ;
#1127 = LINE ( 'NONE', #1114, #1136 ) ;
#1128 = TOROIDAL_SURFACE ( 'NONE', #824, 2.500000000000000000, 0.5000000000000000000 ) ;
#1129 = CARTESIAN_POINT ( 'NONE',  ( -17.39999999999999858, -3.059443035752241783E-14, 4.300000000000005151 ) ) ;
#1130 = VERTEX_POINT ( 'NONE', #1944 ) ;
#1131 = EDGE_CURVE ( 'NONE', #2002, #2198, #2133, .T. ) ;
#1132 = AXIS2_PLACEMENT_3D ( 'NONE', #96, #744, #2413 ) ;
#1133 = ORIENTED_EDGE ( 'NONE', *, *, #1961, .T. ) ;
#1134 = CARTESIAN_POINT ( 'NONE',  ( -13.89999999999999858, -13.72500000000002451, 4.499999999999905853 ) ) ;
#1135 = DIRECTION ( 'NONE',  ( 0.000000000000000000, 1.000000000000000000, 7.228014483236698330E-15 ) ) ;
#1136 = VECTOR ( 'NONE', #105, 1000.000000000000000 ) ;
#1137 = AXIS2_PLACEMENT_3D ( 'NONE', #1567, #1368, #1124 ) ;
#1138 =( BOUNDED_CURVE ( )  B_SPLINE_CURVE ( 3, ( #56, #485, #2359, #2384 ),
 .UNSPECIFIED., .F., .F. ) 
 B_SPLINE_CURVE_WITH_KNOTS ( ( 4, 4 ),
 ( 1.159279480727090972, 1.570796326794896558 ),
 .UNSPECIFIED. ) 
 CURVE ( )  GEOMETRIC_REPRESENTATION_ITEM ( )  RATIONAL_B_SPLINE_CURVE ( ( 1.000000000000000000, 0.9859375419537805829, 0.9859375419537805829, 1.000000000000000000 ) ) 
 REPRESENTATION_ITEM ( '' )  );
#1139 = VECTOR ( 'NONE', #2129, 1000.000000000000000 ) ;
#1140 = CARTESIAN_POINT ( 'NONE',  ( -17.20000000000000639, -20.22500000000001208, 2.200000000000001954 ) ) ;
#1141 = EDGE_LOOP ( 'NONE', ( #2545, #2173, #1413, #1299, #2627 ) ) ;
#1142 = CARTESIAN_POINT ( 'NONE',  ( -9.399999999999998579, -13.72500000000002274, 0.3999999999999108713 ) ) ;
#1143 = DIRECTION ( 'NONE',  ( -0.000000000000000000, -7.114983804074972634E-15, 1.000000000000000000 ) ) ;
#1144 = VERTEX_POINT ( 'NONE', #1480 ) ;
#1145 = CARTESIAN_POINT ( 'NONE',  ( 8.600000000000001421, 20.22500000000001208, 0.4000000000001467937 ) ) ;
#1146 = CARTESIAN_POINT ( 'NONE',  ( -1.399999999999998579, 14.72499999999992859, 0.4000000000001086020 ) ) ;
#1147 = ORIENTED_EDGE ( 'NONE', *, *, #129, .F. ) ;
#1148 = ORIENTED_EDGE ( 'NONE', *, *, #332, .F. ) ;
#1149 = DIRECTION ( 'NONE',  ( 0.000000000000000000, 6.938893903907228378E-15, -1.000000000000000000 ) ) ;
#1150 = EDGE_CURVE ( 'NONE', #1444, #2267, #1272, .T. ) ;
#1151 = DIRECTION ( 'NONE',  ( 0.000000000000000000, 0.7071067811865536790, -0.7071067811865414665 ) ) ;
#1152 = MANIFOLD_SOLID_BREP ( 'Cong\X2\00e9\X0\1', #38 ) ;
#1153 = DIRECTION ( 'NONE',  ( 0.000000000000000000, 1.000000000000000000, 7.114983804074972634E-15 ) ) ;
#1154 = CARTESIAN_POINT ( 'NONE',  ( 17.39999999999999858, -20.22500000000002274, 0.3999999999998651301 ) ) ;
#1155 = DIRECTION ( 'NONE',  ( 0.000000000000000000, 0.7071067811865536790, -0.7071067811865414665 ) ) ;
#1156 = EDGE_LOOP ( 'NONE', ( #2131, #1189, #2648, #2063 ) ) ;
#1157 = LINE ( 'NONE', #540, #1040 ) ;
#1158 = DIRECTION ( 'NONE',  ( 0.000000000000000000, 1.000000000000000000, 6.938893903907228378E-15 ) ) ;
#1159 = ORIENTED_EDGE ( 'NONE', *, *, #2225, .T. ) ;
#1160 = ORIENTED_EDGE ( 'NONE', *, *, #633, .T. ) ;
#1161 = CARTESIAN_POINT ( 'NONE',  ( 1.600000000000001643, -14.72500000000002274, 0.3999999999999038769 ) ) ;
#1162 = DIRECTION ( 'NONE',  ( 0.000000000000000000, -6.947471028633934181E-15, 1.000000000000000000 ) ) ;
#1163 = CYLINDRICAL_SURFACE ( 'NONE', #2101, 0.5000000000000004441 ) ;
#1164 = EDGE_LOOP ( 'NONE', ( #1059, #595, #76, #2598, #1910, #139, #1545, #655 ) ) ;
#1165 = EDGE_CURVE ( 'NONE', #767, #1818, #2363, .T. ) ;
#1166 = DIRECTION ( 'NONE',  ( 0.000000000000000000, -3.469446951955331381E-14, 1.000000000000000000 ) ) ;
#1167 = PERSON_AND_ORGANIZATION ( #2414, #2156 ) ;
#1168 = LINE ( 'NONE', #1559, #1980 ) ;
#1169 = ADVANCED_FACE ( 'NONE', ( #2103 ), #2343, .F. ) ;
#1170 = DIRECTION ( 'NONE',  ( 0.7071067811865352493, 2.454552982700624637E-14, -0.7071067811865597852 ) ) ;
#1171 = EDGE_CURVE ( 'NONE', #161, #125, #1698, .T. ) ;
#1172 = ORIENTED_EDGE ( 'NONE', *, *, #798, .F. ) ;
#1173 = LINE ( 'NONE', #1129, #1586 ) ;
#1174 = VERTEX_POINT ( 'NONE', #1925 ) ;
#1175 = ORIENTED_EDGE ( 'NONE', *, *, #333, .F. ) ;
#1176 = CIRCLE ( 'NONE', #2700, 4.500000000000000888 ) ;
#1177 = AXIS2_PLACEMENT_3D ( 'NONE', #405, #1237, #1464 ) ;
#1178 = EDGE_LOOP ( 'NONE', ( #2692, #987, #477, #2190, #188, #1697, #1662, #1326 ) ) ;
#1179 = AXIS2_PLACEMENT_3D ( 'NONE', #800, #2466, #1431 ) ;
#1180 = VECTOR ( 'NONE', #1850, 1000.000000000000000 ) ;
#1181 = CALENDAR_DATE ( 2025, 11, 3 ) ;
#1182 = DIRECTION ( 'NONE',  ( -0.000000000000000000, -1.000000000000000000, -7.114983804074972634E-15 ) ) ;
#1183 = AXIS2_PLACEMENT_3D ( 'NONE', #1497, #449, #1477 ) ;
#1184 = ADVANCED_FACE ( 'NONE', ( #2546 ), #1128, .T. ) ;
#1185 = CARTESIAN_POINT ( 'NONE',  ( 4.600000000000001421, 20.22499999999991616, 0.4000000000001467937 ) ) ;
#1186 = CARTESIAN_POINT ( 'NONE',  ( 12.60000000000000320, 20.22500000000001208, -13.20037878244417406 ) ) ;
#1187 = ORIENTED_EDGE ( 'NONE', *, *, #832, .T. ) ;
#1188 = ORIENTED_EDGE ( 'NONE', *, *, #1106, .T. ) ;
#1189 = ORIENTED_EDGE ( 'NONE', *, *, #518, .F. ) ;
#1190 = EDGE_LOOP ( 'NONE', ( #162, #1756, #149, #1240 ) ) ;
#1191 = APPROVAL_DATE_TIME ( #1854, #553 ) ;
#1192 = FACE_OUTER_BOUND ( 'NONE', #35, .T. ) ;
#1193 = LINE ( 'NONE', #1666, #1081 ) ;
#1194 = EDGE_CURVE ( 'NONE', #2513, #1174, #1285, .T. ) ;
#1195 = VERTEX_POINT ( 'NONE', #1540 ) ;
#1196 = ORIENTED_EDGE ( 'NONE', *, *, #2059, .F. ) ;
#1197 = EDGE_CURVE ( 'NONE', #1144, #1655, #36, .T. ) ;
#1198 = LINE ( 'NONE', #199, #1706 ) ;
#1199 = VERTEX_POINT ( 'NONE', #452 ) ;
#1200 = EDGE_LOOP ( 'NONE', ( #560, #808, #1591, #1386, #658 ) ) ;
#1201 = PERSON_AND_ORGANIZATION_ROLE ( 'creator' ) ;
#1202 = DIRECTION ( 'NONE',  ( 0.000000000000000000, 0.000000000000000000, -1.000000000000000000 ) ) ;
#1203 = DIRECTION ( 'NONE',  ( 0.000000000000000000, -6.947471028633934181E-15, 1.000000000000000000 ) ) ;
#1204 = DIRECTION ( 'NONE',  ( 0.000000000000000000, -1.000000000000000000, -6.947471028633934181E-15 ) ) ;
#1205 = FACE_OUTER_BOUND ( 'NONE', #2342, .T. ) ;
#1206 = EDGE_CURVE ( 'NONE', #370, #51, #248, .T. ) ;
#1207 = DIRECTION ( 'NONE',  ( 0.000000000000000000, -3.469446951955331381E-14, 1.000000000000000000 ) ) ;
#1208 = CARTESIAN_POINT ( 'NONE',  ( 12.60000000000000320, -18.35592542715432884, 4.069074572845705617 ) ) ;
#1209 = ORIENTED_EDGE ( 'NONE', *, *, #1558, .F. ) ;
#1210 = ADVANCED_FACE ( 'NONE', ( #2559 ), #2353, .F. ) ;
#1211 = VERTEX_POINT ( 'NONE', #1565 ) ;
#1212 = VECTOR ( 'NONE', #412, 1000.000000000000000 ) ;
#1213 = ORIENTED_EDGE ( 'NONE', *, *, #230, .F. ) ;
#1214 = CIRCLE ( 'NONE', #2624, 2.999999999999999112 ) ;
#1215 = FACE_OUTER_BOUND ( 'NONE', #1741, .T. ) ;
#1216 = VECTOR ( 'NONE', #1279, 1000.000000000000000 ) ;
#1217 = VECTOR ( 'NONE', #951, 1000.000000000000000 ) ;
#1218 = VECTOR ( 'NONE', #1931, 1000.000000000000000 ) ;
#1219 = VECTOR ( 'NONE', #102, 1000.000000000000000 ) ;
#1220 = PLANE ( 'NONE',  #699 ) ;
#1221 =( BOUNDED_CURVE ( )  B_SPLINE_CURVE ( 3, ( #1291, #253, #650, #679 ),
 .UNSPECIFIED., .F., .F. ) 
 B_SPLINE_CURVE_WITH_KNOTS ( ( 4, 4 ),
 ( 1.159279480727090972, 1.570796326794896558 ),
 .UNSPECIFIED. ) 
 CURVE ( )  GEOMETRIC_REPRESENTATION_ITEM ( )  RATIONAL_B_SPLINE_CURVE ( ( 1.000000000000000000, 0.9859375419537805829, 0.9859375419537805829, 1.000000000000000000 ) ) 
 REPRESENTATION_ITEM ( '' )  );
#1222 = CARTESIAN_POINT ( 'NONE',  ( -17.29999999999995808, -18.12500000000006395, 4.399999999999921307 ) ) ;
#1223 = VECTOR ( 'NONE', #2498, 1000.000000000000000 ) ;
#1224 = CARTESIAN_POINT ( 'NONE',  ( 17.39999999999999858, 18.22499999999996234, 4.200000000000123634 ) ) ;
#1225 = VERTEX_POINT ( 'NONE', #1987 ) ;
#1226 = PLANE ( 'NONE',  #2364 ) ;
#1227 = VERTEX_POINT ( 'NONE', #1134 ) ;
#1228 = ORIENTED_EDGE ( 'NONE', *, *, #2454, .F. ) ;
#1229 = EDGE_CURVE ( 'NONE', #2432, #1354, #1483, .T. ) ;
#1230 = CARTESIAN_POINT ( 'NONE',  ( 10.60000000000000142, 15.72500000000001386, 0.4000000000001155409 ) ) ;
#1231 = CARTESIAN_POINT ( 'NONE',  ( 12.64174243050441504, 18.22499999999996234, 4.200000000000123634 ) ) ;
#1232 = LINE ( 'NONE', #2081, #1000 ) ;
#1233 = DIRECTION ( 'NONE',  ( 1.000000000000000000, 0.000000000000000000, -0.000000000000000000 ) ) ;
#1234 = FACE_OUTER_BOUND ( 'NONE', #2046, .T. ) ;
#1235 =( BOUNDED_CURVE ( )  B_SPLINE_CURVE ( 3, ( #1544, #1720, #1122, #1776 ),
 .UNSPECIFIED., .F., .F. ) 
 B_SPLINE_CURVE_WITH_KNOTS ( ( 4, 4 ),
 ( 1.570796326794896558, 1.982313172862362194 ),
 .UNSPECIFIED. ) 
 CURVE ( )  GEOMETRIC_REPRESENTATION_ITEM ( )  RATIONAL_B_SPLINE_CURVE ( ( 1.000000000000000000, 0.9859375419538036756, 0.9859375419538036756, 1.000000000000000000 ) ) 
 REPRESENTATION_ITEM ( '' )  );
#1236 = LINE ( 'NONE', #198, #1360 ) ;
#1237 = DIRECTION ( 'NONE',  ( 1.000000000000000000, 3.854941057726240562E-16, 0.000000000000000000 ) ) ;
#1238 = VERTEX_POINT ( 'NONE', #2011 ) ;
#1239 = FACE_OUTER_BOUND ( 'NONE', #1522, .T. ) ;
#1240 = ORIENTED_EDGE ( 'NONE', *, *, #364, .F. ) ;
#1241 = ORIENTED_EDGE ( 'NONE', *, *, #1778, .T. ) ;
#1242 = CARTESIAN_POINT ( 'NONE',  ( 17.39999999999999858, -18.22500000000002274, 4.299999999999881695 ) ) ;
#1243 = EDGE_CURVE ( 'NONE', #1227, #1456, #1176, .T. ) ;
#1244 = CARTESIAN_POINT ( 'NONE',  ( 8.100000000000001421, -15.72500000000001741, 4.499999999999892530 ) ) ;
#1245 = ORIENTED_EDGE ( 'NONE', *, *, #2180, .F. ) ;
#1246 = PLANE ( 'NONE',  #1708 ) ;
#1247 = EDGE_CURVE ( 'NONE', #811, #420, #508, .T. ) ;
#1248 = LINE ( 'NONE', #166, #653 ) ;
#1249 = CARTESIAN_POINT ( 'NONE',  ( -17.39999999999999858, 0.000000000000000000, 0.000000000000000000 ) ) ;
#1250 = EDGE_CURVE ( 'NONE', #2262, #581, #2441, .T. ) ;
#1251 = DIRECTION ( 'NONE',  ( 0.000000000000000000, 1.000000000000000000, 7.131640956793539050E-15 ) ) ;
#1252 = CARTESIAN_POINT ( 'NONE',  ( 1.600000000000001643, 14.72500000000002274, -13.20037878244417406 ) ) ;
#1253 = LINE ( 'NONE', #2328, #439 ) ;
#1254 = VERTEX_POINT ( 'NONE', #303 ) ;
#1255 = EDGE_LOOP ( 'NONE', ( #1954, #984, #2617, #555 ) ) ;
#1256 = CARTESIAN_POINT ( 'NONE',  ( -1.399999999999998579, -14.72500000000002274, 3.999999999999899636 ) ) ;
#1257 = PLANE ( 'NONE',  #2524 ) ;
#1258 = AXIS2_PLACEMENT_3D ( 'NONE', #1346, #2185, #523 ) ;
#1259 = LINE ( 'NONE', #1690, #2628 ) ;
#1260 = CARTESIAN_POINT ( 'NONE',  ( 5.100000000000002309, 14.72500000000001918, 4.500000000000108358 ) ) ;
#1261 = CIRCLE ( 'NONE', #2704, 2.500000000000000444 ) ;
#1262 = AXIS2_PLACEMENT_3D ( 'NONE', #1434, #1027, #1862 ) ;
#1263 = EDGE_CURVE ( 'NONE', #2050, #1992, #95, .T. ) ;
#1264 = AXIS2_PLACEMENT_3D ( 'NONE', #873, #1877, #1712 ) ;
#1265 = CARTESIAN_POINT ( 'NONE',  ( -13.39999999999999858, 13.72499999999989839, 4.000000000000100364 ) ) ;
#1266 = AXIS2_PLACEMENT_3D ( 'NONE', #334, #1598, #126 ) ;
#1267 = VERTEX_POINT ( 'NONE', #1999 ) ;
#1268 = LINE ( 'NONE', #1920, #1659 ) ;
#1269 = CARTESIAN_POINT ( 'NONE',  ( 4.600000000000001421, 20.22500000000001208, -13.20037878244417406 ) ) ;
#1270 = ORIENTED_EDGE ( 'NONE', *, *, #317, .F. ) ;
#1271 = EDGE_LOOP ( 'NONE', ( #2299, #1841, #603, #1642 ) ) ;
#1272 = LINE ( 'NONE', #1685, #2019 ) ;
#1273 = CYLINDRICAL_SURFACE ( 'NONE', #343, 4.000000000000000000 ) ;
#1274 = ORIENTED_EDGE ( 'NONE', *, *, #113, .F. ) ;
#1275 = CARTESIAN_POINT ( 'NONE',  ( 12.60000000000000497, 18.35592542715417963, 4.069074572845909898 ) ) ;
#1276 = CARTESIAN_POINT ( 'NONE',  ( 13.10000000000000142, -15.72500000000001386, 3.999999999999892530 ) ) ;
#1277 = EDGE_CURVE ( 'NONE', #1195, #1174, #109, .T. ) ;
#1278 = CARTESIAN_POINT ( 'NONE',  ( -17.39999999999999858, -18.02500000000000924, 4.117157287525407661 ) ) ;
#1279 = DIRECTION ( 'NONE',  ( -1.000000000000000000, -0.000000000000000000, -0.000000000000000000 ) ) ;
#1280 = CARTESIAN_POINT ( 'NONE',  ( 10.60000000000000142, -15.72500000000001386, 3.999999999999892530 ) ) ;
#1281 = ORIENTED_EDGE ( 'NONE', *, *, #2480, .F. ) ;
#1282 = EDGE_CURVE ( 'NONE', #1955, #1118, #742, .T. ) ;
#1283 = EDGE_CURVE ( 'NONE', #1581, #1968, #124, .T. ) ;
#1284 = VERTEX_POINT ( 'NONE', #373 ) ;
#1285 = LINE ( 'NONE', #1500, #569 ) ;
#1286 = EDGE_CURVE ( 'NONE', #982, #2682, #167, .T. ) ;
#1287 = LINE ( 'NONE', #2531, #2312 ) ;
#1288 = ORIENTED_EDGE ( 'NONE', *, *, #1929, .T. ) ;
#1289 = FACE_OUTER_BOUND ( 'NONE', #2024, .T. ) ;
#1290 = DIRECTION ( 'NONE',  ( 0.000000000000000000, -1.000000000000000000, -6.947471028633934181E-15 ) ) ;
#1291 = CARTESIAN_POINT ( 'NONE',  ( -5.358257569495518347, -18.22500000000001208, 4.200000000000022382 ) ) ;
#1292 = CARTESIAN_POINT ( 'NONE',  ( -17.20000000000000639, -20.02500000000003055, -1.334852560514700217E-13 ) ) ;
#1293 = CARTESIAN_POINT ( 'NONE',  ( 17.39999999999999858, -18.22500000000001208, 4.200000000000022382 ) ) ;
#1294 = ADVANCED_FACE ( 'NONE', ( #729 ), #1787, .T. ) ;
#1295 = ORIENTED_EDGE ( 'NONE', *, *, #116, .T. ) ;
#1296 = ORIENTED_EDGE ( 'NONE', *, *, #156, .F. ) ;
#1297 = DIRECTION ( 'NONE',  ( 0.000000000000000000, 1.000000000000000000, 7.114983804074972634E-15 ) ) ;
#1298 = EDGE_CURVE ( 'NONE', #2198, #51, #588, .T. ) ;
#1299 = ORIENTED_EDGE ( 'NONE', *, *, #285, .T. ) ;
#1300 = DIRECTION ( 'NONE',  ( 0.000000000000000000, 7.114983804074972634E-15, -1.000000000000000000 ) ) ;
#1301 = DIRECTION ( 'NONE',  ( 0.000000000000000000, -1.000000000000000000, -1.156482317317835161E-14 ) ) ;
#1302 = VECTOR ( 'NONE', #2495, 1000.000000000000000 ) ;
#1303 = CARTESIAN_POINT ( 'NONE',  ( 8.100000000000001421, -18.22500000000002274, 4.499999999999873879 ) ) ;
#1304 = DIRECTION ( 'NONE',  ( 0.000000000000000000, -1.000000000000000000, -7.114983804074972634E-15 ) ) ;
#1305 = VECTOR ( 'NONE', #2503, 1000.000000000000000 ) ;
#1306 = LINE ( 'NONE', #503, #2062 ) ;
#1307 = FACE_OUTER_BOUND ( 'NONE', #2333, .T. ) ;
#1308 = CARTESIAN_POINT ( 'NONE',  ( -17.20000000000000639, 20.22499999999999432, 0.2000000000001435629 ) ) ;
#1309 = AXIS2_PLACEMENT_3D ( 'NONE', #2303, #424, #1061 ) ;
#1310 = VECTOR ( 'NONE', #2689, 1000.000000000000000 ) ;
#1311 = CARTESIAN_POINT ( 'NONE',  ( -5.399999999999998579, -20.22500000000001208, 0.3999999999998657407 ) ) ;
#1312 = CARTESIAN_POINT ( 'NONE',  ( 4.600000000000001421, 20.22500000000001208, 2.200000000000111644 ) ) ;
#1313 = ORIENTED_EDGE ( 'NONE', *, *, #1816, .T. ) ;
#1314 = VECTOR ( 'NONE', #2218, 1000.000000000000000 ) ;
#1315 = CARTESIAN_POINT ( 'NONE',  ( 10.60000000000000142, 15.72500000000001030, 4.500000000000115463 ) ) ;
#1316 = ORIENTED_EDGE ( 'NONE', *, *, #2213, .F. ) ;
#1317 = CARTESIAN_POINT ( 'NONE',  ( -13.39999999999999858, -20.22500000000001208, 2.200000000000001954 ) ) ;
#1318 = CARTESIAN_POINT ( 'NONE',  ( -9.399999999999998579, 13.72500000000002274, -13.20037878244417406 ) ) ;
#1319 = ORIENTED_EDGE ( 'NONE', *, *, #1247, .T. ) ;
#1320 = EDGE_CURVE ( 'NONE', #942, #2145, #1214, .T. ) ;
#1321 = CARTESIAN_POINT ( 'NONE',  ( 5.100000000000002309, -18.22500000000002274, 4.499999999999873879 ) ) ;
#1322 = PERSON_AND_ORGANIZATION ( #2414, #2156 ) ;
#1323 = PLANE ( 'NONE',  #172 ) ;
#1324 = ADVANCED_FACE ( 'NONE', ( #1628 ), #2457, .T. ) ;
#1325 = DIRECTION ( 'NONE',  ( -1.000000000000000000, -0.000000000000000000, -0.000000000000000000 ) ) ;
#1326 = ORIENTED_EDGE ( 'NONE', *, *, #2017, .T. ) ;
#1327 = DIRECTION ( 'NONE',  ( -0.000000000000000000, -0.000000000000000000, 1.000000000000000000 ) ) ;
#1328 = DIRECTION ( 'NONE',  ( 0.000000000000000000, -1.000000000000000000, -7.114983804074972634E-15 ) ) ;
#1329 = VERTEX_POINT ( 'NONE', #2678 ) ;
#1330 = ORIENTED_EDGE ( 'NONE', *, *, #1558, .T. ) ;
#1331 = CARTESIAN_POINT ( 'NONE',  ( -1.399999999999998579, 14.72499999999990017, 4.000000000000107470 ) ) ;
#1332 = DIRECTION ( 'NONE',  ( 5.204170427930426016E-15, -3.469446951953617344E-14, 1.000000000000000000 ) ) ;
#1333 = LINE ( 'NONE', #2592, #752 ) ;
#1334 = DIRECTION ( 'NONE',  ( 0.000000000000000000, 0.000000000000000000, 1.000000000000000000 ) ) ;
#1335 = EDGE_CURVE ( 'NONE', #1955, #1683, #430, .T. ) ;
#1336 = ORIENTED_EDGE ( 'NONE', *, *, #1243, .F. ) ;
#1337 = DIRECTION ( 'NONE',  ( -0.000000000000000000, 6.947471028633934181E-15, -1.000000000000000000 ) ) ;
#1338 = CARTESIAN_POINT ( 'NONE',  ( 17.19999999999999929, 20.22499999999999432, 1.461504528510460229E-13 ) ) ;
#1339 = EDGE_CURVE ( 'NONE', #1436, #2260, #572, .T. ) ;
#1340 = ORIENTED_EDGE ( 'NONE', *, *, #2558, .F. ) ;
#1341 = LINE ( 'NONE', #519, #1751 ) ;
#1342 = DIRECTION ( 'NONE',  ( 0.6785983445458374508, 0.6785983445458591001, 0.2810846377148145114 ) ) ;
#1343 = PLANE ( 'NONE',  #2273 ) ;
#1344 = ORIENTED_EDGE ( 'NONE', *, *, #1855, .T. ) ;
#1345 = VERTEX_POINT ( 'NONE', #2255 ) ;
#1346 = CARTESIAN_POINT ( 'NONE',  ( -9.399999999999998579, 13.72500000000002274, 0.4000000000001016631 ) ) ;
#1347 = FACE_OUTER_BOUND ( 'NONE', #1555, .T. ) ;
#1348 = VERTEX_POINT ( 'NONE', #143 ) ;
#1349 = PLANE ( 'NONE',  #2154 ) ;
#1350 = EDGE_LOOP ( 'NONE', ( #2075, #2486, #1336, #69 ) ) ;
#1351 = CARTESIAN_POINT ( 'NONE',  ( -1.399999999999998579, -14.72500000000002274, -13.20037878244417406 ) ) ;
#1352 = APPROVAL ( #2397, 'UNSPECIFIED' ) ;
#1353 = CARTESIAN_POINT ( 'NONE',  ( -1.399999999999998579, 20.22499999999998010, 2.200000000000142730 ) ) ;
#1354 = VERTEX_POINT ( 'NONE', #980 ) ;
#1355 = EDGE_CURVE ( 'NONE', #2084, #1774, #423, .T. ) ;
#1356 = VECTOR ( 'NONE', #1582, 1000.000000000000000 ) ;
#1357 = CYLINDRICAL_SURFACE ( 'NONE', #1088, 0.5000000000000004441 ) ;
#1358 = ORIENTED_EDGE ( 'NONE', *, *, #332, .T. ) ;
#1359 = AXIS2_PLACEMENT_3D ( 'NONE', #1919, #2114, #61 ) ;
#1360 = VECTOR ( 'NONE', #1876, 1000.000000000000000 ) ;
#1361 = ORIENTED_EDGE ( 'NONE', *, *, #1074, .F. ) ;
#1362 = EDGE_CURVE ( 'NONE', #189, #1835, #347, .T. ) ;
#1363 = AXIS2_PLACEMENT_3D ( 'NONE', #1276, #2550, #284 ) ;
#1364 = ORIENTED_EDGE ( 'NONE', *, *, #600, .T. ) ;
#1365 = VECTOR ( 'NONE', #972, 1000.000000000000114 ) ;
#1366 = CARTESIAN_POINT ( 'NONE',  ( 17.20000000000000284, -20.12500000000002487, 0.09999999999986683430 ) ) ;
#1367 = COORDINATED_UNIVERSAL_TIME_OFFSET ( 1, 0, .AHEAD. ) ;
#1368 = DIRECTION ( 'NONE',  ( 0.7071067811865352493, -0.7071067811865597852, 3.345367454581757219E-15 ) ) ;
#1369 = DIRECTION ( 'NONE',  ( 0.000000000000000000, 0.7071067811865536790, -0.7071067811865414665 ) ) ;
#1370 = EDGE_LOOP ( 'NONE', ( #2215, #2292, #257, #135 ) ) ;
#1371 = DIRECTION ( 'NONE',  ( -1.000000000000000000, -0.000000000000000000, -0.000000000000000000 ) ) ;
#1372 = DIRECTION ( 'NONE',  ( 0.000000000000000000, 6.308085367188399116E-15, -1.000000000000000000 ) ) ;
#1373 = ADVANCED_FACE ( 'NONE', ( #1699 ), #262, .F. ) ;
#1374 = ORIENTED_EDGE ( 'NONE', *, *, #1671, .T. ) ;
#1375 = ORIENTED_EDGE ( 'NONE', *, *, #1543, .F. ) ;
#1376 = CARTESIAN_POINT ( 'NONE',  ( 17.19999999999999929, -18.22500000000001208, 4.200000000000022382 ) ) ;
#1377 = EDGE_CURVE ( 'NONE', #740, #1329, #1071, .T. ) ;
#1378 = EDGE_CURVE ( 'NONE', #1957, #1578, #1514, .T. ) ;
#1379 = CARTESIAN_POINT ( 'NONE',  ( -13.39999999999999680, -18.35592542715432884, 4.069074572845704729 ) ) ;
#1380 = APPROVAL_STATUS ( 'not_yet_approved' ) ;
#1381 = CARTESIAN_POINT ( 'NONE',  ( -1.899999999999999023, 18.22499999999996234, 4.000000000000133227 ) ) ;
#1382 = DIRECTION ( 'NONE',  ( 0.000000000000000000, -0.7071067811865536790, 0.7071067811865414665 ) ) ;
#1383 = EDGE_LOOP ( 'NONE', ( #2410, #1765, #592, #1209, #410 ) ) ;
#1384 = CARTESIAN_POINT ( 'NONE',  ( 12.60000000000000320, -20.22500000000001208, 0.3999999999998657407 ) ) ;
#1385 = DIRECTION ( 'NONE',  ( 0.7071067811865597852, 4.912603876444048035E-15, -0.7071067811865352493 ) ) ;
#1386 = ORIENTED_EDGE ( 'NONE', *, *, #2350, .F. ) ;
#1387 = ORIENTED_EDGE ( 'NONE', *, *, #1377, .T. ) ;
#1388 = ADVANCED_FACE ( 'NONE', ( #203 ), #1032, .T. ) ;
#1389 = DIRECTION ( 'NONE',  ( 0.000000000000000000, -6.938893903907222067E-15, 1.000000000000000000 ) ) ;
#1390 = ORIENTED_EDGE ( 'NONE', *, *, #1171, .F. ) ;
#1391 = EDGE_CURVE ( 'NONE', #1815, #93, #2139, .T. ) ;
#1392 = FACE_OUTER_BOUND ( 'NONE', #2391, .T. ) ;
#1393 = COORDINATED_UNIVERSAL_TIME_OFFSET ( 1, 0, .AHEAD. ) ;
#1394 = CARTESIAN_POINT ( 'NONE',  ( 17.19999999999999929, 20.22499999999999432, 0.2000000000001435629 ) ) ;
#1395 = CARTESIAN_POINT ( 'NONE',  ( -17.20000000000000639, 20.22499999999999432, 0.2000000000001435629 ) ) ;
#1396 = DIRECTION ( 'NONE',  ( -0.000000000000000000, 0.000000000000000000, 1.000000000000000000 ) ) ;
#1397 = VERTEX_POINT ( 'NONE', #1874 ) ;
#1398 = ORIENTED_EDGE ( 'NONE', *, *, #1855, .F. ) ;
#1399 = VECTOR ( 'NONE', #2306, 1000.000000000000000 ) ;
#1400 = ORIENTED_EDGE ( 'NONE', *, *, #2688, .T. ) ;
#1401 = AXIS2_PLACEMENT_3D ( 'NONE', #1693, #870, #445 ) ;
#1402 = EDGE_CURVE ( 'NONE', #2382, #740, #583, .T. ) ;
#1403 = ORIENTED_EDGE ( 'NONE', *, *, #2657, .F. ) ;
#1404 = CIRCLE ( 'NONE', #219, 2.999999999999999112 ) ;
#1405 = AXIS2_PLACEMENT_3D ( 'NONE', #1230, #2090, #204 ) ;
#1406 = APPROVAL_ROLE ( '' ) ;
#1407 = ADVANCED_FACE ( 'NONE', ( #1846 ), #1680, .F. ) ;
#1408 = CARTESIAN_POINT ( 'NONE',  ( 17.20000000000000639, 20.02500000000000213, 1.447609586453192173E-13 ) ) ;
#1409 = AXIS2_PLACEMENT_3D ( 'NONE', #726, #910, #1965 ) ;
#1410 = ADVANCED_FACE ( 'NONE', ( #637 ), #806, .F. ) ;
#1411 = CARTESIAN_POINT ( 'NONE',  ( -9.399999999999998579, 13.72500000000002274, 4.000000000000103917 ) ) ;
#1412 = ORIENTED_EDGE ( 'NONE', *, *, #1735, .F. ) ;
#1413 = ORIENTED_EDGE ( 'NONE', *, *, #1755, .F. ) ;
#1414 = CARTESIAN_POINT ( 'NONE',  ( 17.19999999999999929, 20.22499999999998010, 2.200000000000142730 ) ) ;
#1415 = ORIENTED_EDGE ( 'NONE', *, *, #1197, .F. ) ;
#1416 = ORIENTED_EDGE ( 'NONE', *, *, #2660, .T. ) ;
#1417 = FACE_OUTER_BOUND ( 'NONE', #820, .T. ) ;
#1418 = EDGE_CURVE ( 'NONE', #101, #942, #2097, .T. ) ;
#1419 = DIRECTION ( 'NONE',  ( 0.000000000000000000, -1.000000000000000000, -7.114983804074972634E-15 ) ) ;
#1420 = DIRECTION ( 'NONE',  ( 0.000000000000000000, 1.000000000000000000, 7.186711543332486985E-15 ) ) ;
#1421 = CARTESIAN_POINT ( 'NONE',  ( 5.100000000000002309, -20.22500000000013287, 3.999999999999861444 ) ) ;
#1422 = EDGE_CURVE ( 'NONE', #767, #1254, #884, .T. ) ;
#1423 = DIRECTION ( 'NONE',  ( -0.000000000000000000, 1.000000000000000000, 1.156482317317835161E-14 ) ) ;
#1424 = ORIENTED_EDGE ( 'NONE', *, *, #1457, .T. ) ;
#1425 = LINE ( 'NONE', #2448, #168 ) ;
#1426 = ORIENTED_EDGE ( 'NONE', *, *, #1335, .T. ) ;
#1427 = ORIENTED_EDGE ( 'NONE', *, *, #2228, .T. ) ;
#1428 = DATE_TIME_ROLE ( 'classification_date' ) ;
#1429 = CARTESIAN_POINT ( 'NONE',  ( -17.20000000000000639, -20.22500000000001208, 2.200000000000001954 ) ) ;
#1430 = EDGE_LOOP ( 'NONE', ( #2069, #2512, #2207, #2079 ) ) ;
#1431 = DIRECTION ( 'NONE',  ( 0.000000000000000000, -6.938893903907222067E-15, 1.000000000000000000 ) ) ;
#1432 = DIRECTION ( 'NONE',  ( 0.000000000000000000, 1.156482317317835161E-14, -1.000000000000000000 ) ) ;
#1433 = EDGE_CURVE ( 'NONE', #811, #1174, #2665, .T. ) ;
#1434 = CARTESIAN_POINT ( 'NONE',  ( 5.100000000000002309, 20.22499999999988773, 4.000000000000149214 ) ) ;
#1435 = ADVANCED_FACE ( 'NONE', ( #1307 ), #1962, .F. ) ;
#1436 = VERTEX_POINT ( 'NONE', #906 ) ;
#1437 = CARTESIAN_POINT ( 'NONE',  ( 8.600000000000001421, 20.22500000000001208, 0.4000000000001467937 ) ) ;
#1438 = FACE_OUTER_BOUND ( 'NONE', #123, .T. ) ;
#1439 = ORIENTED_EDGE ( 'NONE', *, *, #721, .F. ) ;
#1440 = VECTOR ( 'NONE', #111, 1000.000000000000114 ) ;
#1441 = VERTEX_POINT ( 'NONE', #1278 ) ;
#1442 = LINE ( 'NONE', #398, #2200 ) ;
#1443 = AXIS2_PLACEMENT_3D ( 'NONE', #1252, #2338, #1669 ) ;
#1444 = VERTEX_POINT ( 'NONE', #1710 ) ;
#1445 = VECTOR ( 'NONE', #1155, 1000.000000000000000 ) ;
#1446 = CARTESIAN_POINT ( 'NONE',  ( 17.19999999999999929, -20.22500000000001208, 2.200000000000001954 ) ) ;
#1447 = AXIS2_PLACEMENT_3D ( 'NONE', #1535, #2367, #1574 ) ;
#1448 = CARTESIAN_POINT ( 'NONE',  ( -1.399999999999998579, 18.42499999999995453, 4.000000000000134115 ) ) ;
#1449 = DIRECTION ( 'NONE',  ( -1.000000000000000000, -0.000000000000000000, -0.000000000000000000 ) ) ;
#1450 = APPROVAL_PERSON_ORGANIZATION ( #570, #553, #1406 ) ;
#1451 = ORIENTED_EDGE ( 'NONE', *, *, #1775, .T. ) ;
#1452 = CARTESIAN_POINT ( 'NONE',  ( 13.10000000000000320, -18.22500000000002274, 4.499999999999873879 ) ) ;
#1453 = CARTESIAN_POINT ( 'NONE',  ( 13.10000000000000320, 18.22499999999996589, 4.000000000000135003 ) ) ;
#1454 = EDGE_CURVE ( 'NONE', #1345, #1895, #286, .T. ) ;
#1455 = ORIENTED_EDGE ( 'NONE', *, *, #1171, .T. ) ;
#1456 = VERTEX_POINT ( 'NONE', #2552 ) ;
#1457 = EDGE_CURVE ( 'NONE', #1073, #2175, #2155, .T. ) ;
#1458 = CARTESIAN_POINT ( 'NONE',  ( 13.10000000000000320, 20.22499999999988773, 4.000000000000149214 ) ) ;
#1459 = ORIENTED_EDGE ( 'NONE', *, *, #1791, .F. ) ;
#1460 = LINE ( 'NONE', #2080, #962 ) ;
#1461 = DIRECTION ( 'NONE',  ( 0.000000000000000000, -1.000000000000000000, -1.156482317317835161E-14 ) ) ;
#1462 = DIRECTION ( 'NONE',  ( 0.000000000000000000, -0.7071067811865435759, -0.7071067811865513475 ) ) ;
#1463 = CARTESIAN_POINT ( 'NONE',  ( -9.399999999999998579, 13.72500000000001918, 4.500000000000101252 ) ) ;
#1464 = DIRECTION ( 'NONE',  ( -3.854941057726240562E-16, 1.000000000000000000, 0.000000000000000000 ) ) ;
#1465 = CARTESIAN_POINT ( 'NONE',  ( 17.39999999999999858, -20.22500000000001208, 2.200000000000001954 ) ) ;
#1466 = DIRECTION ( 'NONE',  ( 0.000000000000000000, 6.938893903907228378E-15, -1.000000000000000000 ) ) ;
#1467 = ORIENTED_EDGE ( 'NONE', *, *, #364, .T. ) ;
#1468 = ORIENTED_EDGE ( 'NONE', *, *, #1647, .T. ) ;
#1469 = PRODUCT_DEFINITION ( 'UNKNOWN', '', #225, #713 ) ;
#1470 = DIRECTION ( 'NONE',  ( 0.000000000000000000, 1.387778780781445676E-14, -1.000000000000000000 ) ) ;
#1471 = EDGE_CURVE ( 'NONE', #1719, #2382, #385, .T. ) ;
#1472 = EDGE_LOOP ( 'NONE', ( #1047, #899, #85, #2372, #1631 ) ) ;
#1473 = CARTESIAN_POINT ( 'NONE',  ( 17.39999999999999858, 18.02499999999997016, 4.117157287525505360 ) ) ;
#1474 = CARTESIAN_POINT ( 'NONE',  ( -17.20000000000000639, -20.22500000000001918, -1.348747502571967516E-13 ) ) ;
#1475 = ORIENTED_EDGE ( 'NONE', *, *, #2134, .T. ) ;
#1476 = DIRECTION ( 'NONE',  ( 0.000000000000000000, -6.308085367188399116E-15, 1.000000000000000000 ) ) ;
#1477 = DIRECTION ( 'NONE',  ( -0.000000000000000000, 0.000000000000000000, -1.000000000000000000 ) ) ;
#1478 = ORIENTED_EDGE ( 'NONE', *, *, #1433, .F. ) ;
#1479 = EDGE_LOOP ( 'NONE', ( #1819, #2556, #499, #1602 ) ) ;
#1480 = CARTESIAN_POINT ( 'NONE',  ( 8.600000000000001421, 15.72500000000001386, 0.4000000000001155409 ) ) ;
#1481 = VECTOR ( 'NONE', #594, 1000.000000000000000 ) ;
#1482 = CARTESIAN_POINT ( 'NONE',  ( -13.89999999999999503, -18.22500000000002274, 4.499999999999873879 ) ) ;
#1483 = CIRCLE ( 'NONE', #2572, 0.5000000000000000000 ) ;
#1484 = CARTESIAN_POINT ( 'NONE',  ( 12.60000000000000320, 20.22500000000001208, 2.200000000000111644 ) ) ;
#1485 = EDGE_CURVE ( 'NONE', #1675, #1992, #231, .T. ) ;
#1486 = CARTESIAN_POINT ( 'NONE',  ( 17.39999999999999858, 18.22499999999995879, 4.500000000000133227 ) ) ;
#1487 = AXIS2_PLACEMENT_3D ( 'NONE', #29, #1938, #2337 ) ;
#1488 = VECTOR ( 'NONE', #2418, 1000.000000000000000 ) ;
#1489 = DIRECTION ( 'NONE',  ( -1.000000000000000000, -0.000000000000000000, -0.000000000000000000 ) ) ;
#1490 = TOROIDAL_SURFACE ( 'NONE', #2064, 4.500000000000000888, 0.5000000000000000000 ) ;
#1491 = VECTOR ( 'NONE', #2077, 1000.000000000000000 ) ;
#1492 = ADVANCED_FACE ( 'NONE', ( #72 ), #1079, .T. ) ;
#1493 = ADVANCED_FACE ( 'NONE', ( #17 ), #667, .T. ) ;
#1494 = DIRECTION ( 'NONE',  ( 0.000000000000000000, 7.114983804074972634E-15, -1.000000000000000000 ) ) ;
#1495 = CIRCLE ( 'NONE', #1042, 1.999999999999998224 ) ;
#1496 = DIRECTION ( 'NONE',  ( 0.000000000000000000, 7.114983804074972634E-15, -1.000000000000000000 ) ) ;
#1497 = CARTESIAN_POINT ( 'NONE',  ( 17.39999999999999858, 0.000000000000000000, 0.000000000000000000 ) ) ;
#1498 = VERTEX_POINT ( 'NONE', #1054 ) ;
#1499 = ORIENTED_EDGE ( 'NONE', *, *, #345, .T. ) ;
#1500 = CARTESIAN_POINT ( 'NONE',  ( -1.399999999999998579, 14.72500000000002274, -13.20037878244417406 ) ) ;
#1501 = CARTESIAN_POINT ( 'NONE',  ( -13.39999999999999858, 13.72500000000002274, -13.20037878244417406 ) ) ;
#1502 = ORIENTED_EDGE ( 'NONE', *, *, #1755, .T. ) ;
#1503 = FACE_OUTER_BOUND ( 'NONE', #719, .T. ) ;
#1504 = DIRECTION ( 'NONE',  ( 0.000000000000000000, -6.947471028633934181E-15, 1.000000000000000000 ) ) ;
#1505 = EDGE_CURVE ( 'NONE', #1254, #1073, #1506, .T. ) ;
#1506 = LINE ( 'NONE', #2127, #2574 ) ;
#1507 = DIRECTION ( 'NONE',  ( 1.000000000000000000, -3.854941057726240562E-16, 0.000000000000000000 ) ) ;
#1508 = EDGE_CURVE ( 'NONE', #151, #2100, #1221, .T. ) ;
#1509 = FACE_OUTER_BOUND ( 'NONE', #1430, .T. ) ;
#1510 = CARTESIAN_POINT ( 'NONE',  ( 17.39999999999999858, 20.02500000000000213, 0.2000000000001435629 ) ) ;
#1511 = ORIENTED_EDGE ( 'NONE', *, *, #1701, .T. ) ;
#1512 = ORIENTED_EDGE ( 'NONE', *, *, #378, .T. ) ;
#1513 = LINE ( 'NONE', #478, #1975 ) ;
#1514 = LINE ( 'NONE', #1242, #1305 ) ;
#1515 = CARTESIAN_POINT ( 'NONE',  ( 8.600000000000001421, -20.22500000000001563, 0.3999999999998651301 ) ) ;
#1516 = CARTESIAN_POINT ( 'NONE',  ( 10.60000000000000142, -13.22500000000001208, 3.999999999999910738 ) ) ;
#1517 = CARTESIAN_POINT ( 'NONE',  ( -17.39999999999999858, 11.07107864376257922, 11.07107864376277284 ) ) ;
#1518 = CARTESIAN_POINT ( 'NONE',  ( -4.899999999999997691, -20.22500000000013287, 3.999999999999861444 ) ) ;
#1519 = PLANE ( 'NONE',  #702 ) ;
#1520 = FACE_OUTER_BOUND ( 'NONE', #2072, .T. ) ;
#1521 = EDGE_CURVE ( 'NONE', #957, #817, #2167, .T. ) ;
#1522 = EDGE_LOOP ( 'NONE', ( #2263, #956, #973, #2669, #2450 ) ) ;
#1523 = VERTEX_POINT ( 'NONE', #894 ) ;
#1524 = DIRECTION ( 'NONE',  ( 0.000000000000000000, -4.731064025390998189E-15, -1.000000000000000000 ) ) ;
#1525 =( BOUNDED_CURVE ( )  B_SPLINE_CURVE ( 3, ( #2715, #1275, #401, #1231 ),
 .UNSPECIFIED., .F., .F. ) 
 B_SPLINE_CURVE_WITH_KNOTS ( ( 4, 4 ),
 ( 1.570796326794902997, 1.982313172862361306 ),
 .UNSPECIFIED. ) 
 CURVE ( )  GEOMETRIC_REPRESENTATION_ITEM ( )  RATIONAL_B_SPLINE_CURVE ( ( 1.000000000000000000, 0.9859375419538041196, 0.9859375419538041196, 1.000000000000000000 ) ) 
 REPRESENTATION_ITEM ( '' )  );
#1526 = DIRECTION ( 'NONE',  ( -0.000000000000000000, -0.000000000000000000, 1.000000000000000000 ) ) ;
#1527 = CARTESIAN_POINT ( 'NONE',  ( -17.20000000000000639, -20.22500000000001918, 0.1999999999998652855 ) ) ;
#1528 = DIRECTION ( 'NONE',  ( 0.000000000000000000, 6.938893903907228378E-15, -1.000000000000000000 ) ) ;
#1529 = AXIS2_PLACEMENT_3D ( 'NONE', #2082, #427, #241 ) ;
#1530 = DIRECTION ( 'NONE',  ( 0.000000000000000000, 0.000000000000000000, 1.000000000000000000 ) ) ;
#1531 = CARTESIAN_POINT ( 'NONE',  ( -17.20000000000000639, -20.22500000000001208, 2.200000000000001954 ) ) ;
#1532 = VECTOR ( 'NONE', #1653, 1000.000000000000000 ) ;
#1533 = CARTESIAN_POINT ( 'NONE',  ( 8.100000000000001421, 18.22499999999995879, 4.500000000000133227 ) ) ;
#1534 = CIRCLE ( 'NONE', #1840, 2.999999999999999112 ) ;
#1535 = CARTESIAN_POINT ( 'NONE',  ( 17.39999999999999858, 20.22499999999999432, 0.2000000000001448397 ) ) ;
#1536 = CARTESIAN_POINT ( 'NONE',  ( -5.399999999999998579, 20.22500000000001208, -13.20037878244417406 ) ) ;
#1537 = EDGE_LOOP ( 'NONE', ( #1811, #289, #1451, #1512 ) ) ;
#1538 = AXIS2_PLACEMENT_3D ( 'NONE', #628, #1820, #1466 ) ;
#1539 = ORIENTED_EDGE ( 'NONE', *, *, #1339, .F. ) ;
#1540 = CARTESIAN_POINT ( 'NONE',  ( -1.399999999999998579, 18.42499999999995453, 4.000000000000134115 ) ) ;
#1541 = EDGE_CURVE ( 'NONE', #2091, #1523, #1736, .T. ) ;
#1542 = CARTESIAN_POINT ( 'NONE',  ( -29.34999999999985931, 6.074999999999826983, -7.650000000000203748 ) ) ;
#1543 = EDGE_CURVE ( 'NONE', #1284, #1084, #1261, .T. ) ;
#1544 = CARTESIAN_POINT ( 'NONE',  ( -5.399999999999998579, 18.42499999999995453, 4.000000000000135891 ) ) ;
#1545 = ORIENTED_EDGE ( 'NONE', *, *, #1378, .T. ) ;
#1546 = DIRECTION ( 'NONE',  ( -1.000000000000000000, -0.000000000000000000, -0.000000000000000000 ) ) ;
#1547 = CARTESIAN_POINT ( 'NONE',  ( 8.600000000000001421, -15.72500000000013465, 3.999999999999892530 ) ) ;
#1548 = CARTESIAN_POINT ( 'NONE',  ( 8.600000000000001421, -15.72500000000001386, -13.20037878244417406 ) ) ;
#1549 = DIRECTION ( 'NONE',  ( 3.854941057726240562E-16, 1.000000000000000000, 0.000000000000000000 ) ) ;
#1550 = CARTESIAN_POINT ( 'NONE',  ( -17.20000000000000639, 20.22499999999998010, 2.200000000000142730 ) ) ;
#1551 = DIRECTION ( 'NONE',  ( -0.000000000000000000, -7.114983804074972634E-15, 1.000000000000000000 ) ) ;
#1552 = VERTEX_POINT ( 'NONE', #1533 ) ;
#1553 = ORIENTED_EDGE ( 'NONE', *, *, #2177, .T. ) ;
#1554 = EDGE_CURVE ( 'NONE', #434, #1564, #2325, .T. ) ;
#1555 = EDGE_LOOP ( 'NONE', ( #977, #1147, #2187, #1172, #2021 ) ) ;
#1556 = LINE ( 'NONE', #43, #917 ) ;
#1557 = ORIENTED_EDGE ( 'NONE', *, *, #2465, .T. ) ;
#1558 = EDGE_CURVE ( 'NONE', #731, #1641, #709, .T. ) ;
#1559 = CARTESIAN_POINT ( 'NONE',  ( -5.399999999999998579, 20.22499999999998010, 2.200000000000142730 ) ) ;
#1560 = DIRECTION ( 'NONE',  ( 0.000000000000000000, 1.156482317317835161E-14, -1.000000000000000000 ) ) ;
#1561 = DIRECTION ( 'NONE',  ( 0.6785983445458581009, -0.6785983445458325658, -0.2810846377148285002 ) ) ;
#1562 = CARTESIAN_POINT ( 'NONE',  ( -17.20000000000000639, -20.22500000000001918, -1.348747502571967516E-13 ) ) ;
#1563 = ORIENTED_EDGE ( 'NONE', *, *, #1057, .F. ) ;
#1564 = VERTEX_POINT ( 'NONE', #119 ) ;
#1565 = CARTESIAN_POINT ( 'NONE',  ( -1.899999999999998579, -14.72500000000002629, 4.499999999999898748 ) ) ;
#1566 = DIRECTION ( 'NONE',  ( -1.000000000000000000, -0.000000000000000000, -0.000000000000000000 ) ) ;
#1567 = CARTESIAN_POINT ( 'NONE',  ( 17.39999999999999858, -20.02500000000003055, 9.473955710845487517E-14 ) ) ;
#1568 = ADVANCED_FACE ( 'NONE', ( #2608 ), #952, .F. ) ;
#1569 = DIRECTION ( 'NONE',  ( -0.000000000000000000, 6.308085367188399116E-15, -1.000000000000000000 ) ) ;
#1570 = FACE_OUTER_BOUND ( 'NONE', #1715, .T. ) ;
#1571 = VECTOR ( 'NONE', #720, 1000.000000000000000 ) ;
#1572 = ORIENTED_EDGE ( 'NONE', *, *, #2588, .F. ) ;
#1573 = ADVANCED_FACE ( 'NONE', ( #2179 ), #2231, .F. ) ;
#1574 = DIRECTION ( 'NONE',  ( -1.000000000000000000, 0.000000000000000000, 0.000000000000000000 ) ) ;
#1575 = VECTOR ( 'NONE', #2690, 1000.000000000000000 ) ;
#1576 = LINE ( 'NONE', #328, #136 ) ;
#1577 = DIRECTION ( 'NONE',  ( 0.000000000000000000, 0.000000000000000000, -1.000000000000000000 ) ) ;
#1578 = VERTEX_POINT ( 'NONE', #458 ) ;
#1579 = VECTOR ( 'NONE', #692, 1000.000000000000000 ) ;
#1580 = VECTOR ( 'NONE', #981, 1000.000000000000000 ) ;
#1581 = VERTEX_POINT ( 'NONE', #1308 ) ;
#1582 = DIRECTION ( 'NONE',  ( 0.000000000000000000, -6.308085367188399116E-15, 1.000000000000000000 ) ) ;
#1583 = LINE ( 'NONE', #1119, #82 ) ;
#1584 = VECTOR ( 'NONE', #1044, 1000.000000000000114 ) ;
#1585 = VECTOR ( 'NONE', #1546, 1000.000000000000000 ) ;
#1586 = VECTOR ( 'NONE', #506, 1000.000000000000000 ) ;
#1587 = LINE ( 'NONE', #2226, #1314 ) ;
#1588 = CARTESIAN_POINT ( 'NONE',  ( -13.39999999999999858, -20.22500000000001208, 0.3999999999998657407 ) ) ;
#1589 = DIRECTION ( 'NONE',  ( -0.000000000000000000, -7.114983804074972634E-15, 1.000000000000000000 ) ) ;
#1590 = EDGE_CURVE ( 'NONE', #2330, #189, #1749, .T. ) ;
#1591 = ORIENTED_EDGE ( 'NONE', *, *, #447, .T. ) ;
#1592 = DIRECTION ( 'NONE',  ( -0.000000000000000000, -0.000000000000000000, 1.000000000000000000 ) ) ;
#1593 = LINE ( 'NONE', #1536, #174 ) ;
#1594 = ORIENTED_EDGE ( 'NONE', *, *, #600, .F. ) ;
#1595 = EDGE_CURVE ( 'NONE', #1683, #53, #2315, .T. ) ;
#1596 = ORIENTED_EDGE ( 'NONE', *, *, #2468, .F. ) ;
#1597 = ORIENTED_EDGE ( 'NONE', *, *, #1277, .T. ) ;
#1598 = DIRECTION ( 'NONE',  ( 0.000000000000000000, 7.114983804074972634E-15, -1.000000000000000000 ) ) ;
#1599 = PLANE ( 'NONE',  #534 ) ;
#1600 =( BOUNDED_CURVE ( )  B_SPLINE_CURVE ( 3, ( #2670, #159, #2038, #591 ),
 .UNSPECIFIED., .F., .F. ) 
 B_SPLINE_CURVE_WITH_KNOTS ( ( 4, 4 ),
 ( 1.570796326794896558, 1.982313172862709028 ),
 .UNSPECIFIED. ) 
 CURVE ( )  GEOMETRIC_REPRESENTATION_ITEM ( )  RATIONAL_B_SPLINE_CURVE ( ( 1.000000000000000000, 0.9859375419537800278, 0.9859375419537800278, 1.000000000000000000 ) ) 
 REPRESENTATION_ITEM ( '' )  );
#1601 = CARTESIAN_POINT ( 'NONE',  ( 17.39999999999999858, -20.22500000000001208, 2.200000000000001954 ) ) ;
#1602 = ORIENTED_EDGE ( 'NONE', *, *, #2249, .F. ) ;
#1603 =( NAMED_UNIT ( * ) PLANE_ANGLE_UNIT ( ) SI_UNIT ( $, .RADIAN. ) );
#1604 = EDGE_CURVE ( 'NONE', #275, #2577, #961, .T. ) ;
#1605 = ORIENTED_EDGE ( 'NONE', *, *, #2591, .F. ) ;
#1606 = ORIENTED_EDGE ( 'NONE', *, *, #2465, .F. ) ;
#1607 = DIRECTION ( 'NONE',  ( 0.000000000000000000, -1.000000000000000000, -6.947471028633934181E-15 ) ) ;
#1608 = EDGE_CURVE ( 'NONE', #1966, #2612, #1583, .T. ) ;
#1609 = EDGE_LOOP ( 'NONE', ( #1455, #1868, #2351, #1629, #2345 ) ) ;
#1610 = ORIENTED_EDGE ( 'NONE', *, *, #847, .T. ) ;
#1611 = PERSON_AND_ORGANIZATION_ROLE ( 'creator' ) ;
#1612 = DIRECTION ( 'NONE',  ( 0.000000000000000000, 0.7071067811865435759, 0.7071067811865513475 ) ) ;
#1613 = CARTESIAN_POINT ( 'NONE',  ( -17.20000000000000639, -18.22500000000002274, 4.499999999999873879 ) ) ;
#1614 = CARTESIAN_POINT ( 'NONE',  ( -17.30000000000000426, 20.02499999999999858, 0.1000000000001441680 ) ) ;
#1615 = ORIENTED_EDGE ( 'NONE', *, *, #195, .F. ) ;
#1616 = ORIENTED_EDGE ( 'NONE', *, *, #317, .T. ) ;
#1617 = AXIS2_PLACEMENT_3D ( 'NONE', #1052, #1904, #16 ) ;
#1618 = ORIENTED_EDGE ( 'NONE', *, *, #1871, .F. ) ;
#1619 = AXIS2_PLACEMENT_3D ( 'NONE', #2481, #1863, #2285 ) ;
#1620 = CIRCLE ( 'NONE', #386, 4.000000000000000000 ) ;
#1621 = EDGE_LOOP ( 'NONE', ( #741, #2714, #1196 ) ) ;
#1622 = ADVANCED_FACE ( 'NONE', ( #110 ), #2615, .F. ) ;
#1623 = AXIS2_PLACEMENT_3D ( 'NONE', #2201, #2584, #62 ) ;
#1624 = VECTOR ( 'NONE', #1960, 1000.000000000000000 ) ;
#1625 = DIRECTION ( 'NONE',  ( 0.6785983445458376728, 0.6785983445458581009, 0.2810846377148161213 ) ) ;
#1626 = VECTOR ( 'NONE', #601, 1000.000000000000114 ) ;
#1627 = EDGE_CURVE ( 'NONE', #2145, #2330, #546, .T. ) ;
#1628 = FACE_OUTER_BOUND ( 'NONE', #1200, .T. ) ;
#1629 = ORIENTED_EDGE ( 'NONE', *, *, #934, .F. ) ;
#1630 = ORIENTED_EDGE ( 'NONE', *, *, #1485, .F. ) ;
#1631 = ORIENTED_EDGE ( 'NONE', *, *, #1983, .F. ) ;
#1632 = COORDINATED_UNIVERSAL_TIME_OFFSET ( 1, 0, .AHEAD. ) ;
#1633 = CC_DESIGN_PERSON_AND_ORGANIZATION_ASSIGNMENT ( #335, #965, ( #2452 ) ) ;
#1634 = LINE ( 'NONE', #1870, #1481 ) ;
#1635 = ADVANCED_FACE ( 'NONE', ( #960 ), #932, .T. ) ;
#1636 = DIRECTION ( 'NONE',  ( -0.000000000000000000, -0.000000000000000000, 1.000000000000000000 ) ) ;
#1637 = CARTESIAN_POINT ( 'NONE',  ( -1.414112601366103172, 18.28830789173246174, 4.136692108267624235 ) ) ;
#1638 = CARTESIAN_POINT ( 'NONE',  ( 8.100000000000001421, -18.22500000000002274, 4.499999999999873879 ) ) ;
#1639 = ORIENTED_EDGE ( 'NONE', *, *, #2341, .F. ) ;
#1640 = CYLINDRICAL_SURFACE ( 'NONE', #1538, 0.5000000000000000000 ) ;
#1641 = VERTEX_POINT ( 'NONE', #2239 ) ;
#1642 = ORIENTED_EDGE ( 'NONE', *, *, #785, .F. ) ;
#1643 = CARTESIAN_POINT ( 'NONE',  ( -13.89999999999999858, -18.22500000000000497, 3.999999999999874323 ) ) ;
#1644 = ORIENTED_EDGE ( 'NONE', *, *, #323, .T. ) ;
#1645 = CARTESIAN_POINT ( 'NONE',  ( 17.39999999999999858, -20.22500000000001208, 2.200000000000001954 ) ) ;
#1646 = DIRECTION ( 'NONE',  ( 6.938893903907234689E-15, -3.469446951953617344E-14, 1.000000000000000000 ) ) ;
#1647 = EDGE_CURVE ( 'NONE', #112, #414, #1600, .T. ) ;
#1648 = PLANE ( 'NONE',  #34 ) ;
#1649 = DIRECTION ( 'NONE',  ( 0.000000000000000000, 7.114983804074972634E-15, -1.000000000000000000 ) ) ;
#1650 = DIRECTION ( 'NONE',  ( -1.000000000000000000, 0.000000000000000000, 0.000000000000000000 ) ) ;
#1651 = ORIENTED_EDGE ( 'NONE', *, *, #1950, .F. ) ;
#1652 = EDGE_CURVE ( 'NONE', #1895, #879, #186, .T. ) ;
#1653 = DIRECTION ( 'NONE',  ( -2.725854962992690772E-16, -0.7071067811865536790, 0.7071067811865414665 ) ) ;
#1654 = DIRECTION ( 'NONE',  ( -0.000000000000000000, 1.000000000000000000, 1.156482317317835161E-14 ) ) ;
#1655 = VERTEX_POINT ( 'NONE', #1437 ) ;
#1656 = VECTOR ( 'NONE', #1524, 1000.000000000000000 ) ;
#1657 = ORIENTED_EDGE ( 'NONE', *, *, #195, .T. ) ;
#1658 = DIRECTION ( 'NONE',  ( -1.000000000000000000, 0.000000000000000000, 0.000000000000000000 ) ) ;
#1659 = VECTOR ( 'NONE', #418, 1000.000000000000000 ) ;
#1660 = DIRECTION ( 'NONE',  ( 0.5773502691896258421, 0.5773502691896458261, -0.5773502691896057470 ) ) ;
#1661 = VECTOR ( 'NONE', #18, 1000.000000000000000 ) ;
#1662 = ORIENTED_EDGE ( 'NONE', *, *, #2674, .T. ) ;
#1663 = CIRCLE ( 'NONE', #573, 0.4999999999999995559 ) ;
#1664 = CARTESIAN_POINT ( 'NONE',  ( 8.600000000000001421, 18.42499999999995453, 4.000000000000134115 ) ) ;
#1665 = VECTOR ( 'NONE', #2297, 1000.000000000000000 ) ;
#1666 = CARTESIAN_POINT ( 'NONE',  ( 8.600000000000001421, 20.22500000000001208, -13.20037878244417406 ) ) ;
#1667 = AXIS2_PLACEMENT_3D ( 'NONE', #552, #1385, #354 ) ;
#1668 = CARTESIAN_POINT ( 'NONE',  ( -17.20000000000000639, -20.02500000000003055, -1.334852560514700217E-13 ) ) ;
#1669 = DIRECTION ( 'NONE',  ( 1.000000000000000000, 0.000000000000000000, 0.000000000000000000 ) ) ;
#1670 = PLANE ( 'NONE',  #1183 ) ;
#1671 = EDGE_CURVE ( 'NONE', #707, #2050, #2656, .T. ) ;
#1672 = VERTEX_POINT ( 'NONE', #2274 ) ;
#1673 = ORIENTED_EDGE ( 'NONE', *, *, #1775, .F. ) ;
#1674 = FACE_OUTER_BOUND ( 'NONE', #1802, .T. ) ;
#1675 = VERTEX_POINT ( 'NONE', #368 ) ;
#1676 = PLANE ( 'NONE',  #829 ) ;
#1677 = DIRECTION ( 'NONE',  ( 0.000000000000000000, 1.156482317317835161E-14, -1.000000000000000000 ) ) ;
#1678 = LINE ( 'NONE', #2521, #1746 ) ;
#1679 = CARTESIAN_POINT ( 'NONE',  ( 17.39999999999999858, 20.22499999999998010, 2.200000000000142730 ) ) ;
#1680 = PLANE ( 'NONE',  #1619 ) ;
#1681 = CARTESIAN_POINT ( 'NONE',  ( 17.39999999999999858, 18.22499999999996234, 4.200000000000123634 ) ) ;
#1682 = DIRECTION ( 'NONE',  ( -2.002656751400469852E-14, 0.7071067811865330288, 0.7071067811865621167 ) ) ;
#1683 = VERTEX_POINT ( 'NONE', #1828 ) ;
#1684 = EDGE_LOOP ( 'NONE', ( #1148, #297, #1398, #2590 ) ) ;
#1685 = CARTESIAN_POINT ( 'NONE',  ( 17.39999999999999858, 18.22499999999996234, 4.200000000000123634 ) ) ;
#1686 = EDGE_CURVE ( 'NONE', #1688, #161, #1425, .T. ) ;
#1687 = CARTESIAN_POINT ( 'NONE',  ( 4.600000000000001421, -20.22500000000001208, 0.3999999999998657407 ) ) ;
#1688 = VERTEX_POINT ( 'NONE', #985 ) ;
#1689 = EDGE_CURVE ( 'NONE', #2060, #782, #781, .T. ) ;
#1690 = CARTESIAN_POINT ( 'NONE',  ( 8.600000000000001421, 15.72500000000001386, -13.20037878244417406 ) ) ;
#1691 = CARTESIAN_POINT ( 'NONE',  ( -1.899999999999999023, 18.22499999999995879, 4.500000000000133227 ) ) ;
#1692 = CARTESIAN_POINT ( 'NONE',  ( 17.39999999999999858, -18.22500000000001208, 4.200000000000022382 ) ) ;
#1693 = CARTESIAN_POINT ( 'NONE',  ( -17.20000000000000639, 18.22499999999996234, 4.200000000000123634 ) ) ;
#1694 = DIRECTION ( 'NONE',  ( 0.000000000000000000, 1.000000000000000000, 7.114983804074972634E-15 ) ) ;
#1695 = FACE_OUTER_BOUND ( 'NONE', #511, .T. ) ;
#1696 = ORIENTED_EDGE ( 'NONE', *, *, #992, .F. ) ;
#1697 = ORIENTED_EDGE ( 'NONE', *, *, #696, .T. ) ;
#1698 = LINE ( 'NONE', #641, #869 ) ;
#1699 = FACE_OUTER_BOUND ( 'NONE', #602, .T. ) ;
#1700 = AXIS2_PLACEMENT_3D ( 'NONE', #1381, #925, #501 ) ;
#1701 = EDGE_CURVE ( 'NONE', #1444, #1008, #1018, .T. ) ;
#1702 = AXIS2_PLACEMENT_3D ( 'NONE', #2600, #2412, #291 ) ;
#1703 = CARTESIAN_POINT ( 'NONE',  ( 17.39999999999999858, 18.22499999999996234, 4.200000000000123634 ) ) ;
#1704 = EDGE_CURVE ( 'NONE', #370, #1348, #818, .T. ) ;
#1705 = FACE_OUTER_BOUND ( 'NONE', #1156, .T. ) ;
#1706 = VECTOR ( 'NONE', #1817, 1000.000000000000000 ) ;
#1707 = VECTOR ( 'NONE', #2307, 1000.000000000000000 ) ;
#1708 = AXIS2_PLACEMENT_3D ( 'NONE', #226, #1888, #664 ) ;
#1709 = AXIS2_PLACEMENT_3D ( 'NONE', #676, #426, #1528 ) ;
#1710 = CARTESIAN_POINT ( 'NONE',  ( 17.19999999999999929, 18.22499999999996234, 4.200000000000123634 ) ) ;
#1711 = AXIS2_PLACEMENT_3D ( 'NONE', #1770, #75, #1158 ) ;
#1712 = DIRECTION ( 'NONE',  ( 0.000000000000000000, 0.7071067811865435759, 0.7071067811865513475 ) ) ;
#1713 = LINE ( 'NONE', #19, #2712 ) ;
#1714 = EDGE_LOOP ( 'NONE', ( #221, #640, #762, #2184, #837 ) ) ;
#1715 = EDGE_LOOP ( 'NONE', ( #567, #395, #974, #1511, #605 ) ) ;
#1716 = LINE ( 'NONE', #850, #1880 ) ;
#1717 = CARTESIAN_POINT ( 'NONE',  ( 12.60000000000000320, -20.22500000000013287, 3.999999999999861444 ) ) ;
#1718 = LINE ( 'NONE', #2560, #647 ) ;
#1719 = VERTEX_POINT ( 'NONE', #1452 ) ;
#1720 = CARTESIAN_POINT ( 'NONE',  ( -5.399999999999998579, 18.35592542715418674, 4.069074572845908122 ) ) ;
#1721 = CARTESIAN_POINT ( 'NONE',  ( 17.39999999999999858, -20.02500000000001990, 2.117157287525381459 ) ) ;
#1722 = EDGE_CURVE ( 'NONE', #1267, #2432, #1198, .T. ) ;
#1723 = CARTESIAN_POINT ( 'NONE',  ( 12.60000000000000320, -20.22500000000010445, 0.3999999999998657407 ) ) ;
#1724 = CARTESIAN_POINT ( 'NONE',  ( -1.899999999999999023, -18.22500000000002274, 4.499999999999873879 ) ) ;
#1725 = DIRECTION ( 'NONE',  ( 0.000000000000000000, 1.000000000000000000, 7.114983804074972634E-15 ) ) ;
#1726 = ORIENTED_EDGE ( 'NONE', *, *, #59, .T. ) ;
#1727 = DIRECTION ( 'NONE',  ( 0.000000000000000000, 1.000000000000000000, 7.285838599102592952E-15 ) ) ;
#1728 = EDGE_LOOP ( 'NONE', ( #2253, #685, #2122, #578 ) ) ;
#1729 = DIRECTION ( 'NONE',  ( 0.7071067811865352493, -2.454552982700590243E-14, -0.7071067811865597852 ) ) ;
#1730 = DIRECTION ( 'NONE',  ( -3.854941057726240562E-16, 1.000000000000000000, 7.114983804074972634E-15 ) ) ;
#1731 = CARTESIAN_POINT ( 'NONE',  ( -1.899999999999998579, 14.72500000000001918, 4.500000000000108358 ) ) ;
#1732 = DIRECTION ( 'NONE',  ( 0.000000000000000000, 0.000000000000000000, 1.000000000000000000 ) ) ;
#1733 = CARTESIAN_POINT ( 'NONE',  ( 0.000000000000000000, 0.000000000000000000, 0.000000000000000000 ) ) ;
#1734 = DIRECTION ( 'NONE',  ( 0.000000000000000000, -1.156482317317835161E-14, 1.000000000000000000 ) ) ;
#1735 = EDGE_CURVE ( 'NONE', #2557, #175, #1065, .T. ) ;
#1736 = LINE ( 'NONE', #2565, #1579 ) ;
#1737 = DIRECTION ( 'NONE',  ( -0.000000000000000000, 1.156482317317835161E-14, -1.000000000000000000 ) ) ;
#1738 = LINE ( 'NONE', #1897, #2634 ) ;
#1739 = ORIENTED_EDGE ( 'NONE', *, *, #1250, .T. ) ;
#1740 = EDGE_CURVE ( 'NONE', #2577, #1211, #2523, .T. ) ;
#1741 = EDGE_LOOP ( 'NONE', ( #337, #2251, #2500, #67, #1826 ) ) ;
#1742 = CARTESIAN_POINT ( 'NONE',  ( -5.399999999999998579, 20.22500000000001208, -13.20037878244417406 ) ) ;
#1743 = DIRECTION ( 'NONE',  ( 0.000000000000000000, -0.7071067811865435759, -0.7071067811865513475 ) ) ;
#1744 = ORIENTED_EDGE ( 'NONE', *, *, #1355, .T. ) ;
#1745 = DIRECTION ( 'NONE',  ( 1.000000000000000000, 0.000000000000000000, 0.000000000000000000 ) ) ;
#1746 = VECTOR ( 'NONE', #625, 1000.000000000000000 ) ;
#1747 = CARTESIAN_POINT ( 'NONE',  ( 5.100000000000002309, -14.72500000000002629, 4.499999999999898748 ) ) ;
#1748 = LINE ( 'NONE', #1547, #133 ) ;
#1749 = CIRCLE ( 'NONE', #747, 2.999999999999999112 ) ;
#1750 = CIRCLE ( 'NONE', #2443, 0.5000000000000000000 ) ;
#1751 = VECTOR ( 'NONE', #1783, 1000.000000000000000 ) ;
#1752 = VECTOR ( 'NONE', #2335, 1000.000000000000000 ) ;
#1753 = DIRECTION ( 'NONE',  ( -3.611118645726060498E-29, -1.000000000000000000, -6.938893903907221278E-15 ) ) ;
#1754 = CARTESIAN_POINT ( 'NONE',  ( -13.39999999999999858, -13.72500000000014531, 3.999999999999906297 ) ) ;
#1755 = EDGE_CURVE ( 'NONE', #581, #1024, #1268, .T. ) ;
#1756 = ORIENTED_EDGE ( 'NONE', *, *, #1590, .F. ) ;
#1757 = CIRCLE ( 'NONE', #2028, 0.4999999999999995559 ) ;
#1758 = ORIENTED_EDGE ( 'NONE', *, *, #39, .F. ) ;
#1759 = DIRECTION ( 'NONE',  ( 0.000000000000000000, 7.114983804074972634E-15, -1.000000000000000000 ) ) ;
#1760 = DIRECTION ( 'NONE',  ( 0.000000000000000000, 1.000000000000000000, 7.155734338404329264E-15 ) ) ;
#1761 = TOROIDAL_SURFACE ( 'NONE', #1091, 3.500000000000000000, 0.5000000000000000000 ) ;
#1762 = ADVANCED_FACE ( 'NONE', ( #2327 ), #871, .T. ) ;
#1763 = ORIENTED_EDGE ( 'NONE', *, *, #245, .F. ) ;
#1764 = LINE ( 'NONE', #1140, #533 ) ;
#1765 = ORIENTED_EDGE ( 'NONE', *, *, #2588, .T. ) ;
#1766 = CYLINDRICAL_SURFACE ( 'NONE', #436, 4.000000000000000000 ) ;
#1767 = DIRECTION ( 'NONE',  ( 0.000000000000000000, 6.308085367188399116E-15, -1.000000000000000000 ) ) ;
#1768 = LINE ( 'NONE', #1614, #2401 ) ;
#1769 = FACE_OUTER_BOUND ( 'NONE', #522, .T. ) ;
#1770 = CARTESIAN_POINT ( 'NONE',  ( 10.60000000000000142, -15.72500000000001386, 3.999999999999892530 ) ) ;
#1771 = ORIENTED_EDGE ( 'NONE', *, *, #1989, .T. ) ;
#1772 = ORIENTED_EDGE ( 'NONE', *, *, #298, .F. ) ;
#1773 = CARTESIAN_POINT ( 'NONE',  ( -17.20000000000000639, 20.22499999999999432, 1.461504528510459977E-13 ) ) ;
#1774 = VERTEX_POINT ( 'NONE', #459 ) ;
#1775 = EDGE_CURVE ( 'NONE', #437, #2658, #243, .T. ) ;
#1776 = CARTESIAN_POINT ( 'NONE',  ( -5.358257569495586736, 18.22499999999996234, 4.200000000000123634 ) ) ;
#1777 = APPLICATION_PROTOCOL_DEFINITION ( 'international standard', 'config_control_design', 1994, #47 ) ;
#1778 = EDGE_CURVE ( 'NONE', #1943, #2175, #2497, .T. ) ;
#1779 = ADVANCED_FACE ( 'NONE', ( #2098 ), #2296, .F. ) ;
#1780 = CARTESIAN_POINT ( 'NONE',  ( 17.39999999999999858, 20.22499999999998010, 2.200000000000142730 ) ) ;
#1781 = ADVANCED_FACE ( 'NONE', ( #254 ), #1519, .T. ) ;
#1782 = ORIENTED_EDGE ( 'NONE', *, *, #2205, .T. ) ;
#1783 = DIRECTION ( 'NONE',  ( 0.000000000000000000, 1.000000000000000000, 7.114983804074972634E-15 ) ) ;
#1784 = DIRECTION ( 'NONE',  ( -0.000000000000000000, 1.000000000000000000, 7.114983804074972634E-15 ) ) ;
#1785 = ORIENTED_EDGE ( 'NONE', *, *, #2421, .T. ) ;
#1786 = ORIENTED_EDGE ( 'NONE', *, *, #2568, .F. ) ;
#1787 = PLANE ( 'NONE',  #525 ) ;
#1788 = CARTESIAN_POINT ( 'NONE',  ( 8.600000000000001421, -20.22500000000001208, 2.200000000000002398 ) ) ;
#1789 = ORIENTED_EDGE ( 'NONE', *, *, #1206, .T. ) ;
#1790 = LINE ( 'NONE', #2618, #2204 ) ;
#1791 = EDGE_CURVE ( 'NONE', #943, #2102, #2142, .T. ) ;
#1792 = FACE_OUTER_BOUND ( 'NONE', #2586, .T. ) ;
#1793 = EDGE_CURVE ( 'NONE', #2609, #797, #216, .T. ) ;
#1794 = CARTESIAN_POINT ( 'NONE',  ( -17.20000000000000639, 20.22499999999998010, 2.200000000000142730 ) ) ;
#1795 = EDGE_LOOP ( 'NONE', ( #564, #2288, #1563, #1133 ) ) ;
#1796 = DIRECTION ( 'NONE',  ( 0.000000000000000000, -1.000000000000000000, -6.308085367188399116E-15 ) ) ;
#1797 = VECTOR ( 'NONE', #2, 1000.000000000000000 ) ;
#1798 = LINE ( 'NONE', #1754, #1804 ) ;
#1799 = ORIENTED_EDGE ( 'NONE', *, *, #968, .F. ) ;
#1800 = VECTOR ( 'NONE', #644, 1000.000000000000000 ) ;
#1801 = VECTOR ( 'NONE', #372, 1000.000000000000000 ) ;
#1802 = EDGE_LOOP ( 'NONE', ( #1502, #9, #976, #1739 ) ) ;
#1803 = DIRECTION ( 'NONE',  ( 0.000000000000000000, 0.000000000000000000, -1.000000000000000000 ) ) ;
#1804 = VECTOR ( 'NONE', #2585, 1000.000000000000000 ) ;
#1805 = ORIENTED_EDGE ( 'NONE', *, *, #1012, .T. ) ;
#1806 = AXIS2_PLACEMENT_3D ( 'NONE', #711, #1551, #122 ) ;
#1807 = FACE_OUTER_BOUND ( 'NONE', #1834, .T. ) ;
#1808 = CALENDAR_DATE ( 2025, 11, 3 ) ;
#1809 = DIRECTION ( 'NONE',  ( 0.000000000000000000, -1.000000000000000000, -6.947471028633934181E-15 ) ) ;
#1810 = PLANE ( 'NONE',  #83 ) ;
#1811 = ORIENTED_EDGE ( 'NONE', *, *, #352, .F. ) ;
#1812 = ADVANCED_FACE ( 'NONE', ( #2706 ), #1940, .T. ) ;
#1813 = LINE ( 'NONE', #2597, #269 ) ;
#1814 = ORIENTED_EDGE ( 'NONE', *, *, #2066, .F. ) ;
#1815 = VERTEX_POINT ( 'NONE', #1896 ) ;
#1816 = EDGE_CURVE ( 'NONE', #1225, #2060, #5, .T. ) ;
#1817 = DIRECTION ( 'NONE',  ( -0.000000000000000000, -1.000000000000000000, -7.114983804074972634E-15 ) ) ;
#1818 = VERTEX_POINT ( 'NONE', #49 ) ;
#1819 = ORIENTED_EDGE ( 'NONE', *, *, #2276, .T. ) ;
#1820 = DIRECTION ( 'NONE',  ( 0.000000000000000000, -1.000000000000000000, -7.114983804074972634E-15 ) ) ;
#1821 = DATE_AND_TIME ( #2453, #1892 ) ;
#1822 = DIRECTION ( 'NONE',  ( 0.000000000000000000, -6.947471028633934181E-15, 1.000000000000000000 ) ) ;
#1823 = DIRECTION ( 'NONE',  ( -1.000000000000000000, 0.000000000000000000, -0.000000000000000000 ) ) ;
#1824 = FACE_OUTER_BOUND ( 'NONE', #369, .T. ) ;
#1825 = ADVANCED_FACE ( 'NONE', ( #845 ), #1979, .T. ) ;
#1826 = ORIENTED_EDGE ( 'NONE', *, *, #1263, .T. ) ;
#1827 = ORIENTED_EDGE ( 'NONE', *, *, #1608, .F. ) ;
#1828 = CARTESIAN_POINT ( 'NONE',  ( -5.399999999999998579, -13.72500000000002274, 3.999999999999906297 ) ) ;
#1829 = EDGE_CURVE ( 'NONE', #1895, #2171, #2541, .T. ) ;
#1830 = EDGE_LOOP ( 'NONE', ( #2681, #1990, #13, #1786, #714 ) ) ;
#1831 = ORIENTED_EDGE ( 'NONE', *, *, #1963, .F. ) ;
#1832 = DIRECTION ( 'NONE',  ( -0.7071067811865353603, -0.7071067811865597852, 0.000000000000000000 ) ) ;
#1833 = VECTOR ( 'NONE', #456, 1000.000000000000227 ) ;
#1834 = EDGE_LOOP ( 'NONE', ( #185, #8, #2298, #639, #1644 ) ) ;
#1835 = VERTEX_POINT ( 'NONE', #2128 ) ;
#1836 = CIRCLE ( 'NONE', #1529, 0.5000000000000000000 ) ;
#1837 = CC_DESIGN_PERSON_AND_ORGANIZATION_ASSIGNMENT ( #1322, #936, ( #117 ) ) ;
#1838 = ORIENTED_EDGE ( 'NONE', *, *, #1689, .F. ) ;
#1839 = VECTOR ( 'NONE', #2583, 1000.000000000000000 ) ;
#1840 = AXIS2_PLACEMENT_3D ( 'NONE', #1, #814, #2494 ) ;
#1841 = ORIENTED_EDGE ( 'NONE', *, *, #1671, .F. ) ;
#1842 = ADVANCED_FACE ( 'NONE', ( #1509 ), #1490, .T. ) ;
#1843 = CIRCLE ( 'NONE', #435, 3.499999999999999556 ) ;
#1844 = AXIS2_PLACEMENT_3D ( 'NONE', #1429, #2439, #1884 ) ;
#1845 = CARTESIAN_POINT ( 'NONE',  ( 12.60000000000000320, -18.42500000000015703, 3.999999999999875211 ) ) ;
#1846 = FACE_OUTER_BOUND ( 'NONE', #1609, .T. ) ;
#1847 = VECTOR ( 'NONE', #1093, 1000.000000000000114 ) ;
#1848 = FACE_OUTER_BOUND ( 'NONE', #1537, .T. ) ;
#1849 = DIRECTION ( 'NONE',  ( 0.000000000000000000, 1.000000000000000000, 7.114983804074972634E-15 ) ) ;
#1850 = DIRECTION ( 'NONE',  ( -1.000000000000000000, -0.000000000000000000, -0.000000000000000000 ) ) ;
#1851 = EDGE_LOOP ( 'NONE', ( #2340, #1789, #234 ) ) ;
#1852 = VERTEX_POINT ( 'NONE', #1311 ) ;
#1853 = ORIENTED_EDGE ( 'NONE', *, *, #1243, .T. ) ;
#1854 = DATE_AND_TIME ( #1808, #706 ) ;
#1855 = EDGE_CURVE ( 'NONE', #1211, #1835, #1843, .T. ) ;
#1856 = CARTESIAN_POINT ( 'NONE',  ( 10.60000000000000142, -13.72500000000001386, 3.999999999999906297 ) ) ;
#1857 = ORIENTED_EDGE ( 'NONE', *, *, #2404, .F. ) ;
#1858 = CARTESIAN_POINT ( 'NONE',  ( 1.600000000000001643, -14.72500000000002274, -13.20037878244417406 ) ) ;
#1859 = EDGE_CURVE ( 'NONE', #1227, #125, #790, .T. ) ;
#1860 = CARTESIAN_POINT ( 'NONE',  ( 17.19999999999999929, 20.22499999999998010, 2.200000000000142730 ) ) ;
#1861 = CARTESIAN_POINT ( 'NONE',  ( -1.399999999999999023, 18.35592542715418674, 4.069074572845906346 ) ) ;
#1862 = DIRECTION ( 'NONE',  ( 0.000000000000000000, -6.938893903907222067E-15, 1.000000000000000000 ) ) ;
#1863 = DIRECTION ( 'NONE',  ( -1.000000000000000000, 0.000000000000000000, -0.000000000000000000 ) ) ;
#1864 = ORIENTED_EDGE ( 'NONE', *, *, #23, .F. ) ;
#1865 = CARTESIAN_POINT ( 'NONE',  ( 8.600000000000001421, -20.22500000000001208, 0.3999999999998657407 ) ) ;
#1866 = DIRECTION ( 'NONE',  ( 0.000000000000000000, -1.000000000000000000, -6.947471028633934181E-15 ) ) ;
#1867 = ORIENTED_EDGE ( 'NONE', *, *, #1039, .F. ) ;
#1868 = ORIENTED_EDGE ( 'NONE', *, *, #2646, .T. ) ;
#1869 = CARTESIAN_POINT ( 'NONE',  ( 1.600000000000001643, -11.22500000000002274, 3.999999999999924505 ) ) ;
#1870 = CARTESIAN_POINT ( 'NONE',  ( 17.39999999999999858, -20.02500000000003055, -1.334852560514700217E-13 ) ) ;
#1871 = EDGE_CURVE ( 'NONE', #823, #2102, #74, .T. ) ;
#1872 = LINE ( 'NONE', #2697, #2709 ) ;
#1873 = CARTESIAN_POINT ( 'NONE',  ( -13.89999999999999503, 18.22499999999995879, 4.500000000000133227 ) ) ;
#1874 = CARTESIAN_POINT ( 'NONE',  ( -17.39999999999999858, -18.02500000000001634, 4.299999999999877254 ) ) ;
#1875 = ADVANCED_FACE ( 'NONE', ( #1952 ), #2407, .F. ) ;
#1876 = DIRECTION ( 'NONE',  ( 1.000000000000000000, 0.000000000000000000, 0.000000000000000000 ) ) ;
#1877 = DIRECTION ( 'NONE',  ( 0.7071067811865413555, -0.5000000000000072164, 0.5000000000000016653 ) ) ;
#1878 = DIRECTION ( 'NONE',  ( -0.000000000000000000, -0.000000000000000000, 1.000000000000000000 ) ) ;
#1879 = ORIENTED_EDGE ( 'NONE', *, *, #444, .F. ) ;
#1880 = VECTOR ( 'NONE', #22, 1000.000000000000000 ) ;
#1881 = EDGE_LOOP ( 'NONE', ( #1121, #355, #877, #2473, #279 ) ) ;
#1882 = AXIS2_PLACEMENT_3D ( 'NONE', #1869, #1658, #2491 ) ;
#1883 = CIRCLE ( 'NONE', #830, 0.5000000000000000000 ) ;
#1884 = DIRECTION ( 'NONE',  ( 0.000000000000000000, -0.7071067811865435759, -0.7071067811865513475 ) ) ;
#1885 = VECTOR ( 'NONE', #1566, 1000.000000000000000 ) ;
#1886 = ORIENTED_EDGE ( 'NONE', *, *, #971, .T. ) ;
#1887 = CIRCLE ( 'NONE', #1709, 0.5000000000000000000 ) ;
#1888 = DIRECTION ( 'NONE',  ( 0.7071067811865352493, 0.7071067811865597852, 4.460489939442627212E-15 ) ) ;
#1889 = CIRCLE ( 'NONE', #1711, 2.000000000000000000 ) ;
#1890 = DIRECTION ( 'NONE',  ( 0.000000000000000000, -1.000000000000000000, -1.156482317317835161E-14 ) ) ;
#1891 = CC_DESIGN_PERSON_AND_ORGANIZATION_ASSIGNMENT ( #2265, #1611, ( #225 ) ) ;
#1892 = LOCAL_TIME ( 11, 23, 36.00000000000000000, #344 ) ;
#1893 = FACE_OUTER_BOUND ( 'NONE', #396, .T. ) ;
#1894 = ADVANCED_FACE ( 'NONE', ( #1769 ), #327, .T. ) ;
#1895 = VERTEX_POINT ( 'NONE', #1384 ) ;
#1896 = CARTESIAN_POINT ( 'NONE',  ( -1.399999999999998579, 20.22500000000001208, 0.4000000000001467937 ) ) ;
#1897 = CARTESIAN_POINT ( 'NONE',  ( 12.60000000000000320, -20.22500000000001208, 2.200000000000001066 ) ) ;
#1898 = ORIENTED_EDGE ( 'NONE', *, *, #865, .F. ) ;
#1899 = ORIENTED_EDGE ( 'NONE', *, *, #717, .F. ) ;
#1900 = FACE_OUTER_BOUND ( 'NONE', #1190, .T. ) ;
#1901 = DIRECTION ( 'NONE',  ( -0.000000000000000000, -0.000000000000000000, 1.000000000000000000 ) ) ;
#1902 = DIRECTION ( 'NONE',  ( 0.000000000000000000, 1.156482317317835161E-14, -1.000000000000000000 ) ) ;
#1903 = DIRECTION ( 'NONE',  ( -0.000000000000000000, -0.000000000000000000, 1.000000000000000000 ) ) ;
#1904 = DIRECTION ( 'NONE',  ( -1.000000000000000000, 0.000000000000000000, -0.000000000000000000 ) ) ;
#1905 = LINE ( 'NONE', #1224, #214 ) ;
#1906 = CARTESIAN_POINT ( 'NONE',  ( 10.60000000000000142, -15.72500000000001741, 4.499999999999891642 ) ) ;
#1907 = CARTESIAN_POINT ( 'NONE',  ( 12.60000000000000320, -20.22500000000001208, -13.20037878244417406 ) ) ;
#1908 = CARTESIAN_POINT ( 'NONE',  ( 4.600000000000001421, 20.22499999999998010, 2.200000000000142730 ) ) ;
#1909 = EDGE_CURVE ( 'NONE', #1774, #1444, #2566, .T. ) ;
#1910 = ORIENTED_EDGE ( 'NONE', *, *, #39, .T. ) ;
#1911 = DIRECTION ( 'NONE',  ( 0.000000000000000000, 6.938893903907228378E-15, -1.000000000000000000 ) ) ;
#1912 = ORIENTED_EDGE ( 'NONE', *, *, #1595, .T. ) ;
#1913 = CARTESIAN_POINT ( 'NONE',  ( -17.20000000000000639, -20.22500000000001918, -1.348747502571967516E-13 ) ) ;
#1914 = EDGE_CURVE ( 'NONE', #2262, #1354, #693, .T. ) ;
#1915 = CARTESIAN_POINT ( 'NONE',  ( -9.399999999999998579, -13.72500000000002274, 3.999999999999906297 ) ) ;
#1916 = ORIENTED_EDGE ( 'NONE', *, *, #113, .T. ) ;
#1917 = CARTESIAN_POINT ( 'NONE',  ( -17.20000000000000639, 20.22499999999999432, 0.2000000000001441736 ) ) ;
#1918 = DIRECTION ( 'NONE',  ( 0.000000000000000000, -3.469446951953611033E-14, 1.000000000000000000 ) ) ;
#1919 = CARTESIAN_POINT ( 'NONE',  ( 13.10000000000000320, -18.22500000000000497, 3.999999999999875211 ) ) ;
#1920 = CARTESIAN_POINT ( 'NONE',  ( -13.39999999999999858, 13.72500000000002274, -13.20037878244417406 ) ) ;
#1921 = DIRECTION ( 'NONE',  ( -1.000000000000000000, -0.000000000000000000, -0.000000000000000000 ) ) ;
#1922 = ORIENTED_EDGE ( 'NONE', *, *, #1983, .T. ) ;
#1923 = ORIENTED_EDGE ( 'NONE', *, *, #160, .T. ) ;
#1924 = EDGE_CURVE ( 'NONE', #1655, #1225, #897, .T. ) ;
#1925 = CARTESIAN_POINT ( 'NONE',  ( -1.399999999999998579, 14.72500000000002274, 4.000000000000111022 ) ) ;
#1926 = AXIS2_PLACEMENT_3D ( 'NONE', #1458, #2041, #2675 ) ;
#1927 = CARTESIAN_POINT ( 'NONE',  ( -13.89999999999999503, 18.22499999999996234, 4.000000000000133227 ) ) ;
#1928 = ORIENTED_EDGE ( 'NONE', *, *, #1554, .F. ) ;
#1929 = EDGE_CURVE ( 'NONE', #1225, #2235, #1995, .T. ) ;
#1930 = AXIS2_PLACEMENT_3D ( 'NONE', #1742, #863, #2120 ) ;
#1931 = DIRECTION ( 'NONE',  ( 0.000000000000000000, -1.000000000000000000, -6.947471028633934181E-15 ) ) ;
#1932 = CARTESIAN_POINT ( 'NONE',  ( 4.641742430504481653, -18.22500000000001208, 4.200000000000022382 ) ) ;
#1933 = CARTESIAN_POINT ( 'NONE',  ( -1.399999999999998579, 20.22500000000001208, -13.20037878244417406 ) ) ;
#1934 = VECTOR ( 'NONE', #2378, 1000.000000000000000 ) ;
#1935 = CARTESIAN_POINT ( 'NONE',  ( -17.20000000000000639, 18.22499999999995879, 4.500000000000133227 ) ) ;
#1936 = VECTOR ( 'NONE', #1592, 1000.000000000000000 ) ;
#1937 = VECTOR ( 'NONE', #311, 1000.000000000000000 ) ;
#1938 = DIRECTION ( 'NONE',  ( -3.854941057726240562E-16, 1.000000000000000000, 7.114983804074972634E-15 ) ) ;
#1939 = AXIS2_PLACEMENT_3D ( 'NONE', #474, #1941, #63 ) ;
#1940 = PLANE ( 'NONE',  #1264 ) ;
#1941 = DIRECTION ( 'NONE',  ( 0.000000000000000000, 0.7071067811865614505, 0.7071067811865335839 ) ) ;
#1942 = ORIENTED_EDGE ( 'NONE', *, *, #2676, .T. ) ;
#1943 = VERTEX_POINT ( 'NONE', #927 ) ;
#1944 = CARTESIAN_POINT ( 'NONE',  ( -17.39999999999999858, 20.02499999999998082, 2.117157287525529785 ) ) ;
#1945 = ORIENTED_EDGE ( 'NONE', *, *, #479, .F. ) ;
#1946 = LINE ( 'NONE', #561, #1223 ) ;
#1947 = EDGE_CURVE ( 'NONE', #462, #817, #2532, .T. ) ;
#1948 = CARTESIAN_POINT ( 'NONE',  ( -5.399999999999998579, 20.22499999999991616, 0.4000000000001467937 ) ) ;
#1949 = LINE ( 'NONE', #1338, #171 ) ;
#1950 = EDGE_CURVE ( 'NONE', #2235, #421, #491, .T. ) ;
#1951 = DIRECTION ( 'NONE',  ( 0.000000000000000000, -1.000000000000000000, -7.114983804074972634E-15 ) ) ;
#1952 = FACE_OUTER_BOUND ( 'NONE', #2221, .T. ) ;
#1953 = DIRECTION ( 'NONE',  ( 0.000000000000000000, -3.469446951955331381E-14, 1.000000000000000000 ) ) ;
#1954 = ORIENTED_EDGE ( 'NONE', *, *, #2553, .F. ) ;
#1955 = VERTEX_POINT ( 'NONE', #2168 ) ;
#1956 = CARTESIAN_POINT ( 'NONE',  ( -17.20000000000000639, 20.02500000000000213, 1.447609586453192173E-13 ) ) ;
#1957 = VERTEX_POINT ( 'NONE', #287 ) ;
#1958 = CARTESIAN_POINT ( 'NONE',  ( 1.600000000000001643, 14.72500000000002274, 0.4000000000001086020 ) ) ;
#1959 = ORIENTED_EDGE ( 'NONE', *, *, #1909, .T. ) ;
#1960 = DIRECTION ( 'NONE',  ( -0.7071067811865352493, 0.7071067811865597852, -6.409875621278961439E-17 ) ) ;
#1961 = EDGE_CURVE ( 'NONE', #1992, #2084, #1127, .T. ) ;
#1962 = PLANE ( 'NONE',  #1401 ) ;
#1963 = EDGE_CURVE ( 'NONE', #51, #848, #940, .T. ) ;
#1964 = DIRECTION ( 'NONE',  ( 0.000000000000000000, 1.000000000000000000, 6.947471028633934181E-15 ) ) ;
#1965 = DIRECTION ( 'NONE',  ( 0.000000000000000000, -6.938893903907222067E-15, 1.000000000000000000 ) ) ;
#1966 = VERTEX_POINT ( 'NONE', #2379 ) ;
#1967 = DIRECTION ( 'NONE',  ( 0.000000000000000000, 7.114983804074972634E-15, -1.000000000000000000 ) ) ;
#1968 = VERTEX_POINT ( 'NONE', #1550 ) ;
#1969 = EDGE_CURVE ( 'NONE', #326, #1024, #388, .T. ) ;
#1970 = CARTESIAN_POINT ( 'NONE',  ( -5.399999999999998579, -20.22500000000001208, -13.20037878244417406 ) ) ;
#1971 = ORIENTED_EDGE ( 'NONE', *, *, #271, .F. ) ;
#1972 = DIRECTION ( 'NONE',  ( -0.000000000000000000, -0.000000000000000000, 1.000000000000000000 ) ) ;
#1973 = ORIENTED_EDGE ( 'NONE', *, *, #1947, .F. ) ;
#1974 = CARTESIAN_POINT ( 'NONE',  ( 10.60000000000000142, -15.72500000000001741, 4.499999999999891642 ) ) ;
#1975 = VECTOR ( 'NONE', #2146, 1000.000000000000114 ) ;
#1976 = AXIS2_PLACEMENT_3D ( 'NONE', #803, #495, #1911 ) ;
#1977 = VECTOR ( 'NONE', #1561, 1000.000000000000114 ) ;
#1978 = LINE ( 'NONE', #1353, #1445 ) ;
#1979 = TOROIDAL_SURFACE ( 'NONE', #2153, 4.500000000000000888, 0.5000000000000000000 ) ;
#1980 = VECTOR ( 'NONE', #734, 1000.000000000000000 ) ;
#1981 = DIRECTION ( 'NONE',  ( 1.000000000000000000, 0.000000000000000000, 0.000000000000000000 ) ) ;
#1982 = CARTESIAN_POINT ( 'NONE',  ( 5.100000000000002309, 18.22499999999995879, 4.500000000000133227 ) ) ;
#1983 = EDGE_CURVE ( 'NONE', #2260, #1552, #1341, .T. ) ;
#1984 = VERTEX_POINT ( 'NONE', #738 ) ;
#1985 = CIRCLE ( 'NONE', #617, 2.000000000000000000 ) ;
#1986 = ORIENTED_EDGE ( 'NONE', *, *, #1969, .F. ) ;
#1987 = CARTESIAN_POINT ( 'NONE',  ( 12.60000000000000320, 20.22500000000001208, 0.4000000000001311395 ) ) ;
#1988 = AXIS2_PLACEMENT_3D ( 'NONE', #1733, #1334, #100 ) ;
#1989 = EDGE_CURVE ( 'NONE', #290, #1968, #1157, .T. ) ;
#1990 = ORIENTED_EDGE ( 'NONE', *, *, #2631, .T. ) ;
#1991 = DIRECTION ( 'NONE',  ( 0.7071067811865597852, 0.7071067811865352493, -3.345367454581641257E-15 ) ) ;
#1992 = VERTEX_POINT ( 'NONE', #2211 ) ;
#1993 = PLANE ( 'NONE',  #1137 ) ;
#1994 = DIRECTION ( 'NONE',  ( 0.000000000000000000, 1.000000000000000000, 7.155734338404329264E-15 ) ) ;
#1995 = LINE ( 'NONE', #2419, #2025 ) ;
#1996 = DIRECTION ( 'NONE',  ( -0.000000000000000000, -0.000000000000000000, 1.000000000000000000 ) ) ;
#1997 = ORIENTED_EDGE ( 'NONE', *, *, #2535, .F. ) ;
#1998 = ORIENTED_EDGE ( 'NONE', *, *, #71, .T. ) ;
#1999 = CARTESIAN_POINT ( 'NONE',  ( -4.899999999999997691, 18.22499999999995879, 4.500000000000133227 ) ) ;
#2000 = ADVANCED_FACE ( 'NONE', ( #2007 ), #121, .F. ) ;
#2001 = DIRECTION ( 'NONE',  ( -0.000000000000000000, -0.000000000000000000, 1.000000000000000000 ) ) ;
#2002 = VERTEX_POINT ( 'NONE', #1531 ) ;
#2003 = EDGE_CURVE ( 'NONE', #1641, #112, #1748, .T. ) ;
#2004 = CARTESIAN_POINT ( 'NONE',  ( -17.20000000000000639, 20.22499999999999432, 1.461504528510459977E-13 ) ) ;
#2005 = CARTESIAN_POINT ( 'NONE',  ( -1.899999999999999023, -18.22500000000001918, 3.999999999999873435 ) ) ;
#2006 = ORIENTED_EDGE ( 'NONE', *, *, #2660, .F. ) ;
#2007 = FACE_OUTER_BOUND ( 'NONE', #990, .T. ) ;
#2008 = DIRECTION ( 'NONE',  ( -1.000000000000000000, 0.000000000000000000, 0.000000000000000000 ) ) ;
#2009 = ORIENTED_EDGE ( 'NONE', *, *, #2059, .T. ) ;
#2010 = ORIENTED_EDGE ( 'NONE', *, *, #2563, .T. ) ;
#2011 = CARTESIAN_POINT ( 'NONE',  ( 8.600000000000001421, 15.72500000000001386, 4.000000000000118128 ) ) ;
#2012 = DIRECTION ( 'NONE',  ( 0.000000000000000000, -1.000000000000000000, -3.469446951955331381E-14 ) ) ;
#2013 = PRODUCT_RELATED_PRODUCT_CATEGORY ( 'detail', '', ( #117 ) ) ;
#2014 = ORIENTED_EDGE ( 'NONE', *, *, #215, .T. ) ;
#2015 = CARTESIAN_POINT ( 'NONE',  ( -1.399999999999998579, -14.72500000000014531, 3.999999999999899636 ) ) ;
#2016 = APPROVAL_DATE_TIME ( #1821, #2126 ) ;
#2017 = EDGE_CURVE ( 'NONE', #406, #307, #1097, .T. ) ;
#2018 = LINE ( 'NONE', #514, #791 ) ;
#2019 = VECTOR ( 'NONE', #2515, 1000.000000000000000 ) ;
#2020 = DIRECTION ( 'NONE',  ( 0.7071067811865597852, 0.7071067811865352493, 2.453269466694570079E-14 ) ) ;
#2021 = ORIENTED_EDGE ( 'NONE', *, *, #735, .F. ) ;
#2022 = AXIS2_PLACEMENT_3D ( 'NONE', #2424, #2012, #1332 ) ;
#2023 = LINE ( 'NONE', #338, #2409 ) ;
#2024 = EDGE_LOOP ( 'NONE', ( #357, #2505, #1358, #2593, #148 ) ) ;
#2025 = VECTOR ( 'NONE', #710, 1000.000000000000000 ) ;
#2026 = AXIS2_PLACEMENT_3D ( 'NONE', #1679, #2509, #2113 ) ;
#2027 = ORIENTED_EDGE ( 'NONE', *, *, #558, .F. ) ;
#2028 = AXIS2_PLACEMENT_3D ( 'NONE', #1516, #2374, #1732 ) ;
#2029 = LOCAL_TIME ( 11, 23, 36.00000000000000000, #2438 ) ;
#2030 = CARTESIAN_POINT ( 'NONE',  ( 8.600000000000001421, 15.72500000000001386, -13.20037878244417406 ) ) ;
#2031 = DATE_AND_TIME ( #979, #662 ) ;
#2032 = EDGE_CURVE ( 'NONE', #1008, #2057, #1949, .T. ) ;
#2033 = DIRECTION ( 'NONE',  ( 0.000000000000000000, 0.7071067811865435759, 0.7071067811865513475 ) ) ;
#2034 = ADVANCED_FACE ( 'NONE', ( #2193 ), #535, .T. ) ;
#2035 = DIRECTION ( 'NONE',  ( 1.000000000000000000, -0.000000000000000000, 0.000000000000000000 ) ) ;
#2036 = EDGE_LOOP ( 'NONE', ( #2160, #1998, #2394, #995 ) ) ;
#2037 = ORIENTED_EDGE ( 'NONE', *, *, #1283, .T. ) ;
#2038 = CARTESIAN_POINT ( 'NONE',  ( 8.585887398633872181, -18.28830789173255411, 4.136692108267480350 ) ) ;
#2039 = ORIENTED_EDGE ( 'NONE', *, *, #1402, .F. ) ;
#2040 = ORIENTED_EDGE ( 'NONE', *, *, #832, .F. ) ;
#2041 = DIRECTION ( 'NONE',  ( 3.854941057726240562E-16, 1.000000000000000000, 7.114983804074972634E-15 ) ) ;
#2042 = CARTESIAN_POINT ( 'NONE',  ( -13.89999999999999858, 13.72500000000001918, 4.500000000000101252 ) ) ;
#2043 = ADVANCED_FACE ( 'NONE', ( #765 ), #349, .F. ) ;
#2044 = DIRECTION ( 'NONE',  ( 0.000000000000000000, 1.000000000000000000, 7.114983804074972634E-15 ) ) ;
#2045 = DIRECTION ( 'NONE',  ( 0.000000000000000000, 7.114983804074972634E-15, -1.000000000000000000 ) ) ;
#2046 = EDGE_LOOP ( 'NONE', ( #2214, #1374, #247, #2501, #622, #1475, #556, #1618, #1923, #1187, #1030, #2683, #1108, #2482, #2366, #366 ) ) ;
#2047 = EDGE_CURVE ( 'NONE', #697, #1641, #2445, .T. ) ;
#2048 = VERTEX_POINT ( 'NONE', #1473 ) ;
#2049 = ORIENTED_EDGE ( 'NONE', *, *, #2657, .T. ) ;
#2050 = VERTEX_POINT ( 'NONE', #1446 ) ;
#2051 = LINE ( 'NONE', #192, #2189 ) ;
#2052 = DIRECTION ( 'NONE',  ( 3.228399583764028349E-15, 0.7071067811865335839, -0.7071067811865614505 ) ) ;
#2053 =( LENGTH_UNIT ( ) NAMED_UNIT ( * ) SI_UNIT ( .MILLI., .METRE. ) );
#2054 = CARTESIAN_POINT ( 'NONE',  ( 1.600000000000001643, 14.72500000000001918, 4.500000000000108358 ) ) ;
#2055 = VECTOR ( 'NONE', #1734, 1000.000000000000000 ) ;
#2056 = CARTESIAN_POINT ( 'NONE',  ( 17.39999999999999858, 20.22499999999998010, 2.200000000000142730 ) ) ;
#2057 = VERTEX_POINT ( 'NONE', #2334 ) ;
#2058 = VECTOR ( 'NONE', #2052, 1000.000000000000000 ) ;
#2059 = EDGE_CURVE ( 'NONE', #848, #1581, #194, .T. ) ;
#2060 = VERTEX_POINT ( 'NONE', #1484 ) ;
#2061 = VECTOR ( 'NONE', #1476, 1000.000000000000000 ) ;
#2062 = VECTOR ( 'NONE', #2178, 1000.000000000000000 ) ;
#2063 = ORIENTED_EDGE ( 'NONE', *, *, #285, .F. ) ;
#2064 = AXIS2_PLACEMENT_3D ( 'NONE', #885, #472, #1694 ) ;
#2065 = CIRCLE ( 'NONE', #868, 2.500000000000000444 ) ;
#2066 = EDGE_CURVE ( 'NONE', #782, #2267, #1525, .T. ) ;
#2067 = CARTESIAN_POINT ( 'NONE',  ( -13.39999999999999858, -20.22500000000001208, 2.200000000000002398 ) ) ;
#2068 = VECTOR ( 'NONE', #964, 1000.000000000000000 ) ;
#2069 = ORIENTED_EDGE ( 'NONE', *, *, #11, .F. ) ;
#2070 = DIRECTION ( 'NONE',  ( -0.000000000000000000, 1.000000000000000000, 1.156482317317835161E-14 ) ) ;
#2071 = LINE ( 'NONE', #2479, #2625 ) ;
#2072 = EDGE_LOOP ( 'NONE', ( #138, #1416, #1651, #2528 ) ) ;
#2073 = LINE ( 'NONE', #2471, #1626 ) ;
#2074 = ORIENTED_EDGE ( 'NONE', *, *, #1283, .F. ) ;
#2075 = ORIENTED_EDGE ( 'NONE', *, *, #215, .F. ) ;
#2076 = EDGE_CURVE ( 'NONE', #879, #731, #1460, .T. ) ;
#2077 = DIRECTION ( 'NONE',  ( -1.000000000000000000, -0.000000000000000000, -0.000000000000000000 ) ) ;
#2078 = ADVANCED_FACE ( 'NONE', ( #2506 ), #813, .F. ) ;
#2079 = ORIENTED_EDGE ( 'NONE', *, *, #2264, .F. ) ;
#2080 = CARTESIAN_POINT ( 'NONE',  ( 8.600000000000001421, -15.72500000000010623, 0.3999999999998969935 ) ) ;
#2081 = CARTESIAN_POINT ( 'NONE',  ( -13.39999999999999858, 20.22500000000001208, -13.20037878244417406 ) ) ;
#2082 = CARTESIAN_POINT ( 'NONE',  ( 13.10000000000000142, 15.72500000000001386, 4.000000000000114575 ) ) ;
#2083 = CARTESIAN_POINT ( 'NONE',  ( 17.39999999999999858, -20.22500000000001208, 2.200000000000001954 ) ) ;
#2084 = VERTEX_POINT ( 'NONE', #2137 ) ;
#2085 = DIRECTION ( 'NONE',  ( 0.000000000000000000, 4.731064025390998189E-15, 1.000000000000000000 ) ) ;
#2086 = CARTESIAN_POINT ( 'NONE',  ( 4.600000000000001421, 18.42499999999995453, 4.000000000000135891 ) ) ;
#2087 = ORIENTED_EDGE ( 'NONE', *, *, #2003, .T. ) ;
#2088 = ORIENTED_EDGE ( 'NONE', *, *, #1377, .F. ) ;
#2089 = EDGE_CURVE ( 'NONE', #1144, #1238, #1259, .T. ) ;
#2090 = DIRECTION ( 'NONE',  ( -0.000000000000000000, 6.947471028633934181E-15, -1.000000000000000000 ) ) ;
#2091 = VERTEX_POINT ( 'NONE', #1664 ) ;
#2092 = CARTESIAN_POINT ( 'NONE',  ( 8.600000000000001421, -20.22500000000001208, -13.20037878244417406 ) ) ;
#2093 = EDGE_CURVE ( 'NONE', #1008, #2060, #1872, .T. ) ;
#2094 = DIRECTION ( 'NONE',  ( 0.000000000000000000, 1.000000000000000000, 7.228014483236698330E-15 ) ) ;
#2095 = CARTESIAN_POINT ( 'NONE',  ( -13.39999999999999858, 13.72500000000002274, 4.000000000000103917 ) ) ;
#2096 = LINE ( 'NONE', #2056, #1038 ) ;
#2097 = LINE ( 'NONE', #212, #2232 ) ;
#2098 = FACE_OUTER_BOUND ( 'NONE', #2203, .T. ) ;
#2099 = CARTESIAN_POINT ( 'NONE',  ( -5.399999999999998579, -20.22500000000001208, 2.200000000000002398 ) ) ;
#2100 = VERTEX_POINT ( 'NONE', #2519 ) ;
#2101 = AXIS2_PLACEMENT_3D ( 'NONE', #2426, #559, #1389 ) ;
#2102 = VERTEX_POINT ( 'NONE', #2321 ) ;
#2103 = FACE_OUTER_BOUND ( 'NONE', #1830, .T. ) ;
#2104 = AXIS2_PLACEMENT_3D ( 'NONE', #1315, #1967, #1727 ) ;
#2105 = LINE ( 'NONE', #224, #351 ) ;
#2106 = AXIS2_PLACEMENT_3D ( 'NONE', #1645, #1025, #634 ) ;
#2107 = AXIS2_PLACEMENT_3D ( 'NONE', #142, #1822, #1809 ) ;
#2108 = CARTESIAN_POINT ( 'NONE',  ( 17.39999999999999858, -20.02500000000003055, 0.1999999999998652855 ) ) ;
#2109 = CIRCLE ( 'NONE', #967, 4.500000000000000888 ) ;
#2110 = LINE ( 'NONE', #2520, #1833 ) ;
#2111 = ADVANCED_FACE ( 'NONE', ( #623 ), #825, .T. ) ;
#2112 = CARTESIAN_POINT ( 'NONE',  ( 4.641742430504413264, 18.22499999999996234, 4.200000000000123634 ) ) ;
#2113 = DIRECTION ( 'NONE',  ( 0.000000000000000000, 0.7071067811865536790, -0.7071067811865414665 ) ) ;
#2114 = DIRECTION ( 'NONE',  ( 0.000000000000000000, -1.000000000000000000, -3.469446951955331381E-14 ) ) ;
#2115 = ADVANCED_FACE ( 'NONE', ( #841 ), #415, .T. ) ;
#2116 = DIRECTION ( 'NONE',  ( -1.000000000000000000, -0.000000000000000000, -0.000000000000000000 ) ) ;
#2117 = CARTESIAN_POINT ( 'NONE',  ( 12.60000000000000320, 20.22499999999988773, 4.000000000000149214 ) ) ;
#2118 = ORIENTED_EDGE ( 'NONE', *, *, #1778, .F. ) ;
#2119 = ORIENTED_EDGE ( 'NONE', *, *, #132, .F. ) ;
#2120 = DIRECTION ( 'NONE',  ( 0.000000000000000000, 0.000000000000000000, -1.000000000000000000 ) ) ;
#2121 = CARTESIAN_POINT ( 'NONE',  ( 17.39999999999999858, -18.22500000000002274, 4.499999999999873879 ) ) ;
#2122 = ORIENTED_EDGE ( 'NONE', *, *, #983, .F. ) ;
#2123 = FACE_OUTER_BOUND ( 'NONE', #2672, .T. ) ;
#2124 = CARTESIAN_POINT ( 'NONE',  ( -17.20000000000000639, 20.22499999999999432, 0.2000000000001422862 ) ) ;
#2125 = LINE ( 'NONE', #182, #1575 ) ;
#2126 = APPROVAL ( #1380, 'UNSPECIFIED' ) ;
#2127 = CARTESIAN_POINT ( 'NONE',  ( -17.20000000000000639, 18.22499999999996234, 4.200000000000123634 ) ) ;
#2128 = CARTESIAN_POINT ( 'NONE',  ( 1.600000000000001643, -11.22500000000002629, 4.499999999999924505 ) ) ;
#2129 = DIRECTION ( 'NONE',  ( 0.000000000000000000, -0.7071067811865536790, 0.7071067811865414665 ) ) ;
#2130 = ADVANCED_FACE ( 'NONE', ( #2123 ), #1246, .T. ) ;
#2131 = ORIENTED_EDGE ( 'NONE', *, *, #1250, .F. ) ;
#2132 = ORIENTED_EDGE ( 'NONE', *, *, #2003, .F. ) ;
#2133 = LINE ( 'NONE', #1913, #1656 ) ;
#2134 = EDGE_CURVE ( 'NONE', #879, #943, #1050, .T. ) ;
#2135 = CARTESIAN_POINT ( 'NONE',  ( 4.641742430504413264, 18.22499999999996234, 4.200000000000123634 ) ) ;
#2136 = ORIENTED_EDGE ( 'NONE', *, *, #7, .T. ) ;
#2137 = CARTESIAN_POINT ( 'NONE',  ( 17.19999999999999929, -18.22500000000002274, 4.499999999999873879 ) ) ;
#2138 = CARTESIAN_POINT ( 'NONE',  ( -17.39999999999999858, 18.02499999999996305, 4.300000000000133049 ) ) ;
#2139 = LINE ( 'NONE', #1933, #1797 ) ;
#2140 = FACE_OUTER_BOUND ( 'NONE', #104, .T. ) ;
#2141 = DIRECTION ( 'NONE',  ( 0.000000000000000000, -6.938893903907222067E-15, 1.000000000000000000 ) ) ;
#2142 = LINE ( 'NONE', #1465, #2487 ) ;
#2143 = PLANE ( 'NONE',  #353 ) ;
#2144 = ORIENTED_EDGE ( 'NONE', *, *, #1074, .T. ) ;
#2145 = VERTEX_POINT ( 'NONE', #206 ) ;
#2146 = DIRECTION ( 'NONE',  ( -0.5773502691896402750, 0.5773502691896137407, 0.5773502691896232886 ) ) ;
#2147 = ADVANCED_FACE ( 'NONE', ( #1503 ), #1676, .F. ) ;
#2148 = AXIS2_PLACEMENT_3D ( 'NONE', #497, #1120, #2602 ) ;
#2149 = ADVANCED_FACE ( 'NONE', ( #441 ), #14, .T. ) ;
#2150 = AXIS2_PLACEMENT_3D ( 'NONE', #1518, #1111, #2141 ) ;
#2151 = LINE ( 'NONE', #705, #1885 ) ;
#2152 = LINE ( 'NONE', #270, #2055 ) ;
#2153 = AXIS2_PLACEMENT_3D ( 'NONE', #432, #232, #1055 ) ;
#2154 = AXIS2_PLACEMENT_3D ( 'NONE', #2188, #1991, #99 ) ;
#2155 = LINE ( 'NONE', #1098, #1078 ) ;
#2156 = ORGANIZATION ( 'UNSPECIFIED', 'UNSPECIFIED', '' ) ;
#2157 = CARTESIAN_POINT ( 'NONE',  ( 12.60000000000000320, 20.22500000000001208, -13.20037878244417406 ) ) ;
#2158 = FACE_OUTER_BOUND ( 'NONE', #2369, .T. ) ;
#2159 = ORIENTED_EDGE ( 'NONE', *, *, #1508, .F. ) ;
#2160 = ORIENTED_EDGE ( 'NONE', *, *, #701, .F. ) ;
#2161 = DIRECTION ( 'NONE',  ( 0.000000000000000000, 1.000000000000000000, 7.114983804074972634E-15 ) ) ;
#2162 = DIRECTION ( 'NONE',  ( 0.000000000000000000, 0.7071067811865536790, -0.7071067811865414665 ) ) ;
#2163 = EDGE_LOOP ( 'NONE', ( #840, #2006, #2408, #1539 ) ) ;
#2164 = CARTESIAN_POINT ( 'NONE',  ( -5.399999999999998579, -20.22500000000010445, 0.3999999999998657407 ) ) ;
#2165 = ADVANCED_FACE ( 'NONE', ( #1289 ), #251, .F. ) ;
#2166 = LINE ( 'NONE', #1109, #1624 ) ;
#2167 = LINE ( 'NONE', #2348, #608 ) ;
#2168 = CARTESIAN_POINT ( 'NONE',  ( -4.899999999999997691, -13.72500000000002451, 4.499999999999905853 ) ) ;
#2169 = LINE ( 'NONE', #1115, #878 ) ;
#2170 = ORIENTED_EDGE ( 'NONE', *, *, #160, .F. ) ;
#2171 = VERTEX_POINT ( 'NONE', #282 ) ;
#2172 = CARTESIAN_POINT ( 'NONE',  ( -1.899999999999999023, -18.22500000000002274, 4.499999999999873879 ) ) ;
#2173 = ORIENTED_EDGE ( 'NONE', *, *, #129, .T. ) ;
#2174 = CARTESIAN_POINT ( 'NONE',  ( -9.399999999999998579, -13.72500000000002451, 4.499999999999905853 ) ) ;
#2175 = VERTEX_POINT ( 'NONE', #2576 ) ;
#2176 = DIRECTION ( 'NONE',  ( 0.000000000000000000, 1.000000000000000000, 7.285838599102588219E-15 ) ) ;
#2177 = EDGE_CURVE ( 'NONE', #463, #98, #1138, .T. ) ;
#2178 = DIRECTION ( 'NONE',  ( -1.000000000000000000, 0.000000000000000000, 0.000000000000000000 ) ) ;
#2179 = FACE_OUTER_BOUND ( 'NONE', #2711, .T. ) ;
#2180 = EDGE_CURVE ( 'NONE', #707, #1966, #1075, .T. ) ;
#2181 = DIRECTION ( 'NONE',  ( -0.000000000000000000, 1.156482317317835161E-14, -1.000000000000000000 ) ) ;
#2182 = DIRECTION ( 'NONE',  ( -0.000000000000000000, 6.947471028633934181E-15, -1.000000000000000000 ) ) ;
#2183 = ORIENTED_EDGE ( 'NONE', *, *, #2276, .F. ) ;
#2184 = ORIENTED_EDGE ( 'NONE', *, *, #568, .F. ) ;
#2185 = DIRECTION ( 'NONE',  ( -0.000000000000000000, 6.947471028633934181E-15, -1.000000000000000000 ) ) ;
#2186 = CARTESIAN_POINT ( 'NONE',  ( 1.600000000000001643, -14.72500000000002274, 3.999999999999899636 ) ) ;
#2187 = ORIENTED_EDGE ( 'NONE', *, *, #1165, .F. ) ;
#2188 = CARTESIAN_POINT ( 'NONE',  ( -17.20000000000000639, -20.22500000000001918, -1.348747502571967516E-13 ) ) ;
#2189 = VECTOR ( 'NONE', #822, 1000.000000000000000 ) ;
#2190 = ORIENTED_EDGE ( 'NONE', *, *, #1704, .T. ) ;
#2191 = FACE_OUTER_BOUND ( 'NONE', #179, .T. ) ;
#2192 = VECTOR ( 'NONE', #2001, 1000.000000000000000 ) ;
#2193 = FACE_OUTER_BOUND ( 'NONE', #1621, .T. ) ;
#2194 = AXIS2_PLACEMENT_3D ( 'NONE', #802, #792, #1420 ) ;
#2195 = PLANE ( 'NONE',  #2575 ) ;
#2196 = ADVANCED_FACE ( 'NONE', ( #530 ), #689, .T. ) ;
#2197 =( BOUNDED_CURVE ( )  B_SPLINE_CURVE ( 3, ( #481, #2547, #281, #2135 ),
 .UNSPECIFIED., .F., .F. ) 
 B_SPLINE_CURVE_WITH_KNOTS ( ( 4, 4 ),
 ( 1.570796326794896558, 1.982313172862362194 ),
 .UNSPECIFIED. ) 
 CURVE ( )  GEOMETRIC_REPRESENTATION_ITEM ( )  RATIONAL_B_SPLINE_CURVE ( ( 1.000000000000000000, 0.9859375419538036756, 0.9859375419538036756, 1.000000000000000000 ) ) 
 REPRESENTATION_ITEM ( '' )  );
#2198 = VERTEX_POINT ( 'NONE', #1527 ) ;
#2199 = VECTOR ( 'NONE', #853, 1000.000000000000000 ) ;
#2200 = VECTOR ( 'NONE', #1023, 1000.000000000000000 ) ;
#2201 = CARTESIAN_POINT ( 'NONE',  ( -13.89999999999999858, -13.72500000000002274, 3.999999999999906297 ) ) ;
#2202 = CARTESIAN_POINT ( 'NONE',  ( 8.100000000000001421, -15.72500000000013465, 3.999999999999892530 ) ) ;
#2203 = EDGE_LOOP ( 'NONE', ( #201, #218, #2279, #1159 ) ) ;
#2204 = VECTOR ( 'NONE', #1153, 1000.000000000000000 ) ;
#2205 = EDGE_CURVE ( 'NONE', #2682, #462, #2208, .T. ) ;
#2206 = ORIENTED_EDGE ( 'NONE', *, *, #684, .T. ) ;
#2207 = ORIENTED_EDGE ( 'NONE', *, *, #1335, .F. ) ;
#2208 = LINE ( 'NONE', #1321, #350 ) ;
#2209 = DIRECTION ( 'NONE',  ( 0.000000000000000000, 3.469446951955331381E-14, -1.000000000000000000 ) ) ;
#2210 = ORIENTED_EDGE ( 'NONE', *, *, #1286, .F. ) ;
#2211 = CARTESIAN_POINT ( 'NONE',  ( 17.19999999999999929, -18.22500000000001208, 4.200000000000022382 ) ) ;
#2212 = DIRECTION ( 'NONE',  ( -0.000000000000000000, 1.000000000000000000, 7.114983804074972634E-15 ) ) ;
#2213 = EDGE_CURVE ( 'NONE', #21, #318, #2151, .T. ) ;
#2214 = ORIENTED_EDGE ( 'NONE', *, *, #2558, .T. ) ;
#2215 = ORIENTED_EDGE ( 'NONE', *, *, #721, .T. ) ;
#2216 = CARTESIAN_POINT ( 'NONE',  ( -9.399999999999998579, -13.72500000000002451, 4.499999999999905853 ) ) ;
#2217 = EDGE_CURVE ( 'NONE', #2587, #1852, #935, .T. ) ;
#2218 = DIRECTION ( 'NONE',  ( -0.000000000000000000, -1.000000000000000000, -6.947471028633934181E-15 ) ) ;
#2219 = DATE_AND_TIME ( #2243, #2323 ) ;
#2220 = DIRECTION ( 'NONE',  ( 0.000000000000000000, 0.7071067811865514585, -0.7071067811865436870 ) ) ;
#2221 = EDGE_LOOP ( 'NONE', ( #2009, #769, #1228, #1274 ) ) ;
#2222 = CARTESIAN_POINT ( 'NONE',  ( -13.39999999999999858, 20.22500000000001208, 0.4000000000001467937 ) ) ;
#2223 = EDGE_LOOP ( 'NONE', ( #173, #1387, #2386, #293, #712 ) ) ;
#2224 = ORIENTED_EDGE ( 'NONE', *, *, #2539, .T. ) ;
#2225 = EDGE_CURVE ( 'NONE', #957, #2513, #1404, .T. ) ;
#2226 = CARTESIAN_POINT ( 'NONE',  ( 17.20000000000000639, -20.22500000000001918, -1.348747502571967516E-13 ) ) ;
#2227 = FACE_OUTER_BOUND ( 'NONE', #1271, .T. ) ;
#2228 = EDGE_CURVE ( 'NONE', #376, #2658, #1235, .T. ) ;
#2229 = CARTESIAN_POINT ( 'NONE',  ( -13.39999999999999858, 20.22500000000001208, 2.200000000000111644 ) ) ;
#2230 = VECTOR ( 'NONE', #1462, 1000.000000000000114 ) ;
#2231 = PLANE ( 'NONE',  #2529 ) ;
#2232 = VECTOR ( 'NONE', #857, 1000.000000000000000 ) ;
#2233 =( NAMED_UNIT ( * ) SI_UNIT ( $, .STERADIAN. ) SOLID_ANGLE_UNIT ( ) );
#2234 = AXIS2_PLACEMENT_3D ( 'NONE', #826, #1890, #1677 ) ;
#2235 = VERTEX_POINT ( 'NONE', #512 ) ;
#2236 = VECTOR ( 'NONE', #505, 1000.000000000000000 ) ;
#2237 = VECTOR ( 'NONE', #453, 1000.000000000000000 ) ;
#2238 = ORIENTED_EDGE ( 'NONE', *, *, #696, .F. ) ;
#2239 = CARTESIAN_POINT ( 'NONE',  ( 8.600000000000001421, -15.72500000000001386, 3.999999999999892530 ) ) ;
#2240 = VECTOR ( 'NONE', #670, 1000.000000000000000 ) ;
#2241 = ORIENTED_EDGE ( 'NONE', *, *, #851, .F. ) ;
#2242 = ORIENTED_EDGE ( 'NONE', *, *, #2300, .F. ) ;
#2243 = CALENDAR_DATE ( 2025, 11, 3 ) ;
#2244 = CC_DESIGN_DATE_AND_TIME_ASSIGNMENT ( #2651, #1428, ( #2452 ) ) ;
#2245 = LINE ( 'NONE', #787, #783 ) ;
#2246 = EDGE_CURVE ( 'NONE', #2633, #784, #1556, .T. ) ;
#2247 = LINE ( 'NONE', #1601, #963 ) ;
#2248 = CARTESIAN_POINT ( 'NONE',  ( 1.600000000000001643, 14.72500000000002274, 4.000000000000111022 ) ) ;
#2249 = EDGE_CURVE ( 'NONE', #1564, #2002, #1764, .T. ) ;
#2250 = ORIENTED_EDGE ( 'NONE', *, *, #1131, .F. ) ;
#2251 = ORIENTED_EDGE ( 'NONE', *, *, #1402, .T. ) ;
#2252 = ORIENTED_EDGE ( 'NONE', *, *, #1929, .F. ) ;
#2253 = ORIENTED_EDGE ( 'NONE', *, *, #919, .T. ) ;
#2254 = CARTESIAN_POINT ( 'NONE',  ( 4.600000000000001421, 20.22500000000001208, -13.20037878244417406 ) ) ;
#2255 = CARTESIAN_POINT ( 'NONE',  ( 12.60000000000000142, -15.72500000000001030, 0.3999999999998969935 ) ) ;
#2256 = CARTESIAN_POINT ( 'NONE',  ( -17.39999999999999858, -20.02500000000002345, 0.1999999999998652855 ) ) ;
#2257 = EDGE_CURVE ( 'NONE', #724, #1284, #1757, .T. ) ;
#2258 = DIRECTION ( 'NONE',  ( 1.000000000000000000, -0.000000000000000000, 0.000000000000000000 ) ) ;
#2259 = CARTESIAN_POINT ( 'NONE',  ( -9.399999999999998579, -13.72500000000002274, 3.999999999999906297 ) ) ;
#2260 = VERTEX_POINT ( 'NONE', #498 ) ;
#2261 = EDGE_CURVE ( 'NONE', #1092, #318, #1333, .T. ) ;
#2262 = VERTEX_POINT ( 'NONE', #468 ) ;
#2263 = ORIENTED_EDGE ( 'NONE', *, *, #2385, .F. ) ;
#2264 = EDGE_CURVE ( 'NONE', #1456, #1955, #2109, .T. ) ;
#2265 = PERSON_AND_ORGANIZATION ( #2414, #2156 ) ;
#2266 = PLANE ( 'NONE',  #1844 ) ;
#2267 = VERTEX_POINT ( 'NONE', #2603 ) ;
#2268 = CARTESIAN_POINT ( 'NONE',  ( -4.899999999999997691, 18.22499999999996589, 4.000000000000135003 ) ) ;
#2269 = VECTOR ( 'NONE', #1729, 1000.000000000000000 ) ;
#2270 = ADVANCED_FACE ( 'NONE', ( #718 ), #1349, .F. ) ;
#2271 = DIRECTION ( 'NONE',  ( 0.7071067811865597852, -4.912603876444048035E-15, 0.7071067811865352493 ) ) ;
#2272 = ORIENTED_EDGE ( 'NONE', *, *, #1391, .T. ) ;
#2273 = AXIS2_PLACEMENT_3D ( 'NONE', #2543, #2035, #1577 ) ;
#2274 = CARTESIAN_POINT ( 'NONE',  ( -17.39999999999999858, 20.02499999999999503, 0.2000000000001435629 ) ) ;
#2275 = FACE_OUTER_BOUND ( 'NONE', #1684, .T. ) ;
#2276 = EDGE_CURVE ( 'NONE', #1564, #1441, #2395, .T. ) ;
#2277 = EDGE_LOOP ( 'NONE', ( #1006, #1831, #236, #1696 ) ) ;
#2278 = CIRCLE ( 'NONE', #789, 4.000000000000000000 ) ;
#2279 = ORIENTED_EDGE ( 'NONE', *, *, #1521, .F. ) ;
#2280 = AXIS2_PLACEMENT_3D ( 'NONE', #1395, #2663, #1832 ) ;
#2281 = ORIENTED_EDGE ( 'NONE', *, *, #1339, .T. ) ;
#2282 = DIRECTION ( 'NONE',  ( -0.000000000000000000, -0.000000000000000000, 1.000000000000000000 ) ) ;
#2283 = DIRECTION ( 'NONE',  ( 0.000000000000000000, -1.000000000000000000, -6.947471028633934181E-15 ) ) ;
#2284 = CARTESIAN_POINT ( 'NONE',  ( 8.600000000000001421, -18.42500000000016058, 3.999999999999872546 ) ) ;
#2285 = DIRECTION ( 'NONE',  ( -0.000000000000000000, 0.000000000000000000, 1.000000000000000000 ) ) ;
#2286 = EDGE_LOOP ( 'NONE', ( #2049, #1553, #1499, #1459, #2010, #1468 ) ) ;
#2287 = DIRECTION ( 'NONE',  ( 0.000000000000000000, 1.387778780781445676E-14, -1.000000000000000000 ) ) ;
#2288 = ORIENTED_EDGE ( 'NONE', *, *, #1471, .T. ) ;
#2289 = VERTEX_POINT ( 'NONE', #2561 ) ;
#2290 = EDGE_CURVE ( 'NONE', #1815, #2289, #1946, .T. ) ;
#2291 = CARTESIAN_POINT ( 'NONE',  ( -17.39999999999999858, -18.02499999999986713, -6.253678130899438996E-13 ) ) ;
#2292 = ORIENTED_EDGE ( 'NONE', *, *, #235, .F. ) ;
#2293 = PLANE ( 'NONE',  #2705 ) ;
#2294 = FACE_OUTER_BOUND ( 'NONE', #1178, .T. ) ;
#2295 = DIRECTION ( 'NONE',  ( 0.000000000000000000, 7.114983804074972634E-15, -1.000000000000000000 ) ) ;
#2296 = CYLINDRICAL_SURFACE ( 'NONE', #1443, 3.000000000000000000 ) ;
#2297 = DIRECTION ( 'NONE',  ( 3.854941057726240562E-16, 1.000000000000000000, 7.114983804074972634E-15 ) ) ;
#2298 = ORIENTED_EDGE ( 'NONE', *, *, #2089, .F. ) ;
#2299 = ORIENTED_EDGE ( 'NONE', *, *, #558, .T. ) ;
#2300 = EDGE_CURVE ( 'NONE', #683, #1966, #1587, .T. ) ;
#2301 = FACE_OUTER_BOUND ( 'NONE', #1141, .T. ) ;
#2302 = ORIENTED_EDGE ( 'NONE', *, *, #543, .F. ) ;
#2303 = CARTESIAN_POINT ( 'NONE',  ( 17.39999999999999858, 11.07107864376258100, 11.07107864376277462 ) ) ;
#2304 = ADVANCED_FACE ( 'NONE', ( #1239 ), #1640, .T. ) ;
#2305 = DIRECTION ( 'NONE',  ( -0.000000000000000000, -7.114983804074972634E-15, 1.000000000000000000 ) ) ;
#2306 = DIRECTION ( 'NONE',  ( 0.7071067811865597852, 0.7071067811865352493, 6.409875621278961439E-17 ) ) ;
#2307 = DIRECTION ( 'NONE',  ( -0.000000000000000000, 1.000000000000000000, 7.114983804074972634E-15 ) ) ;
#2308 = CARTESIAN_POINT ( 'NONE',  ( -1.399999999999998579, -20.22500000000001208, 2.200000000000001954 ) ) ;
#2309 = VECTOR ( 'NONE', #469, 1000.000000000000000 ) ;
#2310 = DIRECTION ( 'NONE',  ( -0.000000000000000000, -7.114983804074972634E-15, 1.000000000000000000 ) ) ;
#2311 = ORIENTED_EDGE ( 'NONE', *, *, #768, .F. ) ;
#2312 = VECTOR ( 'NONE', #643, 1000.000000000000114 ) ;
#2313 = VERTEX_POINT ( 'NONE', #2086 ) ;
#2314 = CARTESIAN_POINT ( 'NONE',  ( -13.44174243050440687, 18.22499999999996234, 4.200000000000123634 ) ) ;
#2315 = CIRCLE ( 'NONE', #258, 4.000000000000000000 ) ;
#2316 = AXIS2_PLACEMENT_3D ( 'NONE', #1474, #2271, #1053 ) ;
#2317 = DIRECTION ( 'NONE',  ( -0.000000000000000000, -0.000000000000000000, 1.000000000000000000 ) ) ;
#2318 = ORIENTED_EDGE ( 'NONE', *, *, #1722, .T. ) ;
#2319 = VECTOR ( 'NONE', #1981, 1000.000000000000000 ) ;
#2320 = AXIS2_PLACEMENT_3D ( 'NONE', #867, #1062, #1918 ) ;
#2321 = CARTESIAN_POINT ( 'NONE',  ( 4.600000000000001421, -20.22500000000001208, 2.200000000000002398 ) ) ;
#2322 = CARTESIAN_POINT ( 'NONE',  ( 4.600000000000001421, -20.22500000000010445, 0.3999999999998657407 ) ) ;
#2323 = LOCAL_TIME ( 11, 23, 36.00000000000000000, #1632 ) ;
#2324 = ADVANCED_FACE ( 'NONE', ( #819 ), #200, .F. ) ;
#2325 = LINE ( 'NONE', #2365, #1839 ) ;
#2326 = ORIENTED_EDGE ( 'NONE', *, *, #1094, .F. ) ;
#2327 = FACE_OUTER_BOUND ( 'NONE', #2163, .T. ) ;
#2328 = CARTESIAN_POINT ( 'NONE',  ( 17.19999999999999929, 20.22499999999999432, 0.2000000000001441736 ) ) ;
#2329 = ORIENTED_EDGE ( 'NONE', *, *, #684, .F. ) ;
#2330 = VERTEX_POINT ( 'NONE', #947 ) ;
#2331 = DIRECTION ( 'NONE',  ( 0.000000000000000000, 1.000000000000000000, 6.947471028633934181E-15 ) ) ;
#2332 = DIRECTION ( 'NONE',  ( -0.000000000000000000, 1.000000000000000000, 1.156482317317835161E-14 ) ) ;
#2333 = EDGE_LOOP ( 'NONE', ( #329, #1017, #1439, #451 ) ) ;
#2334 = CARTESIAN_POINT ( 'NONE',  ( 17.19999999999999929, 20.22499999999999432, 0.2000000000001435629 ) ) ;
#2335 = DIRECTION ( 'NONE',  ( 0.000000000000000000, 1.000000000000000000, 6.947471028633934181E-15 ) ) ;
#2336 = ADVANCED_FACE ( 'NONE', ( #2275 ), #2449, .T. ) ;
#2337 = DIRECTION ( 'NONE',  ( 0.000000000000000000, -6.938893903907222067E-15, 1.000000000000000000 ) ) ;
#2338 = DIRECTION ( 'NONE',  ( -0.000000000000000000, -0.000000000000000000, 1.000000000000000000 ) ) ;
#2339 = LINE ( 'NONE', #1908, #1139 ) ;
#2340 = ORIENTED_EDGE ( 'NONE', *, *, #543, .T. ) ;
#2341 = EDGE_CURVE ( 'NONE', #1084, #1719, #2693, .T. ) ;
#2342 = EDGE_LOOP ( 'NONE', ( #2422, #1772, #1478, #1799 ) ) ;
#2343 = PLANE ( 'NONE',  #1930 ) ;
#2344 = FACE_OUTER_BOUND ( 'NONE', #1034, .T. ) ;
#2345 = ORIENTED_EDGE ( 'NONE', *, *, #1686, .T. ) ;
#2346 = DIRECTION ( 'NONE',  ( -0.000000000000000000, -1.000000000000000000, -7.114983804074972634E-15 ) ) ;
#2347 = DIRECTION ( 'NONE',  ( 0.000000000000000000, 1.156482317317835161E-14, -1.000000000000000000 ) ) ;
#2348 = CARTESIAN_POINT ( 'NONE',  ( 4.600000000000001421, 14.72500000000002274, -13.20037878244417406 ) ) ;
#2349 = PLANE ( 'NONE',  #2536 ) ;
#2350 = EDGE_CURVE ( 'NONE', #98, #2330, #1790, .T. ) ;
#2351 = ORIENTED_EDGE ( 'NONE', *, *, #1106, .F. ) ;
#2352 = ORIENTED_EDGE ( 'NONE', *, *, #197, .T. ) ;
#2353 = PLANE ( 'NONE',  #2355 ) ;
#2354 = EDGE_CURVE ( 'NONE', #1105, #797, #2416, .T. ) ;
#2355 = AXIS2_PLACEMENT_3D ( 'NONE', #1970, #2258, #1803 ) ;
#2356 = DIRECTION ( 'NONE',  ( 0.000000000000000000, 0.000000000000000000, 1.000000000000000000 ) ) ;
#2357 = ORIENTED_EDGE ( 'NONE', *, *, #1282, .T. ) ;
#2358 = VECTOR ( 'NONE', #1325, 1000.000000000000000 ) ;
#2359 = CARTESIAN_POINT ( 'NONE',  ( 4.600000000000001421, -18.35592542715432884, 4.069074572845705617 ) ) ;
#2360 = CARTESIAN_POINT ( 'NONE',  ( 12.60000000000000142, 15.72500000000001386, 4.000000000000118128 ) ) ;
#2361 = AXIS2_PLACEMENT_3D ( 'NONE', #26, #2534, #866 ) ;
#2362 = AXIS2_PLACEMENT_3D ( 'NONE', #2005, #576, #2626 ) ;
#2363 =( BOUNDED_CURVE ( )  B_SPLINE_CURVE ( 3, ( #2314, #1087, #66, #438 ),
 .UNSPECIFIED., .F., .F. ) 
 B_SPLINE_CURVE_WITH_KNOTS ( ( 4, 4 ),
 ( 4.300872134317224038, 4.712388980384689674 ),
 .UNSPECIFIED. ) 
 CURVE ( )  GEOMETRIC_REPRESENTATION_ITEM ( )  RATIONAL_B_SPLINE_CURVE ( ( 1.000000000000000000, 0.9859375419538036756, 0.9859375419538036756, 1.000000000000000000 ) ) 
 REPRESENTATION_ITEM ( '' )  );
#2364 = AXIS2_PLACEMENT_3D ( 'NONE', #187, #1019, #1866 ) ;
#2365 = CARTESIAN_POINT ( 'NONE',  ( 17.39999999999999858, -18.22500000000001208, 4.200000000000022382 ) ) ;
#2366 = ORIENTED_EDGE ( 'NONE', *, *, #996, .T. ) ;
#2367 = DIRECTION ( 'NONE',  ( 0.000000000000000000, -0.7071067811865621167, 0.7071067811865329178 ) ) ;
#2368 = DIRECTION ( 'NONE',  ( 0.000000000000000000, 6.938893903907228378E-15, -1.000000000000000000 ) ) ;
#2369 = EDGE_LOOP ( 'NONE', ( #319, #861, #809, #1771, #888 ) ) ;
#2370 = ORIENTED_EDGE ( 'NONE', *, *, #2225, .F. ) ;
#2371 = DIRECTION ( 'NONE',  ( 0.000000000000000000, -6.938893903907222067E-15, 1.000000000000000000 ) ) ;
#2372 = ORIENTED_EDGE ( 'NONE', *, *, #71, .F. ) ;
#2373 = ADVANCED_FACE ( 'NONE', ( #1807 ), #978, .F. ) ;
#2374 = DIRECTION ( 'NONE',  ( -1.000000000000000000, 0.000000000000000000, 0.000000000000000000 ) ) ;
#2375 = ORIENTED_EDGE ( 'NONE', *, *, #1704, .F. ) ;
#2376 = DIRECTION ( 'NONE',  ( 0.000000000000000000, 0.7071067811865514585, -0.7071067811865436870 ) ) ;
#2377 = CARTESIAN_POINT ( 'NONE',  ( -17.39999999999999858, 18.02500000000001279, 2.084559376965399410E-13 ) ) ;
#2378 = DIRECTION ( 'NONE',  ( -0.000000000000000000, -0.000000000000000000, 1.000000000000000000 ) ) ;
#2379 = CARTESIAN_POINT ( 'NONE',  ( 17.20000000000000639, -20.02500000000003055, -1.334852560514700217E-13 ) ) ;
#2380 = FACE_OUTER_BOUND ( 'NONE', #2613, .T. ) ;
#2381 = ORIENTED_EDGE ( 'NONE', *, *, #2246, .T. ) ;
#2382 = VERTEX_POINT ( 'NONE', #548 ) ;
#2383 = CARTESIAN_POINT ( 'NONE',  ( 8.600000000000001421, 18.35592542715418674, 4.069074572845907234 ) ) ;
#2384 = CARTESIAN_POINT ( 'NONE',  ( 4.600000000000001421, -18.42500000000015703, 3.999999999999875211 ) ) ;
#2385 = EDGE_CURVE ( 'NONE', #1199, #434, #682, .T. ) ;
#2386 = ORIENTED_EDGE ( 'NONE', *, *, #2437, .F. ) ;
#2387 = ADVANCED_FACE ( 'NONE', ( #1392 ), #2650, .F. ) ;
#2388 = DIRECTION ( 'NONE',  ( 0.000000000000000000, -0.7071067811865414665, -0.7071067811865536790 ) ) ;
#2389 = CARTESIAN_POINT ( 'NONE',  ( 17.39999999999999858, 18.02500000000001990, 2.084559376965400167E-13 ) ) ;
#2390 = CARTESIAN_POINT ( 'NONE',  ( -5.358257569495586736, 18.22499999999996234, 4.200000000000123634 ) ) ;
#2391 = EDGE_LOOP ( 'NONE', ( #1942, #2074, #302, #1116 ) ) ;
#2392 = ORIENTED_EDGE ( 'NONE', *, *, #116, .F. ) ;
#2393 = DIRECTION ( 'NONE',  ( 0.000000000000000000, 1.000000000000000000, 7.131640956793539050E-15 ) ) ;
#2394 = ORIENTED_EDGE ( 'NONE', *, *, #45, .T. ) ;
#2395 = LINE ( 'NONE', #880, #1847 ) ;
#2396 = AXIS2_PLACEMENT_3D ( 'NONE', #2398, #2376, #966 ) ;
#2397 = APPROVAL_STATUS ( 'not_yet_approved' ) ;
#2398 = CARTESIAN_POINT ( 'NONE',  ( 17.39999999999999858, -20.22500000000001208, 2.200000000000001954 ) ) ;
#2399 = VECTOR ( 'NONE', #320, 1000.000000000000114 ) ;
#2400 = AXIS2_PLACEMENT_3D ( 'NONE', #1028, #30, #680 ) ;
#2401 = VECTOR ( 'NONE', #1170, 1000.000000000000000 ) ;
#2402 = FACE_OUTER_BOUND ( 'NONE', #1714, .T. ) ;
#2403 = ORIENTED_EDGE ( 'NONE', *, *, #2076, .F. ) ;
#2404 = EDGE_CURVE ( 'NONE', #1675, #399, #2073, .T. ) ;
#2405 = VECTOR ( 'NONE', #1560, 1000.000000000000000 ) ;
#2406 = AXIS2_PLACEMENT_3D ( 'NONE', #1142, #1337, #764 ) ;
#2407 = PLANE ( 'NONE',  #1447 ) ;
#2408 = ORIENTED_EDGE ( 'NONE', *, *, #931, .F. ) ;
#2409 = VECTOR ( 'NONE', #106, 1000.000000000000000 ) ;
#2410 = ORIENTED_EDGE ( 'NONE', *, *, #2437, .T. ) ;
#2411 = ADVANCED_FACE ( 'NONE', ( #1438 ), #1226, .T. ) ;
#2412 = DIRECTION ( 'NONE',  ( -0.000000000000000000, 1.000000000000000000, 1.156482317317835161E-14 ) ) ;
#2413 = DIRECTION ( 'NONE',  ( 0.000000000000000000, -3.469446951955331381E-14, 1.000000000000000000 ) ) ;
#2414 = PERSON ( 'UNSPECIFIED', 'UNSPECIFIED', 'UNSPECIFIED', ('UNSPECIFIED'), ('UNSPECIFIED'), ('UNSPECIFIED') ) ;
#2415 = ORIENTED_EDGE ( 'NONE', *, *, #1229, .F. ) ;
#2416 = LINE ( 'NONE', #2015, #922 ) ;
#2417 = LINE ( 'NONE', #562, #2533 ) ;
#2418 = DIRECTION ( 'NONE',  ( 0.000000000000000000, 1.000000000000000000, 6.947471028633934181E-15 ) ) ;
#2419 = CARTESIAN_POINT ( 'NONE',  ( 12.60000000000000320, 20.22499999999991616, 0.4000000000001467937 ) ) ;
#2420 = PLANE ( 'NONE',  #1667 ) ;
#2421 = EDGE_CURVE ( 'NONE', #2267, #1498, #613, .T. ) ;
#2422 = ORIENTED_EDGE ( 'NONE', *, *, #1947, .T. ) ;
#2423 = ORIENTED_EDGE ( 'NONE', *, *, #2341, .T. ) ;
#2424 = CARTESIAN_POINT ( 'NONE',  ( -1.899999999999998579, -18.22500000000000497, 3.999999999999874323 ) ) ;
#2425 = EDGE_CURVE ( 'NONE', #2587, #1683, #408, .T. ) ;
#2426 = CARTESIAN_POINT ( 'NONE',  ( -13.89999999999999503, -18.22500000000001918, 3.999999999999873435 ) ) ;
#2427 = ORIENTED_EDGE ( 'NONE', *, *, #1194, .F. ) ;
#2428 = CARTESIAN_POINT ( 'NONE',  ( -13.44174243050447970, -18.22500000000001208, 4.200000000000022382 ) ) ;
#2429 = DATE_TIME_ROLE ( 'creation_date' ) ;
#2430 = PLANE ( 'NONE',  #524 ) ;
#2431 = DIRECTION ( 'NONE',  ( -1.000000000000000000, -0.000000000000000000, -0.000000000000000000 ) ) ;
#2432 = VERTEX_POINT ( 'NONE', #2707 ) ;
#2433 = EDGE_LOOP ( 'NONE', ( #688, #1971, #1986, #2119 ) ) ;
#2434 = ADVANCED_FACE ( 'NONE', ( #835 ), #1670, .T. ) ;
#2435 = ORIENTED_EDGE ( 'NONE', *, *, #1126, .F. ) ;
#2436 = ORIENTED_EDGE ( 'NONE', *, *, #2354, .F. ) ;
#2437 = EDGE_CURVE ( 'NONE', #1345, #1329, #2567, .T. ) ;
#2438 = COORDINATED_UNIVERSAL_TIME_OFFSET ( 1, 0, .AHEAD. ) ;
#2439 = DIRECTION ( 'NONE',  ( 0.7071067811865583419, 0.4999999999999951150, -0.4999999999999896194 ) ) ;
#2440 = CARTESIAN_POINT ( 'NONE',  ( -1.441742430504479033, -18.22500000000001208, 4.200000000000022382 ) ) ;
#2441 = CIRCLE ( 'NONE', #1258, 4.000000000000000000 ) ;
#2442 = AXIS2_PLACEMENT_3D ( 'NONE', #1060, #422, #1049 ) ;
#2443 = AXIS2_PLACEMENT_3D ( 'NONE', #211, #1423, #170 ) ;
#2444 = VERTEX_POINT ( 'NONE', #1312 ) ;
#2445 = CIRCLE ( 'NONE', #1179, 0.5000000000000004441 ) ;
#2446 = VECTOR ( 'NONE', #15, 1000.000000000000114 ) ;
#2447 = ORIENTED_EDGE ( 'NONE', *, *, #2623, .F. ) ;
#2448 = CARTESIAN_POINT ( 'NONE',  ( -13.39999999999999858, -13.72500000000011511, 0.3999999999999108713 ) ) ;
#2449 = TOROIDAL_SURFACE ( 'NONE', #1266, 3.500000000000000000, 0.5000000000000000000 ) ;
#2450 = ORIENTED_EDGE ( 'NONE', *, *, #756, .F. ) ;
#2451 = ORIENTED_EDGE ( 'NONE', *, *, #1909, .F. ) ;
#2452 = SECURITY_CLASSIFICATION ( '', '', #128 ) ;
#2453 = CALENDAR_DATE ( 2025, 11, 3 ) ;
#2454 = EDGE_CURVE ( 'NONE', #683, #2057, #1253, .T. ) ;
#2455 = DIRECTION ( 'NONE',  ( 0.000000000000000000, 0.7071067811865514585, -0.7071067811865436870 ) ) ;
#2456 = ADVANCED_FACE ( 'NONE', ( #2158 ), #2349, .F. ) ;
#2457 = CYLINDRICAL_SURFACE ( 'NONE', #476, 0.5000000000000004441 ) ;
#2458 = DIRECTION ( 'NONE',  ( 0.000000000000000000, -0.7071067811865536790, 0.7071067811865414665 ) ) ;
#2459 = ORIENTED_EDGE ( 'NONE', *, *, #1924, .T. ) ;
#2460 = EDGE_LOOP ( 'NONE', ( #527, #2643, #1270 ) ) ;
#2461 = VERTEX_POINT ( 'NONE', #2099 ) ;
#2462 =( BOUNDED_CURVE ( )  B_SPLINE_CURVE ( 3, ( #804, #1637, #1861, #1448 ),
 .UNSPECIFIED., .F., .F. ) 
 B_SPLINE_CURVE_WITH_KNOTS ( ( 4, 4 ),
 ( 4.300872134317224038, 4.712388980384689674 ),
 .UNSPECIFIED. ) 
 CURVE ( )  GEOMETRIC_REPRESENTATION_ITEM ( )  RATIONAL_B_SPLINE_CURVE ( ( 1.000000000000000000, 0.9859375419538036756, 0.9859375419538036756, 1.000000000000000000 ) ) 
 REPRESENTATION_ITEM ( '' )  );
#2463 = SHAPE_DEFINITION_REPRESENTATION ( #509, #52 ) ;
#2464 = PLANE ( 'NONE',  #1125 ) ;
#2465 = EDGE_CURVE ( 'NONE', #2289, #2444, #217, .T. ) ;
#2466 = DIRECTION ( 'NONE',  ( -0.000000000000000000, 1.000000000000000000, 6.938893903907234689E-15 ) ) ;
#2467 = DIRECTION ( 'NONE',  ( 0.000000000000000000, -1.000000000000000000, -3.469446951955331381E-14 ) ) ;
#2468 = EDGE_CURVE ( 'NONE', #421, #782, #1100, .T. ) ;
#2469 = FACE_OUTER_BOUND ( 'NONE', #907, .T. ) ;
#2470 = EDGE_LOOP ( 'NONE', ( #614, #2570, #939, #2040, #64 ) ) ;
#2471 = CARTESIAN_POINT ( 'NONE',  ( 17.39999999999999858, -20.08357864376270285, 2.058578643762695393 ) ) ;
#2472 = ORIENTED_EDGE ( 'NONE', *, *, #1298, .T. ) ;
#2473 = ORIENTED_EDGE ( 'NONE', *, *, #479, .T. ) ;
#2474 = CARTESIAN_POINT ( 'NONE',  ( -5.399999999999998579, 20.22500000000001208, 0.4000000000001242006 ) ) ;
#2475 = ORIENTED_EDGE ( 'NONE', *, *, #2205, .F. ) ;
#2476 = DIRECTION ( 'NONE',  ( 0.5773502691896258421, -0.5773502691896458261, -0.5773502691896057470 ) ) ;
#2477 = DIRECTION ( 'NONE',  ( -0.000000000000000000, 0.000000000000000000, -1.000000000000000000 ) ) ;
#2478 = AXIS2_PLACEMENT_3D ( 'NONE', #196, #2699, #828 ) ;
#2479 = CARTESIAN_POINT ( 'NONE',  ( 17.39999999999999858, 18.08357864376266022, 4.058578643762817961 ) ) ;
#2480 = EDGE_CURVE ( 'NONE', #724, #1641, #1985, .T. ) ;
#2481 = CARTESIAN_POINT ( 'NONE',  ( -13.39999999999999858, -13.72500000000002274, -13.20037878244417406 ) ) ;
#2482 = ORIENTED_EDGE ( 'NONE', *, *, #934, .T. ) ;
#2483 = VECTOR ( 'NONE', #2085, 1000.000000000000000 ) ;
#2484 = DIRECTION ( 'NONE',  ( -0.000000000000000000, 0.7071067811865536790, -0.7071067811865414665 ) ) ;
#2485 = CARTESIAN_POINT ( 'NONE',  ( -13.39999999999999858, -18.42500000000016058, 3.999999999999872546 ) ) ;
#2486 = ORIENTED_EDGE ( 'NONE', *, *, #11, .T. ) ;
#2487 = VECTOR ( 'NONE', #669, 1000.000000000000000 ) ;
#2488 = CIRCLE ( 'NONE', #308, 2.999999999999999112 ) ;
#2489 = EDGE_LOOP ( 'NONE', ( #921, #1639, #544, #2088, #2039 ) ) ;
#2490 = CIRCLE ( 'NONE', #1409, 0.5000000000000004441 ) ;
#2491 = DIRECTION ( 'NONE',  ( 0.000000000000000000, 0.000000000000000000, 1.000000000000000000 ) ) ;
#2492 = DIRECTION ( 'NONE',  ( 0.000000000000000000, -1.000000000000000000, -3.469446951955331381E-14 ) ) ;
#2493 = EDGE_LOOP ( 'NONE', ( #65, #2375, #2302, #2250 ) ) ;
#2494 = DIRECTION ( 'NONE',  ( 0.000000000000000000, 1.000000000000000000, 7.228014483236698330E-15 ) ) ;
#2495 = DIRECTION ( 'NONE',  ( -0.5773502691896074124, 0.5773502691896476025, -0.5773502691896222894 ) ) ;
#2496 = CARTESIAN_POINT ( 'NONE',  ( 17.39999999999999858, -18.02499999999987423, -6.253678130899441016E-13 ) ) ;
#2497 = LINE ( 'NONE', #2510, #312 ) ;
#2498 = DIRECTION ( 'NONE',  ( 1.000000000000000000, 0.000000000000000000, 0.000000000000000000 ) ) ;
#2499 = ADVANCED_FACE ( 'NONE', ( #2555 ), #244, .F. ) ;
#2500 = ORIENTED_EDGE ( 'NONE', *, *, #2514, .T. ) ;
#2501 = ORIENTED_EDGE ( 'NONE', *, *, #1829, .F. ) ;
#2502 = ADVANCED_FACE ( 'NONE', ( #1045 ), #233, .F. ) ;
#2503 = DIRECTION ( 'NONE',  ( 0.000000000000000000, -1.000000000000000000, -7.114983804074972634E-15 ) ) ;
#2504 = DIRECTION ( 'NONE',  ( 0.000000000000000000, 7.114983804074972634E-15, -1.000000000000000000 ) ) ;
#2505 = ORIENTED_EDGE ( 'NONE', *, *, #1590, .T. ) ;
#2506 = FACE_OUTER_BOUND ( 'NONE', #895, .T. ) ;
#2507 = LINE ( 'NONE', #383, #1310 ) ;
#2508 = CARTESIAN_POINT ( 'NONE',  ( -5.399999999999998579, -20.22500000000001208, 2.200000000000001954 ) ) ;
#2509 = DIRECTION ( 'NONE',  ( 0.000000000000000000, -0.7071067811865414665, -0.7071067811865536790 ) ) ;
#2510 = CARTESIAN_POINT ( 'NONE',  ( 17.39999999999999858, -18.22500000000002274, 4.499999999999873879 ) ) ;
#2511 = CYLINDRICAL_SURFACE ( 'NONE', #833, 2.000000000000000000 ) ;
#2512 = ORIENTED_EDGE ( 'NONE', *, *, #1595, .F. ) ;
#2513 = VERTEX_POINT ( 'NONE', #898 ) ;
#2514 = EDGE_CURVE ( 'NONE', #740, #2171, #1738, .T. ) ;
#2515 = DIRECTION ( 'NONE',  ( -1.000000000000000000, -0.000000000000000000, -0.000000000000000000 ) ) ;
#2516 = DIRECTION ( 'NONE',  ( -1.000000000000000000, 0.000000000000000000, 0.000000000000000000 ) ) ;
#2517 = ORIENTED_EDGE ( 'NONE', *, *, #983, .T. ) ;
#2518 = ADVANCED_FACE ( 'NONE', ( #1520 ), #2511, .F. ) ;
#2519 = CARTESIAN_POINT ( 'NONE',  ( -5.399999999999998579, -18.42500000000015703, 3.999999999999874323 ) ) ;
#2520 = CARTESIAN_POINT ( 'NONE',  ( 23.40833333333346644, -12.01666666666656091, -1.708333333333316828 ) ) ;
#2521 = CARTESIAN_POINT ( 'NONE',  ( 17.39999999999999858, -20.22500000000001208, 2.200000000000001954 ) ) ;
#2522 = DIRECTION ( 'NONE',  ( 0.000000000000000000, -1.156482317317835161E-14, 1.000000000000000000 ) ) ;
#2523 = LINE ( 'NONE', #1724, #131 ) ;
#2524 = AXIS2_PLACEMENT_3D ( 'NONE', #1501, #2516, #2356 ) ;
#2525 = CARTESIAN_POINT ( 'NONE',  ( 17.39999999999999858, -18.22500000000002274, 4.499999999999873879 ) ) ;
#2526 = ORIENTED_EDGE ( 'NONE', *, *, #1541, .T. ) ;
#2527 = AXIS2_PLACEMENT_3D ( 'NONE', #901, #1048, #2161 ) ;
#2528 = ORIENTED_EDGE ( 'NONE', *, *, #717, .T. ) ;
#2529 = AXIS2_PLACEMENT_3D ( 'NONE', #1186, #1507, #1549 ) ;
#2530 = CIRCLE ( 'NONE', #529, 4.500000000000000888 ) ;
#2531 = CARTESIAN_POINT ( 'NONE',  ( 18.18532127857644198, 17.23967872142356228, 3.791866563118957423 ) ) ;
#2532 = CIRCLE ( 'NONE', #609, 0.5000000000000000000 ) ;
#2533 = VECTOR ( 'NONE', #2209, 1000.000000000000000 ) ;
#2534 = DIRECTION ( 'NONE',  ( 0.7071067811865345831, -5.031053295893963776E-15, 0.7071067811865605623 ) ) ;
#2535 = EDGE_CURVE ( 'NONE', #2444, #2313, #2339, .T. ) ;
#2536 = AXIS2_PLACEMENT_3D ( 'NONE', #874, #695, #1066 ) ;
#2537 = CARTESIAN_POINT ( 'NONE',  ( 17.39999999999999858, 20.22499999999999432, 0.2000000000001449507 ) ) ;
#2538 = CARTESIAN_POINT ( 'NONE',  ( 17.19999999999999929, 20.22499999999999432, 0.2000000000001422862 ) ) ;
#2539 = EDGE_CURVE ( 'NONE', #275, #151, #1713, .T. ) ;
#2540 = DIRECTION ( 'NONE',  ( -0.6785983445458543262, -0.6785983445458405594, 0.2810846377148182862 ) ) ;
#2541 = LINE ( 'NONE', #1907, #1661 ) ;
#2542 = CARTESIAN_POINT ( 'NONE',  ( 17.39999999999999858, 18.22499999999995879, 4.500000000000133227 ) ) ;
#2543 = CARTESIAN_POINT ( 'NONE',  ( 4.600000000000001421, -20.22500000000001208, -13.20037878244417406 ) ) ;
#2544 = ORIENTED_EDGE ( 'NONE', *, *, #881, .T. ) ;
#2545 = ORIENTED_EDGE ( 'NONE', *, *, #896, .F. ) ;
#2546 = FACE_OUTER_BOUND ( 'NONE', #860, .T. ) ;
#2547 = CARTESIAN_POINT ( 'NONE',  ( 4.600000000000001421, 18.35592542715418674, 4.069074572845908122 ) ) ;
#2548 = ORIENTED_EDGE ( 'NONE', *, *, #1604, .F. ) ;
#2549 = DIRECTION ( 'NONE',  ( 0.000000000000000000, -6.938893903907222067E-15, 1.000000000000000000 ) ) ;
#2550 = DIRECTION ( 'NONE',  ( -0.000000000000000000, -1.000000000000000000, -6.938893903907234689E-15 ) ) ;
#2551 = ADVANCED_FACE ( 'NONE', ( #1695 ), #2143, .F. ) ;
#2552 = CARTESIAN_POINT ( 'NONE',  ( -9.399999999999998579, -9.225000000000024514, 4.499999999999937828 ) ) ;
#2553 = EDGE_CURVE ( 'NONE', #310, #1073, #32, .T. ) ;
#2554 = DIRECTION ( 'NONE',  ( -0.000000000000000000, 1.000000000000000000, 7.114983804074972634E-15 ) ) ;
#2555 = FACE_OUTER_BOUND ( 'NONE', #1795, .T. ) ;
#2556 = ORIENTED_EDGE ( 'NONE', *, *, #538, .F. ) ;
#2557 = VERTEX_POINT ( 'NONE', #1510 ) ;
#2558 = EDGE_CURVE ( 'NONE', #2198, #707, #460, .T. ) ;
#2559 = FACE_OUTER_BOUND ( 'NONE', #547, .T. ) ;
#2560 = CARTESIAN_POINT ( 'NONE',  ( -17.61963585362722284, -19.80536414637278142, 2.026181138169595108 ) ) ;
#2561 = CARTESIAN_POINT ( 'NONE',  ( 4.600000000000001421, 20.22500000000001208, 0.4000000000001276979 ) ) ;
#2562 = CYLINDRICAL_SURFACE ( 'NONE', #88, 2.000000000000000000 ) ;
#2563 = EDGE_CURVE ( 'NONE', #943, #112, #886, .T. ) ;
#2564 = CARTESIAN_POINT ( 'NONE',  ( -1.414112601366125599, -18.28830789173255411, 4.136692108267476797 ) ) ;
#2565 = CARTESIAN_POINT ( 'NONE',  ( 8.600000000000001421, 20.22499999999998010, 2.200000000000142730 ) ) ;
#2566 = LINE ( 'NONE', #2610, #1085 ) ;
#2567 = LINE ( 'NONE', #846, #483 ) ;
#2568 = EDGE_CURVE ( 'NONE', #784, #1984, #1593, .T. ) ;
#2569 = EDGE_LOOP ( 'NONE', ( #2517, #2238, #2183, #1021 ) ) ;
#2570 = ORIENTED_EDGE ( 'NONE', *, *, #2354, .T. ) ;
#2571 = DIRECTION ( 'NONE',  ( -0.000000000000000000, -0.000000000000000000, 1.000000000000000000 ) ) ;
#2572 = AXIS2_PLACEMENT_3D ( 'NONE', #79, #916, #1149 ) ;
#2573 = LINE ( 'NONE', #1542, #1440 ) ;
#2574 = VECTOR ( 'NONE', #2522, 1000.000000000000000 ) ;
#2575 = AXIS2_PLACEMENT_3D ( 'NONE', #753, #2220, #2033 ) ;
#2576 = CARTESIAN_POINT ( 'NONE',  ( -17.20000000000000639, -18.22500000000002274, 4.499999999999873879 ) ) ;
#2577 = VERTEX_POINT ( 'NONE', #955 ) ;
#2578 = LINE ( 'NONE', #1486, #1585 ) ;
#2579 = AXIS2_PLACEMENT_3D ( 'NONE', #1107, #68, #2549 ) ;
#2580 = AXIS2_PLACEMENT_3D ( 'NONE', #665, #1504, #1290 ) ;
#2581 = VECTOR ( 'NONE', #739, 1000.000000000000000 ) ;
#2582 = CARTESIAN_POINT ( 'NONE',  ( -1.399999999999998579, -18.42500000000016058, 3.999999999999872546 ) ) ;
#2583 = DIRECTION ( 'NONE',  ( -1.000000000000000000, -0.000000000000000000, -0.000000000000000000 ) ) ;
#2584 = DIRECTION ( 'NONE',  ( -0.000000000000000000, 1.000000000000000000, 6.938893903907234689E-15 ) ) ;
#2585 = DIRECTION ( 'NONE',  ( 0.000000000000000000, -1.000000000000000000, -7.114983804074972634E-15 ) ) ;
#2586 = EDGE_LOOP ( 'NONE', ( #746, #1912, #2014, #1390, #1160 ) ) ;
#2587 = VERTEX_POINT ( 'NONE', #2644 ) ;
#2588 = EDGE_CURVE ( 'NONE', #1329, #724, #1889, .T. ) ;
#2589 = CARTESIAN_POINT ( 'NONE',  ( 4.600000000000001421, -14.72500000000002274, -13.20037878244417406 ) ) ;
#2590 = ORIENTED_EDGE ( 'NONE', *, *, #2642, .T. ) ;
#2591 = EDGE_CURVE ( 'NONE', #731, #1345, #1495, .T. ) ;
#2592 = CARTESIAN_POINT ( 'NONE',  ( 5.100000000000002309, -18.22500000000002274, 4.499999999999873879 ) ) ;
#2593 = ORIENTED_EDGE ( 'NONE', *, *, #666, .F. ) ;
#2594 = DIRECTION ( 'NONE',  ( 1.000000000000000000, 0.000000000000000000, 0.000000000000000000 ) ) ;
#2595 = LINE ( 'NONE', #766, #1217 ) ;
#2596 = ORIENTED_EDGE ( 'NONE', *, *, #642, .T. ) ;
#2597 = CARTESIAN_POINT ( 'NONE',  ( -17.39999999999999858, 20.02499999999999503, 1.263194094779476591E-13 ) ) ;
#2598 = ORIENTED_EDGE ( 'NONE', *, *, #1735, .T. ) ;
#2599 = ORIENTED_EDGE ( 'NONE', *, *, #465, .T. ) ;
#2600 = CARTESIAN_POINT ( 'NONE',  ( 5.100000000000002309, 18.22499999999996589, 4.000000000000135003 ) ) ;
#2601 = CC_DESIGN_PERSON_AND_ORGANIZATION_ASSIGNMENT ( #1167, #1201, ( #1469 ) ) ;
#2602 = DIRECTION ( 'NONE',  ( 0.000000000000000000, -6.938893903907222067E-15, 1.000000000000000000 ) ) ;
#2603 = CARTESIAN_POINT ( 'NONE',  ( 12.64174243050441504, 18.22499999999996234, 4.200000000000123634 ) ) ;
#2604 = PERSON_AND_ORGANIZATION ( #2414, #2156 ) ;
#2605 = ADVANCED_FACE ( 'NONE', ( #2380 ), #288, .T. ) ;
#2606 = DIRECTION ( 'NONE',  ( 0.000000000000000000, -1.000000000000000000, -6.947471028633934181E-15 ) ) ;
#2607 = FACE_OUTER_BOUND ( 'NONE', #2286, .T. ) ;
#2608 = FACE_OUTER_BOUND ( 'NONE', #2569, .T. ) ;
#2609 = VERTEX_POINT ( 'NONE', #300 ) ;
#2610 = CARTESIAN_POINT ( 'NONE',  ( 17.19999999999999929, 18.22499999999996234, 4.200000000000124523 ) ) ;
#2611 = DIRECTION ( 'NONE',  ( 0.000000000000000000, -6.938893903907222067E-15, 1.000000000000000000 ) ) ;
#2612 = VERTEX_POINT ( 'NONE', #541 ) ;
#2613 = EDGE_LOOP ( 'NONE', ( #986, #2132, #1102, #1361, #1175 ) ) ;
#2614 = CARTESIAN_POINT ( 'NONE',  ( 17.39999999999999858, -20.22500000000002274, 0.3999999999998651301 ) ) ;
#2615 = PLANE ( 'NONE',  #1132 ) ;
#2616 = FACE_OUTER_BOUND ( 'NONE', #1881, .T. ) ;
#2617 = ORIENTED_EDGE ( 'NONE', *, *, #1422, .T. ) ;
#2618 = CARTESIAN_POINT ( 'NONE',  ( 4.600000000000001421, -20.22500000000013287, 3.999999999999861444 ) ) ;
#2619 = CIRCLE ( 'NONE', #210, 3.499999999999999556 ) ;
#2620 = LINE ( 'NONE', #1588, #1571 ) ;
#2621 = CARTESIAN_POINT ( 'NONE',  ( 12.64174243050448432, -18.22500000000001208, 4.200000000000022382 ) ) ;
#2622 = AXIS2_PLACEMENT_3D ( 'NONE', #165, #443, #28 ) ;
#2623 = EDGE_CURVE ( 'NONE', #2513, #1815, #316, .T. ) ;
#2624 = AXIS2_PLACEMENT_3D ( 'NONE', #1161, #958, #793 ) ;
#2625 = VECTOR ( 'NONE', #2458, 1000.000000000000000 ) ;
#2626 = DIRECTION ( 'NONE',  ( 0.000000000000000000, -6.938893903907222067E-15, 1.000000000000000000 ) ) ;
#2627 = ORIENTED_EDGE ( 'NONE', *, *, #393, .T. ) ;
#2628 = VECTOR ( 'NONE', #2282, 1000.000000000000000 ) ;
#2629 = EDGE_CURVE ( 'NONE', #1130, #1672, #1813, .T. ) ;
#2630 = CARTESIAN_POINT ( 'NONE',  ( 5.100000000000002309, 14.72500000000002274, 4.000000000000107470 ) ) ;
#2631 = EDGE_CURVE ( 'NONE', #1354, #376, #2169, .T. ) ;
#2632 = CARTESIAN_POINT ( 'NONE',  ( -17.20000000000000639, 20.22499999999998010, 2.200000000000142730 ) ) ;
#2633 = VERTEX_POINT ( 'NONE', #2222 ) ;
#2634 = VECTOR ( 'NONE', #638, 1000.000000000000114 ) ;
#2635 = ORIENTED_EDGE ( 'NONE', *, *, #323, .F. ) ;
#2636 = CARTESIAN_POINT ( 'NONE',  ( -17.20000000000000639, -20.02500000000003055, -1.334852560514700217E-13 ) ) ;
#2637 = CC_DESIGN_APPROVAL ( #1352, ( #1469 ) ) ;
#2638 = ORIENTED_EDGE ( 'NONE', *, *, #333, .T. ) ;
#2639 = DIRECTION ( 'NONE',  ( -1.000000000000000000, 0.000000000000000000, 0.000000000000000000 ) ) ;
#2640 = CARTESIAN_POINT ( 'NONE',  ( 19.81533947758871861, -17.60966052241139224, 1.116690918172964730 ) ) ;
#2641 = CARTESIAN_POINT ( 'NONE',  ( 1.600000000000001643, -11.72500000000002274, 3.999999999999920952 ) ) ;
#2642 = EDGE_CURVE ( 'NONE', #1211, #1105, #2490, .T. ) ;
#2643 = ORIENTED_EDGE ( 'NONE', *, *, #1089, .T. ) ;
#2644 = CARTESIAN_POINT ( 'NONE',  ( -5.399999999999998579, -13.72500000000002274, 0.3999999999999108713 ) ) ;
#2645 = ORIENTED_EDGE ( 'NONE', *, *, #768, .T. ) ;
#2646 = EDGE_CURVE ( 'NONE', #125, #1199, #1798, .T. ) ;
#2647 = ORIENTED_EDGE ( 'NONE', *, *, #701, .T. ) ;
#2648 = ORIENTED_EDGE ( 'NONE', *, *, #2246, .F. ) ;
#2649 = ORIENTED_EDGE ( 'NONE', *, *, #618, .F. ) ;
#2650 = PLANE ( 'NONE',  #223 ) ;
#2651 = DATE_AND_TIME ( #1181, #2029 ) ;
#2652 = LINE ( 'NONE', #1351, #1219 ) ;
#2653 = LINE ( 'NONE', #736, #1977 ) ;
#2654 = ORIENTED_EDGE ( 'NONE', *, *, #2217, .F. ) ;
#2655 = ORIENTED_EDGE ( 'NONE', *, *, #1094, .T. ) ;
#2656 = LINE ( 'NONE', #391, #2483 ) ;
#2657 = EDGE_CURVE ( 'NONE', #414, #463, #2023, .T. ) ;
#2658 = VERTEX_POINT ( 'NONE', #2390 ) ;
#2659 = ORIENTED_EDGE ( 'NONE', *, *, #132, .T. ) ;
#2660 = EDGE_CURVE ( 'NONE', #1238, #421, #44, .T. ) ;
#2661 = LINE ( 'NONE', #163, #1491 ) ;
#2662 = CIRCLE ( 'NONE', #703, 0.4999999999999995559 ) ;
#2663 = DIRECTION ( 'NONE',  ( -0.5773502691896458261, 0.5773502691896258421, -0.5773502691896057470 ) ) ;
#2664 = VECTOR ( 'NONE', #2317, 1000.000000000000000 ) ;
#2665 = CIRCLE ( 'NONE', #1080, 0.5000000000000004441 ) ;
#2666 = ORIENTED_EDGE ( 'NONE', *, *, #197, .F. ) ;
#2667 = AXIS2_PLACEMENT_3D ( 'NONE', #954, #1796, #1767 ) ;
#2668 = CIRCLE ( 'NONE', #2406, 4.000000000000000000 ) ;
#2669 = ORIENTED_EDGE ( 'NONE', *, *, #847, .F. ) ;
#2670 = CARTESIAN_POINT ( 'NONE',  ( 8.600000000000001421, -18.42500000000016058, 3.999999999999872546 ) ) ;
#2671 = VECTOR ( 'NONE', #1083, 1000.000000000000000 ) ;
#2672 = EDGE_LOOP ( 'NONE', ( #246, #1412, #446, #924 ) ) ;
#2673 = EDGE_LOOP ( 'NONE', ( #1188, #807, #55, #330, #772 ) ) ;
#2674 = EDGE_CURVE ( 'NONE', #1397, #406, #1173, .T. ) ;
#2675 = DIRECTION ( 'NONE',  ( 0.000000000000000000, -6.938893903907222067E-15, 1.000000000000000000 ) ) ;
#2676 = EDGE_CURVE ( 'NONE', #1130, #1968, #137, .T. ) ;
#2677 = CARTESIAN_POINT ( 'NONE',  ( 1.600000000000001643, 14.72500000000002274, 4.000000000000111022 ) ) ;
#2678 = CARTESIAN_POINT ( 'NONE',  ( 12.60000000000000142, -15.72500000000001386, 3.999999999999892530 ) ) ;
#2679 = PLANE ( 'NONE',  #2478 ) ;
#2680 = DIRECTION ( 'NONE',  ( 0.000000000000000000, 0.000000000000000000, 1.000000000000000000 ) ) ;
#2681 = ORIENTED_EDGE ( 'NONE', *, *, #1914, .T. ) ;
#2682 = VERTEX_POINT ( 'NONE', #1982 ) ;
#2683 = ORIENTED_EDGE ( 'NONE', *, *, #881, .F. ) ;
#2684 = ADVANCED_FACE ( 'NONE', ( #520 ), #1357, .T. ) ;
#2685 = DIRECTION ( 'NONE',  ( -3.122502256758255294E-14, -3.469446951953617344E-14, 1.000000000000000000 ) ) ;
#2686 = ORIENTED_EDGE ( 'NONE', *, *, #1012, .F. ) ;
#2687 = DIRECTION ( 'NONE',  ( 0.7071067811865597852, 0.7071067811865353603, 0.000000000000000000 ) ) ;
#2688 = EDGE_CURVE ( 'NONE', #2057, #1581, #1576, .T. ) ;
#2689 = DIRECTION ( 'NONE',  ( 0.7071067811865352493, -6.839255870354643001E-17, 0.7071067811865597852 ) ) ;
#2690 = DIRECTION ( 'NONE',  ( 0.000000000000000000, -1.000000000000000000, -6.947471028633934181E-15 ) ) ;
#2691 = CARTESIAN_POINT ( 'NONE',  ( -9.399999999999998579, -9.225000000000020961, 3.999999999999938716 ) ) ;
#2692 = ORIENTED_EDGE ( 'NONE', *, *, #502, .T. ) ;
#2693 = LINE ( 'NONE', #114, #2068 ) ;
#2694 = ORIENTED_EDGE ( 'NONE', *, *, #618, .T. ) ;
#2695 = ORIENTED_EDGE ( 'NONE', *, *, #865, .T. ) ;
#2696 = ORIENTED_EDGE ( 'NONE', *, *, #1686, .F. ) ;
#2697 = CARTESIAN_POINT ( 'NONE',  ( 17.39999999999999858, 20.22499999999998010, 2.200000000000142730 ) ) ;
#2698 = ADVANCED_FACE ( 'NONE', ( #758 ), #2420, .T. ) ;
#2699 = DIRECTION ( 'NONE',  ( 0.000000000000000000, 1.000000000000000000, -4.731064025390998189E-15 ) ) ;
#2700 = AXIS2_PLACEMENT_3D ( 'NONE', #2216, #1759, #2393 ) ;
#2701 = CARTESIAN_POINT ( 'NONE',  ( 4.600000000000001421, 20.22499999999988773, 4.000000000000149214 ) ) ;
#2702 = ORIENTED_EDGE ( 'NONE', *, *, #1543, .T. ) ;
#2703 = ADVANCED_FACE ( 'NONE', ( #1205 ), #1761, .T. ) ;
#2704 = AXIS2_PLACEMENT_3D ( 'NONE', #1906, #1494, #489 ) ;
#2705 = AXIS2_PLACEMENT_3D ( 'NONE', #1014, #1203, #2283 ) ;
#2706 = FACE_OUTER_BOUND ( 'NONE', #759, .T. ) ;
#2707 = CARTESIAN_POINT ( 'NONE',  ( -4.899999999999997691, 13.72500000000001918, 4.500000000000101252 ) ) ;
#2708 = ORIENTED_EDGE ( 'NONE', *, *, #597, .T. ) ;
#2709 = VECTOR ( 'NONE', #455, 1000.000000000000000 ) ;
#2710 = CIRCLE ( 'NONE', #264, 0.4999999999999995559 ) ;
#2711 = EDGE_LOOP ( 'NONE', ( #377, #295, #1838, #755, #1288 ) ) ;
#2712 = VECTOR ( 'NONE', #1921, 1000.000000000000000 ) ;
#2713 = CARTESIAN_POINT ( 'NONE',  ( -5.399999999999998579, -20.22500000000013287, 3.999999999999861444 ) ) ;
#2714 = ORIENTED_EDGE ( 'NONE', *, *, #413, .T. ) ;
#2715 = CARTESIAN_POINT ( 'NONE',  ( 12.60000000000000320, 18.42499999999995097, 4.000000000000136779 ) ) ;
ENDSEC;
END-ISO-10303-21;
