ISO-10303-21;
HEADER;
FILE_DESCRIPTION (( 'STEP AP203' ),
    '1' );
FILE_NAME ('MB_cable_rail_H_back_v1.step',
    '2023-01-16T14:20:41',
    ( '' ),
    ( '' ),
    'SwSTEP 2.0',
    'SolidWorks 2023',
    '' );
FILE_SCHEMA (( 'CONFIG_CONTROL_DESIGN' ));
ENDSEC;

DATA;
#1 = CARTESIAN_POINT ( 'NONE',  ( 4.031441089406720302, 19.00000000000000000, -6.853553390593266847 ) ) ;
#2 = CARTESIAN_POINT ( 'NONE',  ( 8.884994479999997807, 9.610152249255747847, 65.42680082149603038 ) ) ;
#3 = ORIENTED_EDGE ( 'NONE', *, *, #1639, .F. ) ;
#4 = ORIENTED_EDGE ( 'NONE', *, *, #3910, .T. ) ;
#5 = VECTOR ( 'NONE', #6564, 1000.000000000000000 ) ;
#6 = ADVANCED_FACE ( 'NONE', ( #4861 ), #1669, .F. ) ;
#7 = DIRECTION ( 'NONE',  ( -1.000000000000000000, 0.000000000000000000, 0.000000000000000000 ) ) ;
#8 = DIRECTION ( 'NONE',  ( 8.673617379884027583E-16, -1.000000000000000000, 0.000000000000000000 ) ) ;
#9 = DIRECTION ( 'NONE',  ( 1.000000000000000000, 0.000000000000000000, 0.000000000000000000 ) ) ;
#10 = CARTESIAN_POINT ( 'NONE',  ( 8.384994479999997807, 9.283947729555352524, 73.41424565763556132 ) ) ;
#11 = DIRECTION ( 'NONE',  ( -4.605861719268250263E-18, 1.000000000000000000, 0.000000000000000000 ) ) ;
#12 = AXIS2_PLACEMENT_3D ( 'NONE', #1135, #1086, #3393 ) ;
#13 = VECTOR ( 'NONE', #6557, 1000.000000000000000 ) ;
#14 = ORIENTED_EDGE ( 'NONE', *, *, #8371, .F. ) ;
#15 = DIRECTION ( 'NONE',  ( 0.000000000000000000, 0.000000000000000000, 1.000000000000000000 ) ) ;
#16 = ORIENTED_EDGE ( 'NONE', *, *, #6525, .T. ) ;
#17 = VERTEX_POINT ( 'NONE', #212 ) ;
#18 = CARTESIAN_POINT ( 'NONE',  ( 7.384994479999996031, 1.999999999999999112, 7.699999999999998401 ) ) ;
#19 = CARTESIAN_POINT ( 'NONE',  ( 8.384994480000001360, 7.303563876739961103, 72.01107315347174165 ) ) ;
#20 = CARTESIAN_POINT ( 'NONE',  ( 8.884994479999997807, 9.744928006331527115, 71.94198989868165484 ) ) ;
#21 = VECTOR ( 'NONE', #8672, 1000.000000000000000 ) ;
#22 = DIRECTION ( 'NONE',  ( -1.000000000000000000, 0.000000000000000000, 0.000000000000000000 ) ) ;
#23 = CARTESIAN_POINT ( 'NONE',  ( 8.884994479999997807, 8.008435176124612198, 72.76091647633330695 ) ) ;
#24 = CARTESIAN_POINT ( 'NONE',  ( -7.884994480000007577, 0.5000000000000837108, 73.49999999999998579 ) ) ;
#25 = CARTESIAN_POINT ( 'NONE',  ( 8.884994479999999584, 6.908727000144287089, 72.82513161105202926 ) ) ;
#26 = PLANE ( 'NONE',  #4042 ) ;
#27 = CARTESIAN_POINT ( 'NONE',  ( 8.884994479999999584, 6.830927873961838870, 65.88024778729648290 ) ) ;
#28 = ORIENTED_EDGE ( 'NONE', *, *, #282, .T. ) ;
#29 = LINE ( 'NONE', #6129, #8973 ) ;
#30 = VERTEX_POINT ( 'NONE', #5523 ) ;
#31 = CARTESIAN_POINT ( 'NONE',  ( 8.884994479999997807, 7.808810843871593299, 73.46034368531317682 ) ) ;
#32 = CARTESIAN_POINT ( 'NONE',  ( 8.884994479999997807, 8.372791401239945586, 75.32731380625671136 ) ) ;
#33 = ORIENTED_EDGE ( 'NONE', *, *, #5998, .F. ) ;
#34 = EDGE_LOOP ( 'NONE', ( #1035, #5994, #9650, #4031 ) ) ;
#35 = VECTOR ( 'NONE', #44, 1000.000000000000227 ) ;
#36 = CARTESIAN_POINT ( 'NONE',  ( -17.88499447999998893, 0.5000000000000003331, -22.00000000000000711 ) ) ;
#37 = CARTESIAN_POINT ( 'NONE',  ( -17.88499447999999248, 1.500000000000029310, -29.50000000000000000 ) ) ;
#38 = CARTESIAN_POINT ( 'NONE',  ( 8.884994479999999584, 10.16764365096828371, 65.79434902043911393 ) ) ;
#39 = ORIENTED_EDGE ( 'NONE', *, *, #9076, .T. ) ;
#40 = PLANE ( 'NONE',  #8636 ) ;
#41 = CARTESIAN_POINT ( 'NONE',  ( 8.884994479999997807, 10.15682077481396384, 71.16734196377461785 ) ) ;
#42 = VERTEX_POINT ( 'NONE', #9307 ) ;
#43 = CARTESIAN_POINT ( 'NONE',  ( 8.384994479999997807, 8.242155222509021328, 65.29047971205312706 ) ) ;
#44 = DIRECTION ( 'NONE',  ( 0.7071067811865495711, 0.000000000000000000, -0.7071067811865454633 ) ) ;
#45 = CARTESIAN_POINT ( 'NONE',  ( 8.884994479999997807, 7.301732539417800538, 71.93766820858687083 ) ) ;
#46 = ORIENTED_EDGE ( 'NONE', *, *, #7324, .F. ) ;
#47 = EDGE_CURVE ( 'NONE', #4152, #4175, #7026, .T. ) ;
#48 = EDGE_CURVE ( 'NONE', #6211, #5348, #5477, .T. ) ;
#49 = CARTESIAN_POINT ( 'NONE',  ( -8.384994479999997807, 2.999999999999999112, -12.50000000000000178 ) ) ;
#50 = EDGE_CURVE ( 'NONE', #5738, #4796, #4718, .T. ) ;
#51 = ORIENTED_EDGE ( 'NONE', *, *, #112, .F. ) ;
#52 = VERTEX_POINT ( 'NONE', #170 ) ;
#53 = DIRECTION ( 'NONE',  ( -0.7071067811865671127, -0.7071067811865279218, -3.971219588453530437E-14 ) ) ;
#54 = CARTESIAN_POINT ( 'NONE',  ( 8.884994479999999584, 8.053364882883450093, 65.63447272622052253 ) ) ;
#55 = CARTESIAN_POINT ( 'NONE',  ( 8.384994480000001360, 9.983738975282998140, 66.03498844572949622 ) ) ;
#56 = CARTESIAN_POINT ( 'NONE',  ( 5.384994479999996919, 19.00000000000000000, 12.49999999999999645 ) ) ;
#57 = LINE ( 'NONE', #6905, #7628 ) ;
#58 = VECTOR ( 'NONE', #9157, 999.9999999999998863 ) ;
#59 = ADVANCED_FACE ( 'NONE', ( #3218 ), #6274, .T. ) ;
#60 = ORIENTED_EDGE ( 'NONE', *, *, #2912, .T. ) ;
#61 = ADVANCED_FACE ( 'NONE', ( #5623 ), #9352, .T. ) ;
#62 = CARTESIAN_POINT ( 'NONE',  ( 8.884994479999996031, 9.277202441653084719, 72.68189784358770567 ) ) ;
#63 = ORIENTED_EDGE ( 'NONE', *, *, #6650, .F. ) ;
#64 = VECTOR ( 'NONE', #6054, 1000.000000000000000 ) ;
#65 = PLANE ( 'NONE',  #7641 ) ;
#66 = LINE ( 'NONE', #954, #5168 ) ;
#67 = CARTESIAN_POINT ( 'NONE',  ( 8.884994479999997807, 9.585133452808214827, 72.44888245337641308 ) ) ;
#68 = VECTOR ( 'NONE', #628, 1000.000000000000000 ) ;
#69 = PLANE ( 'NONE',  #2158 ) ;
#70 = DIRECTION ( 'NONE',  ( 0.000000000000000000, 0.000000000000000000, 1.000000000000000000 ) ) ;
#71 = DIRECTION ( 'NONE',  ( -0.5773502691896151839, -0.5773502691896151839, -0.5773502691896471584 ) ) ;
#72 = CARTESIAN_POINT ( 'NONE',  ( 8.884994479999997807, 9.686585190052042549, 65.19367081568793765 ) ) ;
#73 = LINE ( 'NONE', #4811, #4380 ) ;
#74 = CARTESIAN_POINT ( 'NONE',  ( 8.884994479999996031, 7.622915094144156356, 66.40301170133783160 ) ) ;
#75 = VERTEX_POINT ( 'NONE', #3313 ) ;
#76 = CARTESIAN_POINT ( 'NONE',  ( 8.384994480000001360, 6.733243380841571479, 65.54611262586682585 ) ) ;
#77 = VERTEX_POINT ( 'NONE', #2419 ) ;
#78 = VECTOR ( 'NONE', #9583, 1000.000000000000000 ) ;
#79 = CARTESIAN_POINT ( 'NONE',  ( 8.884994479999999584, 6.830927873961838870, 65.88024778729648290 ) ) ;
#80 = DIRECTION ( 'NONE',  ( -4.956352788505168987E-15, -1.000000000000000000, 0.000000000000000000 ) ) ;
#81 = VERTEX_POINT ( 'NONE', #8693 ) ;
#82 = VERTEX_POINT ( 'NONE', #4765 ) ;
#83 = LINE ( 'NONE', #2176, #2191 ) ;
#84 = LINE ( 'NONE', #3320, #4878 ) ;
#85 = CARTESIAN_POINT ( 'NONE',  ( 8.384994479999997807, 8.921390647613510083, 65.33167086600727202 ) ) ;
#86 = ORIENTED_EDGE ( 'NONE', *, *, #5136, .F. ) ;
#87 = CARTESIAN_POINT ( 'NONE',  ( 8.884994480000001360, 4.121084563853848997E-17, 137.4999999999999716 ) ) ;
#88 = CARTESIAN_POINT ( 'NONE',  ( 8.384994479999996031, 8.903994243103134920, 70.35169380265170958 ) ) ;
#89 = ORIENTED_EDGE ( 'NONE', *, *, #4747, .T. ) ;
#90 = DIRECTION ( 'NONE',  ( 1.084202172485504804E-16, 1.000000000000000000, 0.000000000000000000 ) ) ;
#91 = LINE ( 'NONE', #4540, #3384 ) ;
#92 = CIRCLE ( 'NONE', #7113, 1.000000000000001776 ) ;
#93 = FACE_OUTER_BOUND ( 'NONE', #4725, .T. ) ;
#94 = CARTESIAN_POINT ( 'NONE',  ( -7.384994479999980044, 3.478689187537270988E-18, 74.00000000000004263 ) ) ;
#95 = EDGE_LOOP ( 'NONE', ( #133, #2823, #1423, #3924 ) ) ;
#96 = PLANE ( 'NONE',  #5407 ) ;
#97 = PLANE ( 'NONE',  #2933 ) ;
#98 = PLANE ( 'NONE',  #958 ) ;
#99 = CARTESIAN_POINT ( 'NONE',  ( -2.384994479999989814, 2.000000000000000000, -60.00000000000000000 ) ) ;
#100 = FACE_OUTER_BOUND ( 'NONE', #1356, .T. ) ;
#101 = EDGE_CURVE ( 'NONE', #7278, #6930, #2467, .T. ) ;
#102 = VECTOR ( 'NONE', #2824, 1000.000000000000000 ) ;
#103 = DIRECTION ( 'NONE',  ( 4.505775262277422587E-16, 0.000000000000000000, 1.000000000000000000 ) ) ;
#104 = VERTEX_POINT ( 'NONE', #2612 ) ;
#105 = PLANE ( 'NONE',  #610 ) ;
#106 = CARTESIAN_POINT ( 'NONE',  ( 8.384994479999997807, 9.270319578247473657, 66.26488542204211285 ) ) ;
#107 = CARTESIAN_POINT ( 'NONE',  ( 8.884994479999999584, 9.462368969637662275, 71.27135853295999368 ) ) ;
#108 = EDGE_CURVE ( 'NONE', #6623, #3244, #5667, .T. ) ;
#109 = EDGE_CURVE ( 'NONE', #675, #6645, #5750, .T. ) ;
#110 = CARTESIAN_POINT ( 'NONE',  ( 8.384994479999997807, 10.29113489197663966, 72.44445285411012492 ) ) ;
#111 = CARTESIAN_POINT ( 'NONE',  ( 8.884994479999997807, 7.369811110227327156, 72.28268329134371584 ) ) ;
#112 = EDGE_CURVE ( 'NONE', #5573, #562, #7118, .T. ) ;
#113 = VECTOR ( 'NONE', #8743, 1000.000000000000000 ) ;
#114 = CARTESIAN_POINT ( 'NONE',  ( 8.384994479999997807, 10.29810433846293805, 64.85946011502520037 ) ) ;
#115 = AXIS2_PLACEMENT_3D ( 'NONE', #764, #9043, #611 ) ;
#116 = DIRECTION ( 'NONE',  ( 0.000000000000000000, 1.000000000000000000, 0.000000000000000000 ) ) ;
#117 = FACE_BOUND ( 'NONE', #6729, .T. ) ;
#118 = ORIENTED_EDGE ( 'NONE', *, *, #4735, .F. ) ;
#119 = EDGE_CURVE ( 'NONE', #903, #5609, #3490, .T. ) ;
#120 = DIRECTION ( 'NONE',  ( -0.7071067811865279218, 0.7071067811865671127, 9.185433182842152311E-17 ) ) ;
#121 = CARTESIAN_POINT ( 'NONE',  ( 8.384994479999997807, 9.687638310723512447, 65.18191219751328447 ) ) ;
#122 = CARTESIAN_POINT ( 'NONE',  ( 8.384994479999997807, 6.702458179608773214, 86.73657565646701073 ) ) ;
#123 = CARTESIAN_POINT ( 'NONE',  ( 5.884994479999996919, 19.99999999999999645, 12.83137084989847487 ) ) ;
#124 = EDGE_CURVE ( 'NONE', #8159, #1208, #6001, .T. ) ;
#125 = ORIENTED_EDGE ( 'NONE', *, *, #1624, .T. ) ;
#126 = VECTOR ( 'NONE', #5513, 1000.000000000000000 ) ;
#127 = VERTEX_POINT ( 'NONE', #5866 ) ;
#128 = DIRECTION ( 'NONE',  ( -1.000000000000000000, 1.334402673828313832E-16, -0.000000000000000000 ) ) ;
#129 = LINE ( 'NONE', #4630, #4774 ) ;
#130 = VERTEX_POINT ( 'NONE', #3528 ) ;
#131 = CARTESIAN_POINT ( 'NONE',  ( -7.884994480000002248, 0.5000000000000559552, 33.49999999999998579 ) ) ;
#132 = CARTESIAN_POINT ( 'NONE',  ( 8.384994479999997807, 9.972437573882681150, 70.90092997704086031 ) ) ;
#133 = ORIENTED_EDGE ( 'NONE', *, *, #7386, .T. ) ;
#134 = CARTESIAN_POINT ( 'NONE',  ( 8.384994479999997807, 7.926238057146433924, 65.69717079454062514 ) ) ;
#135 = FACE_OUTER_BOUND ( 'NONE', #7910, .T. ) ;
#136 = DIRECTION ( 'NONE',  ( 0.6785983445458287910, 0.2810846377148172870, 0.6785983445458664276 ) ) ;
#137 = DIRECTION ( 'NONE',  ( -0.7071067811865479058, 0.7071067811865472397, -0.000000000000000000 ) ) ;
#138 = CARTESIAN_POINT ( 'NONE',  ( 7.384994479999996031, 1.999999999999999112, -59.50000000000000000 ) ) ;
#139 = CARTESIAN_POINT ( 'NONE',  ( 8.384994479999997807, 6.767286849552510475, 71.46419084251753873 ) ) ;
#140 = ORIENTED_EDGE ( 'NONE', *, *, #1699, .F. ) ;
#141 = ORIENTED_EDGE ( 'NONE', *, *, #4690, .F. ) ;
#142 = EDGE_CURVE ( 'NONE', #9350, #8206, #92, .T. ) ;
#143 = FACE_OUTER_BOUND ( 'NONE', #6042, .T. ) ;
#144 = CARTESIAN_POINT ( 'NONE',  ( 8.384994479999996031, 8.215691591782999126, 65.40540915985759796 ) ) ;
#145 = CARTESIAN_POINT ( 'NONE',  ( 8.384994479999997807, 10.29789720057902791, 64.89427342515301689 ) ) ;
#146 = ORIENTED_EDGE ( 'NONE', *, *, #3725, .F. ) ;
#147 = VECTOR ( 'NONE', #8639, 1000.000000000000000 ) ;
#148 = CARTESIAN_POINT ( 'NONE',  ( 7.384994479999996031, 2.799999999999998934, -13.30000000000000604 ) ) ;
#149 = CARTESIAN_POINT ( 'NONE',  ( 8.884994479999996031, 7.304017916337338434, 65.07221435128434450 ) ) ;
#150 = AXIS2_PLACEMENT_3D ( 'NONE', #8606, #5632, #2526 ) ;
#151 = VECTOR ( 'NONE', #2523, 1000.000000000000000 ) ;
#152 = ORIENTED_EDGE ( 'NONE', *, *, #770, .T. ) ;
#153 = DIRECTION ( 'NONE',  ( -1.000000000000000000, 1.334402673828313832E-16, -0.000000000000000000 ) ) ;
#154 = ORIENTED_EDGE ( 'NONE', *, *, #8745, .F. ) ;
#155 = EDGE_CURVE ( 'NONE', #2976, #4251, #8787, .T. ) ;
#156 = CARTESIAN_POINT ( 'NONE',  ( -8.884994480000001360, 0.000000000000000000, -60.00000000000000000 ) ) ;
#157 = CARTESIAN_POINT ( 'NONE',  ( 8.384994479999999584, 8.829657554487104321, 66.06945025657125825 ) ) ;
#158 = CARTESIAN_POINT ( 'NONE',  ( 8.884994479999996031, 9.297719856768848601, 71.15838476422642600 ) ) ;
#159 = CARTESIAN_POINT ( 'NONE',  ( -9.134994480000006689, 5.499038105676666177, -8.499999999999992895 ) ) ;
#160 = VECTOR ( 'NONE', #5655, 1000.000000000000000 ) ;
#161 = DIRECTION ( 'NONE',  ( 0.7071067811865474617, -0.7071067811865474617, 0.000000000000000000 ) ) ;
#162 = EDGE_CURVE ( 'NONE', #267, #2134, #5921, .T. ) ;
#163 = EDGE_CURVE ( 'NONE', #9321, #6149, #3921, .T. ) ;
#164 = CARTESIAN_POINT ( 'NONE',  ( 8.384994479999997807, 9.697605145550888039, 64.88107319687304653 ) ) ;
#165 = ADVANCED_FACE ( 'NONE', ( #2014 ), #697, .T. ) ;
#166 = PLANE ( 'NONE',  #2123 ) ;
#167 = DIRECTION ( 'NONE',  ( -1.000000000000000000, 1.334402673828313832E-16, -0.000000000000000000 ) ) ;
#168 = ORIENTED_EDGE ( 'NONE', *, *, #9609, .F. ) ;
#169 = CARTESIAN_POINT ( 'NONE',  ( 8.384994479999999584, 9.718016929060709685, 66.20897947800146710 ) ) ;
#170 = CARTESIAN_POINT ( 'NONE',  ( 7.384994479999996031, 2.799999999999998934, -12.50000000000000178 ) ) ;
#171 = LINE ( 'NONE', #1670, #7782 ) ;
#172 = CARTESIAN_POINT ( 'NONE',  ( 8.384994479999996031, 10.29810433846293805, 87.42804607163127173 ) ) ;
#173 = ORIENTED_EDGE ( 'NONE', *, *, #1255, .F. ) ;
#174 = EDGE_CURVE ( 'NONE', #127, #9827, #8083, .T. ) ;
#175 = ORIENTED_EDGE ( 'NONE', *, *, #109, .T. ) ;
#176 = LINE ( 'NONE', #3228, #7792 ) ;
#177 = CARTESIAN_POINT ( 'NONE',  ( 8.884994479999996031, 7.754787808583531117, 84.19518946126365222 ) ) ;
#178 = ADVANCED_FACE ( 'NONE', ( #4911 ), #7977, .T. ) ;
#179 = LINE ( 'NONE', #7127, #151 ) ;
#180 = ORIENTED_EDGE ( 'NONE', *, *, #7819, .T. ) ;
#181 = PLANE ( 'NONE',  #1422 ) ;
#182 = ORIENTED_EDGE ( 'NONE', *, *, #2310, .T. ) ;
#183 = FACE_OUTER_BOUND ( 'NONE', #2664, .T. ) ;
#184 = DIRECTION ( 'NONE',  ( 0.000000000000000000, -0.000000000000000000, 1.000000000000000000 ) ) ;
#185 = FACE_OUTER_BOUND ( 'NONE', #3788, .T. ) ;
#186 = EDGE_CURVE ( 'NONE', #1112, #6832, #2761, .T. ) ;
#187 = CARTESIAN_POINT ( 'NONE',  ( 8.384994479999997807, 7.540866057995440741, 84.13203709268161390 ) ) ;
#188 = CARTESIAN_POINT ( 'NONE',  ( 8.384994479999997807, 7.749803765248294063, 70.43766380133861560 ) ) ;
#189 = EDGE_LOOP ( 'NONE', ( #813, #2624, #8484, #2935 ) ) ;
#190 = DIRECTION ( 'NONE',  ( -1.000000000000000000, 1.066210604224532462E-16, -0.000000000000000000 ) ) ;
#191 = CARTESIAN_POINT ( 'NONE',  ( 8.884994479999997807, 8.190783126300978267, 65.46744267034632969 ) ) ;
#192 = DIRECTION ( 'NONE',  ( -9.614813431917287833E-17, 0.7071067811865279218, 0.7071067811865672237 ) ) ;
#193 = VERTEX_POINT ( 'NONE', #3419 ) ;
#194 = AXIS2_PLACEMENT_3D ( 'NONE', #8755, #7134, #9462 ) ;
#195 = CARTESIAN_POINT ( 'NONE',  ( 8.884994479999997807, 10.29810433846293805, 68.72953359489767422 ) ) ;
#196 = CARTESIAN_POINT ( 'NONE',  ( 8.884994479999997807, 7.313229808146870958, 65.25476839019356134 ) ) ;
#197 = ORIENTED_EDGE ( 'NONE', *, *, #8388, .F. ) ;
#198 = CARTESIAN_POINT ( 'NONE',  ( 8.884994479999999584, 9.213008097101777594, 72.70532145803036883 ) ) ;
#199 = ORIENTED_EDGE ( 'NONE', *, *, #5365, .F. ) ;
#200 = LINE ( 'NONE', #5411, #767 ) ;
#201 = CARTESIAN_POINT ( 'NONE',  ( 8.384994479999999584, 7.581243662514359549, 72.55925823624390603 ) ) ;
#202 = CARTESIAN_POINT ( 'NONE',  ( 8.384994479999996031, 9.088929538807157371, 71.07894084950282831 ) ) ;
#203 = CARTESIAN_POINT ( 'NONE',  ( 8.884994479999996031, 10.34024066390825425, 72.14747535756841046 ) ) ;
#204 = CARTESIAN_POINT ( 'NONE',  ( 8.884994479999997807, 9.393430545289694678, 66.26905136760485959 ) ) ;
#205 = VECTOR ( 'NONE', #1149, 1000.000000000000114 ) ;
#206 = VECTOR ( 'NONE', #2875, 1000.000000000000000 ) ;
#207 = CARTESIAN_POINT ( 'NONE',  ( 8.884994480000003136, 9.699059473956483046, 64.66474550224704387 ) ) ;
#208 = PLANE ( 'NONE',  #854 ) ;
#209 = CARTESIAN_POINT ( 'NONE',  ( 8.884994479999999584, 6.726947756812507784, 65.49979053073462865 ) ) ;
#210 = ORIENTED_EDGE ( 'NONE', *, *, #8679, .F. ) ;
#211 = PLANE ( 'NONE',  #1746 ) ;
#212 = CARTESIAN_POINT ( 'NONE',  ( 8.884994479999997807, 7.301732539417800538, 64.80832011557035344 ) ) ;
#213 = CARTESIAN_POINT ( 'NONE',  ( 8.884994479999996031, 7.266989667895223270, 66.29566021051975611 ) ) ;
#214 = EDGE_CURVE ( 'NONE', #973, #3952, #4166, .T. ) ;
#215 = CARTESIAN_POINT ( 'NONE',  ( -3.384994479999995143, 1.500000000000027311, -30.00000000000000000 ) ) ;
#216 = ORIENTED_EDGE ( 'NONE', *, *, #2501, .T. ) ;
#217 = ADVANCED_FACE ( 'NONE', ( #9098 ), #2125, .T. ) ;
#218 = ORIENTED_EDGE ( 'NONE', *, *, #3612, .F. ) ;
#219 = CARTESIAN_POINT ( 'NONE',  ( 8.884994479999997807, 6.702458179608773214, 74.75108846028648202 ) ) ;
#220 = CARTESIAN_POINT ( 'NONE',  ( -17.88499448000000314, 19.19999999999999929, 12.49999999999999822 ) ) ;
#221 = CARTESIAN_POINT ( 'NONE',  ( 8.384994479999999584, 9.950928567515882506, 73.05050340799186870 ) ) ;
#222 = VECTOR ( 'NONE', #5216, 1000.000000000000000 ) ;
#223 = ORIENTED_EDGE ( 'NONE', *, *, #2482, .T. ) ;
#224 = DIRECTION ( 'NONE',  ( 1.000000000000000000, 0.000000000000000000, 0.000000000000000000 ) ) ;
#225 = ORIENTED_EDGE ( 'NONE', *, *, #3462, .F. ) ;
#226 = ADVANCED_FACE ( 'NONE', ( #768 ), #69, .T. ) ;
#227 = EDGE_CURVE ( 'NONE', #370, #6506, #5316, .T. ) ;
#228 = ADVANCED_FACE ( 'NONE', ( #2265 ), #6814, .F. ) ;
#229 = CARTESIAN_POINT ( 'NONE',  ( 8.384994479999999584, 8.269644184504846507, 64.75982140232402173 ) ) ;
#230 = EDGE_CURVE ( 'NONE', #7964, #42, #1202, .T. ) ;
#231 = CARTESIAN_POINT ( 'NONE',  ( 8.884994479999997807, 7.775677886478305822, 65.71587503547344511 ) ) ;
#232 = DIRECTION ( 'NONE',  ( 4.505775262277422587E-16, -4.804105364892761947E-32, 1.000000000000000000 ) ) ;
#233 = ADVANCED_FACE ( 'NONE', ( #3680 ), #6723, .F. ) ;
#234 = B_SPLINE_CURVE_WITH_KNOTS ( 'NONE', 3,
 ( #187, #2442, #7801, #3282, #6990, #6342, #2628 ),
 .UNSPECIFIED., .F., .F.,
 ( 4, 1, 1, 1, 4 ),
 ( 0.000000000000000000, 0.3461236093643764167, 0.6311815201042988432, 0.8475817039293762623, 1.000000000000000000 ),
 .UNSPECIFIED. ) ;
#235 = LINE ( 'NONE', #5593, #7303 ) ;
#236 = CARTESIAN_POINT ( 'NONE',  ( 8.384994480000001360, 7.304918843063679113, 70.67600562904138428 ) ) ;
#237 = ORIENTED_EDGE ( 'NONE', *, *, #7216, .T. ) ;
#238 = ORIENTED_EDGE ( 'NONE', *, *, #859, .T. ) ;
#239 = DIRECTION ( 'NONE',  ( -1.000000000000000000, -1.034421358364930004E-16, 0.000000000000000000 ) ) ;
#240 = DIRECTION ( 'NONE',  ( -1.000000000000000000, 1.334402673828313832E-16, -0.000000000000000000 ) ) ;
#241 = CARTESIAN_POINT ( 'NONE',  ( 8.884994480000026229, 18.99999999999999645, 138.0000000000000000 ) ) ;
#242 = ORIENTED_EDGE ( 'NONE', *, *, #4678, .T. ) ;
#243 = EDGE_CURVE ( 'NONE', #9806, #2519, #6071, .T. ) ;
#244 = CARTESIAN_POINT ( 'NONE',  ( 8.884994479999997807, 7.653222092886752925, 84.16643629367561630 ) ) ;
#245 = CARTESIAN_POINT ( 'NONE',  ( 8.884994479999999584, 7.341083388029538526, 65.41264101404352971 ) ) ;
#246 = VECTOR ( 'NONE', #4514, 1000.000000000000000 ) ;
#247 = ORIENTED_EDGE ( 'NONE', *, *, #888, .F. ) ;
#248 = DIRECTION ( 'NONE',  ( -1.000000000000000000, -1.034421358364930004E-16, 3.103264075094790136E-16 ) ) ;
#249 = ORIENTED_EDGE ( 'NONE', *, *, #5568, .F. ) ;
#250 = CARTESIAN_POINT ( 'NONE',  ( 8.884994480000003136, 9.338117141410487321, 72.65502911098735694 ) ) ;
#251 = VERTEX_POINT ( 'NONE', #8997 ) ;
#252 = DIRECTION ( 'NONE',  ( -1.000000000000000000, 0.000000000000000000, 0.000000000000000000 ) ) ;
#253 = CARTESIAN_POINT ( 'NONE',  ( 8.884994479999997807, 7.926238057146433924, 65.69717079454062514 ) ) ;
#254 = CARTESIAN_POINT ( 'NONE',  ( 8.384994479999996031, 9.586570522323821564, 71.41023408471599510 ) ) ;
#255 = CARTESIAN_POINT ( 'NONE',  ( 8.384994479999996031, 10.12509751003555181, 72.83270729856187131 ) ) ;
#256 = CARTESIAN_POINT ( 'NONE',  ( -9.884994480000003136, 4.199999999999998401, 8.499999999999992895 ) ) ;
#257 = VECTOR ( 'NONE', #4029, 1000.000000000000000 ) ;
#258 = CARTESIAN_POINT ( 'NONE',  ( -8.053623630101519382, 2.000000000000000444, 8.168629150101521574 ) ) ;
#259 = PLANE ( 'NONE',  #9025 ) ;
#260 = LINE ( 'NONE', #3259, #4305 ) ;
#261 = VERTEX_POINT ( 'NONE', #3015 ) ;
#262 = AXIS2_PLACEMENT_3D ( 'NONE', #4829, #8754, #4283 ) ;
#263 = CARTESIAN_POINT ( 'NONE',  ( 8.884994479999996031, 10.25995259538091098, 65.51727185793791364 ) ) ;
#264 = CARTESIAN_POINT ( 'NONE',  ( -17.88499447999999958, 2.800000000000001599, -7.700000000000001954 ) ) ;
#265 = DIRECTION ( 'NONE',  ( 1.375019570461159196E-16, 1.000000000000000000, 0.000000000000000000 ) ) ;
#266 = FACE_OUTER_BOUND ( 'NONE', #5333, .T. ) ;
#267 = VERTEX_POINT ( 'NONE', #6120 ) ;
#268 = ORIENTED_EDGE ( 'NONE', *, *, #9315, .T. ) ;
#269 = AXIS2_PLACEMENT_3D ( 'NONE', #7653, #590, #2992 ) ;
#270 = LINE ( 'NONE', #7930, #3473 ) ;
#271 = CARTESIAN_POINT ( 'NONE',  ( -3.384994479999995143, 22.00100000000000122, -30.00000000000000000 ) ) ;
#272 = VECTOR ( 'NONE', #1127, 1000.000000000000000 ) ;
#273 = LINE ( 'NONE', #5530, #1102 ) ;
#274 = EDGE_LOOP ( 'NONE', ( #1108, #5559, #2381, #4229 ) ) ;
#275 = ADVANCED_FACE ( 'NONE', ( #8292 ), #5215, .T. ) ;
#276 = FACE_OUTER_BOUND ( 'NONE', #6679, .T. ) ;
#277 = EDGE_LOOP ( 'NONE', ( #6732, #8103, #2417, #8091, #8956, #2642, #3205, #5521, #237, #1643, #2292, #6214, #6588, #9490, #6701, #7668, #1741, #2249, #6838 ) ) ;
#278 = CARTESIAN_POINT ( 'NONE',  ( 8.384994479999996031, 8.228887910425306984, 66.28424535349884650 ) ) ;
#279 = CARTESIAN_POINT ( 'NONE',  ( -17.38499448000001735, 1.168766634891989039E-15, -21.50000000000000355 ) ) ;
#280 = VECTOR ( 'NONE', #330, 1000.000000000000000 ) ;
#281 = PLANE ( 'NONE',  #2035 ) ;
#282 = EDGE_CURVE ( 'NONE', #2832, #5527, #2313, .T. ) ;
#283 = CARTESIAN_POINT ( 'NONE',  ( 8.884994479999997807, 9.422241812588204368, 68.36651162693644324 ) ) ;
#284 = ADVANCED_FACE ( 'NONE', ( #1417 ), #1516, .F. ) ;
#285 = CARTESIAN_POINT ( 'NONE',  ( 8.884994479999997807, 8.039300982259680595, 72.76887327014891582 ) ) ;
#286 = AXIS2_PLACEMENT_3D ( 'NONE', #1036, #7144, #4185 ) ;
#287 = VERTEX_POINT ( 'NONE', #9844 ) ;
#288 = VERTEX_POINT ( 'NONE', #3164 ) ;
#289 = ADVANCED_FACE ( 'NONE', ( #7775 ), #1416, .T. ) ;
#290 = CARTESIAN_POINT ( 'NONE',  ( 10.38499447999999603, 1.500000000000000000, -59.50000000000000000 ) ) ;
#291 = CARTESIAN_POINT ( 'NONE',  ( 8.884994479999997807, 10.29810433846293805, 86.87342917613494819 ) ) ;
#292 = CARTESIAN_POINT ( 'NONE',  ( 8.884994479999999584, 8.732722929470728701, 85.98514868023275426 ) ) ;
#293 = ORIENTED_EDGE ( 'NONE', *, *, #2113, .F. ) ;
#294 = CARTESIAN_POINT ( 'NONE',  ( -17.38499447999999958, 2.000000000000001776, -45.50000000000000000 ) ) ;
#295 = CARTESIAN_POINT ( 'NONE',  ( 8.384994479999999584, 6.714501005430260960, 65.28707472340786921 ) ) ;
#296 = ORIENTED_EDGE ( 'NONE', *, *, #9260, .F. ) ;
#297 = DIRECTION ( 'NONE',  ( 0.000000000000000000, 0.8422314351408967115, -0.5391161374513895321 ) ) ;
#298 = EDGE_CURVE ( 'NONE', #5045, #7423, #6314, .T. ) ;
#299 = EDGE_LOOP ( 'NONE', ( #4682, #6150, #9546, #5072 ) ) ;
#300 = VECTOR ( 'NONE', #672, 1000.000000000000000 ) ;
#301 = CARTESIAN_POINT ( 'NONE',  ( 8.384994479999997807, 9.352003843768152080, 66.26764953162282268 ) ) ;
#302 = ORIENTED_EDGE ( 'NONE', *, *, #7215, .F. ) ;
#303 = AXIS2_PLACEMENT_3D ( 'NONE', #4276, #7327, #5075 ) ;
#304 = DIRECTION ( 'NONE',  ( 0.000000000000000000, -0.7279608954991630965, -0.6856186510182293858 ) ) ;
#305 = CC_DESIGN_PERSON_AND_ORGANIZATION_ASSIGNMENT ( #6403, #6445, ( #7971 ) ) ;
#306 = CARTESIAN_POINT ( 'NONE',  ( 5.384994479999996919, 19.00000000000000000, -12.49999999999999645 ) ) ;
#307 = CARTESIAN_POINT ( 'NONE',  ( 8.884994479999999584, 9.529053669163133122, 71.33835457805648161 ) ) ;
#308 = B_SPLINE_SURFACE_WITH_KNOTS ( 'NONE', 3, 1, ( 
 ( #5103, #398 ),
 ( #1097, #6562 ),
 ( #3455, #2697 ),
 ( #4155, #9682 ),
 ( #6417, #4252 ),
 ( #5850, #8929 ),
 ( #7211, #2049 ),
 ( #1898, #2749 ),
 ( #9480, #3402 ),
 ( #9526, #8879 ),
 ( #2647, #5757 ),
 ( #4953, #9633 ),
 ( #1148, #8832 ),
 ( #5000, #8067 ),
 ( #7304, #3513 ),
 ( #9138, #8325 ),
 ( #7556, #4402 ),
 ( #1298, #3663 ),
 ( #9830, #5151 ) ),
 .UNSPECIFIED., .F., .F., .F.,
 ( 4, 1, 1, 1, 1, 1, 1, 1, 1, 1, 1, 1, 1, 1, 1, 1, 4 ),
 ( 2, 2 ),
 ( 0.000000000000000000, 0.06704074835228489293, 0.1325568062303840999, 0.1957802642803788962, 0.2582166453742088530, 0.3188681249130387863, 0.3794776946887660762, 0.4400872644644964193, 0.5007387440033290726, 0.5617853304390167946, 0.6219189650290896099, 0.6826734838939141348, 0.7435758163726668979, 0.8054461261157271901, 0.8689749164301635576, 0.9336774142995790671, 1.000000000000000000 ),
 ( 0.000000000000000000, 1.000000000000000000 ),
 .UNSPECIFIED. ) ;
#309 = DIRECTION ( 'NONE',  ( -0.7071067811865475727, -0.7071067811865475727, 0.000000000000000000 ) ) ;
#310 = AXIS2_PLACEMENT_3D ( 'NONE', #2012, #6622, #1158 ) ;
#311 = CARTESIAN_POINT ( 'NONE',  ( 8.384994479999999584, 7.341083388029538526, 65.41264101404352971 ) ) ;
#312 = DIRECTION ( 'NONE',  ( 0.000000000000000000, 0.000000000000000000, -1.000000000000000000 ) ) ;
#313 = DIRECTION ( 'NONE',  ( 4.605861719268250263E-18, -1.000000000000000000, -6.842277657836020854E-49 ) ) ;
#314 = VECTOR ( 'NONE', #8120, 999.9999999999998863 ) ;
#315 = ORIENTED_EDGE ( 'NONE', *, *, #5319, .T. ) ;
#316 = VECTOR ( 'NONE', #7866, 1000.000000000000000 ) ;
#317 = DIRECTION ( 'NONE',  ( 1.000000000000000000, -1.066210604224532462E-16, 0.000000000000000000 ) ) ;
#318 = DIRECTION ( 'NONE',  ( -1.000000000000000000, 1.334402673828313832E-16, -0.000000000000000000 ) ) ;
#319 = FACE_OUTER_BOUND ( 'NONE', #4826, .T. ) ;
#320 = ORIENTED_EDGE ( 'NONE', *, *, #9688, .F. ) ;
#321 = AXIS2_PLACEMENT_3D ( 'NONE', #8626, #9429, #3398 ) ;
#322 = DIRECTION ( 'NONE',  ( -0.7071067811865444641, -0.7071067811865505703, -0.000000000000000000 ) ) ;
#323 = ORIENTED_EDGE ( 'NONE', *, *, #4522, .T. ) ;
#324 = PLANE ( 'NONE',  #7985 ) ;
#325 = VERTEX_POINT ( 'NONE', #8585 ) ;
#326 = CARTESIAN_POINT ( 'NONE',  ( 8.884994479999997807, 6.703666272657642367, 71.90733464034329359 ) ) ;
#327 = ORIENTED_EDGE ( 'NONE', *, *, #4693, .F. ) ;
#328 = LINE ( 'NONE', #6536, #5859 ) ;
#329 = DIRECTION ( 'NONE',  ( -1.192622389734055124E-16, 1.271586638770052825E-32, 1.000000000000000000 ) ) ;
#330 = DIRECTION ( 'NONE',  ( -0.000000000000000000, -0.000000000000000000, 1.000000000000000000 ) ) ;
#331 = FACE_OUTER_BOUND ( 'NONE', #3342, .T. ) ;
#332 = PLANE ( 'NONE',  #1536 ) ;
#333 = EDGE_LOOP ( 'NONE', ( #8925, #7808, #216, #4349 ) ) ;
#334 = EDGE_LOOP ( 'NONE', ( #9042, #1374, #3611, #3298 ) ) ;
#335 = DATE_AND_TIME ( #1786, #7001 ) ;
#336 = CARTESIAN_POINT ( 'NONE',  ( -17.88499448000000669, 1.500000000000029310, -59.50000000000002842 ) ) ;
#337 = CARTESIAN_POINT ( 'NONE',  ( -17.88499447999999248, 1.301042606982605321E-15, 137.4999999999999716 ) ) ;
#338 = ORIENTED_EDGE ( 'NONE', *, *, #1887, .F. ) ;
#339 = LINE ( 'NONE', #390, #1113 ) ;
#340 = CARTESIAN_POINT ( 'NONE',  ( 8.884994479999997807, 6.702458179608773214, 74.05961804512222102 ) ) ;
#341 = ADVANCED_FACE ( 'NONE', ( #4011 ), #8088, .F. ) ;
#342 = EDGE_CURVE ( 'NONE', #9603, #1896, #2358, .T. ) ;
#343 = EDGE_CURVE ( 'NONE', #7179, #9709, #4709, .T. ) ;
#344 = ORIENTED_EDGE ( 'NONE', *, *, #3619, .T. ) ;
#345 = DIRECTION ( 'NONE',  ( -1.000000000000000000, 1.066210604224532462E-16, 0.000000000000000000 ) ) ;
#346 = ORIENTED_EDGE ( 'NONE', *, *, #618, .F. ) ;
#347 = AXIS2_PLACEMENT_3D ( 'NONE', #841, #4588, #184 ) ;
#348 = CARTESIAN_POINT ( 'NONE',  ( 5.884994479999996031, 22.00000000000000000, -60.00000000000000000 ) ) ;
#349 = EDGE_LOOP ( 'NONE', ( #7899, #9760, #2193, #1588, #5081, #4884, #2813, #835 ) ) ;
#350 = LINE ( 'NONE', #4201, #8462 ) ;
#351 = CARTESIAN_POINT ( 'NONE',  ( 8.884994479999997807, 8.250453602229173455, 65.22286099598592557 ) ) ;
#352 = CARTESIAN_POINT ( 'NONE',  ( 8.384994480000001360, 7.319517435441284192, 73.24750477250874781 ) ) ;
#353 = EDGE_CURVE ( 'NONE', #2264, #9827, #7058, .T. ) ;
#354 = EDGE_CURVE ( 'NONE', #4646, #3185, #7433, .T. ) ;
#355 = CARTESIAN_POINT ( 'NONE',  ( -12.88499447999999781, 0.6999999999999988454, -8.500000000000000000 ) ) ;
#356 = B_SPLINE_CURVE_WITH_KNOTS ( 'NONE', 3,
 ( #4477, #8149, #2972, #679, #9706 ),
 .UNSPECIFIED., .F., .F.,
 ( 4, 1, 4 ),
 ( 0.000000000000000000, 0.4976074407767995811, 1.000000000000000000 ),
 .UNSPECIFIED. ) ;
#357 = ADVANCED_FACE ( 'NONE', ( #1614 ), #5469, .T. ) ;
#358 = CARTESIAN_POINT ( 'NONE',  ( 8.384994479999997807, 7.775677886478305822, 65.71587503547344511 ) ) ;
#359 = LINE ( 'NONE', #4359, #1862 ) ;
#360 = LINE ( 'NONE', #1206, #1005 ) ;
#361 = CARTESIAN_POINT ( 'NONE',  ( -7.584994479999998873, 2.000000000000000888, -7.700000000000001954 ) ) ;
#362 = ORIENTED_EDGE ( 'NONE', *, *, #3348, .T. ) ;
#363 = CARTESIAN_POINT ( 'NONE',  ( 8.384994480000003136, 9.696247765966765186, 64.96943475594083850 ) ) ;
#364 = DIRECTION ( 'NONE',  ( -0.000000000000000000, 0.000000000000000000, 1.000000000000000000 ) ) ;
#365 = CARTESIAN_POINT ( 'NONE',  ( 8.884994480000001360, 9.094128112734543024, 70.38617134842061773 ) ) ;
#366 = VERTEX_POINT ( 'NONE', #1662 ) ;
#367 = VECTOR ( 'NONE', #8279, 1000.000000000000000 ) ;
#368 = VECTOR ( 'NONE', #9558, 1000.000000000000000 ) ;
#369 = VERTEX_POINT ( 'NONE', #4756 ) ;
#370 = VERTEX_POINT ( 'NONE', #7821 ) ;
#371 = CARTESIAN_POINT ( 'NONE',  ( 8.384994479999997807, 8.544938723348547427, 71.01714821839945557 ) ) ;
#372 = ORIENTED_EDGE ( 'NONE', *, *, #7925, .T. ) ;
#373 = LINE ( 'NONE', #3484, #7338 ) ;
#374 = ORIENTED_EDGE ( 'NONE', *, *, #1030, .F. ) ;
#375 = VECTOR ( 'NONE', #4557, 1000.000000000000000 ) ;
#376 = CARTESIAN_POINT ( 'NONE',  ( -17.88499448000000314, -1.000000000000002220, 12.49999999999999822 ) ) ;
#377 = VERTEX_POINT ( 'NONE', #2505 ) ;
#378 = CARTESIAN_POINT ( 'NONE',  ( 8.384994479999996031, 8.102965408015757376, 66.34478814701387250 ) ) ;
#379 = CARTESIAN_POINT ( 'NONE',  ( -7.384994479999980044, 1.499999999999970468, 86.00000000000001421 ) ) ;
#380 = DIRECTION ( 'NONE',  ( 0.7071067811865472397, -7.539247484201728080E-17, -0.7071067811865479058 ) ) ;
#381 = VECTOR ( 'NONE', #8895, 1000.000000000000000 ) ;
#382 = CARTESIAN_POINT ( 'NONE',  ( -7.384994479999980044, 22.00100000000000122, 86.00000000000001421 ) ) ;
#383 = DIRECTION ( 'NONE',  ( 3.932458693654390024E-14, 0.7071067811865279218, 0.7071067811865672237 ) ) ;
#384 = VERTEX_POINT ( 'NONE', #6749 ) ;
#385 = ORIENTED_EDGE ( 'NONE', *, *, #3559, .T. ) ;
#386 = MECHANICAL_CONTEXT ( 'NONE', #2427, 'mechanical' ) ;
#387 = FACE_OUTER_BOUND ( 'NONE', #7300, .T. ) ;
#388 = FACE_OUTER_BOUND ( 'NONE', #95, .T. ) ;
#389 = EDGE_LOOP ( 'NONE', ( #8110, #2039, #8267, #3511 ) ) ;
#390 = CARTESIAN_POINT ( 'NONE',  ( -3.384994479999965833, 0.5000000000000004441, -45.00000000000000000 ) ) ;
#391 = CARTESIAN_POINT ( 'NONE',  ( 8.384994479999997807, 10.29810433846293805, 77.21733294103901812 ) ) ;
#392 = ORIENTED_EDGE ( 'NONE', *, *, #8201, .F. ) ;
#393 = VERTEX_POINT ( 'NONE', #94 ) ;
#394 = CARTESIAN_POINT ( 'NONE',  ( 8.384994479999996031, 2.999999999999999112, -59.50000000000000000 ) ) ;
#395 = ORIENTED_EDGE ( 'NONE', *, *, #9326, .T. ) ;
#396 = LINE ( 'NONE', #9679, #4145 ) ;
#397 = ORIENTED_EDGE ( 'NONE', *, *, #3722, .T. ) ;
#398 = CARTESIAN_POINT ( 'NONE',  ( 8.384994479999996031, 8.613365483182510829, 65.78214095026002894 ) ) ;
#399 = CARTESIAN_POINT ( 'NONE',  ( 7.384994479999996031, 1.999999999999999112, -22.00000000000000711 ) ) ;
#400 = LINE ( 'NONE', #452, #5 ) ;
#401 = ADVANCED_FACE ( 'NONE', ( #3145 ), #6202, .T. ) ;
#402 = DIRECTION ( 'NONE',  ( 0.000000000000000000, 1.000000000000000000, 0.000000000000000000 ) ) ;
#403 = AXIS2_PLACEMENT_3D ( 'NONE', #6866, #7574, #717 ) ;
#404 = EDGE_CURVE ( 'NONE', #4243, #5024, #6898, .T. ) ;
#405 = EDGE_CURVE ( 'NONE', #3980, #17, #3101, .T. ) ;
#406 = CARTESIAN_POINT ( 'NONE',  ( -3.384994479999996031, 1.500000000000025535, -30.00000000000000000 ) ) ;
#407 = EDGE_CURVE ( 'NONE', #3673, #9713, #4492, .T. ) ;
#408 = AXIS2_PLACEMENT_3D ( 'NONE', #4339, #5135, #6491 ) ;
#409 = CARTESIAN_POINT ( 'NONE',  ( -8.884994479999974715, 6.620384183831123245E-32, 20.99999999999993605 ) ) ;
#410 = DIRECTION ( 'NONE',  ( -0.8660254037844381525, 0.5000000000000006661, 0.000000000000000000 ) ) ;
#411 = LINE ( 'NONE', #9589, #2863 ) ;
#412 = VERTEX_POINT ( 'NONE', #1597 ) ;
#413 = ADVANCED_FACE ( 'NONE', ( #8269 ), #2997, .T. ) ;
#414 = CARTESIAN_POINT ( 'NONE',  ( 8.384994479999997807, 7.307430257686541530, 65.14253610907921654 ) ) ;
#415 = CARTESIAN_POINT ( 'NONE',  ( 8.884994479999997807, 7.532222677805888722, 67.67864262018449040 ) ) ;
#416 = DIRECTION ( 'NONE',  ( 1.334402673828313832E-16, 1.000000000000000000, 0.000000000000000000 ) ) ;
#417 = AXIS2_PLACEMENT_3D ( 'NONE', #271, #7841, #6239 ) ;
#418 = ORIENTED_EDGE ( 'NONE', *, *, #7573, .F. ) ;
#419 = CARTESIAN_POINT ( 'NONE',  ( -17.88499447999999958, 0.5000000000000003331, -45.49999999999997158 ) ) ;
#420 = EDGE_CURVE ( 'NONE', #5949, #5348, #3052, .T. ) ;
#421 = AXIS2_PLACEMENT_3D ( 'NONE', #3188, #5534, #1637 ) ;
#422 = FACE_OUTER_BOUND ( 'NONE', #2118, .T. ) ;
#423 = ORIENTED_EDGE ( 'NONE', *, *, #4087, .T. ) ;
#424 = CARTESIAN_POINT ( 'NONE',  ( -8.384994479999999584, 2.800000000000000711, -8.500000000000001776 ) ) ;
#425 = EDGE_LOOP ( 'NONE', ( #1159, #8873, #8526, #7311 ) ) ;
#426 = LINE ( 'NONE', #2722, #9082 ) ;
#427 = CARTESIAN_POINT ( 'NONE',  ( 8.884994479999997807, 7.414226814331881243, 65.55299514192391541 ) ) ;
#428 = CARTESIAN_POINT ( 'NONE',  ( 8.267282045553216108, 19.47071079408716798, -8.117712434446787029 ) ) ;
#429 = ORIENTED_EDGE ( 'NONE', *, *, #6553, .F. ) ;
#430 = VECTOR ( 'NONE', #8482, 1000.000000000000000 ) ;
#431 = AXIS2_PLACEMENT_3D ( 'NONE', #382, #432, #5831 ) ;
#432 = DIRECTION ( 'NONE',  ( 0.7071067811865279218, 3.256836054902020029E-18, -0.7071067811865672237 ) ) ;
#433 = PLANE ( 'NONE',  #6009 ) ;
#434 = ORIENTED_EDGE ( 'NONE', *, *, #5193, .T. ) ;
#435 = CARTESIAN_POINT ( 'NONE',  ( 7.584994479999997985, 18.99999999999999645, 12.49999999999999822 ) ) ;
#436 = ORIENTED_EDGE ( 'NONE', *, *, #6289, .T. ) ;
#437 = VECTOR ( 'NONE', #8287, 1000.000000000000000 ) ;
#438 = PERSON_AND_ORGANIZATION_ROLE ( 'creator' ) ;
#439 = CARTESIAN_POINT ( 'NONE',  ( 8.384994479999997807, 10.29810433846293805, 67.99700712383304335 ) ) ;
#440 = CARTESIAN_POINT ( 'NONE',  ( 7.384994479999996031, 18.99999999999999645, 138.0000000000000000 ) ) ;
#441 = ORIENTED_EDGE ( 'NONE', *, *, #7642, .T. ) ;
#442 = DIRECTION ( 'NONE',  ( 1.000000000000000000, 1.224646799147332746E-16, 0.000000000000000000 ) ) ;
#443 = CARTESIAN_POINT ( 'NONE',  ( 8.884994479999999584, 7.466786510430519996, 65.61061784832044452 ) ) ;
#444 = VERTEX_POINT ( 'NONE', #4448 ) ;
#445 = AXIS2_PLACEMENT_3D ( 'NONE', #9579, #450, #2596 ) ;
#446 = DIRECTION ( 'NONE',  ( 4.505775262277422587E-16, 1.044946112423809267E-33, 1.000000000000000000 ) ) ;
#447 = EDGE_LOOP ( 'NONE', ( #4770, #51, #7097, #118 ) ) ;
#448 = LINE ( 'NONE', #3355, #9758 ) ;
#449 = ORIENTED_EDGE ( 'NONE', *, *, #8094, .T. ) ;
#450 = DIRECTION ( 'NONE',  ( 0.000000000000000000, 0.000000000000000000, 1.000000000000000000 ) ) ;
#451 = CARTESIAN_POINT ( 'NONE',  ( 8.884994479999996031, 8.269363879574960663, 64.83905912195420740 ) ) ;
#452 = CARTESIAN_POINT ( 'NONE',  ( 8.384994479999997807, 7.532222677805888722, 69.05870232378316587 ) ) ;
#453 = CARTESIAN_POINT ( 'NONE',  ( 8.384994479999999584, 10.20898060307301414, 65.70164973390654950 ) ) ;
#454 = APPROVAL_PERSON_ORGANIZATION ( #2783, #7527, #5837 ) ;
#455 = DIRECTION ( 'NONE',  ( 0.000000000000000000, 0.000000000000000000, 1.000000000000000000 ) ) ;
#456 = VECTOR ( 'NONE', #1904, 1000.000000000000000 ) ;
#457 = EDGE_CURVE ( 'NONE', #2284, #366, #7164, .T. ) ;
#458 = LINE ( 'NONE', #3520, #1733 ) ;
#459 = ORIENTED_EDGE ( 'NONE', *, *, #5613, .T. ) ;
#460 = DIRECTION ( 'NONE',  ( 0.000000000000000000, -0.8422314351408967115, 0.5391161374513895321 ) ) ;
#461 = CARTESIAN_POINT ( 'NONE',  ( 8.384994479999997807, 9.262339279081469812, 86.73657565646701073 ) ) ;
#462 = CARTESIAN_POINT ( 'NONE',  ( 8.384994479999996031, 9.448129211150888551, 72.58635315038070246 ) ) ;
#463 = EDGE_LOOP ( 'NONE', ( #6493, #6799, #7768, #6426 ) ) ;
#464 = CARTESIAN_POINT ( 'NONE',  ( 8.384994479999997807, 7.310011658605289675, 65.20330410808324473 ) ) ;
#465 = FACE_OUTER_BOUND ( 'NONE', #9852, .T. ) ;
#466 = AXIS2_PLACEMENT_3D ( 'NONE', #8065, #3510, #6560 ) ;
#467 = LINE ( 'NONE', #6576, #381 ) ;
#468 = EDGE_CURVE ( 'NONE', #2587, #2616, #6798, .T. ) ;
#469 = ADVANCED_FACE ( 'NONE', ( #6050 ), #1396, .F. ) ;
#470 = EDGE_CURVE ( 'NONE', #940, #7837, #7500, .T. ) ;
#471 = EDGE_LOOP ( 'NONE', ( #2075, #140, #519, #6859 ) ) ;
#472 = EDGE_CURVE ( 'NONE', #6543, #104, #2621, .T. ) ;
#473 = ORIENTED_EDGE ( 'NONE', *, *, #4458, .T. ) ;
#474 = AXIS2_PLACEMENT_3D ( 'NONE', #3025, #7532, #5278 ) ;
#475 = CARTESIAN_POINT ( 'NONE',  ( -17.88499447999999248, 0.5000000000000281997, 138.0000000000000000 ) ) ;
#476 = VECTOR ( 'NONE', #9095, 1000.000000000000000 ) ;
#477 = DIRECTION ( 'NONE',  ( -1.000000000000000000, -2.319126125024811375E-18, 6.938893903907230350E-16 ) ) ;
#478 = ORIENTED_EDGE ( 'NONE', *, *, #6844, .F. ) ;
#479 = CARTESIAN_POINT ( 'NONE',  ( 8.384994479999997807, 8.921390647613510083, 65.33167086600727202 ) ) ;
#480 = ORIENTED_EDGE ( 'NONE', *, *, #4510, .T. ) ;
#481 = CARTESIAN_POINT ( 'NONE',  ( 8.884994480000001360, 4.121084563853848997E-17, -59.50000000000000000 ) ) ;
#482 = CARTESIAN_POINT ( 'NONE',  ( 9.884994479999997807, 22.00000000000000000, -60.00000000000000000 ) ) ;
#483 = CARTESIAN_POINT ( 'NONE',  ( 8.205534950894499246, 19.58644787619948957, -8.218569558679819309 ) ) ;
#484 = CIRCLE ( 'NONE', #8651, 0.8000000000000003775 ) ;
#485 = VECTOR ( 'NONE', #3827, 1000.000000000000000 ) ;
#486 = VERTEX_POINT ( 'NONE', #5347 ) ;
#487 = EDGE_CURVE ( 'NONE', #3103, #9091, #6809, .T. ) ;
#488 = FACE_OUTER_BOUND ( 'NONE', #2332, .T. ) ;
#489 = CARTESIAN_POINT ( 'NONE',  ( -3.384994480000092398, 1.499999999999941824, 33.49999999999998579 ) ) ;
#490 = DIRECTION ( 'NONE',  ( 0.7071067811865474617, -0.7071067811865474617, 0.000000000000000000 ) ) ;
#491 = ORIENTED_EDGE ( 'NONE', *, *, #4139, .T. ) ;
#492 = DIRECTION ( 'NONE',  ( -0.7071067811865300312, 0.7071067811865651143, -8.433113791758351916E-17 ) ) ;
#493 = CARTESIAN_POINT ( 'NONE',  ( 8.884994479999997807, 9.262339279081469812, 86.73657565646701073 ) ) ;
#494 = ORIENTED_EDGE ( 'NONE', *, *, #8255, .F. ) ;
#495 = DIRECTION ( 'NONE',  ( -0.7071067811865462405, -0.7071067811865489050, 0.000000000000000000 ) ) ;
#496 = CARTESIAN_POINT ( 'NONE',  ( 8.884994479999997807, 7.745061124173444611, 65.71482149197447598 ) ) ;
#497 = EDGE_CURVE ( 'NONE', #1380, #3158, #2443, .T. ) ;
#498 = ORIENTED_EDGE ( 'NONE', *, *, #6473, .F. ) ;
#499 = FACE_OUTER_BOUND ( 'NONE', #7403, .T. ) ;
#500 = ORIENTED_EDGE ( 'NONE', *, *, #8885, .T. ) ;
#501 = CARTESIAN_POINT ( 'NONE',  ( 8.384994479999999584, 8.829657554487104321, 66.06945025657125825 ) ) ;
#502 = VERTEX_POINT ( 'NONE', #986 ) ;
#503 = DIRECTION ( 'NONE',  ( -1.000000000000000000, 1.334402673828313832E-16, -0.000000000000000000 ) ) ;
#504 = CARTESIAN_POINT ( 'NONE',  ( 8.884994479999997807, 7.340414182464172654, 71.65252207121781680 ) ) ;
#505 = CARTESIAN_POINT ( 'NONE',  ( -2.884994480000013795, 1.499999999999941602, 73.49999999999998579 ) ) ;
#506 = DIRECTION ( 'NONE',  ( 0.000000000000000000, -0.000000000000000000, -1.000000000000000000 ) ) ;
#507 = DIRECTION ( 'NONE',  ( -4.605861719268250263E-18, 1.000000000000000000, 0.000000000000000000 ) ) ;
#508 = CARTESIAN_POINT ( 'NONE',  ( 7.584994479999997097, 18.99999999999999645, -13.30000000000000249 ) ) ;
#509 = ORIENTED_EDGE ( 'NONE', *, *, #9017, .F. ) ;
#510 = CARTESIAN_POINT ( 'NONE',  ( 8.384994479999997807, 8.871655328664019180, 64.96103357319017846 ) ) ;
#511 = DIRECTION ( 'NONE',  ( 1.156482317317871478E-16, 0.000000000000000000, -1.000000000000000000 ) ) ;
#512 = LINE ( 'NONE', #8028, #3343 ) ;
#513 = ORIENTED_EDGE ( 'NONE', *, *, #5122, .F. ) ;
#514 = CARTESIAN_POINT ( 'NONE',  ( 8.384994479999997807, 7.322320790385826506, 65.32116996085945004 ) ) ;
#515 = CARTESIAN_POINT ( 'NONE',  ( 7.384994479999996031, 2.999999999999999112, 138.0000000000000000 ) ) ;
#516 = CARTESIAN_POINT ( 'NONE',  ( 8.884994479999997807, 6.702458179608773214, 66.63783558902578363 ) ) ;
#517 = CARTESIAN_POINT ( 'NONE',  ( 7.384994479999996031, 2.799999999999998934, 8.499999999999998224 ) ) ;
#518 = CARTESIAN_POINT ( 'NONE',  ( 8.884994479999997807, 9.672930924439858913, 65.28058124450016919 ) ) ;
#519 = ORIENTED_EDGE ( 'NONE', *, *, #6770, .T. ) ;
#520 = ADVANCED_FACE ( 'NONE', ( #5594 ), #5499, .T. ) ;
#521 = CARTESIAN_POINT ( 'NONE',  ( 8.384994480000001360, 7.304918843063679113, 70.67600562904138428 ) ) ;
#522 = ORIENTED_EDGE ( 'NONE', *, *, #1524, .F. ) ;
#523 = CARTESIAN_POINT ( 'NONE',  ( 8.384994479999997807, 18.99999999999999645, -60.00000000000000000 ) ) ;
#524 = CARTESIAN_POINT ( 'NONE',  ( -2.884994480000013795, 1.391475675014884360E-17, 74.00000000000004263 ) ) ;
#525 = EDGE_CURVE ( 'NONE', #6448, #3125, #6398, .T. ) ;
#526 = TOROIDAL_SURFACE ( 'NONE', #5004, 0.2000000000000012879, 0.8000000000000000444 ) ;
#527 = DIRECTION ( 'NONE',  ( -0.2810846377148269459, 0.6785983445458456664, 0.6785983445458456664 ) ) ;
#528 = CARTESIAN_POINT ( 'NONE',  ( 8.884994479999997807, 7.302349909712243736, 71.96241407702348170 ) ) ;
#529 = DIRECTION ( 'NONE',  ( 0.000000000000000000, 0.000000000000000000, -1.000000000000000000 ) ) ;
#530 = VECTOR ( 'NONE', #312, 1000.000000000000000 ) ;
#531 = EDGE_CURVE ( 'NONE', #1369, #6116, #7752, .T. ) ;
#532 = DIRECTION ( 'NONE',  ( 1.000000000000000000, 0.000000000000000000, 0.000000000000000000 ) ) ;
#533 = VERTEX_POINT ( 'NONE', #4089 ) ;
#534 = EDGE_CURVE ( 'NONE', #8516, #6111, #4785, .T. ) ;
#535 = CARTESIAN_POINT ( 'NONE',  ( 8.384994479999997807, 7.411921210749424560, 71.48524101343147663 ) ) ;
#536 = LINE ( 'NONE', #9923, #4609 ) ;
#537 = ORIENTED_EDGE ( 'NONE', *, *, #5501, .T. ) ;
#538 = DIRECTION ( 'NONE',  ( 0.7071067811865279218, -0.7071067811865671127, -3.186064242458872512E-16 ) ) ;
#539 = ADVANCED_FACE ( 'NONE', ( #7191 ), #332, .F. ) ;
#540 = CARTESIAN_POINT ( 'NONE',  ( -7.634994480000049322, 1.499999999999970024, 73.75000000000004263 ) ) ;
#541 = VECTOR ( 'NONE', #1758, 1000.000000000000000 ) ;
#542 = ORIENTED_EDGE ( 'NONE', *, *, #7832, .F. ) ;
#543 = PLANE ( 'NONE',  #4320 ) ;
#544 = ORIENTED_EDGE ( 'NONE', *, *, #1631, .T. ) ;
#545 = VERTEX_POINT ( 'NONE', #8715 ) ;
#546 = EDGE_CURVE ( 'NONE', #287, #675, #2401, .T. ) ;
#547 = ORIENTED_EDGE ( 'NONE', *, *, #3789, .T. ) ;
#548 = PLANE ( 'NONE',  #5880 ) ;
#549 = LINE ( 'NONE', #2200, #7888 ) ;
#550 = CARTESIAN_POINT ( 'NONE',  ( 8.384994479999996031, 2.999999999999999112, -60.00000000000000000 ) ) ;
#551 = DIRECTION ( 'NONE',  ( 0.7071067811865479058, -0.7071067811865472397, 0.000000000000000000 ) ) ;
#552 = EDGE_CURVE ( 'NONE', #8298, #3880, #8665, .T. ) ;
#553 = CARTESIAN_POINT ( 'NONE',  ( 8.884994479999997807, 9.261963496222413994, 65.57625237700732157 ) ) ;
#554 = ORIENTED_EDGE ( 'NONE', *, *, #1577, .F. ) ;
#555 = CARTESIAN_POINT ( 'NONE',  ( 8.384994479999997807, 8.131497037614915158, 67.89544740660578270 ) ) ;
#556 = EDGE_CURVE ( 'NONE', #75, #3233, #8906, .T. ) ;
#557 = ORIENTED_EDGE ( 'NONE', *, *, #4807, .T. ) ;
#558 = ORIENTED_EDGE ( 'NONE', *, *, #5810, .T. ) ;
#559 = DIRECTION ( 'NONE',  ( -1.000000000000000000, -2.319126125024811375E-18, 6.938893903907230350E-16 ) ) ;
#560 = CARTESIAN_POINT ( 'NONE',  ( 8.384994479999997807, 8.871655328664019180, 64.96103357319017846 ) ) ;
#561 = DIRECTION ( 'NONE',  ( 0.000000000000000000, 0.000000000000000000, 1.000000000000000000 ) ) ;
#562 = VERTEX_POINT ( 'NONE', #5088 ) ;
#563 = VECTOR ( 'NONE', #8320, 1000.000000000000000 ) ;
#564 = CARTESIAN_POINT ( 'NONE',  ( 7.384994479999994255, 1.500000000000025535, -60.00000000000000000 ) ) ;
#565 = FACE_OUTER_BOUND ( 'NONE', #2536, .T. ) ;
#566 = CARTESIAN_POINT ( 'NONE',  ( -9.134994480000006689, 5.499038105676666177, -8.499999999999992895 ) ) ;
#567 = LINE ( 'NONE', #9002, #8497 ) ;
#568 = AXIS2_PLACEMENT_3D ( 'NONE', #7388, #581, #1285 ) ;
#569 = ORIENTED_EDGE ( 'NONE', *, *, #7955, .F. ) ;
#570 = DIRECTION ( 'NONE',  ( 0.000000000000000000, 0.9392447055018732227, 0.3432482821321896638 ) ) ;
#571 = CARTESIAN_POINT ( 'NONE',  ( 7.584994479999995320, -1.000000000000005107, -12.50000000000000178 ) ) ;
#572 = ORIENTED_EDGE ( 'NONE', *, *, #4757, .F. ) ;
#573 = CARTESIAN_POINT ( 'NONE',  ( 8.884994479999996031, 7.920121641783871347, 70.38709208335627920 ) ) ;
#574 = ORIENTED_EDGE ( 'NONE', *, *, #2599, .F. ) ;
#575 = CARTESIAN_POINT ( 'NONE',  ( -8.384994479999999584, 0.5000000000000000000, -8.500000000000001776 ) ) ;
#576 = DIRECTION ( 'NONE',  ( -1.084202172485504804E-16, -1.000000000000000000, 0.000000000000000000 ) ) ;
#577 = CARTESIAN_POINT ( 'NONE',  ( 7.384994479999996031, 2.999999999999999112, -13.30000000000000604 ) ) ;
#578 = EDGE_LOOP ( 'NONE', ( #731, #3478, #1523, #3468 ) ) ;
#579 = VECTOR ( 'NONE', #9448, 1000.000000000000000 ) ;
#580 = CARTESIAN_POINT ( 'NONE',  ( -8.384994480000059980, 1.499999999999944933, 21.49999999999999289 ) ) ;
#581 = DIRECTION ( 'NONE',  ( -1.639869809431970524E-18, 0.7071067811865671127, -0.7071067811865279218 ) ) ;
#582 = ADVANCED_FACE ( 'NONE', ( #3495 ), #2830, .T. ) ;
#583 = CARTESIAN_POINT ( 'NONE',  ( 8.002706914446779507, 22.00000000000000000, -8.382287565553223629 ) ) ;
#584 = VERTEX_POINT ( 'NONE', #3596 ) ;
#585 = LINE ( 'NONE', #5838, #6384 ) ;
#586 = CARTESIAN_POINT ( 'NONE',  ( -2.884994479999992922, 22.00100000000000122, -44.50000000000000000 ) ) ;
#587 = ORIENTED_EDGE ( 'NONE', *, *, #1458, .T. ) ;
#588 = CARTESIAN_POINT ( 'NONE',  ( 8.884994479999999584, 8.269644184504846507, 64.75982140232402173 ) ) ;
#589 = CARTESIAN_POINT ( 'NONE',  ( -2.884994480000013795, 0.5000000000000280886, 86.50000000000002842 ) ) ;
#590 = DIRECTION ( 'NONE',  ( -0.7071067811865281438, -0.7071067811865670016, -8.433113791758328497E-17 ) ) ;
#591 = VECTOR ( 'NONE', #2130, 1000.000000000000000 ) ;
#592 = VERTEX_POINT ( 'NONE', #8156 ) ;
#593 = EDGE_CURVE ( 'NONE', #9649, #5713, #2681, .T. ) ;
#594 = ADVANCED_FACE ( 'NONE', ( #5884 ), #7437, .F. ) ;
#595 = CARTESIAN_POINT ( 'NONE',  ( 8.384994479999997807, 9.167319559432833387, 86.64297737148291390 ) ) ;
#596 = ADVANCED_FACE ( 'NONE', ( #8856 ), #6638, .T. ) ;
#597 = VECTOR ( 'NONE', #8129, 1000.000000000000000 ) ;
#598 = ORIENTED_EDGE ( 'NONE', *, *, #119, .F. ) ;
#599 = ORIENTED_EDGE ( 'NONE', *, *, #1198, .F. ) ;
#600 = CARTESIAN_POINT ( 'NONE',  ( -17.38499448000002801, -1.971257206271094368E-17, -45.49999999999997158 ) ) ;
#601 = CARTESIAN_POINT ( 'NONE',  ( 8.884994479999997807, 8.544938723348547427, 71.01714821839945557 ) ) ;
#602 = LINE ( 'NONE', #8327, #5910 ) ;
#603 = CARTESIAN_POINT ( 'NONE',  ( -8.884994480000001360, 0.000000000000000000, 12.49999999999999645 ) ) ;
#604 = CARTESIAN_POINT ( 'NONE',  ( 8.884994479999997807, 8.131497037614915158, 68.83901641063201282 ) ) ;
#605 = AXIS2_PLACEMENT_3D ( 'NONE', #1175, #5636, #4977 ) ;
#606 = EDGE_CURVE ( 'NONE', #8312, #2551, #5737, .T. ) ;
#607 = ORIENTED_EDGE ( 'NONE', *, *, #4039, .F. ) ;
#608 = DIRECTION ( 'NONE',  ( 0.7071067811865474617, -0.7071067811865474617, 0.000000000000000000 ) ) ;
#609 = EDGE_LOOP ( 'NONE', ( #7735, #5666, #268, #436, #547, #3430, #3425, #8878, #7377, #5400, #8721, #9359 ) ) ;
#610 = AXIS2_PLACEMENT_3D ( 'NONE', #5466, #252, #2554 ) ;
#611 = DIRECTION ( 'NONE',  ( 0.000000000000000000, -0.9450705229559648313, -0.3268664966614641121 ) ) ;
#612 = CARTESIAN_POINT ( 'NONE',  ( 8.384994479999997807, 8.869065480456796990, 64.60303983606846145 ) ) ;
#613 = CARTESIAN_POINT ( 'NONE',  ( 8.384994479999997807, 9.821860630070599285, 73.16552657414003136 ) ) ;
#614 = VERTEX_POINT ( 'NONE', #8910 ) ;
#615 = B_SPLINE_SURFACE_WITH_KNOTS ( 'NONE', 3, 1, ( 
 ( #72, #3257 ),
 ( #8687, #6173 ),
 ( #5472, #4809 ),
 ( #1051, #6223 ),
 ( #963, #9301 ),
 ( #4712, #4016 ),
 ( #7062, #164 ),
 ( #3213, #7871 ),
 ( #207, #4760 ),
 ( #1805, #2364 ),
 ( #4062, #5421 ) ),
 .UNSPECIFIED., .F., .F., .F.,
 ( 4, 1, 1, 1, 1, 1, 1, 1, 4 ),
 ( 2, 2 ),
 ( 0.000000000000000000, 0.05424288010384611253, 0.1282398849542263908, 0.2220811098596083555, 0.3368748928824449318, 0.4726021059892409615, 0.6281751862151013777, 0.8036077172877540420, 1.000000000000000000 ),
 ( 0.000000000000000000, 1.000000000000000000 ),
 .UNSPECIFIED. ) ;
#616 = CARTESIAN_POINT ( 'NONE',  ( 8.884994479999996031, 6.717733451126976618, 65.37210081106613302 ) ) ;
#617 = DIRECTION ( 'NONE',  ( 0.000000000000000000, -2.111100016949954907E-32, 1.000000000000000000 ) ) ;
#618 = EDGE_CURVE ( 'NONE', #6111, #9521, #6168, .T. ) ;
#619 = LINE ( 'NONE', #8392, #7355 ) ;
#620 = DIRECTION ( 'NONE',  ( -1.265925529534869081E-16, -0.9486832980505141011, -0.3162277660168372195 ) ) ;
#621 = CARTESIAN_POINT ( 'NONE',  ( 8.884994479999999584, 6.973303384413151562, 72.92255393430102117 ) ) ;
#622 = VECTOR ( 'NONE', #4827, 1000.000000000000000 ) ;
#623 = VERTEX_POINT ( 'NONE', #8811 ) ;
#624 = VECTOR ( 'NONE', #7003, 1000.000000000000000 ) ;
#625 = CARTESIAN_POINT ( 'NONE',  ( -7.884994480000007577, 22.00100000000000122, 73.99999999999998579 ) ) ;
#626 = ORIENTED_EDGE ( 'NONE', *, *, #7005, .F. ) ;
#627 = LINE ( 'NONE', #7535, #102 ) ;
#628 = DIRECTION ( 'NONE',  ( 0.7071067811865668906, 1.639869809431970332E-18, 0.7071067811865282549 ) ) ;
#629 = FACE_OUTER_BOUND ( 'NONE', #334, .T. ) ;
#630 = VERTEX_POINT ( 'NONE', #1931 ) ;
#631 = AXIS2_PLACEMENT_3D ( 'NONE', #2135, #1984, #8160 ) ;
#632 = VECTOR ( 'NONE', #8240, 1000.000000000000000 ) ;
#633 = DIRECTION ( 'NONE',  ( 1.334402673828313832E-16, 1.000000000000000000, 0.000000000000000000 ) ) ;
#634 = CARTESIAN_POINT ( 'NONE',  ( 8.884994479999997807, 7.540866057995440741, 84.13203709268161390 ) ) ;
#635 = ORIENTED_EDGE ( 'NONE', *, *, #1686, .F. ) ;
#636 = VERTEX_POINT ( 'NONE', #2629 ) ;
#637 = APPROVAL_DATE_TIME ( #3600, #7527 ) ;
#638 = LINE ( 'NONE', #5940, #7337 ) ;
#639 = CARTESIAN_POINT ( 'NONE',  ( 8.884994479999997807, 9.912929705669553115, 86.65084857064395862 ) ) ;
#640 = ORIENTED_EDGE ( 'NONE', *, *, #2256, .F. ) ;
#641 = VECTOR ( 'NONE', #2849, 1000.000000000000000 ) ;
#642 = AXIS2_PLACEMENT_3D ( 'NONE', #6495, #5742, #8820 ) ;
#643 = CARTESIAN_POINT ( 'NONE',  ( 8.384994479999997807, 18.99999999999999645, -60.00000000000000000 ) ) ;
#644 = DIRECTION ( 'NONE',  ( -1.000000000000000000, 1.334402673828313832E-16, -0.000000000000000000 ) ) ;
#645 = CARTESIAN_POINT ( 'NONE',  ( 8.384994479999999584, 7.726896437627724268, 84.18765536983345044 ) ) ;
#646 = DIRECTION ( 'NONE',  ( 0.5000000000000007772, 0.8660254037844382635, -0.000000000000000000 ) ) ;
#647 = AXIS2_PLACEMENT_3D ( 'NONE', #7677, #71, #8015 ) ;
#648 = DIRECTION ( 'NONE',  ( -0.000000000000000000, 0.000000000000000000, 1.000000000000000000 ) ) ;
#649 = ORIENTED_EDGE ( 'NONE', *, *, #7638, .F. ) ;
#650 = ORIENTED_EDGE ( 'NONE', *, *, #3847, .F. ) ;
#651 = CARTESIAN_POINT ( 'NONE',  ( -43.74999999999968026, -8.085634515056548192E-17, -7.365005519997448680 ) ) ;
#652 = CARTESIAN_POINT ( 'NONE',  ( 8.884994479999997807, 7.461402735897596727, 71.40908193619017652 ) ) ;
#653 = PLANE ( 'NONE',  #9774 ) ;
#654 = ADVANCED_FACE ( 'NONE', ( #2728 ), #8967, .F. ) ;
#655 = EDGE_CURVE ( 'NONE', #4696, #3233, #1979, .T. ) ;
#656 = CARTESIAN_POINT ( 'NONE',  ( 8.884994479999997807, 9.698829978653909833, 64.10244406675683138 ) ) ;
#657 = AXIS2_PLACEMENT_3D ( 'NONE', #2838, #5243, #9874 ) ;
#658 = CARTESIAN_POINT ( 'NONE',  ( -17.88499448000000669, 1.301042606982605321E-15, -60.00000000000000000 ) ) ;
#659 = EDGE_CURVE ( 'NONE', #5949, #8340, #5686, .T. ) ;
#660 = EDGE_LOOP ( 'NONE', ( #9585, #6583, #1817, #8453 ) ) ;
#661 = FACE_OUTER_BOUND ( 'NONE', #7502, .T. ) ;
#662 = ORIENTED_EDGE ( 'NONE', *, *, #8508, .F. ) ;
#663 = CARTESIAN_POINT ( 'NONE',  ( 8.884994479999997807, 8.907960691309785517, 75.85167887108960372 ) ) ;
#664 = CARTESIAN_POINT ( 'NONE',  ( 8.201716286890675889, 19.59360547659855101, -8.183278193109327248 ) ) ;
#665 = DIRECTION ( 'NONE',  ( -0.5773502691896249539, 0.5773502691896246208, 0.5773502691896275074 ) ) ;
#666 = EDGE_CURVE ( 'NONE', #4233, #6595, #1227, .T. ) ;
#667 = ORIENTED_EDGE ( 'NONE', *, *, #9734, .F. ) ;
#668 = EDGE_CURVE ( 'NONE', #9474, #288, #7341, .T. ) ;
#669 = DIRECTION ( 'NONE',  ( -0.000000000000000000, -0.000000000000000000, 1.000000000000000000 ) ) ;
#670 = CARTESIAN_POINT ( 'NONE',  ( 8.884994480000001360, 7.303563876739961103, 72.01107315347174165 ) ) ;
#671 = EDGE_CURVE ( 'NONE', #1059, #1115, #4979, .T. ) ;
#672 = DIRECTION ( 'NONE',  ( -0.7071067811865479058, -2.884444029575345971E-16, 0.7071067811865472397 ) ) ;
#673 = CARTESIAN_POINT ( 'NONE',  ( 8.884994479999999584, 8.868987723731345696, 64.63833395142248150 ) ) ;
#674 = CARTESIAN_POINT ( 'NONE',  ( 8.384994480000001360, 7.128604640675374249, 73.09836793652942788 ) ) ;
#675 = VERTEX_POINT ( 'NONE', #1879 ) ;
#676 = ADVANCED_FACE ( 'NONE', ( #8046 ), #433, .T. ) ;
#677 = DIRECTION ( 'NONE',  ( 1.000000000000000000, 0.000000000000000000, 0.000000000000000000 ) ) ;
#678 = ORIENTED_EDGE ( 'NONE', *, *, #9531, .F. ) ;
#679 = CARTESIAN_POINT ( 'NONE',  ( 8.884994479999999584, 7.951695714473090426, 84.25559208503719333 ) ) ;
#680 = CARTESIAN_POINT ( 'NONE',  ( 8.884994479999997807, 8.372791401239945586, 75.32731380625671136 ) ) ;
#681 = FACE_OUTER_BOUND ( 'NONE', #274, .T. ) ;
#682 = ORIENTED_EDGE ( 'NONE', *, *, #3964, .F. ) ;
#683 = ORIENTED_EDGE ( 'NONE', *, *, #7508, .T. ) ;
#684 = DIRECTION ( 'NONE',  ( 0.5000000000000134337, -0.5000000000000124345, 0.7071067811865293651 ) ) ;
#685 = CARTESIAN_POINT ( 'NONE',  ( -9.384994480000001360, 0.4999999999999998890, -21.50000000000000355 ) ) ;
#686 = CARTESIAN_POINT ( 'NONE',  ( 8.884994479999999584, 9.431472478103087198, 66.26769973300038430 ) ) ;
#687 = ORIENTED_EDGE ( 'NONE', *, *, #1015, .T. ) ;
#688 = CARTESIAN_POINT ( 'NONE',  ( 5.884994479999997807, 19.99999999999999645, -59.50000000000000000 ) ) ;
#689 = CARTESIAN_POINT ( 'NONE',  ( -11.18499448000000207, -3.429011037612532083E-16, -12.50000000000000355 ) ) ;
#690 = ORIENTED_EDGE ( 'NONE', *, *, #2545, .F. ) ;
#691 = DIRECTION ( 'NONE',  ( 0.000000000000000000, 0.1961161351381831008, 0.9805806756909204447 ) ) ;
#692 = FACE_OUTER_BOUND ( 'NONE', #7962, .T. ) ;
#693 = CARTESIAN_POINT ( 'NONE',  ( 8.884994479999997807, 7.411921210749424560, 71.48524101343147663 ) ) ;
#694 = EDGE_LOOP ( 'NONE', ( #9089, #3139, #635, #5270 ) ) ;
#695 = AXIS2_PLACEMENT_3D ( 'NONE', #2101, #8781, #4407 ) ;
#696 = VECTOR ( 'NONE', #1873, 1000.000000000000000 ) ;
#697 = B_SPLINE_SURFACE_WITH_KNOTS ( 'NONE', 3, 1, ( 
 ( #7267, #5117 ),
 ( #1855, #4964 ),
 ( #8030, #8186 ),
 ( #5067, #9591 ),
 ( #1160, #9540 ),
 ( #4215, #414 ),
 ( #2659, #464 ),
 ( #2710, #7418 ),
 ( #1311, #1960 ),
 ( #9747, #514 ),
 ( #3578, #4363 ) ),
 .UNSPECIFIED., .F., .F., .F.,
 ( 4, 1, 1, 1, 1, 1, 1, 1, 4 ),
 ( 2, 2 ),
 ( 0.000000000000000000, 0.1880967190294640656, 0.3569941987500988012, 0.5094184663947423086, 0.6427096217809151746, 0.7595411148310220462, 0.8572633171250664263, 0.9374733689975608408, 1.000000000000000000 ),
 ( 0.000000000000000000, 1.000000000000000000 ),
 .UNSPECIFIED. ) ;
#698 = CARTESIAN_POINT ( 'NONE',  ( 7.384994479999996031, 20.50000000000002487, 138.0000000000000000 ) ) ;
#699 = CARTESIAN_POINT ( 'NONE',  ( 8.884994479999999584, 9.506168880823874900, 65.52535553930145795 ) ) ;
#700 = EDGE_LOOP ( 'NONE', ( #7614, #3868, #3537 ) ) ;
#701 = ORIENTED_EDGE ( 'NONE', *, *, #4206, .T. ) ;
#702 = LINE ( 'NONE', #4496, #4121 ) ;
#703 = CARTESIAN_POINT ( 'NONE',  ( 8.884994479999999584, 8.098452261448612077, 71.05101215429041872 ) ) ;
#704 = CARTESIAN_POINT ( 'NONE',  ( 8.384994479999997807, 6.702458179608773214, 76.34219069684675674 ) ) ;
#705 = CARTESIAN_POINT ( 'NONE',  ( -17.88499447999999958, 5.699999999999998401, -12.50000000000000178 ) ) ;
#706 = AXIS2_PLACEMENT_3D ( 'NONE', #8381, #5916, #7569 ) ;
#707 = DIRECTION ( 'NONE',  ( -1.000000000000000000, 1.334402673828313832E-16, -0.000000000000000000 ) ) ;
#708 = ORIENTED_EDGE ( 'NONE', *, *, #1004, .F. ) ;
#709 = VECTOR ( 'NONE', #3303, 1000.000000000000000 ) ;
#710 = LINE ( 'NONE', #4408, #6855 ) ;
#711 = VERTEX_POINT ( 'NONE', #3549 ) ;
#712 = EDGE_CURVE ( 'NONE', #4461, #2196, #6591, .T. ) ;
#713 = DIRECTION ( 'NONE',  ( -0.6785983445458459995, 0.2810846377148255026, 0.6785983445458459995 ) ) ;
#714 = CARTESIAN_POINT ( 'NONE',  ( 8.384994479999996031, 2.999999999999999112, -60.00000000000000000 ) ) ;
#715 = CARTESIAN_POINT ( 'NONE',  ( 8.884994479999997807, 9.744684353694607282, 71.96650975824545071 ) ) ;
#716 = VERTEX_POINT ( 'NONE', #5832 ) ;
#717 = DIRECTION ( 'NONE',  ( 0.000000000000000000, 0.000000000000000000, 1.000000000000000000 ) ) ;
#718 = CARTESIAN_POINT ( 'NONE',  ( 6.384994480000013795, 19.00000000000000000, -8.500000000000007105 ) ) ;
#719 = EDGE_CURVE ( 'NONE', #9474, #4798, #2031, .T. ) ;
#720 = EDGE_CURVE ( 'NONE', #325, #8916, #1533, .T. ) ;
#721 = DIRECTION ( 'NONE',  ( 0.000000000000000000, -0.7071067811865268116, -0.7071067811865682229 ) ) ;
#722 = CARTESIAN_POINT ( 'NONE',  ( 8.884994479999997807, 8.870295472791246638, 64.88635600180674601 ) ) ;
#723 = EDGE_CURVE ( 'NONE', #1411, #287, #2278, .T. ) ;
#724 = CARTESIAN_POINT ( 'NONE',  ( -7.584994479999998873, 2.800000000000000711, -8.500000000000001776 ) ) ;
#725 = ORIENTED_EDGE ( 'NONE', *, *, #7149, .T. ) ;
#726 = CARTESIAN_POINT ( 'NONE',  ( 8.384994479999999584, 6.726947756812507784, 65.49979053073462865 ) ) ;
#727 = ORIENTED_EDGE ( 'NONE', *, *, #7204, .F. ) ;
#728 = LINE ( 'NONE', #2168, #2021 ) ;
#729 = LINE ( 'NONE', #4622, #1334 ) ;
#730 = CARTESIAN_POINT ( 'NONE',  ( -17.38499447999998893, 2.000000000000001776, -22.00000000000000711 ) ) ;
#731 = ORIENTED_EDGE ( 'NONE', *, *, #8440, .T. ) ;
#732 = AXIS2_PLACEMENT_3D ( 'NONE', #3824, #669, #22 ) ;
#733 = EDGE_CURVE ( 'NONE', #9358, #8137, #3746, .T. ) ;
#734 = ORIENTED_EDGE ( 'NONE', *, *, #5418, .T. ) ;
#735 = B_SPLINE_CURVE_WITH_KNOTS ( 'NONE', 3,
 ( #1195, #7865, #4851, #253, #9436, #4156, #8880, #7212, #4253, #7305, #4901, #5805, #351, #2555, #8681, #7256, #451, #3514, #3403 ),
 .UNSPECIFIED., .F., .F.,
 ( 4, 1, 1, 1, 1, 1, 1, 1, 1, 1, 1, 1, 1, 1, 1, 1, 4 ),
 ( 0.000000000000000000, 0.06201033668806119753, 0.1206958801549019161, 0.1762554163004334817, 0.2312669226389753585, 0.2864422411211912101, 0.3429252198955707875, 0.4014457615078317332, 0.4638576314643182430, 0.5003562620481613044, 0.5454508197110262691, 0.5986876762768078564, 0.6613957965842439668, 0.7325075683047898023, 0.8126303150476609227, 0.9017806114971282927, 1.000000000000000000 ),
 .UNSPECIFIED. ) ;
#736 = DIRECTION ( 'NONE',  ( 0.000000000000000000, -0.7071067811865450192, 0.7071067811865500152 ) ) ;
#737 = DIRECTION ( 'NONE',  ( 0.000000000000000000, -0.7071067811865309194, 0.7071067811865641151 ) ) ;
#738 = EDGE_CURVE ( 'NONE', #9867, #763, #1204, .T. ) ;
#739 = CARTESIAN_POINT ( 'NONE',  ( 8.884994479999997807, 9.289709983015054462, 65.57758095244059859 ) ) ;
#740 = ORIENTED_EDGE ( 'NONE', *, *, #5178, .F. ) ;
#741 = VECTOR ( 'NONE', #1736, 1000.000000000000000 ) ;
#742 = DIRECTION ( 'NONE',  ( -0.7071067811865475727, -0.7071067811865475727, 0.000000000000000000 ) ) ;
#743 = CYLINDRICAL_SURFACE ( 'NONE', #9302, 0.5000000000000022204 ) ;
#744 = VERTEX_POINT ( 'NONE', #5286 ) ;
#745 = CARTESIAN_POINT ( 'NONE',  ( -2.884994479999992922, 0.5000000000000004441, -45.00000000000000000 ) ) ;
#746 = LINE ( 'NONE', #5449, #2580 ) ;
#747 = CARTESIAN_POINT ( 'NONE',  ( 8.884994479999997807, 7.540866057995440741, 84.13203709268161390 ) ) ;
#748 = ORIENTED_EDGE ( 'NONE', *, *, #9654, .T. ) ;
#749 = CARTESIAN_POINT ( 'NONE',  ( 8.384994479999996031, 9.694924061100495649, 86.41851812713476022 ) ) ;
#750 = CARTESIAN_POINT ( 'NONE',  ( 8.884994479999997807, 9.289709983015054462, 65.57758095244059859 ) ) ;
#751 = VERTEX_POINT ( 'NONE', #8458 ) ;
#752 = ORIENTED_EDGE ( 'NONE', *, *, #2718, .T. ) ;
#753 = AXIS2_PLACEMENT_3D ( 'NONE', #7479, #4525, #7587 ) ;
#754 = CARTESIAN_POINT ( 'NONE',  ( -17.38499447999998893, 2.000000000000001776, -22.00000000000000711 ) ) ;
#755 = CARTESIAN_POINT ( 'NONE',  ( 5.884994479999992478, 20.00000000000000000, -12.83137084989848020 ) ) ;
#756 = LINE ( 'NONE', #5153, #805 ) ;
#757 = LINE ( 'NONE', #2803, #6555 ) ;
#758 = CARTESIAN_POINT ( 'NONE',  ( 2.384994479999970718, 19.00000000000000000, 8.500000000000007105 ) ) ;
#759 = AXIS2_PLACEMENT_3D ( 'NONE', #4364, #2862, #6857 ) ;
#760 = VECTOR ( 'NONE', #975, 1000.000000000000000 ) ;
#761 = VERTEX_POINT ( 'NONE', #2981 ) ;
#762 = DIRECTION ( 'NONE',  ( 1.375019570461159196E-16, 1.000000000000000000, 0.000000000000000000 ) ) ;
#763 = VERTEX_POINT ( 'NONE', #2931 ) ;
#764 = CARTESIAN_POINT ( 'NONE',  ( 8.884994479999997807, 7.988881264487286415, 84.26745004898462810 ) ) ;
#765 = CARTESIAN_POINT ( 'NONE',  ( 8.384994480000003136, 7.345415741520774588, 72.21850200645484108 ) ) ;
#766 = LINE ( 'NONE', #3872, #7514 ) ;
#767 = VECTOR ( 'NONE', #861, 1000.000000000000000 ) ;
#768 = FACE_OUTER_BOUND ( 'NONE', #4849, .T. ) ;
#769 = CARTESIAN_POINT ( 'NONE',  ( 8.884994480000001360, 7.948293131128773226, 72.74541265797884648 ) ) ;
#770 = EDGE_CURVE ( 'NONE', #1131, #5821, #5336, .T. ) ;
#771 = FACE_OUTER_BOUND ( 'NONE', #1986, .T. ) ;
#772 = CARTESIAN_POINT ( 'NONE',  ( 69.00000000000027001, 1.999999999999992673, 1.615005520003688577 ) ) ;
#773 = DIRECTION ( 'NONE',  ( 1.000000000000000000, 0.000000000000000000, 0.000000000000000000 ) ) ;
#774 = CARTESIAN_POINT ( 'NONE',  ( 8.884994479999996031, 6.894308708563329446, 65.98515436503784315 ) ) ;
#775 = VERTEX_POINT ( 'NONE', #787 ) ;
#776 = CARTESIAN_POINT ( 'NONE',  ( 6.584994479999995320, 3.800000000000000711, -12.50000000000000178 ) ) ;
#777 = VERTEX_POINT ( 'NONE', #5989 ) ;
#778 = ADVANCED_FACE ( 'NONE', ( #4482 ), #5235, .T. ) ;
#779 = LINE ( 'NONE', #2324, #9720 ) ;
#780 = EDGE_CURVE ( 'NONE', #9400, #1115, #3702, .T. ) ;
#781 = CARTESIAN_POINT ( 'NONE',  ( 6.592101261186559924, -0.001000000000001000089, -8.500000000000008882 ) ) ;
#782 = ORIENTED_EDGE ( 'NONE', *, *, #2231, .F. ) ;
#783 = EDGE_CURVE ( 'NONE', #7571, #5942, #7691, .T. ) ;
#784 = ORIENTED_EDGE ( 'NONE', *, *, #9857, .F. ) ;
#785 = DIRECTION ( 'NONE',  ( 0.000000000000000000, 0.000000000000000000, -1.000000000000000000 ) ) ;
#786 = VECTOR ( 'NONE', #153, 1000.000000000000000 ) ;
#787 = CARTESIAN_POINT ( 'NONE',  ( 8.384994479999999584, 22.00000000000000000, 7.699999999999998401 ) ) ;
#788 = ORIENTED_EDGE ( 'NONE', *, *, #8875, .F. ) ;
#789 = CARTESIAN_POINT ( 'NONE',  ( 8.884994479999997807, 10.24206598805142043, 65.60385556116871442 ) ) ;
#790 = VERTEX_POINT ( 'NONE', #4580 ) ;
#791 = DIRECTION ( 'NONE',  ( -1.000000000000000000, -2.319126125024811375E-18, 0.000000000000000000 ) ) ;
#792 = CARTESIAN_POINT ( 'NONE',  ( 8.384994479999997807, 8.492358160528764799, 70.32567780323519457 ) ) ;
#793 = ORIENTED_EDGE ( 'NONE', *, *, #4087, .F. ) ;
#794 = CARTESIAN_POINT ( 'NONE',  ( 5.384994479999996919, 22.00000000000000000, 12.49999999999999645 ) ) ;
#795 = ADVANCED_FACE ( 'NONE', ( #9866 ), #6034, .F. ) ;
#796 = LINE ( 'NONE', #4731, #2428 ) ;
#797 = CARTESIAN_POINT ( 'NONE',  ( 8.884994479999997807, 7.340414182464172654, 71.65252207121781680 ) ) ;
#798 = AXIS2_PLACEMENT_3D ( 'NONE', #5485, #7180, #4872 ) ;
#799 = ADVANCED_FACE ( 'NONE', ( #7644 ), #3088, .T. ) ;
#800 = CARTESIAN_POINT ( 'NONE',  ( 8.884994479999997807, 9.912929705669553115, 86.65084857064395862 ) ) ;
#801 = CARTESIAN_POINT ( 'NONE',  ( -2.384994480000020456, 1.507431981266123465E-17, -45.00000000000000000 ) ) ;
#802 = ORIENTED_EDGE ( 'NONE', *, *, #1765, .F. ) ;
#803 = VECTOR ( 'NONE', #3833, 1000.000000000000114 ) ;
#804 = ORIENTED_EDGE ( 'NONE', *, *, #1019, .F. ) ;
#805 = VECTOR ( 'NONE', #3058, 1000.000000000000114 ) ;
#806 = DIRECTION ( 'NONE',  ( 0.000000000000000000, 0.000000000000000000, 1.000000000000000000 ) ) ;
#807 = CARTESIAN_POINT ( 'NONE',  ( 8.384994479999997807, 7.853039625887466180, 65.71336991330264254 ) ) ;
#808 = CARTESIAN_POINT ( 'NONE',  ( 8.384994479999996031, 10.11509004182247651, 65.88056006258884167 ) ) ;
#809 = LINE ( 'NONE', #4743, #2237 ) ;
#810 = CARTESIAN_POINT ( 'NONE',  ( 8.884994479999997807, 6.702458179608773214, 70.09518766484710284 ) ) ;
#811 = VECTOR ( 'NONE', #442, 1000.000000000000000 ) ;
#812 = CIRCLE ( 'NONE', #6402, 0.5000000000000065503 ) ;
#813 = ORIENTED_EDGE ( 'NONE', *, *, #4259, .F. ) ;
#814 = CARTESIAN_POINT ( 'NONE',  ( 8.384994479999997807, 9.622407836847184370, 72.39544015197351712 ) ) ;
#815 = VERTEX_POINT ( 'NONE', #7486 ) ;
#816 = CARTESIAN_POINT ( 'NONE',  ( 8.384994479999997807, 6.702458179608773214, 74.05961804512222102 ) ) ;
#817 = LINE ( 'NONE', #1414, #476 ) ;
#818 = CARTESIAN_POINT ( 'NONE',  ( 8.384994479999999584, 6.725449398954123303, 65.48202808810114561 ) ) ;
#819 = CARTESIAN_POINT ( 'NONE',  ( 8.384994480000003136, 7.345415741520774588, 72.21850200645484108 ) ) ;
#820 = DIRECTION ( 'NONE',  ( -1.084202172485504804E-16, -1.000000000000000000, 0.000000000000000000 ) ) ;
#821 = DIRECTION ( 'NONE',  ( 1.375019570461159196E-16, 1.000000000000000000, 0.000000000000000000 ) ) ;
#822 = DIRECTION ( 'NONE',  ( 1.000000000000000000, -1.066210604224532462E-16, 0.000000000000000000 ) ) ;
#823 = CARTESIAN_POINT ( 'NONE',  ( 8.384994480000001360, 7.319517435441284192, 73.24750477250874781 ) ) ;
#824 = VERTEX_POINT ( 'NONE', #3794 ) ;
#825 = CARTESIAN_POINT ( 'NONE',  ( 8.384994479999999584, 10.29810433846293805, 64.85946011502520037 ) ) ;
#826 = EDGE_LOOP ( 'NONE', ( #9914, #599, #9570, #4279 ) ) ;
#827 = CARTESIAN_POINT ( 'NONE',  ( 8.884994479999997807, 10.29810433846293805, 86.87342917613494819 ) ) ;
#828 = DIRECTION ( 'NONE',  ( -1.000000000000000000, 0.000000000000000000, -0.000000000000000000 ) ) ;
#829 = ORIENTED_EDGE ( 'NONE', *, *, #3265, .F. ) ;
#830 = ORIENTED_EDGE ( 'NONE', *, *, #404, .F. ) ;
#831 = FACE_OUTER_BOUND ( 'NONE', #5877, .T. ) ;
#832 = EDGE_CURVE ( 'NONE', #4175, #4921, #9065, .T. ) ;
#833 = DIRECTION ( 'NONE',  ( 0.000000000000000000, 0.000000000000000000, 1.000000000000000000 ) ) ;
#834 = CARTESIAN_POINT ( 'NONE',  ( 8.884994479999997807, 10.29810433846293805, 64.85946011502520037 ) ) ;
#835 = ORIENTED_EDGE ( 'NONE', *, *, #2733, .T. ) ;
#836 = EDGE_CURVE ( 'NONE', #2767, #9863, #9769, .T. ) ;
#837 = DIRECTION ( 'NONE',  ( 0.000000000000000000, 0.000000000000000000, 1.000000000000000000 ) ) ;
#838 = CARTESIAN_POINT ( 'NONE',  ( 8.884994479999997807, 8.563487619588546096, 70.32696808583455095 ) ) ;
#839 = ORIENTED_EDGE ( 'NONE', *, *, #1685, .T. ) ;
#840 = CARTESIAN_POINT ( 'NONE',  ( 8.384994479999996031, 7.993165381507008505, 65.67096607418486087 ) ) ;
#841 = CARTESIAN_POINT ( 'NONE',  ( 4.384994479999991590, 19.00000000000000000, -7.207106781186551459 ) ) ;
#842 = DIRECTION ( 'NONE',  ( 4.956352788505168987E-15, 1.000000000000000000, 0.000000000000000000 ) ) ;
#843 = EDGE_CURVE ( 'NONE', #7155, #6412, #5937, .T. ) ;
#844 = CARTESIAN_POINT ( 'NONE',  ( -8.884994480000001360, 0.000000000000000000, -60.00000000000000000 ) ) ;
#845 = EDGE_CURVE ( 'NONE', #261, #3399, #6836, .T. ) ;
#846 = CARTESIAN_POINT ( 'NONE',  ( 8.884994479999997807, 10.34420236614055533, 71.99024877140665524 ) ) ;
#847 = EDGE_LOOP ( 'NONE', ( #3931, #513, #7271, #1180 ) ) ;
#848 = EDGE_CURVE ( 'NONE', #5252, #7813, #9167, .T. ) ;
#849 = CARTESIAN_POINT ( 'NONE',  ( 5.384994479999996919, 22.00000000000000000, -12.49999999999999645 ) ) ;
#850 = CARTESIAN_POINT ( 'NONE',  ( 8.884994479999997807, 8.242155222509021328, 65.29047971205312706 ) ) ;
#851 = CARTESIAN_POINT ( 'NONE',  ( 8.384994479999999584, 10.16764365096828371, 65.79434902043911393 ) ) ;
#852 = FACE_OUTER_BOUND ( 'NONE', #8996, .T. ) ;
#853 = LINE ( 'NONE', #5462, #5393 ) ;
#854 = AXIS2_PLACEMENT_3D ( 'NONE', #3123, #6921, #3971 ) ;
#855 = ORIENTED_EDGE ( 'NONE', *, *, #2002, .F. ) ;
#856 = EDGE_CURVE ( 'NONE', #6437, #7432, #3360, .T. ) ;
#857 = FACE_OUTER_BOUND ( 'NONE', #4266, .T. ) ;
#858 = ORIENTED_EDGE ( 'NONE', *, *, #5926, .F. ) ;
#859 = EDGE_CURVE ( 'NONE', #6489, #1208, #8655, .T. ) ;
#860 = AXIS2_PLACEMENT_3D ( 'NONE', #1157, #2011, #8739 ) ;
#861 = DIRECTION ( 'NONE',  ( -1.000000000000000000, -0.000000000000000000, -0.000000000000000000 ) ) ;
#862 = CARTESIAN_POINT ( 'NONE',  ( -11.18499447999999852, 0.6999999999999990674, 8.499999999999992895 ) ) ;
#863 = DIRECTION ( 'NONE',  ( 0.6785983445458300123, 0.2810846377148122910, -0.6785983445458673158 ) ) ;
#864 = CARTESIAN_POINT ( 'NONE',  ( 8.884994479999997807, 10.24891235843375448, 72.58176567840376947 ) ) ;
#865 = CARTESIAN_POINT ( 'NONE',  ( 4.738547870593263767, 22.00000000000000000, -6.853553390593266847 ) ) ;
#866 = AXIS2_PLACEMENT_3D ( 'NONE', #7459, #6616, #5056 ) ;
#867 = CARTESIAN_POINT ( 'NONE',  ( 8.384994479999997807, 10.29810433846293805, 86.87342917613494819 ) ) ;
#868 = LINE ( 'NONE', #9303, #9659 ) ;
#869 = DIRECTION ( 'NONE',  ( -1.000000000000000000, 3.244554655941734267E-12, 1.930497798683177244E-14 ) ) ;
#870 = ORIENTED_EDGE ( 'NONE', *, *, #6463, .F. ) ;
#871 = CARTESIAN_POINT ( 'NONE',  ( -7.384994479999980932, 2.000000000000000888, 85.50000000000001421 ) ) ;
#872 = CARTESIAN_POINT ( 'NONE',  ( 8.884994479999997807, 6.702458179608773214, 77.26343096871664784 ) ) ;
#873 = CARTESIAN_POINT ( 'NONE',  ( -3.384994480000098172, 1.499999999999942268, 73.49999999999998579 ) ) ;
#874 = CARTESIAN_POINT ( 'NONE',  ( 7.384994479999996031, 2.999999999999999112, -60.00000000000000000 ) ) ;
#875 = ORIENTED_EDGE ( 'NONE', *, *, #2248, .F. ) ;
#876 = VERTEX_POINT ( 'NONE', #6933 ) ;
#877 = DIRECTION ( 'NONE',  ( 0.7071067811865463515, 0.000000000000000000, 0.7071067811865487940 ) ) ;
#878 = DIRECTION ( 'NONE',  ( -2.168404344971007685E-15, 0.000000000000000000, 1.000000000000000000 ) ) ;
#879 = LINE ( 'NONE', #9868, #2702 ) ;
#880 = EDGE_LOOP ( 'NONE', ( #8809, #8335, #7658, #5766 ) ) ;
#881 = CARTESIAN_POINT ( 'NONE',  ( 8.884994479999997807, 7.988881264487286415, 84.26745004898462810 ) ) ;
#882 = CARTESIAN_POINT ( 'NONE',  ( 8.884994479999997807, 9.437270739328097235, 70.50055342321378760 ) ) ;
#883 = ORIENTED_EDGE ( 'NONE', *, *, #4990, .T. ) ;
#884 = CARTESIAN_POINT ( 'NONE',  ( 8.384994479999997807, 8.257473112210458766, 65.14405697925027994 ) ) ;
#885 = CARTESIAN_POINT ( 'NONE',  ( 8.884994479999997807, 7.532222677805888722, 69.05870232378316587 ) ) ;
#886 = FACE_OUTER_BOUND ( 'NONE', #7444, .T. ) ;
#887 = CARTESIAN_POINT ( 'NONE',  ( 5.384994479999996031, 21.50000000000000000, 137.4999999999999716 ) ) ;
#888 = EDGE_CURVE ( 'NONE', #3316, #4494, #84, .T. ) ;
#889 = CARTESIAN_POINT ( 'NONE',  ( 8.884994479999999584, 7.803317138018454280, 84.20949582739402217 ) ) ;
#890 = DIRECTION ( 'NONE',  ( 0.000000000000000000, -1.000000000000000000, -0.000000000000000000 ) ) ;
#891 = VECTOR ( 'NONE', #3888, 999.9999999999998863 ) ;
#892 = ORIENTED_EDGE ( 'NONE', *, *, #5078, .T. ) ;
#893 = LINE ( 'NONE', #4694, #5238 ) ;
#894 = CARTESIAN_POINT ( 'NONE',  ( 8.884994479999997807, 9.422241812588204368, 68.36651162693644324 ) ) ;
#895 = LINE ( 'NONE', #9379, #1109 ) ;
#896 = EDGE_LOOP ( 'NONE', ( #8273, #5802, #8230, #6406 ) ) ;
#897 = LINE ( 'NONE', #3953, #4318 ) ;
#898 = CARTESIAN_POINT ( 'NONE',  ( 8.884994479999997807, 6.702458179608773214, 84.43527568099845837 ) ) ;
#899 = EDGE_CURVE ( 'NONE', #393, #2120, #9455, .T. ) ;
#900 = EDGE_CURVE ( 'NONE', #5743, #9539, #5583, .T. ) ;
#901 = VERTEX_POINT ( 'NONE', #9361 ) ;
#902 = VECTOR ( 'NONE', #7939, 1000.000000000000000 ) ;
#903 = VERTEX_POINT ( 'NONE', #6387 ) ;
#904 = CARTESIAN_POINT ( 'NONE',  ( 8.884994479999999584, 9.168333916232606740, 72.71689802819403781 ) ) ;
#905 = ORIENTED_EDGE ( 'NONE', *, *, #5384, .F. ) ;
#906 = PLANE ( 'NONE',  #5073 ) ;
#907 = CARTESIAN_POINT ( 'NONE',  ( 8.384994479999996031, 9.035934276403242649, 66.19817637127353294 ) ) ;
#908 = CARTESIAN_POINT ( 'NONE',  ( 8.884994479999997807, 9.088929538807157371, 71.07894084950282831 ) ) ;
#909 = CARTESIAN_POINT ( 'NONE',  ( 8.884994479999997807, 10.34420236614055533, 71.99024877140665524 ) ) ;
#910 = EDGE_CURVE ( 'NONE', #3911, #4105, #5529, .T. ) ;
#911 = FACE_OUTER_BOUND ( 'NONE', #2921, .T. ) ;
#912 = VECTOR ( 'NONE', #7419, 1000.000000000000000 ) ;
#913 = EDGE_CURVE ( 'NONE', #6720, #9151, #8703, .T. ) ;
#914 = VECTOR ( 'NONE', #5285, 1000.000000000000000 ) ;
#915 = LINE ( 'NONE', #8496, #5735 ) ;
#916 = VECTOR ( 'NONE', #3414, 1000.000000000000000 ) ;
#917 = CARTESIAN_POINT ( 'NONE',  ( -9.884994480000003136, 5.699999999999998401, -60.00000000000000000 ) ) ;
#918 = CARTESIAN_POINT ( 'NONE',  ( -17.38499448000000314, 19.00000000000000000, -60.00000000000000000 ) ) ;
#919 = ORIENTED_EDGE ( 'NONE', *, *, #5317, .T. ) ;
#920 = CARTESIAN_POINT ( 'NONE',  ( 8.384994479999997807, 10.25995259538091098, 65.51727185793791364 ) ) ;
#921 = CARTESIAN_POINT ( 'NONE',  ( -2.384994479999925865, 1.507431981266145343E-17, 34.00000000000004263 ) ) ;
#922 = CARTESIAN_POINT ( 'NONE',  ( 8.884994479999996031, 6.970868795098068560, 66.07825161525911994 ) ) ;
#923 = CARTESIAN_POINT ( 'NONE',  ( 8.002706914446783060, 19.78640406174550037, -8.382287565553221853 ) ) ;
#924 = EDGE_LOOP ( 'NONE', ( #8821, #6383, #2090, #3014 ) ) ;
#925 = VECTOR ( 'NONE', #3241, 1000.000000000000000 ) ;
#926 = ORIENTED_EDGE ( 'NONE', *, *, #3332, .F. ) ;
#927 = CARTESIAN_POINT ( 'NONE',  ( 8.884994479999997807, 8.907960691309785517, 75.85167887108960372 ) ) ;
#928 = LINE ( 'NONE', #220, #3936 ) ;
#929 = FACE_OUTER_BOUND ( 'NONE', #3084, .T. ) ;
#930 = ORIENTED_EDGE ( 'NONE', *, *, #2792, .F. ) ;
#931 = CARTESIAN_POINT ( 'NONE',  ( 8.884994479999997807, 6.702458179608773214, 71.96575919420291712 ) ) ;
#932 = ORIENTED_EDGE ( 'NONE', *, *, #1579, .F. ) ;
#933 = DIRECTION ( 'NONE',  ( -0.5773502691896256200, 0.5773502691896580385, 0.5773502691895937566 ) ) ;
#934 = FACE_OUTER_BOUND ( 'NONE', #8470, .T. ) ;
#935 = DIRECTION ( 'NONE',  ( 0.7071067811865665576, 0.7071067811865285879, 0.000000000000000000 ) ) ;
#936 = AXIS2_PLACEMENT_3D ( 'NONE', #2453, #3297, #9339 ) ;
#937 = CARTESIAN_POINT ( 'NONE',  ( 5.384994479999996919, 19.00000000000000000, 12.49999999999999645 ) ) ;
#938 = CARTESIAN_POINT ( 'NONE',  ( 8.884994479999999584, 9.385310731400688056, 71.21123868874377649 ) ) ;
#939 = B_SPLINE_CURVE_WITH_KNOTS ( 'NONE', 3,
 ( #2704, #3623, #1956, #1104, #9536, #5061, #1307, #8941, #5011, #8079, #7218, #3522, #5813, #1256, #6570, #4960, #2757, #4263, #9641 ),
 .UNSPECIFIED., .F., .F.,
 ( 4, 1, 1, 1, 1, 1, 1, 1, 1, 1, 1, 1, 1, 1, 1, 1, 4 ),
 ( 0.000000000000000000, 0.06406556946817376641, 0.1260188908727422064, 0.1858248224356739975, 0.2443043643471834170, 0.3022792106485431840, 0.3601959776061117169, 0.4188354893849311478, 0.4788423895063425584, 0.5393582514003195660, 0.6000024026670051081, 0.6610548137977871885, 0.7236693562615876818, 0.7882613265416149595, 0.8556791849674127981, 0.9259317405535334444, 1.000000000000000000 ),
 .UNSPECIFIED. ) ;
#940 = VERTEX_POINT ( 'NONE', #3183 ) ;
#941 = DIRECTION ( 'NONE',  ( -1.034421358364930004E-16, 1.000000000000000000, 2.111100016949954907E-32 ) ) ;
#942 = LINE ( 'NONE', #3862, #2132 ) ;
#943 = LINE ( 'NONE', #7096, #4783 ) ;
#944 = ORIENTED_EDGE ( 'NONE', *, *, #1323, .T. ) ;
#945 = VECTOR ( 'NONE', #1822, 1000.000000000000000 ) ;
#946 = VECTOR ( 'NONE', #4265, 1000.000000000000000 ) ;
#947 = DIRECTION ( 'NONE',  ( 1.000000000000000000, 0.000000000000000000, 0.000000000000000000 ) ) ;
#948 = CARTESIAN_POINT ( 'NONE',  ( -28.11500551999999331, 19.99999999999999645, -25.99999999999981526 ) ) ;
#949 = ADVANCED_FACE ( 'NONE', ( #977 ), #3134, .T. ) ;
#950 = CARTESIAN_POINT ( 'NONE',  ( 8.384994479999994255, 9.735409351477262163, 72.08490307242300332 ) ) ;
#951 = EDGE_LOOP ( 'NONE', ( #5253, #2843, #7244, #974 ) ) ;
#952 = EDGE_CURVE ( 'NONE', #9713, #9063, #4824, .T. ) ;
#953 = DIRECTION ( 'NONE',  ( -1.000000000000000000, 1.066210604224532462E-16, 6.938893903907230350E-16 ) ) ;
#954 = CARTESIAN_POINT ( 'NONE',  ( 17.25000000000028422, 1.999999999999998224, -50.13499447999915759 ) ) ;
#955 = CARTESIAN_POINT ( 'NONE',  ( 8.384994479999996031, 8.694467596522029496, 71.01984965606632727 ) ) ;
#956 = EDGE_CURVE ( 'NONE', #5425, #6116, #4076, .T. ) ;
#957 = DIRECTION ( 'NONE',  ( -1.000000000000000000, 0.000000000000000000, -0.000000000000000000 ) ) ;
#958 = AXIS2_PLACEMENT_3D ( 'NONE', #8529, #7759, #3951 ) ;
#959 = DIRECTION ( 'NONE',  ( -1.000000000000000000, -2.319126125024811375E-18, 0.000000000000000000 ) ) ;
#960 = EDGE_CURVE ( 'NONE', #8162, #5947, #2521, .T. ) ;
#961 = VECTOR ( 'NONE', #9821, 1000.000000000000000 ) ;
#962 = EDGE_CURVE ( 'NONE', #8041, #3508, #928, .T. ) ;
#963 = CARTESIAN_POINT ( 'NONE',  ( 8.884994479999994255, 9.694024580125814694, 65.04434197411009677 ) ) ;
#964 = EDGE_CURVE ( 'NONE', #775, #2553, #2171, .T. ) ;
#965 = CARTESIAN_POINT ( 'NONE',  ( 7.384994479999996031, 1.999999999999999112, -22.00000000000000711 ) ) ;
#966 = DIRECTION ( 'NONE',  ( 0.000000000000000000, 1.000000000000000000, 0.000000000000000000 ) ) ;
#967 = ORIENTED_EDGE ( 'NONE', *, *, #6523, .T. ) ;
#968 = ADVANCED_FACE ( 'NONE', ( #6978 ), #8602, .T. ) ;
#969 = CARTESIAN_POINT ( 'NONE',  ( 8.384994480000001360, 10.16764365096828371, 65.79434902043911393 ) ) ;
#970 = CARTESIAN_POINT ( 'NONE',  ( 8.384994480000001360, 9.094128112734543024, 70.38617134842061773 ) ) ;
#971 = CARTESIAN_POINT ( 'NONE',  ( -8.384994480000059980, 1.159563062512273184E-18, 20.99999999999993605 ) ) ;
#972 = LINE ( 'NONE', #1858, #3108 ) ;
#973 = VERTEX_POINT ( 'NONE', #7035 ) ;
#974 = ORIENTED_EDGE ( 'NONE', *, *, #4084, .T. ) ;
#975 = DIRECTION ( 'NONE',  ( 0.7071067811865487940, -0.000000000000000000, -0.7071067811865463515 ) ) ;
#976 = EDGE_CURVE ( 'NONE', #7862, #6472, #6567, .T. ) ;
#977 = FACE_OUTER_BOUND ( 'NONE', #7348, .T. ) ;
#978 = CYLINDRICAL_SURFACE ( 'NONE', #5745, 1.000000000000001776 ) ;
#979 = VERTEX_POINT ( 'NONE', #4931 ) ;
#980 = LINE ( 'NONE', #3275, #622 ) ;
#981 = EDGE_LOOP ( 'NONE', ( #3392, #2426, #4236, #4845 ) ) ;
#982 = CARTESIAN_POINT ( 'NONE',  ( 8.384994479999997807, 8.107592613238251644, 65.58887875448603211 ) ) ;
#983 = CARTESIAN_POINT ( 'NONE',  ( -3.384994480000042216, 0.5000000000000281997, 86.00000000000001421 ) ) ;
#984 = CARTESIAN_POINT ( 'NONE',  ( 8.884994479999996031, 7.754787808583531117, 84.19518946126365222 ) ) ;
#985 = DIRECTION ( 'NONE',  ( 0.000000000000000000, 0.000000000000000000, 1.000000000000000000 ) ) ;
#986 = CARTESIAN_POINT ( 'NONE',  ( -8.384994480000001360, 2.999999999999999112, -8.499999999999992895 ) ) ;
#987 = ORIENTED_EDGE ( 'NONE', *, *, #124, .T. ) ;
#988 = CARTESIAN_POINT ( 'NONE',  ( 6.238547870593285971, -0.001000000000001000089, -8.353553390593283723 ) ) ;
#989 = PLANE ( 'NONE',  #6872 ) ;
#990 = LINE ( 'NONE', #241, #1910 ) ;
#991 = ORIENTED_EDGE ( 'NONE', *, *, #3086, .F. ) ;
#992 = FACE_OUTER_BOUND ( 'NONE', #7273, .T. ) ;
#993 = CARTESIAN_POINT ( 'NONE',  ( 8.884994479999996031, 7.301569365762479613, 64.84121460908278323 ) ) ;
#994 = LINE ( 'NONE', #7102, #2055 ) ;
#995 = EDGE_LOOP ( 'NONE', ( #2594, #9523, #8300, #3354 ) ) ;
#996 = CARTESIAN_POINT ( 'NONE',  ( 8.384994479999997807, 9.168333916232606740, 72.71689802819403781 ) ) ;
#997 = ORIENTED_EDGE ( 'NONE', *, *, #5295, .F. ) ;
#998 = PLANE ( 'NONE',  #1874 ) ;
#999 = LINE ( 'NONE', #306, #8379 ) ;
#1000 = LINE ( 'NONE', #5413, #1601 ) ;
#1001 = CIRCLE ( 'NONE', #6605, 0.8000000000000003775 ) ;
#1002 = CARTESIAN_POINT ( 'NONE',  ( 8.384994479999999584, 10.19318984621340896, 72.71110658864502341 ) ) ;
#1003 = DIRECTION ( 'NONE',  ( 0.000000000000000000, 0.000000000000000000, -1.000000000000000000 ) ) ;
#1004 = EDGE_CURVE ( 'NONE', #1121, #4921, #1827, .T. ) ;
#1005 = VECTOR ( 'NONE', #1851, 1000.000000000000114 ) ;
#1006 = VECTOR ( 'NONE', #4284, 1000.000000000000000 ) ;
#1007 = DIRECTION ( 'NONE',  ( -1.192622389734055617E-16, -2.765841741321770854E-34, -1.000000000000000000 ) ) ;
#1008 = PLANE ( 'NONE',  #8541 ) ;
#1009 = DIRECTION ( 'NONE',  ( 1.000000000000000000, 0.000000000000000000, 0.000000000000000000 ) ) ;
#1010 = EDGE_LOOP ( 'NONE', ( #7054, #5930, #7084, #2340 ) ) ;
#1011 = CARTESIAN_POINT ( 'NONE',  ( 8.884994479999996031, 10.05362529268345817, 65.96056923440856679 ) ) ;
#1012 = CARTESIAN_POINT ( 'NONE',  ( 8.384994479999999584, 10.22560687961219372, 71.31445256910434694 ) ) ;
#1013 = DIRECTION ( 'NONE',  ( 0.000000000000000000, -1.000000000000000000, 0.000000000000000000 ) ) ;
#1014 = CARTESIAN_POINT ( 'NONE',  ( 8.884994479999997807, 10.15682077481396384, 71.16734196377461785 ) ) ;
#1015 = EDGE_CURVE ( 'NONE', #9220, #2352, #9373, .T. ) ;
#1016 = B_SPLINE_SURFACE_WITH_KNOTS ( 'NONE', 3, 1, ( 
 ( #6256, #4000 ),
 ( #1603, #2295 ),
 ( #2397, #807 ),
 ( #5351, #4596 ),
 ( #7660, #6902 ),
 ( #54, #7709 ),
 ( #7048, #9284 ),
 ( #8573, #3105 ),
 ( #191, #8528 ),
 ( #1646, #144 ),
 ( #3199, #9334 ),
 ( #850, #2446 ),
 ( #3242, #8369 ),
 ( #3905, #5503 ),
 ( #4548, #7609 ),
 ( #1693, #7599 ),
 ( #9925, #9022 ),
 ( #588, #1386 ),
 ( #2939, #1491 ) ),
 .UNSPECIFIED., .F., .F., .F.,
 ( 4, 1, 1, 1, 1, 1, 1, 1, 1, 1, 1, 1, 1, 1, 1, 1, 4 ),
 ( 2, 2 ),
 ( 0.000000000000000000, 0.06201033668806119753, 0.1206958801549019161, 0.1762554163004334817, 0.2312669226389753585, 0.2864422411211912101, 0.3429252198955707875, 0.4014457615078317332, 0.4638576314643182430, 0.5003562620481613044, 0.5454508197110262691, 0.5986876762768078564, 0.6613957965842439668, 0.7325075683047898023, 0.8126303150476609227, 0.9017806114971282927, 1.000000000000000000 ),
 ( 0.000000000000000000, 1.000000000000000000 ),
 .UNSPECIFIED. ) ;
#1017 = ORIENTED_EDGE ( 'NONE', *, *, #9236, .F. ) ;
#1018 = EDGE_CURVE ( 'NONE', #7129, #4634, #7190, .T. ) ;
#1019 = EDGE_CURVE ( 'NONE', #8450, #42, #3385, .T. ) ;
#1020 = DIRECTION ( 'NONE',  ( -1.084202172485504804E-16, -1.000000000000000000, 0.000000000000000000 ) ) ;
#1021 = CARTESIAN_POINT ( 'NONE',  ( 10.38499447999999603, 1.500000000000000000, -60.00000000000000000 ) ) ;
#1022 = DIRECTION ( 'NONE',  ( 1.000000000000000000, 0.000000000000000000, 0.000000000000000000 ) ) ;
#1023 = CIRCLE ( 'NONE', #1343, 0.1999999999999996503 ) ;
#1024 = VERTEX_POINT ( 'NONE', #2581 ) ;
#1025 = DIRECTION ( 'NONE',  ( 0.000000000000000000, 0.000000000000000000, -1.000000000000000000 ) ) ;
#1026 = ORIENTED_EDGE ( 'NONE', *, *, #7109, .F. ) ;
#1027 = CARTESIAN_POINT ( 'NONE',  ( 4.031441089406720302, 19.00000000000000000, -6.853553390593266847 ) ) ;
#1028 = LINE ( 'NONE', #4085, #1145 ) ;
#1029 = FACE_OUTER_BOUND ( 'NONE', #4273, .T. ) ;
#1030 = EDGE_CURVE ( 'NONE', #7423, #3673, #4882, .T. ) ;
#1031 = ADVANCED_FACE ( 'NONE', ( #8613 ), #5637, .T. ) ;
#1032 = CARTESIAN_POINT ( 'NONE',  ( 8.884994479999997807, 10.34420236614055533, 71.99024877140665524 ) ) ;
#1033 = DIRECTION ( 'NONE',  ( 1.000000000000000000, 0.000000000000000000, 0.000000000000000000 ) ) ;
#1034 = ORIENTED_EDGE ( 'NONE', *, *, #6602, .T. ) ;
#1035 = ORIENTED_EDGE ( 'NONE', *, *, #956, .T. ) ;
#1036 = CARTESIAN_POINT ( 'NONE',  ( 0.000000000000000000, 0.000000000000000000, 0.000000000000000000 ) ) ;
#1037 = DIRECTION ( 'NONE',  ( 0.000000000000000000, 0.7071067811865284769, 0.7071067811865665576 ) ) ;
#1038 = CARTESIAN_POINT ( 'NONE',  ( 8.884994479999999584, 8.700706643988997513, 85.90223503639883518 ) ) ;
#1039 = ORIENTED_EDGE ( 'NONE', *, *, #1283, .F. ) ;
#1040 = LINE ( 'NONE', #7148, #9789 ) ;
#1041 = DIRECTION ( 'NONE',  ( -1.000000000000000000, 1.356809893272630747E-13, -1.377415149188912532E-13 ) ) ;
#1042 = VECTOR ( 'NONE', #2379, 1000.000000000000000 ) ;
#1043 = ORIENTED_EDGE ( 'NONE', *, *, #606, .T. ) ;
#1044 = FACE_OUTER_BOUND ( 'NONE', #8845, .T. ) ;
#1045 = DIRECTION ( 'NONE',  ( -1.922962686383670806E-16, 0.7071067811865672237, 0.7071067811865279218 ) ) ;
#1046 = EDGE_LOOP ( 'NONE', ( #2167, #225, #4841, #5225 ) ) ;
#1047 = LINE ( 'NONE', #6911, #6992 ) ;
#1048 = CARTESIAN_POINT ( 'NONE',  ( 6.592101261186559924, 19.99999999999999645, -8.000000000000007105 ) ) ;
#1049 = CARTESIAN_POINT ( 'NONE',  ( 8.384994479999996031, 8.544938723348547427, 71.01714821839945557 ) ) ;
#1050 = FACE_OUTER_BOUND ( 'NONE', #1464, .T. ) ;
#1051 = CARTESIAN_POINT ( 'NONE',  ( 8.884994479999997807, 9.691746605846278229, 65.10579687741366683 ) ) ;
#1052 = CARTESIAN_POINT ( 'NONE',  ( 8.884994479999997807, 10.29810433846293805, 63.41097365159257038 ) ) ;
#1053 = CARTESIAN_POINT ( 'NONE',  ( 8.384994479999997807, 6.702458179608773214, 74.75108846028648202 ) ) ;
#1054 = ORIENTED_EDGE ( 'NONE', *, *, #3212, .F. ) ;
#1055 = CIRCLE ( 'NONE', #8592, 0.1999999999999996503 ) ;
#1056 = CARTESIAN_POINT ( 'NONE',  ( 8.384994479999994255, 10.33947720974294882, 71.81028766119517570 ) ) ;
#1057 = FACE_OUTER_BOUND ( 'NONE', #7885, .T. ) ;
#1058 = FACE_OUTER_BOUND ( 'NONE', #1468, .T. ) ;
#1059 = VERTEX_POINT ( 'NONE', #4134 ) ;
#1060 = VECTOR ( 'NONE', #6450, 1000.000000000000000 ) ;
#1061 = DIRECTION ( 'NONE',  ( 0.000000000000000000, -1.000000000000000000, 0.000000000000000000 ) ) ;
#1062 = AXIS2_PLACEMENT_3D ( 'NONE', #2617, #8510, #1628 ) ;
#1063 = ORIENTED_EDGE ( 'NONE', *, *, #4757, .T. ) ;
#1064 = FACE_OUTER_BOUND ( 'NONE', #3817, .T. ) ;
#1065 = EDGE_CURVE ( 'NONE', #2134, #5482, #234, .T. ) ;
#1066 = ORIENTED_EDGE ( 'NONE', *, *, #848, .T. ) ;
#1067 = EDGE_CURVE ( 'NONE', #5264, #2260, #235, .T. ) ;
#1068 = CARTESIAN_POINT ( 'NONE',  ( 8.384994479999997807, 6.706042627809925882, 71.79241179585378063 ) ) ;
#1069 = ORIENTED_EDGE ( 'NONE', *, *, #5111, .F. ) ;
#1070 = CARTESIAN_POINT ( 'NONE',  ( 8.384994479999996031, 8.523539538522761916, 65.98834281348565867 ) ) ;
#1071 = CARTESIAN_POINT ( 'NONE',  ( 8.384994479999997807, 9.698829978653909833, 64.54109561137666162 ) ) ;
#1072 = EDGE_CURVE ( 'NONE', #4331, #744, #3238, .T. ) ;
#1073 = AXIS2_PLACEMENT_3D ( 'NONE', #8231, #4556, #9894 ) ;
#1074 = LINE ( 'NONE', #7186, #2195 ) ;
#1075 = B_SPLINE_CURVE_WITH_KNOTS ( 'NONE', 3,
 ( #8608, #6891, #6337, #134, #840, #5391, #982, #9409, #4036, #7651, #4637, #43, #6144, #884, #8661, #3940, #7085, #229, #4683 ),
 .UNSPECIFIED., .F., .F.,
 ( 4, 1, 1, 1, 1, 1, 1, 1, 1, 1, 1, 1, 1, 1, 1, 1, 4 ),
 ( 0.000000000000000000, 0.06201033668806119753, 0.1206958801549019161, 0.1762554163004334817, 0.2312669226389753585, 0.2864422411211912101, 0.3429252198955707875, 0.4014457615078317332, 0.4638576314643182430, 0.5003562620481613044, 0.5454508197110262691, 0.5986876762768078564, 0.6613957965842439668, 0.7325075683047898023, 0.8126303150476609227, 0.9017806114971282927, 1.000000000000000000 ),
 .UNSPECIFIED. ) ;
#1076 = CARTESIAN_POINT ( 'NONE',  ( 2.384994479999970718, 22.00000000000000000, -8.500000000000007105 ) ) ;
#1077 = CARTESIAN_POINT ( 'NONE',  ( 8.884994479999996031, 9.297719856768848601, 71.15838476422642600 ) ) ;
#1078 = VECTOR ( 'NONE', #2342, 1000.000000000000000 ) ;
#1079 = ORIENTED_EDGE ( 'NONE', *, *, #3166, .F. ) ;
#1080 = ORIENTED_EDGE ( 'NONE', *, *, #1470, .T. ) ;
#1081 = ADVANCED_FACE ( 'NONE', ( #331 ), #8714, .T. ) ;
#1082 = DIRECTION ( 'NONE',  ( 0.000000000000000000, 1.000000000000000000, 0.000000000000000000 ) ) ;
#1083 = DIRECTION ( 'NONE',  ( 0.000000000000000000, 0.000000000000000000, 1.000000000000000000 ) ) ;
#1084 = CARTESIAN_POINT ( 'NONE',  ( -2.384994480000020456, 1.507431981266123465E-17, -44.50000000000000000 ) ) ;
#1085 = ORIENTED_EDGE ( 'NONE', *, *, #7509, .T. ) ;
#1086 = DIRECTION ( 'NONE',  ( 0.000000000000000000, -2.111100016949954907E-32, 1.000000000000000000 ) ) ;
#1087 = EDGE_CURVE ( 'NONE', #2284, #6645, #4784, .T. ) ;
#1088 = LINE ( 'NONE', #3046, #9561 ) ;
#1089 = VERTEX_POINT ( 'NONE', #1878 ) ;
#1090 = ORIENTED_EDGE ( 'NONE', *, *, #3540, .F. ) ;
#1091 = DIRECTION ( 'NONE',  ( -4.605861719268250263E-18, 1.000000000000000000, 6.842277657836020854E-49 ) ) ;
#1092 = ORIENTED_EDGE ( 'NONE', *, *, #4881, .T. ) ;
#1093 = AXIS2_PLACEMENT_3D ( 'NONE', #1448, #1496, #8524 ) ;
#1094 = CARTESIAN_POINT ( 'NONE',  ( 8.384994479999996031, 9.744928006331527115, 71.94198989868165484 ) ) ;
#1095 = EDGE_LOOP ( 'NONE', ( #8560, #5605, #5725, #9543, #9238, #8982, #5349, #6352, #7123, #5401, #5071, #5175, #2630, #6714, #4329, #2938, #6308, #1026, #830, #2793, #6135, #8913, #3053 ) ) ;
#1096 = VECTOR ( 'NONE', #4153, 1000.000000000000000 ) ;
#1097 = CARTESIAN_POINT ( 'NONE',  ( 8.884994479999997807, 8.605062645470310301, 65.80651733158754269 ) ) ;
#1098 = CARTESIAN_POINT ( 'NONE',  ( 8.384994479999997807, 8.613365483182510829, 65.78214095026002894 ) ) ;
#1099 = CARTESIAN_POINT ( 'NONE',  ( 8.384994479999997807, 8.039300982259680595, 72.76887327014891582 ) ) ;
#1100 = CARTESIAN_POINT ( 'NONE',  ( -17.38499447999996406, -1.971257206271079885E-17, 137.4999999999999716 ) ) ;
#1101 = CIRCLE ( 'NONE', #2388, 1.000000000000000000 ) ;
#1102 = VECTOR ( 'NONE', #1118, 1000.000000000000000 ) ;
#1103 = DIRECTION ( 'NONE',  ( 0.000000000000000000, -1.000000000000000000, 0.000000000000000000 ) ) ;
#1104 = CARTESIAN_POINT ( 'NONE',  ( 8.884994479999996031, 6.729963923658027092, 71.62434802081762086 ) ) ;
#1105 = CARTESIAN_POINT ( 'NONE',  ( 8.384994479999999584, 8.922064610690709330, 86.33227149043196391 ) ) ;
#1106 = LINE ( 'NONE', #6471, #9129 ) ;
#1107 = VECTOR ( 'NONE', #8546, 1000.000000000000000 ) ;
#1108 = ORIENTED_EDGE ( 'NONE', *, *, #9300, .T. ) ;
#1109 = VECTOR ( 'NONE', #5404, 1000.000000000000000 ) ;
#1110 = CARTESIAN_POINT ( 'NONE',  ( 7.384994479999996031, 1.999999999999999112, -59.50000000000000000 ) ) ;
#1111 = CARTESIAN_POINT ( 'NONE',  ( -17.38499448000002090, 0.5000000000000004441, -30.00000000000000000 ) ) ;
#1112 = VERTEX_POINT ( 'NONE', #138 ) ;
#1113 = VECTOR ( 'NONE', #2637, 1000.000000000000000 ) ;
#1114 = VECTOR ( 'NONE', #3733, 1000.000000000000000 ) ;
#1115 = VERTEX_POINT ( 'NONE', #5498 ) ;
#1116 = ORIENTED_EDGE ( 'NONE', *, *, #5662, .F. ) ;
#1117 = CARTESIAN_POINT ( 'NONE',  ( 8.384994480000001360, 9.728122697016640785, 71.74653519867160867 ) ) ;
#1118 = DIRECTION ( 'NONE',  ( 0.000000000000000000, 0.000000000000000000, 1.000000000000000000 ) ) ;
#1119 = ORIENTED_EDGE ( 'NONE', *, *, #6177, .T. ) ;
#1120 = CARTESIAN_POINT ( 'NONE',  ( 8.884994479999997807, 6.969794177056853002, 71.03152573550788418 ) ) ;
#1121 = VERTEX_POINT ( 'NONE', #7849 ) ;
#1122 = AXIS2_PLACEMENT_3D ( 'NONE', #8107, #5144, #7548 ) ;
#1123 = DIRECTION ( 'NONE',  ( 1.084202172485504804E-16, 1.000000000000000000, 0.000000000000000000 ) ) ;
#1124 = LINE ( 'NONE', #5731, #4836 ) ;
#1125 = LINE ( 'NONE', #1826, #7959 ) ;
#1126 = ORIENTED_EDGE ( 'NONE', *, *, #4688, .F. ) ;
#1127 = DIRECTION ( 'NONE',  ( 0.000000000000000000, 0.000000000000000000, -1.000000000000000000 ) ) ;
#1128 = CARTESIAN_POINT ( 'NONE',  ( -17.88499447999999958, 2.800000000000001599, -8.500000000000001776 ) ) ;
#1129 = EDGE_CURVE ( 'NONE', #2236, #2786, #8664, .T. ) ;
#1130 = ORIENTED_EDGE ( 'NONE', *, *, #4992, .T. ) ;
#1131 = VERTEX_POINT ( 'NONE', #1782 ) ;
#1132 = CARTESIAN_POINT ( 'NONE',  ( 8.884994479999997807, 9.985051104466169392, 86.70747487939222253 ) ) ;
#1133 = DIRECTION ( 'NONE',  ( 0.000000000000000000, 0.000000000000000000, -1.000000000000000000 ) ) ;
#1134 = ORIENTED_EDGE ( 'NONE', *, *, #7753, .F. ) ;
#1135 = CARTESIAN_POINT ( 'NONE',  ( 6.584994479999995320, 3.800000000000000711, 8.022180064409830836E-32 ) ) ;
#1136 = LINE ( 'NONE', #391, #6976 ) ;
#1137 = ADVANCED_FACE ( 'NONE', ( #4088 ), #7138, .T. ) ;
#1138 = ORIENTED_EDGE ( 'NONE', *, *, #8459, .F. ) ;
#1139 = EDGE_CURVE ( 'NONE', #8340, #1369, #9329, .T. ) ;
#1140 = EDGE_CURVE ( 'NONE', #7900, #9220, #4978, .T. ) ;
#1141 = VERTEX_POINT ( 'NONE', #5087 ) ;
#1142 = ORIENTED_EDGE ( 'NONE', *, *, #6639, .T. ) ;
#1143 = LINE ( 'NONE', #4052, #7171 ) ;
#1144 = ADVANCED_FACE ( 'NONE', ( #488 ), #5783, .T. ) ;
#1145 = VECTOR ( 'NONE', #7185, 1000.000000000000000 ) ;
#1146 = CARTESIAN_POINT ( 'NONE',  ( 8.884994480000026229, 18.99999999999999645, 138.0000000000000000 ) ) ;
#1147 = ORIENTED_EDGE ( 'NONE', *, *, #4563, .F. ) ;
#1148 = CARTESIAN_POINT ( 'NONE',  ( 8.884994479999996031, 8.102965408015757376, 66.34478814701387250 ) ) ;
#1149 = DIRECTION ( 'NONE',  ( -0.7071067811865474617, 0.7071067811865474617, 0.000000000000000000 ) ) ;
#1150 = CARTESIAN_POINT ( 'NONE',  ( 8.384994479999999584, 6.973303384413151562, 72.92255393430102117 ) ) ;
#1151 = FACE_OUTER_BOUND ( 'NONE', #1329, .T. ) ;
#1152 = EDGE_CURVE ( 'NONE', #824, #5796, #9015, .T. ) ;
#1153 = VERTEX_POINT ( 'NONE', #5736 ) ;
#1154 = ADVANCED_FACE ( 'NONE', ( #6590 ), #8810, .F. ) ;
#1155 = CARTESIAN_POINT ( 'NONE',  ( -3.384994479999995143, 0.5000000000000004441, -30.00000000000000000 ) ) ;
#1156 = CARTESIAN_POINT ( 'NONE',  ( -17.88499447999999958, -2.087213512522328851E-17, -45.49999999999997158 ) ) ;
#1157 = CARTESIAN_POINT ( 'NONE',  ( 8.884994479999997807, 7.301732539417800538, 64.10244406675683138 ) ) ;
#1158 = DIRECTION ( 'NONE',  ( 1.000000000000000000, -1.066210604224532462E-16, 0.000000000000000000 ) ) ;
#1159 = ORIENTED_EDGE ( 'NONE', *, *, #6650, .T. ) ;
#1160 = CARTESIAN_POINT ( 'NONE',  ( 8.884994479999996031, 7.304017916337338434, 65.07221435128434450 ) ) ;
#1161 = CARTESIAN_POINT ( 'NONE',  ( 5.884994479999968497, 21.29289321881346098, -60.00000000000000000 ) ) ;
#1162 = FACE_OUTER_BOUND ( 'NONE', #7353, .T. ) ;
#1163 = ORIENTED_EDGE ( 'NONE', *, *, #6167, .T. ) ;
#1164 = AXIS2_PLACEMENT_3D ( 'NONE', #2150, #4457, #8522 ) ;
#1165 = ORIENTED_EDGE ( 'NONE', *, *, #8431, .T. ) ;
#1166 = CARTESIAN_POINT ( 'NONE',  ( -3.384994480000037775, 1.499999999999970024, 126.0000000000000000 ) ) ;
#1167 = ORIENTED_EDGE ( 'NONE', *, *, #5856, .T. ) ;
#1168 = CARTESIAN_POINT ( 'NONE',  ( 5.884994479999997807, 19.99999999999999645, -60.00000000000000000 ) ) ;
#1169 = ORIENTED_EDGE ( 'NONE', *, *, #552, .T. ) ;
#1170 = VECTOR ( 'NONE', #410, 1000.000000000000227 ) ;
#1171 = CARTESIAN_POINT ( 'NONE',  ( 8.384994479999997807, 9.289709983015054462, 65.57758095244059859 ) ) ;
#1172 = EDGE_LOOP ( 'NONE', ( #7468, #788, #522, #5934 ) ) ;
#1173 = CARTESIAN_POINT ( 'NONE',  ( 8.384994479999999584, 7.820466806809458049, 66.40532131827181672 ) ) ;
#1174 = CARTESIAN_POINT ( 'NONE',  ( 8.884994479999997807, 7.329845358277218281, 65.35937850778148572 ) ) ;
#1175 = CARTESIAN_POINT ( 'NONE',  ( 7.384994479999996031, 2.999999999999999112, 13.30000000000000604 ) ) ;
#1176 = ORIENTED_EDGE ( 'NONE', *, *, #7398, .T. ) ;
#1177 = AXIS2_PLACEMENT_3D ( 'NONE', #6268, #4060, #9530 ) ;
#1178 = FACE_OUTER_BOUND ( 'NONE', #5627, .T. ) ;
#1179 = DIRECTION ( 'NONE',  ( 3.920068322660907629E-14, 0.7071067811865673347, 0.7071067811865278108 ) ) ;
#1180 = ORIENTED_EDGE ( 'NONE', *, *, #9413, .F. ) ;
#1181 = FACE_OUTER_BOUND ( 'NONE', #6686, .T. ) ;
#1182 = ORIENTED_EDGE ( 'NONE', *, *, #1018, .T. ) ;
#1183 = LINE ( 'NONE', #7145, #6061 ) ;
#1184 = LINE ( 'NONE', #3751, #2227 ) ;
#1185 = ORIENTED_EDGE ( 'NONE', *, *, #4688, .T. ) ;
#1186 = CARTESIAN_POINT ( 'NONE',  ( 5.884994479999997807, 19.99999999999999645, -60.00000000000000000 ) ) ;
#1187 = CARTESIAN_POINT ( 'NONE',  ( 8.884994479999997807, 9.330045757232971582, 84.73131145249065810 ) ) ;
#1188 = EDGE_CURVE ( 'NONE', #7157, #1115, #4287, .T. ) ;
#1189 = ORIENTED_EDGE ( 'NONE', *, *, #1252, .F. ) ;
#1190 = CARTESIAN_POINT ( 'NONE',  ( -17.38499448000003511, -1.971257206271097449E-17, -59.99999999999998579 ) ) ;
#1191 = ORIENTED_EDGE ( 'NONE', *, *, #7999, .T. ) ;
#1192 = DIRECTION ( 'NONE',  ( 0.000000000000000000, -0.7133623650556429885, -0.7007953596608780256 ) ) ;
#1193 = VERTEX_POINT ( 'NONE', #5883 ) ;
#1194 = LINE ( 'NONE', #6459, #7647 ) ;
#1195 = CARTESIAN_POINT ( 'NONE',  ( 8.884994479999997807, 7.775677886478305822, 65.71587503547344511 ) ) ;
#1196 = CARTESIAN_POINT ( 'NONE',  ( 7.384994479999996031, 18.99999999999999645, -59.50000000000000000 ) ) ;
#1197 = ADVANCED_FACE ( 'NONE', ( #1178 ), #7284, .T. ) ;
#1198 = EDGE_CURVE ( 'NONE', #3387, #761, #7237, .T. ) ;
#1199 = CARTESIAN_POINT ( 'NONE',  ( 8.384994479999997807, 10.28372311980897003, 65.30964029066340970 ) ) ;
#1200 = LINE ( 'NONE', #3517, #7880 ) ;
#1201 = ADVANCED_FACE ( 'NONE', ( #7435 ), #6687, .F. ) ;
#1202 = CIRCLE ( 'NONE', #732, 1.000000000000000000 ) ;
#1203 = PLANE ( 'NONE',  #6057 ) ;
#1204 = CIRCLE ( 'NONE', #1838, 0.8000000000000003775 ) ;
#1205 = CARTESIAN_POINT ( 'NONE',  ( 8.884994479999997807, 8.907960691309785517, 75.85167887108960372 ) ) ;
#1206 = CARTESIAN_POINT ( 'NONE',  ( 8.384994479999997807, 7.532222677805888722, 67.67864262018449040 ) ) ;
#1207 = CARTESIAN_POINT ( 'NONE',  ( 5.384994479999996919, 19.00000000000000000, 12.49999999999999645 ) ) ;
#1208 = VERTEX_POINT ( 'NONE', #8204 ) ;
#1209 = ADVANCED_FACE ( 'NONE', ( #8966 ), #2083, .T. ) ;
#1210 = DIRECTION ( 'NONE',  ( 8.673617379884027583E-16, -1.000000000000000000, 0.000000000000000000 ) ) ;
#1211 = DIRECTION ( 'NONE',  ( 0.000000000000000000, 1.000000000000000000, 0.000000000000000000 ) ) ;
#1212 = PLANE ( 'NONE',  #5656 ) ;
#1213 = VERTEX_POINT ( 'NONE', #3494 ) ;
#1214 = VERTEX_POINT ( 'NONE', #5134 ) ;
#1215 = ORIENTED_EDGE ( 'NONE', *, *, #1887, .T. ) ;
#1216 = PLANE ( 'NONE',  #303 ) ;
#1217 = VECTOR ( 'NONE', #1479, 1000.000000000000000 ) ;
#1218 = CARTESIAN_POINT ( 'NONE',  ( -17.88499448000000314, 0.5000000000000559552, 21.50000000000000000 ) ) ;
#1219 = VERTEX_POINT ( 'NONE', #1929 ) ;
#1220 = CARTESIAN_POINT ( 'NONE',  ( 8.884994479999997807, 8.492358160528764799, 70.32567780323519457 ) ) ;
#1221 = ORIENTED_EDGE ( 'NONE', *, *, #7215, .T. ) ;
#1222 = DIRECTION ( 'NONE',  ( 0.7071067811865486830, -0.7071067811865464625, -3.983180579198048011E-14 ) ) ;
#1223 = DIRECTION ( 'NONE',  ( -1.192622389734055617E-16, 0.000000000000000000, -1.000000000000000000 ) ) ;
#1224 = CARTESIAN_POINT ( 'NONE',  ( 8.884994480000001360, 8.484867492970165515, 66.04859888490182129 ) ) ;
#1225 = AXIS2_PLACEMENT_3D ( 'NONE', #3109, #8894, #7371 ) ;
#1226 = VECTOR ( 'NONE', #7077, 1000.000000000000000 ) ;
#1227 = LINE ( 'NONE', #4288, #4565 ) ;
#1228 = EDGE_LOOP ( 'NONE', ( #4495, #5835, #3337, #905, #14, #6690, #8862, #327 ) ) ;
#1229 = LINE ( 'NONE', #1933, #7400 ) ;
#1230 = VERTEX_POINT ( 'NONE', #7340 ) ;
#1231 = VECTOR ( 'NONE', #7482, 1000.000000000000000 ) ;
#1232 = APPROVAL_STATUS ( 'not_yet_approved' ) ;
#1233 = DIRECTION ( 'NONE',  ( -0.7071067811865469066, -0.7071067811865482389, 0.000000000000000000 ) ) ;
#1234 = CARTESIAN_POINT ( 'NONE',  ( 8.884994479999996031, 8.852837202458424315, 86.22082536669768160 ) ) ;
#1235 = ORIENTED_EDGE ( 'NONE', *, *, #7881, .T. ) ;
#1236 = DIRECTION ( 'NONE',  ( -0.000000000000000000, -0.000000000000000000, 1.000000000000000000 ) ) ;
#1237 = DIRECTION ( 'NONE',  ( 0.000000000000000000, -0.7133623650556429885, -0.7007953596608780256 ) ) ;
#1238 = VERTEX_POINT ( 'NONE', #4338 ) ;
#1239 = ORIENTED_EDGE ( 'NONE', *, *, #7525, .F. ) ;
#1240 = VECTOR ( 'NONE', #7504, 1000.000000000000000 ) ;
#1241 = ORIENTED_EDGE ( 'NONE', *, *, #8060, .F. ) ;
#1242 = FACE_OUTER_BOUND ( 'NONE', #277, .T. ) ;
#1243 = ORIENTED_EDGE ( 'NONE', *, *, #4191, .F. ) ;
#1244 = CARTESIAN_POINT ( 'NONE',  ( 5.884994479999996031, 22.00000000000000000, -12.49999999999999645 ) ) ;
#1245 = ORIENTED_EDGE ( 'NONE', *, *, #7510, .T. ) ;
#1246 = CARTESIAN_POINT ( 'NONE',  ( 8.884994479999997807, 7.988881264487286415, 84.26745004898462810 ) ) ;
#1247 = CARTESIAN_POINT ( 'NONE',  ( 8.884994479999997807, 7.301732539417800538, 71.93766820858687083 ) ) ;
#1248 = LINE ( 'NONE', #7306, #7188 ) ;
#1249 = CARTESIAN_POINT ( 'NONE',  ( 8.384994479999999584, 9.505989593072591504, 66.26505213063713029 ) ) ;
#1250 = CARTESIAN_POINT ( 'NONE',  ( 8.884994479999997807, 9.289709983015054462, 65.57758095244059859 ) ) ;
#1251 = VECTOR ( 'NONE', #6758, 1000.000000000000000 ) ;
#1252 = EDGE_CURVE ( 'NONE', #3699, #1380, #4769, .T. ) ;
#1253 = LINE ( 'NONE', #4313, #5896 ) ;
#1254 = ORIENTED_EDGE ( 'NONE', *, *, #2604, .T. ) ;
#1255 = EDGE_CURVE ( 'NONE', #2821, #744, #7643, .T. ) ;
#1256 = CARTESIAN_POINT ( 'NONE',  ( 8.884994479999997807, 7.749803765248294063, 70.43766380133861560 ) ) ;
#1257 = DIRECTION ( 'NONE',  ( 7.539247484201507445E-17, 0.7071067811865265895, 0.7071067811865685560 ) ) ;
#1258 = LINE ( 'NONE', #7416, #946 ) ;
#1259 = EDGE_LOOP ( 'NONE', ( #3326, #4100, #4096, #8354 ) ) ;
#1260 = CARTESIAN_POINT ( 'NONE',  ( 7.384994479999996031, 18.99999999999999645, 137.4999999999999716 ) ) ;
#1261 = B_SPLINE_CURVE_WITH_KNOTS ( 'NONE', 3,
 ( #8196, #3638, #5876, #479, #4372, #5080, #7378, #4281, #6582, #9655, #1171 ),
 .UNSPECIFIED., .F., .F.,
 ( 4, 1, 1, 1, 1, 1, 1, 1, 4 ),
 ( 0.000000000000000000, 0.1452598751950564537, 0.2791805688315043277, 0.4031465057633028537, 0.5224446120742002320, 0.6388384855654547501, 0.7534126782846906067, 0.8720341375722492350, 1.000000000000000000 ),
 .UNSPECIFIED. ) ;
#1262 = AXIS2_PLACEMENT_3D ( 'NONE', #3092, #6888, #2234 ) ;
#1263 = CARTESIAN_POINT ( 'NONE',  ( -7.884994480000002248, 1.499999999999942268, 33.49999999999998579 ) ) ;
#1264 = AXIS2_PLACEMENT_3D ( 'NONE', #1808, #8641, #3170 ) ;
#1265 = CYLINDRICAL_SURFACE ( 'NONE', #5176, 1.000000000000001776 ) ;
#1266 = B_SPLINE_SURFACE_WITH_KNOTS ( 'NONE', 3, 1, ( 
 ( #931, #5586 ),
 ( #326, #7935 ),
 ( #3987, #1068 ),
 ( #8659, #4127 ),
 ( #4778, #3379 ),
 ( #7990, #2623 ),
 ( #8752, #1867 ),
 ( #1120, #4176 ),
 ( #8092, #9604 ),
 ( #7332, #3538 ),
 ( #5776, #521 ),
 ( #2720, #8242 ),
 ( #6534, #5127 ),
 ( #8849, #1971 ),
 ( #573, #4228 ),
 ( #6680, #5025 ),
 ( #2822, #2872 ),
 ( #3586, #3486 ),
 ( #1220, #1320 ) ),
 .UNSPECIFIED., .F., .F., .F.,
 ( 4, 1, 1, 1, 1, 1, 1, 1, 1, 1, 1, 1, 1, 1, 1, 1, 4 ),
 ( 2, 2 ),
 ( 0.000000000000000000, 0.06406556946817376641, 0.1260188908727422064, 0.1858248224356739975, 0.2443043643471834170, 0.3022792106485431840, 0.3601959776061117169, 0.4188354893849311478, 0.4788423895063425584, 0.5393582514003195660, 0.6000024026670051081, 0.6610548137977871885, 0.7236693562615876818, 0.7882613265416149595, 0.8556791849674127981, 0.9259317405535334444, 1.000000000000000000 ),
 ( 0.000000000000000000, 1.000000000000000000 ),
 .UNSPECIFIED. ) ;
#1267 = ADVANCED_FACE ( 'NONE', ( #1433 ), #9064, .F. ) ;
#1268 = ADVANCED_FACE ( 'NONE', ( #831 ), #6188, .F. ) ;
#1269 = EDGE_CURVE ( 'NONE', #5264, #5428, #83, .T. ) ;
#1270 = ADVANCED_FACE ( 'NONE', ( #4481 ), #2980, .F. ) ;
#1271 = AXIS2_PLACEMENT_3D ( 'NONE', #4309, #506, #3569 ) ;
#1272 = CARTESIAN_POINT ( 'NONE',  ( 8.384994479999999584, 9.385310731400688056, 71.21123868874377649 ) ) ;
#1273 = VECTOR ( 'NONE', #1489, 1000.000000000000000 ) ;
#1274 = EDGE_CURVE ( 'NONE', #3369, #5512, #6786, .T. ) ;
#1275 = CARTESIAN_POINT ( 'NONE',  ( 8.384994479999997807, 7.808810843871593299, 73.46034368531317682 ) ) ;
#1276 = EDGE_LOOP ( 'NONE', ( #8211, #6689, #8699, #8019 ) ) ;
#1277 = CARTESIAN_POINT ( 'NONE',  ( 8.384994479999997807, 9.289709983015054462, 65.57758095244059859 ) ) ;
#1278 = ORIENTED_EDGE ( 'NONE', *, *, #1461, .F. ) ;
#1279 = CARTESIAN_POINT ( 'NONE',  ( 7.384994479999996031, 2.999999999999999112, -8.500000000000001776 ) ) ;
#1280 = FACE_OUTER_BOUND ( 'NONE', #9843, .T. ) ;
#1281 = CARTESIAN_POINT ( 'NONE',  ( 8.884994479999997807, 8.613365483182510829, 65.78214095026002894 ) ) ;
#1282 = AXIS2_PLACEMENT_3D ( 'NONE', #5547, #2685, #8051 ) ;
#1283 = EDGE_CURVE ( 'NONE', #9106, #4742, #5383, .T. ) ;
#1284 = CARTESIAN_POINT ( 'NONE',  ( -17.88499447999999248, 2.000000000000001776, -29.50000000000000000 ) ) ;
#1285 = DIRECTION ( 'NONE',  ( 1.000000000000000000, 2.319126125024811375E-18, 0.000000000000000000 ) ) ;
#1286 = DIRECTION ( 'NONE',  ( 0.7071067811865489050, 0.7071067811865462405, -0.000000000000000000 ) ) ;
#1287 = EDGE_LOOP ( 'NONE', ( #473, #4511, #247, #5346 ) ) ;
#1288 = CARTESIAN_POINT ( 'NONE',  ( 8.384994479999997807, 8.684673369746326088, 85.86071313059227350 ) ) ;
#1289 = CARTESIAN_POINT ( 'NONE',  ( 8.384994480000001360, 7.877678794175357879, 84.23198910022034624 ) ) ;
#1290 = ORIENTED_EDGE ( 'NONE', *, *, #9300, .F. ) ;
#1291 = CARTESIAN_POINT ( 'NONE',  ( 8.884994479999997807, 9.422241812588204368, 68.36651162693644324 ) ) ;
#1292 = FACE_OUTER_BOUND ( 'NONE', #9828, .T. ) ;
#1293 = EDGE_LOOP ( 'NONE', ( #7634, #2568, #1017, #649 ) ) ;
#1294 = VERTEX_POINT ( 'NONE', #3793 ) ;
#1295 = PLANE ( 'NONE',  #4159 ) ;
#1296 = VERTEX_POINT ( 'NONE', #9115 ) ;
#1297 = ORIENTED_EDGE ( 'NONE', *, *, #4652, .T. ) ;
#1298 = CARTESIAN_POINT ( 'NONE',  ( 8.884994479999997807, 7.770166766912590894, 66.40666520094031000 ) ) ;
#1299 = CARTESIAN_POINT ( 'NONE',  ( 8.884994479999999584, 7.664950307643242589, 71.21024535562374069 ) ) ;
#1300 = CARTESIAN_POINT ( 'NONE',  ( 7.584994479999996209, 2.999999999999999112, 12.49999999999999822 ) ) ;
#1301 = LINE ( 'NONE', #656, #6712 ) ;
#1302 = UNCERTAINTY_MEASURE_WITH_UNIT (LENGTH_MEASURE( 1.000000000000000082E-05 ), #4937, 'distance_accuracy_value', 'NONE');
#1303 = CARTESIAN_POINT ( 'NONE',  ( 8.884994479999997807, 7.301732539417800538, 64.80832011557035344 ) ) ;
#1304 = ADVANCED_FACE ( 'NONE', ( #9268 ), #5233, .T. ) ;
#1305 = LINE ( 'NONE', #6618, #8629 ) ;
#1306 = ORIENTED_EDGE ( 'NONE', *, *, #9441, .F. ) ;
#1307 = CARTESIAN_POINT ( 'NONE',  ( 8.884994479999999584, 6.887400471065967089, 71.16792671140447624 ) ) ;
#1308 = CARTESIAN_POINT ( 'NONE',  ( 8.884994479999997807, 6.702458179608773214, 74.75108846028648202 ) ) ;
#1309 = CARTESIAN_POINT ( 'NONE',  ( 8.384994479999999584, 9.213008097101777594, 72.70532145803036883 ) ) ;
#1310 = ORIENTED_EDGE ( 'NONE', *, *, #2310, .F. ) ;
#1311 = CARTESIAN_POINT ( 'NONE',  ( 8.884994479999999584, 7.318347595165735520, 65.29652712312029905 ) ) ;
#1312 = LINE ( 'NONE', #6109, #5698 ) ;
#1313 = FACE_OUTER_BOUND ( 'NONE', #2708, .T. ) ;
#1314 = EDGE_CURVE ( 'NONE', #2228, #6737, #2377, .T. ) ;
#1315 = CARTESIAN_POINT ( 'NONE',  ( 8.384994479999994255, 10.33947720974294882, 71.81028766119517570 ) ) ;
#1316 = VERTEX_POINT ( 'NONE', #1483 ) ;
#1317 = LINE ( 'NONE', #1166, #9729 ) ;
#1318 = PLANE ( 'NONE',  #6228 ) ;
#1319 = ORIENTED_EDGE ( 'NONE', *, *, #1699, .T. ) ;
#1320 = CARTESIAN_POINT ( 'NONE',  ( 8.384994479999997807, 8.492358160528764799, 70.32567780323519457 ) ) ;
#1321 = VERTEX_POINT ( 'NONE', #3887 ) ;
#1322 = CARTESIAN_POINT ( 'NONE',  ( 8.884994479999997807, 9.283947729555352524, 73.41424565763556132 ) ) ;
#1323 = EDGE_CURVE ( 'NONE', #5897, #1112, #2662, .T. ) ;
#1324 = CARTESIAN_POINT ( 'NONE',  ( -11.18499447999999852, 0.6999999999999990674, 12.49999999999999822 ) ) ;
#1325 = VECTOR ( 'NONE', #402, 1000.000000000000000 ) ;
#1326 = VECTOR ( 'NONE', #329, 1000.000000000000000 ) ;
#1327 = DIRECTION ( 'NONE',  ( -0.000000000000000000, 0.000000000000000000, 1.000000000000000000 ) ) ;
#1328 = ADVANCED_FACE ( 'NONE', ( #4433 ), #7485, .T. ) ;
#1329 = EDGE_LOOP ( 'NONE', ( #2713, #5723, #4627, #3768 ) ) ;
#1330 = DIRECTION ( 'NONE',  ( -1.000000000000000000, 1.334402673828313832E-16, -0.000000000000000000 ) ) ;
#1331 = DIRECTION ( 'NONE',  ( -0.7071067811865671127, -1.639869809431970524E-18, 0.7071067811865279218 ) ) ;
#1332 = AXIS2_PLACEMENT_3D ( 'NONE', #5654, #8731, #4954 ) ;
#1333 = ORIENTED_EDGE ( 'NONE', *, *, #3212, .T. ) ;
#1334 = VECTOR ( 'NONE', #6084, 1000.000000000000000 ) ;
#1335 = LINE ( 'NONE', #4290, #3573 ) ;
#1336 = ORIENTED_EDGE ( 'NONE', *, *, #1524, .T. ) ;
#1337 = DIRECTION ( 'NONE',  ( 0.000000000000000000, -0.9576566168309714744, 0.2879128413945059028 ) ) ;
#1338 = CARTESIAN_POINT ( 'NONE',  ( 9.884994479999997807, 22.00000000000000000, -59.50000000000000000 ) ) ;
#1339 = EDGE_LOOP ( 'NONE', ( #7976, #932, #4603, #3136 ) ) ;
#1340 = CARTESIAN_POINT ( 'NONE',  ( 8.384994479999997807, 10.05952367535654624, 86.75809526741041111 ) ) ;
#1341 = LINE ( 'NONE', #3654, #3532 ) ;
#1342 = CARTESIAN_POINT ( 'NONE',  ( 8.384994479999996031, 8.236586717719539763, 71.03087660471372544 ) ) ;
#1343 = AXIS2_PLACEMENT_3D ( 'NONE', #2017, #7676, #4608 ) ;
#1344 = ORIENTED_EDGE ( 'NONE', *, *, #9017, .T. ) ;
#1345 = ORIENTED_EDGE ( 'NONE', *, *, #1507, .T. ) ;
#1346 = CARTESIAN_POINT ( 'NONE',  ( 8.384994479999999584, 9.079160357344699506, 86.54354292543614235 ) ) ;
#1347 = VERTEX_POINT ( 'NONE', #36 ) ;
#1348 = ORIENTED_EDGE ( 'NONE', *, *, #5553, .F. ) ;
#1349 = LINE ( 'NONE', #1499, #4915 ) ;
#1350 = PLANE ( 'NONE',  #3099 ) ;
#1351 = FACE_BOUND ( 'NONE', #9282, .T. ) ;
#1352 = DIRECTION ( 'NONE',  ( 0.7071067811865279218, -0.7071067811865671127, 3.922516864977766526E-14 ) ) ;
#1353 = CARTESIAN_POINT ( 'NONE',  ( 7.384994479999996031, 20.49999999999996803, -60.00000000000000000 ) ) ;
#1354 = VERTEX_POINT ( 'NONE', #3701 ) ;
#1355 = CARTESIAN_POINT ( 'NONE',  ( 8.884994479999997807, 6.702458179608773214, 77.26343096871664784 ) ) ;
#1356 = EDGE_LOOP ( 'NONE', ( #3724, #2893, #8599, #7313, #4716, #1920, #875, #9165, #9189, #6103, #4552, #4450 ) ) ;
#1357 = DIRECTION ( 'NONE',  ( 0.000000000000000000, -0.7071067811865474617, -0.7071067811865474617 ) ) ;
#1358 = DIRECTION ( 'NONE',  ( 0.000000000000000000, 0.7071067811865474617, -0.7071067811865474617 ) ) ;
#1359 = DIRECTION ( 'NONE',  ( 0.000000000000000000, 1.000000000000000000, 0.000000000000000000 ) ) ;
#1360 = ORIENTED_EDGE ( 'NONE', *, *, #5234, .T. ) ;
#1361 = VECTOR ( 'NONE', #6427, 1000.000000000000000 ) ;
#1362 = CARTESIAN_POINT ( 'NONE',  ( -16.38499448000000314, 4.199999999999997513, -60.00000000000000000 ) ) ;
#1363 = DIRECTION ( 'NONE',  ( -0.5000000000000007772, -0.8660254037844382635, 0.000000000000000000 ) ) ;
#1364 = CARTESIAN_POINT ( 'NONE',  ( -7.884994480000002248, 0.5000000000000558442, 33.49999999999998579 ) ) ;
#1365 = CARTESIAN_POINT ( 'NONE',  ( 8.884994479999997807, 9.150537720941896325, 66.23915767794687781 ) ) ;
#1366 = CARTESIAN_POINT ( 'NONE',  ( -9.384994480000001360, 1.499999999999999556, 12.49999999999999645 ) ) ;
#1367 = EDGE_LOOP ( 'NONE', ( #9384, #4914, #218, #5296, #8322, #9668, #855 ) ) ;
#1368 = CARTESIAN_POINT ( 'NONE',  ( 5.384994479999996919, 19.00000000000000000, -12.49999999999999645 ) ) ;
#1369 = VERTEX_POINT ( 'NONE', #3033 ) ;
#1370 = DIRECTION ( 'NONE',  ( -0.000000000000000000, -0.000000000000000000, 1.000000000000000000 ) ) ;
#1371 = CARTESIAN_POINT ( 'NONE',  ( 9.884994479999999584, 19.00000000000000000, 8.500000000000001776 ) ) ;
#1372 = CARTESIAN_POINT ( 'NONE',  ( 8.884994479999997807, 7.770166766912590894, 66.40666520094031000 ) ) ;
#1373 = ORIENTED_EDGE ( 'NONE', *, *, #9327, .T. ) ;
#1374 = ORIENTED_EDGE ( 'NONE', *, *, #9613, .F. ) ;
#1375 = AXIS2_PLACEMENT_3D ( 'NONE', #1811, #2711, #7979 ) ;
#1376 = ADVANCED_FACE ( 'NONE', ( #6087 ), #9166, .T. ) ;
#1377 = CARTESIAN_POINT ( 'NONE',  ( 7.384994479999996031, 2.799999999999998934, -13.30000000000000604 ) ) ;
#1378 = EDGE_CURVE ( 'NONE', #9699, #7065, #1532, .T. ) ;
#1379 = DIRECTION ( 'NONE',  ( -0.000000000000000000, 1.000000000000000000, 0.000000000000000000 ) ) ;
#1380 = VERTEX_POINT ( 'NONE', #3842 ) ;
#1381 = ORIENTED_EDGE ( 'NONE', *, *, #7940, .T. ) ;
#1382 = ADVANCED_FACE ( 'NONE', ( #2930 ), #6882, .T. ) ;
#1383 = DIRECTION ( 'NONE',  ( -1.000000000000000000, 1.334402673828313832E-16, -0.000000000000000000 ) ) ;
#1384 = CARTESIAN_POINT ( 'NONE',  ( 8.884994479999996031, 10.27053457559473060, 86.86309457549742774 ) ) ;
#1385 = EDGE_LOOP ( 'NONE', ( #2683, #1778, #1792, #1600, #3652, #5437, #3914, #6789 ) ) ;
#1386 = CARTESIAN_POINT ( 'NONE',  ( 8.384994479999997807, 8.269644184504846507, 64.75982140232402173 ) ) ;
#1387 = CARTESIAN_POINT ( 'NONE',  ( 5.884994479999996031, 22.00000000000000000, -59.50000000000000000 ) ) ;
#1388 = AXIS2_PLACEMENT_3D ( 'NONE', #5603, #6209, #9338 ) ;
#1389 = CARTESIAN_POINT ( 'NONE',  ( 8.884994479999999584, 7.614106563086787460, 84.15432209090036508 ) ) ;
#1390 = VECTOR ( 'NONE', #736, 1000.000000000000000 ) ;
#1391 = ORIENTED_EDGE ( 'NONE', *, *, #8386, .F. ) ;
#1392 = ADVANCED_FACE ( 'NONE', ( #8601 ), #6282, .F. ) ;
#1393 = ORIENTED_EDGE ( 'NONE', *, *, #5675, .F. ) ;
#1394 = CARTESIAN_POINT ( 'NONE',  ( 8.884994479999999584, 8.922064610690709330, 86.33227149043196391 ) ) ;
#1395 = EDGE_CURVE ( 'NONE', #1059, #5847, #2472, .T. ) ;
#1396 = PLANE ( 'NONE',  #4074 ) ;
#1397 = VECTOR ( 'NONE', #1357, 1000.000000000000114 ) ;
#1398 = ORIENTED_EDGE ( 'NONE', *, *, #5617, .T. ) ;
#1399 = ORIENTED_EDGE ( 'NONE', *, *, #1686, .T. ) ;
#1400 = B_SPLINE_CURVE_WITH_KNOTS ( 'NONE', 3,
 ( #1852, #8840, #1309, #3416, #2063, #2812, #462, #5917, #5063, #5863, #8785, #2656, #5765, #8184, #1907, #8943, #4164, #3625, #7318 ),
 .UNSPECIFIED., .F., .F.,
 ( 4, 1, 1, 1, 1, 1, 1, 1, 1, 1, 1, 1, 1, 1, 1, 1, 4 ),
 ( 0.000000000000000000, 0.06570168342875661038, 0.1294150786750945525, 0.1915234354904029879, 0.2521864833773060366, 0.3123499911156192299, 0.3721237685613552615, 0.4330964856073506453, 0.4938193516257674553, 0.5547473945538780038, 0.6157498761694016887, 0.6766332121992776338, 0.7382169121258531641, 0.8011419222854234690, 0.8654931761010562496, 0.9312569953237481712, 1.000000000000000000 ),
 .UNSPECIFIED. ) ;
#1401 = EDGE_CURVE ( 'NONE', #5128, #2553, #5581, .T. ) ;
#1402 = CARTESIAN_POINT ( 'NONE',  ( -16.38499448000000314, 4.199999999999997513, -12.50000000000000355 ) ) ;
#1403 = DIRECTION ( 'NONE',  ( 1.375019570461159196E-16, 1.000000000000000000, 0.000000000000000000 ) ) ;
#1404 = FACE_BOUND ( 'NONE', #4436, .T. ) ;
#1405 = DIRECTION ( 'NONE',  ( -1.375019570461159196E-16, -1.000000000000000000, 0.000000000000000000 ) ) ;
#1406 = CARTESIAN_POINT ( 'NONE',  ( 7.584994479999995320, -1.000000000000005107, -13.30000000000000249 ) ) ;
#1407 = CIRCLE ( 'NONE', #8772, 1.500000000000001332 ) ;
#1408 = ADVANCED_FACE ( 'NONE', ( #2429 ), #9360, .T. ) ;
#1409 = ORIENTED_EDGE ( 'NONE', *, *, #7088, .F. ) ;
#1410 = FACE_OUTER_BOUND ( 'NONE', #7912, .T. ) ;
#1411 = VERTEX_POINT ( 'NONE', #9454 ) ;
#1412 = FACE_OUTER_BOUND ( 'NONE', #9881, .T. ) ;
#1413 = LINE ( 'NONE', #9094, #2765 ) ;
#1414 = CARTESIAN_POINT ( 'NONE',  ( -17.88499447999999248, 0.5000000000000002220, -29.50000000000000000 ) ) ;
#1415 = ORIENTED_EDGE ( 'NONE', *, *, #5858, .T. ) ;
#1416 = B_SPLINE_SURFACE_WITH_KNOTS ( 'NONE', 3, 1, ( 
 ( #909, #1756 ),
 ( #5566, #7722 ),
 ( #203, #2412 ),
 ( #4805, #7108 ),
 ( #6169, #110 ),
 ( #864, #3210 ),
 ( #6267, #1002 ),
 ( #3254, #255 ),
 ( #4662, #6963 ),
 ( #3302, #6368 ),
 ( #7011, #3967 ) ),
 .UNSPECIFIED., .F., .F., .F.,
 ( 4, 1, 1, 1, 1, 1, 1, 1, 4 ),
 ( 2, 2 ),
 ( 0.000000000000000000, 0.1373137595443560122, 0.2692218990625266373, 0.3962221264994129633, 0.5191402915749174785, 0.6401115657047966589, 0.7596244324201434361, 0.8789920927638731341, 1.000000000000000000 ),
 ( 0.000000000000000000, 1.000000000000000000 ),
 .UNSPECIFIED. ) ;
#1417 = FACE_OUTER_BOUND ( 'NONE', #951, .T. ) ;
#1418 = CARTESIAN_POINT ( 'NONE',  ( -8.884994480000001360, 2.000000000000000888, 20.99999999999993605 ) ) ;
#1419 = DIRECTION ( 'NONE',  ( 1.000000000000000000, 2.319126125024811375E-18, 0.000000000000000000 ) ) ;
#1420 = CARTESIAN_POINT ( 'NONE',  ( 8.884994479999999584, 6.854134739774626617, 72.72052724408123936 ) ) ;
#1421 = CARTESIAN_POINT ( 'NONE',  ( 8.384994479999996031, 7.429505706103875617, 73.31045865170196407 ) ) ;
#1422 = AXIS2_PLACEMENT_3D ( 'NONE', #376, #9367, #6483 ) ;
#1423 = ORIENTED_EDGE ( 'NONE', *, *, #2016, .F. ) ;
#1424 = AXIS2_PLACEMENT_3D ( 'NONE', #419, #8193, #6578 ) ;
#1425 = PLANE ( 'NONE',  #3349 ) ;
#1426 = EDGE_LOOP ( 'NONE', ( #8972, #6792, #7860, #9678 ) ) ;
#1427 = DIRECTION ( 'NONE',  ( 0.000000000000000000, 0.000000000000000000, 1.000000000000000000 ) ) ;
#1428 = CARTESIAN_POINT ( 'NONE',  ( 8.884994480000024453, 2.999999999999999112, 138.0000000000000000 ) ) ;
#1429 = CARTESIAN_POINT ( 'NONE',  ( 8.884994479999996031, 8.869832124842560006, 64.80111703608940843 ) ) ;
#1430 = ORIENTED_EDGE ( 'NONE', *, *, #8278, .T. ) ;
#1431 = AXIS2_PLACEMENT_3D ( 'NONE', #1168, #8900, #5927 ) ;
#1432 = ORIENTED_EDGE ( 'NONE', *, *, #9255, .T. ) ;
#1433 = FACE_OUTER_BOUND ( 'NONE', #9525, .T. ) ;
#1434 = DIRECTION ( 'NONE',  ( 0.7071067811865670016, 0.7071067811865279218, 5.147828103733648509E-16 ) ) ;
#1435 = CARTESIAN_POINT ( 'NONE',  ( 8.884994479999997807, 9.505989593072591504, 66.26505213063713029 ) ) ;
#1436 = ORIENTED_EDGE ( 'NONE', *, *, #2993, .T. ) ;
#1437 = CARTESIAN_POINT ( 'NONE',  ( 8.384994479999997807, 8.544938723348547427, 71.01714821839945557 ) ) ;
#1438 = FACE_OUTER_BOUND ( 'NONE', #6931, .T. ) ;
#1439 = EDGE_LOOP ( 'NONE', ( #9445, #3810, #6861 ) ) ;
#1440 = AXIS2_PLACEMENT_3D ( 'NONE', #8054, #9624, #2738 ) ;
#1441 = VECTOR ( 'NONE', #4708, 1000.000000000000114 ) ;
#1442 = CARTESIAN_POINT ( 'NONE',  ( 5.884994479999921424, 19.99999999999999645, -8.500000000000007105 ) ) ;
#1443 = CARTESIAN_POINT ( 'NONE',  ( -11.18499447999999852, 0.6999999999999990674, -60.00000000000000000 ) ) ;
#1444 = CARTESIAN_POINT ( 'NONE',  ( 8.884994479999999584, 7.664950307643242589, 71.21024535562374069 ) ) ;
#1445 = EDGE_CURVE ( 'NONE', #1121, #1219, #5628, .T. ) ;
#1446 = VECTOR ( 'NONE', #2787, 1000.000000000000000 ) ;
#1447 = VERTEX_POINT ( 'NONE', #4723 ) ;
#1448 = CARTESIAN_POINT ( 'NONE',  ( 7.384994479999996031, 18.99999999999999645, -12.50000000000000178 ) ) ;
#1449 = DIRECTION ( 'NONE',  ( 1.000000000000000000, 0.000000000000000000, 0.000000000000000000 ) ) ;
#1450 = ORIENTED_EDGE ( 'NONE', *, *, #9188, .T. ) ;
#1451 = ORIENTED_EDGE ( 'NONE', *, *, #7560, .T. ) ;
#1452 = VERTEX_POINT ( 'NONE', #8701 ) ;
#1453 = LINE ( 'NONE', #754, #8615 ) ;
#1454 = CARTESIAN_POINT ( 'NONE',  ( -7.884994480000007577, 22.00100000000000122, 73.99999999999998579 ) ) ;
#1455 = CARTESIAN_POINT ( 'NONE',  ( -2.884994479999992922, 1.500000000000025535, -45.00000000000000000 ) ) ;
#1456 = DIRECTION ( 'NONE',  ( -0.000000000000000000, -0.000000000000000000, 1.000000000000000000 ) ) ;
#1457 = EDGE_CURVE ( 'NONE', #1153, #9066, #6977, .T. ) ;
#1458 = EDGE_CURVE ( 'NONE', #9314, #2954, #7790, .T. ) ;
#1459 = EDGE_CURVE ( 'NONE', #1141, #2799, #3982, .T. ) ;
#1460 = EDGE_CURVE ( 'NONE', #7646, #251, #4773, .T. ) ;
#1461 = EDGE_CURVE ( 'NONE', #7141, #9497, #1818, .T. ) ;
#1462 = ORIENTED_EDGE ( 'NONE', *, *, #6343, .T. ) ;
#1463 = LINE ( 'NONE', #555, #7814 ) ;
#1464 = EDGE_LOOP ( 'NONE', ( #2737, #725, #9878, #2890, #8717 ) ) ;
#1465 = FACE_OUTER_BOUND ( 'NONE', #847, .T. ) ;
#1466 = CARTESIAN_POINT ( 'NONE',  ( 8.384994479999999584, 8.868987723731345696, 64.63833395142248150 ) ) ;
#1467 = CARTESIAN_POINT ( 'NONE',  ( 8.884994479999999584, 9.388396534789819725, 73.38356763146785511 ) ) ;
#1468 = EDGE_LOOP ( 'NONE', ( #6401, #5678, #572 ) ) ;
#1469 = CARTESIAN_POINT ( 'NONE',  ( -7.884994480000007577, 0.5000000000000004441, 86.00000000000001421 ) ) ;
#1470 = EDGE_CURVE ( 'NONE', #412, #8041, #6507, .T. ) ;
#1471 = CARTESIAN_POINT ( 'NONE',  ( 6.092101261186554595, 21.49999999999997158, 138.0000000000000000 ) ) ;
#1472 = EDGE_CURVE ( 'NONE', #584, #5251, #176, .T. ) ;
#1473 = LINE ( 'NONE', #5972, #7978 ) ;
#1474 = CARTESIAN_POINT ( 'NONE',  ( 8.884994479999996031, 7.429505706103875617, 73.31045865170196407 ) ) ;
#1475 = CARTESIAN_POINT ( 'NONE',  ( 8.884994480000001360, 7.319517435441284192, 73.24750477250874781 ) ) ;
#1476 = ORIENTED_EDGE ( 'NONE', *, *, #353, .F. ) ;
#1477 = FACE_OUTER_BOUND ( 'NONE', #8037, .T. ) ;
#1478 = ORIENTED_EDGE ( 'NONE', *, *, #8318, .T. ) ;
#1479 = DIRECTION ( 'NONE',  ( 0.000000000000000000, 0.000000000000000000, 1.000000000000000000 ) ) ;
#1480 = CARTESIAN_POINT ( 'NONE',  ( 6.216365329898471792, 19.66862915010151980, 12.50000000000000000 ) ) ;
#1481 = PLANE ( 'NONE',  #2666 ) ;
#1482 = VERTEX_POINT ( 'NONE', #2520 ) ;
#1483 = CARTESIAN_POINT ( 'NONE',  ( 7.384994479999996031, 1.999999999999999112, 13.30000000000000604 ) ) ;
#1484 = CARTESIAN_POINT ( 'NONE',  ( -7.384994479999946293, 1.499999999999942268, 33.49999999999998579 ) ) ;
#1485 = CARTESIAN_POINT ( 'NONE',  ( 8.384994479999996031, 8.959557316235290614, 65.40431062263328954 ) ) ;
#1486 = EDGE_LOOP ( 'NONE', ( #5695, #4787, #2210, #9628 ) ) ;
#1487 = VECTOR ( 'NONE', #3829, 1000.000000000000000 ) ;
#1488 = LINE ( 'NONE', #4632, #4302 ) ;
#1489 = DIRECTION ( 'NONE',  ( 1.000000000000000000, 0.000000000000000000, 0.000000000000000000 ) ) ;
#1490 = ORIENTED_EDGE ( 'NONE', *, *, #6465, .F. ) ;
#1491 = CARTESIAN_POINT ( 'NONE',  ( 8.384994479999996031, 8.269791120647768778, 64.71828490526250732 ) ) ;
#1492 = FACE_OUTER_BOUND ( 'NONE', #2225, .T. ) ;
#1493 = CARTESIAN_POINT ( 'NONE',  ( 8.884994479999999584, 8.386776052888004429, 71.01981414247055113 ) ) ;
#1494 = ORIENTED_EDGE ( 'NONE', *, *, #214, .F. ) ;
#1495 = VECTOR ( 'NONE', #6621, 1000.000000000000000 ) ;
#1496 = DIRECTION ( 'NONE',  ( 0.000000000000000000, -0.000000000000000000, -1.000000000000000000 ) ) ;
#1497 = CARTESIAN_POINT ( 'NONE',  ( 8.884994479999997807, 9.982426571649158475, 73.01584091650218511 ) ) ;
#1498 = EDGE_LOOP ( 'NONE', ( #6070, #28, #3679, #1494 ) ) ;
#1499 = CARTESIAN_POINT ( 'NONE',  ( -17.63499448000000314, 1.500000000000029532, -21.75000000000000711 ) ) ;
#1500 = CARTESIAN_POINT ( 'NONE',  ( -3.384994479999965833, 1.500000000000027534, -45.00000000000000000 ) ) ;
#1501 = CARTESIAN_POINT ( 'NONE',  ( 5.884994479999996031, 22.00000000000000000, 137.4999999999999716 ) ) ;
#1502 = DIRECTION ( 'NONE',  ( 1.000000000000000000, 0.000000000000000000, -0.000000000000000000 ) ) ;
#1503 = ADVANCED_FACE ( 'NONE', ( #7738 ), #1772, .T. ) ;
#1504 = PLANE ( 'NONE',  #1225 ) ;
#1505 = ORIENTED_EDGE ( 'NONE', *, *, #1563, .T. ) ;
#1506 = VECTOR ( 'NONE', #80, 1000.000000000000000 ) ;
#1507 = EDGE_CURVE ( 'NONE', #6032, #940, #270, .T. ) ;
#1508 = DIRECTION ( 'NONE',  ( -1.000000000000000000, 1.066210604224532462E-16, 0.000000000000000000 ) ) ;
#1509 = VERTEX_POINT ( 'NONE', #3375 ) ;
#1510 = ADVANCED_FACE ( 'NONE', ( #6432 ), #9498, .T. ) ;
#1511 = DIRECTION ( 'NONE',  ( 0.000000000000000000, 0.9348432628350445972, -0.3550606623267744122 ) ) ;
#1512 = CARTESIAN_POINT ( 'NONE',  ( 8.384994479999997807, 10.34286423941982314, 72.04335450318964718 ) ) ;
#1513 = CARTESIAN_POINT ( 'NONE',  ( 8.884994479999997807, 9.487580902570568853, 73.34711127647101137 ) ) ;
#1514 = ORIENTED_EDGE ( 'NONE', *, *, #4581, .T. ) ;
#1515 = EDGE_CURVE ( 'NONE', #5633, #8140, #4674, .T. ) ;
#1516 = PLANE ( 'NONE',  #7765 ) ;
#1517 = CARTESIAN_POINT ( 'NONE',  ( 8.884994480000003136, 7.345415741520774588, 72.21850200645484108 ) ) ;
#1518 = DIRECTION ( 'NONE',  ( -0.7071067811865477948, 0.7071067811865473507, -2.755629954852432208E-16 ) ) ;
#1519 = CARTESIAN_POINT ( 'NONE',  ( 8.884994479999997807, 9.393430545289694678, 66.26905136760485959 ) ) ;
#1520 = EDGE_CURVE ( 'NONE', #1112, #5156, #9701, .T. ) ;
#1521 = FACE_OUTER_BOUND ( 'NONE', #4173, .T. ) ;
#1522 = CARTESIAN_POINT ( 'NONE',  ( 8.384994479999997807, 6.704698045968550346, 72.10554616806869888 ) ) ;
#1523 = ORIENTED_EDGE ( 'NONE', *, *, #2730, .T. ) ;
#1524 = EDGE_CURVE ( 'NONE', #8598, #5433, #1317, .T. ) ;
#1525 = CARTESIAN_POINT ( 'NONE',  ( 8.384994479999999584, 7.057755778121378221, 66.16231890458675480 ) ) ;
#1526 = ORIENTED_EDGE ( 'NONE', *, *, #7130, .F. ) ;
#1527 = LINE ( 'NONE', #122, #6178 ) ;
#1528 = CARTESIAN_POINT ( 'NONE',  ( 7.884994479999996031, -0.001000000000001000089, -8.500000000000007105 ) ) ;
#1529 = ORIENTED_EDGE ( 'NONE', *, *, #9176, .F. ) ;
#1530 = AXIS2_PLACEMENT_3D ( 'NONE', #5414, #4059, #8492 ) ;
#1531 = EDGE_CURVE ( 'NONE', #2432, #592, #5825, .T. ) ;
#1532 = LINE ( 'NONE', #4579, #6026 ) ;
#1533 = LINE ( 'NONE', #1583, #2965 ) ;
#1534 = DIRECTION ( 'NONE',  ( 4.605861719268250263E-18, -1.000000000000000000, 0.000000000000000000 ) ) ;
#1535 = ORIENTED_EDGE ( 'NONE', *, *, #3599, .F. ) ;
#1536 = AXIS2_PLACEMENT_3D ( 'NONE', #8569, #890, #4737 ) ;
#1537 = DIRECTION ( 'NONE',  ( -0.000000000000000000, -0.000000000000000000, -1.000000000000000000 ) ) ;
#1538 = CARTESIAN_POINT ( 'NONE',  ( 8.384994479999999584, 8.702248215860459268, 70.32948519175964464 ) ) ;
#1539 = EDGE_LOOP ( 'NONE', ( #2008, #1478, #9331, #9305 ) ) ;
#1540 = LINE ( 'NONE', #7394, #9834 ) ;
#1541 = DIRECTION ( 'NONE',  ( 0.000000000000000000, 1.000000000000000000, 0.000000000000000000 ) ) ;
#1542 = CARTESIAN_POINT ( 'NONE',  ( 8.384994479999997807, 7.318079788848047329, 71.74324355750682969 ) ) ;
#1543 = CARTESIAN_POINT ( 'NONE',  ( 8.384994479999997807, 7.766314224606290395, 84.19830300746821194 ) ) ;
#1544 = CARTESIAN_POINT ( 'NONE',  ( 8.884994479999999584, 9.744247955502608249, 71.90831641876457070 ) ) ;
#1545 = ORIENTED_EDGE ( 'NONE', *, *, #9535, .T. ) ;
#1546 = AXIS2_PLACEMENT_3D ( 'NONE', #6181, #7068, #2371 ) ;
#1547 = FACE_OUTER_BOUND ( 'NONE', #463, .T. ) ;
#1548 = DIRECTION ( 'NONE',  ( -1.000000000000000000, 1.334402673828313832E-16, -0.000000000000000000 ) ) ;
#1549 = CARTESIAN_POINT ( 'NONE',  ( 8.884994480000026229, 18.99999999999999645, 138.0000000000000000 ) ) ;
#1550 = CARTESIAN_POINT ( 'NONE',  ( 9.884994480000022676, 18.99999999999999645, -60.00000000000000000 ) ) ;
#1551 = CARTESIAN_POINT ( 'NONE',  ( 18.11500552000002529, 29.00000000000007816, -6.000000000000324185 ) ) ;
#1552 = VECTOR ( 'NONE', #8647, 1000.000000000000000 ) ;
#1553 = VECTOR ( 'NONE', #3548, 1000.000000000000000 ) ;
#1554 = CARTESIAN_POINT ( 'NONE',  ( 8.884994479999999584, 9.622407836847184370, 72.39544015197351712 ) ) ;
#1555 = EDGE_LOOP ( 'NONE', ( #3085, #4261, #2631 ) ) ;
#1556 = ORIENTED_EDGE ( 'NONE', *, *, #2127, .F. ) ;
#1557 = CARTESIAN_POINT ( 'NONE',  ( 8.384994479999997807, 18.99999999999999645, -13.30000000000000604 ) ) ;
#1558 = LINE ( 'NONE', #8537, #7733 ) ;
#1559 = CARTESIAN_POINT ( 'NONE',  ( 8.884994479999997807, 9.319370343175988225, 73.40384155712773406 ) ) ;
#1560 = VECTOR ( 'NONE', #136, 1000.000000000000227 ) ;
#1561 = DIRECTION ( 'NONE',  ( -0.7071067811865279218, -0.7071067811865672237, -0.000000000000000000 ) ) ;
#1562 = CARTESIAN_POINT ( 'NONE',  ( 8.384994480000001360, 7.303563876739961103, 72.01107315347174165 ) ) ;
#1563 = EDGE_CURVE ( 'NONE', #815, #8132, #2768, .T. ) ;
#1564 = PLANE ( 'NONE',  #3330 ) ;
#1565 = ADVANCED_FACE ( 'NONE', ( #4327 ), #8036, .T. ) ;
#1566 = VECTOR ( 'NONE', #1752, 1000.000000000000000 ) ;
#1567 = CARTESIAN_POINT ( 'NONE',  ( 8.884994479999997807, 8.928368388903969333, 66.14031665281090966 ) ) ;
#1568 = CARTESIAN_POINT ( 'NONE',  ( 8.884994479999997807, 7.324061271574146659, 65.33196489872078416 ) ) ;
#1569 = CARTESIAN_POINT ( 'NONE',  ( 8.884994479999996031, 7.220311958300829502, 73.17546344892058130 ) ) ;
#1570 = ORIENTED_EDGE ( 'NONE', *, *, #9606, .T. ) ;
#1571 = CARTESIAN_POINT ( 'NONE',  ( 8.384994479999996031, 6.970868795098068560, 66.07825161525911994 ) ) ;
#1572 = ORIENTED_EDGE ( 'NONE', *, *, #1989, .F. ) ;
#1573 = CARTESIAN_POINT ( 'NONE',  ( 8.884994479999999584, 7.057755778121378221, 66.16231890458675480 ) ) ;
#1574 = FACE_OUTER_BOUND ( 'NONE', #2766, .T. ) ;
#1575 = EDGE_CURVE ( 'NONE', #193, #5913, #1917, .T. ) ;
#1576 = ORIENTED_EDGE ( 'NONE', *, *, #2321, .T. ) ;
#1577 = EDGE_CURVE ( 'NONE', #5949, #614, #6629, .T. ) ;
#1578 = ORIENTED_EDGE ( 'NONE', *, *, #5542, .F. ) ;
#1579 = EDGE_CURVE ( 'NONE', #7538, #7949, #8953, .T. ) ;
#1580 = CIRCLE ( 'NONE', #321, 1.700000000000000178 ) ;
#1581 = DIRECTION ( 'NONE',  ( -0.7071067811865469066, -0.7071067811865482389, 0.000000000000000000 ) ) ;
#1582 = AXIS2_PLACEMENT_3D ( 'NONE', #7364, #8077, #2058 ) ;
#1583 = CARTESIAN_POINT ( 'NONE',  ( 8.384994479999997807, 8.131497037614915158, 68.83901641063201282 ) ) ;
#1584 = CARTESIAN_POINT ( 'NONE',  ( 8.384994479999997807, 9.744928006331527115, 71.94198989868165484 ) ) ;
#1585 = ORIENTED_EDGE ( 'NONE', *, *, #9788, .T. ) ;
#1586 = FACE_OUTER_BOUND ( 'NONE', #6496, .T. ) ;
#1587 = CARTESIAN_POINT ( 'NONE',  ( 8.384994479999997807, 10.15682077481396384, 71.16734196377461785 ) ) ;
#1588 = ORIENTED_EDGE ( 'NONE', *, *, #5263, .T. ) ;
#1589 = CARTESIAN_POINT ( 'NONE',  ( 8.384994479999997807, 6.702458179608773214, 86.73657565646701073 ) ) ;
#1590 = CARTESIAN_POINT ( 'NONE',  ( -17.88499447999999958, 0.5000000000000002220, -45.49999999999997158 ) ) ;
#1591 = DIRECTION ( 'NONE',  ( 0.7071067811865455743, 0.000000000000000000, -0.7071067811865495711 ) ) ;
#1592 = VECTOR ( 'NONE', #2858, 1000.000000000000114 ) ;
#1593 = ADVANCED_FACE ( 'NONE', ( #2020 ), #5822, .F. ) ;
#1594 = ORIENTED_EDGE ( 'NONE', *, *, #3837, .F. ) ;
#1595 = ADVANCED_FACE ( 'NONE', ( #9651 ), #7375, .T. ) ;
#1596 = CARTESIAN_POINT ( 'NONE',  ( 8.384994479999997807, 7.951695714473090426, 84.25559208503719333 ) ) ;
#1597 = CARTESIAN_POINT ( 'NONE',  ( 7.384994479999996031, 19.99999999999999645, 13.30000000000000604 ) ) ;
#1598 = ORIENTED_EDGE ( 'NONE', *, *, #8005, .T. ) ;
#1599 = VECTOR ( 'NONE', #6058, 999.9999999999998863 ) ;
#1600 = ORIENTED_EDGE ( 'NONE', *, *, #2604, .F. ) ;
#1601 = VECTOR ( 'NONE', #1799, 1000.000000000000000 ) ;
#1602 = LINE ( 'NONE', #9333, #2203 ) ;
#1603 = CARTESIAN_POINT ( 'NONE',  ( 8.884994479999997807, 7.801934395919686516, 65.71502479911072214 ) ) ;
#1604 = DIRECTION ( 'NONE',  ( -0.7071067811865472397, 9.722856625372991039E-17, -0.7071067811865479058 ) ) ;
#1605 = DIRECTION ( 'NONE',  ( -1.000000000000000000, 0.000000000000000000, 0.000000000000000000 ) ) ;
#1606 = DIRECTION ( 'NONE',  ( -0.000000000000000000, 0.7071067811865686670, -0.7071067811865263675 ) ) ;
#1607 = ORIENTED_EDGE ( 'NONE', *, *, #8623, .T. ) ;
#1608 = ORIENTED_EDGE ( 'NONE', *, *, #4072, .F. ) ;
#1609 = DIRECTION ( 'NONE',  ( 1.000000000000000000, 0.000000000000000000, -0.000000000000000000 ) ) ;
#1610 = VERTEX_POINT ( 'NONE', #517 ) ;
#1611 = DIRECTION ( 'NONE',  ( -0.7071067811865472397, -0.7071067811865479058, 0.000000000000000000 ) ) ;
#1612 = CARTESIAN_POINT ( 'NONE',  ( 7.384994479999996031, 18.99999999999999645, -60.00000000000000000 ) ) ;
#1613 = FACE_OUTER_BOUND ( 'NONE', #3286, .T. ) ;
#1614 = FACE_OUTER_BOUND ( 'NONE', #2288, .T. ) ;
#1615 = CARTESIAN_POINT ( 'NONE',  ( 8.884994479999996031, 7.526549313634389726, 72.51093635760956602 ) ) ;
#1616 = LINE ( 'NONE', #4664, #3181 ) ;
#1617 = PLANE ( 'NONE',  #5321 ) ;
#1618 = CARTESIAN_POINT ( 'NONE',  ( 8.384994479999996031, 7.547435416875028835, 73.36824006361939610 ) ) ;
#1619 = ORIENTED_EDGE ( 'NONE', *, *, #6910, .F. ) ;
#1620 = CARTESIAN_POINT ( 'NONE',  ( -2.884994480000013795, 1.499999999999970246, 86.50000000000002842 ) ) ;
#1621 = ORIENTED_EDGE ( 'NONE', *, *, #8371, .T. ) ;
#1622 = DIRECTION ( 'NONE',  ( 1.000000000000000000, 0.000000000000000000, -0.000000000000000000 ) ) ;
#1623 = CARTESIAN_POINT ( 'NONE',  ( 8.884994479999994255, -6.672013369141569161E-17, 0.000000000000000000 ) ) ;
#1624 = EDGE_CURVE ( 'NONE', #1059, #9400, #7984, .T. ) ;
#1625 = ORIENTED_EDGE ( 'NONE', *, *, #3222, .T. ) ;
#1626 = ORIENTED_EDGE ( 'NONE', *, *, #8190, .F. ) ;
#1627 = AXIS2_PLACEMENT_3D ( 'NONE', #2386, #1541, #2438 ) ;
#1628 = DIRECTION ( 'NONE',  ( -0.7071067811865469066, -0.7071067811865482389, 0.000000000000000000 ) ) ;
#1629 = DIRECTION ( 'NONE',  ( -0.000000000000000000, -1.000000000000000000, 0.000000000000000000 ) ) ;
#1630 = CARTESIAN_POINT ( 'NONE',  ( 8.884994479999996031, 9.614696052340669041, 66.24320827542877055 ) ) ;
#1631 = EDGE_CURVE ( 'NONE', #6832, #5252, #3583, .T. ) ;
#1632 = ORIENTED_EDGE ( 'NONE', *, *, #2501, .F. ) ;
#1633 = ADVANCED_FACE ( 'NONE', ( #8846 ), #1216, .F. ) ;
#1634 = CARTESIAN_POINT ( 'NONE',  ( 8.884994479999997807, 10.29810433846293805, 86.87342917613494819 ) ) ;
#1635 = CARTESIAN_POINT ( 'NONE',  ( 8.384994479999997807, 8.563487619588546096, 70.32696808583455095 ) ) ;
#1636 = ORIENTED_EDGE ( 'NONE', *, *, #3051, .T. ) ;
#1637 = DIRECTION ( 'NONE',  ( 1.000000000000000000, -1.334402673828313832E-16, 0.000000000000000000 ) ) ;
#1638 = LINE ( 'NONE', #1681, #7060 ) ;
#1639 = EDGE_CURVE ( 'NONE', #6399, #9406, #9554, .T. ) ;
#1640 = LINE ( 'NONE', #5450, #8444 ) ;
#1641 = DIRECTION ( 'NONE',  ( -1.000000000000000000, 1.334402673828313832E-16, -0.000000000000000000 ) ) ;
#1642 = CARTESIAN_POINT ( 'NONE',  ( 8.384994479999997807, 6.703666272657642367, 71.90733464034329359 ) ) ;
#1643 = ORIENTED_EDGE ( 'NONE', *, *, #5615, .T. ) ;
#1644 = EDGE_CURVE ( 'NONE', #7523, #7439, #3019, .T. ) ;
#1645 = LINE ( 'NONE', #7708, #1078 ) ;
#1646 = CARTESIAN_POINT ( 'NONE',  ( 8.884994479999997807, 8.215691591782999126, 65.40540915985759796 ) ) ;
#1647 = CARTESIAN_POINT ( 'NONE',  ( 8.384994479999997807, 10.27145206103789477, 65.44281196533957257 ) ) ;
#1648 = CARTESIAN_POINT ( 'NONE',  ( -4.806533510917348373, 3.000000000000000000, -12.49999999999999822 ) ) ;
#1649 = EDGE_CURVE ( 'NONE', #377, #8709, #9102, .T. ) ;
#1650 = CARTESIAN_POINT ( 'NONE',  ( 8.884994479999997807, 7.322320790385826506, 65.32116996085945004 ) ) ;
#1651 = AXIS2_PLACEMENT_3D ( 'NONE', #1052, #2705, #9588 ) ;
#1652 = VECTOR ( 'NONE', #2723, 1000.000000000000000 ) ;
#1653 = CARTESIAN_POINT ( 'NONE',  ( 8.884994479999994255, 9.394260182654946334, 72.62172777762989995 ) ) ;
#1654 = ORIENTED_EDGE ( 'NONE', *, *, #9751, .F. ) ;
#1655 = EDGE_CURVE ( 'NONE', #9560, #5633, #8595, .T. ) ;
#1656 = VECTOR ( 'NONE', #5704, 999.9999999999998863 ) ;
#1657 = FACE_OUTER_BOUND ( 'NONE', #7464, .T. ) ;
#1658 = DIRECTION ( 'NONE',  ( -1.000000000000000000, 1.066210604224532462E-16, 0.000000000000000000 ) ) ;
#1659 = CARTESIAN_POINT ( 'NONE',  ( 8.384994479999997807, 9.198601906540417872, 71.11453769596896279 ) ) ;
#1660 = VECTOR ( 'NONE', #3785, 1000.000000000000000 ) ;
#1661 = B_SPLINE_SURFACE_WITH_KNOTS ( 'NONE', 3, 1, ( 
 ( #6697, #5344 ),
 ( #6746, #9822 ),
 ( #1493, #6893 ),
 ( #7601, #1342 ),
 ( #3803, #2889 ),
 ( #9875, #9928 ),
 ( #9175, #9075 ),
 ( #9777, #8364 ),
 ( #1444, #6846 ),
 ( #2190, #2287 ),
 ( #4490, #2941 ),
 ( #8265, #5997 ),
 ( #693, #8415 ),
 ( #4395, #3655 ),
 ( #797, #5244 ),
 ( #5294, #1542 ),
 ( #5945, #3755 ),
 ( #2140, #4590 ),
 ( #45, #6795 ) ),
 .UNSPECIFIED., .F., .F., .F.,
 ( 4, 1, 1, 1, 1, 1, 1, 1, 1, 1, 1, 1, 1, 1, 1, 1, 4 ),
 ( 2, 2 ),
 ( 0.000000000000000000, 0.09220052324982468128, 0.1776562063346656950, 0.2567326390896453869, 0.3301772571831202430, 0.3980629730222468021, 0.4609948825589312293, 0.5197313822480142953, 0.5755274482039769435, 0.6291144651776321428, 0.6812540318781465931, 0.7324976518742669640, 0.7837920024692954790, 0.8356233109393965686, 0.8883787615860627707, 0.9430077855801572984, 1.000000000000000000 ),
 ( 0.000000000000000000, 1.000000000000000000 ),
 .UNSPECIFIED. ) ;
#1662 = CARTESIAN_POINT ( 'NONE',  ( 8.884994479999999584, 9.950928567515882506, 73.05050340799186870 ) ) ;
#1663 = CARTESIAN_POINT ( 'NONE',  ( 8.884994479999997807, 9.208496643927567504, 65.57369224220593651 ) ) ;
#1664 = DIRECTION ( 'NONE',  ( -0.7071067811865474617, -0.7071067811865475727, 8.433113791758561457E-17 ) ) ;
#1665 = DIRECTION ( 'NONE',  ( 1.000000000000000000, -1.066210604224532462E-16, 0.000000000000000000 ) ) ;
#1666 = FACE_BOUND ( 'NONE', #4487, .T. ) ;
#1667 = ORIENTED_EDGE ( 'NONE', *, *, #8519, .F. ) ;
#1668 = CARTESIAN_POINT ( 'NONE',  ( 8.884994479999997807, 9.505989593072591504, 66.26505213063713029 ) ) ;
#1669 = CYLINDRICAL_SURFACE ( 'NONE', #7425, 0.7999999999999999334 ) ;
#1670 = CARTESIAN_POINT ( 'NONE',  ( 8.384994479999997807, 8.688274778158639577, 74.75108846028648202 ) ) ;
#1671 = DIRECTION ( 'NONE',  ( 0.000000000000000000, 0.000000000000000000, -1.000000000000000000 ) ) ;
#1672 = VERTEX_POINT ( 'NONE', #6727 ) ;
#1673 = EDGE_LOOP ( 'NONE', ( #6134, #1608, #5976, #5442 ) ) ;
#1674 = CARTESIAN_POINT ( 'NONE',  ( -17.38499447999996406, -1.971257206271086048E-17, 126.5000000000000284 ) ) ;
#1675 = CARTESIAN_POINT ( 'NONE',  ( 8.884994479999997807, 6.725449398954123303, 65.48202808810114561 ) ) ;
#1676 = CARTESIAN_POINT ( 'NONE',  ( 8.884994480000001360, 4.121084563853848997E-17, -59.50000000000000000 ) ) ;
#1677 = ORIENTED_EDGE ( 'NONE', *, *, #9176, .T. ) ;
#1678 = DIRECTION ( 'NONE',  ( 0.000000000000000000, 0.000000000000000000, -1.000000000000000000 ) ) ;
#1679 = ORIENTED_EDGE ( 'NONE', *, *, #712, .T. ) ;
#1680 = CARTESIAN_POINT ( 'NONE',  ( 8.884994479999997807, 10.29810433846293805, 77.21733294103901812 ) ) ;
#1681 = CARTESIAN_POINT ( 'NONE',  ( -17.38499448000003511, -1.971257206271100839E-17, -59.50000000000000000 ) ) ;
#1682 = AXIS2_PLACEMENT_3D ( 'NONE', #3918, #8633, #9249 ) ;
#1683 = DIRECTION ( 'NONE',  ( 0.7071067811865279218, 0.000000000000000000, -0.7071067811865671127 ) ) ;
#1684 = CARTESIAN_POINT ( 'NONE',  ( 8.267282045553207226, 19.47071079408718219, 8.117712434446801240 ) ) ;
#1685 = EDGE_CURVE ( 'NONE', #8144, #1411, #4517, .T. ) ;
#1686 = EDGE_CURVE ( 'NONE', #5231, #9164, #6819, .T. ) ;
#1687 = CARTESIAN_POINT ( 'NONE',  ( 8.884994479999997807, 6.702848333434041628, 64.68323224172002028 ) ) ;
#1688 = CARTESIAN_POINT ( 'NONE',  ( 8.884994479999997807, 9.088929538807157371, 71.07894084950282831 ) ) ;
#1689 = EDGE_CURVE ( 'NONE', #1347, #4493, #5370, .T. ) ;
#1690 = VECTOR ( 'NONE', #7593, 1000.000000000000000 ) ;
#1691 = ORIENTED_EDGE ( 'NONE', *, *, #3111, .F. ) ;
#1692 = LINE ( 'NONE', #6255, #3006 ) ;
#1693 = CARTESIAN_POINT ( 'NONE',  ( 8.884994479999997807, 8.267511744472498592, 64.95217640861899611 ) ) ;
#1694 = CARTESIAN_POINT ( 'NONE',  ( 8.205622278064209851, 19.58628419251740738, 8.218426919301339950 ) ) ;
#1695 = ORIENTED_EDGE ( 'NONE', *, *, #7270, .F. ) ;
#1696 = DIRECTION ( 'NONE',  ( 0.000000000000000000, 0.000000000000000000, -1.000000000000000000 ) ) ;
#1697 = FACE_OUTER_BOUND ( 'NONE', #7483, .T. ) ;
#1698 = VECTOR ( 'NONE', #7044, 1000.000000000000114 ) ;
#1699 = EDGE_CURVE ( 'NONE', #5671, #6032, #3877, .T. ) ;
#1700 = ADVANCED_FACE ( 'NONE', ( #8239 ), #4419, .T. ) ;
#1701 = EDGE_CURVE ( 'NONE', #82, #8691, #3688, .T. ) ;
#1702 = VECTOR ( 'NONE', #7133, 1000.000000000000000 ) ;
#1703 = CARTESIAN_POINT ( 'NONE',  ( 8.384994479999997807, 9.497332275014461089, 72.54447158765448478 ) ) ;
#1704 = ORIENTED_EDGE ( 'NONE', *, *, #155, .T. ) ;
#1705 = PLANE ( 'NONE',  #7473 ) ;
#1706 = DIRECTION ( 'NONE',  ( 1.000000000000000000, 0.000000000000000000, 0.000000000000000000 ) ) ;
#1707 = CARTESIAN_POINT ( 'NONE',  ( 8.884994479999997807, 9.698829978653909833, 64.10244406675683138 ) ) ;
#1708 = DIRECTION ( 'NONE',  ( -1.000000000000000000, 0.000000000000000000, 0.000000000000000000 ) ) ;
#1709 = VECTOR ( 'NONE', #265, 1000.000000000000000 ) ;
#1710 = ADVANCED_FACE ( 'NONE', ( #4112 ), #3121, .T. ) ;
#1711 = AXIS2_PLACEMENT_3D ( 'NONE', #8567, #7090, #3193 ) ;
#1712 = CARTESIAN_POINT ( 'NONE',  ( -7.884994480000002248, 0.5000000000000558442, 32.99999999999992895 ) ) ;
#1713 = AXIS2_PLACEMENT_3D ( 'NONE', #2925, #6782, #6735 ) ;
#1714 = LINE ( 'NONE', #1568, #2281 ) ;
#1715 = CARTESIAN_POINT ( 'NONE',  ( 8.384994479999997807, 6.702458179608773214, 66.63783558902578363 ) ) ;
#1716 = ORIENTED_EDGE ( 'NONE', *, *, #7688, .T. ) ;
#1717 = CARTESIAN_POINT ( 'NONE',  ( 8.384994480000001360, 9.431472478103087198, 66.26769973300038430 ) ) ;
#1718 = DIRECTION ( 'NONE',  ( -0.7071067811865476838, 0.7071067811865474617, -0.000000000000000000 ) ) ;
#1719 = CARTESIAN_POINT ( 'NONE',  ( -7.584994479999995320, 2.000000000000000888, 8.499999999999998224 ) ) ;
#1720 = CARTESIAN_POINT ( 'NONE',  ( 8.884994479999999584, 9.859048426080809335, 70.78118716700038249 ) ) ;
#1721 = ORIENTED_EDGE ( 'NONE', *, *, #2851, .F. ) ;
#1722 = VECTOR ( 'NONE', #7197, 1000.000000000000000 ) ;
#1723 = VERTEX_POINT ( 'NONE', #9254 ) ;
#1724 = DIRECTION ( 'NONE',  ( -1.000000000000000000, 1.084202172485504804E-16, 0.000000000000000000 ) ) ;
#1725 = CARTESIAN_POINT ( 'NONE',  ( 8.884994479999997807, 6.710679047589926505, 65.18624860153957457 ) ) ;
#1726 = CARTESIAN_POINT ( 'NONE',  ( -7.884994480000007577, 1.499999999999997780, 73.49999999999998579 ) ) ;
#1727 = EDGE_LOOP ( 'NONE', ( #1771, #2406, #3441, #5928 ) ) ;
#1728 = CARTESIAN_POINT ( 'NONE',  ( 8.884994479999997807, 9.667950144057407158, 73.26482501678439974 ) ) ;
#1729 = ORIENTED_EDGE ( 'NONE', *, *, #8264, .F. ) ;
#1730 = PLANE ( 'NONE',  #4734 ) ;
#1731 = LINE ( 'NONE', #4130, #6290 ) ;
#1732 = CARTESIAN_POINT ( 'NONE',  ( 8.884994479999997807, 10.29810433846293805, 87.42804607163128594 ) ) ;
#1733 = VECTOR ( 'NONE', #6568, 1000.000000000000000 ) ;
#1734 = PRODUCT ( 'MB_cable_rail_H_back_v1', 'MB_cable_rail_H_back_v1', '', ( #386 ) ) ;
#1735 = DIRECTION ( 'NONE',  ( -1.000000000000000000, 1.084202172485504804E-16, 0.000000000000000000 ) ) ;
#1736 = DIRECTION ( 'NONE',  ( -1.000000000000000000, -2.319126125024811375E-18, 0.000000000000000000 ) ) ;
#1737 = VERTEX_POINT ( 'NONE', #9442 ) ;
#1738 = LINE ( 'NONE', #7852, #4438 ) ;
#1739 = FACE_OUTER_BOUND ( 'NONE', #2204, .T. ) ;
#1740 = CARTESIAN_POINT ( 'NONE',  ( 8.884994479999997807, 7.786482111715247179, 74.75108846028648202 ) ) ;
#1741 = ORIENTED_EDGE ( 'NONE', *, *, #4015, .T. ) ;
#1742 = AXIS2_PLACEMENT_3D ( 'NONE', #5722, #6530, #3429 ) ;
#1743 = CARTESIAN_POINT ( 'NONE',  ( -7.884994480000007577, 0.5000000000000003331, 85.50000000000001421 ) ) ;
#1744 = CARTESIAN_POINT ( 'NONE',  ( 8.884994479999997807, 7.303333951263719648, 64.99270836215517022 ) ) ;
#1745 = ADVANCED_FACE ( 'NONE', ( #9391 ), #3167, .T. ) ;
#1746 = AXIS2_PLACEMENT_3D ( 'NONE', #2466, #4717, #3975 ) ;
#1747 = DIRECTION ( 'NONE',  ( 1.000000000000000000, 2.319126125024811375E-18, 0.000000000000000000 ) ) ;
#1748 = VECTOR ( 'NONE', #1846, 1000.000000000000000 ) ;
#1749 = ORIENTED_EDGE ( 'NONE', *, *, #230, .T. ) ;
#1750 = CARTESIAN_POINT ( 'NONE',  ( 8.384994479999996031, 9.655915186570293685, 72.33945984358987857 ) ) ;
#1751 = ORIENTED_EDGE ( 'NONE', *, *, #5488, .T. ) ;
#1752 = DIRECTION ( 'NONE',  ( -1.000000000000000000, 1.334402673828313832E-16, -0.000000000000000000 ) ) ;
#1753 = CARTESIAN_POINT ( 'NONE',  ( 8.884994479999997807, 8.928368388903969333, 66.14031665281090966 ) ) ;
#1754 = CARTESIAN_POINT ( 'NONE',  ( 5.884994479999997807, 19.99999999999999645, 137.4999999999999716 ) ) ;
#1755 = EDGE_CURVE ( 'NONE', #7393, #6032, #7826, .T. ) ;
#1756 = CARTESIAN_POINT ( 'NONE',  ( 8.384994479999997807, 10.34420236614055533, 71.99024877140665524 ) ) ;
#1757 = VECTOR ( 'NONE', #4470, 1000.000000000000000 ) ;
#1758 = DIRECTION ( 'NONE',  ( -1.000000000000000000, 0.000000000000000000, 0.000000000000000000 ) ) ;
#1759 = EDGE_CURVE ( 'NONE', #7546, #9792, #1616, .T. ) ;
#1760 = B_SPLINE_CURVE_WITH_KNOTS ( 'NONE', 3,
 ( #2089, #5141, #4390, #3651, #2986, #7443, #8260, #9871, #639, #6693, #5240, #9772, #2885, #1384, #4440 ),
 .UNSPECIFIED., .F., .F.,
 ( 4, 1, 1, 1, 1, 1, 1, 1, 1, 1, 1, 1, 4 ),
 ( 0.000000000000000000, 0.1044728014505163921, 0.2186534455744866823, 0.3428558890245147484, 0.4792694623690667566, 0.5495409926991601246, 0.6174241096395743922, 0.6835351858950328152, 0.7485971287880212044, 0.8121759604466024518, 0.8748692871861439846, 0.9374294362357448174, 1.000000000000000000 ),
 .UNSPECIFIED. ) ;
#1761 = DIRECTION ( 'NONE',  ( 0.7071067811865279218, -7.539247484201522236E-17, 0.7071067811865671127 ) ) ;
#1762 = LINE ( 'NONE', #7827, #6919 ) ;
#1763 = LINE ( 'NONE', #2563, #9290 ) ;
#1764 = ORIENTED_EDGE ( 'NONE', *, *, #783, .T. ) ;
#1765 = EDGE_CURVE ( 'NONE', #9519, #325, #2508, .T. ) ;
#1766 = CARTESIAN_POINT ( 'NONE',  ( 8.884994480000001360, 9.814057820322144465, 66.15927339057918743 ) ) ;
#1767 = CARTESIAN_POINT ( 'NONE',  ( 8.384994479999997807, 10.07270423497948642, 71.02924920820630916 ) ) ;
#1768 = LINE ( 'NONE', #8084, #7944 ) ;
#1769 = CARTESIAN_POINT ( 'NONE',  ( 8.884994479999999584, 10.22560687961219372, 71.31445256910434694 ) ) ;
#1770 = ORIENTED_EDGE ( 'NONE', *, *, #1152, .T. ) ;
#1771 = ORIENTED_EDGE ( 'NONE', *, *, #1274, .T. ) ;
#1772 = PLANE ( 'NONE',  #5070 ) ;
#1773 = DIRECTION ( 'NONE',  ( 1.000000000000000000, 0.000000000000000000, 0.000000000000000000 ) ) ;
#1774 = VERTEX_POINT ( 'NONE', #114 ) ;
#1775 = DIRECTION ( 'NONE',  ( 0.7071067811865279218, -0.7071067811865671127, 0.000000000000000000 ) ) ;
#1776 = ORIENTED_EDGE ( 'NONE', *, *, #4893, .F. ) ;
#1777 = CARTESIAN_POINT ( 'NONE',  ( -7.884994480000002248, 22.00100000000000122, 33.49999999999998579 ) ) ;
#1778 = ORIENTED_EDGE ( 'NONE', *, *, #4194, .F. ) ;
#1779 = DIRECTION ( 'NONE',  ( -1.000000000000000000, 1.334402673828313832E-16, -0.000000000000000000 ) ) ;
#1780 = CARTESIAN_POINT ( 'NONE',  ( -7.384994479999980932, 2.000000000000000888, 86.00000000000001421 ) ) ;
#1781 = DIRECTION ( 'NONE',  ( 1.000000000000000000, 0.000000000000000000, 0.000000000000000000 ) ) ;
#1782 = CARTESIAN_POINT ( 'NONE',  ( 8.384994479999997807, 6.702458179608773214, 83.84320413801404470 ) ) ;
#1783 = CARTESIAN_POINT ( 'NONE',  ( 8.884994479999997807, 7.532222677805888722, 67.67864262018449040 ) ) ;
#1784 = ORIENTED_EDGE ( 'NONE', *, *, #4406, .F. ) ;
#1785 = ORIENTED_EDGE ( 'NONE', *, *, #7328, .T. ) ;
#1786 = CALENDAR_DATE ( 2023, 16, 1 ) ;
#1787 = DIRECTION ( 'NONE',  ( -0.5773502691895932015, 0.5773502691896575945, -0.5773502691896265082 ) ) ;
#1788 = CARTESIAN_POINT ( 'NONE',  ( -17.88499448000000314, 4.199999999999997513, -8.500000000000000000 ) ) ;
#1789 = EDGE_LOOP ( 'NONE', ( #6085, #4917, #6619 ) ) ;
#1790 = LINE ( 'NONE', #5602, #21 ) ;
#1791 = DIRECTION ( 'NONE',  ( 0.7071067811865495711, 0.000000000000000000, 0.7071067811865455743 ) ) ;
#1792 = ORIENTED_EDGE ( 'NONE', *, *, #5614, .T. ) ;
#1793 = CARTESIAN_POINT ( 'NONE',  ( -8.553623630101530040, 2.331370849898477537, -12.50000000000000533 ) ) ;
#1794 = ORIENTED_EDGE ( 'NONE', *, *, #6943, .F. ) ;
#1795 = CARTESIAN_POINT ( 'NONE',  ( 8.384994479999997807, 8.742977465055947306, 65.98562715184019112 ) ) ;
#1796 = ORIENTED_EDGE ( 'NONE', *, *, #3274, .T. ) ;
#1797 = LINE ( 'NONE', #6959, #126 ) ;
#1798 = DIRECTION ( 'NONE',  ( 0.000000000000000000, 0.000000000000000000, -1.000000000000000000 ) ) ;
#1799 = DIRECTION ( 'NONE',  ( -1.000000000000000000, -1.734723475976805615E-16, 0.000000000000000000 ) ) ;
#1800 = VECTOR ( 'NONE', #1641, 1000.000000000000000 ) ;
#1801 = LINE ( 'NONE', #1847, #541 ) ;
#1802 = ADVANCED_FACE ( 'NONE', ( #5618 ), #615, .T. ) ;
#1803 = EDGE_CURVE ( 'NONE', #630, #8159, #915, .T. ) ;
#1804 = AXIS2_PLACEMENT_3D ( 'NONE', #5904, #9831, #7456 ) ;
#1805 = CARTESIAN_POINT ( 'NONE',  ( 8.884994479999997807, 9.698909298876095875, 64.58383259425670531 ) ) ;
#1806 = ADVANCED_FACE ( 'NONE', ( #2414 ), #3970, .F. ) ;
#1807 = CARTESIAN_POINT ( 'NONE',  ( 8.384994479999997807, 6.702458179608773214, 84.43527568099845837 ) ) ;
#1808 = CARTESIAN_POINT ( 'NONE',  ( 5.488547870593287747, 20.89644660940670207, 138.0000000000000000 ) ) ;
#1809 = ORIENTED_EDGE ( 'NONE', *, *, #8857, .T. ) ;
#1810 = CARTESIAN_POINT ( 'NONE',  ( 8.384994479999999584, 8.702248215860459268, 70.32948519175964464 ) ) ;
#1811 = CARTESIAN_POINT ( 'NONE',  ( 5.884994479999997807, 19.99999999999999645, -59.50000000000000000 ) ) ;
#1812 = CARTESIAN_POINT ( 'NONE',  ( 8.884994479999997807, 8.492358160528764799, 70.32567780323519457 ) ) ;
#1813 = CIRCLE ( 'NONE', #8556, 1.700000000000000178 ) ;
#1814 = B_SPLINE_SURFACE_WITH_KNOTS ( 'NONE', 3, 1, ( 
 ( #6960, #5563 ),
 ( #8631, #4707 ),
 ( #9195, #106 ),
 ( #2408, #7772 ),
 ( #6118, #907 ),
 ( #1753, #7619 ),
 ( #2457, #157 ),
 ( #6265, #9342 ),
 ( #3070, #5363 ),
 ( #8433, #7672 ),
 ( #6366, #1098 ) ),
 .UNSPECIFIED., .F., .F., .F.,
 ( 4, 1, 1, 1, 1, 1, 1, 1, 4 ),
 ( 2, 2 ),
 ( 0.000000000000000000, 0.1278831472980662409, 0.2521571975524798392, 0.3767873631608804619, 0.5029258041618361874, 0.6283420099294420025, 0.7511319647558497570, 0.8744565549627659751, 1.000000000000000000 ),
 ( 0.000000000000000000, 1.000000000000000000 ),
 .UNSPECIFIED. ) ;
#1815 = ORIENTED_EDGE ( 'NONE', *, *, #7695, .T. ) ;
#1816 = ADVANCED_FACE ( 'NONE', ( #8542 ), #7017, .F. ) ;
#1817 = ORIENTED_EDGE ( 'NONE', *, *, #856, .T. ) ;
#1818 = LINE ( 'NONE', #219, #4899 ) ;
#1819 = EDGE_CURVE ( 'NONE', #5543, #5014, #3061, .T. ) ;
#1820 = CARTESIAN_POINT ( 'NONE',  ( 8.884994479999997807, 9.289709983015054462, 65.57758095244059859 ) ) ;
#1821 = ORIENTED_EDGE ( 'NONE', *, *, #5604, .T. ) ;
#1822 = DIRECTION ( 'NONE',  ( 0.000000000000000000, 0.7071067811865482389, -0.7071067811865469066 ) ) ;
#1823 = ORIENTED_EDGE ( 'NONE', *, *, #4371, .T. ) ;
#1824 = CARTESIAN_POINT ( 'NONE',  ( -7.384994479999946293, 22.00100000000000122, 33.49999999999998579 ) ) ;
#1825 = CARTESIAN_POINT ( 'NONE',  ( 8.384994479999996031, 2.999999999999999112, -13.30000000000000604 ) ) ;
#1826 = CARTESIAN_POINT ( 'NONE',  ( 8.384994479999997807, 7.786482111715247179, 74.75108846028648202 ) ) ;
#1827 = LINE ( 'NONE', #7998, #5055 ) ;
#1828 = CARTESIAN_POINT ( 'NONE',  ( 8.884994479999997807, 8.694467596522029496, 71.01984965606632727 ) ) ;
#1829 = VERTEX_POINT ( 'NONE', #1712 ) ;
#1830 = EDGE_LOOP ( 'NONE', ( #6011, #2883, #7887, #5490 ) ) ;
#1831 = VECTOR ( 'NONE', #9465, 1000.000000000000000 ) ;
#1832 = APPLICATION_PROTOCOL_DEFINITION ( 'international standard', 'config_control_design', 1994, #7737 ) ;
#1833 = CARTESIAN_POINT ( 'NONE',  ( 8.884994479999999584, 10.21539963877675383, 86.84242709439098462 ) ) ;
#1834 = CARTESIAN_POINT ( 'NONE',  ( -2.884994480000013795, 0.5000000000000281997, 86.00000000000001421 ) ) ;
#1835 = ORIENTED_EDGE ( 'NONE', *, *, #6527, .F. ) ;
#1836 = DIRECTION ( 'NONE',  ( 0.000000000000000000, 0.9392447055018732227, -0.3432482821321896638 ) ) ;
#1837 = LINE ( 'NONE', #2400, #4420 ) ;
#1838 = AXIS2_PLACEMENT_3D ( 'NONE', #9815, #1379, #6688 ) ;
#1839 = ORIENTED_EDGE ( 'NONE', *, *, #9425, .T. ) ;
#1840 = CARTESIAN_POINT ( 'NONE',  ( 8.384994479999996031, 10.29810433846293805, 68.72953359489767422 ) ) ;
#1841 = ORIENTED_EDGE ( 'NONE', *, *, #3279, .T. ) ;
#1842 = CARTESIAN_POINT ( 'NONE',  ( 8.384994479999996031, 9.744684353694607282, 71.96650975824545071 ) ) ;
#1843 = ORIENTED_EDGE ( 'NONE', *, *, #2547, .T. ) ;
#1844 = CARTESIAN_POINT ( 'NONE',  ( 8.884994479999997807, 8.869065480456796990, 64.60303983606846145 ) ) ;
#1845 = LINE ( 'NONE', #2648, #1656 ) ;
#1846 = DIRECTION ( 'NONE',  ( 1.000000000000000000, 2.319126125024811375E-18, -6.938893903907230350E-16 ) ) ;
#1847 = CARTESIAN_POINT ( 'NONE',  ( 9.884994479999997807, 22.00000000000000000, -59.50000000000000000 ) ) ;
#1848 = VECTOR ( 'NONE', #1211, 1000.000000000000000 ) ;
#1849 = CARTESIAN_POINT ( 'NONE',  ( 8.384994479999997807, 7.686449039404632977, 65.71280461049452981 ) ) ;
#1850 = FACE_OUTER_BOUND ( 'NONE', #9336, .T. ) ;
#1851 = DIRECTION ( 'NONE',  ( 0.000000000000000000, -0.9392447055018732227, -0.3432482821321896638 ) ) ;
#1852 = CARTESIAN_POINT ( 'NONE',  ( 8.384994479999997807, 9.145653646522500679, 72.72277524247130032 ) ) ;
#1853 = VERTEX_POINT ( 'NONE', #5811 ) ;
#1854 = AXIS2_PLACEMENT_3D ( 'NONE', #9278, #1591, #3897 ) ;
#1855 = CARTESIAN_POINT ( 'NONE',  ( 8.884994479999996031, 7.301569365762479613, 64.84121460908278323 ) ) ;
#1856 = CARTESIAN_POINT ( 'NONE',  ( -2.884994480000008910, 1.999999999999998224, 125.4999999999999716 ) ) ;
#1857 = EDGE_CURVE ( 'NONE', #614, #1369, #6514, .T. ) ;
#1858 = CARTESIAN_POINT ( 'NONE',  ( 5.384994479999996919, 22.00000000000000000, -12.49999999999999645 ) ) ;
#1859 = AXIS2_PLACEMENT_3D ( 'NONE', #1674, #3932, #6238 ) ;
#1860 = EDGE_CURVE ( 'NONE', #4429, #1131, #2007, .T. ) ;
#1861 = ORIENTED_EDGE ( 'NONE', *, *, #2665, .T. ) ;
#1862 = VECTOR ( 'NONE', #3574, 1000.000000000000114 ) ;
#1863 = DIRECTION ( 'NONE',  ( 0.000000000000000000, 0.000000000000000000, 1.000000000000000000 ) ) ;
#1864 = EDGE_LOOP ( 'NONE', ( #2978, #5691, #9644, #8658 ) ) ;
#1865 = FACE_OUTER_BOUND ( 'NONE', #6694, .T. ) ;
#1866 = ORIENTED_EDGE ( 'NONE', *, *, #6719, .T. ) ;
#1867 = CARTESIAN_POINT ( 'NONE',  ( 8.384994479999999584, 6.887400471065967089, 71.16792671140447624 ) ) ;
#1868 = ORIENTED_EDGE ( 'NONE', *, *, #8871, .F. ) ;
#1869 = EDGE_CURVE ( 'NONE', #7081, #5847, #5059, .T. ) ;
#1870 = EDGE_CURVE ( 'NONE', #4199, #5356, #5860, .T. ) ;
#1871 = CARTESIAN_POINT ( 'NONE',  ( 8.384994480000001360, 8.484867492970165515, 66.04859888490182129 ) ) ;
#1872 = ADVANCED_FACE ( 'NONE', ( #7217 ), #3571, .T. ) ;
#1873 = DIRECTION ( 'NONE',  ( 1.084202172485504804E-16, 1.000000000000000000, -0.000000000000000000 ) ) ;
#1874 = AXIS2_PLACEMENT_3D ( 'NONE', #4008, #1611, #4659 ) ;
#1875 = CARTESIAN_POINT ( 'NONE',  ( 8.884994479999997807, 8.605062645470310301, 65.80651733158754269 ) ) ;
#1876 = EDGE_LOOP ( 'NONE', ( #7240, #5142, #2043, #6477 ) ) ;
#1877 = EDGE_CURVE ( 'NONE', #81, #4331, #9586, .T. ) ;
#1878 = CARTESIAN_POINT ( 'NONE',  ( 8.884994479999997807, 6.702458179608773214, 67.37540403186766014 ) ) ;
#1879 = CARTESIAN_POINT ( 'NONE',  ( 8.384994479999997807, 8.492358160528764799, 70.32567780323519457 ) ) ;
#1880 = AXIS2_PLACEMENT_3D ( 'NONE', #6705, #2199, #2844 ) ;
#1881 = ORIENTED_EDGE ( 'NONE', *, *, #4072, .T. ) ;
#1882 = ORIENTED_EDGE ( 'NONE', *, *, #3791, .T. ) ;
#1883 = CARTESIAN_POINT ( 'NONE',  ( -17.88499447999999958, -1.084202172485504434E-15, -12.50000000000000178 ) ) ;
#1884 = CARTESIAN_POINT ( 'NONE',  ( 8.884994479999997807, 8.688274778158639577, 74.75108846028648202 ) ) ;
#1885 = PLANE ( 'NONE',  #642 ) ;
#1886 = ORIENTED_EDGE ( 'NONE', *, *, #2973, .F. ) ;
#1887 = EDGE_CURVE ( 'NONE', #7278, #9603, #1253, .T. ) ;
#1888 = CARTESIAN_POINT ( 'NONE',  ( -17.88499447999999958, 1.500000000000029088, -45.00000000000000000 ) ) ;
#1889 = CARTESIAN_POINT ( 'NONE',  ( -8.884994480000001360, 0.000000000000000000, -60.00000000000000000 ) ) ;
#1890 = ORGANIZATION ( 'UNSPECIFIED', 'UNSPECIFIED', '' ) ;
#1891 = ORIENTED_EDGE ( 'NONE', *, *, #5365, .T. ) ;
#1892 = ORIENTED_EDGE ( 'NONE', *, *, #3559, .F. ) ;
#1893 = CARTESIAN_POINT ( 'NONE',  ( -17.88499448000001024, 0.5000000000000281997, 126.0000000000000000 ) ) ;
#1894 = EDGE_LOOP ( 'NONE', ( #8029, #8513, #6880, #8168 ) ) ;
#1895 = CARTESIAN_POINT ( 'NONE',  ( -17.88499447999999958, 2.800000000000001599, -12.50000000000000178 ) ) ;
#1896 = VERTEX_POINT ( 'NONE', #4210 ) ;
#1897 = AXIS2_PLACEMENT_3D ( 'NONE', #6269, #9347, #2462 ) ;
#1898 = CARTESIAN_POINT ( 'NONE',  ( 8.884994479999997807, 8.394125145521275755, 66.15568980678732203 ) ) ;
#1899 = LINE ( 'NONE', #8022, #205 ) ;
#1900 = CARTESIAN_POINT ( 'NONE',  ( 8.384994479999996031, 6.738512128955040481, 72.37041132510616137 ) ) ;
#1901 = DIRECTION ( 'NONE',  ( 0.7071067811865672237, -7.539247484201940086E-17, 0.7071067811865279218 ) ) ;
#1902 = VECTOR ( 'NONE', #3126, 1000.000000000000000 ) ;
#1903 = AXIS2_PLACEMENT_3D ( 'NONE', #6090, #8406, #2232 ) ;
#1904 = DIRECTION ( 'NONE',  ( -1.000000000000000000, 1.334402673828313832E-16, -0.000000000000000000 ) ) ;
#1905 = CARTESIAN_POINT ( 'NONE',  ( 8.884994479999997807, 8.873899594919603118, 65.02513441825070117 ) ) ;
#1906 = CARTESIAN_POINT ( 'NONE',  ( 8.384994479999996031, 8.852837202458424315, 86.22082536669768160 ) ) ;
#1907 = CARTESIAN_POINT ( 'NONE',  ( 8.384994479999999584, 9.723948465815690057, 72.15281013552866796 ) ) ;
#1908 = VECTOR ( 'NONE', #7407, 1000.000000000000000 ) ;
#1909 = ORIENTED_EDGE ( 'NONE', *, *, #5501, .F. ) ;
#1910 = VECTOR ( 'NONE', #6351, 1000.000000000000114 ) ;
#1911 = CARTESIAN_POINT ( 'NONE',  ( 8.384994479999997807, 9.698829978653909833, 64.54109561137666162 ) ) ;
#1912 = PLANE ( 'NONE',  #2991 ) ;
#1913 = CARTESIAN_POINT ( 'NONE',  ( 8.384994479999996031, 2.999999999999999112, -60.00000000000000000 ) ) ;
#1914 = VECTOR ( 'NONE', #9235, 1000.000000000000000 ) ;
#1915 = ORIENTED_EDGE ( 'NONE', *, *, #845, .F. ) ;
#1916 = ORIENTED_EDGE ( 'NONE', *, *, #7870, .F. ) ;
#1917 = LINE ( 'NONE', #5873, #6674 ) ;
#1918 = ORIENTED_EDGE ( 'NONE', *, *, #7005, .T. ) ;
#1919 = CARTESIAN_POINT ( 'NONE',  ( 8.384994479999999584, 7.301259673766581137, 64.90364601892001417 ) ) ;
#1920 = ORIENTED_EDGE ( 'NONE', *, *, #9186, .F. ) ;
#1921 = ADVANCED_FACE ( 'NONE', ( #9487 ), #7262, .T. ) ;
#1922 = CARTESIAN_POINT ( 'NONE',  ( 8.884994479999999584, 9.950928567515882506, 73.05050340799186870 ) ) ;
#1923 = EDGE_LOOP ( 'NONE', ( #2048, #8220, #1336, #8991 ) ) ;
#1924 = VECTOR ( 'NONE', #2888, 1000.000000000000000 ) ;
#1925 = CARTESIAN_POINT ( 'NONE',  ( 8.384994479999996031, 8.287403864709423473, 66.24602110408422107 ) ) ;
#1926 = LINE ( 'NONE', #5682, #5964 ) ;
#1927 = CARTESIAN_POINT ( 'NONE',  ( 8.120396821813912425, 19.69395983017807694, -8.310235046647530766 ) ) ;
#1928 = ORIENTED_EDGE ( 'NONE', *, *, #2547, .F. ) ;
#1929 = CARTESIAN_POINT ( 'NONE',  ( -11.18499448000000207, -3.429011037612532083E-16, 8.499999999999992895 ) ) ;
#1930 = EDGE_CURVE ( 'NONE', #9321, #3130, #7497, .T. ) ;
#1931 = CARTESIAN_POINT ( 'NONE',  ( -9.884994480000003136, 5.699999999999998401, 8.499999999999992895 ) ) ;
#1932 = ORIENTED_EDGE ( 'NONE', *, *, #2665, .F. ) ;
#1933 = CARTESIAN_POINT ( 'NONE',  ( 9.781441089406746059, 21.39644660940673759, -60.00000000000000000 ) ) ;
#1934 = ORIENTED_EDGE ( 'NONE', *, *, #552, .F. ) ;
#1935 = EDGE_CURVE ( 'NONE', #1219, #7251, #1305, .T. ) ;
#1936 = APPROVAL_DATE_TIME ( #5598, #9752 ) ;
#1937 = CARTESIAN_POINT ( 'NONE',  ( 8.884994479999996031, 10.13622575438779094, 86.80294713798775774 ) ) ;
#1938 = FACE_OUTER_BOUND ( 'NONE', #4821, .T. ) ;
#1939 = ORIENTED_EDGE ( 'NONE', *, *, #668, .F. ) ;
#1940 = DIRECTION ( 'NONE',  ( 0.000000000000000000, -0.000000000000000000, -1.000000000000000000 ) ) ;
#1941 = CARTESIAN_POINT ( 'NONE',  ( 5.384994479999996919, 19.00000000000000000, -12.49999999999999645 ) ) ;
#1942 = ORIENTED_EDGE ( 'NONE', *, *, #6844, .T. ) ;
#1943 = ORIENTED_EDGE ( 'NONE', *, *, #7259, .T. ) ;
#1944 = CARTESIAN_POINT ( 'NONE',  ( 8.884994479999997807, 8.997149055196395295, 86.44031481075310808 ) ) ;
#1945 = ORIENTED_EDGE ( 'NONE', *, *, #6653, .T. ) ;
#1946 = DIRECTION ( 'NONE',  ( -1.000000000000000000, 1.334402673828313832E-16, -0.000000000000000000 ) ) ;
#1947 = ORIENTED_EDGE ( 'NONE', *, *, #8127, .F. ) ;
#1948 = EDGE_CURVE ( 'NONE', #5209, #3201, #3463, .T. ) ;
#1949 = CARTESIAN_POINT ( 'NONE',  ( 8.884994479999997807, 8.688274778158639577, 74.75108846028648202 ) ) ;
#1950 = CARTESIAN_POINT ( 'NONE',  ( 8.884994479999997807, 6.702458179608773214, 70.09518766484710284 ) ) ;
#1951 = CARTESIAN_POINT ( 'NONE',  ( 8.384994479999997807, 6.702458179608773214, 71.96575919420291712 ) ) ;
#1952 = CARTESIAN_POINT ( 'NONE',  ( 8.884994479999997807, 10.29029738029631780, 65.23313924175222667 ) ) ;
#1953 = PLANE ( 'NONE',  #866 ) ;
#1954 = DIRECTION ( 'NONE',  ( -0.7071067811865479058, 3.845925372767127140E-16, 0.7071067811865472397 ) ) ;
#1955 = DIRECTION ( 'NONE',  ( 0.000000000000000000, 1.000000000000000000, 0.000000000000000000 ) ) ;
#1956 = CARTESIAN_POINT ( 'NONE',  ( 8.884994479999997807, 6.706042627809925882, 71.79241179585378063 ) ) ;
#1957 = DIRECTION ( 'NONE',  ( -1.606762707810608269E-15, 0.7071067811865296981, 0.7071067811865654473 ) ) ;
#1958 = DIRECTION ( 'NONE',  ( 0.7071067811865474617, -0.000000000000000000, 0.7071067811865474617 ) ) ;
#1959 = ORIENTED_EDGE ( 'NONE', *, *, #6275, .F. ) ;
#1960 = CARTESIAN_POINT ( 'NONE',  ( 8.384994479999999584, 7.318347595165735520, 65.29652712312029905 ) ) ;
#1961 = FACE_OUTER_BOUND ( 'NONE', #6162, .T. ) ;
#1962 = CARTESIAN_POINT ( 'NONE',  ( -3.384994479999965833, 1.275519368763654499E-17, -45.49999999999997158 ) ) ;
#1963 = VERTEX_POINT ( 'NONE', #9534 ) ;
#1964 = AXIS2_PLACEMENT_3D ( 'NONE', #8412, #6793, #9173 ) ;
#1965 = VECTOR ( 'NONE', #3544, 1000.000000000000114 ) ;
#1966 = ORIENTED_EDGE ( 'NONE', *, *, #7563, .T. ) ;
#1967 = CARTESIAN_POINT ( 'NONE',  ( 8.384994479999997807, 9.675934835709519177, 71.56829491525647313 ) ) ;
#1968 = CARTESIAN_POINT ( 'NONE',  ( 8.384994479999997807, 9.681881175973792608, 65.22361221951668142 ) ) ;
#1969 = ORIENTED_EDGE ( 'NONE', *, *, #1877, .T. ) ;
#1970 = VECTOR ( 'NONE', #8930, 999.9999999999998863 ) ;
#1971 = CARTESIAN_POINT ( 'NONE',  ( 8.384994479999997807, 7.749803765248294063, 70.43766380133861560 ) ) ;
#1972 = ORIENTED_EDGE ( 'NONE', *, *, #4503, .T. ) ;
#1973 = CARTESIAN_POINT ( 'NONE',  ( 8.384994479999999584, 8.558499777552533772, 65.92370426839327990 ) ) ;
#1974 = CARTESIAN_POINT ( 'NONE',  ( -3.384994480000042216, 2.000000000000000444, 85.50000000000001421 ) ) ;
#1975 = CARTESIAN_POINT ( 'NONE',  ( -8.384994480000059980, 2.000000000000000888, 20.99999999999993250 ) ) ;
#1976 = ORIENTED_EDGE ( 'NONE', *, *, #8702, .F. ) ;
#1977 = VECTOR ( 'NONE', #8136, 1000.000000000000000 ) ;
#1978 = CARTESIAN_POINT ( 'NONE',  ( 8.884994479999996031, 7.641994525535515947, 72.60408079009944515 ) ) ;
#1979 = LINE ( 'NONE', #1128, #6487 ) ;
#1980 = ORIENTED_EDGE ( 'NONE', *, *, #770, .F. ) ;
#1981 = CARTESIAN_POINT ( 'NONE',  ( 8.884994479999997807, 9.330045757232971582, 82.84129231770832291 ) ) ;
#1982 = EDGE_LOOP ( 'NONE', ( #8323, #4319, #4188, #5871 ) ) ;
#1983 = PERSON_AND_ORGANIZATION ( #3306, #1890 ) ;
#1984 = DIRECTION ( 'NONE',  ( 4.580314254641694023E-17, 0.3432482821321897193, 0.9392447055018733337 ) ) ;
#1985 = DIRECTION ( 'NONE',  ( -1.000000000000000000, 0.000000000000000000, 0.000000000000000000 ) ) ;
#1986 = EDGE_LOOP ( 'NONE', ( #8106, #33, #7101, #4103 ) ) ;
#1987 = CARTESIAN_POINT ( 'NONE',  ( -17.88499447999999958, -1.084202172485504434E-15, -8.500000000000001776 ) ) ;
#1988 = DIRECTION ( 'NONE',  ( -1.000000000000000000, 1.334402673828313832E-16, -0.000000000000000000 ) ) ;
#1989 = EDGE_CURVE ( 'NONE', #6104, #7991, #3206, .T. ) ;
#1990 = MANIFOLD_SOLID_BREP ( 'Chanfrein1', #6317 ) ;
#1991 = EDGE_CURVE ( 'NONE', #2260, #5428, #6467, .T. ) ;
#1992 = ADVANCED_FACE ( 'NONE', ( #5009 ), #1203, .T. ) ;
#1993 = ORIENTED_EDGE ( 'NONE', *, *, #7158, .T. ) ;
#1994 = CARTESIAN_POINT ( 'NONE',  ( 8.384994479999996031, 2.999999999999999112, -60.00000000000000000 ) ) ;
#1995 = EDGE_LOOP ( 'NONE', ( #9453, #9598, #3903 ) ) ;
#1996 = PLANE ( 'NONE',  #3192 ) ;
#1997 = ORIENTED_EDGE ( 'NONE', *, *, #9544, .T. ) ;
#1998 = DIRECTION ( 'NONE',  ( 0.6785983445458296792, -0.2810846377148152331, -0.6785983445458664276 ) ) ;
#1999 = CARTESIAN_POINT ( 'NONE',  ( 8.384994479999997807, 8.269791120647768778, 64.71828490526250732 ) ) ;
#2000 = DIRECTION ( 'NONE',  ( -8.673617379884027583E-16, 1.000000000000000000, 0.000000000000000000 ) ) ;
#2001 = DIRECTION ( 'NONE',  ( 6.928979201739823190E-17, 0.5192569932328623405, 0.8546181457111516888 ) ) ;
#2002 = EDGE_CURVE ( 'NONE', #8053, #4383, #458, .T. ) ;
#2003 = ADVANCED_FACE ( 'NONE', ( #9639 ), #5157, .T. ) ;
#2004 = LINE ( 'NONE', #7363, #78 ) ;
#2005 = VECTOR ( 'NONE', #3370, 1000.000000000000000 ) ;
#2006 = EDGE_CURVE ( 'NONE', #8763, #5771, #2953, .T. ) ;
#2007 = LINE ( 'NONE', #5708, #8317 ) ;
#2008 = ORIENTED_EDGE ( 'NONE', *, *, #6420, .T. ) ;
#2009 = AXIS2_PLACEMENT_3D ( 'NONE', #2084, #4235, #8205 ) ;
#2010 = LINE ( 'NONE', #2061, #597 ) ;
#2011 = DIRECTION ( 'NONE',  ( -1.334402673828313832E-16, -1.000000000000000000, 0.000000000000000000 ) ) ;
#2012 = CARTESIAN_POINT ( 'NONE',  ( 7.384994479999996031, 1.999999999999999112, -29.50000000000000000 ) ) ;
#2013 = ORIENTED_EDGE ( 'NONE', *, *, #9788, .F. ) ;
#2014 = FACE_OUTER_BOUND ( 'NONE', #9920, .T. ) ;
#2015 = CARTESIAN_POINT ( 'NONE',  ( 5.884994479999997807, 19.99999999999999645, -60.00000000000000000 ) ) ;
#2016 = EDGE_CURVE ( 'NONE', #3260, #1509, #9146, .T. ) ;
#2017 = CARTESIAN_POINT ( 'NONE',  ( 7.384994479999996031, 2.999999999999999112, -12.50000000000000178 ) ) ;
#2018 = ADVANCED_FACE ( 'NONE', ( #2855 ), #6860, .T. ) ;
#2019 = VERTEX_POINT ( 'NONE', #1355 ) ;
#2020 = FACE_OUTER_BOUND ( 'NONE', #3882, .T. ) ;
#2021 = VECTOR ( 'NONE', #7382, 1000.000000000000000 ) ;
#2022 = FACE_OUTER_BOUND ( 'NONE', #6850, .T. ) ;
#2023 = VERTEX_POINT ( 'NONE', #9793 ) ;
#2024 = CARTESIAN_POINT ( 'NONE',  ( -17.88499447999999958, 4.199999999999997513, -12.50000000000000178 ) ) ;
#2025 = ORIENTED_EDGE ( 'NONE', *, *, #2558, .F. ) ;
#2026 = CARTESIAN_POINT ( 'NONE',  ( 8.384994479999996031, 7.301732539417800538, 64.10244406675683138 ) ) ;
#2027 = DIRECTION ( 'NONE',  ( -1.000000000000000000, 0.000000000000000000, 1.486905836551555193E-15 ) ) ;
#2028 = DIRECTION ( 'NONE',  ( -1.000000000000000000, 0.000000000000000000, 0.000000000000000000 ) ) ;
#2029 = AXIS2_PLACEMENT_3D ( 'NONE', #4745, #5509, #7762 ) ;
#2030 = CARTESIAN_POINT ( 'NONE',  ( 2.384994479999970718, 19.00000000000000000, -8.500000000000007105 ) ) ;
#2031 = LINE ( 'NONE', #685, #9068 ) ;
#2032 = ORIENTED_EDGE ( 'NONE', *, *, #6581, .F. ) ;
#2033 = LINE ( 'NONE', #5886, #2601 ) ;
#2034 = ORIENTED_EDGE ( 'NONE', *, *, #6943, .T. ) ;
#2035 = AXIS2_PLACEMENT_3D ( 'NONE', #3329, #9227, #842 ) ;
#2036 = CALENDAR_DATE ( 2023, 16, 1 ) ;
#2037 = LINE ( 'NONE', #8914, #4929 ) ;
#2038 = CARTESIAN_POINT ( 'NONE',  ( -8.084994480000002426, 2.800000000000000711, 12.49999999999999822 ) ) ;
#2039 = ORIENTED_EDGE ( 'NONE', *, *, #3476, .F. ) ;
#2040 = DIRECTION ( 'NONE',  ( -1.084202172485504804E-16, -1.000000000000000000, -0.000000000000000000 ) ) ;
#2041 = B_SPLINE_CURVE_WITH_KNOTS ( 'NONE', 3,
 ( #461, #6424, #3367, #3309, #5664, #1105, #1906, #9488, #4961, #2608, #8130 ),
 .UNSPECIFIED., .F., .F.,
 ( 4, 1, 1, 1, 1, 1, 1, 1, 4 ),
 ( 0.000000000000000000, 0.1265709095624268088, 0.2514247494891280743, 0.3764250499327859711, 0.5000934709746258644, 0.6241806899120380114, 0.7481334495533760176, 0.8738690196222111961, 1.000000000000000000 ),
 .UNSPECIFIED. ) ;
#2042 = LINE ( 'NONE', #5096, #5066 ) ;
#2043 = ORIENTED_EDGE ( 'NONE', *, *, #9531, .T. ) ;
#2044 = VECTOR ( 'NONE', #7864, 1000.000000000000000 ) ;
#2045 = LINE ( 'NONE', #8169, #13 ) ;
#2046 = ORIENTED_EDGE ( 'NONE', *, *, #3047, .F. ) ;
#2047 = CARTESIAN_POINT ( 'NONE',  ( 8.884994479999997807, 10.20898060307301414, 65.70164973390654950 ) ) ;
#2048 = ORIENTED_EDGE ( 'NONE', *, *, #9049, .T. ) ;
#2049 = CARTESIAN_POINT ( 'NONE',  ( 8.384994479999994255, 8.442200935940519457, 66.10492980537584629 ) ) ;
#2050 = CARTESIAN_POINT ( 'NONE',  ( 8.884994479999999584, 8.386776052888004429, 71.01981414247055113 ) ) ;
#2051 = CARTESIAN_POINT ( 'NONE',  ( 8.884994479999997807, 9.744928006331527115, 71.94198989868165484 ) ) ;
#2052 = LINE ( 'NONE', #6658, #8493 ) ;
#2053 = EDGE_CURVE ( 'NONE', #1141, #6936, #6664, .T. ) ;
#2054 = LINE ( 'NONE', #1303, #7239 ) ;
#2055 = VECTOR ( 'NONE', #3295, 1000.000000000000000 ) ;
#2056 = VECTOR ( 'NONE', #5171, 1000.000000000000000 ) ;
#2057 = EDGE_CURVE ( 'NONE', #1238, #7132, #710, .T. ) ;
#2058 = DIRECTION ( 'NONE',  ( 1.000000000000000000, 0.000000000000000000, 0.000000000000000000 ) ) ;
#2059 = ORIENTED_EDGE ( 'NONE', *, *, #6649, .F. ) ;
#2060 = ADVANCED_FACE ( 'NONE', ( #2152 ), #4462, .F. ) ;
#2061 = CARTESIAN_POINT ( 'NONE',  ( -3.384994480000097283, 0.5000000000000837108, 73.49999999999998579 ) ) ;
#2062 = CARTESIAN_POINT ( 'NONE',  ( 8.384994479999999584, 9.950928567515882506, 73.05050340799186870 ) ) ;
#2063 = CARTESIAN_POINT ( 'NONE',  ( 8.384994480000003136, 9.338117141410487321, 72.65502911098735694 ) ) ;
#2064 = ORIENTED_EDGE ( 'NONE', *, *, #5121, .T. ) ;
#2065 = EDGE_CURVE ( 'NONE', #3244, #6299, #8334, .T. ) ;
#2066 = CARTESIAN_POINT ( 'NONE',  ( 7.384994479999996031, 18.99999999999999645, -13.30000000000000604 ) ) ;
#2067 = CARTESIAN_POINT ( 'NONE',  ( -7.884994480000002248, 22.00100000000000122, 32.99999999999992895 ) ) ;
#2068 = PLANE ( 'NONE',  #4853 ) ;
#2069 = ORIENTED_EDGE ( 'NONE', *, *, #2482, .F. ) ;
#2070 = AXIS2_PLACEMENT_3D ( 'NONE', #8986, #5154, #5205 ) ;
#2071 = CARTESIAN_POINT ( 'NONE',  ( 8.384994479999997807, 9.744928006331527115, 71.94198989868165484 ) ) ;
#2072 = VECTOR ( 'NONE', #8767, 1000.000000000000000 ) ;
#2073 = EDGE_CURVE ( 'NONE', #3260, #8797, #5310, .T. ) ;
#2074 = CARTESIAN_POINT ( 'NONE',  ( 8.384994479999997807, 7.307430257686541530, 65.14253610907921654 ) ) ;
#2075 = ORIENTED_EDGE ( 'NONE', *, *, #1507, .F. ) ;
#2076 = CARTESIAN_POINT ( 'NONE',  ( -17.88499447999999248, 1.301042606982605715E-15, 126.5000000000000284 ) ) ;
#2077 = ORIENTED_EDGE ( 'NONE', *, *, #3156, .F. ) ;
#2078 = DIRECTION ( 'NONE',  ( -1.000000000000000000, 0.000000000000000000, 0.000000000000000000 ) ) ;
#2079 = LINE ( 'NONE', #8245, #1965 ) ;
#2080 = CARTESIAN_POINT ( 'NONE',  ( 8.884994479999997807, 7.894963373532124962, 66.39845565084715417 ) ) ;
#2081 = VECTOR ( 'NONE', #6449, 1000.000000000000000 ) ;
#2082 = AXIS2_PLACEMENT_3D ( 'NONE', #4518, #3018, #721 ) ;
#2083 = PLANE ( 'NONE',  #4272 ) ;
#2084 = CARTESIAN_POINT ( 'NONE',  ( -17.88499447999999958, -1.000000000000002220, -12.50000000000000178 ) ) ;
#2085 = ORIENTED_EDGE ( 'NONE', *, *, #2198, .F. ) ;
#2086 = CARTESIAN_POINT ( 'NONE',  ( -2.384994480000004025, 2.000000000000000000, -60.00000000000000000 ) ) ;
#2087 = VERTEX_POINT ( 'NONE', #4553 ) ;
#2088 = CARTESIAN_POINT ( 'NONE',  ( -17.88499447999999248, 2.000000000000001776, 126.5000000000000284 ) ) ;
#2089 = CARTESIAN_POINT ( 'NONE',  ( 8.884994479999997807, 9.376143784910587087, 85.86071313059227350 ) ) ;
#2090 = ORIENTED_EDGE ( 'NONE', *, *, #9260, .T. ) ;
#2091 = LINE ( 'NONE', #9718, #4209 ) ;
#2092 = CARTESIAN_POINT ( 'NONE',  ( 8.267282045553207226, 19.47071079408718219, 8.117712434446801240 ) ) ;
#2093 = FACE_OUTER_BOUND ( 'NONE', #660, .T. ) ;
#2094 = ORIENTED_EDGE ( 'NONE', *, *, #712, .F. ) ;
#2095 = DIRECTION ( 'NONE',  ( 0.000000000000000000, 0.000000000000000000, 1.000000000000000000 ) ) ;
#2096 = ORIENTED_EDGE ( 'NONE', *, *, #7958, .F. ) ;
#2097 = VERTEX_POINT ( 'NONE', #2305 ) ;
#2098 = DIRECTION ( 'NONE',  ( 4.605861719268250263E-18, -1.000000000000000000, -0.000000000000000000 ) ) ;
#2099 = DIRECTION ( 'NONE',  ( 1.387778780781445676E-16, 0.000000000000000000, 1.000000000000000000 ) ) ;
#2100 = LINE ( 'NONE', #3666, #5909 ) ;
#2101 = CARTESIAN_POINT ( 'NONE',  ( 7.384994479999996031, 18.99999999999999645, 138.0000000000000000 ) ) ;
#2102 = AXIS2_PLACEMENT_3D ( 'NONE', #2337, #8520, #6247 ) ;
#2103 = ORIENTED_EDGE ( 'NONE', *, *, #5042, .T. ) ;
#2104 = DIRECTION ( 'NONE',  ( 1.000000000000000000, -1.066210604224532462E-16, 0.000000000000000000 ) ) ;
#2105 = ORIENTED_EDGE ( 'NONE', *, *, #8321, .T. ) ;
#2106 = DIRECTION ( 'NONE',  ( 0.000000000000000000, -1.000000000000000000, 0.000000000000000000 ) ) ;
#2107 = CARTESIAN_POINT ( 'NONE',  ( 8.384994479999997807, 8.870295472791246638, 64.88635600180674601 ) ) ;
#2108 = CARTESIAN_POINT ( 'NONE',  ( 8.384994479999999584, 9.890330284077396783, 73.11124508076578365 ) ) ;
#2109 = ORIENTED_EDGE ( 'NONE', *, *, #7192, .T. ) ;
#2110 = CARTESIAN_POINT ( 'NONE',  ( 8.884994479999997807, 6.722009803214556101, 65.44125303448858233 ) ) ;
#2111 = CARTESIAN_POINT ( 'NONE',  ( 7.384994479999996031, 18.99999999999999645, -60.00000000000000000 ) ) ;
#2112 = ADVANCED_FACE ( 'NONE', ( #661 ), #3008, .F. ) ;
#2113 = EDGE_CURVE ( 'NONE', #979, #5738, #8429, .T. ) ;
#2114 = CARTESIAN_POINT ( 'NONE',  ( 9.884994479999997807, 22.00000000000000000, 137.4999999999999716 ) ) ;
#2115 = ADVANCED_FACE ( 'NONE', ( #6114 ), #6715, .T. ) ;
#2116 = CARTESIAN_POINT ( 'NONE',  ( 8.884994479999996031, 6.738512128955040481, 72.37041132510616137 ) ) ;
#2117 = DIRECTION ( 'NONE',  ( -0.000000000000000000, 1.000000000000000000, 0.000000000000000000 ) ) ;
#2118 = EDGE_LOOP ( 'NONE', ( #5797, #4545, #4820, #9813 ) ) ;
#2119 = CARTESIAN_POINT ( 'NONE',  ( 8.384994479999997807, 9.610152249255747847, 65.42680082149603038 ) ) ;
#2120 = VERTEX_POINT ( 'NONE', #2259 ) ;
#2121 = LINE ( 'NONE', #4426, #6969 ) ;
#2122 = DIRECTION ( 'NONE',  ( 0.7071067811865474617, 1.639869809431925072E-18, 0.7071067811865474617 ) ) ;
#2123 = AXIS2_PLACEMENT_3D ( 'NONE', #2318, #8589, #6174 ) ;
#2124 = DIRECTION ( 'NONE',  ( -0.7071067811865462405, -0.7071067811865489050, 0.000000000000000000 ) ) ;
#2125 = B_SPLINE_SURFACE_WITH_KNOTS ( 'NONE', 3, 1, ( 
 ( #7621, #4467 ),
 ( #5367, #818 ),
 ( #2110, #9047 ),
 ( #616, #5271 ),
 ( #8341, #8435 ),
 ( #4560, #4607 ),
 ( #7470, #2909 ),
 ( #7674, #6914 ),
 ( #2211, #2961 ),
 ( #7524, #3873 ),
 ( #9198, #9152 ) ),
 .UNSPECIFIED., .F., .F., .F.,
 ( 4, 1, 1, 1, 1, 1, 1, 1, 4 ),
 ( 2, 2 ),
 ( 0.000000000000000000, 0.06132074913294487811, 0.1407664973254501573, 0.2383158483605686273, 0.3540223279141549995, 0.4878667288614756403, 0.6406872479568562762, 0.8108506329929972001, 1.000000000000000000 ),
 ( 0.000000000000000000, 1.000000000000000000 ),
 .UNSPECIFIED. ) ;
#2126 = VERTEX_POINT ( 'NONE', #6807 ) ;
#2127 = EDGE_CURVE ( 'NONE', #4889, #325, #1463, .T. ) ;
#2128 = ORIENTED_EDGE ( 'NONE', *, *, #8443, .F. ) ;
#2129 = ADVANCED_FACE ( 'NONE', ( #1410 ), #3621, .T. ) ;
#2130 = DIRECTION ( 'NONE',  ( -0.7071067811865672237, 7.539247484201941319E-17, -0.7071067811865279218 ) ) ;
#2131 = DIRECTION ( 'NONE',  ( -1.000000000000000000, 1.334402673828313832E-16, -0.000000000000000000 ) ) ;
#2132 = VECTOR ( 'NONE', #2252, 1000.000000000000000 ) ;
#2133 = VECTOR ( 'NONE', #9163, 1000.000000000000114 ) ;
#2134 = VERTEX_POINT ( 'NONE', #7564 ) ;
#2135 = CARTESIAN_POINT ( 'NONE',  ( 8.884994479999997807, 6.702458179608773214, 69.36194091209999613 ) ) ;
#2136 = CARTESIAN_POINT ( 'NONE',  ( 8.384994479999999584, 7.803317138018454280, 84.20949582739402217 ) ) ;
#2137 = ORIENTED_EDGE ( 'NONE', *, *, #8523, .F. ) ;
#2138 = CARTESIAN_POINT ( 'NONE',  ( 8.884994479999997807, 9.283947729555352524, 73.41424565763556132 ) ) ;
#2139 = DIRECTION ( 'NONE',  ( -1.000000000000000000, 1.334402673828313832E-16, -0.000000000000000000 ) ) ;
#2140 = CARTESIAN_POINT ( 'NONE',  ( 8.884994479999999584, 7.302458885604085737, 71.90424426515849632 ) ) ;
#2141 = AXIS2_PLACEMENT_3D ( 'NONE', #874, #3928, #3836 ) ;
#2142 = EDGE_LOOP ( 'NONE', ( #6826, #8035, #5500, #662, #3929, #4940, #4924 ) ) ;
#2143 = CARTESIAN_POINT ( 'NONE',  ( -17.88499447999999958, 1.500000000000029310, -45.49999999999997158 ) ) ;
#2144 = ORIENTED_EDGE ( 'NONE', *, *, #8686, .F. ) ;
#2145 = ORIENTED_EDGE ( 'NONE', *, *, #3599, .T. ) ;
#2146 = DIRECTION ( 'NONE',  ( 1.084202172485504804E-16, 1.000000000000000000, 0.000000000000000000 ) ) ;
#2147 = LINE ( 'NONE', #5203, #8058 ) ;
#2148 = DIRECTION ( 'NONE',  ( 1.192622389734055617E-16, 2.765841741321770854E-34, 1.000000000000000000 ) ) ;
#2149 = PLANE ( 'NONE',  #5751 ) ;
#2150 = CARTESIAN_POINT ( 'NONE',  ( 7.584994479999995320, 2.999999999999999112, -13.30000000000000604 ) ) ;
#2151 = ORIENTED_EDGE ( 'NONE', *, *, #6527, .T. ) ;
#2152 = FACE_OUTER_BOUND ( 'NONE', #578, .T. ) ;
#2153 = ORIENTED_EDGE ( 'NONE', *, *, #2483, .T. ) ;
#2154 = LINE ( 'NONE', #4604, #5707 ) ;
#2155 = CARTESIAN_POINT ( 'NONE',  ( 8.384994479999997807, 8.880260328617952226, 65.14613861342732548 ) ) ;
#2156 = CARTESIAN_POINT ( 'NONE',  ( 8.384994479999997807, 8.907960691309785517, 75.85167887108960372 ) ) ;
#2157 = ORIENTED_EDGE ( 'NONE', *, *, #7247, .T. ) ;
#2158 = AXIS2_PLACEMENT_3D ( 'NONE', #1469, #1561, #3731 ) ;
#2159 = CARTESIAN_POINT ( 'NONE',  ( 8.884994479999997807, 9.262339279081469812, 86.73657565646701073 ) ) ;
#2160 = LINE ( 'NONE', #8188, #222 ) ;
#2161 = PLANE ( 'NONE',  #6698 ) ;
#2162 = VECTOR ( 'NONE', #4833, 1000.000000000000000 ) ;
#2163 = DIRECTION ( 'NONE',  ( 0.000000000000000000, 0.3162277660168372195, -0.9486832980505141011 ) ) ;
#2164 = CARTESIAN_POINT ( 'NONE',  ( 8.884994479999999584, 6.718361105531589494, 72.24094555572590082 ) ) ;
#2165 = ORIENTED_EDGE ( 'NONE', *, *, #1649, .F. ) ;
#2166 = CARTESIAN_POINT ( 'NONE',  ( 8.884994479999996031, 10.29638241828175005, 65.05900142855011836 ) ) ;
#2167 = ORIENTED_EDGE ( 'NONE', *, *, #5622, .T. ) ;
#2168 = CARTESIAN_POINT ( 'NONE',  ( -2.884994479999994699, 1.999999999999998224, -30.49999999999997158 ) ) ;
#2169 = LINE ( 'NONE', #7431, #7249 ) ;
#2170 = EDGE_CURVE ( 'NONE', #75, #8202, #9892, .T. ) ;
#2171 = CIRCLE ( 'NONE', #3458, 0.8000000000000003775 ) ;
#2172 = CARTESIAN_POINT ( 'NONE',  ( 8.884994480000001360, 8.868839613694333934, 64.70556174041493591 ) ) ;
#2173 = ORIENTED_EDGE ( 'NONE', *, *, #7707, .T. ) ;
#2174 = ORIENTED_EDGE ( 'NONE', *, *, #3791, .F. ) ;
#2175 = VECTOR ( 'NONE', #3128, 1000.000000000000000 ) ;
#2176 = CARTESIAN_POINT ( 'NONE',  ( -17.38499447999996406, -3.800996245677616846E-16, 126.5000000000000284 ) ) ;
#2177 = DIRECTION ( 'NONE',  ( -1.000000000000000000, 0.000000000000000000, 0.000000000000000000 ) ) ;
#2178 = EDGE_LOOP ( 'NONE', ( #3231, #3894, #8952, #8181 ) ) ;
#2179 = ADVANCED_FACE ( 'NONE', ( #3818 ), #2351, .F. ) ;
#2180 = EDGE_CURVE ( 'NONE', #444, #6303, #9385, .T. ) ;
#2181 = VERTEX_POINT ( 'NONE', #3204 ) ;
#2182 = ADVANCED_FACE ( 'NONE', ( #857 ), #6213, .T. ) ;
#2183 = CARTESIAN_POINT ( 'NONE',  ( 8.384994479999999584, 7.302458885604085737, 71.90424426515849632 ) ) ;
#2184 = DIRECTION ( 'NONE',  ( 0.000000000000000000, 0.000000000000000000, 1.000000000000000000 ) ) ;
#2185 = ORIENTED_EDGE ( 'NONE', *, *, #3049, .T. ) ;
#2186 = LINE ( 'NONE', #745, #2299 ) ;
#2187 = CARTESIAN_POINT ( 'NONE',  ( -17.88499447999999248, 0.5000000000000280886, 126.5000000000000284 ) ) ;
#2188 = ADVANCED_FACE ( 'NONE', ( #6362 ), #7861, .T. ) ;
#2189 = VECTOR ( 'NONE', #2815, 1000.000000000000114 ) ;
#2190 = CARTESIAN_POINT ( 'NONE',  ( 8.884994479999997807, 7.586588598318614984, 71.27046677023139409 ) ) ;
#2191 = VECTOR ( 'NONE', #3133, 999.9999999999998863 ) ;
#2192 = EDGE_LOOP ( 'NONE', ( #4314, #7031, #1069 ) ) ;
#2193 = ORIENTED_EDGE ( 'NONE', *, *, #1378, .T. ) ;
#2194 = CARTESIAN_POINT ( 'NONE',  ( 8.884994479999996031, 10.32241599536248167, 72.29994977586741811 ) ) ;
#2195 = VECTOR ( 'NONE', #3436, 1000.000000000000000 ) ;
#2196 = VERTEX_POINT ( 'NONE', #8579 ) ;
#2197 = EDGE_LOOP ( 'NONE', ( #60, #4350, #3485, #1729 ) ) ;
#2198 = EDGE_CURVE ( 'NONE', #6543, #2221, #9432, .T. ) ;
#2199 = DIRECTION ( 'NONE',  ( -0.000000000000000000, 0.000000000000000000, 1.000000000000000000 ) ) ;
#2200 = CARTESIAN_POINT ( 'NONE',  ( 5.384994479999996919, 19.00000000000000000, 12.49999999999999645 ) ) ;
#2201 = CARTESIAN_POINT ( 'NONE',  ( 8.884994480000001360, 4.121084563853848997E-17, -59.50000000000000000 ) ) ;
#2202 = CARTESIAN_POINT ( 'NONE',  ( -9.884994480000003136, 4.199999999999998401, -60.00000000000000000 ) ) ;
#2203 = VECTOR ( 'NONE', #4789, 1000.000000000000000 ) ;
#2204 = EDGE_LOOP ( 'NONE', ( #3132, #197, #4656, #3766 ) ) ;
#2205 = DIRECTION ( 'NONE',  ( -1.000000000000000000, -2.319126125024811375E-18, 0.000000000000000000 ) ) ;
#2206 = EDGE_LOOP ( 'NONE', ( #4, #7754, #5201, #1932 ) ) ;
#2207 = LINE ( 'NONE', #8380, #437 ) ;
#2208 = CARTESIAN_POINT ( 'NONE',  ( -3.384994480000092398, 2.000000000000000444, 32.99999999999990763 ) ) ;
#2209 = CARTESIAN_POINT ( 'NONE',  ( 8.884994479999997807, 9.145653646522500679, 72.72277524247130032 ) ) ;
#2210 = ORIENTED_EDGE ( 'NONE', *, *, #2435, .T. ) ;
#2211 = CARTESIAN_POINT ( 'NONE',  ( 8.884994479999996031, 6.703589479158692299, 64.78767842890647444 ) ) ;
#2212 = CARTESIAN_POINT ( 'NONE',  ( 8.884994479999997807, 7.302349909712243736, 71.96241407702348170 ) ) ;
#2213 = AXIS2_PLACEMENT_3D ( 'NONE', #508, #1103, #2653 ) ;
#2214 = PLANE ( 'NONE',  #2082 ) ;
#2215 = DIRECTION ( 'NONE',  ( 0.000000000000000000, 0.000000000000000000, 1.000000000000000000 ) ) ;
#2216 = CARTESIAN_POINT ( 'NONE',  ( 8.384994479999996031, 7.266989667895223270, 66.29566021051975611 ) ) ;
#2217 = VECTOR ( 'NONE', #9514, 1000.000000000000114 ) ;
#2218 = ORIENTED_EDGE ( 'NONE', *, *, #5384, .T. ) ;
#2219 = AXIS2_PLACEMENT_3D ( 'NONE', #1218, #7329, #477 ) ;
#2220 = CARTESIAN_POINT ( 'NONE',  ( 8.384994479999996031, 7.266989667895223270, 66.29566021051975611 ) ) ;
#2221 = VERTEX_POINT ( 'NONE', #6956 ) ;
#2222 = CARTESIAN_POINT ( 'NONE',  ( -17.88499448000000669, 0.5000000000000003331, -59.50000000000002842 ) ) ;
#2223 = LINE ( 'NONE', #32, #9675 ) ;
#2224 = DIRECTION ( 'NONE',  ( 1.000000000000000000, 0.000000000000000000, 0.000000000000000000 ) ) ;
#2225 = EDGE_LOOP ( 'NONE', ( #9520, #4055, #9159 ) ) ;
#2226 = VECTOR ( 'NONE', #4424, 1000.000000000000000 ) ;
#2227 = VECTOR ( 'NONE', #8210, 1000.000000000000000 ) ;
#2228 = VERTEX_POINT ( 'NONE', #7053 ) ;
#2229 = DIRECTION ( 'NONE',  ( 0.000000000000000000, 0.000000000000000000, 1.000000000000000000 ) ) ;
#2230 = CARTESIAN_POINT ( 'NONE',  ( 8.884994479999997807, 6.702458179608773214, 71.96575919420291712 ) ) ;
#2231 = EDGE_CURVE ( 'NONE', #9521, #6751, #4054, .T. ) ;
#2232 = DIRECTION ( 'NONE',  ( -0.7071067811865473507, 0.000000000000000000, 0.7071067811865476838 ) ) ;
#2233 = EDGE_LOOP ( 'NONE', ( #125, #3610, #7462 ) ) ;
#2234 = DIRECTION ( 'NONE',  ( 1.000000000000000000, 0.000000000000000000, 0.000000000000000000 ) ) ;
#2235 = LINE ( 'NONE', #5890, #6868 ) ;
#2236 = VERTEX_POINT ( 'NONE', #2552 ) ;
#2237 = VECTOR ( 'NONE', #5405, 1000.000000000000000 ) ;
#2238 = AXIS2_PLACEMENT_3D ( 'NONE', #337, #9621, #4242 ) ;
#2239 = LINE ( 'NONE', #4539, #3247 ) ;
#2240 = DIRECTION ( 'NONE',  ( 4.505775262277422587E-16, -4.804105364892761947E-32, 1.000000000000000000 ) ) ;
#2241 = CARTESIAN_POINT ( 'NONE',  ( 8.884994479999997807, 7.566805007060066757, 84.13992957557725560 ) ) ;
#2242 = ORIENTED_EDGE ( 'NONE', *, *, #8869, .T. ) ;
#2243 = ADVANCED_FACE ( 'NONE', ( #3913 ), #6048, .T. ) ;
#2244 = EDGE_CURVE ( 'NONE', #7292, #4461, #448, .T. ) ;
#2245 = VECTOR ( 'NONE', #7396, 1000.000000000000000 ) ;
#2246 = CARTESIAN_POINT ( 'NONE',  ( 8.384994479999996031, 9.601584975772997410, 86.29381298589562732 ) ) ;
#2247 = DIRECTION ( 'NONE',  ( 0.000000000000000000, 0.9392447055018732227, -0.3432482821321896638 ) ) ;
#2248 = EDGE_CURVE ( 'NONE', #1853, #9314, #2746, .T. ) ;
#2249 = ORIENTED_EDGE ( 'NONE', *, *, #2904, .F. ) ;
#2250 = ORIENTED_EDGE ( 'NONE', *, *, #1869, .F. ) ;
#2251 = DIRECTION ( 'NONE',  ( -0.000000000000000000, -0.000000000000000000, 1.000000000000000000 ) ) ;
#2252 = DIRECTION ( 'NONE',  ( -0.000000000000000000, -0.000000000000000000, 1.000000000000000000 ) ) ;
#2253 = DIRECTION ( 'NONE',  ( 0.000000000000000000, 0.7071067811865298092, 0.7071067811865651143 ) ) ;
#2254 = CARTESIAN_POINT ( 'NONE',  ( -17.88499448000000669, 1.500000000000029310, -60.00000000000000000 ) ) ;
#2255 = CARTESIAN_POINT ( 'NONE',  ( -9.218327813333319298, 0.3333333333333164394, -21.66666666666667140 ) ) ;
#2256 = EDGE_CURVE ( 'NONE', #5595, #2646, #7014, .T. ) ;
#2257 = EDGE_CURVE ( 'NONE', #52, #6506, #6608, .T. ) ;
#2258 = EDGE_LOOP ( 'NONE', ( #2747, #9746, #3521, #6185 ) ) ;
#2259 = CARTESIAN_POINT ( 'NONE',  ( -7.384994479999980044, 0.5000000000000837108, 73.49999999999998579 ) ) ;
#2260 = VERTEX_POINT ( 'NONE', #7156 ) ;
#2261 = LINE ( 'NONE', #18, #9411 ) ;
#2262 = DIRECTION ( 'NONE',  ( 1.000000000000000000, 4.605861719268250263E-18, 1.156482317317871478E-16 ) ) ;
#2263 = CARTESIAN_POINT ( 'NONE',  ( 8.384994479999997807, 9.744247955502608249, 71.90831641876457070 ) ) ;
#2264 = VERTEX_POINT ( 'NONE', #1244 ) ;
#2265 = FACE_OUTER_BOUND ( 'NONE', #4437, .T. ) ;
#2266 = FACE_OUTER_BOUND ( 'NONE', #924, .T. ) ;
#2267 = DIRECTION ( 'NONE',  ( -1.000000000000000000, 0.000000000000000000, -0.000000000000000000 ) ) ;
#2268 = CARTESIAN_POINT ( 'NONE',  ( 8.884994479999997807, 8.613365483182510829, 65.78214095026002894 ) ) ;
#2269 = DIRECTION ( 'NONE',  ( -0.7071067811865462405, 0.7071067811865489050, 0.000000000000000000 ) ) ;
#2270 = CARTESIAN_POINT ( 'NONE',  ( 8.384994479999996031, 7.622915094144156356, 66.40301170133783160 ) ) ;
#2271 = EDGE_LOOP ( 'NONE', ( #9893, #2157, #1191, #1310 ) ) ;
#2272 = CARTESIAN_POINT ( 'NONE',  ( 8.384994479999997807, 7.704046316519453264, 66.40589864127612429 ) ) ;
#2273 = EDGE_LOOP ( 'NONE', ( #8385, #4648, #2590, #1239 ) ) ;
#2274 = CARTESIAN_POINT ( 'NONE',  ( 8.384994479999997807, 7.808810843871593299, 73.46034368531317682 ) ) ;
#2275 = DIRECTION ( 'NONE',  ( 1.000000000000000000, 0.000000000000000000, 0.000000000000000000 ) ) ;
#2276 = ORIENTED_EDGE ( 'NONE', *, *, #1472, .F. ) ;
#2277 = CARTESIAN_POINT ( 'NONE',  ( -2.893854459006555970E-16, 3.000000000000000000, 4.222200033899910362E-32 ) ) ;
#2278 = LINE ( 'NONE', #2230, #3618 ) ;
#2279 = FACE_OUTER_BOUND ( 'NONE', #3560, .T. ) ;
#2280 = VERTEX_POINT ( 'NONE', #1146 ) ;
#2281 = VECTOR ( 'NONE', #4612, 1000.000000000000000 ) ;
#2282 = PLANE ( 'NONE',  #9765 ) ;
#2283 = CARTESIAN_POINT ( 'NONE',  ( 8.884994479999999584, 9.859048426080809335, 70.78118716700038249 ) ) ;
#2284 = VERTEX_POINT ( 'NONE', #2593 ) ;
#2285 = CARTESIAN_POINT ( 'NONE',  ( 8.384994479999997807, 9.506415633392220954, 86.14536457271553616 ) ) ;
#2286 = CARTESIAN_POINT ( 'NONE',  ( -17.88499447999999958, 2.999999999999997780, -8.500000000000001776 ) ) ;
#2287 = CARTESIAN_POINT ( 'NONE',  ( 8.384994479999997807, 7.586588598318614984, 71.27046677023139409 ) ) ;
#2288 = EDGE_LOOP ( 'NONE', ( #4727, #9778, #1815, #9547 ) ) ;
#2289 = TOROIDAL_SURFACE ( 'NONE', #1804, 0.2000000000000012879, 0.8000000000000000444 ) ;
#2290 = DIRECTION ( 'NONE',  ( -4.605861719268250263E-18, 1.000000000000000000, 0.000000000000000000 ) ) ;
#2291 = CARTESIAN_POINT ( 'NONE',  ( 8.884994479999997807, 9.672930924439858913, 65.28058124450016919 ) ) ;
#2292 = ORIENTED_EDGE ( 'NONE', *, *, #3593, .T. ) ;
#2293 = ORIENTED_EDGE ( 'NONE', *, *, #405, .F. ) ;
#2294 = LINE ( 'NONE', #6004, #3163 ) ;
#2295 = CARTESIAN_POINT ( 'NONE',  ( 8.384994479999996031, 7.801934395919686516, 65.71502479911072214 ) ) ;
#2296 = CARTESIAN_POINT ( 'NONE',  ( 7.384994479999996031, 2.799999999999998934, -8.500000000000001776 ) ) ;
#2297 = ADVANCED_FACE ( 'NONE', ( #4303 ), #7209, .T. ) ;
#2298 = DIRECTION ( 'NONE',  ( 0.6000000000000043077, 0.000000000000000000, 0.7999999999999967137 ) ) ;
#2299 = VECTOR ( 'NONE', #5242, 1000.000000000000000 ) ;
#2300 = CARTESIAN_POINT ( 'NONE',  ( 8.384994479999997807, 9.330045757232971582, 85.42278186765491910 ) ) ;
#2301 = EDGE_CURVE ( 'NONE', #1963, #562, #5801, .T. ) ;
#2302 = ORIENTED_EDGE ( 'NONE', *, *, #420, .F. ) ;
#2303 = ORIENTED_EDGE ( 'NONE', *, *, #7938, .T. ) ;
#2304 = AXIS2_PLACEMENT_3D ( 'NONE', #3580, #9048, #5119 ) ;
#2305 = CARTESIAN_POINT ( 'NONE',  ( 8.384994479999997807, 8.869065480456796990, 64.60303983606846145 ) ) ;
#2306 = ORIENTED_EDGE ( 'NONE', *, *, #50, .F. ) ;
#2307 = DIRECTION ( 'NONE',  ( 1.000000000000000000, -1.066210604224532462E-16, -0.000000000000000000 ) ) ;
#2308 = CARTESIAN_POINT ( 'NONE',  ( -2.384994479999980932, 1.507431981266132709E-17, 125.4999999999999716 ) ) ;
#2309 = CARTESIAN_POINT ( 'NONE',  ( 8.884994479999996031, 9.705395736182749644, 72.21762478274170860 ) ) ;
#2310 = EDGE_CURVE ( 'NONE', #2576, #502, #8114, .T. ) ;
#2311 = EDGE_CURVE ( 'NONE', #8598, #7617, #396, .T. ) ;
#2312 = ADVANCED_FACE ( 'NONE', ( #7301 ), #7357, .F. ) ;
#2313 = LINE ( 'NONE', #8389, #6955 ) ;
#2314 = CARTESIAN_POINT ( 'NONE',  ( 8.884994479999996031, 7.641994525535515947, 72.60408079009944515 ) ) ;
#2315 = EDGE_CURVE ( 'NONE', #6399, #5595, #2645, .T. ) ;
#2316 = CARTESIAN_POINT ( 'NONE',  ( 8.884994479999997807, 10.34420236614055533, 71.99024877140665524 ) ) ;
#2317 = CARTESIAN_POINT ( 'NONE',  ( -17.38499447999998893, 2.000000000000001776, -22.00000000000000711 ) ) ;
#2318 = CARTESIAN_POINT ( 'NONE',  ( -17.38499447999999603, 22.00100000000000122, -45.00000000000000000 ) ) ;
#2319 = CARTESIAN_POINT ( 'NONE',  ( 8.384994479999999584, 6.782242499245218603, 65.76362151236759246 ) ) ;
#2320 = ORIENTED_EDGE ( 'NONE', *, *, #7750, .T. ) ;
#2321 = EDGE_CURVE ( 'NONE', #6433, #1213, #9524, .T. ) ;
#2322 = CARTESIAN_POINT ( 'NONE',  ( 8.384994479999997807, 7.744705774132406795, 66.40734545063772032 ) ) ;
#2323 = ORIENTED_EDGE ( 'NONE', *, *, #6177, .F. ) ;
#2324 = CARTESIAN_POINT ( 'NONE',  ( 8.884994479999997807, 6.702458179608773214, 76.34219069684675674 ) ) ;
#2325 = CARTESIAN_POINT ( 'NONE',  ( -17.88499448000000669, 1.301042606982605321E-15, -59.50000000000002842 ) ) ;
#2326 = VERTEX_POINT ( 'NONE', #6505 ) ;
#2327 = VECTOR ( 'NONE', #1331, 1000.000000000000000 ) ;
#2328 = EDGE_LOOP ( 'NONE', ( #5827, #2384, #4583, #587 ) ) ;
#2329 = DIRECTION ( 'NONE',  ( 0.7071067811865671127, -7.666467083417085162E-17, 0.7071067811865279218 ) ) ;
#2330 = CARTESIAN_POINT ( 'NONE',  ( -8.384994480000001360, 0.000000000000000000, 12.49999999999999822 ) ) ;
#2331 = CARTESIAN_POINT ( 'NONE',  ( 8.884994479999997807, 9.132400841712708939, 65.55244622681770750 ) ) ;
#2332 = EDGE_LOOP ( 'NONE', ( #3276, #3760, #9648, #4247 ) ) ;
#2333 = DIRECTION ( 'NONE',  ( -0.7071067811865474617, 0.7071067811865474617, 0.000000000000000000 ) ) ;
#2334 = CARTESIAN_POINT ( 'NONE',  ( 8.884994479999997807, 10.27883695279478715, 71.47077832531630293 ) ) ;
#2335 = ORIENTED_EDGE ( 'NONE', *, *, #1140, .T. ) ;
#2336 = CARTESIAN_POINT ( 'NONE',  ( -17.38499447999998893, 2.000000000000001776, -22.00000000000000711 ) ) ;
#2337 = CARTESIAN_POINT ( 'NONE',  ( -17.88499447999998893, 0.5000000000000003331, -22.00000000000000711 ) ) ;
#2338 = CARTESIAN_POINT ( 'NONE',  ( 7.384994479999996031, 18.99999999999999645, -59.50000000000000000 ) ) ;
#2339 = DIRECTION ( 'NONE',  ( 1.156482317317871478E-16, 2.682028355221109045E-34, -1.000000000000000000 ) ) ;
#2340 = ORIENTED_EDGE ( 'NONE', *, *, #4394, .T. ) ;
#2341 = AXIS2_PLACEMENT_3D ( 'NONE', #3883, #6926, #1622 ) ;
#2342 = DIRECTION ( 'NONE',  ( 1.000000000000000000, -1.066210604224532462E-16, -0.000000000000000000 ) ) ;
#2343 = CARTESIAN_POINT ( 'NONE',  ( -17.88499448000000314, -1.000000000000002220, 8.499999999999998224 ) ) ;
#2344 = CARTESIAN_POINT ( 'NONE',  ( 8.267282045553207226, 19.47071079408718219, 8.117712434446801240 ) ) ;
#2345 = DIRECTION ( 'NONE',  ( -2.444340341067424783E-15, 0.7071067811865279218, 0.7071067811865671127 ) ) ;
#2346 = AXIS2_PLACEMENT_3D ( 'NONE', #6738, #2329, #6136 ) ;
#2347 = LINE ( 'NONE', #758, #9251 ) ;
#2348 = CIRCLE ( 'NONE', #8280, 1.700000000000000178 ) ;
#2349 = EDGE_LOOP ( 'NONE', ( #7039, #1654, #7265, #1319 ) ) ;
#2350 = ORIENTED_EDGE ( 'NONE', *, *, #8278, .F. ) ;
#2351 = PLANE ( 'NONE',  #5258 ) ;
#2352 = VERTEX_POINT ( 'NONE', #9577 ) ;
#2353 = EDGE_CURVE ( 'NONE', #3451, #8656, #2694, .T. ) ;
#2354 = CARTESIAN_POINT ( 'NONE',  ( 8.884994479999997807, 9.330045757232971582, 84.73131145249065810 ) ) ;
#2355 = CARTESIAN_POINT ( 'NONE',  ( 8.384994479999996031, 7.526549313634389726, 72.51093635760956602 ) ) ;
#2356 = LINE ( 'NONE', #4661, #3197 ) ;
#2357 = AXIS2_PLACEMENT_3D ( 'NONE', #8663, #7894, #7136 ) ;
#2358 = LINE ( 'NONE', #6218, #8897 ) ;
#2359 = CARTESIAN_POINT ( 'NONE',  ( 8.384994479999997807, 10.29810433846293805, 74.05961804512222102 ) ) ;
#2360 = ADVANCED_FACE ( 'NONE', ( #8829 ), #4998, .F. ) ;
#2361 = ADVANCED_FACE ( 'NONE', ( #8877 ), #1996, .T. ) ;
#2362 = DIRECTION ( 'NONE',  ( -0.7071067811865475727, -3.256836054902110163E-18, 0.7071067811865475727 ) ) ;
#2363 = VECTOR ( 'NONE', #5653, 1000.000000000000000 ) ;
#2364 = CARTESIAN_POINT ( 'NONE',  ( 8.384994479999997807, 9.698909298876095875, 64.58383259425670531 ) ) ;
#2365 = ADVANCED_FACE ( 'NONE', ( #3844 ), #6138, .T. ) ;
#2366 = CARTESIAN_POINT ( 'NONE',  ( 8.884994479999997807, 6.702458179608773214, 66.63783558902578363 ) ) ;
#2367 = CARTESIAN_POINT ( 'NONE',  ( 8.384994479999997807, 6.807115840515676197, 72.61030190568230580 ) ) ;
#2368 = ORIENTED_EDGE ( 'NONE', *, *, #6112, .T. ) ;
#2369 = CARTESIAN_POINT ( 'NONE',  ( -2.884994480000008910, 0.5000000000000558442, 34.00000000000004263 ) ) ;
#2370 = EDGE_LOOP ( 'NONE', ( #1215, #4618, #1116, #9271 ) ) ;
#2371 = DIRECTION ( 'NONE',  ( -2.040851148208008245E-16, 0.000000000000000000, -1.000000000000000000 ) ) ;
#2372 = FACE_OUTER_BOUND ( 'NONE', #6785, .T. ) ;
#2373 = ORIENTED_EDGE ( 'NONE', *, *, #4735, .T. ) ;
#2374 = EDGE_CURVE ( 'NONE', #6595, #4796, #879, .T. ) ;
#2375 = ORIENTED_EDGE ( 'NONE', *, *, #5784, .T. ) ;
#2376 = VECTOR ( 'NONE', #2937, 1000.000000000000000 ) ;
#2377 = LINE ( 'NONE', #8355, #3152 ) ;
#2378 = VECTOR ( 'NONE', #2215, 1000.000000000000000 ) ;
#2379 = DIRECTION ( 'NONE',  ( 9.614813431919064003E-17, 0.7071067811865671127, -0.7071067811865279218 ) ) ;
#2380 = CARTESIAN_POINT ( 'NONE',  ( 8.884994479999997807, 10.27145206103789477, 65.44281196533957257 ) ) ;
#2381 = ORIENTED_EDGE ( 'NONE', *, *, #9001, .F. ) ;
#2382 = LINE ( 'NONE', #688, #4144 ) ;
#2383 = FACE_OUTER_BOUND ( 'NONE', #6994, .T. ) ;
#2384 = ORIENTED_EDGE ( 'NONE', *, *, #4082, .F. ) ;
#2385 = CARTESIAN_POINT ( 'NONE',  ( 8.884994479999999584, 6.726947756812507784, 65.49979053073462865 ) ) ;
#2386 = CARTESIAN_POINT ( 'NONE',  ( 4.384994479999991590, 19.00000000000000000, -7.207106781186551459 ) ) ;
#2387 = CARTESIAN_POINT ( 'NONE',  ( -9.884994480000003136, 4.199999999999998401, -60.00000000000000000 ) ) ;
#2388 = AXIS2_PLACEMENT_3D ( 'NONE', #6436, #8708, #224 ) ;
#2389 = CYLINDRICAL_SURFACE ( 'NONE', #6761, 0.8000000000000003775 ) ;
#2390 = VECTOR ( 'NONE', #4962, 1000.000000000000000 ) ;
#2391 = DIRECTION ( 'NONE',  ( -1.192622389734055124E-16, -2.765841741321769571E-34, 1.000000000000000000 ) ) ;
#2392 = CARTESIAN_POINT ( 'NONE',  ( 8.884994479999997807, 8.968441952444477394, 71.05092207600596055 ) ) ;
#2393 = VECTOR ( 'NONE', #3004, 1000.000000000000114 ) ;
#2394 = ORIENTED_EDGE ( 'NONE', *, *, #1759, .T. ) ;
#2395 = VECTOR ( 'NONE', #3763, 1000.000000000000000 ) ;
#2396 = DIRECTION ( 'NONE',  ( 0.000000000000000000, 1.000000000000000000, 0.000000000000000000 ) ) ;
#2397 = CARTESIAN_POINT ( 'NONE',  ( 8.884994479999999584, 7.853039625887466180, 65.71336991330264254 ) ) ;
#2398 = CARTESIAN_POINT ( 'NONE',  ( -17.38499448000001735, 0.2499999999999862887, -21.75000000000000711 ) ) ;
#2399 = CARTESIAN_POINT ( 'NONE',  ( 8.884994479999997807, 10.29810433846293805, 67.99700712383304335 ) ) ;
#2400 = CARTESIAN_POINT ( 'NONE',  ( 8.384994479999997807, 7.301732539417800538, 64.10244406675683138 ) ) ;
#2401 = B_SPLINE_CURVE_WITH_KNOTS ( 'NONE', 3,
 ( #8525, #1642, #4883, #3239, #139, #3386, #7139, #6441, #7045, #3194, #236, #7802, #3283, #188, #6298, #7850, #6344, #9415, #2534 ),
 .UNSPECIFIED., .F., .F.,
 ( 4, 1, 1, 1, 1, 1, 1, 1, 1, 1, 1, 1, 1, 1, 1, 1, 4 ),
 ( 0.000000000000000000, 0.06406556946817376641, 0.1260188908727422064, 0.1858248224356739975, 0.2443043643471834170, 0.3022792106485431840, 0.3601959776061117169, 0.4188354893849311478, 0.4788423895063425584, 0.5393582514003195660, 0.6000024026670051081, 0.6610548137977871885, 0.7236693562615876818, 0.7882613265416149595, 0.8556791849674127981, 0.9259317405535334444, 1.000000000000000000 ),
 .UNSPECIFIED. ) ;
#2402 = AXIS2_PLACEMENT_3D ( 'NONE', #1186, #8822, #1940 ) ;
#2403 = CIRCLE ( 'NONE', #6077, 0.5000000000000004441 ) ;
#2404 = EDGE_LOOP ( 'NONE', ( #3752, #9456, #4033, #6939 ) ) ;
#2405 = CARTESIAN_POINT ( 'NONE',  ( 8.384994479999996031, 9.585133452808214827, 72.44888245337641308 ) ) ;
#2406 = ORIENTED_EDGE ( 'NONE', *, *, #6468, .T. ) ;
#2407 = FACE_OUTER_BOUND ( 'NONE', #2641, .T. ) ;
#2408 = CARTESIAN_POINT ( 'NONE',  ( 8.884994479999997807, 9.150537720941896325, 66.23915767794687781 ) ) ;
#2409 = CARTESIAN_POINT ( 'NONE',  ( 8.384994479999996031, 9.707470552930224983, 71.65497846891943823 ) ) ;
#2410 = VECTOR ( 'NONE', #4443, 1000.000000000000114 ) ;
#2411 =( BOUNDED_CURVE ( )  B_SPLINE_CURVE ( 3, ( #4149, #1793, #4846, #5419 ),
 .UNSPECIFIED., .F., .T. ) 
 B_SPLINE_CURVE_WITH_KNOTS ( ( 4, 4 ),
 ( 1.570796326794894782, 3.141592653589793116 ),
 .UNSPECIFIED. ) 
 CURVE ( )  GEOMETRIC_REPRESENTATION_ITEM ( )  RATIONAL_B_SPLINE_CURVE ( ( 1.000000000000000000, 0.8047378541243646044, 0.8047378541243646044, 1.000000000000000000 ) ) 
 REPRESENTATION_ITEM ( '' )  );
#2412 = CARTESIAN_POINT ( 'NONE',  ( 8.384994479999996031, 10.34024066390825425, 72.14747535756841046 ) ) ;
#2413 = CARTESIAN_POINT ( 'NONE',  ( 8.884994479999999584, 7.581243662514359549, 72.55925823624390603 ) ) ;
#2414 = FACE_OUTER_BOUND ( 'NONE', #4601, .T. ) ;
#2415 = DIRECTION ( 'NONE',  ( 0.000000000000000000, 0.000000000000000000, 1.000000000000000000 ) ) ;
#2416 = LINE ( 'NONE', #3923, #3682 ) ;
#2417 = ORIENTED_EDGE ( 'NONE', *, *, #2437, .F. ) ;
#2418 = LINE ( 'NONE', #5476, #1107 ) ;
#2419 = CARTESIAN_POINT ( 'NONE',  ( 8.384994479999997807, 10.29810433846293805, 74.75108846028648202 ) ) ;
#2420 = EDGE_CURVE ( 'NONE', #8591, #7766, #129, .T. ) ;
#2421 = CARTESIAN_POINT ( 'NONE',  ( 8.384994479999997807, 8.881310269058662499, 65.15693644988233757 ) ) ;
#2422 = ADVANCED_FACE ( 'NONE', ( #2279 ), #9027, .T. ) ;
#2423 = CARTESIAN_POINT ( 'NONE',  ( 5.884994479999997807, 19.99999999999999645, 13.30000000000000604 ) ) ;
#2424 = ORIENTED_EDGE ( 'NONE', *, *, #4992, .F. ) ;
#2425 = EDGE_CURVE ( 'NONE', #5935, #1482, #6980, .T. ) ;
#2426 = ORIENTED_EDGE ( 'NONE', *, *, #8094, .F. ) ;
#2427 = APPLICATION_CONTEXT ( 'configuration controlled 3d designs of mechanical parts and assemblies' ) ;
#2428 = VECTOR ( 'NONE', #3045, 1000.000000000000000 ) ;
#2429 = FACE_OUTER_BOUND ( 'NONE', #1995, .T. ) ;
#2430 = CARTESIAN_POINT ( 'NONE',  ( -9.134994480000006689, 5.499038105676666177, 12.49999999999999822 ) ) ;
#2431 = CARTESIAN_POINT ( 'NONE',  ( -41.00000000000000000, 2.000000000000004441, -11.61500551999999864 ) ) ;
#2432 = VERTEX_POINT ( 'NONE', #1584 ) ;
#2433 = LINE ( 'NONE', #9922, #3179 ) ;
#2434 = ORIENTED_EDGE ( 'NONE', *, *, #8945, .T. ) ;
#2435 = EDGE_CURVE ( 'NONE', #777, #6399, #9316, .T. ) ;
#2436 = CARTESIAN_POINT ( 'NONE',  ( 8.384994479999997807, 18.99999999999999645, 137.4999999999999716 ) ) ;
#2437 = EDGE_CURVE ( 'NONE', #7646, #9106, #7842, .T. ) ;
#2438 = DIRECTION ( 'NONE',  ( 0.000000000000000000, 0.000000000000000000, 1.000000000000000000 ) ) ;
#2439 = CARTESIAN_POINT ( 'NONE',  ( -2.884994479999992922, 1.500000000000025535, -44.50000000000000000 ) ) ;
#2440 = DIRECTION ( 'NONE',  ( 4.505775262277422587E-16, 0.000000000000000000, 1.000000000000000000 ) ) ;
#2441 = ADVANCED_FACE ( 'NONE', ( #1064 ), #8705, .T. ) ;
#2442 = CARTESIAN_POINT ( 'NONE',  ( 8.384994479999997807, 7.566805007060066757, 84.13992957557725560 ) ) ;
#2443 = LINE ( 'NONE', #285, #5355 ) ;
#2444 = ORIENTED_EDGE ( 'NONE', *, *, #5568, .T. ) ;
#2445 = LINE ( 'NONE', #3949, #6684 ) ;
#2446 = CARTESIAN_POINT ( 'NONE',  ( 8.384994479999996031, 8.242155222509021328, 65.29047971205312706 ) ) ;
#2447 = CARTESIAN_POINT ( 'NONE',  ( 8.384994479999999584, 10.29749719360676430, 64.96150191332606028 ) ) ;
#2448 = EDGE_LOOP ( 'NONE', ( #1409, #6328, #9829, #1969 ) ) ;
#2449 = EDGE_CURVE ( 'NONE', #973, #2832, #8750, .T. ) ;
#2450 = CARTESIAN_POINT ( 'NONE',  ( -44.49999999999970157, 2.000000000000004885, -8.115005519997463779 ) ) ;
#2451 = CYLINDRICAL_SURFACE ( 'NONE', #2029, 0.8000000000000003775 ) ;
#2452 = AXIS2_PLACEMENT_3D ( 'NONE', #658, #3719, #2440 ) ;
#2453 = CARTESIAN_POINT ( 'NONE',  ( -9.384994480000001360, 0.4999999999999998890, -60.00000000000000000 ) ) ;
#2454 = ORIENTED_EDGE ( 'NONE', *, *, #593, .F. ) ;
#2455 = VECTOR ( 'NONE', #5313, 1000.000000000000000 ) ;
#2456 = LINE ( 'NONE', #8680, #6839 ) ;
#2457 = CARTESIAN_POINT ( 'NONE',  ( 8.884994479999999584, 8.829657554487104321, 66.06945025657125825 ) ) ;
#2458 = CARTESIAN_POINT ( 'NONE',  ( 8.884994479999996031, 8.836984614686530293, 71.03091446592361535 ) ) ;
#2459 = DIRECTION ( 'NONE',  ( -1.000000000000000000, -0.000000000000000000, -0.000000000000000000 ) ) ;
#2460 = DIRECTION ( 'NONE',  ( 1.000000000000000000, -4.625929269271481378E-15, 0.000000000000000000 ) ) ;
#2461 = VECTOR ( 'NONE', #7981, 1000.000000000000000 ) ;
#2462 = DIRECTION ( 'NONE',  ( -1.000000000000000000, 0.000000000000000000, 0.000000000000000000 ) ) ;
#2463 = CARTESIAN_POINT ( 'NONE',  ( 7.384994479999994255, 1.499999999999970024, 138.0000000000000000 ) ) ;
#2464 = CARTESIAN_POINT ( 'NONE',  ( 7.384994479999996031, 2.999999999999999112, 8.499999999999998224 ) ) ;
#2465 = EDGE_LOOP ( 'NONE', ( #4220, #7904, #734, #9836 ) ) ;
#2466 = CARTESIAN_POINT ( 'NONE',  ( 8.884994479999996031, 7.509710508970013798, 72.49146457578487457 ) ) ;
#2467 = LINE ( 'NONE', #9492, #4559 ) ;
#2468 = DIRECTION ( 'NONE',  ( -1.000000000000000000, 1.334402673828313832E-16, 0.000000000000000000 ) ) ;
#2469 = PLANE ( 'NONE',  #3423 ) ;
#2470 = ORIENTED_EDGE ( 'NONE', *, *, #7381, .T. ) ;
#2471 = ORIENTED_EDGE ( 'NONE', *, *, #6466, .T. ) ;
#2472 = LINE ( 'NONE', #7177, #9890 ) ;
#2473 = CARTESIAN_POINT ( 'NONE',  ( 8.884994479999997807, 8.269791120647768778, 64.10244406675683138 ) ) ;
#2474 = CARTESIAN_POINT ( 'NONE',  ( 8.884994479999997807, 9.367938962800019809, 65.57514589626173063 ) ) ;
#2475 = ORIENTED_EDGE ( 'NONE', *, *, #6465, .T. ) ;
#2476 = ADVANCED_FACE ( 'NONE', ( #6284 ), #324, .T. ) ;
#2477 = CARTESIAN_POINT ( 'NONE',  ( 8.884994479999997807, 10.29810433846293805, 64.85946011502520037 ) ) ;
#2478 = VERTEX_POINT ( 'NONE', #6331 ) ;
#2479 = PLANE ( 'NONE',  #421 ) ;
#2480 = CARTESIAN_POINT ( 'NONE',  ( 8.884994479999997807, 7.745061124173444611, 65.71482149197447598 ) ) ;
#2481 = CARTESIAN_POINT ( 'NONE',  ( 8.384994479999997807, 9.422241812588209697, 68.36651162693641481 ) ) ;
#2482 = EDGE_CURVE ( 'NONE', #8763, #3316, #3184, .T. ) ;
#2483 = EDGE_CURVE ( 'NONE', #545, #1153, #4726, .T. ) ;
#2484 = DIRECTION ( 'NONE',  ( 0.000000000000000000, 1.000000000000000000, 0.000000000000000000 ) ) ;
#2485 = EDGE_CURVE ( 'NONE', #486, #5089, #6062, .T. ) ;
#2486 = CARTESIAN_POINT ( 'NONE',  ( 8.884994479999999584, 9.462368969637662275, 71.27135853295999368 ) ) ;
#2487 = VECTOR ( 'NONE', #2778, 1000.000000000000000 ) ;
#2488 = EDGE_LOOP ( 'NONE', ( #1505, #1809, #2096, #3693 ) ) ;
#2489 = ADVANCED_FACE ( 'NONE', ( #1865 ), #978, .F. ) ;
#2490 = LINE ( 'NONE', #7757, #7481 ) ;
#2491 = PLANE ( 'NONE',  #1282 ) ;
#2492 = FACE_OUTER_BOUND ( 'NONE', #7236, .T. ) ;
#2493 = ORIENTED_EDGE ( 'NONE', *, *, #3612, .T. ) ;
#2494 = DIRECTION ( 'NONE',  ( 0.7071067811865672237, 3.922843880222469890E-14, 0.7071067811865279218 ) ) ;
#2495 = CARTESIAN_POINT ( 'NONE',  ( 8.884994479999997807, 7.324061271574146659, 65.33196489872078416 ) ) ;
#2496 = EDGE_CURVE ( 'NONE', #8407, #1853, #273, .T. ) ;
#2497 = VECTOR ( 'NONE', #8350, 1000.000000000000000 ) ;
#2498 = ORIENTED_EDGE ( 'NONE', *, *, #4980, .F. ) ;
#2499 = DIRECTION ( 'NONE',  ( -0.000000000000000000, 2.111100016949954907E-32, -1.000000000000000000 ) ) ;
#2500 = ORIENTED_EDGE ( 'NONE', *, *, #1459, .F. ) ;
#2501 = EDGE_CURVE ( 'NONE', #4373, #711, #179, .T. ) ;
#2502 = FACE_OUTER_BOUND ( 'NONE', #4974, .T. ) ;
#2503 = CARTESIAN_POINT ( 'NONE',  ( 8.384994479999997807, 7.369811110227327156, 72.28268329134371584 ) ) ;
#2504 = LINE ( 'NONE', #4754, #2709 ) ;
#2505 = CARTESIAN_POINT ( 'NONE',  ( 8.384994479999997807, 10.29810433846293805, 76.26728140187063332 ) ) ;
#2506 = DIRECTION ( 'NONE',  ( 0.000000000000000000, -0.000000000000000000, -1.000000000000000000 ) ) ;
#2507 = AXIS2_PLACEMENT_3D ( 'NONE', #515, #3579, #6625 ) ;
#2508 = LINE ( 'NONE', #4857, #3672 ) ;
#2509 = VECTOR ( 'NONE', #9194, 1000.000000000000000 ) ;
#2510 = CARTESIAN_POINT ( 'NONE',  ( -17.88499448000001024, 22.00100000000000122, 126.0000000000000000 ) ) ;
#2511 = CARTESIAN_POINT ( 'NONE',  ( -9.384994480000001360, 0.4999999999999998890, 21.49999999999999289 ) ) ;
#2512 = ORIENTED_EDGE ( 'NONE', *, *, #4280, .T. ) ;
#2513 = CARTESIAN_POINT ( 'NONE',  ( 8.884994479999996031, 10.11509004182247651, 65.88056006258884167 ) ) ;
#2514 = CARTESIAN_POINT ( 'NONE',  ( 9.884994479999997807, 22.00000000000000000, -60.00000000000000000 ) ) ;
#2515 = CARTESIAN_POINT ( 'NONE',  ( -7.384994479999946293, 3.478689187537348796E-18, 21.49999999999999289 ) ) ;
#2516 = DIRECTION ( 'NONE',  ( -4.605861719268250263E-18, 1.000000000000000000, 0.000000000000000000 ) ) ;
#2517 = ORIENTED_EDGE ( 'NONE', *, *, #5317, .F. ) ;
#2518 = AXIS2_PLACEMENT_3D ( 'NONE', #9435, #5610, #8174 ) ;
#2519 = VERTEX_POINT ( 'NONE', #4174 ) ;
#2520 = CARTESIAN_POINT ( 'NONE',  ( 9.677887698813458783, 21.50000000000002487, -60.00000000000000000 ) ) ;
#2521 = LINE ( 'NONE', #6283, #257 ) ;
#2522 = VERTEX_POINT ( 'NONE', #3271 ) ;
#2523 = DIRECTION ( 'NONE',  ( 0.000000000000000000, 1.000000000000000000, 0.000000000000000000 ) ) ;
#2524 = ORIENTED_EDGE ( 'NONE', *, *, #5480, .F. ) ;
#2525 = SECURITY_CLASSIFICATION ( '', '', #9513 ) ;
#2526 = DIRECTION ( 'NONE',  ( -1.000000000000000000, 0.000000000000000000, 0.000000000000000000 ) ) ;
#2527 = EDGE_LOOP ( 'NONE', ( #8399, #3196, #2669, #2880, #2732, #1679, #6881, #6028, #4116, #3062, #3790, #5357, #9739, #4721 ) ) ;
#2528 = CARTESIAN_POINT ( 'NONE',  ( 8.002706914446797271, 19.78640406174548616, 8.382287565553207642 ) ) ;
#2529 = DIRECTION ( 'NONE',  ( 1.000000000000000000, 0.000000000000000000, 0.000000000000000000 ) ) ;
#2530 = CARTESIAN_POINT ( 'NONE',  ( 8.884994479999997807, 7.766314224606289507, 84.19830300746819773 ) ) ;
#2531 = VECTOR ( 'NONE', #8283, 1000.000000000000000 ) ;
#2532 = ADVANCED_FACE ( 'NONE', ( #929 ), #5966, .T. ) ;
#2533 = CARTESIAN_POINT ( 'NONE',  ( 8.884994479999997807, 6.702458179608773214, 64.62824969495466121 ) ) ;
#2534 = CARTESIAN_POINT ( 'NONE',  ( 8.384994479999997807, 8.492358160528764799, 70.32567780323519457 ) ) ;
#2535 = ORIENTED_EDGE ( 'NONE', *, *, #4711, .T. ) ;
#2536 = EDGE_LOOP ( 'NONE', ( #9216, #3502, #2999, #4991 ) ) ;
#2537 = CARTESIAN_POINT ( 'NONE',  ( 8.884994479999997807, 7.775677886478305822, 65.71587503547344511 ) ) ;
#2538 = DIRECTION ( 'NONE',  ( 1.084202172485504804E-16, 1.000000000000000000, -0.000000000000000000 ) ) ;
#2539 = DIRECTION ( 'NONE',  ( -1.000000000000000000, 1.066210604224532462E-16, 0.000000000000000000 ) ) ;
#2540 = ORIENTED_EDGE ( 'NONE', *, *, #5486, .F. ) ;
#2541 = VECTOR ( 'NONE', #8618, 1000.000000000000000 ) ;
#2542 = VECTOR ( 'NONE', #5712, 1000.000000000000000 ) ;
#2543 = CARTESIAN_POINT ( 'NONE',  ( -12.88499447999999781, 2.399999999999998579, -8.500000000000000000 ) ) ;
#2544 = DIRECTION ( 'NONE',  ( -1.377415149188912532E-13, 0.000000000000000000, 1.000000000000000000 ) ) ;
#2545 = EDGE_CURVE ( 'NONE', #9169, #6104, #7856, .T. ) ;
#2546 = EDGE_CURVE ( 'NONE', #9656, #4860, #5874, .T. ) ;
#2547 = EDGE_CURVE ( 'NONE', #1321, #3185, #8153, .T. ) ;
#2548 = ORIENTED_EDGE ( 'NONE', *, *, #4312, .F. ) ;
#2549 = CARTESIAN_POINT ( 'NONE',  ( 7.384994479999996919, 19.00000000000000000, -8.500000000000005329 ) ) ;
#2550 = VECTOR ( 'NONE', #3798, 1000.000000000000114 ) ;
#2551 = VERTEX_POINT ( 'NONE', #2820 ) ;
#2552 = CARTESIAN_POINT ( 'NONE',  ( -9.384994480000001360, 0.4999999999999998890, 12.49999999999999645 ) ) ;
#2553 = VERTEX_POINT ( 'NONE', #2670 ) ;
#2554 = DIRECTION ( 'NONE',  ( 0.000000000000000000, 0.000000000000000000, 1.000000000000000000 ) ) ;
#2555 = CARTESIAN_POINT ( 'NONE',  ( 8.884994479999997807, 8.257473112210458766, 65.14405697925027994 ) ) ;
#2556 = LINE ( 'NONE', #1754, #316 ) ;
#2557 = VECTOR ( 'NONE', #8365, 1000.000000000000000 ) ;
#2558 = EDGE_CURVE ( 'NONE', #9877, #5209, #5172, .T. ) ;
#2559 = CARTESIAN_POINT ( 'NONE',  ( -3.384994479999965833, 0.5000000000000004441, -45.00000000000000000 ) ) ;
#2560 = ADVANCED_FACE ( 'NONE', ( #4421 ), #1318, .F. ) ;
#2561 = CARTESIAN_POINT ( 'NONE',  ( -2.884994480000013795, 0.5000000000000281997, 86.00000000000001421 ) ) ;
#2562 = FACE_OUTER_BOUND ( 'NONE', #8250, .T. ) ;
#2563 = CARTESIAN_POINT ( 'NONE',  ( 8.884994479999997807, 9.698829978653909833, 64.54109561137666162 ) ) ;
#2564 = ORIENTED_EDGE ( 'NONE', *, *, #2851, .T. ) ;
#2565 = DIRECTION ( 'NONE',  ( 0.000000000000000000, 1.000000000000000000, -0.000000000000000000 ) ) ;
#2566 = DIRECTION ( 'NONE',  ( 0.7071067811865469066, 0.7071067811865482389, 0.000000000000000000 ) ) ;
#2567 = DIRECTION ( 'NONE',  ( 1.156482317317871478E-16, 2.682028355221109045E-34, -1.000000000000000000 ) ) ;
#2568 = ORIENTED_EDGE ( 'NONE', *, *, #8565, .T. ) ;
#2569 = ORIENTED_EDGE ( 'NONE', *, *, #6730, .T. ) ;
#2570 = CARTESIAN_POINT ( 'NONE',  ( 8.384994479999996031, 2.999999999999999112, -60.00000000000000000 ) ) ;
#2571 = CARTESIAN_POINT ( 'NONE',  ( 8.884994479999996031, 6.717733451126976618, 65.37210081106613302 ) ) ;
#2572 = ORIENTED_EDGE ( 'NONE', *, *, #3119, .F. ) ;
#2573 = CARTESIAN_POINT ( 'NONE',  ( 8.384994479999997807, 9.610152249255747847, 65.42680082149603038 ) ) ;
#2574 = EDGE_LOOP ( 'NONE', ( #3081, #173, #2493, #7657 ) ) ;
#2575 = CARTESIAN_POINT ( 'NONE',  ( 8.884994479999996031, 9.821860630070599285, 73.16552657414003136 ) ) ;
#2576 = VERTEX_POINT ( 'NONE', #6678 ) ;
#2577 = CARTESIAN_POINT ( 'NONE',  ( 8.384994479999997807, 7.770166766912590894, 66.40666520094031000 ) ) ;
#2578 = LINE ( 'NONE', #1780, #6589 ) ;
#2579 = LINE ( 'NONE', #7994, #4593 ) ;
#2580 = VECTOR ( 'NONE', #9370, 1000.000000000000000 ) ;
#2581 = CARTESIAN_POINT ( 'NONE',  ( 8.384994479999996031, 2.999999999999999112, 7.699999999999998401 ) ) ;
#2582 = CARTESIAN_POINT ( 'NONE',  ( 8.884994479999997807, 8.544938723348547427, 71.01714821839945557 ) ) ;
#2583 = ORIENTED_EDGE ( 'NONE', *, *, #142, .T. ) ;
#2584 = ORIENTED_EDGE ( 'NONE', *, *, #8920, .T. ) ;
#2585 = CARTESIAN_POINT ( 'NONE',  ( 8.384994479999997807, 6.702458179608773214, 64.62824969495466121 ) ) ;
#2586 = CARTESIAN_POINT ( 'NONE',  ( 8.384994479999997807, 9.330045757232971582, 83.53276273287259812 ) ) ;
#2587 = VERTEX_POINT ( 'NONE', #1366 ) ;
#2588 = DIRECTION ( 'NONE',  ( -1.000000000000000000, 1.066210604224532462E-16, 0.000000000000000000 ) ) ;
#2589 = CARTESIAN_POINT ( 'NONE',  ( 8.384994479999997807, 6.707919481974762732, 65.06931205611229529 ) ) ;
#2590 = ORIENTED_EDGE ( 'NONE', *, *, #6730, .F. ) ;
#2591 = FACE_OUTER_BOUND ( 'NONE', #995, .T. ) ;
#2592 = ORIENTED_EDGE ( 'NONE', *, *, #2006, .T. ) ;
#2593 = CARTESIAN_POINT ( 'NONE',  ( 8.884994479999997807, 10.34420236614055533, 71.99024877140665524 ) ) ;
#2594 = ORIENTED_EDGE ( 'NONE', *, *, #1067, .T. ) ;
#2595 = EDGE_CURVE ( 'NONE', #3130, #4875, #4369, .T. ) ;
#2596 = DIRECTION ( 'NONE',  ( -1.000000000000000000, 0.000000000000000000, 0.000000000000000000 ) ) ;
#2597 = CYLINDRICAL_SURFACE ( 'NONE', #1332, 0.7999999999999999334 ) ;
#2598 = CARTESIAN_POINT ( 'NONE',  ( -9.384994480000001360, 0.4999999999999998890, 21.49999999999999289 ) ) ;
#2599 = EDGE_CURVE ( 'NONE', #5299, #1213, #373, .T. ) ;
#2600 = DESIGN_CONTEXT ( 'detailed design', #7737, 'design' ) ;
#2601 = VECTOR ( 'NONE', #490, 1000.000000000000114 ) ;
#2602 = CARTESIAN_POINT ( 'NONE',  ( 6.092101261186555483, 20.50000000000002487, 138.0000000000000000 ) ) ;
#2603 = AXIS2_PLACEMENT_3D ( 'NONE', #2896, #6612, #5952 ) ;
#2604 = EDGE_CURVE ( 'NONE', #130, #9839, #7376, .T. ) ;
#2605 = CARTESIAN_POINT ( 'NONE',  ( 8.384994479999997807, 7.329845358277218281, 65.35937850778148572 ) ) ;
#2606 = EDGE_CURVE ( 'NONE', #5950, #5942, #3832, .T. ) ;
#2607 = CARTESIAN_POINT ( 'NONE',  ( 8.884994480000001360, 4.121084563853848997E-17, -22.00000000000000711 ) ) ;
#2608 = CARTESIAN_POINT ( 'NONE',  ( 8.384994479999999584, 8.700706643988997513, 85.90223503639883518 ) ) ;
#2609 = LINE ( 'NONE', #918, #8637 ) ;
#2610 = ORIENTED_EDGE ( 'NONE', *, *, #5553, .T. ) ;
#2611 = ADVANCED_FACE ( 'NONE', ( #2870 ), #8038, .T. ) ;
#2612 = CARTESIAN_POINT ( 'NONE',  ( 8.884994479999997807, 9.686585190052042549, 65.19367081568793765 ) ) ;
#2613 = CARTESIAN_POINT ( 'NONE',  ( 8.884994479999997807, 9.698829978653909833, 64.54109561137666162 ) ) ;
#2614 = CARTESIAN_POINT ( 'NONE',  ( 7.384994479999996031, 3.800000000000000711, 12.49999999999999822 ) ) ;
#2615 = AXIS2_PLACEMENT_3D ( 'NONE', #1100, #4903, #7163 ) ;
#2616 = VERTEX_POINT ( 'NONE', #7275 ) ;
#2617 = CARTESIAN_POINT ( 'NONE',  ( -8.884994480000001360, 2.000000000000000888, -60.00000000000000000 ) ) ;
#2618 = ADVANCED_FACE ( 'NONE', ( #422 ), #5773, .T. ) ;
#2619 = DIRECTION ( 'NONE',  ( -0.000000000000000000, -1.000000000000000000, -0.000000000000000000 ) ) ;
#2620 = ORIENTED_EDGE ( 'NONE', *, *, #4856, .T. ) ;
#2621 = B_SPLINE_CURVE_WITH_KNOTS ( 'NONE', 3,
 ( #750, #3759, #7553, #6849, #699, #3808, #2, #4645, #2291, #7704, #6148 ),
 .UNSPECIFIED., .F., .F.,
 ( 4, 1, 1, 1, 1, 1, 1, 1, 4 ),
 ( 0.000000000000000000, 0.1305301931965944240, 0.2505855235998178943, 0.3660139533960096170, 0.4797918202115126762, 0.5961993545986415954, 0.7185531191416083541, 0.8520790075209241365, 1.000000000000000000 ),
 .UNSPECIFIED. ) ;
#2622 = ADVANCED_FACE ( 'NONE', ( #2022 ), #9912, .T. ) ;
#2623 = CARTESIAN_POINT ( 'NONE',  ( 8.384994479999999584, 6.818959791137046977, 71.31171114583918325 ) ) ;
#2624 = ORIENTED_EDGE ( 'NONE', *, *, #5717, .F. ) ;
#2625 = DIRECTION ( 'NONE',  ( 0.7071067811865489050, -0.7071067811865462405, -0.000000000000000000 ) ) ;
#2626 = DIRECTION ( 'NONE',  ( 8.673617379884027583E-16, -1.000000000000000000, 0.000000000000000000 ) ) ;
#2627 = LINE ( 'NONE', #6488, #7152 ) ;
#2628 = CARTESIAN_POINT ( 'NONE',  ( 8.384994479999997807, 7.766314224606289507, 84.19830300746819773 ) ) ;
#2629 = CARTESIAN_POINT ( 'NONE',  ( -9.134994480000006689, 5.499038105676666177, -12.49999999999999822 ) ) ;
#2630 = ORIENTED_EDGE ( 'NONE', *, *, #9491, .T. ) ;
#2631 = ORIENTED_EDGE ( 'NONE', *, *, #4927, .F. ) ;
#2632 = VECTOR ( 'NONE', #8473, 1000.000000000000000 ) ;
#2633 = PERSON_AND_ORGANIZATION_ROLE ( 'classification_officer' ) ;
#2634 = LINE ( 'NONE', #4241, #3681 ) ;
#2635 = CARTESIAN_POINT ( 'NONE',  ( 8.884994479999997807, 9.230522161465696485, 86.70523450272558819 ) ) ;
#2636 = ORIENTED_EDGE ( 'NONE', *, *, #556, .F. ) ;
#2637 = DIRECTION ( 'NONE',  ( 0.000000000000000000, -0.7071067811865671127, -0.7071067811865279218 ) ) ;
#2638 = B_SPLINE_CURVE_WITH_KNOTS ( 'NONE', 3,
 ( #7720, #6864, #19, #4009, #9388, #765, #2503, #6912, #3115, #7816, #2355, #201, #5412, #8582, #8490, #4660, #5514, #9295, #4753 ),
 .UNSPECIFIED., .F., .F.,
 ( 4, 1, 1, 1, 1, 1, 1, 1, 1, 1, 1, 1, 1, 1, 1, 1, 4 ),
 ( 0.000000000000000000, 0.06126111103095752131, 0.1204608798674973724, 0.1787406227206234932, 0.2357241107740792874, 0.2917921544355402408, 0.3484056260215608325, 0.4049785290093272372, 0.4622711074623399030, 0.5207595708992975858, 0.5805293807501541448, 0.6425782181377505120, 0.7074054357165958651, 0.7749203007763203477, 0.8463302752413637275, 0.9211343755677541267, 1.000000000000000000 ),
 .UNSPECIFIED. ) ;
#2639 = DIRECTION ( 'NONE',  ( 1.000000000000000000, 0.000000000000000000, 0.000000000000000000 ) ) ;
#2640 = AXIS2_PLACEMENT_3D ( 'NONE', #6137, #9118, #8356 ) ;
#2641 = EDGE_LOOP ( 'NONE', ( #1939, #2742, #9596, #7429 ) ) ;
#2642 = ORIENTED_EDGE ( 'NONE', *, *, #5052, .F. ) ;
#2643 = CARTESIAN_POINT ( 'NONE',  ( 8.884994479999997807, 9.230522161465696485, 86.70523450272558819 ) ) ;
#2644 = ORIENTED_EDGE ( 'NONE', *, *, #534, .F. ) ;
#2645 = LINE ( 'NONE', #6457, #7023 ) ;
#2646 = VERTEX_POINT ( 'NONE', #6775 ) ;
#2647 = CARTESIAN_POINT ( 'NONE',  ( 8.884994479999996031, 8.228887910425306984, 66.28424535349884650 ) ) ;
#2648 = CARTESIAN_POINT ( 'NONE',  ( -17.63499447999997827, 0.5000000000000275335, 137.7500000000000000 ) ) ;
#2649 = CARTESIAN_POINT ( 'NONE',  ( -11.18499447999999852, 0.6999999999999990674, -8.500000000000000000 ) ) ;
#2650 = CARTESIAN_POINT ( 'NONE',  ( -2.884994480000008910, 1.499999999999942268, 34.00000000000004263 ) ) ;
#2651 = AXIS2_PLACEMENT_3D ( 'NONE', #6246, #7846, #8466 ) ;
#2652 = ADVANCED_FACE ( 'NONE', ( #6024 ), #5221, .F. ) ;
#2653 = DIRECTION ( 'NONE',  ( 0.000000000000000000, 0.000000000000000000, -1.000000000000000000 ) ) ;
#2654 = PLANE ( 'NONE',  #8123 ) ;
#2655 = CARTESIAN_POINT ( 'NONE',  ( 7.384994479999996031, 1.999999999999999112, 85.50000000000001421 ) ) ;
#2656 = CARTESIAN_POINT ( 'NONE',  ( 8.384994479999997807, 9.655915186570293685, 72.33945984358987857 ) ) ;
#2657 = EDGE_LOOP ( 'NONE', ( #8545, #3010, #9014 ) ) ;
#2658 = AXIS2_PLACEMENT_3D ( 'NONE', #4818, #4167, #9541 ) ;
#2659 = CARTESIAN_POINT ( 'NONE',  ( 8.884994479999997807, 7.310011658605289675, 65.20330410808324473 ) ) ;
#2660 = CARTESIAN_POINT ( 'NONE',  ( 4.031441089406720302, 19.00000000000000000, 6.853553390593266847 ) ) ;
#2661 = CARTESIAN_POINT ( 'NONE',  ( 8.884994479999996031, 10.34260576570022927, 71.92944105127473620 ) ) ;
#2662 = CIRCLE ( 'NONE', #8928, 1.000000000000000000 ) ;
#2663 = ADVANCED_FACE ( 'NONE', ( #9851 ), #4446, .T. ) ;
#2664 = EDGE_LOOP ( 'NONE', ( #5110, #1399, #7760 ) ) ;
#2665 = EDGE_CURVE ( 'NONE', #5771, #2976, #2609, .T. ) ;
#2666 = AXIS2_PLACEMENT_3D ( 'NONE', #6831, #7589, #2124 ) ;
#2667 = VERTEX_POINT ( 'NONE', #9489 ) ;
#2668 = CARTESIAN_POINT ( 'NONE',  ( 8.384994479999999584, 9.462368969637662275, 71.27135853295999368 ) ) ;
#2669 = ORIENTED_EDGE ( 'NONE', *, *, #9562, .T. ) ;
#2670 = CARTESIAN_POINT ( 'NONE',  ( 8.267282045553209002, 22.00000000000000000, 8.117712434446795911 ) ) ;
#2671 = ORIENTED_EDGE ( 'NONE', *, *, #243, .T. ) ;
#2672 = DIRECTION ( 'NONE',  ( -1.000000000000000000, 1.334402673828313832E-16, -0.000000000000000000 ) ) ;
#2673 = ORIENTED_EDGE ( 'NONE', *, *, #2425, .F. ) ;
#2674 = CARTESIAN_POINT ( 'NONE',  ( -7.384994479999944517, -1.619403660844341520E-16, 32.99999999999990763 ) ) ;
#2675 = CARTESIAN_POINT ( 'NONE',  ( 8.884994479999997807, 10.29810433846293805, 87.42804607163128594 ) ) ;
#2676 = VECTOR ( 'NONE', #2947, 1000.000000000000000 ) ;
#2677 = CARTESIAN_POINT ( 'NONE',  ( 95.24999999999997158, 1.999999999999989564, 27.86500551999991515 ) ) ;
#2678 = EDGE_CURVE ( 'NONE', #9497, #6561, #7168, .T. ) ;
#2679 = ADVANCED_FACE ( 'NONE', ( #7874 ), #4715, .T. ) ;
#2680 = CARTESIAN_POINT ( 'NONE',  ( 8.884994479999997807, 7.401105462779416833, 72.34359022400465733 ) ) ;
#2681 = LINE ( 'NONE', #5785, #6962 ) ;
#2682 = ORIENTED_EDGE ( 'NONE', *, *, #1395, .T. ) ;
#2683 = ORIENTED_EDGE ( 'NONE', *, *, #964, .F. ) ;
#2684 = PERSON_AND_ORGANIZATION ( #3306, #1890 ) ;
#2685 = DIRECTION ( 'NONE',  ( 7.539247484201921597E-17, 0.7071067811865654473, -0.7071067811865296981 ) ) ;
#2686 = PLANE ( 'NONE',  #6073 ) ;
#2687 = ORIENTED_EDGE ( 'NONE', *, *, #1857, .F. ) ;
#2688 = CARTESIAN_POINT ( 'NONE',  ( 10.38499447999999603, 1.500000000000000000, -59.50000000000000000 ) ) ;
#2689 = PLANE ( 'NONE',  #4589 ) ;
#2690 = ORIENTED_EDGE ( 'NONE', *, *, #9609, .T. ) ;
#2691 = ORIENTED_EDGE ( 'NONE', *, *, #9004, .T. ) ;
#2692 = DIRECTION ( 'NONE',  ( 0.000000000000000000, 1.000000000000000000, 0.000000000000000000 ) ) ;
#2693 = EDGE_LOOP ( 'NONE', ( #9417, #4530, #3079, #5341 ) ) ;
#2694 = LINE ( 'NONE', #5755, #4941 ) ;
#2695 = ORIENTED_EDGE ( 'NONE', *, *, #7869, .F. ) ;
#2696 = VECTOR ( 'NONE', #3535, 1000.000000000000000 ) ;
#2697 = CARTESIAN_POINT ( 'NONE',  ( 8.384994479999994255, 8.588645799345698606, 65.85471570847994371 ) ) ;
#2698 = FACE_OUTER_BOUND ( 'NONE', #8650, .T. ) ;
#2699 = CARTESIAN_POINT ( 'NONE',  ( 8.884994479999997807, 9.330045757232971582, 85.42278186765491910 ) ) ;
#2700 = CARTESIAN_POINT ( 'NONE',  ( 8.384994480000003136, 9.814057820322144465, 66.15927339057918743 ) ) ;
#2701 = LINE ( 'NONE', #4207, #8070 ) ;
#2702 = VECTOR ( 'NONE', #1534, 1000.000000000000000 ) ;
#2703 = DIRECTION ( 'NONE',  ( -0.7071067811865671127, 7.539247484201938854E-17, 0.7071067811865279218 ) ) ;
#2704 = CARTESIAN_POINT ( 'NONE',  ( 8.884994479999997807, 6.702458179608773214, 71.96575919420291712 ) ) ;
#2705 = DIRECTION ( 'NONE',  ( -1.334402673828313832E-16, -1.000000000000000000, 0.000000000000000000 ) ) ;
#2706 = DIRECTION ( 'NONE',  ( 1.000000000000000000, 2.319126125024811375E-18, 0.000000000000000000 ) ) ;
#2707 = CIRCLE ( 'NONE', #2877, 0.8000000000000003775 ) ;
#2708 = EDGE_LOOP ( 'NONE', ( #4642, #4400, #2173, #4997 ) ) ;
#2709 = VECTOR ( 'NONE', #7721, 1000.000000000000227 ) ;
#2710 = CARTESIAN_POINT ( 'NONE',  ( 8.884994479999997807, 7.313229808146870958, 65.25476839019356134 ) ) ;
#2711 = DIRECTION ( 'NONE',  ( -0.000000000000000000, 0.7071067811865671127, 0.7071067811865279218 ) ) ;
#2712 = CARTESIAN_POINT ( 'NONE',  ( -7.884994480000007577, 0.5000000000000003331, 73.99999999999998579 ) ) ;
#2713 = ORIENTED_EDGE ( 'NONE', *, *, #9371, .T. ) ;
#2714 = ORIENTED_EDGE ( 'NONE', *, *, #9144, .F. ) ;
#2715 = EDGE_LOOP ( 'NONE', ( #8575, #2524, #2903, #3986 ) ) ;
#2716 = CARTESIAN_POINT ( 'NONE',  ( -17.38499448000000669, 2.000000000000001776, -59.99999999999998579 ) ) ;
#2717 = CARTESIAN_POINT ( 'NONE',  ( 7.584994479999995320, -1.000000000000005107, 8.499999999999998224 ) ) ;
#2718 = EDGE_CURVE ( 'NONE', #3721, #2982, #260, .T. ) ;
#2719 = ORIENTED_EDGE ( 'NONE', *, *, #3422, .F. ) ;
#2720 = CARTESIAN_POINT ( 'NONE',  ( 8.884994479999994255, 7.442473577302816778, 70.58235787010094953 ) ) ;
#2721 = ORIENTED_EDGE ( 'NONE', *, *, #5254, .F. ) ;
#2722 = CARTESIAN_POINT ( 'NONE',  ( 8.884994479999997807, 7.540866057995440741, 84.13203709268161390 ) ) ;
#2723 = DIRECTION ( 'NONE',  ( 0.000000000000000000, 0.000000000000000000, 1.000000000000000000 ) ) ;
#2724 = EDGE_CURVE ( 'NONE', #8407, #377, #5665, .T. ) ;
#2725 = LINE ( 'NONE', #6538, #9898 ) ;
#2726 = ORIENTED_EDGE ( 'NONE', *, *, #2904, .T. ) ;
#2727 = CARTESIAN_POINT ( 'NONE',  ( 8.884994479999999584, 7.581243662514359549, 72.55925823624390603 ) ) ;
#2728 = FACE_OUTER_BOUND ( 'NONE', #9120, .T. ) ;
#2729 = ORIENTED_EDGE ( 'NONE', *, *, #4371, .F. ) ;
#2730 = EDGE_CURVE ( 'NONE', #251, #8017, #4064, .T. ) ;
#2731 = LINE ( 'NONE', #9712, #6442 ) ;
#2732 = ORIENTED_EDGE ( 'NONE', *, *, #2244, .T. ) ;
#2733 = EDGE_CURVE ( 'NONE', #1294, #2023, #4666, .T. ) ;
#2734 = APPROVAL_ROLE ( '' ) ;
#2735 = DIRECTION ( 'NONE',  ( 0.000000000000000000, -1.000000000000000000, 0.000000000000000000 ) ) ;
#2736 = CARTESIAN_POINT ( 'NONE',  ( 8.884994480000001360, 9.690128076633691023, 65.15411271785711733 ) ) ;
#2737 = ORIENTED_EDGE ( 'NONE', *, *, #2599, .T. ) ;
#2738 = DIRECTION ( 'NONE',  ( 0.000000000000000000, -0.000000000000000000, -1.000000000000000000 ) ) ;
#2739 = ADVANCED_FACE ( 'NONE', ( #1666, #117, #7727 ), #9444, .T. ) ;
#2740 = CARTESIAN_POINT ( 'NONE',  ( -12.88499447999999781, 0.6999999999999988454, 12.49999999999999822 ) ) ;
#2741 = ORIENTED_EDGE ( 'NONE', *, *, #6771, .F. ) ;
#2742 = ORIENTED_EDGE ( 'NONE', *, *, #8455, .T. ) ;
#2743 = ORIENTED_EDGE ( 'NONE', *, *, #470, .F. ) ;
#2744 = FACE_OUTER_BOUND ( 'NONE', #3772, .T. ) ;
#2745 = EDGE_LOOP ( 'NONE', ( #598, #6890, #2970, #9190 ) ) ;
#2746 = LINE ( 'NONE', #4950, #5417 ) ;
#2747 = ORIENTED_EDGE ( 'NONE', *, *, #2485, .F. ) ;
#2748 = EDGE_CURVE ( 'NONE', #7476, #7129, #2416, .T. ) ;
#2749 = CARTESIAN_POINT ( 'NONE',  ( 8.384994479999996031, 8.394125145521275755, 66.15568980678732203 ) ) ;
#2750 = FACE_OUTER_BOUND ( 'NONE', #1172, .T. ) ;
#2751 = CARTESIAN_POINT ( 'NONE',  ( 8.384994479999996031, 7.046327013614729573, 73.01392587818673974 ) ) ;
#2752 = CARTESIAN_POINT ( 'NONE',  ( 8.884994479999996031, 9.614696052340669041, 66.24320827542877055 ) ) ;
#2753 = CARTESIAN_POINT ( 'NONE',  ( -2.884994480000014683, 1.499999999999970024, 86.50000000000002842 ) ) ;
#2754 = DIRECTION ( 'NONE',  ( -0.5773502691896250649, -0.5773502691896272854, 0.5773502691896250649 ) ) ;
#2755 = VERTEX_POINT ( 'NONE', #9349 ) ;
#2756 = AXIS2_PLACEMENT_3D ( 'NONE', #604, #3669, #6710 ) ;
#2757 = CARTESIAN_POINT ( 'NONE',  ( 8.884994479999997807, 8.293249997689921216, 70.32949940638648911 ) ) ;
#2758 = PLANE ( 'NONE',  #1651 ) ;
#2759 = CARTESIAN_POINT ( 'NONE',  ( 8.384994479999999584, 9.950928567515880729, 73.05050340799185449 ) ) ;
#2760 = ORIENTED_EDGE ( 'NONE', *, *, #5375, .T. ) ;
#2761 = LINE ( 'NONE', #1110, #4713 ) ;
#2762 = CARTESIAN_POINT ( 'NONE',  ( 8.884994480000024453, 2.999999999999999112, 138.0000000000000000 ) ) ;
#2763 = FACE_OUTER_BOUND ( 'NONE', #5279, .T. ) ;
#2764 = ORIENTED_EDGE ( 'NONE', *, *, #5998, .T. ) ;
#2765 = VECTOR ( 'NONE', #1658, 1000.000000000000000 ) ;
#2766 = EDGE_LOOP ( 'NONE', ( #1677, #7365, #302, #2109 ) ) ;
#2767 = VERTEX_POINT ( 'NONE', #6320 ) ;
#2768 = LINE ( 'NONE', #8899, #6354 ) ;
#2769 = CARTESIAN_POINT ( 'NONE',  ( -9.134994480000006689, 5.499038105676666177, 8.499999999999992895 ) ) ;
#2770 = ORIENTED_EDGE ( 'NONE', *, *, #468, .F. ) ;
#2771 = DIRECTION ( 'NONE',  ( 4.605861719268250263E-18, -1.000000000000000000, 0.000000000000000000 ) ) ;
#2772 = EDGE_LOOP ( 'NONE', ( #1942, #3796, #2919, #7417 ) ) ;
#2773 = VECTOR ( 'NONE', #2923, 1000.000000000000000 ) ;
#2774 = CARTESIAN_POINT ( 'NONE',  ( 8.384994479999997807, 6.702458179608773214, 77.26343096871664784 ) ) ;
#2775 = CARTESIAN_POINT ( 'NONE',  ( -2.384994479999925865, 1.507431981266145343E-17, 34.00000000000004263 ) ) ;
#2776 = DIRECTION ( 'NONE',  ( -0.000000000000000000, 0.000000000000000000, 1.000000000000000000 ) ) ;
#2777 = DIRECTION ( 'NONE',  ( 0.000000000000000000, 0.000000000000000000, -1.000000000000000000 ) ) ;
#2778 = DIRECTION ( 'NONE',  ( 0.000000000000000000, 1.000000000000000000, 0.000000000000000000 ) ) ;
#2779 = ADVANCED_FACE ( 'NONE', ( #5474 ), #9393, .T. ) ;
#2780 = ORIENTED_EDGE ( 'NONE', *, *, #3476, .T. ) ;
#2781 = CARTESIAN_POINT ( 'NONE',  ( -3.384994480000042216, 0.5000000000000281997, 86.00000000000001421 ) ) ;
#2782 = ORIENTED_EDGE ( 'NONE', *, *, #976, .F. ) ;
#2783 = PERSON_AND_ORGANIZATION ( #3306, #1890 ) ;
#2784 = CARTESIAN_POINT ( 'NONE',  ( 8.384994479999999584, 8.386776052888004429, 71.01981414247055113 ) ) ;
#2785 = LINE ( 'NONE', #1834, #8644 ) ;
#2786 = VERTEX_POINT ( 'NONE', #2511 ) ;
#2787 = DIRECTION ( 'NONE',  ( -8.250117422766957148E-17, 1.000000000000000000, 0.000000000000000000 ) ) ;
#2788 = DIRECTION ( 'NONE',  ( -0.7071067811865472397, -0.7071067811865479058, 0.000000000000000000 ) ) ;
#2789 = ORIENTED_EDGE ( 'NONE', *, *, #5614, .F. ) ;
#2790 = VERTEX_POINT ( 'NONE', #6226 ) ;
#2791 = EDGE_CURVE ( 'NONE', #9839, #1610, #4616, .T. ) ;
#2792 = EDGE_CURVE ( 'NONE', #5650, #2755, #7064, .T. ) ;
#2793 = ORIENTED_EDGE ( 'NONE', *, *, #4700, .T. ) ;
#2794 = CARTESIAN_POINT ( 'NONE',  ( 4.384994479999991590, 22.00000000000000000, -7.207106781186551459 ) ) ;
#2795 = EDGE_CURVE ( 'NONE', #2946, #5609, #1763, .T. ) ;
#2796 = AXIS2_PLACEMENT_3D ( 'NONE', #9880, #6101, #6945 ) ;
#2797 = ORIENTED_EDGE ( 'NONE', *, *, #7566, .T. ) ;
#2798 = CARTESIAN_POINT ( 'NONE',  ( 10.38499447999999603, 1.500000000000000000, -59.50000000000000000 ) ) ;
#2799 = VERTEX_POINT ( 'NONE', #7115 ) ;
#2800 = DIRECTION ( 'NONE',  ( 0.000000000000000000, 0.000000000000000000, 1.000000000000000000 ) ) ;
#2801 = CARTESIAN_POINT ( 'NONE',  ( 8.884994479999997807, 9.283947729555352524, 73.41424565763556132 ) ) ;
#2802 = CARTESIAN_POINT ( 'NONE',  ( 8.384994479999999584, 6.854134739774626617, 72.72052724408123936 ) ) ;
#2803 = CARTESIAN_POINT ( 'NONE',  ( -7.384994479999944517, 3.478689187537348796E-18, 32.99999999999990763 ) ) ;
#2804 = CARTESIAN_POINT ( 'NONE',  ( -9.384994479999999584, 2.999999999999999112, 8.499999999999998224 ) ) ;
#2805 = VECTOR ( 'NONE', #5767, 1000.000000000000000 ) ;
#2806 = ADVANCED_FACE ( 'NONE', ( #3310 ), #6374, .T. ) ;
#2807 = EDGE_CURVE ( 'NONE', #4634, #8552, #5114, .T. ) ;
#2808 = CARTESIAN_POINT ( 'NONE',  ( 8.384994479999997807, 6.702458179608773214, 63.41097365159257038 ) ) ;
#2809 = VECTOR ( 'NONE', #2177, 1000.000000000000000 ) ;
#2810 = CYLINDRICAL_SURFACE ( 'NONE', #5230, 0.8000000000000003775 ) ;
#2811 = LINE ( 'NONE', #8337, #7082 ) ;
#2812 = CARTESIAN_POINT ( 'NONE',  ( 8.384994479999994255, 9.394260182654946334, 72.62172777762989995 ) ) ;
#2813 = ORIENTED_EDGE ( 'NONE', *, *, #5486, .T. ) ;
#2814 = CARTESIAN_POINT ( 'NONE',  ( 8.384994480000003136, 9.699059473956483046, 64.66474550224704387 ) ) ;
#2815 = DIRECTION ( 'NONE',  ( 0.000000000000000000, -0.9360758496681034213, -0.3517982428440174503 ) ) ;
#2816 = DIRECTION ( 'NONE',  ( 0.000000000000000000, 0.9354018683714186988, 0.3535864033687651231 ) ) ;
#2817 = EDGE_LOOP ( 'NONE', ( #4703, #3417, #320, #9757 ) ) ;
#2818 = DIRECTION ( 'NONE',  ( 4.580314254641694023E-17, 0.3432482821321897193, -0.9392447055018733337 ) ) ;
#2819 = VECTOR ( 'NONE', #7184, 1000.000000000000000 ) ;
#2820 = CARTESIAN_POINT ( 'NONE',  ( 5.384994479999996919, 20.49999999999999645, 137.4999999999999716 ) ) ;
#2821 = VERTEX_POINT ( 'NONE', #7975 ) ;
#2822 = CARTESIAN_POINT ( 'NONE',  ( 8.884994479999997807, 8.293249997689921216, 70.32949940638648911 ) ) ;
#2823 = ORIENTED_EDGE ( 'NONE', *, *, #9562, .F. ) ;
#2824 = DIRECTION ( 'NONE',  ( 0.000000000000000000, 1.000000000000000000, 0.000000000000000000 ) ) ;
#2825 = LINE ( 'NONE', #8199, #1006 ) ;
#2826 = CARTESIAN_POINT ( 'NONE',  ( 8.884994479999996031, 7.966775993301984826, 66.38503492735354428 ) ) ;
#2827 = ORIENTED_EDGE ( 'NONE', *, *, #5914, .T. ) ;
#2828 = AXIS2_PLACEMENT_3D ( 'NONE', #3268, #8654, #6329 ) ;
#2829 = CARTESIAN_POINT ( 'NONE',  ( 8.884994480000001360, 7.437073673501448212, 72.40242112119739204 ) ) ;
#2830 = PLANE ( 'NONE',  #7774 ) ;
#2831 = DIRECTION ( 'NONE',  ( 4.505775262277422587E-16, -4.804105364892761947E-32, 1.000000000000000000 ) ) ;
#2832 = VERTEX_POINT ( 'NONE', #8081 ) ;
#2833 = VECTOR ( 'NONE', #6716, 1000.000000000000000 ) ;
#2834 = CARTESIAN_POINT ( 'NONE',  ( -3.384994480000092398, 0.5000000000000559552, 33.49999999999998579 ) ) ;
#2835 = LINE ( 'NONE', #1338, #2550 ) ;
#2836 = ORIENTED_EDGE ( 'NONE', *, *, #9549, .T. ) ;
#2837 = CARTESIAN_POINT ( 'NONE',  ( -17.38499448000000669, 2.000000000000001776, -59.50000000000000000 ) ) ;
#2838 = CARTESIAN_POINT ( 'NONE',  ( -7.884994480000004025, 0.5000000000000559552, 21.49999999999999289 ) ) ;
#2839 = DIRECTION ( 'NONE',  ( -1.224646799147353454E-16, 1.000000000000000000, -0.000000000000000000 ) ) ;
#2840 = VECTOR ( 'NONE', #2146, 1000.000000000000000 ) ;
#2841 = DIRECTION ( 'NONE',  ( -0.7071067811865493491, -0.000000000000000000, 0.7071067811865456854 ) ) ;
#2842 = EDGE_LOOP ( 'NONE', ( #1585, #8533, #1909, #4091 ) ) ;
#2843 = ORIENTED_EDGE ( 'NONE', *, *, #666, .T. ) ;
#2844 = DIRECTION ( 'NONE',  ( 1.000000000000000000, 0.000000000000000000, 0.000000000000000000 ) ) ;
#2845 = DIRECTION ( 'NONE',  ( -0.6785983445458475538, 0.2810846377148197295, -0.6785983445458467767 ) ) ;
#2846 = CARTESIAN_POINT ( 'NONE',  ( -8.884994480000003136, 2.000000000000000888, 12.83137084989848020 ) ) ;
#2847 = EDGE_CURVE ( 'NONE', #5861, #2432, #1400, .T. ) ;
#2848 = EDGE_CURVE ( 'NONE', #2120, #2522, #4361, .T. ) ;
#2849 = DIRECTION ( 'NONE',  ( 1.000000000000000000, 0.000000000000000000, 0.000000000000000000 ) ) ;
#2850 = CARTESIAN_POINT ( 'NONE',  ( -8.084994480000002426, 2.800000000000000711, -12.50000000000000355 ) ) ;
#2851 = EDGE_CURVE ( 'NONE', #9656, #6489, #6572, .T. ) ;
#2852 = VECTOR ( 'NONE', #345, 1000.000000000000000 ) ;
#2853 = VECTOR ( 'NONE', #1954, 999.9999999999998863 ) ;
#2854 = ORIENTED_EDGE ( 'NONE', *, *, #5782, .F. ) ;
#2855 = FACE_OUTER_BOUND ( 'NONE', #8854, .T. ) ;
#2856 = CARTESIAN_POINT ( 'NONE',  ( 8.884994479999997807, 6.702458179608773214, 74.05961804512222102 ) ) ;
#2857 = LINE ( 'NONE', #3770, #3900 ) ;
#2858 = DIRECTION ( 'NONE',  ( 0.7071067811865474617, -0.7071067811865474617, 0.000000000000000000 ) ) ;
#2859 = ORIENTED_EDGE ( 'NONE', *, *, #4996, .T. ) ;
#2860 = EDGE_CURVE ( 'NONE', #901, #1509, #1258, .T. ) ;
#2861 = CARTESIAN_POINT ( 'NONE',  ( -9.884994480000003136, 4.199999999999998401, 12.49999999999999822 ) ) ;
#2862 = DIRECTION ( 'NONE',  ( 0.000000000000000000, 0.000000000000000000, -1.000000000000000000 ) ) ;
#2863 = VECTOR ( 'NONE', #2706, 1000.000000000000000 ) ;
#2864 = PLANE ( 'NONE',  #6627 ) ;
#2865 = EDGE_CURVE ( 'NONE', #7129, #2551, #1106, .T. ) ;
#2866 = CARTESIAN_POINT ( 'NONE',  ( 8.884994479999997807, 7.301732539417800538, 71.93766820858687083 ) ) ;
#2867 = AXIS2_PLACEMENT_3D ( 'NONE', #7559, #6755, #1405 ) ;
#2868 = CARTESIAN_POINT ( 'NONE',  ( 8.884994479999997807, 10.29810433846293805, 87.42804607163128594 ) ) ;
#2869 = AXIS2_PLACEMENT_3D ( 'NONE', #550, #3615, #8985 ) ;
#2870 = FACE_OUTER_BOUND ( 'NONE', #5030, .T. ) ;
#2871 = VERTEX_POINT ( 'NONE', #6518 ) ;
#2872 = CARTESIAN_POINT ( 'NONE',  ( 8.384994479999997807, 8.293249997689921216, 70.32949940638648911 ) ) ;
#2873 = ORIENTED_EDGE ( 'NONE', *, *, #6280, .T. ) ;
#2874 = LINE ( 'NONE', #575, #7294 ) ;
#2875 = DIRECTION ( 'NONE',  ( 1.000000000000000000, 0.000000000000000000, 0.000000000000000000 ) ) ;
#2876 = CARTESIAN_POINT ( 'NONE',  ( 8.884994479999996031, 8.228887910425306984, 66.28424535349884650 ) ) ;
#2877 = AXIS2_PLACEMENT_3D ( 'NONE', #4793, #1696, #1605 ) ;
#2878 = VECTOR ( 'NONE', #4887, 1000.000000000000000 ) ;
#2879 = ORIENTED_EDGE ( 'NONE', *, *, #8308, .F. ) ;
#2880 = ORIENTED_EDGE ( 'NONE', *, *, #3837, .T. ) ;
#2881 = CARTESIAN_POINT ( 'NONE',  ( -2.884994480000013795, 1.499999999999942268, 72.99999999999992895 ) ) ;
#2882 = DIRECTION ( 'NONE',  ( -1.000000000000000000, -1.224646799147332746E-16, 0.000000000000000000 ) ) ;
#2883 = ORIENTED_EDGE ( 'NONE', *, *, #6466, .F. ) ;
#2884 = CARTESIAN_POINT ( 'NONE',  ( 8.884994479999997807, 8.269791120647768778, 64.10244406675683138 ) ) ;
#2885 = CARTESIAN_POINT ( 'NONE',  ( 8.884994479999999584, 10.21539963877675383, 86.84242709439098462 ) ) ;
#2886 = ORIENTED_EDGE ( 'NONE', *, *, #2073, .F. ) ;
#2887 = DIRECTION ( 'NONE',  ( 0.000000000000000000, 0.000000000000000000, 1.000000000000000000 ) ) ;
#2888 = DIRECTION ( 'NONE',  ( -0.000000000000000000, -0.000000000000000000, 1.000000000000000000 ) ) ;
#2889 = CARTESIAN_POINT ( 'NONE',  ( 8.384994479999999584, 8.098452261448612077, 71.05101215429041872 ) ) ;
#2890 = ORIENTED_EDGE ( 'NONE', *, *, #8558, .F. ) ;
#2891 = ORIENTED_EDGE ( 'NONE', *, *, #7386, .F. ) ;
#2892 = DIRECTION ( 'NONE',  ( -1.000000000000000000, 1.084202172485504804E-16, 0.000000000000000000 ) ) ;
#2893 = ORIENTED_EDGE ( 'NONE', *, *, #4208, .F. ) ;
#2894 = ORIENTED_EDGE ( 'NONE', *, *, #8508, .T. ) ;
#2895 = DIRECTION ( 'NONE',  ( 0.000000000000000000, 0.000000000000000000, 1.000000000000000000 ) ) ;
#2896 = CARTESIAN_POINT ( 'NONE',  ( -9.884994480000003136, 4.199999999999998401, -12.50000000000000355 ) ) ;
#2897 = LINE ( 'NONE', #3814, #4150 ) ;
#2898 = DIRECTION ( 'NONE',  ( -0.7071067811865279218, 7.539247484201522236E-17, -0.7071067811865671127 ) ) ;
#2899 = LINE ( 'NONE', #8207, #6124 ) ;
#2900 = AXIS2_PLACEMENT_3D ( 'NONE', #3382, #4830, #2626 ) ;
#2901 = ORIENTED_EDGE ( 'NONE', *, *, #497, .F. ) ;
#2902 = CARTESIAN_POINT ( 'NONE',  ( -7.884994480000004025, 22.00100000000000122, 21.49999999999999289 ) ) ;
#2903 = ORIENTED_EDGE ( 'NONE', *, *, #405, .T. ) ;
#2904 = EDGE_CURVE ( 'NONE', #1316, #7964, #512, .T. ) ;
#2905 = DIRECTION ( 'NONE',  ( -1.000000000000000000, 1.066210604224532462E-16, 0.000000000000000000 ) ) ;
#2906 = CARTESIAN_POINT ( 'NONE',  ( 8.384994479999997807, 10.04499562844967997, 72.94698577921512594 ) ) ;
#2907 = CARTESIAN_POINT ( 'NONE',  ( 8.884994479999997807, 9.580645861050838263, 73.30751331774827406 ) ) ;
#2908 = EDGE_LOOP ( 'NONE', ( #4586, #5047, #8171, #3026 ) ) ;
#2909 = CARTESIAN_POINT ( 'NONE',  ( 8.384994479999999584, 6.707919481974762732, 65.06931205611229529 ) ) ;
#2910 = CARTESIAN_POINT ( 'NONE',  ( -3.384994480000097283, 22.00100000000000122, 73.49999999999998579 ) ) ;
#2911 = ADVANCED_FACE ( 'NONE', ( #7368 ), #9538, .T. ) ;
#2912 = EDGE_CURVE ( 'NONE', #9240, #4696, #9529, .T. ) ;
#2913 = EDGE_CURVE ( 'NONE', #2799, #4170, #4317, .T. ) ;
#2914 = ORIENTED_EDGE ( 'NONE', *, *, #3667, .F. ) ;
#2915 = CARTESIAN_POINT ( 'NONE',  ( 9.884994480000022676, 1.707106781186536582, -60.00000000000000000 ) ) ;
#2916 = CARTESIAN_POINT ( 'NONE',  ( 8.884994479999999584, 7.674686856711772975, 73.41877106121653185 ) ) ;
#2917 = EDGE_CURVE ( 'NONE', #5264, #9603, #411, .T. ) ;
#2918 = CARTESIAN_POINT ( 'NONE',  ( 8.884994479999997807, 7.744705774132406795, 66.40734545063772032 ) ) ;
#2919 = ORIENTED_EDGE ( 'NONE', *, *, #1701, .F. ) ;
#2920 = CARTESIAN_POINT ( 'NONE',  ( 8.384994479999997807, 9.686585190052042549, 65.19367081568793765 ) ) ;
#2921 = EDGE_LOOP ( 'NONE', ( #8700, #9924, #2891 ) ) ;
#2922 = CARTESIAN_POINT ( 'NONE',  ( 8.884994479999997807, 10.29810433846293805, 76.26728140187063332 ) ) ;
#2923 = DIRECTION ( 'NONE',  ( 1.000000000000000000, 2.319126125024811375E-18, 0.000000000000000000 ) ) ;
#2924 = AXIS2_PLACEMENT_3D ( 'NONE', #4385, #7343, #6078 ) ;
#2925 = CARTESIAN_POINT ( 'NONE',  ( -2.893854459006555970E-16, 3.000000000000000000, 4.222200033899910362E-32 ) ) ;
#2926 = B_SPLINE_SURFACE_WITH_KNOTS ( 'NONE', 3, 1, ( 
 ( #5013, #2759 ),
 ( #5815, #8891 ),
 ( #5364, #2108 ),
 ( #4412, #613 ),
 ( #3116, #8338 ),
 ( #5963, #4558 ),
 ( #2907, #7467 ),
 ( #1513, #4606 ),
 ( #1467, #5269 ),
 ( #1559, #8434 ),
 ( #6069, #5213 ) ),
 .UNSPECIFIED., .F., .F., .F.,
 ( 4, 1, 1, 1, 1, 1, 1, 1, 4 ),
 ( 2, 2 ),
 ( 0.000000000000000000, 0.1106616101392987883, 0.2239225808856161737, 0.3403671944980551367, 0.4613669275554124760, 0.5879133201723067970, 0.7193097197651187047, 0.8559563679906826428, 1.000000000000000000 ),
 ( 0.000000000000000000, 1.000000000000000000 ),
 .UNSPECIFIED. ) ;
#2927 = ORIENTED_EDGE ( 'NONE', *, *, #856, .F. ) ;
#2928 = EDGE_CURVE ( 'NONE', #4422, #3935, #4909, .T. ) ;
#2929 = ORIENTED_EDGE ( 'NONE', *, *, #8383, .T. ) ;
#2930 = FACE_OUTER_BOUND ( 'NONE', #7075, .T. ) ;
#2931 = CARTESIAN_POINT ( 'NONE',  ( 7.584994479999996209, 2.999999999999999112, -8.500000000000001776 ) ) ;
#2932 = ADVANCED_FACE ( 'NONE', ( #3576 ), #2926, .T. ) ;
#2933 = AXIS2_PLACEMENT_3D ( 'NONE', #2343, #3950, #6106 ) ;
#2934 = EDGE_LOOP ( 'NONE', ( #7689, #7092, #6743, #8500 ) ) ;
#2935 = ORIENTED_EDGE ( 'NONE', *, *, #7034, .T. ) ;
#2936 = CARTESIAN_POINT ( 'NONE',  ( 8.384994479999996031, 7.371211002242070265, 71.56628497592754456 ) ) ;
#2937 = DIRECTION ( 'NONE',  ( 0.000000000000000000, 0.000000000000000000, 1.000000000000000000 ) ) ;
#2938 = ORIENTED_EDGE ( 'NONE', *, *, #4943, .T. ) ;
#2939 = CARTESIAN_POINT ( 'NONE',  ( 8.884994479999997807, 8.269791120647768778, 64.71828490526250732 ) ) ;
#2940 = CARTESIAN_POINT ( 'NONE',  ( 8.884994479999997807, 7.301732539417800538, 71.93766820858687083 ) ) ;
#2941 = CARTESIAN_POINT ( 'NONE',  ( 8.384994479999997807, 7.519276131692953946, 71.33734945270018102 ) ) ;
#2942 = AXIS2_PLACEMENT_3D ( 'NONE', #7059, #6421, #8586 ) ;
#2943 = CARTESIAN_POINT ( 'NONE',  ( 8.884994479999997807, 9.376143784910587087, 85.86071313059227350 ) ) ;
#2944 = CARTESIAN_POINT ( 'NONE',  ( 8.884994479999996031, 10.34024066390825425, 72.14747535756841046 ) ) ;
#2945 = ORIENTED_EDGE ( 'NONE', *, *, #3898, .T. ) ;
#2946 = VERTEX_POINT ( 'NONE', #3071 ) ;
#2947 = DIRECTION ( 'NONE',  ( -1.000000000000000000, 1.334402673828313832E-16, -0.000000000000000000 ) ) ;
#2948 = CARTESIAN_POINT ( 'NONE',  ( 8.884994479999997807, 7.586588598318614984, 71.27046677023139409 ) ) ;
#2949 = PLANE ( 'NONE',  #2869 ) ;
#2950 = LINE ( 'NONE', #9833, #5435 ) ;
#2951 = FACE_OUTER_BOUND ( 'NONE', #425, .T. ) ;
#2952 = ORIENTED_EDGE ( 'NONE', *, *, #7928, .T. ) ;
#2953 = LINE ( 'NONE', #5912, #6380 ) ;
#2954 = VERTEX_POINT ( 'NONE', #2156 ) ;
#2955 = ORIENTED_EDGE ( 'NONE', *, *, #9663, .T. ) ;
#2956 = CARTESIAN_POINT ( 'NONE',  ( 4.031441089406720302, 19.00000000000000000, 6.853553390593266847 ) ) ;
#2957 = CARTESIAN_POINT ( 'NONE',  ( 8.384994479999997807, 10.24891235843375448, 72.58176567840376947 ) ) ;
#2958 = CARTESIAN_POINT ( 'NONE',  ( 8.884994480000003136, 9.338117141410487321, 72.65502911098735694 ) ) ;
#2959 = EDGE_LOOP ( 'NONE', ( #6526, #8059, #7333, #5214 ) ) ;
#2960 = VECTOR ( 'NONE', #2247, 1000.000000000000114 ) ;
#2961 = CARTESIAN_POINT ( 'NONE',  ( 8.384994479999997807, 6.703589479158692299, 64.78767842890647444 ) ) ;
#2962 = DIRECTION ( 'NONE',  ( 0.000000000000000000, 0.000000000000000000, 1.000000000000000000 ) ) ;
#2963 = ADVANCED_FACE ( 'NONE', ( #5314 ), #3678, .T. ) ;
#2964 = CARTESIAN_POINT ( 'NONE',  ( -12.88499447999999781, 2.399999999999998579, 8.499999999999992895 ) ) ;
#2965 = VECTOR ( 'NONE', #9917, 999.9999999999998863 ) ;
#2966 = CARTESIAN_POINT ( 'NONE',  ( 8.884994479999997807, 8.871655328664019180, 64.96103357319017846 ) ) ;
#2967 = CARTESIAN_POINT ( 'NONE',  ( 8.384994479999997807, 7.704046316519453264, 66.40589864127612429 ) ) ;
#2968 = EDGE_LOOP ( 'NONE', ( #5788, #1085, #7770, #8427, #9638, #9408 ) ) ;
#2969 = CARTESIAN_POINT ( 'NONE',  ( 8.884994479999997807, 10.29789720057902791, 64.89427342515301689 ) ) ;
#2970 = ORIENTED_EDGE ( 'NONE', *, *, #3410, .T. ) ;
#2971 = EDGE_CURVE ( 'NONE', #876, #2786, #9045, .T. ) ;
#2972 = CARTESIAN_POINT ( 'NONE',  ( 8.884994480000001360, 7.877678794175357879, 84.23198910022034624 ) ) ;
#2973 = EDGE_CURVE ( 'NONE', #6116, #7221, #817, .T. ) ;
#2974 = PLANE ( 'NONE',  #7906 ) ;
#2975 = CARTESIAN_POINT ( 'NONE',  ( 8.884994479999997807, 8.869065480456796990, 64.60303983606846145 ) ) ;
#2976 = VERTEX_POINT ( 'NONE', #4465 ) ;
#2977 = EDGE_CURVE ( 'NONE', #9406, #2646, #766, .T. ) ;
#2978 = ORIENTED_EDGE ( 'NONE', *, *, #3034, .T. ) ;
#2979 = AXIS2_PLACEMENT_3D ( 'NONE', #2336, #933, #6940 ) ;
#2980 = PLANE ( 'NONE',  #2346 ) ;
#2981 = CARTESIAN_POINT ( 'NONE',  ( 8.384994479999997807, 7.786482111715247179, 74.75108846028648202 ) ) ;
#2982 = VERTEX_POINT ( 'NONE', #3728 ) ;
#2983 = CARTESIAN_POINT ( 'NONE',  ( 8.384994479999997807, 9.261963496222413994, 65.57625237700732157 ) ) ;
#2984 = EDGE_LOOP ( 'NONE', ( #5390, #667, #4933, #7176 ) ) ;
#2985 = FACE_OUTER_BOUND ( 'NONE', #4238, .T. ) ;
#2986 = CARTESIAN_POINT ( 'NONE',  ( 8.884994479999996031, 9.601584975772997410, 86.29381298589562732 ) ) ;
#2987 = EDGE_LOOP ( 'NONE', ( #3662, #9179, #8741 ) ) ;
#2988 = CARTESIAN_POINT ( 'NONE',  ( 8.384994479999997807, 9.376143784910587087, 85.86071313059227350 ) ) ;
#2989 = EDGE_CURVE ( 'NONE', #6128, #3103, #9791, .T. ) ;
#2990 = DIRECTION ( 'NONE',  ( 1.000000000000000000, 0.000000000000000000, 0.000000000000000000 ) ) ;
#2991 = AXIS2_PLACEMENT_3D ( 'NONE', #3371, #7878, #1013 ) ;
#2992 = DIRECTION ( 'NONE',  ( 1.192622389734055124E-16, 2.765841741321769571E-34, -1.000000000000000000 ) ) ;
#2993 = EDGE_CURVE ( 'NONE', #9291, #8248, #6812, .T. ) ;
#2994 = VECTOR ( 'NONE', #985, 1000.000000000000000 ) ;
#2995 = ORIENTED_EDGE ( 'NONE', *, *, #3543, .F. ) ;
#2996 = CARTESIAN_POINT ( 'NONE',  ( 8.884994479999999584, 7.766314224606290395, 84.19830300746821194 ) ) ;
#2997 = PLANE ( 'NONE',  #2796 ) ;
#2998 = VECTOR ( 'NONE', #6294, 1000.000000000000000 ) ;
#2999 = ORIENTED_EDGE ( 'NONE', *, *, #1030, .T. ) ;
#3000 = DIRECTION ( 'NONE',  ( 0.7071067811865279218, 1.639869809431879428E-18, 0.7071067811865671127 ) ) ;
#3001 = LINE ( 'NONE', #2801, #64 ) ;
#3002 = CARTESIAN_POINT ( 'NONE',  ( 8.884994479999997807, 8.684673369746326088, 85.86071313059227350 ) ) ;
#3003 = ADVANCED_FACE ( 'NONE', ( #3013 ), #9824, .T. ) ;
#3004 = DIRECTION ( 'NONE',  ( 0.7071067811865474617, -7.539247484201731778E-17, 0.7071067811865474617 ) ) ;
#3005 = DIRECTION ( 'NONE',  ( 0.000000000000000000, 0.000000000000000000, -1.000000000000000000 ) ) ;
#3006 = VECTOR ( 'NONE', #7805, 1000.000000000000000 ) ;
#3007 = EDGE_LOOP ( 'NONE', ( #4910, #5648, #804, #4344 ) ) ;
#3008 = PLANE ( 'NONE',  #9584 ) ;
#3009 = ORIENTED_EDGE ( 'NONE', *, *, #5858, .F. ) ;
#3010 = ORIENTED_EDGE ( 'NONE', *, *, #8735, .T. ) ;
#3011 = PLANE ( 'NONE',  #115 ) ;
#3012 = CARTESIAN_POINT ( 'NONE',  ( 8.267282045553216108, 19.47071079408716798, -8.117712434446787029 ) ) ;
#3013 = FACE_OUTER_BOUND ( 'NONE', #8241, .T. ) ;
#3014 = ORIENTED_EDGE ( 'NONE', *, *, #848, .F. ) ;
#3015 = CARTESIAN_POINT ( 'NONE',  ( 8.884994479999997807, 9.330045757232971582, 85.42278186765491910 ) ) ;
#3016 = CARTESIAN_POINT ( 'NONE',  ( 8.384994479999997807, 7.401105462779416833, 72.34359022400465733 ) ) ;
#3017 = VECTOR ( 'NONE', #821, 1000.000000000000000 ) ;
#3018 = DIRECTION ( 'NONE',  ( -0.5773502691896142958, -0.5773502691896484906, 0.5773502691896147399 ) ) ;
#3019 = LINE ( 'NONE', #772, #6220 ) ;
#3020 = DIRECTION ( 'NONE',  ( 0.7071067811865279218, -0.7071067811865671127, -3.186064242458872512E-16 ) ) ;
#3021 = CARTESIAN_POINT ( 'NONE',  ( 8.884994480000001360, 7.128604640675374249, 73.09836793652942788 ) ) ;
#3022 = AXIS2_PLACEMENT_3D ( 'NONE', #9715, #5037, #4389 ) ;
#3023 = ORIENTED_EDGE ( 'NONE', *, *, #7207, .F. ) ;
#3024 = AXIS2_PLACEMENT_3D ( 'NONE', #724, #3690, #6728 ) ;
#3025 = CARTESIAN_POINT ( 'NONE',  ( 7.384994479999996031, 18.99999999999999645, 138.0000000000000000 ) ) ;
#3026 = ORIENTED_EDGE ( 'NONE', *, *, #5854, .F. ) ;
#3027 = LINE ( 'NONE', #3588, #9395 ) ;
#3028 = CARTESIAN_POINT ( 'NONE',  ( 8.384994479999997807, 10.29810433846293805, 68.72953359489767422 ) ) ;
#3029 = ORIENTED_EDGE ( 'NONE', *, *, #6827, .F. ) ;
#3030 = AXIS2_PLACEMENT_3D ( 'NONE', #7307, #2001, #5054 ) ;
#3031 = VECTOR ( 'NONE', #6802, 1000.000000000000114 ) ;
#3032 = ORIENTED_EDGE ( 'NONE', *, *, #1457, .T. ) ;
#3033 = CARTESIAN_POINT ( 'NONE',  ( -3.384994479999995143, 0.5000000000000004441, -30.00000000000000000 ) ) ;
#3034 = EDGE_CURVE ( 'NONE', #2260, #4355, #8583, .T. ) ;
#3035 = CARTESIAN_POINT ( 'NONE',  ( 8.384994479999997807, 6.702458179608773214, 83.84320413801404470 ) ) ;
#3036 = CARTESIAN_POINT ( 'NONE',  ( 8.884994479999996031, 10.25995259538091098, 65.51727185793791364 ) ) ;
#3037 = ORIENTED_EDGE ( 'NONE', *, *, #6468, .F. ) ;
#3038 = ADVANCED_FACE ( 'NONE', ( #3301 ), #4852, .T. ) ;
#3039 = LINE ( 'NONE', #5489, #8152 ) ;
#3040 = LINE ( 'NONE', #6742, #9143 ) ;
#3041 = ORIENTED_EDGE ( 'NONE', *, *, #4747, .F. ) ;
#3042 = B_SPLINE_CURVE_WITH_KNOTS ( 'NONE', 3,
 ( #1812, #7225, #7028, #8597, #365, #9542, #5525, #4119, #8744, #1720, #4768, #5578, #1014, #1769, #4024, #6278, #7836, #2661, #4070 ),
 .UNSPECIFIED., .F., .F.,
 ( 4, 1, 1, 1, 1, 1, 1, 1, 1, 1, 1, 1, 1, 1, 1, 1, 4 ),
 ( 0.000000000000000000, 0.07579051948909629188, 0.1478534747076596378, 0.2160625612839166265, 0.2815137391824182878, 0.3441472867208705266, 0.4050398480292150549, 0.4648719310626860390, 0.5240790728485292815, 0.5827249968329573093, 0.6403617283199171117, 0.6973287607626795781, 0.7546841663265049238, 0.8131130606049203902, 0.8730146042387284533, 0.9351953611967567248, 1.000000000000000000 ),
 .UNSPECIFIED. ) ;
#3043 = VECTOR ( 'NONE', #248, 1000.000000000000000 ) ;
#3044 = CARTESIAN_POINT ( 'NONE',  ( 8.384994479999996031, 10.13622575438779094, 86.80294713798775774 ) ) ;
#3045 = DIRECTION ( 'NONE',  ( -1.375019570461159196E-16, -1.000000000000000000, 0.000000000000000000 ) ) ;
#3046 = CARTESIAN_POINT ( 'NONE',  ( 8.884994479999997807, 6.702458179608773214, 84.43527568099845837 ) ) ;
#3047 = EDGE_CURVE ( 'NONE', #5950, #623, #2504, .T. ) ;
#3048 = EDGE_CURVE ( 'NONE', #7555, #761, #6165, .T. ) ;
#3049 = EDGE_CURVE ( 'NONE', #8206, #1213, #2556, .T. ) ;
#3050 = CARTESIAN_POINT ( 'NONE',  ( 8.384994479999999584, 9.777909967446671402, 86.51752888276399744 ) ) ;
#3051 = EDGE_CURVE ( 'NONE', #9422, #5882, #1000, .T. ) ;
#3052 = LINE ( 'NONE', #801, #8414 ) ;
#3053 = ORIENTED_EDGE ( 'NONE', *, *, #4638, .T. ) ;
#3054 = ORIENTED_EDGE ( 'NONE', *, *, #3543, .T. ) ;
#3055 = ADVANCED_FACE ( 'NONE', ( #1613 ), #7773, .T. ) ;
#3056 = LINE ( 'NONE', #651, #7162 ) ;
#3057 = CARTESIAN_POINT ( 'NONE',  ( 8.384994479999997807, 8.372791401239945586, 75.32731380625671136 ) ) ;
#3058 = DIRECTION ( 'NONE',  ( 1.239037099348071290E-16, 0.7071067811865474617, 0.7071067811865474617 ) ) ;
#3059 = DIRECTION ( 'NONE',  ( 0.000000000000000000, 0.000000000000000000, 1.000000000000000000 ) ) ;
#3060 = DIRECTION ( 'NONE',  ( 0.5773502691896237327, 0.5773502691896247319, -0.5773502691896288397 ) ) ;
#3061 =( BOUNDED_CURVE ( )  B_SPLINE_CURVE ( 3, ( #6318, #258, #3307, #5109 ),
 .UNSPECIFIED., .F., .T. ) 
 B_SPLINE_CURVE_WITH_KNOTS ( ( 4, 4 ),
 ( 4.712388980384689674, 6.283185307179586232 ),
 .UNSPECIFIED. ) 
 CURVE ( )  GEOMETRIC_REPRESENTATION_ITEM ( )  RATIONAL_B_SPLINE_CURVE ( ( 1.000000000000000000, 0.8047378541243649375, 0.8047378541243649375, 1.000000000000000000 ) ) 
 REPRESENTATION_ITEM ( '' )  );
#3062 = ORIENTED_EDGE ( 'NONE', *, *, #8020, .T. ) ;
#3063 = EDGE_CURVE ( 'NONE', #1141, #7103, #2356, .T. ) ;
#3064 = VERTEX_POINT ( 'NONE', #3917 ) ;
#3065 = DIRECTION ( 'NONE',  ( 1.000000000000000000, 4.605861719268250263E-18, -1.445602896647339656E-16 ) ) ;
#3066 = ORIENTED_EDGE ( 'NONE', *, *, #4217, .T. ) ;
#3067 = ORIENTED_EDGE ( 'NONE', *, *, #4499, .F. ) ;
#3068 = EDGE_CURVE ( 'NONE', #4128, #8162, #8331, .T. ) ;
#3069 = CARTESIAN_POINT ( 'NONE',  ( 8.884994479999997807, 8.613365483182510829, 65.78214095026002894 ) ) ;
#3070 = CARTESIAN_POINT ( 'NONE',  ( 8.884994479999999584, 8.668855151983612117, 65.89007896149583132 ) ) ;
#3071 = CARTESIAN_POINT ( 'NONE',  ( 8.884994479999997807, 9.698829978653909833, 64.54109561137666162 ) ) ;
#3072 = DIRECTION ( 'NONE',  ( -1.000000000000000000, 0.000000000000000000, 6.938893903907230350E-16 ) ) ;
#3073 = DIRECTION ( 'NONE',  ( 0.000000000000000000, 1.000000000000000000, 0.000000000000000000 ) ) ;
#3074 = EDGE_CURVE ( 'NONE', #4658, #8751, #8023, .T. ) ;
#3075 = LINE ( 'NONE', #1364, #1757 ) ;
#3076 = CARTESIAN_POINT ( 'NONE',  ( 8.884994479999997807, 6.703216637730812444, 72.01309352074478909 ) ) ;
#3077 = CARTESIAN_POINT ( 'NONE',  ( -17.88499448000000314, -1.000000000000002220, 12.49999999999999822 ) ) ;
#3078 = CARTESIAN_POINT ( 'NONE',  ( 8.384994479999999584, 6.830927873961838870, 65.88024778729648290 ) ) ;
#3079 = ORIENTED_EDGE ( 'NONE', *, *, #3225, .F. ) ;
#3080 = CARTESIAN_POINT ( 'NONE',  ( -7.884994480000007577, 22.00100000000000122, 85.50000000000001421 ) ) ;
#3081 = ORIENTED_EDGE ( 'NONE', *, *, #7637, .F. ) ;
#3082 = CARTESIAN_POINT ( 'NONE',  ( -2.884994480000009798, 1.499999999999942268, 34.00000000000004263 ) ) ;
#3083 = DIRECTION ( 'NONE',  ( -1.000000000000000000, 1.334402673828313832E-16, -0.000000000000000000 ) ) ;
#3084 = EDGE_LOOP ( 'NONE', ( #141, #2085, #3700, #3729 ) ) ;
#3085 = ORIENTED_EDGE ( 'NONE', *, *, #3910, .F. ) ;
#3086 = EDGE_CURVE ( 'NONE', #8167, #287, #6531, .T. ) ;
#3087 = CARTESIAN_POINT ( 'NONE',  ( 8.884994479999997807, 9.698829978653909833, 64.54109561137666162 ) ) ;
#3088 = PLANE ( 'NONE',  #8584 ) ;
#3089 = CARTESIAN_POINT ( 'NONE',  ( 8.884994480000001360, 9.983738975282998140, 66.03498844572949622 ) ) ;
#3090 = ORIENTED_EDGE ( 'NONE', *, *, #4832, .F. ) ;
#3091 = VECTOR ( 'NONE', #532, 1000.000000000000000 ) ;
#3092 = CARTESIAN_POINT ( 'NONE',  ( 7.384994479999996031, 18.99999999999999645, -60.00000000000000000 ) ) ;
#3093 = CARTESIAN_POINT ( 'NONE',  ( 8.384994479999997807, 9.437270739328097235, 70.50055342321378760 ) ) ;
#3094 = ORIENTED_EDGE ( 'NONE', *, *, #6171, .F. ) ;
#3095 = DIRECTION ( 'NONE',  ( 0.6000000000000044187, -0.000000000000000000, 0.7999999999999967137 ) ) ;
#3096 = DIRECTION ( 'NONE',  ( 1.000000000000000000, 1.034421358364930004E-16, 0.000000000000000000 ) ) ;
#3097 = CARTESIAN_POINT ( 'NONE',  ( -17.88499447999999248, 1.499999999999973799, 126.5000000000000284 ) ) ;
#3098 = EDGE_CURVE ( 'NONE', #2616, #2786, #4203, .T. ) ;
#3099 = AXIS2_PLACEMENT_3D ( 'NONE', #1454, #4497, #2098 ) ;
#3100 = VERTEX_POINT ( 'NONE', #2649 ) ;
#3101 = LINE ( 'NONE', #9281, #4239 ) ;
#3102 = EDGE_LOOP ( 'NONE', ( #2059, #210, #9265, #39 ) ) ;
#3103 = VERTEX_POINT ( 'NONE', #2051 ) ;
#3104 = CARTESIAN_POINT ( 'NONE',  ( 8.384994479999996031, 2.999999999999999112, -60.00000000000000000 ) ) ;
#3105 = CARTESIAN_POINT ( 'NONE',  ( 8.384994480000001360, 8.152973638178949045, 65.53251543318918948 ) ) ;
#3106 = CARTESIAN_POINT ( 'NONE',  ( 8.384994480000001360, 9.814057820322144465, 66.15927339057918743 ) ) ;
#3107 = FACE_OUTER_BOUND ( 'NONE', #5749, .T. ) ;
#3108 = VECTOR ( 'NONE', #6325, 1000.000000000000114 ) ;
#3109 = CARTESIAN_POINT ( 'NONE',  ( -17.88499448000000669, 0.5000000000000004441, -30.00000000000000000 ) ) ;
#3110 = ADVANCED_FACE ( 'NONE', ( #5002 ), #8732, .F. ) ;
#3111 = EDGE_CURVE ( 'NONE', #3783, #3598, #3404, .T. ) ;
#3112 = CARTESIAN_POINT ( 'NONE',  ( 8.884994479999997807, 9.145653646522500679, 72.72277524247130032 ) ) ;
#3113 = EDGE_LOOP ( 'NONE', ( #6091, #5463, #8535, #3526 ) ) ;
#3114 = DIRECTION ( 'NONE',  ( 0.000000000000000000, 0.000000000000000000, 1.000000000000000000 ) ) ;
#3115 = CARTESIAN_POINT ( 'NONE',  ( 8.384994480000001360, 7.437073673501448212, 72.40242112119739204 ) ) ;
#3116 = CARTESIAN_POINT ( 'NONE',  ( 8.884994479999999584, 9.748153035895349205, 73.21699217337794607 ) ) ;
#3117 = CARTESIAN_POINT ( 'NONE',  ( -8.884994480000001360, 2.000000000000000888, -12.50000000000000355 ) ) ;
#3118 = CARTESIAN_POINT ( 'NONE',  ( -9.884994480000003136, 4.199999999999998401, -8.500000000000000000 ) ) ;
#3119 = EDGE_CURVE ( 'NONE', #3911, #8266, #6713, .T. ) ;
#3120 = LINE ( 'NONE', #6172, #9452 ) ;
#3121 = PLANE ( 'NONE',  #9287 ) ;
#3122 = AXIS2_PLACEMENT_3D ( 'NONE', #872, #8594, #3926 ) ;
#3123 = CARTESIAN_POINT ( 'NONE',  ( 9.781441089406706979, 21.39644660940669851, 138.0000000000000000 ) ) ;
#3124 = CARTESIAN_POINT ( 'NONE',  ( 8.884994479999996031, 7.157614819010740703, 66.23437225113181626 ) ) ;
#3125 = VERTEX_POINT ( 'NONE', #4955 ) ;
#3126 = DIRECTION ( 'NONE',  ( -1.224646799147353454E-16, 1.000000000000000000, -0.000000000000000000 ) ) ;
#3127 = EDGE_LOOP ( 'NONE', ( #1344, #1176, #7788, #4987 ) ) ;
#3128 = DIRECTION ( 'NONE',  ( -1.000000000000000000, 1.334402673828313832E-16, -0.000000000000000000 ) ) ;
#3129 = CARTESIAN_POINT ( 'NONE',  ( 8.384994479999996031, 2.999999999999999112, -59.50000000000000000 ) ) ;
#3130 = VERTEX_POINT ( 'NONE', #7361 ) ;
#3131 = VECTOR ( 'NONE', #8511, 1000.000000000000000 ) ;
#3132 = ORIENTED_EDGE ( 'NONE', *, *, #5263, .F. ) ;
#3133 = DIRECTION ( 'NONE',  ( -0.7071067811865477948, 0.7071067811865473507, 3.033185711008719864E-16 ) ) ;
#3134 = PLANE ( 'NONE',  #5683 ) ;
#3135 = CARTESIAN_POINT ( 'NONE',  ( 8.384994479999997807, 9.208496643927567504, 65.57369224220593651 ) ) ;
#3136 = ORIENTED_EDGE ( 'NONE', *, *, #1274, .F. ) ;
#3137 = CARTESIAN_POINT ( 'NONE',  ( 8.384994479999997807, 9.698829978653909833, 64.54109561137666162 ) ) ;
#3138 = CARTESIAN_POINT ( 'NONE',  ( 8.884994479999997807, 10.07270423497948642, 71.02924920820630916 ) ) ;
#3139 = ORIENTED_EDGE ( 'NONE', *, *, #7010, .F. ) ;
#3140 = CARTESIAN_POINT ( 'NONE',  ( -17.88499448000000314, 2.399999999999997691, -60.00000000000000000 ) ) ;
#3141 = CARTESIAN_POINT ( 'NONE',  ( 7.384994479999996031, 3.000000000000000888, -8.500000000000007105 ) ) ;
#3142 = DIRECTION ( 'NONE',  ( -0.000000000000000000, -0.000000000000000000, 1.000000000000000000 ) ) ;
#3143 = VECTOR ( 'NONE', #3989, 1000.000000000000000 ) ;
#3144 = FACE_OUTER_BOUND ( 'NONE', #3661, .T. ) ;
#3145 = FACE_OUTER_BOUND ( 'NONE', #6500, .T. ) ;
#3146 = ORIENTED_EDGE ( 'NONE', *, *, #1531, .T. ) ;
#3147 = VECTOR ( 'NONE', #3060, 1000.000000000000114 ) ;
#3148 = DIRECTION ( 'NONE',  ( -1.734723475976805615E-16, 1.000000000000000000, 0.000000000000000000 ) ) ;
#3149 = LINE ( 'NONE', #6153, #9356 ) ;
#3150 = FACE_OUTER_BOUND ( 'NONE', #1259, .T. ) ;
#3151 = DIRECTION ( 'NONE',  ( -0.7071067811865285879, 0.7071067811865665576, -8.177564888977778466E-17 ) ) ;
#3152 = VECTOR ( 'NONE', #5439, 1000.000000000000000 ) ;
#3153 = CARTESIAN_POINT ( 'NONE',  ( 8.384994479999996031, 6.717733451126976618, 65.37210081106613302 ) ) ;
#3154 = ORIENTED_EDGE ( 'NONE', *, *, #9413, .T. ) ;
#3155 = ORIENTED_EDGE ( 'NONE', *, *, #1860, .F. ) ;
#3156 = EDGE_CURVE ( 'NONE', #261, #4451, #7968, .T. ) ;
#3157 = CARTESIAN_POINT ( 'NONE',  ( 6.584994479999995320, 3.000000000000000888, 4.222200033899912004E-32 ) ) ;
#3158 = VERTEX_POINT ( 'NONE', #1099 ) ;
#3159 = DIRECTION ( 'NONE',  ( 1.000000000000000000, -1.334402673828314079E-16, 0.000000000000000000 ) ) ;
#3160 = CARTESIAN_POINT ( 'NONE',  ( -17.88499447999999248, 0.5000000000000003331, -29.50000000000000000 ) ) ;
#3161 = DIRECTION ( 'NONE',  ( 1.375019570461159196E-16, 1.000000000000000000, 0.000000000000000000 ) ) ;
#3162 = EDGE_CURVE ( 'NONE', #9519, #5457, #8176, .T. ) ;
#3163 = VECTOR ( 'NONE', #3000, 1000.000000000000000 ) ;
#3164 = CARTESIAN_POINT ( 'NONE',  ( -9.384994480000001360, 0.4999999999999998890, -12.50000000000000355 ) ) ;
#3165 = CARTESIAN_POINT ( 'NONE',  ( 8.384994479999997807, 7.369811110227327156, 72.28268329134371584 ) ) ;
#3166 = EDGE_CURVE ( 'NONE', #7103, #8333, #1248, .T. ) ;
#3167 = PLANE ( 'NONE',  #3331 ) ;
#3168 = EDGE_CURVE ( 'NONE', #9063, #3880, #400, .T. ) ;
#3169 = CARTESIAN_POINT ( 'NONE',  ( 4.384994479999991590, 22.00000000000000000, 7.207106781186551459 ) ) ;
#3170 = DIRECTION ( 'NONE',  ( 0.7071067811865469066, 0.7071067811865482389, 0.000000000000000000 ) ) ;
#3171 = ORIENTED_EDGE ( 'NONE', *, *, #3272, .F. ) ;
#3172 = EDGE_CURVE ( 'NONE', #2786, #815, #9635, .T. ) ;
#3173 = CARTESIAN_POINT ( 'NONE',  ( -17.88499448000000314, -1.000000000000002220, 12.49999999999999822 ) ) ;
#3174 = DIRECTION ( 'NONE',  ( -0.7071067811865670016, 0.7071067811865281438, 0.000000000000000000 ) ) ;
#3175 = DIRECTION ( 'NONE',  ( 0.000000000000000000, 1.000000000000000000, 0.000000000000000000 ) ) ;
#3176 = CARTESIAN_POINT ( 'NONE',  ( -2.384994480000022232, 1.507431981266122849E-17, -30.49999999999997158 ) ) ;
#3177 = ORIENTED_EDGE ( 'NONE', *, *, #5254, .T. ) ;
#3178 = EDGE_LOOP ( 'NONE', ( #3533, #5833, #7210 ) ) ;
#3179 = VECTOR ( 'NONE', #7696, 1000.000000000000000 ) ;
#3180 = DIRECTION ( 'NONE',  ( 0.7071067811865487940, 0.000000000000000000, -0.7071067811865463515 ) ) ;
#3181 = VECTOR ( 'NONE', #1761, 1000.000000000000000 ) ;
#3182 = EDGE_CURVE ( 'NONE', #2522, #1296, #8881, .T. ) ;
#3183 = CARTESIAN_POINT ( 'NONE',  ( 8.384994479999997807, 6.702458179608773214, 87.42804607163128594 ) ) ;
#3184 = LINE ( 'NONE', #1676, #7667 ) ;
#3185 = VERTEX_POINT ( 'NONE', #1300 ) ;
#3186 = DIRECTION ( 'NONE',  ( 1.639869809431970524E-18, -0.7071067811865671127, 0.7071067811865279218 ) ) ;
#3187 = ORIENTED_EDGE ( 'NONE', *, *, #8459, .T. ) ;
#3188 = CARTESIAN_POINT ( 'NONE',  ( 8.884994479999997807, 10.29810433846293805, 74.05961804512222102 ) ) ;
#3189 = DIRECTION ( 'NONE',  ( 0.000000000000000000, 0.000000000000000000, -1.000000000000000000 ) ) ;
#3190 = LINE ( 'NONE', #7800, #7143 ) ;
#3191 = DIRECTION ( 'NONE',  ( 1.000000000000000000, 0.000000000000000000, 0.000000000000000000 ) ) ;
#3192 = AXIS2_PLACEMENT_3D ( 'NONE', #5386, #9918, #9168 ) ;
#3193 = DIRECTION ( 'NONE',  ( 1.000000000000000000, -1.334402673828313832E-16, 0.000000000000000000 ) ) ;
#3194 = CARTESIAN_POINT ( 'NONE',  ( 8.384994479999994255, 7.179806839133017426, 70.78430132263564190 ) ) ;
#3195 = VECTOR ( 'NONE', #2898, 1000.000000000000000 ) ;
#3196 = ORIENTED_EDGE ( 'NONE', *, *, #2860, .T. ) ;
#3197 = VECTOR ( 'NONE', #863, 1000.000000000000227 ) ;
#3198 = CARTESIAN_POINT ( 'NONE',  ( -2.884994479999992922, 1.500000000000025535, -44.50000000000000000 ) ) ;
#3199 = CARTESIAN_POINT ( 'NONE',  ( 8.884994479999997807, 8.231671856119762154, 65.34658531332394205 ) ) ;
#3200 = CARTESIAN_POINT ( 'NONE',  ( 7.384994479999996031, 1.999999999999999112, -60.00000000000000000 ) ) ;
#3201 = VERTEX_POINT ( 'NONE', #4352 ) ;
#3202 = CYLINDRICAL_SURFACE ( 'NONE', #3361, 0.5000000000000004441 ) ;
#3203 = DIRECTION ( 'NONE',  ( 0.000000000000000000, 0.000000000000000000, -1.000000000000000000 ) ) ;
#3204 = CARTESIAN_POINT ( 'NONE',  ( 8.384994479999997807, 10.29810433846293805, 74.05961804512222102 ) ) ;
#3205 = ORIENTED_EDGE ( 'NONE', *, *, #5670, .T. ) ;
#3206 = B_SPLINE_CURVE_WITH_KNOTS ( 'NONE', 3,
 ( #7166, #2605, #311, #3366, #6423, #5661, #8736, #3413, #1849, #4905, #358 ),
 .UNSPECIFIED., .F., .F.,
 ( 4, 1, 1, 1, 1, 1, 1, 1, 4 ),
 ( 0.000000000000000000, 0.1288820723941447310, 0.2504078238205920126, 0.3692825269337962624, 0.4876147152597397616, 0.6078426407154698952, 0.7301675320199322305, 0.8590496044140767395, 1.000000000000000000 ),
 .UNSPECIFIED. ) ;
#3207 = CARTESIAN_POINT ( 'NONE',  ( 8.884994479999997807, 10.29810433846293805, 67.99700712383304335 ) ) ;
#3208 = CARTESIAN_POINT ( 'NONE',  ( 8.677887698813437467, 0.5000000000000281997, 138.0000000000000000 ) ) ;
#3209 = CARTESIAN_POINT ( 'NONE',  ( 8.884994479999997807, 9.635600914082344204, 71.48702134701119348 ) ) ;
#3210 = CARTESIAN_POINT ( 'NONE',  ( 8.384994479999997807, 10.24891235843375448, 72.58176567840376947 ) ) ;
#3211 = FACE_OUTER_BOUND ( 'NONE', #2233, .T. ) ;
#3212 = EDGE_CURVE ( 'NONE', #6111, #7922, #3359, .T. ) ;
#3213 = CARTESIAN_POINT ( 'NONE',  ( 8.884994479999996031, 9.698062628548161257, 64.77950860036914094 ) ) ;
#3214 = DIRECTION ( 'NONE',  ( -1.000000000000000000, -2.319126125024811375E-18, 0.000000000000000000 ) ) ;
#3215 = DIRECTION ( 'NONE',  ( 0.000000000000000000, 0.9354018683714186988, 0.3535864033687651231 ) ) ;
#3216 = ORIENTED_EDGE ( 'NONE', *, *, #9545, .T. ) ;
#3217 = CARTESIAN_POINT ( 'NONE',  ( 8.884994479999997807, 9.718016929060709685, 66.20897947800146710 ) ) ;
#3218 = FACE_OUTER_BOUND ( 'NONE', #3811, .T. ) ;
#3219 = FACE_OUTER_BOUND ( 'NONE', #7518, .T. ) ;
#3220 = CARTESIAN_POINT ( 'NONE',  ( -7.384994479999980932, 2.000000000000000888, -60.00000000000000000 ) ) ;
#3221 = EDGE_CURVE ( 'NONE', #4152, #6569, #602, .T. ) ;
#3222 = EDGE_CURVE ( 'NONE', #5356, #6930, #8370, .T. ) ;
#3223 = ADVANCED_FACE ( 'NONE', ( #7610 ), #653, .T. ) ;
#3224 = ORIENTED_EDGE ( 'NONE', *, *, #618, .T. ) ;
#3225 = EDGE_CURVE ( 'NONE', #444, #3607, #8237, .T. ) ;
#3226 = ORIENTED_EDGE ( 'NONE', *, *, #7498, .T. ) ;
#3227 = EDGE_CURVE ( 'NONE', #9867, #1024, #5204, .T. ) ;
#3228 = CARTESIAN_POINT ( 'NONE',  ( -12.88499447999999781, 2.399999999999998579, -60.00000000000000000 ) ) ;
#3229 = DIRECTION ( 'NONE',  ( 0.000000000000000000, 0.000000000000000000, 1.000000000000000000 ) ) ;
#3230 = CARTESIAN_POINT ( 'NONE',  ( 8.384994479999997807, 9.316503010420847275, 65.57674695809332377 ) ) ;
#3231 = ORIENTED_EDGE ( 'NONE', *, *, #9607, .F. ) ;
#3232 = FACE_OUTER_BOUND ( 'NONE', #389, .T. ) ;
#3233 = VERTEX_POINT ( 'NONE', #2296 ) ;
#3234 = CARTESIAN_POINT ( 'NONE',  ( -2.384994479999981376, 2.000000000000000000, 126.0000000000000000 ) ) ;
#3235 = FACE_OUTER_BOUND ( 'NONE', #333, .T. ) ;
#3236 = CARTESIAN_POINT ( 'NONE',  ( -40.24999999999999289, -7.273940371297939476E-17, -10.86500551999999864 ) ) ;
#3237 = ADVANCED_FACE ( 'NONE', ( #5953 ), #6707, .T. ) ;
#3238 = LINE ( 'NONE', #7946, #3805 ) ;
#3239 = CARTESIAN_POINT ( 'NONE',  ( 8.384994479999996031, 6.729963923658027092, 71.62434802081762086 ) ) ;
#3240 = ORIENTED_EDGE ( 'NONE', *, *, #964, .T. ) ;
#3241 = DIRECTION ( 'NONE',  ( -0.000000000000000000, 1.000000000000000000, -0.000000000000000000 ) ) ;
#3242 = CARTESIAN_POINT ( 'NONE',  ( 8.884994479999997807, 8.250453602229173455, 65.22286099598592557 ) ) ;
#3243 = CARTESIAN_POINT ( 'NONE',  ( -7.384994479999946293, 0.5000000000000559552, 33.49999999999998579 ) ) ;
#3244 = VERTEX_POINT ( 'NONE', #1501 ) ;
#3245 = DIRECTION ( 'NONE',  ( -0.7999999999999967137, 0.000000000000000000, 0.6000000000000043077 ) ) ;
#3246 = LINE ( 'NONE', #7000, #4895 ) ;
#3247 = VECTOR ( 'NONE', #5892, 1000.000000000000000 ) ;
#3248 = ORIENTED_EDGE ( 'NONE', *, *, #720, .F. ) ;
#3249 = CARTESIAN_POINT ( 'NONE',  ( -17.88499448000000669, 1.301042606982605321E-15, -60.00000000000000000 ) ) ;
#3250 = ORIENTED_EDGE ( 'NONE', *, *, #1575, .F. ) ;
#3251 = CARTESIAN_POINT ( 'NONE',  ( 8.384994479999996031, 6.702458179608774103, 74.75108846028649623 ) ) ;
#3252 = FACE_OUTER_BOUND ( 'NONE', #9578, .T. ) ;
#3253 = CARTESIAN_POINT ( 'NONE',  ( 8.884994479999997807, 8.694467596522029496, 71.01984965606632727 ) ) ;
#3254 = CARTESIAN_POINT ( 'NONE',  ( 8.884994479999996031, 10.12509751003555181, 72.83270729856187131 ) ) ;
#3255 = PLANE ( 'NONE',  #2615 ) ;
#3256 = CIRCLE ( 'NONE', #4061, 0.8000000000000003775 ) ;
#3257 = CARTESIAN_POINT ( 'NONE',  ( 8.384994479999997807, 9.686585190052042549, 65.19367081568793765 ) ) ;
#3258 = CARTESIAN_POINT ( 'NONE',  ( 8.384994479999997807, 8.269791120647768778, 64.71828490526250732 ) ) ;
#3259 = CARTESIAN_POINT ( 'NONE',  ( 9.666317161101618538, 21.47206625093215138, 138.0279337490678131 ) ) ;
#3260 = VERTEX_POINT ( 'NONE', #9033 ) ;
#3261 = CARTESIAN_POINT ( 'NONE',  ( -3.461664826666886352, 7.423329653333129663, -27.42332965333343608 ) ) ;
#3262 = DIRECTION ( 'NONE',  ( 0.000000000000000000, -1.000000000000000000, 0.000000000000000000 ) ) ;
#3263 = CARTESIAN_POINT ( 'NONE',  ( -3.384994479999995143, 1.275519368763648028E-17, -29.50000000000002487 ) ) ;
#3264 = CARTESIAN_POINT ( 'NONE',  ( -2.884994479999994699, 0.5000000000000004441, -30.00000000000000000 ) ) ;
#3265 = EDGE_CURVE ( 'NONE', #6633, #3952, #9786, .T. ) ;
#3266 = ORIENTED_EDGE ( 'NONE', *, *, #2257, .F. ) ;
#3267 = VERTEX_POINT ( 'NONE', #6055 ) ;
#3268 = CARTESIAN_POINT ( 'NONE',  ( 7.384994479999996031, 19.19999999999999929, 13.29999999999999893 ) ) ;
#3269 = CARTESIAN_POINT ( 'NONE',  ( 8.884994479999997807, 6.706035071851439433, 64.93653085196963559 ) ) ;
#3270 = ORIENTED_EDGE ( 'NONE', *, *, #7695, .F. ) ;
#3271 = CARTESIAN_POINT ( 'NONE',  ( -7.384994479999980044, 1.499999999999942046, 73.49999999999998579 ) ) ;
#3272 = EDGE_CURVE ( 'NONE', #1296, #7523, #8223, .T. ) ;
#3273 = ORIENTED_EDGE ( 'NONE', *, *, #8439, .F. ) ;
#3274 = EDGE_CURVE ( 'NONE', #6472, #9877, #2897, .T. ) ;
#3275 = CARTESIAN_POINT ( 'NONE',  ( -7.384994479999980932, 2.000000000000000888, 85.50000000000001421 ) ) ;
#3276 = ORIENTED_EDGE ( 'NONE', *, *, #1644, .T. ) ;
#3277 = DIRECTION ( 'NONE',  ( -0.000000000000000000, -0.000000000000000000, 1.000000000000000000 ) ) ;
#3278 = LINE ( 'NONE', #5981, #1652 ) ;
#3279 = EDGE_CURVE ( 'NONE', #4355, #2228, #756, .T. ) ;
#3280 = VECTOR ( 'NONE', #9344, 1000.000000000000227 ) ;
#3281 = FACE_OUTER_BOUND ( 'NONE', #8675, .T. ) ;
#3282 = CARTESIAN_POINT ( 'NONE',  ( 8.384994479999994255, 7.677507423680318688, 84.17405921613509179 ) ) ;
#3283 = CARTESIAN_POINT ( 'NONE',  ( 8.384994479999999584, 7.590533229288937811, 70.50233909837950819 ) ) ;
#3284 = VECTOR ( 'NONE', #383, 1000.000000000000000 ) ;
#3285 = ORIENTED_EDGE ( 'NONE', *, *, #7997, .F. ) ;
#3286 = EDGE_LOOP ( 'NONE', ( #397, #5380, #8828 ) ) ;
#3287 = ADVANCED_FACE ( 'NONE', ( #9182 ), #5905, .T. ) ;
#3288 = DIRECTION ( 'NONE',  ( -1.000000000000000000, -1.734723475976805615E-16, 0.000000000000000000 ) ) ;
#3289 = CARTESIAN_POINT ( 'NONE',  ( 8.384994479999997807, 10.29810433846293805, 86.87342917613494819 ) ) ;
#3290 = LINE ( 'NONE', #2398, #7030 ) ;
#3291 = ORIENTED_EDGE ( 'NONE', *, *, #4807, .F. ) ;
#3292 = DIRECTION ( 'NONE',  ( 0.000000000000000000, -0.000000000000000000, 1.000000000000000000 ) ) ;
#3293 = PLANE ( 'NONE',  #3469 ) ;
#3294 = ORIENTED_EDGE ( 'NONE', *, *, #7749, .T. ) ;
#3295 = DIRECTION ( 'NONE',  ( 0.000000000000000000, -0.7071067811865279218, -0.7071067811865671127 ) ) ;
#3296 = ORIENTED_EDGE ( 'NONE', *, *, #9849, .T. ) ;
#3297 = DIRECTION ( 'NONE',  ( -1.000000000000000000, 0.000000000000000000, 0.000000000000000000 ) ) ;
#3298 = ORIENTED_EDGE ( 'NONE', *, *, #1515, .T. ) ;
#3299 = ADVANCED_FACE ( 'NONE', ( #1351, #4597, #9085, #1404, #4454, #9832, #7506 ), #2949, .T. ) ;
#3300 = FACE_OUTER_BOUND ( 'NONE', #5315, .T. ) ;
#3301 = FACE_OUTER_BOUND ( 'NONE', #2772, .T. ) ;
#3302 = CARTESIAN_POINT ( 'NONE',  ( 8.884994479999997807, 9.982426571649158475, 73.01584091650218511 ) ) ;
#3303 = DIRECTION ( 'NONE',  ( -4.605861719268250263E-18, 1.000000000000000000, 0.000000000000000000 ) ) ;
#3304 = VECTOR ( 'NONE', #11, 1000.000000000000000 ) ;
#3305 = AXIS2_PLACEMENT_3D ( 'NONE', #9662, #4181, #2777 ) ;
#3306 = PERSON ( 'UNSPECIFIED', 'UNSPECIFIED', 'UNSPECIFIED', ('UNSPECIFIED'), ('UNSPECIFIED'), ('UNSPECIFIED') ) ;
#3307 = CARTESIAN_POINT ( 'NONE',  ( -8.384994479999996031, 2.331370849898476205, 8.499999999999996447 ) ) ;
#3308 = VECTOR ( 'NONE', #9743, 1000.000000000000000 ) ;
#3309 = CARTESIAN_POINT ( 'NONE',  ( 8.384994479999999584, 9.079160357344699506, 86.54354292543614235 ) ) ;
#3310 = FACE_OUTER_BOUND ( 'NONE', #7551, .T. ) ;
#3311 = ORIENTED_EDGE ( 'NONE', *, *, #6711, .F. ) ;
#3312 = CARTESIAN_POINT ( 'NONE',  ( 8.884994479999999584, 9.431472478103087198, 66.26769973300038430 ) ) ;
#3313 = CARTESIAN_POINT ( 'NONE',  ( 7.384994479999996031, 1.999999999999999112, -7.699999999999998401 ) ) ;
#3314 = DIRECTION ( 'NONE',  ( 2.040851148208008245E-16, -2.175977135863191384E-32, 1.000000000000000000 ) ) ;
#3315 = CARTESIAN_POINT ( 'NONE',  ( -7.384994479999980932, 2.000000000000000888, 85.50000000000001421 ) ) ;
#3316 = VERTEX_POINT ( 'NONE', #2201 ) ;
#3317 = AXIS2_PLACEMENT_3D ( 'NONE', #6901, #3148, #3288 ) ;
#3318 = ORIENTED_EDGE ( 'NONE', *, *, #7811, .T. ) ;
#3319 = DIRECTION ( 'NONE',  ( 0.7071067811865646702, 0.7071067811865302533, 1.176755059493268300E-13 ) ) ;
#3320 = CARTESIAN_POINT ( 'NONE',  ( 8.884994480000001360, 4.121084563853848997E-17, -60.00000000000000000 ) ) ;
#3321 = ORIENTED_EDGE ( 'NONE', *, *, #5659, .T. ) ;
#3322 = CARTESIAN_POINT ( 'NONE',  ( 8.884994479999997807, 9.610152249255747847, 65.42680082149603038 ) ) ;
#3323 = ORIENTED_EDGE ( 'NONE', *, *, #1015, .F. ) ;
#3324 = CC_DESIGN_APPROVAL ( #8146, ( #6482 ) ) ;
#3325 = DIRECTION ( 'NONE',  ( -0.7071067811865469066, -0.7071067811865482389, 0.000000000000000000 ) ) ;
#3326 = ORIENTED_EDGE ( 'NONE', *, *, #7158, .F. ) ;
#3327 = CARTESIAN_POINT ( 'NONE',  ( -17.38499448000001735, -1.971257206271091903E-17, -22.00000000000000711 ) ) ;
#3328 = CARTESIAN_POINT ( 'NONE',  ( 7.384994479999996031, 19.19999999999999929, -12.50000000000000178 ) ) ;
#3329 = CARTESIAN_POINT ( 'NONE',  ( -11.18499447999999852, 0.6999999999999990674, -60.00000000000000000 ) ) ;
#3330 = AXIS2_PLACEMENT_3D ( 'NONE', #4101, #2362, #1091 ) ;
#3331 = AXIS2_PLACEMENT_3D ( 'NONE', #2561, #1664, #1007 ) ;
#3332 = EDGE_CURVE ( 'NONE', #7081, #9792, #5257, .T. ) ;
#3333 = B_SPLINE_SURFACE_WITH_KNOTS ( 'NONE', 3, 1, ( 
 ( #4561, #7622 ),
 ( #2212, #3919 ),
 ( #670, #1562 ),
 ( #6170, #9250 ),
 ( #5273, #4515 ),
 ( #1517, #819 ),
 ( #111, #3165 ),
 ( #5415, #3016 ),
 ( #9200, #4469 ),
 ( #7575, #8495 ),
 ( #1615, #6219 ),
 ( #2413, #8293 ),
 ( #2314, #5318 ),
 ( #6074, #7526 ),
 ( #3732, #8390 ),
 ( #9099, #9153 ),
 ( #769, #6869 ),
 ( #23, #5616 ),
 ( #4854, #7214 ) ),
 .UNSPECIFIED., .F., .F., .F.,
 ( 4, 1, 1, 1, 1, 1, 1, 1, 1, 1, 1, 1, 1, 1, 1, 1, 4 ),
 ( 2, 2 ),
 ( 0.000000000000000000, 0.06126111103095752131, 0.1204608798674973724, 0.1787406227206234932, 0.2357241107740792874, 0.2917921544355402408, 0.3484056260215608325, 0.4049785290093272372, 0.4622711074623399030, 0.5207595708992975858, 0.5805293807501541448, 0.6425782181377505120, 0.7074054357165958651, 0.7749203007763203477, 0.8463302752413637275, 0.9211343755677541267, 1.000000000000000000 ),
 ( 0.000000000000000000, 1.000000000000000000 ),
 .UNSPECIFIED. ) ;
#3334 = DIRECTION ( 'NONE',  ( 4.574828494838843462E-17, 0.3428371798532117709, -0.9393948414326621643 ) ) ;
#3335 = CARTESIAN_POINT ( 'NONE',  ( 8.884994479999997807, 9.707470552930224983, 71.65497846891943823 ) ) ;
#3336 = EDGE_CURVE ( 'NONE', #4171, #7555, #7558, .T. ) ;
#3337 = ORIENTED_EDGE ( 'NONE', *, *, #738, .F. ) ;
#3338 = ORIENTED_EDGE ( 'NONE', *, *, #3776, .F. ) ;
#3339 = PERSON_AND_ORGANIZATION ( #3306, #1890 ) ;
#3340 = CARTESIAN_POINT ( 'NONE',  ( 8.384994479999997807, 6.702458179608773214, 76.34219069684675674 ) ) ;
#3341 = CARTESIAN_POINT ( 'NONE',  ( 8.884994479999997807, 9.691746605846278229, 65.10579687741366683 ) ) ;
#3342 = EDGE_LOOP ( 'NONE', ( #8727, #6776, #5284, #2218 ) ) ;
#3343 = VECTOR ( 'NONE', #9693, 1000.000000000000000 ) ;
#3344 = FACE_OUTER_BOUND ( 'NONE', #1894, .T. ) ;
#3345 = FACE_OUTER_BOUND ( 'NONE', #8580, .T. ) ;
#3346 = EDGE_CURVE ( 'NONE', #7922, #4916, #943, .T. ) ;
#3347 = ADVANCED_FACE ( 'NONE', ( #2492 ), #8478, .T. ) ;
#3348 = EDGE_CURVE ( 'NONE', #7141, #9291, #6257, .T. ) ;
#3349 = AXIS2_PLACEMENT_3D ( 'NONE', #8501, #3925, #5224 ) ;
#3350 = ORIENTED_EDGE ( 'NONE', *, *, #3086, .T. ) ;
#3351 = DIRECTION ( 'NONE',  ( -0.000000000000000000, 1.000000000000000000, -0.000000000000000000 ) ) ;
#3352 = AXIS2_PLACEMENT_3D ( 'NONE', #440, #7146, #1985 ) ;
#3353 = EDGE_CURVE ( 'NONE', #5311, #7784, #6056, .T. ) ;
#3354 = ORIENTED_EDGE ( 'NONE', *, *, #2917, .F. ) ;
#3355 = CARTESIAN_POINT ( 'NONE',  ( 10.03144108940669987, 1.853553390593295047, 138.0000000000000000 ) ) ;
#3356 = ORIENTED_EDGE ( 'NONE', *, *, #8871, .T. ) ;
#3357 = PLANE ( 'NONE',  #8295 ) ;
#3358 = DIRECTION ( 'NONE',  ( 1.084202172485504804E-16, 1.000000000000000000, -0.000000000000000000 ) ) ;
#3359 = LINE ( 'NONE', #4157, #4626 ) ;
#3360 = B_SPLINE_CURVE_WITH_KNOTS ( 'NONE', 3,
 ( #634, #6739, #3933, #9269, #5440, #177, #8078 ),
 .UNSPECIFIED., .F., .F.,
 ( 4, 1, 1, 1, 4 ),
 ( 0.000000000000000000, 0.3461236093643764167, 0.6311815201042988432, 0.8475817039293762623, 1.000000000000000000 ),
 .UNSPECIFIED. ) ;
#3361 = AXIS2_PLACEMENT_3D ( 'NONE', #5353, #4653, #3059 ) ;
#3362 = CIRCLE ( 'NONE', #3698, 0.5000000000000065503 ) ;
#3363 = CARTESIAN_POINT ( 'NONE',  ( 5.384994479999996031, 21.50000000000000000, -59.50000000000000000 ) ) ;
#3364 = EDGE_CURVE ( 'NONE', #1774, #5595, #7741, .T. ) ;
#3365 = EDGE_CURVE ( 'NONE', #7934, #9908, #3290, .T. ) ;
#3366 = CARTESIAN_POINT ( 'NONE',  ( 8.384994479999997807, 7.373330994981643016, 65.48646216034609324 ) ) ;
#3367 = CARTESIAN_POINT ( 'NONE',  ( 8.384994479999997807, 9.167319559432833387, 86.64297737148291390 ) ) ;
#3368 = DIRECTION ( 'NONE',  ( 0.000000000000000000, 0.000000000000000000, -1.000000000000000000 ) ) ;
#3369 = VERTEX_POINT ( 'NONE', #3243 ) ;
#3370 = DIRECTION ( 'NONE',  ( 4.605861719268250263E-18, -1.000000000000000000, 0.000000000000000000 ) ) ;
#3371 = CARTESIAN_POINT ( 'NONE',  ( 9.884994479999967609, 18.99999999999999645, 138.0000000000000000 ) ) ;
#3372 = DIRECTION ( 'NONE',  ( -0.5773502691895950889, 0.5773502691896233996, 0.5773502691896588157 ) ) ;
#3373 = EDGE_CURVE ( 'NONE', #5425, #7221, #895, .T. ) ;
#3374 = ORIENTED_EDGE ( 'NONE', *, *, #8020, .F. ) ;
#3375 = CARTESIAN_POINT ( 'NONE',  ( -17.38499447999996406, 1.499999999999972689, 138.0000000000000000 ) ) ;
#3376 = ORIENTED_EDGE ( 'NONE', *, *, #7819, .F. ) ;
#3377 = CARTESIAN_POINT ( 'NONE',  ( 8.384994479999996031, 9.821860630070599285, 73.16552657414003136 ) ) ;
#3378 = ORIENTED_EDGE ( 'NONE', *, *, #101, .T. ) ;
#3379 = CARTESIAN_POINT ( 'NONE',  ( 8.384994479999997807, 6.767286849552510475, 71.46419084251753873 ) ) ;
#3380 = ORIENTED_EDGE ( 'NONE', *, *, #9073, .F. ) ;
#3381 = CARTESIAN_POINT ( 'NONE',  ( 8.384994479999996031, 8.588645799345698606, 65.85471570847994371 ) ) ;
#3382 = CARTESIAN_POINT ( 'NONE',  ( 5.384994479999996031, 21.50000000000000000, -59.50000000000000000 ) ) ;
#3383 = CARTESIAN_POINT ( 'NONE',  ( 8.884994479999997807, 8.544938723348547427, 71.01714821839945557 ) ) ;
#3384 = VECTOR ( 'NONE', #5492, 1000.000000000000000 ) ;
#3385 = LINE ( 'NONE', #7897, #1698 ) ;
#3386 = CARTESIAN_POINT ( 'NONE',  ( 8.384994479999999584, 6.818959791137046977, 71.31171114583918325 ) ) ;
#3387 = VERTEX_POINT ( 'NONE', #1740 ) ;
#3388 = VERTEX_POINT ( 'NONE', #4791 ) ;
#3389 = COORDINATED_UNIVERSAL_TIME_OFFSET ( 1, 0, .AHEAD. ) ;
#3390 = CARTESIAN_POINT ( 'NONE',  ( 8.384994479999996031, 10.27053457559473060, 86.86309457549742774 ) ) ;
#3391 = LINE ( 'NONE', #9515, #7838 ) ;
#3392 = ORIENTED_EDGE ( 'NONE', *, *, #2847, .F. ) ;
#3393 = DIRECTION ( 'NONE',  ( 0.000000000000000000, -1.000000000000000000, -2.111100016949955181E-32 ) ) ;
#3394 = DIRECTION ( 'NONE',  ( 0.7071067811865479058, -0.7071067811865472397, 0.000000000000000000 ) ) ;
#3395 = EDGE_CURVE ( 'NONE', #2280, #9350, #990, .T. ) ;
#3396 = ORIENTED_EDGE ( 'NONE', *, *, #5328, .T. ) ;
#3397 = VERTEX_POINT ( 'NONE', #1788 ) ;
#3398 = DIRECTION ( 'NONE',  ( 1.000000000000000000, 0.000000000000000000, 0.000000000000000000 ) ) ;
#3399 = VERTEX_POINT ( 'NONE', #7661 ) ;
#3400 = DIRECTION ( 'NONE',  ( -0.7071067811865469066, -0.7071067811865482389, 0.000000000000000000 ) ) ;
#3401 = ORIENTED_EDGE ( 'NONE', *, *, #5613, .F. ) ;
#3402 = CARTESIAN_POINT ( 'NONE',  ( 8.384994479999996031, 8.343375285957447929, 66.20379152556195379 ) ) ;
#3403 = CARTESIAN_POINT ( 'NONE',  ( 8.884994479999997807, 8.269791120647768778, 64.71828490526250732 ) ) ;
#3404 = LINE ( 'NONE', #4254, #7996 ) ;
#3405 = ADVANCED_FACE ( 'NONE', ( #3863 ), #6154, .T. ) ;
#3406 = ADVANCED_FACE ( 'NONE', ( #3906 ), #98, .T. ) ;
#3407 = ADVANCED_FACE ( 'NONE', ( #3150 ), #6997, .T. ) ;
#3408 = VECTOR ( 'NONE', #707, 1000.000000000000000 ) ;
#3409 = CARTESIAN_POINT ( 'NONE',  ( 8.884994479999997807, 8.881310269058662499, 65.15693644988233757 ) ) ;
#3410 = EDGE_CURVE ( 'NONE', #104, #2946, #8469, .T. ) ;
#3411 = VECTOR ( 'NONE', #5403, 1000.000000000000000 ) ;
#3412 = VECTOR ( 'NONE', #7536, 1000.000000000000000 ) ;
#3413 = CARTESIAN_POINT ( 'NONE',  ( 8.384994479999999584, 7.603260713723625663, 65.69218009101614086 ) ) ;
#3414 = DIRECTION ( 'NONE',  ( -1.000000000000000000, -2.319126125024811375E-18, 0.000000000000000000 ) ) ;
#3415 = DIRECTION ( 'NONE',  ( 1.000000000000000000, -0.000000000000000000, -0.000000000000000000 ) ) ;
#3416 = CARTESIAN_POINT ( 'NONE',  ( 8.384994479999996031, 9.277202441653084719, 72.68189784358770567 ) ) ;
#3417 = ORIENTED_EDGE ( 'NONE', *, *, #3422, .T. ) ;
#3418 = ADVANCED_FACE ( 'NONE', ( #4294 ), #2686, .F. ) ;
#3419 = CARTESIAN_POINT ( 'NONE',  ( -17.38499447999996406, -1.971257206271079885E-17, 137.4999999999999716 ) ) ;
#3420 = LINE ( 'NONE', #6475, #5058 ) ;
#3421 = DIRECTION ( 'NONE',  ( 0.000000000000000000, -0.000000000000000000, -1.000000000000000000 ) ) ;
#3422 = EDGE_CURVE ( 'NONE', #5348, #3648, #7199, .T. ) ;
#3423 = AXIS2_PLACEMENT_3D ( 'NONE', #3315, #3372, #6381 ) ;
#3424 = PRODUCT_DEFINITION_SHAPE ( 'NONE', 'NONE',  #6482 ) ;
#3425 = ORIENTED_EDGE ( 'NONE', *, *, #1649, .T. ) ;
#3426 = EDGE_LOOP ( 'NONE', ( #4282, #7582, #4441, #5544 ) ) ;
#3427 = DIRECTION ( 'NONE',  ( -9.614813431917819082E-17, 0.7071067811865474617, 0.7071067811865474617 ) ) ;
#3428 = ORIENTED_EDGE ( 'NONE', *, *, #3670, .T. ) ;
#3429 = DIRECTION ( 'NONE',  ( 0.000000000000000000, 0.000000000000000000, -1.000000000000000000 ) ) ;
#3430 = ORIENTED_EDGE ( 'NONE', *, *, #8190, .T. ) ;
#3431 = ADVANCED_FACE ( 'NONE', ( #8105 ), #7291, .F. ) ;
#3432 = CARTESIAN_POINT ( 'NONE',  ( 8.884994479999997807, 9.580645861050838263, 73.30751331774827406 ) ) ;
#3433 = EDGE_LOOP ( 'NONE', ( #1882, #9627, #8777 ) ) ;
#3434 = DIRECTION ( 'NONE',  ( 0.2810846377148126241, 0.6785983445458299013, -0.6785983445458674268 ) ) ;
#3435 = LINE ( 'NONE', #8662, #368 ) ;
#3436 = DIRECTION ( 'NONE',  ( -1.000000000000000000, 1.334402673828313832E-16, -0.000000000000000000 ) ) ;
#3437 = ORIENTED_EDGE ( 'NONE', *, *, #4336, .T. ) ;
#3438 = CARTESIAN_POINT ( 'NONE',  ( 8.884994479999996031, 7.311268832638107895, 72.08299501996698666 ) ) ;
#3439 = DIRECTION ( 'NONE',  ( -0.5773502691896257311, -0.5773502691896257311, -0.5773502691896257311 ) ) ;
#3440 = ORIENTED_EDGE ( 'NONE', *, *, #5970, .F. ) ;
#3441 = ORIENTED_EDGE ( 'NONE', *, *, #8408, .T. ) ;
#3442 = VECTOR ( 'NONE', #6574, 1000.000000000000000 ) ;
#3443 = PERSON_AND_ORGANIZATION ( #3306, #1890 ) ;
#3444 = LINE ( 'NONE', #1884, #2217 ) ;
#3445 = DIRECTION ( 'NONE',  ( 0.7071067811865665576, 0.7071067811865285879, -0.000000000000000000 ) ) ;
#3446 = ORIENTED_EDGE ( 'NONE', *, *, #2973, .T. ) ;
#3447 = LINE ( 'NONE', #5692, #3697 ) ;
#3448 = CARTESIAN_POINT ( 'NONE',  ( 8.884994479999997807, 7.414226814331881243, 65.55299514192391541 ) ) ;
#3449 = ORIENTED_EDGE ( 'NONE', *, *, #468, .T. ) ;
#3450 = AXIS2_PLACEMENT_3D ( 'NONE', #489, #3646, #9564 ) ;
#3451 = VERTEX_POINT ( 'NONE', #7243 ) ;
#3452 = VERTEX_POINT ( 'NONE', #2586 ) ;
#3453 = DIRECTION ( 'NONE',  ( -0.2810846377148183972, -0.6785983445458474428, -0.6785983445458474428 ) ) ;
#3454 = ORIENTED_EDGE ( 'NONE', *, *, #5078, .F. ) ;
#3455 = CARTESIAN_POINT ( 'NONE',  ( 8.884994479999996031, 8.588645799345698606, 65.85471570847994371 ) ) ;
#3456 = CARTESIAN_POINT ( 'NONE',  ( -8.884994479999974715, 1.499999999999944933, 21.49999999999999289 ) ) ;
#3457 = CARTESIAN_POINT ( 'NONE',  ( 8.384994479999997807, 7.763472870588953967, 73.44629087820167967 ) ) ;
#3458 = AXIS2_PLACEMENT_3D ( 'NONE', #6189, #1629, #878 ) ;
#3459 = PLANE ( 'NONE',  #2756 ) ;
#3460 = VECTOR ( 'NONE', #3277, 1000.000000000000000 ) ;
#3461 = ADVANCED_FACE ( 'NONE', ( #388 ), #9671, .T. ) ;
#3462 = EDGE_CURVE ( 'NONE', #562, #6757, #2785, .T. ) ;
#3463 = LINE ( 'NONE', #2808, #3983 ) ;
#3464 = EDGE_CURVE ( 'NONE', #533, #6604, #3391, .T. ) ;
#3465 = LINE ( 'NONE', #4907, #4749 ) ;
#3466 = CARTESIAN_POINT ( 'NONE',  ( -2.884994480000013795, 0.5000000000000280886, 86.50000000000002842 ) ) ;
#3467 = CARTESIAN_POINT ( 'NONE',  ( -4.806533510917348373, 3.000000000000000000, 8.499999999999992895 ) ) ;
#3468 = ORIENTED_EDGE ( 'NONE', *, *, #3775, .T. ) ;
#3469 = AXIS2_PLACEMENT_3D ( 'NONE', #6951, #1041, #2544 ) ;
#3470 = CARTESIAN_POINT ( 'NONE',  ( 8.384994479999997807, 9.697605145550888039, 64.88107319687304653 ) ) ;
#3471 = DIRECTION ( 'NONE',  ( 1.000000000000000000, 0.000000000000000000, 0.000000000000000000 ) ) ;
#3472 = DIRECTION ( 'NONE',  ( -1.000000000000000000, 1.334402673828313832E-16, 0.000000000000000000 ) ) ;
#3473 = VECTOR ( 'NONE', #1061, 1000.000000000000000 ) ;
#3474 = ORIENTED_EDGE ( 'NONE', *, *, #7130, .T. ) ;
#3475 = EDGE_CURVE ( 'NONE', #9806, #81, #5946, .T. ) ;
#3476 = EDGE_CURVE ( 'NONE', #7081, #790, #5642, .T. ) ;
#3477 = ORIENTED_EDGE ( 'NONE', *, *, #6099, .T. ) ;
#3478 = ORIENTED_EDGE ( 'NONE', *, *, #3541, .T. ) ;
#3479 = AXIS2_PLACEMENT_3D ( 'NONE', #1732, #4782, #8468 ) ;
#3480 = ORIENTED_EDGE ( 'NONE', *, *, #6333, .F. ) ;
#3481 = CARTESIAN_POINT ( 'NONE',  ( -17.88499447999999248, 1.500000000000029532, -29.50000000000000000 ) ) ;
#3482 = EDGE_CURVE ( 'NONE', #1347, #9908, #7953, .T. ) ;
#3483 = B_SPLINE_CURVE_WITH_KNOTS ( 'NONE', 3,
 ( #2988, #6646, #6843, #2285, #5292, #5342, #6043, #3707, #6744, #7445, #1340, #3044, #3653, #8212, #3800 ),
 .UNSPECIFIED., .F., .F.,
 ( 4, 1, 1, 1, 1, 1, 1, 1, 1, 1, 1, 1, 4 ),
 ( 0.000000000000000000, 0.1044728014505163921, 0.2186534455744866823, 0.3428558890245147484, 0.4792694623690667566, 0.5495409926991601246, 0.6174241096395743922, 0.6835351858950328152, 0.7485971287880212044, 0.8121759604466024518, 0.8748692871861439846, 0.9374294362357448174, 1.000000000000000000 ),
 .UNSPECIFIED. ) ;
#3484 = CARTESIAN_POINT ( 'NONE',  ( 5.884994479999997807, 19.99999999999999645, -60.00000000000000000 ) ) ;
#3485 = ORIENTED_EDGE ( 'NONE', *, *, #1819, .F. ) ;
#3486 = CARTESIAN_POINT ( 'NONE',  ( 8.384994479999999584, 8.424829163951280009, 70.32697392802708691 ) ) ;
#3487 = EDGE_LOOP ( 'NONE', ( #5020, #3561, #2276, #4197 ) ) ;
#3488 = DIRECTION ( 'NONE',  ( -7.539247484201933923E-17, -0.7071067811865665576, 0.7071067811865284769 ) ) ;
#3489 = CARTESIAN_POINT ( 'NONE',  ( 8.884994479999999584, 7.603260713723625663, 65.69218009101614086 ) ) ;
#3490 = B_SPLINE_CURVE_WITH_KNOTS ( 'NONE', 3,
 ( #4669, #121, #7320, #5714, #9696, #363, #3470, #7222, #2814, #6624, #1911 ),
 .UNSPECIFIED., .F., .F.,
 ( 4, 1, 1, 1, 1, 1, 1, 1, 4 ),
 ( 0.000000000000000000, 0.05424288010384611253, 0.1282398849542263908, 0.2220811098596083555, 0.3368748928824449318, 0.4726021059892409615, 0.6281751862151013777, 0.8036077172877540420, 1.000000000000000000 ),
 .UNSPECIFIED. ) ;
#3491 = DIRECTION ( 'NONE',  ( -0.5773502691896261751, 0.5773502691896237327, -0.5773502691896276184 ) ) ;
#3492 = ORIENTED_EDGE ( 'NONE', *, *, #9846, .T. ) ;
#3493 = ADVANCED_FACE ( 'NONE', ( #1938 ), #1885, .T. ) ;
#3494 = CARTESIAN_POINT ( 'NONE',  ( 5.884994479999997807, 19.99999999999999645, 137.4999999999999716 ) ) ;
#3495 = FACE_OUTER_BOUND ( 'NONE', #1555, .T. ) ;
#3496 = ORIENTED_EDGE ( 'NONE', *, *, #1803, .F. ) ;
#3497 = CARTESIAN_POINT ( 'NONE',  ( 6.584994479999996209, 3.000000000000000888, 8.499999999999992895 ) ) ;
#3498 = ORIENTED_EDGE ( 'NONE', *, *, #5799, .T. ) ;
#3499 = DIRECTION ( 'NONE',  ( -0.000000000000000000, 1.000000000000000000, -0.000000000000000000 ) ) ;
#3500 = CARTESIAN_POINT ( 'NONE',  ( 8.384994479999994255, 7.301732539417800538, 71.93766820858687083 ) ) ;
#3501 = CARTESIAN_POINT ( 'NONE',  ( 8.884994479999997807, 9.686585190052042549, 65.19367081568793765 ) ) ;
#3502 = ORIENTED_EDGE ( 'NONE', *, *, #9911, .F. ) ;
#3503 = DIRECTION ( 'NONE',  ( -1.000000000000000000, 1.066210604224532462E-16, 0.000000000000000000 ) ) ;
#3504 = CARTESIAN_POINT ( 'NONE',  ( 8.384994479999997807, 7.414226814331881243, 65.55299514192391541 ) ) ;
#3505 = AXIS2_PLACEMENT_3D ( 'NONE', #4505, #9740, #9191 ) ;
#3506 = EDGE_LOOP ( 'NONE', ( #9728, #9467, #6984, #3675, #2470, #2335 ) ) ;
#3507 = DIRECTION ( 'NONE',  ( 1.000000000000000000, -1.066210604224532462E-16, 0.000000000000000000 ) ) ;
#3508 = VERTEX_POINT ( 'NONE', #4986 ) ;
#3509 = VECTOR ( 'NONE', #2735, 1000.000000000000000 ) ;
#3510 = DIRECTION ( 'NONE',  ( 0.7071067811865671127, 0.7071067811865279218, -3.186064242459048526E-16 ) ) ;
#3511 = ORIENTED_EDGE ( 'NONE', *, *, #6098, .T. ) ;
#3512 = VECTOR ( 'NONE', #4019, 1000.000000000000000 ) ;
#3513 = CARTESIAN_POINT ( 'NONE',  ( 8.384994479999994255, 7.966775993301984826, 66.38503492735354428 ) ) ;
#3514 = CARTESIAN_POINT ( 'NONE',  ( 8.884994479999999584, 8.269644184504846507, 64.75982140232402173 ) ) ;
#3515 = CARTESIAN_POINT ( 'NONE',  ( 8.384994479999997807, 7.808810843871593299, 73.46034368531317682 ) ) ;
#3516 = CARTESIAN_POINT ( 'NONE',  ( 8.884994479999996031, 10.28372311980897003, 65.30964029066340970 ) ) ;
#3517 = CARTESIAN_POINT ( 'NONE',  ( -17.88499447999999248, -8.237581142475784464E-17, -29.50000000000000000 ) ) ;
#3518 = VECTOR ( 'NONE', #8348, 1000.000000000000000 ) ;
#3519 = VECTOR ( 'NONE', #2148, 1000.000000000000000 ) ;
#3520 = CARTESIAN_POINT ( 'NONE',  ( 8.884994479999997807, 6.702458179608773214, 87.42804607163128594 ) ) ;
#3521 = ORIENTED_EDGE ( 'NONE', *, *, #4619, .T. ) ;
#3522 = CARTESIAN_POINT ( 'NONE',  ( 8.884994479999994255, 7.442473577302816778, 70.58235787010094953 ) ) ;
#3523 = FACE_OUTER_BOUND ( 'NONE', #7121, .T. ) ;
#3524 = CARTESIAN_POINT ( 'NONE',  ( -8.384994479999999584, 2.331370849898476649, -8.500000000000001776 ) ) ;
#3525 = VECTOR ( 'NONE', #6709, 1000.000000000000000 ) ;
#3526 = ORIENTED_EDGE ( 'NONE', *, *, #4980, .T. ) ;
#3527 = VECTOR ( 'NONE', #2391, 1000.000000000000000 ) ;
#3528 = CARTESIAN_POINT ( 'NONE',  ( 7.584994479999997985, 22.00000000000000000, 8.500000000000005329 ) ) ;
#3529 = LINE ( 'NONE', #5118, #9889 ) ;
#3530 = LINE ( 'NONE', #4218, #4698 ) ;
#3531 = EDGE_CURVE ( 'NONE', #1238, #4422, #1184, .T. ) ;
#3532 = VECTOR ( 'NONE', #2139, 1000.000000000000000 ) ;
#3533 = ORIENTED_EDGE ( 'NONE', *, *, #7342, .T. ) ;
#3534 = EDGE_LOOP ( 'NONE', ( #6631, #6906, #2306, #293 ) ) ;
#3535 = DIRECTION ( 'NONE',  ( -1.000000000000000000, -2.319126125024811375E-18, 0.000000000000000000 ) ) ;
#3536 = CARTESIAN_POINT ( 'NONE',  ( 8.384994479999997807, 9.686585190052042549, 65.19367081568793765 ) ) ;
#3537 = ORIENTED_EDGE ( 'NONE', *, *, #720, .T. ) ;
#3538 = CARTESIAN_POINT ( 'NONE',  ( 8.384994479999994255, 7.179806839133017426, 70.78430132263564190 ) ) ;
#3539 = ORIENTED_EDGE ( 'NONE', *, *, #3063, .T. ) ;
#3540 = EDGE_CURVE ( 'NONE', #4170, #5626, #5993, .T. ) ;
#3541 = EDGE_CURVE ( 'NONE', #4422, #251, #2235, .T. ) ;
#3542 = DIRECTION ( 'NONE',  ( -1.000000000000000000, 1.066210604224532462E-16, 0.000000000000000000 ) ) ;
#3543 = EDGE_CURVE ( 'NONE', #1482, #8751, #2835, .T. ) ;
#3544 = DIRECTION ( 'NONE',  ( 0.7071067811865652253, 0.7071067811865296981, -0.000000000000000000 ) ) ;
#3545 = CARTESIAN_POINT ( 'NONE',  ( 8.575738049830526677, 0.7466110679662145699, 138.2466110679661995 ) ) ;
#3546 = ORIENTED_EDGE ( 'NONE', *, *, #4217, .F. ) ;
#3547 = ADVANCED_FACE ( 'NONE', ( #7597 ), #6041, .T. ) ;
#3548 = DIRECTION ( 'NONE',  ( 0.000000000000000000, 1.000000000000000000, 0.000000000000000000 ) ) ;
#3549 = CARTESIAN_POINT ( 'NONE',  ( 4.738547870593263767, 22.00000000000000000, -6.853553390593266847 ) ) ;
#3550 = PLANE ( 'NONE',  #7421 ) ;
#3551 = ORIENTED_EDGE ( 'NONE', *, *, #8558, .T. ) ;
#3552 = PERSON_AND_ORGANIZATION_ROLE ( 'design_owner' ) ;
#3553 = DIRECTION ( 'NONE',  ( 1.192622389734055124E-16, -1.271586638770052825E-32, -1.000000000000000000 ) ) ;
#3554 = CARTESIAN_POINT ( 'NONE',  ( 8.884994479999997807, 9.697605145550888039, 64.88107319687304653 ) ) ;
#3555 = ORIENTED_EDGE ( 'NONE', *, *, #7869, .T. ) ;
#3556 = ADVANCED_FACE ( 'NONE', ( #5941 ), #743, .F. ) ;
#3557 = CARTESIAN_POINT ( 'NONE',  ( -17.38499448000002090, -1.971257206271094368E-17, -29.50000000000002487 ) ) ;
#3558 = PLANE ( 'NONE',  #3948 ) ;
#3559 = EDGE_CURVE ( 'NONE', #5482, #7183, #9077, .T. ) ;
#3560 = EDGE_LOOP ( 'NONE', ( #5074, #7804, #7050, #6336 ) ) ;
#3561 = ORIENTED_EDGE ( 'NONE', *, *, #6409, .F. ) ;
#3562 = FACE_OUTER_BOUND ( 'NONE', #4575, .T. ) ;
#3563 = VERTEX_POINT ( 'NONE', #689 ) ;
#3564 = CARTESIAN_POINT ( 'NONE',  ( 8.384994479999999584, 8.668855151983612117, 65.89007896149583132 ) ) ;
#3565 = ORIENTED_EDGE ( 'NONE', *, *, #5480, .T. ) ;
#3566 = LINE ( 'NONE', #1844, #3966 ) ;
#3567 = CARTESIAN_POINT ( 'NONE',  ( 8.884994479999997807, 6.702458179608773214, 86.73657565646701073 ) ) ;
#3568 = DIRECTION ( 'NONE',  ( 1.000000000000000000, -1.066210604224532462E-16, 0.000000000000000000 ) ) ;
#3569 = DIRECTION ( 'NONE',  ( 1.000000000000000000, 0.000000000000000000, 0.000000000000000000 ) ) ;
#3570 = CYLINDRICAL_SURFACE ( 'NONE', #7074, 1.000000000000000000 ) ;
#3571 = CYLINDRICAL_SURFACE ( 'NONE', #9116, 0.5000000000000065503 ) ;
#3572 = ORIENTED_EDGE ( 'NONE', *, *, #7925, .F. ) ;
#3573 = VECTOR ( 'NONE', #6594, 1000.000000000000000 ) ;
#3574 = DIRECTION ( 'NONE',  ( 0.6000000000000044187, -0.000000000000000000, 0.7999999999999967137 ) ) ;
#3575 = CARTESIAN_POINT ( 'NONE',  ( -3.384994479999995143, 2.000000000000000444, -29.50000000000000000 ) ) ;
#3576 = FACE_OUTER_BOUND ( 'NONE', #2258, .T. ) ;
#3577 = ORIENTED_EDGE ( 'NONE', *, *, #6364, .F. ) ;
#3578 = CARTESIAN_POINT ( 'NONE',  ( 8.884994479999997807, 7.324061271574146659, 65.33196489872078416 ) ) ;
#3579 = DIRECTION ( 'NONE',  ( -0.000000000000000000, -0.000000000000000000, -1.000000000000000000 ) ) ;
#3580 = CARTESIAN_POINT ( 'NONE',  ( 5.884994480000027117, 18.99999999999999645, 138.0000000000000000 ) ) ;
#3581 = VECTOR ( 'NONE', #5050, 1000.000000000000000 ) ;
#3582 = EDGE_LOOP ( 'NONE', ( #2103, #5911, #4125, #8570 ) ) ;
#3583 = LINE ( 'NONE', #2716, #8790 ) ;
#3584 = CARTESIAN_POINT ( 'NONE',  ( 8.884994479999997807, 7.763472870588953967, 73.44629087820167967 ) ) ;
#3585 = VERTEX_POINT ( 'NONE', #7491 ) ;
#3586 = CARTESIAN_POINT ( 'NONE',  ( 8.884994479999999584, 8.424829163951280009, 70.32697392802708691 ) ) ;
#3587 = ORIENTED_EDGE ( 'NONE', *, *, #5295, .T. ) ;
#3588 = CARTESIAN_POINT ( 'NONE',  ( -17.88499447999999958, 2.399999999999997691, -8.500000000000001776 ) ) ;
#3589 = LINE ( 'NONE', #1324, #9197 ) ;
#3590 = DIRECTION ( 'NONE',  ( -0.7071067811865474617, -0.000000000000000000, -0.7071067811865474617 ) ) ;
#3591 = ORIENTED_EDGE ( 'NONE', *, *, #6280, .F. ) ;
#3592 = VECTOR ( 'NONE', #70, 1000.000000000000000 ) ;
#3593 = EDGE_CURVE ( 'NONE', #6195, #5796, #536, .T. ) ;
#3594 = CARTESIAN_POINT ( 'NONE',  ( 8.884994480000001360, 7.303563876739961103, 72.01107315347174165 ) ) ;
#3595 = EDGE_CURVE ( 'NONE', #1963, #393, #3040, .T. ) ;
#3596 = CARTESIAN_POINT ( 'NONE',  ( -12.88499447999999781, 2.399999999999998579, -12.50000000000000355 ) ) ;
#3597 = CARTESIAN_POINT ( 'NONE',  ( -17.38499448000000669, 2.000000000000001776, -59.99999999999998579 ) ) ;
#3598 = VERTEX_POINT ( 'NONE', #9020 ) ;
#3599 = EDGE_CURVE ( 'NONE', #7278, #1193, #9716, .T. ) ;
#3600 = DATE_AND_TIME ( #2036, #3820 ) ;
#3601 = CARTESIAN_POINT ( 'NONE',  ( 8.384994479999999584, 7.664950307643242589, 71.21024535562374069 ) ) ;
#3602 = DIRECTION ( 'NONE',  ( 0.000000000000000000, -0.000000000000000000, -1.000000000000000000 ) ) ;
#3603 = ORIENTED_EDGE ( 'NONE', *, *, #832, .F. ) ;
#3604 = CARTESIAN_POINT ( 'NONE',  ( -7.384994479999949846, 2.000000000000000888, 22.00000000000004619 ) ) ;
#3605 = LINE ( 'NONE', #1590, #4337 ) ;
#3606 = LINE ( 'NONE', #8770, #3802 ) ;
#3607 = VERTEX_POINT ( 'NONE', #2038 ) ;
#3608 = DIRECTION ( 'NONE',  ( -0.8660254037844381525, 0.5000000000000006661, 0.000000000000000000 ) ) ;
#3609 = ADVANCED_FACE ( 'NONE', ( #5093 ), #7545, .T. ) ;
#3610 = ORIENTED_EDGE ( 'NONE', *, *, #780, .T. ) ;
#3611 = ORIENTED_EDGE ( 'NONE', *, *, #1655, .T. ) ;
#3612 = EDGE_CURVE ( 'NONE', #2821, #4409, #1760, .T. ) ;
#3613 = DIRECTION ( 'NONE',  ( 4.505775262277422587E-16, 1.044946112423804478E-33, 1.000000000000000000 ) ) ;
#3614 = CARTESIAN_POINT ( 'NONE',  ( 8.884994479999997807, 7.766314224606289507, 84.19830300746819773 ) ) ;
#3615 = DIRECTION ( 'NONE',  ( -1.000000000000000000, 1.084202172485504804E-16, 0.000000000000000000 ) ) ;
#3616 = DIRECTION ( 'NONE',  ( 0.000000000000000000, 0.000000000000000000, 1.000000000000000000 ) ) ;
#3617 = CARTESIAN_POINT ( 'NONE',  ( 8.884994479999997807, 6.702458179608773214, 76.34219069684675674 ) ) ;
#3618 = VECTOR ( 'NONE', #6787, 1000.000000000000000 ) ;
#3619 = EDGE_CURVE ( 'NONE', #8653, #261, #3705, .T. ) ;
#3620 = ORIENTED_EDGE ( 'NONE', *, *, #593, .T. ) ;
#3621 = PLANE ( 'NONE',  #3505 ) ;
#3622 = ORIENTED_EDGE ( 'NONE', *, *, #2170, .F. ) ;
#3623 = CARTESIAN_POINT ( 'NONE',  ( 8.884994479999997807, 6.703666272657642367, 71.90733464034329359 ) ) ;
#3624 = DIRECTION ( 'NONE',  ( 0.000000000000000000, 0.000000000000000000, 1.000000000000000000 ) ) ;
#3625 = CARTESIAN_POINT ( 'NONE',  ( 8.384994479999997807, 9.744684353694607282, 71.96650975824545071 ) ) ;
#3626 = EDGE_LOOP ( 'NONE', ( #3890, #4981, #3957, #2548 ) ) ;
#3627 = DIRECTION ( 'NONE',  ( -0.000000000000000000, -0.000000000000000000, 1.000000000000000000 ) ) ;
#3628 = CARTESIAN_POINT ( 'NONE',  ( 7.384994479999996031, 18.99999999999999645, 13.30000000000000604 ) ) ;
#3629 = FACE_OUTER_BOUND ( 'NONE', #6946, .T. ) ;
#3630 = VECTOR ( 'NONE', #4129, 1000.000000000000000 ) ;
#3631 = CARTESIAN_POINT ( 'NONE',  ( 8.884994479999996031, 10.34260576570022927, 71.92944105127473620 ) ) ;
#3632 = ORIENTED_EDGE ( 'NONE', *, *, #733, .F. ) ;
#3633 = CARTESIAN_POINT ( 'NONE',  ( 8.384994479999997807, 8.595857222006182852, 71.01806812869700991 ) ) ;
#3634 = VECTOR ( 'NONE', #7041, 1000.000000000000000 ) ;
#3635 = DIRECTION ( 'NONE',  ( 0.7071067811865475727, 3.256836054902110163E-18, -0.7071067811865475727 ) ) ;
#3636 = ORIENTED_EDGE ( 'NONE', *, *, #6952, .T. ) ;
#3637 = VECTOR ( 'NONE', #7840, 1000.000000000000000 ) ;
#3638 = CARTESIAN_POINT ( 'NONE',  ( 8.384994479999999584, 8.885996020727970901, 65.18807572074311452 ) ) ;
#3639 = EDGE_LOOP ( 'NONE', ( #8050, #8361, #8830, #2174 ) ) ;
#3640 = LINE ( 'NONE', #6029, #8749 ) ;
#3641 = CARTESIAN_POINT ( 'NONE',  ( -2.884994480000013795, 22.00100000000000122, 86.00000000000001421 ) ) ;
#3642 = FACE_OUTER_BOUND ( 'NONE', #6113, .T. ) ;
#3643 = AXIS2_PLACEMENT_3D ( 'NONE', #7087, #8611, #6248 ) ;
#3644 = ORIENTED_EDGE ( 'NONE', *, *, #2546, .T. ) ;
#3645 = DIRECTION ( 'NONE',  ( 0.000000000000000000, -0.7071067811865451302, 0.7071067811865500152 ) ) ;
#3646 = DIRECTION ( 'NONE',  ( -0.5773502691895954220, 0.5773502691896554850, 0.5773502691896265082 ) ) ;
#3647 = DIRECTION ( 'NONE',  ( -4.605861719268250263E-18, 1.000000000000000000, 0.000000000000000000 ) ) ;
#3648 = VERTEX_POINT ( 'NONE', #8311 ) ;
#3649 = VECTOR ( 'NONE', #3590, 1000.000000000000114 ) ;
#3650 = CARTESIAN_POINT ( 'NONE',  ( 8.384994479999996031, 7.972127544229101304, 71.07865855892583795 ) ) ;
#3651 = CARTESIAN_POINT ( 'NONE',  ( 8.884994479999997807, 9.506415633392220954, 86.14536457271553616 ) ) ;
#3652 = ORIENTED_EDGE ( 'NONE', *, *, #5746, .F. ) ;
#3653 = CARTESIAN_POINT ( 'NONE',  ( 8.384994479999999584, 10.21539963877675383, 86.84242709439098462 ) ) ;
#3654 = CARTESIAN_POINT ( 'NONE',  ( 8.884994479999997807, 7.808810843871593299, 73.46034368531317682 ) ) ;
#3655 = CARTESIAN_POINT ( 'NONE',  ( 8.384994479999996031, 7.371211002242070265, 71.56628497592754456 ) ) ;
#3656 = ADVANCED_FACE ( 'NONE', ( #1438 ), #9274, .T. ) ;
#3657 = ADVANCED_FACE ( 'NONE', ( #2383 ), #9111, .T. ) ;
#3658 = VECTOR ( 'NONE', #9784, 1000.000000000000000 ) ;
#3659 = CARTESIAN_POINT ( 'NONE',  ( 7.384994479999996031, 1.999999999999999112, -60.00000000000000000 ) ) ;
#3660 = ORIENTED_EDGE ( 'NONE', *, *, #8057, .F. ) ;
#3661 = EDGE_LOOP ( 'NONE', ( #1892, #6452, #8243, #1570 ) ) ;
#3662 = ORIENTED_EDGE ( 'NONE', *, *, #7863, .T. ) ;
#3663 = CARTESIAN_POINT ( 'NONE',  ( 8.384994479999996031, 7.770166766912590894, 66.40666520094031000 ) ) ;
#3664 = CARTESIAN_POINT ( 'NONE',  ( 8.884994479999997807, 8.490900119243676158, 71.01805907059379308 ) ) ;
#3665 = DIRECTION ( 'NONE',  ( 0.000000000000000000, 1.000000000000000000, -9.130123557772670799E-17 ) ) ;
#3666 = CARTESIAN_POINT ( 'NONE',  ( -17.63499447999997827, 1.749999999999987343, 137.4999999999999716 ) ) ;
#3667 = EDGE_CURVE ( 'NONE', #5433, #4227, #4367, .T. ) ;
#3668 = EDGE_CURVE ( 'NONE', #6201, #8696, #7422, .T. ) ;
#3669 = DIRECTION ( 'NONE',  ( 4.587167754127986484E-17, 0.3437618826832611330, 0.9390568502567135933 ) ) ;
#3670 = EDGE_CURVE ( 'NONE', #193, #8475, #567, .T. ) ;
#3671 = AXIS2_PLACEMENT_3D ( 'NONE', #8923, #646, #3608 ) ;
#3672 = VECTOR ( 'NONE', #7918, 1000.000000000000000 ) ;
#3673 = VERTEX_POINT ( 'NONE', #8294 ) ;
#3674 = DIRECTION ( 'NONE',  ( 0.7071067811865671127, -9.722856625373263442E-17, -0.7071067811865279218 ) ) ;
#3675 = ORIENTED_EDGE ( 'NONE', *, *, #4638, .F. ) ;
#3676 = CARTESIAN_POINT ( 'NONE',  ( -3.384994479999965833, 2.000000000000000444, -45.50000000000000000 ) ) ;
#3677 = CARTESIAN_POINT ( 'NONE',  ( 8.384994479999997807, 8.873899594919603118, 65.02513441825070117 ) ) ;
#3678 = PLANE ( 'NONE',  #9766 ) ;
#3679 = ORIENTED_EDGE ( 'NONE', *, *, #5538, .T. ) ;
#3680 = FACE_OUTER_BOUND ( 'NONE', #3127, .T. ) ;
#3681 = VECTOR ( 'NONE', #240, 1000.000000000000000 ) ;
#3682 = VECTOR ( 'NONE', #966, 1000.000000000000000 ) ;
#3683 = ADVANCED_FACE ( 'NONE', ( #4418 ), #2161, .T. ) ;
#3684 = DIRECTION ( 'NONE',  ( 0.000000000000000000, -1.000000000000000000, -2.111100016949955181E-32 ) ) ;
#3685 = ADVANCED_FACE ( 'NONE', ( #771 ), #6675, .F. ) ;
#3686 = DIRECTION ( 'NONE',  ( 0.000000000000000000, 0.000000000000000000, 1.000000000000000000 ) ) ;
#3687 = AXIS2_PLACEMENT_3D ( 'NONE', #6007, #9086, #5259 ) ;
#3688 = LINE ( 'NONE', #5219, #147 ) ;
#3689 = AXIS2_PLACEMENT_3D ( 'NONE', #1196, #7257, #5705 ) ;
#3690 = DIRECTION ( 'NONE',  ( 2.040851148208008245E-16, -2.175977135863191384E-32, 1.000000000000000000 ) ) ;
#3691 = ORIENTED_EDGE ( 'NONE', *, *, #5733, .T. ) ;
#3692 = CARTESIAN_POINT ( 'NONE',  ( 8.384994479999999584, 9.562543376076016344, 65.48164757205539388 ) ) ;
#3693 = ORIENTED_EDGE ( 'NONE', *, *, #5803, .F. ) ;
#3694 = CARTESIAN_POINT ( 'NONE',  ( 8.884994479999997807, 7.744705774132406795, 66.40734545063772032 ) ) ;
#3695 = PLANE ( 'NONE',  #8698 ) ;
#3696 = CARTESIAN_POINT ( 'NONE',  ( 8.384994479999997807, 8.869065480456796990, 64.60303983606846145 ) ) ;
#3697 = VECTOR ( 'NONE', #4189, 1000.000000000000000 ) ;
#3698 = AXIS2_PLACEMENT_3D ( 'NONE', #2794, #2692, #2095 ) ;
#3699 = VERTEX_POINT ( 'NONE', #2866 ) ;
#3700 = ORIENTED_EDGE ( 'NONE', *, *, #472, .T. ) ;
#3701 = CARTESIAN_POINT ( 'NONE',  ( 8.384994479999997807, 18.99999999999999645, 13.30000000000000604 ) ) ;
#3702 = LINE ( 'NONE', #37, #4090 ) ;
#3703 = ORIENTED_EDGE ( 'NONE', *, *, #4952, .F. ) ;
#3704 = CARTESIAN_POINT ( 'NONE',  ( 8.384994479999997807, 7.586588598318614984, 71.27046677023139409 ) ) ;
#3705 = LINE ( 'NONE', #9818, #2376 ) ;
#3706 = VERTEX_POINT ( 'NONE', #2915 ) ;
#3707 = CARTESIAN_POINT ( 'NONE',  ( 8.384994479999997807, 9.844617614677597217, 86.58672987363165419 ) ) ;
#3708 = PLANE ( 'NONE',  #657 ) ;
#3709 = CARTESIAN_POINT ( 'NONE',  ( 8.677887698813464112, 0.4999999999999727995, -60.00000000000000000 ) ) ;
#3710 = CARTESIAN_POINT ( 'NONE',  ( 8.884994479999996031, 8.852837202458424315, 86.22082536669768160 ) ) ;
#3711 = CARTESIAN_POINT ( 'NONE',  ( 8.884994479999997807, 6.702458179608773214, 74.75108846028648202 ) ) ;
#3712 = ORIENTED_EDGE ( 'NONE', *, *, #2807, .T. ) ;
#3713 = ORIENTED_EDGE ( 'NONE', *, *, #7832, .T. ) ;
#3714 = DIRECTION ( 'NONE',  ( 0.000000000000000000, 0.000000000000000000, -1.000000000000000000 ) ) ;
#3715 = CARTESIAN_POINT ( 'NONE',  ( 8.884994479999997807, 7.303881459926833131, 71.83878230695721356 ) ) ;
#3716 = CARTESIAN_POINT ( 'NONE',  ( -8.553623630101528263, 2.331370849898477537, 12.50000000000000355 ) ) ;
#3717 = CARTESIAN_POINT ( 'NONE',  ( 7.384994479999996031, 19.00000000000000355, 8.500000000000007105 ) ) ;
#3718 = ADVANCED_FACE ( 'NONE', ( #8191 ), #9100, .T. ) ;
#3719 = DIRECTION ( 'NONE',  ( -1.000000000000000000, 1.375019570461159196E-16, 4.505775262277422587E-16 ) ) ;
#3720 = CIRCLE ( 'NONE', #194, 0.8000000000000003775 ) ;
#3721 = VERTEX_POINT ( 'NONE', #2114 ) ;
#3722 = EDGE_CURVE ( 'NONE', #4355, #8797, #8344, .T. ) ;
#3723 = DIRECTION ( 'NONE',  ( -0.7071067811865502373, 0.7071067811865447972, 1.022195611122253739E-16 ) ) ;
#3724 = ORIENTED_EDGE ( 'NONE', *, *, #3348, .F. ) ;
#3725 = EDGE_CURVE ( 'NONE', #1193, #5356, #6772, .T. ) ;
#3726 = DIRECTION ( 'NONE',  ( -0.7071067811865462405, -0.7071067811865489050, 0.000000000000000000 ) ) ;
#3727 = CARTESIAN_POINT ( 'NONE',  ( 8.112245891609264348, 19.70036230339082550, -8.272748588390742341 ) ) ;
#3728 = CARTESIAN_POINT ( 'NONE',  ( 9.677887698813437467, 21.49999999999997158, 138.0000000000000000 ) ) ;
#3729 = ORIENTED_EDGE ( 'NONE', *, *, #3730, .T. ) ;
#3730 = EDGE_CURVE ( 'NONE', #104, #903, #1473, .T. ) ;
#3731 = DIRECTION ( 'NONE',  ( 0.000000000000000000, 0.000000000000000000, -1.000000000000000000 ) ) ;
#3732 = CARTESIAN_POINT ( 'NONE',  ( 8.884994479999997807, 7.782308469416938657, 72.68288374018547415 ) ) ;
#3733 = DIRECTION ( 'NONE',  ( -0.7071067811865476838, 0.7071067811865474617, 0.000000000000000000 ) ) ;
#3734 = CARTESIAN_POINT ( 'NONE',  ( 8.884994479999996031, 7.220311958300829502, 73.17546344892058130 ) ) ;
#3735 = CARTESIAN_POINT ( 'NONE',  ( 8.884994479999997807, 6.702458179608773214, 71.96575919420291712 ) ) ;
#3736 = ORIENTED_EDGE ( 'NONE', *, *, #2678, .F. ) ;
#3737 = CARTESIAN_POINT ( 'NONE',  ( -7.884994480000007577, 0.5000000000000837108, 73.49999999999998579 ) ) ;
#3738 = ORIENTED_EDGE ( 'NONE', *, *, #9723, .F. ) ;
#3739 = LINE ( 'NONE', #7430, #8437 ) ;
#3740 = DIRECTION ( 'NONE',  ( -0.000000000000000000, -1.000000000000000000, 0.000000000000000000 ) ) ;
#3741 = VECTOR ( 'NONE', #7409, 1000.000000000000000 ) ;
#3742 = CARTESIAN_POINT ( 'NONE',  ( 8.884994479999997807, 8.394125145521275755, 66.15568980678732203 ) ) ;
#3743 = ORIENTED_EDGE ( 'NONE', *, *, #6553, .T. ) ;
#3744 = VERTEX_POINT ( 'NONE', #5320 ) ;
#3745 = DIRECTION ( 'NONE',  ( 1.000000000000000000, -1.066210604224532462E-16, 0.000000000000000000 ) ) ;
#3746 = LINE ( 'NONE', #4629, #2809 ) ;
#3747 = VECTOR ( 'NONE', #6509, 1000.000000000000000 ) ;
#3748 = CARTESIAN_POINT ( 'NONE',  ( 8.384994479999997807, 9.132400841712708939, 65.55244622681770750 ) ) ;
#3749 = ORIENTED_EDGE ( 'NONE', *, *, #3047, .T. ) ;
#3750 = LINE ( 'NONE', #9170, #7013 ) ;
#3751 = CARTESIAN_POINT ( 'NONE',  ( -7.634994479999990702, 1.749999999999956923, 32.99999999999991473 ) ) ;
#3752 = ORIENTED_EDGE ( 'NONE', *, *, #3068, .T. ) ;
#3753 = PLANE ( 'NONE',  #5496 ) ;
#3754 = FACE_OUTER_BOUND ( 'NONE', #9470, .T. ) ;
#3755 = CARTESIAN_POINT ( 'NONE',  ( 8.384994479999997807, 7.303881459926833131, 71.83878230695721356 ) ) ;
#3756 = CIRCLE ( 'NONE', #5018, 1.500000000000001332 ) ;
#3757 = ORIENTED_EDGE ( 'NONE', *, *, #8815, .T. ) ;
#3758 = CARTESIAN_POINT ( 'NONE',  ( -11.18499447999999852, 0.6999999999999990674, -12.50000000000000355 ) ) ;
#3759 = CARTESIAN_POINT ( 'NONE',  ( 8.884994479999997807, 9.316503010420847275, 65.57674695809332377 ) ) ;
#3760 = ORIENTED_EDGE ( 'NONE', *, *, #5733, .F. ) ;
#3761 = FACE_OUTER_BOUND ( 'NONE', #1539, .T. ) ;
#3762 = CARTESIAN_POINT ( 'NONE',  ( 8.884994479999996031, 7.972127544229101304, 71.07865855892583795 ) ) ;
#3763 = DIRECTION ( 'NONE',  ( 1.000000000000000000, -0.000000000000000000, 1.486905836551555193E-15 ) ) ;
#3764 = LINE ( 'NONE', #7458, #1908 ) ;
#3765 = DIRECTION ( 'NONE',  ( -1.375019570461159196E-16, -1.000000000000000000, 0.000000000000000000 ) ) ;
#3766 = ORIENTED_EDGE ( 'NONE', *, *, #952, .T. ) ;
#3767 = DIRECTION ( 'NONE',  ( 0.000000000000000000, 0.000000000000000000, 1.000000000000000000 ) ) ;
#3768 = ORIENTED_EDGE ( 'NONE', *, *, #4767, .F. ) ;
#3769 = CARTESIAN_POINT ( 'NONE',  ( 5.384994479999996919, 19.00000000000000000, -12.49999999999999645 ) ) ;
#3770 = CARTESIAN_POINT ( 'NONE',  ( 5.384994479999996919, 20.49999999999999645, 137.4999999999999716 ) ) ;
#3771 = CARTESIAN_POINT ( 'NONE',  ( 8.884994479999999584, 9.723948465815690057, 72.15281013552866796 ) ) ;
#3772 = EDGE_LOOP ( 'NONE', ( #9210, #6082, #2894, #6958 ) ) ;
#3773 = CARTESIAN_POINT ( 'NONE',  ( -17.88499448000000314, 22.00100000000000122, 21.50000000000000000 ) ) ;
#3774 = DIRECTION ( 'NONE',  ( -0.000000000000000000, -0.000000000000000000, 1.000000000000000000 ) ) ;
#3775 = EDGE_CURVE ( 'NONE', #8017, #1829, #3075, .T. ) ;
#3776 = EDGE_CURVE ( 'NONE', #2767, #876, #619, .T. ) ;
#3777 = FACE_OUTER_BOUND ( 'NONE', #2987, .T. ) ;
#3778 = ADVANCED_FACE ( 'NONE', ( #9848 ), #6818, .T. ) ;
#3779 = CARTESIAN_POINT ( 'NONE',  ( 8.884994480000001360, 8.868839613694333934, 64.70556174041493591 ) ) ;
#3780 = CARTESIAN_POINT ( 'NONE',  ( 8.384994479999999584, 6.908727000144287089, 72.82513161105202926 ) ) ;
#3781 = ORIENTED_EDGE ( 'NONE', *, *, #9491, .F. ) ;
#3782 = CARTESIAN_POINT ( 'NONE',  ( 8.884994479999997807, 9.330045757232971582, 84.73131145249065810 ) ) ;
#3783 = VERTEX_POINT ( 'NONE', #2964 ) ;
#3784 = FACE_OUTER_BOUND ( 'NONE', #9566, .T. ) ;
#3785 = DIRECTION ( 'NONE',  ( -0.000000000000000000, 1.000000000000000000, -0.000000000000000000 ) ) ;
#3786 = CARTESIAN_POINT ( 'NONE',  ( 8.884994479999997807, 10.29810433846293805, 63.41097365159257038 ) ) ;
#3787 = ADVANCED_FACE ( 'NONE', ( #3777 ), #2214, .T. ) ;
#3788 = EDGE_LOOP ( 'NONE', ( #7326, #4079, #5327, #8227, #7875, #2046 ) ) ;
#3789 = EDGE_CURVE ( 'NONE', #77, #6604, #9901, .T. ) ;
#3790 = ORIENTED_EDGE ( 'NONE', *, *, #6784, .T. ) ;
#3791 = EDGE_CURVE ( 'NONE', #8376, #7571, #2403, .T. ) ;
#3792 = VECTOR ( 'NONE', #1222, 999.9999999999998863 ) ;
#3793 = CARTESIAN_POINT ( 'NONE',  ( 8.384994479999997807, 6.702458179608773214, 66.63783558902578363 ) ) ;
#3794 = CARTESIAN_POINT ( 'NONE',  ( -2.384994479999985817, 2.000000000000000000, 86.50000000000002842 ) ) ;
#3795 = CARTESIAN_POINT ( 'NONE',  ( 8.884994479999999584, 10.29749719360676430, 64.96150191332606028 ) ) ;
#3796 = ORIENTED_EDGE ( 'NONE', *, *, #4513, .T. ) ;
#3797 = LINE ( 'NONE', #881, #4614 ) ;
#3798 = DIRECTION ( 'NONE',  ( 0.2810846377148186193, 0.6785983445458284580, 0.6785983445458660945 ) ) ;
#3799 = ORIENTED_EDGE ( 'NONE', *, *, #4864, .T. ) ;
#3800 = CARTESIAN_POINT ( 'NONE',  ( 8.384994479999997807, 10.29810433846293805, 86.87342917613494819 ) ) ;
#3801 = LINE ( 'NONE', #5392, #4817 ) ;
#3802 = VECTOR ( 'NONE', #9721, 1000.000000000000000 ) ;
#3803 = CARTESIAN_POINT ( 'NONE',  ( 8.884994479999999584, 8.098452261448612077, 71.05101215429041872 ) ) ;
#3804 = EDGE_CURVE ( 'NONE', #4077, #584, #1580, .T. ) ;
#3805 = VECTOR ( 'NONE', #2484, 1000.000000000000000 ) ;
#3806 = EDGE_CURVE ( 'NONE', #8266, #5897, #8441, .T. ) ;
#3807 = CARTESIAN_POINT ( 'NONE',  ( 8.884994479999999584, 9.777909967446671402, 86.51752888276399744 ) ) ;
#3808 = CARTESIAN_POINT ( 'NONE',  ( 8.884994479999999584, 9.562543376076016344, 65.48164757205539388 ) ) ;
#3809 = VECTOR ( 'NONE', #713, 1000.000000000000000 ) ;
#3810 = ORIENTED_EDGE ( 'NONE', *, *, #5418, .F. ) ;
#3811 = EDGE_LOOP ( 'NONE', ( #4949, #8304, #6140, #5229, #1360, #8465, #3477, #687, #4249, #4521, #7843, #6577, #199, #4466, #1529, #1621, #4299, #3240, #8628, #5990, #4474, #9512, #3749, #5291, #9006, #180, #2859 ) ) ;
#3812 = CARTESIAN_POINT ( 'NONE',  ( -2.884994480000013795, 22.00100000000000122, 86.00000000000001421 ) ) ;
#3813 = DIRECTION ( 'NONE',  ( 0.000000000000000000, 0.9449136500009510664, -0.3273197122720842289 ) ) ;
#3814 = CARTESIAN_POINT ( 'NONE',  ( 8.884994479999997807, 6.702458179608773214, 64.62824969495466121 ) ) ;
#3815 = DIRECTION ( 'NONE',  ( -1.000000000000000000, 1.066210604224532462E-16, -0.000000000000000000 ) ) ;
#3816 = CARTESIAN_POINT ( 'NONE',  ( 7.384994479999996031, 3.800000000000000711, 8.500000000000007105 ) ) ;
#3817 = EDGE_LOOP ( 'NONE', ( #537, #2569, #9433 ) ) ;
#3818 = FACE_OUTER_BOUND ( 'NONE', #9113, .T. ) ;
#3819 = ORIENTED_EDGE ( 'NONE', *, *, #8057, .T. ) ;
#3820 = LOCAL_TIME ( 15, 20, 41.00000000000000000, #6691 ) ;
#3821 = DIRECTION ( 'NONE',  ( 4.754248427774784788E-17, 0.3562828912906144674, 0.9343781361812787400 ) ) ;
#3822 = CARTESIAN_POINT ( 'NONE',  ( 31.88499447999999958, 19.99999999999999645, -33.99999999999985079 ) ) ;
#3823 = CARTESIAN_POINT ( 'NONE',  ( 8.884994479999999584, 9.622407836847184370, 72.39544015197351712 ) ) ;
#3824 = CARTESIAN_POINT ( 'NONE',  ( 7.384994479999996031, 2.999999999999999112, 137.4999999999999716 ) ) ;
#3825 = PLANE ( 'NONE',  #6935 ) ;
#3826 = VECTOR ( 'NONE', #15, 1000.000000000000000 ) ;
#3827 = DIRECTION ( 'NONE',  ( 0.000000000000000000, 0.000000000000000000, 1.000000000000000000 ) ) ;
#3828 = CARTESIAN_POINT ( 'NONE',  ( 8.884994479999999584, 6.973303384413151562, 72.92255393430102117 ) ) ;
#3829 = DIRECTION ( 'NONE',  ( 0.000000000000000000, -1.000000000000000000, 0.000000000000000000 ) ) ;
#3830 = CARTESIAN_POINT ( 'NONE',  ( 8.884994479999997807, 7.382985688984488704, 66.34500201122945384 ) ) ;
#3831 = VERTEX_POINT ( 'NONE', #3876 ) ;
#3832 = CIRCLE ( 'NONE', #1742, 0.5000000000000004441 ) ;
#3833 = DIRECTION ( 'NONE',  ( 0.7071067811865646702, 0.7071067811865302533, -2.392198148880719319E-16 ) ) ;
#3834 = ORIENTED_EDGE ( 'NONE', *, *, #899, .F. ) ;
#3835 = DIRECTION ( 'NONE',  ( 0.000000000000000000, 0.8546181457111515778, -0.5192569932328622295 ) ) ;
#3836 = DIRECTION ( 'NONE',  ( 1.000000000000000000, 0.000000000000000000, 0.000000000000000000 ) ) ;
#3837 = EDGE_CURVE ( 'NONE', #5913, #7292, #1143, .T. ) ;
#3838 = EDGE_LOOP ( 'NONE', ( #7004, #7845, #6453, #8419 ) ) ;
#3839 = VECTOR ( 'NONE', #5326, 1000.000000000000000 ) ;
#3840 = AXIS2_PLACEMENT_3D ( 'NONE', #5515, #6313, #1706 ) ;
#3841 = B_SPLINE_CURVE_WITH_KNOTS ( 'NONE', 3,
 ( #612, #1466, #7415, #5962, #2107, #560, #3677, #8994, #9149, #2155, #9744 ),
 .UNSPECIFIED., .F., .F.,
 ( 4, 1, 1, 1, 1, 1, 1, 1, 4 ),
 ( 0.000000000000000000, 0.1910599019879634097, 0.3639285089577339871, 0.5173018286577336644, 0.6524984524400153640, 0.7682398733008483083, 0.8644986929248380525, 0.9412816669096609745, 1.000000000000000000 ),
 .UNSPECIFIED. ) ;
#3842 = CARTESIAN_POINT ( 'NONE',  ( 8.884994479999997807, 8.039300982259680595, 72.76887327014891582 ) ) ;
#3843 = DIRECTION ( 'NONE',  ( 0.000000000000000000, 1.000000000000000000, 0.000000000000000000 ) ) ;
#3844 = FACE_OUTER_BOUND ( 'NONE', #1293, .T. ) ;
#3845 = ADVANCED_FACE ( 'NONE', ( #1044 ), #1564, .T. ) ;
#3846 = ORIENTED_EDGE ( 'NONE', *, *, #7135, .T. ) ;
#3847 = EDGE_CURVE ( 'NONE', #6751, #9656, #7154, .T. ) ;
#3848 = CARTESIAN_POINT ( 'NONE',  ( 6.384994480000013795, 19.99999999999999645, 8.500000000000007105 ) ) ;
#3849 = CARTESIAN_POINT ( 'NONE',  ( 8.884994479999997807, 9.589881691669296160, 70.58066934615563071 ) ) ;
#3850 = EDGE_LOOP ( 'NONE', ( #7565, #9145, #8008, #3799 ) ) ;
#3851 = VECTOR ( 'NONE', #6208, 1000.000000000000000 ) ;
#3852 = AXIS2_PLACEMENT_3D ( 'NONE', #9050, #6870, #5218 ) ;
#3853 = LINE ( 'NONE', #794, #9550 ) ;
#3854 = LINE ( 'NONE', #6941, #8676 ) ;
#3855 = EDGE_CURVE ( 'NONE', #6506, #2755, #2411, .T. ) ;
#3856 = FACE_OUTER_BOUND ( 'NONE', #6981, .T. ) ;
#3857 = VECTOR ( 'NONE', #6745, 1000.000000000000000 ) ;
#3858 = CARTESIAN_POINT ( 'NONE',  ( 8.884994480000001360, 9.728122697016640785, 71.74653519867160867 ) ) ;
#3859 = ORIENTED_EDGE ( 'NONE', *, *, #2053, .T. ) ;
#3860 = EDGE_CURVE ( 'NONE', #3585, #8137, #6918, .T. ) ;
#3861 = LINE ( 'NONE', #5402, #8128 ) ;
#3862 = CARTESIAN_POINT ( 'NONE',  ( -12.88499447999999781, 2.399999999999998579, -60.00000000000000000 ) ) ;
#3863 = FACE_OUTER_BOUND ( 'NONE', #2959, .T. ) ;
#3864 = PLANE ( 'NONE',  #9779 ) ;
#3865 = ADVANCED_FACE ( 'NONE', ( #6502 ), #4795, .T. ) ;
#3866 = CC_DESIGN_PERSON_AND_ORGANIZATION_ASSIGNMENT ( #1983, #2633, ( #2525 ) ) ;
#3867 = CARTESIAN_POINT ( 'NONE',  ( 8.384994479999997807, 6.702458179608773214, 67.37540403186766014 ) ) ;
#3868 = ORIENTED_EDGE ( 'NONE', *, *, #2127, .T. ) ;
#3869 = CARTESIAN_POINT ( 'NONE',  ( 8.884994479999996031, 9.735409351477262163, 72.08490307242300332 ) ) ;
#3870 = ORIENTED_EDGE ( 'NONE', *, *, #2496, .T. ) ;
#3871 = CARTESIAN_POINT ( 'NONE',  ( -8.384994479999999584, 2.999999999999999112, -8.500000000000001776 ) ) ;
#3872 = CARTESIAN_POINT ( 'NONE',  ( 8.884994479999997807, 8.613365483182510829, 65.78214095026002894 ) ) ;
#3873 = CARTESIAN_POINT ( 'NONE',  ( 8.384994479999999584, 6.702848333434041628, 64.68323224172002028 ) ) ;
#3874 = DIRECTION ( 'NONE',  ( -1.000000000000000000, -2.319126125024811375E-18, 0.000000000000000000 ) ) ;
#3875 = VECTOR ( 'NONE', #7746, 1000.000000000000000 ) ;
#3876 = CARTESIAN_POINT ( 'NONE',  ( -17.88499447999999958, 2.399999999999997691, -8.500000000000001776 ) ) ;
#3877 = LINE ( 'NONE', #2868, #2056 ) ;
#3878 = DIRECTION ( 'NONE',  ( -1.000000000000000000, 0.000000000000000000, 0.000000000000000000 ) ) ;
#3879 = CARTESIAN_POINT ( 'NONE',  ( 8.884994479999996031, 7.046327013614729573, 73.01392587818673974 ) ) ;
#3880 = VERTEX_POINT ( 'NONE', #7206 ) ;
#3881 = CARTESIAN_POINT ( 'NONE',  ( -8.384994480000059980, 1.499999999999944933, 21.49999999999999289 ) ) ;
#3882 = EDGE_LOOP ( 'NONE', ( #3428, #6998, #9913, #5652 ) ) ;
#3883 = CARTESIAN_POINT ( 'NONE',  ( -17.88499448000000669, 22.00100000000000122, -30.00000000000000000 ) ) ;
#3884 = CARTESIAN_POINT ( 'NONE',  ( 6.092101261186534167, 21.50000000000002487, -60.00000000000000000 ) ) ;
#3885 = ORIENTED_EDGE ( 'NONE', *, *, #5784, .F. ) ;
#3886 = ORIENTED_EDGE ( 'NONE', *, *, #5452, .F. ) ;
#3887 = CARTESIAN_POINT ( 'NONE',  ( 8.384994479999996031, 2.999999999999999112, 13.30000000000000604 ) ) ;
#3888 = DIRECTION ( 'NONE',  ( -9.614813431917286601E-17, 0.7071067811865673347, -0.7071067811865278108 ) ) ;
#3889 = CARTESIAN_POINT ( 'NONE',  ( 8.884994479999997807, 9.007064742638609900, 65.46664908405571737 ) ) ;
#3890 = ORIENTED_EDGE ( 'NONE', *, *, #2065, .F. ) ;
#3891 = VECTOR ( 'NONE', #3214, 1000.000000000000000 ) ;
#3892 = CARTESIAN_POINT ( 'NONE',  ( 8.884994479999997807, 6.702458179608773214, 83.84320413801404470 ) ) ;
#3893 = CARTESIAN_POINT ( 'NONE',  ( 8.384994479999997807, 10.27883695279478715, 71.47077832531630293 ) ) ;
#3894 = ORIENTED_EDGE ( 'NONE', *, *, #6887, .F. ) ;
#3895 = FACE_OUTER_BOUND ( 'NONE', #2328, .T. ) ;
#3896 = CARTESIAN_POINT ( 'NONE',  ( 8.884994479999997807, 7.301732539417800538, 64.10244406675683138 ) ) ;
#3897 = DIRECTION ( 'NONE',  ( -0.7071067811865495711, 0.000000000000000000, -0.7071067811865455743 ) ) ;
#3898 = EDGE_CURVE ( 'NONE', #4798, #5231, #6413, .T. ) ;
#3899 = ADVANCED_FACE ( 'NONE', ( #2591 ), #5369, .T. ) ;
#3900 = VECTOR ( 'NONE', #9044, 1000.000000000000114 ) ;
#3901 = CARTESIAN_POINT ( 'NONE',  ( 8.884994479999997807, 10.24891235843375448, 72.58176567840376947 ) ) ;
#3902 = ADVANCED_FACE ( 'NONE', ( #6454 ), #9522, .T. ) ;
#3903 = ORIENTED_EDGE ( 'NONE', *, *, #1991, .F. ) ;
#3904 = DIRECTION ( 'NONE',  ( -1.000000000000000000, 1.066210604224532462E-16, 0.000000000000000000 ) ) ;
#3905 = CARTESIAN_POINT ( 'NONE',  ( 8.884994479999997807, 8.257473112210458766, 65.14405697925027994 ) ) ;
#3906 = FACE_OUTER_BOUND ( 'NONE', #8725, .T. ) ;
#3907 = PLANE ( 'NONE',  #4158 ) ;
#3908 = VECTOR ( 'NONE', #6566, 1000.000000000000000 ) ;
#3909 = CARTESIAN_POINT ( 'NONE',  ( 8.884994479999997807, 7.329845358277218281, 65.35937850778148572 ) ) ;
#3910 = EDGE_CURVE ( 'NONE', #5771, #8093, #3120, .T. ) ;
#3911 = VERTEX_POINT ( 'NONE', #5649 ) ;
#3912 = EDGE_CURVE ( 'NONE', #1112, #4251, #994, .T. ) ;
#3913 = FACE_OUTER_BOUND ( 'NONE', #981, .T. ) ;
#3914 = ORIENTED_EDGE ( 'NONE', *, *, #3353, .F. ) ;
#3915 = LINE ( 'NONE', #4800, #5709 ) ;
#3916 = DIRECTION ( 'NONE',  ( 0.7071067811865671127, -7.539247484201940086E-17, -0.7071067811865279218 ) ) ;
#3917 = CARTESIAN_POINT ( 'NONE',  ( 8.884994479999971162, 18.99999999999999645, -60.00000000000000000 ) ) ;
#3918 = CARTESIAN_POINT ( 'NONE',  ( 7.384994479999996031, 2.999999999999999112, 13.30000000000000604 ) ) ;
#3919 = CARTESIAN_POINT ( 'NONE',  ( 8.384994479999997807, 7.302349909712243736, 71.96241407702348170 ) ) ;
#3920 = DIRECTION ( 'NONE',  ( -1.000000000000000000, 0.000000000000000000, -0.000000000000000000 ) ) ;
#3921 = CIRCLE ( 'NONE', #7917, 1.000000000000001776 ) ;
#3922 = LINE ( 'NONE', #5372, #4204 ) ;
#3923 = CARTESIAN_POINT ( 'NONE',  ( 5.384994479999996919, 19.00000000000000000, 12.49999999999999645 ) ) ;
#3924 = ORIENTED_EDGE ( 'NONE', *, *, #6586, .F. ) ;
#3925 = DIRECTION ( 'NONE',  ( -0.7071067811865671127, 0.000000000000000000, 0.7071067811865279218 ) ) ;
#3926 = DIRECTION ( 'NONE',  ( -1.000000000000000000, 1.334402673828314079E-16, 0.000000000000000000 ) ) ;
#3927 = DIRECTION ( 'NONE',  ( -0.7071067811865671127, 7.539247484201938854E-17, 0.7071067811865279218 ) ) ;
#3928 = DIRECTION ( 'NONE',  ( 0.000000000000000000, 0.000000000000000000, 1.000000000000000000 ) ) ;
#3929 = ORIENTED_EDGE ( 'NONE', *, *, #5306, .F. ) ;
#3930 = VECTOR ( 'NONE', #833, 1000.000000000000000 ) ;
#3931 = ORIENTED_EDGE ( 'NONE', *, *, #1819, .T. ) ;
#3932 = DIRECTION ( 'NONE',  ( -0.5773502691896257311, -0.5773502691896258421, -0.5773502691896258421 ) ) ;
#3933 = CARTESIAN_POINT ( 'NONE',  ( 8.884994479999999584, 7.614106563086787460, 84.15432209090036508 ) ) ;
#3934 = CARTESIAN_POINT ( 'NONE',  ( 8.384994479999999584, 8.885996020727970901, 65.18807572074311452 ) ) ;
#3935 = VERTEX_POINT ( 'NONE', #6359 ) ;
#3936 = VECTOR ( 'NONE', #5484, 1000.000000000000000 ) ;
#3937 = CARTESIAN_POINT ( 'NONE',  ( 5.384994479999996919, 20.49999999999999645, -60.00000000000000000 ) ) ;
#3938 = CARTESIAN_POINT ( 'NONE',  ( 8.384994479999996031, 9.731338497054609959, 70.67338297166187999 ) ) ;
#3939 = EDGE_LOOP ( 'NONE', ( #6559, #569, #5288, #6416 ) ) ;
#3940 = CARTESIAN_POINT ( 'NONE',  ( 8.384994479999997807, 8.267511744472498592, 64.95217640861899611 ) ) ;
#3941 = DIRECTION ( 'NONE',  ( 0.000000000000000000, 0.000000000000000000, -1.000000000000000000 ) ) ;
#3942 = LINE ( 'NONE', #5590, #8759 ) ;
#3943 = CARTESIAN_POINT ( 'NONE',  ( -8.884994480000001360, 2.000000000000000888, 12.49999999999999645 ) ) ;
#3944 = CIRCLE ( 'NONE', #8274, 0.8000000000000003775 ) ;
#3945 = LINE ( 'NONE', #5397, #7196 ) ;
#3946 = CARTESIAN_POINT ( 'NONE',  ( 8.884994479999997807, 8.595857222006182852, 71.01806812869700991 ) ) ;
#3947 = VERTEX_POINT ( 'NONE', #1840 ) ;
#3948 = AXIS2_PLACEMENT_3D ( 'NONE', #1889, #2788, #3394 ) ;
#3949 = CARTESIAN_POINT ( 'NONE',  ( -17.38499447999999958, 1.500000000000029088, -45.00000000000000000 ) ) ;
#3950 = DIRECTION ( 'NONE',  ( -0.000000000000000000, 0.000000000000000000, 1.000000000000000000 ) ) ;
#3951 = DIRECTION ( 'NONE',  ( -1.000000000000000000, 1.334402673828313832E-16, 0.000000000000000000 ) ) ;
#3952 = VERTEX_POINT ( 'NONE', #2549 ) ;
#3953 = CARTESIAN_POINT ( 'NONE',  ( -8.884994480000001360, 0.000000000000000000, -8.500000000000000000 ) ) ;
#3954 = CARTESIAN_POINT ( 'NONE',  ( 8.884994479999999584, 7.318347595165735520, 65.29652712312029905 ) ) ;
#3955 = ADVANCED_FACE ( 'NONE', ( #8674 ), #7572, .T. ) ;
#3956 = AXIS2_PLACEMENT_3D ( 'NONE', #4131, #3491, #9611 ) ;
#3957 = ORIENTED_EDGE ( 'NONE', *, *, #7498, .F. ) ;
#3958 = CARTESIAN_POINT ( 'NONE',  ( 8.884994479999996031, 9.543158878442602244, 72.49875779379068774 ) ) ;
#3959 = VERTEX_POINT ( 'NONE', #2143 ) ;
#3960 = CARTESIAN_POINT ( 'NONE',  ( 7.384994480000052874, 1.999999999999999112, 20.99999999999992184 ) ) ;
#3961 = DIRECTION ( 'NONE',  ( -0.7071067811865495711, 0.000000000000000000, 0.7071067811865455743 ) ) ;
#3962 = CARTESIAN_POINT ( 'NONE',  ( 4.384994479999991590, 19.00000000000000000, -7.207106781186551459 ) ) ;
#3963 = ADVANCED_FACE ( 'NONE', ( #499 ), #8874, .T. ) ;
#3964 = EDGE_CURVE ( 'NONE', #1238, #3935, #6748, .T. ) ;
#3965 = ADVANCED_FACE ( 'NONE', ( #4397 ), #543, .F. ) ;
#3966 = VECTOR ( 'NONE', #503, 1000.000000000000000 ) ;
#3967 = CARTESIAN_POINT ( 'NONE',  ( 8.384994479999999584, 9.950928567515882506, 73.05050340799186870 ) ) ;
#3968 = PLANE ( 'NONE',  #1177 ) ;
#3969 = ADVANCED_FACE ( 'NONE', ( #3562 ), #9676, .T. ) ;
#3970 = PLANE ( 'NONE',  #8957 ) ;
#3971 = DIRECTION ( 'NONE',  ( 0.7071067811865462405, -0.7071067811865489050, 0.000000000000000000 ) ) ;
#3972 = DIRECTION ( 'NONE',  ( 1.375019570461159196E-16, 1.000000000000000000, 0.000000000000000000 ) ) ;
#3973 = ORIENTED_EDGE ( 'NONE', *, *, #1877, .F. ) ;
#3974 = EDGE_CURVE ( 'NONE', #7646, #1238, #2045, .T. ) ;
#3975 = DIRECTION ( 'NONE',  ( 1.136629890678758472E-12, 1.000000000000000000, 0.000000000000000000 ) ) ;
#3976 = CARTESIAN_POINT ( 'NONE',  ( -4.500000000000323297, 1.016935525665684422E-17, -46.61500552000041608 ) ) ;
#3977 = CARTESIAN_POINT ( 'NONE',  ( 4.384994479999991590, 19.00000000000000000, -6.707106781186545241 ) ) ;
#3978 = DIRECTION ( 'NONE',  ( -0.7071067811865671127, -0.7071067811865279218, -8.177564888978222201E-17 ) ) ;
#3979 = EDGE_LOOP ( 'NONE', ( #8039, #6272, #9080, #6375 ) ) ;
#3980 = VERTEX_POINT ( 'NONE', #7499 ) ;
#3981 = AXIS2_PLACEMENT_3D ( 'NONE', #6598, #492, #3553 ) ;
#3982 = LINE ( 'NONE', #4122, #6824 ) ;
#3983 = VECTOR ( 'NONE', #5762, 1000.000000000000000 ) ;
#3984 = CARTESIAN_POINT ( 'NONE',  ( 8.884994479999997807, 7.532222677805888722, 69.05870232378316587 ) ) ;
#3985 = CARTESIAN_POINT ( 'NONE',  ( 8.384994479999997807, 9.283947729555352524, 73.41424565763556132 ) ) ;
#3986 = ORIENTED_EDGE ( 'NONE', *, *, #6539, .T. ) ;
#3987 = CARTESIAN_POINT ( 'NONE',  ( 8.884994479999997807, 6.706042627809925882, 71.79241179585378063 ) ) ;
#3988 = ORIENTED_EDGE ( 'NONE', *, *, #8255, .T. ) ;
#3989 = DIRECTION ( 'NONE',  ( 0.000000000000000000, 0.000000000000000000, -1.000000000000000000 ) ) ;
#3990 = CARTESIAN_POINT ( 'NONE',  ( -3.384994480000036887, 1.499999999999972022, 126.0000000000000000 ) ) ;
#3991 = CARTESIAN_POINT ( 'NONE',  ( 8.384994479999997807, 7.766314224606289507, 84.19830300746819773 ) ) ;
#3992 = CIRCLE ( 'NONE', #474, 1.500000000000029976 ) ;
#3993 = VECTOR ( 'NONE', #4226, 1000.000000000000227 ) ;
#3994 = DIRECTION ( 'NONE',  ( -9.614813431917820315E-17, 0.7071067811865475727, -0.7071067811865474617 ) ) ;
#3995 = CARTESIAN_POINT ( 'NONE',  ( 8.884994479999997807, 9.586570522323821564, 71.41023408471599510 ) ) ;
#3996 = VECTOR ( 'NONE', #5040, 1000.000000000000000 ) ;
#3997 = ORIENTED_EDGE ( 'NONE', *, *, #9310, .F. ) ;
#3998 = AXIS2_PLACEMENT_3D ( 'NONE', #5460, #1604, #7710 ) ;
#3999 = LINE ( 'NONE', #3104, #6039 ) ;
#4000 = CARTESIAN_POINT ( 'NONE',  ( 8.384994479999997807, 7.775677886478306711, 65.71587503547345932 ) ) ;
#4001 = CARTESIAN_POINT ( 'NONE',  ( 8.120134740878759416, 19.69416569210132550, 8.310395498736951936 ) ) ;
#4002 = ORIENTED_EDGE ( 'NONE', *, *, #1445, .T. ) ;
#4003 = PLANE ( 'NONE',  #4635 ) ;
#4004 = CARTESIAN_POINT ( 'NONE',  ( -2.884994480000008910, 1.499999999999970246, 125.4999999999999716 ) ) ;
#4005 = CARTESIAN_POINT ( 'NONE',  ( 8.884994479999997807, 9.744207607842707120, 72.01448683530088601 ) ) ;
#4006 = ORIENTED_EDGE ( 'NONE', *, *, #6360, .F. ) ;
#4007 = EDGE_CURVE ( 'NONE', #2352, #5947, #3362, .T. ) ;
#4008 = CARTESIAN_POINT ( 'NONE',  ( -8.884994480000001360, 0.000000000000000000, -60.00000000000000000 ) ) ;
#4009 = CARTESIAN_POINT ( 'NONE',  ( 8.384994479999996031, 7.311268832638107895, 72.08299501996698666 ) ) ;
#4010 = CARTESIAN_POINT ( 'NONE',  ( 8.884994479999997807, 8.968441952444477394, 71.05092207600596055 ) ) ;
#4011 = FACE_OUTER_BOUND ( 'NONE', #7683, .T. ) ;
#4012 = CARTESIAN_POINT ( 'NONE',  ( 6.238547870593285971, 19.99999999999999645, -8.353553390593283723 ) ) ;
#4013 = ADVANCED_FACE ( 'NONE', ( #1242 ), #1295, .T. ) ;
#4014 =( BOUNDED_CURVE ( )  B_SPLINE_CURVE ( 3, ( #8564, #9835, #8329, #1684 ),
 .UNSPECIFIED., .F., .F. ) 
 B_SPLINE_CURVE_WITH_KNOTS ( ( 4, 4 ),
 ( 2.236626801624574057, 2.651496422224905558 ),
 .UNSPECIFIED. ) 
 CURVE ( )  GEOMETRIC_REPRESENTATION_ITEM ( )  RATIONAL_B_SPLINE_CURVE ( ( 1.000000000000000000, 0.9857082903391651829, 0.9857082903391651829, 1.000000000000000000 ) ) 
 REPRESENTATION_ITEM ( '' )  );
#4015 = EDGE_CURVE ( 'NONE', #6737, #7964, #6652, .T. ) ;
#4016 = CARTESIAN_POINT ( 'NONE',  ( 8.384994480000003136, 9.696247765966765186, 64.96943475594083850 ) ) ;
#4017 = EDGE_CURVE ( 'NONE', #4921, #6569, #5752, .T. ) ;
#4018 = DIRECTION ( 'NONE',  ( 0.000000000000000000, -0.000000000000000000, 1.000000000000000000 ) ) ;
#4019 = DIRECTION ( 'NONE',  ( 0.000000000000000000, 0.000000000000000000, 1.000000000000000000 ) ) ;
#4020 = ORIENTED_EDGE ( 'NONE', *, *, #4503, .F. ) ;
#4021 = CARTESIAN_POINT ( 'NONE',  ( 8.384994479999997807, 10.29638241828175005, 65.05900142855011836 ) ) ;
#4022 = CARTESIAN_POINT ( 'NONE',  ( 8.384994479999996031, 9.271470918990207366, 70.43682853963687762 ) ) ;
#4023 = CARTESIAN_POINT ( 'NONE',  ( 8.884994479999996031, 6.745461655237040333, 65.63601254147259567 ) ) ;
#4024 = CARTESIAN_POINT ( 'NONE',  ( 8.884994479999997807, 10.27883695279478715, 71.47077832531630293 ) ) ;
#4025 = ORIENTED_EDGE ( 'NONE', *, *, #2073, .T. ) ;
#4026 = ADVANCED_FACE ( 'NONE', ( #2744 ), #9725, .T. ) ;
#4027 = ORIENTED_EDGE ( 'NONE', *, *, #9212, .F. ) ;
#4028 = DIRECTION ( 'NONE',  ( 1.000000000000000000, -1.066210604224532462E-16, 0.000000000000000000 ) ) ;
#4029 = DIRECTION ( 'NONE',  ( 0.000000000000000000, 1.000000000000000000, 0.000000000000000000 ) ) ;
#4030 = EDGE_CURVE ( 'NONE', #716, #9151, #8063, .T. ) ;
#4031 = ORIENTED_EDGE ( 'NONE', *, *, #9121, .F. ) ;
#4032 = CARTESIAN_POINT ( 'NONE',  ( 8.884994479999996031, 9.440765139116818361, 65.55525699972352527 ) ) ;
#4033 = ORIENTED_EDGE ( 'NONE', *, *, #4007, .F. ) ;
#4034 = PLANE ( 'NONE',  #5734 ) ;
#4035 = ORIENTED_EDGE ( 'NONE', *, *, #6586, .T. ) ;
#4036 = CARTESIAN_POINT ( 'NONE',  ( 8.384994479999997807, 8.190783126300978267, 65.46744267034632969 ) ) ;
#4037 = CARTESIAN_POINT ( 'NONE',  ( 8.884994479999997807, 7.324061271574146659, 65.33196489872078416 ) ) ;
#4038 = CARTESIAN_POINT ( 'NONE',  ( 8.384994479999996031, 7.754787808583531117, 84.19518946126365222 ) ) ;
#4039 = EDGE_CURVE ( 'NONE', #9649, #9046, #5948, .T. ) ;
#4040 = DIRECTION ( 'NONE',  ( 0.7071067811865493491, 0.000000000000000000, 0.7071067811865456854 ) ) ;
#4041 = CARTESIAN_POINT ( 'NONE',  ( 8.884994479999999584, 9.198601906540417872, 71.11453769596896279 ) ) ;
#4042 = AXIS2_PLACEMENT_3D ( 'NONE', #3077, #8814, #4761 ) ;
#4043 = VERTEX_POINT ( 'NONE', #698 ) ;
#4044 = LINE ( 'NONE', #988, #925 ) ;
#4045 = CARTESIAN_POINT ( 'NONE',  ( 7.384994479999996031, 1.500000000000025535, -60.00000000000000000 ) ) ;
#4046 = CARTESIAN_POINT ( 'NONE',  ( 8.384994479999999584, 9.431472478103087198, 66.26769973300038430 ) ) ;
#4047 = ORIENTED_EDGE ( 'NONE', *, *, #5180, .F. ) ;
#4048 = PLANE ( 'NONE',  #8178 ) ;
#4049 = DIRECTION ( 'NONE',  ( -0.7071067811865678898, 3.845925372766917106E-16, 0.7071067811865272557 ) ) ;
#4050 = AXIS2_PLACEMENT_3D ( 'NONE', #7914, #9634, #6418 ) ;
#4051 = ORIENTED_EDGE ( 'NONE', *, *, #836, .F. ) ;
#4052 = CARTESIAN_POINT ( 'NONE',  ( 8.884994480000001360, 0.5000000000000281997, 138.0000000000000000 ) ) ;
#4053 = ORIENTED_EDGE ( 'NONE', *, *, #6719, .F. ) ;
#4054 = LINE ( 'NONE', #3157, #8480 ) ;
#4055 = ORIENTED_EDGE ( 'NONE', *, *, #3365, .T. ) ;
#4056 = DIRECTION ( 'NONE',  ( 8.673617379884027583E-16, -1.000000000000000000, 0.000000000000000000 ) ) ;
#4057 = DIRECTION ( 'NONE',  ( -7.539247484201940086E-17, -0.7071067811865671127, -0.7071067811865279218 ) ) ;
#4058 = CARTESIAN_POINT ( 'NONE',  ( 8.884994479999997807, 8.544938723348547427, 71.01714821839945557 ) ) ;
#4059 = DIRECTION ( 'NONE',  ( -0.000000000000000000, -0.000000000000000000, 1.000000000000000000 ) ) ;
#4060 = DIRECTION ( 'NONE',  ( -0.5773502691896255090, 0.5773502691896579275, -0.5773502691895939787 ) ) ;
#4061 = AXIS2_PLACEMENT_3D ( 'NONE', #5379, #8452, #6830 ) ;
#4062 = CARTESIAN_POINT ( 'NONE',  ( 8.884994479999997807, 9.698829978653909833, 64.54109561137666162 ) ) ;
#4063 = CARTESIAN_POINT ( 'NONE',  ( -2.884994480000008910, 0.5000000000000280886, 125.4999999999999716 ) ) ;
#4064 = LINE ( 'NONE', #8740, #7825 ) ;
#4065 = ORIENTED_EDGE ( 'NONE', *, *, #7509, .F. ) ;
#4066 = LINE ( 'NONE', #3261, #7501 ) ;
#4067 = CARTESIAN_POINT ( 'NONE',  ( 8.384994479999997807, 10.34420236614055533, 71.99024877140665524 ) ) ;
#4068 = LINE ( 'NONE', #7119, #1709 ) ;
#4069 = EDGE_CURVE ( 'NONE', #5626, #3130, #8955, .T. ) ;
#4070 = CARTESIAN_POINT ( 'NONE',  ( 8.884994479999997807, 10.34420236614055533, 71.99024877140665524 ) ) ;
#4071 = ORIENTED_EDGE ( 'NONE', *, *, #6894, .T. ) ;
#4072 = EDGE_CURVE ( 'NONE', #1723, #8620, #9228, .T. ) ;
#4073 = ORIENTED_EDGE ( 'NONE', *, *, #2002, .T. ) ;
#4074 = AXIS2_PLACEMENT_3D ( 'NONE', #5250, #648, #1449 ) ;
#4075 = DIRECTION ( 'NONE',  ( -1.000000000000000000, 1.334402673828313832E-16, -0.000000000000000000 ) ) ;
#4076 = LINE ( 'NONE', #7125, #891 ) ;
#4077 = VERTEX_POINT ( 'NONE', #3758 ) ;
#4078 = CARTESIAN_POINT ( 'NONE',  ( 7.384994479999996031, 18.99999999999999645, -60.00000000000000000 ) ) ;
#4079 = ORIENTED_EDGE ( 'NONE', *, *, #8571, .T. ) ;
#4080 = FACE_OUTER_BOUND ( 'NONE', #1727, .T. ) ;
#4081 = ORIENTED_EDGE ( 'NONE', *, *, #5507, .F. ) ;
#4082 = EDGE_CURVE ( 'NONE', #1853, #8709, #3945, .T. ) ;
#4083 = LINE ( 'NONE', #5729, #902 ) ;
#4084 = EDGE_CURVE ( 'NONE', #4796, #7879, #4689, .T. ) ;
#4085 = CARTESIAN_POINT ( 'NONE',  ( 6.384994480000013795, 19.00000000000000000, 8.500000000000007105 ) ) ;
#4086 = PLANE ( 'NONE',  #3479 ) ;
#4087 = EDGE_CURVE ( 'NONE', #9055, #1121, #6797, .T. ) ;
#4088 = FACE_OUTER_BOUND ( 'NONE', #2465, .T. ) ;
#4089 = CARTESIAN_POINT ( 'NONE',  ( 8.884994479999997807, 8.688274778158639577, 74.75108846028648202 ) ) ;
#4090 = VECTOR ( 'NONE', #1434, 1000.000000000000114 ) ;
#4091 = ORIENTED_EDGE ( 'NONE', *, *, #1631, .F. ) ;
#4092 = ORIENTED_EDGE ( 'NONE', *, *, #1314, .F. ) ;
#4093 = APPLICATION_PROTOCOL_DEFINITION ( 'international standard', 'config_control_design', 1994, #2427 ) ;
#4094 = LINE ( 'NONE', #6350, #5447 ) ;
#4095 = CARTESIAN_POINT ( 'NONE',  ( 8.884994479999996031, 9.698062628548161257, 64.77950860036914094 ) ) ;
#4096 = ORIENTED_EDGE ( 'NONE', *, *, #6827, .T. ) ;
#4097 = EDGE_CURVE ( 'NONE', #6443, #7546, #6896, .T. ) ;
#4098 = CARTESIAN_POINT ( 'NONE',  ( -17.38499448000001735, 1.500000000000029088, -21.50000000000000355 ) ) ;
#4099 = PLANE ( 'NONE',  #9726 ) ;
#4100 = ORIENTED_EDGE ( 'NONE', *, *, #5660, .F. ) ;
#4101 = CARTESIAN_POINT ( 'NONE',  ( -7.884994480000004025, 22.00100000000000122, 22.00000000000004619 ) ) ;
#4102 = VECTOR ( 'NONE', #4375, 999.9999999999998863 ) ;
#4103 = ORIENTED_EDGE ( 'NONE', *, *, #9137, .F. ) ;
#4104 = DIRECTION ( 'NONE',  ( -2.040851148208008245E-16, -0.000000000000000000, -1.000000000000000000 ) ) ;
#4105 = VERTEX_POINT ( 'NONE', #7751 ) ;
#4106 = CARTESIAN_POINT ( 'NONE',  ( -3.384994480000036887, 1.275519368763638321E-17, 126.5000000000000284 ) ) ;
#4107 = PLANE ( 'NONE',  #9193 ) ;
#4108 = CARTESIAN_POINT ( 'NONE',  ( -17.88499447999999248, 1.499999999999973799, 126.5000000000000284 ) ) ;
#4109 = PLANE ( 'NONE',  #6306 ) ;
#4110 = CIRCLE ( 'NONE', #2507, 1.500000000000028200 ) ;
#4111 = VECTOR ( 'NONE', #128, 1000.000000000000000 ) ;
#4112 = FACE_OUTER_BOUND ( 'NONE', #5596, .T. ) ;
#4113 = AXIS2_PLACEMENT_3D ( 'NONE', #8336, #4463, #1511 ) ;
#4114 = CARTESIAN_POINT ( 'NONE',  ( -7.384994479999980932, 2.000000000000000888, 74.00000000000007105 ) ) ;
#4115 = DIRECTION ( 'NONE',  ( 0.000000000000000000, -0.7071067811865473507, -0.7071067811865477948 ) ) ;
#4116 = ORIENTED_EDGE ( 'NONE', *, *, #4312, .T. ) ;
#4117 = CARTESIAN_POINT ( 'NONE',  ( 8.384994479999996031, 10.34260576570022927, 71.92944105127473620 ) ) ;
#4118 = LINE ( 'NONE', #2613, #113 ) ;
#4119 = CARTESIAN_POINT ( 'NONE',  ( 8.884994479999997807, 9.589881691669296160, 70.58066934615563071 ) ) ;
#4120 = ORIENTED_EDGE ( 'NONE', *, *, #5053, .F. ) ;
#4121 = VECTOR ( 'NONE', #2895, 1000.000000000000000 ) ;
#4122 = CARTESIAN_POINT ( 'NONE',  ( 5.384994479999996919, 20.49999999999999645, -60.00000000000000000 ) ) ;
#4123 = ORIENTED_EDGE ( 'NONE', *, *, #900, .T. ) ;
#4124 = CARTESIAN_POINT ( 'NONE',  ( 8.384994479999999584, 9.748153035895349205, 73.21699217337794607 ) ) ;
#4125 = ORIENTED_EDGE ( 'NONE', *, *, #8692, .F. ) ;
#4126 = ADVANCED_FACE ( 'NONE', ( #3144 ), #8387, .T. ) ;
#4127 = CARTESIAN_POINT ( 'NONE',  ( 8.384994479999996031, 6.729963923658027092, 71.62434802081762086 ) ) ;
#4128 = VERTEX_POINT ( 'NONE', #1 ) ;
#4129 = DIRECTION ( 'NONE',  ( 4.605861719268250263E-18, -1.000000000000000000, 0.000000000000000000 ) ) ;
#4130 = CARTESIAN_POINT ( 'NONE',  ( 8.884994479999997807, 9.330045757232971582, 82.84129231770832291 ) ) ;
#4131 = CARTESIAN_POINT ( 'NONE',  ( -2.884994480000008910, 1.499999999999970246, 125.4999999999999716 ) ) ;
#4132 = VECTOR ( 'NONE', #3507, 1000.000000000000000 ) ;
#4133 = VECTOR ( 'NONE', #4161, 1000.000000000000000 ) ;
#4134 = CARTESIAN_POINT ( 'NONE',  ( -17.38499448000002090, 1.500000000000028866, -30.00000000000000000 ) ) ;
#4135 = ADVANCED_FACE ( 'NONE', ( #5999 ), #5332, .T. ) ;
#4136 = DIRECTION ( 'NONE',  ( 1.000000000000000000, -1.066210604224532462E-16, 0.000000000000000000 ) ) ;
#4137 = VERTEX_POINT ( 'NONE', #336 ) ;
#4138 = ORIENTED_EDGE ( 'NONE', *, *, #9000, .T. ) ;
#4139 = EDGE_CURVE ( 'NONE', #6757, #5356, #4141, .T. ) ;
#4140 = COORDINATED_UNIVERSAL_TIME_OFFSET ( 1, 0, .AHEAD. ) ;
#4141 = LINE ( 'NONE', #7198, #2878 ) ;
#4142 = CARTESIAN_POINT ( 'NONE',  ( -17.88499447999998893, 0.5000000000000002220, -22.00000000000000711 ) ) ;
#4143 = ORIENTED_EDGE ( 'NONE', *, *, #5555, .F. ) ;
#4144 = VECTOR ( 'NONE', #5443, 1000.000000000000000 ) ;
#4145 = VECTOR ( 'NONE', #9478, 1000.000000000000000 ) ;
#4146 = LINE ( 'NONE', #8009, #6400 ) ;
#4147 = CARTESIAN_POINT ( 'NONE',  ( 8.384994479999997807, 7.745061124173444611, 65.71482149197447598 ) ) ;
#4148 = VERTEX_POINT ( 'NONE', #6494 ) ;
#4149 = CARTESIAN_POINT ( 'NONE',  ( -8.084994480000002426, 2.800000000000000711, -12.50000000000000355 ) ) ;
#4150 = VECTOR ( 'NONE', #6754, 1000.000000000000000 ) ;
#4151 = ADVANCED_FACE ( 'NONE', ( #387 ), #2491, .T. ) ;
#4152 = VERTEX_POINT ( 'NONE', #7902 ) ;
#4153 = DIRECTION ( 'NONE',  ( -1.000000000000000000, 1.066210604224532462E-16, -0.000000000000000000 ) ) ;
#4154 = ORIENTED_EDGE ( 'NONE', *, *, #7701, .F. ) ;
#4155 = CARTESIAN_POINT ( 'NONE',  ( 8.884994479999999584, 8.558499777552533772, 65.92370426839327990 ) ) ;
#4156 = CARTESIAN_POINT ( 'NONE',  ( 8.884994479999999584, 8.053364882883450093, 65.63447272622052253 ) ) ;
#4157 = CARTESIAN_POINT ( 'NONE',  ( 7.384994479999996031, 3.000000000000000888, 12.49999999999999822 ) ) ;
#4158 = AXIS2_PLACEMENT_3D ( 'NONE', #99, #3151, #4697 ) ;
#4159 = AXIS2_PLACEMENT_3D ( 'NONE', #3659, #7298, #4348 ) ;
#4160 = CARTESIAN_POINT ( 'NONE',  ( 9.884994479999997807, 22.00000000000000000, -59.50000000000000000 ) ) ;
#4161 = DIRECTION ( 'NONE',  ( -0.7071067811865671127, -1.639869809431970332E-18, 0.7071067811865279218 ) ) ;
#4162 = DIRECTION ( 'NONE',  ( -1.734723475976805615E-16, 1.000000000000000000, 0.000000000000000000 ) ) ;
#4163 = CARTESIAN_POINT ( 'NONE',  ( -9.134994480000006689, 5.499038105676666177, -12.49999999999999822 ) ) ;
#4164 = CARTESIAN_POINT ( 'NONE',  ( 8.384994479999997807, 9.744207607842707120, 72.01448683530088601 ) ) ;
#4165 = ORIENTED_EDGE ( 'NONE', *, *, #5868, .F. ) ;
#4166 = LINE ( 'NONE', #4269, #5036 ) ;
#4167 = DIRECTION ( 'NONE',  ( -0.000000000000000000, -1.000000000000000000, 0.000000000000000000 ) ) ;
#4168 = LINE ( 'NONE', #8999, #8713 ) ;
#4169 = ORIENTED_EDGE ( 'NONE', *, *, #3049, .F. ) ;
#4170 = VERTEX_POINT ( 'NONE', #4790 ) ;
#4171 = VERTEX_POINT ( 'NONE', #3340 ) ;
#4172 = CARTESIAN_POINT ( 'NONE',  ( 8.384994479999997807, 9.088929538807157371, 71.07894084950282831 ) ) ;
#4173 = EDGE_LOOP ( 'NONE', ( #4577, #9630, #9501, #727 ) ) ;
#4174 = CARTESIAN_POINT ( 'NONE',  ( 8.384994479999997807, 9.262339279081469812, 86.73657565646701073 ) ) ;
#4175 = VERTEX_POINT ( 'NONE', #5689 ) ;
#4176 = CARTESIAN_POINT ( 'NONE',  ( 8.384994479999997807, 6.969794177056853002, 71.03152573550788418 ) ) ;
#4177 = VERTEX_POINT ( 'NONE', #9420 ) ;
#4178 = LINE ( 'NONE', #481, #7454 ) ;
#4179 = CARTESIAN_POINT ( 'NONE',  ( 8.884994479999999584, 7.466786510430519996, 65.61061784832044452 ) ) ;
#4180 = CARTESIAN_POINT ( 'NONE',  ( 8.384994479999997807, 7.532222677805888722, 69.05870232378316587 ) ) ;
#4181 = DIRECTION ( 'NONE',  ( 1.000000000000000000, 0.000000000000000000, 0.000000000000000000 ) ) ;
#4182 = DIRECTION ( 'NONE',  ( 1.192622389734055124E-16, -1.271586638770052825E-32, -1.000000000000000000 ) ) ;
#4183 = ORIENTED_EDGE ( 'NONE', *, *, #2053, .F. ) ;
#4184 = ORIENTED_EDGE ( 'NONE', *, *, #3265, .T. ) ;
#4185 = DIRECTION ( 'NONE',  ( 1.000000000000000000, 0.000000000000000000, 0.000000000000000000 ) ) ;
#4186 = CARTESIAN_POINT ( 'NONE',  ( 8.384994479999997807, 10.05952367535654624, 86.75809526741041111 ) ) ;
#4187 = DIRECTION ( 'NONE',  ( -0.7071067811865279218, 0.7071067811865670016, 0.000000000000000000 ) ) ;
#4188 = ORIENTED_EDGE ( 'NONE', *, *, #8568, .T. ) ;
#4189 = DIRECTION ( 'NONE',  ( 0.000000000000000000, 0.000000000000000000, 1.000000000000000000 ) ) ;
#4190 = CARTESIAN_POINT ( 'NONE',  ( 8.384994479999999584, 7.466786510430519996, 65.61061784832044452 ) ) ;
#4191 = EDGE_CURVE ( 'NONE', #4177, #5209, #5741, .T. ) ;
#4192 = ADVANCED_FACE ( 'NONE', ( #4985 ), #989, .T. ) ;
#4193 = ORIENTED_EDGE ( 'NONE', *, *, #8758, .T. ) ;
#4194 = EDGE_CURVE ( 'NONE', #1024, #775, #4094, .T. ) ;
#4195 = ORIENTED_EDGE ( 'NONE', *, *, #9473, .F. ) ;
#4196 = CARTESIAN_POINT ( 'NONE',  ( -8.384994479999996031, 2.999999999999999112, 8.499999999999998224 ) ) ;
#4197 = ORIENTED_EDGE ( 'NONE', *, *, #3804, .F. ) ;
#4198 = CARTESIAN_POINT ( 'NONE',  ( -7.384994479999980044, 0.2500000000000140998, 85.75000000000001421 ) ) ;
#4199 = VERTEX_POINT ( 'NONE', #6446 ) ;
#4200 = ORIENTED_EDGE ( 'NONE', *, *, #8085, .T. ) ;
#4201 = CARTESIAN_POINT ( 'NONE',  ( 8.884994479999997807, 8.372791401239945586, 75.32731380625671136 ) ) ;
#4202 = LINE ( 'NONE', #3456, #3747 ) ;
#4203 = LINE ( 'NONE', #2598, #160 ) ;
#4204 = VECTOR ( 'NONE', #8445, 1000.000000000000114 ) ;
#4205 = EDGE_CURVE ( 'NONE', #5947, #711, #812, .T. ) ;
#4206 = EDGE_CURVE ( 'NONE', #533, #8407, #3444, .T. ) ;
#4207 = CARTESIAN_POINT ( 'NONE',  ( 8.384994479999997807, 18.99999999999999645, -59.50000000000000000 ) ) ;
#4208 = EDGE_CURVE ( 'NONE', #3387, #7141, #1183, .T. ) ;
#4209 = VECTOR ( 'NONE', #9775, 1000.000000000000000 ) ;
#4210 = CARTESIAN_POINT ( 'NONE',  ( -3.384994480000036887, 0.5000000000000281997, 126.0000000000000000 ) ) ;
#4211 = DIRECTION ( 'NONE',  ( 1.000000000000000000, 0.000000000000000000, 0.000000000000000000 ) ) ;
#4212 = DIRECTION ( 'NONE',  ( -1.000000000000000000, 1.066210604224532462E-16, 0.000000000000000000 ) ) ;
#4213 = CARTESIAN_POINT ( 'NONE',  ( -8.384994479999999584, 2.800000000000000711, -8.500000000000001776 ) ) ;
#4214 = EDGE_LOOP ( 'NONE', ( #1476, #480, #5938 ) ) ;
#4215 = CARTESIAN_POINT ( 'NONE',  ( 8.884994479999997807, 7.307430257686541530, 65.14253610907921654 ) ) ;
#4216 = CARTESIAN_POINT ( 'NONE',  ( 8.384994479999997807, 18.99999999999999645, -59.50000000000000000 ) ) ;
#4217 = EDGE_CURVE ( 'NONE', #4413, #1294, #2634, .T. ) ;
#4218 = CARTESIAN_POINT ( 'NONE',  ( -17.88499448000000314, 2.399999999999997691, -60.00000000000000000 ) ) ;
#4219 = AXIS2_PLACEMENT_3D ( 'NONE', #3264, #3978, #2567 ) ;
#4220 = ORIENTED_EDGE ( 'NONE', *, *, #9661, .F. ) ;
#4221 = B_SPLINE_CURVE_WITH_KNOTS ( 'NONE', 3,
 ( #4037, #1174, #4231, #7086, #427, #4179, #7234, #3489, #6537, #2480, #231 ),
 .UNSPECIFIED., .F., .F.,
 ( 4, 1, 1, 1, 1, 1, 1, 1, 4 ),
 ( 0.000000000000000000, 0.1288820723941447310, 0.2504078238205920126, 0.3692825269337962624, 0.4876147152597397616, 0.6078426407154698952, 0.7301675320199322305, 0.8590496044140767395, 1.000000000000000000 ),
 .UNSPECIFIED. ) ;
#4222 = ORIENTED_EDGE ( 'NONE', *, *, #3619, .F. ) ;
#4223 = ORIENTED_EDGE ( 'NONE', *, *, #8992, .T. ) ;
#4224 = CARTESIAN_POINT ( 'NONE',  ( -7.884994480000002248, 2.319126125024817153E-18, 32.99999999999990763 ) ) ;
#4225 = ORIENTED_EDGE ( 'NONE', *, *, #5438, .F. ) ;
#4226 = DIRECTION ( 'NONE',  ( -0.8660254037844381525, 0.5000000000000006661, -0.000000000000000000 ) ) ;
#4227 = VERTEX_POINT ( 'NONE', #9568 ) ;
#4228 = CARTESIAN_POINT ( 'NONE',  ( 8.384994479999996031, 7.920121641783871347, 70.38709208335627920 ) ) ;
#4229 = ORIENTED_EDGE ( 'NONE', *, *, #5308, .F. ) ;
#4230 = DIRECTION ( 'NONE',  ( 0.000000000000000000, 0.000000000000000000, -1.000000000000000000 ) ) ;
#4231 = CARTESIAN_POINT ( 'NONE',  ( 8.884994479999999584, 7.341083388029538526, 65.41264101404352971 ) ) ;
#4232 = CARTESIAN_POINT ( 'NONE',  ( 6.584994479999995320, 3.800000000000000711, 8.499999999999998224 ) ) ;
#4233 = VERTEX_POINT ( 'NONE', #8766 ) ;
#4234 = DIRECTION ( 'NONE',  ( 0.000000000000000000, 0.7071067811865671127, -0.7071067811865279218 ) ) ;
#4235 = DIRECTION ( 'NONE',  ( 1.000000000000000000, 1.224646799147353454E-16, -0.000000000000000000 ) ) ;
#4236 = ORIENTED_EDGE ( 'NONE', *, *, #2989, .T. ) ;
#4237 = LINE ( 'NONE', #5138, #1487 ) ;
#4238 = EDGE_LOOP ( 'NONE', ( #1130, #296, #2394, #2242 ) ) ;
#4239 = VECTOR ( 'NONE', #9826, 1000.000000000000000 ) ;
#4240 = PERSON_AND_ORGANIZATION ( #3306, #1890 ) ;
#4241 = CARTESIAN_POINT ( 'NONE',  ( 8.884994479999997807, 6.702458179608773214, 66.63783558902578363 ) ) ;
#4242 = DIRECTION ( 'NONE',  ( -1.375019570461159196E-16, -1.000000000000000000, 0.000000000000000000 ) ) ;
#4243 = VERTEX_POINT ( 'NONE', #6404 ) ;
#4244 = DIRECTION ( 'NONE',  ( -7.778150251217325190E-12, 0.000000000000000000, 1.000000000000000000 ) ) ;
#4245 = FACE_OUTER_BOUND ( 'NONE', #3113, .T. ) ;
#4246 = ORIENTED_EDGE ( 'NONE', *, *, #7395, .F. ) ;
#4247 = ORIENTED_EDGE ( 'NONE', *, *, #3272, .T. ) ;
#4248 = CARTESIAN_POINT ( 'NONE',  ( -17.88499448000000669, 0.5000000000000004441, -60.00000000000000000 ) ) ;
#4249 = ORIENTED_EDGE ( 'NONE', *, *, #4007, .T. ) ;
#4250 = CARTESIAN_POINT ( 'NONE',  ( 8.384994479999997807, 9.393430545289694678, 66.26905136760485959 ) ) ;
#4251 = VERTEX_POINT ( 'NONE', #4045 ) ;
#4252 = CARTESIAN_POINT ( 'NONE',  ( 8.384994479999994255, 8.523539538522761916, 65.98834281348565867 ) ) ;
#4253 = CARTESIAN_POINT ( 'NONE',  ( 8.884994479999997807, 8.190783126300978267, 65.46744267034632969 ) ) ;
#4254 = CARTESIAN_POINT ( 'NONE',  ( -17.88499448000000314, 2.399999999999997691, 8.499999999999998224 ) ) ;
#4255 = PLANE ( 'NONE',  #3030 ) ;
#4256 = EDGE_CURVE ( 'NONE', #9872, #7991, #7095, .T. ) ;
#4257 = DIRECTION ( 'NONE',  ( -1.000000000000000000, 1.334402673828313832E-16, -0.000000000000000000 ) ) ;
#4258 = VECTOR ( 'NONE', #9762, 1000.000000000000000 ) ;
#4259 = EDGE_CURVE ( 'NONE', #2023, #3947, #7290, .T. ) ;
#4260 = CARTESIAN_POINT ( 'NONE',  ( -7.884994480000004025, 0.5000000000000558442, 22.00000000000004619 ) ) ;
#4261 = ORIENTED_EDGE ( 'NONE', *, *, #5438, .T. ) ;
#4262 = ADVANCED_FACE ( 'NONE', ( #1739 ), #5092, .T. ) ;
#4263 = CARTESIAN_POINT ( 'NONE',  ( 8.884994479999999584, 8.424829163951280009, 70.32697392802708691 ) ) ;
#4264 = LINE ( 'NONE', #5711, #6615 ) ;
#4265 = DIRECTION ( 'NONE',  ( -1.000000000000000000, 1.066210604224532462E-16, 0.000000000000000000 ) ) ;
#4266 = EDGE_LOOP ( 'NONE', ( #5381, #9466, #8773, #4370 ) ) ;
#4267 = ADVANCED_FACE ( 'NONE', ( #6643 ), #5889, .T. ) ;
#4268 = VECTOR ( 'NONE', #8998, 1000.000000000000000 ) ;
#4269 = CARTESIAN_POINT ( 'NONE',  ( 7.384994479999996031, 19.00000000000000000, 0.000000000000000000 ) ) ;
#4270 = FACE_OUTER_BOUND ( 'NONE', #9906, .T. ) ;
#4271 = FACE_OUTER_BOUND ( 'NONE', #5793, .T. ) ;
#4272 = AXIS2_PLACEMENT_3D ( 'NONE', #8909, #4381, #8155 ) ;
#4273 = EDGE_LOOP ( 'NONE', ( #6806, #944, #6086, #7344 ) ) ;
#4274 = VERTEX_POINT ( 'NONE', #8104 ) ;
#4275 = VECTOR ( 'NONE', #527, 999.9999999999998863 ) ;
#4276 = CARTESIAN_POINT ( 'NONE',  ( -17.38499447999998182, 2.000000000000001776, -60.00000000000000000 ) ) ;
#4277 = EDGE_CURVE ( 'NONE', #4227, #2228, #5189, .T. ) ;
#4278 = CARTESIAN_POINT ( 'NONE',  ( 8.884994479999997807, 9.686585190052042549, 65.19367081568793765 ) ) ;
#4279 = ORIENTED_EDGE ( 'NONE', *, *, #1461, .T. ) ;
#4280 = EDGE_CURVE ( 'NONE', #5743, #3980, #8259, .T. ) ;
#4281 = CARTESIAN_POINT ( 'NONE',  ( 8.384994479999997807, 9.132400841712708939, 65.55244622681770750 ) ) ;
#4282 = ORIENTED_EDGE ( 'NONE', *, *, #5371, .T. ) ;
#4283 = DIRECTION ( 'NONE',  ( 0.000000000000000000, 0.000000000000000000, -1.000000000000000000 ) ) ;
#4284 = DIRECTION ( 'NONE',  ( -1.000000000000000000, 1.334402673828313832E-16, -0.000000000000000000 ) ) ;
#4285 = CIRCLE ( 'NONE', #2518, 1.000000000000000000 ) ;
#4286 = CARTESIAN_POINT ( 'NONE',  ( 8.002706914446783060, 19.78640406174550037, -8.382287565553221853 ) ) ;
#4287 = LINE ( 'NONE', #1284, #8603 ) ;
#4288 = CARTESIAN_POINT ( 'NONE',  ( -2.884994480000008910, 1.499999999999942268, 33.49999999999998579 ) ) ;
#4289 = ORIENTED_EDGE ( 'NONE', *, *, #8523, .T. ) ;
#4290 = CARTESIAN_POINT ( 'NONE',  ( -17.88499448000000314, 4.199999999999997513, -60.00000000000000000 ) ) ;
#4291 = EDGE_LOOP ( 'NONE', ( #7276, #2434, #5756, #883 ) ) ;
#4292 = APPROVAL_ROLE ( '' ) ;
#4293 = CARTESIAN_POINT ( 'NONE',  ( 4.738547870593263767, 19.00000000000000000, -6.853553390593266847 ) ) ;
#4294 = FACE_OUTER_BOUND ( 'NONE', #1498, .T. ) ;
#4295 = ORIENTED_EDGE ( 'NONE', *, *, #9114, .T. ) ;
#4296 = CARTESIAN_POINT ( 'NONE',  ( 10.38499447999999603, 21.50000000000000000, -60.00000000000000000 ) ) ;
#4297 = CARTESIAN_POINT ( 'NONE',  ( 8.884994479999997807, 7.686449039404632977, 65.71280461049452981 ) ) ;
#4298 = VECTOR ( 'NONE', #5359, 1000.000000000000000 ) ;
#4299 = ORIENTED_EDGE ( 'NONE', *, *, #7640, .F. ) ;
#4300 = CARTESIAN_POINT ( 'NONE',  ( 8.884994479999999584, 9.079160357344699506, 86.54354292543614235 ) ) ;
#4301 = ORIENTED_EDGE ( 'NONE', *, *, #3074, .T. ) ;
#4302 = VECTOR ( 'NONE', #9320, 1000.000000000000000 ) ;
#4303 = FACE_OUTER_BOUND ( 'NONE', #1876, .T. ) ;
#4304 = ORIENTED_EDGE ( 'NONE', *, *, #4866, .F. ) ;
#4305 = VECTOR ( 'NONE', #4762, 1000.000000000000000 ) ;
#4306 = DIRECTION ( 'NONE',  ( 0.000000000000000000, -0.7132134666565539405, -0.7009468959769638019 ) ) ;
#4307 = CARTESIAN_POINT ( 'NONE',  ( 8.884994479999999584, 7.857689940872505829, 71.11443479082775809 ) ) ;
#4308 = DIRECTION ( 'NONE',  ( 0.000000000000000000, -0.9360758496681034213, -0.3517982428440174503 ) ) ;
#4309 = CARTESIAN_POINT ( 'NONE',  ( -16.38499448000000314, 4.199999999999997513, 8.499999999999992895 ) ) ;
#4310 = CARTESIAN_POINT ( 'NONE',  ( 8.884994479999997807, 6.702458179608773214, 64.62824969495466121 ) ) ;
#4311 = VECTOR ( 'NONE', #3161, 1000.000000000000000 ) ;
#4312 = EDGE_CURVE ( 'NONE', #6299, #8848, #5140, .T. ) ;
#4313 = CARTESIAN_POINT ( 'NONE',  ( 95.99999999999997158, 2.432415308216510476E-16, 27.11500551999988673 ) ) ;
#4314 = ORIENTED_EDGE ( 'NONE', *, *, #9545, .F. ) ;
#4315 = CARTESIAN_POINT ( 'NONE',  ( 8.884994479999997807, 8.880260328617952226, 65.14613861342732548 ) ) ;
#4316 = LINE ( 'NONE', #4163, #1170 ) ;
#4317 = LINE ( 'NONE', #9745, #1592 ) ;
#4318 = VECTOR ( 'NONE', #6999, 1000.000000000000000 ) ;
#4319 = ORIENTED_EDGE ( 'NONE', *, *, #8758, .F. ) ;
#4320 = AXIS2_PLACEMENT_3D ( 'NONE', #4248, #8979, #446 ) ;
#4321 = DIRECTION ( 'NONE',  ( -1.000000000000000000, 0.000000000000000000, 0.000000000000000000 ) ) ;
#4322 = CARTESIAN_POINT ( 'NONE',  ( 8.384994479999997807, 7.988881264487286415, 84.26745004898462810 ) ) ;
#4323 = DIRECTION ( 'NONE',  ( -4.605861719268250263E-18, 1.000000000000000000, 0.000000000000000000 ) ) ;
#4324 = EDGE_CURVE ( 'NONE', #545, #5573, #638, .T. ) ;
#4325 = EDGE_CURVE ( 'NONE', #7432, #5482, #585, .T. ) ;
#4326 = ADVANCED_FACE ( 'NONE', ( #9620 ), #8209, .T. ) ;
#4327 = FACE_OUTER_BOUND ( 'NONE', #5021, .T. ) ;
#4328 = CARTESIAN_POINT ( 'NONE',  ( 8.384994479999997807, 7.301732539417800538, 64.80832011557035344 ) ) ;
#4329 = ORIENTED_EDGE ( 'NONE', *, *, #9681, .T. ) ;
#4330 = CARTESIAN_POINT ( 'NONE',  ( 8.384994479999997807, 9.316503010420847275, 65.57674695809332377 ) ) ;
#4331 = VERTEX_POINT ( 'NONE', #1288 ) ;
#4332 = DIRECTION ( 'NONE',  ( -1.000000000000000000, -1.034421358364930004E-16, 0.000000000000000000 ) ) ;
#4333 = DIRECTION ( 'NONE',  ( 1.000000000000000000, 0.000000000000000000, -1.486905836551555193E-15 ) ) ;
#4334 = FACE_OUTER_BOUND ( 'NONE', #1923, .T. ) ;
#4335 = EDGE_CURVE ( 'NONE', #5512, #7538, #5791, .T. ) ;
#4336 = EDGE_CURVE ( 'NONE', #4813, #6437, #2037, .T. ) ;
#4337 = VECTOR ( 'NONE', #9174, 1000.000000000000000 ) ;
#4338 = CARTESIAN_POINT ( 'NONE',  ( -7.384994479999948069, 2.000000000000000888, 32.99999999999990763 ) ) ;
#4339 = CARTESIAN_POINT ( 'NONE',  ( 6.584994479999995320, 3.800000000000000711, 12.49999999999999822 ) ) ;
#4340 = LINE ( 'NONE', #8049, #58 ) ;
#4341 = ORIENTED_EDGE ( 'NONE', *, *, #7637, .T. ) ;
#4342 = CARTESIAN_POINT ( 'NONE',  ( 8.384994479999996031, 8.236586717719539763, 71.03087660471372544 ) ) ;
#4343 = DIRECTION ( 'NONE',  ( -0.000000000000000000, 1.000000000000000000, -0.000000000000000000 ) ) ;
#4344 = ORIENTED_EDGE ( 'NONE', *, *, #5730, .F. ) ;
#4345 = CARTESIAN_POINT ( 'NONE',  ( -17.38499448000000669, 2.000000000000001776, -59.99999999999998579 ) ) ;
#4346 = CARTESIAN_POINT ( 'NONE',  ( -16.38499448000000314, 5.699999999999998401, 12.49999999999999822 ) ) ;
#4347 = ORIENTED_EDGE ( 'NONE', *, *, #7207, .T. ) ;
#4348 = DIRECTION ( 'NONE',  ( -1.000000000000000000, 1.066210604224532462E-16, 0.000000000000000000 ) ) ;
#4349 = ORIENTED_EDGE ( 'NONE', *, *, #4205, .F. ) ;
#4350 = ORIENTED_EDGE ( 'NONE', *, *, #7247, .F. ) ;
#4351 = CARTESIAN_POINT ( 'NONE',  ( 8.884994479999997807, 7.411921210749424560, 71.48524101343147663 ) ) ;
#4352 = CARTESIAN_POINT ( 'NONE',  ( 8.384994479999997807, 10.29810433846293805, 63.41097365159257038 ) ) ;
#4353 = DIRECTION ( 'NONE',  ( 1.000000000000000000, 0.000000000000000000, 0.000000000000000000 ) ) ;
#4354 = LINE ( 'NONE', #8987, #3741 ) ;
#4355 = VERTEX_POINT ( 'NONE', #8970 ) ;
#4356 = CARTESIAN_POINT ( 'NONE',  ( -2.384994479999925865, 1.507431981266145035E-17, 33.49999999999998579 ) ) ;
#4357 = ORIENTED_EDGE ( 'NONE', *, *, #3227, .F. ) ;
#4358 = VECTOR ( 'NONE', #5451, 1000.000000000000227 ) ;
#4359 = CARTESIAN_POINT ( 'NONE',  ( 5.384994479999996919, 19.00000000000000000, 12.49999999999999645 ) ) ;
#4360 = CARTESIAN_POINT ( 'NONE',  ( 8.384994479999997807, 10.29113489197663966, 72.44445285411012492 ) ) ;
#4361 = LINE ( 'NONE', #8131, #6550 ) ;
#4362 = ORIENTED_EDGE ( 'NONE', *, *, #9549, .F. ) ;
#4363 = CARTESIAN_POINT ( 'NONE',  ( 8.384994479999997807, 7.324061271574146659, 65.33196489872078416 ) ) ;
#4364 = CARTESIAN_POINT ( 'NONE',  ( 7.384994479999996031, 2.999999999999999112, -59.50000000000000000 ) ) ;
#4365 = FACE_OUTER_BOUND ( 'NONE', #4946, .T. ) ;
#4366 = VECTOR ( 'NONE', #8275, 1000.000000000000000 ) ;
#4367 = LINE ( 'NONE', #9802, #7662 ) ;
#4368 = CARTESIAN_POINT ( 'NONE',  ( 8.384994479999996031, 9.297719856768848601, 71.15838476422642600 ) ) ;
#4369 = LINE ( 'NONE', #571, #9929 ) ;
#4370 = ORIENTED_EDGE ( 'NONE', *, *, #6112, .F. ) ;
#4371 = EDGE_CURVE ( 'NONE', #592, #5621, #8214, .T. ) ;
#4372 = CARTESIAN_POINT ( 'NONE',  ( 8.384994479999996031, 8.959557316235290614, 65.40431062263328954 ) ) ;
#4373 = VERTEX_POINT ( 'NONE', #4293 ) ;
#4374 = AXIS2_PLACEMENT_3D ( 'NONE', #8086, #416, #3472 ) ;
#4375 = DIRECTION ( 'NONE',  ( 0.000000000000000000, -0.1961161351381831008, -0.9805806756909204447 ) ) ;
#4376 = DIRECTION ( 'NONE',  ( 4.956352788505168198E-15, 1.000000000000000000, -0.000000000000000000 ) ) ;
#4377 = ADVANCED_FACE ( 'NONE', ( #6547 ), #7346, .T. ) ;
#4378 = CARTESIAN_POINT ( 'NONE',  ( 8.884994479999997807, 8.036402375303127954, 66.36828545119136891 ) ) ;
#4379 = ORIENTED_EDGE ( 'NONE', *, *, #6725, .F. ) ;
#4380 = VECTOR ( 'NONE', #116, 1000.000000000000000 ) ;
#4381 = DIRECTION ( 'NONE',  ( 0.000000000000000000, 0.000000000000000000, -1.000000000000000000 ) ) ;
#4382 = CARTESIAN_POINT ( 'NONE',  ( -17.38499448000003511, -1.971257206271105153E-17, -59.50000000000000000 ) ) ;
#4383 = VERTEX_POINT ( 'NONE', #9670 ) ;
#4384 = ADVANCED_FACE ( 'NONE', ( #5289 ), #40, .T. ) ;
#4385 = CARTESIAN_POINT ( 'NONE',  ( 7.584994479999995320, -1.000000000000005107, -7.700000000000001954 ) ) ;
#4386 = ORIENTED_EDGE ( 'NONE', *, *, #1531, .F. ) ;
#4387 = ADVANCED_FACE ( 'NONE', ( #1586 ), #8359, .T. ) ;
#4388 = SHAPE_DEFINITION_REPRESENTATION ( #3424, #7734 ) ;
#4389 = DIRECTION ( 'NONE',  ( 1.375019570461159196E-16, 1.000000000000000000, 0.000000000000000000 ) ) ;
#4390 = CARTESIAN_POINT ( 'NONE',  ( 8.884994479999999584, 9.429548438585324988, 86.00314183902811749 ) ) ;
#4391 = EDGE_LOOP ( 'NONE', ( #4792, #1462, #784, #6388 ) ) ;
#4392 = LINE ( 'NONE', #8262, #7567 ) ;
#4393 = CARTESIAN_POINT ( 'NONE',  ( -2.384994480000020456, 1.507431981266123465E-17, -44.50000000000000000 ) ) ;
#4394 = EDGE_CURVE ( 'NONE', #3648, #614, #1488, .T. ) ;
#4395 = CARTESIAN_POINT ( 'NONE',  ( 8.884994479999996031, 7.371211002242070265, 71.56628497592754456 ) ) ;
#4396 = VERTEX_POINT ( 'NONE', #3848 ) ;
#4397 = FACE_OUTER_BOUND ( 'NONE', #4729, .T. ) ;
#4398 = AXIS2_PLACEMENT_3D ( 'NONE', #2861, #6474, #6520 ) ;
#4399 = ORIENTED_EDGE ( 'NONE', *, *, #7453, .T. ) ;
#4400 = ORIENTED_EDGE ( 'NONE', *, *, #3119, .T. ) ;
#4401 = ADVANCED_FACE ( 'NONE', ( #6840 ), #4584, .T. ) ;
#4402 = CARTESIAN_POINT ( 'NONE',  ( 8.384994479999997807, 7.820466806809458049, 66.40532131827181672 ) ) ;
#4403 = FACE_OUTER_BOUND ( 'NONE', #3582, .T. ) ;
#4404 = CARTESIAN_POINT ( 'NONE',  ( -2.884994480000008910, 0.5000000000000280886, 126.0000000000000000 ) ) ;
#4405 = LINE ( 'NONE', #705, #641 ) ;
#4406 = EDGE_CURVE ( 'NONE', #8261, #8653, #3797, .T. ) ;
#4407 = DIRECTION ( 'NONE',  ( 1.000000000000000000, 0.000000000000000000, 0.000000000000000000 ) ) ;
#4408 = CARTESIAN_POINT ( 'NONE',  ( -2.884994480000008465, 2.000000000000000444, 32.99999999999990763 ) ) ;
#4409 = VERTEX_POINT ( 'NONE', #1634 ) ;
#4410 = DIRECTION ( 'NONE',  ( 1.000000000000000000, 1.034421358364929758E-16, -3.103264075094789150E-16 ) ) ;
#4411 = CARTESIAN_POINT ( 'NONE',  ( 8.384994479999997807, 9.330045757232971582, 82.84129231770832291 ) ) ;
#4412 = CARTESIAN_POINT ( 'NONE',  ( 8.884994479999996031, 9.821860630070599285, 73.16552657414003136 ) ) ;
#4413 = VERTEX_POINT ( 'NONE', #5388 ) ;
#4414 = DIRECTION ( 'NONE',  ( 1.192622389734055124E-16, 0.000000000000000000, -1.000000000000000000 ) ) ;
#4415 = B_SPLINE_CURVE_WITH_KNOTS ( 'NONE', 3,
 ( #4876, #6584, #3381, #1973, #1070, #1871, #9608, #7233, #5027, #1925, #278, #9461, #378, #9657, #6485, #9557, #1173, #2577, #9505 ),
 .UNSPECIFIED., .F., .F.,
 ( 4, 1, 1, 1, 1, 1, 1, 1, 1, 1, 1, 1, 1, 1, 1, 1, 4 ),
 ( 0.000000000000000000, 0.06704074835228489293, 0.1325568062303840999, 0.1957802642803788962, 0.2582166453742088530, 0.3188681249130387863, 0.3794776946887660762, 0.4400872644644964193, 0.5007387440033290726, 0.5617853304390167946, 0.6219189650290896099, 0.6826734838939141348, 0.7435758163726668979, 0.8054461261157271901, 0.8689749164301635576, 0.9336774142995790671, 1.000000000000000000 ),
 .UNSPECIFIED. ) ;
#4416 = DIRECTION ( 'NONE',  ( 1.000000000000000000, 2.319126125024811375E-18, 0.000000000000000000 ) ) ;
#4417 = VECTOR ( 'NONE', #4332, 1000.000000000000000 ) ;
#4418 = FACE_OUTER_BOUND ( 'NONE', #7093, .T. ) ;
#4419 = PLANE ( 'NONE',  #8145 ) ;
#4420 = VECTOR ( 'NONE', #7715, 1000.000000000000000 ) ;
#4421 = FACE_OUTER_BOUND ( 'NONE', #3939, .T. ) ;
#4422 = VERTEX_POINT ( 'NONE', #6790 ) ;
#4423 = AXIS2_PLACEMENT_3D ( 'NONE', #9217, #9814, #2229 ) ;
#4424 = DIRECTION ( 'NONE',  ( -1.375019570461159196E-16, -1.000000000000000000, 0.000000000000000000 ) ) ;
#4425 = ORIENTED_EDGE ( 'NONE', *, *, #4621, .F. ) ;
#4426 = CARTESIAN_POINT ( 'NONE',  ( 5.884994480000026229, 20.49999999999999645, 138.0000000000000000 ) ) ;
#4427 = CARTESIAN_POINT ( 'NONE',  ( 5.884994480000099060, 19.99999999999999645, 8.500000000000007105 ) ) ;
#4428 = CARTESIAN_POINT ( 'NONE',  ( -2.884994479999994699, 1.391475675014888366E-17, -29.50000000000002487 ) ) ;
#4429 = VERTEX_POINT ( 'NONE', #3892 ) ;
#4430 = VECTOR ( 'NONE', #5915, 1000.000000000000000 ) ;
#4431 = ORIENTED_EDGE ( 'NONE', *, *, #5247, .F. ) ;
#4432 = B_SPLINE_CURVE_WITH_KNOTS ( 'NONE', 3,
 ( #8689, #1512, #6717, #8942, #4360, #2957, #6068, #6811, #2906, #9796, #2062 ),
 .UNSPECIFIED., .F., .F.,
 ( 4, 1, 1, 1, 1, 1, 1, 1, 4 ),
 ( 0.000000000000000000, 0.1373137595443560122, 0.2692218990625266373, 0.3962221264994129633, 0.5191402915749174785, 0.6401115657047966589, 0.7596244324201434361, 0.8789920927638731341, 1.000000000000000000 ),
 .UNSPECIFIED. ) ;
#4433 = FACE_OUTER_BOUND ( 'NONE', #6431, .T. ) ;
#4434 = DIRECTION ( 'NONE',  ( 1.000000000000000000, -1.066210604224532462E-16, 0.000000000000000000 ) ) ;
#4435 = ADVANCED_FACE ( 'NONE', ( #7648 ), #6982, .F. ) ;
#4436 = EDGE_LOOP ( 'NONE', ( #6160, #1345, #5901, #3988, #5043, #6361, #4341 ) ) ;
#4437 = EDGE_LOOP ( 'NONE', ( #4165, #5774, #9431, #429 ) ) ;
#4438 = VECTOR ( 'NONE', #6995, 1000.000000000000000 ) ;
#4439 = DIRECTION ( 'NONE',  ( -1.000000000000000000, 1.334402673828313832E-16, 0.000000000000000000 ) ) ;
#4440 = CARTESIAN_POINT ( 'NONE',  ( 8.884994479999997807, 10.29810433846293805, 86.87342917613494819 ) ) ;
#4441 = ORIENTED_EDGE ( 'NONE', *, *, #7563, .F. ) ;
#4442 = DIRECTION ( 'NONE',  ( 1.308489475546339311E-16, 0.9805806756909204447, -0.1961161351381831008 ) ) ;
#4443 = DIRECTION ( 'NONE',  ( -0.2810846377148167319, 0.6785983445458290131, 0.6785983445458665386 ) ) ;
#4444 = CARTESIAN_POINT ( 'NONE',  ( 8.384994479999999584, 7.614106563086787460, 84.15432209090036508 ) ) ;
#4445 = EDGE_CURVE ( 'NONE', #8162, #4373, #6702, .T. ) ;
#4446 = B_SPLINE_SURFACE_WITH_KNOTS ( 'NONE', 3, 1, ( 
 ( #2918, #4613 ),
 ( #8297, #2967 ),
 ( #74, #2270 ),
 ( #5975, #5324 ),
 ( #3830, #9103 ),
 ( #8499, #2216 ),
 ( #3124, #5276 ),
 ( #8346, #6175 ),
 ( #6822, #7475 ),
 ( #774, #6874 ),
 ( #27, #3078 ),
 ( #9207, #2319 ),
 ( #5620, #8544 ),
 ( #7780, #8590 ),
 ( #209, #8690 ) ),
 .UNSPECIFIED., .F., .F., .F.,
 ( 4, 1, 1, 1, 1, 1, 1, 1, 1, 1, 1, 1, 4 ),
 ( 2, 2 ),
 ( 0.000000000000000000, 0.08125498388092922131, 0.1621348771815491197, 0.2448843566542024675, 0.3293967122285810234, 0.4136360502729108934, 0.4950439821813215069, 0.5748169009060805079, 0.6546489956852900027, 0.7353977662137034521, 0.8188389216383631375, 0.9066544095222852651, 1.000000000000000000 ),
 ( 0.000000000000000000, 1.000000000000000000 ),
 .UNSPECIFIED. ) ;
#4447 = CARTESIAN_POINT ( 'NONE',  ( 8.384994479999999584, 8.732722929470728701, 85.98514868023275426 ) ) ;
#4448 = CARTESIAN_POINT ( 'NONE',  ( -8.884994480000001360, 2.000000000000000888, 13.30000000000000604 ) ) ;
#4449 = EDGE_CURVE ( 'NONE', #8248, #1447, #2433, .T. ) ;
#4450 = ORIENTED_EDGE ( 'NONE', *, *, #2993, .F. ) ;
#4451 = VERTEX_POINT ( 'NONE', #9273 ) ;
#4452 = CARTESIAN_POINT ( 'NONE',  ( 8.884994479999997807, 7.532222677805888722, 69.05870232378316587 ) ) ;
#4453 = FACE_OUTER_BOUND ( 'NONE', #3102, .T. ) ;
#4454 = FACE_BOUND ( 'NONE', #6778, .T. ) ;
#4455 = DIRECTION ( 'NONE',  ( 1.000000000000000000, 0.000000000000000000, 0.000000000000000000 ) ) ;
#4456 =( BOUNDED_CURVE ( )  B_SPLINE_CURVE ( 3, ( #6948, #755, #5459, #6853 ),
 .UNSPECIFIED., .F., .T. ) 
 B_SPLINE_CURVE_WITH_KNOTS ( ( 4, 4 ),
 ( 3.141592653589789119, 4.712388980384689674 ),
 .UNSPECIFIED. ) 
 CURVE ( )  GEOMETRIC_REPRESENTATION_ITEM ( )  RATIONAL_B_SPLINE_CURVE ( ( 1.000000000000000000, 0.8047378541243640493, 0.8047378541243640493, 1.000000000000000000 ) ) 
 REPRESENTATION_ITEM ( '' )  );
#4457 = DIRECTION ( 'NONE',  ( 0.000000000000000000, -1.000000000000000000, 0.000000000000000000 ) ) ;
#4458 = EDGE_CURVE ( 'NONE', #2087, #9071, #3039, .T. ) ;
#4459 = VECTOR ( 'NONE', #1233, 1000.000000000000000 ) ;
#4460 = VECTOR ( 'NONE', #7778, 1000.000000000000000 ) ;
#4461 = VERTEX_POINT ( 'NONE', #8559 ) ;
#4462 = PLANE ( 'NONE',  #9916 ) ;
#4463 = DIRECTION ( 'NONE',  ( -4.737938971800998235E-17, -0.3550606623267744122, -0.9348432628350445972 ) ) ;
#4464 = CARTESIAN_POINT ( 'NONE',  ( -17.88499448000000314, 4.199999999999997513, 12.49999999999999822 ) ) ;
#4465 = CARTESIAN_POINT ( 'NONE',  ( -17.38499448000000669, 1.500000000000028200, -60.00000000000000000 ) ) ;
#4466 = ORIENTED_EDGE ( 'NONE', *, *, #4934, .T. ) ;
#4467 = CARTESIAN_POINT ( 'NONE',  ( 8.384994479999999584, 6.726947756812506896, 65.49979053073461444 ) ) ;
#4468 = VECTOR ( 'NONE', #9362, 1000.000000000000000 ) ;
#4469 = CARTESIAN_POINT ( 'NONE',  ( 8.384994480000001360, 7.437073673501448212, 72.40242112119739204 ) ) ;
#4470 = DIRECTION ( 'NONE',  ( 1.445602896647339656E-16, 3.352535444026387696E-34, 1.000000000000000000 ) ) ;
#4471 = CARTESIAN_POINT ( 'NONE',  ( 8.884994479999997807, 9.352003843768152080, 66.26764953162282268 ) ) ;
#4472 = VECTOR ( 'NONE', #1359, 1000.000000000000000 ) ;
#4473 = CARTESIAN_POINT ( 'NONE',  ( 8.384994479999997807, 6.702458179608773214, 71.96575919420291712 ) ) ;
#4474 = ORIENTED_EDGE ( 'NONE', *, *, #8831, .F. ) ;
#4475 = LINE ( 'NONE', #3080, #3518 ) ;
#4476 = ORIENTED_EDGE ( 'NONE', *, *, #8343, .T. ) ;
#4477 = CARTESIAN_POINT ( 'NONE',  ( 8.884994479999997807, 7.766314224606289507, 84.19830300746819773 ) ) ;
#4478 = LINE ( 'NONE', #482, #3412 ) ;
#4479 = CARTESIAN_POINT ( 'NONE',  ( 8.384994479999996031, 8.869832124842560006, 64.80111703608940843 ) ) ;
#4480 = ORIENTED_EDGE ( 'NONE', *, *, #1579, .T. ) ;
#4481 = FACE_OUTER_BOUND ( 'NONE', #5986, .T. ) ;
#4482 = FACE_OUTER_BOUND ( 'NONE', #8048, .T. ) ;
#4483 = CARTESIAN_POINT ( 'NONE',  ( 8.884994479999997807, 9.065350789409185595, 65.51613281674309519 ) ) ;
#4484 = VERTEX_POINT ( 'NONE', #7596 ) ;
#4485 = CARTESIAN_POINT ( 'NONE',  ( 8.384994479999999584, 7.857689940872505829, 71.11443479082775809 ) ) ;
#4486 = DIRECTION ( 'NONE',  ( 1.000000000000000000, -1.066210604224532462E-16, 0.000000000000000000 ) ) ;
#4487 = EDGE_LOOP ( 'NONE', ( #46, #8911, #7531, #2293, #6600, #2721 ) ) ;
#4488 = CARTESIAN_POINT ( 'NONE',  ( -17.88499447999999248, 0.5000000000000280886, 138.0000000000000000 ) ) ;
#4489 = LINE ( 'NONE', #5841, #5454 ) ;
#4490 = CARTESIAN_POINT ( 'NONE',  ( 8.884994479999997807, 7.519276131692953946, 71.33734945270018102 ) ) ;
#4491 = CARTESIAN_POINT ( 'NONE',  ( 8.884994479999997807, 9.506415633392220954, 86.14536457271553616 ) ) ;
#4492 = LINE ( 'NONE', #9229, #2960 ) ;
#4493 = VERTEX_POINT ( 'NONE', #6937 ) ;
#4494 = VERTEX_POINT ( 'NONE', #87 ) ;
#4495 = ORIENTED_EDGE ( 'NONE', *, *, #4934, .F. ) ;
#4496 = CARTESIAN_POINT ( 'NONE',  ( 8.884994479999997807, 8.131497037614915158, 67.89544740660578270 ) ) ;
#4497 = DIRECTION ( 'NONE',  ( 0.7071067811865279218, 3.256836054902020029E-18, 0.7071067811865672237 ) ) ;
#4498 = DIRECTION ( 'NONE',  ( 1.156482317317871478E-16, -1.233053710322475218E-32, -1.000000000000000000 ) ) ;
#4499 = EDGE_CURVE ( 'NONE', #5609, #6448, #8514, .T. ) ;
#4500 = EDGE_CURVE ( 'NONE', #4916, #8516, #6092, .T. ) ;
#4501 = DIRECTION ( 'NONE',  ( 0.7071067811865477948, 0.7071067811865473507, 1.837086636568284523E-16 ) ) ;
#4502 = LINE ( 'NONE', #7561, #3408 ) ;
#4503 = EDGE_CURVE ( 'NONE', #6936, #3911, #2382, .T. ) ;
#4504 = ORIENTED_EDGE ( 'NONE', *, *, #2795, .F. ) ;
#4505 = CARTESIAN_POINT ( 'NONE',  ( -7.384994479999980044, 0.5000000000000837108, 73.49999999999998579 ) ) ;
#4506 = ORIENTED_EDGE ( 'NONE', *, *, #1072, .F. ) ;
#4507 = DIRECTION ( 'NONE',  ( 0.000000000000000000, -0.9343781361812787400, 0.3562828912906144674 ) ) ;
#4508 = CARTESIAN_POINT ( 'NONE',  ( 6.092101261186534167, 20.49999999999996803, -60.00000000000000000 ) ) ;
#4509 = CARTESIAN_POINT ( 'NONE',  ( 8.884994479999999584, 9.213008097101777594, 72.70532145803036883 ) ) ;
#4510 = EDGE_CURVE ( 'NONE', #2264, #127, #3750, .T. ) ;
#4511 = ORIENTED_EDGE ( 'NONE', *, *, #5308, .T. ) ;
#4512 = ADVANCED_FACE ( 'NONE', ( #2985 ), #2282, .T. ) ;
#4513 = EDGE_CURVE ( 'NONE', #7208, #8691, #4772, .T. ) ;
#4514 = DIRECTION ( 'NONE',  ( 0.7071067811865469066, 0.7071067811865482389, 0.000000000000000000 ) ) ;
#4515 = CARTESIAN_POINT ( 'NONE',  ( 8.384994479999994255, 7.325972630318130285, 72.15202534369261400 ) ) ;
#4516 = ADVANCED_FACE ( 'NONE', ( #4080 ), #7182, .F. ) ;
#4517 = B_SPLINE_CURVE_WITH_KNOTS ( 'NONE', 3,
 ( #9051, #9803, #2916, #9003, #1474, #8393, #3734, #8442, #9205, #3828, #25, #1420, #6125, #7579, #2116, #4519, #5974, #3076, #9850 ),
 .UNSPECIFIED., .F., .F.,
 ( 4, 1, 1, 1, 1, 1, 1, 1, 1, 1, 1, 1, 1, 1, 1, 1, 4 ),
 ( 0.000000000000000000, 0.07041504195315498316, 0.1378948029511679330, 0.2029029158899406660, 0.2651675718519714842, 0.3256747361138946917, 0.3845661001280254454, 0.4427637076845892250, 0.5002944981943513447, 0.5579013519417781453, 0.6159100039551808070, 0.6751334132520532272, 0.7355198412831430721, 0.7982515902523119600, 0.8628542859844969826, 0.9297835140589847391, 1.000000000000000000 ),
 .UNSPECIFIED. ) ;
#4518 = CARTESIAN_POINT ( 'NONE',  ( -7.384994479999944517, 3.478689187537348796E-18, 32.99999999999990763 ) ) ;
#4519 = CARTESIAN_POINT ( 'NONE',  ( 8.884994479999999584, 6.718361105531589494, 72.24094555572590082 ) ) ;
#4520 = CARTESIAN_POINT ( 'NONE',  ( 8.884994479999999584, 6.854134739774626617, 72.72052724408123936 ) ) ;
#4521 = ORIENTED_EDGE ( 'NONE', *, *, #4205, .T. ) ;
#4522 = EDGE_CURVE ( 'NONE', #8202, #1024, #1101, .T. ) ;
#4523 = LINE ( 'NONE', #5427, #3839 ) ;
#4524 = ORIENTED_EDGE ( 'NONE', *, *, #2546, .F. ) ;
#4525 = DIRECTION ( 'NONE',  ( -0.000000000000000000, -0.000000000000000000, 1.000000000000000000 ) ) ;
#4526 = CARTESIAN_POINT ( 'NONE',  ( 6.238547870593265543, 22.00000000000000000, 8.353553390593278394 ) ) ;
#4527 = VECTOR ( 'NONE', #3358, 1000.000000000000000 ) ;
#4528 = AXIS2_PLACEMENT_3D ( 'NONE', #5879, #3740, #8962 ) ;
#4529 = CARTESIAN_POINT ( 'NONE',  ( 8.884994479999999584, 7.820466806809458049, 66.40532131827181672 ) ) ;
#4530 = ORIENTED_EDGE ( 'NONE', *, *, #9804, .F. ) ;
#4531 = ORIENTED_EDGE ( 'NONE', *, *, #888, .T. ) ;
#4532 = DIRECTION ( 'NONE',  ( 0.000000000000000000, 0.000000000000000000, -1.000000000000000000 ) ) ;
#4533 = CARTESIAN_POINT ( 'NONE',  ( -9.384994480000001360, 0.4999999999999998890, -60.00000000000000000 ) ) ;
#4534 = CARTESIAN_POINT ( 'NONE',  ( 8.884994479999996031, 10.28372311980897003, 65.30964029066340970 ) ) ;
#4535 = ORIENTED_EDGE ( 'NONE', *, *, #2180, .F. ) ;
#4536 = DIRECTION ( 'NONE',  ( 0.000000000000000000, 0.9450705229559648313, 0.3268664966614641121 ) ) ;
#4537 = DIRECTION ( 'NONE',  ( -1.445602896647339656E-16, 1.541317137903094433E-32, -1.000000000000000000 ) ) ;
#4538 = ORIENTED_EDGE ( 'NONE', *, *, #3775, .F. ) ;
#4539 = CARTESIAN_POINT ( 'NONE',  ( 2.384994479999970718, 19.00000000000000000, -8.500000000000007105 ) ) ;
#4540 = CARTESIAN_POINT ( 'NONE',  ( -17.63499447999999958, 1.750000000000015543, -45.49999999999998579 ) ) ;
#4541 = CARTESIAN_POINT ( 'NONE',  ( 8.384994479999997807, 7.566805007060066757, 84.13992957557725560 ) ) ;
#4542 = AXIS2_PLACEMENT_3D ( 'NONE', #1913, #6430, #4966 ) ;
#4543 = CARTESIAN_POINT ( 'NONE',  ( -2.884994480000013795, 0.5000000000000558442, 73.49999999999998579 ) ) ;
#4544 = CARTESIAN_POINT ( 'NONE',  ( 8.884994479999999584, 9.950928567515882506, 73.05050340799186870 ) ) ;
#4545 = ORIENTED_EDGE ( 'NONE', *, *, #9241, .F. ) ;
#4546 = ORIENTED_EDGE ( 'NONE', *, *, #7440, .F. ) ;
#4547 = LINE ( 'NONE', #9730, #2840 ) ;
#4548 = CARTESIAN_POINT ( 'NONE',  ( 8.884994479999996031, 8.263086510720567546, 65.05374788032251843 ) ) ;
#4549 = CARTESIAN_POINT ( 'NONE',  ( 9.884994479999999584, 19.00000000000000000, -8.500000000000001776 ) ) ;
#4550 = LINE ( 'NONE', #8277, #8002 ) ;
#4551 = CARTESIAN_POINT ( 'NONE',  ( 8.884994479999997807, 10.29810433846293805, 76.26728140187063332 ) ) ;
#4552 = ORIENTED_EDGE ( 'NONE', *, *, #4449, .F. ) ;
#4553 = CARTESIAN_POINT ( 'NONE',  ( 10.38499447999999603, 1.500000000000000000, -59.50000000000000000 ) ) ;
#4554 = ORIENTED_EDGE ( 'NONE', *, *, #6171, .T. ) ;
#4555 = EDGE_CURVE ( 'NONE', #5573, #6195, #980, .T. ) ;
#4556 = DIRECTION ( 'NONE',  ( -0.000000000000000000, 0.7071067811865475727, 0.7071067811865475727 ) ) ;
#4557 = DIRECTION ( 'NONE',  ( 0.000000000000000000, 0.000000000000000000, 1.000000000000000000 ) ) ;
#4558 = CARTESIAN_POINT ( 'NONE',  ( 8.384994479999999584, 9.667950144057407158, 73.26482501678439974 ) ) ;
#4559 = VECTOR ( 'NONE', #1718, 1000.000000000000000 ) ;
#4560 = CARTESIAN_POINT ( 'NONE',  ( 8.884994479999997807, 6.710679047589926505, 65.18624860153957457 ) ) ;
#4561 = CARTESIAN_POINT ( 'NONE',  ( 8.884994479999999584, 7.301732539417801426, 71.93766820858688504 ) ) ;
#4562 = ADVANCED_FACE ( 'NONE', ( #7038 ), #4034, .T. ) ;
#4563 = EDGE_CURVE ( 'NONE', #1509, #6737, #7131, .T. ) ;
#4564 = CARTESIAN_POINT ( 'NONE',  ( 8.884994479999994255, 10.33947720974294882, 71.81028766119517570 ) ) ;
#4565 = VECTOR ( 'NONE', #4182, 1000.000000000000000 ) ;
#4566 = CARTESIAN_POINT ( 'NONE',  ( 8.884994479999997807, 9.270319578247473657, 66.26488542204211285 ) ) ;
#4567 = ADVANCED_FACE ( 'NONE', ( #276 ), #181, .F. ) ;
#4568 = CARTESIAN_POINT ( 'NONE',  ( -7.884994480000007577, 22.00100000000000122, 86.00000000000001421 ) ) ;
#4569 = CARTESIAN_POINT ( 'NONE',  ( 8.384994479999999584, 6.854134739774626617, 72.72052724408123936 ) ) ;
#4570 = EDGE_LOOP ( 'NONE', ( #3054, #6258, #5360, #6345 ) ) ;
#4571 = CARTESIAN_POINT ( 'NONE',  ( 8.384994479999996031, 7.622915094144156356, 66.40301170133783160 ) ) ;
#4572 = ORIENTED_EDGE ( 'NONE', *, *, #1395, .F. ) ;
#4573 = FACE_OUTER_BOUND ( 'NONE', #2271, .T. ) ;
#4574 = FACE_OUTER_BOUND ( 'NONE', #4667, .T. ) ;
#4575 = EDGE_LOOP ( 'NONE', ( #6017, #1721, #3644, #5812 ) ) ;
#4576 = ADVANCED_FACE ( 'NONE', ( #3232 ), #6335, .T. ) ;
#4577 = ORIENTED_EDGE ( 'NONE', *, *, #9669, .T. ) ;
#4578 = VECTOR ( 'NONE', #4230, 1000.000000000000000 ) ;
#4579 = CARTESIAN_POINT ( 'NONE',  ( 8.384994479999997807, 6.702458179608773214, 70.09518766484710284 ) ) ;
#4580 = CARTESIAN_POINT ( 'NONE',  ( -2.384994479999993366, 2.000000000000000000, -30.49999999999997158 ) ) ;
#4581 = EDGE_CURVE ( 'NONE', #777, #1774, #8802, .T. ) ;
#4582 = CARTESIAN_POINT ( 'NONE',  ( 8.384994479999997807, 9.007064742638609900, 65.46664908405571737 ) ) ;
#4583 = ORIENTED_EDGE ( 'NONE', *, *, #2248, .T. ) ;
#4584 = PLANE ( 'NONE',  #7983 ) ;
#4585 = CARTESIAN_POINT ( 'NONE',  ( 8.884994479999996031, 8.903994243103134920, 70.35169380265170958 ) ) ;
#4586 = ORIENTED_EDGE ( 'NONE', *, *, #899, .T. ) ;
#4587 = LINE ( 'NONE', #2436, #7137 ) ;
#4588 = DIRECTION ( 'NONE',  ( 0.000000000000000000, 1.000000000000000000, 0.000000000000000000 ) ) ;
#4589 = AXIS2_PLACEMENT_3D ( 'NONE', #1941, #5748, #4944 ) ;
#4590 = CARTESIAN_POINT ( 'NONE',  ( 8.384994479999999584, 7.302458885604085737, 71.90424426515849632 ) ) ;
#4591 = CARTESIAN_POINT ( 'NONE',  ( 8.884994479999997807, 9.844617614677597217, 86.58672987363165419 ) ) ;
#4592 = CARTESIAN_POINT ( 'NONE',  ( 8.884994479999996031, 9.742920699772652071, 71.84259586190782443 ) ) ;
#4593 = VECTOR ( 'NONE', #5780, 1000.000000000000000 ) ;
#4594 = ORIENTED_EDGE ( 'NONE', *, *, #6409, .T. ) ;
#4595 = CARTESIAN_POINT ( 'NONE',  ( -9.384994480000001360, 0.4999999999999998890, -60.00000000000000000 ) ) ;
#4596 = CARTESIAN_POINT ( 'NONE',  ( 8.384994479999996031, 7.926238057146433924, 65.69717079454062514 ) ) ;
#4597 = FACE_BOUND ( 'NONE', #609, .T. ) ;
#4598 = DIRECTION ( 'NONE',  ( 0.000000000000000000, 0.000000000000000000, 1.000000000000000000 ) ) ;
#4599 = DIRECTION ( 'NONE',  ( 0.000000000000000000, 0.000000000000000000, -1.000000000000000000 ) ) ;
#4600 = VECTOR ( 'NONE', #3613, 1000.000000000000000 ) ;
#4601 = EDGE_LOOP ( 'NONE', ( #9147, #8944, #1598, #9672, #1891, #3440, #2320, #3591, #4184, #8716, #2064, #9632, #8082, #6532, #5781, #7147, #4053, #4994, #4594, #2764, #6481, #86, #6642, #7736 ) ) ;
#4602 = CARTESIAN_POINT ( 'NONE',  ( 8.884994479999999584, 9.683267654055732976, 72.27992406307343742 ) ) ;
#4603 = ORIENTED_EDGE ( 'NONE', *, *, #4335, .F. ) ;
#4604 = CARTESIAN_POINT ( 'NONE',  ( 17.28144108940674428, 9.103553390593285499, -60.00000000000000000 ) ) ;
#4605 = DIRECTION ( 'NONE',  ( 0.000000000000000000, 0.000000000000000000, 1.000000000000000000 ) ) ;
#4606 = CARTESIAN_POINT ( 'NONE',  ( 8.384994479999999584, 9.487580902570568853, 73.34711127647101137 ) ) ;
#4607 = CARTESIAN_POINT ( 'NONE',  ( 8.384994479999999584, 6.710679047589926505, 65.18624860153957457 ) ) ;
#4608 = DIRECTION ( 'NONE',  ( 1.000000000000000000, 0.000000000000000000, 0.000000000000000000 ) ) ;
#4609 = VECTOR ( 'NONE', #4486, 1000.000000000000000 ) ;
#4610 = DIRECTION ( 'NONE',  ( 1.639869809431925072E-18, -0.7071067811865474617, -0.7071067811865475727 ) ) ;
#4611 = CARTESIAN_POINT ( 'NONE',  ( 8.884994479999997807, 8.742977465055947306, 65.98562715184019112 ) ) ;
#4612 = DIRECTION ( 'NONE',  ( -1.000000000000000000, 1.334402673828313832E-16, -0.000000000000000000 ) ) ;
#4613 = CARTESIAN_POINT ( 'NONE',  ( 8.384994479999997807, 7.744705774132406795, 66.40734545063772032 ) ) ;
#4614 = VECTOR ( 'NONE', #4536, 1000.000000000000227 ) ;
#4615 = ORIENTED_EDGE ( 'NONE', *, *, #5914, .F. ) ;
#4616 = CIRCLE ( 'NONE', #6858, 0.1999999999999996503 ) ;
#4617 = FACE_OUTER_BOUND ( 'NONE', #1486, .T. ) ;
#4618 = ORIENTED_EDGE ( 'NONE', *, *, #342, .T. ) ;
#4619 = EDGE_CURVE ( 'NONE', #366, #9703, #5673, .T. ) ;
#4620 = DIRECTION ( 'NONE',  ( 1.334402673828313832E-16, 1.000000000000000000, 0.000000000000000000 ) ) ;
#4621 = EDGE_CURVE ( 'NONE', #6747, #8041, #6867, .T. ) ;
#4622 = CARTESIAN_POINT ( 'NONE',  ( 8.384994479999997807, 9.330045757232971582, 84.73131145249065810 ) ) ;
#4623 = ORIENTED_EDGE ( 'NONE', *, *, #2865, .T. ) ;
#4624 = ADVANCED_FACE ( 'NONE', ( #7795 ), #1266, .T. ) ;
#4625 = VECTOR ( 'NONE', #7277, 1000.000000000000000 ) ;
#4626 = VECTOR ( 'NONE', #3665, 1000.000000000000000 ) ;
#4627 = ORIENTED_EDGE ( 'NONE', *, *, #3395, .F. ) ;
#4628 = CARTESIAN_POINT ( 'NONE',  ( 8.884994479999997807, 8.039300982259680595, 72.76887327014891582 ) ) ;
#4629 = CARTESIAN_POINT ( 'NONE',  ( -17.88499447999999958, 5.699999999999998401, -8.500000000000001776 ) ) ;
#4630 = CARTESIAN_POINT ( 'NONE',  ( 4.738547870593263767, 19.00000000000000000, 6.853553390593266847 ) ) ;
#4631 = ORIENTED_EDGE ( 'NONE', *, *, #8869, .F. ) ;
#4632 = CARTESIAN_POINT ( 'NONE',  ( -2.884994479999994699, 0.5000000000000003331, -30.00000000000000000 ) ) ;
#4633 = CARTESIAN_POINT ( 'NONE',  ( 8.884994479999999584, 8.702248215860459268, 70.32948519175964464 ) ) ;
#4634 = VERTEX_POINT ( 'NONE', #8959 ) ;
#4635 = AXIS2_PLACEMENT_3D ( 'NONE', #9183, #8621, #8531 ) ;
#4636 = VECTOR ( 'NONE', #8416, 1000.000000000000000 ) ;
#4637 = CARTESIAN_POINT ( 'NONE',  ( 8.384994479999997807, 8.231671856119762154, 65.34658531332394205 ) ) ;
#4638 = EDGE_CURVE ( 'NONE', #5146, #2799, #6731, .T. ) ;
#4639 = DIRECTION ( 'NONE',  ( -3.922843880222469890E-14, -0.7071067811865279218, 0.7071067811865671127 ) ) ;
#4640 = LINE ( 'NONE', #4732, #2998 ) ;
#4641 = EDGE_CURVE ( 'NONE', #8140, #2221, #1261, .T. ) ;
#4642 = ORIENTED_EDGE ( 'NONE', *, *, #9864, .F. ) ;
#4643 = CIRCLE ( 'NONE', #1122, 0.5000000000000065503 ) ;
#4644 = CARTESIAN_POINT ( 'NONE',  ( 8.884994479999997807, 7.988881264487286415, 84.26745004898462810 ) ) ;
#4645 = CARTESIAN_POINT ( 'NONE',  ( 8.884994479999996031, 9.647341320396467523, 65.35967126036877062 ) ) ;
#4646 = VERTEX_POINT ( 'NONE', #8147 ) ;
#4647 = B_SPLINE_CURVE_WITH_KNOTS ( 'NONE', 3,
 ( #4286, #1927, #483, #428 ),
 .UNSPECIFIED., .F., .F.,
 ( 4, 4 ),
 ( 0.000000000000000000, 0.0004897625098106777545 ),
 .UNSPECIFIED. ) ;
#4648 = ORIENTED_EDGE ( 'NONE', *, *, #5554, .F. ) ;
#4649 = PLANE ( 'NONE',  #5565 ) ;
#4650 = FACE_OUTER_BOUND ( 'NONE', #4873, .T. ) ;
#4651 = CARTESIAN_POINT ( 'NONE',  ( 8.384994479999996031, 10.25995259538091098, 65.51727185793791364 ) ) ;
#4652 = EDGE_CURVE ( 'NONE', #1153, #6201, #6632, .T. ) ;
#4653 = DIRECTION ( 'NONE',  ( -0.000000000000000000, 1.000000000000000000, -0.000000000000000000 ) ) ;
#4654 = DIRECTION ( 'NONE',  ( -0.7071067811865493491, -0.000000000000000000, 0.7071067811865456854 ) ) ;
#4655 = ORIENTED_EDGE ( 'NONE', *, *, #2437, .T. ) ;
#4656 = ORIENTED_EDGE ( 'NONE', *, *, #407, .T. ) ;
#4657 = CARTESIAN_POINT ( 'NONE',  ( 8.384994479999994255, 9.705395736182749644, 72.21762478274170860 ) ) ;
#4658 = VERTEX_POINT ( 'NONE', #5929 ) ;
#4659 = DIRECTION ( 'NONE',  ( 0.7071067811865479058, -0.7071067811865472397, 0.000000000000000000 ) ) ;
#4660 = CARTESIAN_POINT ( 'NONE',  ( 8.384994479999996031, 7.862435174143115546, 72.71525548045205767 ) ) ;
#4661 = CARTESIAN_POINT ( 'NONE',  ( 5.384994479999996919, 20.49999999999999645, -59.50000000000000000 ) ) ;
#4662 = CARTESIAN_POINT ( 'NONE',  ( 8.884994479999997807, 10.04499562844967997, 72.94698577921512594 ) ) ;
#4663 = LINE ( 'NONE', #9845, #3592 ) ;
#4664 = CARTESIAN_POINT ( 'NONE',  ( -2.884994479999993811, 1.500000000000029088, -44.50000000000000000 ) ) ;
#4665 = PLANE ( 'NONE',  #9496 ) ;
#4666 = LINE ( 'NONE', #1715, #9601 ) ;
#4667 = EDGE_LOOP ( 'NONE', ( #9340, #434, #5754, #3294 ) ) ;
#4668 = LINE ( 'NONE', #3737, #6396 ) ;
#4669 = CARTESIAN_POINT ( 'NONE',  ( 8.384994479999997807, 9.686585190052042549, 65.19367081568793765 ) ) ;
#4670 = LINE ( 'NONE', #873, #6661 ) ;
#4671 = CARTESIAN_POINT ( 'NONE',  ( 8.384994479999997807, 6.702458179608773214, 77.26343096871664784 ) ) ;
#4672 = ORIENTED_EDGE ( 'NONE', *, *, #6897, .F. ) ;
#4673 = ORIENTED_EDGE ( 'NONE', *, *, #8958, .F. ) ;
#4674 = LINE ( 'NONE', #9317, #4111 ) ;
#4675 = DIRECTION ( 'NONE',  ( 0.000000000000000000, 0.000000000000000000, -1.000000000000000000 ) ) ;
#4676 = CARTESIAN_POINT ( 'NONE',  ( 8.884994479999996031, 10.29638241828175005, 65.05900142855011836 ) ) ;
#4677 = VERTEX_POINT ( 'NONE', #2024 ) ;
#4678 = EDGE_CURVE ( 'NONE', #8797, #5428, #5826, .T. ) ;
#4679 = AXIS2_PLACEMENT_3D ( 'NONE', #8890, #9642, #5012 ) ;
#4680 = CARTESIAN_POINT ( 'NONE',  ( 7.488547870593291300, 19.10355339059329083, 138.0000000000000000 ) ) ;
#4681 = CARTESIAN_POINT ( 'NONE',  ( 8.384994480000001360, 9.094128112734543024, 70.38617134842061773 ) ) ;
#4682 = ORIENTED_EDGE ( 'NONE', *, *, #3964, .T. ) ;
#4683 = CARTESIAN_POINT ( 'NONE',  ( 8.384994479999997807, 8.269791120647768778, 64.71828490526250732 ) ) ;
#4684 = DIRECTION ( 'NONE',  ( 0.000000000000000000, 1.000000000000000000, 0.000000000000000000 ) ) ;
#4685 = CYLINDRICAL_SURFACE ( 'NONE', #3643, 1.000000000000000000 ) ;
#4686 = DIRECTION ( 'NONE',  ( -1.000000000000000000, 0.000000000000000000, 0.000000000000000000 ) ) ;
#4687 = VECTOR ( 'NONE', #1548, 1000.000000000000000 ) ;
#4688 = EDGE_CURVE ( 'NONE', #2587, #2236, #9007, .T. ) ;
#4689 = LINE ( 'NONE', #4543, #3527 ) ;
#4690 = EDGE_CURVE ( 'NONE', #2221, #903, #5557, .T. ) ;
#4691 = CARTESIAN_POINT ( 'NONE',  ( 7.384994479999996031, 1.999999999999999112, 126.5000000000000284 ) ) ;
#4692 = ORIENTED_EDGE ( 'NONE', *, *, #5120, .F. ) ;
#4693 = EDGE_CURVE ( 'NONE', #6740, #5978, #4973, .T. ) ;
#4694 = CARTESIAN_POINT ( 'NONE',  ( -17.38499448000000669, 2.000000000000001776, -59.50000000000000000 ) ) ;
#4695 = CARTESIAN_POINT ( 'NONE',  ( 8.384994479999996031, 10.05362529268345817, 65.96056923440856679 ) ) ;
#4696 = VERTEX_POINT ( 'NONE', #424 ) ;
#4697 = DIRECTION ( 'NONE',  ( 1.156482317317871478E-16, -1.233053710322475218E-32, -1.000000000000000000 ) ) ;
#4698 = VECTOR ( 'NONE', #9698, 1000.000000000000000 ) ;
#4699 = CARTESIAN_POINT ( 'NONE',  ( 8.884994479999997807, 7.324061271574146659, 65.33196489872078416 ) ) ;
#4700 = EDGE_CURVE ( 'NONE', #4243, #2832, #7187, .T. ) ;
#4701 = ORIENTED_EDGE ( 'NONE', *, *, #8085, .F. ) ;
#4702 = CARTESIAN_POINT ( 'NONE',  ( -8.884994480000001360, 2.000000000000000888, -60.00000000000000000 ) ) ;
#4703 = ORIENTED_EDGE ( 'NONE', *, *, #48, .T. ) ;
#4704 = ADVANCED_FACE ( 'NONE', ( #1477 ), #1425, .F. ) ;
#4705 = PLANE ( 'NONE',  #4755 ) ;
#4706 = CC_DESIGN_DATE_AND_TIME_ASSIGNMENT ( #4838, #9714, ( #2525 ) ) ;
#4707 = CARTESIAN_POINT ( 'NONE',  ( 8.384994479999997807, 9.352003843768152080, 66.26764953162282268 ) ) ;
#4708 = DIRECTION ( 'NONE',  ( 0.000000000000000000, -0.7132134666565539405, -0.7009468959769638019 ) ) ;
#4709 = LINE ( 'NONE', #159, #3280 ) ;
#4710 = DIRECTION ( 'NONE',  ( 0.000000000000000000, -0.7071067811865671127, 0.7071067811865279218 ) ) ;
#4711 = EDGE_CURVE ( 'NONE', #8653, #6899, #6081, .T. ) ;
#4712 = CARTESIAN_POINT ( 'NONE',  ( 8.884994480000003136, 9.696247765966765186, 64.96943475594083850 ) ) ;
#4713 = VECTOR ( 'NONE', #8893, 1000.000000000000000 ) ;
#4714 = CARTESIAN_POINT ( 'NONE',  ( -7.384994479999946293, 3.478689187537348026E-18, 22.00000000000004619 ) ) ;
#4715 = PLANE ( 'NONE',  #8796 ) ;
#4716 = ORIENTED_EDGE ( 'NONE', *, *, #6523, .F. ) ;
#4717 = DIRECTION ( 'NONE',  ( 1.000000000000000000, -1.136629890678758472E-12, 9.845865836144222653E-14 ) ) ;
#4718 = LINE ( 'NONE', #921, #9226 ) ;
#4719 = CARTESIAN_POINT ( 'NONE',  ( 7.384994479999996031, 19.99999999999999645, 137.4999999999999716 ) ) ;
#4720 = LINE ( 'NONE', #3028, #2133 ) ;
#4721 = ORIENTED_EDGE ( 'NONE', *, *, #5730, .T. ) ;
#4722 = ORIENTED_EDGE ( 'NONE', *, *, #5120, .T. ) ;
#4723 = CARTESIAN_POINT ( 'NONE',  ( 8.884994479999997807, 10.29810433846293805, 74.75108846028648202 ) ) ;
#4724 = CARTESIAN_POINT ( 'NONE',  ( 8.884994479999997807, 6.722009803214556101, 65.44125303448858233 ) ) ;
#4725 = EDGE_LOOP ( 'NONE', ( #8349, #6862, #1490, #2572 ) ) ;
#4726 = LINE ( 'NONE', #1726, #4468 ) ;
#4727 = ORIENTED_EDGE ( 'NONE', *, *, #525, .F. ) ;
#4728 = CARTESIAN_POINT ( 'NONE',  ( 7.384994479999996031, 3.000000000000000888, 8.500000000000007105 ) ) ;
#4729 = EDGE_LOOP ( 'NONE', ( #9018, #607, #8474, #9180 ) ) ;
#4730 = CARTESIAN_POINT ( 'NONE',  ( -3.384994479999965833, 2.000000000000000444, -45.50000000000000000 ) ) ;
#4731 = CARTESIAN_POINT ( 'NONE',  ( -17.38499447999999958, -1.511267899478140048E-16, -45.00000000000000000 ) ) ;
#4732 = CARTESIAN_POINT ( 'NONE',  ( -3.384994480000036887, -1.559081649536650599E-17, 126.0000000000000000 ) ) ;
#4733 = DIRECTION ( 'NONE',  ( -1.224646799147353454E-16, 1.000000000000000000, -0.000000000000000000 ) ) ;
#4734 = AXIS2_PLACEMENT_3D ( 'NONE', #1680, #9322, #8518 ) ;
#4735 = EDGE_CURVE ( 'NONE', #8696, #545, #4475, .T. ) ;
#4736 = DIRECTION ( 'NONE',  ( -0.7071067811865479058, 0.7071067811865472397, -0.000000000000000000 ) ) ;
#4737 = DIRECTION ( 'NONE',  ( 0.000000000000000000, 0.000000000000000000, -1.000000000000000000 ) ) ;
#4738 = EDGE_LOOP ( 'NONE', ( #4837, #7694, #8825, #1943 ) ) ;
#4739 = VECTOR ( 'NONE', #7224, 1000.000000000000000 ) ;
#4740 = CARTESIAN_POINT ( 'NONE',  ( -3.384994480000092398, 1.275519368763625687E-17, 32.99999999999990763 ) ) ;
#4741 = CARTESIAN_POINT ( 'NONE',  ( 8.384994479999996031, 10.28372311980897003, 65.30964029066340970 ) ) ;
#4742 = VERTEX_POINT ( 'NONE', #3881 ) ;
#4743 = CARTESIAN_POINT ( 'NONE',  ( -7.384994479999980044, 0.5000000000000835998, 73.49999999999998579 ) ) ;
#4744 = VECTOR ( 'NONE', #1330, 1000.000000000000000 ) ;
#4745 = CARTESIAN_POINT ( 'NONE',  ( -17.88499447999999958, 19.19999999999999929, -13.30000000000000249 ) ) ;
#4746 = EDGE_CURVE ( 'NONE', #4199, #824, #8398, .T. ) ;
#4747 = EDGE_CURVE ( 'NONE', #3598, #1737, #4523, .T. ) ;
#4748 = EDGE_CURVE ( 'NONE', #2478, #2120, #4668, .T. ) ;
#4749 = VECTOR ( 'NONE', #9587, 1000.000000000000000 ) ;
#4750 = CARTESIAN_POINT ( 'NONE',  ( 8.884994479999996031, 9.448129211150888551, 72.58635315038070246 ) ) ;
#4751 = ORIENTED_EDGE ( 'NONE', *, *, #8391, .T. ) ;
#4752 = FACE_OUTER_BOUND ( 'NONE', #189, .T. ) ;
#4753 = CARTESIAN_POINT ( 'NONE',  ( 8.384994479999997807, 8.039300982259680595, 72.76887327014891582 ) ) ;
#4754 = CARTESIAN_POINT ( 'NONE',  ( 4.738547870593263767, 22.00000000000000000, 6.853553390593266847 ) ) ;
#4755 = AXIS2_PLACEMENT_3D ( 'NONE', #2354, #8489, #6264 ) ;
#4756 = CARTESIAN_POINT ( 'NONE',  ( 8.884994479999969386, 2.999999999999999112, -60.00000000000000000 ) ) ;
#4757 = EDGE_CURVE ( 'NONE', #545, #6195, #9160, .T. ) ;
#4758 = PLANE ( 'NONE',  #5508 ) ;
#4759 = EDGE_CURVE ( 'NONE', #8620, #6909, #8061, .T. ) ;
#4760 = CARTESIAN_POINT ( 'NONE',  ( 8.384994480000003136, 9.699059473956483046, 64.66474550224704387 ) ) ;
#4761 = DIRECTION ( 'NONE',  ( -1.000000000000000000, 0.000000000000000000, -0.000000000000000000 ) ) ;
#4762 = DIRECTION ( 'NONE',  ( -0.2810846377148231712, -0.6785983445458464436, 0.6785983445458464436 ) ) ;
#4763 = ORIENTED_EDGE ( 'NONE', *, *, #719, .T. ) ;
#4764 = CARTESIAN_POINT ( 'NONE',  ( 8.884994479999999584, 10.27855796706030311, 65.37960462547604834 ) ) ;
#4765 = CARTESIAN_POINT ( 'NONE',  ( -16.38499448000000314, 5.699999999999998401, 8.499999999999992895 ) ) ;
#4766 = CARTESIAN_POINT ( 'NONE',  ( 8.884994479999997807, 7.382985688984488704, 66.34500201122945384 ) ) ;
#4767 = EDGE_CURVE ( 'NONE', #4043, #2280, #3992, .T. ) ;
#4768 = CARTESIAN_POINT ( 'NONE',  ( 8.884994479999997807, 9.972437573882681150, 70.90092997704086031 ) ) ;
#4769 = B_SPLINE_CURVE_WITH_KNOTS ( 'NONE', 3,
 ( #7387, #528, #3594, #3438, #6490, #9563, #9768, #2680, #2829, #6541, #9614, #2727, #1978, #5031, #6637, #9710, #7592, #8457, #4628 ),
 .UNSPECIFIED., .F., .F.,
 ( 4, 1, 1, 1, 1, 1, 1, 1, 1, 1, 1, 1, 1, 1, 1, 1, 4 ),
 ( 0.000000000000000000, 0.06126111103095752131, 0.1204608798674973724, 0.1787406227206234932, 0.2357241107740792874, 0.2917921544355402408, 0.3484056260215608325, 0.4049785290093272372, 0.4622711074623399030, 0.5207595708992975858, 0.5805293807501541448, 0.6425782181377505120, 0.7074054357165958651, 0.7749203007763203477, 0.8463302752413637275, 0.9211343755677541267, 1.000000000000000000 ),
 .UNSPECIFIED. ) ;
#4770 = ORIENTED_EDGE ( 'NONE', *, *, #5111, .T. ) ;
#4771 = ORIENTED_EDGE ( 'NONE', *, *, #1065, .T. ) ;
#4772 = CIRCLE ( 'NONE', #5424, 1.500000000000001332 ) ;
#4773 = LINE ( 'NONE', #7033, #8116 ) ;
#4774 = VECTOR ( 'NONE', #6934, 1000.000000000000227 ) ;
#4775 = CARTESIAN_POINT ( 'NONE',  ( 8.884994479999997807, 6.707919481974762732, 65.06931205611229529 ) ) ;
#4776 = CARTESIAN_POINT ( 'NONE',  ( 8.384994479999997807, 9.289709983015054462, 65.57758095244059859 ) ) ;
#4777 = ORIENTED_EDGE ( 'NONE', *, *, #2353, .F. ) ;
#4778 = CARTESIAN_POINT ( 'NONE',  ( 8.884994479999997807, 6.767286849552510475, 71.46419084251753873 ) ) ;
#4779 = ORIENTED_EDGE ( 'NONE', *, *, #5178, .T. ) ;
#4780 = PLANE ( 'NONE',  #2651 ) ;
#4781 = DIRECTION ( 'NONE',  ( -1.000000000000000000, 1.334402673828313832E-16, -0.000000000000000000 ) ) ;
#4782 = DIRECTION ( 'NONE',  ( 0.000000000000000000, 0.000000000000000000, -1.000000000000000000 ) ) ;
#4783 = VECTOR ( 'NONE', #8574, 1000.000000000000000 ) ;
#4784 = LINE ( 'NONE', #1032, #5870 ) ;
#4785 = LINE ( 'NONE', #5456, #7122 ) ;
#4786 = VECTOR ( 'NONE', #5461, 1000.000000000000000 ) ;
#4787 = ORIENTED_EDGE ( 'NONE', *, *, #4581, .F. ) ;
#4788 = AXIS2_PLACEMENT_3D ( 'NONE', #24, #6021, #1419 ) ;
#4789 = DIRECTION ( 'NONE',  ( 1.084202172485504804E-16, 1.000000000000000000, 0.000000000000000000 ) ) ;
#4790 = CARTESIAN_POINT ( 'NONE',  ( 6.684994479999995853, 19.19999999999999929, -12.50000000000000178 ) ) ;
#4791 = CARTESIAN_POINT ( 'NONE',  ( 6.592101261186559924, 22.00000000000000000, -8.500000000000008882 ) ) ;
#4792 = ORIENTED_EDGE ( 'NONE', *, *, #5970, .T. ) ;
#4793 = CARTESIAN_POINT ( 'NONE',  ( 6.584994479999995320, 3.800000000000000711, -8.500000000000001776 ) ) ;
#4794 = DIRECTION ( 'NONE',  ( 0.000000000000000000, 0.000000000000000000, -1.000000000000000000 ) ) ;
#4795 = PLANE ( 'NONE',  #8652 ) ;
#4796 = VERTEX_POINT ( 'NONE', #2369 ) ;
#4797 = DIRECTION ( 'NONE',  ( 0.000000000000000000, -0.000000000000000000, 1.000000000000000000 ) ) ;
#4798 = VERTEX_POINT ( 'NONE', #6876 ) ;
#4799 = EDGE_CURVE ( 'NONE', #2982, #6299, #29, .T. ) ;
#4800 = CARTESIAN_POINT ( 'NONE',  ( 8.884994479999997807, 8.869065480456796990, 64.10244406675683138 ) ) ;
#4801 = DIRECTION ( 'NONE',  ( 1.000000000000000000, -1.066210604224532462E-16, 0.000000000000000000 ) ) ;
#4802 = CARTESIAN_POINT ( 'NONE',  ( -17.38499447999996406, 2.000000000000002665, 126.0000000000000000 ) ) ;
#4803 = AXIS2_PLACEMENT_3D ( 'NONE', #9074, #8976, #2990 ) ;
#4804 = EDGE_CURVE ( 'NONE', #7934, #1347, #6777, .T. ) ;
#4805 = CARTESIAN_POINT ( 'NONE',  ( 8.884994479999996031, 10.32241599536248167, 72.29994977586741811 ) ) ;
#4806 = CARTESIAN_POINT ( 'NONE',  ( 10.38499447999999603, 21.50000000000000000, 137.4999999999999716 ) ) ;
#4807 = EDGE_CURVE ( 'NONE', #5882, #7208, #9853, .T. ) ;
#4808 = ADVANCED_FACE ( 'NONE', ( #4617 ), #8071, .T. ) ;
#4809 = CARTESIAN_POINT ( 'NONE',  ( 8.384994480000001360, 9.690128076633691023, 65.15411271785711733 ) ) ;
#4810 = ADVANCED_FACE ( 'NONE', ( #9636 ), #211, .F. ) ;
#4811 = CARTESIAN_POINT ( 'NONE',  ( 4.738547870593263767, 19.00000000000000000, 6.853553390593266847 ) ) ;
#4812 = DIRECTION ( 'NONE',  ( -1.000000000000000000, 1.334402673828313832E-16, -0.000000000000000000 ) ) ;
#4813 = VERTEX_POINT ( 'NONE', #6273 ) ;
#4814 = EDGE_CURVE ( 'NONE', #5650, #4798, #4066, .T. ) ;
#4815 = CARTESIAN_POINT ( 'NONE',  ( 8.384994479999999584, 10.27145206103789477, 65.44281196533957257 ) ) ;
#4816 = CARTESIAN_POINT ( 'NONE',  ( 8.384994479999997807, 10.27883695279478715, 71.47077832531630293 ) ) ;
#4817 = VECTOR ( 'NONE', #6845, 1000.000000000000000 ) ;
#4818 = CARTESIAN_POINT ( 'NONE',  ( 7.584994479999997985, 22.00000000000000000, -7.700000000000001954 ) ) ;
#4819 = CARTESIAN_POINT ( 'NONE',  ( 7.384994479999996031, 2.999999999999999112, -7.699999999999998401 ) ) ;
#4820 = ORIENTED_EDGE ( 'NONE', *, *, #1563, .F. ) ;
#4821 = EDGE_LOOP ( 'NONE', ( #892, #1373, #2592, #1861, #1704, #2690, #8001, #6974, #7965, #5164, #6288, #4476, #7605, #6390 ) ) ;
#4822 = CARTESIAN_POINT ( 'NONE',  ( 8.884994479999997807, 7.786482111715247179, 74.75108846028648202 ) ) ;
#4823 = ADVANCED_FACE ( 'NONE', ( #5522 ), #4255, .T. ) ;
#4824 = LINE ( 'NONE', #3984, #8258 ) ;
#4825 = CARTESIAN_POINT ( 'NONE',  ( 8.384994479999997807, 9.667950144057407158, 73.26482501678439974 ) ) ;
#4826 = EDGE_LOOP ( 'NONE', ( #2375, #7227, #392, #3037 ) ) ;
#4827 = DIRECTION ( 'NONE',  ( -1.442222014787749308E-15, 0.7071067811865684449, -0.7071067811865265895 ) ) ;
#4828 = ORIENTED_EDGE ( 'NONE', *, *, #4191, .T. ) ;
#4829 = CARTESIAN_POINT ( 'NONE',  ( 7.384994479999996031, 19.19999999999999929, -13.30000000000000604 ) ) ;
#4830 = DIRECTION ( 'NONE',  ( 0.7071067811865668906, 6.133173666733658269E-16, 0.7071067811865281438 ) ) ;
#4831 = DIRECTION ( 'NONE',  ( 0.7071067811865474617, 1.639869809431925265E-18, 0.7071067811865474617 ) ) ;
#4832 = EDGE_CURVE ( 'NONE', #2196, #2982, #6565, .T. ) ;
#4833 = DIRECTION ( 'NONE',  ( -1.000000000000000000, 1.334402673828313832E-16, -0.000000000000000000 ) ) ;
#4834 = VECTOR ( 'NONE', #1901, 1000.000000000000000 ) ;
#4835 = ORIENTED_EDGE ( 'NONE', *, *, #5555, .T. ) ;
#4836 = VECTOR ( 'NONE', #7280, 1000.000000000000000 ) ;
#4837 = ORIENTED_EDGE ( 'NONE', *, *, #5052, .T. ) ;
#4838 = DATE_AND_TIME ( #8668, #6047 ) ;
#4839 = CARTESIAN_POINT ( 'NONE',  ( 8.384994479999999584, 10.21539963877675383, 86.84242709439098462 ) ) ;
#4840 = CARTESIAN_POINT ( 'NONE',  ( 8.884994479999999584, 8.922064610690709330, 86.33227149043196391 ) ) ;
#4841 = ORIENTED_EDGE ( 'NONE', *, *, #2301, .F. ) ;
#4842 = CARTESIAN_POINT ( 'NONE',  ( -2.884994480000013795, 1.999999999999998224, 72.99999999999992895 ) ) ;
#4843 = FACE_OUTER_BOUND ( 'NONE', #1367, .T. ) ;
#4844 = VECTOR ( 'NONE', #1957, 999.9999999999998863 ) ;
#4845 = ORIENTED_EDGE ( 'NONE', *, *, #9013, .T. ) ;
#4846 = CARTESIAN_POINT ( 'NONE',  ( -8.884994480000006689, 2.000000000000001332, -12.83137084989848375 ) ) ;
#4847 = ORIENTED_EDGE ( 'NONE', *, *, #9255, .F. ) ;
#4848 = CARTESIAN_POINT ( 'NONE',  ( 8.384994479999997807, 9.150537720941896325, 66.23915767794687781 ) ) ;
#4849 = EDGE_LOOP ( 'NONE', ( #3216, #7666, #6064, #7882 ) ) ;
#4850 = DIRECTION ( 'NONE',  ( -0.7071067811865472397, -0.7071067811865479058, 0.000000000000000000 ) ) ;
#4851 = CARTESIAN_POINT ( 'NONE',  ( 8.884994479999999584, 7.853039625887466180, 65.71336991330264254 ) ) ;
#4852 = CYLINDRICAL_SURFACE ( 'NONE', #3840, 1.500000000000001332 ) ;
#4853 = AXIS2_PLACEMENT_3D ( 'NONE', #2910, #8948, #4323 ) ;
#4854 = CARTESIAN_POINT ( 'NONE',  ( 8.884994479999997807, 8.039300982259680595, 72.76887327014891582 ) ) ;
#4855 = CIRCLE ( 'NONE', #7099, 1.500000000000001332 ) ;
#4856 = EDGE_CURVE ( 'NONE', #1737, #82, #5591, .T. ) ;
#4857 = CARTESIAN_POINT ( 'NONE',  ( 8.884994479999997807, 8.131497037614915158, 68.83901641063201282 ) ) ;
#4858 = PLANE ( 'NONE',  #5960 ) ;
#4859 = CARTESIAN_POINT ( 'NONE',  ( -2.884994480000008910, 0.5000000000000558442, 34.00000000000004263 ) ) ;
#4860 = VERTEX_POINT ( 'NONE', #9306 ) ;
#4861 = FACE_OUTER_BOUND ( 'NONE', #3838, .T. ) ;
#4862 = CARTESIAN_POINT ( 'NONE',  ( 5.884994479999997807, 19.99999999999999645, -60.00000000000000000 ) ) ;
#4863 = DIRECTION ( 'NONE',  ( -1.000000000000000000, 0.000000000000000000, 0.000000000000000000 ) ) ;
#4864 = EDGE_CURVE ( 'NONE', #2019, #5918, #2418, .T. ) ;
#4865 = ORIENTED_EDGE ( 'NONE', *, *, #8374, .T. ) ;
#4866 = EDGE_CURVE ( 'NONE', #4742, #251, #7783, .T. ) ;
#4867 = ORIENTED_EDGE ( 'NONE', *, *, #7818, .F. ) ;
#4868 = EDGE_CURVE ( 'NONE', #8826, #6448, #1301, .T. ) ;
#4869 = AXIS2_PLACEMENT_3D ( 'NONE', #1707, #8539, #957 ) ;
#4870 = CARTESIAN_POINT ( 'NONE',  ( -7.384994479999980932, 2.000000000000000888, 74.00000000000007105 ) ) ;
#4871 = ORIENTED_EDGE ( 'NONE', *, *, #3912, .F. ) ;
#4872 = DIRECTION ( 'NONE',  ( 0.000000000000000000, -0.7071067811865279218, 0.7071067811865672237 ) ) ;
#4873 = EDGE_LOOP ( 'NONE', ( #5481, #5601, #5277, #1945 ) ) ;
#4874 = CARTESIAN_POINT ( 'NONE',  ( 8.884994479999997807, 9.319370343175988225, 73.40384155712773406 ) ) ;
#4875 = VERTEX_POINT ( 'NONE', #5303 ) ;
#4876 = CARTESIAN_POINT ( 'NONE',  ( 8.384994479999997807, 8.613365483182510829, 65.78214095026002894 ) ) ;
#4877 = CARTESIAN_POINT ( 'NONE',  ( 8.384994479999994255, 7.301732539417800538, 71.93766820858687083 ) ) ;
#4878 = VECTOR ( 'NONE', #3229, 1000.000000000000000 ) ;
#4879 = CARTESIAN_POINT ( 'NONE',  ( -7.384994479999980932, 2.000000000000000888, 74.00000000000007105 ) ) ;
#4880 = ADVANCED_FACE ( 'NONE', ( #8934 ), #6614, .T. ) ;
#4881 = EDGE_CURVE ( 'NONE', #3260, #6737, #2100, .T. ) ;
#4882 = LINE ( 'NONE', #5540, #272 ) ;
#4883 = CARTESIAN_POINT ( 'NONE',  ( 8.384994479999997807, 6.706042627809925882, 71.79241179585378063 ) ) ;
#4884 = ORIENTED_EDGE ( 'NONE', *, *, #7071, .T. ) ;
#4885 = ORIENTED_EDGE ( 'NONE', *, *, #3847, .T. ) ;
#4886 = APPROVAL_DATE_TIME ( #7951, #8146 ) ;
#4887 = DIRECTION ( 'NONE',  ( 0.7071067811865672237, 1.639869809431970332E-18, 0.7071067811865279218 ) ) ;
#4888 = CARTESIAN_POINT ( 'NONE',  ( -2.384994479999993366, 2.000000000000000000, -30.49999999999997158 ) ) ;
#4889 = VERTEX_POINT ( 'NONE', #8224 ) ;
#4890 = PLANE ( 'NONE',  #7678 ) ;
#4891 = VECTOR ( 'NONE', #3314, 1000.000000000000000 ) ;
#4892 = CARTESIAN_POINT ( 'NONE',  ( 8.384994479999997807, 7.373330994981643016, 65.48646216034609324 ) ) ;
#4893 = EDGE_CURVE ( 'NONE', #8797, #2228, #9733, .T. ) ;
#4894 = CARTESIAN_POINT ( 'NONE',  ( 8.884994479999997807, 9.262339279081469812, 86.73657565646701073 ) ) ;
#4895 = VECTOR ( 'NONE', #4049, 999.9999999999998863 ) ;
#4896 = ORIENTED_EDGE ( 'NONE', *, *, #1701, .T. ) ;
#4897 = CARTESIAN_POINT ( 'NONE',  ( 8.384994479999997807, 8.631971654606608979, 65.81833350976921793 ) ) ;
#4898 = ORIENTED_EDGE ( 'NONE', *, *, #8308, .T. ) ;
#4899 = VECTOR ( 'NONE', #4075, 1000.000000000000000 ) ;
#4900 = DIRECTION ( 'NONE',  ( -0.7071067811865671127, 0.7071067811865279218, 9.185433182840724966E-17 ) ) ;
#4901 = CARTESIAN_POINT ( 'NONE',  ( 8.884994479999997807, 8.231671856119762154, 65.34658531332394205 ) ) ;
#4902 = CARTESIAN_POINT ( 'NONE',  ( 7.384994479999996031, 18.99999999999999645, -60.00000000000000000 ) ) ;
#4903 = DIRECTION ( 'NONE',  ( -0.5773502691896257311, -0.5773502691896258421, 0.5773502691896257311 ) ) ;
#4904 = VECTOR ( 'NONE', #935, 1000.000000000000000 ) ;
#4905 = CARTESIAN_POINT ( 'NONE',  ( 8.384994479999997807, 7.745061124173444611, 65.71482149197447598 ) ) ;
#4906 = VECTOR ( 'NONE', #9507, 1000.000000000000000 ) ;
#4907 = CARTESIAN_POINT ( 'NONE',  ( 8.884994479999997807, 10.29810433846293805, 74.75108846028648202 ) ) ;
#4908 = FACE_OUTER_BOUND ( 'NONE', #5445, .T. ) ;
#4909 = LINE ( 'NONE', #9643, #8485 ) ;
#4910 = ORIENTED_EDGE ( 'NONE', *, *, #3395, .T. ) ;
#4911 = FACE_OUTER_BOUND ( 'NONE', #6549, .T. ) ;
#4912 = DIRECTION ( 'NONE',  ( -1.000000000000000000, 1.066210604224532462E-16, 0.000000000000000000 ) ) ;
#4913 = DIRECTION ( 'NONE',  ( -0.7071067811865282549, -3.256836054902021570E-18, 0.7071067811865668906 ) ) ;
#4914 = ORIENTED_EDGE ( 'NONE', *, *, #8203, .F. ) ;
#4915 = VECTOR ( 'NONE', #5951, 1000.000000000000000 ) ;
#4916 = VERTEX_POINT ( 'NONE', #3717 ) ;
#4917 = ORIENTED_EDGE ( 'NONE', *, *, #4563, .T. ) ;
#4918 = DIRECTION ( 'NONE',  ( 8.934198159537202021E-17, 2.071953235793131293E-34, 1.000000000000000000 ) ) ;
#4919 = DIRECTION ( 'NONE',  ( -0.5773502691896471584, -0.5773502691896151839, 0.5773502691896150729 ) ) ;
#4920 = ADVANCED_FACE ( 'NONE', ( #9034 ), #9887, .T. ) ;
#4921 = VERTEX_POINT ( 'NONE', #5906 ) ;
#4922 = EDGE_CURVE ( 'NONE', #3744, #4813, #2052, .T. ) ;
#4923 = CARTESIAN_POINT ( 'NONE',  ( -2.884994479999994699, 1.500000000000025535, -30.49999999999997158 ) ) ;
#4924 = ORIENTED_EDGE ( 'NONE', *, *, #5799, .F. ) ;
#4925 = CARTESIAN_POINT ( 'NONE',  ( 7.384994479999996031, 1.999999999999999112, -59.50000000000000000 ) ) ;
#4926 = CARTESIAN_POINT ( 'NONE',  ( -17.38499447999999958, 0.5000000000000004441, -45.00000000000000000 ) ) ;
#4927 = EDGE_CURVE ( 'NONE', #8093, #9046, #2950, .T. ) ;
#4928 = CARTESIAN_POINT ( 'NONE',  ( -8.384994480000059980, 2.000000000000001776, 21.49999999999999289 ) ) ;
#4929 = VECTOR ( 'NONE', #1337, 1000.000000000000114 ) ;
#4930 = VECTOR ( 'NONE', #2703, 1000.000000000000000 ) ;
#4931 = CARTESIAN_POINT ( 'NONE',  ( -2.384994479999930306, 1.507431981266144111E-17, 72.99999999999992895 ) ) ;
#4932 = DIRECTION ( 'NONE',  ( -1.000000000000000000, 1.084202172485504804E-16, 0.000000000000000000 ) ) ;
#4933 = ORIENTED_EDGE ( 'NONE', *, *, #3860, .F. ) ;
#4934 = EDGE_CURVE ( 'NONE', #8367, #6740, #7995, .T. ) ;
#4935 = ORIENTED_EDGE ( 'NONE', *, *, #7266, .T. ) ;
#4936 = ADVANCED_FACE ( 'NONE', ( #7611 ), #8177, .T. ) ;
#4937 =( LENGTH_UNIT ( ) NAMED_UNIT ( * ) SI_UNIT ( .MILLI., .METRE. ) );
#4938 = DIRECTION ( 'NONE',  ( 0.000000000000000000, -1.000000000000000000, 0.000000000000000000 ) ) ;
#4939 = DIRECTION ( 'NONE',  ( -1.334402673828313832E-16, -1.000000000000000000, 0.000000000000000000 ) ) ;
#4940 = ORIENTED_EDGE ( 'NONE', *, *, #2420, .F. ) ;
#4941 = VECTOR ( 'NONE', #9631, 1000.000000000000000 ) ;
#4942 = DIRECTION ( 'NONE',  ( -1.000000000000000000, 2.366669430764833455E-12, -7.778150251217325190E-12 ) ) ;
#4943 = EDGE_CURVE ( 'NONE', #3585, #30, #4405, .T. ) ;
#4944 = DIRECTION ( 'NONE',  ( -0.6000000000000043077, 0.000000000000000000, 0.7999999999999967137 ) ) ;
#4945 = VECTOR ( 'NONE', #6027, 1000.000000000000000 ) ;
#4946 = EDGE_LOOP ( 'NONE', ( #7908, #3009, #9516, #8922 ) ) ;
#4947 = CARTESIAN_POINT ( 'NONE',  ( 8.884994479999997807, 9.167319559432833387, 86.64297737148291390 ) ) ;
#4948 = VECTOR ( 'NONE', #4498, 1000.000000000000000 ) ;
#4949 = ORIENTED_EDGE ( 'NONE', *, *, #6295, .T. ) ;
#4950 = CARTESIAN_POINT ( 'NONE',  ( 8.884994479999997807, 10.29810433846293805, 77.21733294103901812 ) ) ;
#4951 = ORIENTED_EDGE ( 'NONE', *, *, #4406, .T. ) ;
#4952 = EDGE_CURVE ( 'NONE', #4634, #6623, #3764, .T. ) ;
#4953 = CARTESIAN_POINT ( 'NONE',  ( 8.884994479999999584, 8.166911527174056218, 66.31669202837817068 ) ) ;
#4954 = DIRECTION ( 'NONE',  ( 0.000000000000000000, -1.000000000000000000, 0.000000000000000000 ) ) ;
#4955 = CARTESIAN_POINT ( 'NONE',  ( 8.384994479999996031, 8.869065480456796990, 64.10244406675683138 ) ) ;
#4956 = VECTOR ( 'NONE', #2841, 1000.000000000000000 ) ;
#4957 = DIRECTION ( 'NONE',  ( 0.000000000000000000, 0.000000000000000000, -1.000000000000000000 ) ) ;
#4958 = VECTOR ( 'NONE', #2040, 1000.000000000000000 ) ;
#4959 = CARTESIAN_POINT ( 'NONE',  ( 8.884994479999997807, 8.684673369746326088, 85.86071313059227350 ) ) ;
#4960 = CARTESIAN_POINT ( 'NONE',  ( 8.884994479999999584, 8.101251367263484937, 70.35166649002357531 ) ) ;
#4961 = CARTESIAN_POINT ( 'NONE',  ( 8.384994479999999584, 8.732722929470728701, 85.98514868023275426 ) ) ;
#4962 = DIRECTION ( 'NONE',  ( 0.000000000000000000, 0.000000000000000000, 1.000000000000000000 ) ) ;
#4963 = ORIENTED_EDGE ( 'NONE', *, *, #3464, .F. ) ;
#4964 = CARTESIAN_POINT ( 'NONE',  ( 8.384994479999996031, 7.301569365762479613, 64.84121460908278323 ) ) ;
#4965 = CARTESIAN_POINT ( 'NONE',  ( -2.884994480000008910, 1.499999999999972022, 126.0000000000000000 ) ) ;
#4966 = DIRECTION ( 'NONE',  ( -1.084202172485504804E-16, -1.000000000000000000, 0.000000000000000000 ) ) ;
#4967 = ORIENTED_EDGE ( 'NONE', *, *, #8625, .F. ) ;
#4968 = ORIENTED_EDGE ( 'NONE', *, *, #8857, .F. ) ;
#4969 = DIRECTION ( 'NONE',  ( -0.7071067811865472397, 7.539247484201726847E-17, 0.7071067811865479058 ) ) ;
#4970 = ORIENTED_EDGE ( 'NONE', *, *, #1198, .T. ) ;
#4971 = CARTESIAN_POINT ( 'NONE',  ( 8.884994479999997807, 9.681881175973792608, 65.22361221951668142 ) ) ;
#4972 = ORIENTED_EDGE ( 'NONE', *, *, #6649, .T. ) ;
#4973 = LINE ( 'NONE', #8040, #4625 ) ;
#4974 = EDGE_LOOP ( 'NONE', ( #5786, #2770, #1185, #9008 ) ) ;
#4975 = LINE ( 'NONE', #1824, #3630 ) ;
#4976 = DIRECTION ( 'NONE',  ( -0.000000000000000000, -0.000000000000000000, 1.000000000000000000 ) ) ;
#4977 = DIRECTION ( 'NONE',  ( -1.000000000000000000, 0.000000000000000000, 0.000000000000000000 ) ) ;
#4978 = LINE ( 'NONE', #2030, #1553 ) ;
#4979 = LINE ( 'NONE', #8762, #3284 ) ;
#4980 = EDGE_CURVE ( 'NONE', #2236, #2767, #9140, .T. ) ;
#4981 = ORIENTED_EDGE ( 'NONE', *, *, #108, .F. ) ;
#4982 = FACE_OUTER_BOUND ( 'NONE', #7373, .T. ) ;
#4983 = ORIENTED_EDGE ( 'NONE', *, *, #2321, .F. ) ;
#4984 = PERSON_AND_ORGANIZATION ( #3306, #1890 ) ;
#4985 = FACE_OUTER_BOUND ( 'NONE', #5849, .T. ) ;
#4986 = CARTESIAN_POINT ( 'NONE',  ( 6.684994479999995853, 19.19999999999999929, 12.49999999999999822 ) ) ;
#4987 = ORIENTED_EDGE ( 'NONE', *, *, #3172, .T. ) ;
#4988 = PLANE ( 'NONE',  #1440 ) ;
#4989 = DIRECTION ( 'NONE',  ( 0.000000000000000000, -0.1961161351381831008, -0.9805806756909204447 ) ) ;
#4990 = EDGE_CURVE ( 'NONE', #3959, #4137, #5105, .T. ) ;
#4991 = ORIENTED_EDGE ( 'NONE', *, *, #8388, .T. ) ;
#4992 = EDGE_CURVE ( 'NONE', #2126, #7813, #9686, .T. ) ;
#4993 = ADVANCED_FACE ( 'NONE', ( #5954 ), #2149, .T. ) ;
#4994 = ORIENTED_EDGE ( 'NONE', *, *, #8016, .T. ) ;
#4995 = DIRECTION ( 'NONE',  ( -0.7071067811865493491, 0.000000000000000000, 0.7071067811865456854 ) ) ;
#4996 = EDGE_CURVE ( 'NONE', #8552, #384, #4550, .T. ) ;
#4997 = ORIENTED_EDGE ( 'NONE', *, *, #163, .T. ) ;
#4998 = PLANE ( 'NONE',  #466 ) ;
#4999 = EDGE_LOOP ( 'NONE', ( #7954, #7927, #2719, #2302 ) ) ;
#5000 = CARTESIAN_POINT ( 'NONE',  ( 8.884994479999997807, 8.036402375303127954, 66.36828545119136891 ) ) ;
#5001 = PLANE ( 'NONE',  #4050 ) ;
#5002 = FACE_OUTER_BOUND ( 'NONE', #6524, .T. ) ;
#5003 = CARTESIAN_POINT ( 'NONE',  ( 8.384994479999999584, 10.29029738029631780, 65.23313924175222667 ) ) ;
#5004 = AXIS2_PLACEMENT_3D ( 'NONE', #6008, #3005, #4686 ) ;
#5005 = CARTESIAN_POINT ( 'NONE',  ( 7.384994479999996031, 2.999999999999999112, -60.00000000000000000 ) ) ;
#5006 = EDGE_CURVE ( 'NONE', #7949, #3369, #757, .T. ) ;
#5007 = AXIS2_PLACEMENT_3D ( 'NONE', #2655, #1257, #4212 ) ;
#5008 = VECTOR ( 'NONE', #6232, 1000.000000000000000 ) ;
#5009 = FACE_OUTER_BOUND ( 'NONE', #2488, .T. ) ;
#5010 = DIRECTION ( 'NONE',  ( -0.8660254037844381525, 0.5000000000000006661, -0.000000000000000000 ) ) ;
#5011 = CARTESIAN_POINT ( 'NONE',  ( 8.884994479999999584, 7.067813634945277812, 70.90350089508774545 ) ) ;
#5012 = DIRECTION ( 'NONE',  ( 0.000000000000000000, 0.9576566168309714744, -0.2879128413945059028 ) ) ;
#5013 = CARTESIAN_POINT ( 'NONE',  ( 8.884994479999997807, 9.950928567515880729, 73.05050340799185449 ) ) ;
#5014 = VERTEX_POINT ( 'NONE', #6108 ) ;
#5015 = DIRECTION ( 'NONE',  ( -0.000000000000000000, 0.000000000000000000, 1.000000000000000000 ) ) ;
#5016 = FACE_OUTER_BOUND ( 'NONE', #3433, .T. ) ;
#5017 = DIRECTION ( 'NONE',  ( 0.000000000000000000, 0.000000000000000000, 1.000000000000000000 ) ) ;
#5018 = AXIS2_PLACEMENT_3D ( 'NONE', #256, #2506, #2460 ) ;
#5019 = ORIENTED_EDGE ( 'NONE', *, *, #2791, .F. ) ;
#5020 = ORIENTED_EDGE ( 'NONE', *, *, #8056, .T. ) ;
#5021 = EDGE_LOOP ( 'NONE', ( #8396, #1934, #3819, #2760 ) ) ;
#5022 = CARTESIAN_POINT ( 'NONE',  ( 8.384994479999997807, 9.586570522323821564, 71.41023408471599510 ) ) ;
#5023 = CARTESIAN_POINT ( 'NONE',  ( 8.384994479999997807, 7.310011658605289675, 65.20330410808324473 ) ) ;
#5024 = VERTEX_POINT ( 'NONE', #1648 ) ;
#5025 = CARTESIAN_POINT ( 'NONE',  ( 8.384994479999999584, 8.101251367263484937, 70.35166649002357531 ) ) ;
#5026 = ORIENTED_EDGE ( 'NONE', *, *, #2256, .T. ) ;
#5027 = CARTESIAN_POINT ( 'NONE',  ( 8.384994479999997807, 8.343375285957447929, 66.20379152556195379 ) ) ;
#5028 = FACE_OUTER_BOUND ( 'NONE', #4570, .T. ) ;
#5029 = CARTESIAN_POINT ( 'NONE',  ( 9.884994480000022676, 21.29289321881346098, -60.00000000000000000 ) ) ;
#5030 = EDGE_LOOP ( 'NONE', ( #3273, #1972, #6556, #1839 ) ) ;
#5031 = CARTESIAN_POINT ( 'NONE',  ( 8.884994479999997807, 7.709207901860759549, 72.64483537806856361 ) ) ;
#5032 = DIRECTION ( 'NONE',  ( -0.7071067811865474617, 0.000000000000000000, 0.7071067811865474617 ) ) ;
#5033 = ORIENTED_EDGE ( 'NONE', *, *, #1639, .T. ) ;
#5034 = DIRECTION ( 'NONE',  ( 0.000000000000000000, 0.000000000000000000, 1.000000000000000000 ) ) ;
#5035 = VERTEX_POINT ( 'NONE', #2399 ) ;
#5036 = VECTOR ( 'NONE', #8134, 1000.000000000000000 ) ;
#5037 = DIRECTION ( 'NONE',  ( -0.7071067811865668906, 9.722856625373260977E-17, -0.7071067811865281438 ) ) ;
#5038 = CARTESIAN_POINT ( 'NONE',  ( 8.884994479999997807, 9.330045757232971582, 82.84129231770832291 ) ) ;
#5039 = ORIENTED_EDGE ( 'NONE', *, *, #7895, .T. ) ;
#5040 = DIRECTION ( 'NONE',  ( -4.605861719268250263E-18, 1.000000000000000000, 0.000000000000000000 ) ) ;
#5041 = CARTESIAN_POINT ( 'NONE',  ( 8.884994479999997807, 8.269791120647768778, 64.71828490526250732 ) ) ;
#5042 = EDGE_CURVE ( 'NONE', #2120, #6201, #809, .T. ) ;
#5043 = ORIENTED_EDGE ( 'NONE', *, *, #7088, .T. ) ;
#5044 = DIRECTION ( 'NONE',  ( -1.084202172485504804E-16, -1.000000000000000000, 0.000000000000000000 ) ) ;
#5045 = VERTEX_POINT ( 'NONE', #195 ) ;
#5046 = CARTESIAN_POINT ( 'NONE',  ( 8.384994479999997807, 8.928368388903969333, 66.14031665281090966 ) ) ;
#5047 = ORIENTED_EDGE ( 'NONE', *, *, #4748, .F. ) ;
#5048 = ORIENTED_EDGE ( 'NONE', *, *, #1188, .T. ) ;
#5049 = LINE ( 'NONE', #5703, #9272 ) ;
#5050 = DIRECTION ( 'NONE',  ( 0.000000000000000000, 0.000000000000000000, -1.000000000000000000 ) ) ;
#5051 = CARTESIAN_POINT ( 'NONE',  ( 8.384994479999997807, 6.807115840515676197, 72.61030190568230580 ) ) ;
#5052 = EDGE_CURVE ( 'NONE', #7716, #7132, #9381, .T. ) ;
#5053 = EDGE_CURVE ( 'NONE', #6303, #9106, #5550, .T. ) ;
#5054 = DIRECTION ( 'NONE',  ( 0.000000000000000000, -0.8546181457111515778, 0.5192569932328622295 ) ) ;
#5055 = VECTOR ( 'NONE', #4736, 1000.000000000000000 ) ;
#5056 = DIRECTION ( 'NONE',  ( 1.000000000000000000, -1.334402673828313832E-16, 0.000000000000000000 ) ) ;
#5057 = ADVANCED_FACE ( 'NONE', ( #8424 ), #7809, .T. ) ;
#5058 = VECTOR ( 'NONE', #318, 1000.000000000000000 ) ;
#5059 = LINE ( 'NONE', #406, #4930 ) ;
#5060 = ORIENTED_EDGE ( 'NONE', *, *, #2791, .T. ) ;
#5061 = CARTESIAN_POINT ( 'NONE',  ( 8.884994479999999584, 6.818959791137046977, 71.31171114583918325 ) ) ;
#5062 = DIRECTION ( 'NONE',  ( 0.000000000000000000, -0.7071067811865475727, 0.7071067811865475727 ) ) ;
#5063 = CARTESIAN_POINT ( 'NONE',  ( 8.384994479999996031, 9.543158878442602244, 72.49875779379068774 ) ) ;
#5064 = ORIENTED_EDGE ( 'NONE', *, *, #487, .F. ) ;
#5065 = ADVANCED_FACE ( 'NONE', ( #6305 ), #3864, .T. ) ;
#5066 = VECTOR ( 'NONE', #8977, 1000.000000000000000 ) ;
#5067 = CARTESIAN_POINT ( 'NONE',  ( 8.884994479999997807, 7.303333951263719648, 64.99270836215517022 ) ) ;
#5068 = LINE ( 'NONE', #1263, #912 ) ;
#5069 = PLANE ( 'NONE',  #2304 ) ;
#5070 = AXIS2_PLACEMENT_3D ( 'NONE', #4822, #6385, #7124 ) ;
#5071 = ORIENTED_EDGE ( 'NONE', *, *, #9137, .T. ) ;
#5072 = ORIENTED_EDGE ( 'NONE', *, *, #2057, .F. ) ;
#5073 = AXIS2_PLACEMENT_3D ( 'NONE', #156, #4850, #7815 ) ;
#5074 = ORIENTED_EDGE ( 'NONE', *, *, #4641, .F. ) ;
#5075 = DIRECTION ( 'NONE',  ( 8.934198159537202021E-17, -9.525736817941865835E-33, 1.000000000000000000 ) ) ;
#5076 = DIRECTION ( 'NONE',  ( 4.605861719268250263E-18, -1.000000000000000000, 0.000000000000000000 ) ) ;
#5077 = ORIENTED_EDGE ( 'NONE', *, *, #4513, .F. ) ;
#5078 = EDGE_CURVE ( 'NONE', #9112, #3706, #5506, .T. ) ;
#5079 = ADVANCED_FACE ( 'NONE', ( #6904 ), #4003, .F. ) ;
#5080 = CARTESIAN_POINT ( 'NONE',  ( 8.384994479999997807, 9.007064742638609900, 65.46664908405571737 ) ) ;
#5081 = ORIENTED_EDGE ( 'NONE', *, *, #3168, .T. ) ;
#5082 = DIRECTION ( 'NONE',  ( 1.000000000000000000, -1.334402673828313832E-16, 0.000000000000000000 ) ) ;
#5083 = FACE_OUTER_BOUND ( 'NONE', #9690, .T. ) ;
#5084 =( GEOMETRIC_REPRESENTATION_CONTEXT ( 3 ) GLOBAL_UNCERTAINTY_ASSIGNED_CONTEXT ( ( #1302 ) ) GLOBAL_UNIT_ASSIGNED_CONTEXT ( ( #4937, #6597, #6546 ) ) REPRESENTATION_CONTEXT ( 'NONE', 'WORKASPACE' ) );
#5085 = LINE ( 'NONE', #4928, #8454 ) ;
#5086 = ORIENTED_EDGE ( 'NONE', *, *, #525, .T. ) ;
#5087 = CARTESIAN_POINT ( 'NONE',  ( 5.384994479999996919, 20.49999999999999645, -59.50000000000000000 ) ) ;
#5088 = CARTESIAN_POINT ( 'NONE',  ( -7.384994479999980044, 0.5000000000000281997, 86.00000000000001421 ) ) ;
#5089 = VERTEX_POINT ( 'NONE', #10 ) ;
#5090 = LINE ( 'NONE', #8158, #5658 ) ;
#5091 = ORIENTED_EDGE ( 'NONE', *, *, #4868, .T. ) ;
#5092 = PLANE ( 'NONE',  #631 ) ;
#5093 = FACE_OUTER_BOUND ( 'NONE', #7851, .T. ) ;
#5094 = ORIENTED_EDGE ( 'NONE', *, *, #4449, .T. ) ;
#5095 = FACE_OUTER_BOUND ( 'NONE', #2842, .T. ) ;
#5096 = CARTESIAN_POINT ( 'NONE',  ( 5.884994479999996031, 22.00000000000000000, 12.49999999999999645 ) ) ;
#5097 = VECTOR ( 'NONE', #8938, 1000.000000000000000 ) ;
#5098 = CARTESIAN_POINT ( 'NONE',  ( 8.884994479999999584, 8.700706643988997513, 85.90223503639883518 ) ) ;
#5099 = EDGE_LOOP ( 'NONE', ( #4035, #4025, #242, #7516 ) ) ;
#5100 = CARTESIAN_POINT ( 'NONE',  ( 8.884994479999997807, 8.921390647613510083, 65.33167086600727202 ) ) ;
#5101 = EDGE_LOOP ( 'NONE', ( #1138, #5800, #4951, #2535 ) ) ;
#5102 = AXIS2_PLACEMENT_3D ( 'NONE', #2798, #5651, #8728 ) ;
#5103 = CARTESIAN_POINT ( 'NONE',  ( 8.884994479999997807, 8.613365483182510829, 65.78214095026002894 ) ) ;
#5104 = DIRECTION ( 'NONE',  ( -0.7071067811865462405, 0.7071067811865489050, 0.000000000000000000 ) ) ;
#5105 = LINE ( 'NONE', #2254, #3525 ) ;
#5106 = LINE ( 'NONE', #2753, #4834 ) ;
#5107 = AXIS2_PLACEMENT_3D ( 'NONE', #3962, #7009, #6461 ) ;
#5108 = ADVANCED_FACE ( 'NONE', ( #3107 ), #7051, .T. ) ;
#5109 = CARTESIAN_POINT ( 'NONE',  ( -8.384994479999996031, 2.800000000000000711, 8.499999999999998224 ) ) ;
#5110 = ORIENTED_EDGE ( 'NONE', *, *, #9677, .T. ) ;
#5111 = EDGE_CURVE ( 'NONE', #8696, #562, #8576, .T. ) ;
#5112 = DIRECTION ( 'NONE',  ( -1.084202172485504804E-16, -1.000000000000000000, 0.000000000000000000 ) ) ;
#5113 = PLANE ( 'NONE',  #8550 ) ;
#5114 = LINE ( 'NONE', #1207, #2542 ) ;
#5115 = ORIENTED_EDGE ( 'NONE', *, *, #4866, .T. ) ;
#5116 = AXIS2_PLACEMENT_3D ( 'NONE', #9028, #8827, #4995 ) ;
#5117 = CARTESIAN_POINT ( 'NONE',  ( 8.384994479999997807, 7.301732539417800538, 64.80832011557035344 ) ) ;
#5118 = CARTESIAN_POINT ( 'NONE',  ( 69.75000000000031264, 1.823644700397505560E-16, 0.8650055200036810277 ) ) ;
#5119 = DIRECTION ( 'NONE',  ( -8.673617379884027583E-16, 1.000000000000000000, 0.000000000000000000 ) ) ;
#5120 = EDGE_CURVE ( 'NONE', #5156, #52, #484, .T. ) ;
#5121 = EDGE_CURVE ( 'NONE', #5527, #1214, #2707, .T. ) ;
#5122 = EDGE_CURVE ( 'NONE', #1610, #5014, #7761, .T. ) ;
#5123 = CARTESIAN_POINT ( 'NONE',  ( 8.384994479999999584, 9.529053669163133122, 71.33835457805648161 ) ) ;
#5124 = ADVANCED_FACE ( 'NONE', ( #6856 ), #3202, .F. ) ;
#5125 = CARTESIAN_POINT ( 'NONE',  ( 8.384994479999997807, 9.672930924439858913, 65.28058124450016919 ) ) ;
#5126 = ORIENTED_EDGE ( 'NONE', *, *, #7560, .F. ) ;
#5127 = CARTESIAN_POINT ( 'NONE',  ( 8.384994479999999584, 7.590533229288937811, 70.50233909837950819 ) ) ;
#5128 = VERTEX_POINT ( 'NONE', #7664 ) ;
#5129 = CARTESIAN_POINT ( 'NONE',  ( -17.88499448000000314, 2.999999999999997780, 8.499999999999998224 ) ) ;
#5130 = DIRECTION ( 'NONE',  ( 9.353454122033176385E-17, 0.7009468959769639129, -0.7132134666565540515 ) ) ;
#5131 = CARTESIAN_POINT ( 'NONE',  ( 8.884994479999997807, 8.343375285957447929, 66.20379152556195379 ) ) ;
#5132 = ADVANCED_FACE ( 'NONE', ( #852 ), #3907, .T. ) ;
#5133 = ORIENTED_EDGE ( 'NONE', *, *, #5539, .F. ) ;
#5134 = CARTESIAN_POINT ( 'NONE',  ( 6.584994479999996209, 3.000000000000000888, -8.500000000000007105 ) ) ;
#5135 = DIRECTION ( 'NONE',  ( 0.000000000000000000, 0.000000000000000000, -1.000000000000000000 ) ) ;
#5136 = EDGE_CURVE ( 'NONE', #4175, #9055, #897, .T. ) ;
#5137 = ORIENTED_EDGE ( 'NONE', *, *, #4943, .F. ) ;
#5138 = CARTESIAN_POINT ( 'NONE',  ( 8.884994479999997807, 10.29810433846293805, 87.42804607163128594 ) ) ;
#5139 = ORIENTED_EDGE ( 'NONE', *, *, #7863, .F. ) ;
#5140 = LINE ( 'NONE', #9019, #4459 ) ;
#5141 = CARTESIAN_POINT ( 'NONE',  ( 8.884994479999999584, 9.393410515271439110, 85.90676301454405461 ) ) ;
#5142 = ORIENTED_EDGE ( 'NONE', *, *, #843, .T. ) ;
#5143 = LINE ( 'NONE', #643, #6617 ) ;
#5144 = DIRECTION ( 'NONE',  ( 0.000000000000000000, 1.000000000000000000, -0.000000000000000000 ) ) ;
#5145 = CARTESIAN_POINT ( 'NONE',  ( 8.384994479999994255, 7.677507423680318688, 84.17405921613509179 ) ) ;
#5146 = VERTEX_POINT ( 'NONE', #8722 ) ;
#5147 = EDGE_CURVE ( 'NONE', #1452, #9055, #6497, .T. ) ;
#5148 = CARTESIAN_POINT ( 'NONE',  ( -9.384994480000001360, 0.4999999999999998890, 8.499999999999992895 ) ) ;
#5149 = EDGE_LOOP ( 'NONE', ( #8607, #5939, #8111, #4572 ) ) ;
#5150 = ORIENTED_EDGE ( 'NONE', *, *, #1870, .T. ) ;
#5151 = CARTESIAN_POINT ( 'NONE',  ( 8.384994479999996031, 7.744705774132406795, 66.40734545063772032 ) ) ;
#5152 = CARTESIAN_POINT ( 'NONE',  ( 5.384994479999996919, 19.00000000000000000, 12.49999999999999645 ) ) ;
#5153 = CARTESIAN_POINT ( 'NONE',  ( -17.38499447999996406, 1.749999999999987566, 126.2500000000000284 ) ) ;
#5154 = DIRECTION ( 'NONE',  ( -0.7071067811865456854, 0.000000000000000000, 0.7071067811865493491 ) ) ;
#5155 = DIRECTION ( 'NONE',  ( 0.7071067811865279218, 0.000000000000000000, -0.7071067811865671127 ) ) ;
#5156 = VERTEX_POINT ( 'NONE', #9571 ) ;
#5157 = PLANE ( 'NONE',  #7173 ) ;
#5158 = ORIENTED_EDGE ( 'NONE', *, *, #3482, .T. ) ;
#5159 = AXIS2_PLACEMENT_3D ( 'NONE', #3169, #9348, #7063 ) ;
#5160 = CARTESIAN_POINT ( 'NONE',  ( 7.384994479999996031, 20.50000000000002487, 138.0000000000000000 ) ) ;
#5161 = LINE ( 'NONE', #4411, #9665 ) ;
#5162 = CARTESIAN_POINT ( 'NONE',  ( 8.884994479999996031, 9.735409351477262163, 72.08490307242300332 ) ) ;
#5163 = AXIS2_PLACEMENT_3D ( 'NONE', #8805, #5535, #2529 ) ;
#5164 = ORIENTED_EDGE ( 'NONE', *, *, #7395, .T. ) ;
#5165 = DIRECTION ( 'NONE',  ( 1.000000000000000000, 0.000000000000000000, 0.000000000000000000 ) ) ;
#5166 = FACE_OUTER_BOUND ( 'NONE', #7250, .T. ) ;
#5167 = ADVANCED_FACE ( 'NONE', ( #3344 ), #6407, .F. ) ;
#5168 = VECTOR ( 'NONE', #3916, 1000.000000000000000 ) ;
#5169 = VECTOR ( 'NONE', #2027, 1000.000000000000000 ) ;
#5170 = DIRECTION ( 'NONE',  ( -1.000000000000000000, 1.334402673828313832E-16, -0.000000000000000000 ) ) ;
#5171 = DIRECTION ( 'NONE',  ( -1.000000000000000000, 1.334402673828313832E-16, -0.000000000000000000 ) ) ;
#5172 = LINE ( 'NONE', #6579, #632 ) ;
#5173 = ORIENTED_EDGE ( 'NONE', *, *, #2860, .F. ) ;
#5174 = CARTESIAN_POINT ( 'NONE',  ( 8.384994479999997807, 9.672930924439858913, 65.28058124450016919 ) ) ;
#5175 = ORIENTED_EDGE ( 'NONE', *, *, #3804, .T. ) ;
#5176 = AXIS2_PLACEMENT_3D ( 'NONE', #2111, #5017, #7372 ) ;
#5177 = EDGE_CURVE ( 'NONE', #1316, #444, #4146, .T. ) ;
#5178 = EDGE_CURVE ( 'NONE', #1380, #8144, #7956, .T. ) ;
#5179 = CARTESIAN_POINT ( 'NONE',  ( 8.884994479999997807, 6.702458179608773214, 87.42804607163128594 ) ) ;
#5180 = EDGE_CURVE ( 'NONE', #7879, #4233, #5644, .T. ) ;
#5181 = CARTESIAN_POINT ( 'NONE',  ( 8.384994479999997807, 9.330045757232971582, 82.84129231770832291 ) ) ;
#5182 = LINE ( 'NONE', #9708, #3649 ) ;
#5183 = EDGE_LOOP ( 'NONE', ( #3323, #6877, #7452, #2303 ) ) ;
#5184 = EDGE_CURVE ( 'NONE', #3706, #2087, #6551, .T. ) ;
#5185 = ORIENTED_EDGE ( 'NONE', *, *, #3806, .F. ) ;
#5186 = DIRECTION ( 'NONE',  ( -0.5773502691896225114, 0.5773502691896293948, 0.5773502691896255090 ) ) ;
#5187 = DIRECTION ( 'NONE',  ( -0.7071067811865469066, -0.7071067811865482389, 0.000000000000000000 ) ) ;
#5188 = EDGE_LOOP ( 'NONE', ( #2500, #3859, #6554, #1451, #9622 ) ) ;
#5189 = LINE ( 'NONE', #2088, #8316 ) ;
#5190 = DIRECTION ( 'NONE',  ( -1.192622389734055617E-16, -2.765841741321770854E-34, -1.000000000000000000 ) ) ;
#5191 = ORIENTED_EDGE ( 'NONE', *, *, #546, .T. ) ;
#5192 = PLANE ( 'NONE',  #1964 ) ;
#5193 = EDGE_CURVE ( 'NONE', #7546, #3267, #7905, .T. ) ;
#5194 = LINE ( 'NONE', #1387, #2410 ) ;
#5195 = DIRECTION ( 'NONE',  ( -1.000000000000000000, 1.334402673828313832E-16, -0.000000000000000000 ) ) ;
#5196 = ADVANCED_FACE ( 'NONE', ( #5747 ), #4890, .T. ) ;
#5197 = CARTESIAN_POINT ( 'NONE',  ( 8.384994479999997807, 8.997149055196395295, 86.44031481075310808 ) ) ;
#5198 = CARTESIAN_POINT ( 'NONE',  ( 8.884994479999999584, 10.19318984621340896, 72.71110658864502341 ) ) ;
#5199 = VECTOR ( 'NONE', #8946, 1000.000000000000114 ) ;
#5200 = ORIENTED_EDGE ( 'NONE', *, *, #7061, .T. ) ;
#5201 = ORIENTED_EDGE ( 'NONE', *, *, #8623, .F. ) ;
#5202 = CARTESIAN_POINT ( 'NONE',  ( 8.884994479999997807, 10.29810433846293805, 86.87342917613494819 ) ) ;
#5203 = CARTESIAN_POINT ( 'NONE',  ( -17.88499447999999958, 2.000000000000002665, -45.49999999999997158 ) ) ;
#5204 = LINE ( 'NONE', #5302, #7350 ) ;
#5205 = DIRECTION ( 'NONE',  ( 0.7071067811865493491, 0.000000000000000000, 0.7071067811865456854 ) ) ;
#5206 = CARTESIAN_POINT ( 'NONE',  ( 8.384994479999997807, 9.330045757232971582, 83.53276273287259812 ) ) ;
#5207 = ORIENTED_EDGE ( 'NONE', *, *, #162, .T. ) ;
#5208 = DIRECTION ( 'NONE',  ( 0.000000000000000000, -0.7071067811865482389, 0.7071067811865469066 ) ) ;
#5209 = VERTEX_POINT ( 'NONE', #9517 ) ;
#5210 = EDGE_LOOP ( 'NONE', ( #3997, #2901, #4779, #919 ) ) ;
#5211 = CARTESIAN_POINT ( 'NONE',  ( 11.88020180635574619, 0.8806648468638184069, 136.0047926736442321 ) ) ;
#5212 = PLANE ( 'NONE',  #706 ) ;
#5213 = CARTESIAN_POINT ( 'NONE',  ( 8.384994479999999584, 9.283947729555352524, 73.41424565763556132 ) ) ;
#5214 = ORIENTED_EDGE ( 'NONE', *, *, #3034, .F. ) ;
#5215 = CYLINDRICAL_SURFACE ( 'NONE', #7604, 1.500000000000001332 ) ;
#5216 = DIRECTION ( 'NONE',  ( -1.000000000000000000, 1.334402673828313832E-16, -0.000000000000000000 ) ) ;
#5217 = VECTOR ( 'NONE', #3434, 1000.000000000000114 ) ;
#5218 = DIRECTION ( 'NONE',  ( -1.000000000000000000, 0.000000000000000000, -0.000000000000000000 ) ) ;
#5219 = CARTESIAN_POINT ( 'NONE',  ( -16.38499448000000314, 5.699999999999998401, -60.00000000000000000 ) ) ;
#5220 = AXIS2_PLACEMENT_3D ( 'NONE', #6097, #6046, #8215 ) ;
#5221 = CYLINDRICAL_SURFACE ( 'NONE', #3024, 0.8000000000000003775 ) ;
#5222 = EDGE_LOOP ( 'NONE', ( #4967, #9565, #6281, #6681 ) ) ;
#5223 = VECTOR ( 'NONE', #5988, 1000.000000000000000 ) ;
#5224 = DIRECTION ( 'NONE',  ( 0.000000000000000000, 1.000000000000000000, 0.000000000000000000 ) ) ;
#5225 = ORIENTED_EDGE ( 'NONE', *, *, #6277, .F. ) ;
#5226 = DIRECTION ( 'NONE',  ( -8.250117422766957148E-17, 1.000000000000000000, 0.000000000000000000 ) ) ;
#5227 = DIRECTION ( 'NONE',  ( -1.084202172485504804E-16, -1.000000000000000000, 0.000000000000000000 ) ) ;
#5228 = CARTESIAN_POINT ( 'NONE',  ( 8.884994479999996031, 8.442200935940519457, 66.10492980537584629 ) ) ;
#5229 = ORIENTED_EDGE ( 'NONE', *, *, #6360, .T. ) ;
#5230 = AXIS2_PLACEMENT_3D ( 'NONE', #5710, #5112, #4211 ) ;
#5231 = VERTEX_POINT ( 'NONE', #4098 ) ;
#5232 = EDGE_CURVE ( 'NONE', #6443, #6211, #339, .T. ) ;
#5233 = CYLINDRICAL_SURFACE ( 'NONE', #4423, 0.5000000000000065503 ) ;
#5234 = EDGE_CURVE ( 'NONE', #7155, #2264, #3447, .T. ) ;
#5235 = PLANE ( 'NONE',  #7281 ) ;
#5236 = ORIENTED_EDGE ( 'NONE', *, *, #1803, .T. ) ;
#5237 = ADVANCED_FACE ( 'NONE', ( #7245 ), #9471, .T. ) ;
#5238 = VECTOR ( 'NONE', #53, 1000.000000000000000 ) ;
#5239 = DIRECTION ( 'NONE',  ( 0.7071067811865672237, -3.855540186199061138E-14, 0.7071067811865279218 ) ) ;
#5240 = CARTESIAN_POINT ( 'NONE',  ( 8.884994479999997807, 10.05952367535654624, 86.75809526741041111 ) ) ;
#5241 = ORIENTED_EDGE ( 'NONE', *, *, #420, .T. ) ;
#5242 = DIRECTION ( 'NONE',  ( 1.000000000000000000, 2.319126125024811375E-18, 0.000000000000000000 ) ) ;
#5243 = DIRECTION ( 'NONE',  ( -0.7071067811865464625, -0.7071067811865485719, 1.022195611122248193E-16 ) ) ;
#5244 = CARTESIAN_POINT ( 'NONE',  ( 8.384994479999997807, 7.340414182464172654, 71.65252207121781680 ) ) ;
#5245 = ORIENTED_EDGE ( 'NONE', *, *, #6167, .F. ) ;
#5246 = ADVANCED_FACE ( 'NONE', ( #7293 ), #4988, .T. ) ;
#5247 = EDGE_CURVE ( 'NONE', #1230, #1193, #5794, .T. ) ;
#5248 = CARTESIAN_POINT ( 'NONE',  ( 8.884994479999999584, 9.393410515271439110, 85.90676301454405461 ) ) ;
#5249 = ADVANCED_FACE ( 'NONE', ( #992 ), #4048, .T. ) ;
#5250 = CARTESIAN_POINT ( 'NONE',  ( -17.88499447999999958, -1.000000000000002220, -12.50000000000000178 ) ) ;
#5251 = VERTEX_POINT ( 'NONE', #2543 ) ;
#5252 = VERTEX_POINT ( 'NONE', #294 ) ;
#5253 = ORIENTED_EDGE ( 'NONE', *, *, #5180, .T. ) ;
#5254 = EDGE_CURVE ( 'NONE', #8704, #5743, #1790, .T. ) ;
#5255 = CARTESIAN_POINT ( 'NONE',  ( 8.384994479999997807, 6.702458179608773214, 70.09518766484710284 ) ) ;
#5256 = DIRECTION ( 'NONE',  ( -4.367762992525837219E-17, -0.3273197122720842844, -0.9449136500009511774 ) ) ;
#5257 = LINE ( 'NONE', #1455, #4948 ) ;
#5258 = AXIS2_PLACEMENT_3D ( 'NONE', #5464, #4797, #1609 ) ;
#5259 = DIRECTION ( 'NONE',  ( 0.000000000000000000, 0.000000000000000000, 1.000000000000000000 ) ) ;
#5260 = FACE_OUTER_BOUND ( 'NONE', #7272, .T. ) ;
#5261 = VECTOR ( 'NONE', #1678, 1000.000000000000000 ) ;
#5262 = VECTOR ( 'NONE', #7463, 1000.000000000000114 ) ;
#5263 = EDGE_CURVE ( 'NONE', #7065, #9063, #1040, .T. ) ;
#5264 = VERTEX_POINT ( 'NONE', #9023 ) ;
#5265 = CARTESIAN_POINT ( 'NONE',  ( 5.384994479999996919, 20.49999999999999645, -59.50000000000000000 ) ) ;
#5266 = ORIENTED_EDGE ( 'NONE', *, *, #8988, .F. ) ;
#5267 = LINE ( 'NONE', #5160, #1397 ) ;
#5268 = CARTESIAN_POINT ( 'NONE',  ( 5.884994479999996031, 22.00000000000000000, -59.50000000000000000 ) ) ;
#5269 = CARTESIAN_POINT ( 'NONE',  ( 8.384994480000001360, 9.388396534789819725, 73.38356763146785511 ) ) ;
#5270 = ORIENTED_EDGE ( 'NONE', *, *, #3898, .F. ) ;
#5271 = CARTESIAN_POINT ( 'NONE',  ( 8.384994479999997807, 6.717733451126976618, 65.37210081106613302 ) ) ;
#5272 = VECTOR ( 'NONE', #9119, 1000.000000000000000 ) ;
#5273 = CARTESIAN_POINT ( 'NONE',  ( 8.884994479999994255, 7.325972630318130285, 72.15202534369261400 ) ) ;
#5274 = CARTESIAN_POINT ( 'NONE',  ( -11.18499447999999852, 0.6999999999999990674, -60.00000000000000000 ) ) ;
#5275 = DIRECTION ( 'NONE',  ( 0.7071067811865671127, -7.539247484201940086E-17, -0.7071067811865279218 ) ) ;
#5276 = CARTESIAN_POINT ( 'NONE',  ( 8.384994479999996031, 7.157614819010740703, 66.23437225113181626 ) ) ;
#5277 = ORIENTED_EDGE ( 'NONE', *, *, #7324, .T. ) ;
#5278 = DIRECTION ( 'NONE',  ( -1.000000000000000000, 0.000000000000000000, 0.000000000000000000 ) ) ;
#5279 = EDGE_LOOP ( 'NONE', ( #3226, #5587, #8195, #3374 ) ) ;
#5280 = DIRECTION ( 'NONE',  ( 1.000000000000000000, 1.734723475976805615E-16, 0.000000000000000000 ) ) ;
#5281 = LINE ( 'NONE', #6927, #1506 ) ;
#5282 = LINE ( 'NONE', #4428, #1231 ) ;
#5283 = VECTOR ( 'NONE', #644, 1000.000000000000000 ) ;
#5284 = ORIENTED_EDGE ( 'NONE', *, *, #7640, .T. ) ;
#5285 = DIRECTION ( 'NONE',  ( 1.000000000000000000, 2.319126125024811375E-18, 0.000000000000000000 ) ) ;
#5286 = CARTESIAN_POINT ( 'NONE',  ( 8.384994479999997807, 9.376143784910587087, 85.86071313059227350 ) ) ;
#5287 = CARTESIAN_POINT ( 'NONE',  ( 8.884994479999996031, 10.11509004182247651, 65.88056006258884167 ) ) ;
#5288 = ORIENTED_EDGE ( 'NONE', *, *, #2928, .F. ) ;
#5289 = FACE_OUTER_BOUND ( 'NONE', #1339, .T. ) ;
#5290 = CARTESIAN_POINT ( 'NONE',  ( -17.88499447999999958, 19.19999999999999929, -12.50000000000000178 ) ) ;
#5291 = ORIENTED_EDGE ( 'NONE', *, *, #6910, .T. ) ;
#5292 = CARTESIAN_POINT ( 'NONE',  ( 8.384994479999996031, 9.601584975772997410, 86.29381298589562732 ) ) ;
#5293 = LINE ( 'NONE', #885, #9477 ) ;
#5294 = CARTESIAN_POINT ( 'NONE',  ( 8.884994479999997807, 7.318079788848047329, 71.74324355750682969 ) ) ;
#5295 = EDGE_CURVE ( 'NONE', #4658, #6392, #6601, .T. ) ;
#5296 = ORIENTED_EDGE ( 'NONE', *, *, #8074, .F. ) ;
#5297 = CARTESIAN_POINT ( 'NONE',  ( 8.884994479999996031, 9.694924061100495649, 86.41851812713476022 ) ) ;
#5298 = DIRECTION ( 'NONE',  ( 1.334402673828313832E-16, 1.000000000000000000, 0.000000000000000000 ) ) ;
#5299 = VERTEX_POINT ( 'NONE', #7351 ) ;
#5300 = CARTESIAN_POINT ( 'NONE',  ( -4.806533510917348373, 2.999999999999999556, 8.499999999999996447 ) ) ;
#5301 = CARTESIAN_POINT ( 'NONE',  ( -7.634994479999988037, 0.5000000000000557332, 33.24999999999994316 ) ) ;
#5302 = CARTESIAN_POINT ( 'NONE',  ( 8.384994479999996031, 2.999999999999999112, -60.00000000000000000 ) ) ;
#5303 = CARTESIAN_POINT ( 'NONE',  ( 7.584994479999995320, 2.999999999999999112, -12.50000000000000178 ) ) ;
#5304 = EDGE_CURVE ( 'NONE', #5014, #2576, #8263, .T. ) ;
#5305 = DIRECTION ( 'NONE',  ( 0.000000000000000000, 0.9450705229559648313, 0.3268664966614641121 ) ) ;
#5306 = EDGE_CURVE ( 'NONE', #7766, #9365, #4643, .T. ) ;
#5307 = EDGE_CURVE ( 'NONE', #30, #9358, #8314, .T. ) ;
#5308 = EDGE_CURVE ( 'NONE', #9071, #4494, #4489, .T. ) ;
#5309 = ORIENTED_EDGE ( 'NONE', *, *, #9212, .T. ) ;
#5310 = LINE ( 'NONE', #7517, #2531 ) ;
#5311 = VERTEX_POINT ( 'NONE', #2092 ) ;
#5312 = LINE ( 'NONE', #816, #2509 ) ;
#5313 = DIRECTION ( 'NONE',  ( 1.084202172485504804E-16, 1.000000000000000000, 0.000000000000000000 ) ) ;
#5314 = FACE_OUTER_BOUND ( 'NONE', #7200, .T. ) ;
#5315 = EDGE_LOOP ( 'NONE', ( #1667, #8989, #1039, #4120 ) ) ;
#5316 = LINE ( 'NONE', #3117, #246 ) ;
#5317 = EDGE_CURVE ( 'NONE', #8144, #8167, #1341, .T. ) ;
#5318 = CARTESIAN_POINT ( 'NONE',  ( 8.384994479999996031, 7.641994525535515947, 72.60408079009944515 ) ) ;
#5319 = EDGE_CURVE ( 'NONE', #5935, #7155, #5194, .T. ) ;
#5320 = CARTESIAN_POINT ( 'NONE',  ( 8.884994479999997807, 9.330045757232971582, 83.53276273287259812 ) ) ;
#5321 = AXIS2_PLACEMENT_3D ( 'NONE', #2463, #6225, #1665 ) ;
#5322 = CARTESIAN_POINT ( 'NONE',  ( 8.884994479999997807, 8.877837434530539085, 65.12122099611373471 ) ) ;
#5323 = DIRECTION ( 'NONE',  ( 1.000000000000000000, 4.605861719268250263E-18, 0.000000000000000000 ) ) ;
#5324 = CARTESIAN_POINT ( 'NONE',  ( 8.384994479999997807, 7.501884610087696359, 66.38143796407564423 ) ) ;
#5325 = ORIENTED_EDGE ( 'NONE', *, *, #3365, .F. ) ;
#5326 = DIRECTION ( 'NONE',  ( -1.224646799147353454E-16, 1.000000000000000000, -0.000000000000000000 ) ) ;
#5327 = ORIENTED_EDGE ( 'NONE', *, *, #5604, .F. ) ;
#5328 = EDGE_CURVE ( 'NONE', #1214, #4243, #9673, .T. ) ;
#5329 = LINE ( 'NONE', #3082, #9883 ) ;
#5330 = LINE ( 'NONE', #781, #1660 ) ;
#5331 = VECTOR ( 'NONE', #9731, 1000.000000000000000 ) ;
#5332 = B_SPLINE_SURFACE_WITH_KNOTS ( 'NONE', 3, 1, ( 
 ( #2943, #9078 ),
 ( #5248, #6944 ),
 ( #9177, #6049 ),
 ( #4491, #7552 ),
 ( #9131, #2246 ),
 ( #5297, #749 ),
 ( #3807, #3050 ),
 ( #4591, #7655 ),
 ( #800, #7853 ),
 ( #1132, #8669 ),
 ( #9468, #4186 ),
 ( #1937, #7952 ),
 ( #1833, #4839 ),
 ( #7242, #3390 ),
 ( #291, #3289 ) ),
 .UNSPECIFIED., .F., .F., .F.,
 ( 4, 1, 1, 1, 1, 1, 1, 1, 1, 1, 1, 1, 4 ),
 ( 2, 2 ),
 ( 0.000000000000000000, 0.1044728014505163921, 0.2186534455744866823, 0.3428558890245147484, 0.4792694623690667566, 0.5495409926991601246, 0.6174241096395743922, 0.6835351858950328152, 0.7485971287880212044, 0.8121759604466024518, 0.8748692871861439846, 0.9374294362357448174, 1.000000000000000000 ),
 ( 0.000000000000000000, 1.000000000000000000 ),
 .UNSPECIFIED. ) ;
#5333 = EDGE_LOOP ( 'NONE', ( #1063, #5959, #9450, #8219 ) ) ;
#5334 = ORIENTED_EDGE ( 'NONE', *, *, #2730, .F. ) ;
#5335 = DIRECTION ( 'NONE',  ( -1.034421358364930004E-16, 1.000000000000000000, 2.111100016949954907E-32 ) ) ;
#5336 = LINE ( 'NONE', #3035, #8426 ) ;
#5337 = CARTESIAN_POINT ( 'NONE',  ( 8.884994479999997807, 8.881310269058662499, 65.15693644988233757 ) ) ;
#5338 = ORIENTED_EDGE ( 'NONE', *, *, #6289, .F. ) ;
#5339 = DIRECTION ( 'NONE',  ( -0.5773502691896351680, 0.5773502691896369443, 0.5773502691896053030 ) ) ;
#5340 = CARTESIAN_POINT ( 'NONE',  ( 8.384994479999999584, 10.22560687961219372, 71.31445256910434694 ) ) ;
#5341 = ORIENTED_EDGE ( 'NONE', *, *, #5177, .F. ) ;
#5342 = CARTESIAN_POINT ( 'NONE',  ( 8.384994479999996031, 9.694924061100495649, 86.41851812713476022 ) ) ;
#5343 = DIRECTION ( 'NONE',  ( -1.000000000000000000, 1.334402673828313832E-16, -0.000000000000000000 ) ) ;
#5344 = CARTESIAN_POINT ( 'NONE',  ( 8.384994479999997807, 8.544938723348547427, 71.01714821839945557 ) ) ;
#5345 = AXIS2_PLACEMENT_3D ( 'NONE', #566, #1363, #6673 ) ;
#5346 = ORIENTED_EDGE ( 'NONE', *, *, #5920, .T. ) ;
#5347 = CARTESIAN_POINT ( 'NONE',  ( 8.384994479999999584, 9.950928567515882506, 73.05050340799186870 ) ) ;
#5348 = VERTEX_POINT ( 'NONE', #4393 ) ;
#5349 = ORIENTED_EDGE ( 'NONE', *, *, #227, .F. ) ;
#5350 = CARTESIAN_POINT ( 'NONE',  ( -9.134994480000006689, 5.499038105676666177, -8.499999999999992895 ) ) ;
#5351 = CARTESIAN_POINT ( 'NONE',  ( 8.884994479999997807, 7.926238057146433924, 65.69717079454062514 ) ) ;
#5352 = DIRECTION ( 'NONE',  ( 0.000000000000000000, 0.000000000000000000, 1.000000000000000000 ) ) ;
#5353 = CARTESIAN_POINT ( 'NONE',  ( 6.592101261186540384, -0.001000000000001000089, 8.000000000000005329 ) ) ;
#5354 = PLANE ( 'NONE',  #1388 ) ;
#5355 = VECTOR ( 'NONE', #7947, 1000.000000000000000 ) ;
#5356 = VERTEX_POINT ( 'NONE', #589 ) ;
#5357 = ORIENTED_EDGE ( 'NONE', *, *, #6722, .T. ) ;
#5358 = ADVANCED_FACE ( 'NONE', ( #692 ), #3708, .T. ) ;
#5359 = DIRECTION ( 'NONE',  ( 0.7071067811865481278, -2.884444029575348436E-16, 0.7071067811865470176 ) ) ;
#5360 = ORIENTED_EDGE ( 'NONE', *, *, #8885, .F. ) ;
#5361 = EDGE_CURVE ( 'NONE', #3699, #5621, #5893, .T. ) ;
#5362 = CARTESIAN_POINT ( 'NONE',  ( 8.384994479999997807, 18.99999999999999645, 137.4999999999999716 ) ) ;
#5363 = CARTESIAN_POINT ( 'NONE',  ( 8.384994479999999584, 8.668855151983612117, 65.89007896149583132 ) ) ;
#5364 = CARTESIAN_POINT ( 'NONE',  ( 8.884994479999997807, 9.890330284077396783, 73.11124508076578365 ) ) ;
#5365 = EDGE_CURVE ( 'NONE', #8367, #3388, #6696, .T. ) ;
#5366 = VECTOR ( 'NONE', #5010, 1000.000000000000227 ) ;
#5367 = CARTESIAN_POINT ( 'NONE',  ( 8.884994479999997807, 6.725449398954123303, 65.48202808810114561 ) ) ;
#5368 = LINE ( 'NONE', #7723, #5979 ) ;
#5369 = PLANE ( 'NONE',  #7680 ) ;
#5370 = LINE ( 'NONE', #9156, #3017 ) ;
#5371 = EDGE_CURVE ( 'NONE', #7251, #2790, #9776, .T. ) ;
#5372 = CARTESIAN_POINT ( 'NONE',  ( -3.384994480000092398, 2.000000000000000444, 32.99999999999990763 ) ) ;
#5373 = CARTESIAN_POINT ( 'NONE',  ( 8.384994479999997807, 6.769020618974778358, 72.49333784860506569 ) ) ;
#5374 = EDGE_LOOP ( 'NONE', ( #5965, #9386, #1333, #9860 ) ) ;
#5375 = EDGE_CURVE ( 'NONE', #1089, #8488, #8917, .T. ) ;
#5376 = DIRECTION ( 'NONE',  ( -1.000000000000000000, 0.000000000000000000, 0.000000000000000000 ) ) ;
#5377 = ORIENTED_EDGE ( 'NONE', *, *, #3373, .F. ) ;
#5378 = CARTESIAN_POINT ( 'NONE',  ( 8.884994479999999584, 6.726947756812507784, 65.49979053073462865 ) ) ;
#5379 = CARTESIAN_POINT ( 'NONE',  ( 7.384994479999996031, 2.799999999999998934, 13.30000000000000604 ) ) ;
#5380 = ORIENTED_EDGE ( 'NONE', *, *, #4893, .T. ) ;
#5381 = ORIENTED_EDGE ( 'NONE', *, *, #719, .F. ) ;
#5382 = VECTOR ( 'NONE', #9276, 1000.000000000000000 ) ;
#5383 = LINE ( 'NONE', #7690, #1390 ) ;
#5384 = EDGE_CURVE ( 'NONE', #1672, #9867, #5996, .T. ) ;
#5385 = CARTESIAN_POINT ( 'NONE',  ( 8.884994479999997807, 6.702458179608773214, 87.42804607163128594 ) ) ;
#5386 = CARTESIAN_POINT ( 'NONE',  ( 8.884994479999997807, 8.869065480456796990, 64.10244406675683138 ) ) ;
#5387 = ORIENTED_EDGE ( 'NONE', *, *, #4015, .F. ) ;
#5388 = CARTESIAN_POINT ( 'NONE',  ( 8.884994479999997807, 6.702458179608773214, 66.63783558902578363 ) ) ;
#5389 = CARTESIAN_POINT ( 'NONE',  ( 8.884994479999996031, 9.271470918990207366, 70.43682853963687762 ) ) ;
#5390 = ORIENTED_EDGE ( 'NONE', *, *, #5675, .T. ) ;
#5391 = CARTESIAN_POINT ( 'NONE',  ( 8.384994479999999584, 8.053364882883450093, 65.63447272622052253 ) ) ;
#5392 = CARTESIAN_POINT ( 'NONE',  ( -17.88499447999999958, 0.5000000000000003331, -45.49999999999997158 ) ) ;
#5393 = VECTOR ( 'NONE', #8532, 1000.000000000000114 ) ;
#5394 = FACE_OUTER_BOUND ( 'NONE', #7325, .T. ) ;
#5395 = AXIS2_PLACEMENT_3D ( 'NONE', #6677, #2818, #570 ) ;
#5396 = ORIENTED_EDGE ( 'NONE', *, *, #8455, .F. ) ;
#5397 = CARTESIAN_POINT ( 'NONE',  ( 8.884994479999997807, 10.29810433846293805, 77.21733294103901812 ) ) ;
#5398 = DIRECTION ( 'NONE',  ( 0.000000000000000000, 0.000000000000000000, -1.000000000000000000 ) ) ;
#5399 = VECTOR ( 'NONE', #5663, 1000.000000000000000 ) ;
#5400 = ORIENTED_EDGE ( 'NONE', *, *, #7943, .T. ) ;
#5401 = ORIENTED_EDGE ( 'NONE', *, *, #9927, .T. ) ;
#5402 = CARTESIAN_POINT ( 'NONE',  ( 8.884994479999997807, 6.702458179608773214, 70.09518766484710284 ) ) ;
#5403 = DIRECTION ( 'NONE',  ( 0.000000000000000000, 0.000000000000000000, 1.000000000000000000 ) ) ;
#5404 = DIRECTION ( 'NONE',  ( -0.7071067811865279218, 0.7071067811865671127, 3.925292422539329418E-14 ) ) ;
#5405 = DIRECTION ( 'NONE',  ( -0.7071067811865671127, -1.177408275579009811E-13, 0.7071067811865279218 ) ) ;
#5406 = DIRECTION ( 'NONE',  ( -0.7071067811865474617, 0.7071067811865474617, 0.000000000000000000 ) ) ;
#5407 = AXIS2_PLACEMENT_3D ( 'NONE', #6349, #941, #239 ) ;
#5408 = EDGE_LOOP ( 'NONE', ( #9021, #7670, #8969, #8197 ) ) ;
#5409 = CARTESIAN_POINT ( 'NONE',  ( 8.884994479999997807, 9.289709983015054462, 65.57758095244059859 ) ) ;
#5410 = ORIENTED_EDGE ( 'NONE', *, *, #5855, .T. ) ;
#5411 = CARTESIAN_POINT ( 'NONE',  ( 5.884994479999997807, 19.99999999999999645, -13.30000000000000604 ) ) ;
#5412 = CARTESIAN_POINT ( 'NONE',  ( 8.384994479999996031, 7.641994525535515947, 72.60408079009944515 ) ) ;
#5413 = CARTESIAN_POINT ( 'NONE',  ( -12.88499447999999781, 2.399999999999998579, 12.49999999999999822 ) ) ;
#5414 = CARTESIAN_POINT ( 'NONE',  ( 7.384994479999996031, 2.999999999999999112, 12.49999999999999822 ) ) ;
#5415 = CARTESIAN_POINT ( 'NONE',  ( 8.884994479999997807, 7.401105462779416833, 72.34359022400465733 ) ) ;
#5416 = AXIS2_PLACEMENT_3D ( 'NONE', #586, #9123, #8971 ) ;
#5417 = VECTOR ( 'NONE', #1192, 1000.000000000000114 ) ;
#5418 = EDGE_CURVE ( 'NONE', #5457, #6501, #9126, .T. ) ;
#5419 = CARTESIAN_POINT ( 'NONE',  ( -8.884994480000001360, 2.000000000000000888, -13.30000000000000604 ) ) ;
#5420 = ADVANCED_FACE ( 'NONE', ( #3754 ), #9154, .F. ) ;
#5421 = CARTESIAN_POINT ( 'NONE',  ( 8.384994479999997807, 9.698829978653909833, 64.54109561137666162 ) ) ;
#5422 = DIRECTION ( 'NONE',  ( -4.718266420846169878E-17, -0.3535864033687651231, 0.9354018683714186988 ) ) ;
#5423 = CARTESIAN_POINT ( 'NONE',  ( 8.884994479999997807, 6.769020618974778358, 72.49333784860506569 ) ) ;
#5424 = AXIS2_PLACEMENT_3D ( 'NONE', #8409, #1537, #7844 ) ;
#5425 = VERTEX_POINT ( 'NONE', #3557 ) ;
#5426 = VECTOR ( 'NONE', #665, 1000.000000000000227 ) ;
#5427 = CARTESIAN_POINT ( 'NONE',  ( -17.88499448000000314, -1.000000000000002220, 8.499999999999998224 ) ) ;
#5428 = VERTEX_POINT ( 'NONE', #2187 ) ;
#5429 = CARTESIAN_POINT ( 'NONE',  ( -9.884994480000003136, 5.699999999999998401, 12.49999999999999822 ) ) ;
#5430 = FACE_OUTER_BOUND ( 'NONE', #7427, .T. ) ;
#5431 = ADVANCED_FACE ( 'NONE', ( #5095 ), #8213, .F. ) ;
#5432 = EDGE_CURVE ( 'NONE', #8876, #9649, #3605, .T. ) ;
#5433 = VERTEX_POINT ( 'NONE', #3990 ) ;
#5434 = ADVANCED_FACE ( 'NONE', ( #135 ), #6096, .F. ) ;
#5435 = VECTOR ( 'NONE', #1352, 1000.000000000000000 ) ;
#5436 = AXIS2_PLACEMENT_3D ( 'NONE', #3200, #6949, #2539 ) ;
#5437 = ORIENTED_EDGE ( 'NONE', *, *, #7328, .F. ) ;
#5438 = EDGE_CURVE ( 'NONE', #5771, #9046, #1638, .T. ) ;
#5439 = DIRECTION ( 'NONE',  ( 8.934198159537202021E-17, -9.525736817941865835E-33, 1.000000000000000000 ) ) ;
#5440 = CARTESIAN_POINT ( 'NONE',  ( 8.884994479999999584, 7.726896437627724268, 84.18765536983345044 ) ) ;
#5441 = CARTESIAN_POINT ( 'NONE',  ( 8.384994479999997807, 8.881310269058662499, 65.15693644988233757 ) ) ;
#5442 = ORIENTED_EDGE ( 'NONE', *, *, #6215, .T. ) ;
#5443 = DIRECTION ( 'NONE',  ( 1.000000000000000000, 0.000000000000000000, 0.000000000000000000 ) ) ;
#5444 = DIRECTION ( 'NONE',  ( 4.694405158991594471E-17, 0.3517982428440175058, -0.9360758496681034213 ) ) ;
#5445 = EDGE_LOOP ( 'NONE', ( #8965, #5487, #9259, #9767 ) ) ;
#5446 = VECTOR ( 'NONE', #7201, 1000.000000000000000 ) ;
#5447 = VECTOR ( 'NONE', #2538, 1000.000000000000000 ) ;
#5448 = LINE ( 'NONE', #2674, #3792 ) ;
#5449 = CARTESIAN_POINT ( 'NONE',  ( 8.384994479999997807, 8.269791120647768778, 64.10244406675683138 ) ) ;
#5450 = CARTESIAN_POINT ( 'NONE',  ( 7.884994479999997807, 22.00000000000000000, 8.500000000000005329 ) ) ;
#5451 = DIRECTION ( 'NONE',  ( 0.000000000000000000, -0.9449136500009510664, 0.3273197122720842289 ) ) ;
#5452 = EDGE_CURVE ( 'NONE', #4152, #502, #6197, .T. ) ;
#5453 = ADVANCED_FACE ( 'NONE', ( #1492 ), #6892, .T. ) ;
#5454 = VECTOR ( 'NONE', #495, 1000.000000000000000 ) ;
#5455 = CARTESIAN_POINT ( 'NONE',  ( 8.884994480000001360, 7.877678794175357879, 84.23198910022034624 ) ) ;
#5456 = CARTESIAN_POINT ( 'NONE',  ( 7.384994479999996031, 3.800000000000000711, 8.022180064409830836E-32 ) ) ;
#5457 = VERTEX_POINT ( 'NONE', #9277 ) ;
#5458 = CARTESIAN_POINT ( 'NONE',  ( 8.884994479999997807, 9.262339279081469812, 86.73657565646701073 ) ) ;
#5459 = CARTESIAN_POINT ( 'NONE',  ( 6.216365329898467351, 19.66862915010152690, -12.50000000000000178 ) ) ;
#5460 = CARTESIAN_POINT ( 'NONE',  ( -17.88499447999999248, 1.301042606982605518E-15, 126.5000000000000284 ) ) ;
#5461 = DIRECTION ( 'NONE',  ( 1.000000000000000000, -1.066210604224532462E-16, -6.938893903907230350E-16 ) ) ;
#5462 = CARTESIAN_POINT ( 'NONE',  ( 8.384994479999997807, 8.907960691309785517, 75.85167887108960372 ) ) ;
#5463 = ORIENTED_EDGE ( 'NONE', *, *, #2971, .T. ) ;
#5464 = CARTESIAN_POINT ( 'NONE',  ( -7.884994480000007577, 22.00100000000000122, 73.49999999999998579 ) ) ;
#5465 = ORIENTED_EDGE ( 'NONE', *, *, #4864, .F. ) ;
#5466 = CARTESIAN_POINT ( 'NONE',  ( -9.384994480000001360, 0.4999999999999998890, -60.00000000000000000 ) ) ;
#5467 = LINE ( 'NONE', #3822, #8858 ) ;
#5468 = CARTESIAN_POINT ( 'NONE',  ( 8.384994479999994255, 9.742920699772652071, 71.84259586190782443 ) ) ;
#5469 = PLANE ( 'NONE',  #4869 ) ;
#5470 = CARTESIAN_POINT ( 'NONE',  ( 8.884994479999996031, 8.959557316235290614, 65.40431062263328954 ) ) ;
#5471 = VECTOR ( 'NONE', #4684, 1000.000000000000000 ) ;
#5472 = CARTESIAN_POINT ( 'NONE',  ( 8.884994480000001360, 9.690128076633691023, 65.15411271785711733 ) ) ;
#5473 = CARTESIAN_POINT ( 'NONE',  ( 8.384994479999997807, 9.330045757232971582, 84.73131145249065810 ) ) ;
#5474 = FACE_OUTER_BOUND ( 'NONE', #3626, .T. ) ;
#5475 = ORIENTED_EDGE ( 'NONE', *, *, #5122, .T. ) ;
#5476 = CARTESIAN_POINT ( 'NONE',  ( 8.884994479999997807, 6.702458179608773214, 77.26343096871664784 ) ) ;
#5477 = LINE ( 'NONE', #3976, #1361 ) ;
#5478 = CARTESIAN_POINT ( 'NONE',  ( 8.884994479999996031, 6.894308708563329446, 65.98515436503784315 ) ) ;
#5479 = PLANE ( 'NONE',  #7577 ) ;
#5480 = EDGE_CURVE ( 'NONE', #3980, #8064, #7700, .T. ) ;
#5481 = ORIENTED_EDGE ( 'NONE', *, *, #7764, .F. ) ;
#5482 = VERTEX_POINT ( 'NONE', #7042 ) ;
#5483 = CARTESIAN_POINT ( 'NONE',  ( 8.384994479999999584, 22.00000000000000000, 8.000000000000005329 ) ) ;
#5484 = DIRECTION ( 'NONE',  ( -1.000000000000000000, 0.000000000000000000, 0.000000000000000000 ) ) ;
#5485 = CARTESIAN_POINT ( 'NONE',  ( -17.38499447999999958, 1.500000000000029088, -45.00000000000000000 ) ) ;
#5486 = EDGE_CURVE ( 'NONE', #8488, #1294, #3854, .T. ) ;
#5487 = ORIENTED_EDGE ( 'NONE', *, *, #3593, .F. ) ;
#5488 = EDGE_CURVE ( 'NONE', #4373, #6633, #8413, .T. ) ;
#5489 = CARTESIAN_POINT ( 'NONE',  ( 10.38499447999999603, 1.500000000000000000, -60.00000000000000000 ) ) ;
#5490 = ORIENTED_EDGE ( 'NONE', *, *, #5907, .T. ) ;
#5491 = DIRECTION ( 'NONE',  ( -0.000000000000000000, 1.000000000000000000, 0.000000000000000000 ) ) ;
#5492 = DIRECTION ( 'NONE',  ( -0.7071067811865672237, -0.7071067811865279218, 3.968444030891977012E-14 ) ) ;
#5493 = ADVANCED_FACE ( 'NONE', ( #3235 ), #7600, .T. ) ;
#5494 = CYLINDRICAL_SURFACE ( 'NONE', #8610, 1.500000000000001332 ) ;
#5495 = LINE ( 'NONE', #9087, #1800 ) ;
#5496 = AXIS2_PLACEMENT_3D ( 'NONE', #2138, #4442, #691 ) ;
#5497 = B_SPLINE_SURFACE_WITH_KNOTS ( 'NONE', 3, 1, ( 
 ( #2975, #3696 ),
 ( #5881, #9812 ),
 ( #2172, #8303 ),
 ( #1429, #4479 ),
 ( #7537, #6031 ),
 ( #8783, #510 ),
 ( #1905, #6469 ),
 ( #8738, #5763 ),
 ( #7263, #8182 ),
 ( #4315, #7366 ),
 ( #5862, #7316 ) ),
 .UNSPECIFIED., .F., .F., .F.,
 ( 4, 1, 1, 1, 1, 1, 1, 1, 4 ),
 ( 2, 2 ),
 ( 0.000000000000000000, 0.1910599019879634097, 0.3639285089577339871, 0.5173018286577336644, 0.6524984524400153640, 0.7682398733008483083, 0.8644986929248380525, 0.9412816669096609745, 1.000000000000000000 ),
 ( 0.000000000000000000, 1.000000000000000000 ),
 .UNSPECIFIED. ) ;
#5498 = CARTESIAN_POINT ( 'NONE',  ( -17.38499447999999248, 2.000000000000001776, -29.50000000000000000 ) ) ;
#5499 = PLANE ( 'NONE',  #6159 ) ;
#5500 = ORIENTED_EDGE ( 'NONE', *, *, #9188, .F. ) ;
#5501 = EDGE_CURVE ( 'NONE', #5252, #3959, #91, .T. ) ;
#5502 = FACE_OUTER_BOUND ( 'NONE', #5840, .T. ) ;
#5503 = CARTESIAN_POINT ( 'NONE',  ( 8.384994479999996031, 8.257473112210458766, 65.14405697925027994 ) ) ;
#5504 = DIRECTION ( 'NONE',  ( 0.000000000000000000, 0.000000000000000000, -1.000000000000000000 ) ) ;
#5505 = ORIENTED_EDGE ( 'NONE', *, *, #8831, .T. ) ;
#5506 = LINE ( 'NONE', #1550, #1914 ) ;
#5507 = EDGE_CURVE ( 'NONE', #8876, #5713, #3801, .T. ) ;
#5508 = AXIS2_PLACEMENT_3D ( 'NONE', #7822, #5657, #959 ) ;
#5509 = DIRECTION ( 'NONE',  ( 1.000000000000000000, 0.000000000000000000, 0.000000000000000000 ) ) ;
#5510 = ORIENTED_EDGE ( 'NONE', *, *, #531, .T. ) ;
#5511 = CARTESIAN_POINT ( 'NONE',  ( 8.884994479999996031, 9.705395736182749644, 72.21762478274170860 ) ) ;
#5512 = VERTEX_POINT ( 'NONE', #8562 ) ;
#5513 = DIRECTION ( 'NONE',  ( -1.000000000000000000, -1.734723475976805615E-16, 0.000000000000000000 ) ) ;
#5514 = CARTESIAN_POINT ( 'NONE',  ( 8.384994480000001360, 7.948293131128773226, 72.74541265797884648 ) ) ;
#5515 = CARTESIAN_POINT ( 'NONE',  ( -16.38499448000000314, 4.199999999999997513, -60.00000000000000000 ) ) ;
#5516 = DIRECTION ( 'NONE',  ( 0.000000000000000000, 0.7071067811865474617, -0.7071067811865474617 ) ) ;
#5517 = CARTESIAN_POINT ( 'NONE',  ( 8.884994479999997807, 8.921390647613510083, 65.33167086600727202 ) ) ;
#5518 = VECTOR ( 'NONE', #9899, 1000.000000000000000 ) ;
#5519 = CARTESIAN_POINT ( 'NONE',  ( 7.384994479999996031, 2.799999999999998934, 7.699999999999998401 ) ) ;
#5520 = CARTESIAN_POINT ( 'NONE',  ( -8.884994480000001360, 2.000000000000000888, -60.00000000000000000 ) ) ;
#5521 = ORIENTED_EDGE ( 'NONE', *, *, #1644, .F. ) ;
#5522 = FACE_OUTER_BOUND ( 'NONE', #1830, .T. ) ;
#5523 = CARTESIAN_POINT ( 'NONE',  ( -9.884994480000003136, 5.699999999999998401, -12.50000000000000355 ) ) ;
#5524 = PLANE ( 'NONE',  #1546 ) ;
#5525 = CARTESIAN_POINT ( 'NONE',  ( 8.884994479999997807, 9.437270739328097235, 70.50055342321378760 ) ) ;
#5526 = ORIENTED_EDGE ( 'NONE', *, *, #5042, .F. ) ;
#5527 = VERTEX_POINT ( 'NONE', #6293 ) ;
#5528 = DIRECTION ( 'NONE',  ( 0.000000000000000000, 0.000000000000000000, 1.000000000000000000 ) ) ;
#5529 = LINE ( 'NONE', #9403, #3131 ) ;
#5530 = CARTESIAN_POINT ( 'NONE',  ( 8.884994479999997807, 10.29810433846293805, 76.26728140187063332 ) ) ;
#5531 = ORIENTED_EDGE ( 'NONE', *, *, #3595, .T. ) ;
#5532 = CARTESIAN_POINT ( 'NONE',  ( 8.884994479999999584, 9.388396534789819725, 73.38356763146785511 ) ) ;
#5533 = ORIENTED_EDGE ( 'NONE', *, *, #2848, .T. ) ;
#5534 = DIRECTION ( 'NONE',  ( -1.334402673828313832E-16, -1.000000000000000000, 0.000000000000000000 ) ) ;
#5535 = DIRECTION ( 'NONE',  ( -0.000000000000000000, 0.000000000000000000, 1.000000000000000000 ) ) ;
#5536 = LINE ( 'NONE', #7848, #6676 ) ;
#5537 = VECTOR ( 'NONE', #9308, 1000.000000000000114 ) ;
#5538 = EDGE_CURVE ( 'NONE', #5527, #3952, #6145, .T. ) ;
#5539 = EDGE_CURVE ( 'NONE', #9539, #8064, #746, .T. ) ;
#5540 = CARTESIAN_POINT ( 'NONE',  ( 8.884994479999997807, 6.702458179608773214, 70.09518766484710284 ) ) ;
#5541 = CARTESIAN_POINT ( 'NONE',  ( -17.88499448000000669, 0.5000000000000004441, -30.00000000000000000 ) ) ;
#5542 = EDGE_CURVE ( 'NONE', #1447, #77, #9225, .T. ) ;
#5543 = VERTEX_POINT ( 'NONE', #9926 ) ;
#5544 = ORIENTED_EDGE ( 'NONE', *, *, #5617, .F. ) ;
#5545 = VECTOR ( 'NONE', #5818, 1000.000000000000227 ) ;
#5546 = PLANE ( 'NONE',  #7969 ) ;
#5547 = CARTESIAN_POINT ( 'NONE',  ( 7.384994479999996031, 1.999999999999999112, 74.00000000000007105 ) ) ;
#5548 = CARTESIAN_POINT ( 'NONE',  ( 8.384994479999997807, 10.29029738029631780, 65.23313924175222667 ) ) ;
#5549 = ORIENTED_EDGE ( 'NONE', *, *, #3182, .T. ) ;
#5550 = LINE ( 'NONE', #9288, #4786 ) ;
#5551 = VECTOR ( 'NONE', #3319, 1000.000000000000114 ) ;
#5552 = CARTESIAN_POINT ( 'NONE',  ( 8.384994479999997807, 7.324061271574146659, 65.33196489872078416 ) ) ;
#5553 = EDGE_CURVE ( 'NONE', #9713, #8298, #5293, .T. ) ;
#5554 = EDGE_CURVE ( 'NONE', #3267, #5713, #796, .T. ) ;
#5555 = EDGE_CURVE ( 'NONE', #6392, #2196, #8467, .T. ) ;
#5556 = TOROIDAL_SURFACE ( 'NONE', #6203, 0.1999999999999999833, 0.8000000000000000444 ) ;
#5557 = B_SPLINE_CURVE_WITH_KNOTS ( 'NONE', 3,
 ( #1277, #4330, #9054, #7428, #7477, #3692, #2119, #5977, #5174, #9808, #2920 ),
 .UNSPECIFIED., .F., .F.,
 ( 4, 1, 1, 1, 1, 1, 1, 1, 4 ),
 ( 0.000000000000000000, 0.1305301931965944240, 0.2505855235998178943, 0.3660139533960096170, 0.4797918202115126762, 0.5961993545986415954, 0.7185531191416083541, 0.8520790075209241365, 1.000000000000000000 ),
 .UNSPECIFIED. ) ;
#5558 = ADVANCED_FACE ( 'NONE', ( #934 ), #8363, .F. ) ;
#5559 = ORIENTED_EDGE ( 'NONE', *, *, #2244, .F. ) ;
#5560 = CARTESIAN_POINT ( 'NONE',  ( 8.384994479999994255, 9.448129211150888551, 72.58635315038070246 ) ) ;
#5561 = EDGE_LOOP ( 'NONE', ( #5338, #2350, #5094, #8775 ) ) ;
#5562 = CARTESIAN_POINT ( 'NONE',  ( 8.884994479999997807, 6.702458179608773214, 74.05961804512222102 ) ) ;
#5563 = CARTESIAN_POINT ( 'NONE',  ( 8.384994479999997807, 9.393430545289694678, 66.26905136760485959 ) ) ;
#5564 = CARTESIAN_POINT ( 'NONE',  ( 8.384994479999997807, 8.372791401239945586, 75.32731380625671136 ) ) ;
#5565 = AXIS2_PLACEMENT_3D ( 'NONE', #4595, #9283, #806 ) ;
#5566 = CARTESIAN_POINT ( 'NONE',  ( 8.884994479999997807, 10.34286423941982314, 72.04335450318964718 ) ) ;
#5567 = FACE_OUTER_BOUND ( 'NONE', #9262, .T. ) ;
#5568 = EDGE_CURVE ( 'NONE', #2755, #5156, #5635, .T. ) ;
#5569 = CC_DESIGN_APPROVAL ( #9752, ( #7971 ) ) ;
#5570 = DIRECTION ( 'NONE',  ( 0.000000000000000000, 0.7071067811865304753, 0.7071067811865645591 ) ) ;
#5571 = FACE_OUTER_BOUND ( 'NONE', #6703, .T. ) ;
#5572 = DIRECTION ( 'NONE',  ( 0.000000000000000000, -0.000000000000000000, -1.000000000000000000 ) ) ;
#5573 = VERTEX_POINT ( 'NONE', #379 ) ;
#5574 = CARTESIAN_POINT ( 'NONE',  ( 8.384994479999999584, 10.24206598805142043, 65.60385556116871442 ) ) ;
#5575 = CARTESIAN_POINT ( 'NONE',  ( 8.384994479999997807, 9.437270739328097235, 70.50055342321378760 ) ) ;
#5576 = CARTESIAN_POINT ( 'NONE',  ( 6.238547870593265543, 19.99999999999999645, 8.353553390593278394 ) ) ;
#5577 = VECTOR ( 'NONE', #608, 1000.000000000000114 ) ;
#5578 = CARTESIAN_POINT ( 'NONE',  ( 8.884994479999997807, 10.07270423497948642, 71.02924920820630916 ) ) ;
#5579 = ORIENTED_EDGE ( 'NONE', *, *, #298, .F. ) ;
#5580 = ORIENTED_EDGE ( 'NONE', *, *, #186, .F. ) ;
#5581 = LINE ( 'NONE', #5483, #760 ) ;
#5582 = VECTOR ( 'NONE', #167, 1000.000000000000000 ) ;
#5583 = LINE ( 'NONE', #2473, #7441 ) ;
#5584 = CARTESIAN_POINT ( 'NONE',  ( 8.884994479999999584, 9.562543376076016344, 65.48164757205539388 ) ) ;
#5585 = EDGE_LOOP ( 'NONE', ( #1980, #3155, #2034, #8896 ) ) ;
#5586 = CARTESIAN_POINT ( 'NONE',  ( 8.384994479999997807, 6.702458179608773214, 71.96575919420291712 ) ) ;
#5587 = ORIENTED_EDGE ( 'NONE', *, *, #7895, .F. ) ;
#5588 = PLANE ( 'NONE',  #2979 ) ;
#5589 = CARTESIAN_POINT ( 'NONE',  ( 8.884994479999997807, 8.881310269058662499, 65.15693644988233757 ) ) ;
#5590 = CARTESIAN_POINT ( 'NONE',  ( 8.384994479999996031, 2.999999999999999112, -59.50000000000000000 ) ) ;
#5591 = CIRCLE ( 'NONE', #1271, 1.500000000000001332 ) ;
#5592 = VECTOR ( 'NONE', #3445, 1000.000000000000000 ) ;
#5593 = CARTESIAN_POINT ( 'NONE',  ( -17.38499447999996406, -5.804490747979520777E-17, 126.5000000000000284 ) ) ;
#5594 = FACE_OUTER_BOUND ( 'NONE', #6025, .T. ) ;
#5595 = VERTEX_POINT ( 'NONE', #7893 ) ;
#5596 = EDGE_LOOP ( 'NONE', ( #8729, #3032, #8282 ) ) ;
#5597 = VECTOR ( 'NONE', #2290, 1000.000000000000000 ) ;
#5598 = DATE_AND_TIME ( #8863, #9109 ) ;
#5599 = CARTESIAN_POINT ( 'NONE',  ( 8.884994479999997807, 7.775677886478305822, 65.71587503547344511 ) ) ;
#5600 = CARTESIAN_POINT ( 'NONE',  ( 8.384994479999997807, 9.718016929060709685, 66.20897947800146710 ) ) ;
#5601 = ORIENTED_EDGE ( 'NONE', *, *, #4256, .F. ) ;
#5602 = CARTESIAN_POINT ( 'NONE',  ( 8.884994479999997807, 8.269791120647768778, 64.71828490526250732 ) ) ;
#5603 = CARTESIAN_POINT ( 'NONE',  ( -2.884994480000013795, 22.00100000000000122, 86.50000000000002842 ) ) ;
#5604 = EDGE_CURVE ( 'NONE', #8591, #4396, #1028, .T. ) ;
#5605 = ORIENTED_EDGE ( 'NONE', *, *, #3540, .T. ) ;
#5606 = DIRECTION ( 'NONE',  ( 0.000000000000000000, 0.000000000000000000, -1.000000000000000000 ) ) ;
#5607 = ORIENTED_EDGE ( 'NONE', *, *, #8076, .F. ) ;
#5608 = CARTESIAN_POINT ( 'NONE',  ( 8.384994480000001360, 9.338117141410487321, 72.65502911098735694 ) ) ;
#5609 = VERTEX_POINT ( 'NONE', #1071 ) ;
#5610 = DIRECTION ( 'NONE',  ( 0.000000000000000000, 0.000000000000000000, -1.000000000000000000 ) ) ;
#5611 = DIRECTION ( 'NONE',  ( -0.000000000000000000, 1.000000000000000000, -0.000000000000000000 ) ) ;
#5612 = CARTESIAN_POINT ( 'NONE',  ( 8.384994479999996031, 9.635600914082344204, 71.48702134701119348 ) ) ;
#5613 = EDGE_CURVE ( 'NONE', #5231, #9908, #7993, .T. ) ;
#5614 = EDGE_CURVE ( 'NONE', #1024, #9839, #3720, .T. ) ;
#5615 = EDGE_CURVE ( 'NONE', #9066, #6195, #2578, .T. ) ;
#5616 = CARTESIAN_POINT ( 'NONE',  ( 8.384994479999997807, 8.008435176124612198, 72.76091647633330695 ) ) ;
#5617 = EDGE_CURVE ( 'NONE', #7251, #3783, #9486, .T. ) ;
#5618 = FACE_OUTER_BOUND ( 'NONE', #2745, .T. ) ;
#5619 = CARTESIAN_POINT ( 'NONE',  ( 7.384994479999996031, 20.50000000000002487, 138.0000000000000000 ) ) ;
#5620 = CARTESIAN_POINT ( 'NONE',  ( 8.884994479999996031, 6.745461655237040333, 65.63601254147259567 ) ) ;
#5621 = VERTEX_POINT ( 'NONE', #4877 ) ;
#5622 = EDGE_CURVE ( 'NONE', #1230, #6757, #9410, .T. ) ;
#5623 = FACE_OUTER_BOUND ( 'NONE', #9640, .T. ) ;
#5624 = LINE ( 'NONE', #8694, #4739 ) ;
#5625 = PLANE ( 'NONE',  #4219 ) ;
#5626 = VERTEX_POINT ( 'NONE', #3328 ) ;
#5627 = EDGE_LOOP ( 'NONE', ( #9553, #5115, #5887, #4655 ) ) ;
#5628 = LINE ( 'NONE', #7883, #3637 ) ;
#5629 = CARTESIAN_POINT ( 'NONE',  ( -7.384994479999980044, 0.5000000000000837108, 73.49999999999998579 ) ) ;
#5630 = CARTESIAN_POINT ( 'NONE',  ( 8.884994479999996031, 9.647341320396467523, 65.35967126036877062 ) ) ;
#5631 = EDGE_LOOP ( 'NONE', ( #3691, #8903, #9104, #5885 ) ) ;
#5632 = DIRECTION ( 'NONE',  ( -0.000000000000000000, -0.000000000000000000, 1.000000000000000000 ) ) ;
#5633 = VERTEX_POINT ( 'NONE', #5589 ) ;
#5634 = LINE ( 'NONE', #2774, #4578 ) ;
#5635 = LINE ( 'NONE', #7941, #8530 ) ;
#5636 = DIRECTION ( 'NONE',  ( 0.000000000000000000, 0.000000000000000000, -1.000000000000000000 ) ) ;
#5637 = PLANE ( 'NONE',  #1711 ) ;
#5638 = DIRECTION ( 'NONE',  ( 0.000000000000000000, -2.111100016949954907E-32, 1.000000000000000000 ) ) ;
#5639 = VERTEX_POINT ( 'NONE', #6394 ) ;
#5640 = ORIENTED_EDGE ( 'NONE', *, *, #1459, .T. ) ;
#5641 = DIRECTION ( 'NONE',  ( 0.000000000000000000, 0.000000000000000000, -1.000000000000000000 ) ) ;
#5642 = LINE ( 'NONE', #4888, #5592 ) ;
#5643 = ORIENTED_EDGE ( 'NONE', *, *, #9544, .F. ) ;
#5644 = LINE ( 'NONE', #4842, #3996 ) ;
#5645 = CARTESIAN_POINT ( 'NONE',  ( 8.384994479999997807, 6.706035071851439433, 64.93653085196963559 ) ) ;
#5646 = CIRCLE ( 'NONE', #2603, 1.500000000000001332 ) ;
#5647 = VECTOR ( 'NONE', #9910, 1000.000000000000000 ) ;
#5648 = ORIENTED_EDGE ( 'NONE', *, *, #7811, .F. ) ;
#5649 = CARTESIAN_POINT ( 'NONE',  ( 7.384994479999996031, 19.99999999999999645, -59.50000000000000000 ) ) ;
#5650 = VERTEX_POINT ( 'NONE', #8043 ) ;
#5651 = DIRECTION ( 'NONE',  ( -0.5000000000000144329, 0.5000000000000125455, 0.7071067811865284769 ) ) ;
#5652 = ORIENTED_EDGE ( 'NONE', *, *, #7453, .F. ) ;
#5653 = DIRECTION ( 'NONE',  ( -1.375019570461159196E-16, -1.000000000000000000, 0.000000000000000000 ) ) ;
#5654 = CARTESIAN_POINT ( 'NONE',  ( 7.384994479999996031, 2.799999999999998934, 13.30000000000000604 ) ) ;
#5655 = DIRECTION ( 'NONE',  ( 0.000000000000000000, -1.000000000000000000, -5.300619397347801105E-32 ) ) ;
#5656 = AXIS2_PLACEMENT_3D ( 'NONE', #7322, #6522, #9595 ) ;
#5657 = DIRECTION ( 'NONE',  ( 1.639869809431879428E-18, -0.7071067811865278108, 0.7071067811865672237 ) ) ;
#5658 = VECTOR ( 'NONE', #5787, 1000.000000000000000 ) ;
#5659 = EDGE_CURVE ( 'NONE', #6012, #9321, #8609, .T. ) ;
#5660 = EDGE_CURVE ( 'NONE', #4148, #5821, #1731, .T. ) ;
#5661 = CARTESIAN_POINT ( 'NONE',  ( 8.384994479999999584, 7.466786510430519996, 65.61061784832044452 ) ) ;
#5662 = EDGE_CURVE ( 'NONE', #6930, #1896, #3435, .T. ) ;
#5663 = DIRECTION ( 'NONE',  ( -1.000000000000000000, -2.319126125024811375E-18, 0.000000000000000000 ) ) ;
#5664 = CARTESIAN_POINT ( 'NONE',  ( 8.384994479999997807, 8.997149055196395295, 86.44031481075310808 ) ) ;
#5665 = LINE ( 'NONE', #7020, #5582 ) ;
#5666 = ORIENTED_EDGE ( 'NONE', *, *, #2678, .T. ) ;
#5667 = LINE ( 'NONE', #7834, #9862 ) ;
#5668 = LINE ( 'NONE', #2515, #6187 ) ;
#5669 = LINE ( 'NONE', #8033, #2461 ) ;
#5670 = EDGE_CURVE ( 'NONE', #7716, #7439, #9506, .T. ) ;
#5671 = VERTEX_POINT ( 'NONE', #2675 ) ;
#5672 = AXIS2_PLACEMENT_3D ( 'NONE', #3773, #5967, #3072 ) ;
#5673 = B_SPLINE_CURVE_WITH_KNOTS ( 'NONE', 3,
 ( #1922, #9503, #9459, #2575, #7083, #1728, #3432, #7231, #5532, #4874, #9407 ),
 .UNSPECIFIED., .F., .F.,
 ( 4, 1, 1, 1, 1, 1, 1, 1, 4 ),
 ( 0.000000000000000000, 0.1106616101392987883, 0.2239225808856161737, 0.3403671944980551367, 0.4613669275554124760, 0.5879133201723067970, 0.7193097197651187047, 0.8559563679906826428, 1.000000000000000000 ),
 .UNSPECIFIED. ) ;
#5674 = CARTESIAN_POINT ( 'NONE',  ( 7.384994479999996031, 1.999999999999999112, -60.00000000000000000 ) ) ;
#5675 = EDGE_CURVE ( 'NONE', #4677, #3397, #1926, .T. ) ;
#5676 = ORIENTED_EDGE ( 'NONE', *, *, #836, .T. ) ;
#5677 = CARTESIAN_POINT ( 'NONE',  ( 8.384994479999999584, 9.930886067610435575, 73.07059333301528170 ) ) ;
#5678 = ORIENTED_EDGE ( 'NONE', *, *, #4555, .T. ) ;
#5679 = DIRECTION ( 'NONE',  ( -0.7071067811865482389, 0.7071067811865469066, 0.000000000000000000 ) ) ;
#5680 = ORIENTED_EDGE ( 'NONE', *, *, #109, .F. ) ;
#5681 = CARTESIAN_POINT ( 'NONE',  ( -11.18499448000000207, -3.429011037612532083E-16, -60.00000000000000000 ) ) ;
#5682 = CARTESIAN_POINT ( 'NONE',  ( -17.88499448000000314, 4.199999999999997513, -60.00000000000000000 ) ) ;
#5683 = AXIS2_PLACEMENT_3D ( 'NONE', #1021, #1773, #4675 ) ;
#5684 = DIRECTION ( 'NONE',  ( 4.605861719268250263E-18, -1.000000000000000000, 0.000000000000000000 ) ) ;
#5685 = CARTESIAN_POINT ( 'NONE',  ( 8.384994479999996031, 2.999999999999999112, -60.00000000000000000 ) ) ;
#5686 = LINE ( 'NONE', #7285, #2327 ) ;
#5687 = ORIENTED_EDGE ( 'NONE', *, *, #8625, .T. ) ;
#5688 = ORIENTED_EDGE ( 'NONE', *, *, #5184, .F. ) ;
#5689 = CARTESIAN_POINT ( 'NONE',  ( -9.384994480000001360, 0.4999999999999998890, -8.500000000000000000 ) ) ;
#5690 = CARTESIAN_POINT ( 'NONE',  ( 8.884994479999997807, 9.167319559432833387, 86.64297737148291390 ) ) ;
#5691 = ORIENTED_EDGE ( 'NONE', *, *, #8319, .T. ) ;
#5692 = CARTESIAN_POINT ( 'NONE',  ( 5.884994479999996031, 22.00000000000000000, -60.00000000000000000 ) ) ;
#5693 = AXIS2_PLACEMENT_3D ( 'NONE', #2922, #8904, #5082 ) ;
#5694 = CARTESIAN_POINT ( 'NONE',  ( 8.384994479999997807, 7.775677886478305822, 65.71587503547344511 ) ) ;
#5695 = ORIENTED_EDGE ( 'NONE', *, *, #3364, .F. ) ;
#5696 = ORIENTED_EDGE ( 'NONE', *, *, #6722, .F. ) ;
#5697 = CARTESIAN_POINT ( 'NONE',  ( -8.884994479999987149, 1.500000000000028200, -21.50000000000000355 ) ) ;
#5698 = VECTOR ( 'NONE', #5406, 1000.000000000000114 ) ;
#5699 = ORIENTED_EDGE ( 'NONE', *, *, #4759, .T. ) ;
#5700 = DIRECTION ( 'NONE',  ( 0.7071067811865462405, 0.7071067811865489050, 0.000000000000000000 ) ) ;
#5701 = ORIENTED_EDGE ( 'NONE', *, *, #2977, .F. ) ;
#5702 = AXIS2_PLACEMENT_3D ( 'NONE', #3087, #633, #9915 ) ;
#5703 = CARTESIAN_POINT ( 'NONE',  ( -7.884994480000007577, 0.5000000000000004441, 85.50000000000001421 ) ) ;
#5704 = DIRECTION ( 'NONE',  ( 0.7071067811865482389, -1.249925746149316456E-15, 0.7071067811865469066 ) ) ;
#5705 = DIRECTION ( 'NONE',  ( -1.000000000000000000, 0.000000000000000000, 0.000000000000000000 ) ) ;
#5706 = CARTESIAN_POINT ( 'NONE',  ( 8.884994479999997807, 6.702458179608773214, 86.73657565646701073 ) ) ;
#5707 = VECTOR ( 'NONE', #3726, 1000.000000000000000 ) ;
#5708 = CARTESIAN_POINT ( 'NONE',  ( 8.884994479999997807, 6.702458179608773214, 83.84320413801404470 ) ) ;
#5709 = VECTOR ( 'NONE', #3114, 1000.000000000000000 ) ;
#5710 = CARTESIAN_POINT ( 'NONE',  ( 7.584994479999995320, -1.000000000000005107, 7.699999999999998401 ) ) ;
#5711 = CARTESIAN_POINT ( 'NONE',  ( 8.884994479999997807, 10.29810433846293805, 68.72953359489767422 ) ) ;
#5712 = DIRECTION ( 'NONE',  ( 0.000000000000000000, 1.000000000000000000, 0.000000000000000000 ) ) ;
#5713 = VERTEX_POINT ( 'NONE', #4926 ) ;
#5714 = CARTESIAN_POINT ( 'NONE',  ( 8.384994479999997807, 9.691746605846278229, 65.10579687741366683 ) ) ;
#5715 = DIRECTION ( 'NONE',  ( 0.000000000000000000, 0.000000000000000000, 1.000000000000000000 ) ) ;
#5716 = CARTESIAN_POINT ( 'NONE',  ( 8.884994479999997807, 8.492358160528764799, 70.32567780323519457 ) ) ;
#5717 = EDGE_CURVE ( 'NONE', #5035, #2023, #1124, .T. ) ;
#5718 = EDGE_LOOP ( 'NONE', ( #5396, #2032, #5325, #4847 ) ) ;
#5719 = ORIENTED_EDGE ( 'NONE', *, *, #8189, .F. ) ;
#5720 = CARTESIAN_POINT ( 'NONE',  ( 8.384994479999996031, 9.742920699772652071, 71.84259586190782443 ) ) ;
#5721 = ORIENTED_EDGE ( 'NONE', *, *, #3162, .T. ) ;
#5722 = CARTESIAN_POINT ( 'NONE',  ( 6.592101261186540384, 22.00000000000000000, 8.000000000000005329 ) ) ;
#5723 = ORIENTED_EDGE ( 'NONE', *, *, #142, .F. ) ;
#5724 = DIRECTION ( 'NONE',  ( -1.000000000000000000, 0.000000000000000000, -0.000000000000000000 ) ) ;
#5725 = ORIENTED_EDGE ( 'NONE', *, *, #4069, .T. ) ;
#5726 = EDGE_CURVE ( 'NONE', #751, #9872, #4221, .T. ) ;
#5727 = EDGE_CURVE ( 'NONE', #412, #8206, #3278, .T. ) ;
#5728 = ADVANCED_FACE ( 'NONE', ( #5083 ), #3695, .F. ) ;
#5729 = CARTESIAN_POINT ( 'NONE',  ( 5.384994479999996031, 21.50000000000000000, 137.4999999999999716 ) ) ;
#5730 = EDGE_CURVE ( 'NONE', #2280, #8450, #7384, .T. ) ;
#5731 = CARTESIAN_POINT ( 'NONE',  ( 8.884994479999997807, 10.29810433846293805, 67.99700712383304335 ) ) ;
#5732 = CARTESIAN_POINT ( 'NONE',  ( -8.884994480000001360, 1.797994674709483410E-17, -8.500000000000001776 ) ) ;
#5733 = EDGE_CURVE ( 'NONE', #4233, #7439, #2079, .T. ) ;
#5734 = AXIS2_PLACEMENT_3D ( 'NONE', #7889, #5679, #3325 ) ;
#5735 = VECTOR ( 'NONE', #6372, 1000.000000000000000 ) ;
#5736 = CARTESIAN_POINT ( 'NONE',  ( -7.884994480000007577, 1.499999999999997780, 73.99999999999998579 ) ) ;
#5737 = LINE ( 'NONE', #9615, #6327 ) ;
#5738 = VERTEX_POINT ( 'NONE', #2775 ) ;
#5739 = ORIENTED_EDGE ( 'NONE', *, *, #3668, .T. ) ;
#5740 = CALENDAR_DATE ( 2023, 16, 1 ) ;
#5741 = LINE ( 'NONE', #2585, #9781 ) ;
#5742 = DIRECTION ( 'NONE',  ( -0.000000000000000000, 0.000000000000000000, -1.000000000000000000 ) ) ;
#5743 = VERTEX_POINT ( 'NONE', #8852 ) ;
#5744 = VECTOR ( 'NONE', #2771, 1000.000000000000000 ) ;
#5745 = AXIS2_PLACEMENT_3D ( 'NONE', #4078, #7987, #1022 ) ;
#5746 = EDGE_CURVE ( 'NONE', #5128, #130, #8860, .T. ) ;
#5747 = FACE_OUTER_BOUND ( 'NONE', #8768, .T. ) ;
#5748 = DIRECTION ( 'NONE',  ( -0.7999999999999967137, 0.000000000000000000, -0.6000000000000043077 ) ) ;
#5749 = EDGE_LOOP ( 'NONE', ( #3376, #6176, #1450, #9319, #1182, #3712 ) ) ;
#5750 = B_SPLINE_CURVE_WITH_KNOTS ( 'NONE', 3,
 ( #6377, #6971, #1810, #9447, #970, #4022, #5575, #7923, #9397, #8646, #6230, #1767, #7067, #1012, #4816, #7877, #1056, #4117, #4067 ),
 .UNSPECIFIED., .F., .F.,
 ( 4, 1, 1, 1, 1, 1, 1, 1, 1, 1, 1, 1, 1, 1, 1, 1, 4 ),
 ( 0.000000000000000000, 0.07579051948909629188, 0.1478534747076596378, 0.2160625612839166265, 0.2815137391824182878, 0.3441472867208705266, 0.4050398480292150549, 0.4648719310626860390, 0.5240790728485292815, 0.5827249968329573093, 0.6403617283199171117, 0.6973287607626795781, 0.7546841663265049238, 0.8131130606049203902, 0.8730146042387284533, 0.9351953611967567248, 1.000000000000000000 ),
 .UNSPECIFIED. ) ;
#5751 = AXIS2_PLACEMENT_3D ( 'NONE', #8372, #3616, #1502 ) ;
#5752 = LINE ( 'NONE', #5148, #8980 ) ;
#5753 = VECTOR ( 'NONE', #3568, 1000.000000000000000 ) ;
#5754 = ORIENTED_EDGE ( 'NONE', *, *, #5554, .T. ) ;
#5755 = CARTESIAN_POINT ( 'NONE',  ( -8.884994480000001360, 0.000000000000000000, -60.00000000000000000 ) ) ;
#5756 = ORIENTED_EDGE ( 'NONE', *, *, #7525, .T. ) ;
#5757 = CARTESIAN_POINT ( 'NONE',  ( 8.384994479999994255, 8.228887910425306984, 66.28424535349884650 ) ) ;
#5758 = FACE_OUTER_BOUND ( 'NONE', #694, .T. ) ;
#5759 = CARTESIAN_POINT ( 'NONE',  ( 8.384994479999999584, 7.674686856711772975, 73.41877106121653185 ) ) ;
#5760 = CARTESIAN_POINT ( 'NONE',  ( 8.384994479999994255, 9.902607045283453147, 66.10038490849895254 ) ) ;
#5761 = LINE ( 'NONE', #3617, #9363 ) ;
#5762 = DIRECTION ( 'NONE',  ( 0.000000000000000000, 1.000000000000000000, 0.000000000000000000 ) ) ;
#5763 = CARTESIAN_POINT ( 'NONE',  ( 8.384994479999997807, 8.876140676423439402, 65.07842757236203113 ) ) ;
#5764 = LINE ( 'NONE', #4114, #4844 ) ;
#5765 = CARTESIAN_POINT ( 'NONE',  ( 8.384994479999999584, 9.683267654055732976, 72.27992406307343742 ) ) ;
#5766 = ORIENTED_EDGE ( 'NONE', *, *, #5775, .F. ) ;
#5767 = DIRECTION ( 'NONE',  ( 1.000000000000000000, -1.066210604224532462E-16, 0.000000000000000000 ) ) ;
#5768 = PLANE ( 'NONE',  #7623 ) ;
#5769 = CARTESIAN_POINT ( 'NONE',  ( 7.384994479999996031, 19.99999999999999645, -13.30000000000000604 ) ) ;
#5770 = ORIENTED_EDGE ( 'NONE', *, *, #404, .T. ) ;
#5771 = VERTEX_POINT ( 'NONE', #9058 ) ;
#5772 = DIRECTION ( 'NONE',  ( 4.505775262277422587E-16, -4.804105364892761947E-32, 1.000000000000000000 ) ) ;
#5773 = PLANE ( 'NONE',  #2219 ) ;
#5774 = ORIENTED_EDGE ( 'NONE', *, *, #962, .F. ) ;
#5775 = EDGE_CURVE ( 'NONE', #3244, #3721, #5829, .T. ) ;
#5776 = CARTESIAN_POINT ( 'NONE',  ( 8.884994480000001360, 7.304918843063679113, 70.67600562904138428 ) ) ;
#5777 = EDGE_LOOP ( 'NONE', ( #9573, #2714, #4898, #1514 ) ) ;
#5778 = LINE ( 'NONE', #7279, #5217 ) ;
#5779 = DIRECTION ( 'NONE',  ( 1.000000000000000000, 4.605861719268250263E-18, -1.192622389734055617E-16 ) ) ;
#5780 = DIRECTION ( 'NONE',  ( 0.000000000000000000, -1.000000000000000000, 0.000000000000000000 ) ) ;
#5781 = ORIENTED_EDGE ( 'NONE', *, *, #733, .T. ) ;
#5782 = EDGE_CURVE ( 'NONE', #6501, #4889, #2825, .T. ) ;
#5783 = PLANE ( 'NONE',  #8760 ) ;
#5784 = EDGE_CURVE ( 'NONE', #5512, #4796, #6635, .T. ) ;
#5785 = CARTESIAN_POINT ( 'NONE',  ( -17.38499448000001379, 0.2500000000000001665, -45.24999999999998579 ) ) ;
#5786 = ORIENTED_EDGE ( 'NONE', *, *, #3098, .F. ) ;
#5787 = DIRECTION ( 'NONE',  ( 1.000000000000000000, 1.034421358364929758E-16, 0.000000000000000000 ) ) ;
#5788 = ORIENTED_EDGE ( 'NONE', *, *, #7764, .T. ) ;
#5789 = ADVANCED_FACE ( 'NONE', ( #1280 ), #9707, .T. ) ;
#5790 = PERSON_AND_ORGANIZATION_ROLE ( 'design_supplier' ) ;
#5791 = LINE ( 'NONE', #2834, #8788 ) ;
#5792 = CARTESIAN_POINT ( 'NONE',  ( 8.884994479999997807, 8.997149055196395295, 86.44031481075310808 ) ) ;
#5793 = EDGE_LOOP ( 'NONE', ( #3449, #8098, #4535, #6580, #1034 ) ) ;
#5794 = LINE ( 'NONE', #9423, #8330 ) ;
#5795 = LINE ( 'NONE', #5842, #7950 ) ;
#5796 = VERTEX_POINT ( 'NONE', #1974 ) ;
#5797 = ORIENTED_EDGE ( 'NONE', *, *, #2971, .F. ) ;
#5798 = CARTESIAN_POINT ( 'NONE',  ( 8.384994479999999584, 8.700706643988997513, 85.90223503639883518 ) ) ;
#5799 = EDGE_CURVE ( 'NONE', #4916, #8591, #8302, .T. ) ;
#5800 = ORIENTED_EDGE ( 'NONE', *, *, #9606, .F. ) ;
#5801 = LINE ( 'NONE', #4198, #5902 ) ;
#5802 = ORIENTED_EDGE ( 'NONE', *, *, #3725, .T. ) ;
#5803 = EDGE_CURVE ( 'NONE', #815, #8017, #9010, .T. ) ;
#5804 = FACE_OUTER_BOUND ( 'NONE', #8908, .T. ) ;
#5805 = CARTESIAN_POINT ( 'NONE',  ( 8.884994479999997807, 8.242155222509021328, 65.29047971205312706 ) ) ;
#5806 = CARTESIAN_POINT ( 'NONE',  ( -7.884994480000004025, 0.5000000000000559552, 21.49999999999999289 ) ) ;
#5807 = CARTESIAN_POINT ( 'NONE',  ( 9.531441089406701650, 21.64644660940670562, 138.0000000000000000 ) ) ;
#5808 = VECTOR ( 'NONE', #3415, 1000.000000000000000 ) ;
#5809 = LINE ( 'NONE', #5706, #1325 ) ;
#5810 = EDGE_CURVE ( 'NONE', #8751, #3721, #4478, .T. ) ;
#5811 = CARTESIAN_POINT ( 'NONE',  ( 8.884994479999997807, 10.29810433846293805, 77.21733294103901812 ) ) ;
#5812 = ORIENTED_EDGE ( 'NONE', *, *, #7573, .T. ) ;
#5813 = CARTESIAN_POINT ( 'NONE',  ( 8.884994479999999584, 7.590533229288937811, 70.50233909837950819 ) ) ;
#5814 = CARTESIAN_POINT ( 'NONE',  ( -2.884994479999994699, 1.500000000000025535, -30.49999999999997158 ) ) ;
#5815 = CARTESIAN_POINT ( 'NONE',  ( 8.884994479999999584, 9.930886067610435575, 73.07059333301528170 ) ) ;
#5816 = EDGE_LOOP ( 'NONE', ( #7126, #2185, #574, #3743 ) ) ;
#5817 = CARTESIAN_POINT ( 'NONE',  ( 5.384994479999996031, 21.50000000000000000, -60.00000000000000000 ) ) ;
#5818 = DIRECTION ( 'NONE',  ( 0.5773502691896154060, -0.5773502691896148509, -0.5773502691896468253 ) ) ;
#5819 = FACE_OUTER_BOUND ( 'NONE', #1982, .T. ) ;
#5820 = VECTOR ( 'NONE', #2962, 1000.000000000000000 ) ;
#5821 = VERTEX_POINT ( 'NONE', #5181 ) ;
#5822 = PLANE ( 'NONE',  #7331 ) ;
#5823 = DIRECTION ( 'NONE',  ( -1.084202172485504804E-16, -1.000000000000000000, 0.000000000000000000 ) ) ;
#5824 = ORIENTED_EDGE ( 'NONE', *, *, #2724, .F. ) ;
#5825 = B_SPLINE_CURVE_WITH_KNOTS ( 'NONE', 3,
 ( #2071, #8748, #5720, #1117, #7228, #1967, #9754, #5022, #5123, #2668, #1272, #4368, #9548, #4172, #8795, #8141, #7424, #3633, #371 ),
 .UNSPECIFIED., .F., .F.,
 ( 4, 1, 1, 1, 1, 1, 1, 1, 1, 1, 1, 1, 1, 1, 1, 1, 4 ),
 ( 0.000000000000000000, 0.05863713785793926020, 0.1144421474108361231, 0.1690482052544556302, 0.2219952735496053542, 0.2747684321805583529, 0.3268888808506663635, 0.3804769582634849878, 0.4349208394101387043, 0.4912567423742045802, 0.5503904738002451946, 0.6127623717388959168, 0.6797200153273668111, 0.7510744632463958181, 0.8281288448344793496, 0.9112525307144468956, 0.9999999999999998890 ),
 .UNSPECIFIED. ) ;
#5826 = LINE ( 'NONE', #2076, #2226 ) ;
#5827 = ORIENTED_EDGE ( 'NONE', *, *, #8747, .F. ) ;
#5828 = LINE ( 'NONE', #5681, #2819 ) ;
#5829 = LINE ( 'NONE', #7480, #206 ) ;
#5830 = DIRECTION ( 'NONE',  ( 0.000000000000000000, -1.000000000000000000, 0.000000000000000000 ) ) ;
#5831 = DIRECTION ( 'NONE',  ( 4.605861719268250263E-18, -1.000000000000000000, 0.000000000000000000 ) ) ;
#5832 = CARTESIAN_POINT ( 'NONE',  ( 4.031441089406720302, 22.00000000000000000, 6.853553390593266847 ) ) ;
#5833 = ORIENTED_EDGE ( 'NONE', *, *, #7266, .F. ) ;
#5834 = CARTESIAN_POINT ( 'NONE',  ( -17.38499447999996406, 2.000000000000001776, 137.4999999999999716 ) ) ;
#5835 = ORIENTED_EDGE ( 'NONE', *, *, #9807, .F. ) ;
#5836 = VECTOR ( 'NONE', #2459, 1000.000000000000000 ) ;
#5837 = APPROVAL_ROLE ( '' ) ;
#5838 = CARTESIAN_POINT ( 'NONE',  ( 8.884994479999997807, 7.766314224606289507, 84.19830300746819773 ) ) ;
#5839 = DIRECTION ( 'NONE',  ( 1.000000000000000000, 2.319126125024811375E-18, 0.000000000000000000 ) ) ;
#5840 = EDGE_LOOP ( 'NONE', ( #7706, #8358, #5245, #3781 ) ) ;
#5841 = CARTESIAN_POINT ( 'NONE',  ( 8.884994480000001360, -2.710505431213759113E-16, 137.4999999999999716 ) ) ;
#5842 = CARTESIAN_POINT ( 'NONE',  ( 8.884994479999997807, 8.544938723348547427, 71.01714821839945557 ) ) ;
#5843 = ADVANCED_FACE ( 'NONE', ( #5028 ), #8150, .F. ) ;
#5844 = ORIENTED_EDGE ( 'NONE', *, *, #9315, .F. ) ;
#5845 = EDGE_CURVE ( 'NONE', #4396, #7571, #9658, .T. ) ;
#5846 = CARTESIAN_POINT ( 'NONE',  ( 8.384994479999996031, 8.852837202458424315, 86.22082536669768160 ) ) ;
#5847 = VERTEX_POINT ( 'NONE', #8905 ) ;
#5848 = CARTESIAN_POINT ( 'NONE',  ( 8.884994479999999584, 10.29310859399956612, 65.14950023035260074 ) ) ;
#5849 = EDGE_LOOP ( 'NONE', ( #1716, #1607, #2013 ) ) ;
#5850 = CARTESIAN_POINT ( 'NONE',  ( 8.884994480000001360, 8.484867492970165515, 66.04859888490182129 ) ) ;
#5851 = CARTESIAN_POINT ( 'NONE',  ( -2.384994479999930750, 2.000000000000000000, 72.99999999999992895 ) ) ;
#5852 = DIRECTION ( 'NONE',  ( -1.000000000000000000, -1.734723475976805615E-16, 0.000000000000000000 ) ) ;
#5853 = CARTESIAN_POINT ( 'NONE',  ( -7.884994480000005801, 1.499999999999945821, 22.00000000000004619 ) ) ;
#5854 = EDGE_CURVE ( 'NONE', #393, #6186, #9811, .T. ) ;
#5855 = EDGE_CURVE ( 'NONE', #9863, #2790, #3589, .T. ) ;
#5856 = EDGE_CURVE ( 'NONE', #2553, #5311, #2169, .T. ) ;
#5857 = DIRECTION ( 'NONE',  ( -1.000000000000000000, 1.334402673828313832E-16, -0.000000000000000000 ) ) ;
#5858 = EDGE_CURVE ( 'NONE', #9709, #636, #6683, .T. ) ;
#5859 = VECTOR ( 'NONE', #2625, 1000.000000000000000 ) ;
#5860 = LINE ( 'NONE', #7972, #5097 ) ;
#5861 = VERTEX_POINT ( 'NONE', #6182 ) ;
#5862 = CARTESIAN_POINT ( 'NONE',  ( 8.884994479999997807, 8.881310269058662499, 65.15693644988233757 ) ) ;
#5863 = CARTESIAN_POINT ( 'NONE',  ( 8.384994479999997807, 9.585133452808214827, 72.44888245337641308 ) ) ;
#5864 = ORIENTED_EDGE ( 'NONE', *, *, #9607, .T. ) ;
#5865 = VECTOR ( 'NONE', #2566, 1000.000000000000000 ) ;
#5866 = CARTESIAN_POINT ( 'NONE',  ( 5.384994479999996031, 21.50000000000000000, -12.49999999999999645 ) ) ;
#5867 = CARTESIAN_POINT ( 'NONE',  ( 5.384994479999996919, 22.00000000000000000, 12.49999999999999645 ) ) ;
#5868 = EDGE_CURVE ( 'NONE', #3508, #5299, #9279, .T. ) ;
#5869 = LINE ( 'NONE', #516, #8882 ) ;
#5870 = VECTOR ( 'NONE', #9414, 1000.000000000000000 ) ;
#5871 = ORIENTED_EDGE ( 'NONE', *, *, #1860, .T. ) ;
#5872 = EDGE_LOOP ( 'NONE', ( #7232, #1134, #9293, #7241 ) ) ;
#5873 = CARTESIAN_POINT ( 'NONE',  ( -17.38499447999996406, -5.804490747979514614E-17, 137.4999999999999716 ) ) ;
#5874 = LINE ( 'NONE', #2769, #3993 ) ;
#5875 = ORIENTED_EDGE ( 'NONE', *, *, #5361, .T. ) ;
#5876 = CARTESIAN_POINT ( 'NONE',  ( 8.384994479999997807, 8.895001747978417583, 65.24792348902897743 ) ) ;
#5877 = EDGE_LOOP ( 'NONE', ( #4362, #9208, #8892, #7756 ) ) ;
#5878 = LINE ( 'NONE', #5129, #4417 ) ;
#5879 = CARTESIAN_POINT ( 'NONE',  ( 7.584994479999997985, 22.00000000000000000, 7.699999999999998401 ) ) ;
#5880 = AXIS2_PLACEMENT_3D ( 'NONE', #3812, #3714, #6752 ) ;
#5881 = CARTESIAN_POINT ( 'NONE',  ( 8.884994479999999584, 8.868987723731345696, 64.63833395142248150 ) ) ;
#5882 = VERTEX_POINT ( 'NONE', #6879 ) ;
#5883 = CARTESIAN_POINT ( 'NONE',  ( -2.384994479999985373, 1.507431981266131477E-17, 86.50000000000002842 ) ) ;
#5884 = FACE_OUTER_BOUND ( 'NONE', #5718, .T. ) ;
#5885 = ORIENTED_EDGE ( 'NONE', *, *, #666, .F. ) ;
#5886 = CARTESIAN_POINT ( 'NONE',  ( 6.238547870593290412, 20.35355339059329083, 138.0000000000000000 ) ) ;
#5887 = ORIENTED_EDGE ( 'NONE', *, *, #1460, .F. ) ;
#5888 = APPROVAL_STATUS ( 'not_yet_approved' ) ;
#5889 = PLANE ( 'NONE',  #3022 ) ;
#5890 = CARTESIAN_POINT ( 'NONE',  ( -7.884994480000004025, 1.499999999999942268, 21.49999999999999289 ) ) ;
#5891 = ORIENTED_EDGE ( 'NONE', *, *, #298, .T. ) ;
#5892 = DIRECTION ( 'NONE',  ( 0.7071067811865493491, 0.000000000000000000, 0.7071067811865456854 ) ) ;
#5893 = LINE ( 'NONE', #2940, #5283 ) ;
#5894 = PLANE ( 'NONE',  #9088 ) ;
#5895 = VECTOR ( 'NONE', #9204, 1000.000000000000000 ) ;
#5896 = VECTOR ( 'NONE', #8025, 1000.000000000000000 ) ;
#5897 = VERTEX_POINT ( 'NONE', #3129 ) ;
#5898 = CARTESIAN_POINT ( 'NONE',  ( 8.884994479999997807, 8.684673369746326088, 85.86071313059227350 ) ) ;
#5899 = VERTEX_POINT ( 'NONE', #7588 ) ;
#5900 = VECTOR ( 'NONE', #9378, 1000.000000000000000 ) ;
#5901 = ORIENTED_EDGE ( 'NONE', *, *, #470, .T. ) ;
#5902 = VECTOR ( 'NONE', #1045, 1000.000000000000000 ) ;
#5903 = DIRECTION ( 'NONE',  ( 1.000000000000000000, 0.000000000000000000, 0.000000000000000000 ) ) ;
#5904 = CARTESIAN_POINT ( 'NONE',  ( 7.384994479999996031, 18.99999999999999645, -13.30000000000000604 ) ) ;
#5905 = PLANE ( 'NONE',  #7675 ) ;
#5906 = CARTESIAN_POINT ( 'NONE',  ( -9.384994480000001360, 0.4999999999999998890, 8.499999999999992895 ) ) ;
#5907 = EDGE_CURVE ( 'NONE', #6346, #7555, #2223, .T. ) ;
#5908 = CARTESIAN_POINT ( 'NONE',  ( 8.384994479999997807, 6.702458179608773214, 74.05961804512222102 ) ) ;
#5909 = VECTOR ( 'NONE', #4501, 1000.000000000000000 ) ;
#5910 = VECTOR ( 'NONE', #2099, 1000.000000000000000 ) ;
#5911 = ORIENTED_EDGE ( 'NONE', *, *, #4652, .F. ) ;
#5912 = CARTESIAN_POINT ( 'NONE',  ( 7.384994479999996031, 0.4999999999999726885, -60.00000000000000000 ) ) ;
#5913 = VERTEX_POINT ( 'NONE', #9214 ) ;
#5914 = EDGE_CURVE ( 'NONE', #6899, #3399, #729, .T. ) ;
#5915 = DIRECTION ( 'NONE',  ( 0.000000000000000000, -0.3162277660168372195, 0.9486832980505141011 ) ) ;
#5916 = DIRECTION ( 'NONE',  ( 0.7071067811865455743, -0.000000000000000000, 0.7071067811865495711 ) ) ;
#5917 = CARTESIAN_POINT ( 'NONE',  ( 8.384994479999999584, 9.497332275014461089, 72.54447158765448478 ) ) ;
#5918 = VERTEX_POINT ( 'NONE', #4671 ) ;
#5919 = AXIS2_PLACEMENT_3D ( 'NONE', #1994, #2892, #5044 ) ;
#5920 = EDGE_CURVE ( 'NONE', #3316, #2087, #7732, .T. ) ;
#5921 = LINE ( 'NONE', #8842, #5199 ) ;
#5922 = LINE ( 'NONE', #2015, #4268 ) ;
#5923 = CARTESIAN_POINT ( 'NONE',  ( 8.884994480000001360, 4.121084563853848997E-17, -60.00000000000000000 ) ) ;
#5924 = CARTESIAN_POINT ( 'NONE',  ( -2.384994479999985373, 1.507431981266131477E-17, 86.50000000000002842 ) ) ;
#5925 = CARTESIAN_POINT ( 'NONE',  ( 8.884994479999997807, 8.869065480456796990, 64.60303983606846145 ) ) ;
#5926 = EDGE_CURVE ( 'NONE', #3947, #9699, #4720, .T. ) ;
#5927 = DIRECTION ( 'NONE',  ( 0.000000000000000000, -0.000000000000000000, -1.000000000000000000 ) ) ;
#5928 = ORIENTED_EDGE ( 'NONE', *, *, #7955, .T. ) ;
#5929 = CARTESIAN_POINT ( 'NONE',  ( 10.38499447999999603, 21.50000000000000000, -59.50000000000000000 ) ) ;
#5930 = ORIENTED_EDGE ( 'NONE', *, *, #3332, .T. ) ;
#5931 = CARTESIAN_POINT ( 'NONE',  ( -11.18499447999999852, 0.6999999999999990674, -60.00000000000000000 ) ) ;
#5932 = CARTESIAN_POINT ( 'NONE',  ( -2.884994480000008910, 0.5000000000000559552, 34.00000000000004263 ) ) ;
#5933 = FACE_OUTER_BOUND ( 'NONE', #7286, .T. ) ;
#5934 = ORIENTED_EDGE ( 'NONE', *, *, #8383, .F. ) ;
#5935 = VERTEX_POINT ( 'NONE', #3884 ) ;
#5936 = DIRECTION ( 'NONE',  ( 0.000000000000000000, 0.7071067811865489050, 0.7071067811865462405 ) ) ;
#5937 = LINE ( 'NONE', #9016, #8418 ) ;
#5938 = ORIENTED_EDGE ( 'NONE', *, *, #174, .T. ) ;
#5939 = ORIENTED_EDGE ( 'NONE', *, *, #1188, .F. ) ;
#5940 = CARTESIAN_POINT ( 'NONE',  ( -7.634994479999993366, 1.499999999999984457, 85.75000000000001421 ) ) ;
#5941 = FACE_OUTER_BOUND ( 'NONE', #4391, .T. ) ;
#5942 = VERTEX_POINT ( 'NONE', #9264 ) ;
#5943 = DIRECTION ( 'NONE',  ( -1.239037099348125277E-16, -0.7071067811865284769, -0.7071067811865665576 ) ) ;
#5944 = DIRECTION ( 'NONE',  ( -1.000000000000000000, 1.334402673828313832E-16, -0.000000000000000000 ) ) ;
#5945 = CARTESIAN_POINT ( 'NONE',  ( 8.884994479999997807, 7.303881459926833131, 71.83878230695721356 ) ) ;
#5946 = B_SPLINE_CURVE_WITH_KNOTS ( 'NONE', 3,
 ( #493, #2635, #5690, #8915, #5792, #4840, #1234, #7903, #292, #1038, #9469 ),
 .UNSPECIFIED., .F., .F.,
 ( 4, 1, 1, 1, 1, 1, 1, 1, 4 ),
 ( 0.000000000000000000, 0.1265709095624268088, 0.2514247494891280743, 0.3764250499327859711, 0.5000934709746258644, 0.6241806899120380114, 0.7481334495533760176, 0.8738690196222111961, 1.000000000000000000 ),
 .UNSPECIFIED. ) ;
#5947 = VERTEX_POINT ( 'NONE', #8351 ) ;
#5948 = LINE ( 'NONE', #1190, #4636 ) ;
#5949 = VERTEX_POINT ( 'NONE', #3176 ) ;
#5950 = VERTEX_POINT ( 'NONE', #4526 ) ;
#5951 = DIRECTION ( 'NONE',  ( 0.7071067811865279218, -2.884444029575185734E-16, 0.7071067811865671127 ) ) ;
#5952 = DIRECTION ( 'NONE',  ( 1.000000000000000000, -2.891205793294675861E-15, 0.000000000000000000 ) ) ;
#5953 = FACE_OUTER_BOUND ( 'NONE', #7037, .T. ) ;
#5954 = FACE_OUTER_BOUND ( 'NONE', #2657, .T. ) ;
#5955 = CARTESIAN_POINT ( 'NONE',  ( -17.88499447999999958, -1.000000000000002220, -8.500000000000001776 ) ) ;
#5956 = ORIENTED_EDGE ( 'NONE', *, *, #7958, .T. ) ;
#5957 = CARTESIAN_POINT ( 'NONE',  ( -17.88499447999998893, 1.301042606982602954E-15, -22.00000000000000711 ) ) ;
#5958 = ORIENTED_EDGE ( 'NONE', *, *, #4814, .T. ) ;
#5959 = ORIENTED_EDGE ( 'NONE', *, *, #5615, .F. ) ;
#5960 = AXIS2_PLACEMENT_3D ( 'NONE', #3466, #8080, #7920 ) ;
#5961 = LINE ( 'NONE', #3676, #2833 ) ;
#5962 = CARTESIAN_POINT ( 'NONE',  ( 8.384994479999996031, 8.869832124842560006, 64.80111703608940843 ) ) ;
#5963 = CARTESIAN_POINT ( 'NONE',  ( 8.884994479999997807, 9.667950144057407158, 73.26482501678439974 ) ) ;
#5964 = VECTOR ( 'NONE', #4976, 1000.000000000000000 ) ;
#5965 = ORIENTED_EDGE ( 'NONE', *, *, #4500, .T. ) ;
#5966 = B_SPLINE_SURFACE_WITH_KNOTS ( 'NONE', 3, 1, ( 
 ( #1820, #4776 ),
 ( #9318, #3230 ),
 ( #2474, #9405 ),
 ( #4032, #9457 ),
 ( #8604, #7080 ),
 ( #5584, #7886 ),
 ( #3322, #2573 ),
 ( #5630, #7933 ),
 ( #518, #5125 ),
 ( #4971, #1968 ),
 ( #4278, #3536 ) ),
 .UNSPECIFIED., .F., .F., .F.,
 ( 4, 1, 1, 1, 1, 1, 1, 1, 4 ),
 ( 2, 2 ),
 ( 0.000000000000000000, 0.1305301931965944240, 0.2505855235998178943, 0.3660139533960096170, 0.4797918202115126762, 0.5961993545986415954, 0.7185531191416083541, 0.8520790075209241365, 1.000000000000000000 ),
 ( 0.000000000000000000, 1.000000000000000000 ),
 .UNSPECIFIED. ) ;
#5967 = DIRECTION ( 'NONE',  ( -6.938893903907230350E-16, -3.195958580607013018E-33, -1.000000000000000000 ) ) ;
#5968 = CARTESIAN_POINT ( 'NONE',  ( 8.884994479999997807, 6.702458179608773214, 63.41097365159257038 ) ) ;
#5969 = ADVANCED_FACE ( 'NONE', ( #9108, #2372 ), #5479, .F. ) ;
#5970 = EDGE_CURVE ( 'NONE', #5899, #3388, #5330, .T. ) ;
#5971 = VECTOR ( 'NONE', #9181, 1000.000000000000114 ) ;
#5972 = CARTESIAN_POINT ( 'NONE',  ( 8.884994479999997807, 9.686585190052042549, 65.19367081568793765 ) ) ;
#5973 = EDGE_CURVE ( 'NONE', #4137, #8093, #8402, .T. ) ;
#5974 = CARTESIAN_POINT ( 'NONE',  ( 8.884994479999997807, 6.704698045968550346, 72.10554616806869888 ) ) ;
#5975 = CARTESIAN_POINT ( 'NONE',  ( 8.884994479999997807, 7.501884610087696359, 66.38143796407564423 ) ) ;
#5976 = ORIENTED_EDGE ( 'NONE', *, *, #8127, .T. ) ;
#5977 = CARTESIAN_POINT ( 'NONE',  ( 8.384994479999996031, 9.647341320396467523, 65.35967126036877062 ) ) ;
#5978 = VERTEX_POINT ( 'NONE', #923 ) ;
#5979 = VECTOR ( 'NONE', #3874, 1000.000000000000000 ) ;
#5980 = CARTESIAN_POINT ( 'NONE',  ( 8.884994479999997807, 7.704046316519453264, 66.40589864127612429 ) ) ;
#5981 = CARTESIAN_POINT ( 'NONE',  ( 7.384994479999996031, 19.99999999999999645, -60.00000000000000000 ) ) ;
#5982 = EDGE_CURVE ( 'NONE', #1316, #4646, #3256, .T. ) ;
#5983 = CARTESIAN_POINT ( 'NONE',  ( 8.884994479999997807, 7.744705774132406795, 66.40734545063772032 ) ) ;
#5984 = ORIENTED_EDGE ( 'NONE', *, *, #3063, .F. ) ;
#5985 = ADVANCED_FACE ( 'NONE', ( #1574 ), #2974, .F. ) ;
#5986 = EDGE_LOOP ( 'NONE', ( #2475, #6923, #1868, #5185 ) ) ;
#5987 = ADVANCED_FACE ( 'NONE', ( #4574 ), #7687, .F. ) ;
#5988 = DIRECTION ( 'NONE',  ( -1.000000000000000000, 1.334402673828313832E-16, -0.000000000000000000 ) ) ;
#5989 = CARTESIAN_POINT ( 'NONE',  ( 8.884994479999997807, 10.29810433846293805, 64.85946011502520037 ) ) ;
#5990 = ORIENTED_EDGE ( 'NONE', *, *, #5746, .T. ) ;
#5991 = ORIENTED_EDGE ( 'NONE', *, *, #3410, .F. ) ;
#5992 = CARTESIAN_POINT ( 'NONE',  ( 8.384994479999997807, 7.340414182464172654, 71.65252207121781680 ) ) ;
#5993 = LINE ( 'NONE', #5290, #1273 ) ;
#5994 = ORIENTED_EDGE ( 'NONE', *, *, #531, .F. ) ;
#5995 = CARTESIAN_POINT ( 'NONE',  ( -2.384994479999926309, 2.000000000000000000, 34.00000000000004263 ) ) ;
#5996 = LINE ( 'NONE', #6044, #4958 ) ;
#5997 = CARTESIAN_POINT ( 'NONE',  ( 8.384994479999997807, 7.461402735897596727, 71.40908193619017652 ) ) ;
#5998 = EDGE_CURVE ( 'NONE', #3100, #1452, #5281, .T. ) ;
#5999 = FACE_OUTER_BOUND ( 'NONE', #2574, .T. ) ;
#6000 = CARTESIAN_POINT ( 'NONE',  ( 8.884994479999996031, 10.12509751003555181, 72.83270729856187131 ) ) ;
#6001 = CIRCLE ( 'NONE', #4398, 1.500000000000001332 ) ;
#6002 = ORIENTED_EDGE ( 'NONE', *, *, #3182, .F. ) ;
#6003 = ORIENTED_EDGE ( 'NONE', *, *, #119, .T. ) ;
#6004 = CARTESIAN_POINT ( 'NONE',  ( -2.884994479999992922, 0.5000000000000004441, -44.50000000000000000 ) ) ;
#6005 = CARTESIAN_POINT ( 'NONE',  ( 8.884994479999997807, 7.519276131692953946, 71.33734945270018102 ) ) ;
#6006 = DIRECTION ( 'NONE',  ( -0.7071067811865475727, 7.666467083416873156E-17, 0.7071067811865475727 ) ) ;
#6007 = CARTESIAN_POINT ( 'NONE',  ( 7.584994479999997985, 22.00000000000000000, -7.700000000000001954 ) ) ;
#6008 = CARTESIAN_POINT ( 'NONE',  ( 7.384994479999996031, 18.99999999999999645, 13.30000000000000604 ) ) ;
#6009 = AXIS2_PLACEMENT_3D ( 'NONE', #6542, #4932, #8000 ) ;
#6010 = DIRECTION ( 'NONE',  ( 1.066210604224532462E-16, 1.000000000000000000, -0.000000000000000000 ) ) ;
#6011 = ORIENTED_EDGE ( 'NONE', *, *, #3336, .F. ) ;
#6012 = VERTEX_POINT ( 'NONE', #8506 ) ;
#6013 = VECTOR ( 'NONE', #9509, 1000.000000000000000 ) ;
#6014 = FACE_OUTER_BOUND ( 'NONE', #5585, .T. ) ;
#6015 = CARTESIAN_POINT ( 'NONE',  ( -4.806533510917348373, 3.000000000000000000, -8.499999999999992895 ) ) ;
#6016 = DIRECTION ( 'NONE',  ( 1.334402673828313832E-16, 1.000000000000000000, 0.000000000000000000 ) ) ;
#6017 = ORIENTED_EDGE ( 'NONE', *, *, #859, .F. ) ;
#6018 = DIRECTION ( 'NONE',  ( 0.000000000000000000, -2.111100016949954907E-32, 1.000000000000000000 ) ) ;
#6019 = DIRECTION ( 'NONE',  ( -1.000000000000000000, 1.066210604224532462E-16, 0.000000000000000000 ) ) ;
#6020 = VECTOR ( 'NONE', #1123, 1000.000000000000000 ) ;
#6021 = DIRECTION ( 'NONE',  ( 1.639869809431879621E-18, -0.7071067811865279218, -0.7071067811865671127 ) ) ;
#6022 = CARTESIAN_POINT ( 'NONE',  ( 8.384994479999997807, 10.29810433846293805, 76.26728140187063332 ) ) ;
#6023 = VECTOR ( 'NONE', #4794, 1000.000000000000000 ) ;
#6024 = FACE_OUTER_BOUND ( 'NONE', #2197, .T. ) ;
#6025 = EDGE_LOOP ( 'NONE', ( #1841, #6444, #2914, #7079 ) ) ;
#6026 = VECTOR ( 'NONE', #785, 1000.000000000000000 ) ;
#6027 = DIRECTION ( 'NONE',  ( 0.7071067811865462405, 0.7071067811865489050, 0.000000000000000000 ) ) ;
#6028 = ORIENTED_EDGE ( 'NONE', *, *, #4799, .T. ) ;
#6029 = CARTESIAN_POINT ( 'NONE',  ( 8.884994479999997807, 10.29810433846293805, 67.99700712383304335 ) ) ;
#6030 = ADVANCED_FACE ( 'NONE', ( #5430 ), #6781, .F. ) ;
#6031 = CARTESIAN_POINT ( 'NONE',  ( 8.384994479999997807, 8.870295472791246638, 64.88635600180674601 ) ) ;
#6032 = VERTEX_POINT ( 'NONE', #172 ) ;
#6033 = CARTESIAN_POINT ( 'NONE',  ( -2.884994480000008910, 0.5000000000000559552, 33.49999999999998579 ) ) ;
#6034 = CYLINDRICAL_SURFACE ( 'NONE', #2640, 1.700000000000000178 ) ;
#6035 = EDGE_CURVE ( 'NONE', #6094, #2284, #3042, .T. ) ;
#6036 = CARTESIAN_POINT ( 'NONE',  ( 8.384994479999997807, 9.289709983015054462, 65.57758095244059859 ) ) ;
#6037 = ADVANCED_FACE ( 'NONE', ( #266 ), #7120, .T. ) ;
#6038 = ORIENTED_EDGE ( 'NONE', *, *, #7872, .F. ) ;
#6039 = VECTOR ( 'NONE', #7047, 1000.000000000000000 ) ;
#6040 = CARTESIAN_POINT ( 'NONE',  ( -3.384994479999965833, 1.500000000000027534, -45.00000000000000000 ) ) ;
#6041 = PLANE ( 'NONE',  #8164 ) ;
#6042 = EDGE_LOOP ( 'NONE', ( #5607, #182, #3886, #7492 ) ) ;
#6043 = CARTESIAN_POINT ( 'NONE',  ( 8.384994479999999584, 9.777909967446671402, 86.51752888276399744 ) ) ;
#6044 = CARTESIAN_POINT ( 'NONE',  ( 8.384994479999996031, 2.999999999999999112, -7.699999999999998401 ) ) ;
#6045 = ADVANCED_FACE ( 'NONE', ( #7069 ), #9508, .F. ) ;
#6046 = DIRECTION ( 'NONE',  ( 0.5000000000000139888, 0.5000000000000139888, 0.7071067811865276997 ) ) ;
#6047 = LOCAL_TIME ( 15, 20, 41.00000000000000000, #7345 ) ;
#6048 = B_SPLINE_SURFACE_WITH_KNOTS ( 'NONE', 3, 1, ( 
 ( #3112, #7769 ),
 ( #904, #996 ),
 ( #198, #7104 ),
 ( #62, #8487 ),
 ( #250, #5608 ),
 ( #1653, #8534 ),
 ( #4750, #5560 ),
 ( #9292, #1703 ),
 ( #3958, #7717 ),
 ( #6161, #2405 ),
 ( #1554, #814 ),
 ( #8627, #1750 ),
 ( #4602, #6262 ),
 ( #5511, #4657 ),
 ( #7812, #7669 ),
 ( #3869, #950 ),
 ( #4005, #6908 ),
 ( #9242, #1842 ),
 ( #8677, #1094 ) ),
 .UNSPECIFIED., .F., .F., .F.,
 ( 4, 1, 1, 1, 1, 1, 1, 1, 1, 1, 1, 1, 1, 1, 1, 1, 4 ),
 ( 2, 2 ),
 ( 0.000000000000000000, 0.06570168342875661038, 0.1294150786750945525, 0.1915234354904029879, 0.2521864833773060366, 0.3123499911156192299, 0.3721237685613552615, 0.4330964856073506453, 0.4938193516257674553, 0.5547473945538780038, 0.6157498761694016887, 0.6766332121992776338, 0.7382169121258531641, 0.8011419222854234690, 0.8654931761010562496, 0.9312569953237481712, 1.000000000000000000 ),
 ( 0.000000000000000000, 1.000000000000000000 ),
 .UNSPECIFIED. ) ;
#6049 = CARTESIAN_POINT ( 'NONE',  ( 8.384994479999999584, 9.429548438585324988, 86.00314183902811749 ) ) ;
#6050 = FACE_OUTER_BOUND ( 'NONE', #1095, .T. ) ;
#6051 = EDGE_LOOP ( 'NONE', ( #4289, #7323, #152, #1993, #4972, #5207, #4771, #385, #3187, #2827 ) ) ;
#6052 = ADVANCED_FACE ( 'NONE', ( #1058 ), #2469, .T. ) ;
#6053 = CARTESIAN_POINT ( 'NONE',  ( -17.88499448000000669, 0.5000000000000003331, -60.00000000000000000 ) ) ;
#6054 = DIRECTION ( 'NONE',  ( -1.000000000000000000, 1.334402673828313832E-16, -0.000000000000000000 ) ) ;
#6055 = CARTESIAN_POINT ( 'NONE',  ( -17.38499447999999958, 1.500000000000029088, -45.00000000000000000 ) ) ;
#6056 = B_SPLINE_CURVE_WITH_KNOTS ( 'NONE', 3,
 ( #2344, #1694, #4001, #6302 ),
 .UNSPECIFIED., .F., .F.,
 ( 4, 4 ),
 ( 0.000000000000000000, 0.0004899801436042368948 ),
 .UNSPECIFIED. ) ;
#6057 = AXIS2_PLACEMENT_3D ( 'NONE', #4260, #2754, #7312 ) ;
#6058 = DIRECTION ( 'NONE',  ( 0.7071067811865477948, 0.7071067811865473507, -2.114642392724576123E-16 ) ) ;
#6059 = CC_DESIGN_PERSON_AND_ORGANIZATION_ASSIGNMENT ( #4984, #5790, ( #7971 ) ) ;
#6060 = DIRECTION ( 'NONE',  ( -1.084202172485504804E-16, -1.000000000000000000, 0.000000000000000000 ) ) ;
#6061 = VECTOR ( 'NONE', #4938, 1000.000000000000000 ) ;
#6062 = B_SPLINE_CURVE_WITH_KNOTS ( 'NONE', 3,
 ( #221, #5677, #7793, #3377, #4124, #4825, #6241, #6389, #6434, #7036, #3985 ),
 .UNSPECIFIED., .F., .F.,
 ( 4, 1, 1, 1, 1, 1, 1, 1, 4 ),
 ( 0.000000000000000000, 0.1106616101392987883, 0.2239225808856161737, 0.3403671944980551367, 0.4613669275554124760, 0.5879133201723067970, 0.7193097197651187047, 0.8559563679906826428, 1.000000000000000000 ),
 .UNSPECIFIED. ) ;
#6063 = VECTOR ( 'NONE', #3453, 1000.000000000000000 ) ;
#6064 = ORIENTED_EDGE ( 'NONE', *, *, #8257, .F. ) ;
#6065 = CARTESIAN_POINT ( 'NONE',  ( 7.384994479999996031, 1.999999999999999112, -60.00000000000000000 ) ) ;
#6066 = ORIENTED_EDGE ( 'NONE', *, *, #1870, .F. ) ;
#6067 = CARTESIAN_POINT ( 'NONE',  ( -3.384994480000042216, 1.499999999999970024, 86.00000000000001421 ) ) ;
#6068 = CARTESIAN_POINT ( 'NONE',  ( 8.384994479999999584, 10.19318984621340896, 72.71110658864502341 ) ) ;
#6069 = CARTESIAN_POINT ( 'NONE',  ( 8.884994479999997807, 9.283947729555352524, 73.41424565763556132 ) ) ;
#6070 = ORIENTED_EDGE ( 'NONE', *, *, #2449, .T. ) ;
#6071 = LINE ( 'NONE', #2159, #5518 ) ;
#6072 = VECTOR ( 'NONE', #120, 1000.000000000000000 ) ;
#6073 = AXIS2_PLACEMENT_3D ( 'NONE', #8007, #8865, #1133 ) ;
#6074 = CARTESIAN_POINT ( 'NONE',  ( 8.884994479999997807, 7.709207901860759549, 72.64483537806856361 ) ) ;
#6075 = DIRECTION ( 'NONE',  ( 4.956352788505168987E-15, 1.000000000000000000, 0.000000000000000000 ) ) ;
#6076 = DIRECTION ( 'NONE',  ( 3.944849064647871155E-14, 0.7071067811865279218, -0.7071067811865672237 ) ) ;
#6077 = AXIS2_PLACEMENT_3D ( 'NONE', #7252, #3351, #5606 ) ;
#6078 = DIRECTION ( 'NONE',  ( -1.000000000000000000, 0.000000000000000000, 0.000000000000000000 ) ) ;
#6079 = CARTESIAN_POINT ( 'NONE',  ( 8.884994479999996031, 7.547435416875028835, 73.36824006361939610 ) ) ;
#6080 = ORIENTED_EDGE ( 'NONE', *, *, #4256, .T. ) ;
#6081 = LINE ( 'NONE', #3782, #7349 ) ;
#6082 = ORIENTED_EDGE ( 'NONE', *, *, #8321, .F. ) ;
#6083 = PLANE ( 'NONE',  #7931 ) ;
#6084 = DIRECTION ( 'NONE',  ( 0.000000000000000000, 0.000000000000000000, 1.000000000000000000 ) ) ;
#6085 = ORIENTED_EDGE ( 'NONE', *, *, #2016, .T. ) ;
#6086 = ORIENTED_EDGE ( 'NONE', *, *, #1520, .T. ) ;
#6087 = FACE_OUTER_BOUND ( 'NONE', #8859, .T. ) ;
#6088 = CARTESIAN_POINT ( 'NONE',  ( 8.884994479999997807, 9.330045757232971582, 85.42278186765491910 ) ) ;
#6089 = ADVANCED_FACE ( 'NONE', ( #9449 ), #5625, .T. ) ;
#6090 = CARTESIAN_POINT ( 'NONE',  ( -3.384994480000097283, 0.5000000000000837108, 73.49999999999998579 ) ) ;
#6091 = ORIENTED_EDGE ( 'NONE', *, *, #3776, .T. ) ;
#6092 = LINE ( 'NONE', #4728, #8483 ) ;
#6093 = CARTESIAN_POINT ( 'NONE',  ( -2.384994479999985373, 1.507431981266131477E-17, 86.00000000000001421 ) ) ;
#6094 = VERTEX_POINT ( 'NONE', #5716 ) ;
#6095 = LINE ( 'NONE', #1442, #3634 ) ;
#6096 = PLANE ( 'NONE',  #347 ) ;
#6097 = CARTESIAN_POINT ( 'NONE',  ( 5.384994479999996919, 20.49999999999999645, -59.50000000000000000 ) ) ;
#6098 = EDGE_CURVE ( 'NONE', #5847, #7157, #8791, .T. ) ;
#6099 = EDGE_CURVE ( 'NONE', #9827, #9220, #972, .T. ) ;
#6100 = DIRECTION ( 'NONE',  ( -1.000000000000000000, 1.334402673828313832E-16, -0.000000000000000000 ) ) ;
#6101 = DIRECTION ( 'NONE',  ( 1.639869809431925265E-18, -0.7071067811865475727, 0.7071067811865475727 ) ) ;
#6102 = ADVANCED_FACE ( 'NONE', ( #7926 ), #7174, .T. ) ;
#6103 = ORIENTED_EDGE ( 'NONE', *, *, #9248, .F. ) ;
#6104 = VERTEX_POINT ( 'NONE', #9399 ) ;
#6105 = DIRECTION ( 'NONE',  ( 0.7071067811865668906, 1.639869809431970139E-18, 0.7071067811865282549 ) ) ;
#6106 = DIRECTION ( 'NONE',  ( 1.000000000000000000, 0.000000000000000000, 0.000000000000000000 ) ) ;
#6107 = DIRECTION ( 'NONE',  ( -0.000000000000000000, 0.000000000000000000, 1.000000000000000000 ) ) ;
#6108 = CARTESIAN_POINT ( 'NONE',  ( -8.384994479999996031, 2.800000000000000711, 8.499999999999998224 ) ) ;
#6109 = CARTESIAN_POINT ( 'NONE',  ( 5.384994479999996919, 20.49999999999999645, 12.49999999999999645 ) ) ;
#6110 = ADVANCED_FACE ( 'NONE', ( #319 ), #6476, .T. ) ;
#6111 = VERTEX_POINT ( 'NONE', #2614 ) ;
#6112 = EDGE_CURVE ( 'NONE', #4798, #370, #5669, .T. ) ;
#6113 = EDGE_LOOP ( 'NONE', ( #395, #3396, #5770, #9053 ) ) ;
#6114 = FACE_OUTER_BOUND ( 'NONE', #1789, .T. ) ;
#6115 = ORIENTED_EDGE ( 'NONE', *, *, #1004, .T. ) ;
#6116 = VERTEX_POINT ( 'NONE', #1111 ) ;
#6117 = FACE_OUTER_BOUND ( 'NONE', #5101, .T. ) ;
#6118 = CARTESIAN_POINT ( 'NONE',  ( 8.884994479999996031, 9.035934276403242649, 66.19817637127353294 ) ) ;
#6119 = CARTESIAN_POINT ( 'NONE',  ( 8.884994479999999584, 9.168333916232606740, 72.71689802819403781 ) ) ;
#6120 = CARTESIAN_POINT ( 'NONE',  ( 8.384994479999997807, 7.988881264487286415, 83.99734441806108975 ) ) ;
#6121 = DIRECTION ( 'NONE',  ( 7.539247484201940086E-17, 0.7071067811865671127, 0.7071067811865280328 ) ) ;
#6122 = EDGE_CURVE ( 'NONE', #5847, #1369, #4168, .T. ) ;
#6123 = CARTESIAN_POINT ( 'NONE',  ( 8.384994479999997807, 10.29810433846293805, 74.75108846028648202 ) ) ;
#6124 = VECTOR ( 'NONE', #773, 1000.000000000000000 ) ;
#6125 = CARTESIAN_POINT ( 'NONE',  ( 8.884994479999997807, 6.807115840515676197, 72.61030190568230580 ) ) ;
#6126 = DIRECTION ( 'NONE',  ( 0.000000000000000000, 0.000000000000000000, -1.000000000000000000 ) ) ;
#6127 = CARTESIAN_POINT ( 'NONE',  ( 8.884994479999997807, 6.704698045968550346, 72.10554616806869888 ) ) ;
#6128 = VERTEX_POINT ( 'NONE', #8236 ) ;
#6129 = CARTESIAN_POINT ( 'NONE',  ( 5.884994479999996031, 21.49999999999997158, 138.0000000000000000 ) ) ;
#6130 = ORIENTED_EDGE ( 'NONE', *, *, #9114, .F. ) ;
#6131 = LINE ( 'NONE', #827, #6816 ) ;
#6132 = DIRECTION ( 'NONE',  ( 0.7071067811865462405, 0.7071067811865489050, 0.000000000000000000 ) ) ;
#6133 = AXIS2_PLACEMENT_3D ( 'NONE', #1612, #4605, #6164 ) ;
#6134 = ORIENTED_EDGE ( 'NONE', *, *, #4759, .F. ) ;
#6135 = ORIENTED_EDGE ( 'NONE', *, *, #2449, .F. ) ;
#6136 = DIRECTION ( 'NONE',  ( -1.084202172485504804E-16, -1.000000000000000000, 0.000000000000000000 ) ) ;
#6137 = CARTESIAN_POINT ( 'NONE',  ( -12.88499447999999781, 0.6999999999999988454, -60.00000000000000000 ) ) ;
#6138 = PLANE ( 'NONE',  #1903 ) ;
#6139 = VECTOR ( 'NONE', #8635, 1000.000000000000000 ) ;
#6140 = ORIENTED_EDGE ( 'NONE', *, *, #5810, .F. ) ;
#6141 = DIRECTION ( 'NONE',  ( 0.000000000000000000, 1.000000000000000000, 0.000000000000000000 ) ) ;
#6142 = CARTESIAN_POINT ( 'NONE',  ( 8.884994479999999584, 10.22560687961219372, 71.31445256910434694 ) ) ;
#6143 = ORIENTED_EDGE ( 'NONE', *, *, #1018, .F. ) ;
#6144 = CARTESIAN_POINT ( 'NONE',  ( 8.384994479999997807, 8.250453602229173455, 65.22286099598592557 ) ) ;
#6145 = LINE ( 'NONE', #3141, #5471 ) ;
#6146 = FACE_OUTER_BOUND ( 'NONE', #3534, .T. ) ;
#6147 = AXIS2_PLACEMENT_3D ( 'NONE', #2086, #7438, #6821 ) ;
#6148 = CARTESIAN_POINT ( 'NONE',  ( 8.884994479999997807, 9.686585190052042549, 65.19367081568793765 ) ) ;
#6149 = VERTEX_POINT ( 'NONE', #5769 ) ;
#6150 = ORIENTED_EDGE ( 'NONE', *, *, #8408, .F. ) ;
#6151 = VECTOR ( 'NONE', #3262, 1000.000000000000000 ) ;
#6152 = CARTESIAN_POINT ( 'NONE',  ( 8.884994479999997807, 6.702458179608773214, 63.41097365159257038 ) ) ;
#6153 = CARTESIAN_POINT ( 'NONE',  ( 5.384994479999996031, 21.50000000000000000, -59.50000000000000000 ) ) ;
#6154 = PLANE ( 'NONE',  #3998 ) ;
#6155 = ADVANCED_FACE ( 'NONE', ( #1313 ), #1265, .F. ) ;
#6156 = DIRECTION ( 'NONE',  ( -1.000000000000000000, 0.000000000000000000, 0.000000000000000000 ) ) ;
#6157 = LINE ( 'NONE', #9184, #430 ) ;
#6158 = ADVANCED_FACE ( 'NONE', ( #1162 ), #2068, .T. ) ;
#6159 = AXIS2_PLACEMENT_3D ( 'NONE', #4691, #6991, #4136 ) ;
#6160 = ORIENTED_EDGE ( 'NONE', *, *, #1755, .T. ) ;
#6161 = CARTESIAN_POINT ( 'NONE',  ( 8.884994479999997807, 9.585133452808214827, 72.44888245337641308 ) ) ;
#6162 = EDGE_LOOP ( 'NONE', ( #3636, #5019, #2789, #6212 ) ) ;
#6163 = DIRECTION ( 'NONE',  ( 5.660463681806959080E-16, 0.7071067811865497932, 0.7071067811865453523 ) ) ;
#6164 = DIRECTION ( 'NONE',  ( -1.000000000000000000, 0.000000000000000000, 0.000000000000000000 ) ) ;
#6165 = LINE ( 'NONE', #5564, #1441 ) ;
#6166 = ADVANCED_FACE ( 'NONE', ( #5166 ), #2864, .T. ) ;
#6167 = EDGE_CURVE ( 'NONE', #6326, #3831, #3530, .T. ) ;
#6168 = CIRCLE ( 'NONE', #408, 0.8000000000000003775 ) ;
#6169 = CARTESIAN_POINT ( 'NONE',  ( 8.884994479999997807, 10.29113489197663966, 72.44445285411012492 ) ) ;
#6170 = CARTESIAN_POINT ( 'NONE',  ( 8.884994479999996031, 7.311268832638107895, 72.08299501996698666 ) ) ;
#6171 = EDGE_CURVE ( 'NONE', #4413, #5035, #5869, .T. ) ;
#6172 = CARTESIAN_POINT ( 'NONE',  ( -17.63499448000000669, 0.4999999999999861222, -59.75000000000001421 ) ) ;
#6173 = CARTESIAN_POINT ( 'NONE',  ( 8.384994479999997807, 9.687638310723512447, 65.18191219751328447 ) ) ;
#6174 = DIRECTION ( 'NONE',  ( 1.375019570461159196E-16, 1.000000000000000000, 0.000000000000000000 ) ) ;
#6175 = CARTESIAN_POINT ( 'NONE',  ( 8.384994479999999584, 7.057755778121378221, 66.16231890458675480 ) ) ;
#6176 = ORIENTED_EDGE ( 'NONE', *, *, #913, .F. ) ;
#6177 = EDGE_CURVE ( 'NONE', #9877, #2667, #8844, .T. ) ;
#6178 = VECTOR ( 'NONE', #3175, 1000.000000000000000 ) ;
#6179 = CARTESIAN_POINT ( 'NONE',  ( 8.384994479999999584, 10.29789720057902791, 64.89427342515301689 ) ) ;
#6180 = ORIENTED_EDGE ( 'NONE', *, *, #186, .T. ) ;
#6181 = CARTESIAN_POINT ( 'NONE',  ( -8.384994479999999584, 0.5000000000000000000, -8.500000000000001776 ) ) ;
#6182 = CARTESIAN_POINT ( 'NONE',  ( 8.384994479999997807, 9.145653646522500679, 72.72277524247130032 ) ) ;
#6183 = ADVANCED_FACE ( 'NONE', ( #2763 ), #5069, .T. ) ;
#6184 = PRODUCT_RELATED_PRODUCT_CATEGORY ( 'detail', '', ( #1734 ) ) ;
#6185 = ORIENTED_EDGE ( 'NONE', *, *, #7511, .T. ) ;
#6186 = VERTEX_POINT ( 'NONE', #6626 ) ;
#6187 = VECTOR ( 'NONE', #7924, 1000.000000000000000 ) ;
#6188 = PLANE ( 'NONE',  #7632 ) ;
#6189 = CARTESIAN_POINT ( 'NONE',  ( 7.584994479999997985, 22.00000000000000000, 7.699999999999998401 ) ) ;
#6190 = AXIS2_PLACEMENT_3D ( 'NONE', #8553, #877, #3180 ) ;
#6191 = CARTESIAN_POINT ( 'NONE',  ( 8.884994479999997807, 9.261963496222413994, 65.57625237700732157 ) ) ;
#6192 = ORIENTED_EDGE ( 'NONE', *, *, #3789, .F. ) ;
#6193 = DIRECTION ( 'NONE',  ( -0.000000000000000000, -1.000000000000000000, -0.000000000000000000 ) ) ;
#6194 = CARTESIAN_POINT ( 'NONE',  ( 8.384994479999999584, 10.31716678351884831, 71.63601162598449434 ) ) ;
#6195 = VERTEX_POINT ( 'NONE', #9750 ) ;
#6196 = LINE ( 'NONE', #9369, #3143 ) ;
#6197 = LINE ( 'NONE', #2286, #7549 ) ;
#6198 = CONICAL_SURFACE ( 'NONE', #9266, 1.000000000000001776, 0.7853981633974200793 ) ;
#6199 = CARTESIAN_POINT ( 'NONE',  ( 10.38499447999999603, 21.50000000000000000, -59.50000000000000000 ) ) ;
#6200 = CARTESIAN_POINT ( 'NONE',  ( 8.884994479999997807, 7.744705774132406795, 66.40734545063772032 ) ) ;
#6201 = VERTEX_POINT ( 'NONE', #2712 ) ;
#6202 = PLANE ( 'NONE',  #7111 ) ;
#6203 = AXIS2_PLACEMENT_3D ( 'NONE', #577, #1327, #2224 ) ;
#6204 = ORIENTED_EDGE ( 'NONE', *, *, #9144, .T. ) ;
#6205 = FACE_OUTER_BOUND ( 'NONE', #299, .T. ) ;
#6206 = CARTESIAN_POINT ( 'NONE',  ( 8.384994479999996031, 6.702458179608774103, 84.43527568099850100 ) ) ;
#6207 = CARTESIAN_POINT ( 'NONE',  ( 8.384994479999996031, 10.29638241828175005, 65.05900142855011836 ) ) ;
#6208 = DIRECTION ( 'NONE',  ( -0.7071067811865668906, 7.539247484201937621E-17, -0.7071067811865282549 ) ) ;
#6209 = DIRECTION ( 'NONE',  ( -0.7071067811865279218, -3.256836054902020029E-18, 0.7071067811865672237 ) ) ;
#6210 = AXIS2_PLACEMENT_3D ( 'NONE', #1402, #7404, #5903 ) ;
#6211 = VERTEX_POINT ( 'NONE', #1962 ) ;
#6212 = ORIENTED_EDGE ( 'NONE', *, *, #4522, .F. ) ;
#6213 = PLANE ( 'NONE',  #936 ) ;
#6214 = ORIENTED_EDGE ( 'NONE', *, *, #1152, .F. ) ;
#6215 = EDGE_CURVE ( 'NONE', #7862, #6909, #2160, .T. ) ;
#6216 = DIRECTION ( 'NONE',  ( -1.000000000000000000, 1.334402673828313832E-16, -0.000000000000000000 ) ) ;
#6217 = CARTESIAN_POINT ( 'NONE',  ( 8.384994479999997807, 9.385310731400688056, 71.21123868874377649 ) ) ;
#6218 = CARTESIAN_POINT ( 'NONE',  ( -3.384994480000036887, 1.275519368763638321E-17, 126.5000000000000284 ) ) ;
#6219 = CARTESIAN_POINT ( 'NONE',  ( 8.384994479999996031, 7.526549313634389726, 72.51093635760956602 ) ) ;
#6220 = VECTOR ( 'NONE', #5275, 1000.000000000000000 ) ;
#6221 = ADVANCED_FACE ( 'NONE', ( #4365 ), #7420, .F. ) ;
#6222 = ADVANCED_FACE ( 'NONE', ( #3629 ), #6724, .F. ) ;
#6223 = CARTESIAN_POINT ( 'NONE',  ( 8.384994479999997807, 9.691746605846278229, 65.10579687741366683 ) ) ;
#6224 = ADVANCED_FACE ( 'NONE', ( #5819 ), #9801, .T. ) ;
#6225 = DIRECTION ( 'NONE',  ( 7.539247484201724382E-17, 0.7071067811865469066, 0.7071067811865481278 ) ) ;
#6226 = CARTESIAN_POINT ( 'NONE',  ( -11.18499447999999852, 0.6999999999999990674, 12.49999999999999822 ) ) ;
#6227 = ORIENTED_EDGE ( 'NONE', *, *, #9244, .T. ) ;
#6228 = AXIS2_PLACEMENT_3D ( 'NONE', #8847, #3635, #5076 ) ;
#6229 = CARTESIAN_POINT ( 'NONE',  ( 8.884994479999999584, 10.29749719360676430, 64.96150191332606028 ) ) ;
#6230 = CARTESIAN_POINT ( 'NONE',  ( 8.384994479999997807, 9.972437573882681150, 70.90092997704086031 ) ) ;
#6231 = LINE ( 'NONE', #9353, #5537 ) ;
#6232 = DIRECTION ( 'NONE',  ( -1.375019570461159196E-16, -1.000000000000000000, 0.000000000000000000 ) ) ;
#6233 = ORIENTED_EDGE ( 'NONE', *, *, #1935, .T. ) ;
#6234 = AXIS2_PLACEMENT_3D ( 'NONE', #2202, #1456, #4353 ) ;
#6235 = VECTOR ( 'NONE', #4308, 1000.000000000000114 ) ;
#6236 = ADVANCED_FACE ( 'NONE', ( #4271 ), #1212, .T. ) ;
#6237 = ORIENTED_EDGE ( 'NONE', *, *, #9749, .F. ) ;
#6238 = DIRECTION ( 'NONE',  ( 0.000000000000000000, 0.7071067811865474617, -0.7071067811865474617 ) ) ;
#6239 = DIRECTION ( 'NONE',  ( -4.605861719268250263E-18, 1.000000000000000000, 0.000000000000000000 ) ) ;
#6240 = EDGE_CURVE ( 'NONE', #1354, #1321, #467, .T. ) ;
#6241 = CARTESIAN_POINT ( 'NONE',  ( 8.384994479999997807, 9.580645861050838263, 73.30751331774827406 ) ) ;
#6242 = ORIENTED_EDGE ( 'NONE', *, *, #407, .F. ) ;
#6243 = DIRECTION ( 'NONE',  ( -0.5000000000000005551, -0.5000000000000005551, 0.7071067811865467956 ) ) ;
#6244 = ORIENTED_EDGE ( 'NONE', *, *, #6122, .F. ) ;
#6245 = VECTOR ( 'NONE', #551, 1000.000000000000000 ) ;
#6246 = CARTESIAN_POINT ( 'NONE',  ( 10.38499447999999603, 1.500000000000000000, -60.00000000000000000 ) ) ;
#6247 = DIRECTION ( 'NONE',  ( 0.7071067811865279218, -0.7071067811865671127, 0.000000000000000000 ) ) ;
#6248 = DIRECTION ( 'NONE',  ( 1.000000000000000000, 0.000000000000000000, 0.000000000000000000 ) ) ;
#6249 = LINE ( 'NONE', #5206, #4358 ) ;
#6250 = B_SPLINE_CURVE_WITH_KNOTS ( 'NONE', 3,
 ( #3409, #8733, #6464, #5517, #5470, #8540, #7110, #9439, #1663, #553, #1250 ),
 .UNSPECIFIED., .F., .F.,
 ( 4, 1, 1, 1, 1, 1, 1, 1, 4 ),
 ( 0.000000000000000000, 0.1452598751950564537, 0.2791805688315043277, 0.4031465057633028537, 0.5224446120742002320, 0.6388384855654547501, 0.7534126782846906067, 0.8720341375722492350, 1.000000000000000000 ),
 .UNSPECIFIED. ) ;
#6251 = VECTOR ( 'NONE', #7494, 1000.000000000000000 ) ;
#6252 = CARTESIAN_POINT ( 'NONE',  ( -9.384994480000001360, 0.4999999999999998890, -60.00000000000000000 ) ) ;
#6253 = CARTESIAN_POINT ( 'NONE',  ( 8.884994479999997807, 9.675934835709519177, 71.56829491525647313 ) ) ;
#6254 = ORIENTED_EDGE ( 'NONE', *, *, #5184, .T. ) ;
#6255 = CARTESIAN_POINT ( 'NONE',  ( 5.384994479999996919, 19.00000000000000000, -12.49999999999999645 ) ) ;
#6256 = CARTESIAN_POINT ( 'NONE',  ( 8.884994479999999584, 7.775677886478306711, 65.71587503547345932 ) ) ;
#6257 = LINE ( 'NONE', #9234, #8494 ) ;
#6258 = ORIENTED_EDGE ( 'NONE', *, *, #3074, .F. ) ;
#6259 = DIRECTION ( 'NONE',  ( -0.5773502691896262862, -0.5773502691896255090, -0.5773502691896255090 ) ) ;
#6260 = CARTESIAN_POINT ( 'NONE',  ( 8.384994479999996031, 6.703589479158692299, 64.78767842890647444 ) ) ;
#6261 = EDGE_LOOP ( 'NONE', ( #3603, #8757, #423, #6115 ) ) ;
#6262 = CARTESIAN_POINT ( 'NONE',  ( 8.384994479999997807, 9.683267654055732976, 72.27992406307343742 ) ) ;
#6263 = EDGE_LOOP ( 'NONE', ( #8939, #3551, #8066, #683, #1054, #3224, #8551, #238, #7598, #8981, #5077, #3291, #7591, #8285, #7781, #4051, #2498, #1126, #8786, #6957, #6808, #9394, #9816 ) ) ;
#6264 = DIRECTION ( 'NONE',  ( 1.000000000000000000, -1.334402673828313832E-16, 0.000000000000000000 ) ) ;
#6265 = CARTESIAN_POINT ( 'NONE',  ( 8.884994479999997807, 8.742977465055947306, 65.98562715184019112 ) ) ;
#6266 = CARTESIAN_POINT ( 'NONE',  ( 8.384994479999996031, 8.968441952444477394, 71.05092207600596055 ) ) ;
#6267 = CARTESIAN_POINT ( 'NONE',  ( 8.884994479999999584, 10.19318984621340896, 72.71110658864502341 ) ) ;
#6268 = CARTESIAN_POINT ( 'NONE',  ( -17.88499447999999248, 1.500000000000029310, -29.50000000000000000 ) ) ;
#6269 = CARTESIAN_POINT ( 'NONE',  ( 7.584994479999995320, -1.000000000000005107, 13.29999999999999893 ) ) ;
#6270 = DIRECTION ( 'NONE',  ( 1.000000000000000000, 0.000000000000000000, -0.000000000000000000 ) ) ;
#6271 = CARTESIAN_POINT ( 'NONE',  ( 8.884994479999997807, 10.16562905391129235, 65.79355782543017028 ) ) ;
#6272 = ORIENTED_EDGE ( 'NONE', *, *, #5361, .F. ) ;
#6273 = CARTESIAN_POINT ( 'NONE',  ( 8.884994479999997807, 7.988881264487286415, 83.99734441806108975 ) ) ;
#6274 = PLANE ( 'NONE',  #8249 ) ;
#6275 = EDGE_CURVE ( 'NONE', #4875, #52, #1023, .T. ) ;
#6276 = CARTESIAN_POINT ( 'NONE',  ( 8.884994479999997807, 10.29810433846293805, 74.05961804512222102 ) ) ;
#6277 = EDGE_CURVE ( 'NONE', #1230, #1963, #5368, .T. ) ;
#6278 = CARTESIAN_POINT ( 'NONE',  ( 8.884994479999999584, 10.31716678351884831, 71.63601162598449434 ) ) ;
#6279 = ORIENTED_EDGE ( 'NONE', *, *, #3806, .T. ) ;
#6280 = EDGE_CURVE ( 'NONE', #6633, #7413, #6815, .T. ) ;
#6281 = ORIENTED_EDGE ( 'NONE', *, *, #976, .T. ) ;
#6282 = PLANE ( 'NONE',  #6190 ) ;
#6283 = CARTESIAN_POINT ( 'NONE',  ( 4.384994479999991590, 19.00000000000000000, -6.707106781186545241 ) ) ;
#6284 = FACE_OUTER_BOUND ( 'NONE', #2817, .T. ) ;
#6285 = ORIENTED_EDGE ( 'NONE', *, *, #9376, .F. ) ;
#6286 = AXIS2_PLACEMENT_3D ( 'NONE', #9617, #1286, #2269 ) ;
#6287 = DIRECTION ( 'NONE',  ( 0.000000000000000000, 0.7071067811865493491, 0.7071067811865456854 ) ) ;
#6288 = ORIENTED_EDGE ( 'NONE', *, *, #3166, .T. ) ;
#6289 = EDGE_CURVE ( 'NONE', #2181, #77, #8342, .T. ) ;
#6290 = VECTOR ( 'NONE', #4781, 1000.000000000000000 ) ;
#6291 = LINE ( 'NONE', #3140, #3460 ) ;
#6292 = EDGE_CURVE ( 'NONE', #711, #2326, #8436, .T. ) ;
#6293 = CARTESIAN_POINT ( 'NONE',  ( 7.384994479999996031, 3.800000000000000711, -8.500000000000007105 ) ) ;
#6294 = DIRECTION ( 'NONE',  ( 4.605861719268250263E-18, -1.000000000000000000, 0.000000000000000000 ) ) ;
#6295 = EDGE_CURVE ( 'NONE', #384, #3244, #4663, .T. ) ;
#6296 = AXIS2_PLACEMENT_3D ( 'NONE', #1048, #5611, #1798 ) ;
#6297 = AXIS2_PLACEMENT_3D ( 'NONE', #680, #5130, #8096 ) ;
#6298 = CARTESIAN_POINT ( 'NONE',  ( 8.384994479999996031, 7.920121641783871347, 70.38709208335627920 ) ) ;
#6299 = VERTEX_POINT ( 'NONE', #1471 ) ;
#6300 = PLANE ( 'NONE',  #3317 ) ;
#6301 = CARTESIAN_POINT ( 'NONE',  ( -17.38499448000000669, 2.000000000000001776, -59.50000000000000000 ) ) ;
#6302 = CARTESIAN_POINT ( 'NONE',  ( 8.002706914446797271, 19.78640406174548616, 8.382287565553207642 ) ) ;
#6303 = VERTEX_POINT ( 'NONE', #1418 ) ;
#6304 = ADVANCED_FACE ( 'NONE', ( #2266 ), #3825, .T. ) ;
#6305 = FACE_OUTER_BOUND ( 'NONE', #8793, .T. ) ;
#6306 = AXIS2_PLACEMENT_3D ( 'NONE', #4160, #4710, #7970 ) ;
#6307 = DIRECTION ( 'NONE',  ( 1.000000000000000000, -0.000000000000000000, 0.000000000000000000 ) ) ;
#6308 = ORIENTED_EDGE ( 'NONE', *, *, #7515, .T. ) ;
#6309 = DIRECTION ( 'NONE',  ( -1.000000000000000000, 1.375019570461159196E-16, 4.505775262277422587E-16 ) ) ;
#6310 = ORIENTED_EDGE ( 'NONE', *, *, #2170, .T. ) ;
#6311 = CARTESIAN_POINT ( 'NONE',  ( 8.884994479999997807, 8.131497037614915158, 68.83901641063201282 ) ) ;
#6312 = CARTESIAN_POINT ( 'NONE',  ( -8.384994479999999584, 2.800000000000000711, -8.500000000000001776 ) ) ;
#6313 = DIRECTION ( 'NONE',  ( -0.000000000000000000, -0.000000000000000000, 1.000000000000000000 ) ) ;
#6314 = LINE ( 'NONE', #9438, #9062 ) ;
#6315 = B_SPLINE_CURVE_WITH_KNOTS ( 'NONE', 3,
 ( #8622, #993, #6356, #1744, #149, #7858, #7810, #196, #3954, #1650, #4699 ),
 .UNSPECIFIED., .F., .F.,
 ( 4, 1, 1, 1, 1, 1, 1, 1, 4 ),
 ( 0.000000000000000000, 0.1880967190294640656, 0.3569941987500988012, 0.5094184663947423086, 0.6427096217809151746, 0.7595411148310220462, 0.8572633171250664263, 0.9374733689975608408, 1.000000000000000000 ),
 .UNSPECIFIED. ) ;
#6316 = FACE_OUTER_BOUND ( 'NONE', #6382, .T. ) ;
#6317 = CLOSED_SHELL ( 'NONE', ( #1872, #3347, #6166, #4013, #6708, #3299, #9130, #8870, #4936, #5246, #4435, #8284, #2611, #4401, #178, #2297, #3418, #1081, #3110, #1376, #1382, #6155, #6513, #8823, #1510, #2018, #9485, #9416, #2182, #9876, #6236, #8683, #9532, #6030, #2489, #5237, #6411, #9495, #4562, #59, #6817, #949, #7777, #3493, #3431, #4567, #7583, #6883, #469, #1806, #654, #9799, #8142, #275, #539, #6953, #3038, #9859, #3685, #795, #8073, #8933, #9201, #1154, #3778, #5434, #7203, #5493, #4880, #8685, #4993, #3547, #1304, #8817, #5108, #4026, #1392, #5985, #3556, #5124, #3969, #6221, #1267, #9117, #6662, #7434, #8587, #6833, #6045, #6, #2652, #9311, #8272, #9199, #228, #6610, #1816, #341, #7383, #5167, #6222, #1921, #7024, #4808, #7314, #9626, #2663, #217, #3406, #2739, #1328, #1802, #2532, #2422, #9185, #2361, #357, #4326, #7626, #8648, #165, #7089, #3683, #3963, #6102, #8886, #778, #5065, #3955, #3237, #4135, #1031, #8612, #6224, #9366, #3407, #7534, #7016, #8813, #4126, #9313, #9430, #3656, #5196, #401, #8746, #7763, #1209, #9623, #8124, #7767, #3865, #61, #4823, #5789, #1503, #8624, #6341, #1700, #2622, #4624, #3657, #289, #2932, #7654, #2243, #3003, #8801, #4810, #9364, #8397, #4262, #2963, #1565, #8192, #6895, #9426, #5969, #6479, #1137, #6593, #676, #5249, #2188, #4920, #6900, #5728, #9735, #6760, #2179, #284, #4516, #2060, #233, #8246, #7189, #5987, #2779, #6183, #9382, #4387, #6954, #7128, #8384, #6592, #9132, #3287, #413, #5420, #6410, #6917, #3461, #1593, #2115, #1408, #1633, #3405, #3899, #3055, #5057, #520, #7339, #1745, #9057, #7018, #6847, #8566, #3223, #8932, #7693, #7070, #1201, #226, #6052, #2129, #2618, #6037, #7436, #3718, #1992, #1710, #2365, #5358, #3845, #9427, #4151, #6158, #8806, #4384, #3787, #1197, #1144, #2806, #2560, #2003, #4377, #6110, #799, #596, #9861, #1268, #6370, #5558, #594, #5843, #8799, #5453, #4704, #8332, #7374, #2112, #2360, #2312, #8936, #7820, #2679, #7380, #1270, #6829, #4267, #8505, #582, #8438, #6429, #3902, #3965, #5079, #7937, #2911, #968, #6089, #6422, #1595, #4192, #4576, #2476, #7002, #5431, #5132, #3609, #2441, #4512, #6304 ) ) ;
#6318 = CARTESIAN_POINT ( 'NONE',  ( -7.584994479999995320, 2.000000000000000888, 7.699999999999998401 ) ) ;
#6319 = LINE ( 'NONE', #9257, #3891 ) ;
#6320 = CARTESIAN_POINT ( 'NONE',  ( -8.884994480000001360, -6.123233995736669893E-17, 12.49999999999999822 ) ) ;
#6321 = ORIENTED_EDGE ( 'NONE', *, *, #9244, .F. ) ;
#6322 = CARTESIAN_POINT ( 'NONE',  ( 8.884994480000001360, 9.983738975282998140, 66.03498844572949622 ) ) ;
#6323 = DIRECTION ( 'NONE',  ( 0.000000000000000000, 0.000000000000000000, 1.000000000000000000 ) ) ;
#6324 = LINE ( 'NONE', #4965, #579 ) ;
#6325 = DIRECTION ( 'NONE',  ( -0.6000000000000044187, 0.000000000000000000, 0.7999999999999967137 ) ) ;
#6326 = VERTEX_POINT ( 'NONE', #6964 ) ;
#6327 = VECTOR ( 'NONE', #9711, 1000.000000000000114 ) ;
#6328 = ORIENTED_EDGE ( 'NONE', *, *, #243, .F. ) ;
#6329 = DIRECTION ( 'NONE',  ( 0.000000000000000000, 0.000000000000000000, 1.000000000000000000 ) ) ;
#6330 = CARTESIAN_POINT ( 'NONE',  ( 8.884994479999996031, 6.703589479158692299, 64.78767842890647444 ) ) ;
#6331 = CARTESIAN_POINT ( 'NONE',  ( -3.384994480000097283, 0.5000000000000837108, 73.49999999999998579 ) ) ;
#6332 = ORIENTED_EDGE ( 'NONE', *, *, #8257, .T. ) ;
#6333 = EDGE_CURVE ( 'NONE', #9709, #9358, #4855, .T. ) ;
#6334 = VECTOR ( 'NONE', #4040, 1000.000000000000000 ) ;
#6335 = PLANE ( 'NONE',  #8163 ) ;
#6336 = ORIENTED_EDGE ( 'NONE', *, *, #2198, .T. ) ;
#6337 = CARTESIAN_POINT ( 'NONE',  ( 8.384994479999999584, 7.853039625887466180, 65.71336991330264254 ) ) ;
#6338 = DIRECTION ( 'NONE',  ( 0.000000000000000000, 0.000000000000000000, 1.000000000000000000 ) ) ;
#6339 = CARTESIAN_POINT ( 'NONE',  ( 5.884994480000025341, 21.29289321881343966, 138.0000000000000000 ) ) ;
#6340 = TOROIDAL_SURFACE ( 'NONE', #8108, 0.1999999999999999833, 0.8000000000000000444 ) ;
#6341 = ADVANCED_FACE ( 'NONE', ( #9900 ), #3333, .T. ) ;
#6342 = CARTESIAN_POINT ( 'NONE',  ( 8.384994479999996031, 7.754787808583531117, 84.19518946126365222 ) ) ;
#6343 = EDGE_CURVE ( 'NONE', #3388, #2326, #9203, .T. ) ;
#6344 = CARTESIAN_POINT ( 'NONE',  ( 8.384994479999997807, 8.293249997689921216, 70.32949940638648911 ) ) ;
#6345 = ORIENTED_EDGE ( 'NONE', *, *, #6769, .F. ) ;
#6346 = VERTEX_POINT ( 'NONE', #9390 ) ;
#6347 = EDGE_CURVE ( 'NONE', #630, #4860, #3756, .T. ) ;
#6348 = VECTOR ( 'NONE', #2839, 1000.000000000000000 ) ;
#6349 = CARTESIAN_POINT ( 'NONE',  ( -2.893854459006555970E-16, 3.000000000000000000, 4.222200033899910362E-32 ) ) ;
#6350 = CARTESIAN_POINT ( 'NONE',  ( 8.384994479999996031, 2.999999999999999112, 7.699999999999998401 ) ) ;
#6351 = DIRECTION ( 'NONE',  ( -0.7071067811865474617, 0.000000000000000000, -0.7071067811865474617 ) ) ;
#6352 = ORIENTED_EDGE ( 'NONE', *, *, #9761, .F. ) ;
#6353 = DIRECTION ( 'NONE',  ( 1.000000000000000000, 0.000000000000000000, -0.000000000000000000 ) ) ;
#6354 = VECTOR ( 'NONE', #9600, 1000.000000000000114 ) ;
#6355 = B_SPLINE_CURVE_WITH_KNOTS ( 'NONE', 3,
 ( #601, #3664, #2050, #8175, #703, #3762, #4307, #9032, #1299, #2948, #6005, #652, #4351, #9084, #504, #6656, #3715, #6801, #1247 ),
 .UNSPECIFIED., .F., .F.,
 ( 4, 1, 1, 1, 1, 1, 1, 1, 1, 1, 1, 1, 1, 1, 1, 1, 4 ),
 ( 0.000000000000000000, 0.09220052324982468128, 0.1776562063346656950, 0.2567326390896453869, 0.3301772571831202430, 0.3980629730222468021, 0.4609948825589312293, 0.5197313822480142953, 0.5755274482039769435, 0.6291144651776321428, 0.6812540318781465931, 0.7324976518742669640, 0.7837920024692954790, 0.8356233109393965686, 0.8883787615860627707, 0.9430077855801572984, 1.000000000000000000 ),
 .UNSPECIFIED. ) ;
#6356 = CARTESIAN_POINT ( 'NONE',  ( 8.884994479999999584, 7.301259673766581137, 64.90364601892001417 ) ) ;
#6357 = AXIS2_PLACEMENT_3D ( 'NONE', #3207, #9341, #3159 ) ;
#6358 = ORIENTED_EDGE ( 'NONE', *, *, #3531, .T. ) ;
#6359 = CARTESIAN_POINT ( 'NONE',  ( -7.384994479999946293, 1.499999999999942268, 33.49999999999998579 ) ) ;
#6360 = EDGE_CURVE ( 'NONE', #8751, #7155, #1801, .T. ) ;
#6361 = ORIENTED_EDGE ( 'NONE', *, *, #1072, .T. ) ;
#6362 = FACE_OUTER_BOUND ( 'NONE', #4291, .T. ) ;
#6363 = EDGE_LOOP ( 'NONE', ( #3539, #4246, #6038, #4183 ) ) ;
#6364 = EDGE_CURVE ( 'NONE', #9792, #3648, #7916, .T. ) ;
#6365 = CARTESIAN_POINT ( 'NONE',  ( 6.584994479999995320, 3.000000000000000888, 12.49999999999999822 ) ) ;
#6366 = CARTESIAN_POINT ( 'NONE',  ( 8.884994479999997807, 8.613365483182510829, 65.78214095026002894 ) ) ;
#6367 = CARTESIAN_POINT ( 'NONE',  ( 8.884994479999997807, 9.586570522323821564, 71.41023408471599510 ) ) ;
#6368 = CARTESIAN_POINT ( 'NONE',  ( 8.384994479999997807, 9.982426571649158475, 73.01584091650218511 ) ) ;
#6369 = CARTESIAN_POINT ( 'NONE',  ( 8.884994479999997807, 7.540866057995440741, 84.13203709268161390 ) ) ;
#6370 = ADVANCED_FACE ( 'NONE', ( #5567 ), #4109, .F. ) ;
#6371 = LOCAL_TIME ( 15, 20, 41.00000000000000000, #7901 ) ;
#6372 = DIRECTION ( 'NONE',  ( -0.000000000000000000, -0.000000000000000000, 1.000000000000000000 ) ) ;
#6373 = PLANE ( 'NONE',  #860 ) ;
#6374 = PLANE ( 'NONE',  #6540 ) ;
#6375 = ORIENTED_EDGE ( 'NONE', *, *, #497, .T. ) ;
#6376 = CARTESIAN_POINT ( 'NONE',  ( 8.384994479999999584, 9.393430545289694678, 66.26905136760485959 ) ) ;
#6377 = CARTESIAN_POINT ( 'NONE',  ( 8.384994479999997807, 8.492358160528764799, 70.32567780323519457 ) ) ;
#6378 = VECTOR ( 'NONE', #5190, 1000.000000000000000 ) ;
#6379 = DIRECTION ( 'NONE',  ( 0.000000000000000000, -0.000000000000000000, -1.000000000000000000 ) ) ;
#6380 = VECTOR ( 'NONE', #2205, 1000.000000000000000 ) ;
#6381 = DIRECTION ( 'NONE',  ( 0.000000000000000000, -0.7071067811865692221, 0.7071067811865258124 ) ) ;
#6382 = EDGE_LOOP ( 'NONE', ( #2454, #6321, #9869, #7193 ) ) ;
#6383 = ORIENTED_EDGE ( 'NONE', *, *, #5193, .F. ) ;
#6384 = VECTOR ( 'NONE', #1383, 1000.000000000000000 ) ;
#6385 = DIRECTION ( 'NONE',  ( 0.000000000000000000, 0.000000000000000000, -1.000000000000000000 ) ) ;
#6386 = VECTOR ( 'NONE', #2619, 1000.000000000000000 ) ;
#6387 = CARTESIAN_POINT ( 'NONE',  ( 8.384994479999997807, 9.686585190052042549, 65.19367081568793765 ) ) ;
#6388 = ORIENTED_EDGE ( 'NONE', *, *, #7342, .F. ) ;
#6389 = CARTESIAN_POINT ( 'NONE',  ( 8.384994479999997807, 9.487580902570568853, 73.34711127647101137 ) ) ;
#6390 = ORIENTED_EDGE ( 'NONE', *, *, #6769, .T. ) ;
#6391 = CARTESIAN_POINT ( 'NONE',  ( -17.38499447999996406, 1.499999999999972689, 138.0000000000000000 ) ) ;
#6392 = VERTEX_POINT ( 'NONE', #4806 ) ;
#6393 = CARTESIAN_POINT ( 'NONE',  ( -2.884994480000013795, 0.5000000000000558442, 72.99999999999992895 ) ) ;
#6394 = CARTESIAN_POINT ( 'NONE',  ( 8.267282045553219660, 22.00000000000000000, -8.117712434446783476 ) ) ;
#6395 = CARTESIAN_POINT ( 'NONE',  ( -17.38499448000003511, -1.971257206271105153E-17, -59.50000000000000000 ) ) ;
#6396 = VECTOR ( 'NONE', #6825, 1000.000000000000000 ) ;
#6397 = DIRECTION ( 'NONE',  ( 0.000000000000000000, 0.9393948414326621643, 0.3428371798532117709 ) ) ;
#6398 = LINE ( 'NONE', #7091, #1831 ) ;
#6399 = VERTEX_POINT ( 'NONE', #204 ) ;
#6400 = VECTOR ( 'NONE', #2588, 1000.000000000000000 ) ;
#6401 = ORIENTED_EDGE ( 'NONE', *, *, #4324, .T. ) ;
#6402 = AXIS2_PLACEMENT_3D ( 'NONE', #8819, #8719, #1083 ) ;
#6403 = PERSON_AND_ORGANIZATION ( #3306, #1890 ) ;
#6404 = CARTESIAN_POINT ( 'NONE',  ( 6.584994479999995320, 2.999999999999999112, -12.50000000000000178 ) ) ;
#6405 = CARTESIAN_POINT ( 'NONE',  ( 8.884994479999997807, 9.698909298876095875, 64.58383259425670531 ) ) ;
#6406 = ORIENTED_EDGE ( 'NONE', *, *, #5622, .F. ) ;
#6407 = CYLINDRICAL_SURFACE ( 'NONE', #12, 0.7999999999999999334 ) ;
#6408 = CARTESIAN_POINT ( 'NONE',  ( 8.384994479999997807, 6.722009803214556101, 65.44125303448858233 ) ) ;
#6409 = EDGE_CURVE ( 'NONE', #5251, #3100, #1813, .T. ) ;
#6410 = ADVANCED_FACE ( 'NONE', ( #911 ), #3255, .T. ) ;
#6411 = ADVANCED_FACE ( 'NONE', ( #1050 ), #7012, .T. ) ;
#6412 = VERTEX_POINT ( 'NONE', #3363 ) ;
#6413 = LINE ( 'NONE', #5697, #2852 ) ;
#6414 = ORIENTED_EDGE ( 'NONE', *, *, #6711, .T. ) ;
#6415 = CARTESIAN_POINT ( 'NONE',  ( -8.384994479999999584, 2.999999999999999112, -8.500000000000001776 ) ) ;
#6416 = ORIENTED_EDGE ( 'NONE', *, *, #8440, .F. ) ;
#6417 = CARTESIAN_POINT ( 'NONE',  ( 8.884994479999996031, 8.523539538522761916, 65.98834281348565867 ) ) ;
#6418 = DIRECTION ( 'NONE',  ( -4.605861719268250263E-18, 1.000000000000000000, 0.000000000000000000 ) ) ;
#6419 = CARTESIAN_POINT ( 'NONE',  ( 8.384994479999997807, 6.703216637730812444, 72.01309352074478909 ) ) ;
#6420 = EDGE_CURVE ( 'NONE', #6757, #9267, #9484, .T. ) ;
#6421 = DIRECTION ( 'NONE',  ( 0.000000000000000000, 1.000000000000000000, 0.000000000000000000 ) ) ;
#6422 = ADVANCED_FACE ( 'NONE', ( #6316 ), #4758, .T. ) ;
#6423 = CARTESIAN_POINT ( 'NONE',  ( 8.384994479999997807, 7.414226814331881243, 65.55299514192391541 ) ) ;
#6424 = CARTESIAN_POINT ( 'NONE',  ( 8.384994479999997807, 9.230522161465696485, 86.70523450272558819 ) ) ;
#6425 = DIRECTION ( 'NONE',  ( -0.7071067811865279218, 0.000000000000000000, 0.7071067811865671127 ) ) ;
#6426 = ORIENTED_EDGE ( 'NONE', *, *, #832, .T. ) ;
#6427 = DIRECTION ( 'NONE',  ( 0.7071067811865279218, 1.639869809431879621E-18, 0.7071067811865671127 ) ) ;
#6428 = CARTESIAN_POINT ( 'NONE',  ( 5.884994480000026229, 20.70710678118655679, 138.0000000000000000 ) ) ;
#6429 = ADVANCED_FACE ( 'NONE', ( #3211 ), #3968, .T. ) ;
#6430 = DIRECTION ( 'NONE',  ( -1.000000000000000000, 1.084202172485504804E-16, 0.000000000000000000 ) ) ;
#6431 = EDGE_LOOP ( 'NONE', ( #3067, #4504, #4751, #5091 ) ) ;
#6432 = FACE_OUTER_BOUND ( 'NONE', #8666, .T. ) ;
#6433 = VERTEX_POINT ( 'NONE', #2602 ) ;
#6434 = CARTESIAN_POINT ( 'NONE',  ( 8.384994479999999584, 9.388396534789819725, 73.38356763146785511 ) ) ;
#6435 = ORIENTED_EDGE ( 'NONE', *, *, #8578, .T. ) ;
#6436 = CARTESIAN_POINT ( 'NONE',  ( 7.384994479999996031, 2.999999999999999112, 7.699999999999998401 ) ) ;
#6437 = VERTEX_POINT ( 'NONE', #6369 ) ;
#6438 = DIRECTION ( 'NONE',  ( 1.000000000000000000, 2.319126125024811375E-18, 0.000000000000000000 ) ) ;
#6439 = DIRECTION ( 'NONE',  ( 1.000000000000000000, -1.066210604224532462E-16, 0.000000000000000000 ) ) ;
#6440 = LINE ( 'NONE', #8907, #280 ) ;
#6441 = CARTESIAN_POINT ( 'NONE',  ( 8.384994479999997807, 6.969794177056853002, 71.03152573550788418 ) ) ;
#6442 = VECTOR ( 'NONE', #8394, 1000.000000000000000 ) ;
#6443 = VERTEX_POINT ( 'NONE', #2559 ) ;
#6444 = ORIENTED_EDGE ( 'NONE', *, *, #4277, .F. ) ;
#6445 = PERSON_AND_ORGANIZATION_ROLE ( 'creator' ) ;
#6446 = CARTESIAN_POINT ( 'NONE',  ( -2.884994480000013795, 1.499999999999970246, 86.50000000000002842 ) ) ;
#6447 = CARTESIAN_POINT ( 'NONE',  ( 8.884994479999994255, 9.694024580125814694, 65.04434197411009677 ) ) ;
#6448 = VERTEX_POINT ( 'NONE', #9345 ) ;
#6449 = DIRECTION ( 'NONE',  ( 0.6785983445458296792, -0.2810846377148136233, 0.6785983445458670937 ) ) ;
#6450 = DIRECTION ( 'NONE',  ( -0.7071067811865672237, 7.855302573876168240E-14, 0.7071067811865279218 ) ) ;
#6451 = VECTOR ( 'NONE', #2122, 1000.000000000000114 ) ;
#6452 = ORIENTED_EDGE ( 'NONE', *, *, #4325, .F. ) ;
#6453 = ORIENTED_EDGE ( 'NONE', *, *, #2912, .F. ) ;
#6454 = FACE_OUTER_BOUND ( 'NONE', #7830, .T. ) ;
#6455 = VERTEX_POINT ( 'NONE', #4012 ) ;
#6456 = B_SPLINE_CURVE_WITH_KNOTS ( 'NONE', 3,
 ( #3694, #5980, #9056, #7686, #4766, #213, #7835, #1573, #922, #5478, #79, #9263, #4023, #6972, #5378 ),
 .UNSPECIFIED., .F., .F.,
 ( 4, 1, 1, 1, 1, 1, 1, 1, 1, 1, 1, 1, 4 ),
 ( 0.000000000000000000, 0.08125498388092922131, 0.1621348771815491197, 0.2448843566542024675, 0.3293967122285810234, 0.4136360502729108934, 0.4950439821813215069, 0.5748169009060805079, 0.6546489956852900027, 0.7353977662137034521, 0.8188389216383631375, 0.9066544095222852651, 1.000000000000000000 ),
 .UNSPECIFIED. ) ;
#6457 = CARTESIAN_POINT ( 'NONE',  ( 8.884994479999997807, 9.393430545289694678, 66.26905136760485959 ) ) ;
#6458 = ORIENTED_EDGE ( 'NONE', *, *, #5371, .F. ) ;
#6459 = CARTESIAN_POINT ( 'NONE',  ( 5.384994479999996031, 21.50000000000000000, -59.50000000000000000 ) ) ;
#6460 = LINE ( 'NONE', #6563, #4527 ) ;
#6461 = DIRECTION ( 'NONE',  ( 0.000000000000000000, 0.000000000000000000, 1.000000000000000000 ) ) ;
#6462 = AXIS2_PLACEMENT_3D ( 'NONE', #7471, #617, #3684 ) ;
#6463 = EDGE_CURVE ( 'NONE', #5633, #6543, #6250, .T. ) ;
#6464 = CARTESIAN_POINT ( 'NONE',  ( 8.884994479999997807, 8.895001747978417583, 65.24792348902897743 ) ) ;
#6465 = EDGE_CURVE ( 'NONE', #8266, #3064, #2701, .T. ) ;
#6466 = EDGE_CURVE ( 'NONE', #4274, #4171, #5761, .T. ) ;
#6467 = LINE ( 'NONE', #8837, #2853 ) ;
#6468 = EDGE_CURVE ( 'NONE', #5512, #9605, #8122, .T. ) ;
#6469 = CARTESIAN_POINT ( 'NONE',  ( 8.384994479999997807, 8.873899594919603118, 65.02513441825070117 ) ) ;
#6470 = FACE_OUTER_BOUND ( 'NONE', #5777, .T. ) ;
#6471 = CARTESIAN_POINT ( 'NONE',  ( 5.384994479999996919, 20.49999999999999645, -60.00000000000000000 ) ) ;
#6472 = VERTEX_POINT ( 'NONE', #4310 ) ;
#6473 = EDGE_CURVE ( 'NONE', #4105, #7175, #6511, .T. ) ;
#6474 = DIRECTION ( 'NONE',  ( -0.000000000000000000, -0.000000000000000000, -1.000000000000000000 ) ) ;
#6475 = CARTESIAN_POINT ( 'NONE',  ( 8.884994479999997807, 10.29810433846293805, 74.05961804512222102 ) ) ;
#6476 = PLANE ( 'NONE',  #9039 ) ;
#6477 = ORIENTED_EDGE ( 'NONE', *, *, #4510, .F. ) ;
#6478 = DIRECTION ( 'NONE',  ( -0.7071067811865279218, 0.7071067811865670016, -0.000000000000000000 ) ) ;
#6479 = ADVANCED_FACE ( 'NONE', ( #9637 ), #1953, .T. ) ;
#6480 = CARTESIAN_POINT ( 'NONE',  ( 8.384994479999996031, 7.301569365762479613, 64.84121460908278323 ) ) ;
#6481 = ORIENTED_EDGE ( 'NONE', *, *, #5147, .T. ) ;
#6482 = PRODUCT_DEFINITION ( 'UNKNOWN', '', #7971, #2600 ) ;
#6483 = DIRECTION ( 'NONE',  ( -1.224646799147353454E-16, 1.000000000000000000, 0.000000000000000000 ) ) ;
#6484 = ORIENTED_EDGE ( 'NONE', *, *, #5488, .F. ) ;
#6485 = CARTESIAN_POINT ( 'NONE',  ( 8.384994479999996031, 7.966775993301984826, 66.38503492735354428 ) ) ;
#6486 = DIRECTION ( 'NONE',  ( -1.375019570461159196E-16, -1.000000000000000000, 0.000000000000000000 ) ) ;
#6487 = VECTOR ( 'NONE', #8100, 1000.000000000000000 ) ;
#6488 = CARTESIAN_POINT ( 'NONE',  ( -17.88499448000000669, 0.5000000000000003331, -60.00000000000000000 ) ) ;
#6489 = VERTEX_POINT ( 'NONE', #8179 ) ;
#6490 = CARTESIAN_POINT ( 'NONE',  ( 8.884994479999994255, 7.325972630318130285, 72.15202534369261400 ) ) ;
#6491 = DIRECTION ( 'NONE',  ( -1.000000000000000000, 0.000000000000000000, 0.000000000000000000 ) ) ;
#6492 = EDGE_LOOP ( 'NONE', ( #8461, #2025, #1119, #6204 ) ) ;
#6493 = ORIENTED_EDGE ( 'NONE', *, *, #4017, .T. ) ;
#6494 = CARTESIAN_POINT ( 'NONE',  ( 8.884994479999997807, 9.330045757232971582, 82.84129231770832291 ) ) ;
#6495 = CARTESIAN_POINT ( 'NONE',  ( 7.384994479999996031, 18.99999999999999645, -60.00000000000000000 ) ) ;
#6496 = EDGE_LOOP ( 'NONE', ( #1043, #9616, #4983, #9590 ) ) ;
#6497 = LINE ( 'NONE', #1987, #811 ) ;
#6498 = CIRCLE ( 'NONE', #262, 0.8000000000000003775 ) ;
#6499 = CARTESIAN_POINT ( 'NONE',  ( 8.384994479999999584, 7.603260713723625663, 65.69218009101614086 ) ) ;
#6500 = EDGE_LOOP ( 'NONE', ( #3736, #1278, #362, #1545 ) ) ;
#6501 = VERTEX_POINT ( 'NONE', #8884 ) ;
#6502 = FACE_OUTER_BOUND ( 'NONE', #3850, .T. ) ;
#6503 = VECTOR ( 'NONE', #5305, 1000.000000000000227 ) ;
#6504 = ORIENTED_EDGE ( 'NONE', *, *, #9535, .F. ) ;
#6505 = CARTESIAN_POINT ( 'NONE',  ( 6.238547870593285971, 22.00000000000000000, -8.353553390593283723 ) ) ;
#6506 = VERTEX_POINT ( 'NONE', #2850 ) ;
#6507 = CIRCLE ( 'NONE', #2828, 0.8000000000000003775 ) ;
#6508 = CARTESIAN_POINT ( 'NONE',  ( -17.38499447999996406, 1.232291628459543441E-15, 138.0000000000000000 ) ) ;
#6509 = DIRECTION ( 'NONE',  ( -1.000000000000000000, 1.066210604224532462E-16, 6.938893903907230350E-16 ) ) ;
#6510 = CARTESIAN_POINT ( 'NONE',  ( 8.384994480000001360, 7.128604640675374249, 73.09836793652942788 ) ) ;
#6511 = LINE ( 'NONE', #1353, #3908 ) ;
#6512 = VECTOR ( 'NONE', #5684, 1000.000000000000000 ) ;
#6513 = ADVANCED_FACE ( 'NONE', ( #8836 ), #3570, .F. ) ;
#6514 = LINE ( 'NONE', #1155, #4133 ) ;
#6515 = VECTOR ( 'NONE', #3499, 1000.000000000000000 ) ;
#6516 = LINE ( 'NONE', #1205, #9567 ) ;
#6517 = LINE ( 'NONE', #1807, #530 ) ;
#6518 = CARTESIAN_POINT ( 'NONE',  ( 5.884994479999997807, 19.99999999999999645, -13.30000000000000604 ) ) ;
#6519 = ORIENTED_EDGE ( 'NONE', *, *, #8431, .F. ) ;
#6520 = DIRECTION ( 'NONE',  ( 1.000000000000000000, 0.000000000000000000, 0.000000000000000000 ) ) ;
#6521 = LINE ( 'NONE', #8789, #9239 ) ;
#6522 = DIRECTION ( 'NONE',  ( -0.7071067811865482389, 0.7071067811865469066, 0.000000000000000000 ) ) ;
#6523 = EDGE_CURVE ( 'NONE', #2019, #4274, #8226, .T. ) ;
#6524 = EDGE_LOOP ( 'NONE', ( #1221, #4138 ) ) ;
#6525 = EDGE_CURVE ( 'NONE', #4383, #9806, #5809, .T. ) ;
#6526 = ORIENTED_EDGE ( 'NONE', *, *, #1991, .T. ) ;
#6527 = EDGE_CURVE ( 'NONE', #9267, #4199, #5106, .T. ) ;
#6528 = ORIENTED_EDGE ( 'NONE', *, *, #3068, .F. ) ;
#6529 = DIRECTION ( 'NONE',  ( -0.7071067811865282549, 0.000000000000000000, 0.7071067811865668906 ) ) ;
#6530 = DIRECTION ( 'NONE',  ( 0.000000000000000000, 1.000000000000000000, -0.000000000000000000 ) ) ;
#6531 = B_SPLINE_CURVE_WITH_KNOTS ( 'NONE', 3,
 ( #3515, #3457, #5759, #9528, #7213, #352, #9482, #6510, #2751, #1150, #8931, #2802, #5051, #8119, #1900, #6613, #8069, #6419, #1951 ),
 .UNSPECIFIED., .F., .F.,
 ( 4, 1, 1, 1, 1, 1, 1, 1, 1, 1, 1, 1, 1, 1, 1, 1, 4 ),
 ( 0.000000000000000000, 0.07041504195315498316, 0.1378948029511679330, 0.2029029158899406660, 0.2651675718519714842, 0.3256747361138946917, 0.3845661001280254454, 0.4427637076845892250, 0.5002944981943513447, 0.5579013519417781453, 0.6159100039551808070, 0.6751334132520532272, 0.7355198412831430721, 0.7982515902523119600, 0.8628542859844969826, 0.9297835140589847391, 1.000000000000000000 ),
 .UNSPECIFIED. ) ;
#6532 = ORIENTED_EDGE ( 'NONE', *, *, #6333, .T. ) ;
#6533 = AXIS2_PLACEMENT_3D ( 'NONE', #7412, #9040, #5208 ) ;
#6534 = CARTESIAN_POINT ( 'NONE',  ( 8.884994479999999584, 7.590533229288937811, 70.50233909837950819 ) ) ;
#6535 = ORIENTED_EDGE ( 'NONE', *, *, #4335, .T. ) ;
#6536 = CARTESIAN_POINT ( 'NONE',  ( -7.384994479999946293, 3.478689187537348026E-18, 22.00000000000004619 ) ) ;
#6537 = CARTESIAN_POINT ( 'NONE',  ( 8.884994479999997807, 7.686449039404632977, 65.71280461049452981 ) ) ;
#6538 = CARTESIAN_POINT ( 'NONE',  ( 8.884994479999997807, 7.988881264487286415, 83.99734441806108975 ) ) ;
#6539 = EDGE_CURVE ( 'NONE', #17, #9169, #2054, .T. ) ;
#6540 = AXIS2_PLACEMENT_3D ( 'NONE', #4859, #7921, #4115 ) ;
#6541 = CARTESIAN_POINT ( 'NONE',  ( 8.884994479999996031, 7.479225660329672287, 72.45795528885068393 ) ) ;
#6542 = CARTESIAN_POINT ( 'NONE',  ( 8.384994479999996031, 2.999999999999999112, -60.00000000000000000 ) ) ;
#6543 = VERTEX_POINT ( 'NONE', #9687 ) ;
#6544 = LINE ( 'NONE', #1981, #8216 ) ;
#6545 = ORIENTED_EDGE ( 'NONE', *, *, #7580, .T. ) ;
#6546 =( NAMED_UNIT ( * ) SI_UNIT ( $, .STERADIAN. ) SOLID_ANGLE_UNIT ( ) );
#6547 = FACE_OUTER_BOUND ( 'NONE', #5631, .T. ) ;
#6548 = CARTESIAN_POINT ( 'NONE',  ( 8.884994480000003136, 9.696247765966765186, 64.96943475594083850 ) ) ;
#6549 = EDGE_LOOP ( 'NONE', ( #4623, #5039, #3703, #6143 ) ) ;
#6550 = VECTOR ( 'NONE', #7220, 1000.000000000000000 ) ;
#6551 = LINE ( 'NONE', #2688, #2081 ) ;
#6552 = CARTESIAN_POINT ( 'NONE',  ( 8.384994479999997807, 9.283947729555352524, 73.41424565763556132 ) ) ;
#6553 = EDGE_CURVE ( 'NONE', #5299, #412, #2004, .T. ) ;
#6554 = ORIENTED_EDGE ( 'NONE', *, *, #8439, .T. ) ;
#6555 = VECTOR ( 'NONE', #2345, 1000.000000000000000 ) ;
#6556 = ORIENTED_EDGE ( 'NONE', *, *, #9864, .T. ) ;
#6557 = DIRECTION ( 'NONE',  ( 1.445602896647339656E-16, -1.541317137903094433E-32, 1.000000000000000000 ) ) ;
#6558 = VECTOR ( 'NONE', #8780, 999.9999999999998863 ) ;
#6559 = ORIENTED_EDGE ( 'NONE', *, *, #7624, .T. ) ;
#6560 = DIRECTION ( 'NONE',  ( 4.505775262277422587E-16, 1.044946112423809267E-33, 1.000000000000000000 ) ) ;
#6561 = VERTEX_POINT ( 'NONE', #5908 ) ;
#6562 = CARTESIAN_POINT ( 'NONE',  ( 8.384994479999996031, 8.605062645470310301, 65.80651733158754269 ) ) ;
#6563 = CARTESIAN_POINT ( 'NONE',  ( 8.002706914446797271, 19.78640406174548616, 8.382287565553207642 ) ) ;
#6564 = DIRECTION ( 'NONE',  ( 0.000000000000000000, 0.000000000000000000, -1.000000000000000000 ) ) ;
#6565 = LINE ( 'NONE', #5807, #314 ) ;
#6566 = DIRECTION ( 'NONE',  ( -1.000000000000000000, 0.000000000000000000, 0.000000000000000000 ) ) ;
#6567 = B_SPLINE_CURVE_WITH_KNOTS ( 'NONE', 3,
 ( #8554, #1675, #4724, #2571, #7078, #1725, #4775, #3269, #6330, #1687, #2533 ),
 .UNSPECIFIED., .F., .F.,
 ( 4, 1, 1, 1, 1, 1, 1, 1, 4 ),
 ( 0.000000000000000000, 0.06132074913294487811, 0.1407664973254501573, 0.2383158483605686273, 0.3540223279141549995, 0.4878667288614756403, 0.6406872479568562762, 0.8108506329929972001, 1.000000000000000000 ),
 .UNSPECIFIED. ) ;
#6568 = DIRECTION ( 'NONE',  ( 0.000000000000000000, 0.000000000000000000, -1.000000000000000000 ) ) ;
#6569 = VERTEX_POINT ( 'NONE', #2804 ) ;
#6570 = CARTESIAN_POINT ( 'NONE',  ( 8.884994479999996031, 7.920121641783871347, 70.38709208335627920 ) ) ;
#6571 = PLANE ( 'NONE',  #9035 ) ;
#6572 = LINE ( 'NONE', #3467, #2390 ) ;
#6573 = ORIENTED_EDGE ( 'NONE', *, *, #5307, .T. ) ;
#6574 = DIRECTION ( 'NONE',  ( 0.000000000000000000, 1.000000000000000000, 0.000000000000000000 ) ) ;
#6575 = LINE ( 'NONE', #2067, #3304 ) ;
#6576 = CARTESIAN_POINT ( 'NONE',  ( 8.384994479999996031, 2.999999999999999112, 13.30000000000000604 ) ) ;
#6577 = ORIENTED_EDGE ( 'NONE', *, *, #6343, .F. ) ;
#6578 = DIRECTION ( 'NONE',  ( 0.7071067811865673347, 0.000000000000000000, 0.7071067811865276997 ) ) ;
#6579 = CARTESIAN_POINT ( 'NONE',  ( 8.884994479999997807, 6.702458179608773214, 63.41097365159257038 ) ) ;
#6580 = ORIENTED_EDGE ( 'NONE', *, *, #3225, .T. ) ;
#6581 = EDGE_CURVE ( 'NONE', #9908, #9474, #4354, .T. ) ;
#6582 = CARTESIAN_POINT ( 'NONE',  ( 8.384994479999997807, 9.208496643927567504, 65.57369224220593651 ) ) ;
#6583 = ORIENTED_EDGE ( 'NONE', *, *, #7881, .F. ) ;
#6584 = CARTESIAN_POINT ( 'NONE',  ( 8.384994479999997807, 8.605062645470310301, 65.80651733158754269 ) ) ;
#6585 = DIRECTION ( 'NONE',  ( -0.7071067811865462405, 0.7071067811865489050, 0.000000000000000000 ) ) ;
#6586 = EDGE_CURVE ( 'NONE', #8475, #3260, #6659, .T. ) ;
#6587 = DIRECTION ( 'NONE',  ( 4.505775262277422587E-16, 1.044946112423804478E-33, 1.000000000000000000 ) ) ;
#6588 = ORIENTED_EDGE ( 'NONE', *, *, #7753, .T. ) ;
#6589 = VECTOR ( 'NONE', #6338, 1000.000000000000000 ) ;
#6590 = FACE_OUTER_BOUND ( 'NONE', #5374, .T. ) ;
#6591 = LINE ( 'NONE', #9664, #2487 ) ;
#6592 = ADVANCED_FACE ( 'NONE', ( #1151 ), #9823, .F. ) ;
#6593 = ADVANCED_FACE ( 'NONE', ( #8075 ), #3459, .T. ) ;
#6594 = DIRECTION ( 'NONE',  ( -0.000000000000000000, -0.000000000000000000, 1.000000000000000000 ) ) ;
#6595 = VERTEX_POINT ( 'NONE', #2650 ) ;
#6596 = EDGE_CURVE ( 'NONE', #9400, #7221, #1200, .T. ) ;
#6597 =( NAMED_UNIT ( * ) PLANE_ANGLE_UNIT ( ) SI_UNIT ( $, .RADIAN. ) );
#6598 = CARTESIAN_POINT ( 'NONE',  ( -2.384994479999915207, 2.000000000000000000, -60.00000000000000000 ) ) ;
#6599 = CARTESIAN_POINT ( 'NONE',  ( 8.884994479999997807, 9.698829978653909833, 64.54109561137666162 ) ) ;
#6600 = ORIENTED_EDGE ( 'NONE', *, *, #4280, .F. ) ;
#6601 = LINE ( 'NONE', #4296, #3857 ) ;
#6602 = EDGE_CURVE ( 'NONE', #3607, #2587, #7512, .T. ) ;
#6603 = CARTESIAN_POINT ( 'NONE',  ( 8.884994479999997807, 7.775677886478305822, 65.71587503547344511 ) ) ;
#6604 = VERTEX_POINT ( 'NONE', #9325 ) ;
#6605 = AXIS2_PLACEMENT_3D ( 'NONE', #5519, #3878, #2415 ) ;
#6606 = EDGE_LOOP ( 'NONE', ( #3492, #3318, #7230, #7982 ) ) ;
#6607 = CARTESIAN_POINT ( 'NONE',  ( -7.384994479999946293, 1.499999999999942268, 33.49999999999998579 ) ) ;
#6608 = LINE ( 'NONE', #1895, #1096 ) ;
#6609 = ORIENTED_EDGE ( 'NONE', *, *, #4017, .F. ) ;
#6610 = ADVANCED_FACE ( 'NONE', ( #5260 ), #526, .F. ) ;
#6611 = DIRECTION ( 'NONE',  ( -9.148913611452871100E-17, -0.6856186510182293858, 0.7279608954991630965 ) ) ;
#6612 = DIRECTION ( 'NONE',  ( 0.000000000000000000, -0.000000000000000000, -1.000000000000000000 ) ) ;
#6613 = CARTESIAN_POINT ( 'NONE',  ( 8.384994479999999584, 6.718361105531589494, 72.24094555572590082 ) ) ;
#6614 = PLANE ( 'NONE',  #2070 ) ;
#6615 = VECTOR ( 'NONE', #7167, 1000.000000000000000 ) ;
#6616 = DIRECTION ( 'NONE',  ( -1.334402673828313832E-16, -1.000000000000000000, 0.000000000000000000 ) ) ;
#6617 = VECTOR ( 'NONE', #9820, 1000.000000000000000 ) ;
#6618 = CARTESIAN_POINT ( 'NONE',  ( -11.18499448000000740, -1.000000000000035305, 8.499999999999998224 ) ) ;
#6619 = ORIENTED_EDGE ( 'NONE', *, *, #4881, .F. ) ;
#6620 = CARTESIAN_POINT ( 'NONE',  ( -7.584994479999998873, 2.000000000000000888, -7.700000000000001954 ) ) ;
#6621 = DIRECTION ( 'NONE',  ( -4.505775262277422587E-16, 4.804105364892761947E-32, -1.000000000000000000 ) ) ;
#6622 = DIRECTION ( 'NONE',  ( 7.539247484201940086E-17, 0.7071067811865671127, -0.7071067811865280328 ) ) ;
#6623 = VERTEX_POINT ( 'NONE', #887 ) ;
#6624 = CARTESIAN_POINT ( 'NONE',  ( 8.384994479999997807, 9.698909298876095875, 64.58383259425670531 ) ) ;
#6625 = DIRECTION ( 'NONE',  ( -1.000000000000000000, 0.000000000000000000, 0.000000000000000000 ) ) ;
#6626 = CARTESIAN_POINT ( 'NONE',  ( -3.384994480000097283, 1.275519368763624455E-17, 74.00000000000004263 ) ) ;
#6627 = AXIS2_PLACEMENT_3D ( 'NONE', #5923, #9647, #4416 ) ;
#6628 = ORIENTED_EDGE ( 'NONE', *, *, #4619, .F. ) ;
#6629 = LINE ( 'NONE', #7274, #7015 ) ;
#6630 = CARTESIAN_POINT ( 'NONE',  ( 8.384994479999997807, 7.763472870588953967, 73.44629087820167967 ) ) ;
#6631 = ORIENTED_EDGE ( 'NONE', *, *, #7638, .T. ) ;
#6632 = LINE ( 'NONE', #625, #5744 ) ;
#6633 = VERTEX_POINT ( 'NONE', #6804 ) ;
#6634 = CARTESIAN_POINT ( 'NONE',  ( -7.884994480000004025, 0.5000000000000558442, 22.00000000000004619 ) ) ;
#6635 = LINE ( 'NONE', #5932, #68 ) ;
#6636 = DIRECTION ( 'NONE',  ( -1.000000000000000000, 1.334402673828313832E-16, -0.000000000000000000 ) ) ;
#6637 = CARTESIAN_POINT ( 'NONE',  ( 8.884994479999997807, 7.782308469416938657, 72.68288374018547415 ) ) ;
#6638 = PLANE ( 'NONE',  #3450 ) ;
#6639 = EDGE_CURVE ( 'NONE', #366, #486, #5495, .T. ) ;
#6640 = EDGE_LOOP ( 'NONE', ( #6358, #9717, #682 ) ) ;
#6641 = PLANE ( 'NONE',  #8723 ) ;
#6642 = ORIENTED_EDGE ( 'NONE', *, *, #47, .F. ) ;
#6643 = FACE_OUTER_BOUND ( 'NONE', #7787, .T. ) ;
#6644 = CARTESIAN_POINT ( 'NONE',  ( 8.384994479999997807, 7.766314224606289507, 84.19830300746819773 ) ) ;
#6645 = VERTEX_POINT ( 'NONE', #6989 ) ;
#6646 = CARTESIAN_POINT ( 'NONE',  ( 8.384994479999999584, 9.393410515271439110, 85.90676301454405461 ) ) ;
#6647 = CARTESIAN_POINT ( 'NONE',  ( -9.884994480000003136, 5.699999999999998401, -60.00000000000000000 ) ) ;
#6648 = CARTESIAN_POINT ( 'NONE',  ( 8.384994479999997807, 7.686449039404632977, 65.71280461049452981 ) ) ;
#6649 = EDGE_CURVE ( 'NONE', #3452, #267, #6249, .T. ) ;
#6650 = EDGE_CURVE ( 'NONE', #6012, #4875, #8697, .T. ) ;
#6651 = ORIENTED_EDGE ( 'NONE', *, *, #9076, .F. ) ;
#6652 = LINE ( 'NONE', #7401, #4132 ) ;
#6653 = EDGE_CURVE ( 'NONE', #8704, #6993, #4502, .T. ) ;
#6654 = ORIENTED_EDGE ( 'NONE', *, *, #6539, .F. ) ;
#6655 = ORIENTED_EDGE ( 'NONE', *, *, #5147, .F. ) ;
#6656 = CARTESIAN_POINT ( 'NONE',  ( 8.884994479999997807, 7.318079788848047329, 71.74324355750682969 ) ) ;
#6657 = CARTESIAN_POINT ( 'NONE',  ( -2.884994480000013795, 0.5000000000000281997, 86.00000000000001421 ) ) ;
#6658 = CARTESIAN_POINT ( 'NONE',  ( 8.884994479999997807, 9.330045757232971582, 83.53276273287259812 ) ) ;
#6659 = LINE ( 'NONE', #8024, #9346 ) ;
#6660 = EDGE_CURVE ( 'NONE', #8656, #288, #7748, .T. ) ;
#6661 = VECTOR ( 'NONE', #3927, 1000.000000000000000 ) ;
#6662 = ADVANCED_FACE ( 'NONE', ( #2951 ), #2389, .F. ) ;
#6663 = ORIENTED_EDGE ( 'NONE', *, *, #48, .F. ) ;
#6664 = LINE ( 'NONE', #5265, #5577 ) ;
#6665 = ORIENTED_EDGE ( 'NONE', *, *, #7216, .F. ) ;
#6666 = FACE_OUTER_BOUND ( 'NONE', #1385, .T. ) ;
#6667 = FACE_OUTER_BOUND ( 'NONE', #9081, .T. ) ;
#6668 = CARTESIAN_POINT ( 'NONE',  ( -8.053623630101524711, 2.000000000000000444, -8.168629150101526903 ) ) ;
#6669 = ORIENTED_EDGE ( 'NONE', *, *, #1445, .F. ) ;
#6670 = CONICAL_SURFACE ( 'NONE', #759, 1.000000000000000000, 0.7853981633974206344 ) ;
#6671 = CARTESIAN_POINT ( 'NONE',  ( 5.384994479999996919, 19.00000000000000000, -12.49999999999999645 ) ) ;
#6672 = DIRECTION ( 'NONE',  ( -1.000000000000000000, 0.000000000000000000, 0.000000000000000000 ) ) ;
#6673 = DIRECTION ( 'NONE',  ( 0.8660254037844381525, -0.5000000000000006661, 0.000000000000000000 ) ) ;
#6674 = VECTOR ( 'NONE', #3427, 1000.000000000000114 ) ;
#6675 = PLANE ( 'NONE',  #6721 ) ;
#6676 = VECTOR ( 'NONE', #232, 1000.000000000000000 ) ;
#6677 = CARTESIAN_POINT ( 'NONE',  ( 8.884994479999997807, 7.532222677805888722, 67.67864262018449040 ) ) ;
#6678 = CARTESIAN_POINT ( 'NONE',  ( -8.384994479999996031, 2.999999999999999112, 8.499999999999998224 ) ) ;
#6679 = EDGE_LOOP ( 'NONE', ( #3041, #3713, #557, #478 ) ) ;
#6680 = CARTESIAN_POINT ( 'NONE',  ( 8.884994479999999584, 8.101251367263484937, 70.35166649002357531 ) ) ;
#6681 = ORIENTED_EDGE ( 'NONE', *, *, #8189, .T. ) ;
#6682 = LINE ( 'NONE', #6733, #4258 ) ;
#6683 = LINE ( 'NONE', #9763, #5647 ) ;
#6684 = VECTOR ( 'NONE', #8421, 1000.000000000000000 ) ;
#6685 = CARTESIAN_POINT ( 'NONE',  ( 8.384994479999997807, 7.301732539417800538, 64.80832011557035344 ) ) ;
#6686 = EDGE_LOOP ( 'NONE', ( #2373, #2153, #1297, #5739 ) ) ;
#6687 = PLANE ( 'NONE',  #431 ) ;
#6688 = DIRECTION ( 'NONE',  ( 0.000000000000000000, 0.000000000000000000, 1.000000000000000000 ) ) ;
#6689 = ORIENTED_EDGE ( 'NONE', *, *, #108, .T. ) ;
#6690 = ORIENTED_EDGE ( 'NONE', *, *, #7192, .F. ) ;
#6691 = COORDINATED_UNIVERSAL_TIME_OFFSET ( 1, 0, .AHEAD. ) ;
#6692 = DIRECTION ( 'NONE',  ( 1.334402673828313832E-16, 1.000000000000000000, 0.000000000000000000 ) ) ;
#6693 = CARTESIAN_POINT ( 'NONE',  ( 8.884994479999997807, 9.985051104466169392, 86.70747487939222253 ) ) ;
#6694 = EDGE_LOOP ( 'NONE', ( #7718, #2583, #7169, #1165 ) ) ;
#6695 = LINE ( 'NONE', #7547, #7248 ) ;
#6696 = LINE ( 'NONE', #8165, #961 ) ;
#6697 = CARTESIAN_POINT ( 'NONE',  ( 8.884994479999997807, 8.544938723348547427, 71.01714821839945557 ) ) ;
#6698 = AXIS2_PLACEMENT_3D ( 'NONE', #7625, #8238, #2267 ) ;
#6699 = AXIS2_PLACEMENT_3D ( 'NONE', #348, #7253, #3400 ) ;
#6700 = CARTESIAN_POINT ( 'NONE',  ( 2.384994479999970718, 22.00000000000000000, 8.500000000000007105 ) ) ;
#6701 = ORIENTED_EDGE ( 'NONE', *, *, #4277, .T. ) ;
#6702 = CIRCLE ( 'NONE', #9128, 0.5000000000000065503 ) ;
#6703 = EDGE_LOOP ( 'NONE', ( #8950, #3546, #4554, #9724 ) ) ;
#6704 = VECTOR ( 'NONE', #9755, 1000.000000000000000 ) ;
#6705 = CARTESIAN_POINT ( 'NONE',  ( 7.384994479999996031, 2.999999999999999112, -13.30000000000000604 ) ) ;
#6706 = LINE ( 'NONE', #9885, #5331 ) ;
#6707 = PLANE ( 'NONE',  #8808 ) ;
#6708 = ADVANCED_FACE ( 'NONE', ( #9036 ), #9141, .T. ) ;
#6709 = DIRECTION ( 'NONE',  ( -4.505775262277422587E-16, 4.804105364892761947E-32, -1.000000000000000000 ) ) ;
#6710 = DIRECTION ( 'NONE',  ( 0.000000000000000000, -0.9390568502567135933, 0.3437618826832611330 ) ) ;
#6711 = EDGE_CURVE ( 'NONE', #7784, #5311, #4014, .T. ) ;
#6712 = VECTOR ( 'NONE', #6803, 1000.000000000000000 ) ;
#6713 = CIRCLE ( 'NONE', #3689, 1.000000000000001776 ) ;
#6714 = ORIENTED_EDGE ( 'NONE', *, *, #8745, .T. ) ;
#6715 = PLANE ( 'NONE',  #6533 ) ;
#6716 = DIRECTION ( 'NONE',  ( -0.000000000000000000, 0.7071067811865281438, -0.7071067811865670016 ) ) ;
#6717 = CARTESIAN_POINT ( 'NONE',  ( 8.384994479999996031, 10.34024066390825425, 72.14747535756841046 ) ) ;
#6718 = CARTESIAN_POINT ( 'NONE',  ( 8.884994479999999584, 9.744928006331528891, 71.94198989868166905 ) ) ;
#6719 = EDGE_CURVE ( 'NONE', #3831, #3397, #6756, .T. ) ;
#6720 = VERTEX_POINT ( 'NONE', #9790 ) ;
#6721 = AXIS2_PLACEMENT_3D ( 'NONE', #5274, #7472, #6075 ) ;
#6722 = EDGE_CURVE ( 'NONE', #6433, #4043, #2899, .T. ) ;
#6723 = PLANE ( 'NONE',  #5672 ) ;
#6724 = CYLINDRICAL_SURFACE ( 'NONE', #6462, 0.7999999999999999334 ) ;
#6725 = EDGE_CURVE ( 'NONE', #7934, #5425, #2731, .T. ) ;
#6726 = CARTESIAN_POINT ( 'NONE',  ( -7.884994480000007577, 0.5000000000000003331, 86.00000000000001421 ) ) ;
#6727 = CARTESIAN_POINT ( 'NONE',  ( 8.384994479999996031, 22.00000000000000000, -7.700000000000001954 ) ) ;
#6728 = DIRECTION ( 'NONE',  ( 1.000000000000000000, 0.000000000000000000, 0.000000000000000000 ) ) ;
#6729 = EDGE_LOOP ( 'NONE', ( #5991, #8430, #870, #8428, #1306, #3270, #7744 ) ) ;
#6730 = EDGE_CURVE ( 'NONE', #3959, #3267, #4340, .T. ) ;
#6731 = LINE ( 'NONE', #1368, #9599 ) ;
#6732 = ORIENTED_EDGE ( 'NONE', *, *, #2180, .T. ) ;
#6733 = CARTESIAN_POINT ( 'NONE',  ( 8.884994479999997807, 9.145653646522500679, 72.72277524247130032 ) ) ;
#6734 = CARTESIAN_POINT ( 'NONE',  ( 10.38499447999999603, 21.50000000000000000, -59.50000000000000000 ) ) ;
#6735 = DIRECTION ( 'NONE',  ( -1.000000000000000000, -1.034421358364930004E-16, 0.000000000000000000 ) ) ;
#6736 = ORIENTED_EDGE ( 'NONE', *, *, #6774, .T. ) ;
#6737 = VERTEX_POINT ( 'NONE', #5834 ) ;
#6738 = CARTESIAN_POINT ( 'NONE',  ( 8.384994479999996031, 2.999999999999999112, -59.50000000000000000 ) ) ;
#6739 = CARTESIAN_POINT ( 'NONE',  ( 8.884994479999997807, 7.566805007060066757, 84.13992957557725560 ) ) ;
#6740 = VERTEX_POINT ( 'NONE', #583 ) ;
#6741 = CARTESIAN_POINT ( 'NONE',  ( 8.384994479999997807, 7.519276131692953946, 71.33734945270018102 ) ) ;
#6742 = CARTESIAN_POINT ( 'NONE',  ( -7.384994479999980044, 3.478689187537270988E-18, 73.49999999999998579 ) ) ;
#6743 = ORIENTED_EDGE ( 'NONE', *, *, #7928, .F. ) ;
#6744 = CARTESIAN_POINT ( 'NONE',  ( 8.384994479999997807, 9.912929705669553115, 86.65084857064395862 ) ) ;
#6745 = DIRECTION ( 'NONE',  ( 0.000000000000000000, 0.000000000000000000, 1.000000000000000000 ) ) ;
#6746 = CARTESIAN_POINT ( 'NONE',  ( 8.884994479999997807, 8.490900119243676158, 71.01805907059379308 ) ) ;
#6747 = VERTEX_POINT ( 'NONE', #435 ) ;
#6748 = LINE ( 'NONE', #6607, #8479 ) ;
#6749 = CARTESIAN_POINT ( 'NONE',  ( 5.884994479999996919, 22.00000000000000000, 12.49999999999999645 ) ) ;
#6750 = EDGE_LOOP ( 'NONE', ( #6796, #7839, #7796, #5580 ) ) ;
#6751 = VERTEX_POINT ( 'NONE', #3497 ) ;
#6752 = DIRECTION ( 'NONE',  ( -1.000000000000000000, 0.000000000000000000, 0.000000000000000000 ) ) ;
#6753 = CARTESIAN_POINT ( 'NONE',  ( 8.884994479999997807, 9.330045757232971582, 83.53276273287259812 ) ) ;
#6754 = DIRECTION ( 'NONE',  ( 0.000000000000000000, 0.000000000000000000, -1.000000000000000000 ) ) ;
#6755 = DIRECTION ( 'NONE',  ( -1.000000000000000000, 1.375019570461159196E-16, 8.934198159537202021E-17 ) ) ;
#6756 = LINE ( 'NONE', #5955, #8047 ) ;
#6757 = VERTEX_POINT ( 'NONE', #2781 ) ;
#6758 = DIRECTION ( 'NONE',  ( 1.192622389734055124E-16, 2.765841741321769571E-34, -1.000000000000000000 ) ) ;
#6759 = ORIENTED_EDGE ( 'NONE', *, *, #6277, .T. ) ;
#6760 = ADVANCED_FACE ( 'NONE', ( #1181 ), #3550, .F. ) ;
#6761 = AXIS2_PLACEMENT_3D ( 'NONE', #1406, #6060, #3191 ) ;
#6762 = CYLINDRICAL_SURFACE ( 'NONE', #8937, 0.7999999999999999334 ) ;
#6763 = CARTESIAN_POINT ( 'NONE',  ( 8.384994479999997807, 7.988881264487286415, 84.26745004898462810 ) ) ;
#6764 = CARTESIAN_POINT ( 'NONE',  ( 8.884994479999999584, 9.497332275014461089, 72.54447158765448478 ) ) ;
#6765 = ORIENTED_EDGE ( 'NONE', *, *, #9927, .F. ) ;
#6766 = DIRECTION ( 'NONE',  ( 1.000000000000000000, 4.605861719268250263E-18, 1.192622389734055124E-16 ) ) ;
#6767 = CARTESIAN_POINT ( 'NONE',  ( 7.384994479999996031, 1.999999999999999112, -45.50000000000000000 ) ) ;
#6768 = VECTOR ( 'NONE', #5943, 1000.000000000000000 ) ;
#6769 = EDGE_CURVE ( 'NONE', #1482, #9112, #1229, .T. ) ;
#6770 = EDGE_CURVE ( 'NONE', #5671, #8053, #4237, .T. ) ;
#6771 = EDGE_CURVE ( 'NONE', #82, #630, #7287, .T. ) ;
#6772 = LINE ( 'NONE', #5924, #1114 ) ;
#6773 = CARTESIAN_POINT ( 'NONE',  ( 8.884994479999997807, 8.880260328617952226, 65.14613861342732548 ) ) ;
#6774 = EDGE_CURVE ( 'NONE', #6489, #9521, #5090, .T. ) ;
#6775 = CARTESIAN_POINT ( 'NONE',  ( 8.384994479999997807, 8.613365483182510829, 65.78214095026002894 ) ) ;
#6776 = ORIENTED_EDGE ( 'NONE', *, *, #4194, .T. ) ;
#6777 = LINE ( 'NONE', #9209, #6072 ) ;
#6778 = EDGE_LOOP ( 'NONE', ( #4828, #9428, #441, #7369, #5026, #1381, #5699, #5687 ) ) ;
#6779 = AXIS2_PLACEMENT_3D ( 'NONE', #3220, #9354, #3421 ) ;
#6780 = CARTESIAN_POINT ( 'NONE',  ( 8.384994479999997807, 7.775677886478305822, 65.71587503547344511 ) ) ;
#6781 = CYLINDRICAL_SURFACE ( 'NONE', #2141, 1.000000000000000000 ) ;
#6782 = DIRECTION ( 'NONE',  ( -1.034421358364930004E-16, 1.000000000000000000, 2.111100016949954907E-32 ) ) ;
#6783 = ORIENTED_EDGE ( 'NONE', *, *, #7566, .F. ) ;
#6784 = EDGE_CURVE ( 'NONE', #8312, #6433, #2033, .T. ) ;
#6785 = EDGE_LOOP ( 'NONE', ( #5579, #1241, #3094, #7297, #3660, #1348, #6242, #374 ) ) ;
#6786 = LINE ( 'NONE', #6033, #914 ) ;
#6787 = DIRECTION ( 'NONE',  ( -1.000000000000000000, 1.334402673828313832E-16, -0.000000000000000000 ) ) ;
#6788 = CARTESIAN_POINT ( 'NONE',  ( 8.884994479999996031, 8.959557316235290614, 65.40431062263328954 ) ) ;
#6789 = ORIENTED_EDGE ( 'NONE', *, *, #5856, .F. ) ;
#6790 = CARTESIAN_POINT ( 'NONE',  ( -7.884994480000002248, 1.499999999999942268, 32.99999999999992895 ) ) ;
#6791 = DIRECTION ( 'NONE',  ( 0.000000000000000000, 0.000000000000000000, -1.000000000000000000 ) ) ;
#6792 = ORIENTED_EDGE ( 'NONE', *, *, #3541, .F. ) ;
#6793 = DIRECTION ( 'NONE',  ( -0.5773502691895936456, -0.5773502691896257311, 0.5773502691896578165 ) ) ;
#6794 = CARTESIAN_POINT ( 'NONE',  ( 8.884994479999997807, 6.702458179608773214, 67.37540403186766014 ) ) ;
#6795 = CARTESIAN_POINT ( 'NONE',  ( 8.384994479999997807, 7.301732539417800538, 71.93766820858687083 ) ) ;
#6796 = ORIENTED_EDGE ( 'NONE', *, *, #3912, .T. ) ;
#6797 = LINE ( 'NONE', #844, #2557 ) ;
#6798 = LINE ( 'NONE', #7603, #563 ) ;
#6799 = ORIENTED_EDGE ( 'NONE', *, *, #3221, .F. ) ;
#6800 = DIRECTION ( 'NONE',  ( 0.7071067811865671127, 0.7071067811865279218, -5.511259909705291387E-16 ) ) ;
#6801 = CARTESIAN_POINT ( 'NONE',  ( 8.884994479999999584, 7.302458885604085737, 71.90424426515849632 ) ) ;
#6802 = DIRECTION ( 'NONE',  ( 0.000000000000000000, 0.8546181457111515778, -0.5192569932328622295 ) ) ;
#6803 = DIRECTION ( 'NONE',  ( -1.000000000000000000, 1.334402673828313832E-16, -0.000000000000000000 ) ) ;
#6804 = CARTESIAN_POINT ( 'NONE',  ( 6.384994480000013795, 19.00000000000000000, -8.500000000000007105 ) ) ;
#6805 = VECTOR ( 'NONE', #4434, 1000.000000000000000 ) ;
#6806 = ORIENTED_EDGE ( 'NONE', *, *, #7142, .F. ) ;
#6807 = CARTESIAN_POINT ( 'NONE',  ( -2.384994479999991590, 2.000000000000000000, -44.50000000000000000 ) ) ;
#6808 = ORIENTED_EDGE ( 'NONE', *, *, #354, .T. ) ;
#6809 = B_SPLINE_CURVE_WITH_KNOTS ( 'NONE', 3,
 ( #8417, #1544, #4592, #3858, #3335, #6253, #8614, #3995, #9330, #2486, #938, #1077, #4041, #1688, #2392, #9374, #1828, #3946, #2582 ),
 .UNSPECIFIED., .F., .F.,
 ( 4, 1, 1, 1, 1, 1, 1, 1, 1, 1, 1, 1, 1, 1, 1, 1, 4 ),
 ( 0.000000000000000000, 0.05863713785793926020, 0.1144421474108361231, 0.1690482052544556302, 0.2219952735496053542, 0.2747684321805583529, 0.3268888808506663635, 0.3804769582634849878, 0.4349208394101387043, 0.4912567423742045802, 0.5503904738002451946, 0.6127623717388959168, 0.6797200153273668111, 0.7510744632463958181, 0.8281288448344793496, 0.9112525307144468956, 0.9999999999999998890 ),
 .UNSPECIFIED. ) ;
#6810 = FACE_OUTER_BOUND ( 'NONE', #880, .T. ) ;
#6811 = CARTESIAN_POINT ( 'NONE',  ( 8.384994479999996031, 10.12509751003555181, 72.83270729856187131 ) ) ;
#6812 = LINE ( 'NONE', #8233, #4472 ) ;
#6813 = ORIENTED_EDGE ( 'NONE', *, *, #7872, .T. ) ;
#6814 = CYLINDRICAL_SURFACE ( 'NONE', #403, 0.8000000000000003775 ) ;
#6815 = LINE ( 'NONE', #718, #9211 ) ;
#6816 = VECTOR ( 'NONE', #8596, 1000.000000000000000 ) ;
#6817 = ADVANCED_FACE ( 'NONE', ( #4982 ), #8861, .T. ) ;
#6818 = PLANE ( 'NONE',  #3852 ) ;
#6819 = LINE ( 'NONE', #2317, #7980 ) ;
#6820 = CIRCLE ( 'NONE', #7460, 1.000000000000001776 ) ;
#6821 = DIRECTION ( 'NONE',  ( -1.192622389734055617E-16, 1.271586638770053372E-32, -1.000000000000000000 ) ) ;
#6822 = CARTESIAN_POINT ( 'NONE',  ( 8.884994479999996031, 6.970868795098068560, 66.07825161525911994 ) ) ;
#6823 = ORIENTED_EDGE ( 'NONE', *, *, #214, .T. ) ;
#6824 = VECTOR ( 'NONE', #5528, 1000.000000000000000 ) ;
#6825 = DIRECTION ( 'NONE',  ( -1.000000000000000000, -2.319126125024811375E-18, 0.000000000000000000 ) ) ;
#6826 = ORIENTED_EDGE ( 'NONE', *, *, #3346, .F. ) ;
#6827 = EDGE_CURVE ( 'NONE', #4148, #3744, #6544, .T. ) ;
#6828 = CYLINDRICAL_SURFACE ( 'NONE', #753, 1.700000000000000178 ) ;
#6829 = ADVANCED_FACE ( 'NONE', ( #1521 ), #6641, .F. ) ;
#6830 = DIRECTION ( 'NONE',  ( 0.000000000000000000, 0.000000000000000000, -1.000000000000000000 ) ) ;
#6831 = CARTESIAN_POINT ( 'NONE',  ( 17.28144108940670165, 9.103553390593324579, 138.0000000000000000 ) ) ;
#6832 = VERTEX_POINT ( 'NONE', #7629 ) ;
#6833 = ADVANCED_FACE ( 'NONE', ( #6873 ), #8102, .F. ) ;
#6834 = VECTOR ( 'NONE', #6636, 1000.000000000000000 ) ;
#6835 = DIRECTION ( 'NONE',  ( -1.000000000000000000, 0.000000000000000000, 0.000000000000000000 ) ) ;
#6836 = LINE ( 'NONE', #6088, #9700 ) ;
#6837 = CARTESIAN_POINT ( 'NONE',  ( 8.884994479999996031, 10.05362529268345817, 65.96056923440856679 ) ) ;
#6838 = ORIENTED_EDGE ( 'NONE', *, *, #5177, .T. ) ;
#6839 = VECTOR ( 'NONE', #7913, 1000.000000000000000 ) ;
#6840 = FACE_OUTER_BOUND ( 'NONE', #5188, .T. ) ;
#6841 = CARTESIAN_POINT ( 'NONE',  ( 6.592101261186559924, -0.001000000000001000089, -8.000000000000007105 ) ) ;
#6842 = ORIENTED_EDGE ( 'NONE', *, *, #1139, .T. ) ;
#6843 = CARTESIAN_POINT ( 'NONE',  ( 8.384994479999999584, 9.429548438585324988, 86.00314183902811749 ) ) ;
#6844 = EDGE_CURVE ( 'NONE', #1737, #7208, #1335, .T. ) ;
#6845 = DIRECTION ( 'NONE',  ( 0.7071067811865675568, -2.884444029575505715E-16, 0.7071067811865275887 ) ) ;
#6846 = CARTESIAN_POINT ( 'NONE',  ( 8.384994479999999584, 7.664950307643242589, 71.21024535562374069 ) ) ;
#6847 = ADVANCED_FACE ( 'NONE', ( #9667 ), #8968, .T. ) ;
#6848 = ORIENTED_EDGE ( 'NONE', *, *, #7073, .T. ) ;
#6849 = CARTESIAN_POINT ( 'NONE',  ( 8.884994479999996031, 9.440765139116818361, 65.55525699972352527 ) ) ;
#6850 = EDGE_LOOP ( 'NONE', ( #991, #2517, #839, #7181 ) ) ;
#6851 = ORIENTED_EDGE ( 'NONE', *, *, #8702, .T. ) ;
#6852 = CARTESIAN_POINT ( 'NONE',  ( 8.884994479999997807, 9.283947729555352524, 73.41424565763556132 ) ) ;
#6853 = CARTESIAN_POINT ( 'NONE',  ( 6.684994479999995853, 19.19999999999999929, -12.50000000000000178 ) ) ;
#6854 = DIRECTION ( 'NONE',  ( -1.000000000000000000, -2.319126125024811375E-18, 0.000000000000000000 ) ) ;
#6855 = VECTOR ( 'NONE', #2104, 1000.000000000000000 ) ;
#6856 = FACE_OUTER_BOUND ( 'NONE', #3639, .T. ) ;
#6857 = DIRECTION ( 'NONE',  ( -1.000000000000000000, 0.000000000000000000, 0.000000000000000000 ) ) ;
#6858 = AXIS2_PLACEMENT_3D ( 'NONE', #2464, #5572, #1009 ) ;
#6859 = ORIENTED_EDGE ( 'NONE', *, *, #9473, .T. ) ;
#6860 = PLANE ( 'NONE',  #9594 ) ;
#6861 = ORIENTED_EDGE ( 'NONE', *, *, #3162, .F. ) ;
#6862 = ORIENTED_EDGE ( 'NONE', *, *, #7261, .F. ) ;
#6863 = CARTESIAN_POINT ( 'NONE',  ( -9.884994480000003136, 5.699999999999998401, -8.500000000000000000 ) ) ;
#6864 = CARTESIAN_POINT ( 'NONE',  ( 8.384994479999997807, 7.302349909712243736, 71.96241407702348170 ) ) ;
#6865 = CARTESIAN_POINT ( 'NONE',  ( 8.884994479999997807, 9.655915186570293685, 72.33945984358987857 ) ) ;
#6866 = CARTESIAN_POINT ( 'NONE',  ( -17.88499448000000314, 19.19999999999999929, 13.29999999999999893 ) ) ;
#6867 = CIRCLE ( 'NONE', #150, 0.2000000000000013989 ) ;
#6868 = VECTOR ( 'NONE', #4537, 1000.000000000000000 ) ;
#6869 = CARTESIAN_POINT ( 'NONE',  ( 8.384994480000001360, 7.948293131128773226, 72.74541265797884648 ) ) ;
#6870 = DIRECTION ( 'NONE',  ( 0.000000000000000000, 0.000000000000000000, -1.000000000000000000 ) ) ;
#6871 = CARTESIAN_POINT ( 'NONE',  ( 8.884994479999997807, 8.873899594919603118, 65.02513441825070117 ) ) ;
#6872 = AXIS2_PLACEMENT_3D ( 'NONE', #6301, #1787, #1037 ) ;
#6873 = FACE_OUTER_BOUND ( 'NONE', #1228, .T. ) ;
#6874 = CARTESIAN_POINT ( 'NONE',  ( 8.384994479999996031, 6.894308708563329446, 65.98515436503784315 ) ) ;
#6875 = ORIENTED_EDGE ( 'NONE', *, *, #8517, .F. ) ;
#6876 = CARTESIAN_POINT ( 'NONE',  ( -9.384994480000001360, 1.499999999999999556, -21.50000000000000355 ) ) ;
#6877 = ORIENTED_EDGE ( 'NONE', *, *, #1140, .F. ) ;
#6878 = FACE_OUTER_BOUND ( 'NONE', #8507, .T. ) ;
#6879 = CARTESIAN_POINT ( 'NONE',  ( -17.88499448000000314, 2.399999999999997691, 12.49999999999999822 ) ) ;
#6880 = ORIENTED_EDGE ( 'NONE', *, *, #5121, .F. ) ;
#6881 = ORIENTED_EDGE ( 'NONE', *, *, #4832, .T. ) ;
#6882 = PLANE ( 'NONE',  #8281 ) ;
#6883 = ADVANCED_FACE ( 'NONE', ( #9904 ), #26, .F. ) ;
#6884 = DIRECTION ( 'NONE',  ( -1.000000000000000000, 1.334402673828313832E-16, 0.000000000000000000 ) ) ;
#6885 = CARTESIAN_POINT ( 'NONE',  ( 8.384994479999997807, 9.065350789409185595, 65.51613281674309519 ) ) ;
#6886 = VERTEX_POINT ( 'NONE', #4714 ) ;
#6887 = EDGE_CURVE ( 'NONE', #4484, #3125, #1762, .T. ) ;
#6888 = DIRECTION ( 'NONE',  ( 0.000000000000000000, 0.000000000000000000, 1.000000000000000000 ) ) ;
#6889 = CARTESIAN_POINT ( 'NONE',  ( 8.384994479999999584, 9.859048426080809335, 70.78118716700038249 ) ) ;
#6890 = ORIENTED_EDGE ( 'NONE', *, *, #3730, .F. ) ;
#6891 = CARTESIAN_POINT ( 'NONE',  ( 8.384994479999997807, 7.801934395919686516, 65.71502479911072214 ) ) ;
#6892 = PLANE ( 'NONE',  #2102 ) ;
#6893 = CARTESIAN_POINT ( 'NONE',  ( 8.384994479999999584, 8.386776052888004429, 71.01981414247055113 ) ) ;
#6894 = EDGE_CURVE ( 'NONE', #4494, #193, #6319, .T. ) ;
#6895 = ADVANCED_FACE ( 'NONE', ( #5571 ), #1008, .T. ) ;
#6896 = LINE ( 'NONE', #9879, #5597 ) ;
#6897 = EDGE_CURVE ( 'NONE', #7766, #623, #73, .T. ) ;
#6898 = LINE ( 'NONE', #49, #2632 ) ;
#6899 = VERTEX_POINT ( 'NONE', #5473 ) ;
#6900 = ADVANCED_FACE ( 'NONE', ( #8640 ), #4665, .F. ) ;
#6901 = CARTESIAN_POINT ( 'NONE',  ( -12.88499447999999781, 2.399999999999998579, -60.00000000000000000 ) ) ;
#6902 = CARTESIAN_POINT ( 'NONE',  ( 8.384994479999994255, 7.993165381507008505, 65.67096607418486087 ) ) ;
#6903 = CARTESIAN_POINT ( 'NONE',  ( 8.384994479999997807, 10.20898060307301414, 65.70164973390654950 ) ) ;
#6904 = FACE_OUTER_BOUND ( 'NONE', #2206, .T. ) ;
#6905 = CARTESIAN_POINT ( 'NONE',  ( -3.384994480000042216, 2.000000000000000444, 85.50000000000001421 ) ) ;
#6906 = ORIENTED_EDGE ( 'NONE', *, *, #4084, .F. ) ;
#6907 = EDGE_CURVE ( 'NONE', #9605, #7132, #3922, .T. ) ;
#6908 = CARTESIAN_POINT ( 'NONE',  ( 8.384994479999996031, 9.744207607842707120, 72.01448683530088601 ) ) ;
#6909 = VERTEX_POINT ( 'NONE', #8498 ) ;
#6910 = EDGE_CURVE ( 'NONE', #623, #716, #9187, .T. ) ;
#6911 = CARTESIAN_POINT ( 'NONE',  ( 8.884994479999997807, 6.702458179608773214, 87.42804607163128594 ) ) ;
#6912 = CARTESIAN_POINT ( 'NONE',  ( 8.384994479999997807, 7.401105462779416833, 72.34359022400465733 ) ) ;
#6913 = CARTESIAN_POINT ( 'NONE',  ( 8.884994479999996031, 9.543158878442602244, 72.49875779379068774 ) ) ;
#6914 = CARTESIAN_POINT ( 'NONE',  ( 8.384994479999999584, 6.706035071851439433, 64.93653085196963559 ) ) ;
#6915 = B_SPLINE_CURVE_WITH_KNOTS ( 'NONE', 3,
 ( #1281, #1875, #7235, #7385, #8097, #1224, #5228, #3742, #5131, #8200, #2876, #8247, #9011, #4378, #2826, #2080, #4529, #1372, #5983 ),
 .UNSPECIFIED., .F., .F.,
 ( 4, 1, 1, 1, 1, 1, 1, 1, 1, 1, 1, 1, 1, 1, 1, 1, 4 ),
 ( 0.000000000000000000, 0.06704074835228489293, 0.1325568062303840999, 0.1957802642803788962, 0.2582166453742088530, 0.3188681249130387863, 0.3794776946887660762, 0.4400872644644964193, 0.5007387440033290726, 0.5617853304390167946, 0.6219189650290896099, 0.6826734838939141348, 0.7435758163726668979, 0.8054461261157271901, 0.8689749164301635576, 0.9336774142995790671, 1.000000000000000000 ),
 .UNSPECIFIED. ) ;
#6916 = DIRECTION ( 'NONE',  ( 0.7071067811865495711, 0.000000000000000000, -0.7071067811865454633 ) ) ;
#6917 = ADVANCED_FACE ( 'NONE', ( #7873 ), #1617, .T. ) ;
#6918 = LINE ( 'NONE', #9253, #9756 ) ;
#6919 = VECTOR ( 'NONE', #8543, 1000.000000000000000 ) ;
#6920 = CARTESIAN_POINT ( 'NONE',  ( 8.884994479999999584, 8.829657554487104321, 66.06945025657125825 ) ) ;
#6921 = DIRECTION ( 'NONE',  ( 0.5000000000000003331, 0.4999999999999984457, 0.7071067811865485719 ) ) ;
#6922 = CARTESIAN_POINT ( 'NONE',  ( 8.884994479999996031, 6.738512128955040481, 72.37041132510616137 ) ) ;
#6923 = ORIENTED_EDGE ( 'NONE', *, *, #9738, .F. ) ;
#6924 = CARTESIAN_POINT ( 'NONE',  ( 8.384994479999996031, 6.745461655237040333, 65.63601254147259567 ) ) ;
#6925 = ORIENTED_EDGE ( 'NONE', *, *, #9483, .T. ) ;
#6926 = DIRECTION ( 'NONE',  ( 0.000000000000000000, -0.000000000000000000, 1.000000000000000000 ) ) ;
#6927 = CARTESIAN_POINT ( 'NONE',  ( -11.18499448000000740, -1.000000000000035305, -8.500000000000001776 ) ) ;
#6928 = CIRCLE ( 'NONE', #6296, 0.5000000000000022204 ) ;
#6929 = VECTOR ( 'NONE', #6132, 1000.000000000000000 ) ;
#6930 = VERTEX_POINT ( 'NONE', #4063 ) ;
#6931 = EDGE_LOOP ( 'NONE', ( #2137, #1915, #8290, #4193 ) ) ;
#6932 = CARTESIAN_POINT ( 'NONE',  ( 7.384994479999996031, 2.999999999999999112, -59.50000000000000000 ) ) ;
#6933 = CARTESIAN_POINT ( 'NONE',  ( -8.884994480000001360, 0.000000000000000000, 20.99999999999993605 ) ) ;
#6934 = DIRECTION ( 'NONE',  ( -0.7071067811865495711, -0.000000000000000000, -0.7071067811865454633 ) ) ;
#6935 = AXIS2_PLACEMENT_3D ( 'NONE', #6767, #6121, #6019 ) ;
#6936 = VERTEX_POINT ( 'NONE', #7726 ) ;
#6937 = CARTESIAN_POINT ( 'NONE',  ( -17.88499447999998893, 1.500000000000029310, -22.00000000000000711 ) ) ;
#6938 = CARTESIAN_POINT ( 'NONE',  ( 8.884994479999999584, 10.31716678351884831, 71.63601162598449434 ) ) ;
#6939 = ORIENTED_EDGE ( 'NONE', *, *, #7938, .F. ) ;
#6940 = DIRECTION ( 'NONE',  ( -0.7071067811865674457, -0.7071067811865276997, 0.000000000000000000 ) ) ;
#6941 = CARTESIAN_POINT ( 'NONE',  ( 8.384994479999997807, 6.702458179608773214, 67.37540403186766014 ) ) ;
#6942 = LINE ( 'NONE', #3236, #9256 ) ;
#6943 = EDGE_CURVE ( 'NONE', #4429, #4148, #868, .T. ) ;
#6944 = CARTESIAN_POINT ( 'NONE',  ( 8.384994479999999584, 9.393410515271439110, 85.90676301454405461 ) ) ;
#6945 = DIRECTION ( 'NONE',  ( -1.000000000000000000, -2.319126125024811375E-18, 0.000000000000000000 ) ) ;
#6946 = EDGE_LOOP ( 'NONE', ( #8803, #782, #346, #2644 ) ) ;
#6947 = LINE ( 'NONE', #8006, #6515 ) ;
#6948 = CARTESIAN_POINT ( 'NONE',  ( 5.884994479999997807, 19.99999999999999645, -13.30000000000000604 ) ) ;
#6949 = DIRECTION ( 'NONE',  ( 1.066210604224532462E-16, 1.000000000000000000, -0.000000000000000000 ) ) ;
#6950 = CARTESIAN_POINT ( 'NONE',  ( -3.384994480000036887, 0.5000000000000281997, 126.0000000000000000 ) ) ;
#6951 = CARTESIAN_POINT ( 'NONE',  ( 8.884994479999997807, 8.923140965932928381, 86.33186002324619324 ) ) ;
#6952 = EDGE_CURVE ( 'NONE', #8202, #1610, #1001, .T. ) ;
#6953 = ADVANCED_FACE ( 'NONE', ( #7779 ), #259, .F. ) ;
#6954 = ADVANCED_FACE ( 'NONE', ( #9206 ), #208, .T. ) ;
#6955 = VECTOR ( 'NONE', #6018, 1000.000000000000000 ) ;
#6956 = CARTESIAN_POINT ( 'NONE',  ( 8.384994479999997807, 9.289709983015054462, 65.57758095244059859 ) ) ;
#6957 = ORIENTED_EDGE ( 'NONE', *, *, #9804, .T. ) ;
#6958 = ORIENTED_EDGE ( 'NONE', *, *, #913, .T. ) ;
#6959 = CARTESIAN_POINT ( 'NONE',  ( -17.88499447999999958, 2.399999999999997691, -12.50000000000000178 ) ) ;
#6960 = CARTESIAN_POINT ( 'NONE',  ( 8.884994479999997807, 9.393430545289694678, 66.26905136760485959 ) ) ;
#6961 = CARTESIAN_POINT ( 'NONE',  ( 8.384994479999997807, 9.462368969637662275, 71.27135853295999368 ) ) ;
#6962 = VECTOR ( 'NONE', #1179, 999.9999999999998863 ) ;
#6963 = CARTESIAN_POINT ( 'NONE',  ( 8.384994479999997807, 10.04499562844967997, 72.94698577921512594 ) ) ;
#6964 = CARTESIAN_POINT ( 'NONE',  ( -17.88499448000000314, 2.399999999999997691, -12.50000000000000355 ) ) ;
#6965 = DIRECTION ( 'NONE',  ( -0.5773502691895522343, 0.5773502691896764683, -0.5773502691896486017 ) ) ;
#6966 = DIRECTION ( 'NONE',  ( 0.000000000000000000, 0.9343781361812787400, -0.3562828912906144674 ) ) ;
#6967 = CARTESIAN_POINT ( 'NONE',  ( -17.88499447999999248, 0.5000000000000003331, -29.50000000000000000 ) ) ;
#6968 = EDGE_LOOP ( 'NONE', ( #9192, #1594, #3250, #7698 ) ) ;
#6969 = VECTOR ( 'NONE', #9810, 1000.000000000000000 ) ;
#6970 = CARTESIAN_POINT ( 'NONE',  ( 8.384994479999999584, 6.782242499245218603, 65.76362151236759246 ) ) ;
#6971 = CARTESIAN_POINT ( 'NONE',  ( 8.384994479999997807, 8.563487619588546096, 70.32696808583455095 ) ) ;
#6972 = CARTESIAN_POINT ( 'NONE',  ( 8.884994480000001360, 6.733243380841571479, 65.54611262586682585 ) ) ;
#6973 = CARTESIAN_POINT ( 'NONE',  ( 10.38499447999999603, 1.500000000000000000, -59.50000000000000000 ) ) ;
#6974 = ORIENTED_EDGE ( 'NONE', *, *, #7261, .T. ) ;
#6975 = ORIENTED_EDGE ( 'NONE', *, *, #4499, .T. ) ;
#6976 = VECTOR ( 'NONE', #1237, 1000.000000000000114 ) ;
#6977 = LINE ( 'NONE', #4870, #5551 ) ;
#6978 = FACE_OUTER_BOUND ( 'NONE', #9727, .T. ) ;
#6979 = AXIS2_PLACEMENT_3D ( 'NONE', #580, #5186, #3645 ) ;
#6980 = LINE ( 'NONE', #7645, #5272 ) ;
#6981 = EDGE_LOOP ( 'NONE', ( #2729, #1976, #7890, #5875 ) ) ;
#6982 = CYLINDRICAL_SURFACE ( 'NONE', #1262, 1.000000000000001776 ) ;
#6983 = CARTESIAN_POINT ( 'NONE',  ( 8.884994479999997807, 9.972437573882681150, 70.90092997704086031 ) ) ;
#6984 = ORIENTED_EDGE ( 'NONE', *, *, #9794, .F. ) ;
#6985 = CARTESIAN_POINT ( 'NONE',  ( 4.738547870593263767, 19.00000000000000000, 6.853553390593266847 ) ) ;
#6986 = CARTESIAN_POINT ( 'NONE',  ( 9.447639842203239269, 21.11173499627125949, 138.4373546377967443 ) ) ;
#6987 = AXIS2_PLACEMENT_3D ( 'NONE', #4232, #2776, #9463 ) ;
#6988 = PLANE ( 'NONE',  #1854 ) ;
#6989 = CARTESIAN_POINT ( 'NONE',  ( 8.384994479999997807, 10.34420236614055533, 71.99024877140665524 ) ) ;
#6990 = CARTESIAN_POINT ( 'NONE',  ( 8.384994479999999584, 7.726896437627724268, 84.18765536983345044 ) ) ;
#6991 = DIRECTION ( 'NONE',  ( 7.539247484201730545E-17, 0.7071067811865474617, -0.7071067811865475727 ) ) ;
#6992 = VECTOR ( 'NONE', #6216, 1000.000000000000000 ) ;
#6993 = VERTEX_POINT ( 'NONE', #3258 ) ;
#6994 = EDGE_LOOP ( 'NONE', ( #5680, #8115, #9551, #7029 ) ) ;
#6995 = DIRECTION ( 'NONE',  ( 0.000000000000000000, 0.000000000000000000, 1.000000000000000000 ) ) ;
#6996 = CARTESIAN_POINT ( 'NONE',  ( -2.384994479999981376, 2.000000000000000000, 125.4999999999999716 ) ) ;
#6997 = PLANE ( 'NONE',  #9298 ) ;
#6998 = ORIENTED_EDGE ( 'NONE', *, *, #7713, .F. ) ;
#6999 = DIRECTION ( 'NONE',  ( 0.7071067811865479058, -0.7071067811865472397, 0.000000000000000000 ) ) ;
#7000 = CARTESIAN_POINT ( 'NONE',  ( -17.63499448000000669, 1.500000000000029532, -59.75000000000001421 ) ) ;
#7001 = LOCAL_TIME ( 15, 20, 41.00000000000000000, #4140 ) ;
#7002 = ADVANCED_FACE ( 'NONE', ( #7019 ), #166, .T. ) ;
#7003 = DIRECTION ( 'NONE',  ( 0.000000000000000000, 0.000000000000000000, 1.000000000000000000 ) ) ;
#7004 = ORIENTED_EDGE ( 'NONE', *, *, #556, .T. ) ;
#7005 = EDGE_CURVE ( 'NONE', #751, #6104, #1714, .T. ) ;
#7006 = ORIENTED_EDGE ( 'NONE', *, *, #8949, .T. ) ;
#7007 = CARTESIAN_POINT ( 'NONE',  ( -12.88499447999999781, 2.399999999999998579, 12.49999999999999822 ) ) ;
#7008 = LINE ( 'NONE', #6312, #7408 ) ;
#7009 = DIRECTION ( 'NONE',  ( 0.000000000000000000, 1.000000000000000000, 0.000000000000000000 ) ) ;
#7010 = EDGE_CURVE ( 'NONE', #9164, #5650, #7681, .T. ) ;
#7011 = CARTESIAN_POINT ( 'NONE',  ( 8.884994479999999584, 9.950928567515882506, 73.05050340799186870 ) ) ;
#7012 = PLANE ( 'NONE',  #9837 ) ;
#7013 = VECTOR ( 'NONE', #9870, 1000.000000000000000 ) ;
#7014 = B_SPLINE_CURVE_WITH_KNOTS ( 'NONE', 3,
 ( #4250, #301, #8776, #4848, #7911, #5046, #501, #1795, #3564, #4897, #7963 ),
 .UNSPECIFIED., .F., .F.,
 ( 4, 1, 1, 1, 1, 1, 1, 1, 4 ),
 ( 0.000000000000000000, 0.1278831472980662409, 0.2521571975524798392, 0.3767873631608804619, 0.5029258041618361874, 0.6283420099294420025, 0.7511319647558497570, 0.8744565549627659751, 1.000000000000000000 ),
 .UNSPECIFIED. ) ;
#7015 = VECTOR ( 'NONE', #6478, 1000.000000000000114 ) ;
#7016 = ADVANCED_FACE ( 'NONE', ( #2562 ), #7974, .T. ) ;
#7017 = CYLINDRICAL_SURFACE ( 'NONE', #1897, 0.8000000000000003775 ) ;
#7018 = ADVANCED_FACE ( 'NONE', ( #8839 ), #4858, .T. ) ;
#7019 = FACE_OUTER_BOUND ( 'NONE', #2273, .T. ) ;
#7020 = CARTESIAN_POINT ( 'NONE',  ( 8.884994479999997807, 10.29810433846293805, 76.26728140187063332 ) ) ;
#7021 = VECTOR ( 'NONE', #2672, 1000.000000000000000 ) ;
#7022 = ORIENTED_EDGE ( 'NONE', *, *, #8988, .T. ) ;
#7023 = VECTOR ( 'NONE', #1946, 1000.000000000000000 ) ;
#7024 = ADVANCED_FACE ( 'NONE', ( #6470 ), #2758, .T. ) ;
#7025 = CARTESIAN_POINT ( 'NONE',  ( 8.884994479999997807, 10.24206598805142043, 65.60385556116871442 ) ) ;
#7026 = LINE ( 'NONE', #7730, #6151 ) ;
#7027 = PLANE ( 'NONE',  #2341 ) ;
#7028 = CARTESIAN_POINT ( 'NONE',  ( 8.884994479999999584, 8.702248215860459268, 70.32948519175964464 ) ) ;
#7029 = ORIENTED_EDGE ( 'NONE', *, *, #1087, .T. ) ;
#7030 = VECTOR ( 'NONE', #192, 1000.000000000000000 ) ;
#7031 = ORIENTED_EDGE ( 'NONE', *, *, #2301, .T. ) ;
#7032 = EDGE_LOOP ( 'NONE', ( #2323, #9783, #2782, #1947, #6130, #3, #9012, #2879 ) ) ;
#7033 = CARTESIAN_POINT ( 'NONE',  ( -7.884994480000004025, 1.499999999999942268, 22.00000000000004619 ) ) ;
#7034 = EDGE_CURVE ( 'NONE', #5045, #3947, #4264, .T. ) ;
#7035 = CARTESIAN_POINT ( 'NONE',  ( 7.384994479999996031, 19.00000000000000355, -12.50000000000001066 ) ) ;
#7036 = CARTESIAN_POINT ( 'NONE',  ( 8.384994479999997807, 9.319370343175988225, 73.40384155712773406 ) ) ;
#7037 = EDGE_LOOP ( 'NONE', ( #4506, #3973, #7288, #8812 ) ) ;
#7038 = FACE_OUTER_BOUND ( 'NONE', #1276, .T. ) ;
#7039 = ORIENTED_EDGE ( 'NONE', *, *, #1755, .F. ) ;
#7040 = VECTOR ( 'NONE', #1236, 1000.000000000000000 ) ;
#7041 = DIRECTION ( 'NONE',  ( -1.000000000000000000, 0.000000000000000000, -1.486905836551555193E-15 ) ) ;
#7042 = CARTESIAN_POINT ( 'NONE',  ( 8.384994479999997807, 7.766314224606289507, 84.19830300746819773 ) ) ;
#7043 = DIRECTION ( 'NONE',  ( 0.000000000000000000, 0.000000000000000000, -1.000000000000000000 ) ) ;
#7044 = DIRECTION ( 'NONE',  ( -0.7071067811865474617, 0.000000000000000000, -0.7071067811865474617 ) ) ;
#7045 = CARTESIAN_POINT ( 'NONE',  ( 8.384994479999999584, 7.067813634945277812, 70.90350089508774545 ) ) ;
#7046 = ORIENTED_EDGE ( 'NONE', *, *, #8374, .F. ) ;
#7047 = DIRECTION ( 'NONE',  ( 0.000000000000000000, 0.000000000000000000, 1.000000000000000000 ) ) ;
#7048 = CARTESIAN_POINT ( 'NONE',  ( 8.884994479999997807, 8.107592613238251644, 65.58887875448603211 ) ) ;
#7049 = CARTESIAN_POINT ( 'NONE',  ( 8.384994479999997807, 9.393430545289694678, 66.26905136760485959 ) ) ;
#7050 = ORIENTED_EDGE ( 'NONE', *, *, #6463, .T. ) ;
#7051 = PLANE ( 'NONE',  #9142 ) ;
#7052 = CARTESIAN_POINT ( 'NONE',  ( 8.884994479999997807, -6.672013369141569161E-17, 0.000000000000000000 ) ) ;
#7053 = CARTESIAN_POINT ( 'NONE',  ( -17.38499447999996406, 2.000000000000001776, 126.5000000000000284 ) ) ;
#7054 = ORIENTED_EDGE ( 'NONE', *, *, #8121, .T. ) ;
#7055 = PLANE ( 'NONE',  #6357 ) ;
#7056 = DIRECTION ( 'NONE',  ( 0.7071067811865652253, 0.7071067811865296981, 0.000000000000000000 ) ) ;
#7057 = CARTESIAN_POINT ( 'NONE',  ( 8.884994479999999584, 9.198601906540417872, 71.11453769596896279 ) ) ;
#7058 = LINE ( 'NONE', #9297, #5836 ) ;
#7059 = CARTESIAN_POINT ( 'NONE',  ( 6.592101261186559924, 22.00000000000000000, -8.000000000000007105 ) ) ;
#7060 = VECTOR ( 'NONE', #4639, 1000.000000000000000 ) ;
#7061 = EDGE_CURVE ( 'NONE', #2522, #9066, #5764, .T. ) ;
#7062 = CARTESIAN_POINT ( 'NONE',  ( 8.884994479999997807, 9.697605145550888039, 64.88107319687304653 ) ) ;
#7063 = DIRECTION ( 'NONE',  ( 0.000000000000000000, 0.000000000000000000, -1.000000000000000000 ) ) ;
#7064 = LINE ( 'NONE', #5520, #3512 ) ;
#7065 = VERTEX_POINT ( 'NONE', #9537 ) ;
#7066 = CARTESIAN_POINT ( 'NONE',  ( 8.884994479999997807, 9.393430545289694678, 66.26905136760485959 ) ) ;
#7067 = CARTESIAN_POINT ( 'NONE',  ( 8.384994479999997807, 10.15682077481396384, 71.16734196377461785 ) ) ;
#7068 = DIRECTION ( 'NONE',  ( 1.000000000000000000, 8.250117422766957148E-17, -2.040851148208008245E-16 ) ) ;
#7069 = FACE_OUTER_BOUND ( 'NONE', #7448, .T. ) ;
#7070 = ADVANCED_FACE ( 'NONE', ( #4908 ), #7219, .T. ) ;
#7071 = EDGE_CURVE ( 'NONE', #3880, #8488, #360, .T. ) ;
#7072 = EDGE_LOOP ( 'NONE', ( #6254, #9312, #2069, #8605 ) ) ;
#7073 = EDGE_CURVE ( 'NONE', #8691, #8159, #7317, .T. ) ;
#7074 = AXIS2_PLACEMENT_3D ( 'NONE', #5005, #455, #7308 ) ;
#7075 = EDGE_LOOP ( 'NONE', ( #9096, #6279, #7685, #3321 ) ) ;
#7076 = EDGE_CURVE ( 'NONE', #7607, #1131, #6517, .T. ) ;
#7077 = DIRECTION ( 'NONE',  ( -1.000000000000000000, 1.334402673828313832E-16, -0.000000000000000000 ) ) ;
#7078 = CARTESIAN_POINT ( 'NONE',  ( 8.884994479999999584, 6.714501005430260960, 65.28707472340786921 ) ) ;
#7079 = ORIENTED_EDGE ( 'NONE', *, *, #8319, .F. ) ;
#7080 = CARTESIAN_POINT ( 'NONE',  ( 8.384994479999999584, 9.506168880823874900, 65.52535553930145795 ) ) ;
#7081 = VERTEX_POINT ( 'NONE', #5814 ) ;
#7082 = VECTOR ( 'NONE', #1358, 1000.000000000000114 ) ;
#7083 = CARTESIAN_POINT ( 'NONE',  ( 8.884994479999999584, 9.748153035895349205, 73.21699217337794607 ) ) ;
#7084 = ORIENTED_EDGE ( 'NONE', *, *, #6364, .T. ) ;
#7085 = CARTESIAN_POINT ( 'NONE',  ( 8.384994479999996031, 8.269363879574960663, 64.83905912195420740 ) ) ;
#7086 = CARTESIAN_POINT ( 'NONE',  ( 8.884994479999997807, 7.373330994981643016, 65.48646216034609324 ) ) ;
#7087 = CARTESIAN_POINT ( 'NONE',  ( 7.384994479999996031, 2.999999999999999112, -60.00000000000000000 ) ) ;
#7088 = EDGE_CURVE ( 'NONE', #2519, #4331, #2041, .T. ) ;
#7089 = ADVANCED_FACE ( 'NONE', ( #8027 ), #6373, .T. ) ;
#7090 = DIRECTION ( 'NONE',  ( -1.334402673828313832E-16, -1.000000000000000000, 0.000000000000000000 ) ) ;
#7091 = CARTESIAN_POINT ( 'NONE',  ( 8.384994479999997807, 9.698829978653909833, 64.10244406675683138 ) ) ;
#7092 = ORIENTED_EDGE ( 'NONE', *, *, #4069, .F. ) ;
#7093 = EDGE_LOOP ( 'NONE', ( #5133, #9041, #2512, #3565 ) ) ;
#7094 = CARTESIAN_POINT ( 'NONE',  ( 7.584994479999995320, 2.999999999999999112, 8.499999999999998224 ) ) ;
#7095 = LINE ( 'NONE', #5599, #2541 ) ;
#7096 = CARTESIAN_POINT ( 'NONE',  ( 7.384994479999996031, 19.00000000000000000, 0.000000000000000000 ) ) ;
#7097 = ORIENTED_EDGE ( 'NONE', *, *, #4324, .F. ) ;
#7098 = CARTESIAN_POINT ( 'NONE',  ( -8.884994479999987149, 0.000000000000000000, -21.50000000000000355 ) ) ;
#7099 = AXIS2_PLACEMENT_3D ( 'NONE', #3118, #3774, #9299 ) ;
#7100 = CARTESIAN_POINT ( 'NONE',  ( 8.384994479999997807, 7.329845358277218281, 65.35937850778148572 ) ) ;
#7101 = ORIENTED_EDGE ( 'NONE', *, *, #8056, .F. ) ;
#7102 = CARTESIAN_POINT ( 'NONE',  ( 7.384994479999996031, 1.999999999999999112, -59.50000000000000000 ) ) ;
#7103 = VERTEX_POINT ( 'NONE', #7264 ) ;
#7104 = CARTESIAN_POINT ( 'NONE',  ( 8.384994479999997807, 9.213008097101777594, 72.70532145803036883 ) ) ;
#7105 = ORIENTED_EDGE ( 'NONE', *, *, #2917, .T. ) ;
#7106 = CARTESIAN_POINT ( 'NONE',  ( 8.384994479993814309, 8.269791120647768778, 64.10244406675683138 ) ) ;
#7107 = CARTESIAN_POINT ( 'NONE',  ( 8.884994479999997807, 9.707470552930224983, 71.65497846891943823 ) ) ;
#7108 = CARTESIAN_POINT ( 'NONE',  ( 8.384994479999996031, 10.32241599536248167, 72.29994977586741811 ) ) ;
#7109 = EDGE_CURVE ( 'NONE', #5024, #636, #4316, .T. ) ;
#7110 = CARTESIAN_POINT ( 'NONE',  ( 8.884994479999997807, 9.065350789409185595, 65.51613281674309519 ) ) ;
#7111 = AXIS2_PLACEMENT_3D ( 'NONE', #3711, #5298, #9133 ) ;
#7112 = CARTESIAN_POINT ( 'NONE',  ( -17.88499447999999958, -1.000000000000002220, -8.500000000000001776 ) ) ;
#7113 = AXIS2_PLACEMENT_3D ( 'NONE', #1260, #3627, #4321 ) ;
#7114 = DIRECTION ( 'NONE',  ( 0.000000000000000000, -1.000000000000000000, -0.000000000000000000 ) ) ;
#7115 = CARTESIAN_POINT ( 'NONE',  ( 5.384994479999996919, 20.49999999999999645, -12.49999999999999645 ) ) ;
#7116 = ORIENTED_EDGE ( 'NONE', *, *, #2006, .F. ) ;
#7117 = CARTESIAN_POINT ( 'NONE',  ( 8.384994480000001360, 10.27855796706030311, 65.37960462547604834 ) ) ;
#7118 = LINE ( 'NONE', #7170, #2005 ) ;
#7119 = CARTESIAN_POINT ( 'NONE',  ( -17.38499448000002090, 2.000000000000002665, -30.00000000000000000 ) ) ;
#7120 = PLANE ( 'NONE',  #6779 ) ;
#7121 = EDGE_LOOP ( 'NONE', ( #1576, #4169, #8866, #5696 ) ) ;
#7122 = VECTOR ( 'NONE', #5638, 1000.000000000000000 ) ;
#7123 = ORIENTED_EDGE ( 'NONE', *, *, #6660, .F. ) ;
#7124 = DIRECTION ( 'NONE',  ( -1.000000000000000000, 0.000000000000000000, -0.000000000000000000 ) ) ;
#7125 = CARTESIAN_POINT ( 'NONE',  ( -17.38499448000002090, 0.2500000000000001665, -29.75000000000001421 ) ) ;
#7126 = ORIENTED_EDGE ( 'NONE', *, *, #5727, .T. ) ;
#7127 = CARTESIAN_POINT ( 'NONE',  ( 4.738547870593263767, 19.00000000000000000, -6.853553390593266847 ) ) ;
#7128 = ADVANCED_FACE ( 'NONE', ( #3523 ), #6571, .T. ) ;
#7129 = VERTEX_POINT ( 'NONE', #9443 ) ;
#7130 = EDGE_CURVE ( 'NONE', #6645, #486, #4432, .T. ) ;
#7131 = LINE ( 'NONE', #6391, #945 ) ;
#7132 = VERTEX_POINT ( 'NONE', #2208 ) ;
#7133 = DIRECTION ( 'NONE',  ( 0.000000000000000000, 1.000000000000000000, 0.000000000000000000 ) ) ;
#7134 = DIRECTION ( 'NONE',  ( 0.000000000000000000, -1.000000000000000000, 0.000000000000000000 ) ) ;
#7135 = EDGE_CURVE ( 'NONE', #2097, #8140, #3841, .T. ) ;
#7136 = DIRECTION ( 'NONE',  ( 0.7071067811865670016, 0.000000000000000000, 0.7071067811865280328 ) ) ;
#7137 = VECTOR ( 'NONE', #90, 1000.000000000000000 ) ;
#7138 = PLANE ( 'NONE',  #7150 ) ;
#7139 = CARTESIAN_POINT ( 'NONE',  ( 8.384994479999999584, 6.887400471065967089, 71.16792671140447624 ) ) ;
#7140 = ORIENTED_EDGE ( 'NONE', *, *, #162, .F. ) ;
#7141 = VERTEX_POINT ( 'NONE', #1308 ) ;
#7142 = EDGE_CURVE ( 'NONE', #5897, #6012, #9895, .T. ) ;
#7143 = VECTOR ( 'NONE', #7043, 1000.000000000000000 ) ;
#7144 = DIRECTION ( 'NONE',  ( 0.000000000000000000, 0.000000000000000000, 1.000000000000000000 ) ) ;
#7145 = CARTESIAN_POINT ( 'NONE',  ( 8.884994479999997807, 7.786482111715247179, 74.75108846028648202 ) ) ;
#7146 = DIRECTION ( 'NONE',  ( -0.000000000000000000, 0.000000000000000000, -1.000000000000000000 ) ) ;
#7147 = ORIENTED_EDGE ( 'NONE', *, *, #9734, .T. ) ;
#7148 = CARTESIAN_POINT ( 'NONE',  ( 8.384994479999997807, 6.702458179608773214, 69.36194091209999613 ) ) ;
#7149 = EDGE_CURVE ( 'NONE', #1213, #2551, #2857, .T. ) ;
#7150 = AXIS2_PLACEMENT_3D ( 'NONE', #283, #3334, #6397 ) ;
#7151 = CARTESIAN_POINT ( 'NONE',  ( 8.384994479999997807, 6.725449398954123303, 65.48202808810114561 ) ) ;
#7152 = VECTOR ( 'NONE', #6587, 1000.000000000000000 ) ;
#7153 = ORIENTED_EDGE ( 'NONE', *, *, #2977, .T. ) ;
#7154 = LINE ( 'NONE', #4196, #3043 ) ;
#7155 = VERTEX_POINT ( 'NONE', #5268 ) ;
#7156 = CARTESIAN_POINT ( 'NONE',  ( -17.38499447999996406, 0.5000000000000281997, 126.0000000000000000 ) ) ;
#7157 = VERTEX_POINT ( 'NONE', #3575 ) ;
#7158 = EDGE_CURVE ( 'NONE', #5821, #3452, #5161, .T. ) ;
#7159 = DIRECTION ( 'NONE',  ( -1.000000000000000000, 1.334402673828313832E-16, -0.000000000000000000 ) ) ;
#7160 = DIRECTION ( 'NONE',  ( -1.639869809431970524E-18, 0.7071067811865671127, 0.7071067811865279218 ) ) ;
#7161 = DIRECTION ( 'NONE',  ( -0.5773502691896256200, 0.5773502691896258421, -0.5773502691896258421 ) ) ;
#7162 = VECTOR ( 'NONE', #6105, 1000.000000000000000 ) ;
#7163 = DIRECTION ( 'NONE',  ( 0.000000000000000000, -0.7071067811865474617, -0.7071067811865475727 ) ) ;
#7164 = B_SPLINE_CURVE_WITH_KNOTS ( 'NONE', 3,
 ( #846, #9079, #2944, #2194, #7656, #3901, #5198, #6000, #8366, #1497, #4544 ),
 .UNSPECIFIED., .F., .F.,
 ( 4, 1, 1, 1, 1, 1, 1, 1, 4 ),
 ( 0.000000000000000000, 0.1373137595443560122, 0.2692218990625266373, 0.3962221264994129633, 0.5191402915749174785, 0.6401115657047966589, 0.7596244324201434361, 0.8789920927638731341, 1.000000000000000000 ),
 .UNSPECIFIED. ) ;
#7165 = APPROVAL_PERSON_ORGANIZATION ( #2684, #8146, #4292 ) ;
#7166 = CARTESIAN_POINT ( 'NONE',  ( 8.384994479999997807, 7.324061271574146659, 65.33196489872078416 ) ) ;
#7167 = DIRECTION ( 'NONE',  ( -1.000000000000000000, 1.334402673828313832E-16, -0.000000000000000000 ) ) ;
#7168 = LINE ( 'NONE', #1053, #7503 ) ;
#7169 = ORIENTED_EDGE ( 'NONE', *, *, #5727, .F. ) ;
#7170 = CARTESIAN_POINT ( 'NONE',  ( -7.384994479999980044, 22.00100000000000122, 86.00000000000001421 ) ) ;
#7171 = VECTOR ( 'NONE', #7909, 1000.000000000000000 ) ;
#7172 = CARTESIAN_POINT ( 'NONE',  ( 7.384994479999996031, 2.999999999999999112, 7.699999999999998401 ) ) ;
#7173 = AXIS2_PLACEMENT_3D ( 'NONE', #9838, #3723, #8229 ) ;
#7174 = PLANE ( 'NONE',  #4542 ) ;
#7175 = VERTEX_POINT ( 'NONE', #4508 ) ;
#7176 = ORIENTED_EDGE ( 'NONE', *, *, #9681, .F. ) ;
#7177 = CARTESIAN_POINT ( 'NONE',  ( -2.884994479999994699, 1.500000000000027311, -30.00000000000000000 ) ) ;
#7178 = AXIS2_PLACEMENT_3D ( 'NONE', #7426, #2117, #9552 ) ;
#7179 = VERTEX_POINT ( 'NONE', #6015 ) ;
#7180 = DIRECTION ( 'NONE',  ( -0.5773502691895935346, 0.5773502691896579275, 0.5773502691896258421 ) ) ;
#7181 = ORIENTED_EDGE ( 'NONE', *, *, #723, .T. ) ;
#7182 = PLANE ( 'NONE',  #7496 ) ;
#7183 = VERTEX_POINT ( 'NONE', #6763 ) ;
#7184 = DIRECTION ( 'NONE',  ( -0.000000000000000000, -0.000000000000000000, 1.000000000000000000 ) ) ;
#7185 = DIRECTION ( 'NONE',  ( 0.000000000000000000, 1.000000000000000000, 0.000000000000000000 ) ) ;
#7186 = CARTESIAN_POINT ( 'NONE',  ( 8.884994479999997807, 9.744928006331527115, 71.94198989868165484 ) ) ;
#7187 = CIRCLE ( 'NONE', #8642, 0.8000000000000003775 ) ;
#7188 = VECTOR ( 'NONE', #2000, 1000.000000000000000 ) ;
#7189 = ADVANCED_FACE ( 'NONE', ( #8183 ), #5113, .F. ) ;
#7190 = LINE ( 'NONE', #937, #6013 ) ;
#7191 = FACE_OUTER_BOUND ( 'NONE', #8113, .T. ) ;
#7192 = EDGE_CURVE ( 'NONE', #9694, #5639, #7466, .T. ) ;
#7193 = ORIENTED_EDGE ( 'NONE', *, *, #7749, .F. ) ;
#7194 = VECTOR ( 'NONE', #2494, 1000.000000000000000 ) ;
#7195 = ORIENTED_EDGE ( 'NONE', *, *, #8568, .F. ) ;
#7196 = VECTOR ( 'NONE', #9280, 1000.000000000000000 ) ;
#7197 = DIRECTION ( 'NONE',  ( -1.000000000000000000, -1.224646799147332746E-16, 0.000000000000000000 ) ) ;
#7198 = CARTESIAN_POINT ( 'NONE',  ( -2.884994480000013795, 0.5000000000000281997, 86.50000000000002842 ) ) ;
#7199 = LINE ( 'NONE', #1084, #9612 ) ;
#7200 = EDGE_LOOP ( 'NONE', ( #9653, #7283, #2610, #1169 ) ) ;
#7201 = DIRECTION ( 'NONE',  ( 0.000000000000000000, -0.3162277660168372195, 0.9486832980505141011 ) ) ;
#7202 = LINE ( 'NONE', #540, #1060 ) ;
#7203 = ADVANCED_FACE ( 'NONE', ( #6667 ), #5212, .T. ) ;
#7204 = EDGE_CURVE ( 'NONE', #4493, #9400, #9692, .T. ) ;
#7205 = ORIENTED_EDGE ( 'NONE', *, *, #9013, .F. ) ;
#7206 = CARTESIAN_POINT ( 'NONE',  ( 8.384994479999997807, 7.532222677805888722, 67.67864262018449040 ) ) ;
#7207 = EDGE_CURVE ( 'NONE', #901, #7964, #2811, .T. ) ;
#7208 = VERTEX_POINT ( 'NONE', #4464 ) ;
#7209 = PLANE ( 'NONE',  #6699 ) ;
#7210 = ORIENTED_EDGE ( 'NONE', *, *, #7750, .F. ) ;
#7211 = CARTESIAN_POINT ( 'NONE',  ( 8.884994479999996031, 8.442200935940519457, 66.10492980537584629 ) ) ;
#7212 = CARTESIAN_POINT ( 'NONE',  ( 8.884994480000003136, 8.152973638178949045, 65.53251543318918948 ) ) ;
#7213 = CARTESIAN_POINT ( 'NONE',  ( 8.384994479999996031, 7.429505706103875617, 73.31045865170196407 ) ) ;
#7214 = CARTESIAN_POINT ( 'NONE',  ( 8.384994479999997807, 8.039300982259680595, 72.76887327014891582 ) ) ;
#7215 = EDGE_CURVE ( 'NONE', #9694, #5978, #8951, .T. ) ;
#7216 = EDGE_CURVE ( 'NONE', #7523, #9066, #1413, .T. ) ;
#7217 = FACE_OUTER_BOUND ( 'NONE', #2404, .T. ) ;
#7218 = CARTESIAN_POINT ( 'NONE',  ( 8.884994480000001360, 7.304918843063679113, 70.67600562904138428 ) ) ;
#7219 = PLANE ( 'NONE',  #5007 ) ;
#7220 = DIRECTION ( 'NONE',  ( -4.605861719268250263E-18, 1.000000000000000000, 0.000000000000000000 ) ) ;
#7221 = VERTEX_POINT ( 'NONE', #3160 ) ;
#7222 = CARTESIAN_POINT ( 'NONE',  ( 8.384994479999996031, 9.698062628548161257, 64.77950860036914094 ) ) ;
#7223 = VECTOR ( 'NONE', #7798, 1000.000000000000114 ) ;
#7224 = DIRECTION ( 'NONE',  ( -1.000000000000000000, 1.334402673828313832E-16, -0.000000000000000000 ) ) ;
#7225 = CARTESIAN_POINT ( 'NONE',  ( 8.884994479999997807, 8.563487619588546096, 70.32696808583455095 ) ) ;
#7226 = ORIENTED_EDGE ( 'NONE', *, *, #5907, .F. ) ;
#7227 = ORIENTED_EDGE ( 'NONE', *, *, #2374, .F. ) ;
#7228 = CARTESIAN_POINT ( 'NONE',  ( 8.384994479999997807, 9.707470552930224983, 71.65497846891943823 ) ) ;
#7229 = DIRECTION ( 'NONE',  ( 0.2810846377148150665, -0.6785983445458294572, 0.6785983445458668717 ) ) ;
#7230 = ORIENTED_EDGE ( 'NONE', *, *, #7989, .F. ) ;
#7231 = CARTESIAN_POINT ( 'NONE',  ( 8.884994479999997807, 9.487580902570568853, 73.34711127647101137 ) ) ;
#7232 = ORIENTED_EDGE ( 'NONE', *, *, #2311, .T. ) ;
#7233 = CARTESIAN_POINT ( 'NONE',  ( 8.384994479999997807, 8.394125145521275755, 66.15568980678732203 ) ) ;
#7234 = CARTESIAN_POINT ( 'NONE',  ( 8.884994479999996031, 7.529751581092533286, 65.65798072575621802 ) ) ;
#7235 = CARTESIAN_POINT ( 'NONE',  ( 8.884994479999996031, 8.588645799345698606, 65.85471570847994371 ) ) ;
#7236 = EDGE_LOOP ( 'NONE', ( #7728, #6180, #544, #1066, #2424, #6925, #1695, #5048, #2584, #9038, #8794, #2444 ) ) ;
#7237 = LINE ( 'NONE', #8099, #4744 ) ;
#7238 = CARTESIAN_POINT ( 'NONE',  ( -9.384994480000001360, 0.4999999999999998890, -60.00000000000000000 ) ) ;
#7239 = VECTOR ( 'NONE', #4257, 1000.000000000000000 ) ;
#7240 = ORIENTED_EDGE ( 'NONE', *, *, #5234, .F. ) ;
#7241 = ORIENTED_EDGE ( 'NONE', *, *, #8949, .F. ) ;
#7242 = CARTESIAN_POINT ( 'NONE',  ( 8.884994479999996031, 10.27053457559473060, 86.86309457549742774 ) ) ;
#7243 = CARTESIAN_POINT ( 'NONE',  ( -8.884994480000001360, 0.000000000000000000, -22.00000000000000711 ) ) ;
#7244 = ORIENTED_EDGE ( 'NONE', *, *, #2374, .T. ) ;
#7245 = FACE_OUTER_BOUND ( 'NONE', #5816, .T. ) ;
#7246 = CARTESIAN_POINT ( 'NONE',  ( -8.884994480000001360, 8.989973373547417049E-18, -12.50000000000000355 ) ) ;
#7247 = EDGE_CURVE ( 'NONE', #5014, #4696, #7008, .T. ) ;
#7248 = VECTOR ( 'NONE', #8362, 1000.000000000000000 ) ;
#7249 = VECTOR ( 'NONE', #5227, 1000.000000000000000 ) ;
#7250 = EDGE_LOOP ( 'NONE', ( #4968, #7402, #3338, #5676, #2695, #6669, #793, #6655, #3380, #6765, #4777, #1432, #8816, #8126, #8643, #5241, #6663, #6227, #9458, #372, #4531, #4071, #4399, #7105, #338, #2145, #4431, #6759, #5531, #9854, #2128, #8671, #9741, #4480, #4865 ) ) ;
#7251 = VERTEX_POINT ( 'NONE', #862 ) ;
#7252 = CARTESIAN_POINT ( 'NONE',  ( 6.592101261186540384, 19.99999999999999645, 8.000000000000005329 ) ) ;
#7253 = DIRECTION ( 'NONE',  ( -0.7071067811865482389, 0.7071067811865469066, 0.000000000000000000 ) ) ;
#7254 = ORIENTED_EDGE ( 'NONE', *, *, #2724, .T. ) ;
#7255 = CARTESIAN_POINT ( 'NONE',  ( 8.384994479999997807, 8.869065480456796990, 64.10244406675683138 ) ) ;
#7256 = CARTESIAN_POINT ( 'NONE',  ( 8.884994479999997807, 8.267511744472498592, 64.95217640861899611 ) ) ;
#7257 = DIRECTION ( 'NONE',  ( 0.000000000000000000, 0.000000000000000000, -1.000000000000000000 ) ) ;
#7258 = VECTOR ( 'NONE', #6916, 1000.000000000000227 ) ;
#7259 = EDGE_CURVE ( 'NONE', #6595, #7716, #1558, .T. ) ;
#7260 = CARTESIAN_POINT ( 'NONE',  ( -3.384994480000092398, 1.999999999999997780, 33.49999999999998579 ) ) ;
#7261 = EDGE_CURVE ( 'NONE', #3064, #4105, #9502, .T. ) ;
#7262 = PLANE ( 'NONE',  #1582 ) ;
#7263 = CARTESIAN_POINT ( 'NONE',  ( 8.884994479999997807, 8.877837434530539085, 65.12122099611373471 ) ) ;
#7264 = CARTESIAN_POINT ( 'NONE',  ( 5.884994479999969386, 20.70710678118653547, -60.00000000000000000 ) ) ;
#7265 = ORIENTED_EDGE ( 'NONE', *, *, #8203, .T. ) ;
#7266 = EDGE_CURVE ( 'NONE', #7413, #6455, #5467, .T. ) ;
#7267 = CARTESIAN_POINT ( 'NONE',  ( 8.884994479999997807, 7.301732539417800538, 64.80832011557035344 ) ) ;
#7268 = DIRECTION ( 'NONE',  ( 0.000000000000000000, -1.000000000000000000, 0.000000000000000000 ) ) ;
#7269 = DIRECTION ( 'NONE',  ( 4.605861719268250263E-18, -1.000000000000000000, 0.000000000000000000 ) ) ;
#7270 = EDGE_CURVE ( 'NONE', #7157, #790, #66, .T. ) ;
#7271 = ORIENTED_EDGE ( 'NONE', *, *, #6952, .F. ) ;
#7272 = EDGE_LOOP ( 'NONE', ( #1080, #4425, #4867, #6519 ) ) ;
#7273 = EDGE_LOOP ( 'NONE', ( #459, #9161, #4763, #2945 ) ) ;
#7274 = CARTESIAN_POINT ( 'NONE',  ( -2.884994479999994699, 0.5000000000000003331, -30.49999999999997158 ) ) ;
#7275 = CARTESIAN_POINT ( 'NONE',  ( -9.384994480000001360, 1.499999999999999556, 21.49999999999999289 ) ) ;
#7276 = ORIENTED_EDGE ( 'NONE', *, *, #5973, .T. ) ;
#7277 = DIRECTION ( 'NONE',  ( -1.084202172485504804E-16, -1.000000000000000000, -0.000000000000000000 ) ) ;
#7278 = VERTEX_POINT ( 'NONE', #2308 ) ;
#7279 = CARTESIAN_POINT ( 'NONE',  ( 5.884994479999997807, 19.99999999999999645, -59.50000000000000000 ) ) ;
#7280 = DIRECTION ( 'NONE',  ( -1.000000000000000000, 1.334402673828313832E-16, -0.000000000000000000 ) ) ;
#7281 = AXIS2_PLACEMENT_3D ( 'NONE', #5385, #8405, #6884 ) ;
#7282 = CARTESIAN_POINT ( 'NONE',  ( -3.384994480000097283, -1.559081649536678332E-17, 73.49999999999998579 ) ) ;
#7283 = ORIENTED_EDGE ( 'NONE', *, *, #952, .F. ) ;
#7284 = PLANE ( 'NONE',  #6979 ) ;
#7285 = CARTESIAN_POINT ( 'NONE',  ( 18.00000000000032685, 6.234969306971660161E-17, -50.88499447999916470 ) ) ;
#7286 = EDGE_LOOP ( 'NONE', ( #4722, #1959, #63, #6237 ) ) ;
#7287 = LINE ( 'NONE', #8912, #3091 ) ;
#7288 = ORIENTED_EDGE ( 'NONE', *, *, #8074, .T. ) ;
#7289 = LINE ( 'NONE', #290, #7803 ) ;
#7290 = LINE ( 'NONE', #439, #5900 ) ;
#7291 = PLANE ( 'NONE',  #3352 ) ;
#7292 = VERTEX_POINT ( 'NONE', #3208 ) ;
#7293 = FACE_OUTER_BOUND ( 'NONE', #3178, .T. ) ;
#7294 = VECTOR ( 'NONE', #5226, 1000.000000000000000 ) ;
#7295 = CARTESIAN_POINT ( 'NONE',  ( 8.384994479999996031, 7.529751581092533286, 65.65798072575621802 ) ) ;
#7296 = ORIENTED_EDGE ( 'NONE', *, *, #4445, .F. ) ;
#7297 = ORIENTED_EDGE ( 'NONE', *, *, #8815, .F. ) ;
#7298 = DIRECTION ( 'NONE',  ( 1.066210604224532462E-16, 1.000000000000000000, -0.000000000000000000 ) ) ;
#7299 = CIRCLE ( 'NONE', #2658, 0.8000000000000003775 ) ;
#7300 = EDGE_LOOP ( 'NONE', ( #5200, #6665, #3171, #6002 ) ) ;
#7301 = FACE_OUTER_BOUND ( 'NONE', #7072, .T. ) ;
#7302 = EDGE_LOOP ( 'NONE', ( #752, #3090, #4143, #4546 ) ) ;
#7303 = VECTOR ( 'NONE', #3994, 1000.000000000000000 ) ;
#7304 = CARTESIAN_POINT ( 'NONE',  ( 8.884994479999996031, 7.966775993301984826, 66.38503492735354428 ) ) ;
#7305 = CARTESIAN_POINT ( 'NONE',  ( 8.884994479999997807, 8.215691591782999126, 65.40540915985759796 ) ) ;
#7306 = CARTESIAN_POINT ( 'NONE',  ( 5.884994479999971162, 18.99999999999999645, -60.00000000000000000 ) ) ;
#7307 = CARTESIAN_POINT ( 'NONE',  ( 8.884994479999997807, 6.702458179608773214, 76.34219069684675674 ) ) ;
#7308 = DIRECTION ( 'NONE',  ( 1.000000000000000000, 0.000000000000000000, 0.000000000000000000 ) ) ;
#7309 = AXIS2_PLACEMENT_3D ( 'NONE', #7568, #3821, #4507 ) ;
#7310 = EDGE_CURVE ( 'NONE', #5621, #3158, #2638, .T. ) ;
#7311 = ORIENTED_EDGE ( 'NONE', *, *, #5659, .F. ) ;
#7312 = DIRECTION ( 'NONE',  ( 0.7071067811865489050, -0.7071067811865462405, 0.000000000000000000 ) ) ;
#7313 = ORIENTED_EDGE ( 'NONE', *, *, #8133, .F. ) ;
#7314 = ADVANCED_FACE ( 'NONE', ( #3252 ), #1814, .T. ) ;
#7315 = CIRCLE ( 'NONE', #445, 1.499999999999972689 ) ;
#7316 = CARTESIAN_POINT ( 'NONE',  ( 8.384994479999997807, 8.881310269058662499, 65.15693644988233757 ) ) ;
#7317 = LINE ( 'NONE', #8784, #5808 ) ;
#7318 = CARTESIAN_POINT ( 'NONE',  ( 8.384994479999997807, 9.744928006331527115, 71.94198989868165484 ) ) ;
#7319 = EDGE_LOOP ( 'NONE', ( #8771, #1916, #1928, #8411 ) ) ;
#7320 = CARTESIAN_POINT ( 'NONE',  ( 8.384994480000001360, 9.690128076633691023, 65.15411271785711733 ) ) ;
#7321 = CARTESIAN_POINT ( 'NONE',  ( 7.584994479999997985, 22.00000000000000000, -8.500000000000007105 ) ) ;
#7322 = CARTESIAN_POINT ( 'NONE',  ( -8.884994480000001360, 2.000000000000000888, -60.00000000000000000 ) ) ;
#7323 = ORIENTED_EDGE ( 'NONE', *, *, #7076, .T. ) ;
#7324 = EDGE_CURVE ( 'NONE', #9872, #8704, #735, .T. ) ;
#7325 = EDGE_LOOP ( 'NONE', ( #3555, #5410, #6458, #8139 ) ) ;
#7326 = ORIENTED_EDGE ( 'NONE', *, *, #9919, .F. ) ;
#7327 = DIRECTION ( 'NONE',  ( 0.7071067811865473507, -0.7071067811865477948, -6.317432103073127713E-17 ) ) ;
#7328 = EDGE_CURVE ( 'NONE', #7784, #5128, #6460, .T. ) ;
#7329 = DIRECTION ( 'NONE',  ( 4.922937631481107366E-16, -0.7071067811865490160, 0.7071067811865460184 ) ) ;
#7330 = ORIENTED_EDGE ( 'NONE', *, *, #5432, .T. ) ;
#7331 = AXIS2_PLACEMENT_3D ( 'NONE', #475, #8089, #4918 ) ;
#7332 = CARTESIAN_POINT ( 'NONE',  ( 8.884994479999994255, 7.179806839133017426, 70.78430132263564190 ) ) ;
#7333 = ORIENTED_EDGE ( 'NONE', *, *, #3722, .F. ) ;
#7334 = CARTESIAN_POINT ( 'NONE',  ( 2.384994479999970718, 19.00000000000000000, -8.500000000000007105 ) ) ;
#7335 = CARTESIAN_POINT ( 'NONE',  ( -7.884994480000004025, 0.5000000000000559552, 22.00000000000004619 ) ) ;
#7336 = LINE ( 'NONE', #2677, #7799 ) ;
#7337 = VECTOR ( 'NONE', #5239, 1000.000000000000000 ) ;
#7338 = VECTOR ( 'NONE', #9602, 1000.000000000000000 ) ;
#7339 = ADVANCED_FACE ( 'NONE', ( #2750 ), #5001, .T. ) ;
#7340 = CARTESIAN_POINT ( 'NONE',  ( -3.384994480000042216, 1.275519368763637089E-17, 85.50000000000001421 ) ) ;
#7341 = LINE ( 'NONE', #7238, #7613 ) ;
#7342 = EDGE_CURVE ( 'NONE', #5899, #6455, #6928, .T. ) ;
#7343 = DIRECTION ( 'NONE',  ( 1.084202172485504804E-16, 1.000000000000000000, 0.000000000000000000 ) ) ;
#7344 = ORIENTED_EDGE ( 'NONE', *, *, #9749, .T. ) ;
#7345 = COORDINATED_UNIVERSAL_TIME_OFFSET ( 1, 0, .AHEAD. ) ;
#7346 = PLANE ( 'NONE',  #3981 ) ;
#7347 = CARTESIAN_POINT ( 'NONE',  ( 8.884994480000003136, 9.699059473956483046, 64.66474550224704387 ) ) ;
#7348 = EDGE_LOOP ( 'NONE', ( #3587, #7488, #8921, #7948 ) ) ;
#7349 = VECTOR ( 'NONE', #8449, 1000.000000000000000 ) ;
#7350 = VECTOR ( 'NONE', #5352, 1000.000000000000000 ) ;
#7351 = CARTESIAN_POINT ( 'NONE',  ( 5.884994479999997807, 19.99999999999999645, 13.30000000000000604 ) ) ;
#7352 = CARTESIAN_POINT ( 'NONE',  ( -17.88499447999999958, -1.000000000000002220, -12.50000000000000178 ) ) ;
#7353 = EDGE_LOOP ( 'NONE', ( #9504, #5266, #8927, #4047 ) ) ;
#7354 = CARTESIAN_POINT ( 'NONE',  ( 8.384994479999997807, 8.684673369746326088, 85.86071313059227350 ) ) ;
#7355 = VECTOR ( 'NONE', #3686, 1000.000000000000000 ) ;
#7356 = ORIENTED_EDGE ( 'NONE', *, *, #354, .F. ) ;
#7357 = PLANE ( 'NONE',  #5102 ) ;
#7358 = ORIENTED_EDGE ( 'NONE', *, *, #8503, .F. ) ;
#7359 = LINE ( 'NONE', #6508, #2363 ) ;
#7360 = LINE ( 'NONE', #1999, #3581 ) ;
#7361 = CARTESIAN_POINT ( 'NONE',  ( 7.584994479999997985, 18.99999999999999645, -12.50000000000000178 ) ) ;
#7362 = CARTESIAN_POINT ( 'NONE',  ( 8.884994479999999584, 10.29310859399956612, 65.14950023035260074 ) ) ;
#7363 = CARTESIAN_POINT ( 'NONE',  ( 5.884994479999997807, 19.99999999999999645, 13.30000000000000604 ) ) ;
#7364 = CARTESIAN_POINT ( 'NONE',  ( 8.884994479999997807, 6.702458179608773214, 63.41097365159257038 ) ) ;
#7365 = ORIENTED_EDGE ( 'NONE', *, *, #4693, .T. ) ;
#7366 = CARTESIAN_POINT ( 'NONE',  ( 8.384994479999997807, 8.880260328617952226, 65.14613861342732548 ) ) ;
#7367 = DIRECTION ( 'NONE',  ( -1.000000000000000000, 0.000000000000000000, 0.000000000000000000 ) ) ;
#7368 = FACE_OUTER_BOUND ( 'NONE', #5149, .T. ) ;
#7369 = ORIENTED_EDGE ( 'NONE', *, *, #3364, .T. ) ;
#7370 = DIRECTION ( 'NONE',  ( 1.000000000000000000, 0.000000000000000000, 0.000000000000000000 ) ) ;
#7371 = DIRECTION ( 'NONE',  ( 1.000000000000000000, 2.319126125024811375E-18, 0.000000000000000000 ) ) ;
#7372 = DIRECTION ( 'NONE',  ( 1.000000000000000000, 0.000000000000000000, 0.000000000000000000 ) ) ;
#7373 = EDGE_LOOP ( 'NONE', ( #558, #8850, #997, #4301 ) ) ;
#7374 = ADVANCED_FACE ( 'NONE', ( #5758 ), #8068, .F. ) ;
#7375 = PLANE ( 'NONE',  #1424 ) ;
#7376 = LINE ( 'NONE', #2717, #6704 ) ;
#7377 = ORIENTED_EDGE ( 'NONE', *, *, #8638, .T. ) ;
#7378 = CARTESIAN_POINT ( 'NONE',  ( 8.384994479999997807, 9.065350789409185595, 65.51613281674309519 ) ) ;
#7379 = ORIENTED_EDGE ( 'NONE', *, *, #3855, .F. ) ;
#7380 = ADVANCED_FACE ( 'NONE', ( #2698 ), #4107, .F. ) ;
#7381 = EDGE_CURVE ( 'NONE', #5146, #7900, #999, .T. ) ;
#7382 = DIRECTION ( 'NONE',  ( -4.605861719268250263E-18, 1.000000000000000000, 0.000000000000000000 ) ) ;
#7383 = ADVANCED_FACE ( 'NONE', ( #9580 ), #2597, .F. ) ;
#7384 = LINE ( 'NONE', #1428, #9666 ) ;
#7385 = CARTESIAN_POINT ( 'NONE',  ( 8.884994479999999584, 8.558499777552533772, 65.92370426839327990 ) ) ;
#7386 = EDGE_CURVE ( 'NONE', #8475, #5913, #1845, .T. ) ;
#7387 = CARTESIAN_POINT ( 'NONE',  ( 8.884994479999997807, 7.301732539417800538, 71.93766820858687083 ) ) ;
#7388 = CARTESIAN_POINT ( 'NONE',  ( -8.884994479999987149, 0.4999999999999726885, -21.50000000000000355 ) ) ;
#7389 = DIRECTION ( 'NONE',  ( 0.7071067811865462405, -0.7071067811865489050, 0.000000000000000000 ) ) ;
#7390 = ORIENTED_EDGE ( 'NONE', *, *, #1765, .T. ) ;
#7391 = CARTESIAN_POINT ( 'NONE',  ( 8.384994479999999584, 8.098452261448612077, 71.05101215429041872 ) ) ;
#7392 = CARTESIAN_POINT ( 'NONE',  ( 8.384994479999999584, 7.951695714473090426, 84.25559208503719333 ) ) ;
#7393 = VERTEX_POINT ( 'NONE', #8779 ) ;
#7394 = CARTESIAN_POINT ( 'NONE',  ( 8.384994479999997807, 10.29810433846293805, 63.41097365159257038 ) ) ;
#7395 = EDGE_CURVE ( 'NONE', #7175, #7103, #1899, .T. ) ;
#7396 = DIRECTION ( 'NONE',  ( 0.000000000000000000, -0.9393948414326621643, -0.3428371798532118264 ) ) ;
#7397 = DIRECTION ( 'NONE',  ( -0.000000000000000000, 0.000000000000000000, 1.000000000000000000 ) ) ;
#7398 = EDGE_CURVE ( 'NONE', #4742, #2616, #4202, .T. ) ;
#7399 = ORIENTED_EDGE ( 'NONE', *, *, #1759, .F. ) ;
#7400 = VECTOR ( 'NONE', #7389, 999.9999999999998863 ) ;
#7401 = CARTESIAN_POINT ( 'NONE',  ( 7.384994479999996031, 1.999999999999999112, 137.4999999999999716 ) ) ;
#7402 = ORIENTED_EDGE ( 'NONE', *, *, #9241, .T. ) ;
#7403 = EDGE_LOOP ( 'NONE', ( #6003, #6975, #5086, #5864, #3846, #9368, #8753 ) ) ;
#7404 = DIRECTION ( 'NONE',  ( 0.000000000000000000, -0.000000000000000000, -1.000000000000000000 ) ) ;
#7405 = LINE ( 'NONE', #8326, #7576 ) ;
#7406 = DIRECTION ( 'NONE',  ( 1.000000000000000000, 0.000000000000000000, 0.000000000000000000 ) ) ;
#7407 = DIRECTION ( 'NONE',  ( 0.000000000000000000, 0.000000000000000000, 1.000000000000000000 ) ) ;
#7408 = VECTOR ( 'NONE', #9246, 1000.000000000000000 ) ;
#7409 = DIRECTION ( 'NONE',  ( 1.000000000000000000, 2.319126125024811375E-18, 0.000000000000000000 ) ) ;
#7410 = ORIENTED_EDGE ( 'NONE', *, *, #6347, .T. ) ;
#7411 = VECTOR ( 'NONE', #8695, 1000.000000000000000 ) ;
#7412 = CARTESIAN_POINT ( 'NONE',  ( -17.38499447999996406, 1.499999999999972689, 138.0000000000000000 ) ) ;
#7413 = VERTEX_POINT ( 'NONE', #8833 ) ;
#7414 = LINE ( 'NONE', #409, #9097 ) ;
#7415 = CARTESIAN_POINT ( 'NONE',  ( 8.384994480000001360, 8.868839613694333934, 64.70556174041493591 ) ) ;
#7416 = CARTESIAN_POINT ( 'NONE',  ( -17.88499447999999248, 1.499999999999972689, 138.0000000000000000 ) ) ;
#7417 = ORIENTED_EDGE ( 'NONE', *, *, #4856, .F. ) ;
#7418 = CARTESIAN_POINT ( 'NONE',  ( 8.384994479999997807, 7.313229808146870958, 65.25476839019356134 ) ) ;
#7419 = DIRECTION ( 'NONE',  ( -1.000000000000000000, 1.066210604224532462E-16, 0.000000000000000000 ) ) ;
#7420 = PLANE ( 'NONE',  #5345 ) ;
#7421 = AXIS2_PLACEMENT_3D ( 'NONE', #4568, #5323, #3647 ) ;
#7422 = LINE ( 'NONE', #6726, #485 ) ;
#7423 = VERTEX_POINT ( 'NONE', #1950 ) ;
#7424 = CARTESIAN_POINT ( 'NONE',  ( 8.384994479999997807, 8.694467596522029496, 71.01984965606632727 ) ) ;
#7425 = AXIS2_PLACEMENT_3D ( 'NONE', #264, #317, #8547 ) ;
#7426 = CARTESIAN_POINT ( 'NONE',  ( 7.584994479999995320, 2.999999999999999112, 13.29999999999999893 ) ) ;
#7427 = EDGE_LOOP ( 'NONE', ( #2726, #1749, #9067, #2691 ) ) ;
#7428 = CARTESIAN_POINT ( 'NONE',  ( 8.384994479999996031, 9.440765139116818361, 65.55525699972352527 ) ) ;
#7429 = ORIENTED_EDGE ( 'NONE', *, *, #6660, .T. ) ;
#7430 = CARTESIAN_POINT ( 'NONE',  ( 8.884994479999997807, 7.532222677805888722, 67.67864262018449040 ) ) ;
#7431 = CARTESIAN_POINT ( 'NONE',  ( 8.267282045553214331, 22.00000000000000000, 8.117712434446792358 ) ) ;
#7432 = VERTEX_POINT ( 'NONE', #3614 ) ;
#7433 = CIRCLE ( 'NONE', #1530, 0.1999999999999996503 ) ;
#7434 = ADVANCED_FACE ( 'NONE', ( #8984 ), #2289, .F. ) ;
#7435 = FACE_OUTER_BOUND ( 'NONE', #447, .T. ) ;
#7436 = ADVANCED_FACE ( 'NONE', ( #4403 ), #1350, .F. ) ;
#7437 = PLANE ( 'NONE',  #568 ) ;
#7438 = DIRECTION ( 'NONE',  ( -0.7071067811865493491, 0.7071067811865457964, 8.433113791758586109E-17 ) ) ;
#7439 = VERTEX_POINT ( 'NONE', #5851 ) ;
#7440 = EDGE_CURVE ( 'NONE', #3721, #6392, #8222, .T. ) ;
#7441 = VECTOR ( 'NONE', #7884, 1000.000000000000000 ) ;
#7442 = CARTESIAN_POINT ( 'NONE',  ( 8.384994479999997807, 8.490900119243676158, 71.01805907059379308 ) ) ;
#7443 = CARTESIAN_POINT ( 'NONE',  ( 8.884994479999996031, 9.694924061100495649, 86.41851812713476022 ) ) ;
#7444 = EDGE_LOOP ( 'NONE', ( #1415, #8486, #6573, #3480 ) ) ;
#7445 = CARTESIAN_POINT ( 'NONE',  ( 8.384994479999997807, 9.985051104466169392, 86.70747487939222253 ) ) ;
#7446 = CARTESIAN_POINT ( 'NONE',  ( 6.584994479999995320, 3.000000000000000888, 4.222200033899912004E-32 ) ) ;
#7447 = CARTESIAN_POINT ( 'NONE',  ( 8.884994479999994255, 7.677507423680318688, 84.17405921613509179 ) ) ;
#7448 = EDGE_LOOP ( 'NONE', ( #9030, #8087, #2636, #5643 ) ) ;
#7449 = CARTESIAN_POINT ( 'NONE',  ( 8.384994479999999584, 8.922064610690709330, 86.33227149043196391 ) ) ;
#7450 = EDGE_CURVE ( 'NONE', #9091, #3699, #6355, .T. ) ;
#7451 = ORIENTED_EDGE ( 'NONE', *, *, #6596, .F. ) ;
#7452 = ORIENTED_EDGE ( 'NONE', *, *, #7701, .T. ) ;
#7453 = EDGE_CURVE ( 'NONE', #193, #5264, #6706, .T. ) ;
#7454 = VECTOR ( 'NONE', #6438, 1000.000000000000000 ) ;
#7455 = LINE ( 'NONE', #6053, #4600 ) ;
#7456 = DIRECTION ( 'NONE',  ( 1.000000000000000000, 0.000000000000000000, 0.000000000000000000 ) ) ;
#7457 = CARTESIAN_POINT ( 'NONE',  ( -8.884994480000001360, 2.000000000000000888, 13.30000000000000604 ) ) ;
#7458 = CARTESIAN_POINT ( 'NONE',  ( 5.384994479999996031, 21.50000000000000000, -60.00000000000000000 ) ) ;
#7459 = CARTESIAN_POINT ( 'NONE',  ( 8.884994479999997807, 8.131497037614915158, 67.89544740660578270 ) ) ;
#7460 = AXIS2_PLACEMENT_3D ( 'NONE', #3628, #4599, #6672 ) ;
#7461 = VECTOR ( 'NONE', #4234, 1000.000000000000000 ) ;
#7462 = ORIENTED_EDGE ( 'NONE', *, *, #671, .F. ) ;
#7463 = DIRECTION ( 'NONE',  ( 0.2810846377148212838, -0.6785983445458467767, 0.6785983445458467767 ) ) ;
#7464 = EDGE_LOOP ( 'NONE', ( #4615, #8678, #344, #7606 ) ) ;
#7465 = PLANE ( 'NONE',  #1073 ) ;
#7466 = LINE ( 'NONE', #3012, #2455 ) ;
#7467 = CARTESIAN_POINT ( 'NONE',  ( 8.384994479999999584, 9.580645861050838263, 73.30751331774827406 ) ) ;
#7468 = ORIENTED_EDGE ( 'NONE', *, *, #5662, .T. ) ;
#7469 = CIRCLE ( 'NONE', #6987, 0.8000000000000003775 ) ;
#7470 = CARTESIAN_POINT ( 'NONE',  ( 8.884994479999997807, 6.707919481974762732, 65.06931205611229529 ) ) ;
#7471 = CARTESIAN_POINT ( 'NONE',  ( 6.584994479999995320, 3.800000000000000711, 8.022180064409830836E-32 ) ) ;
#7472 = DIRECTION ( 'NONE',  ( 1.000000000000000000, -4.956352788505168987E-15, 0.000000000000000000 ) ) ;
#7473 = AXIS2_PLACEMENT_3D ( 'NONE', #8630, #7719, #4056 ) ;
#7474 = CARTESIAN_POINT ( 'NONE',  ( 8.884994479999997807, 8.039300982259680595, 72.76887327014891582 ) ) ;
#7475 = CARTESIAN_POINT ( 'NONE',  ( 8.384994479999996031, 6.970868795098068560, 66.07825161525911994 ) ) ;
#7476 = VERTEX_POINT ( 'NONE', #5152 ) ;
#7477 = CARTESIAN_POINT ( 'NONE',  ( 8.384994479999999584, 9.506168880823874900, 65.52535553930145795 ) ) ;
#7478 = ORIENTED_EDGE ( 'NONE', *, *, #723, .F. ) ;
#7479 = CARTESIAN_POINT ( 'NONE',  ( -12.88499447999999781, 0.6999999999999988454, -60.00000000000000000 ) ) ;
#7480 = CARTESIAN_POINT ( 'NONE',  ( 9.884994479999997807, 22.00000000000000000, 137.4999999999999716 ) ) ;
#7481 = VECTOR ( 'NONE', #190, 1000.000000000000000 ) ;
#7482 = DIRECTION ( 'NONE',  ( 1.000000000000000000, 2.319126125024811375E-18, 0.000000000000000000 ) ) ;
#7483 = EDGE_LOOP ( 'NONE', ( #1572, #626, #7554, #6080 ) ) ;
#7484 = EDGE_LOOP ( 'NONE', ( #7330, #3620, #4081 ) ) ;
#7485 = PLANE ( 'NONE',  #5702 ) ;
#7486 = CARTESIAN_POINT ( 'NONE',  ( -8.384994480000059980, 0.5000000000000559552, 21.49999999999999289 ) ) ;
#7487 = CC_DESIGN_SECURITY_CLASSIFICATION ( #2525, ( #7971 ) ) ;
#7488 = ORIENTED_EDGE ( 'NONE', *, *, #8958, .T. ) ;
#7489 = ORIENTED_EDGE ( 'NONE', *, *, #2315, .F. ) ;
#7490 = DIRECTION ( 'NONE',  ( -1.000000000000000000, 1.066210604224532462E-16, 0.000000000000000000 ) ) ;
#7491 = CARTESIAN_POINT ( 'NONE',  ( -16.38499448000000314, 5.699999999999998401, -12.50000000000000355 ) ) ;
#7492 = ORIENTED_EDGE ( 'NONE', *, *, #3221, .T. ) ;
#7493 = DIRECTION ( 'NONE',  ( 0.000000000000000000, -1.000000000000000000, 0.000000000000000000 ) ) ;
#7494 = DIRECTION ( 'NONE',  ( -0.000000000000000000, 2.111100016949954907E-32, -1.000000000000000000 ) ) ;
#7495 = CARTESIAN_POINT ( 'NONE',  ( 8.884994479999999584, 7.726896437627724268, 84.18765536983345044 ) ) ;
#7496 = AXIS2_PLACEMENT_3D ( 'NONE', #1777, #1025, #5724 ) ;
#7497 = CIRCLE ( 'NONE', #2213, 0.8000000000000003775 ) ;
#7498 = EDGE_CURVE ( 'NONE', #8848, #6623, #7405, .T. ) ;
#7499 = CARTESIAN_POINT ( 'NONE',  ( 8.884994479990671934, 7.301732539417800538, 64.10244406675683138 ) ) ;
#7500 = LINE ( 'NONE', #9178, #9695 ) ;
#7501 = VECTOR ( 'NONE', #9582, 1000.000000000000227 ) ;
#7502 = EDGE_LOOP ( 'NONE', ( #5158, #3401, #7590, #8557 ) ) ;
#7503 = VECTOR ( 'NONE', #3368, 1000.000000000000000 ) ;
#7504 = DIRECTION ( 'NONE',  ( 0.000000000000000000, -0.9393948414326621643, -0.3428371798532118264 ) ) ;
#7505 = PLANE ( 'NONE',  #8225 ) ;
#7506 = FACE_BOUND ( 'NONE', #349, .T. ) ;
#7507 = CARTESIAN_POINT ( 'NONE',  ( -17.88499447999999248, 1.499999999999974243, 126.5000000000000284 ) ) ;
#7508 = EDGE_CURVE ( 'NONE', #7476, #7922, #549, .T. ) ;
#7509 = EDGE_CURVE ( 'NONE', #6993, #9539, #7360, .T. ) ;
#7510 = EDGE_CURVE ( 'NONE', #4383, #7837, #9785, .T. ) ;
#7511 = EDGE_CURVE ( 'NONE', #9703, #5089, #3001, .T. ) ;
#7512 = LINE ( 'NONE', #3943, #367 ) ;
#7513 = VECTOR ( 'NONE', #3815, 1000.000000000000000 ) ;
#7514 = VECTOR ( 'NONE', #7522, 1000.000000000000000 ) ;
#7515 = EDGE_CURVE ( 'NONE', #30, #636, #5646, .T. ) ;
#7516 = ORIENTED_EDGE ( 'NONE', *, *, #7713, .T. ) ;
#7517 = CARTESIAN_POINT ( 'NONE',  ( -17.88499447999999248, 1.499999999999973799, 138.0000000000000000 ) ) ;
#7518 = EDGE_LOOP ( 'NONE', ( #9460, #2682, #7988, #5510 ) ) ;
#7519 = ORIENTED_EDGE ( 'NONE', *, *, #6771, .T. ) ;
#7520 = CARTESIAN_POINT ( 'NONE',  ( -17.88499448000000314, 2.800000000000001599, 7.699999999999998401 ) ) ;
#7521 = CARTESIAN_POINT ( 'NONE',  ( 8.267282045553216108, 19.47071079408716798, -8.117712434446787029 ) ) ;
#7522 = DIRECTION ( 'NONE',  ( -1.000000000000000000, 1.334402673828313832E-16, -0.000000000000000000 ) ) ;
#7523 = VERTEX_POINT ( 'NONE', #9683 ) ;
#7524 = CARTESIAN_POINT ( 'NONE',  ( 8.884994479999997807, 6.702848333434041628, 64.68323224172002028 ) ) ;
#7525 = EDGE_CURVE ( 'NONE', #8876, #3959, #2147, .T. ) ;
#7526 = CARTESIAN_POINT ( 'NONE',  ( 8.384994479999997807, 7.709207901860759549, 72.64483537806856361 ) ) ;
#7527 = APPROVAL ( #5888, 'UNSPECIFIED' ) ;
#7528 = CARTESIAN_POINT ( 'NONE',  ( 8.384994479999997807, 10.34420236614055533, 71.99024877140665524 ) ) ;
#7529 = CARTESIAN_POINT ( 'NONE',  ( 8.884994479999996031, 9.035934276403242649, 66.19817637127353294 ) ) ;
#7530 = CARTESIAN_POINT ( 'NONE',  ( 8.384994479999999584, 6.973303384413151562, 72.92255393430102117 ) ) ;
#7531 = ORIENTED_EDGE ( 'NONE', *, *, #8578, .F. ) ;
#7532 = DIRECTION ( 'NONE',  ( -0.000000000000000000, -0.000000000000000000, -1.000000000000000000 ) ) ;
#7533 = EDGE_LOOP ( 'NONE', ( #7585, #7478, #5309, #2955 ) ) ;
#7534 = ADVANCED_FACE ( 'NONE', ( #4453 ), #7505, .T. ) ;
#7535 = CARTESIAN_POINT ( 'NONE',  ( 8.884994479999997807, 8.684673369746326088, 85.86071313059227350 ) ) ;
#7536 = DIRECTION ( 'NONE',  ( 0.000000000000000000, 0.000000000000000000, 1.000000000000000000 ) ) ;
#7537 = CARTESIAN_POINT ( 'NONE',  ( 8.884994479999997807, 8.870295472791246638, 64.88635600180674601 ) ) ;
#7538 = VERTEX_POINT ( 'NONE', #4740 ) ;
#7539 = ORIENTED_EDGE ( 'NONE', *, *, #457, .T. ) ;
#7540 = CARTESIAN_POINT ( 'NONE',  ( 5.884994479999996031, 22.00000000000000000, -59.50000000000000000 ) ) ;
#7541 = CARTESIAN_POINT ( 'NONE',  ( 6.592101261186540384, -0.001000000000001000089, 8.500000000000005329 ) ) ;
#7542 = CARTESIAN_POINT ( 'NONE',  ( 8.884994479999997807, 10.29789720057902791, 64.89427342515301689 ) ) ;
#7543 = ORIENTED_EDGE ( 'NONE', *, *, #3860, .T. ) ;
#7544 = CARTESIAN_POINT ( 'NONE',  ( 8.884994479999997807, 8.269791120647768778, 64.71828490526250732 ) ) ;
#7545 = PLANE ( 'NONE',  #5416 ) ;
#7546 = VERTEX_POINT ( 'NONE', #1500 ) ;
#7547 = CARTESIAN_POINT ( 'NONE',  ( -2.884994480000013795, 0.5000000000000558442, 72.99999999999992895 ) ) ;
#7548 = DIRECTION ( 'NONE',  ( 0.000000000000000000, 0.000000000000000000, -1.000000000000000000 ) ) ;
#7549 = VECTOR ( 'NONE', #3096, 1000.000000000000000 ) ;
#7550 = PLANE ( 'NONE',  #5220 ) ;
#7551 = EDGE_LOOP ( 'NONE', ( #9511, #8148, #3885, #6535 ) ) ;
#7552 = CARTESIAN_POINT ( 'NONE',  ( 8.384994479999997807, 9.506415633392220954, 86.14536457271553616 ) ) ;
#7553 = CARTESIAN_POINT ( 'NONE',  ( 8.884994479999997807, 9.367938962800019809, 65.57514589626173063 ) ) ;
#7554 = ORIENTED_EDGE ( 'NONE', *, *, #5726, .T. ) ;
#7555 = VERTEX_POINT ( 'NONE', #3057 ) ;
#7556 = CARTESIAN_POINT ( 'NONE',  ( 8.884994479999999584, 7.820466806809458049, 66.40532131827181672 ) ) ;
#7557 = CARTESIAN_POINT ( 'NONE',  ( 10.38499447999999603, 21.50000000000000000, 137.4999999999999716 ) ) ;
#7558 = LINE ( 'NONE', #704, #3031 ) ;
#7559 = CARTESIAN_POINT ( 'NONE',  ( -17.88499447999999248, 1.301042606982605321E-15, 138.0000000000000000 ) ) ;
#7560 = EDGE_CURVE ( 'NONE', #2871, #4170, #4456, .T. ) ;
#7561 = CARTESIAN_POINT ( 'NONE',  ( 8.884994479999997807, 8.269791120647768778, 64.71828490526250732 ) ) ;
#7562 = ORIENTED_EDGE ( 'NONE', *, *, #2485, .T. ) ;
#7563 = EDGE_CURVE ( 'NONE', #3783, #9422, #942, .T. ) ;
#7564 = CARTESIAN_POINT ( 'NONE',  ( 8.384994479999997807, 7.540866057995440741, 84.13203709268161390 ) ) ;
#7565 = ORIENTED_EDGE ( 'NONE', *, *, #8638, .F. ) ;
#7566 = EDGE_CURVE ( 'NONE', #6412, #1141, #3149, .T. ) ;
#7567 = VECTOR ( 'NONE', #7493, 1000.000000000000000 ) ;
#7568 = CARTESIAN_POINT ( 'NONE',  ( 8.884994479999997807, 6.702458179608773214, 83.84320413801404470 ) ) ;
#7569 = DIRECTION ( 'NONE',  ( 0.7071067811865495711, 0.000000000000000000, -0.7071067811865455743 ) ) ;
#7570 = CARTESIAN_POINT ( 'NONE',  ( 8.884994479999997807, 9.744207607842707120, 72.01448683530088601 ) ) ;
#7571 = VERTEX_POINT ( 'NONE', #8422 ) ;
#7572 = B_SPLINE_SURFACE_WITH_KNOTS ( 'NONE', 3, 1, ( 
 ( #4894, #7961 ),
 ( #2643, #8774 ),
 ( #4947, #595 ),
 ( #4300, #1346 ),
 ( #1944, #5197 ),
 ( #1394, #7449 ),
 ( #3710, #5846 ),
 ( #9629, #8218 ),
 ( #9780, #4447 ),
 ( #5098, #5798 ),
 ( #5898, #7354 ) ),
 .UNSPECIFIED., .F., .F., .F.,
 ( 4, 1, 1, 1, 1, 1, 1, 1, 4 ),
 ( 2, 2 ),
 ( 0.000000000000000000, 0.1265709095624268088, 0.2514247494891280743, 0.3764250499327859711, 0.5000934709746258644, 0.6241806899120380114, 0.7481334495533760176, 0.8738690196222111961, 1.000000000000000000 ),
 ( 0.000000000000000000, 1.000000000000000000 ),
 .UNSPECIFIED. ) ;
#7573 = EDGE_CURVE ( 'NONE', #4860, #1208, #9233, .T. ) ;
#7574 = DIRECTION ( 'NONE',  ( -1.000000000000000000, 0.000000000000000000, 0.000000000000000000 ) ) ;
#7575 = CARTESIAN_POINT ( 'NONE',  ( 8.884994479999996031, 7.479225660329672287, 72.45795528885068393 ) ) ;
#7576 = VECTOR ( 'NONE', #2845, 1000.000000000000000 ) ;
#7577 = AXIS2_PLACEMENT_3D ( 'NONE', #1623, #2275, #7786 ) ;
#7578 = DIRECTION ( 'NONE',  ( 0.000000000000000000, 0.7071067811865476838, 0.7071067811865474617 ) ) ;
#7579 = CARTESIAN_POINT ( 'NONE',  ( 8.884994479999997807, 6.769020618974778358, 72.49333784860506569 ) ) ;
#7580 = EDGE_CURVE ( 'NONE', #5457, #8916, #7806, .T. ) ;
#7581 = CARTESIAN_POINT ( 'NONE',  ( 8.384994479999997807, 6.703216637730812444, 72.01309352074478909 ) ) ;
#7582 = ORIENTED_EDGE ( 'NONE', *, *, #8688, .T. ) ;
#7583 = ADVANCED_FACE ( 'NONE', ( #9139 ), #97, .F. ) ;
#7584 = CARTESIAN_POINT ( 'NONE',  ( 8.384994479999997807, 7.501884610087696359, 66.38143796407564423 ) ) ;
#7585 = ORIENTED_EDGE ( 'NONE', *, *, #546, .F. ) ;
#7586 = VECTOR ( 'NONE', #507, 1000.000000000000000 ) ;
#7587 = DIRECTION ( 'NONE',  ( 1.000000000000000000, 0.000000000000000000, 0.000000000000000000 ) ) ;
#7588 = CARTESIAN_POINT ( 'NONE',  ( 6.592101261186559924, 19.99999999999999645, -8.500000000000008882 ) ) ;
#7589 = DIRECTION ( 'NONE',  ( 0.4999999999999992784, -0.4999999999999973910, 0.7071067811865500152 ) ) ;
#7590 = ORIENTED_EDGE ( 'NONE', *, *, #9677, .F. ) ;
#7591 = ORIENTED_EDGE ( 'NONE', *, *, #3051, .F. ) ;
#7592 = CARTESIAN_POINT ( 'NONE',  ( 8.884994480000001360, 7.948293131128773226, 72.74541265797884648 ) ) ;
#7593 = DIRECTION ( 'NONE',  ( -0.000000000000000000, 1.000000000000000000, -0.000000000000000000 ) ) ;
#7594 = CARTESIAN_POINT ( 'NONE',  ( 8.884994479999999584, 8.885996020727970901, 65.18807572074311452 ) ) ;
#7595 = ORIENTED_EDGE ( 'NONE', *, *, #9921, .F. ) ;
#7596 = CARTESIAN_POINT ( 'NONE',  ( 8.884994479995759420, 8.869065480456796990, 64.10244406675683138 ) ) ;
#7597 = FACE_OUTER_BOUND ( 'NONE', #2142, .T. ) ;
#7598 = ORIENTED_EDGE ( 'NONE', *, *, #124, .F. ) ;
#7599 = CARTESIAN_POINT ( 'NONE',  ( 8.384994479999996031, 8.267511744472498592, 64.95217640861899611 ) ) ;
#7600 = CYLINDRICAL_SURFACE ( 'NONE', #1627, 0.5000000000000065503 ) ;
#7601 = CARTESIAN_POINT ( 'NONE',  ( 8.884994479999996031, 8.236586717719539763, 71.03087660471372544 ) ) ;
#7602 = CARTESIAN_POINT ( 'NONE',  ( 8.384994479999999584, 7.877678794175357879, 84.23198910022034624 ) ) ;
#7603 = CARTESIAN_POINT ( 'NONE',  ( -9.384994480000001360, 1.499999999999999556, -60.00000000000000000 ) ) ;
#7604 = AXIS2_PLACEMENT_3D ( 'NONE', #1362, #9800, #5165 ) ;
#7605 = ORIENTED_EDGE ( 'NONE', *, *, #2425, .T. ) ;
#7606 = ORIENTED_EDGE ( 'NONE', *, *, #845, .T. ) ;
#7607 = VERTEX_POINT ( 'NONE', #6206 ) ;
#7608 = CARTESIAN_POINT ( 'NONE',  ( 8.384994479999997807, 9.422241812588204368, 68.36651162693644324 ) ) ;
#7609 = CARTESIAN_POINT ( 'NONE',  ( 8.384994479999994255, 8.263086510720567546, 65.05374788032251843 ) ) ;
#7610 = FACE_OUTER_BOUND ( 'NONE', #1046, .T. ) ;
#7611 = FACE_OUTER_BOUND ( 'NONE', #9809, .T. ) ;
#7612 = DIRECTION ( 'NONE',  ( -1.000000000000000000, 1.334402673828314079E-16, 0.000000000000000000 ) ) ;
#7613 = VECTOR ( 'NONE', #9510, 1000.000000000000000 ) ;
#7614 = ORIENTED_EDGE ( 'NONE', *, *, #9661, .T. ) ;
#7615 = CARTESIAN_POINT ( 'NONE',  ( 6.194250910169461832, 21.25338893203378987, 138.2466110679661710 ) ) ;
#7616 = ORIENTED_EDGE ( 'NONE', *, *, #8686, .T. ) ;
#7617 = VERTEX_POINT ( 'NONE', #6996 ) ;
#7618 = CARTESIAN_POINT ( 'NONE',  ( 8.384994479999997807, 8.039300982259680595, 72.76887327014891582 ) ) ;
#7619 = CARTESIAN_POINT ( 'NONE',  ( 8.384994479999997807, 8.928368388903969333, 66.14031665281090966 ) ) ;
#7620 = CARTESIAN_POINT ( 'NONE',  ( 8.884994479999996031, 9.277202441653084719, 72.68189784358770567 ) ) ;
#7621 = CARTESIAN_POINT ( 'NONE',  ( 8.884994479999997807, 6.726947756812506896, 65.49979053073461444 ) ) ;
#7622 = CARTESIAN_POINT ( 'NONE',  ( 8.384994479999999584, 7.301732539417801426, 71.93766820858688504 ) ) ;
#7623 = AXIS2_PLACEMENT_3D ( 'NONE', #4862, #7268, #6379 ) ;
#7624 = EDGE_CURVE ( 'NONE', #1829, #3369, #8477, .T. ) ;
#7625 = CARTESIAN_POINT ( 'NONE',  ( 8.884994479999997807, 8.269791120647768778, 64.10244406675683138 ) ) ;
#7626 = ADVANCED_FACE ( 'NONE', ( #4650 ), #1016, .T. ) ;
#7627 = CARTESIAN_POINT ( 'NONE',  ( 8.884994479999997807, 8.631971654606608979, 65.81833350976921793 ) ) ;
#7628 = VECTOR ( 'NONE', #1606, 1000.000000000000000 ) ;
#7629 = CARTESIAN_POINT ( 'NONE',  ( -17.38499448000000669, 2.000000000000001776, -59.50000000000000000 ) ) ;
#7630 = CARTESIAN_POINT ( 'NONE',  ( 8.884994479999997807, 6.703216637730812444, 72.01309352074478909 ) ) ;
#7631 = ORIENTED_EDGE ( 'NONE', *, *, #9794, .T. ) ;
#7632 = AXIS2_PLACEMENT_3D ( 'NONE', #7540, #684, #1581 ) ;
#7633 = DIRECTION ( 'NONE',  ( -0.000000000000000000, 0.000000000000000000, 1.000000000000000000 ) ) ;
#7634 = ORIENTED_EDGE ( 'NONE', *, *, #8443, .T. ) ;
#7635 = CARTESIAN_POINT ( 'NONE',  ( -16.38499448000000314, 5.699999999999998401, -8.500000000000000000 ) ) ;
#7636 = CARTESIAN_POINT ( 'NONE',  ( -17.88499447999999958, 22.00100000000000122, -45.00000000000000000 ) ) ;
#7637 = EDGE_CURVE ( 'NONE', #744, #7393, #3483, .T. ) ;
#7638 = EDGE_CURVE ( 'NONE', #979, #7879, #6695, .T. ) ;
#7639 = EDGE_LOOP ( 'NONE', ( #8271, #9029, #1886 ) ) ;
#7640 = EDGE_CURVE ( 'NONE', #775, #1672, #2091, .T. ) ;
#7641 = AXIS2_PLACEMENT_3D ( 'NONE', #3960, #6163, #953 ) ;
#7642 = EDGE_CURVE ( 'NONE', #3201, #1774, #1540, .T. ) ;
#7643 = LINE ( 'NONE', #8306, #5223 ) ;
#7644 = FACE_OUTER_BOUND ( 'NONE', #6640, .T. ) ;
#7645 = CARTESIAN_POINT ( 'NONE',  ( 7.384994479999996031, 21.50000000000002487, -60.00000000000000000 ) ) ;
#7646 = VERTEX_POINT ( 'NONE', #3604 ) ;
#7647 = VECTOR ( 'NONE', #1998, 1000.000000000000114 ) ;
#7648 = FACE_OUTER_BOUND ( 'NONE', #9499, .T. ) ;
#7649 = CARTESIAN_POINT ( 'NONE',  ( 8.884994479999997807, 9.330045757232971582, 85.42278186765491910 ) ) ;
#7650 = EDGE_LOOP ( 'NONE', ( #2144, #9618, #4200, #449 ) ) ;
#7651 = CARTESIAN_POINT ( 'NONE',  ( 8.384994479999997807, 8.215691591782999126, 65.40540915985759796 ) ) ;
#7652 = CARTESIAN_POINT ( 'NONE',  ( 8.884994479999997807, 10.29810433846293805, 74.75108846028648202 ) ) ;
#7653 = CARTESIAN_POINT ( 'NONE',  ( -2.884994480000013795, 0.5000000000000559552, 73.49999999999998579 ) ) ;
#7654 = ADVANCED_FACE ( 'NONE', ( #8975 ), #3753, .T. ) ;
#7655 = CARTESIAN_POINT ( 'NONE',  ( 8.384994479999997807, 9.844617614677597217, 86.58672987363165419 ) ) ;
#7656 = CARTESIAN_POINT ( 'NONE',  ( 8.884994479999997807, 10.29113489197663966, 72.44445285411012492 ) ) ;
#7657 = ORIENTED_EDGE ( 'NONE', *, *, #9751, .T. ) ;
#7658 = ORIENTED_EDGE ( 'NONE', *, *, #2718, .F. ) ;
#7659 = CARTESIAN_POINT ( 'NONE',  ( -11.18499448000000207, -3.429011037612532083E-16, 12.49999999999999822 ) ) ;
#7660 = CARTESIAN_POINT ( 'NONE',  ( 8.884994479999996031, 7.993165381507008505, 65.67096607418486087 ) ) ;
#7661 = CARTESIAN_POINT ( 'NONE',  ( 8.384994479999997807, 9.330045757232971582, 85.42278186765491910 ) ) ;
#7662 = VECTOR ( 'NONE', #7578, 1000.000000000000000 ) ;
#7663 = VECTOR ( 'NONE', #6529, 1000.000000000000000 ) ;
#7664 = CARTESIAN_POINT ( 'NONE',  ( 8.002706914446791941, 22.00000000000000000, 8.382287565553211195 ) ) ;
#7665 = LINE ( 'NONE', #2255, #5545 ) ;
#7666 = ORIENTED_EDGE ( 'NONE', *, *, #3668, .F. ) ;
#7667 = VECTOR ( 'NONE', #7229, 1000.000000000000114 ) ;
#7668 = ORIENTED_EDGE ( 'NONE', *, *, #1314, .T. ) ;
#7669 = CARTESIAN_POINT ( 'NONE',  ( 8.384994479999997807, 9.723948465815690057, 72.15281013552866796 ) ) ;
#7670 = ORIENTED_EDGE ( 'NONE', *, *, #7204, .T. ) ;
#7671 = LINE ( 'NONE', #3769, #3308 ) ;
#7672 = CARTESIAN_POINT ( 'NONE',  ( 8.384994479999997807, 8.631971654606608979, 65.81833350976921793 ) ) ;
#7673 = CARTESIAN_POINT ( 'NONE',  ( 8.884994479999997807, 7.532222677805888722, 69.05870232378316587 ) ) ;
#7674 = CARTESIAN_POINT ( 'NONE',  ( 8.884994479999997807, 6.706035071851439433, 64.93653085196963559 ) ) ;
#7675 = AXIS2_PLACEMENT_3D ( 'NONE', #1549, #6006, #8276 ) ;
#7676 = DIRECTION ( 'NONE',  ( 0.000000000000000000, -0.000000000000000000, -1.000000000000000000 ) ) ;
#7677 = CARTESIAN_POINT ( 'NONE',  ( -3.384994479999995143, 0.5000000000000004441, -30.00000000000000000 ) ) ;
#7678 = AXIS2_PLACEMENT_3D ( 'NONE', #244, #4942, #4244 ) ;
#7679 = CARTESIAN_POINT ( 'NONE',  ( 8.884994479999996031, 8.869832124842560006, 64.80111703608940843 ) ) ;
#7680 = AXIS2_PLACEMENT_3D ( 'NONE', #1893, #4610, #1747 ) ;
#7681 = LINE ( 'NONE', #965, #7724 ) ;
#7682 = CARTESIAN_POINT ( 'NONE',  ( 8.384994479999999584, 7.674686856711772975, 73.41877106121653185 ) ) ;
#7683 = EDGE_LOOP ( 'NONE', ( #1843, #7356, #9418, #8347 ) ) ;
#7684 = CARTESIAN_POINT ( 'NONE',  ( 8.884994479999997807, 10.29810433846293805, 64.85946011502520037 ) ) ;
#7685 = ORIENTED_EDGE ( 'NONE', *, *, #7142, .T. ) ;
#7686 = CARTESIAN_POINT ( 'NONE',  ( 8.884994479999997807, 7.501884610087696359, 66.38143796407564423 ) ) ;
#7687 = PLANE ( 'NONE',  #8228 ) ;
#7688 = EDGE_CURVE ( 'NONE', #6832, #2976, #9125, .T. ) ;
#7689 = ORIENTED_EDGE ( 'NONE', *, *, #1930, .T. ) ;
#7690 = CARTESIAN_POINT ( 'NONE',  ( -8.384994480000059980, 2.000000000000000888, 20.99999999999993250 ) ) ;
#7691 = LINE ( 'NONE', #7541, #1690 ) ;
#7692 = CARTESIAN_POINT ( 'NONE',  ( 8.884994479999997807, 9.208496643927567504, 65.57369224220593651 ) ) ;
#7693 = ADVANCED_FACE ( 'NONE', ( #9072 ), #5192, .T. ) ;
#7694 = ORIENTED_EDGE ( 'NONE', *, *, #6907, .F. ) ;
#7695 = EDGE_CURVE ( 'NONE', #8826, #4484, #4392, .T. ) ;
#7696 = DIRECTION ( 'NONE',  ( 0.000000000000000000, 0.000000000000000000, 1.000000000000000000 ) ) ;
#7697 = CARTESIAN_POINT ( 'NONE',  ( 8.884994479999996031, 9.731338497054609959, 70.67338297166187999 ) ) ;
#7698 = ORIENTED_EDGE ( 'NONE', *, *, #6894, .F. ) ;
#7699 = FACE_OUTER_BOUND ( 'NONE', #5561, .T. ) ;
#7700 = LINE ( 'NONE', #3896, #7711 ) ;
#7701 = EDGE_CURVE ( 'NONE', #7900, #4128, #2239, .T. ) ;
#7702 = CARTESIAN_POINT ( 'NONE',  ( -17.88499447999999958, 0.5000000000000003331, -45.49999999999997158 ) ) ;
#7703 = CARTESIAN_POINT ( 'NONE',  ( 8.384994479999996031, 7.988881264487286415, 84.26745004898462810 ) ) ;
#7704 = CARTESIAN_POINT ( 'NONE',  ( 8.884994479999997807, 9.681881175973792608, 65.22361221951668142 ) ) ;
#7705 = ORIENTED_EDGE ( 'NONE', *, *, #7450, .F. ) ;
#7706 = ORIENTED_EDGE ( 'NONE', *, *, #1472, .T. ) ;
#7707 = EDGE_CURVE ( 'NONE', #8266, #9321, #5143, .T. ) ;
#7708 = CARTESIAN_POINT ( 'NONE',  ( -17.88499448000000314, 2.800000000000001599, 12.49999999999999822 ) ) ;
#7709 = CARTESIAN_POINT ( 'NONE',  ( 8.384994479999997807, 8.053364882883450093, 65.63447272622052253 ) ) ;
#7710 = DIRECTION ( 'NONE',  ( 1.375019570461159196E-16, 1.000000000000000000, 0.000000000000000000 ) ) ;
#7711 = VECTOR ( 'NONE', #5343, 1000.000000000000000 ) ;
#7712 = DIRECTION ( 'NONE',  ( -0.7071067811865470176, 0.000000000000000000, 0.7071067811865480168 ) ) ;
#7713 = EDGE_CURVE ( 'NONE', #5428, #8475, #8313, .T. ) ;
#7714 = CC_DESIGN_PERSON_AND_ORGANIZATION_ASSIGNMENT ( #4240, #3552, ( #1734 ) ) ;
#7715 = DIRECTION ( 'NONE',  ( 0.000000000000000000, 0.000000000000000000, 1.000000000000000000 ) ) ;
#7716 = VERTEX_POINT ( 'NONE', #5995 ) ;
#7717 = CARTESIAN_POINT ( 'NONE',  ( 8.384994479999994255, 9.543158878442602244, 72.49875779379068774 ) ) ;
#7718 = ORIENTED_EDGE ( 'NONE', *, *, #7989, .T. ) ;
#7719 = DIRECTION ( 'NONE',  ( -1.000000000000000000, -8.673617379884027583E-16, 0.000000000000000000 ) ) ;
#7720 = CARTESIAN_POINT ( 'NONE',  ( 8.384994479999994255, 7.301732539417800538, 71.93766820858687083 ) ) ;
#7721 = DIRECTION ( 'NONE',  ( -0.7071067811865495711, -0.000000000000000000, -0.7071067811865454633 ) ) ;
#7722 = CARTESIAN_POINT ( 'NONE',  ( 8.384994479999997807, 10.34286423941982314, 72.04335450318964718 ) ) ;
#7723 = CARTESIAN_POINT ( 'NONE',  ( -7.884994480000007577, 2.319126125024799049E-18, 85.50000000000001421 ) ) ;
#7724 = VECTOR ( 'NONE', #822, 1000.000000000000000 ) ;
#7725 = DIRECTION ( 'NONE',  ( 0.000000000000000000, 0.000000000000000000, -1.000000000000000000 ) ) ;
#7726 = CARTESIAN_POINT ( 'NONE',  ( 5.884994479999997807, 19.99999999999999645, -59.50000000000000000 ) ) ;
#7727 = FACE_OUTER_BOUND ( 'NONE', #7032, .T. ) ;
#7728 = ORIENTED_EDGE ( 'NONE', *, *, #1520, .F. ) ;
#7729 = CARTESIAN_POINT ( 'NONE',  ( 8.384994479999999584, 6.830927873961838870, 65.88024778729648290 ) ) ;
#7730 = CARTESIAN_POINT ( 'NONE',  ( -9.384994480000001360, 0.4999999999999998890, -8.500000000000000000 ) ) ;
#7731 = DIRECTION ( 'NONE',  ( 0.000000000000000000, 0.7279608954991630965, 0.6856186510182293858 ) ) ;
#7732 = LINE ( 'NONE', #6973, #6929 ) ;
#7733 = VECTOR ( 'NONE', #7056, 1000.000000000000114 ) ;
#7734 = ADVANCED_BREP_SHAPE_REPRESENTATION ( 'MB_cable_rail_H_back_v1', ( #1990, #286 ), #5084 ) ;
#7735 = ORIENTED_EDGE ( 'NONE', *, *, #9061, .T. ) ;
#7736 = ORIENTED_EDGE ( 'NONE', *, *, #5452, .T. ) ;
#7737 = APPLICATION_CONTEXT ( 'configuration controlled 3d designs of mechanical parts and assemblies' ) ;
#7738 = FACE_OUTER_BOUND ( 'NONE', #826, .T. ) ;
#7739 = CARTESIAN_POINT ( 'NONE',  ( 2.384994479999970718, 19.00000000000000000, 8.500000000000007105 ) ) ;
#7740 = CARTESIAN_POINT ( 'NONE',  ( 8.884994479999997807, 8.895001747978417583, 65.24792348902897743 ) ) ;
#7741 = B_SPLINE_CURVE_WITH_KNOTS ( 'NONE', 3,
 ( #9335, #145, #2447, #6207, #7854, #5548, #4741, #7807, #1647, #4651, #9285, #6903, #851, #808, #4695, #55, #9421, #3106, #5600, #8619, #8670, #4046, #7049 ),
 .UNSPECIFIED., .F., .F.,
 ( 4, 1, 1, 1, 1, 1, 1, 1, 1, 1, 1, 1, 1, 1, 1, 1, 1, 1, 1, 1, 4 ),
 ( 0.000000000000000000, 0.05483054374682622134, 0.1058840583750885328, 0.1535527795256829142, 0.1974568995593474485, 0.2376529557301083617, 0.2744563599250950392, 0.3079461954932512513, 0.3377875494960229097, 0.3931165157829827894, 0.4469257407105733937, 0.5000638113711542987, 0.5526568895130823389, 0.6055224900376262598, 0.6587479401061266948, 0.7130228253805467320, 0.7692362908336476401, 0.8260569400446607924, 0.8827364948397963262, 0.9401354925429853404, 1.000000000000000000 ),
 .UNSPECIFIED. ) ;
#7742 = DIRECTION ( 'NONE',  ( 0.7071067811865474617, -0.7071067811865474617, 0.000000000000000000 ) ) ;
#7743 = CARTESIAN_POINT ( 'NONE',  ( 8.384994479999996031, 9.271470918990207366, 70.43682853963687762 ) ) ;
#7744 = ORIENTED_EDGE ( 'NONE', *, *, #8391, .F. ) ;
#7745 = LINE ( 'NONE', #3234, #5382 ) ;
#7746 = DIRECTION ( 'NONE',  ( -1.000000000000000000, 1.334402673828313832E-16, -0.000000000000000000 ) ) ;
#7747 = LINE ( 'NONE', #2439, #4904 ) ;
#7748 = LINE ( 'NONE', #9888, #8375 ) ;
#7749 = EDGE_CURVE ( 'NONE', #5713, #6443, #2186, .T. ) ;
#7750 = EDGE_CURVE ( 'NONE', #5899, #7413, #6095, .T. ) ;
#7751 = CARTESIAN_POINT ( 'NONE',  ( 7.384994479999996031, 20.49999999999996803, -60.00000000000000000 ) ) ;
#7752 = LINE ( 'NONE', #5541, #741 ) ;
#7753 = EDGE_CURVE ( 'NONE', #824, #7617, #7745, .T. ) ;
#7754 = ORIENTED_EDGE ( 'NONE', *, *, #5973, .F. ) ;
#7755 = B_SPLINE_CURVE_WITH_KNOTS ( 'NONE', 3,
 ( #8577, #7151, #6408, #3153, #295, #9289, #2589, #5645, #6260, #8724, #9383 ),
 .UNSPECIFIED., .F., .F.,
 ( 4, 1, 1, 1, 1, 1, 1, 1, 4 ),
 ( 0.000000000000000000, 0.06132074913294487811, 0.1407664973254501573, 0.2383158483605686273, 0.3540223279141549995, 0.4878667288614756403, 0.6406872479568562762, 0.8108506329929972001, 1.000000000000000000 ),
 .UNSPECIFIED. ) ;
#7756 = ORIENTED_EDGE ( 'NONE', *, *, #8343, .F. ) ;
#7757 = CARTESIAN_POINT ( 'NONE',  ( 7.384994479999996031, 1.999999999999999112, -7.699999999999998401 ) ) ;
#7758 = CARTESIAN_POINT ( 'NONE',  ( -9.134994480000006689, 5.499038105676666177, 8.499999999999992895 ) ) ;
#7759 = DIRECTION ( 'NONE',  ( 1.334402673828313832E-16, 1.000000000000000000, 0.000000000000000000 ) ) ;
#7760 = ORIENTED_EDGE ( 'NONE', *, *, #9669, .F. ) ;
#7761 = LINE ( 'NONE', #7857, #7513 ) ;
#7762 = DIRECTION ( 'NONE',  ( 0.000000000000000000, 0.000000000000000000, -1.000000000000000000 ) ) ;
#7763 = ADVANCED_FACE ( 'NONE', ( #7699 ), #2479, .T. ) ;
#7764 = EDGE_CURVE ( 'NONE', #7991, #6993, #1075, .T. ) ;
#7765 = AXIS2_PLACEMENT_3D ( 'NONE', #8235, #6766, #4414 ) ;
#7766 = VERTEX_POINT ( 'NONE', #6985 ) ;
#7767 = ADVANCED_FACE ( 'NONE', ( #3895 ), #1730, .T. ) ;
#7768 = ORIENTED_EDGE ( 'NONE', *, *, #47, .T. ) ;
#7769 = CARTESIAN_POINT ( 'NONE',  ( 8.384994479999996031, 9.145653646522500679, 72.72277524247130032 ) ) ;
#7770 = ORIENTED_EDGE ( 'NONE', *, *, #5539, .T. ) ;
#7771 = LINE ( 'NONE', #5562, #1566 ) ;
#7772 = CARTESIAN_POINT ( 'NONE',  ( 8.384994479999997807, 9.150537720941896325, 66.23915767794687781 ) ) ;
#7773 = PLANE ( 'NONE',  #9446 ) ;
#7774 = AXIS2_PLACEMENT_3D ( 'NONE', #4382, #3439, #5032 ) ;
#7775 = FACE_OUTER_BOUND ( 'NONE', #9479, .T. ) ;
#7776 = CARTESIAN_POINT ( 'NONE',  ( -2.884994479999992922, -1.328788563573217940E-17, -44.50000000000000000 ) ) ;
#7777 = ADVANCED_FACE ( 'NONE', ( #9224 ), #4780, .T. ) ;
#7778 = DIRECTION ( 'NONE',  ( 0.000000000000000000, 0.000000000000000000, 1.000000000000000000 ) ) ;
#7779 = FACE_OUTER_BOUND ( 'NONE', #8309, .T. ) ;
#7780 = CARTESIAN_POINT ( 'NONE',  ( 8.884994480000001360, 6.733243380841571479, 65.54611262586682585 ) ) ;
#7781 = ORIENTED_EDGE ( 'NONE', *, *, #5855, .F. ) ;
#7782 = VECTOR ( 'NONE', #7731, 1000.000000000000114 ) ;
#7783 = LINE ( 'NONE', #5853, #2393 ) ;
#7784 = VERTEX_POINT ( 'NONE', #2528 ) ;
#7785 = LINE ( 'NONE', #1719, #4891 ) ;
#7786 = DIRECTION ( 'NONE',  ( 0.000000000000000000, 0.000000000000000000, -1.000000000000000000 ) ) ;
#7787 = EDGE_LOOP ( 'NONE', ( #3446, #7451, #9576, #1391 ) ) ;
#7788 = ORIENTED_EDGE ( 'NONE', *, *, #3098, .T. ) ;
#7789 = VECTOR ( 'NONE', #4989, 999.9999999999998863 ) ;
#7790 = LINE ( 'NONE', #927, #1226 ) ;
#7791 = DIRECTION ( 'NONE',  ( -1.000000000000000000, 1.334402673828313832E-16, -0.000000000000000000 ) ) ;
#7792 = VECTOR ( 'NONE', #9402, 1000.000000000000000 ) ;
#7793 = CARTESIAN_POINT ( 'NONE',  ( 8.384994479999997807, 9.890330284077396783, 73.11124508076578365 ) ) ;
#7794 = EDGE_LOOP ( 'NONE', ( #4347, #5387, #1147, #5173 ) ) ;
#7795 = FACE_OUTER_BOUND ( 'NONE', #7533, .T. ) ;
#7796 = ORIENTED_EDGE ( 'NONE', *, *, #7688, .F. ) ;
#7797 = CARTESIAN_POINT ( 'NONE',  ( 7.584994479999997097, 18.99999999999999645, 13.30000000000000604 ) ) ;
#7798 = DIRECTION ( 'NONE',  ( -0.6785983445458466656, -0.2810846377148217279, 0.6785983445458466656 ) ) ;
#7799 = VECTOR ( 'NONE', #380, 1000.000000000000000 ) ;
#7800 = CARTESIAN_POINT ( 'NONE',  ( 8.884994479999997807, 6.702458179608773214, 67.37540403186766014 ) ) ;
#7801 = CARTESIAN_POINT ( 'NONE',  ( 8.384994479999999584, 7.614106563086787460, 84.15432209090036508 ) ) ;
#7802 = CARTESIAN_POINT ( 'NONE',  ( 8.384994479999994255, 7.442473577302816778, 70.58235787010094953 ) ) ;
#7803 = VECTOR ( 'NONE', #1082, 1000.000000000000000 ) ;
#7804 = ORIENTED_EDGE ( 'NONE', *, *, #1515, .F. ) ;
#7805 = DIRECTION ( 'NONE',  ( 0.000000000000000000, 1.000000000000000000, 0.000000000000000000 ) ) ;
#7806 = LINE ( 'NONE', #894, #4687 ) ;
#7807 = CARTESIAN_POINT ( 'NONE',  ( 8.384994479999999584, 10.27855796706030311, 65.37960462547604834 ) ) ;
#7808 = ORIENTED_EDGE ( 'NONE', *, *, #4445, .T. ) ;
#7809 = PLANE ( 'NONE',  #9451 ) ;
#7810 = CARTESIAN_POINT ( 'NONE',  ( 8.884994479999997807, 7.310011658605289675, 65.20330410808324473 ) ) ;
#7811 = EDGE_CURVE ( 'NONE', #42, #9350, #4587, .T. ) ;
#7812 = CARTESIAN_POINT ( 'NONE',  ( 8.884994479999999584, 9.723948465815690057, 72.15281013552866796 ) ) ;
#7813 = VERTEX_POINT ( 'NONE', #4730 ) ;
#7814 = VECTOR ( 'NONE', #3767, 1000.000000000000000 ) ;
#7815 = DIRECTION ( 'NONE',  ( 0.7071067811865479058, -0.7071067811865472397, 0.000000000000000000 ) ) ;
#7816 = CARTESIAN_POINT ( 'NONE',  ( 8.384994479999996031, 7.479225660329672287, 72.45795528885068393 ) ) ;
#7817 = CARTESIAN_POINT ( 'NONE',  ( 8.884994479999997807, 9.675934835709519177, 71.56829491525647313 ) ) ;
#7818 = EDGE_CURVE ( 'NONE', #1354, #6747, #3944, .T. ) ;
#7819 = EDGE_CURVE ( 'NONE', #9151, #8552, #3853, .T. ) ;
#7820 = ADVANCED_FACE ( 'NONE', ( #183 ), #5588, .T. ) ;
#7821 = CARTESIAN_POINT ( 'NONE',  ( -9.384994480000001360, 1.499999999999999556, -12.50000000000000355 ) ) ;
#7822 = CARTESIAN_POINT ( 'NONE',  ( -17.88499447999999958, 0.5000000000000004441, -45.00000000000000000 ) ) ;
#7823 = EDGE_CURVE ( 'NONE', #7179, #5024, #6196, .T. ) ;
#7824 = AXIS2_PLACEMENT_3D ( 'NONE', #7544, #6692, #4439 ) ;
#7825 = VECTOR ( 'NONE', #313, 1000.000000000000000 ) ;
#7826 = LINE ( 'NONE', #867, #4460 ) ;
#7827 = CARTESIAN_POINT ( 'NONE',  ( 8.884994479999997807, 8.869065480456796990, 64.10244406675683138 ) ) ;
#7828 = DIRECTION ( 'NONE',  ( -3.244554655941734267E-12, -1.000000000000000000, 0.000000000000000000 ) ) ;
#7829 = VECTOR ( 'NONE', #8902, 1000.000000000000000 ) ;
#7830 = EDGE_LOOP ( 'NONE', ( #8616, #6842, #2687, #554 ) ) ;
#7831 = VECTOR ( 'NONE', #5104, 999.9999999999998863 ) ;
#7832 = EDGE_CURVE ( 'NONE', #3598, #5882, #6291, .T. ) ;
#7833 = CARTESIAN_POINT ( 'NONE',  ( 8.384994479999997807, 10.11509004182247651, 65.88056006258884167 ) ) ;
#7834 = CARTESIAN_POINT ( 'NONE',  ( 5.884994479999996031, 22.00000000000000000, 137.4999999999999716 ) ) ;
#7835 = CARTESIAN_POINT ( 'NONE',  ( 8.884994479999996031, 7.157614819010740703, 66.23437225113181626 ) ) ;
#7836 = CARTESIAN_POINT ( 'NONE',  ( 8.884994479999994255, 10.33947720974294882, 71.81028766119517570 ) ) ;
#7837 = VERTEX_POINT ( 'NONE', #1589 ) ;
#7838 = VECTOR ( 'NONE', #9569, 1000.000000000000000 ) ;
#7839 = ORIENTED_EDGE ( 'NONE', *, *, #155, .F. ) ;
#7840 = DIRECTION ( 'NONE',  ( -1.000000000000000000, -1.224646799147332746E-16, 0.000000000000000000 ) ) ;
#7841 = DIRECTION ( 'NONE',  ( -0.7071067811865279218, -3.256836054902020029E-18, -0.7071067811865671127 ) ) ;
#7842 = LINE ( 'NONE', #2431, #8324 ) ;
#7843 = ORIENTED_EDGE ( 'NONE', *, *, #6292, .T. ) ;
#7844 = DIRECTION ( 'NONE',  ( 1.000000000000000000, 0.000000000000000000, 0.000000000000000000 ) ) ;
#7845 = ORIENTED_EDGE ( 'NONE', *, *, #655, .F. ) ;
#7846 = DIRECTION ( 'NONE',  ( 0.7071067811865489050, -0.7071067811865462405, 0.000000000000000000 ) ) ;
#7847 = CARTESIAN_POINT ( 'NONE',  ( -2.384994479999930750, 2.000000000000000000, 73.49999999999998579 ) ) ;
#7848 = CARTESIAN_POINT ( 'NONE',  ( -17.38499448000000669, 2.000000000000001776, -59.99999999999998579 ) ) ;
#7849 = CARTESIAN_POINT ( 'NONE',  ( -8.884994480000001360, 8.989973373547609642E-18, 8.499999999999996447 ) ) ;
#7850 = CARTESIAN_POINT ( 'NONE',  ( 8.384994479999999584, 8.101251367263484937, 70.35166649002357531 ) ) ;
#7851 = EDGE_LOOP ( 'NONE', ( #8013, #3577, #7399, #8447 ) ) ;
#7852 = CARTESIAN_POINT ( 'NONE',  ( 7.384994479999996031, 19.99999999999999645, -60.00000000000000000 ) ) ;
#7853 = CARTESIAN_POINT ( 'NONE',  ( 8.384994479999997807, 9.912929705669553115, 86.65084857064395862 ) ) ;
#7854 = CARTESIAN_POINT ( 'NONE',  ( 8.384994479999999584, 10.29310859399956612, 65.14950023035260074 ) ) ;
#7855 = ORIENTED_EDGE ( 'NONE', *, *, #5845, .T. ) ;
#7856 = B_SPLINE_CURVE_WITH_KNOTS ( 'NONE', 3,
 ( #4328, #6480, #1919, #9652, #8954, #2074, #5023, #8194, #8798, #8090, #9005 ),
 .UNSPECIFIED., .F., .F.,
 ( 4, 1, 1, 1, 1, 1, 1, 1, 4 ),
 ( 0.000000000000000000, 0.1880967190294640656, 0.3569941987500988012, 0.5094184663947423086, 0.6427096217809151746, 0.7595411148310220462, 0.8572633171250664263, 0.9374733689975608408, 1.000000000000000000 ),
 .UNSPECIFIED. ) ;
#7857 = CARTESIAN_POINT ( 'NONE',  ( -17.88499448000000314, 2.800000000000001599, 8.499999999999998224 ) ) ;
#7858 = CARTESIAN_POINT ( 'NONE',  ( 8.884994479999997807, 7.307430257686541530, 65.14253610907921654 ) ) ;
#7859 = DIRECTION ( 'NONE',  ( -0.7071067811865678898, 4.038221641405484360E-14, 0.7071067811865272557 ) ) ;
#7860 = ORIENTED_EDGE ( 'NONE', *, *, #3531, .F. ) ;
#7861 = PLANE ( 'NONE',  #9434 ) ;
#7862 = VERTEX_POINT ( 'NONE', #2385 ) ;
#7863 = EDGE_CURVE ( 'NONE', #1829, #7949, #5448, .T. ) ;
#7864 = DIRECTION ( 'NONE',  ( 0.000000000000000000, 0.000000000000000000, 1.000000000000000000 ) ) ;
#7865 = CARTESIAN_POINT ( 'NONE',  ( 8.884994479999997807, 7.801934395919686516, 65.71502479911072214 ) ) ;
#7866 = DIRECTION ( 'NONE',  ( -1.000000000000000000, 0.000000000000000000, 0.000000000000000000 ) ) ;
#7867 = DIRECTION ( 'NONE',  ( 0.000000000000000000, -0.9348432628350445972, 0.3550606623267744122 ) ) ;
#7868 = CARTESIAN_POINT ( 'NONE',  ( -3.384994480000042216, 1.999999999999998224, 86.00000000000001421 ) ) ;
#7869 = EDGE_CURVE ( 'NONE', #1219, #9863, #5828, .T. ) ;
#7870 = EDGE_CURVE ( 'NONE', #3185, #6747, #8095, .T. ) ;
#7871 = CARTESIAN_POINT ( 'NONE',  ( 8.384994479999996031, 9.698062628548161257, 64.77950860036914094 ) ) ;
#7872 = EDGE_CURVE ( 'NONE', #6936, #7175, #5778, .T. ) ;
#7873 = FACE_OUTER_BOUND ( 'NONE', #7794, .T. ) ;
#7874 = FACE_OUTER_BOUND ( 'NONE', #7639, .T. ) ;
#7875 = ORIENTED_EDGE ( 'NONE', *, *, #6897, .T. ) ;
#7876 = CARTESIAN_POINT ( 'NONE',  ( 8.884994479999997807, 10.27145206103789477, 65.44281196533957257 ) ) ;
#7877 = CARTESIAN_POINT ( 'NONE',  ( 8.384994479999999584, 10.31716678351884831, 71.63601162598449434 ) ) ;
#7878 = DIRECTION ( 'NONE',  ( 0.7071067811865475727, 0.000000000000000000, 0.7071067811865475727 ) ) ;
#7879 = VERTEX_POINT ( 'NONE', #6393 ) ;
#7880 = VECTOR ( 'NONE', #3765, 1000.000000000000000 ) ;
#7881 = EDGE_CURVE ( 'NONE', #6437, #2134, #426, .T. ) ;
#7882 = ORIENTED_EDGE ( 'NONE', *, *, #3595, .F. ) ;
#7883 = CARTESIAN_POINT ( 'NONE',  ( -17.88499448000000314, -1.084202172485504434E-15, 8.499999999999998224 ) ) ;
#7884 = DIRECTION ( 'NONE',  ( -1.000000000000000000, 1.334402673828313832E-16, -0.000000000000000000 ) ) ;
#7885 = EDGE_LOOP ( 'NONE', ( #4835, #2094, #1290, #4673 ) ) ;
#7886 = CARTESIAN_POINT ( 'NONE',  ( 8.384994479999999584, 9.562543376076016344, 65.48164757205539388 ) ) ;
#7887 = ORIENTED_EDGE ( 'NONE', *, *, #8133, .T. ) ;
#7888 = VECTOR ( 'NONE', #8118, 1000.000000000000000 ) ;
#7889 = CARTESIAN_POINT ( 'NONE',  ( 5.884994479999996031, 22.00000000000000000, -60.00000000000000000 ) ) ;
#7890 = ORIENTED_EDGE ( 'NONE', *, *, #7450, .T. ) ;
#7891 = VECTOR ( 'NONE', #4333, 1000.000000000000000 ) ;
#7892 = FACE_OUTER_BOUND ( 'NONE', #6750, .T. ) ;
#7893 = CARTESIAN_POINT ( 'NONE',  ( 8.384994479999997807, 9.393430545289694678, 66.26905136760485959 ) ) ;
#7894 = DIRECTION ( 'NONE',  ( -0.5773502691896161831, 0.5773502691896134076, 0.5773502691896479355 ) ) ;
#7895 = EDGE_CURVE ( 'NONE', #2551, #6623, #4083, .T. ) ;
#7896 = B_SPLINE_SURFACE_WITH_KNOTS ( 'NONE', 3, 1, ( 
 ( #2495, #5552 ),
 ( #3909, #7100 ),
 ( #245, #8824 ),
 ( #9518, #4892 ),
 ( #3448, #3504 ),
 ( #443, #4190 ),
 ( #8868, #7295 ),
 ( #9572, #6499 ),
 ( #4297, #6648 ),
 ( #496, #4147 ),
 ( #6603, #5694 ) ),
 .UNSPECIFIED., .F., .F., .F.,
 ( 4, 1, 1, 1, 1, 1, 1, 1, 4 ),
 ( 2, 2 ),
 ( 0.000000000000000000, 0.1288820723941447310, 0.2504078238205920126, 0.3692825269337962624, 0.4876147152597397616, 0.6078426407154698952, 0.7301675320199322305, 0.8590496044140767395, 1.000000000000000000 ),
 ( 0.000000000000000000, 1.000000000000000000 ),
 .UNSPECIFIED. ) ;
#7897 = CARTESIAN_POINT ( 'NONE',  ( 8.884994480000024453, 2.999999999999999112, 138.0000000000000000 ) ) ;
#7898 = CARTESIAN_POINT ( 'NONE',  ( 7.384994479999996031, 2.799999999999998934, -7.699999999999998401 ) ) ;
#7899 = ORIENTED_EDGE ( 'NONE', *, *, #4259, .T. ) ;
#7900 = VERTEX_POINT ( 'NONE', #7334 ) ;
#7901 = COORDINATED_UNIVERSAL_TIME_OFFSET ( 1, 0, .AHEAD. ) ;
#7902 = CARTESIAN_POINT ( 'NONE',  ( -9.384994480000001360, 2.999999999999999112, -8.500000000000001776 ) ) ;
#7903 = CARTESIAN_POINT ( 'NONE',  ( 8.884994479999997807, 8.790013062457036952, 86.10483752327857587 ) ) ;
#7904 = ORIENTED_EDGE ( 'NONE', *, *, #7580, .F. ) ;
#7905 = LINE ( 'NONE', #1888, #8978 ) ;
#7906 = AXIS2_PLACEMENT_3D ( 'NONE', #1528, #9309, #8549 ) ;
#7907 = LINE ( 'NONE', #898, #6023 ) ;
#7908 = ORIENTED_EDGE ( 'NONE', *, *, #7109, .T. ) ;
#7909 = DIRECTION ( 'NONE',  ( 1.000000000000000000, 2.319126125024811375E-18, 0.000000000000000000 ) ) ;
#7910 = EDGE_LOOP ( 'NONE', ( #6285, #6823, #829, #6484, #7296, #6528, #4154, #9215 ) ) ;
#7911 = CARTESIAN_POINT ( 'NONE',  ( 8.384994479999996031, 9.035934276403242649, 66.19817637127353294 ) ) ;
#7912 = EDGE_LOOP ( 'NONE', ( #3834, #6332, #5526 ) ) ;
#7913 = DIRECTION ( 'NONE',  ( -1.156482317317871478E-16, 1.233053710322475218E-32, 1.000000000000000000 ) ) ;
#7914 = CARTESIAN_POINT ( 'NONE',  ( -3.384994480000036887, 22.00100000000000122, 126.0000000000000000 ) ) ;
#7915 = CARTESIAN_POINT ( 'NONE',  ( 8.884994479999997807, 8.595857222006182852, 71.01806812869700991 ) ) ;
#7916 = LINE ( 'NONE', #7776, #6139 ) ;
#7917 = AXIS2_PLACEMENT_3D ( 'NONE', #2066, #5015, #7370 ) ;
#7918 = DIRECTION ( 'NONE',  ( -1.000000000000000000, 1.334402673828313832E-16, -0.000000000000000000 ) ) ;
#7919 = AXIS2_PLACEMENT_3D ( 'NONE', #7898, #1033, #529 ) ;
#7920 = DIRECTION ( 'NONE',  ( 0.000000000000000000, -0.7071067811865670016, -0.7071067811865281438 ) ) ;
#7921 = DIRECTION ( 'NONE',  ( -0.5773502691896048589, -0.5773502691896365002, 0.5773502691896361672 ) ) ;
#7922 = VERTEX_POINT ( 'NONE', #8042 ) ;
#7923 = CARTESIAN_POINT ( 'NONE',  ( 8.384994479999997807, 9.589881691669296160, 70.58066934615563071 ) ) ;
#7924 = DIRECTION ( 'NONE',  ( -1.445602896647339656E-16, -3.352535444026387696E-34, -1.000000000000000000 ) ) ;
#7925 = EDGE_CURVE ( 'NONE', #9046, #3316, #4178, .T. ) ;
#7926 = FACE_OUTER_BOUND ( 'NONE', #2968, .T. ) ;
#7927 = ORIENTED_EDGE ( 'NONE', *, *, #4394, .F. ) ;
#7928 = EDGE_CURVE ( 'NONE', #6149, #5626, #6498, .T. ) ;
#7929 = ORIENTED_EDGE ( 'NONE', *, *, #5307, .F. ) ;
#7930 = CARTESIAN_POINT ( 'NONE',  ( 8.384994479999997807, 10.29810433846293805, 87.42804607163128594 ) ) ;
#7931 = AXIS2_PLACEMENT_3D ( 'NONE', #9162, #4620, #2468 ) ;
#7932 = EDGE_LOOP ( 'NONE', ( #3248, #802, #5721, #6545 ) ) ;
#7933 = CARTESIAN_POINT ( 'NONE',  ( 8.384994479999996031, 9.647341320396467523, 65.35967126036877062 ) ) ;
#7934 = VERTEX_POINT ( 'NONE', #3327 ) ;
#7935 = CARTESIAN_POINT ( 'NONE',  ( 8.384994479999997807, 6.703666272657642367, 71.90733464034329359 ) ) ;
#7936 = ORIENTED_EDGE ( 'NONE', *, *, #5375, .F. ) ;
#7937 = ADVANCED_FACE ( 'NONE', ( #7892 ), #8804, .F. ) ;
#7938 = EDGE_CURVE ( 'NONE', #4128, #2352, #8851, .T. ) ;
#7939 = DIRECTION ( 'NONE',  ( -8.673617379884027583E-16, 1.000000000000000000, 0.000000000000000000 ) ) ;
#7940 = EDGE_CURVE ( 'NONE', #2646, #8620, #4415, .T. ) ;
#7941 = CARTESIAN_POINT ( 'NONE',  ( 7.384994479999996031, 1.999999999999999112, -13.30000000000000604 ) ) ;
#7942 = LINE ( 'NONE', #3545, #4275 ) ;
#7943 = EDGE_CURVE ( 'NONE', #5918, #4171, #5634, .T. ) ;
#7944 = VECTOR ( 'NONE', #5715, 1000.000000000000000 ) ;
#7945 = AXIS2_PLACEMENT_3D ( 'NONE', #2277, #5335, #8404 ) ;
#7946 = CARTESIAN_POINT ( 'NONE',  ( 8.384994479999997807, 8.684673369746326088, 85.86071313059227350 ) ) ;
#7947 = DIRECTION ( 'NONE',  ( -1.000000000000000000, 1.334402673828313832E-16, -0.000000000000000000 ) ) ;
#7948 = ORIENTED_EDGE ( 'NONE', *, *, #9921, .T. ) ;
#7949 = VERTEX_POINT ( 'NONE', #8710 ) ;
#7950 = VECTOR ( 'NONE', #1988, 1000.000000000000000 ) ;
#7951 = DATE_AND_TIME ( #5740, #6371 ) ;
#7952 = CARTESIAN_POINT ( 'NONE',  ( 8.384994479999996031, 10.13622575438779094, 86.80294713798775774 ) ) ;
#7953 = LINE ( 'NONE', #4142, #2072 ) ;
#7954 = ORIENTED_EDGE ( 'NONE', *, *, #1577, .T. ) ;
#7955 = EDGE_CURVE ( 'NONE', #3935, #3369, #4975, .T. ) ;
#7956 = LINE ( 'NONE', #8769, #5446 ) ;
#7957 = CARTESIAN_POINT ( 'NONE',  ( 9.884994479999997807, 22.00000000000000000, -59.50000000000000000 ) ) ;
#7958 = EDGE_CURVE ( 'NONE', #8017, #6886, #328, .T. ) ;
#7959 = VECTOR ( 'NONE', #5830, 1000.000000000000000 ) ;
#7960 = ORIENTED_EDGE ( 'NONE', *, *, #4336, .F. ) ;
#7961 = CARTESIAN_POINT ( 'NONE',  ( 8.384994479999997807, 9.262339279081469812, 86.73657565646701073 ) ) ;
#7962 = EDGE_LOOP ( 'NONE', ( #5956, #7046, #5139, #4538 ) ) ;
#7963 = CARTESIAN_POINT ( 'NONE',  ( 8.384994479999997807, 8.613365483182510829, 65.78214095026002894 ) ) ;
#7964 = VERTEX_POINT ( 'NONE', #8301 ) ;
#7965 = ORIENTED_EDGE ( 'NONE', *, *, #6473, .T. ) ;
#7966 = FACE_OUTER_BOUND ( 'NONE', #8667, .T. ) ;
#7967 = DIRECTION ( 'NONE',  ( 1.000000000000000000, 2.319126125024811375E-18, 0.000000000000000000 ) ) ;
#7968 = LINE ( 'NONE', #2699, #6235 ) ;
#7969 = AXIS2_PLACEMENT_3D ( 'NONE', #8617, #8572, #3904 ) ;
#7970 = DIRECTION ( 'NONE',  ( -1.000000000000000000, 0.000000000000000000, 0.000000000000000000 ) ) ;
#7971 = PRODUCT_DEFINITION_FORMATION_WITH_SPECIFIED_SOURCE ( 'ANY', '', #1734, .NOT_KNOWN. ) ;
#7972 = CARTESIAN_POINT ( 'NONE',  ( -2.884994480000013795, -1.328788563573227185E-17, 86.50000000000002842 ) ) ;
#7973 = CARTESIAN_POINT ( 'NONE',  ( -12.88499447999999781, 2.399999999999998579, -60.00000000000000000 ) ) ;
#7974 = PLANE ( 'NONE',  #4679 ) ;
#7975 = CARTESIAN_POINT ( 'NONE',  ( 8.884994479999997807, 9.376143784910587087, 85.86071313059227350 ) ) ;
#7976 = ORIENTED_EDGE ( 'NONE', *, *, #5006, .F. ) ;
#7977 = PLANE ( 'NONE',  #8734 ) ;
#7978 = VECTOR ( 'NONE', #5170, 1000.000000000000000 ) ;
#7979 = DIRECTION ( 'NONE',  ( 1.000000000000000000, 0.000000000000000000, 0.000000000000000000 ) ) ;
#7980 = VECTOR ( 'NONE', #6076, 1000.000000000000000 ) ;
#7981 = DIRECTION ( 'NONE',  ( 0.000000000000000000, 0.000000000000000000, 1.000000000000000000 ) ) ;
#7982 = ORIENTED_EDGE ( 'NONE', *, *, #6240, .T. ) ;
#7983 = AXIS2_PLACEMENT_3D ( 'NONE', #3937, #742, #7742 ) ;
#7984 = LINE ( 'NONE', #3481, #7663 ) ;
#7985 = AXIS2_PLACEMENT_3D ( 'NONE', #8555, #4919, #1775 ) ;
#7986 = ORIENTED_EDGE ( 'NONE', *, *, #5304, .T. ) ;
#7987 = DIRECTION ( 'NONE',  ( 0.000000000000000000, 0.000000000000000000, 1.000000000000000000 ) ) ;
#7988 = ORIENTED_EDGE ( 'NONE', *, *, #6122, .T. ) ;
#7989 = EDGE_CURVE ( 'NONE', #1354, #9350, #8961, .T. ) ;
#7990 = CARTESIAN_POINT ( 'NONE',  ( 8.884994479999999584, 6.818959791137046977, 71.31171114583918325 ) ) ;
#7991 = VERTEX_POINT ( 'NONE', #6780 ) ;
#7992 = CARTESIAN_POINT ( 'NONE',  ( 7.584994479999995320, -1.000000000000005107, 12.49999999999999822 ) ) ;
#7993 = LINE ( 'NONE', #279, #8031 ) ;
#7994 = CARTESIAN_POINT ( 'NONE',  ( 10.38499447999999603, 1.500000000000000000, 137.4999999999999716 ) ) ;
#7995 = CIRCLE ( 'NONE', #3687, 0.8000000000000003775 ) ;
#7996 = VECTOR ( 'NONE', #5852, 1000.000000000000000 ) ;
#7997 = EDGE_CURVE ( 'NONE', #7432, #8261, #356, .T. ) ;
#7998 = CARTESIAN_POINT ( 'NONE',  ( -8.884994480000001360, 0.000000000000000000, 8.499999999999992895 ) ) ;
#7999 = EDGE_CURVE ( 'NONE', #4696, #502, #2874, .T. ) ;
#8000 = DIRECTION ( 'NONE',  ( -1.084202172485504804E-16, -1.000000000000000000, 0.000000000000000000 ) ) ;
#8001 = ORIENTED_EDGE ( 'NONE', *, *, #9738, .T. ) ;
#8002 = VECTOR ( 'NONE', #4455, 1000.000000000000000 ) ;
#8003 = ORIENTED_EDGE ( 'NONE', *, *, #6653, .F. ) ;
#8004 = VECTOR ( 'NONE', #820, 1000.000000000000000 ) ;
#8005 = EDGE_CURVE ( 'NONE', #3233, #763, #1055, .T. ) ;
#8006 = CARTESIAN_POINT ( 'NONE',  ( 6.238547870593265543, -0.001000000000001000089, 8.353553390593278394 ) ) ;
#8007 = CARTESIAN_POINT ( 'NONE',  ( 7.384994479999996031, 0.000000000000000000, 0.000000000000000000 ) ) ;
#8008 = ORIENTED_EDGE ( 'NONE', *, *, #9186, .T. ) ;
#8009 = CARTESIAN_POINT ( 'NONE',  ( 7.384994479999996031, 1.999999999999999112, 13.30000000000000604 ) ) ;
#8010 = LINE ( 'NONE', #6552, #7789 ) ;
#8011 = EDGE_LOOP ( 'NONE', ( #9124, #1167, #3311, #1785 ) ) ;
#8012 = VECTOR ( 'NONE', #5944, 1000.000000000000000 ) ;
#8013 = ORIENTED_EDGE ( 'NONE', *, *, #9688, .T. ) ;
#8014 = ORIENTED_EDGE ( 'NONE', *, *, #8076, .T. ) ;
#8015 = DIRECTION ( 'NONE',  ( -0.7071067811865671127, 0.000000000000000000, 0.7071067811865279218 ) ) ;
#8016 = EDGE_CURVE ( 'NONE', #3831, #5251, #3027, .T. ) ;
#8017 = VERTEX_POINT ( 'NONE', #6634 ) ;
#8018 = CARTESIAN_POINT ( 'NONE',  ( 5.936069304491460308, 20.12330553398311395, 137.6233055339831139 ) ) ;
#8019 = ORIENTED_EDGE ( 'NONE', *, *, #8735, .F. ) ;
#8020 = EDGE_CURVE ( 'NONE', #8848, #8312, #2121, .T. ) ;
#8021 = CARTESIAN_POINT ( 'NONE',  ( 8.884994479999997807, 8.869065480456796990, 64.60303983606846145 ) ) ;
#8022 = CARTESIAN_POINT ( 'NONE',  ( 7.488547870593252220, 19.10355339059325175, -60.00000000000000000 ) ) ;
#8023 = LINE ( 'NONE', #9684, #7831 ) ;
#8024 = CARTESIAN_POINT ( 'NONE',  ( -17.88499447999999248, 2.000000000000002665, 137.4999999999999716 ) ) ;
#8025 = DIRECTION ( 'NONE',  ( -0.7071067811865472397, -1.639869809431924495E-18, 0.7071067811865479058 ) ) ;
#8026 = LINE ( 'NONE', #1156, #916 ) ;
#8027 = FACE_OUTER_BOUND ( 'NONE', #2715, .T. ) ;
#8028 = CARTESIAN_POINT ( 'NONE',  ( 7.384994479999996031, 1.999999999999999112, -60.00000000000000000 ) ) ;
#8029 = ORIENTED_EDGE ( 'NONE', *, *, #4700, .F. ) ;
#8030 = CARTESIAN_POINT ( 'NONE',  ( 8.884994479999999584, 7.301259673766581137, 64.90364601892001417 ) ) ;
#8031 = VECTOR ( 'NONE', #6486, 1000.000000000000000 ) ;
#8032 = PLANE ( 'NONE',  #1375 ) ;
#8033 = CARTESIAN_POINT ( 'NONE',  ( -9.384994480000001360, 1.499999999999999556, -60.00000000000000000 ) ) ;
#8034 = ORIENTED_EDGE ( 'NONE', *, *, #7940, .F. ) ;
#8035 = ORIENTED_EDGE ( 'NONE', *, *, #7508, .F. ) ;
#8036 = PLANE ( 'NONE',  #5395 ) ;
#8037 = EDGE_LOOP ( 'NONE', ( #500, #7595, #5688, #3454 ) ) ;
#8038 = PLANE ( 'NONE',  #1431 ) ;
#8039 = ORIENTED_EDGE ( 'NONE', *, *, #7310, .F. ) ;
#8040 = CARTESIAN_POINT ( 'NONE',  ( 8.002706914446775954, 22.00000000000000000, -8.382287565553227182 ) ) ;
#8041 = VERTEX_POINT ( 'NONE', #9855 ) ;
#8042 = CARTESIAN_POINT ( 'NONE',  ( 7.384994479999996031, 19.00000000000000000, 12.49999999999999645 ) ) ;
#8043 = CARTESIAN_POINT ( 'NONE',  ( -8.884994480000001360, 2.000000000000000888, -22.00000000000000711 ) ) ;
#8044 = PLANE ( 'NONE',  #3956 ) ;
#8045 = CARTESIAN_POINT ( 'NONE',  ( -70.74999999999972999, 2.000000000000007550, 18.13499448000406744 ) ) ;
#8046 = FACE_OUTER_BOUND ( 'NONE', #700, .T. ) ;
#8047 = VECTOR ( 'NONE', #4733, 1000.000000000000000 ) ;
#8048 = EDGE_LOOP ( 'NONE', ( #2743, #4195, #4073, #1245 ) ) ;
#8049 = CARTESIAN_POINT ( 'NONE',  ( -17.38499447999999958, 1.500000000000029754, -45.00000000000000000 ) ) ;
#8050 = ORIENTED_EDGE ( 'NONE', *, *, #9919, .T. ) ;
#8051 = DIRECTION ( 'NONE',  ( 1.000000000000000000, -1.066210604224532462E-16, 0.000000000000000000 ) ) ;
#8052 = DIRECTION ( 'NONE',  ( 1.000000000000000000, -1.334402673828313832E-16, 0.000000000000000000 ) ) ;
#8053 = VERTEX_POINT ( 'NONE', #5179 ) ;
#8054 = CARTESIAN_POINT ( 'NONE',  ( 5.884994479999997807, 19.99999999999999645, -60.00000000000000000 ) ) ;
#8055 = DIRECTION ( 'NONE',  ( 0.000000000000000000, 0.000000000000000000, 1.000000000000000000 ) ) ;
#8056 = EDGE_CURVE ( 'NONE', #4077, #3100, #8244, .T. ) ;
#8057 = EDGE_CURVE ( 'NONE', #8298, #1089, #3739, .T. ) ;
#8058 = VECTOR ( 'NONE', #1403, 1000.000000000000000 ) ;
#8059 = ORIENTED_EDGE ( 'NONE', *, *, #4678, .F. ) ;
#8060 = EDGE_CURVE ( 'NONE', #5035, #5045, #3640, .T. ) ;
#8061 = B_SPLINE_CURVE_WITH_KNOTS ( 'NONE', 3,
 ( #2322, #2272, #4571, #7584, #9105, #2220, #8299, #1525, #1571, #9907, #7729, #6970, #6924, #76, #726 ),
 .UNSPECIFIED., .F., .F.,
 ( 4, 1, 1, 1, 1, 1, 1, 1, 1, 1, 1, 1, 4 ),
 ( 0.000000000000000000, 0.08125498388092922131, 0.1621348771815491197, 0.2448843566542024675, 0.3293967122285810234, 0.4136360502729108934, 0.4950439821813215069, 0.5748169009060805079, 0.6546489956852900027, 0.7353977662137034521, 0.8188389216383631375, 0.9066544095222852651, 1.000000000000000000 ),
 .UNSPECIFIED. ) ;
#8062 = EDGE_LOOP ( 'NONE', ( #5505, #1254, #5060, #5475, #7986, #8014, #6609, #708, #4002, #6233, #1398, #8270, #89, #2620, #7519, #7410, #4524, #650, #4223, #9782, #3498, #1821, #7855, #1764 ) ) ;
#8063 = LINE ( 'NONE', #6700, #4956 ) ;
#8064 = VERTEX_POINT ( 'NONE', #2026 ) ;
#8065 = CARTESIAN_POINT ( 'NONE',  ( -17.88499448000000669, 0.5000000000000004441, -60.00000000000000000 ) ) ;
#8066 = ORIENTED_EDGE ( 'NONE', *, *, #2748, .F. ) ;
#8067 = CARTESIAN_POINT ( 'NONE',  ( 8.384994479999996031, 8.036402375303127954, 66.36828545119136891 ) ) ;
#8068 = PLANE ( 'NONE',  #8707 ) ;
#8069 = CARTESIAN_POINT ( 'NONE',  ( 8.384994479999997807, 6.704698045968550346, 72.10554616806869888 ) ) ;
#8070 = VECTOR ( 'NONE', #5155, 1000.000000000000000 ) ;
#8071 = B_SPLINE_SURFACE_WITH_KNOTS ( 'NONE', 3, 1, ( 
 ( #7684, #825 ),
 ( #2969, #6179 ),
 ( #6229, #9261 ),
 ( #2166, #4021 ),
 ( #7362, #8835 ),
 ( #1952, #5003 ),
 ( #3516, #1199 ),
 ( #4764, #7117 ),
 ( #7876, #4815 ),
 ( #263, #920 ),
 ( #7025, #5574 ),
 ( #9396, #453 ),
 ( #8645, #969 ),
 ( #2513, #7833 ),
 ( #1011, #8593 ),
 ( #6322, #8883 ),
 ( #8072, #5760 ),
 ( #1766, #2700 ),
 ( #3217, #169 ),
 ( #2752, #9351 ),
 ( #1668, #1249 ),
 ( #3312, #1717 ),
 ( #7066, #6376 ) ),
 .UNSPECIFIED., .F., .F., .F.,
 ( 4, 1, 1, 1, 1, 1, 1, 1, 1, 1, 1, 1, 1, 1, 1, 1, 1, 1, 1, 1, 4 ),
 ( 2, 2 ),
 ( 0.000000000000000000, 0.05483054374682622134, 0.1058840583750885328, 0.1535527795256829142, 0.1974568995593474485, 0.2376529557301083617, 0.2744563599250950392, 0.3079461954932512513, 0.3377875494960229097, 0.3931165157829827894, 0.4469257407105733937, 0.5000638113711542987, 0.5526568895130823389, 0.6055224900376262598, 0.6587479401061266948, 0.7130228253805467320, 0.7692362908336476401, 0.8260569400446607924, 0.8827364948397963262, 0.9401354925429853404, 1.000000000000000000 ),
 ( 0.000000000000000000, 1.000000000000000000 ),
 .UNSPECIFIED. ) ;
#8072 = CARTESIAN_POINT ( 'NONE',  ( 8.884994479999992478, 9.902607045283453147, 66.10038490849895254 ) ) ;
#8073 = ADVANCED_FACE ( 'NONE', ( #9107 ), #6828, .F. ) ;
#8074 = EDGE_CURVE ( 'NONE', #81, #2821, #627, .T. ) ;
#8075 = FACE_OUTER_BOUND ( 'NONE', #7932, .T. ) ;
#8076 = EDGE_CURVE ( 'NONE', #2576, #6569, #5878, .T. ) ;
#8077 = DIRECTION ( 'NONE',  ( -0.000000000000000000, 0.000000000000000000, 1.000000000000000000 ) ) ;
#8078 = CARTESIAN_POINT ( 'NONE',  ( 8.884994479999997807, 7.766314224606289507, 84.19830300746819773 ) ) ;
#8079 = CARTESIAN_POINT ( 'NONE',  ( 8.884994479999994255, 7.179806839133017426, 70.78430132263564190 ) ) ;
#8080 = DIRECTION ( 'NONE',  ( -0.5773502691896150729, -0.5773502691896152950, 0.5773502691896470473 ) ) ;
#8081 = CARTESIAN_POINT ( 'NONE',  ( 7.384994479999996031, 3.800000000000000711, -12.50000000000001066 ) ) ;
#8082 = ORIENTED_EDGE ( 'NONE', *, *, #343, .T. ) ;
#8083 = LINE ( 'NONE', #6671, #3442 ) ;
#8084 = CARTESIAN_POINT ( 'NONE',  ( 8.884994479999997807, 10.29810433846293805, 63.41097365159257038 ) ) ;
#8085 = EDGE_CURVE ( 'NONE', #9703, #6128, #8198, .T. ) ;
#8086 = CARTESIAN_POINT ( 'NONE',  ( 8.884994479999997807, 6.702458179608773214, 84.43527568099845837 ) ) ;
#8087 = ORIENTED_EDGE ( 'NONE', *, *, #8005, .F. ) ;
#8088 = TOROIDAL_SURFACE ( 'NONE', #1682, 0.1999999999999999833, 0.8000000000000000444 ) ;
#8089 = DIRECTION ( 'NONE',  ( 0.7071067811865473507, 0.7071067811865477948, -6.317432103073126481E-17 ) ) ;
#8090 = CARTESIAN_POINT ( 'NONE',  ( 8.384994479999997807, 7.322320790385826506, 65.32116996085945004 ) ) ;
#8091 = ORIENTED_EDGE ( 'NONE', *, *, #3974, .T. ) ;
#8092 = CARTESIAN_POINT ( 'NONE',  ( 8.884994479999999584, 7.067813634945277812, 70.90350089508774545 ) ) ;
#8093 = VERTEX_POINT ( 'NONE', #2222 ) ;
#8094 = EDGE_CURVE ( 'NONE', #6128, #5861, #6682, .T. ) ;
#8095 = LINE ( 'NONE', #7992, #6020 ) ;
#8096 = DIRECTION ( 'NONE',  ( 0.000000000000000000, 0.7132134666565539405, 0.7009468959769638019 ) ) ;
#8097 = CARTESIAN_POINT ( 'NONE',  ( 8.884994479999996031, 8.523539538522761916, 65.98834281348565867 ) ) ;
#8098 = ORIENTED_EDGE ( 'NONE', *, *, #8519, .T. ) ;
#8099 = CARTESIAN_POINT ( 'NONE',  ( 8.884994479999997807, 7.786482111715247179, 74.75108846028648202 ) ) ;
#8100 = DIRECTION ( 'NONE',  ( 1.000000000000000000, -1.066210604224532462E-16, 0.000000000000000000 ) ) ;
#8101 = ORIENTED_EDGE ( 'NONE', *, *, #7034, .F. ) ;
#8102 = CYLINDRICAL_SURFACE ( 'NONE', #2924, 0.8000000000000003775 ) ;
#8103 = ORIENTED_EDGE ( 'NONE', *, *, #5053, .T. ) ;
#8104 = CARTESIAN_POINT ( 'NONE',  ( 8.884994479999997807, 6.702458179608773214, 76.34219069684675674 ) ) ;
#8105 = FACE_OUTER_BOUND ( 'NONE', #2527, .T. ) ;
#8106 = ORIENTED_EDGE ( 'NONE', *, *, #9073, .T. ) ;
#8107 = CARTESIAN_POINT ( 'NONE',  ( 4.384994479999991590, 19.00000000000000000, 7.207106781186551459 ) ) ;
#8108 = AXIS2_PLACEMENT_3D ( 'NONE', #7172, #364, #3471 ) ;
#8109 = CARTESIAN_POINT ( 'NONE',  ( 8.384994479999997807, 10.29810433846293805, 77.21733294103901812 ) ) ;
#8110 = ORIENTED_EDGE ( 'NONE', *, *, #7270, .T. ) ;
#8111 = ORIENTED_EDGE ( 'NONE', *, *, #6098, .F. ) ;
#8112 = DIRECTION ( 'NONE',  ( 2.472095916683043442E-15, -0.7071067811865296981, 0.7071067811865654473 ) ) ;
#8113 = EDGE_LOOP ( 'NONE', ( #7543, #3632, #7929, #5137 ) ) ;
#8114 = LINE ( 'NONE', #6415, #8964 ) ;
#8115 = ORIENTED_EDGE ( 'NONE', *, *, #9663, .F. ) ;
#8116 = VECTOR ( 'NONE', #322, 1000.000000000000227 ) ;
#8117 = CARTESIAN_POINT ( 'NONE',  ( -3.384994480000092398, 1.499999999999941824, 33.49999999999998579 ) ) ;
#8118 = DIRECTION ( 'NONE',  ( 1.000000000000000000, 0.000000000000000000, 0.000000000000000000 ) ) ;
#8119 = CARTESIAN_POINT ( 'NONE',  ( 8.384994479999997807, 6.769020618974778358, 72.49333784860506569 ) ) ;
#8120 = DIRECTION ( 'NONE',  ( -0.7071067811865462405, 0.7071067811865489050, 0.000000000000000000 ) ) ;
#8121 = EDGE_CURVE ( 'NONE', #614, #7081, #728, .T. ) ;
#8122 = LINE ( 'NONE', #7260, #7586 ) ;
#8123 = AXIS2_PLACEMENT_3D ( 'NONE', #7973, #4162, #8838 ) ;
#8124 = ADVANCED_FACE ( 'NONE', ( #3784 ), #9009, .T. ) ;
#8125 = DIRECTION ( 'NONE',  ( 0.000000000000000000, 1.000000000000000000, 0.000000000000000000 ) ) ;
#8126 = ORIENTED_EDGE ( 'NONE', *, *, #9121, .T. ) ;
#8127 = EDGE_CURVE ( 'NONE', #1723, #7862, #6456, .T. ) ;
#8128 = VECTOR ( 'NONE', #8476, 1000.000000000000000 ) ;
#8129 = DIRECTION ( 'NONE',  ( -0.7071067811865671127, -1.639869809431970717E-18, 0.7071067811865279218 ) ) ;
#8130 = CARTESIAN_POINT ( 'NONE',  ( 8.384994479999997807, 8.684673369746326088, 85.86071313059227350 ) ) ;
#8131 = CARTESIAN_POINT ( 'NONE',  ( -7.384994479999980044, 22.00100000000000122, 73.49999999999998579 ) ) ;
#8132 = VERTEX_POINT ( 'NONE', #971 ) ;
#8133 = EDGE_CURVE ( 'NONE', #4274, #6346, #779, .T. ) ;
#8134 = DIRECTION ( 'NONE',  ( 0.000000000000000000, 0.000000000000000000, 1.000000000000000000 ) ) ;
#8135 = LINE ( 'NONE', #4322, #6503 ) ;
#8136 = DIRECTION ( 'NONE',  ( 0.000000000000000000, 1.000000000000000000, 0.000000000000000000 ) ) ;
#8137 = VERTEX_POINT ( 'NONE', #7635 ) ;
#8138 = CC_DESIGN_APPROVAL ( #7527, ( #2525 ) ) ;
#8139 = ORIENTED_EDGE ( 'NONE', *, *, #1935, .F. ) ;
#8140 = VERTEX_POINT ( 'NONE', #2421 ) ;
#8141 = CARTESIAN_POINT ( 'NONE',  ( 8.384994479999996031, 8.836984614686530293, 71.03091446592361535 ) ) ;
#8142 = ADVANCED_FACE ( 'NONE', ( #4573 ), #5524, .T. ) ;
#8143 = CARTESIAN_POINT ( 'NONE',  ( 8.884994479999997807, 7.808810843871593299, 73.46034368531317682 ) ) ;
#8144 = VERTEX_POINT ( 'NONE', #31 ) ;
#8145 = AXIS2_PLACEMENT_3D ( 'NONE', #7474, #620, #2163 ) ;
#8146 = APPROVAL ( #1232, 'UNSPECIFIED' ) ;
#8147 = CARTESIAN_POINT ( 'NONE',  ( 7.384994479999996031, 2.799999999999998934, 12.49999999999999822 ) ) ;
#8148 = ORIENTED_EDGE ( 'NONE', *, *, #50, .T. ) ;
#8149 = CARTESIAN_POINT ( 'NONE',  ( 8.884994479999999584, 7.803317138018454280, 84.20949582739402217 ) ) ;
#8150 = PLANE ( 'NONE',  #9357 ) ;
#8151 = LINE ( 'NONE', #9559, #4906 ) ;
#8152 = VECTOR ( 'NONE', #837, 1000.000000000000000 ) ;
#8153 = CIRCLE ( 'NONE', #7178, 0.8000000000000003775 ) ;
#8154 = B_SPLINE_SURFACE_WITH_KNOTS ( 'NONE', 3, 1, ( 
 ( #747, #9127 ),
 ( #2241, #4541 ),
 ( #1389, #4444 ),
 ( #7447, #5145 ),
 ( #7495, #645 ),
 ( #984, #4038 ),
 ( #2530, #3991 ) ),
 .UNSPECIFIED., .F., .F., .F.,
 ( 4, 1, 1, 1, 4 ),
 ( 2, 2 ),
 ( 0.000000000000000000, 0.3461236093643764167, 0.6311815201042988432, 0.8475817039293762623, 1.000000000000000000 ),
 ( 0.000000000000000000, 1.000000000000000000 ),
 .UNSPECIFIED. ) ;
#8155 = DIRECTION ( 'NONE',  ( -1.000000000000000000, 0.000000000000000000, -0.000000000000000000 ) ) ;
#8156 = CARTESIAN_POINT ( 'NONE',  ( 8.384994479999997807, 8.544938723348547427, 71.01714821839945557 ) ) ;
#8157 = EDGE_LOOP ( 'NONE', ( #3378, #9375, #146, #1535 ) ) ;
#8158 = CARTESIAN_POINT ( 'NONE',  ( -8.384994480000001360, 2.999999999999999112, 12.49999999999999822 ) ) ;
#8159 = VERTEX_POINT ( 'NONE', #5429 ) ;
#8160 = DIRECTION ( 'NONE',  ( 0.000000000000000000, -0.9392447055018732227, 0.3432482821321896638 ) ) ;
#8161 = DIRECTION ( 'NONE',  ( 0.000000000000000000, -1.000000000000000000, 0.000000000000000000 ) ) ;
#8162 = VERTEX_POINT ( 'NONE', #3977 ) ;
#8163 = AXIS2_PLACEMENT_3D ( 'NONE', #4923, #9555, #6287 ) ;
#8164 = AXIS2_PLACEMENT_3D ( 'NONE', #9070, #8161, #3602 ) ;
#8165 = CARTESIAN_POINT ( 'NONE',  ( 6.592101261186559924, 22.00000000000000000, -8.500000000000008882 ) ) ;
#8166 = LINE ( 'NONE', #7352, #6348 ) ;
#8167 = VERTEX_POINT ( 'NONE', #2274 ) ;
#8168 = ORIENTED_EDGE ( 'NONE', *, *, #282, .F. ) ;
#8169 = CARTESIAN_POINT ( 'NONE',  ( -7.384994479999948069, 2.000000000000000888, 33.49999999999998579 ) ) ;
#8170 = AXIS2_PLACEMENT_3D ( 'NONE', #7649, #5444, #8410 ) ;
#8171 = ORIENTED_EDGE ( 'NONE', *, *, #8565, .F. ) ;
#8172 = CARTESIAN_POINT ( 'NONE',  ( 8.884994480000001360, 9.814057820322144465, 66.15927339057918743 ) ) ;
#8173 = ORIENTED_EDGE ( 'NONE', *, *, #1323, .F. ) ;
#8174 = DIRECTION ( 'NONE',  ( -1.000000000000000000, 0.000000000000000000, 0.000000000000000000 ) ) ;
#8175 = CARTESIAN_POINT ( 'NONE',  ( 8.884994479999996031, 8.236586717719539763, 71.03087660471372544 ) ) ;
#8176 = LINE ( 'NONE', #8834, #6558 ) ;
#8177 = CYLINDRICAL_SURFACE ( 'NONE', #6234, 1.500000000000001332 ) ;
#8178 = AXIS2_PLACEMENT_3D ( 'NONE', #7098, #3292, #6353 ) ;
#8179 = CARTESIAN_POINT ( 'NONE',  ( -4.806533510917348373, 2.999999999999999556, 12.49999999999999822 ) ) ;
#8180 = DIRECTION ( 'NONE',  ( -1.000000000000000000, 1.334402673828313832E-16, -0.000000000000000000 ) ) ;
#8181 = ORIENTED_EDGE ( 'NONE', *, *, #9613, .T. ) ;
#8182 = CARTESIAN_POINT ( 'NONE',  ( 8.384994479999997807, 8.877837434530539085, 65.12122099611373471 ) ) ;
#8183 = FACE_OUTER_BOUND ( 'NONE', #1010, .T. ) ;
#8184 = CARTESIAN_POINT ( 'NONE',  ( 8.384994479999996031, 9.705395736182749644, 72.21762478274170860 ) ) ;
#8185 = ORIENTED_EDGE ( 'NONE', *, *, #6035, .F. ) ;
#8186 = CARTESIAN_POINT ( 'NONE',  ( 8.384994479999999584, 7.301259673766581137, 64.90364601892001417 ) ) ;
#8187 = FACE_OUTER_BOUND ( 'NONE', #34, .T. ) ;
#8188 = CARTESIAN_POINT ( 'NONE',  ( 8.884994479999999584, 6.726947756812507784, 65.49979053073462865 ) ) ;
#8189 = EDGE_CURVE ( 'NONE', #6472, #4177, #9213, .T. ) ;
#8190 = EDGE_CURVE ( 'NONE', #6604, #377, #171, .T. ) ;
#8191 = FACE_OUTER_BOUND ( 'NONE', #2908, .T. ) ;
#8192 = ADVANCED_FACE ( 'NONE', ( #6878 ), #6083, .T. ) ;
#8193 = DIRECTION ( 'NONE',  ( -0.5773502691896256200, -0.5773502691895937566, 0.5773502691896580385 ) ) ;
#8194 = CARTESIAN_POINT ( 'NONE',  ( 8.384994479999997807, 7.313229808146870958, 65.25476839019356134 ) ) ;
#8195 = ORIENTED_EDGE ( 'NONE', *, *, #606, .F. ) ;
#8196 = CARTESIAN_POINT ( 'NONE',  ( 8.384994479999997807, 8.881310269058662499, 65.15693644988233757 ) ) ;
#8197 = ORIENTED_EDGE ( 'NONE', *, *, #9723, .T. ) ;
#8198 = LINE ( 'NONE', #1322, #4102 ) ;
#8199 = CARTESIAN_POINT ( 'NONE',  ( 8.884994479999997807, 8.131497037614915158, 67.89544740660578270 ) ) ;
#8200 = CARTESIAN_POINT ( 'NONE',  ( 8.884994479999996031, 8.287403864709423473, 66.24602110408422107 ) ) ;
#8201 = EDGE_CURVE ( 'NONE', #9605, #6595, #5329, .T. ) ;
#8202 = VERTEX_POINT ( 'NONE', #8504 ) ;
#8203 = EDGE_CURVE ( 'NONE', #4409, #5671, #6131, .T. ) ;
#8204 = CARTESIAN_POINT ( 'NONE',  ( -9.134994480000001360, 5.499038105676656407, 12.49999999999999822 ) ) ;
#8205 = DIRECTION ( 'NONE',  ( -1.224646799147353454E-16, 1.000000000000000000, 0.000000000000000000 ) ) ;
#8206 = VERTEX_POINT ( 'NONE', #4719 ) ;
#8207 = CARTESIAN_POINT ( 'NONE',  ( 7.384994479999996031, 20.50000000000002487, 138.0000000000000000 ) ) ;
#8208 = ORIENTED_EDGE ( 'NONE', *, *, #5803, .T. ) ;
#8209 = PLANE ( 'NONE',  #7824 ) ;
#8210 = DIRECTION ( 'NONE',  ( -0.7071067811865449082, -0.7071067811865501263, 3.864628708319239152E-14 ) ) ;
#8211 = ORIENTED_EDGE ( 'NONE', *, *, #4952, .T. ) ;
#8212 = CARTESIAN_POINT ( 'NONE',  ( 8.384994479999996031, 10.27053457559473060, 86.86309457549742774 ) ) ;
#8213 = PLANE ( 'NONE',  #8339 ) ;
#8214 = B_SPLINE_CURVE_WITH_KNOTS ( 'NONE', 3,
 ( #1437, #7442, #2784, #4342, #7391, #3650, #4485, #9771, #3601, #3704, #6741, #9817, #535, #2936, #5992, #9069, #8864, #2183, #3500 ),
 .UNSPECIFIED., .F., .F.,
 ( 4, 1, 1, 1, 1, 1, 1, 1, 1, 1, 1, 1, 1, 1, 1, 1, 4 ),
 ( 0.000000000000000000, 0.09220052324982468128, 0.1776562063346656950, 0.2567326390896453869, 0.3301772571831202430, 0.3980629730222468021, 0.4609948825589312293, 0.5197313822480142953, 0.5755274482039769435, 0.6291144651776321428, 0.6812540318781465931, 0.7324976518742669640, 0.7837920024692954790, 0.8356233109393965686, 0.8883787615860627707, 0.9430077855801572984, 1.000000000000000000 ),
 .UNSPECIFIED. ) ;
#8215 = DIRECTION ( 'NONE',  ( 0.7071067811865474617, -0.7071067811865474617, 0.000000000000000000 ) ) ;
#8216 = VECTOR ( 'NONE', #5034, 1000.000000000000000 ) ;
#8217 = EDGE_LOOP ( 'NONE', ( #1092, #4092, #1776, #2886 ) ) ;
#8218 = CARTESIAN_POINT ( 'NONE',  ( 8.384994479999997807, 8.790013062457036952, 86.10483752327857587 ) ) ;
#8219 = ORIENTED_EDGE ( 'NONE', *, *, #2483, .F. ) ;
#8220 = ORIENTED_EDGE ( 'NONE', *, *, #2311, .F. ) ;
#8221 = LINE ( 'NONE', #8368, #3658 ) ;
#8222 = LINE ( 'NONE', #7557, #1970 ) ;
#8223 = LINE ( 'NONE', #8423, #9136 ) ;
#8224 = CARTESIAN_POINT ( 'NONE',  ( 8.384994479999997807, 8.131497037614915158, 67.89544740660578270 ) ) ;
#8225 = AXIS2_PLACEMENT_3D ( 'NONE', #6753, #5256, #3813 ) ;
#8226 = LINE ( 'NONE', #8935, #8400 ) ;
#8227 = ORIENTED_EDGE ( 'NONE', *, *, #2420, .T. ) ;
#8228 = AXIS2_PLACEMENT_3D ( 'NONE', #7636, #1671, #828 ) ;
#8229 = DIRECTION ( 'NONE',  ( -1.445602896647339656E-16, 1.541317137903094433E-32, -1.000000000000000000 ) ) ;
#8230 = ORIENTED_EDGE ( 'NONE', *, *, #4139, .F. ) ;
#8231 = CARTESIAN_POINT ( 'NONE',  ( 7.384994479999996031, 21.49999999999997158, 138.0000000000000000 ) ) ;
#8232 = CARTESIAN_POINT ( 'NONE',  ( -2.884994479999994699, 22.00100000000000122, -30.00000000000000000 ) ) ;
#8233 = CARTESIAN_POINT ( 'NONE',  ( 8.884994479999997807, 6.702458179608773214, 74.05961804512222102 ) ) ;
#8234 = ORIENTED_EDGE ( 'NONE', *, *, #1019, .T. ) ;
#8235 = CARTESIAN_POINT ( 'NONE',  ( -2.884994480000013795, 22.00100000000000122, 73.49999999999998579 ) ) ;
#8236 = CARTESIAN_POINT ( 'NONE',  ( 8.884994479999997807, 9.145653646522500679, 72.72277524247130032 ) ) ;
#8237 =( BOUNDED_CURVE ( )  B_SPLINE_CURVE ( 3, ( #7457, #2846, #3716, #9886 ),
 .UNSPECIFIED., .F., .T. ) 
 B_SPLINE_CURVE_WITH_KNOTS ( ( 4, 4 ),
 ( 0.000000000000000000, 1.570796326794898778 ),
 .UNSPECIFIED. ) 
 CURVE ( )  GEOMETRIC_REPRESENTATION_ITEM ( )  RATIONAL_B_SPLINE_CURVE ( ( 1.000000000000000000, 0.8047378541243644934, 0.8047378541243644934, 1.000000000000000000 ) ) 
 REPRESENTATION_ITEM ( '' )  );
#8238 = DIRECTION ( 'NONE',  ( 0.000000000000000000, 0.000000000000000000, -1.000000000000000000 ) ) ;
#8239 = FACE_OUTER_BOUND ( 'NONE', #5210, .T. ) ;
#8240 = DIRECTION ( 'NONE',  ( -1.000000000000000000, 1.334402673828313832E-16, -0.000000000000000000 ) ) ;
#8241 = EDGE_LOOP ( 'NONE', ( #4386, #7205, #9773, #6851 ) ) ;
#8242 = CARTESIAN_POINT ( 'NONE',  ( 8.384994479999994255, 7.442473577302816778, 70.58235787010094953 ) ) ;
#8243 = ORIENTED_EDGE ( 'NONE', *, *, #7997, .T. ) ;
#8244 = LINE ( 'NONE', #5931, #2497 ) ;
#8245 = CARTESIAN_POINT ( 'NONE',  ( -2.384994479999930750, 2.000000000000000000, 72.99999999999992895 ) ) ;
#8246 = ADVANCED_FACE ( 'NONE', ( #3219 ), #7027, .F. ) ;
#8247 = CARTESIAN_POINT ( 'NONE',  ( 8.884994479999999584, 8.166911527174056218, 66.31669202837817068 ) ) ;
#8248 = VERTEX_POINT ( 'NONE', #6276 ) ;
#8249 = AXIS2_PLACEMENT_3D ( 'NONE', #2514, #2565, #6323 ) ;
#8250 = EDGE_LOOP ( 'NONE', ( #7140, #6651, #3437, #1235 ) ) ;
#8251 = DIRECTION ( 'NONE',  ( -0.5773502691896057470, 0.5773502691896347239, -0.5773502691896369443 ) ) ;
#8252 = CARTESIAN_POINT ( 'NONE',  ( -2.884994479999992922, 2.000000000000000444, -45.50000000000000000 ) ) ;
#8253 = ORIENTED_EDGE ( 'NONE', *, *, #3464, .T. ) ;
#8254 = EDGE_CURVE ( 'NONE', #4233, #1296, #4670, .T. ) ;
#8255 = EDGE_CURVE ( 'NONE', #7837, #2519, #1527, .T. ) ;
#8256 = ORIENTED_EDGE ( 'NONE', *, *, #4748, .T. ) ;
#8257 = EDGE_CURVE ( 'NONE', #393, #6201, #6231, .T. ) ;
#8258 = VECTOR ( 'NONE', #7791, 1000.000000000000000 ) ;
#8259 = LINE ( 'NONE', #2884, #3509 ) ;
#8260 = CARTESIAN_POINT ( 'NONE',  ( 8.884994479999999584, 9.777909967446671402, 86.51752888276399744 ) ) ;
#8261 = VERTEX_POINT ( 'NONE', #8548 ) ;
#8262 = CARTESIAN_POINT ( 'NONE',  ( 8.884994479999997807, 9.698829978653909833, 64.10244406675683138 ) ) ;
#8263 = LINE ( 'NONE', #9719, #1446 ) ;
#8264 = EDGE_CURVE ( 'NONE', #9240, #5543, #7785, .T. ) ;
#8265 = CARTESIAN_POINT ( 'NONE',  ( 8.884994479999997807, 7.461402735897596727, 71.40908193619017652 ) ) ;
#8266 = VERTEX_POINT ( 'NONE', #4216 ) ;
#8267 = ORIENTED_EDGE ( 'NONE', *, *, #1869, .T. ) ;
#8268 = DIRECTION ( 'NONE',  ( 0.000000000000000000, 1.000000000000000000, 0.000000000000000000 ) ) ;
#8269 = FACE_OUTER_BOUND ( 'NONE', #6968, .T. ) ;
#8270 = ORIENTED_EDGE ( 'NONE', *, *, #3111, .T. ) ;
#8271 = ORIENTED_EDGE ( 'NONE', *, *, #956, .F. ) ;
#8272 = ADVANCED_FACE ( 'NONE', ( #1961 ), #6340, .F. ) ;
#8273 = ORIENTED_EDGE ( 'NONE', *, *, #5247, .T. ) ;
#8274 = AXIS2_PLACEMENT_3D ( 'NONE', #7797, #5491, #8561 ) ;
#8275 = DIRECTION ( 'NONE',  ( -1.000000000000000000, 1.334402673828313832E-16, -0.000000000000000000 ) ) ;
#8276 = DIRECTION ( 'NONE',  ( 1.084202172485504804E-16, 1.000000000000000000, 0.000000000000000000 ) ) ;
#8277 = CARTESIAN_POINT ( 'NONE',  ( 5.384994479999996919, 22.00000000000000000, 12.49999999999999645 ) ) ;
#8278 = EDGE_CURVE ( 'NONE', #8248, #2181, #3420, .T. ) ;
#8279 = DIRECTION ( 'NONE',  ( -0.7071067811865469066, -0.7071067811865482389, 0.000000000000000000 ) ) ;
#8280 = AXIS2_PLACEMENT_3D ( 'NONE', #2740, #8055, #8919 ) ;
#8281 = AXIS2_PLACEMENT_3D ( 'NONE', #2570, #1724, #1020 ) ;
#8282 = ORIENTED_EDGE ( 'NONE', *, *, #7061, .F. ) ;
#8283 = DIRECTION ( 'NONE',  ( -8.934198159537202021E-17, 9.525736817941865835E-33, -1.000000000000000000 ) ) ;
#8284 = ADVANCED_FACE ( 'NONE', ( #5016 ), #5768, .T. ) ;
#8285 = ORIENTED_EDGE ( 'NONE', *, *, #8688, .F. ) ;
#8286 = ORIENTED_EDGE ( 'NONE', *, *, #3855, .T. ) ;
#8287 = DIRECTION ( 'NONE',  ( -1.000000000000000000, -2.319126125024811375E-18, 0.000000000000000000 ) ) ;
#8288 = CARTESIAN_POINT ( 'NONE',  ( -17.88499448000000669, 1.500000000000029310, -60.00000000000000000 ) ) ;
#8289 = CARTESIAN_POINT ( 'NONE',  ( 18.11500552000002173, -27.00000000000000000, -6.000000000000220268 ) ) ;
#8290 = ORIENTED_EDGE ( 'NONE', *, *, #3156, .T. ) ;
#8291 = VECTOR ( 'NONE', #9858, 1000.000000000000000 ) ;
#8292 = FACE_OUTER_BOUND ( 'NONE', #2984, .T. ) ;
#8293 = CARTESIAN_POINT ( 'NONE',  ( 8.384994479999999584, 7.581243662514359549, 72.55925823624390603 ) ) ;
#8294 = CARTESIAN_POINT ( 'NONE',  ( 8.884994479999997807, 6.702458179608773214, 69.36194091209999613 ) ) ;
#8295 = AXIS2_PLACEMENT_3D ( 'NONE', #1949, #6611, #304 ) ;
#8296 = CARTESIAN_POINT ( 'NONE',  ( 8.884994479999999584, 8.668855151983612117, 65.89007896149583132 ) ) ;
#8297 = CARTESIAN_POINT ( 'NONE',  ( 8.884994479999997807, 7.704046316519453264, 66.40589864127612429 ) ) ;
#8298 = VERTEX_POINT ( 'NONE', #415 ) ;
#8299 = CARTESIAN_POINT ( 'NONE',  ( 8.384994479999996031, 7.157614819010740703, 66.23437225113181626 ) ) ;
#8300 = ORIENTED_EDGE ( 'NONE', *, *, #342, .F. ) ;
#8301 = CARTESIAN_POINT ( 'NONE',  ( 7.384994479999996031, 1.999999999999999112, 137.4999999999999716 ) ) ;
#8302 = LINE ( 'NONE', #1371, #5169 ) ;
#8303 = CARTESIAN_POINT ( 'NONE',  ( 8.384994480000001360, 8.868839613694333934, 64.70556174041493591 ) ) ;
#8304 = ORIENTED_EDGE ( 'NONE', *, *, #5775, .T. ) ;
#8305 = ORIENTED_EDGE ( 'NONE', *, *, #5306, .T. ) ;
#8306 = CARTESIAN_POINT ( 'NONE',  ( 8.884994479999997807, 9.376143784910587087, 85.86071313059227350 ) ) ;
#8307 = DIRECTION ( 'NONE',  ( 0.000000000000000000, 0.9343781361812787400, -0.3562828912906144674 ) ) ;
#8308 = EDGE_CURVE ( 'NONE', #2667, #777, #1768, .T. ) ;
#8309 = EDGE_LOOP ( 'NONE', ( #4896, #6848, #3496, #2741 ) ) ;
#8310 = DIRECTION ( 'NONE',  ( 0.000000000000000000, -0.7071067811865279218, -0.7071067811865671127 ) ) ;
#8311 = CARTESIAN_POINT ( 'NONE',  ( -2.884994479999992922, 0.5000000000000003331, -44.50000000000000000 ) ) ;
#8312 = VERTEX_POINT ( 'NONE', #6428 ) ;
#8313 = LINE ( 'NONE', #4488, #9037 ) ;
#8314 = LINE ( 'NONE', #6647, #7040 ) ;
#8315 = FACE_OUTER_BOUND ( 'NONE', #6363, .T. ) ;
#8316 = VECTOR ( 'NONE', #7490, 1000.000000000000000 ) ;
#8317 = VECTOR ( 'NONE', #8180, 1000.000000000000000 ) ;
#8318 = EDGE_CURVE ( 'NONE', #9267, #5573, #6521, .T. ) ;
#8319 = EDGE_CURVE ( 'NONE', #4355, #5433, #6324, .T. ) ;
#8320 = DIRECTION ( 'NONE',  ( 0.000000000000000000, 0.000000000000000000, 1.000000000000000000 ) ) ;
#8321 = EDGE_CURVE ( 'NONE', #9365, #716, #9593, .T. ) ;
#8322 = ORIENTED_EDGE ( 'NONE', *, *, #3475, .F. ) ;
#8323 = ORIENTED_EDGE ( 'NONE', *, *, #7076, .F. ) ;
#8324 = VECTOR ( 'NONE', #9500, 1000.000000000000114 ) ;
#8325 = CARTESIAN_POINT ( 'NONE',  ( 8.384994479999996031, 7.894963373532124962, 66.39845565084715417 ) ) ;
#8326 = CARTESIAN_POINT ( 'NONE',  ( 5.778052157372931319, 21.33719017923726113, 137.8930576773729229 ) ) ;
#8327 = CARTESIAN_POINT ( 'NONE',  ( -9.384994480000001360, 2.999999999999999112, -12.50000000000000178 ) ) ;
#8328 = DIRECTION ( 'NONE',  ( 0.000000000000000000, -0.9449136500009510664, 0.3273197122720842289 ) ) ;
#8329 = CARTESIAN_POINT ( 'NONE',  ( 8.201716286890672336, 19.59360547659855101, 8.183278193109334353 ) ) ;
#8330 = VECTOR ( 'NONE', #8867, 1000.000000000000000 ) ;
#8331 = CIRCLE ( 'NONE', #5107, 0.5000000000000065503 ) ;
#8332 = ADVANCED_FACE ( 'NONE', ( #4270 ), #8032, .F. ) ;
#8333 = VERTEX_POINT ( 'NONE', #1161 ) ;
#8334 = LINE ( 'NONE', #7615, #5262 ) ;
#8335 = ORIENTED_EDGE ( 'NONE', *, *, #4799, .F. ) ;
#8336 = CARTESIAN_POINT ( 'NONE',  ( 8.884994479999997807, 10.29810433846293805, 68.72953359489767422 ) ) ;
#8337 = CARTESIAN_POINT ( 'NONE',  ( 7.384994479999996031, 1.499999999999970912, 138.0000000000000000 ) ) ;
#8338 = CARTESIAN_POINT ( 'NONE',  ( 8.384994480000001360, 9.748153035895349205, 73.21699217337794607 ) ) ;
#8339 = AXIS2_PLACEMENT_3D ( 'NONE', #4345, #538, #2240 ) ;
#8340 = VERTEX_POINT ( 'NONE', #3263 ) ;
#8341 = CARTESIAN_POINT ( 'NONE',  ( 8.884994479999999584, 6.714501005430260960, 65.28707472340786921 ) ) ;
#8342 = LINE ( 'NONE', #2359, #5820 ) ;
#8343 = EDGE_CURVE ( 'NONE', #8333, #5935, #9398, .T. ) ;
#8344 = LINE ( 'NONE', #9155, #300 ) ;
#8345 = CARTESIAN_POINT ( 'NONE',  ( 8.884994479999997807, 8.876140676423439402, 65.07842757236203113 ) ) ;
#8346 = CARTESIAN_POINT ( 'NONE',  ( 8.884994479999999584, 7.057755778121378221, 66.16231890458675480 ) ) ;
#8347 = ORIENTED_EDGE ( 'NONE', *, *, #9004, .F. ) ;
#8348 = DIRECTION ( 'NONE',  ( -4.605861719268250263E-18, 1.000000000000000000, 0.000000000000000000 ) ) ;
#8349 = ORIENTED_EDGE ( 'NONE', *, *, #910, .T. ) ;
#8350 = DIRECTION ( 'NONE',  ( -0.000000000000000000, -0.000000000000000000, 1.000000000000000000 ) ) ;
#8351 = CARTESIAN_POINT ( 'NONE',  ( 4.384994479999991590, 22.00000000000000000, -6.707106781186545241 ) ) ;
#8352 = LINE ( 'NONE', #8963, #8291 ) ;
#8353 = ORIENTED_EDGE ( 'NONE', *, *, #6347, .F. ) ;
#8354 = ORIENTED_EDGE ( 'NONE', *, *, #8679, .T. ) ;
#8355 = CARTESIAN_POINT ( 'NONE',  ( -17.38499447999998182, 2.000000000000001776, -60.00000000000000000 ) ) ;
#8356 = DIRECTION ( 'NONE',  ( 1.000000000000000000, 0.000000000000000000, 0.000000000000000000 ) ) ;
#8357 = CARTESIAN_POINT ( 'NONE',  ( 8.884994479999997807, 9.393430545289694678, 66.26905136760485959 ) ) ;
#8358 = ORIENTED_EDGE ( 'NONE', *, *, #8016, .F. ) ;
#8359 = PLANE ( 'NONE',  #9592 ) ;
#8360 = CARTESIAN_POINT ( 'NONE',  ( 8.384994479999997807, 7.988881264487286415, 84.26745004898462810 ) ) ;
#8361 = ORIENTED_EDGE ( 'NONE', *, *, #2606, .T. ) ;
#8362 = DIRECTION ( 'NONE',  ( -0.7071067811865670016, 0.7071067811865281438, -0.000000000000000000 ) ) ;
#8363 = PLANE ( 'NONE',  #2900 ) ;
#8364 = CARTESIAN_POINT ( 'NONE',  ( 8.384994479999997807, 7.755337484239077206, 71.15820770915975402 ) ) ;
#8365 = DIRECTION ( 'NONE',  ( 0.000000000000000000, 0.000000000000000000, 1.000000000000000000 ) ) ;
#8366 = CARTESIAN_POINT ( 'NONE',  ( 8.884994479999997807, 10.04499562844967997, 72.94698577921512594 ) ) ;
#8367 = VERTEX_POINT ( 'NONE', #7321 ) ;
#8368 = CARTESIAN_POINT ( 'NONE',  ( 8.884994479999997807, 8.492358160528764799, 70.32567780323519457 ) ) ;
#8369 = CARTESIAN_POINT ( 'NONE',  ( 8.384994479999996031, 8.250453602229173455, 65.22286099598592557 ) ) ;
#8370 = LINE ( 'NONE', #4404, #3519 ) ;
#8371 = EDGE_CURVE ( 'NONE', #5639, #1672, #7299, .T. ) ;
#8372 = CARTESIAN_POINT ( 'NONE',  ( 5.384994479999996919, 19.00000000000000000, 12.49999999999999645 ) ) ;
#8373 = CARTESIAN_POINT ( 'NONE',  ( -17.88499447999999248, 0.5000000000000280886, 137.4999999999999716 ) ) ;
#8374 = EDGE_CURVE ( 'NONE', #7949, #6886, #5668, .T. ) ;
#8375 = VECTOR ( 'NONE', #137, 1000.000000000000000 ) ;
#8376 = VERTEX_POINT ( 'NONE', #5576 ) ;
#8377 = CARTESIAN_POINT ( 'NONE',  ( -17.38499447999996406, 1.499999999999973799, 138.0000000000000000 ) ) ;
#8378 = ORIENTED_EDGE ( 'NONE', *, *, #2847, .T. ) ;
#8379 = VECTOR ( 'NONE', #9481, 1000.000000000000114 ) ;
#8380 = CARTESIAN_POINT ( 'NONE',  ( -17.88499447999999248, 0.5000000000000281997, 126.0000000000000000 ) ) ;
#8381 = CARTESIAN_POINT ( 'NONE',  ( 4.738547870593263767, 19.00000000000000000, -6.853553390593266847 ) ) ;
#8382 = CARTESIAN_POINT ( 'NONE',  ( 8.884994479999996031, 9.448129211150888551, 72.58635315038070246 ) ) ;
#8383 = EDGE_CURVE ( 'NONE', #6930, #8598, #9493, .T. ) ;
#8384 = ADVANCED_FACE ( 'NONE', ( #1057 ), #1912, .T. ) ;
#8385 = ORIENTED_EDGE ( 'NONE', *, *, #5507, .T. ) ;
#8386 = EDGE_CURVE ( 'NONE', #6116, #1059, #4068, .T. ) ;
#8387 = B_SPLINE_SURFACE_WITH_KNOTS ( 'NONE', 3, 1, ( 
 ( #2996, #1543 ),
 ( #889, #8472 ),
 ( #5455, #7602 ),
 ( #9825, #1596 ),
 ( #4644, #7703 ) ),
 .UNSPECIFIED., .F., .F., .F.,
 ( 4, 1, 4 ),
 ( 2, 2 ),
 ( 0.000000000000000000, 0.4976074407767995811, 1.000000000000000000 ),
 ( 0.000000000000000000, 1.000000000000000000 ),
 .UNSPECIFIED. ) ;
#8388 = EDGE_CURVE ( 'NONE', #3673, #7065, #5624, .T. ) ;
#8389 = CARTESIAN_POINT ( 'NONE',  ( 7.384994479999996031, 3.800000000000000711, 8.022180064409830836E-32 ) ) ;
#8390 = CARTESIAN_POINT ( 'NONE',  ( 8.384994479999997807, 7.782308469416938657, 72.68288374018547415 ) ) ;
#8391 = EDGE_CURVE ( 'NONE', #2946, #8826, #4118, .T. ) ;
#8392 = CARTESIAN_POINT ( 'NONE',  ( -8.884994480000001360, 0.000000000000000000, -60.00000000000000000 ) ) ;
#8393 = CARTESIAN_POINT ( 'NONE',  ( 8.884994480000001360, 7.319517435441284192, 73.24750477250874781 ) ) ;
#8394 = DIRECTION ( 'NONE',  ( -4.505775262277422587E-16, -1.044946112423809267E-33, -1.000000000000000000 ) ) ;
#8395 = CARTESIAN_POINT ( 'NONE',  ( 8.384994479999999584, 6.718361105531589494, 72.24094555572590082 ) ) ;
#8396 = ORIENTED_EDGE ( 'NONE', *, *, #7071, .F. ) ;
#8397 = ADVANCED_FACE ( 'NONE', ( #565 ), #8947, .T. ) ;
#8398 = LINE ( 'NONE', #1620, #4945 ) ;
#8399 = ORIENTED_EDGE ( 'NONE', *, *, #8517, .T. ) ;
#8400 = VECTOR ( 'NONE', #4957, 1000.000000000000000 ) ;
#8401 = DIRECTION ( 'NONE',  ( 0.7071067811865668906, -7.539247484201936388E-17, 0.7071067811865282549 ) ) ;
#8402 = LINE ( 'NONE', #2325, #5008 ) ;
#8403 = EDGE_LOOP ( 'NONE', ( #1189, #7705, #5064, #9533, #4701, #6628, #9882, #8185, #4027, #8960, #740 ) ) ;
#8404 = DIRECTION ( 'NONE',  ( -1.000000000000000000, -1.034421358364930004E-16, 0.000000000000000000 ) ) ;
#8405 = DIRECTION ( 'NONE',  ( 1.334402673828313832E-16, 1.000000000000000000, 0.000000000000000000 ) ) ;
#8406 = DIRECTION ( 'NONE',  ( -0.5773502691896367223, -0.5773502691896044148, -0.5773502691896363892 ) ) ;
#8407 = VERTEX_POINT ( 'NONE', #4551 ) ;
#8408 = EDGE_CURVE ( 'NONE', #9605, #3935, #5068, .T. ) ;
#8409 = CARTESIAN_POINT ( 'NONE',  ( -16.38499448000000314, 4.199999999999997513, 12.49999999999999822 ) ) ;
#8410 = DIRECTION ( 'NONE',  ( 0.000000000000000000, 0.9360758496681034213, 0.3517982428440175058 ) ) ;
#8411 = ORIENTED_EDGE ( 'NONE', *, *, #6240, .F. ) ;
#8412 = CARTESIAN_POINT ( 'NONE',  ( -7.884994480000007577, 0.5000000000000003331, 85.50000000000001421 ) ) ;
#8413 = LINE ( 'NONE', #9323, #35 ) ;
#8414 = VECTOR ( 'NONE', #2339, 1000.000000000000000 ) ;
#8415 = CARTESIAN_POINT ( 'NONE',  ( 8.384994479999997807, 7.411921210749424560, 71.48524101343147663 ) ) ;
#8416 = DIRECTION ( 'NONE',  ( -4.505775262277422587E-16, -1.044946112423809267E-33, -1.000000000000000000 ) ) ;
#8417 = CARTESIAN_POINT ( 'NONE',  ( 8.884994479999997807, 9.744928006331527115, 71.94198989868165484 ) ) ;
#8418 = VECTOR ( 'NONE', #5187, 1000.000000000000000 ) ;
#8419 = ORIENTED_EDGE ( 'NONE', *, *, #9849, .F. ) ;
#8420 = ORIENTED_EDGE ( 'NONE', *, *, #6292, .F. ) ;
#8421 = DIRECTION ( 'NONE',  ( -2.478074198696248583E-16, -0.7071067811865280328, 0.7071067811865670016 ) ) ;
#8422 = CARTESIAN_POINT ( 'NONE',  ( 6.592101261186540384, 19.99999999999999645, 8.500000000000005329 ) ) ;
#8423 = CARTESIAN_POINT ( 'NONE',  ( -3.384994480000097283, 1.499999999999941602, 73.49999999999998579 ) ) ;
#8424 = FACE_OUTER_BOUND ( 'NONE', #2370, .T. ) ;
#8425 = DIRECTION ( 'NONE',  ( 1.334402673828314079E-16, 1.000000000000000000, 0.000000000000000000 ) ) ;
#8426 = VECTOR ( 'NONE', #8307, 1000.000000000000000 ) ;
#8427 = ORIENTED_EDGE ( 'NONE', *, *, #8634, .T. ) ;
#8428 = ORIENTED_EDGE ( 'NONE', *, *, #1655, .F. ) ;
#8429 = LINE ( 'NONE', #4356, #1251 ) ;
#8430 = ORIENTED_EDGE ( 'NONE', *, *, #472, .F. ) ;
#8431 = EDGE_CURVE ( 'NONE', #412, #1354, #6820, .T. ) ;
#8432 = LINE ( 'NONE', #5211, #3809 ) ;
#8433 = CARTESIAN_POINT ( 'NONE',  ( 8.884994479999997807, 8.631971654606608979, 65.81833350976921793 ) ) ;
#8434 = CARTESIAN_POINT ( 'NONE',  ( 8.384994479999999584, 9.319370343175988225, 73.40384155712773406 ) ) ;
#8435 = CARTESIAN_POINT ( 'NONE',  ( 8.384994480000001360, 6.714501005430260960, 65.28707472340786921 ) ) ;
#8436 = LINE ( 'NONE', #865, #7258 ) ;
#8437 = VECTOR ( 'NONE', #9909, 1000.000000000000114 ) ;
#8438 = ADVANCED_FACE ( 'NONE', ( #9748 ), #6670, .F. ) ;
#8439 = EDGE_CURVE ( 'NONE', #6936, #2871, #5922, .T. ) ;
#8440 = EDGE_CURVE ( 'NONE', #1829, #4422, #6575, .T. ) ;
#8441 = LINE ( 'NONE', #394, #8004 ) ;
#8442 = CARTESIAN_POINT ( 'NONE',  ( 8.884994480000001360, 7.128604640675374249, 73.09836793652942788 ) ) ;
#8443 = EDGE_CURVE ( 'NONE', #979, #6186, #3529, .T. ) ;
#8444 = VECTOR ( 'NONE', #9324, 1000.000000000000000 ) ;
#8445 = DIRECTION ( 'NONE',  ( -0.000000000000000000, 0.7071067811865296981, -0.7071067811865653363 ) ) ;
#8446 = CARTESIAN_POINT ( 'NONE',  ( 8.884994479999996031, 7.429505706103875617, 73.31045865170196407 ) ) ;
#8447 = ORIENTED_EDGE ( 'NONE', *, *, #4097, .F. ) ;
#8448 = AXIS2_PLACEMENT_3D ( 'NONE', #5685, #1735, #8761 ) ;
#8449 = DIRECTION ( 'NONE',  ( -1.000000000000000000, 1.334402673828313832E-16, -0.000000000000000000 ) ) ;
#8450 = VERTEX_POINT ( 'NONE', #2762 ) ;
#8451 = CARTESIAN_POINT ( 'NONE',  ( 8.884994479999997807, 6.702458179608773214, 64.62824969495466121 ) ) ;
#8452 = DIRECTION ( 'NONE',  ( 1.000000000000000000, 0.000000000000000000, 0.000000000000000000 ) ) ;
#8453 = ORIENTED_EDGE ( 'NONE', *, *, #4325, .T. ) ;
#8454 = VECTOR ( 'NONE', #8807, 1000.000000000000000 ) ;
#8455 = EDGE_CURVE ( 'NONE', #9474, #3451, #7665, .T. ) ;
#8456 = ORIENTED_EDGE ( 'NONE', *, *, #1857, .T. ) ;
#8457 = CARTESIAN_POINT ( 'NONE',  ( 8.884994479999997807, 8.008435176124612198, 72.76091647633330695 ) ) ;
#8458 = CARTESIAN_POINT ( 'NONE',  ( 8.884994479999997807, 7.324061271574146659, 65.33196489872078416 ) ) ;
#8459 = EDGE_CURVE ( 'NONE', #7183, #6899, #8135, .T. ) ;
#8460 = CARTESIAN_POINT ( 'NONE',  ( 8.384994479999997807, 8.895001747978417583, 65.24792348902897743 ) ) ;
#8461 = ORIENTED_EDGE ( 'NONE', *, *, #1948, .F. ) ;
#8462 = VECTOR ( 'NONE', #4306, 1000.000000000000114 ) ;
#8463 = CARTESIAN_POINT ( 'NONE',  ( 4.384994479999991590, 19.00000000000000000, -7.207106781186551459 ) ) ;
#8464 = CARTESIAN_POINT ( 'NONE',  ( 8.884994480000001360, 9.094128112734543024, 70.38617134842061773 ) ) ;
#8465 = ORIENTED_EDGE ( 'NONE', *, *, #353, .T. ) ;
#8466 = DIRECTION ( 'NONE',  ( 0.7071067811865462405, 0.7071067811865489050, 0.000000000000000000 ) ) ;
#8467 = LINE ( 'NONE', #6986, #7223 ) ;
#8468 = DIRECTION ( 'NONE',  ( -1.000000000000000000, 0.000000000000000000, -0.000000000000000000 ) ) ;
#8470 = EDGE_LOOP ( 'NONE', ( #2836, #1079, #5984, #6783 ) ) ;
#8469 = B_SPLINE_CURVE_WITH_KNOTS ( 'NONE', 3,
 ( #3501, #8720, #2736, #3341, #6447, #6548, #3554, #4095, #7347, #6405, #6599 ),
 .UNSPECIFIED., .F., .F.,
 ( 4, 1, 1, 1, 1, 1, 1, 1, 4 ),
 ( 0.000000000000000000, 0.05424288010384611253, 0.1282398849542263908, 0.2220811098596083555, 0.3368748928824449318, 0.4726021059892409615, 0.6281751862151013777, 0.8036077172877540420, 1.000000000000000000 ),
 .UNSPECIFIED. ) ;
#8471 = APPROVAL_PERSON_ORGANIZATION ( #3339, #9752, #2734 ) ;
#8472 = CARTESIAN_POINT ( 'NONE',  ( 8.384994479999997807, 7.803317138018454280, 84.20949582739402217 ) ) ;
#8473 = DIRECTION ( 'NONE',  ( -1.000000000000000000, 0.000000000000000000, 0.000000000000000000 ) ) ;
#8474 = ORIENTED_EDGE ( 'NONE', *, *, #5432, .F. ) ;
#8475 = VERTEX_POINT ( 'NONE', #8373 ) ;
#8476 = DIRECTION ( 'NONE',  ( -1.000000000000000000, 1.334402673828313832E-16, -0.000000000000000000 ) ) ;
#8477 = LINE ( 'NONE', #5301, #5971 ) ;
#8478 = PLANE ( 'NONE',  #5436 ) ;
#8479 = VECTOR ( 'NONE', #8112, 999.9999999999998863 ) ;
#8480 = VECTOR ( 'NONE', #2499, 1000.000000000000000 ) ;
#8481 = DIRECTION ( 'NONE',  ( -0.000000000000000000, 0.000000000000000000, 1.000000000000000000 ) ) ;
#8482 = DIRECTION ( 'NONE',  ( 0.000000000000000000, 0.7071067811865671127, -0.7071067811865279218 ) ) ;
#8483 = VECTOR ( 'NONE', #6193, 1000.000000000000000 ) ;
#8484 = ORIENTED_EDGE ( 'NONE', *, *, #8060, .T. ) ;
#8485 = VECTOR ( 'NONE', #1958, 1000.000000000000114 ) ;
#8486 = ORIENTED_EDGE ( 'NONE', *, *, #7515, .F. ) ;
#8487 = CARTESIAN_POINT ( 'NONE',  ( 8.384994479999994255, 9.277202441653084719, 72.68189784358770567 ) ) ;
#8488 = VERTEX_POINT ( 'NONE', #3867 ) ;
#8489 = DIRECTION ( 'NONE',  ( -1.334402673828313832E-16, -1.000000000000000000, 0.000000000000000000 ) ) ;
#8490 = CARTESIAN_POINT ( 'NONE',  ( 8.384994479999997807, 7.782308469416938657, 72.68288374018547415 ) ) ;
#8491 = CARTESIAN_POINT ( 'NONE',  ( 8.384994479999996031, 8.595857222006182852, 71.01806812869700991 ) ) ;
#8492 = DIRECTION ( 'NONE',  ( -1.000000000000000000, 0.000000000000000000, 0.000000000000000000 ) ) ;
#8493 = VECTOR ( 'NONE', #8328, 1000.000000000000227 ) ;
#8494 = VECTOR ( 'NONE', #5504, 1000.000000000000000 ) ;
#8495 = CARTESIAN_POINT ( 'NONE',  ( 8.384994479999996031, 7.479225660329672287, 72.45795528885068393 ) ) ;
#8496 = CARTESIAN_POINT ( 'NONE',  ( -9.884994480000003136, 5.699999999999998401, -60.00000000000000000 ) ) ;
#8497 = VECTOR ( 'NONE', #1518, 1000.000000000000000 ) ;
#8498 = CARTESIAN_POINT ( 'NONE',  ( 8.384994479999999584, 6.726947756812507784, 65.49979053073462865 ) ) ;
#8499 = CARTESIAN_POINT ( 'NONE',  ( 8.884994479999996031, 7.266989667895223270, 66.29566021051975611 ) ) ;
#8500 = ORIENTED_EDGE ( 'NONE', *, *, #163, .F. ) ;
#8501 = CARTESIAN_POINT ( 'NONE',  ( 10.38499447999999603, 1.500000000000000000, -59.50000000000000000 ) ) ;
#8502 = ORIENTED_EDGE ( 'NONE', *, *, #910, .F. ) ;
#8503 = EDGE_CURVE ( 'NONE', #9267, #5796, #57, .T. ) ;
#8504 = CARTESIAN_POINT ( 'NONE',  ( 7.384994479999996031, 1.999999999999999112, 7.699999999999998401 ) ) ;
#8505 = ADVANCED_FACE ( 'NONE', ( #8187 ), #1504, .T. ) ;
#8506 = CARTESIAN_POINT ( 'NONE',  ( 8.384994479999996031, 2.999999999999999112, -13.30000000000000604 ) ) ;
#8507 = EDGE_LOOP ( 'NONE', ( #2540, #7936, #3757, #3066 ) ) ;
#8508 = EDGE_CURVE ( 'NONE', #9365, #6720, #2347, .T. ) ;
#8509 = ORIENTED_EDGE ( 'NONE', *, *, #8121, .F. ) ;
#8510 = DIRECTION ( 'NONE',  ( -0.7071067811865482389, 0.7071067811865469066, 0.000000000000000000 ) ) ;
#8511 = DIRECTION ( 'NONE',  ( 0.000000000000000000, 0.7071067811865279218, -0.7071067811865671127 ) ) ;
#8512 = CARTESIAN_POINT ( 'NONE',  ( 8.884994479999997807, 9.718016929060709685, 66.20897947800146710 ) ) ;
#8513 = ORIENTED_EDGE ( 'NONE', *, *, #5328, .F. ) ;
#8514 = LINE ( 'NONE', #3137, #5261 ) ;
#8515 = CARTESIAN_POINT ( 'NONE',  ( 8.884994479999997807, 8.492358160528764799, 70.32567780323519457 ) ) ;
#8516 = VERTEX_POINT ( 'NONE', #3816 ) ;
#8517 = EDGE_CURVE ( 'NONE', #8450, #901, #4110, .T. ) ;
#8518 = DIRECTION ( 'NONE',  ( 0.000000000000000000, 0.7133623650556429885, 0.7007953596608780256 ) ) ;
#8519 = EDGE_CURVE ( 'NONE', #2616, #6303, #9697, .T. ) ;
#8520 = DIRECTION ( 'NONE',  ( -0.5773502691896578165, -0.5773502691896257311, 0.5773502691895937566 ) ) ;
#8521 = LINE ( 'NONE', #6199, #1560 ) ;
#8522 = DIRECTION ( 'NONE',  ( 0.000000000000000000, 0.000000000000000000, -1.000000000000000000 ) ) ;
#8523 = EDGE_CURVE ( 'NONE', #3399, #7607, #9237, .T. ) ;
#8524 = DIRECTION ( 'NONE',  ( 1.000000000000000000, 0.000000000000000000, 0.000000000000000000 ) ) ;
#8525 = CARTESIAN_POINT ( 'NONE',  ( 8.384994479999997807, 6.702458179608773214, 71.96575919420291712 ) ) ;
#8526 = ORIENTED_EDGE ( 'NONE', *, *, #1930, .F. ) ;
#8527 = CARTESIAN_POINT ( 'NONE',  ( -9.384994480000001360, 0.4999999999999998890, -12.50000000000000355 ) ) ;
#8528 = CARTESIAN_POINT ( 'NONE',  ( 8.384994479999996031, 8.190783126300978267, 65.46744267034632969 ) ) ;
#8529 = CARTESIAN_POINT ( 'NONE',  ( 8.884994479999997807, 6.702458179608773214, 64.62824969495466121 ) ) ;
#8530 = VECTOR ( 'NONE', #6439, 1000.000000000000000 ) ;
#8531 = DIRECTION ( 'NONE',  ( 1.375019570461159196E-16, 1.000000000000000000, 0.000000000000000000 ) ) ;
#8532 = DIRECTION ( 'NONE',  ( 0.000000000000000000, -0.8422314351408967115, 0.5391161374513895321 ) ) ;
#8533 = ORIENTED_EDGE ( 'NONE', *, *, #4990, .F. ) ;
#8534 = CARTESIAN_POINT ( 'NONE',  ( 8.384994479999992478, 9.394260182654946334, 72.62172777762989995 ) ) ;
#8535 = ORIENTED_EDGE ( 'NONE', *, *, #1129, .F. ) ;
#8536 = FACE_OUTER_BOUND ( 'NONE', #6261, .T. ) ;
#8537 = CARTESIAN_POINT ( 'NONE',  ( -2.884994480000008910, 1.499999999999942268, 34.00000000000004263 ) ) ;
#8538 = CARTESIAN_POINT ( 'NONE',  ( 8.384994479999996031, 9.675934835709519177, 71.56829491525647313 ) ) ;
#8539 = DIRECTION ( 'NONE',  ( 0.000000000000000000, 0.000000000000000000, -1.000000000000000000 ) ) ;
#8540 = CARTESIAN_POINT ( 'NONE',  ( 8.884994479999997807, 9.007064742638609900, 65.46664908405571737 ) ) ;
#8541 = AXIS2_PLACEMENT_3D ( 'NONE', #2366, #5422, #9392 ) ;
#8542 = FACE_OUTER_BOUND ( 'NONE', #7319, .T. ) ;
#8543 = DIRECTION ( 'NONE',  ( -1.000000000000000000, 1.334402673828313832E-16, -0.000000000000000000 ) ) ;
#8544 = CARTESIAN_POINT ( 'NONE',  ( 8.384994479999996031, 6.745461655237040333, 65.63601254147259567 ) ) ;
#8545 = ORIENTED_EDGE ( 'NONE', *, *, #2807, .F. ) ;
#8546 = DIRECTION ( 'NONE',  ( -1.000000000000000000, 1.334402673828313832E-16, -0.000000000000000000 ) ) ;
#8547 = DIRECTION ( 'NONE',  ( 0.000000000000000000, 1.000000000000000000, 0.000000000000000000 ) ) ;
#8548 = CARTESIAN_POINT ( 'NONE',  ( 8.884994479999997807, 7.988881264487286415, 84.26745004898462810 ) ) ;
#8549 = DIRECTION ( 'NONE',  ( -0.7071067811865474617, 0.000000000000000000, -0.7071067811865474617 ) ) ;
#8550 = AXIS2_PLACEMENT_3D ( 'NONE', #8232, #2262, #511 ) ;
#8551 = ORIENTED_EDGE ( 'NONE', *, *, #6774, .F. ) ;
#8552 = VERTEX_POINT ( 'NONE', #5867 ) ;
#8553 = CARTESIAN_POINT ( 'NONE',  ( 8.384994479999999584, -0.001000000000001000089, 8.000000000000005329 ) ) ;
#8554 = CARTESIAN_POINT ( 'NONE',  ( 8.884994479999999584, 6.726947756812507784, 65.49979053073462865 ) ) ;
#8555 = CARTESIAN_POINT ( 'NONE',  ( -2.884994479999992922, 0.5000000000000003331, -44.50000000000000000 ) ) ;
#8556 = AXIS2_PLACEMENT_3D ( 'NONE', #355, #1003, #1708 ) ;
#8557 = ORIENTED_EDGE ( 'NONE', *, *, #1689, .F. ) ;
#8558 = EDGE_CURVE ( 'NONE', #3508, #7129, #1312, .T. ) ;
#8559 = CARTESIAN_POINT ( 'NONE',  ( 9.884994479999967609, 1.707106781186563005, 138.0000000000000000 ) ) ;
#8560 = ORIENTED_EDGE ( 'NONE', *, *, #2913, .T. ) ;
#8561 = DIRECTION ( 'NONE',  ( 0.000000000000000000, 0.000000000000000000, 1.000000000000000000 ) ) ;
#8562 = CARTESIAN_POINT ( 'NONE',  ( -3.384994480000092398, 0.5000000000000559552, 33.49999999999998579 ) ) ;
#8563 = CARTESIAN_POINT ( 'NONE',  ( 8.884994479999997807, 9.698829978653909833, 64.10244406675683138 ) ) ;
#8564 = CARTESIAN_POINT ( 'NONE',  ( 8.002706914446797271, 19.78640406174548616, 8.382287565553207642 ) ) ;
#8565 = EDGE_CURVE ( 'NONE', #6186, #2478, #6157, .T. ) ;
#8566 = ADVANCED_FACE ( 'NONE', ( #465 ), #5354, .T. ) ;
#8567 = CARTESIAN_POINT ( 'NONE',  ( 8.884994479999997807, 10.29810433846293805, 86.87342917613494819 ) ) ;
#8568 = EDGE_CURVE ( 'NONE', #4451, #4429, #7907, .T. ) ;
#8569 = CARTESIAN_POINT ( 'NONE',  ( -9.884994480000003136, 5.699999999999998401, -60.00000000000000000 ) ) ;
#8570 = ORIENTED_EDGE ( 'NONE', *, *, #2848, .F. ) ;
#8571 = EDGE_CURVE ( 'NONE', #8376, #4396, #8673, .T. ) ;
#8572 = DIRECTION ( 'NONE',  ( 7.539247484201921597E-17, 0.7071067811865654473, 0.7071067811865296981 ) ) ;
#8573 = CARTESIAN_POINT ( 'NONE',  ( 8.884994480000003136, 8.152973638178949045, 65.53251543318918948 ) ) ;
#8574 = DIRECTION ( 'NONE',  ( 0.000000000000000000, 0.000000000000000000, -1.000000000000000000 ) ) ;
#8575 = ORIENTED_EDGE ( 'NONE', *, *, #8634, .F. ) ;
#8576 = LINE ( 'NONE', #1743, #7194 ) ;
#8577 = CARTESIAN_POINT ( 'NONE',  ( 8.384994479999999584, 6.726947756812507784, 65.49979053073462865 ) ) ;
#8578 = EDGE_CURVE ( 'NONE', #17, #751, #6315, .T. ) ;
#8579 = CARTESIAN_POINT ( 'NONE',  ( 9.884994479999967609, 21.29289321881343966, 138.0000000000000000 ) ) ;
#8580 = EDGE_LOOP ( 'NONE', ( #5126, #8800, #2952, #1090 ) ) ;
#8581 = FACE_OUTER_BOUND ( 'NONE', #8660, .T. ) ;
#8582 = CARTESIAN_POINT ( 'NONE',  ( 8.384994479999997807, 7.709207901860759549, 72.64483537806856361 ) ) ;
#8583 = LINE ( 'NONE', #4802, #4311 ) ;
#8584 = AXIS2_PLACEMENT_3D ( 'NONE', #1484, #9218, #737 ) ;
#8585 = CARTESIAN_POINT ( 'NONE',  ( 8.384994479999994255, 8.131497037614915158, 68.83901641063201282 ) ) ;
#8586 = DIRECTION ( 'NONE',  ( 0.000000000000000000, 0.000000000000000000, 1.000000000000000000 ) ) ;
#8587 = ADVANCED_FACE ( 'NONE', ( #3345 ), #2451, .F. ) ;
#8588 = CARTESIAN_POINT ( 'NONE',  ( -7.384994479999980932, 2.000000000000000888, 74.00000000000007105 ) ) ;
#8589 = DIRECTION ( 'NONE',  ( -0.7071067811865275887, 9.722856625372721100E-17, 0.7071067811865675568 ) ) ;
#8590 = CARTESIAN_POINT ( 'NONE',  ( 8.384994480000001360, 6.733243380841571479, 65.54611262586682585 ) ) ;
#8591 = VERTEX_POINT ( 'NONE', #9424 ) ;
#8592 = AXIS2_PLACEMENT_3D ( 'NONE', #1279, #1370, #2078 ) ;
#8593 = CARTESIAN_POINT ( 'NONE',  ( 8.384994479999997807, 10.05362529268345817, 65.96056923440856679 ) ) ;
#8594 = DIRECTION ( 'NONE',  ( 1.334402673828314079E-16, 1.000000000000000000, 0.000000000000000000 ) ) ;
#8595 = B_SPLINE_CURVE_WITH_KNOTS ( 'NONE', 3,
 ( #5925, #673, #3779, #7679, #722, #2966, #6871, #8345, #5322, #6773, #9903 ),
 .UNSPECIFIED., .F., .F.,
 ( 4, 1, 1, 1, 1, 1, 1, 1, 4 ),
 ( 0.000000000000000000, 0.1910599019879634097, 0.3639285089577339871, 0.5173018286577336644, 0.6524984524400153640, 0.7682398733008483083, 0.8644986929248380525, 0.9412816669096609745, 1.000000000000000000 ),
 .UNSPECIFIED. ) ;
#8596 = DIRECTION ( 'NONE',  ( 0.000000000000000000, 0.000000000000000000, 1.000000000000000000 ) ) ;
#8597 = CARTESIAN_POINT ( 'NONE',  ( 8.884994479999996031, 8.903994243103134920, 70.35169380265170958 ) ) ;
#8598 = VERTEX_POINT ( 'NONE', #4004 ) ;
#8599 = ORIENTED_EDGE ( 'NONE', *, *, #9597, .F. ) ;
#8600 = AXIS2_PLACEMENT_3D ( 'NONE', #810, #8425, #7612 ) ;
#8601 = FACE_OUTER_BOUND ( 'NONE', #8011, .T. ) ;
#8602 = PLANE ( 'NONE',  #417 ) ;
#8603 = VECTOR ( 'NONE', #8855, 1000.000000000000000 ) ;
#8604 = CARTESIAN_POINT ( 'NONE',  ( 8.884994479999999584, 9.506168880823874900, 65.52535553930145795 ) ) ;
#8605 = ORIENTED_EDGE ( 'NONE', *, *, #9327, .F. ) ;
#8606 = CARTESIAN_POINT ( 'NONE',  ( 7.384994479999996031, 18.99999999999999645, 12.49999999999999822 ) ) ;
#8607 = ORIENTED_EDGE ( 'NONE', *, *, #671, .T. ) ;
#8608 = CARTESIAN_POINT ( 'NONE',  ( 8.384994479999997807, 7.775677886478305822, 65.71587503547344511 ) ) ;
#8609 = LINE ( 'NONE', #1825, #696 ) ;
#8610 = AXIS2_PLACEMENT_3D ( 'NONE', #2387, #3142, #1781 ) ;
#8611 = DIRECTION ( 'NONE',  ( 0.000000000000000000, 0.000000000000000000, 1.000000000000000000 ) ) ;
#8612 = ADVANCED_FACE ( 'NONE', ( #4843 ), #3293, .T. ) ;
#8613 = FACE_OUTER_BOUND ( 'NONE', #2349, .T. ) ;
#8614 = CARTESIAN_POINT ( 'NONE',  ( 8.884994479999997807, 9.635600914082344204, 71.48702134701119348 ) ) ;
#8615 = VECTOR ( 'NONE', #6800, 1000.000000000000000 ) ;
#8616 = ORIENTED_EDGE ( 'NONE', *, *, #659, .T. ) ;
#8617 = CARTESIAN_POINT ( 'NONE',  ( 7.384994479999996031, 1.999999999999999112, 32.99999999999990763 ) ) ;
#8618 = DIRECTION ( 'NONE',  ( -1.000000000000000000, 1.334402673828313832E-16, -0.000000000000000000 ) ) ;
#8619 = CARTESIAN_POINT ( 'NONE',  ( 8.384994479999996031, 9.614696052340669041, 66.24320827542877055 ) ) ;
#8620 = VERTEX_POINT ( 'NONE', #9472 ) ;
#8621 = DIRECTION ( 'NONE',  ( 0.7071067811865272557, -9.722856625372716170E-17, 0.7071067811865677788 ) ) ;
#8622 = CARTESIAN_POINT ( 'NONE',  ( 8.884994479999997807, 7.301732539417800538, 64.80832011557035344 ) ) ;
#8623 = EDGE_CURVE ( 'NONE', #2976, #4137, #3246, .T. ) ;
#8624 = ADVANCED_FACE ( 'NONE', ( #100 ), #4099, .F. ) ;
#8625 = EDGE_CURVE ( 'NONE', #6909, #4177, #7755, .T. ) ;
#8626 = CARTESIAN_POINT ( 'NONE',  ( -12.88499447999999781, 0.6999999999999988454, -12.50000000000000355 ) ) ;
#8627 = CARTESIAN_POINT ( 'NONE',  ( 8.884994479999997807, 9.655915186570293685, 72.33945984358987857 ) ) ;
#8628 = ORIENTED_EDGE ( 'NONE', *, *, #1401, .F. ) ;
#8629 = VECTOR ( 'NONE', #9689, 1000.000000000000000 ) ;
#8630 = CARTESIAN_POINT ( 'NONE',  ( 5.384994479999996031, 21.50000000000000000, -60.00000000000000000 ) ) ;
#8631 = CARTESIAN_POINT ( 'NONE',  ( 8.884994479999997807, 9.352003843768152080, 66.26764953162282268 ) ) ;
#8632 = CARTESIAN_POINT ( 'NONE',  ( 8.384994479999994255, 8.836984614686530293, 71.03091446592361535 ) ) ;
#8633 = DIRECTION ( 'NONE',  ( 0.000000000000000000, 0.000000000000000000, -1.000000000000000000 ) ) ;
#8634 = EDGE_CURVE ( 'NONE', #8064, #9169, #1837, .T. ) ;
#8635 = DIRECTION ( 'NONE',  ( 4.605861719268250263E-18, -1.000000000000000000, 0.000000000000000000 ) ) ;
#8636 = AXIS2_PLACEMENT_3D ( 'NONE', #131, #3186, #791 ) ;
#8637 = VECTOR ( 'NONE', #3972, 1000.000000000000000 ) ;
#8638 = EDGE_CURVE ( 'NONE', #2954, #5918, #853, .T. ) ;
#8639 = DIRECTION ( 'NONE',  ( -0.000000000000000000, -0.000000000000000000, 1.000000000000000000 ) ) ;
#8640 = FACE_OUTER_BOUND ( 'NONE', #1864, .T. ) ;
#8641 = DIRECTION ( 'NONE',  ( -0.5000000000000003331, 0.4999999999999993894, 0.7071067811865479058 ) ) ;
#8642 = AXIS2_PLACEMENT_3D ( 'NONE', #776, #7633, #677 ) ;
#8643 = ORIENTED_EDGE ( 'NONE', *, *, #659, .F. ) ;
#8644 = VECTOR ( 'NONE', #5839, 1000.000000000000000 ) ;
#8645 = CARTESIAN_POINT ( 'NONE',  ( 8.884994479999999584, 10.16764365096828371, 65.79434902043911393 ) ) ;
#8646 = CARTESIAN_POINT ( 'NONE',  ( 8.384994479999999584, 9.859048426080809335, 70.78118716700038249 ) ) ;
#8647 = DIRECTION ( 'NONE',  ( -4.605861719268250263E-18, 1.000000000000000000, 0.000000000000000000 ) ) ;
#8648 = ADVANCED_FACE ( 'NONE', ( #1697 ), #7896, .T. ) ;
#8649 = DIRECTION ( 'NONE',  ( 0.000000000000000000, 0.000000000000000000, -1.000000000000000000 ) ) ;
#8650 = EDGE_LOOP ( 'NONE', ( #223, #3572, #4225, #7116 ) ) ;
#8651 = AXIS2_PLACEMENT_3D ( 'NONE', #148, #6156, #4598 ) ;
#8652 = AXIS2_PLACEMENT_3D ( 'NONE', #9575, #9475, #297 ) ;
#8653 = VERTEX_POINT ( 'NONE', #1187 ) ;
#8654 = DIRECTION ( 'NONE',  ( -1.000000000000000000, 0.000000000000000000, 0.000000000000000000 ) ) ;
#8655 = LINE ( 'NONE', #2430, #5366 ) ;
#8656 = VERTEX_POINT ( 'NONE', #7246 ) ;
#8657 = CARTESIAN_POINT ( 'NONE',  ( 7.384994479999996031, 3.000000000000000888, -12.50000000000001066 ) ) ;
#8658 = ORIENTED_EDGE ( 'NONE', *, *, #9355, .T. ) ;
#8659 = CARTESIAN_POINT ( 'NONE',  ( 8.884994479999996031, 6.729963923658027092, 71.62434802081762086 ) ) ;
#8660 = EDGE_LOOP ( 'NONE', ( #678, #2797, #5640, #7631 ) ) ;
#8661 = CARTESIAN_POINT ( 'NONE',  ( 8.384994479999996031, 8.263086510720567546, 65.05374788032251843 ) ) ;
#8662 = CARTESIAN_POINT ( 'NONE',  ( -3.384994480000036887, 0.5000000000000281997, 126.0000000000000000 ) ) ;
#8663 = CARTESIAN_POINT ( 'NONE',  ( -3.384994480000042216, 1.499999999999970024, 86.00000000000001421 ) ) ;
#8664 = LINE ( 'NONE', #6252, #2994 ) ;
#8665 = LINE ( 'NONE', #1783, #2162 ) ;
#8666 = EDGE_LOOP ( 'NONE', ( #930, #5958, #2368, #9223, #8286 ) ) ;
#8667 = EDGE_LOOP ( 'NONE', ( #8034, #5701, #4295, #1881 ) ) ;
#8668 = CALENDAR_DATE ( 2023, 16, 1 ) ;
#8669 = CARTESIAN_POINT ( 'NONE',  ( 8.384994479999997807, 9.985051104466169392, 86.70747487939222253 ) ) ;
#8670 = CARTESIAN_POINT ( 'NONE',  ( 8.384994479999997807, 9.505989593072591504, 66.26505213063713029 ) ) ;
#8671 = ORIENTED_EDGE ( 'NONE', *, *, #2113, .T. ) ;
#8672 = DIRECTION ( 'NONE',  ( 0.000000000000000000, 0.000000000000000000, -1.000000000000000000 ) ) ;
#8673 = LINE ( 'NONE', #948, #8924 ) ;
#8674 = FACE_OUTER_BOUND ( 'NONE', #2448, .T. ) ;
#8675 = EDGE_LOOP ( 'NONE', ( #1770, #7358, #2151, #9092 ) ) ;
#8676 = VECTOR ( 'NONE', #3189, 1000.000000000000000 ) ;
#8677 = CARTESIAN_POINT ( 'NONE',  ( 8.884994479999997807, 9.744928006331527115, 71.94198989868165484 ) ) ;
#8678 = ORIENTED_EDGE ( 'NONE', *, *, #4711, .F. ) ;
#8679 = EDGE_CURVE ( 'NONE', #3744, #3452, #3606, .T. ) ;
#8680 = CARTESIAN_POINT ( 'NONE',  ( -2.384994479999993366, 2.000000000000000000, -30.00000000000000000 ) ) ;
#8681 = CARTESIAN_POINT ( 'NONE',  ( 8.884994479999996031, 8.263086510720567546, 65.05374788032251843 ) ) ;
#8682 = CARTESIAN_POINT ( 'NONE',  ( 8.384994479999999584, 9.728122697016640785, 71.74653519867160867 ) ) ;
#8683 = ADVANCED_FACE ( 'NONE', ( #4245 ), #3558, .T. ) ;
#8684 = CARTESIAN_POINT ( 'NONE',  ( 5.384994479999996919, 20.49999999999999645, -60.00000000000000000 ) ) ;
#8685 = ADVANCED_FACE ( 'NONE', ( #9674 ), #2689, .T. ) ;
#8686 = EDGE_CURVE ( 'NONE', #5089, #5861, #8010, .T. ) ;
#8687 = CARTESIAN_POINT ( 'NONE',  ( 8.884994479999997807, 9.687638310723512447, 65.18191219751328447 ) ) ;
#8688 = EDGE_CURVE ( 'NONE', #2790, #9422, #2348, .T. ) ;
#8689 = CARTESIAN_POINT ( 'NONE',  ( 8.384994479999997807, 10.34420236614055533, 71.99024877140665524 ) ) ;
#8690 = CARTESIAN_POINT ( 'NONE',  ( 8.384994479999999584, 6.726947756812507784, 65.49979053073462865 ) ) ;
#8691 = VERTEX_POINT ( 'NONE', #4346 ) ;
#8692 = EDGE_CURVE ( 'NONE', #2522, #1153, #7202, .T. ) ;
#8693 = CARTESIAN_POINT ( 'NONE',  ( 8.884994479999997807, 8.684673369746326088, 85.86071313059227350 ) ) ;
#8694 = CARTESIAN_POINT ( 'NONE',  ( 8.884994479999997807, 6.702458179608773214, 69.36194091209999613 ) ) ;
#8695 = DIRECTION ( 'NONE',  ( 0.000000000000000000, 0.7071067811865282549, 0.7071067811865668906 ) ) ;
#8696 = VERTEX_POINT ( 'NONE', #9625 ) ;
#8697 = CIRCLE ( 'NONE', #1164, 0.8000000000000003775 ) ;
#8698 = AXIS2_PLACEMENT_3D ( 'NONE', #3641, #5779, #1223 ) ;
#8699 = ORIENTED_EDGE ( 'NONE', *, *, #6295, .F. ) ;
#8700 = ORIENTED_EDGE ( 'NONE', *, *, #3670, .F. ) ;
#8701 = CARTESIAN_POINT ( 'NONE',  ( -11.18499448000000207, -3.429011037612532083E-16, -8.500000000000000000 ) ) ;
#8702 = EDGE_CURVE ( 'NONE', #9091, #592, #5795, .T. ) ;
#8703 = LINE ( 'NONE', #7739, #8737 ) ;
#8704 = VERTEX_POINT ( 'NONE', #5041 ) ;
#8705 = PLANE ( 'NONE',  #798 ) ;
#8706 = ORIENTED_EDGE ( 'NONE', *, *, #2231, .T. ) ;
#8707 = AXIS2_PLACEMENT_3D ( 'NONE', #399, #4057, #4801 ) ;
#8708 = DIRECTION ( 'NONE',  ( -0.000000000000000000, 0.000000000000000000, 1.000000000000000000 ) ) ;
#8709 = VERTEX_POINT ( 'NONE', #8109 ) ;
#8710 = CARTESIAN_POINT ( 'NONE',  ( -7.384994479999944517, 3.478689187537348796E-18, 32.99999999999990763 ) ) ;
#8711 = DIRECTION ( 'NONE',  ( -0.000000000000000000, 0.7071067811865672237, 0.7071067811865279218 ) ) ;
#8712 = LINE ( 'NONE', #7282, #6512 ) ;
#8713 = VECTOR ( 'NONE', #7269, 1000.000000000000000 ) ;
#8714 = PLANE ( 'NONE',  #8448 ) ;
#8715 = CARTESIAN_POINT ( 'NONE',  ( -7.884994480000007577, 1.499999999999997780, 85.50000000000001421 ) ) ;
#8716 = ORIENTED_EDGE ( 'NONE', *, *, #5538, .F. ) ;
#8717 = ORIENTED_EDGE ( 'NONE', *, *, #5868, .T. ) ;
#8718 = LINE ( 'NONE', #1883, #1722 ) ;
#8719 = DIRECTION ( 'NONE',  ( 0.000000000000000000, 1.000000000000000000, 0.000000000000000000 ) ) ;
#8720 = CARTESIAN_POINT ( 'NONE',  ( 8.884994479999997807, 9.687638310723512447, 65.18191219751328447 ) ) ;
#8721 = ORIENTED_EDGE ( 'NONE', *, *, #3336, .T. ) ;
#8722 = CARTESIAN_POINT ( 'NONE',  ( 5.384994479999996919, 19.00000000000000000, -12.49999999999999645 ) ) ;
#8723 = AXIS2_PLACEMENT_3D ( 'NONE', #3597, #3020, #2831 ) ;
#8724 = CARTESIAN_POINT ( 'NONE',  ( 8.384994479999997807, 6.702848333434041628, 64.68323224172002028 ) ) ;
#8725 = EDGE_LOOP ( 'NONE', ( #1243, #5719, #1796, #9897 ) ) ;
#8726 = DIRECTION ( 'NONE',  ( -0.000000000000000000, -0.000000000000000000, 1.000000000000000000 ) ) ;
#8727 = ORIENTED_EDGE ( 'NONE', *, *, #3227, .T. ) ;
#8728 = DIRECTION ( 'NONE',  ( 0.7071067811865462405, 0.7071067811865489050, 0.000000000000000000 ) ) ;
#8729 = ORIENTED_EDGE ( 'NONE', *, *, #8692, .T. ) ;
#8730 = LINE ( 'NONE', #1246, #9902 ) ;
#8731 = DIRECTION ( 'NONE',  ( -1.000000000000000000, 1.066210604224532462E-16, 0.000000000000000000 ) ) ;
#8732 = CYLINDRICAL_SURFACE ( 'NONE', #8974, 1.000000000000001776 ) ;
#8733 = CARTESIAN_POINT ( 'NONE',  ( 8.884994479999999584, 8.885996020727970901, 65.18807572074311452 ) ) ;
#8734 = AXIS2_PLACEMENT_3D ( 'NONE', #5817, #9645, #1210 ) ;
#8735 = EDGE_CURVE ( 'NONE', #4634, #384, #2042, .T. ) ;
#8736 = CARTESIAN_POINT ( 'NONE',  ( 8.384994479999996031, 7.529751581092533286, 65.65798072575621802 ) ) ;
#8737 = VECTOR ( 'NONE', #1955, 1000.000000000000000 ) ;
#8738 = CARTESIAN_POINT ( 'NONE',  ( 8.884994479999997807, 8.876140676423439402, 65.07842757236203113 ) ) ;
#8739 = DIRECTION ( 'NONE',  ( 1.000000000000000000, -1.334402673828313832E-16, 0.000000000000000000 ) ) ;
#8740 = CARTESIAN_POINT ( 'NONE',  ( -7.884994480000004025, -3.631719423207347617E-17, 22.00000000000004619 ) ) ;
#8741 = ORIENTED_EDGE ( 'NONE', *, *, #7624, .F. ) ;
#8742 = DIRECTION ( 'NONE',  ( 0.7071067811865469066, 0.7071067811865482389, 0.000000000000000000 ) ) ;
#8743 = DIRECTION ( 'NONE',  ( 0.000000000000000000, 0.000000000000000000, -1.000000000000000000 ) ) ;
#8744 = CARTESIAN_POINT ( 'NONE',  ( 8.884994479999996031, 9.731338497054609959, 70.67338297166187999 ) ) ;
#8745 = EDGE_CURVE ( 'NONE', #6326, #4677, #8166, .T. ) ;
#8746 = ADVANCED_FACE ( 'NONE', ( #1292 ), #5894, .T. ) ;
#8747 = EDGE_CURVE ( 'NONE', #8709, #2954, #1136, .T. ) ;
#8748 = CARTESIAN_POINT ( 'NONE',  ( 8.384994479999999584, 9.744247955502608249, 71.90831641876457070 ) ) ;
#8749 = VECTOR ( 'NONE', #1427, 1000.000000000000000 ) ;
#8750 = LINE ( 'NONE', #8657, #6386 ) ;
#8751 = VERTEX_POINT ( 'NONE', #7957 ) ;
#8752 = CARTESIAN_POINT ( 'NONE',  ( 8.884994479999999584, 6.887400471065967089, 71.16792671140447624 ) ) ;
#8753 = ORIENTED_EDGE ( 'NONE', *, *, #4690, .T. ) ;
#8754 = DIRECTION ( 'NONE',  ( 1.000000000000000000, 0.000000000000000000, 0.000000000000000000 ) ) ;
#8755 = CARTESIAN_POINT ( 'NONE',  ( 7.584994479999995320, 2.999999999999999112, 7.699999999999998401 ) ) ;
#8756 = CARTESIAN_POINT ( 'NONE',  ( 10.38499447999999603, 1.500000000000000000, 137.4999999999999716 ) ) ;
#8757 = ORIENTED_EDGE ( 'NONE', *, *, #5136, .T. ) ;
#8758 = EDGE_CURVE ( 'NONE', #4451, #7607, #1088, .T. ) ;
#8759 = VECTOR ( 'NONE', #1683, 1000.000000000000000 ) ;
#8760 = AXIS2_PLACEMENT_3D ( 'NONE', #2881, #8251, #5936 ) ;
#8761 = DIRECTION ( 'NONE',  ( -1.084202172485504804E-16, -1.000000000000000000, 0.000000000000000000 ) ) ;
#8762 = CARTESIAN_POINT ( 'NONE',  ( -17.38499448000000669, 1.750000000000015543, -29.75000000000000000 ) ) ;
#8763 = VERTEX_POINT ( 'NONE', #3709 ) ;
#8764 = EDGE_LOOP ( 'NONE', ( #9060, #3738, #5377, #4379 ) ) ;
#8765 = VECTOR ( 'NONE', #4410, 1000.000000000000000 ) ;
#8766 = CARTESIAN_POINT ( 'NONE',  ( -2.884994480000013795, 1.499999999999942268, 72.99999999999992895 ) ) ;
#8767 = DIRECTION ( 'NONE',  ( 0.7071067811865279218, -3.922843880222469890E-14, 0.7071067811865672237 ) ) ;
#8768 = EDGE_LOOP ( 'NONE', ( #7195, #2077, #4222, #1784, #3285, #2927, #7960, #9135, #3029, #1794 ) ) ;
#8769 = CARTESIAN_POINT ( 'NONE',  ( 8.884994479999997807, 8.039300982259680595, 72.76887327014891582 ) ) ;
#8770 = CARTESIAN_POINT ( 'NONE',  ( 8.884994479999997807, 9.330045757232971582, 83.53276273287259812 ) ) ;
#8771 = ORIENTED_EDGE ( 'NONE', *, *, #7818, .T. ) ;
#8772 = AXIS2_PLACEMENT_3D ( 'NONE', #9031, #2251, #7 ) ;
#8773 = ORIENTED_EDGE ( 'NONE', *, *, #9761, .T. ) ;
#8774 = CARTESIAN_POINT ( 'NONE',  ( 8.384994479999997807, 9.230522161465696485, 86.70523450272558819 ) ) ;
#8775 = ORIENTED_EDGE ( 'NONE', *, *, #5542, .T. ) ;
#8776 = CARTESIAN_POINT ( 'NONE',  ( 8.384994479999997807, 9.270319578247473657, 66.26488542204211285 ) ) ;
#8777 = ORIENTED_EDGE ( 'NONE', *, *, #8571, .F. ) ;
#8778 = LINE ( 'NONE', #7255, #8940 ) ;
#8779 = CARTESIAN_POINT ( 'NONE',  ( 8.384994479999997807, 10.29810433846293805, 86.87342917613494819 ) ) ;
#8780 = DIRECTION ( 'NONE',  ( 0.000000000000000000, 0.9390568502567137044, -0.3437618826832611330 ) ) ;
#8781 = DIRECTION ( 'NONE',  ( -0.000000000000000000, -0.000000000000000000, 1.000000000000000000 ) ) ;
#8782 = DIRECTION ( 'NONE',  ( 0.000000000000000000, 0.000000000000000000, 1.000000000000000000 ) ) ;
#8783 = CARTESIAN_POINT ( 'NONE',  ( 8.884994479999997807, 8.871655328664019180, 64.96103357319017846 ) ) ;
#8784 = CARTESIAN_POINT ( 'NONE',  ( -9.884994480000003136, 5.699999999999998401, 12.49999999999999822 ) ) ;
#8785 = CARTESIAN_POINT ( 'NONE',  ( 8.384994479999999584, 9.622407836847184370, 72.39544015197351712 ) ) ;
#8786 = ORIENTED_EDGE ( 'NONE', *, *, #6602, .F. ) ;
#8787 = LINE ( 'NONE', #564, #2805 ) ;
#8788 = VECTOR ( 'NONE', #8310, 1000.000000000000000 ) ;
#8789 = CARTESIAN_POINT ( 'NONE',  ( -7.884994480000007577, 1.499999999999970468, 86.00000000000001421 ) ) ;
#8790 = VECTOR ( 'NONE', #5772, 1000.000000000000000 ) ;
#8791 = LINE ( 'NONE', #215, #7411 ) ;
#8792 = ORIENTED_EDGE ( 'NONE', *, *, #7310, .T. ) ;
#8793 = EDGE_LOOP ( 'NONE', ( #494, #9891, #16, #2671 ) ) ;
#8794 = ORIENTED_EDGE ( 'NONE', *, *, #2792, .T. ) ;
#8795 = CARTESIAN_POINT ( 'NONE',  ( 8.384994479999997807, 8.968441952444477394, 71.05092207600596055 ) ) ;
#8796 = AXIS2_PLACEMENT_3D ( 'NONE', #6967, #9304, #6425 ) ;
#8797 = VERTEX_POINT ( 'NONE', #3097 ) ;
#8798 = CARTESIAN_POINT ( 'NONE',  ( 8.384994479999999584, 7.318347595165735520, 65.29652712312029905 ) ) ;
#8799 = ADVANCED_FACE ( 'NONE', ( #8315 ), #7550, .F. ) ;
#8800 = ORIENTED_EDGE ( 'NONE', *, *, #9425, .F. ) ;
#8801 = ADVANCED_FACE ( 'NONE', ( #3856 ), #1661, .T. ) ;
#8802 = LINE ( 'NONE', #2477, #7021 ) ;
#8803 = ORIENTED_EDGE ( 'NONE', *, *, #8992, .F. ) ;
#8804 = PLANE ( 'NONE',  #8918 ) ;
#8805 = CARTESIAN_POINT ( 'NONE',  ( -12.88499447999999781, 0.6999999999999988454, 8.499999999999992895 ) ) ;
#8806 = ADVANCED_FACE ( 'NONE', ( #6146 ), #9024, .T. ) ;
#8807 = DIRECTION ( 'NONE',  ( -4.605861719268250263E-18, 1.000000000000000000, 6.842277657836020854E-49 ) ) ;
#8808 = AXIS2_PLACEMENT_3D ( 'NONE', #3002, #6107, #9 ) ;
#8809 = ORIENTED_EDGE ( 'NONE', *, *, #2065, .T. ) ;
#8810 = PLANE ( 'NONE',  #3305 ) ;
#8811 = CARTESIAN_POINT ( 'NONE',  ( 4.738547870593263767, 22.00000000000000000, 6.853553390593266847 ) ) ;
#8812 = ORIENTED_EDGE ( 'NONE', *, *, #1255, .T. ) ;
#8813 = ADVANCED_FACE ( 'NONE', ( #2093 ), #8154, .T. ) ;
#8814 = DIRECTION ( 'NONE',  ( 0.000000000000000000, 0.000000000000000000, -1.000000000000000000 ) ) ;
#8815 = EDGE_CURVE ( 'NONE', #1089, #4413, #3190, .T. ) ;
#8816 = ORIENTED_EDGE ( 'NONE', *, *, #6725, .T. ) ;
#8817 = ADVANCED_FACE ( 'NONE', ( #185 ), #6988, .T. ) ;
#8818 = DATE_TIME_ROLE ( 'creation_date' ) ;
#8819 = CARTESIAN_POINT ( 'NONE',  ( 4.384994479999991590, 22.00000000000000000, -7.207106781186551459 ) ) ;
#8820 = DIRECTION ( 'NONE',  ( -1.000000000000000000, 0.000000000000000000, 0.000000000000000000 ) ) ;
#8821 = ORIENTED_EDGE ( 'NONE', *, *, #9847, .T. ) ;
#8822 = DIRECTION ( 'NONE',  ( 0.000000000000000000, -1.000000000000000000, 0.000000000000000000 ) ) ;
#8823 = ADVANCED_FACE ( 'NONE', ( #1029 ), #4685, .F. ) ;
#8824 = CARTESIAN_POINT ( 'NONE',  ( 8.384994479999999584, 7.341083388029538526, 65.41264101404352971 ) ) ;
#8825 = ORIENTED_EDGE ( 'NONE', *, *, #8201, .T. ) ;
#8826 = VERTEX_POINT ( 'NONE', #8563 ) ;
#8827 = DIRECTION ( 'NONE',  ( -0.7071067811865456854, 0.000000000000000000, -0.7071067811865493491 ) ) ;
#8828 = ORIENTED_EDGE ( 'NONE', *, *, #3279, .F. ) ;
#8829 = FACE_OUTER_BOUND ( 'NONE', #8764, .T. ) ;
#8830 = ORIENTED_EDGE ( 'NONE', *, *, #783, .F. ) ;
#8831 = EDGE_CURVE ( 'NONE', #5942, #130, #1640, .T. ) ;
#8832 = CARTESIAN_POINT ( 'NONE',  ( 8.384994479999994255, 8.102965408015757376, 66.34478814701387250 ) ) ;
#8833 = CARTESIAN_POINT ( 'NONE',  ( 6.384994480000010242, 19.99999999999999645, -8.500000000000003553 ) ) ;
#8834 = CARTESIAN_POINT ( 'NONE',  ( 8.884994479999997807, 8.131497037614915158, 68.83901641063201282 ) ) ;
#8835 = CARTESIAN_POINT ( 'NONE',  ( 8.384994480000001360, 10.29310859399956612, 65.14950023035260074 ) ) ;
#8836 = FACE_OUTER_BOUND ( 'NONE', #8901, .T. ) ;
#8837 = CARTESIAN_POINT ( 'NONE',  ( -17.63499447999997827, 0.5000000000000278666, 126.2500000000000000 ) ) ;
#8838 = DIRECTION ( 'NONE',  ( -1.000000000000000000, -1.734723475976805615E-16, 0.000000000000000000 ) ) ;
#8839 = FACE_OUTER_BOUND ( 'NONE', #896, .T. ) ;
#8840 = CARTESIAN_POINT ( 'NONE',  ( 8.384994479999999584, 9.168333916232606740, 72.71689802819403781 ) ) ;
#8841 = ORIENTED_EDGE ( 'NONE', *, *, #9248, .T. ) ;
#8842 = CARTESIAN_POINT ( 'NONE',  ( 8.384994479999997807, 7.988881264487286415, 83.99734441806108975 ) ) ;
#8843 = CARTESIAN_POINT ( 'NONE',  ( 5.488547870593249556, 20.89644660940674115, -60.00000000000000000 ) ) ;
#8844 = LINE ( 'NONE', #5968, #1977 ) ;
#8845 = EDGE_LOOP ( 'NONE', ( #8208, #5334, #4304, #509 ) ) ;
#8846 = FACE_OUTER_BOUND ( 'NONE', #8217, .T. ) ;
#8847 = CARTESIAN_POINT ( 'NONE',  ( -7.384994479999946293, 22.00100000000000122, 33.49999999999998579 ) ) ;
#8848 = VERTEX_POINT ( 'NONE', #6339 ) ;
#8849 = CARTESIAN_POINT ( 'NONE',  ( 8.884994479999997807, 7.749803765248294063, 70.43766380133861560 ) ) ;
#8850 = ORIENTED_EDGE ( 'NONE', *, *, #7440, .T. ) ;
#8851 = LINE ( 'NONE', #1027, #1702 ) ;
#8852 = CARTESIAN_POINT ( 'NONE',  ( 8.884994479999997807, 8.269791120647768778, 64.10244406675683138 ) ) ;
#8853 = DIRECTION ( 'NONE',  ( -1.000000000000000000, 1.334402673828313832E-16, -0.000000000000000000 ) ) ;
#8854 = EDGE_LOOP ( 'NONE', ( #3622, #3296, #9819, #3154 ) ) ;
#8855 = DIRECTION ( 'NONE',  ( -1.000000000000000000, 1.066210604224532462E-16, 0.000000000000000000 ) ) ;
#8856 = FACE_OUTER_BOUND ( 'NONE', #4738, .T. ) ;
#8857 = EDGE_CURVE ( 'NONE', #8132, #6886, #6942, .T. ) ;
#8858 = VECTOR ( 'NONE', #3961, 1000.000000000000114 ) ;
#8859 = EDGE_LOOP ( 'NONE', ( #6736, #8706, #4885, #2564 ) ) ;
#8860 = CIRCLE ( 'NONE', #4528, 0.8000000000000003775 ) ;
#8861 = PLANE ( 'NONE',  #6286 ) ;
#8862 = ORIENTED_EDGE ( 'NONE', *, *, #9000, .F. ) ;
#8863 = CALENDAR_DATE ( 2023, 16, 1 ) ;
#8864 = CARTESIAN_POINT ( 'NONE',  ( 8.384994479999997807, 7.303881459926833131, 71.83878230695721356 ) ) ;
#8865 = DIRECTION ( 'NONE',  ( 1.000000000000000000, 0.000000000000000000, 0.000000000000000000 ) ) ;
#8866 = ORIENTED_EDGE ( 'NONE', *, *, #9371, .F. ) ;
#8867 = DIRECTION ( 'NONE',  ( 0.7071067811865672237, 1.639869809431970910E-18, 0.7071067811865279218 ) ) ;
#8868 = CARTESIAN_POINT ( 'NONE',  ( 8.884994479999996031, 7.529751581092533286, 65.65798072575621802 ) ) ;
#8869 = EDGE_CURVE ( 'NONE', #9792, #2126, #7747, .T. ) ;
#8870 = ADVANCED_FACE ( 'NONE', ( #886 ), #5494, .T. ) ;
#8871 = EDGE_CURVE ( 'NONE', #5897, #369, #3942, .T. ) ;
#8872 = EDGE_LOOP ( 'NONE', ( #1619, #4672, #8305, #2105 ) ) ;
#8873 = ORIENTED_EDGE ( 'NONE', *, *, #2595, .F. ) ;
#8874 = PLANE ( 'NONE',  #5919 ) ;
#8875 = EDGE_CURVE ( 'NONE', #5433, #1896, #4640, .T. ) ;
#8876 = VERTEX_POINT ( 'NONE', #7702 ) ;
#8877 = FACE_OUTER_BOUND ( 'NONE', #2178, .T. ) ;
#8878 = ORIENTED_EDGE ( 'NONE', *, *, #8747, .T. ) ;
#8879 = CARTESIAN_POINT ( 'NONE',  ( 8.384994479999994255, 8.287403864709423473, 66.24602110408422107 ) ) ;
#8880 = CARTESIAN_POINT ( 'NONE',  ( 8.884994479999997807, 8.107592613238251644, 65.58887875448603211 ) ) ;
#8881 = LINE ( 'NONE', #505, #5753 ) ;
#8882 = VECTOR ( 'NONE', #2816, 1000.000000000000000 ) ;
#8883 = CARTESIAN_POINT ( 'NONE',  ( 8.384994480000003136, 9.983738975282998140, 66.03498844572949622 ) ) ;
#8884 = CARTESIAN_POINT ( 'NONE',  ( 8.884994479999997807, 8.131497037614915158, 67.89544740660578270 ) ) ;
#8885 = EDGE_CURVE ( 'NONE', #9112, #4658, #8521, .T. ) ;
#8886 = ADVANCED_FACE ( 'NONE', ( #9372 ), #4086, .T. ) ;
#8887 = CARTESIAN_POINT ( 'NONE',  ( 4.384994479999991590, 19.00000000000000000, -7.207106781186551459 ) ) ;
#8888 = EDGE_LOOP ( 'NONE', ( #3356, #168, #4871, #8173 ) ) ;
#8889 = CARTESIAN_POINT ( 'NONE',  ( 2.384994479999970718, 22.00000000000000000, -8.500000000000007105 ) ) ;
#8890 = CARTESIAN_POINT ( 'NONE',  ( 8.884994479999997807, 7.988881264487286415, 83.99734441806108975 ) ) ;
#8891 = CARTESIAN_POINT ( 'NONE',  ( 8.384994480000001360, 9.930886067610435575, 73.07059333301528170 ) ) ;
#8892 = ORIENTED_EDGE ( 'NONE', *, *, #5319, .F. ) ;
#8893 = DIRECTION ( 'NONE',  ( -1.000000000000000000, 1.066210604224532462E-16, 0.000000000000000000 ) ) ;
#8894 = DIRECTION ( 'NONE',  ( 1.639869809431879428E-18, -0.7071067811865278108, -0.7071067811865672237 ) ) ;
#8895 = DIRECTION ( 'NONE',  ( -1.084202172485504804E-16, -1.000000000000000000, -0.000000000000000000 ) ) ;
#8896 = ORIENTED_EDGE ( 'NONE', *, *, #5660, .T. ) ;
#8897 = VECTOR ( 'NONE', #5516, 1000.000000000000114 ) ;
#8898 = ORIENTED_EDGE ( 'NONE', *, *, #9597, .T. ) ;
#8899 = CARTESIAN_POINT ( 'NONE',  ( -8.384994480000059980, 0.5000000000000559552, 21.49999999999999289 ) ) ;
#8900 = DIRECTION ( 'NONE',  ( 0.000000000000000000, -1.000000000000000000, 0.000000000000000000 ) ) ;
#8901 = EDGE_LOOP ( 'NONE', ( #6310, #323, #4357, #1997 ) ) ;
#8902 = DIRECTION ( 'NONE',  ( 0.000000000000000000, -1.000000000000000000, 0.000000000000000000 ) ) ;
#8903 = ORIENTED_EDGE ( 'NONE', *, *, #5670, .F. ) ;
#8904 = DIRECTION ( 'NONE',  ( -1.334402673828313832E-16, -1.000000000000000000, 0.000000000000000000 ) ) ;
#8905 = CARTESIAN_POINT ( 'NONE',  ( -3.384994479999995143, 1.500000000000027311, -30.00000000000000000 ) ) ;
#8906 = CIRCLE ( 'NONE', #7919, 0.8000000000000003775 ) ;
#8907 = CARTESIAN_POINT ( 'NONE',  ( -11.18499448000000207, -3.429011037612532083E-16, -60.00000000000000000 ) ) ;
#8908 = EDGE_LOOP ( 'NONE', ( #1626, #4963, #701, #7254 ) ) ;
#8909 = CARTESIAN_POINT ( 'NONE',  ( 8.884994479999997807, 10.29810433846293805, 74.75108846028648202 ) ) ;
#8910 = CARTESIAN_POINT ( 'NONE',  ( -2.884994479999994699, 0.5000000000000003331, -30.49999999999997158 ) ) ;
#8911 = ORIENTED_EDGE ( 'NONE', *, *, #5726, .F. ) ;
#8912 = CARTESIAN_POINT ( 'NONE',  ( -17.88499448000000314, 5.699999999999998401, 8.499999999999998224 ) ) ;
#8913 = ORIENTED_EDGE ( 'NONE', *, *, #9376, .T. ) ;
#8914 = CARTESIAN_POINT ( 'NONE',  ( 8.884994479999997807, 7.988881264487286415, 83.99734441806108975 ) ) ;
#8915 = CARTESIAN_POINT ( 'NONE',  ( 8.884994479999999584, 9.079160357344699506, 86.54354292543614235 ) ) ;
#8916 = VERTEX_POINT ( 'NONE', #2481 ) ;
#8917 = LINE ( 'NONE', #6794, #8012 ) ;
#8918 = AXIS2_PLACEMENT_3D ( 'NONE', #4925, #3488, #3542 ) ;
#8919 = DIRECTION ( 'NONE',  ( 1.000000000000000000, 0.000000000000000000, 0.000000000000000000 ) ) ;
#8920 = EDGE_CURVE ( 'NONE', #1115, #9164, #5536, .T. ) ;
#8921 = ORIENTED_EDGE ( 'NONE', *, *, #4458, .F. ) ;
#8922 = ORIENTED_EDGE ( 'NONE', *, *, #7823, .T. ) ;
#8923 = CARTESIAN_POINT ( 'NONE',  ( -9.134994480000006689, 5.499038105676666177, 8.499999999999992895 ) ) ;
#8924 = VECTOR ( 'NONE', #1791, 1000.000000000000114 ) ;
#8925 = ORIENTED_EDGE ( 'NONE', *, *, #960, .F. ) ;
#8926 = CARTESIAN_POINT ( 'NONE',  ( 8.884994479999997807, 10.29029738029631780, 65.23313924175222667 ) ) ;
#8927 = ORIENTED_EDGE ( 'NONE', *, *, #8254, .F. ) ;
#8928 = AXIS2_PLACEMENT_3D ( 'NONE', #6932, #4532, #6835 ) ;
#8929 = CARTESIAN_POINT ( 'NONE',  ( 8.384994479999999584, 8.484867492970165515, 66.04859888490182129 ) ) ;
#8930 = DIRECTION ( 'NONE',  ( 0.7071067811865462405, -0.7071067811865489050, 0.000000000000000000 ) ) ;
#8931 = CARTESIAN_POINT ( 'NONE',  ( 8.384994479999999584, 6.908727000144287089, 72.82513161105202926 ) ) ;
#8932 = ADVANCED_FACE ( 'NONE', ( #3281 ), #9412, .T. ) ;
#8933 = ADVANCED_FACE ( 'NONE', ( #5394 ), #281, .F. ) ;
#8934 = FACE_OUTER_BOUND ( 'NONE', #5183, .T. ) ;
#8935 = CARTESIAN_POINT ( 'NONE',  ( 8.884994479999997807, 6.702458179608773214, 77.26343096871664784 ) ) ;
#8936 = ADVANCED_FACE ( 'NONE', ( #93 ), #6198, .F. ) ;
#8937 = AXIS2_PLACEMENT_3D ( 'NONE', #7520, #2905, #2106 ) ;
#8938 = DIRECTION ( 'NONE',  ( 4.605861719268250263E-18, -1.000000000000000000, 0.000000000000000000 ) ) ;
#8939 = ORIENTED_EDGE ( 'NONE', *, *, #962, .T. ) ;
#8940 = VECTOR ( 'NONE', #2800, 1000.000000000000000 ) ;
#8941 = CARTESIAN_POINT ( 'NONE',  ( 8.884994479999997807, 6.969794177056853002, 71.03152573550788418 ) ) ;
#8942 = CARTESIAN_POINT ( 'NONE',  ( 8.384994479999996031, 10.32241599536248167, 72.29994977586741811 ) ) ;
#8943 = CARTESIAN_POINT ( 'NONE',  ( 8.384994479999996031, 9.735409351477262163, 72.08490307242300332 ) ) ;
#8944 = ORIENTED_EDGE ( 'NONE', *, *, #655, .T. ) ;
#8945 = EDGE_CURVE ( 'NONE', #8093, #8876, #2627, .T. ) ;
#8946 = DIRECTION ( 'NONE',  ( 0.000000000000000000, -0.9576566168309714744, 0.2879128413945059028 ) ) ;
#8947 = PLANE ( 'NONE',  #8600 ) ;
#8948 = DIRECTION ( 'NONE',  ( -0.7071067811865279218, -3.256836054902020029E-18, -0.7071067811865671127 ) ) ;
#8949 = EDGE_CURVE ( 'NONE', #8598, #4199, #8151, .T. ) ;
#8950 = ORIENTED_EDGE ( 'NONE', *, *, #2733, .F. ) ;
#8951 =( BOUNDED_CURVE ( )  B_SPLINE_CURVE ( 3, ( #7521, #664, #3727, #9841 ),
 .UNSPECIFIED., .F., .T. ) 
 B_SPLINE_CURVE_WITH_KNOTS ( ( 4, 4 ),
 ( 0.4900962313648680735, 0.9049658519652413746 ),
 .UNSPECIFIED. ) 
 CURVE ( )  GEOMETRIC_REPRESENTATION_ITEM ( )  RATIONAL_B_SPLINE_CURVE ( ( 1.000000000000000000, 0.9857082903391622963, 0.9857082903391622963, 1.000000000000000000 ) ) 
 REPRESENTATION_ITEM ( '' )  );
#8952 = ORIENTED_EDGE ( 'NONE', *, *, #9441, .T. ) ;
#8953 = LINE ( 'NONE', #4224, #2696 ) ;
#8954 = CARTESIAN_POINT ( 'NONE',  ( 8.384994479999996031, 7.304017916337338434, 65.07221435128434450 ) ) ;
#8955 = CIRCLE ( 'NONE', #1093, 0.2000000000000013989 ) ;
#8956 = ORIENTED_EDGE ( 'NONE', *, *, #2057, .T. ) ;
#8957 = AXIS2_PLACEMENT_3D ( 'NONE', #7112, #7725, #3920 ) ;
#8958 = EDGE_CURVE ( 'NONE', #6392, #9071, #2579, .T. ) ;
#8959 = CARTESIAN_POINT ( 'NONE',  ( 5.384994479999996919, 21.50000000000000000, 12.49999999999999645 ) ) ;
#8960 = ORIENTED_EDGE ( 'NONE', *, *, #1685, .F. ) ;
#8961 = LINE ( 'NONE', #523, #1217 ) ;
#8962 = DIRECTION ( 'NONE',  ( -8.673617379884030739E-15, 0.000000000000000000, 1.000000000000000000 ) ) ;
#8963 = CARTESIAN_POINT ( 'NONE',  ( -11.18499448000000740, -1.000000000000035305, -12.50000000000000178 ) ) ;
#8964 = VECTOR ( 'NONE', #4104, 1000.000000000000000 ) ;
#8965 = ORIENTED_EDGE ( 'NONE', *, *, #8503, .T. ) ;
#8966 = FACE_OUTER_BOUND ( 'NONE', #9380, .T. ) ;
#8967 = PLANE ( 'NONE',  #2009 ) ;
#8968 = PLANE ( 'NONE',  #6147 ) ;
#8969 = ORIENTED_EDGE ( 'NONE', *, *, #6596, .T. ) ;
#8970 = CARTESIAN_POINT ( 'NONE',  ( -17.38499447999996406, 1.499999999999973577, 126.0000000000000000 ) ) ;
#8971 = DIRECTION ( 'NONE',  ( -4.605861719268250263E-18, 1.000000000000000000, 0.000000000000000000 ) ) ;
#8972 = ORIENTED_EDGE ( 'NONE', *, *, #1460, .T. ) ;
#8973 = VECTOR ( 'NONE', #5376, 1000.000000000000000 ) ;
#8974 = AXIS2_PLACEMENT_3D ( 'NONE', #4902, #9581, #7406 ) ;
#8975 = FACE_OUTER_BOUND ( 'NONE', #7650, .T. ) ;
#8976 = DIRECTION ( 'NONE',  ( -0.000000000000000000, -0.000000000000000000, 1.000000000000000000 ) ) ;
#8977 = DIRECTION ( 'NONE',  ( 0.7071067811865469066, 0.7071067811865482389, -0.000000000000000000 ) ) ;
#8978 = VECTOR ( 'NONE', #3503, 1000.000000000000000 ) ;
#8979 = DIRECTION ( 'NONE',  ( 0.7071067811865671127, 0.7071067811865279218, -3.186064242459048526E-16 ) ) ;
#8980 = VECTOR ( 'NONE', #8268, 1000.000000000000000 ) ;
#8981 = ORIENTED_EDGE ( 'NONE', *, *, #7073, .F. ) ;
#8982 = ORIENTED_EDGE ( 'NONE', *, *, #2257, .T. ) ;
#8983 = LINE ( 'NONE', #5202, #2676 ) ;
#8984 = FACE_OUTER_BOUND ( 'NONE', #2934, .T. ) ;
#8985 = DIRECTION ( 'NONE',  ( -1.084202172485504804E-16, -1.000000000000000000, 0.000000000000000000 ) ) ;
#8986 = CARTESIAN_POINT ( 'NONE',  ( 2.384994479999970718, 19.00000000000000000, -8.500000000000007105 ) ) ;
#8987 = CARTESIAN_POINT ( 'NONE',  ( -8.884994479999987149, 0.4999999999999726885, -21.50000000000000355 ) ) ;
#8988 = EDGE_CURVE ( 'NONE', #1296, #2478, #8712, .T. ) ;
#8989 = ORIENTED_EDGE ( 'NONE', *, *, #7398, .F. ) ;
#8990 = CARTESIAN_POINT ( 'NONE',  ( 7.384994479999996031, 1.999999999999999112, -60.00000000000000000 ) ) ;
#8991 = ORIENTED_EDGE ( 'NONE', *, *, #3667, .T. ) ;
#8992 = EDGE_CURVE ( 'NONE', #6751, #8516, #7469, .T. ) ;
#8993 = PLANE ( 'NONE',  #4113 ) ;
#8994 = CARTESIAN_POINT ( 'NONE',  ( 8.384994479999997807, 8.876140676423439402, 65.07842757236203113 ) ) ;
#8995 = CARTESIAN_POINT ( 'NONE',  ( 8.884994479999999584, 9.744247955502608249, 71.90831641876457070 ) ) ;
#8996 = EDGE_LOOP ( 'NONE', ( #2780, #9556, #4631, #926 ) ) ;
#8997 = CARTESIAN_POINT ( 'NONE',  ( -7.884994480000004025, 1.499999999999942268, 22.00000000000004619 ) ) ;
#8998 = DIRECTION ( 'NONE',  ( 0.000000000000000000, 0.000000000000000000, 1.000000000000000000 ) ) ;
#8999 = CARTESIAN_POINT ( 'NONE',  ( -3.384994479999995143, -1.559081649536631493E-17, -30.00000000000000000 ) ) ;
#9000 = EDGE_CURVE ( 'NONE', #5978, #9694, #4647, .T. ) ;
#9001 = EDGE_CURVE ( 'NONE', #4494, #7292, #7942, .T. ) ;
#9002 = CARTESIAN_POINT ( 'NONE',  ( -17.38499447999996406, 1.112812742067824605E-16, 137.4999999999999716 ) ) ;
#9003 = CARTESIAN_POINT ( 'NONE',  ( 8.884994479999996031, 7.547435416875028835, 73.36824006361939610 ) ) ;
#9004 = EDGE_CURVE ( 'NONE', #1321, #1316, #9737, .T. ) ;
#9005 = CARTESIAN_POINT ( 'NONE',  ( 8.384994479999997807, 7.324061271574146659, 65.33196489872078416 ) ) ;
#9006 = ORIENTED_EDGE ( 'NONE', *, *, #4030, .T. ) ;
#9007 = LINE ( 'NONE', #9704, #7829 ) ;
#9008 = ORIENTED_EDGE ( 'NONE', *, *, #1129, .T. ) ;
#9009 = PLANE ( 'NONE',  #5693 ) ;
#9010 = LINE ( 'NONE', #7335, #6451 ) ;
#9011 = CARTESIAN_POINT ( 'NONE',  ( 8.884994479999996031, 8.102965408015757376, 66.34478814701387250 ) ) ;
#9012 = ORIENTED_EDGE ( 'NONE', *, *, #2435, .F. ) ;
#9013 = EDGE_CURVE ( 'NONE', #3103, #2432, #1074, .T. ) ;
#9014 = ORIENTED_EDGE ( 'NONE', *, *, #4996, .F. ) ;
#9015 = LINE ( 'NONE', #8045, #591 ) ;
#9016 = CARTESIAN_POINT ( 'NONE',  ( 5.884994479999996031, 22.00000000000000000, -59.50000000000000000 ) ) ;
#9017 = EDGE_CURVE ( 'NONE', #815, #4742, #5085, .T. ) ;
#9018 = ORIENTED_EDGE ( 'NONE', *, *, #4927, .T. ) ;
#9019 = CARTESIAN_POINT ( 'NONE',  ( 5.738547870593290412, 21.14644660940670562, 138.0000000000000000 ) ) ;
#9020 = CARTESIAN_POINT ( 'NONE',  ( -17.88499448000000314, 2.399999999999997691, 8.499999999999992895 ) ) ;
#9021 = ORIENTED_EDGE ( 'NONE', *, *, #1689, .T. ) ;
#9022 = CARTESIAN_POINT ( 'NONE',  ( 8.384994479999994255, 8.269363879574960663, 64.83905912195420740 ) ) ;
#9023 = CARTESIAN_POINT ( 'NONE',  ( -17.38499447999996406, -1.971257206271079885E-17, 126.5000000000000284 ) ) ;
#9024 = PLANE ( 'NONE',  #269 ) ;
#9025 = AXIS2_PLACEMENT_3D ( 'NONE', #917, #7114, #6126 ) ;
#9026 = VECTOR ( 'NONE', #8711, 1000.000000000000000 ) ;
#9027 = B_SPLINE_SURFACE_WITH_KNOTS ( 'NONE', 3, 1, ( 
 ( #5337, #5441 ),
 ( #7594, #3934 ),
 ( #7740, #8460 ),
 ( #5100, #85 ),
 ( #6788, #1485 ),
 ( #3889, #4582 ),
 ( #4483, #6885 ),
 ( #2331, #3748 ),
 ( #7692, #3135 ),
 ( #6191, #2983 ),
 ( #739, #6036 ) ),
 .UNSPECIFIED., .F., .F., .F.,
 ( 4, 1, 1, 1, 1, 1, 1, 1, 4 ),
 ( 2, 2 ),
 ( 0.000000000000000000, 0.1452598751950564537, 0.2791805688315043277, 0.4031465057633028537, 0.5224446120742002320, 0.6388384855654547501, 0.7534126782846906067, 0.8720341375722492350, 1.000000000000000000 ),
 ( 0.000000000000000000, 1.000000000000000000 ),
 .UNSPECIFIED. ) ;
#9028 = CARTESIAN_POINT ( 'NONE',  ( 2.384994479999970718, 19.00000000000000000, 8.500000000000007105 ) ) ;
#9029 = ORIENTED_EDGE ( 'NONE', *, *, #3373, .T. ) ;
#9030 = ORIENTED_EDGE ( 'NONE', *, *, #738, .T. ) ;
#9031 = CARTESIAN_POINT ( 'NONE',  ( -16.38499448000000314, 4.199999999999997513, -8.500000000000000000 ) ) ;
#9032 = CARTESIAN_POINT ( 'NONE',  ( 8.884994479999997807, 7.755337484239077206, 71.15820770915975402 ) ) ;
#9033 = CARTESIAN_POINT ( 'NONE',  ( -17.88499447999999248, 1.499999999999973799, 137.4999999999999716 ) ) ;
#9034 = FACE_OUTER_BOUND ( 'NONE', #5099, .T. ) ;
#9035 = AXIS2_PLACEMENT_3D ( 'NONE', #5619, #5062, #7367 ) ;
#9036 = FACE_OUTER_BOUND ( 'NONE', #5408, .T. ) ;
#9037 = VECTOR ( 'NONE', #9873, 1000.000000000000000 ) ;
#9038 = ORIENTED_EDGE ( 'NONE', *, *, #7010, .T. ) ;
#9039 = AXIS2_PLACEMENT_3D ( 'NONE', #9494, #4913, #2516 ) ;
#9040 = DIRECTION ( 'NONE',  ( -0.5773502691896252870, 0.5773502691896255090, 0.5773502691896266192 ) ) ;
#9041 = ORIENTED_EDGE ( 'NONE', *, *, #900, .F. ) ;
#9042 = ORIENTED_EDGE ( 'NONE', *, *, #7135, .F. ) ;
#9043 = DIRECTION ( 'NONE',  ( -4.361715271299513932E-17, -0.3268664966614641676, 0.9450705229559649423 ) ) ;
#9044 = DIRECTION ( 'NONE',  ( -0.7071067811865474617, 0.7071067811865474617, 0.000000000000000000 ) ) ;
#9045 = LINE ( 'NONE', #8289, #5426 ) ;
#9046 = VERTEX_POINT ( 'NONE', #6395 ) ;
#9047 = CARTESIAN_POINT ( 'NONE',  ( 8.384994479999999584, 6.722009803214556101, 65.44125303448858233 ) ) ;
#9048 = DIRECTION ( 'NONE',  ( -0.7071067811865472397, -6.133173666733488664E-16, 0.7071067811865479058 ) ) ;
#9049 = EDGE_CURVE ( 'NONE', #4227, #7617, #7336, .T. ) ;
#9050 = CARTESIAN_POINT ( 'NONE',  ( 5.384994479999996919, 19.00000000000000000, -12.49999999999999645 ) ) ;
#9051 = CARTESIAN_POINT ( 'NONE',  ( 8.884994479999997807, 7.808810843871593299, 73.46034368531317682 ) ) ;
#9052 = CARTESIAN_POINT ( 'NONE',  ( 8.884994479999999584, 6.908727000144287089, 72.82513161105202926 ) ) ;
#9053 = ORIENTED_EDGE ( 'NONE', *, *, #7823, .F. ) ;
#9054 = CARTESIAN_POINT ( 'NONE',  ( 8.384994479999997807, 9.367938962800019809, 65.57514589626173063 ) ) ;
#9055 = VERTEX_POINT ( 'NONE', #5732 ) ;
#9056 = CARTESIAN_POINT ( 'NONE',  ( 8.884994479999996031, 7.622915094144156356, 66.40301170133783160 ) ) ;
#9057 = ADVANCED_FACE ( 'NONE', ( #4334 ), #8044, .T. ) ;
#9058 = CARTESIAN_POINT ( 'NONE',  ( -17.38499448000000669, 0.4999999999999726885, -60.00000000000000000 ) ) ;
#9059 = CARTESIAN_POINT ( 'NONE',  ( 2.384994479999970718, 22.00000000000000000, 8.500000000000007105 ) ) ;
#9060 = ORIENTED_EDGE ( 'NONE', *, *, #4804, .T. ) ;
#9061 = EDGE_CURVE ( 'NONE', #761, #9497, #1125, .T. ) ;
#9062 = VECTOR ( 'NONE', #7867, 1000.000000000000114 ) ;
#9063 = VERTEX_POINT ( 'NONE', #4180 ) ;
#9064 = CYLINDRICAL_SURFACE ( 'NONE', #9252, 0.7999999999999999334 ) ;
#9065 = LINE ( 'NONE', #4533, #3930 ) ;
#9066 = VERTEX_POINT ( 'NONE', #4879 ) ;
#9067 = ORIENTED_EDGE ( 'NONE', *, *, #9846, .F. ) ;
#9068 = VECTOR ( 'NONE', #3843, 1000.000000000000000 ) ;
#9069 = CARTESIAN_POINT ( 'NONE',  ( 8.384994479999997807, 7.318079788848047329, 71.74324355750682969 ) ) ;
#9070 = CARTESIAN_POINT ( 'NONE',  ( 4.384994479999991590, 19.00000000000000000, 7.207106781186551459 ) ) ;
#9071 = VERTEX_POINT ( 'NONE', #8756 ) ;
#9072 = FACE_OUTER_BOUND ( 'NONE', #2192, .T. ) ;
#9073 = EDGE_CURVE ( 'NONE', #3563, #1452, #6440, .T. ) ;
#9074 = CARTESIAN_POINT ( 'NONE',  ( 7.384994479999996031, 2.999999999999999112, 138.0000000000000000 ) ) ;
#9075 = CARTESIAN_POINT ( 'NONE',  ( 8.384994479999999584, 7.857689940872505829, 71.11443479082775809 ) ) ;
#9076 = EDGE_CURVE ( 'NONE', #4813, #267, #2725, .T. ) ;
#9077 = B_SPLINE_CURVE_WITH_KNOTS ( 'NONE', 3,
 ( #6644, #2136, #1289, #7392, #8360 ),
 .UNSPECIFIED., .F., .F.,
 ( 4, 1, 4 ),
 ( 0.000000000000000000, 0.4976074407767995811, 1.000000000000000000 ),
 .UNSPECIFIED. ) ;
#9078 = CARTESIAN_POINT ( 'NONE',  ( 8.384994479999997807, 9.376143784910587087, 85.86071313059227350 ) ) ;
#9079 = CARTESIAN_POINT ( 'NONE',  ( 8.884994479999997807, 10.34286423941982314, 72.04335450318964718 ) ) ;
#9080 = ORIENTED_EDGE ( 'NONE', *, *, #1252, .T. ) ;
#9081 = EDGE_LOOP ( 'NONE', ( #9476, #8420, #1632, #1751, #2873, #4935 ) ) ;
#9082 = VECTOR ( 'NONE', #1779, 1000.000000000000000 ) ;
#9083 = CARTESIAN_POINT ( 'NONE',  ( 8.267282045553216108, 19.47071079408716798, -8.117712434446787029 ) ) ;
#9084 = CARTESIAN_POINT ( 'NONE',  ( 8.884994479999996031, 7.371211002242070265, 71.56628497592754456 ) ) ;
#9085 = FACE_BOUND ( 'NONE', #6051, .T. ) ;
#9086 = DIRECTION ( 'NONE',  ( -0.000000000000000000, -1.000000000000000000, 0.000000000000000000 ) ) ;
#9087 = CARTESIAN_POINT ( 'NONE',  ( 8.884994479999999584, 9.950928567515882506, 73.05050340799186870 ) ) ;
#9088 = AXIS2_PLACEMENT_3D ( 'NONE', #340, #7397, #2639 ) ;
#9089 = ORIENTED_EDGE ( 'NONE', *, *, #4814, .F. ) ;
#9090 = DIRECTION ( 'NONE',  ( -1.445602896647339656E-16, 0.000000000000000000, -1.000000000000000000 ) ) ;
#9091 = VERTEX_POINT ( 'NONE', #3383 ) ;
#9092 = ORIENTED_EDGE ( 'NONE', *, *, #4746, .T. ) ;
#9093 = PLANE ( 'NONE',  #7309 ) ;
#9094 = CARTESIAN_POINT ( 'NONE',  ( -7.884994480000007577, 2.000000000000000888, 74.00000000000007105 ) ) ;
#9095 = DIRECTION ( 'NONE',  ( -0.7071067811865282549, 5.491332302994722296E-16, 0.7071067811865668906 ) ) ;
#9096 = ORIENTED_EDGE ( 'NONE', *, *, #7707, .F. ) ;
#9097 = VECTOR ( 'NONE', #559, 1000.000000000000000 ) ;
#9098 = FACE_OUTER_BOUND ( 'NONE', #5222, .T. ) ;
#9099 = CARTESIAN_POINT ( 'NONE',  ( 8.884994479999996031, 7.862435174143115546, 72.71525548045205767 ) ) ;
#9100 = PLANE ( 'NONE',  #4788 ) ;
#9101 = VECTOR ( 'NONE', #2396, 1000.000000000000000 ) ;
#9102 = LINE ( 'NONE', #6022, #2378 ) ;
#9103 = CARTESIAN_POINT ( 'NONE',  ( 8.384994479999997807, 7.382985688984488704, 66.34500201122945384 ) ) ;
#9104 = ORIENTED_EDGE ( 'NONE', *, *, #7259, .F. ) ;
#9105 = CARTESIAN_POINT ( 'NONE',  ( 8.384994479999997807, 7.382985688984488704, 66.34500201122945384 ) ) ;
#9106 = VERTEX_POINT ( 'NONE', #1975 ) ;
#9107 = FACE_OUTER_BOUND ( 'NONE', #3426, .T. ) ;
#9108 = FACE_BOUND ( 'NONE', #1439, .T. ) ;
#9109 = LOCAL_TIME ( 15, 20, 41.00000000000000000, #3389 ) ;
#9110 = LINE ( 'NONE', #3786, #6834 ) ;
#9111 = B_SPLINE_SURFACE_WITH_KNOTS ( 'NONE', 3, 1, ( 
 ( #8515, #792 ),
 ( #838, #1635 ),
 ( #4633, #1538 ),
 ( #4585, #88 ),
 ( #8464, #4681 ),
 ( #5389, #7743 ),
 ( #882, #3093 ),
 ( #3849, #9222 ),
 ( #7697, #3938 ),
 ( #2283, #6889 ),
 ( #6983, #132 ),
 ( #3138, #9171 ),
 ( #41, #1587 ),
 ( #6142, #5340 ),
 ( #2334, #3893 ),
 ( #6938, #6194 ),
 ( #4564, #1315 ),
 ( #3631, #9753 ),
 ( #2316, #7528 ) ),
 .UNSPECIFIED., .F., .F., .F.,
 ( 4, 1, 1, 1, 1, 1, 1, 1, 1, 1, 1, 1, 1, 1, 1, 1, 4 ),
 ( 2, 2 ),
 ( 0.000000000000000000, 0.07579051948909629188, 0.1478534747076596378, 0.2160625612839166265, 0.2815137391824182878, 0.3441472867208705266, 0.4050398480292150549, 0.4648719310626860390, 0.5240790728485292815, 0.5827249968329573093, 0.6403617283199171117, 0.6973287607626795781, 0.7546841663265049238, 0.8131130606049203902, 0.8730146042387284533, 0.9351953611967567248, 1.000000000000000000 ),
 ( 0.000000000000000000, 1.000000000000000000 ),
 .UNSPECIFIED. ) ;
#9112 = VERTEX_POINT ( 'NONE', #5029 ) ;
#9113 = EDGE_LOOP ( 'NONE', ( #5549, #7022, #8256, #5533 ) ) ;
#9114 = EDGE_CURVE ( 'NONE', #9406, #1723, #6915, .T. ) ;
#9115 = CARTESIAN_POINT ( 'NONE',  ( -3.384994480000097283, 1.499999999999941602, 73.49999999999998579 ) ) ;
#9116 = AXIS2_PLACEMENT_3D ( 'NONE', #8887, #8125, #8782 ) ;
#9117 = ADVANCED_FACE ( 'NONE', ( #5933 ), #5556, .F. ) ;
#9118 = DIRECTION ( 'NONE',  ( -0.000000000000000000, -0.000000000000000000, 1.000000000000000000 ) ) ;
#9119 = DIRECTION ( 'NONE',  ( 1.000000000000000000, 0.000000000000000000, 0.000000000000000000 ) ) ;
#9120 = EDGE_LOOP ( 'NONE', ( #154, #1163, #1866, #1393 ) ) ;
#9121 = EDGE_CURVE ( 'NONE', #5425, #8340, #5282, .T. ) ;
#9122 = DIRECTION ( 'NONE',  ( -0.7071067811865486830, -0.7071067811865464625, 0.000000000000000000 ) ) ;
#9123 = DIRECTION ( 'NONE',  ( -0.7071067811865671127, -3.256836054902200296E-18, 0.7071067811865279218 ) ) ;
#9124 = ORIENTED_EDGE ( 'NONE', *, *, #1401, .T. ) ;
#9125 = LINE ( 'NONE', #2837, #6768 ) ;
#9126 = LINE ( 'NONE', #1291, #2245 ) ;
#9127 = CARTESIAN_POINT ( 'NONE',  ( 8.384994479999997807, 7.540866057995440741, 84.13203709268161390 ) ) ;
#9128 = AXIS2_PLACEMENT_3D ( 'NONE', #8463, #6141, #9221 ) ;
#9129 = VECTOR ( 'NONE', #561, 1000.000000000000000 ) ;
#9130 = ADVANCED_FACE ( 'NONE', ( #3642 ), #9764, .T. ) ;
#9131 = CARTESIAN_POINT ( 'NONE',  ( 8.884994479999996031, 9.601584975772997410, 86.29381298589562732 ) ) ;
#9132 = ADVANCED_FACE ( 'NONE', ( #681 ), #1481, .T. ) ;
#9133 = DIRECTION ( 'NONE',  ( -1.000000000000000000, 1.334402673828313832E-16, 0.000000000000000000 ) ) ;
#9134 = EDGE_LOOP ( 'NONE', ( #1556, #2854, #748, #7390 ) ) ;
#9135 = ORIENTED_EDGE ( 'NONE', *, *, #4922, .F. ) ;
#9136 = VECTOR ( 'NONE', #2253, 1000.000000000000114 ) ;
#9137 = EDGE_CURVE ( 'NONE', #3563, #4077, #8352, .T. ) ;
#9138 = CARTESIAN_POINT ( 'NONE',  ( 8.884994479999997807, 7.894963373532124962, 66.39845565084715417 ) ) ;
#9139 = FACE_OUTER_BOUND ( 'NONE', #8062, .T. ) ;
#9140 = LINE ( 'NONE', #603, #6245 ) ;
#9141 = PLANE ( 'NONE',  #2452 ) ;
#9142 = AXIS2_PLACEMENT_3D ( 'NONE', #56, #3245, #2298 ) ;
#9143 = VECTOR ( 'NONE', #6791, 1000.000000000000000 ) ;
#9144 = EDGE_CURVE ( 'NONE', #2667, #3201, #9110, .T. ) ;
#9145 = ORIENTED_EDGE ( 'NONE', *, *, #1458, .F. ) ;
#9146 = LINE ( 'NONE', #8377, #4298 ) ;
#9147 = ORIENTED_EDGE ( 'NONE', *, *, #7999, .F. ) ;
#9148 = CARTESIAN_POINT ( 'NONE',  ( -17.88499447999999248, 1.500000000000029310, -29.50000000000000000 ) ) ;
#9149 = CARTESIAN_POINT ( 'NONE',  ( 8.384994479999997807, 8.877837434530539085, 65.12122099611373471 ) ) ;
#9150 = CARTESIAN_POINT ( 'NONE',  ( 8.884994479999994255, 9.394260182654946334, 72.62172777762989995 ) ) ;
#9151 = VERTEX_POINT ( 'NONE', #9059 ) ;
#9152 = CARTESIAN_POINT ( 'NONE',  ( 8.384994479999999584, 6.702458179608773214, 64.62824969495466121 ) ) ;
#9153 = CARTESIAN_POINT ( 'NONE',  ( 8.384994479999996031, 7.862435174143115546, 72.71525548045205767 ) ) ;
#9154 = CONICAL_SURFACE ( 'NONE', #4803, 1.500000000000028200, 0.7853981633974482790 ) ;
#9155 = CARTESIAN_POINT ( 'NONE',  ( -17.88499447999999248, 1.499999999999974021, 126.5000000000000284 ) ) ;
#9156 = CARTESIAN_POINT ( 'NONE',  ( -17.88499447999998893, 1.301042606982602954E-15, -22.00000000000000711 ) ) ;
#9157 = DIRECTION ( 'NONE',  ( 0.7071067811865675568, 3.161999785731475362E-16, 0.7071067811865275887 ) ) ;
#9158 = CARTESIAN_POINT ( 'NONE',  ( 8.384994479999996031, 6.738512128955040481, 72.37041132510616137 ) ) ;
#9159 = ORIENTED_EDGE ( 'NONE', *, *, #3482, .F. ) ;
#9160 = LINE ( 'NONE', #871, #803 ) ;
#9161 = ORIENTED_EDGE ( 'NONE', *, *, #6581, .T. ) ;
#9162 = CARTESIAN_POINT ( 'NONE',  ( 8.884994479999997807, 6.702458179608773214, 67.37540403186766014 ) ) ;
#9163 = DIRECTION ( 'NONE',  ( 0.000000000000000000, -0.9348432628350445972, 0.3550606623267744122 ) ) ;
#9164 = VERTEX_POINT ( 'NONE', #730 ) ;
#9165 = ORIENTED_EDGE ( 'NONE', *, *, #2496, .F. ) ;
#9166 = PLANE ( 'NONE',  #7945 ) ;
#9167 = LINE ( 'NONE', #8252, #6805 ) ;
#9168 = DIRECTION ( 'NONE',  ( 1.000000000000000000, -1.334402673828313832E-16, 0.000000000000000000 ) ) ;
#9169 = VERTEX_POINT ( 'NONE', #6685 ) ;
#9170 = CARTESIAN_POINT ( 'NONE',  ( 5.884994479999996031, 22.00000000000000000, -12.49999999999999645 ) ) ;
#9171 = CARTESIAN_POINT ( 'NONE',  ( 8.384994479999997807, 10.07270423497948642, 71.02924920820630916 ) ) ;
#9172 = ORIENTED_EDGE ( 'NONE', *, *, #6420, .F. ) ;
#9173 = DIRECTION ( 'NONE',  ( 0.000000000000000000, -0.7071067811865671127, -0.7071067811865279218 ) ) ;
#9174 = DIRECTION ( 'NONE',  ( 0.7071067811865279218, -0.7071067811865672237, -1.837086636568145733E-16 ) ) ;
#9175 = CARTESIAN_POINT ( 'NONE',  ( 8.884994479999999584, 7.857689940872505829, 71.11443479082775809 ) ) ;
#9176 = EDGE_CURVE ( 'NONE', #5639, #6740, #5182, .T. ) ;
#9177 = CARTESIAN_POINT ( 'NONE',  ( 8.884994479999999584, 9.429548438585324988, 86.00314183902811749 ) ) ;
#9178 = CARTESIAN_POINT ( 'NONE',  ( 8.384994479999997807, 6.702458179608773214, 87.42804607163128594 ) ) ;
#9179 = ORIENTED_EDGE ( 'NONE', *, *, #5006, .T. ) ;
#9180 = ORIENTED_EDGE ( 'NONE', *, *, #8945, .F. ) ;
#9181 = DIRECTION ( 'NONE',  ( 0.7071067811865474617, 3.161999785731520721E-16, 0.7071067811865474617 ) ) ;
#9182 = FACE_OUTER_BOUND ( 'NONE', #3007, .T. ) ;
#9183 = CARTESIAN_POINT ( 'NONE',  ( -17.38499448000000314, 19.00000000000000000, -60.00000000000000000 ) ) ;
#9184 = CARTESIAN_POINT ( 'NONE',  ( -3.384994480000097283, 1.275519368763624455E-17, 74.00000000000004263 ) ) ;
#9185 = ADVANCED_FACE ( 'NONE', ( #629 ), #5497, .T. ) ;
#9186 = EDGE_CURVE ( 'NONE', #9314, #2019, #6516, .T. ) ;
#9187 = CIRCLE ( 'NONE', #5159, 0.5000000000000065503 ) ;
#9188 = EDGE_CURVE ( 'NONE', #6720, #7476, #359, .T. ) ;
#9189 = ORIENTED_EDGE ( 'NONE', *, *, #4206, .F. ) ;
#9190 = ORIENTED_EDGE ( 'NONE', *, *, #2795, .T. ) ;
#9191 = DIRECTION ( 'NONE',  ( 0.000000000000000000, 0.7071067811865672237, -0.7071067811865279218 ) ) ;
#9192 = ORIENTED_EDGE ( 'NONE', *, *, #9001, .T. ) ;
#9193 = AXIS2_PLACEMENT_3D ( 'NONE', #9527, #7160, #7967 ) ;
#9194 = DIRECTION ( 'NONE',  ( 0.000000000000000000, 1.000000000000000000, 0.000000000000000000 ) ) ;
#9195 = CARTESIAN_POINT ( 'NONE',  ( 8.884994479999997807, 9.270319578247473657, 66.26488542204211285 ) ) ;
#9196 = CARTESIAN_POINT ( 'NONE',  ( 8.884994479999996031, 9.742920699772652071, 71.84259586190782443 ) ) ;
#9197 = VECTOR ( 'NONE', #4376, 1000.000000000000000 ) ;
#9198 = CARTESIAN_POINT ( 'NONE',  ( 8.884994479999997807, 6.702458179608773214, 64.62824969495466121 ) ) ;
#9199 = ADVANCED_FACE ( 'NONE', ( #6666 ), #2810, .F. ) ;
#9200 = CARTESIAN_POINT ( 'NONE',  ( 8.884994480000001360, 7.437073673501448212, 72.40242112119739204 ) ) ;
#9201 = ADVANCED_FACE ( 'NONE', ( #1850 ), #2654, .F. ) ;
#9202 = CC_DESIGN_DATE_AND_TIME_ASSIGNMENT ( #335, #8818, ( #6482 ) ) ;
#9203 = CIRCLE ( 'NONE', #2942, 0.5000000000000022204 ) ;
#9204 = DIRECTION ( 'NONE',  ( 0.000000000000000000, -1.000000000000000000, 0.000000000000000000 ) ) ;
#9205 = CARTESIAN_POINT ( 'NONE',  ( 8.884994479999996031, 7.046327013614729573, 73.01392587818673974 ) ) ;
#9206 = FACE_OUTER_BOUND ( 'NONE', #7302, .T. ) ;
#9207 = CARTESIAN_POINT ( 'NONE',  ( 8.884994479999999584, 6.782242499245218603, 65.76362151236759246 ) ) ;
#9208 = ORIENTED_EDGE ( 'NONE', *, *, #843, .F. ) ;
#9209 = CARTESIAN_POINT ( 'NONE',  ( -17.88499447999998893, 0.5000000000000002220, -22.00000000000000711 ) ) ;
#9210 = ORIENTED_EDGE ( 'NONE', *, *, #4030, .F. ) ;
#9211 = VECTOR ( 'NONE', #3073, 1000.000000000000000 ) ;
#9212 = EDGE_CURVE ( 'NONE', #1411, #6094, #939, .T. ) ;
#9213 = LINE ( 'NONE', #8451, #2175 ) ;
#9214 = CARTESIAN_POINT ( 'NONE',  ( -17.38499447999996406, 0.5000000000000280886, 138.0000000000000000 ) ) ;
#9215 = ORIENTED_EDGE ( 'NONE', *, *, #7381, .F. ) ;
#9216 = ORIENTED_EDGE ( 'NONE', *, *, #1378, .F. ) ;
#9217 = CARTESIAN_POINT ( 'NONE',  ( 4.384994479999991590, 19.00000000000000000, 7.207106781186551459 ) ) ;
#9218 = DIRECTION ( 'NONE',  ( -0.5773502691896167383, 0.5773502691896438277, 0.5773502691896167383 ) ) ;
#9219 = CARTESIAN_POINT ( 'NONE',  ( 8.884994479999992478, 9.902607045283453147, 66.10038490849895254 ) ) ;
#9220 = VERTEX_POINT ( 'NONE', #8889 ) ;
#9221 = DIRECTION ( 'NONE',  ( 0.000000000000000000, 0.000000000000000000, 1.000000000000000000 ) ) ;
#9222 = CARTESIAN_POINT ( 'NONE',  ( 8.384994479999997807, 9.589881691669296160, 70.58066934615563071 ) ) ;
#9223 = ORIENTED_EDGE ( 'NONE', *, *, #227, .T. ) ;
#9224 = FACE_OUTER_BOUND ( 'NONE', #1287, .T. ) ;
#9225 = LINE ( 'NONE', #7652, #3875 ) ;
#9226 = VECTOR ( 'NONE', #3174, 1000.000000000000000 ) ;
#9227 = DIRECTION ( 'NONE',  ( 1.000000000000000000, -4.956352788505168987E-15, 0.000000000000000000 ) ) ;
#9228 = LINE ( 'NONE', #6200, #9286 ) ;
#9229 = CARTESIAN_POINT ( 'NONE',  ( 8.884994479999997807, 6.702458179608773214, 69.36194091209999613 ) ) ;
#9230 = VECTOR ( 'NONE', #2882, 1000.000000000000000 ) ;
#9231 = ORIENTED_EDGE ( 'NONE', *, *, #9911, .T. ) ;
#9232 = CARTESIAN_POINT ( 'NONE',  ( -17.38499448000001735, 0.4999999999999726885, -21.50000000000000355 ) ) ;
#9233 = LINE ( 'NONE', #7758, #3411 ) ;
#9234 = CARTESIAN_POINT ( 'NONE',  ( 8.884994479999997807, 6.702458179608773214, 74.75108846028648202 ) ) ;
#9235 = DIRECTION ( 'NONE',  ( 0.000000000000000000, -1.000000000000000000, 0.000000000000000000 ) ) ;
#9236 = EDGE_CURVE ( 'NONE', #7879, #2478, #2010, .T. ) ;
#9237 = LINE ( 'NONE', #2300, #2189 ) ;
#9238 = ORIENTED_EDGE ( 'NONE', *, *, #6275, .T. ) ;
#9239 = VECTOR ( 'NONE', #4912, 1000.000000000000000 ) ;
#9240 = VERTEX_POINT ( 'NONE', #6620 ) ;
#9241 = EDGE_CURVE ( 'NONE', #8132, #876, #7414, .T. ) ;
#9242 = CARTESIAN_POINT ( 'NONE',  ( 8.884994479999997807, 9.744684353694607282, 71.96650975824545071 ) ) ;
#9243 = ORIENTED_EDGE ( 'NONE', *, *, #3353, .T. ) ;
#9244 = EDGE_CURVE ( 'NONE', #6211, #9649, #8026, .T. ) ;
#9245 = CARTESIAN_POINT ( 'NONE',  ( -9.384994480000001360, 0.4999999999999998890, -21.50000000000000355 ) ) ;
#9246 = DIRECTION ( 'NONE',  ( -2.040851148208008245E-16, 2.175977135863191384E-32, -1.000000000000000000 ) ) ;
#9247 = DIRECTION ( 'NONE',  ( 0.000000000000000000, 0.7071067811865474617, 0.7071067811865474617 ) ) ;
#9248 = EDGE_CURVE ( 'NONE', #1447, #533, #3465, .T. ) ;
#9249 = DIRECTION ( 'NONE',  ( -1.000000000000000000, 0.000000000000000000, 0.000000000000000000 ) ) ;
#9250 = CARTESIAN_POINT ( 'NONE',  ( 8.384994479999996031, 7.311268832638107895, 72.08299501996698666 ) ) ;
#9251 = VECTOR ( 'NONE', #4654, 1000.000000000000000 ) ;
#9252 = AXIS2_PLACEMENT_3D ( 'NONE', #1377, #3745, #9865 ) ;
#9253 = CARTESIAN_POINT ( 'NONE',  ( -16.38499448000000314, 5.699999999999998401, -60.00000000000000000 ) ) ;
#9254 = CARTESIAN_POINT ( 'NONE',  ( 8.884994479999997807, 7.744705774132406795, 66.40734545063772032 ) ) ;
#9255 = EDGE_CURVE ( 'NONE', #3451, #7934, #9691, .T. ) ;
#9256 = VECTOR ( 'NONE', #4831, 1000.000000000000114 ) ;
#9257 = CARTESIAN_POINT ( 'NONE',  ( -17.88499447999999248, -2.087213512522327618E-17, 137.4999999999999716 ) ) ;
#9258 = CARTESIAN_POINT ( 'NONE',  ( 8.384994479999996031, 7.046327013614729573, 73.01392587818673974 ) ) ;
#9259 = ORIENTED_EDGE ( 'NONE', *, *, #4555, .F. ) ;
#9260 = EDGE_CURVE ( 'NONE', #7546, #7813, #5961, .T. ) ;
#9261 = CARTESIAN_POINT ( 'NONE',  ( 8.384994480000001360, 10.29749719360676430, 64.96150191332606028 ) ) ;
#9262 = EDGE_LOOP ( 'NONE', ( #315, #4006, #2995, #2673 ) ) ;
#9263 = CARTESIAN_POINT ( 'NONE',  ( 8.884994479999999584, 6.782242499245218603, 65.76362151236759246 ) ) ;
#9264 = CARTESIAN_POINT ( 'NONE',  ( 6.592101261186540384, 22.00000000000000000, 8.500000000000005329 ) ) ;
#9265 = ORIENTED_EDGE ( 'NONE', *, *, #4922, .T. ) ;
#9266 = AXIS2_PLACEMENT_3D ( 'NONE', #2338, #9660, #2028 ) ;
#9267 = VERTEX_POINT ( 'NONE', #6067 ) ;
#9268 = FACE_OUTER_BOUND ( 'NONE', #8872, .T. ) ;
#9269 = CARTESIAN_POINT ( 'NONE',  ( 8.884994479999994255, 7.677507423680318688, 84.17405921613509179 ) ) ;
#9270 = CARTESIAN_POINT ( 'NONE',  ( 8.884994479999999584, 10.27855796706030311, 65.37960462547604834 ) ) ;
#9271 = ORIENTED_EDGE ( 'NONE', *, *, #101, .F. ) ;
#9272 = VECTOR ( 'NONE', #4900, 1000.000000000000000 ) ;
#9273 = CARTESIAN_POINT ( 'NONE',  ( 8.884994479999997807, 6.702458179608773214, 84.43527568099845837 ) ) ;
#9274 = PLANE ( 'NONE',  #8170 ) ;
#9275 = ORIENTED_EDGE ( 'NONE', *, *, #230, .F. ) ;
#9276 = DIRECTION ( 'NONE',  ( 1.192622389734055617E-16, -1.271586638770053372E-32, 1.000000000000000000 ) ) ;
#9277 = CARTESIAN_POINT ( 'NONE',  ( 8.884994479999994255, 9.422241812588204368, 68.36651162693644324 ) ) ;
#9278 = CARTESIAN_POINT ( 'NONE',  ( 4.738547870593263767, 19.00000000000000000, 6.853553390593266847 ) ) ;
#9279 =( BOUNDED_CURVE ( )  B_SPLINE_CURVE ( 3, ( #9856, #1480, #123, #2423 ),
 .UNSPECIFIED., .F., .T. ) 
 B_SPLINE_CURVE_WITH_KNOTS ( ( 4, 4 ),
 ( 4.712388980384689674, 6.283185307179586232 ),
 .UNSPECIFIED. ) 
 CURVE ( )  GEOMETRIC_REPRESENTATION_ITEM ( )  RATIONAL_B_SPLINE_CURVE ( ( 1.000000000000000000, 0.8047378541243649375, 0.8047378541243649375, 1.000000000000000000 ) ) 
 REPRESENTATION_ITEM ( '' )  );
#9280 = DIRECTION ( 'NONE',  ( -1.000000000000000000, 1.334402673828313832E-16, -0.000000000000000000 ) ) ;
#9281 = CARTESIAN_POINT ( 'NONE',  ( 8.884994479999997807, 7.301732539417800538, 64.10244406675683138 ) ) ;
#9282 = EDGE_LOOP ( 'NONE', ( #1823, #8792, #9401, #3350, #5191, #175, #3474, #7562, #7616, #8378, #3146 ) ) ;
#9283 = DIRECTION ( 'NONE',  ( -1.000000000000000000, 0.000000000000000000, 0.000000000000000000 ) ) ;
#9284 = CARTESIAN_POINT ( 'NONE',  ( 8.384994479999996031, 8.107592613238251644, 65.58887875448603211 ) ) ;
#9285 = CARTESIAN_POINT ( 'NONE',  ( 8.384994479999997807, 10.24206598805142043, 65.60385556116871442 ) ) ;
#9286 = VECTOR ( 'NONE', #6100, 1000.000000000000000 ) ;
#9287 = AXIS2_PLACEMENT_3D ( 'NONE', #8588, #6965, #5570 ) ;
#9288 = CARTESIAN_POINT ( 'NONE',  ( -7.884994480000004025, 2.000000000000000888, 20.99999999999993250 ) ) ;
#9289 = CARTESIAN_POINT ( 'NONE',  ( 8.384994479999997807, 6.710679047589926505, 65.18624860153957457 ) ) ;
#9290 = VECTOR ( 'NONE', #4812, 1000.000000000000000 ) ;
#9291 = VERTEX_POINT ( 'NONE', #2856 ) ;
#9292 = CARTESIAN_POINT ( 'NONE',  ( 8.884994479999999584, 9.497332275014461089, 72.54447158765448478 ) ) ;
#9293 = ORIENTED_EDGE ( 'NONE', *, *, #4746, .F. ) ;
#9294 = CARTESIAN_POINT ( 'NONE',  ( 5.384994479999996031, 21.50000000000000000, -60.00000000000000000 ) ) ;
#9295 = CARTESIAN_POINT ( 'NONE',  ( 8.384994479999997807, 8.008435176124612198, 72.76091647633330695 ) ) ;
#9296 = CARTESIAN_POINT ( 'NONE',  ( 8.884994480000001360, 9.728122697016640785, 71.74653519867160867 ) ) ;
#9297 = CARTESIAN_POINT ( 'NONE',  ( 5.384994479999996919, 22.00000000000000000, -12.49999999999999645 ) ) ;
#9298 = AXIS2_PLACEMENT_3D ( 'NONE', #5038, #4939, #8052 ) ;
#9299 = DIRECTION ( 'NONE',  ( -1.000000000000000000, 0.000000000000000000, 0.000000000000000000 ) ) ;
#9300 = EDGE_CURVE ( 'NONE', #9071, #4461, #8432, .T. ) ;
#9301 = CARTESIAN_POINT ( 'NONE',  ( 8.384994479999994255, 9.694024580125814694, 65.04434197411009677 ) ) ;
#9302 = AXIS2_PLACEMENT_3D ( 'NONE', #6841, #4343, #2184 ) ;
#9303 = CARTESIAN_POINT ( 'NONE',  ( 8.884994479999997807, 6.702458179608773214, 83.84320413801404470 ) ) ;
#9304 = DIRECTION ( 'NONE',  ( -0.5773502691896578165, -0.5773502691895937566, -0.5773502691896257311 ) ) ;
#9305 = ORIENTED_EDGE ( 'NONE', *, *, #3462, .T. ) ;
#9306 = CARTESIAN_POINT ( 'NONE',  ( -9.134994480000010242, 5.499038105676661736, 8.499999999999992895 ) ) ;
#9307 = CARTESIAN_POINT ( 'NONE',  ( 8.384994479999996031, 2.999999999999999112, 137.4999999999999716 ) ) ;
#9308 = DIRECTION ( 'NONE',  ( -0.7071067811865670016, 0.7071067811865279218, -7.845033729954568749E-14 ) ) ;
#9309 = DIRECTION ( 'NONE',  ( 0.7071067811865475727, 0.000000000000000000, -0.7071067811865475727 ) ) ;
#9310 = EDGE_CURVE ( 'NONE', #3158, #8167, #9795, .T. ) ;
#9311 = ADVANCED_FACE ( 'NONE', ( #1465 ), #6762, .F. ) ;
#9312 = ORIENTED_EDGE ( 'NONE', *, *, #5920, .F. ) ;
#9313 = ADVANCED_FACE ( 'NONE', ( #6117 ), #3011, .T. ) ;
#9314 = VERTEX_POINT ( 'NONE', #663 ) ;
#9315 = EDGE_CURVE ( 'NONE', #6561, #2181, #5312, .T. ) ;
#9316 = B_SPLINE_CURVE_WITH_KNOTS ( 'NONE', 3,
 ( #834, #7542, #3795, #4676, #5848, #8926, #4534, #9270, #2380, #3036, #789, #2047, #38, #5287, #6837, #3089, #9219, #8172, #8512, #1630, #1435, #686, #8357 ),
 .UNSPECIFIED., .F., .F.,
 ( 4, 1, 1, 1, 1, 1, 1, 1, 1, 1, 1, 1, 1, 1, 1, 1, 1, 1, 1, 1, 4 ),
 ( 0.000000000000000000, 0.05483054374682622134, 0.1058840583750885328, 0.1535527795256829142, 0.1974568995593474485, 0.2376529557301083617, 0.2744563599250950392, 0.3079461954932512513, 0.3377875494960229097, 0.3931165157829827894, 0.4469257407105733937, 0.5000638113711542987, 0.5526568895130823389, 0.6055224900376262598, 0.6587479401061266948, 0.7130228253805467320, 0.7692362908336476401, 0.8260569400446607924, 0.8827364948397963262, 0.9401354925429853404, 1.000000000000000000 ),
 .UNSPECIFIED. ) ;
#9317 = CARTESIAN_POINT ( 'NONE',  ( 8.884994479999997807, 8.881310269058662499, 65.15693644988233757 ) ) ;
#9318 = CARTESIAN_POINT ( 'NONE',  ( 8.884994479999997807, 9.316503010420847275, 65.57674695809332377 ) ) ;
#9319 = ORIENTED_EDGE ( 'NONE', *, *, #2748, .T. ) ;
#9320 = DIRECTION ( 'NONE',  ( -1.156482317317871478E-16, -2.682028355221109045E-34, 1.000000000000000000 ) ) ;
#9321 = VERTEX_POINT ( 'NONE', #1557 ) ;
#9322 = DIRECTION ( 'NONE',  ( 9.351432017379509350E-17, 0.7007953596608781366, -0.7133623650556430995 ) ) ;
#9323 = CARTESIAN_POINT ( 'NONE',  ( 4.738547870593263767, 19.00000000000000000, -6.853553390593266847 ) ) ;
#9324 = DIRECTION ( 'NONE',  ( 1.000000000000000000, -0.000000000000000000, -0.000000000000000000 ) ) ;
#9325 = CARTESIAN_POINT ( 'NONE',  ( 8.384994479999997807, 8.688274778158639577, 74.75108846028648202 ) ) ;
#9326 = EDGE_CURVE ( 'NONE', #7179, #1214, #9840, .T. ) ;
#9327 = EDGE_CURVE ( 'NONE', #3706, #8763, #2154, .T. ) ;
#9328 = CC_DESIGN_PERSON_AND_ORGANIZATION_ASSIGNMENT ( #3443, #438, ( #6482 ) ) ;
#9329 = LINE ( 'NONE', #9464, #7461 ) ;
#9330 = CARTESIAN_POINT ( 'NONE',  ( 8.884994479999999584, 9.529053669163133122, 71.33835457805648161 ) ) ;
#9331 = ORIENTED_EDGE ( 'NONE', *, *, #112, .T. ) ;
#9332 = ORIENTED_EDGE ( 'NONE', *, *, #7943, .F. ) ;
#9333 = CARTESIAN_POINT ( 'NONE',  ( 7.584994479999995320, -1.000000000000005107, -8.500000000000001776 ) ) ;
#9334 = CARTESIAN_POINT ( 'NONE',  ( 8.384994479999996031, 8.231671856119762154, 65.34658531332394205 ) ) ;
#9335 = CARTESIAN_POINT ( 'NONE',  ( 8.384994479999997807, 10.29810433846293805, 64.85946011502520037 ) ) ;
#9336 = EDGE_LOOP ( 'NONE', ( #1966, #1636, #542, #1691 ) ) ;
#9337 = CARTESIAN_POINT ( 'NONE',  ( 8.884994479999997807, 6.702458179608773214, 86.73657565646701073 ) ) ;
#9338 = DIRECTION ( 'NONE',  ( -4.605861719268250263E-18, 1.000000000000000000, 0.000000000000000000 ) ) ;
#9339 = DIRECTION ( 'NONE',  ( 0.000000000000000000, 0.000000000000000000, 1.000000000000000000 ) ) ;
#9340 = ORIENTED_EDGE ( 'NONE', *, *, #4097, .T. ) ;
#9341 = DIRECTION ( 'NONE',  ( -1.334402673828314079E-16, -1.000000000000000000, 0.000000000000000000 ) ) ;
#9342 = CARTESIAN_POINT ( 'NONE',  ( 8.384994479999997807, 8.742977465055947306, 65.98562715184019112 ) ) ;
#9343 = CARTESIAN_POINT ( 'NONE',  ( 8.384994479999994255, 9.297719856768848601, 71.15838476422642600 ) ) ;
#9344 = DIRECTION ( 'NONE',  ( -0.8660254037844381525, 0.5000000000000006661, 0.000000000000000000 ) ) ;
#9345 = CARTESIAN_POINT ( 'NONE',  ( 8.384994479998450601, 9.698829978653909833, 64.10244406675683138 ) ) ;
#9346 = VECTOR ( 'NONE', #9736, 1000.000000000000000 ) ;
#9347 = DIRECTION ( 'NONE',  ( 1.084202172485504804E-16, 1.000000000000000000, 0.000000000000000000 ) ) ;
#9348 = DIRECTION ( 'NONE',  ( 0.000000000000000000, 1.000000000000000000, -0.000000000000000000 ) ) ;
#9349 = CARTESIAN_POINT ( 'NONE',  ( -8.884994480000001360, 2.000000000000000888, -13.30000000000000604 ) ) ;
#9350 = VERTEX_POINT ( 'NONE', #5362 ) ;
#9351 = CARTESIAN_POINT ( 'NONE',  ( 8.384994479999997807, 9.614696052340669041, 66.24320827542877055 ) ) ;
#9352 = PLANE ( 'NONE',  #3122 ) ;
#9353 = CARTESIAN_POINT ( 'NONE',  ( -7.634994480000049322, 0.2500000000000557332, 74.00000000000001421 ) ) ;
#9354 = DIRECTION ( 'NONE',  ( -0.7071067811865303643, 0.7071067811865647812, -0.000000000000000000 ) ) ;
#9355 = EDGE_CURVE ( 'NONE', #1896, #2260, #2207, .T. ) ;
#9356 = VECTOR ( 'NONE', #8, 1000.000000000000000 ) ;
#9357 = AXIS2_PLACEMENT_3D ( 'NONE', #6734, #9610, #6585 ) ;
#9358 = VERTEX_POINT ( 'NONE', #6863 ) ;
#9359 = ORIENTED_EDGE ( 'NONE', *, *, #3048, .T. ) ;
#9360 = PLANE ( 'NONE',  #1859 ) ;
#9361 = CARTESIAN_POINT ( 'NONE',  ( 7.384994479999996031, 1.499999999999970912, 138.0000000000000000 ) ) ;
#9362 = DIRECTION ( 'NONE',  ( 0.000000000000000000, 0.000000000000000000, -1.000000000000000000 ) ) ;
#9363 = VECTOR ( 'NONE', #5857, 1000.000000000000000 ) ;
#9364 = ADVANCED_FACE ( 'NONE', ( #1412 ), #8993, .T. ) ;
#9365 = VERTEX_POINT ( 'NONE', #2956 ) ;
#9366 = ADVANCED_FACE ( 'NONE', ( #6014 ), #9093, .T. ) ;
#9367 = DIRECTION ( 'NONE',  ( 1.000000000000000000, 1.224646799147353454E-16, 0.000000000000000000 ) ) ;
#9368 = ORIENTED_EDGE ( 'NONE', *, *, #4641, .T. ) ;
#9369 = CARTESIAN_POINT ( 'NONE',  ( -4.806533510917348373, 3.000000000000000000, -8.499999999999992895 ) ) ;
#9370 = DIRECTION ( 'NONE',  ( 0.000000000000000000, -1.000000000000000000, 0.000000000000000000 ) ) ;
#9371 = EDGE_CURVE ( 'NONE', #4043, #8206, #5267, .T. ) ;
#9372 = FACE_OUTER_BOUND ( 'NONE', #471, .T. ) ;
#9373 = LINE ( 'NONE', #1076, #6334 ) ;
#9374 = CARTESIAN_POINT ( 'NONE',  ( 8.884994479999996031, 8.836984614686530293, 71.03091446592361535 ) ) ;
#9375 = ORIENTED_EDGE ( 'NONE', *, *, #3222, .F. ) ;
#9376 = EDGE_CURVE ( 'NONE', #973, #5146, #7671, .T. ) ;
#9377 = LINE ( 'NONE', #8527, #9101 ) ;
#9378 = DIRECTION ( 'NONE',  ( 0.000000000000000000, 0.000000000000000000, 1.000000000000000000 ) ) ;
#9379 = CARTESIAN_POINT ( 'NONE',  ( -17.88499447999999248, 0.5000000000000003331, -29.50000000000000000 ) ) ;
#9380 = EDGE_LOOP ( 'NONE', ( #6192, #1578, #8841, #8253 ) ) ;
#9381 = LINE ( 'NONE', #2450, #3851 ) ;
#9382 = ADVANCED_FACE ( 'NONE', ( #6810 ), #7465, .T. ) ;
#9383 = CARTESIAN_POINT ( 'NONE',  ( 8.384994479999997807, 6.702458179608773214, 64.62824969495466121 ) ) ;
#9384 = ORIENTED_EDGE ( 'NONE', *, *, #6770, .F. ) ;
#9385 = LINE ( 'NONE', #4702, #624 ) ;
#9386 = ORIENTED_EDGE ( 'NONE', *, *, #534, .T. ) ;
#9387 = LINE ( 'NONE', #9294, #2044 ) ;
#9388 = CARTESIAN_POINT ( 'NONE',  ( 8.384994479999994255, 7.325972630318130285, 72.15202534369261400 ) ) ;
#9389 = CARTESIAN_POINT ( 'NONE',  ( 8.384994479999997807, 9.529053669163133122, 71.33835457805648161 ) ) ;
#9390 = CARTESIAN_POINT ( 'NONE',  ( 8.884994479999997807, 8.372791401239945586, 75.32731380625671136 ) ) ;
#9391 = FACE_OUTER_BOUND ( 'NONE', #8157, .T. ) ;
#9392 = DIRECTION ( 'NONE',  ( 0.000000000000000000, -0.9354018683714186988, -0.3535864033687651231 ) ) ;
#9393 = PLANE ( 'NONE',  #1264 ) ;
#9394 = ORIENTED_EDGE ( 'NONE', *, *, #7870, .T. ) ;
#9395 = VECTOR ( 'NONE', #5280, 1000.000000000000000 ) ;
#9396 = CARTESIAN_POINT ( 'NONE',  ( 8.884994479999997807, 10.20898060307301414, 65.70164973390654950 ) ) ;
#9397 = CARTESIAN_POINT ( 'NONE',  ( 8.384994479999996031, 9.731338497054609959, 70.67338297166187999 ) ) ;
#9398 = LINE ( 'NONE', #8843, #5865 ) ;
#9399 = CARTESIAN_POINT ( 'NONE',  ( 8.384994479999997807, 7.324061271574146659, 65.33196489872078416 ) ) ;
#9400 = VERTEX_POINT ( 'NONE', #9148 ) ;
#9401 = ORIENTED_EDGE ( 'NONE', *, *, #9310, .T. ) ;
#9402 = DIRECTION ( 'NONE',  ( -0.000000000000000000, -0.000000000000000000, 1.000000000000000000 ) ) ;
#9403 = CARTESIAN_POINT ( 'NONE',  ( 7.384994479999996031, 19.99999999999999645, -59.50000000000000000 ) ) ;
#9404 = VECTOR ( 'NONE', #1863, 1000.000000000000000 ) ;
#9405 = CARTESIAN_POINT ( 'NONE',  ( 8.384994479999997807, 9.367938962800019809, 65.57514589626173063 ) ) ;
#9406 = VERTEX_POINT ( 'NONE', #3069 ) ;
#9407 = CARTESIAN_POINT ( 'NONE',  ( 8.884994479999997807, 9.283947729555352524, 73.41424565763556132 ) ) ;
#9408 = ORIENTED_EDGE ( 'NONE', *, *, #1989, .T. ) ;
#9409 = CARTESIAN_POINT ( 'NONE',  ( 8.384994480000003136, 8.152973638178949045, 65.53251543318918948 ) ) ;
#9410 = LINE ( 'NONE', #983, #9026 ) ;
#9411 = VECTOR ( 'NONE', #2307, 1000.000000000000000 ) ;
#9412 = PLANE ( 'NONE',  #2357 ) ;
#9413 = EDGE_CURVE ( 'NONE', #5543, #8202, #2261, .T. ) ;
#9414 = DIRECTION ( 'NONE',  ( -1.000000000000000000, 1.334402673828313832E-16, -0.000000000000000000 ) ) ;
#9415 = CARTESIAN_POINT ( 'NONE',  ( 8.384994479999999584, 8.424829163951280009, 70.32697392802708691 ) ) ;
#9416 = ADVANCED_FACE ( 'NONE', ( #8536 ), #906, .T. ) ;
#9417 = ORIENTED_EDGE ( 'NONE', *, *, #5982, .T. ) ;
#9418 = ORIENTED_EDGE ( 'NONE', *, *, #5982, .F. ) ;
#9419 = CARTESIAN_POINT ( 'NONE',  ( 8.384994479999996031, 2.999999999999999112, -7.699999999999998401 ) ) ;
#9420 = CARTESIAN_POINT ( 'NONE',  ( 8.384994479999997807, 6.702458179608773214, 64.62824969495466121 ) ) ;
#9421 = CARTESIAN_POINT ( 'NONE',  ( 8.384994479999992478, 9.902607045283453147, 66.10038490849895254 ) ) ;
#9422 = VERTEX_POINT ( 'NONE', #7007 ) ;
#9423 = CARTESIAN_POINT ( 'NONE',  ( -69.99999999999967315, -1.417334059324667871E-16, 18.88499448000406744 ) ) ;
#9424 = CARTESIAN_POINT ( 'NONE',  ( 6.384994480000013795, 19.00000000000000000, 8.500000000000007105 ) ) ;
#9425 = EDGE_CURVE ( 'NONE', #6149, #2871, #200, .T. ) ;
#9426 = ADVANCED_FACE ( 'NONE', ( #4752 ), #7055, .T. ) ;
#9427 = ADVANCED_FACE ( 'NONE', ( #3300 ), #65, .T. ) ;
#9428 = ORIENTED_EDGE ( 'NONE', *, *, #1948, .T. ) ;
#9429 = DIRECTION ( 'NONE',  ( -0.000000000000000000, 0.000000000000000000, 1.000000000000000000 ) ) ;
#9430 = ADVANCED_FACE ( 'NONE', ( #1657 ), #4705, .T. ) ;
#9431 = ORIENTED_EDGE ( 'NONE', *, *, #1470, .F. ) ;
#9432 = LINE ( 'NONE', #5409, #786 ) ;
#9433 = ORIENTED_EDGE ( 'NONE', *, *, #9847, .F. ) ;
#9434 = AXIS2_PLACEMENT_3D ( 'NONE', #3249, #6309, #103 ) ;
#9435 = CARTESIAN_POINT ( 'NONE',  ( 7.384994479999996031, 2.999999999999999112, -7.699999999999998401 ) ) ;
#9436 = CARTESIAN_POINT ( 'NONE',  ( 8.884994479999996031, 7.993165381507008505, 65.67096607418486087 ) ) ;
#9437 = CARTESIAN_POINT ( 'NONE',  ( 8.884994479999999584, 9.385310731400688056, 71.21123868874377649 ) ) ;
#9438 = CARTESIAN_POINT ( 'NONE',  ( 8.884994479999997807, 10.29810433846293805, 68.72953359489767422 ) ) ;
#9439 = CARTESIAN_POINT ( 'NONE',  ( 8.884994479999997807, 9.132400841712708939, 65.55244622681770750 ) ) ;
#9440 = AXIS2_PLACEMENT_3D ( 'NONE', #6271, #869, #7828 ) ;
#9441 = EDGE_CURVE ( 'NONE', #4484, #9560, #3915, .T. ) ;
#9442 = CARTESIAN_POINT ( 'NONE',  ( -17.88499448000000314, 4.199999999999997513, 8.499999999999992895 ) ) ;
#9443 = CARTESIAN_POINT ( 'NONE',  ( 5.384994479999996919, 20.49999999999999645, 12.49999999999999645 ) ) ;
#9444 = PLANE ( 'NONE',  #9440 ) ;
#9445 = ORIENTED_EDGE ( 'NONE', *, *, #9654, .F. ) ;
#9446 = AXIS2_PLACEMENT_3D ( 'NONE', #4108, #7161, #9247 ) ;
#9447 = CARTESIAN_POINT ( 'NONE',  ( 8.384994479999996031, 8.903994243103134920, 70.35169380265170958 ) ) ;
#9448 = DIRECTION ( 'NONE',  ( 1.000000000000000000, -1.066210604224532462E-16, 0.000000000000000000 ) ) ;
#9449 = FACE_OUTER_BOUND ( 'NONE', #4999, .T. ) ;
#9450 = ORIENTED_EDGE ( 'NONE', *, *, #1457, .F. ) ;
#9451 = AXIS2_PLACEMENT_3D ( 'NONE', #6950, #6259, #7712 ) ;
#9452 = VECTOR ( 'NONE', #7859, 999.9999999999998863 ) ;
#9453 = ORIENTED_EDGE ( 'NONE', *, *, #1067, .F. ) ;
#9454 = CARTESIAN_POINT ( 'NONE',  ( 8.884994479999997807, 6.702458179608773214, 71.96575919420291712 ) ) ;
#9455 = LINE ( 'NONE', #5629, #1042 ) ;
#9456 = ORIENTED_EDGE ( 'NONE', *, *, #960, .T. ) ;
#9457 = CARTESIAN_POINT ( 'NONE',  ( 8.384994479999996031, 9.440765139116818361, 65.55525699972352527 ) ) ;
#9458 = ORIENTED_EDGE ( 'NONE', *, *, #4039, .T. ) ;
#9459 = CARTESIAN_POINT ( 'NONE',  ( 8.884994479999997807, 9.890330284077396783, 73.11124508076578365 ) ) ;
#9460 = ORIENTED_EDGE ( 'NONE', *, *, #8386, .T. ) ;
#9461 = CARTESIAN_POINT ( 'NONE',  ( 8.384994479999999584, 8.166911527174056218, 66.31669202837817068 ) ) ;
#9462 = DIRECTION ( 'NONE',  ( 0.000000000000000000, 0.000000000000000000, -1.000000000000000000 ) ) ;
#9463 = DIRECTION ( 'NONE',  ( 1.000000000000000000, 0.000000000000000000, 0.000000000000000000 ) ) ;
#9464 = CARTESIAN_POINT ( 'NONE',  ( -3.384994479999995143, 1.275519368763648028E-17, -29.50000000000002487 ) ) ;
#9465 = DIRECTION ( 'NONE',  ( 0.000000000000000000, -1.000000000000000000, 0.000000000000000000 ) ) ;
#9466 = ORIENTED_EDGE ( 'NONE', *, *, #668, .T. ) ;
#9467 = ORIENTED_EDGE ( 'NONE', *, *, #174, .F. ) ;
#9468 = CARTESIAN_POINT ( 'NONE',  ( 8.884994479999997807, 10.05952367535654624, 86.75809526741041111 ) ) ;
#9469 = CARTESIAN_POINT ( 'NONE',  ( 8.884994479999997807, 8.684673369746326088, 85.86071313059227350 ) ) ;
#9470 = EDGE_LOOP ( 'NONE', ( #8234, #9275, #3023, #6875 ) ) ;
#9471 = PLANE ( 'NONE',  #2402 ) ;
#9472 = CARTESIAN_POINT ( 'NONE',  ( 8.384994479999997807, 7.744705774132406795, 66.40734545063772032 ) ) ;
#9473 = EDGE_CURVE ( 'NONE', #8053, #940, #1047, .T. ) ;
#9474 = VERTEX_POINT ( 'NONE', #9245 ) ;
#9475 = DIRECTION ( 'NONE',  ( -7.193980153191270994E-17, -0.5391161374513895321, -0.8422314351408967115 ) ) ;
#9476 = ORIENTED_EDGE ( 'NONE', *, *, #9857, .T. ) ;
#9477 = VECTOR ( 'NONE', #3941, 1000.000000000000000 ) ;
#9478 = DIRECTION ( 'NONE',  ( 0.7071067811865462405, 0.7071067811865489050, -0.000000000000000000 ) ) ;
#9479 = EDGE_LOOP ( 'NONE', ( #1526, #9680, #7539, #1142 ) ) ;
#9480 = CARTESIAN_POINT ( 'NONE',  ( 8.884994479999997807, 8.343375285957447929, 66.20379152556195379 ) ) ;
#9481 = DIRECTION ( 'NONE',  ( -0.6000000000000044187, 0.000000000000000000, 0.7999999999999967137 ) ) ;
#9482 = CARTESIAN_POINT ( 'NONE',  ( 8.384994479999996031, 7.220311958300829502, 73.17546344892058130 ) ) ;
#9483 = EDGE_CURVE ( 'NONE', #2126, #790, #2456, .T. ) ;
#9484 = LINE ( 'NONE', #7868, #709 ) ;
#9485 = ADVANCED_FACE ( 'NONE', ( #2407 ), #998, .T. ) ;
#9486 = CIRCLE ( 'NONE', #5163, 1.700000000000000178 ) ;
#9487 = FACE_OUTER_BOUND ( 'NONE', #6492, .T. ) ;
#9488 = CARTESIAN_POINT ( 'NONE',  ( 8.384994479999997807, 8.790013062457036952, 86.10483752327857587 ) ) ;
#9489 = CARTESIAN_POINT ( 'NONE',  ( 8.884994479999997807, 10.29810433846293805, 63.41097365159257038 ) ) ;
#9490 = ORIENTED_EDGE ( 'NONE', *, *, #9049, .F. ) ;
#9491 = EDGE_CURVE ( 'NONE', #584, #6326, #1797, .T. ) ;
#9492 = CARTESIAN_POINT ( 'NONE',  ( -2.884994480000008910, 0.5000000000000280886, 125.4999999999999716 ) ) ;
#9493 = LINE ( 'NONE', #1856, #1552 ) ;
#9494 = CARTESIAN_POINT ( 'NONE',  ( -2.884994480000008910, 22.00100000000000122, 34.00000000000004263 ) ) ;
#9495 = ADVANCED_FACE ( 'NONE', ( #8581 ), #1705, .T. ) ;
#9496 = AXIS2_PLACEMENT_3D ( 'NONE', #2510, #4018, #6270 ) ;
#9497 = VERTEX_POINT ( 'NONE', #3251 ) ;
#9498 = PLANE ( 'NONE',  #1062 ) ;
#9499 = EDGE_LOOP ( 'NONE', ( #6414, #9243 ) ) ;
#9500 = DIRECTION ( 'NONE',  ( -0.7071067811865474617, 7.539247484201731778E-17, -0.7071067811865474617 ) ) ;
#9501 = ORIENTED_EDGE ( 'NONE', *, *, #780, .F. ) ;
#9502 = CIRCLE ( 'NONE', #6133, 1.499999999999973577 ) ;
#9503 = CARTESIAN_POINT ( 'NONE',  ( 8.884994479999999584, 9.930886067610435575, 73.07059333301528170 ) ) ;
#9504 = ORIENTED_EDGE ( 'NONE', *, *, #9236, .T. ) ;
#9505 = CARTESIAN_POINT ( 'NONE',  ( 8.384994479999997807, 7.744705774132406795, 66.40734545063772032 ) ) ;
#9506 = LINE ( 'NONE', #7847, #1326 ) ;
#9507 = DIRECTION ( 'NONE',  ( -1.192622389734055617E-16, 1.271586638770053372E-32, -1.000000000000000000 ) ) ;
#9508 = TOROIDAL_SURFACE ( 'NONE', #9685, 0.1999999999999999833, 0.8000000000000000444 ) ;
#9509 = DIRECTION ( 'NONE',  ( 0.000000000000000000, 1.000000000000000000, 0.000000000000000000 ) ) ;
#9510 = DIRECTION ( 'NONE',  ( 0.000000000000000000, 0.000000000000000000, 1.000000000000000000 ) ) ;
#9511 = ORIENTED_EDGE ( 'NONE', *, *, #9722, .T. ) ;
#9512 = ORIENTED_EDGE ( 'NONE', *, *, #2606, .F. ) ;
#9513 = SECURITY_CLASSIFICATION_LEVEL ( 'unclassified' ) ;
#9514 = DIRECTION ( 'NONE',  ( 0.000000000000000000, 0.7279608954991630965, 0.6856186510182293858 ) ) ;
#9515 = CARTESIAN_POINT ( 'NONE',  ( 8.884994479999997807, 8.688274778158639577, 74.75108846028648202 ) ) ;
#9516 = ORIENTED_EDGE ( 'NONE', *, *, #343, .F. ) ;
#9517 = CARTESIAN_POINT ( 'NONE',  ( 8.384994479999996031, 6.702458179608773214, 63.41097365159257038 ) ) ;
#9518 = CARTESIAN_POINT ( 'NONE',  ( 8.884994479999997807, 7.373330994981643016, 65.48646216034609324 ) ) ;
#9519 = VERTEX_POINT ( 'NONE', #6311 ) ;
#9520 = ORIENTED_EDGE ( 'NONE', *, *, #4804, .F. ) ;
#9521 = VERTEX_POINT ( 'NONE', #6365 ) ;
#9522 = PLANE ( 'NONE',  #647 ) ;
#9523 = ORIENTED_EDGE ( 'NONE', *, *, #9355, .F. ) ;
#9524 = LINE ( 'NONE', #8018, #6063 ) ;
#9525 = EDGE_LOOP ( 'NONE', ( #7379, #3266, #4692, #249 ) ) ;
#9526 = CARTESIAN_POINT ( 'NONE',  ( 8.884994479999996031, 8.287403864709423473, 66.24602110408422107 ) ) ;
#9527 = CARTESIAN_POINT ( 'NONE',  ( 8.884994480000001360, 4.121084563853848997E-17, -59.50000000000000000 ) ) ;
#9528 = CARTESIAN_POINT ( 'NONE',  ( 8.384994479999996031, 7.547435416875028835, 73.36824006361939610 ) ) ;
#9529 =( BOUNDED_CURVE ( )  B_SPLINE_CURVE ( 3, ( #361, #6668, #3524, #4213 ),
 .UNSPECIFIED., .F., .F. ) 
 B_SPLINE_CURVE_WITH_KNOTS ( ( 4, 4 ),
 ( 1.570796326794896558, 3.141592653589793560 ),
 .UNSPECIFIED. ) 
 CURVE ( )  GEOMETRIC_REPRESENTATION_ITEM ( )  RATIONAL_B_SPLINE_CURVE ( ( 1.000000000000000000, 0.8047378541243649375, 0.8047378541243649375, 1.000000000000000000 ) ) 
 REPRESENTATION_ITEM ( '' )  );
#9530 = DIRECTION ( 'NONE',  ( -0.7071067811865674457, -0.7071067811865276997, 0.000000000000000000 ) ) ;
#9531 = EDGE_CURVE ( 'NONE', #6412, #127, #9387, .T. ) ;
#9532 = ADVANCED_FACE ( 'NONE', ( #2502 ), #105, .T. ) ;
#9533 = ORIENTED_EDGE ( 'NONE', *, *, #2989, .F. ) ;
#9534 = CARTESIAN_POINT ( 'NONE',  ( -7.384994479999980044, 3.478689187537270988E-18, 85.50000000000001421 ) ) ;
#9535 = EDGE_CURVE ( 'NONE', #9291, #6561, #7771, .T. ) ;
#9536 = CARTESIAN_POINT ( 'NONE',  ( 8.884994479999997807, 6.767286849552510475, 71.46419084251753873 ) ) ;
#9537 = CARTESIAN_POINT ( 'NONE',  ( 8.384994479999997807, 6.702458179608773214, 69.36194091209999613 ) ) ;
#9538 = PLANE ( 'NONE',  #310 ) ;
#9539 = VERTEX_POINT ( 'NONE', #7106 ) ;
#9540 = CARTESIAN_POINT ( 'NONE',  ( 8.384994479999996031, 7.304017916337338434, 65.07221435128434450 ) ) ;
#9541 = DIRECTION ( 'NONE',  ( 1.084202172485503961E-14, 0.000000000000000000, 1.000000000000000000 ) ) ;
#9542 = CARTESIAN_POINT ( 'NONE',  ( 8.884994479999996031, 9.271470918990207366, 70.43682853963687762 ) ) ;
#9543 = ORIENTED_EDGE ( 'NONE', *, *, #2595, .T. ) ;
#9544 = EDGE_CURVE ( 'NONE', #9867, #75, #4285, .T. ) ;
#9545 = EDGE_CURVE ( 'NONE', #1963, #8696, #5049, .T. ) ;
#9546 = ORIENTED_EDGE ( 'NONE', *, *, #6907, .T. ) ;
#9547 = ORIENTED_EDGE ( 'NONE', *, *, #6887, .T. ) ;
#9548 = CARTESIAN_POINT ( 'NONE',  ( 8.384994479999999584, 9.198601906540417872, 71.11453769596896279 ) ) ;
#9549 = EDGE_CURVE ( 'NONE', #6412, #8333, #1194, .T. ) ;
#9550 = VECTOR ( 'NONE', #3095, 1000.000000000000114 ) ;
#9551 = ORIENTED_EDGE ( 'NONE', *, *, #6035, .T. ) ;
#9552 = DIRECTION ( 'NONE',  ( 0.000000000000000000, 0.000000000000000000, 1.000000000000000000 ) ) ;
#9553 = ORIENTED_EDGE ( 'NONE', *, *, #1283, .T. ) ;
#9554 = B_SPLINE_CURVE_WITH_KNOTS ( 'NONE', 3,
 ( #1519, #4471, #4566, #1365, #7529, #1567, #6920, #4611, #8296, #7627, #2268 ),
 .UNSPECIFIED., .F., .F.,
 ( 4, 1, 1, 1, 1, 1, 1, 1, 4 ),
 ( 0.000000000000000000, 0.1278831472980662409, 0.2521571975524798392, 0.3767873631608804619, 0.5029258041618361874, 0.6283420099294420025, 0.7511319647558497570, 0.8744565549627659751, 1.000000000000000000 ),
 .UNSPECIFIED. ) ;
#9555 = DIRECTION ( 'NONE',  ( -0.5773502691896041927, 0.5773502691896350569, -0.5773502691896380545 ) ) ;
#9556 = ORIENTED_EDGE ( 'NONE', *, *, #9483, .F. ) ;
#9557 = CARTESIAN_POINT ( 'NONE',  ( 8.384994479999997807, 7.894963373532124962, 66.39845565084715417 ) ) ;
#9558 = DIRECTION ( 'NONE',  ( -0.7071067811865472397, -1.639869809431924110E-18, 0.7071067811865479058 ) ) ;
#9559 = CARTESIAN_POINT ( 'NONE',  ( -2.884994480000013795, 1.499999999999970246, 86.00000000000001421 ) ) ;
#9560 = VERTEX_POINT ( 'NONE', #8021 ) ;
#9561 = VECTOR ( 'NONE', #5195, 1000.000000000000000 ) ;
#9562 = EDGE_CURVE ( 'NONE', #1509, #5913, #7359, .T. ) ;
#9563 = CARTESIAN_POINT ( 'NONE',  ( 8.884994480000003136, 7.345415741520774588, 72.21850200645484108 ) ) ;
#9564 = DIRECTION ( 'NONE',  ( 0.000000000000000000, -0.7071067811865298092, 0.7071067811865652253 ) ) ;
#9565 = ORIENTED_EDGE ( 'NONE', *, *, #6215, .F. ) ;
#9566 = EDGE_LOOP ( 'NONE', ( #2165, #5824, #3870, #9798 ) ) ;
#9567 = VECTOR ( 'NONE', #460, 1000.000000000000114 ) ;
#9568 = CARTESIAN_POINT ( 'NONE',  ( -3.384994480000036887, 2.000000000000000444, 126.5000000000000284 ) ) ;
#9569 = DIRECTION ( 'NONE',  ( -1.000000000000000000, 1.334402673828313832E-16, -0.000000000000000000 ) ) ;
#9570 = ORIENTED_EDGE ( 'NONE', *, *, #4208, .T. ) ;
#9571 = CARTESIAN_POINT ( 'NONE',  ( 7.384994479999996031, 1.999999999999999112, -13.30000000000000604 ) ) ;
#9572 = CARTESIAN_POINT ( 'NONE',  ( 8.884994479999999584, 7.603260713723625663, 65.69218009101614086 ) ) ;
#9573 = ORIENTED_EDGE ( 'NONE', *, *, #7642, .F. ) ;
#9574 = CIRCLE ( 'NONE', #1880, 1.000000000000000000 ) ;
#9575 = CARTESIAN_POINT ( 'NONE',  ( 8.884994479999997807, 8.907960691309785517, 75.85167887108960372 ) ) ;
#9576 = ORIENTED_EDGE ( 'NONE', *, *, #1624, .F. ) ;
#9577 = CARTESIAN_POINT ( 'NONE',  ( 4.031441089406720302, 22.00000000000000000, -6.853553390593266847 ) ) ;
#9578 = EDGE_LOOP ( 'NONE', ( #640, #7489, #5033, #7153 ) ) ;
#9579 = CARTESIAN_POINT ( 'NONE',  ( 7.384994479999996031, 2.999999999999999112, -60.00000000000000000 ) ) ;
#9580 = FACE_OUTER_BOUND ( 'NONE', #2693, .T. ) ;
#9581 = DIRECTION ( 'NONE',  ( 0.000000000000000000, 0.000000000000000000, 1.000000000000000000 ) ) ;
#9582 = DIRECTION ( 'NONE',  ( -0.5773502691896142958, -0.5773502691896154060, 0.5773502691896474914 ) ) ;
#9583 = DIRECTION ( 'NONE',  ( 1.000000000000000000, -0.000000000000000000, -0.000000000000000000 ) ) ;
#9584 = AXIS2_PLACEMENT_3D ( 'NONE', #5957, #3674, #762 ) ;
#9585 = ORIENTED_EDGE ( 'NONE', *, *, #1065, .F. ) ;
#9586 = LINE ( 'NONE', #4959, #456 ) ;
#9587 = DIRECTION ( 'NONE',  ( 0.000000000000000000, -1.000000000000000000, 0.000000000000000000 ) ) ;
#9588 = DIRECTION ( 'NONE',  ( 1.000000000000000000, -1.334402673828313832E-16, 0.000000000000000000 ) ) ;
#9589 = CARTESIAN_POINT ( 'NONE',  ( -2.884994480000008910, 1.391475675014885592E-17, 126.5000000000000284 ) ) ;
#9590 = ORIENTED_EDGE ( 'NONE', *, *, #6784, .F. ) ;
#9591 = CARTESIAN_POINT ( 'NONE',  ( 8.384994479999997807, 7.303333951263719648, 64.99270836215517022 ) ) ;
#9592 = AXIS2_PLACEMENT_3D ( 'NONE', #4680, #6243, #2333 ) ;
#9593 = LINE ( 'NONE', #2660, #1848 ) ;
#9594 = AXIS2_PLACEMENT_3D ( 'NONE', #8990, #6010, #1508 ) ;
#9595 = DIRECTION ( 'NONE',  ( -0.7071067811865469066, -0.7071067811865482389, 0.000000000000000000 ) ) ;
#9596 = ORIENTED_EDGE ( 'NONE', *, *, #2353, .T. ) ;
#9597 = EDGE_CURVE ( 'NONE', #6346, #3387, #350, .T. ) ;
#9598 = ORIENTED_EDGE ( 'NONE', *, *, #1269, .T. ) ;
#9599 = VECTOR ( 'NONE', #9759, 1000.000000000000000 ) ;
#9600 = DIRECTION ( 'NONE',  ( 0.000000000000000000, -0.7071067811865474617, -0.7071067811865474617 ) ) ;
#9601 = VECTOR ( 'NONE', #3215, 1000.000000000000000 ) ;
#9602 = DIRECTION ( 'NONE',  ( 0.000000000000000000, 0.000000000000000000, 1.000000000000000000 ) ) ;
#9603 = VERTEX_POINT ( 'NONE', #4106 ) ;
#9604 = CARTESIAN_POINT ( 'NONE',  ( 8.384994479999999584, 7.067813634945277812, 70.90350089508774545 ) ) ;
#9605 = VERTEX_POINT ( 'NONE', #8117 ) ;
#9606 = EDGE_CURVE ( 'NONE', #8261, #7183, #8730, .T. ) ;
#9607 = EDGE_CURVE ( 'NONE', #3125, #2097, #8778, .T. ) ;
#9608 = CARTESIAN_POINT ( 'NONE',  ( 8.384994479999996031, 8.442200935940519457, 66.10492980537584629 ) ) ;
#9609 = EDGE_CURVE ( 'NONE', #4251, #369, #7315, .T. ) ;
#9610 = DIRECTION ( 'NONE',  ( -0.5000000000000134337, -0.5000000000000115463, 0.7071067811865298092 ) ) ;
#9611 = DIRECTION ( 'NONE',  ( -0.7071067811865484609, 0.000000000000000000, 0.7071067811865465735 ) ) ;
#9612 = VECTOR ( 'NONE', #4187, 1000.000000000000114 ) ;
#9613 = EDGE_CURVE ( 'NONE', #9560, #2097, #3566, .T. ) ;
#9614 = CARTESIAN_POINT ( 'NONE',  ( 8.884994479999996031, 7.526549313634389726, 72.51093635760956602 ) ) ;
#9615 = CARTESIAN_POINT ( 'NONE',  ( 5.559374838474570701, 20.57223070949164523, 137.6743803584745649 ) ) ;
#9616 = ORIENTED_EDGE ( 'NONE', *, *, #7149, .F. ) ;
#9617 = CARTESIAN_POINT ( 'NONE',  ( 10.38499447999999603, 21.50000000000000000, -60.00000000000000000 ) ) ;
#9618 = ORIENTED_EDGE ( 'NONE', *, *, #7511, .F. ) ;
#9619 = APPROVAL_STATUS ( 'not_yet_approved' ) ;
#9620 = FACE_OUTER_BOUND ( 'NONE', #9705, .T. ) ;
#9621 = DIRECTION ( 'NONE',  ( -0.7071067811865469066, 9.722856625372986108E-17, 0.7071067811865481278 ) ) ;
#9622 = ORIENTED_EDGE ( 'NONE', *, *, #2913, .F. ) ;
#9623 = ADVANCED_FACE ( 'NONE', ( #5804 ), #3357, .T. ) ;
#9624 = DIRECTION ( 'NONE',  ( 0.000000000000000000, -1.000000000000000000, 0.000000000000000000 ) ) ;
#9625 = CARTESIAN_POINT ( 'NONE',  ( -7.884994480000007577, 0.5000000000000003331, 85.50000000000001421 ) ) ;
#9626 = ADVANCED_FACE ( 'NONE', ( #7966 ), #308, .T. ) ;
#9627 = ORIENTED_EDGE ( 'NONE', *, *, #5845, .F. ) ;
#9628 = ORIENTED_EDGE ( 'NONE', *, *, #2315, .T. ) ;
#9629 = CARTESIAN_POINT ( 'NONE',  ( 8.884994479999997807, 8.790013062457036952, 86.10483752327857587 ) ) ;
#9630 = ORIENTED_EDGE ( 'NONE', *, *, #8920, .F. ) ;
#9631 = DIRECTION ( 'NONE',  ( 0.000000000000000000, 0.000000000000000000, 1.000000000000000000 ) ) ;
#9632 = ORIENTED_EDGE ( 'NONE', *, *, #9326, .F. ) ;
#9633 = CARTESIAN_POINT ( 'NONE',  ( 8.384994479999997807, 8.166911527174056218, 66.31669202837817068 ) ) ;
#9634 = DIRECTION ( 'NONE',  ( -0.7071067811865479058, -3.256836054902112089E-18, -0.7071067811865472397 ) ) ;
#9635 = LINE ( 'NONE', #5806, #1748 ) ;
#9636 = FACE_OUTER_BOUND ( 'NONE', #8403, .T. ) ;
#9637 = FACE_OUTER_BOUND ( 'NONE', #9134, .T. ) ;
#9638 = ORIENTED_EDGE ( 'NONE', *, *, #2545, .T. ) ;
#9639 = FACE_OUTER_BOUND ( 'NONE', #1426, .T. ) ;
#9640 = EDGE_LOOP ( 'NONE', ( #9332, #5465, #967, #2471 ) ) ;
#9641 = CARTESIAN_POINT ( 'NONE',  ( 8.884994479999997807, 8.492358160528764799, 70.32567780323519457 ) ) ;
#9642 = DIRECTION ( 'NONE',  ( -3.841916653863360450E-17, -0.2879128413945059028, -0.9576566168309714744 ) ) ;
#9643 = CARTESIAN_POINT ( 'NONE',  ( -7.384994479999946293, 1.499999999999942268, 33.49999999999998579 ) ) ;
#9644 = ORIENTED_EDGE ( 'NONE', *, *, #8875, .T. ) ;
#9645 = DIRECTION ( 'NONE',  ( -1.000000000000000000, -8.673617379884027583E-16, 0.000000000000000000 ) ) ;
#9646 = DIRECTION ( 'NONE',  ( -0.7071067811865671127, -1.639869809431970524E-18, 0.7071067811865279218 ) ) ;
#9647 = DIRECTION ( 'NONE',  ( 2.319126125024811375E-18, -1.000000000000000000, 0.000000000000000000 ) ) ;
#9648 = ORIENTED_EDGE ( 'NONE', *, *, #8254, .T. ) ;
#9649 = VERTEX_POINT ( 'NONE', #600 ) ;
#9650 = ORIENTED_EDGE ( 'NONE', *, *, #1139, .F. ) ;
#9651 = FACE_OUTER_BOUND ( 'NONE', #7484, .T. ) ;
#9652 = CARTESIAN_POINT ( 'NONE',  ( 8.384994479999997807, 7.303333951263719648, 64.99270836215517022 ) ) ;
#9653 = ORIENTED_EDGE ( 'NONE', *, *, #3168, .F. ) ;
#9654 = EDGE_CURVE ( 'NONE', #6501, #9519, #702, .T. ) ;
#9655 = CARTESIAN_POINT ( 'NONE',  ( 8.384994479999997807, 9.261963496222413994, 65.57625237700732157 ) ) ;
#9656 = VERTEX_POINT ( 'NONE', #5300 ) ;
#9657 = CARTESIAN_POINT ( 'NONE',  ( 8.384994479999997807, 8.036402375303127954, 66.36828545119136891 ) ) ;
#9658 = LINE ( 'NONE', #4427, #7891 ) ;
#9659 = VECTOR ( 'NONE', #6966, 1000.000000000000000 ) ;
#9660 = DIRECTION ( 'NONE',  ( 0.000000000000000000, 0.000000000000000000, -1.000000000000000000 ) ) ;
#9661 = EDGE_CURVE ( 'NONE', #8916, #4889, #9884, .T. ) ;
#9662 = CARTESIAN_POINT ( 'NONE',  ( 7.384994479999996031, 0.000000000000000000, 0.000000000000000000 ) ) ;
#9663 = EDGE_CURVE ( 'NONE', #6094, #675, #8221, .T. ) ;
#9664 = CARTESIAN_POINT ( 'NONE',  ( 9.884994479999967609, 21.50000000000000000, 138.0000000000000000 ) ) ;
#9665 = VECTOR ( 'NONE', #3624, 1000.000000000000000 ) ;
#9666 = VECTOR ( 'NONE', #576, 1000.000000000000000 ) ;
#9667 = FACE_OUTER_BOUND ( 'NONE', #5872, .T. ) ;
#9668 = ORIENTED_EDGE ( 'NONE', *, *, #6525, .F. ) ;
#9669 = EDGE_CURVE ( 'NONE', #4493, #9164, #1453, .T. ) ;
#9670 = CARTESIAN_POINT ( 'NONE',  ( 8.884994479999997807, 6.702458179608773214, 86.73657565646701073 ) ) ;
#9671 = PLANE ( 'NONE',  #2238 ) ;
#9672 = ORIENTED_EDGE ( 'NONE', *, *, #9807, .T. ) ;
#9673 = LINE ( 'NONE', #7446, #6251 ) ;
#9674 = FACE_OUTER_BOUND ( 'NONE', #3506, .T. ) ;
#9675 = VECTOR ( 'NONE', #3083, 1000.000000000000000 ) ;
#9676 = PLANE ( 'NONE',  #3671 ) ;
#9677 = EDGE_CURVE ( 'NONE', #4493, #5231, #1349, .T. ) ;
#9678 = ORIENTED_EDGE ( 'NONE', *, *, #3974, .F. ) ;
#9679 = CARTESIAN_POINT ( 'NONE',  ( -2.384994479999981376, 2.000000000000000000, 125.4999999999999716 ) ) ;
#9680 = ORIENTED_EDGE ( 'NONE', *, *, #1087, .F. ) ;
#9681 = EDGE_CURVE ( 'NONE', #4677, #3585, #9742, .T. ) ;
#9682 = CARTESIAN_POINT ( 'NONE',  ( 8.384994479999997807, 8.558499777552533772, 65.92370426839327990 ) ) ;
#9683 = CARTESIAN_POINT ( 'NONE',  ( -3.384994480000097283, 2.000000000000000444, 74.00000000000007105 ) ) ;
#9684 = CARTESIAN_POINT ( 'NONE',  ( 10.38499447999999603, 21.50000000000000000, -59.50000000000000000 ) ) ;
#9685 = AXIS2_PLACEMENT_3D ( 'NONE', #4819, #8649, #4863 ) ;
#9686 = LINE ( 'NONE', #9787, #3195 ) ;
#9687 = CARTESIAN_POINT ( 'NONE',  ( 8.884994479999997807, 9.289709983015054462, 65.57758095244059859 ) ) ;
#9688 = EDGE_CURVE ( 'NONE', #6443, #3648, #2294, .T. ) ;
#9689 = DIRECTION ( 'NONE',  ( 4.956352788505168987E-15, 1.000000000000000000, 0.000000000000000000 ) ) ;
#9690 = EDGE_LOOP ( 'NONE', ( #7006, #5150, #1625, #2929 ) ) ;
#9691 = LINE ( 'NONE', #2607, #5399 ) ;
#9692 = LINE ( 'NONE', #8288, #1495 ) ;
#9693 = DIRECTION ( 'NONE',  ( 0.000000000000000000, 0.000000000000000000, 1.000000000000000000 ) ) ;
#9694 = VERTEX_POINT ( 'NONE', #9083 ) ;
#9695 = VECTOR ( 'NONE', #5398, 1000.000000000000000 ) ;
#9696 = CARTESIAN_POINT ( 'NONE',  ( 8.384994479999994255, 9.694024580125814694, 65.04434197411009677 ) ) ;
#9697 = LINE ( 'NONE', #1551, #3147 ) ;
#9698 = DIRECTION ( 'NONE',  ( -0.000000000000000000, -0.000000000000000000, 1.000000000000000000 ) ) ;
#9699 = VERTEX_POINT ( 'NONE', #5255 ) ;
#9700 = VECTOR ( 'NONE', #2131, 1000.000000000000000 ) ;
#9701 = LINE ( 'NONE', #5674, #9404 ) ;
#9702 = CARTESIAN_POINT ( 'NONE',  ( 8.884994479999999584, 7.674686856711772975, 73.41877106121653185 ) ) ;
#9703 = VERTEX_POINT ( 'NONE', #6852 ) ;
#9704 = CARTESIAN_POINT ( 'NONE',  ( -9.384994480000001360, 0.4999999999999998890, 12.49999999999999645 ) ) ;
#9705 = EDGE_LOOP ( 'NONE', ( #4065, #8003, #3177, #4123 ) ) ;
#9706 = CARTESIAN_POINT ( 'NONE',  ( 8.884994479999997807, 7.988881264487286415, 84.26745004898462810 ) ) ;
#9707 = PLANE ( 'NONE',  #6297 ) ;
#9708 = CARTESIAN_POINT ( 'NONE',  ( 7.884994479999996031, 22.00000000000000000, -8.500000000000007105 ) ) ;
#9709 = VERTEX_POINT ( 'NONE', #5350 ) ;
#9710 = CARTESIAN_POINT ( 'NONE',  ( 8.884994479999996031, 7.862435174143115546, 72.71525548045205767 ) ) ;
#9711 = DIRECTION ( 'NONE',  ( -0.6785983445458475538, -0.2810846377148180641, -0.6785983445458472207 ) ) ;
#9712 = CARTESIAN_POINT ( 'NONE',  ( -17.38499448000003511, -1.971257206271097449E-17, -59.99999999999998579 ) ) ;
#9713 = VERTEX_POINT ( 'NONE', #4452 ) ;
#9714 = DATE_TIME_ROLE ( 'classification_date' ) ;
#9715 = CARTESIAN_POINT ( 'NONE',  ( -17.88499447999999248, 1.301042606982603349E-15, -29.50000000000000000 ) ) ;
#9716 = LINE ( 'NONE', #6093, #6378 ) ;
#9717 = ORIENTED_EDGE ( 'NONE', *, *, #2928, .T. ) ;
#9718 = CARTESIAN_POINT ( 'NONE',  ( 8.384994479999996031, 22.00000000000000000, -8.000000000000007105 ) ) ;
#9719 = CARTESIAN_POINT ( 'NONE',  ( -8.384994479999996031, 0.5000000000000000000, 8.499999999999998224 ) ) ;
#9720 = VECTOR ( 'NONE', #3835, 1000.000000000000114 ) ;
#9721 = DIRECTION ( 'NONE',  ( -1.000000000000000000, 1.334402673828313832E-16, -0.000000000000000000 ) ) ;
#9722 = EDGE_CURVE ( 'NONE', #7538, #5738, #3056, .T. ) ;
#9723 = EDGE_CURVE ( 'NONE', #7221, #1347, #7455, .T. ) ;
#9724 = ORIENTED_EDGE ( 'NONE', *, *, #5717, .T. ) ;
#9725 = PLANE ( 'NONE',  #5116 ) ;
#9726 = AXIS2_PLACEMENT_3D ( 'NONE', #7052, #6307, #3203 ) ;
#9727 = EDGE_LOOP ( 'NONE', ( #8456, #6244, #2250, #8509 ) ) ;
#9728 = ORIENTED_EDGE ( 'NONE', *, *, #6099, .F. ) ;
#9729 = VECTOR ( 'NONE', #4969, 1000.000000000000000 ) ;
#9730 = CARTESIAN_POINT ( 'NONE',  ( 8.884994479999971162, 18.99999999999999645, -60.00000000000000000 ) ) ;
#9731 = DIRECTION ( 'NONE',  ( -8.934198159537202021E-17, -2.071953235793131293E-34, -1.000000000000000000 ) ) ;
#9732 = DIRECTION ( 'NONE',  ( 1.639869809431879621E-18, -0.7071067811865279218, 0.7071067811865672237 ) ) ;
#9733 = LINE ( 'NONE', #7507, #1599 ) ;
#9734 = EDGE_CURVE ( 'NONE', #8137, #3397, #1407, .T. ) ;
#9735 = ADVANCED_FACE ( 'NONE', ( #3761 ), #548, .F. ) ;
#9736 = DIRECTION ( 'NONE',  ( 1.375019570461159196E-16, 1.000000000000000000, 0.000000000000000000 ) ) ;
#9737 = CIRCLE ( 'NONE', #605, 1.000000000000000000 ) ;
#9738 = EDGE_CURVE ( 'NONE', #369, #3064, #4547, .T. ) ;
#9739 = ORIENTED_EDGE ( 'NONE', *, *, #4767, .T. ) ;
#9740 = DIRECTION ( 'NONE',  ( -0.5773502691895511241, -0.5773502691896471584, -0.5773502691896792438 ) ) ;
#9741 = ORIENTED_EDGE ( 'NONE', *, *, #9722, .F. ) ;
#9742 = CIRCLE ( 'NONE', #6210, 1.500000000000001332 ) ;
#9743 = DIRECTION ( 'NONE',  ( -1.000000000000000000, -0.000000000000000000, -0.000000000000000000 ) ) ;
#9744 = CARTESIAN_POINT ( 'NONE',  ( 8.384994479999997807, 8.881310269058662499, 65.15693644988233757 ) ) ;
#9745 = CARTESIAN_POINT ( 'NONE',  ( 5.384994479999996919, 20.49999999999999645, -12.49999999999999645 ) ) ;
#9746 = ORIENTED_EDGE ( 'NONE', *, *, #6639, .F. ) ;
#9747 = CARTESIAN_POINT ( 'NONE',  ( 8.884994479999997807, 7.322320790385826506, 65.32116996085945004 ) ) ;
#9748 = FACE_OUTER_BOUND ( 'NONE', #8888, .T. ) ;
#9749 = EDGE_CURVE ( 'NONE', #5156, #6012, #9574, .T. ) ;
#9750 = CARTESIAN_POINT ( 'NONE',  ( -7.384994479999980932, 2.000000000000000888, 85.50000000000001421 ) ) ;
#9751 = EDGE_CURVE ( 'NONE', #4409, #7393, #8983, .T. ) ;
#9752 = APPROVAL ( #9619, 'UNSPECIFIED' ) ;
#9753 = CARTESIAN_POINT ( 'NONE',  ( 8.384994479999996031, 10.34260576570022927, 71.92944105127473620 ) ) ;
#9754 = CARTESIAN_POINT ( 'NONE',  ( 8.384994479999997807, 9.635600914082344204, 71.48702134701119348 ) ) ;
#9755 = DIRECTION ( 'NONE',  ( -1.084202172485504804E-16, -1.000000000000000000, 0.000000000000000000 ) ) ;
#9756 = VECTOR ( 'NONE', #8726, 1000.000000000000000 ) ;
#9757 = ORIENTED_EDGE ( 'NONE', *, *, #5232, .T. ) ;
#9758 = VECTOR ( 'NONE', #5700, 1000.000000000000000 ) ;
#9759 = DIRECTION ( 'NONE',  ( 0.000000000000000000, 1.000000000000000000, 0.000000000000000000 ) ) ;
#9760 = ORIENTED_EDGE ( 'NONE', *, *, #5926, .T. ) ;
#9761 = EDGE_CURVE ( 'NONE', #288, #370, #9377, .T. ) ;
#9762 = DIRECTION ( 'NONE',  ( -1.000000000000000000, 1.334402673828313832E-16, -0.000000000000000000 ) ) ;
#9763 = CARTESIAN_POINT ( 'NONE',  ( -9.134994480000006689, 5.499038105676666177, -8.499999999999992895 ) ) ;
#9764 = PLANE ( 'NONE',  #1713 ) ;
#9765 = AXIS2_PLACEMENT_3D ( 'NONE', #6040, #5339, #9122 ) ;
#9766 = AXIS2_PLACEMENT_3D ( 'NONE', #7673, #6016, #9896 ) ;
#9767 = ORIENTED_EDGE ( 'NONE', *, *, #8318, .F. ) ;
#9768 = CARTESIAN_POINT ( 'NONE',  ( 8.884994479999997807, 7.369811110227327156, 72.28268329134371584 ) ) ;
#9769 = LINE ( 'NONE', #2330, #9230 ) ;
#9770 = ORIENTED_EDGE ( 'NONE', *, *, #3048, .F. ) ;
#9771 = CARTESIAN_POINT ( 'NONE',  ( 8.384994479999997807, 7.755337484239077206, 71.15820770915975402 ) ) ;
#9772 = CARTESIAN_POINT ( 'NONE',  ( 8.884994479999996031, 10.13622575438779094, 86.80294713798775774 ) ) ;
#9773 = ORIENTED_EDGE ( 'NONE', *, *, #487, .T. ) ;
#9774 = AXIS2_PLACEMENT_3D ( 'NONE', #6657, #9732, #6854 ) ;
#9775 = DIRECTION ( 'NONE',  ( -2.168404344971006896E-16, -0.000000000000000000, -1.000000000000000000 ) ) ;
#9776 = LINE ( 'NONE', #1443, #1924 ) ;
#9777 = CARTESIAN_POINT ( 'NONE',  ( 8.884994479999997807, 7.755337484239077206, 71.15820770915975402 ) ) ;
#9778 = ORIENTED_EDGE ( 'NONE', *, *, #4868, .F. ) ;
#9779 = AXIS2_PLACEMENT_3D ( 'NONE', #9337, #8481, #947 ) ;
#9780 = CARTESIAN_POINT ( 'NONE',  ( 8.884994479999999584, 8.732722929470728701, 85.98514868023275426 ) ) ;
#9781 = VECTOR ( 'NONE', #5641, 1000.000000000000000 ) ;
#9782 = ORIENTED_EDGE ( 'NONE', *, *, #4500, .F. ) ;
#9783 = ORIENTED_EDGE ( 'NONE', *, *, #3274, .F. ) ;
#9784 = DIRECTION ( 'NONE',  ( -1.000000000000000000, 1.334402673828313832E-16, -0.000000000000000000 ) ) ;
#9785 = LINE ( 'NONE', #3567, #4366 ) ;
#9786 = LINE ( 'NONE', #4549, #2395 ) ;
#9787 = CARTESIAN_POINT ( 'NONE',  ( -5.250000000000283329, 2.000000000000000444, -47.36500552000041608 ) ) ;
#9788 = EDGE_CURVE ( 'NONE', #6832, #4137, #893, .T. ) ;
#9789 = VECTOR ( 'NONE', #1836, 1000.000000000000114 ) ;
#9790 = CARTESIAN_POINT ( 'NONE',  ( 2.384994479999970718, 19.00000000000000000, 8.500000000000007105 ) ) ;
#9791 = B_SPLINE_CURVE_WITH_KNOTS ( 'NONE', 3,
 ( #2209, #6119, #4509, #7620, #2958, #9150, #8382, #6764, #6913, #67, #3823, #6865, #9842, #2309, #3771, #5162, #7570, #715, #20 ),
 .UNSPECIFIED., .F., .F.,
 ( 4, 1, 1, 1, 1, 1, 1, 1, 1, 1, 1, 1, 1, 1, 1, 1, 4 ),
 ( 0.000000000000000000, 0.06570168342875661038, 0.1294150786750945525, 0.1915234354904029879, 0.2521864833773060366, 0.3123499911156192299, 0.3721237685613552615, 0.4330964856073506453, 0.4938193516257674553, 0.5547473945538780038, 0.6157498761694016887, 0.6766332121992776338, 0.7382169121258531641, 0.8011419222854234690, 0.8654931761010562496, 0.9312569953237481712, 1.000000000000000000 ),
 .UNSPECIFIED. ) ;
#9792 = VERTEX_POINT ( 'NONE', #3198 ) ;
#9793 = CARTESIAN_POINT ( 'NONE',  ( 8.384994479999997807, 10.29810433846293805, 67.99700712383304335 ) ) ;
#9794 = EDGE_CURVE ( 'NONE', #2799, #127, #1692, .T. ) ;
#9795 = LINE ( 'NONE', #7618, #4430 ) ;
#9796 = CARTESIAN_POINT ( 'NONE',  ( 8.384994479999997807, 9.982426571649158475, 73.01584091650218511 ) ) ;
#9797 = CARTESIAN_POINT ( 'NONE',  ( 8.384994479999997807, 9.744928006331528891, 71.94198989868166905 ) ) ;
#9798 = ORIENTED_EDGE ( 'NONE', *, *, #4082, .T. ) ;
#9799 = ADVANCED_FACE ( 'NONE', ( #143 ), #96, .T. ) ;
#9800 = DIRECTION ( 'NONE',  ( -0.000000000000000000, -0.000000000000000000, 1.000000000000000000 ) ) ;
#9801 = PLANE ( 'NONE',  #4374 ) ;
#9802 = CARTESIAN_POINT ( 'NONE',  ( -3.384994480000036887, 1.499999999999972022, 126.0000000000000000 ) ) ;
#9803 = CARTESIAN_POINT ( 'NONE',  ( 8.884994479999997807, 7.763472870588953967, 73.44629087820167967 ) ) ;
#9804 = EDGE_CURVE ( 'NONE', #3607, #4646, #1645, .T. ) ;
#9805 = CARTESIAN_POINT ( 'NONE',  ( 8.384994479999996031, 7.220311958300829502, 73.17546344892058130 ) ) ;
#9806 = VERTEX_POINT ( 'NONE', #5458 ) ;
#9807 = EDGE_CURVE ( 'NONE', #763, #8367, #1602, .T. ) ;
#9808 = CARTESIAN_POINT ( 'NONE',  ( 8.384994479999997807, 9.681881175973792608, 65.22361221951668142 ) ) ;
#9809 = EDGE_LOOP ( 'NONE', ( #418, #8353, #5236, #987 ) ) ;
#9810 = DIRECTION ( 'NONE',  ( 8.673617379884027583E-16, -1.000000000000000000, 0.000000000000000000 ) ) ;
#9811 = LINE ( 'NONE', #524, #2773 ) ;
#9812 = CARTESIAN_POINT ( 'NONE',  ( 8.384994479999999584, 8.868987723731345696, 64.63833395142248150 ) ) ;
#9813 = ORIENTED_EDGE ( 'NONE', *, *, #3172, .F. ) ;
#9814 = DIRECTION ( 'NONE',  ( 0.000000000000000000, 1.000000000000000000, 0.000000000000000000 ) ) ;
#9815 = CARTESIAN_POINT ( 'NONE',  ( 7.584994479999995320, 2.999999999999999112, -7.700000000000001954 ) ) ;
#9816 = ORIENTED_EDGE ( 'NONE', *, *, #4621, .T. ) ;
#9817 = CARTESIAN_POINT ( 'NONE',  ( 8.384994479999997807, 7.461402735897596727, 71.40908193619017652 ) ) ;
#9818 = CARTESIAN_POINT ( 'NONE',  ( 8.884994479999997807, 9.330045757232971582, 84.73131145249065810 ) ) ;
#9819 = ORIENTED_EDGE ( 'NONE', *, *, #8264, .T. ) ;
#9820 = DIRECTION ( 'NONE',  ( 0.000000000000000000, 0.000000000000000000, 1.000000000000000000 ) ) ;
#9821 = DIRECTION ( 'NONE',  ( -1.000000000000000000, -0.000000000000000000, -1.341737624371535244E-15 ) ) ;
#9822 = CARTESIAN_POINT ( 'NONE',  ( 8.384994479999997807, 8.490900119243676158, 71.01805907059379308 ) ) ;
#9823 = CONICAL_SURFACE ( 'NONE', #695, 1.500000000000029976, 0.7853981633974487231 ) ;
#9824 = B_SPLINE_SURFACE_WITH_KNOTS ( 'NONE', 3, 1, ( 
 ( #6718, #9797 ),
 ( #8995, #2263 ),
 ( #9196, #5468 ),
 ( #9296, #8682 ),
 ( #7107, #2409 ),
 ( #7817, #8538 ),
 ( #3209, #5612 ),
 ( #6367, #254 ),
 ( #307, #9389 ),
 ( #107, #6961 ),
 ( #9437, #6217 ),
 ( #158, #9343 ),
 ( #7057, #1659 ),
 ( #908, #202 ),
 ( #4010, #6266 ),
 ( #2458, #8632 ),
 ( #3253, #955 ),
 ( #7915, #8491 ),
 ( #4058, #1049 ) ),
 .UNSPECIFIED., .F., .F., .F.,
 ( 4, 1, 1, 1, 1, 1, 1, 1, 1, 1, 1, 1, 1, 1, 1, 1, 4 ),
 ( 2, 2 ),
 ( 0.000000000000000000, 0.05863713785793926020, 0.1144421474108361231, 0.1690482052544556302, 0.2219952735496053542, 0.2747684321805583529, 0.3268888808506663635, 0.3804769582634849878, 0.4349208394101387043, 0.4912567423742045802, 0.5503904738002451946, 0.6127623717388959168, 0.6797200153273668111, 0.7510744632463958181, 0.8281288448344793496, 0.9112525307144468956, 0.9999999999999998890 ),
 ( 0.000000000000000000, 1.000000000000000000 ),
 .UNSPECIFIED. ) ;
#9825 = CARTESIAN_POINT ( 'NONE',  ( 8.884994479999999584, 7.951695714473090426, 84.25559208503719333 ) ) ;
#9826 = DIRECTION ( 'NONE',  ( 0.000000000000000000, 0.000000000000000000, 1.000000000000000000 ) ) ;
#9827 = VERTEX_POINT ( 'NONE', #849 ) ;
#9828 = EDGE_LOOP ( 'NONE', ( #5844, #6504, #1436, #1430 ) ) ;
#9829 = ORIENTED_EDGE ( 'NONE', *, *, #3475, .T. ) ;
#9830 = CARTESIAN_POINT ( 'NONE',  ( 8.884994479999997807, 7.744705774132406795, 66.40734545063772032 ) ) ;
#9831 = DIRECTION ( 'NONE',  ( -0.000000000000000000, 0.000000000000000000, 1.000000000000000000 ) ) ;
#9832 = FACE_OUTER_BOUND ( 'NONE', #6606, .T. ) ;
#9833 = CARTESIAN_POINT ( 'NONE',  ( -17.38499448000003511, 9.293180949421832551E-17, -59.50000000000000000 ) ) ;
#9834 = VECTOR ( 'NONE', #2887, 1000.000000000000000 ) ;
#9835 = CARTESIAN_POINT ( 'NONE',  ( 8.112245891609264348, 19.70036230339081129, 8.272748588390740565 ) ) ;
#9836 = ORIENTED_EDGE ( 'NONE', *, *, #5782, .T. ) ;
#9837 = AXIS2_PLACEMENT_3D ( 'NONE', #8684, #309, #161 ) ;
#9838 = CARTESIAN_POINT ( 'NONE',  ( -7.384994479999961392, 2.000000000000000888, -60.00000000000000000 ) ) ;
#9839 = VERTEX_POINT ( 'NONE', #7094 ) ;
#9840 = LINE ( 'NONE', #3871, #8765 ) ;
#9841 = CARTESIAN_POINT ( 'NONE',  ( 8.002706914446783060, 19.78640406174550037, -8.382287565553221853 ) ) ;
#9842 = CARTESIAN_POINT ( 'NONE',  ( 8.884994479999999584, 9.683267654055732976, 72.27992406307343742 ) ) ;
#9843 = EDGE_LOOP ( 'NONE', ( #9770, #7226, #8898, #4970 ) ) ;
#9844 = CARTESIAN_POINT ( 'NONE',  ( 8.384994479999997807, 6.702458179608773214, 71.96575919420291712 ) ) ;
#9845 = CARTESIAN_POINT ( 'NONE',  ( 5.884994479999996031, 22.00000000000000000, -60.00000000000000000 ) ) ;
#9846 = EDGE_CURVE ( 'NONE', #1321, #42, #3999, .T. ) ;
#9847 = EDGE_CURVE ( 'NONE', #5252, #3267, #2445, .T. ) ;
#9848 = FACE_OUTER_BOUND ( 'NONE', #4214, .T. ) ;
#9849 = EDGE_CURVE ( 'NONE', #75, #9240, #2490, .T. ) ;
#9850 = CARTESIAN_POINT ( 'NONE',  ( 8.884994479999997807, 6.702458179608773214, 71.96575919420291712 ) ) ;
#9851 = FACE_OUTER_BOUND ( 'NONE', #1673, .T. ) ;
#9852 = EDGE_LOOP ( 'NONE', ( #491, #6066, #1835, #9172 ) ) ;
#9853 = LINE ( 'NONE', #3173, #1902 ) ;
#9854 = ORIENTED_EDGE ( 'NONE', *, *, #5854, .T. ) ;
#9855 = CARTESIAN_POINT ( 'NONE',  ( 7.384994479999996031, 19.19999999999999929, 12.49999999999999822 ) ) ;
#9856 = CARTESIAN_POINT ( 'NONE',  ( 6.684994479999995853, 19.19999999999999929, 12.49999999999999822 ) ) ;
#9857 = EDGE_CURVE ( 'NONE', #6455, #2326, #4044, .T. ) ;
#9858 = DIRECTION ( 'NONE',  ( 4.956352788505168987E-15, 1.000000000000000000, 0.000000000000000000 ) ) ;
#9859 = ADVANCED_FACE ( 'NONE', ( #5502 ), #6300, .F. ) ;
#9860 = ORIENTED_EDGE ( 'NONE', *, *, #3346, .T. ) ;
#9861 = ADVANCED_FACE ( 'NONE', ( #6205 ), #5546, .T. ) ;
#9862 = VECTOR ( 'NONE', #8742, 1000.000000000000000 ) ;
#9863 = VERTEX_POINT ( 'NONE', #7659 ) ;
#9864 = EDGE_CURVE ( 'NONE', #3911, #6149, #1738, .T. ) ;
#9865 = DIRECTION ( 'NONE',  ( 0.000000000000000000, 1.000000000000000000, 0.000000000000000000 ) ) ;
#9866 = FACE_OUTER_BOUND ( 'NONE', #3487, .T. ) ;
#9867 = VERTEX_POINT ( 'NONE', #9419 ) ;
#9868 = CARTESIAN_POINT ( 'NONE',  ( -2.884994480000008910, -1.328788563573225182E-17, 34.00000000000004263 ) ) ;
#9869 = ORIENTED_EDGE ( 'NONE', *, *, #5232, .F. ) ;
#9870 = DIRECTION ( 'NONE',  ( -0.7071067811865469066, -0.7071067811865482389, 0.000000000000000000 ) ) ;
#9871 = CARTESIAN_POINT ( 'NONE',  ( 8.884994479999997807, 9.844617614677597217, 86.58672987363165419 ) ) ;
#9872 = VERTEX_POINT ( 'NONE', #2537 ) ;
#9873 = DIRECTION ( 'NONE',  ( 8.934198159537202021E-17, 2.071953235793128727E-34, 1.000000000000000000 ) ) ;
#9874 = DIRECTION ( 'NONE',  ( -1.445602896647339656E-16, -3.352535444026387696E-34, -1.000000000000000000 ) ) ;
#9875 = CARTESIAN_POINT ( 'NONE',  ( 8.884994479999996031, 7.972127544229101304, 71.07865855892583795 ) ) ;
#9876 = ADVANCED_FACE ( 'NONE', ( #1547 ), #4649, .T. ) ;
#9877 = VERTEX_POINT ( 'NONE', #6152 ) ;
#9878 = ORIENTED_EDGE ( 'NONE', *, *, #2865, .F. ) ;
#9879 = CARTESIAN_POINT ( 'NONE',  ( -3.384994479999965833, 2.000000000000001776, -45.00000000000000000 ) ) ;
#9880 = CARTESIAN_POINT ( 'NONE',  ( 7.384994479999996031, 0.5000000000000281997, 138.0000000000000000 ) ) ;
#9881 = EDGE_LOOP ( 'NONE', ( #858, #8101, #5891, #9231 ) ) ;
#9882 = ORIENTED_EDGE ( 'NONE', *, *, #457, .F. ) ;
#9883 = VECTOR ( 'NONE', #8401, 1000.000000000000000 ) ;
#9884 = LINE ( 'NONE', #7608, #1240 ) ;
#9885 = CARTESIAN_POINT ( 'NONE',  ( -17.38499447999998182, -1.971257206271085432E-17, -60.00000000000000000 ) ) ;
#9886 = CARTESIAN_POINT ( 'NONE',  ( -8.084994480000002426, 2.800000000000000711, 12.49999999999999822 ) ) ;
#9887 = PLANE ( 'NONE',  #2867 ) ;
#9888 = CARTESIAN_POINT ( 'NONE',  ( -8.884994480000001360, 0.000000000000000000, -12.50000000000000355 ) ) ;
#9889 = VECTOR ( 'NONE', #9646, 1000.000000000000000 ) ;
#9890 = VECTOR ( 'NONE', #4028, 1000.000000000000000 ) ;
#9891 = ORIENTED_EDGE ( 'NONE', *, *, #7510, .F. ) ;
#9892 = LINE ( 'NONE', #6065, #3826 ) ;
#9893 = ORIENTED_EDGE ( 'NONE', *, *, #5304, .F. ) ;
#9894 = DIRECTION ( 'NONE',  ( 1.000000000000000000, 0.000000000000000000, 0.000000000000000000 ) ) ;
#9895 = LINE ( 'NONE', #714, #375 ) ;
#9896 = DIRECTION ( 'NONE',  ( -1.000000000000000000, 1.334402673828313832E-16, 0.000000000000000000 ) ) ;
#9897 = ORIENTED_EDGE ( 'NONE', *, *, #2558, .T. ) ;
#9898 = VECTOR ( 'NONE', #8853, 1000.000000000000000 ) ;
#9899 = DIRECTION ( 'NONE',  ( -1.000000000000000000, 1.334402673828313832E-16, -0.000000000000000000 ) ) ;
#9900 = FACE_OUTER_BOUND ( 'NONE', #3979, .T. ) ;
#9901 = LINE ( 'NONE', #6123, #5895 ) ;
#9902 = VECTOR ( 'NONE', #7159, 1000.000000000000000 ) ;
#9903 = CARTESIAN_POINT ( 'NONE',  ( 8.884994479999997807, 8.881310269058662499, 65.15693644988233757 ) ) ;
#9904 = FACE_OUTER_BOUND ( 'NONE', #6263, .T. ) ;
#9905 = CARTESIAN_POINT ( 'NONE',  ( 8.884994479999997807, 6.807115840515676197, 72.61030190568230580 ) ) ;
#9906 = EDGE_LOOP ( 'NONE', ( #6813, #498, #8502, #4020 ) ) ;
#9907 = CARTESIAN_POINT ( 'NONE',  ( 8.384994479999996031, 6.894308708563329446, 65.98515436503784315 ) ) ;
#9908 = VERTEX_POINT ( 'NONE', #9232 ) ;
#9909 = DIRECTION ( 'NONE',  ( 0.000000000000000000, -0.9392447055018732227, -0.3432482821321896638 ) ) ;
#9910 = DIRECTION ( 'NONE',  ( 0.000000000000000000, 0.000000000000000000, -1.000000000000000000 ) ) ;
#9911 = EDGE_CURVE ( 'NONE', #7423, #9699, #3861, .T. ) ;
#9912 = B_SPLINE_SURFACE_WITH_KNOTS ( 'NONE', 3, 1, ( 
 ( #8143, #1275 ),
 ( #3584, #6630 ),
 ( #9702, #7682 ),
 ( #6079, #1618 ),
 ( #8446, #1421 ),
 ( #1475, #823 ),
 ( #1569, #9805 ),
 ( #3021, #674 ),
 ( #3879, #9258 ),
 ( #621, #7530 ),
 ( #9052, #3780 ),
 ( #4520, #4569 ),
 ( #9905, #2367 ),
 ( #5423, #5373 ),
 ( #6922, #9158 ),
 ( #2164, #8395 ),
 ( #6127, #1522 ),
 ( #7630, #7581 ),
 ( #3735, #4473 ) ),
 .UNSPECIFIED., .F., .F., .F.,
 ( 4, 1, 1, 1, 1, 1, 1, 1, 1, 1, 1, 1, 1, 1, 1, 1, 4 ),
 ( 2, 2 ),
 ( 0.000000000000000000, 0.07041504195315498316, 0.1378948029511679330, 0.2029029158899406660, 0.2651675718519714842, 0.3256747361138946917, 0.3845661001280254454, 0.4427637076845892250, 0.5002944981943513447, 0.5579013519417781453, 0.6159100039551808070, 0.6751334132520532272, 0.7355198412831430721, 0.7982515902523119600, 0.8628542859844969826, 0.9297835140589847391, 1.000000000000000000 ),
 ( 0.000000000000000000, 1.000000000000000000 ),
 .UNSPECIFIED. ) ;
#9913 = ORIENTED_EDGE ( 'NONE', *, *, #1269, .F. ) ;
#9914 = ORIENTED_EDGE ( 'NONE', *, *, #9061, .F. ) ;
#9915 = DIRECTION ( 'NONE',  ( -1.000000000000000000, 1.334402673828313832E-16, 0.000000000000000000 ) ) ;
#9916 = AXIS2_PLACEMENT_3D ( 'NONE', #2902, #3065, #9090 ) ;
#9917 = DIRECTION ( 'NONE',  ( 0.000000000000000000, 0.9390568502567137044, -0.3437618826832611330 ) ) ;
#9918 = DIRECTION ( 'NONE',  ( -1.334402673828313832E-16, -1.000000000000000000, 0.000000000000000000 ) ) ;
#9919 = EDGE_CURVE ( 'NONE', #8376, #5950, #6947, .T. ) ;
#9920 = EDGE_LOOP ( 'NONE', ( #690, #6654, #6435, #1918 ) ) ;
#9921 = EDGE_CURVE ( 'NONE', #2087, #4658, #7289, .T. ) ;
#9922 = CARTESIAN_POINT ( 'NONE',  ( 8.884994479999997807, 10.29810433846293805, 74.05961804512222102 ) ) ;
#9923 = CARTESIAN_POINT ( 'NONE',  ( -2.884994480000013795, 2.000000000000000444, 85.50000000000001421 ) ) ;
#9924 = ORIENTED_EDGE ( 'NONE', *, *, #1575, .T. ) ;
#9925 = CARTESIAN_POINT ( 'NONE',  ( 8.884994479999996031, 8.269363879574960663, 64.83905912195420740 ) ) ;
#9926 = CARTESIAN_POINT ( 'NONE',  ( -7.584994479999995320, 2.000000000000000888, 7.699999999999998401 ) ) ;
#9927 = EDGE_CURVE ( 'NONE', #8656, #3563, #8718, .T. ) ;
#9928 = CARTESIAN_POINT ( 'NONE',  ( 8.384994479999996031, 7.972127544229101304, 71.07865855892583795 ) ) ;
#9929 = VECTOR ( 'NONE', #5823, 1000.000000000000000 ) ;
ENDSEC;
END-ISO-10303-21;
