ISO-10303-21;
HEADER;
FILE_DESCRIPTION (( 'STEP AP203' ),
    '1' );
FILE_NAME ('0MB_PSU_switch_02_v1.step',
    '2023-02-22T13:18:39',
    ( '' ),
    ( '' ),
    'SwSTEP 2.0',
    'SolidWorks 2023',
    '' );
FILE_SCHEMA (( 'CONFIG_CONTROL_DESIGN' ));
ENDSEC;

DATA;
#1 = DIRECTION ( 'NONE',  ( 0.000000000000000000, 0.7071067811865536790, 0.7071067811865414665 ) ) ;
#2 = DIRECTION ( 'NONE',  ( -0.7071067811865526798, -0.4999999999999974465, 0.4999999999999952260 ) ) ;
#3 = DIRECTION ( 'NONE',  ( 1.427755947306016137E-16, 0.000000000000000000, 1.000000000000000000 ) ) ;
#4 = ADVANCED_FACE ( 'NONE', ( #11026 ), #2900, .T. ) ;
#5 = LINE ( 'NONE', #11723, #59 ) ;
#6 = EDGE_CURVE ( 'NONE', #4427, #5541, #2888, .T. ) ;
#7 = EDGE_CURVE ( 'NONE', #8690, #7608, #7009, .T. ) ;
#8 = DIRECTION ( 'NONE',  ( 0.000000000000000000, -1.000000000000000000, 5.139921410301651782E-16 ) ) ;
#9 = CIRCLE ( 'NONE', #4373, 1.500000000000008216 ) ;
#10 = CARTESIAN_POINT ( 'NONE',  ( 92.50000000000021316, 0.5000000000000195399, 10.00000000000003020 ) ) ;
#11 = CARTESIAN_POINT ( 'NONE',  ( 92.00000000000018474, -2.007884410105826237E-32, 58.59999999999996589 ) ) ;
#12 = FACE_OUTER_BOUND ( 'NONE', #10692, .T. ) ;
#13 = AXIS2_PLACEMENT_3D ( 'NONE', #2814, #3757, #4731 ) ;
#14 = VERTEX_POINT ( 'NONE', #8433 ) ;
#15 = ORIENTED_EDGE ( 'NONE', *, *, #9227, .T. ) ;
#16 = FACE_BOUND ( 'NONE', #4817, .T. ) ;
#17 = ADVANCED_FACE ( 'NONE', ( #6811 ), #6967, .F. ) ;
#18 = DIRECTION ( 'NONE',  ( 0.000000000000000000, -1.000000000000000000, 0.000000000000000000 ) ) ;
#19 = VERTEX_POINT ( 'NONE', #11374 ) ;
#20 = CARTESIAN_POINT ( 'NONE',  ( -0.9999999999999988898, 50.99999999999997868, -9.499999999999996447 ) ) ;
#21 = DIRECTION ( 'NONE',  ( 1.000000000000000000, 8.195446571860577953E-34, 0.000000000000000000 ) ) ;
#22 = CARTESIAN_POINT ( 'NONE',  ( 2.000000000000000444, 56.00000000000004974, 52.75000000000000000 ) ) ;
#23 = CARTESIAN_POINT ( 'NONE',  ( 7.000000000000002665, 34.99999999999994316, 66.59999999999999432 ) ) ;
#24 = VECTOR ( 'NONE', #5075, 1000.000000000000000 ) ;
#25 = CARTESIAN_POINT ( 'NONE',  ( 6.000000000000000888, 59.49999999999997868, -9.499999999999996447 ) ) ;
#26 = CARTESIAN_POINT ( 'NONE',  ( 3.999999999999896971, 53.15000000000004832, 18.59999999999994102 ) ) ;
#27 = PLANE ( 'NONE',  #8895 ) ;
#28 = CARTESIAN_POINT ( 'NONE',  ( 74.50000000000018474, -3.442087560181427277E-32, 8.000000000000000000 ) ) ;
#29 = ORIENTED_EDGE ( 'NONE', *, *, #3458, .F. ) ;
#30 = PLANE ( 'NONE',  #4939 ) ;
#31 = CARTESIAN_POINT ( 'NONE',  ( 102.0000000000002416, 2.499999999999991118, 58.59999999999996589 ) ) ;
#32 = ORIENTED_EDGE ( 'NONE', *, *, #6456, .F. ) ;
#33 = FACE_BOUND ( 'NONE', #11349, .T. ) ;
#34 = AXIS2_PLACEMENT_3D ( 'NONE', #12240, #10372, #859 ) ;
#35 = ORIENTED_EDGE ( 'NONE', *, *, #819, .T. ) ;
#36 = LINE ( 'NONE', #6011, #8546 ) ;
#37 = ORIENTED_EDGE ( 'NONE', *, *, #12355, .T. ) ;
#38 = EDGE_CURVE ( 'NONE', #4532, #4646, #6988, .T. ) ;
#39 = CONICAL_SURFACE ( 'NONE', #7792, 1.500000000000015099, 0.7853981633974430610 ) ;
#40 = ORIENTED_EDGE ( 'NONE', *, *, #7913, .F. ) ;
#41 = EDGE_CURVE ( 'NONE', #894, #7606, #7045, .T. ) ;
#42 = ORIENTED_EDGE ( 'NONE', *, *, #669, .T. ) ;
#43 = VECTOR ( 'NONE', #8352, 1000.000000000000000 ) ;
#44 = EDGE_CURVE ( 'NONE', #3227, #6691, #2990, .T. ) ;
#45 = LINE ( 'NONE', #6977, #4502 ) ;
#46 = VERTEX_POINT ( 'NONE', #4589 ) ;
#47 = CARTESIAN_POINT ( 'NONE',  ( 92.00000000000019895, -2.007884410105825143E-32, 10.00000000000003020 ) ) ;
#48 = CIRCLE ( 'NONE', #4343, 1.000000000000014655 ) ;
#49 = DIRECTION ( 'NONE',  ( -0.7071067811865512365, 0.7071067811865439090, 0.000000000000000000 ) ) ;
#50 = VECTOR ( 'NONE', #922, 1000.000000000000000 ) ;
#51 = DIRECTION ( 'NONE',  ( 0.7071067811865529018, -0.7071067811865421326, 0.000000000000000000 ) ) ;
#52 = VECTOR ( 'NONE', #10853, 1000.000000000000000 ) ;
#53 = CIRCLE ( 'NONE', #2002, 1.999999999999988010 ) ;
#54 = AXIS2_PLACEMENT_3D ( 'NONE', #2885, #5757, #10143 ) ;
#55 = VECTOR ( 'NONE', #6915, 1000.000000000000000 ) ;
#56 = VECTOR ( 'NONE', #11424, 1000.000000000000000 ) ;
#57 = ADVANCED_FACE ( 'NONE', ( #7376 ), #9508, .T. ) ;
#58 = CARTESIAN_POINT ( 'NONE',  ( 3.000000000000007105, 3.450649638746445825E-16, 0.000000000000000000 ) ) ;
#59 = VECTOR ( 'NONE', #2449, 1000.000000000000114 ) ;
#60 = CARTESIAN_POINT ( 'NONE',  ( 66.50000000000017053, 2.499999999999963141, 58.59999999999996589 ) ) ;
#61 = AXIS2_PLACEMENT_3D ( 'NONE', #4911, #10582, #7042 ) ;
#62 = CARTESIAN_POINT ( 'NONE',  ( 105.5000000000000142, 12.49999999999999289, 0.000000000000000000 ) ) ;
#63 = EDGE_CURVE ( 'NONE', #8777, #8977, #7399, .T. ) ;
#64 = DIRECTION ( 'NONE',  ( -2.855511894612032274E-16, 0.000000000000000000, -1.000000000000000000 ) ) ;
#65 = ORIENTED_EDGE ( 'NONE', *, *, #451, .F. ) ;
#66 = EDGE_LOOP ( 'NONE', ( #8598, #12117, #8694, #7427 ) ) ;
#67 = DIRECTION ( 'NONE',  ( 0.000000000000000000, 0.000000000000000000, 1.000000000000000000 ) ) ;
#68 = EDGE_CURVE ( 'NONE', #3949, #5886, #7534, .T. ) ;
#69 = CONICAL_SURFACE ( 'NONE', #9706, 1.500000000000008216, 0.7853981633974430610 ) ;
#70 = LINE ( 'NONE', #11747, #4162 ) ;
#71 = VERTEX_POINT ( 'NONE', #4737 ) ;
#72 = LINE ( 'NONE', #5925, #8238 ) ;
#73 = ORIENTED_EDGE ( 'NONE', *, *, #2594, .T. ) ;
#74 = LINE ( 'NONE', #10074, #8364 ) ;
#75 = DIRECTION ( 'NONE',  ( 8.195446571860579663E-34, -1.000000000000000000, -0.000000000000000000 ) ) ;
#76 = VECTOR ( 'NONE', #1313, 1000.000000000000000 ) ;
#77 = DIRECTION ( 'NONE',  ( 0.000000000000000000, -1.000000000000000000, 0.000000000000000000 ) ) ;
#78 = EDGE_CURVE ( 'NONE', #7351, #10792, #7356, .T. ) ;
#79 = ADVANCED_FACE ( 'NONE', ( #3069 ), #7494, .F. ) ;
#80 = CARTESIAN_POINT ( 'NONE',  ( 1.000000000000005329, 33.50000000000178346, 65.87397274142526271 ) ) ;
#81 = AXIS2_PLACEMENT_3D ( 'NONE', #9341, #4802, #6827 ) ;
#82 = EDGE_LOOP ( 'NONE', ( #5419, #6969, #1848, #7455 ) ) ;
#83 = ORIENTED_EDGE ( 'NONE', *, *, #2408, .T. ) ;
#84 = FACE_BOUND ( 'NONE', #9891, .T. ) ;
#85 = CARTESIAN_POINT ( 'NONE',  ( 1.000000000000007105, 17.05000000000001492, 9.100000000063497296 ) ) ;
#86 = VECTOR ( 'NONE', #1005, 1000.000000000000000 ) ;
#87 = ORIENTED_EDGE ( 'NONE', *, *, #5118, .F. ) ;
#88 = DIRECTION ( 'NONE',  ( 1.000000000000000000, 0.000000000000000000, 0.000000000000000000 ) ) ;
#89 = FACE_OUTER_BOUND ( 'NONE', #1945, .T. ) ;
#90 = CARTESIAN_POINT ( 'NONE',  ( 5.499999999999987566, 58.99999999999999289, 69.59999999999999432 ) ) ;
#91 = CARTESIAN_POINT ( 'NONE',  ( 115.9999999999999858, 6.000000000000000888, -10.00000000000000000 ) ) ;
#92 = CARTESIAN_POINT ( 'NONE',  ( 66.00000000000018474, -4.138700518789576368E-32, 58.59999999999996589 ) ) ;
#93 = LINE ( 'NONE', #92, #115 ) ;
#94 = CARTESIAN_POINT ( 'NONE',  ( 5.000000000000004441, 18.30000000000002203, 5.750000000064023453 ) ) ;
#95 = EDGE_CURVE ( 'NONE', #12101, #1716, #3425, .T. ) ;
#96 = CARTESIAN_POINT ( 'NONE',  ( 6.029202711958111749, 55.49957350986024807, -10.00000000000000000 ) ) ;
#97 = DIRECTION ( 'NONE',  ( 0.000000000000000000, -1.000000000000000000, 0.000000000000000000 ) ) ;
#98 = CARTESIAN_POINT ( 'NONE',  ( 87.50000000000018474, 2.499999999999976907, 60.09999999999999432 ) ) ;
#99 = DIRECTION ( 'NONE',  ( -1.284980352575412946E-16, 1.000000000000000000, -5.139921410301651782E-16 ) ) ;
#100 = CARTESIAN_POINT ( 'NONE',  ( -20.49999999999995737, 20.49999999999981526, 0.000000000000000000 ) ) ;
#101 = ORIENTED_EDGE ( 'NONE', *, *, #4207, .F. ) ;
#102 = EDGE_CURVE ( 'NONE', #9645, #6547, #12119, .T. ) ;
#103 = FACE_OUTER_BOUND ( 'NONE', #3047, .T. ) ;
#104 = AXIS2_PLACEMENT_3D ( 'NONE', #5428, #9967, #10944 ) ;
#105 = ORIENTED_EDGE ( 'NONE', *, *, #3102, .T. ) ;
#106 = ORIENTED_EDGE ( 'NONE', *, *, #5685, .T. ) ;
#107 = ADVANCED_FACE ( 'NONE', ( #12183 ), #7695, .F. ) ;
#108 = LINE ( 'NONE', #9083, #11953 ) ;
#109 = DIRECTION ( 'NONE',  ( 0.000000000000000000, 0.000000000000000000, -1.000000000000000000 ) ) ;
#110 = CARTESIAN_POINT ( 'NONE',  ( 7.000000000000006217, 6.000000000000012434, 66.59999999999999432 ) ) ;
#111 = LINE ( 'NONE', #400, #4285 ) ;
#112 = CC_DESIGN_APPROVAL ( #1620, ( #6106 ) ) ;
#113 = DIRECTION ( 'NONE',  ( 0.7071067811865439090, 0.7071067811865512365, 0.000000000000000000 ) ) ;
#114 = CARTESIAN_POINT ( 'NONE',  ( 43.50000000000015632, 10.00000000000000000, 10.00000000000003020 ) ) ;
#115 = VECTOR ( 'NONE', #7574, 1000.000000000000000 ) ;
#116 = EDGE_LOOP ( 'NONE', ( #3673, #2859, #6622, #10256 ) ) ;
#117 = VERTEX_POINT ( 'NONE', #23 ) ;
#118 = ORIENTED_EDGE ( 'NONE', *, *, #10100, .F. ) ;
#119 = EDGE_CURVE ( 'NONE', #11984, #6946, #7911, .T. ) ;
#120 = LINE ( 'NONE', #10986, #9132 ) ;
#121 = PLANE ( 'NONE',  #6651 ) ;
#122 = LINE ( 'NONE', #10396, #8248 ) ;
#123 = ORIENTED_EDGE ( 'NONE', *, *, #1665, .T. ) ;
#124 = DIRECTION ( 'NONE',  ( 0.7071067811865439090, 0.7071067811865512365, 0.000000000000000000 ) ) ;
#125 = ORIENTED_EDGE ( 'NONE', *, *, #6124, .F. ) ;
#127 = EDGE_LOOP ( 'NONE', ( #10268, #6127, #2206, #5763 ) ) ;
#126 = FACE_BOUND ( 'NONE', #4203, .T. ) ;
#128 = CARTESIAN_POINT ( 'NONE',  ( -0.5000000000000247580, 33.50000000000178346, 38.00000000006348699 ) ) ;
#129 = EDGE_CURVE ( 'NONE', #5794, #8272, #7752, .T. ) ;
#130 = ORIENTED_EDGE ( 'NONE', *, *, #4864, .T. ) ;
#131 = AXIS2_PLACEMENT_3D ( 'NONE', #11738, #4060, #4146 ) ;
#132 = DIRECTION ( 'NONE',  ( 0.000000000000000000, 0.000000000000000000, 1.000000000000000000 ) ) ;
#133 = VECTOR ( 'NONE', #4070, 1000.000000000000000 ) ;
#134 = FACE_OUTER_BOUND ( 'NONE', #11087, .T. ) ;
#135 = DIRECTION ( 'NONE',  ( 1.278217298088174232E-16, -1.000000000000000000, 0.000000000000000000 ) ) ;
#136 = AXIS2_PLACEMENT_3D ( 'NONE', #10465, #2809, #168 ) ;
#137 = VERTEX_POINT ( 'NONE', #2664 ) ;
#138 = VECTOR ( 'NONE', #1959, 1000.000000000000000 ) ;
#139 = LINE ( 'NONE', #2248, #8281 ) ;
#140 = CARTESIAN_POINT ( 'NONE',  ( 53.50000000000016342, 0.4999999999999848455, 10.00000000000003020 ) ) ;
#141 = ORIENTED_EDGE ( 'NONE', *, *, #3181, .T. ) ;
#142 = VERTEX_POINT ( 'NONE', #7489 ) ;
#143 = EDGE_CURVE ( 'NONE', #6506, #4647, #8336, .T. ) ;
#144 = VERTEX_POINT ( 'NONE', #1897 ) ;
#145 = ORIENTED_EDGE ( 'NONE', *, *, #7116, .T. ) ;
#146 = VERTEX_POINT ( 'NONE', #5772 ) ;
#147 = ORIENTED_EDGE ( 'NONE', *, *, #902, .T. ) ;
#148 = DIRECTION ( 'NONE',  ( 1.141265444721583018E-16, -1.000000000000000000, 1.521687259628777275E-16 ) ) ;
#149 = EDGE_LOOP ( 'NONE', ( #4753, #7178, #12094, #4636, #5699 ) ) ;
#150 = VECTOR ( 'NONE', #11445, 1000.000000000000000 ) ;
#151 = LINE ( 'NONE', #9034, #8258 ) ;
#152 = EDGE_CURVE ( 'NONE', #3672, #5911, #4224, .T. ) ;
#153 = EDGE_CURVE ( 'NONE', #12045, #11832, #93, .T. ) ;
#154 = FACE_OUTER_BOUND ( 'NONE', #6266, .T. ) ;
#155 = ORIENTED_EDGE ( 'NONE', *, *, #11810, .T. ) ;
#156 = DIRECTION ( 'NONE',  ( 8.195446571860579663E-34, -1.000000000000000000, -0.000000000000000000 ) ) ;
#157 = CARTESIAN_POINT ( 'NONE',  ( 70.00000000000015632, -3.810882655915156261E-32, 10.00000000000003020 ) ) ;
#158 = CARTESIAN_POINT ( 'NONE',  ( 55.00000000000017053, 3.000000000000000000, 10.00000000000003020 ) ) ;
#159 = ADVANCED_FACE ( 'NONE', ( #4363 ), #1979, .F. ) ;
#160 = CIRCLE ( 'NONE', #10023, 1.000000000000010436 ) ;
#161 = AXIS2_PLACEMENT_3D ( 'NONE', #9859, #7536, #8549 ) ;
#162 = DIRECTION ( 'NONE',  ( 0.000000000000000000, -1.000000000000000000, 0.000000000000000000 ) ) ;
#163 = CARTESIAN_POINT ( 'NONE',  ( 106.0000000000000284, 4.999999999999999112, -10.00000000000000000 ) ) ;
#164 = ORIENTED_EDGE ( 'NONE', *, *, #5836, .F. ) ;
#165 = DIRECTION ( 'NONE',  ( 0.7071067811865502373, -0.7071067811865447972, 5.047879561097554824E-17 ) ) ;
#166 = EDGE_CURVE ( 'NONE', #6020, #8246, #3963, .T. ) ;
#167 = LINE ( 'NONE', #6964, #4366 ) ;
#168 = DIRECTION ( 'NONE',  ( 0.000000000000000000, -0.000000000000000000, 1.000000000000000000 ) ) ;
#169 = CARTESIAN_POINT ( 'NONE',  ( 40.50000000000012079, 2.499999999999984013, 58.59999999999996589 ) ) ;
#170 = CIRCLE ( 'NONE', #10799, 2.000000000000029310 ) ;
#171 = DIRECTION ( 'NONE',  ( 0.000000000000000000, -1.000000000000000000, 0.000000000000000000 ) ) ;
#172 = VERTEX_POINT ( 'NONE', #4024 ) ;
#173 = DIRECTION ( 'NONE',  ( -0.000000000000000000, 1.000000000000000000, -0.000000000000000000 ) ) ;
#174 = LINE ( 'NONE', #6962, #4327 ) ;
#175 = ORIENTED_EDGE ( 'NONE', *, *, #3960, .F. ) ;
#176 = EDGE_CURVE ( 'NONE', #10832, #2934, #9017, .T. ) ;
#177 = FACE_OUTER_BOUND ( 'NONE', #12048, .T. ) ;
#178 = VECTOR ( 'NONE', #109, 1000.000000000000000 ) ;
#179 = CARTESIAN_POINT ( 'NONE',  ( 108.0722307094916914, 11.96727357728800634, 70.13272642271199686 ) ) ;
#180 = DIRECTION ( 'NONE',  ( 1.000000000000000000, 5.782411586589377360E-16, 0.000000000000000000 ) ) ;
#181 = VERTEX_POINT ( 'NONE', #1117 ) ;
#182 = EDGE_CURVE ( 'NONE', #10969, #10608, #4813, .T. ) ;
#183 = CARTESIAN_POINT ( 'NONE',  ( 4.000000000000000000, 52.49999999999998579, 49.24999999999999289 ) ) ;
#184 = CARTESIAN_POINT ( 'NONE',  ( 100.5000000000002274, 0.5000000000000056621, 10.00000000000003020 ) ) ;
#185 = LINE ( 'NONE', #4038, #561 ) ;
#186 = ORIENTED_EDGE ( 'NONE', *, *, #7811, .T. ) ;
#187 = CARTESIAN_POINT ( 'NONE',  ( 104.5000000000000142, 13.00000000000000000, 0.000000000000000000 ) ) ;
#188 = AXIS2_PLACEMENT_3D ( 'NONE', #6451, #5326, #755 ) ;
#189 = ORIENTED_EDGE ( 'NONE', *, *, #2168, .T. ) ;
#190 = DIRECTION ( 'NONE',  ( -0.7071067811865542341, -4.446216857528451718E-16, -0.7071067811865409114 ) ) ;
#191 = CARTESIAN_POINT ( 'NONE',  ( 94.00000000000019895, 0.5000000000000195399, 58.59999999999996589 ) ) ;
#192 = CARTESIAN_POINT ( 'NONE',  ( 40.50000000000013500, 2.499999999999984013, 10.00000000000003020 ) ) ;
#193 = ADVANCED_FACE ( 'NONE', ( #4849 ), #516, .F. ) ;
#194 = ORIENTED_EDGE ( 'NONE', *, *, #10376, .F. ) ;
#195 = CIRCLE ( 'NONE', #10822, 1.500000000000001332 ) ;
#196 = EDGE_CURVE ( 'NONE', #8447, #12045, #8596, .T. ) ;
#197 = LINE ( 'NONE', #4664, #8655 ) ;
#198 = ORIENTED_EDGE ( 'NONE', *, *, #2763, .T. ) ;
#199 = DIRECTION ( 'NONE',  ( 1.000000000000000000, 8.195446571860605322E-34, 0.000000000000000000 ) ) ;
#201 = VERTEX_POINT ( 'NONE', #6196 ) ;
#200 = CONICAL_SURFACE ( 'NONE', #11920, 1.500000000000029088, 0.7853981633974430610 ) ;
#202 = CARTESIAN_POINT ( 'NONE',  ( 53.50000000000014211, 0.4999999999999848455, 10.00000000000003020 ) ) ;
#203 = CIRCLE ( 'NONE', #8915, 0.5000000000000029976 ) ;
#204 = CARTESIAN_POINT ( 'NONE',  ( 105.5000000000000284, 4.999999999999999112, -9.499999999999996447 ) ) ;
#205 = CIRCLE ( 'NONE', #5333, 2.000000000000015543 ) ;
#206 = DIRECTION ( 'NONE',  ( 1.000000000000000000, 0.000000000000000000, 0.000000000000000000 ) ) ;
#207 = FACE_OUTER_BOUND ( 'NONE', #1385, .T. ) ;
#208 = VERTEX_POINT ( 'NONE', #10719 ) ;
#209 = VECTOR ( 'NONE', #2074, 1000.000000000000000 ) ;
#210 = EDGE_CURVE ( 'NONE', #5232, #142, #8793, .T. ) ;
#211 = VERTEX_POINT ( 'NONE', #5058 ) ;
#212 = EDGE_CURVE ( 'NONE', #8993, #3243, #1195, .T. ) ;
#213 = AXIS2_PLACEMENT_3D ( 'NONE', #1034, #7637, #1820 ) ;
#214 = DIRECTION ( 'NONE',  ( -8.195446571860579663E-34, 1.000000000000000000, -0.000000000000000000 ) ) ;
#215 = DIRECTION ( 'NONE',  ( 0.000000000000000000, -1.000000000000000000, 0.000000000000000000 ) ) ;
#216 = LINE ( 'NONE', #4857, #4407 ) ;
#217 = PLANE ( 'NONE',  #4107 ) ;
#218 = VERTEX_POINT ( 'NONE', #11957 ) ;
#219 = FACE_BOUND ( 'NONE', #2700, .T. ) ;
#220 = DIRECTION ( 'NONE',  ( -1.427755947306016137E-16, 0.000000000000000000, 1.000000000000000000 ) ) ;
#221 = ADVANCED_FACE ( 'NONE', ( #1135 ), #1277, .F. ) ;
#222 = LINE ( 'NONE', #2197, #8311 ) ;
#223 = EDGE_LOOP ( 'NONE', ( #5251, #6375, #8320, #9633 ) ) ;
#224 = DIRECTION ( 'NONE',  ( 0.000000000000000000, 0.000000000000000000, -1.000000000000000000 ) ) ;
#225 = CARTESIAN_POINT ( 'NONE',  ( 50.00000000000015632, 2.499999999999976907, 58.59999999999996589 ) ) ;
#226 = VECTOR ( 'NONE', #11316, 1000.000000000000000 ) ;
#227 = EDGE_LOOP ( 'NONE', ( #1022, #9652, #9370, #8318, #11128 ) ) ;
#228 = AXIS2_PLACEMENT_3D ( 'NONE', #9989, #6250, #9101 ) ;
#229 = EDGE_CURVE ( 'NONE', #201, #937, #1247, .T. ) ;
#230 = DIRECTION ( 'NONE',  ( 1.000000000000000000, 0.000000000000000000, 0.000000000000000000 ) ) ;
#231 = DIRECTION ( 'NONE',  ( -0.7071067811865402453, -0.7071067811865549002, 0.000000000000000000 ) ) ;
#232 = EDGE_CURVE ( 'NONE', #8466, #2872, #944, .T. ) ;
#233 = CARTESIAN_POINT ( 'NONE',  ( 42.00000000000015632, 3.000000000000000000, 10.00000000000003020 ) ) ;
#234 = ORIENTED_EDGE ( 'NONE', *, *, #2054, .F. ) ;
#235 = ORIENTED_EDGE ( 'NONE', *, *, #10320, .T. ) ;
#236 = PLANE ( 'NONE',  #10356 ) ;
#237 = EDGE_CURVE ( 'NONE', #3243, #7711, #5122, .T. ) ;
#238 = VERTEX_POINT ( 'NONE', #6108 ) ;
#239 = CARTESIAN_POINT ( 'NONE',  ( 105.0000000000000568, 5.999999999999988454, 2.000000000000000000 ) ) ;
#240 = LINE ( 'NONE', #8073, #4600 ) ;
#241 = ADVANCED_FACE ( 'NONE', ( #1016 ), #8961, .F. ) ;
#242 = ORIENTED_EDGE ( 'NONE', *, *, #8298, .F. ) ;
#243 = PLANE ( 'NONE',  #5761 ) ;
#244 = EDGE_LOOP ( 'NONE', ( #5770, #4910, #10010 ) ) ;
#245 = AXIS2_PLACEMENT_3D ( 'NONE', #2345, #5235, #2981 ) ;
#246 = CARTESIAN_POINT ( 'NONE',  ( 61.50000000000015632, 10.00000000000000000, 58.59999999999996589 ) ) ;
#247 = ORIENTED_EDGE ( 'NONE', *, *, #1630, .T. ) ;
#248 = ORIENTED_EDGE ( 'NONE', *, *, #8688, .T. ) ;
#249 = DIRECTION ( 'NONE',  ( 0.000000000000000000, -1.000000000000000000, 0.000000000000000000 ) ) ;
#250 = CARTESIAN_POINT ( 'NONE',  ( 16.00000000000012079, 3.000000000000000000, 58.59999999999996589 ) ) ;
#251 = FACE_OUTER_BOUND ( 'NONE', #6405, .T. ) ;
#252 = ORIENTED_EDGE ( 'NONE', *, *, #6522, .T. ) ;
#253 = CARTESIAN_POINT ( 'NONE',  ( 3.000000000000005329, 33.50000000000176925, 38.40000000006348557 ) ) ;
#254 = CYLINDRICAL_SURFACE ( 'NONE', #8351, 1.500000000000095035 ) ;
#255 = EDGE_LOOP ( 'NONE', ( #11827, #12381, #8375, #12057 ) ) ;
#256 = VERTEX_POINT ( 'NONE', #9049 ) ;
#257 = DIRECTION ( 'NONE',  ( 0.000000000000000000, 0.000000000000000000, -1.000000000000000000 ) ) ;
#258 = CONICAL_SURFACE ( 'NONE', #10493, 2.000000000000029310, 0.7853981633974396193 ) ;
#259 = VERTEX_POINT ( 'NONE', #11699 ) ;
#260 = ORIENTED_EDGE ( 'NONE', *, *, #4482, .T. ) ;
#261 = VECTOR ( 'NONE', #1229, 1000.000000000000000 ) ;
#262 = EDGE_LOOP ( 'NONE', ( #1756, #9589, #2672, #5370 ) ) ;
#263 = CONICAL_SURFACE ( 'NONE', #2969, 2.000000000000022649, 0.7853981633974396193 ) ;
#264 = LINE ( 'NONE', #10650, #12312 ) ;
#265 = CARTESIAN_POINT ( 'NONE',  ( 57.00000000000018474, 3.000000000000000000, 58.59999999999996589 ) ) ;
#266 = CARTESIAN_POINT ( 'NONE',  ( 1.000000000000006883, 1.154692097012435348E-16, 0.000000000000000000 ) ) ;
#267 = VERTEX_POINT ( 'NONE', #10021 ) ;
#268 = ADVANCED_FACE ( 'NONE', ( #1227 ), #7262, .F. ) ;
#269 = EDGE_CURVE ( 'NONE', #6547, #4799, #1053, .T. ) ;
#270 = CARTESIAN_POINT ( 'NONE',  ( 82.50000000000018474, 0.5000000000000195399, 58.59999999999996589 ) ) ;
#271 = AXIS2_PLACEMENT_3D ( 'NONE', #8409, #10293, #4722 ) ;
#272 = VECTOR ( 'NONE', #3165, 1000.000000000000000 ) ;
#273 = CARTESIAN_POINT ( 'NONE',  ( 3.000000000000005329, 33.50000000000178346, 65.87397274142526271 ) ) ;
#274 = PLANE ( 'NONE',  #11572 ) ;
#275 = DIRECTION ( 'NONE',  ( -0.09950371902099899857, 0.9950371902099890420, -0.000000000000000000 ) ) ;
#276 = CARTESIAN_POINT ( 'NONE',  ( 76.50000000000022737, 3.000000000000000000, 10.00000000000003020 ) ) ;
#277 = ORIENTED_EDGE ( 'NONE', *, *, #602, .F. ) ;
#278 = FACE_OUTER_BOUND ( 'NONE', #8424, .T. ) ;
#279 = CARTESIAN_POINT ( 'NONE',  ( 9.000000000000003553, 33.50000000000178346, 9.500000000063488770 ) ) ;
#280 = VERTEX_POINT ( 'NONE', #9285 ) ;
#281 = CARTESIAN_POINT ( 'NONE',  ( 7.000000000000006217, 6.000000000000012434, 69.09999999999999432 ) ) ;
#282 = CARTESIAN_POINT ( 'NONE',  ( 32.96165861084784865, 65.35417616170117583, 9.461658610847726081 ) ) ;
#283 = ORIENTED_EDGE ( 'NONE', *, *, #7581, .T. ) ;
#284 = DIRECTION ( 'NONE',  ( 0.7071067811865439090, -0.7071067811865512365, 0.000000000000000000 ) ) ;
#285 = FACE_OUTER_BOUND ( 'NONE', #5900, .T. ) ;
#286 = CARTESIAN_POINT ( 'NONE',  ( 9.000000000000003553, 33.50000000000178346, 9.500000000063488770 ) ) ;
#287 = FACE_OUTER_BOUND ( 'NONE', #4126, .T. ) ;
#288 = DIRECTION ( 'NONE',  ( 0.000000000000000000, -1.000000000000000000, 0.000000000000000000 ) ) ;
#289 = DIRECTION ( 'NONE',  ( 9.038361193080925096E-17, -0.7071067811865460184, -0.7071067811865490160 ) ) ;
#290 = CARTESIAN_POINT ( 'NONE',  ( 102.5000000000002558, -1.147362520060459018E-32, 10.00000000000003020 ) ) ;
#291 = EDGE_CURVE ( 'NONE', #9270, #4619, #1269, .T. ) ;
#292 = LINE ( 'NONE', #282, #399 ) ;
#293 = EDGE_LOOP ( 'NONE', ( #4861, #3055, #9310, #4975 ) ) ;
#294 = EDGE_CURVE ( 'NONE', #703, #11694, #5692, .T. ) ;
#295 = AXIS2_PLACEMENT_3D ( 'NONE', #771, #1712, #11581 ) ;
#297 = ADVANCED_FACE ( 'NONE', ( #9666 ), #12206, .T. ) ;
#296 = LINE ( 'NONE', #5184, #4706 ) ;
#298 = ORIENTED_EDGE ( 'NONE', *, *, #6440, .T. ) ;
#300 = ORIENTED_EDGE ( 'NONE', *, *, #5105, .F. ) ;
#299 = VECTOR ( 'NONE', #7305, 1000.000000000000000 ) ;
#301 = DIRECTION ( 'NONE',  ( 0.000000000000000000, 0.000000000000000000, -1.000000000000000000 ) ) ;
#302 = FACE_OUTER_BOUND ( 'NONE', #9130, .T. ) ;
#303 = AXIS2_PLACEMENT_3D ( 'NONE', #3338, #4317, #5244 ) ;
#304 = EDGE_LOOP ( 'NONE', ( #12062, #1886, #6486, #7287 ) ) ;
#305 = CARTESIAN_POINT ( 'NONE',  ( 37.50000000000015632, 3.000000000000000000, -122.9712352769500541 ) ) ;
#306 = EDGE_LOOP ( 'NONE', ( #3756, #11436, #8695, #300 ) ) ;
#307 = FACE_OUTER_BOUND ( 'NONE', #3912, .T. ) ;
#308 = ORIENTED_EDGE ( 'NONE', *, *, #9263, .F. ) ;
#309 = DIRECTION ( 'NONE',  ( -2.855511894612032274E-16, 0.000000000000000000, -1.000000000000000000 ) ) ;
#310 = VECTOR ( 'NONE', #340, 1000.000000000000000 ) ;
#311 = CIRCLE ( 'NONE', #12207, 1.500000000000008216 ) ;
#312 = VERTEX_POINT ( 'NONE', #5470 ) ;
#313 = VERTEX_POINT ( 'NONE', #2613 ) ;
#314 = ORIENTED_EDGE ( 'NONE', *, *, #2937, .T. ) ;
#315 = CARTESIAN_POINT ( 'NONE',  ( 50.00000000000015632, 10.00000000000000000, 58.59999999999996589 ) ) ;
#316 = DIRECTION ( 'NONE',  ( 8.117435735382588615E-17, -0.7071067811865490160, 0.7071067811865460184 ) ) ;
#317 = CARTESIAN_POINT ( 'NONE',  ( 50.50000000000019895, 3.000000000000000000, -122.9712352769500541 ) ) ;
#318 = ORIENTED_EDGE ( 'NONE', *, *, #4464, .F. ) ;
#319 = DIRECTION ( 'NONE',  ( -1.000000000000000000, -8.195446571860579663E-34, 2.855511894612032274E-16 ) ) ;
#320 = ORIENTED_EDGE ( 'NONE', *, *, #2873, .T. ) ;
#321 = LINE ( 'NONE', #11671, #12364 ) ;
#322 = ADVANCED_FACE ( 'NONE', ( #1605 ), #1773, .F. ) ;
#323 = AXIS2_PLACEMENT_3D ( 'NONE', #1655, #11031, #11994 ) ;
#324 = ORIENTED_EDGE ( 'NONE', *, *, #6859, .T. ) ;
#325 = DIRECTION ( 'NONE',  ( -1.000000000000000000, 0.000000000000000000, 0.000000000000000000 ) ) ;
#326 = LINE ( 'NONE', #5074, #409 ) ;
#327 = LINE ( 'NONE', #7001, #4261 ) ;
#328 = DIRECTION ( 'NONE',  ( -0.7071067811865578978, -0.7071067811865371366, 0.000000000000000000 ) ) ;
#329 = DIRECTION ( 'NONE',  ( 1.431073855571164776E-15, 0.7071067811865558994, -0.7071067811865392461 ) ) ;
#330 = CARTESIAN_POINT ( 'NONE',  ( 16.00000000000012434, 3.000000000000000000, 10.00000000000003020 ) ) ;
#331 = PLANE ( 'NONE',  #11995 ) ;
#332 = DIRECTION ( 'NONE',  ( 1.000000000000000000, 8.195446571860589927E-34, 0.000000000000000000 ) ) ;
#333 = EDGE_CURVE ( 'NONE', #9478, #5429, #5586, .T. ) ;
#334 = DIRECTION ( 'NONE',  ( 0.000000000000000000, 0.000000000000000000, -1.000000000000000000 ) ) ;
#335 = VECTOR ( 'NONE', #9968, 1000.000000000000000 ) ;
#336 = PERSON_AND_ORGANIZATION_ROLE ( 'creator' ) ;
#337 = DIRECTION ( 'NONE',  ( -5.900520662951093563E-32, 5.139921410301651782E-16, 1.000000000000000000 ) ) ;
#338 = EDGE_CURVE ( 'NONE', #6649, #7648, #9809, .T. ) ;
#339 = VECTOR ( 'NONE', #148, 1000.000000000000000 ) ;
#340 = DIRECTION ( 'NONE',  ( -0.7071067811865573427, -9.614813431917598447E-17, -0.7071067811865378028 ) ) ;
#341 = DIRECTION ( 'NONE',  ( 2.855511894612032274E-16, 2.340219516760528775E-49, 1.000000000000000000 ) ) ;
#342 = PLANE ( 'NONE',  #1372 ) ;
#343 = LINE ( 'NONE', #4823, #4474 ) ;
#344 = ADVANCED_FACE ( 'NONE', ( #9858 ), #7669, .T. ) ;
#345 = FACE_OUTER_BOUND ( 'NONE', #1742, .T. ) ;
#346 = AXIS2_PLACEMENT_3D ( 'NONE', #1188, #11858, #2323 ) ;
#347 = CARTESIAN_POINT ( 'NONE',  ( 7.000000000000006217, 6.000000000000012434, 0.000000000000000000 ) ) ;
#348 = DIRECTION ( 'NONE',  ( -0.000000000000000000, 1.000000000000000000, -0.000000000000000000 ) ) ;
#349 = DIRECTION ( 'NONE',  ( 0.7071067811865516806, 0.000000000000000000, -0.7071067811865434649 ) ) ;
#350 = PLANE ( 'NONE',  #1951 ) ;
#351 = AXIS2_PLACEMENT_3D ( 'NONE', #8300, #8887, #11792 ) ;
#352 = CARTESIAN_POINT ( 'NONE',  ( 46.50000000000093081, -46.50000000000012079, 0.000000000000000000 ) ) ;
#353 = CARTESIAN_POINT ( 'NONE',  ( 72.50000000000015632, -3.605996491618641436E-32, 58.59999999999996589 ) ) ;
#354 = EDGE_CURVE ( 'NONE', #2154, #6290, #1642, .T. ) ;
#355 = CARTESIAN_POINT ( 'NONE',  ( 14.00000000000005329, -8.400332736157088125E-32, 10.00000000000003020 ) ) ;
#356 = DIRECTION ( 'NONE',  ( -0.7071067811865558994, -0.7071067811865391350, 2.019151824439037953E-16 ) ) ;
#357 = VERTEX_POINT ( 'NONE', #8610 ) ;
#358 = VERTEX_POINT ( 'NONE', #8296 ) ;
#359 = EDGE_CURVE ( 'NONE', #10106, #1336, #5883, .T. ) ;
#360 = PLANE ( 'NONE',  #2835 ) ;
#361 = DIRECTION ( 'NONE',  ( 0.000000000000000000, 0.000000000000000000, -1.000000000000000000 ) ) ;
#362 = CYLINDRICAL_SURFACE ( 'NONE', #10272, 1.500000000000095035 ) ;
#363 = CARTESIAN_POINT ( 'NONE',  ( -1.000000000000000888, 49.49999999999997868, 68.09999999999999432 ) ) ;
#364 = VECTOR ( 'NONE', #135, 1000.000000000000000 ) ;
#365 = CARTESIAN_POINT ( 'NONE',  ( 89.00000000000022737, 0.5000000000000195399, 10.00000000000003020 ) ) ;
#366 = DIRECTION ( 'NONE',  ( 0.000000000000000000, 0.000000000000000000, 1.000000000000000000 ) ) ;
#367 = VECTOR ( 'NONE', #5048, 1000.000000000000000 ) ;
#368 = EDGE_CURVE ( 'NONE', #6020, #1332, #6096, .T. ) ;
#369 = CARTESIAN_POINT ( 'NONE',  ( 5.000000000000000888, 55.49999999999999289, 52.09999999999999432 ) ) ;
#370 = AXIS2_PLACEMENT_3D ( 'NONE', #4223, #3079, #10814 ) ;
#371 = CARTESIAN_POINT ( 'NONE',  ( 3.000000000000004441, 22.85000000000002274, 9.500000000063486993 ) ) ;
#372 = ORIENTED_EDGE ( 'NONE', *, *, #9161, .T. ) ;
#373 = ADVANCED_FACE ( 'NONE', ( #10200 ), #1707, .F. ) ;
#374 = EDGE_CURVE ( 'NONE', #6157, #10646, #1804, .T. ) ;
#375 = LINE ( 'NONE', #6942, #595 ) ;
#376 = DIRECTION ( 'NONE',  ( -1.000000000000000000, 1.245442495573092286E-16, 0.000000000000000000 ) ) ;
#377 = VERTEX_POINT ( 'NONE', #1544 ) ;
#378 = ORIENTED_EDGE ( 'NONE', *, *, #2827, .T. ) ;
#379 = VECTOR ( 'NONE', #5356, 999.9999999999998863 ) ;
#380 = AXIS2_PLACEMENT_3D ( 'NONE', #7676, #684, #10642 ) ;
#381 = CARTESIAN_POINT ( 'NONE',  ( 95.50000000000019895, 0.5000000000000195399, 58.59999999999996589 ) ) ;
#382 = LINE ( 'NONE', #2217, #4538 ) ;
#383 = CARTESIAN_POINT ( 'NONE',  ( 5.500000000000000000, 54.50000000000000711, -10.00000000000000000 ) ) ;
#384 = VECTOR ( 'NONE', #5570, 1000.000000000000000 ) ;
#385 = DIRECTION ( 'NONE',  ( 2.855511894612032274E-16, 2.340219516760528775E-49, 1.000000000000000000 ) ) ;
#386 = DIRECTION ( 'NONE',  ( 0.000000000000000000, 1.000000000000000000, 0.000000000000000000 ) ) ;
#387 = EDGE_LOOP ( 'NONE', ( #8783, #12129, #235, #6828 ) ) ;
#388 = VECTOR ( 'NONE', #2737, 1000.000000000000000 ) ;
#389 = CYLINDRICAL_SURFACE ( 'NONE', #11758, 1.500000000000001332 ) ;
#390 = CARTESIAN_POINT ( 'NONE',  ( 50.00000000000018474, 0.5000000000000195399, 10.00000000000003020 ) ) ;
#391 = EDGE_CURVE ( 'NONE', #8954, #8358, #10003, .T. ) ;
#392 = ORIENTED_EDGE ( 'NONE', *, *, #8332, .T. ) ;
#393 = ORIENTED_EDGE ( 'NONE', *, *, #2873, .F. ) ;
#394 = DIRECTION ( 'NONE',  ( 0.7071067811865532349, -0.7071067811865419106, -1.009575912219515156E-16 ) ) ;
#395 = EDGE_CURVE ( 'NONE', #5594, #7355, #10300, .T. ) ;
#396 = DIRECTION ( 'NONE',  ( -0.000000000000000000, -1.000000000000000000, -0.000000000000000000 ) ) ;
#397 = CARTESIAN_POINT ( 'NONE',  ( 63.00000000000017764, 2.499999999999984013, 10.00000000000003020 ) ) ;
#398 = CARTESIAN_POINT ( 'NONE',  ( 76.00000000000019895, 2.499999999999976907, 10.00000000000003020 ) ) ;
#399 = VECTOR ( 'NONE', #4896, 1000.000000000000114 ) ;
#400 = CARTESIAN_POINT ( 'NONE',  ( 47.00000000000014211, 2.499999999999976907, 58.59999999999996589 ) ) ;
#401 = EDGE_CURVE ( 'NONE', #11138, #3789, #6050, .T. ) ;
#402 = ADVANCED_FACE ( 'NONE', ( #10165 ), #3476, .T. ) ;
#403 = DIRECTION ( 'NONE',  ( -1.000000000000000000, -1.147978770867005115E-16, 0.000000000000000000 ) ) ;
#404 = EDGE_CURVE ( 'NONE', #7077, #4611, #2482, .T. ) ;
#405 = AXIS2_PLACEMENT_3D ( 'NONE', #9936, #2539, #3480 ) ;
#406 = DIRECTION ( 'NONE',  ( 0.5000000000000113243, -0.5000000000000044409, 0.7071067811865365815 ) ) ;
#407 = VERTEX_POINT ( 'NONE', #947 ) ;
#408 = LINE ( 'NONE', #9476, #310 ) ;
#409 = VECTOR ( 'NONE', #2447, 1000.000000000000000 ) ;
#410 = CARTESIAN_POINT ( 'NONE',  ( 6.049751859510504204, 55.49751859510500651, -10.00000000000000000 ) ) ;
#411 = DIRECTION ( 'NONE',  ( -8.195446571860579663E-34, 1.000000000000000000, -0.000000000000000000 ) ) ;
#412 = VERTEX_POINT ( 'NONE', #1249 ) ;
#413 = DIRECTION ( 'NONE',  ( 0.000000000000000000, 1.000000000000000000, 0.000000000000000000 ) ) ;
#414 = DIRECTION ( 'NONE',  ( -0.9950371902099891530, -0.09950371902099901245, 0.000000000000000000 ) ) ;
#415 = DIRECTION ( 'NONE',  ( 8.195446571860579663E-34, -1.000000000000000000, -0.000000000000000000 ) ) ;
#416 = VERTEX_POINT ( 'NONE', #5202 ) ;
#417 = DIRECTION ( 'NONE',  ( 0.000000000000000000, 0.000000000000000000, -1.000000000000000000 ) ) ;
#418 = EDGE_CURVE ( 'NONE', #2918, #6653, #10746, .T. ) ;
#419 = VECTOR ( 'NONE', #568, 1000.000000000000000 ) ;
#420 = DIRECTION ( 'NONE',  ( 1.147978770867005115E-16, -1.000000000000000000, 0.000000000000000000 ) ) ;
#421 = EDGE_LOOP ( 'NONE', ( #5088, #1539, #10483, #11278 ) ) ;
#423 = ORIENTED_EDGE ( 'NONE', *, *, #2000, .F. ) ;
#422 = VECTOR ( 'NONE', #8468, 1000.000000000000000 ) ;
#424 = ADVANCED_FACE ( 'NONE', ( #6744 ), #10561, .T. ) ;
#425 = CARTESIAN_POINT ( 'NONE',  ( 42.00000000000013500, 3.000000000000000000, 58.59999999999996589 ) ) ;
#426 = CARTESIAN_POINT ( 'NONE',  ( 61.50000000000015632, 2.499999999999984013, 58.59999999999996589 ) ) ;
#427 = EDGE_CURVE ( 'NONE', #11986, #8938, #6435, .T. ) ;
#428 = AXIS2_PLACEMENT_3D ( 'NONE', #4547, #2017, #4621 ) ;
#429 = CIRCLE ( 'NONE', #1748, 2.000000000000029310 ) ;
#430 = VECTOR ( 'NONE', #11632, 1000.000000000000000 ) ;
#431 = DIRECTION ( 'NONE',  ( -8.117435735382552870E-17, 0.7071067811865460184, 0.7071067811865490160 ) ) ;
#432 = ORIENTED_EDGE ( 'NONE', *, *, #3989, .T. ) ;
#433 = ORIENTED_EDGE ( 'NONE', *, *, #2518, .F. ) ;
#434 = CARTESIAN_POINT ( 'NONE',  ( 20.49999999999979750, 19.49999999999996803, 80.10000000000015064 ) ) ;
#435 = VECTOR ( 'NONE', #4225, 1000.000000000000000 ) ;
#436 = CARTESIAN_POINT ( 'NONE',  ( 14.00000000000000533, 54.50000000000000711, -9.499999999999996447 ) ) ;
#437 = DIRECTION ( 'NONE',  ( 0.7071067811865439090, 0.7071067811865512365, 0.000000000000000000 ) ) ;
#438 = CARTESIAN_POINT ( 'NONE',  ( 14.00000000000000533, 57.49999999999997158, -10.00000000000000000 ) ) ;
#440 = ORIENTED_EDGE ( 'NONE', *, *, #4510, .T. ) ;
#439 = FACE_OUTER_BOUND ( 'NONE', #4877, .T. ) ;
#441 = CARTESIAN_POINT ( 'NONE',  ( 5.000000000000000888, 55.50000000000000000, 22.09999999999999432 ) ) ;
#442 = LINE ( 'NONE', #5294, #8714 ) ;
#443 = CARTESIAN_POINT ( 'NONE',  ( 48.50000000000014921, 10.00000000000000000, 58.59999999999996589 ) ) ;
#444 = EDGE_LOOP ( 'NONE', ( #11503, #3709 ) ) ;
#445 = DIRECTION ( 'NONE',  ( 1.734723475976853637E-15, 1.000000000000000000, -0.000000000000000000 ) ) ;
#446 = DIRECTION ( 'NONE',  ( -1.000000000000000000, 0.000000000000000000, 0.000000000000000000 ) ) ;
#447 = EDGE_LOOP ( 'NONE', ( #7603, #1940, #11346, #8761 ) ) ;
#448 = ADVANCED_FACE ( 'NONE', ( #6460 ), #1881, .T. ) ;
#449 = DIRECTION ( 'NONE',  ( 0.6785983445458593222, 0.2810846377147949715, 0.6785983445458452223 ) ) ;
#450 = LINE ( 'NONE', #6237, #4601 ) ;
#451 = EDGE_CURVE ( 'NONE', #4968, #5893, #10808, .T. ) ;
#452 = ORIENTED_EDGE ( 'NONE', *, *, #9395, .F. ) ;
#453 = DIRECTION ( 'NONE',  ( 0.000000000000000000, 0.000000000000000000, -1.000000000000000000 ) ) ;
#454 = AXIS2_PLACEMENT_3D ( 'NONE', #1697, #2687, #9450 ) ;
#455 = DIRECTION ( 'NONE',  ( 0.000000000000000000, 0.000000000000000000, -1.000000000000000000 ) ) ;
#456 = PLANE ( 'NONE',  #5051 ) ;
#457 = AXIS2_PLACEMENT_3D ( 'NONE', #12087, #6066, #7049 ) ;
#458 = DIRECTION ( 'NONE',  ( -0.7071067811865414665, -0.7071067811865536790, 0.000000000000000000 ) ) ;
#459 = B_SPLINE_CURVE_WITH_KNOTS ( 'NONE', 3,
 ( #11357, #2804, #3748, #10462, #11439, #2884, #3841 ),
 .UNSPECIFIED., .F., .F.,
 ( 4, 3, 4 ),
 ( 0.000000000000000000, 0.0005857946122476039019, 0.0007074084002182136864 ),
 .UNSPECIFIED. ) ;
#460 = PLANE ( 'NONE',  #6016 ) ;
#461 = VECTOR ( 'NONE', #11129, 1000.000000000000000 ) ;
#462 = ORIENTED_EDGE ( 'NONE', *, *, #1843, .T. ) ;
#463 = DIRECTION ( 'NONE',  ( 0.000000000000000000, 1.000000000000000000, 0.000000000000000000 ) ) ;
#464 = VECTOR ( 'NONE', #1571, 1000.000000000000114 ) ;
#465 = LINE ( 'NONE', #2266, #4784 ) ;
#466 = CARTESIAN_POINT ( 'NONE',  ( 85.50000000000018474, -2.540588437276763907E-32, 10.00000000000003020 ) ) ;
#467 = PLANE ( 'NONE',  #5643 ) ;
#468 = FACE_OUTER_BOUND ( 'NONE', #5456, .T. ) ;
#469 = EDGE_LOOP ( 'NONE', ( #8207, #8479, #4885, #2739 ) ) ;
#470 = DIRECTION ( 'NONE',  ( -0.6785983445458377838, -0.2810846377148192854, 0.6785983445458566576 ) ) ;
#471 = ADVANCED_FACE ( 'NONE', ( #10829 ), #4643, .F. ) ;
#472 = DIRECTION ( 'NONE',  ( -8.195446571860579663E-34, 1.000000000000000000, -0.000000000000000000 ) ) ;
#473 = CARTESIAN_POINT ( 'NONE',  ( 27.00000000000015632, -7.334924681815204028E-32, 10.00000000000003020 ) ) ;
#474 = DIRECTION ( 'NONE',  ( -8.069965350965016563E-17, 0.7071067811865382469, -0.7071067811865568986 ) ) ;
#475 = CARTESIAN_POINT ( 'NONE',  ( 110.5000000000000284, 11.00000000000001066, 69.09999999999998010 ) ) ;
#476 = DIRECTION ( 'NONE',  ( -1.000000000000000000, -1.278217298088174232E-16, -0.000000000000000000 ) ) ;
#477 = AXIS2_PLACEMENT_3D ( 'NONE', #3779, #11313, #7652 ) ;
#478 = CARTESIAN_POINT ( 'NONE',  ( 100.5000000000002274, 2.499999999999991118, 58.59999999999996589 ) ) ;
#479 = ORIENTED_EDGE ( 'NONE', *, *, #8602, .T. ) ;
#480 = ORIENTED_EDGE ( 'NONE', *, *, #4549, .F. ) ;
#481 = DIRECTION ( 'NONE',  ( 0.000000000000000000, -1.000000000000000000, 0.000000000000000000 ) ) ;
#482 = EDGE_CURVE ( 'NONE', #10202, #11665, #2668, .T. ) ;
#483 = VECTOR ( 'NONE', #2498, 1000.000000000000000 ) ;
#484 = ORIENTED_EDGE ( 'NONE', *, *, #773, .T. ) ;
#485 = LINE ( 'NONE', #6642, #4635 ) ;
#486 = CARTESIAN_POINT ( 'NONE',  ( 61.50000000000017764, 0.5000000000000125455, 10.00000000000003020 ) ) ;
#487 = ORIENTED_EDGE ( 'NONE', *, *, #8485, .F. ) ;
#488 = LINE ( 'NONE', #586, #8685 ) ;
#489 = VECTOR ( 'NONE', #8439, 1000.000000000000000 ) ;
#490 = EDGE_CURVE ( 'NONE', #610, #10698, #2982, .T. ) ;
#491 = DIRECTION ( 'NONE',  ( -1.284980352575412946E-16, 1.000000000000000000, -0.000000000000000000 ) ) ;
#492 = CARTESIAN_POINT ( 'NONE',  ( 4.000000000000000000, 59.99999999999997868, 48.74999999999999289 ) ) ;
#493 = CARTESIAN_POINT ( 'NONE',  ( 22.50000000000011369, 2.499999999999976907, 58.59999999999996589 ) ) ;
#494 = CARTESIAN_POINT ( 'NONE',  ( 105.5000000000000284, 8.499999999999989342, 69.59999999999999432 ) ) ;
#495 = CARTESIAN_POINT ( 'NONE',  ( 94.00000000000019895, 3.000000000000000000, 58.59999999999996589 ) ) ;
#496 = DIRECTION ( 'NONE',  ( 0.000000000000000000, 1.000000000000000000, 0.000000000000000000 ) ) ;
#497 = EDGE_CURVE ( 'NONE', #11842, #2357, #2904, .T. ) ;
#498 = DIRECTION ( 'NONE',  ( -0.000000000000000000, 1.000000000000000000, -0.000000000000000000 ) ) ;
#499 = CIRCLE ( 'NONE', #11103, 2.000000000000036415 ) ;
#500 = ADVANCED_FACE ( 'NONE', ( #11104 ), #6918, .F. ) ;
#501 = AXIS2_PLACEMENT_3D ( 'NONE', #4084, #8715, #7542 ) ;
#502 = DIRECTION ( 'NONE',  ( -1.734723475976853637E-15, -1.000000000000000000, 0.000000000000000000 ) ) ;
#503 = CARTESIAN_POINT ( 'NONE',  ( 0.000000000000000000, 0.000000000000000000, 0.000000000000000000 ) ) ;
#504 = DIRECTION ( 'NONE',  ( 0.000000000000000000, 0.000000000000000000, 1.000000000000000000 ) ) ;
#505 = CARTESIAN_POINT ( 'NONE',  ( 115.9999999999999858, 9.000000000000001776, -9.499999999999996447 ) ) ;
#506 = ORIENTED_EDGE ( 'NONE', *, *, #6540, .T. ) ;
#507 = CARTESIAN_POINT ( 'NONE',  ( 79.50000000000018474, 0.5000000000000195399, 10.00000000000003020 ) ) ;
#508 = CARTESIAN_POINT ( 'NONE',  ( 98.50000000000019895, 3.000000000000000000, 10.00000000000003020 ) ) ;
#509 = ORIENTED_EDGE ( 'NONE', *, *, #8461, .T. ) ;
#510 = FACE_OUTER_BOUND ( 'NONE', #9674, .T. ) ;
#511 = PLANE ( 'NONE',  #9304 ) ;
#512 = AXIS2_PLACEMENT_3D ( 'NONE', #10961, #10075, #5369 ) ;
#513 = VECTOR ( 'NONE', #1534, 1000.000000000000000 ) ;
#514 = EDGE_CURVE ( 'NONE', #4112, #7260, #6779, .T. ) ;
#515 = VERTEX_POINT ( 'NONE', #7469 ) ;
#516 = PLANE ( 'NONE',  #12254 ) ;
#517 = CIRCLE ( 'NONE', #4493, 1.500000000000008216 ) ;
#518 = EDGE_CURVE ( 'NONE', #7316, #940, #2851, .T. ) ;
#519 = DIRECTION ( 'NONE',  ( -0.000000000000000000, 0.000000000000000000, 1.000000000000000000 ) ) ;
#521 = DIRECTION ( 'NONE',  ( 1.147978770867005115E-16, -1.000000000000000000, 0.000000000000000000 ) ) ;
#520 = DIRECTION ( 'NONE',  ( -7.138779736530080685E-17, 0.000000000000000000, 1.000000000000000000 ) ) ;
#522 = ORIENTED_EDGE ( 'NONE', *, *, #3063, .T. ) ;
#523 = CARTESIAN_POINT ( 'NONE',  ( 3.000000000000005329, 17.15000000000002345, 38.00000000006347989 ) ) ;
#524 = ORIENTED_EDGE ( 'NONE', *, *, #680, .F. ) ;
#525 = LINE ( 'NONE', #2292, #335 ) ;
#526 = EDGE_CURVE ( 'NONE', #8491, #6077, #11318, .T. ) ;
#527 = LINE ( 'NONE', #10860, #483 ) ;
#528 = CARTESIAN_POINT ( 'NONE',  ( 74.50000000000017053, 2.499999999999976907, 58.59999999999996589 ) ) ;
#529 = ORIENTED_EDGE ( 'NONE', *, *, #2998, .T. ) ;
#530 = VECTOR ( 'NONE', #6553, 1000.000000000000000 ) ;
#531 = DIRECTION ( 'NONE',  ( 0.000000000000000000, 0.000000000000000000, 1.000000000000000000 ) ) ;
#532 = EDGE_CURVE ( 'NONE', #9534, #211, #2634, .T. ) ;
#533 = DIRECTION ( 'NONE',  ( -1.000000000000000000, -1.147978770867005115E-16, 0.000000000000000000 ) ) ;
#534 = LINE ( 'NONE', #10791, #8801 ) ;
#535 = DIRECTION ( 'NONE',  ( 0.000000000000000000, 0.000000000000000000, -1.000000000000000000 ) ) ;
#536 = ORIENTED_EDGE ( 'NONE', *, *, #8164, .T. ) ;
#537 = CARTESIAN_POINT ( 'NONE',  ( 98.50000000000021316, -1.475180382934885831E-32, 58.59999999999996589 ) ) ;
#538 = LINE ( 'NONE', #1623, #10379 ) ;
#539 = ORIENTED_EDGE ( 'NONE', *, *, #9069, .F. ) ;
#540 = DIRECTION ( 'NONE',  ( 1.000000000000000000, 8.195446571860579663E-34, 0.000000000000000000 ) ) ;
#541 = AXIS2_PLACEMENT_3D ( 'NONE', #3074, #231, #11340 ) ;
#542 = ORIENTED_EDGE ( 'NONE', *, *, #3906, .T. ) ;
#543 = DIRECTION ( 'NONE',  ( 0.000000000000000000, 0.000000000000000000, 1.000000000000000000 ) ) ;
#544 = CARTESIAN_POINT ( 'NONE',  ( 5.000000000000007105, 3.999999999999959144, 64.59999999999993747 ) ) ;
#545 = DIRECTION ( 'NONE',  ( -1.141265444721583511E-16, 1.000000000000000000, -0.000000000000000000 ) ) ;
#546 = PLANE ( 'NONE',  #4018 ) ;
#547 = LINE ( 'NONE', #4528, #8925 ) ;
#548 = ADVANCED_FACE ( 'NONE', ( #11529 ), #3383, .F. ) ;
#549 = VECTOR ( 'NONE', #470, 1000.000000000000227 ) ;
#550 = PLANE ( 'NONE',  #323 ) ;
#551 = CARTESIAN_POINT ( 'NONE',  ( 13.49999999999999822, 53.50000000000000711, 69.09999999999999432 ) ) ;
#552 = EDGE_CURVE ( 'NONE', #3289, #5922, #7550, .T. ) ;
#553 = ORIENTED_EDGE ( 'NONE', *, *, #898, .F. ) ;
#554 = CARTESIAN_POINT ( 'NONE',  ( 1.000000000000005773, 21.70000000000172946, 41.75000000006208012 ) ) ;
#555 = ORIENTED_EDGE ( 'NONE', *, *, #5260, .F. ) ;
#556 = CARTESIAN_POINT ( 'NONE',  ( 53.50000000000014211, 0.4999999999999848455, 58.59999999999996589 ) ) ;
#557 = EDGE_CURVE ( 'NONE', #4007, #2870, #11329, .T. ) ;
#558 = DIRECTION ( 'NONE',  ( 0.000000000000000000, 0.000000000000000000, 1.000000000000000000 ) ) ;
#559 = PLANE ( 'NONE',  #5810 ) ;
#560 = AXIS2_PLACEMENT_3D ( 'NONE', #7103, #5944, #445 ) ;
#561 = VECTOR ( 'NONE', #7902, 1000.000000000000000 ) ;
#562 = DIRECTION ( 'NONE',  ( 0.6785983445458416696, 0.6785983445458515506, 0.2810846377148218944 ) ) ;
#563 = ORIENTED_EDGE ( 'NONE', *, *, #5260, .T. ) ;
#564 = CARTESIAN_POINT ( 'NONE',  ( 94.00000000000022737, 0.5000000000000195399, 10.00000000000003020 ) ) ;
#565 = ORIENTED_EDGE ( 'NONE', *, *, #12392, .F. ) ;
#566 = ORIENTED_EDGE ( 'NONE', *, *, #4063, .F. ) ;
#567 = EDGE_LOOP ( 'NONE', ( #2709, #2721, #5398, #6561 ) ) ;
#568 = DIRECTION ( 'NONE',  ( 0.000000000000000000, 0.000000000000000000, -1.000000000000000000 ) ) ;
#569 = ORIENTED_EDGE ( 'NONE', *, *, #8445, .T. ) ;
#570 = LINE ( 'NONE', #4426, #4798 ) ;
#571 = VECTOR ( 'NONE', #10988, 1000.000000000000000 ) ;
#572 = CARTESIAN_POINT ( 'NONE',  ( 48.50000000000017053, 0.5000000000000195399, 10.00000000000003020 ) ) ;
#573 = CARTESIAN_POINT ( 'NONE',  ( 14.00000000000000533, 55.00000000000001421, -9.499999999999996447 ) ) ;
#574 = DIRECTION ( 'NONE',  ( 0.000000000000000000, 0.000000000000000000, 1.000000000000000000 ) ) ;
#575 = DIRECTION ( 'NONE',  ( 0.7071067811865426878, 0.7071067811865524577, 0.000000000000000000 ) ) ;
#576 = ADVANCED_FACE ( 'NONE', ( #3401 ), #5996, .T. ) ;
#577 = EDGE_LOOP ( 'NONE', ( #12157, #2467, #9712, #10549 ) ) ;
#578 = FACE_OUTER_BOUND ( 'NONE', #1869, .T. ) ;
#579 = EDGE_CURVE ( 'NONE', #1557, #515, #7575, .T. ) ;
#580 = ORIENTED_EDGE ( 'NONE', *, *, #12035, .T. ) ;
#581 = AXIS2_PLACEMENT_3D ( 'NONE', #10654, #1137, #1390 ) ;
#582 = LINE ( 'NONE', #3659, #9125 ) ;
#583 = ORIENTED_EDGE ( 'NONE', *, *, #824, .T. ) ;
#584 = DATE_TIME_ROLE ( 'classification_date' ) ;
#585 = AXIS2_PLACEMENT_3D ( 'NONE', #1641, #11173, #7692 ) ;
#586 = CARTESIAN_POINT ( 'NONE',  ( 46.50000000000013500, -5.736812600302392114E-32, 10.00000000000003020 ) ) ;
#587 = VERTEX_POINT ( 'NONE', #1345 ) ;
#588 = DIRECTION ( 'NONE',  ( 0.000000000000000000, 0.000000000000000000, -1.000000000000000000 ) ) ;
#589 = CARTESIAN_POINT ( 'NONE',  ( 105.7500000000000142, 12.74999999999999822, -9.499999999999998224 ) ) ;
#590 = VECTOR ( 'NONE', #11802, 1000.000000000000000 ) ;
#591 = FACE_OUTER_BOUND ( 'NONE', #7765, .T. ) ;
#592 = VECTOR ( 'NONE', #12082, 1000.000000000000000 ) ;
#593 = DIRECTION ( 'NONE',  ( 0.000000000000000000, -0.000000000000000000, -1.000000000000000000 ) ) ;
#594 = EDGE_CURVE ( 'NONE', #8977, #5482, #7594, .T. ) ;
#595 = VECTOR ( 'NONE', #449, 999.9999999999998863 ) ;
#596 = VERTEX_POINT ( 'NONE', #2320 ) ;
#597 = CARTESIAN_POINT ( 'NONE',  ( 104.5000000000000142, 6.000000000000000000, 66.59999999999999432 ) ) ;
#598 = CARTESIAN_POINT ( 'NONE',  ( 13.50000000000000178, 54.50000000000000711, -9.499999999999996447 ) ) ;
#599 = CARTESIAN_POINT ( 'NONE',  ( 1.000000000000005107, 17.15000000000001990, 9.500000000063486993 ) ) ;
#600 = ADVANCED_FACE ( 'NONE', ( #7303 ), #5935, .F. ) ;
#601 = ORIENTED_EDGE ( 'NONE', *, *, #8423, .T. ) ;
#602 = EDGE_CURVE ( 'NONE', #9883, #2112, #1754, .T. ) ;
#603 = CARTESIAN_POINT ( 'NONE',  ( 16.00000000000012079, 2.499999999999987566, 60.10000000000005826 ) ) ;
#604 = ORIENTED_EDGE ( 'NONE', *, *, #9702, .F. ) ;
#605 = VERTEX_POINT ( 'NONE', #8800 ) ;
#606 = ORIENTED_EDGE ( 'NONE', *, *, #1928, .F. ) ;
#607 = AXIS2_PLACEMENT_3D ( 'NONE', #2724, #1657, #12319 ) ;
#608 = CARTESIAN_POINT ( 'NONE',  ( 14.50000000000002665, 0.4999999999999813483, 58.59999999999996589 ) ) ;
#609 = VERTEX_POINT ( 'NONE', #8865 ) ;
#610 = VERTEX_POINT ( 'NONE', #9904 ) ;
#611 = AXIS2_PLACEMENT_3D ( 'NONE', #4515, #4735, #8735 ) ;
#612 = ORIENTED_EDGE ( 'NONE', *, *, #11560, .T. ) ;
#613 = FACE_OUTER_BOUND ( 'NONE', #6573, .T. ) ;
#614 = DIRECTION ( 'NONE',  ( -1.000000000000000000, -1.147978770867005115E-16, 0.000000000000000000 ) ) ;
#615 = VECTOR ( 'NONE', #6849, 1000.000000000000000 ) ;
#616 = DIRECTION ( 'NONE',  ( 0.000000000000000000, 0.000000000000000000, -1.000000000000000000 ) ) ;
#617 = ORIENTED_EDGE ( 'NONE', *, *, #5600, .T. ) ;
#618 = LINE ( 'NONE', #9680, #4775 ) ;
#619 = DIRECTION ( 'NONE',  ( 1.245442495573092286E-16, 1.000000000000000000, 0.000000000000000000 ) ) ;
#620 = EDGE_CURVE ( 'NONE', #10358, #8221, #1648, .T. ) ;
#621 = ORIENTED_EDGE ( 'NONE', *, *, #1091, .T. ) ;
#622 = VERTEX_POINT ( 'NONE', #7942 ) ;
#623 = VECTOR ( 'NONE', #9745, 1000.000000000000000 ) ;
#624 = DIRECTION ( 'NONE',  ( -0.000000000000000000, 1.000000000000000000, -0.000000000000000000 ) ) ;
#625 = EDGE_CURVE ( 'NONE', #9645, #313, #5716, .T. ) ;
#626 = EDGE_LOOP ( 'NONE', ( #12180, #8879, #234, #4778 ) ) ;
#627 = CARTESIAN_POINT ( 'NONE',  ( 68.00000000000017053, 3.000000000000000000, 60.59999999999999432 ) ) ;
#628 = CIRCLE ( 'NONE', #3053, 1.500000000000015099 ) ;
#629 = DIRECTION ( 'NONE',  ( 0.6785983445458358965, 0.2810846377148424335, -0.6785983445458489971 ) ) ;
#630 = LINE ( 'NONE', #114, #4524 ) ;
#631 = VECTOR ( 'NONE', #1662, 1000.000000000000000 ) ;
#632 = DIRECTION ( 'NONE',  ( -1.000000000000000000, -1.147978770867005115E-16, -0.000000000000000000 ) ) ;
#633 = AXIS2_PLACEMENT_3D ( 'NONE', #5144, #4120, #8970 ) ;
#634 = DIRECTION ( 'NONE',  ( 0.7071067811865439090, 0.7071067811865512365, 0.000000000000000000 ) ) ;
#635 = ORIENTED_EDGE ( 'NONE', *, *, #3419, .F. ) ;
#636 = CARTESIAN_POINT ( 'NONE',  ( 46.50000000000009948, 3.000000000000000000, -122.9712352769500541 ) ) ;
#637 = CARTESIAN_POINT ( 'NONE',  ( 106.0000000000000142, 13.00000000000000000, -10.00000000000000000 ) ) ;
#638 = CARTESIAN_POINT ( 'NONE',  ( 74.50000000000017053, 0.5000000000000195399, 58.59999999999996589 ) ) ;
#639 = EDGE_CURVE ( 'NONE', #3072, #1054, #1542, .T. ) ;
#640 = VECTOR ( 'NONE', #6261, 1000.000000000000000 ) ;
#641 = CARTESIAN_POINT ( 'NONE',  ( 63.00000000000017053, 2.499999999999984013, 58.59999999999996589 ) ) ;
#642 = DIRECTION ( 'NONE',  ( -1.000000000000000000, 0.000000000000000000, 0.000000000000000000 ) ) ;
#644 = EDGE_LOOP ( 'NONE', ( #11938, #6555, #7134, #11392 ) ) ;
#643 = LINE ( 'NONE', #11037, #379 ) ;
#645 = CARTESIAN_POINT ( 'NONE',  ( 3.000000000000004441, 20.00000000000002132, 5.750000000064023453 ) ) ;
#646 = EDGE_CURVE ( 'NONE', #5480, #1660, #10169, .T. ) ;
#647 = ORIENTED_EDGE ( 'NONE', *, *, #4260, .F. ) ;
#648 = ORIENTED_EDGE ( 'NONE', *, *, #6617, .F. ) ;
#649 = CARTESIAN_POINT ( 'NONE',  ( 108.5000000000000426, 13.00000000000000000, -9.499999999999992895 ) ) ;
#650 = EDGE_CURVE ( 'NONE', #208, #10653, #5869, .T. ) ;
#651 = ORIENTED_EDGE ( 'NONE', *, *, #9677, .T. ) ;
#652 = ADVANCED_FACE ( 'NONE', ( #1695 ), #6084, .T. ) ;
#653 = VECTOR ( 'NONE', #11311, 1000.000000000000000 ) ;
#654 = LINE ( 'NONE', #8750, #430 ) ;
#655 = ORIENTED_EDGE ( 'NONE', *, *, #10217, .T. ) ;
#656 = AXIS2_PLACEMENT_3D ( 'NONE', #5487, #7196, #9014 ) ;
#657 = FACE_OUTER_BOUND ( 'NONE', #11239, .T. ) ;
#658 = CARTESIAN_POINT ( 'NONE',  ( 55.00000000000017053, 0.4999999999999848455, 8.500000000000021316 ) ) ;
#659 = ORIENTED_EDGE ( 'NONE', *, *, #1355, .F. ) ;
#660 = DIRECTION ( 'NONE',  ( 0.000000000000000000, 0.000000000000000000, -1.000000000000000000 ) ) ;
#661 = LINE ( 'NONE', #9141, #4962 ) ;
#662 = CARTESIAN_POINT ( 'NONE',  ( 42.00000000000013500, 3.000000000000000000, 58.59999999999996589 ) ) ;
#663 = CONICAL_SURFACE ( 'NONE', #2089, 2.000000000000015543, 0.7853981633974396193 ) ;
#664 = FACE_OUTER_BOUND ( 'NONE', #3073, .T. ) ;
#665 = CARTESIAN_POINT ( 'NONE',  ( 9.000000000000001776, 48.99999999999997868, 44.59999999999998721 ) ) ;
#666 = FACE_OUTER_BOUND ( 'NONE', #8738, .T. ) ;
#667 = AXIS2_PLACEMENT_3D ( 'NONE', #12091, #1603, #1674 ) ;
#668 = DIRECTION ( 'NONE',  ( 0.7071067811865439090, -0.7071067811865512365, 0.000000000000000000 ) ) ;
#669 = EDGE_CURVE ( 'NONE', #1036, #6628, #10206, .T. ) ;
#670 = CARTESIAN_POINT ( 'NONE',  ( -0.5000000000000264233, 18.30000000000002203, 5.750000000064023453 ) ) ;
#671 = ORIENTED_EDGE ( 'NONE', *, *, #7132, .T. ) ;
#672 = LINE ( 'NONE', #1531, #930 ) ;
#673 = FACE_OUTER_BOUND ( 'NONE', #9108, .T. ) ;
#674 = VECTOR ( 'NONE', #6080, 1000.000000000000000 ) ;
#675 = VERTEX_POINT ( 'NONE', #6812 ) ;
#676 = EDGE_CURVE ( 'NONE', #1497, #10701, #5953, .T. ) ;
#677 = ADVANCED_FACE ( 'NONE', ( #10052 ), #1628, .F. ) ;
#678 = ORIENTED_EDGE ( 'NONE', *, *, #8454, .T. ) ;
#679 = DIRECTION ( 'NONE',  ( -7.138779736530080685E-17, -5.850548791901321936E-50, -1.000000000000000000 ) ) ;
#680 = EDGE_CURVE ( 'NONE', #7590, #4683, #5748, .T. ) ;
#681 = DIRECTION ( 'NONE',  ( 2.855511894612032274E-16, 0.000000000000000000, 1.000000000000000000 ) ) ;
#682 = CARTESIAN_POINT ( 'NONE',  ( 1.000000000000049738, 7.281207703325065192E-17, -9.499999999999992895 ) ) ;
#683 = ORIENTED_EDGE ( 'NONE', *, *, #3960, .T. ) ;
#684 = DIRECTION ( 'NONE',  ( 1.000000000000000000, 1.224646799147352961E-16, -0.000000000000000000 ) ) ;
#685 = ADVANCED_BREP_SHAPE_REPRESENTATION ( '0MB_PSU_switch_02_v1', ( #6351, #9516 ), #8077 ) ;
#686 = ORIENTED_EDGE ( 'NONE', *, *, #6239, .T. ) ;
#687 = CARTESIAN_POINT ( 'NONE',  ( 100.5000000000002274, 0.5000000000000056621, 10.00000000000003020 ) ) ;
#688 = AXIS2_PLACEMENT_3D ( 'NONE', #9582, #11538, #8963 ) ;
#689 = EDGE_LOOP ( 'NONE', ( #5639, #1883, #2184, #4995 ) ) ;
#690 = CIRCLE ( 'NONE', #2028, 2.000000000000015543 ) ;
#691 = ORIENTED_EDGE ( 'NONE', *, *, #10998, .F. ) ;
#692 = LINE ( 'NONE', #4292, #9250 ) ;
#693 = CARTESIAN_POINT ( 'NONE',  ( 73.00000000000017053, 2.499999999999976907, 10.00000000000003020 ) ) ;
#694 = VECTOR ( 'NONE', #8259, 1000.000000000000000 ) ;
#695 = ADVANCED_FACE ( 'NONE', ( #10071 ), #7758, .F. ) ;
#696 = ORIENTED_EDGE ( 'NONE', *, *, #6568, .F. ) ;
#697 = CARTESIAN_POINT ( 'NONE',  ( -0.5000000000000004441, 4.999999999999986677, 69.59999999999999432 ) ) ;
#698 = DIRECTION ( 'NONE',  ( -0.7071067811865521247, -0.7071067811865430208, 1.196099074440451611E-16 ) ) ;
#699 = VECTOR ( 'NONE', #10521, 1000.000000000000000 ) ;
#700 = DIRECTION ( 'NONE',  ( 0.7071067811865511255, -0.7071067811865440200, 2.019151824439024395E-16 ) ) ;
#701 = FACE_OUTER_BOUND ( 'NONE', #8054, .T. ) ;
#702 = ADVANCED_FACE ( 'NONE', ( #10093 ), #10511, .T. ) ;
#703 = VERTEX_POINT ( 'NONE', #10260 ) ;
#704 = ORIENTED_EDGE ( 'NONE', *, *, #7804, .T. ) ;
#705 = EDGE_LOOP ( 'NONE', ( #2544, #1922, #2188, #2402 ) ) ;
#706 = EDGE_CURVE ( 'NONE', #5146, #8097, #1683, .T. ) ;
#707 = ORIENTED_EDGE ( 'NONE', *, *, #4800, .T. ) ;
#708 = VERTEX_POINT ( 'NONE', #7516 ) ;
#709 = CARTESIAN_POINT ( 'NONE',  ( 5.499999999999988454, 59.49999999999998579, 69.59999999999999432 ) ) ;
#710 = EDGE_CURVE ( 'NONE', #5858, #2774, #5967, .T. ) ;
#711 = AXIS2_PLACEMENT_3D ( 'NONE', #11915, #10761, #11743 ) ;
#712 = CARTESIAN_POINT ( 'NONE',  ( 5.000000000000007105, 4.000000000001787015, 36.20710678125004733 ) ) ;
#713 = CARTESIAN_POINT ( 'NONE',  ( 5.000000000000000888, 53.80000000000000426, 22.09999999999999432 ) ) ;
#714 = CARTESIAN_POINT ( 'NONE',  ( 110.1743803584745649, 10.86512392830509910, 69.42561964152545784 ) ) ;
#715 = LINE ( 'NONE', #11837, #592 ) ;
#716 = ORIENTED_EDGE ( 'NONE', *, *, #3236, .F. ) ;
#717 = DIRECTION ( 'NONE',  ( 0.000000000000000000, 0.000000000000000000, 1.000000000000000000 ) ) ;
#718 = LINE ( 'NONE', #11598, #775 ) ;
#719 = FACE_OUTER_BOUND ( 'NONE', #6015, .T. ) ;
#720 = DIRECTION ( 'NONE',  ( 0.000000000000000000, -0.000000000000000000, 1.000000000000000000 ) ) ;
#721 = DIRECTION ( 'NONE',  ( 8.195446571860579663E-34, -1.000000000000000000, -0.000000000000000000 ) ) ;
#722 = DIRECTION ( 'NONE',  ( -1.000000000000000000, -1.141265444721583018E-16, -0.000000000000000000 ) ) ;
#723 = EDGE_CURVE ( 'NONE', #11762, #3663, #1833, .T. ) ;
#724 = CARTESIAN_POINT ( 'NONE',  ( 1.207106781186599864, 0.5000000000000082157, -10.00000000000000000 ) ) ;
#725 = ORIENTED_EDGE ( 'NONE', *, *, #5139, .T. ) ;
#726 = LINE ( 'NONE', #7162, #945 ) ;
#727 = CARTESIAN_POINT ( 'NONE',  ( 4.500000000000003553, 35.49999999999998579, 42.59999999999998721 ) ) ;
#728 = ORIENTED_EDGE ( 'NONE', *, *, #5050, .F. ) ;
#729 = LINE ( 'NONE', #8968, #4998 ) ;
#730 = VECTOR ( 'NONE', #1099, 1000.000000000000000 ) ;
#731 = CARTESIAN_POINT ( 'NONE',  ( 105.5000000000000284, 4.999999999999999112, 2.000000000000000000 ) ) ;
#732 = AXIS2_PLACEMENT_3D ( 'NONE', #9492, #329, #3916 ) ;
#733 = ORIENTED_EDGE ( 'NONE', *, *, #6064, .F. ) ;
#734 = DIRECTION ( 'NONE',  ( -0.000000000000000000, 0.000000000000000000, 1.000000000000000000 ) ) ;
#735 = LINE ( 'NONE', #47, #9008 ) ;
#736 = AXIS2_PLACEMENT_3D ( 'NONE', #6754, #5838, #5688 ) ;
#737 = FACE_OUTER_BOUND ( 'NONE', #3295, .T. ) ;
#738 = LINE ( 'NONE', #8831, #5114 ) ;
#739 = CARTESIAN_POINT ( 'NONE',  ( 35.50000000000014921, 2.499999999999984013, 10.00000000000003020 ) ) ;
#740 = ORIENTED_EDGE ( 'NONE', *, *, #1699, .T. ) ;
#741 = ORIENTED_EDGE ( 'NONE', *, *, #639, .T. ) ;
#742 = FACE_OUTER_BOUND ( 'NONE', #421, .T. ) ;
#743 = DIRECTION ( 'NONE',  ( 0.000000000000000000, 0.000000000000000000, -1.000000000000000000 ) ) ;
#744 = ORIENTED_EDGE ( 'NONE', *, *, #4236, .F. ) ;
#745 = EDGE_CURVE ( 'NONE', #3457, #8977, #5697, .T. ) ;
#746 = DIRECTION ( 'NONE',  ( 0.000000000000000000, 0.000000000000000000, -1.000000000000000000 ) ) ;
#747 = ADVANCED_FACE ( 'NONE', ( #1845 ), #4770, .F. ) ;
#748 = CIRCLE ( 'NONE', #5312, 2.000000000000029310 ) ;
#749 = EDGE_LOOP ( 'NONE', ( #11078, #855, #2657, #5194 ) ) ;
#750 = EDGE_CURVE ( 'NONE', #10979, #10202, #6019, .T. ) ;
#751 = LINE ( 'NONE', #7880, #4878 ) ;
#752 = EDGE_CURVE ( 'NONE', #825, #6499, #10153, .T. ) ;
#753 = AXIS2_PLACEMENT_3D ( 'NONE', #645, #722, #4584 ) ;
#754 = ORIENTED_EDGE ( 'NONE', *, *, #210, .F. ) ;
#755 = DIRECTION ( 'NONE',  ( 0.000000000000000000, 1.000000000000000000, 0.000000000000000000 ) ) ;
#756 = CARTESIAN_POINT ( 'NONE',  ( 48.50000000000014921, 3.000000000000000000, 58.59999999999996589 ) ) ;
#757 = ORIENTED_EDGE ( 'NONE', *, *, #11320, .T. ) ;
#758 = VERTEX_POINT ( 'NONE', #2926 ) ;
#759 = EDGE_CURVE ( 'NONE', #6238, #4558, #1570, .T. ) ;
#760 = CARTESIAN_POINT ( 'NONE',  ( 105.5000000000000284, 4.999999999999999112, -10.00000000000000000 ) ) ;
#761 = ORIENTED_EDGE ( 'NONE', *, *, #3474, .F. ) ;
#762 = CARTESIAN_POINT ( 'NONE',  ( 5.000000000000000888, 57.19999999999999574, 52.09999999999999432 ) ) ;
#763 = DIRECTION ( 'NONE',  ( -0.7071067811865552333, -0.7071067811865398012, -2.019151824439035981E-16 ) ) ;
#764 = CARTESIAN_POINT ( 'NONE',  ( 5.000000000000004441, 4.999999999999999112, -10.00000000000000000 ) ) ;
#765 = ORIENTED_EDGE ( 'NONE', *, *, #4695, .F. ) ;
#766 = FACE_OUTER_BOUND ( 'NONE', #10963, .T. ) ;
#767 = LINE ( 'NONE', #4264, #4892 ) ;
#768 = ORIENTED_EDGE ( 'NONE', *, *, #12348, .T. ) ;
#769 = DIRECTION ( 'NONE',  ( 0.000000000000000000, 0.000000000000000000, 1.000000000000000000 ) ) ;
#770 = FACE_OUTER_BOUND ( 'NONE', #3969, .T. ) ;
#771 = CARTESIAN_POINT ( 'NONE',  ( 21.00000000000010303, 10.00000000000000000, 58.59999999999996589 ) ) ;
#772 = ADVANCED_FACE ( 'NONE', ( #10612 ), #11248, .T. ) ;
#773 = EDGE_CURVE ( 'NONE', #2039, #7897, #2284, .T. ) ;
#774 = CARTESIAN_POINT ( 'NONE',  ( 0.4999999999999805156, 55.50000000000000000, 22.09999999999999432 ) ) ;
#775 = VECTOR ( 'NONE', #9402, 1000.000000000000000 ) ;
#776 = AXIS2_PLACEMENT_3D ( 'NONE', #1442, #2224, #1337 ) ;
#777 = ORIENTED_EDGE ( 'NONE', *, *, #4687, .T. ) ;
#778 = ORIENTED_EDGE ( 'NONE', *, *, #1558, .F. ) ;
#779 = LINE ( 'NONE', #5116, #837 ) ;
#780 = DIRECTION ( 'NONE',  ( -1.000000000000000000, 1.355252715606880851E-17, -0.000000000000000000 ) ) ;
#781 = LINE ( 'NONE', #3355, #4936 ) ;
#782 = DIRECTION ( 'NONE',  ( 0.7071067811865402453, 0.000000000000000000, -0.7071067811865549002 ) ) ;
#783 = DIRECTION ( 'NONE',  ( 0.000000000000000000, 0.7071067811865536790, 0.7071067811865414665 ) ) ;
#784 = AXIS2_PLACEMENT_3D ( 'NONE', #7523, #6645, #7607 ) ;
#785 = CARTESIAN_POINT ( 'NONE',  ( 79.50000000000018474, 10.00000000000000000, 58.59999999999996589 ) ) ;
#786 = ADVANCED_FACE ( 'NONE', ( #6381 ), #10695, .F. ) ;
#787 = CARTESIAN_POINT ( 'NONE',  ( 61.50000000000017764, 10.00000000000000000, 10.00000000000003020 ) ) ;
#788 = EDGE_CURVE ( 'NONE', #2039, #2391, #6406, .T. ) ;
#789 = DIRECTION ( 'NONE',  ( 0.000000000000000000, 0.000000000000000000, -1.000000000000000000 ) ) ;
#790 = VERTEX_POINT ( 'NONE', #7604 ) ;
#791 = VECTOR ( 'NONE', #10157, 1000.000000000000000 ) ;
#792 = EDGE_LOOP ( 'NONE', ( #2008, #9762, #5390, #6694 ) ) ;
#793 = DIRECTION ( 'NONE',  ( 0.7071067811865439090, 0.7071067811865512365, 0.000000000000000000 ) ) ;
#794 = EDGE_CURVE ( 'NONE', #8022, #1174, #10591, .T. ) ;
#795 = ORIENTED_EDGE ( 'NONE', *, *, #2263, .T. ) ;
#796 = ADVANCED_FACE ( 'NONE', ( #6657 ), #8617, .T. ) ;
#797 = DIRECTION ( 'NONE',  ( 0.000000000000000000, 0.000000000000000000, 1.000000000000000000 ) ) ;
#798 = CARTESIAN_POINT ( 'NONE',  ( 0.4999999999999805156, 55.50000000000000000, 20.40000000000000213 ) ) ;
#799 = VERTEX_POINT ( 'NONE', #7129 ) ;
#800 = DIRECTION ( 'NONE',  ( 0.000000000000000000, 0.7071067811865536790, 0.7071067811865414665 ) ) ;
#801 = EDGE_CURVE ( 'NONE', #5955, #5870, #10739, .T. ) ;
#802 = AXIS2_PLACEMENT_3D ( 'NONE', #5449, #734, #4739 ) ;
#803 = EDGE_LOOP ( 'NONE', ( #10997, #8163, #3878 ) ) ;
#804 = CIRCLE ( 'NONE', #9355, 1.500000000000015099 ) ;
#805 = CARTESIAN_POINT ( 'NONE',  ( 40.50000000000012079, 10.00000000000000000, 58.59999999999996589 ) ) ;
#806 = EDGE_CURVE ( 'NONE', #19, #9655, #6426, .T. ) ;
#807 = FACE_OUTER_BOUND ( 'NONE', #10693, .T. ) ;
#808 = VECTOR ( 'NONE', #6163, 1000.000000000000000 ) ;
#809 = DIRECTION ( 'NONE',  ( 1.000000000000000000, 8.195446571860577953E-34, 0.000000000000000000 ) ) ;
#810 = LINE ( 'NONE', #5756, #1078 ) ;
#811 = DIRECTION ( 'NONE',  ( -9.038361193080925096E-17, 0.7071067811865460184, 0.7071067811865490160 ) ) ;
#812 = EDGE_LOOP ( 'NONE', ( #8836, #1995, #5975, #6363, #2445 ) ) ;
#813 = DIRECTION ( 'NONE',  ( 0.000000000000000000, 0.000000000000000000, -1.000000000000000000 ) ) ;
#814 = AXIS2_PLACEMENT_3D ( 'NONE', #4242, #7731, #1823 ) ;
#815 = ORIENTED_EDGE ( 'NONE', *, *, #920, .T. ) ;
#816 = EDGE_LOOP ( 'NONE', ( #3334, #10838, #1250, #7295, #9451 ) ) ;
#817 = EDGE_CURVE ( 'NONE', #10688, #4112, #2543, .T. ) ;
#818 = EDGE_LOOP ( 'NONE', ( #10760, #2705, #2322, #6398 ) ) ;
#819 = EDGE_CURVE ( 'NONE', #377, #1497, #6446, .T. ) ;
#820 = ORIENTED_EDGE ( 'NONE', *, *, #956, .T. ) ;
#821 = ORIENTED_EDGE ( 'NONE', *, *, #11274, .F. ) ;
#822 = LINE ( 'NONE', #2584, #8817 ) ;
#823 = LINE ( 'NONE', #2234, #9354 ) ;
#824 = EDGE_CURVE ( 'NONE', #2083, #2159, #6521, .T. ) ;
#825 = VERTEX_POINT ( 'NONE', #11570 ) ;
#826 = ORIENTED_EDGE ( 'NONE', *, *, #10473, .T. ) ;
#827 = CARTESIAN_POINT ( 'NONE',  ( -0.4999999999999987232, 48.99999999999997868, 64.59999999999999432 ) ) ;
#828 = FACE_OUTER_BOUND ( 'NONE', #1055, .T. ) ;
#829 = AXIS2_PLACEMENT_3D ( 'NONE', #11511, #1958, #3720 ) ;
#830 = LINE ( 'NONE', #10037, #1014 ) ;
#831 = DIRECTION ( 'NONE',  ( 0.000000000000000000, 0.000000000000000000, -1.000000000000000000 ) ) ;
#832 = CARTESIAN_POINT ( 'NONE',  ( 99.00000000000021316, 2.499999999999991118, 58.59999999999996589 ) ) ;
#833 = DIRECTION ( 'NONE',  ( -7.138779736530080685E-17, 0.000000000000000000, -1.000000000000000000 ) ) ;
#834 = DIRECTION ( 'NONE',  ( 0.000000000000000000, 0.7071067811865505703, 0.7071067811865444641 ) ) ;
#835 = CARTESIAN_POINT ( 'NONE',  ( 110.5000000000000284, 13.00000000000000000, -10.00000000000000000 ) ) ;
#836 = DIRECTION ( 'NONE',  ( 1.000000000000000000, 0.000000000000000000, 0.000000000000000000 ) ) ;
#837 = VECTOR ( 'NONE', #7062, 1000.000000000000000 ) ;
#838 = ADVANCED_FACE ( 'NONE', ( #2373 ), #9964, .T. ) ;
#839 = DIRECTION ( 'NONE',  ( 0.000000000000000000, 0.000000000000000000, -1.000000000000000000 ) ) ;
#840 = LINE ( 'NONE', #864, #5266 ) ;
#841 = DIRECTION ( 'NONE',  ( -0.7071067811865562325, -0.7071067811865388020, -2.019151824439038939E-16 ) ) ;
#842 = CYLINDRICAL_SURFACE ( 'NONE', #10204, 1.500000000000008216 ) ;
#843 = EDGE_CURVE ( 'NONE', #5922, #137, #2521, .T. ) ;
#844 = VERTEX_POINT ( 'NONE', #4345 ) ;
#845 = EDGE_CURVE ( 'NONE', #6383, #10859, #10554, .T. ) ;
#846 = LINE ( 'NONE', #7006, #5119 ) ;
#847 = ORIENTED_EDGE ( 'NONE', *, *, #5321, .F. ) ;
#848 = AXIS2_PLACEMENT_3D ( 'NONE', #7361, #5329, #4475 ) ;
#849 = DIRECTION ( 'NONE',  ( 0.000000000000000000, 0.000000000000000000, -1.000000000000000000 ) ) ;
#850 = DIRECTION ( 'NONE',  ( -1.000000000000000000, -1.278217298088174232E-16, -0.000000000000000000 ) ) ;
#851 = ORIENTED_EDGE ( 'NONE', *, *, #4603, .F. ) ;
#852 = ORIENTED_EDGE ( 'NONE', *, *, #2192, .T. ) ;
#853 = VERTEX_POINT ( 'NONE', #1411 ) ;
#854 = CARTESIAN_POINT ( 'NONE',  ( 66.50000000000018474, 10.00000000000000000, 10.00000000000003020 ) ) ;
#855 = ORIENTED_EDGE ( 'NONE', *, *, #8724, .F. ) ;
#856 = CARTESIAN_POINT ( 'NONE',  ( 40.00000000000008527, 3.000000000000000000, -122.9712352769500541 ) ) ;
#857 = LINE ( 'NONE', #353, #4912 ) ;
#858 = LINE ( 'NONE', #163, #730 ) ;
#859 = DIRECTION ( 'NONE',  ( 0.000000000000000000, 0.000000000000000000, -1.000000000000000000 ) ) ;
#860 = EDGE_LOOP ( 'NONE', ( #10562, #6442, #7317, #3349, #12302 ) ) ;
#861 = DIRECTION ( 'NONE',  ( 0.000000000000000000, 0.000000000000000000, -1.000000000000000000 ) ) ;
#862 = VECTOR ( 'NONE', #5842, 1000.000000000000000 ) ;
#863 = CARTESIAN_POINT ( 'NONE',  ( 47.00000000000014211, 2.499999999999976907, 58.59999999999996589 ) ) ;
#864 = CARTESIAN_POINT ( 'NONE',  ( 30.61001916948312740, -21.61001916948133328, 0.6848759462411285748 ) ) ;
#865 = VECTOR ( 'NONE', #6453, 1000.000000000000000 ) ;
#866 = ORIENTED_EDGE ( 'NONE', *, *, #4537, .T. ) ;
#867 = ADVANCED_FACE ( 'NONE', ( #6565 ), #8845, .T. ) ;
#868 = DIRECTION ( 'NONE',  ( 0.000000000000000000, 0.000000000000000000, -1.000000000000000000 ) ) ;
#869 = CARTESIAN_POINT ( 'NONE',  ( 6.000000000000001776, 59.99999999999997868, -9.499999999999992895 ) ) ;
#870 = CYLINDRICAL_SURFACE ( 'NONE', #5530, 1.700000000000000178 ) ;
#871 = EDGE_CURVE ( 'NONE', #9834, #1924, #6677, .T. ) ;
#872 = DIRECTION ( 'NONE',  ( 0.000000000000000000, -0.000000000000000000, -1.000000000000000000 ) ) ;
#873 = LINE ( 'NONE', #5337, #699 ) ;
#874 = CIRCLE ( 'NONE', #11672, 2.000000000000029310 ) ;
#875 = FACE_OUTER_BOUND ( 'NONE', #2059, .T. ) ;
#876 = CARTESIAN_POINT ( 'NONE',  ( 30.50000000000013500, 0.4999999999999848455, 58.59999999999996589 ) ) ;
#877 = EDGE_CURVE ( 'NONE', #4979, #1299, #10775, .T. ) ;
#878 = EDGE_LOOP ( 'NONE', ( #105, #11418, #2094, #1974 ) ) ;
#879 = AXIS2_PLACEMENT_3D ( 'NONE', #8312, #10196, #9228 ) ;
#880 = ORIENTED_EDGE ( 'NONE', *, *, #3250, .F. ) ;
#881 = VERTEX_POINT ( 'NONE', #5003 ) ;
#882 = CARTESIAN_POINT ( 'NONE',  ( 79.00000000000017053, -3.073292464447703219E-32, 58.59999999999996589 ) ) ;
#883 = AXIS2_PLACEMENT_3D ( 'NONE', #7073, #6996, #10789 ) ;
#884 = FACE_OUTER_BOUND ( 'NONE', #11251, .T. ) ;
#885 = VERTEX_POINT ( 'NONE', #7995 ) ;
#886 = DIRECTION ( 'NONE',  ( 0.000000000000000000, 0.000000000000000000, -1.000000000000000000 ) ) ;
#887 = ADVANCED_FACE ( 'NONE', ( #2307 ), #1228, .F. ) ;
#888 = EDGE_LOOP ( 'NONE', ( #12233, #4759, #9126, #2484 ) ) ;
#889 = DIRECTION ( 'NONE',  ( 0.5773502691896365002, -0.5773502691896275074, 0.5773502691896135186 ) ) ;
#890 = LINE ( 'NONE', #3889, #5026 ) ;
#891 = FACE_OUTER_BOUND ( 'NONE', #66, .T. ) ;
#892 = CARTESIAN_POINT ( 'NONE',  ( 6.015060788478081122, 55.27587763686601363, -9.776007113093870160 ) ) ;
#893 = VERTEX_POINT ( 'NONE', #9873 ) ;
#894 = VERTEX_POINT ( 'NONE', #712 ) ;
#895 = DIRECTION ( 'NONE',  ( 0.000000000000000000, 0.000000000000000000, -1.000000000000000000 ) ) ;
#896 = VECTOR ( 'NONE', #6823, 1000.000000000000114 ) ;
#897 = PLANE ( 'NONE',  #9128 ) ;
#898 = EDGE_CURVE ( 'NONE', #9147, #6679, #2562, .T. ) ;
#899 = ADVANCED_FACE ( 'NONE', ( #1938 ), #546, .T. ) ;
#900 = DIRECTION ( 'NONE',  ( -8.195446571860579663E-34, 1.000000000000000000, -0.000000000000000000 ) ) ;
#901 = VERTEX_POINT ( 'NONE', #5598 ) ;
#902 = EDGE_CURVE ( 'NONE', #853, #6130, #2423, .T. ) ;
#903 = VECTOR ( 'NONE', #5994, 1000.000000000000000 ) ;
#904 = VERTEX_POINT ( 'NONE', #5679 ) ;
#905 = CYLINDRICAL_SURFACE ( 'NONE', #2633, 1.700000000000000178 ) ;
#906 = LINE ( 'NONE', #9727, #9003 ) ;
#907 = AXIS2_PLACEMENT_3D ( 'NONE', #1408, #10135, #10937 ) ;
#908 = ORIENTED_EDGE ( 'NONE', *, *, #9897, .F. ) ;
#909 = VECTOR ( 'NONE', #10528, 1000.000000000000000 ) ;
#910 = EDGE_CURVE ( 'NONE', #3846, #312, #2583, .T. ) ;
#911 = LINE ( 'NONE', #9265, #791 ) ;
#912 = VERTEX_POINT ( 'NONE', #6316 ) ;
#913 = PLANE ( 'NONE',  #6047 ) ;
#914 = VECTOR ( 'NONE', #4669, 1000.000000000000000 ) ;
#915 = CARTESIAN_POINT ( 'NONE',  ( 92.00000000000019895, -2.007884410105825143E-32, 10.00000000000003020 ) ) ;
#916 = CARTESIAN_POINT ( 'NONE',  ( 61.50000000000017764, -4.507495614523303163E-32, 10.00000000000003020 ) ) ;
#917 = DIRECTION ( 'NONE',  ( -0.000000000000000000, 0.000000000000000000, 1.000000000000000000 ) ) ;
#918 = CARTESIAN_POINT ( 'NONE',  ( 2.000000000000000444, 59.99999999999998579, 48.74999999999999289 ) ) ;
#919 = LINE ( 'NONE', #6324, #942 ) ;
#920 = EDGE_CURVE ( 'NONE', #9261, #1777, #6735, .T. ) ;
#921 = DIRECTION ( 'NONE',  ( -1.278217298088174232E-16, 1.000000000000000000, 0.000000000000000000 ) ) ;
#922 = DIRECTION ( 'NONE',  ( 0.000000000000000000, -0.7071067811865512365, -0.7071067811865439090 ) ) ;
#923 = DIRECTION ( 'NONE',  ( 0.7071067811865402453, 0.000000000000000000, -0.7071067811865549002 ) ) ;
#924 = EDGE_LOOP ( 'NONE', ( #4124, #6665, #5060, #8458 ) ) ;
#925 = LINE ( 'NONE', #9637, #5068 ) ;
#926 = ORIENTED_EDGE ( 'NONE', *, *, #6175, .F. ) ;
#927 = EDGE_CURVE ( 'NONE', #3132, #2112, #10453, .T. ) ;
#928 = CARTESIAN_POINT ( 'NONE',  ( 30.50000000000013145, 10.00000000000000000, 10.00000000000003020 ) ) ;
#929 = CIRCLE ( 'NONE', #7286, 1.700000000000000178 ) ;
#930 = VECTOR ( 'NONE', #8209, 1000.000000000000227 ) ;
#931 = DIRECTION ( 'NONE',  ( 0.000000000000000000, 0.000000000000000000, 1.000000000000000000 ) ) ;
#932 = FACE_BOUND ( 'NONE', #12041, .T. ) ;
#933 = AXIS2_PLACEMENT_3D ( 'NONE', #5157, #1293, #2093 ) ;
#934 = VECTOR ( 'NONE', #3231, 1000.000000000000000 ) ;
#935 = DIRECTION ( 'NONE',  ( -8.117435735382576289E-17, 0.7071067811865479058, 0.7071067811865472397 ) ) ;
#936 = CIRCLE ( 'NONE', #10224, 1.500000000000001332 ) ;
#937 = VERTEX_POINT ( 'NONE', #4572 ) ;
#938 = LINE ( 'NONE', #3669, #4967 ) ;
#939 = DIRECTION ( 'NONE',  ( 7.138779736530080685E-17, 5.850548791901321936E-50, 1.000000000000000000 ) ) ;
#940 = VERTEX_POINT ( 'NONE', #8325 ) ;
#941 = VERTEX_POINT ( 'NONE', #5508 ) ;
#942 = VECTOR ( 'NONE', #793, 1000.000000000000000 ) ;
#943 = AXIS2_PLACEMENT_3D ( 'NONE', #6660, #1015, #939 ) ;
#944 = LINE ( 'NONE', #7182, #9496 ) ;
#946 = ORIENTED_EDGE ( 'NONE', *, *, #1630, .F. ) ;
#945 = VECTOR ( 'NONE', #6902, 1000.000000000000000 ) ;
#947 = CARTESIAN_POINT ( 'NONE',  ( 108.2928932188134894, 12.49999999999999467, 69.59999999999999432 ) ) ;
#948 = CARTESIAN_POINT ( 'NONE',  ( 14.00000000000000888, 3.000000000000000000, -122.9712352769500541 ) ) ;
#949 = ORIENTED_EDGE ( 'NONE', *, *, #5897, .T. ) ;
#950 = CARTESIAN_POINT ( 'NONE',  ( 14.00000000000000533, 57.49999999999997158, -10.00000000000000000 ) ) ;
#951 = ADVANCED_FACE ( 'NONE', ( #6362 ), #12073, .F. ) ;
#952 = VECTOR ( 'NONE', #10154, 1000.000000000000000 ) ;
#953 = ORIENTED_EDGE ( 'NONE', *, *, #5744, .F. ) ;
#954 = CIRCLE ( 'NONE', #6370, 1.500000000000008216 ) ;
#955 = DIRECTION ( 'NONE',  ( 0.000000000000000000, 0.000000000000000000, 1.000000000000000000 ) ) ;
#956 = EDGE_CURVE ( 'NONE', #3949, #238, #2972, .T. ) ;
#957 = CARTESIAN_POINT ( 'NONE',  ( 76.00000000000018474, 0.5000000000000195399, 58.59999999999996589 ) ) ;
#958 = ORIENTED_EDGE ( 'NONE', *, *, #4227, .T. ) ;
#959 = FACE_OUTER_BOUND ( 'NONE', #10602, .T. ) ;
#960 = PLANE ( 'NONE',  #54 ) ;
#961 = EDGE_CURVE ( 'NONE', #11142, #790, #7074, .T. ) ;
#962 = DIRECTION ( 'NONE',  ( -5.900520662951093563E-32, 5.139921410301651782E-16, 1.000000000000000000 ) ) ;
#963 = VECTOR ( 'NONE', #6436, 1000.000000000000000 ) ;
#964 = DIRECTION ( 'NONE',  ( -0.7071067811865414665, -0.7071067811865536790, 0.000000000000000000 ) ) ;
#965 = ORIENTED_EDGE ( 'NONE', *, *, #7199, .F. ) ;
#966 = EDGE_LOOP ( 'NONE', ( #2929, #2912, #11868, #2455, #3174 ) ) ;
#967 = EDGE_CURVE ( 'NONE', #8818, #9554, #11060, .T. ) ;
#968 = VECTOR ( 'NONE', #3435, 1000.000000000000000 ) ;
#969 = DIRECTION ( 'NONE',  ( 0.000000000000000000, 0.000000000000000000, -1.000000000000000000 ) ) ;
#970 = CARTESIAN_POINT ( 'NONE',  ( 5.499999999999992895, 59.99999999999997868, 69.09999999999998010 ) ) ;
#971 = ORIENTED_EDGE ( 'NONE', *, *, #12227, .T. ) ;
#972 = CARTESIAN_POINT ( 'NONE',  ( 20.50000000000008882, -7.867628708986148266E-32, 58.59999999999996589 ) ) ;
#973 = AXIS2_PLACEMENT_3D ( 'NONE', #9389, #1690, #2754 ) ;
#974 = DIRECTION ( 'NONE',  ( 0.000000000000000000, -1.000000000000000000, 0.000000000000000000 ) ) ;
#975 = ORIENTED_EDGE ( 'NONE', *, *, #4121, .T. ) ;
#976 = DIRECTION ( 'NONE',  ( 0.000000000000000000, -1.000000000000000000, 0.000000000000000000 ) ) ;
#977 = ORIENTED_EDGE ( 'NONE', *, *, #7928, .T. ) ;
#978 = FACE_OUTER_BOUND ( 'NONE', #2670, .T. ) ;
#979 = CARTESIAN_POINT ( 'NONE',  ( 33.50000000000012079, -6.802220654644269642E-32, 10.00000000000003020 ) ) ;
#980 = FACE_OUTER_BOUND ( 'NONE', #10494, .T. ) ;
#981 = CARTESIAN_POINT ( 'NONE',  ( 96.00000000000025580, -1.680066547231397098E-32, 10.00000000000003020 ) ) ;
#982 = ADVANCED_FACE ( 'NONE', ( #7097 ), #3658, .F. ) ;
#983 = DIRECTION ( 'NONE',  ( 8.117435735382567661E-17, -0.7071067811865472397, -0.7071067811865479058 ) ) ;
#984 = CIRCLE ( 'NONE', #2063, 1.700000000000000178 ) ;
#985 = EDGE_CURVE ( 'NONE', #5504, #5415, #6912, .T. ) ;
#986 = CARTESIAN_POINT ( 'NONE',  ( 89.50000000000022737, 3.000000000000000000, 58.59999999999996589 ) ) ;
#987 = ORIENTED_EDGE ( 'NONE', *, *, #10419, .T. ) ;
#988 = EDGE_CURVE ( 'NONE', #3070, #46, #11098, .T. ) ;
#989 = CARTESIAN_POINT ( 'NONE',  ( 98.50000000000021316, -1.475180382934885831E-32, 58.59999999999996589 ) ) ;
#990 = EDGE_CURVE ( 'NONE', #7112, #10188, #2949, .T. ) ;
#991 = CARTESIAN_POINT ( 'NONE',  ( 104.5000000000000142, 13.00000000000000000, 2.000000000000001776 ) ) ;
#992 = EDGE_LOOP ( 'NONE', ( #10240, #11025, #10960, #565, #2701, #10972 ) ) ;
#993 = AXIS2_PLACEMENT_3D ( 'NONE', #10486, #97, #10563 ) ;
#994 = VECTOR ( 'NONE', #9201, 1000.000000000000000 ) ;
#995 = LINE ( 'NONE', #3225, #4893 ) ;
#996 = VECTOR ( 'NONE', #8367, 1000.000000000000000 ) ;
#997 = ORIENTED_EDGE ( 'NONE', *, *, #5882, .F. ) ;
#998 = CARTESIAN_POINT ( 'NONE',  ( -0.4999999999999987232, 48.99999999999997868, 44.59999999999998721 ) ) ;
#999 = DIRECTION ( 'NONE',  ( -1.124357808503486235E-16, 1.000000000000000000, 0.000000000000000000 ) ) ;
#1000 = VECTOR ( 'NONE', #4180, 1000.000000000000000 ) ;
#1001 = DIRECTION ( 'NONE',  ( 9.856383386231948807E-17, -1.000000000000000000, 0.000000000000000000 ) ) ;
#1002 = ADVANCED_FACE ( 'NONE', ( #10948 ), #7039, .F. ) ;
#1003 = PLANE ( 'NONE',  #5985 ) ;
#1004 = DIRECTION ( 'NONE',  ( 7.138779736530080685E-17, 0.000000000000000000, -1.000000000000000000 ) ) ;
#1005 = DIRECTION ( 'NONE',  ( -1.000000000000000000, 1.245442495573092286E-16, 0.000000000000000000 ) ) ;
#1006 = EDGE_CURVE ( 'NONE', #2347, #3146, #11224, .T. ) ;
#1007 = ORIENTED_EDGE ( 'NONE', *, *, #1893, .T. ) ;
#1008 = VECTOR ( 'NONE', #3536, 1000.000000000000000 ) ;
#1009 = ORIENTED_EDGE ( 'NONE', *, *, #5781, .T. ) ;
#1010 = DIRECTION ( 'NONE',  ( -1.141265444721583018E-16, 1.000000000000000000, 0.000000000000000000 ) ) ;
#1011 = AXIS2_PLACEMENT_3D ( 'NONE', #2203, #3281, #12371 ) ;
#1012 = DIRECTION ( 'NONE',  ( -8.195446571860579663E-34, 1.000000000000000000, -0.000000000000000000 ) ) ;
#1013 = ORIENTED_EDGE ( 'NONE', *, *, #4721, .F. ) ;
#1014 = VECTOR ( 'NONE', #11009, 1000.000000000000000 ) ;
#1015 = DIRECTION ( 'NONE',  ( 0.7071067811865522357, -0.7071067811865427988, -5.047879561097568999E-17 ) ) ;
#1016 = FACE_OUTER_BOUND ( 'NONE', #3755, .T. ) ;
#1017 = EDGE_CURVE ( 'NONE', #2841, #10876, #11263, .T. ) ;
#1018 = ORIENTED_EDGE ( 'NONE', *, *, #10145, .T. ) ;
#1019 = CARTESIAN_POINT ( 'NONE',  ( 16.00000000000012434, -8.236423804719870134E-32, 10.00000000000003020 ) ) ;
#1020 = VECTOR ( 'NONE', #9056, 1000.000000000000000 ) ;
#1021 = LINE ( 'NONE', #3833, #5173 ) ;
#1022 = ORIENTED_EDGE ( 'NONE', *, *, #10530, .F. ) ;
#1023 = VECTOR ( 'NONE', #1615, 1000.000000000000000 ) ;
#1024 = DIRECTION ( 'NONE',  ( 0.000000000000000000, 0.000000000000000000, -1.000000000000000000 ) ) ;
#1025 = ORIENTED_EDGE ( 'NONE', *, *, #2847, .T. ) ;
#1026 = CONICAL_SURFACE ( 'NONE', #5164, 0.5000000000000022204, 0.7853981633974528309 ) ;
#1027 = EDGE_CURVE ( 'NONE', #6890, #2289, #6954, .T. ) ;
#1028 = VECTOR ( 'NONE', #2189, 1000.000000000000000 ) ;
#1029 = AXIS2_PLACEMENT_3D ( 'NONE', #3130, #6991, #10977 ) ;
#1030 = VERTEX_POINT ( 'NONE', #11272 ) ;
#1031 = VERTEX_POINT ( 'NONE', #9401 ) ;
#1032 = AXIS2_PLACEMENT_3D ( 'NONE', #3116, #8188, #5016 ) ;
#1033 = DIRECTION ( 'NONE',  ( 0.000000000000000000, 0.000000000000000000, -1.000000000000000000 ) ) ;
#1034 = CARTESIAN_POINT ( 'NONE',  ( 116.5000000000000000, 9.000000000000001776, -9.499999999999996447 ) ) ;
#1035 = ORIENTED_EDGE ( 'NONE', *, *, #3027, .F. ) ;
#1036 = VERTEX_POINT ( 'NONE', #4496 ) ;
#1037 = CARTESIAN_POINT ( 'NONE',  ( 106.0000000000000426, 10.02493781056045208, -10.00000000000000000 ) ) ;
#1038 = PLANE ( 'NONE',  #3377 ) ;
#1039 = CARTESIAN_POINT ( 'NONE',  ( 40.50000000000011369, 0.5000000000000125455, 10.00000000000003020 ) ) ;
#1040 = ADVANCED_FACE ( 'NONE', ( #6997 ), #6809, .F. ) ;
#1042 = ORIENTED_EDGE ( 'NONE', *, *, #129, .F. ) ;
#1041 = DIRECTION ( 'NONE',  ( -0.7071067811865436870, 0.000000000000000000, 0.7071067811865513475 ) ) ;
#1043 = VECTOR ( 'NONE', #8518, 1000.000000000000000 ) ;
#1044 = EDGE_CURVE ( 'NONE', #117, #8767, #11157, .T. ) ;
#1045 = FACE_OUTER_BOUND ( 'NONE', #12222, .T. ) ;
#1046 = CARTESIAN_POINT ( 'NONE',  ( 13.64644660940673404, 57.14644660940670207, -10.00000000000000000 ) ) ;
#1047 = CYLINDRICAL_SURFACE ( 'NONE', #9294, 0.5000000000000004441 ) ;
#1048 = CARTESIAN_POINT ( 'NONE',  ( 5.499999999999992006, 59.99999999999997868, 69.09999999999998010 ) ) ;
#1049 = AXIS2_PLACEMENT_3D ( 'NONE', #11653, #5035, #2879 ) ;
#1050 = CARTESIAN_POINT ( 'NONE',  ( 0.4999999999999805156, 55.50000000000000000, 23.79999999999998650 ) ) ;
#1051 = EDGE_LOOP ( 'NONE', ( #1982, #7737, #4110, #320, #7733 ) ) ;
#1052 = DIRECTION ( 'NONE',  ( -0.000000000000000000, 1.000000000000000000, -0.000000000000000000 ) ) ;
#1053 = LINE ( 'NONE', #7892, #5416 ) ;
#1054 = VERTEX_POINT ( 'NONE', #6081 ) ;
#1055 = EDGE_LOOP ( 'NONE', ( #4499, #8396, #7360, #3391 ) ) ;
#1056 = EDGE_CURVE ( 'NONE', #3089, #8414, #6975, .T. ) ;
#1057 = ORIENTED_EDGE ( 'NONE', *, *, #1762, .F. ) ;
#1058 = CONICAL_SURFACE ( 'NONE', #10427, 2.000000000000029310, 0.7853981633974396193 ) ;
#1059 = VERTEX_POINT ( 'NONE', #5749 ) ;
#1060 = LINE ( 'NONE', #4598, #5223 ) ;
#1061 = VECTOR ( 'NONE', #4517, 1000.000000000000000 ) ;
#1062 = ADVANCED_FACE ( 'NONE', ( #6840 ), #10846, .F. ) ;
#1063 = EDGE_LOOP ( 'NONE', ( #11373, #741, #11234, #8342, #651 ) ) ;
#1064 = LINE ( 'NONE', #3283, #9362 ) ;
#1065 = CARTESIAN_POINT ( 'NONE',  ( 116.5000000000000000, 0.000000000000000000, 69.09999999999998010 ) ) ;
#1066 = EDGE_CURVE ( 'NONE', #4304, #5911, #2626, .T. ) ;
#1067 = DIRECTION ( 'NONE',  ( 0.000000000000000000, 0.000000000000000000, -1.000000000000000000 ) ) ;
#1068 = DIRECTION ( 'NONE',  ( -1.000000000000000000, 1.355252715606880851E-17, -0.000000000000000000 ) ) ;
#1069 = LINE ( 'NONE', #1505, #968 ) ;
#1070 = VECTOR ( 'NONE', #1931, 1000.000000000000000 ) ;
#1071 = DIRECTION ( 'NONE',  ( -0.000000000000000000, 1.000000000000000000, -0.000000000000000000 ) ) ;
#1072 = AXIS2_PLACEMENT_3D ( 'NONE', #7249, #5379, #417 ) ;
#1073 = ORIENTED_EDGE ( 'NONE', *, *, #557, .F. ) ;
#1074 = DIRECTION ( 'NONE',  ( 0.000000000000000000, 0.000000000000000000, 1.000000000000000000 ) ) ;
#1075 = ORIENTED_EDGE ( 'NONE', *, *, #12223, .T. ) ;
#1076 = FACE_OUTER_BOUND ( 'NONE', #1822, .T. ) ;
#1077 = EDGE_LOOP ( 'NONE', ( #4283, #2534, #10714, #6021 ) ) ;
#1078 = VECTOR ( 'NONE', #7714, 1000.000000000000000 ) ;
#1079 = CARTESIAN_POINT ( 'NONE',  ( 113.5000000000000000, 6.000000000000012434, 69.09999999999998010 ) ) ;
#1080 = FACE_OUTER_BOUND ( 'NONE', #9922, .T. ) ;
#1081 = AXIS2_PLACEMENT_3D ( 'NONE', #5445, #406, #7325 ) ;
#1082 = VERTEX_POINT ( 'NONE', #5031 ) ;
#1083 = EDGE_CURVE ( 'NONE', #5330, #10891, #6775, .T. ) ;
#1084 = FACE_OUTER_BOUND ( 'NONE', #5493, .T. ) ;
#1085 = ADVANCED_FACE ( 'NONE', ( #10968 ), #11767, .T. ) ;
#1086 = EDGE_CURVE ( 'NONE', #6679, #2016, #2719, .T. ) ;
#1087 = ORIENTED_EDGE ( 'NONE', *, *, #9074, .T. ) ;
#1088 = VERTEX_POINT ( 'NONE', #9557 ) ;
#1089 = VERTEX_POINT ( 'NONE', #11510 ) ;
#1090 = ORIENTED_EDGE ( 'NONE', *, *, #5203, .T. ) ;
#1091 = EDGE_CURVE ( 'NONE', #4611, #11525, #7408, .T. ) ;
#1092 = DIRECTION ( 'NONE',  ( -0.8164965809277108244, 0.5773502691896471584, 0.000000000000000000 ) ) ;
#1093 = DIRECTION ( 'NONE',  ( 0.000000000000000000, 0.000000000000000000, -1.000000000000000000 ) ) ;
#1094 = VECTOR ( 'NONE', #1156, 1000.000000000000000 ) ;
#1095 = CARTESIAN_POINT ( 'NONE',  ( -1.369196745660520767E-16, 50.61803398874989313, 69.09999999999998010 ) ) ;
#1096 = DIRECTION ( 'NONE',  ( 0.000000000000000000, 0.000000000000000000, -1.000000000000000000 ) ) ;
#1097 = EDGE_CURVE ( 'NONE', #8470, #1902, #3103, .T. ) ;
#1098 = CARTESIAN_POINT ( 'NONE',  ( 61.50000000000015632, 3.000000000000000000, 58.59999999999996589 ) ) ;
#1099 = DIRECTION ( 'NONE',  ( 0.000000000000000000, 0.000000000000000000, 1.000000000000000000 ) ) ;
#1100 = CIRCLE ( 'NONE', #6798, 1.500000000000022204 ) ;
#1101 = LINE ( 'NONE', #7935, #1575 ) ;
#1102 = CARTESIAN_POINT ( 'NONE',  ( 82.50000000000019895, 10.00000000000000000, 10.00000000000003020 ) ) ;
#1103 = CARTESIAN_POINT ( 'NONE',  ( 48.50000000000017053, 2.499999999999976907, 10.00000000000003020 ) ) ;
#1104 = AXIS2_PLACEMENT_3D ( 'NONE', #662, #10488, #2837 ) ;
#1105 = FACE_OUTER_BOUND ( 'NONE', #818, .T. ) ;
#1106 = DIRECTION ( 'NONE',  ( 0.000000000000000000, 1.000000000000000000, 0.000000000000000000 ) ) ;
#1107 = CARTESIAN_POINT ( 'NONE',  ( 87.50000000000018474, -2.376679505839551937E-32, 58.59999999999996589 ) ) ;
#1108 = ADVANCED_FACE ( 'NONE', ( #7271 ), #3035, .T. ) ;
#1109 = DIRECTION ( 'NONE',  ( 1.000000000000000000, 1.147978770867005115E-16, 0.000000000000000000 ) ) ;
#1110 = CARTESIAN_POINT ( 'NONE',  ( 22.50000000000011369, 0.5000000000000195399, 58.59999999999996589 ) ) ;
#1111 = ORIENTED_EDGE ( 'NONE', *, *, #1334, .F. ) ;
#1112 = FACE_OUTER_BOUND ( 'NONE', #5038, .T. ) ;
#1113 = DIRECTION ( 'NONE',  ( 2.855511894612032274E-16, 2.340219516760528775E-49, -1.000000000000000000 ) ) ;
#1114 = FACE_OUTER_BOUND ( 'NONE', #2352, .T. ) ;
#1115 = CARTESIAN_POINT ( 'NONE',  ( 94.00000000000022737, -1.843975478668611257E-32, 10.00000000000003020 ) ) ;
#1116 = CIRCLE ( 'NONE', #11298, 1.500000000000022204 ) ;
#1117 = CARTESIAN_POINT ( 'NONE',  ( 33.50000000000009948, -6.802220654644271832E-32, 58.59999999999996589 ) ) ;
#1118 = DIRECTION ( 'NONE',  ( -1.000000000000000000, 1.355252715606880851E-17, -0.000000000000000000 ) ) ;
#1119 = VECTOR ( 'NONE', #4944, 1000.000000000000000 ) ;
#1120 = VECTOR ( 'NONE', #11822, 1000.000000000000000 ) ;
#1121 = CARTESIAN_POINT ( 'NONE',  ( 115.9999999999999858, 2.207106781186527922, -10.00000000000000000 ) ) ;
#1122 = DIRECTION ( 'NONE',  ( 1.000000000000000000, 0.000000000000000000, -0.000000000000000000 ) ) ;
#1123 = VECTOR ( 'NONE', #7837, 1000.000000000000000 ) ;
#1124 = VECTOR ( 'NONE', #4928, 1000.000000000000000 ) ;
#1125 = EDGE_CURVE ( 'NONE', #358, #5594, #3052, .T. ) ;
#1126 = ORIENTED_EDGE ( 'NONE', *, *, #3077, .F. ) ;
#1127 = DIRECTION ( 'NONE',  ( 2.115258955021960479E-15, 0.7071067811865348052, -0.7071067811865602293 ) ) ;
#1128 = DIRECTION ( 'NONE',  ( -0.7071067811865474617, 0.7071067811865474617, 0.000000000000000000 ) ) ;
#1129 = AXIS2_PLACEMENT_3D ( 'NONE', #4348, #3506, #6232 ) ;
#1130 = CIRCLE ( 'NONE', #2675, 1.500000000000015099 ) ;
#1131 = ORIENTED_EDGE ( 'NONE', *, *, #9317, .T. ) ;
#1132 = ORIENTED_EDGE ( 'NONE', *, *, #12116, .F. ) ;
#1133 = CARTESIAN_POINT ( 'NONE',  ( 116.5000000000000000, 4.000000000000010658, -9.499999999999996447 ) ) ;
#1134 = CARTESIAN_POINT ( 'NONE',  ( 107.5000000000000284, 12.99999999999999822, 4.500000000000003553 ) ) ;
#1135 = FACE_OUTER_BOUND ( 'NONE', #6601, .T. ) ;
#1136 = CARTESIAN_POINT ( 'NONE',  ( 79.00000000000011369, 3.000000000000000000, -122.9712352769500825 ) ) ;
#1137 = DIRECTION ( 'NONE',  ( 0.000000000000000000, -1.000000000000000000, 0.000000000000000000 ) ) ;
#1138 = CARTESIAN_POINT ( 'NONE',  ( 14.50000000000002665, 10.00000000000000000, 58.59999999999996589 ) ) ;
#1139 = ORIENTED_EDGE ( 'NONE', *, *, #3799, .T. ) ;
#1140 = ORIENTED_EDGE ( 'NONE', *, *, #9322, .F. ) ;
#1141 = ORIENTED_EDGE ( 'NONE', *, *, #10504, .F. ) ;
#1142 = LINE ( 'NONE', #8995, #5314 ) ;
#1143 = DIRECTION ( 'NONE',  ( -0.000000000000000000, 1.000000000000000000, -0.000000000000000000 ) ) ;
#1144 = ADVANCED_FACE ( 'NONE', ( #11421 ), #3220, .F. ) ;
#1145 = ORIENTED_EDGE ( 'NONE', *, *, #750, .T. ) ;
#1146 = VERTEX_POINT ( 'NONE', #5914 ) ;
#1147 = CIRCLE ( 'NONE', #3635, 1.999999999999988010 ) ;
#1148 = ORIENTED_EDGE ( 'NONE', *, *, #920, .F. ) ;
#1149 = ORIENTED_EDGE ( 'NONE', *, *, #5236, .F. ) ;
#1150 = EDGE_CURVE ( 'NONE', #3764, #1265, #3341, .T. ) ;
#1151 = CARTESIAN_POINT ( 'NONE',  ( 29.00000000000012434, 3.000000000000000000, 60.60000000000000142 ) ) ;
#1152 = EDGE_LOOP ( 'NONE', ( #2141, #9326, #6057, #5524 ) ) ;
#1153 = CARTESIAN_POINT ( 'NONE',  ( 108.2928932188134894, 12.49999999999999289, -10.00000000000000000 ) ) ;
#1154 = CONICAL_SURFACE ( 'NONE', #3743, 1.500000000000022204, 0.7853981633974431720 ) ;
#1155 = CARTESIAN_POINT ( 'NONE',  ( 7.000000000000000000, 50.49999999999998579, 69.59999999999999432 ) ) ;
#1156 = DIRECTION ( 'NONE',  ( 0.2810846377148054076, 0.6785983445458524388, 0.6785983445458477759 ) ) ;
#1157 = VECTOR ( 'NONE', #10144, 1000.000000000000000 ) ;
#1158 = AXIS2_PLACEMENT_3D ( 'NONE', #8147, #288, #8903 ) ;
#1159 = CARTESIAN_POINT ( 'NONE',  ( 51.10355339059368163, -49.39644660940672338, 69.59999999999999432 ) ) ;
#1160 = ORIENTED_EDGE ( 'NONE', *, *, #1811, .F. ) ;
#1161 = FACE_OUTER_BOUND ( 'NONE', #2651, .T. ) ;
#1162 = ORIENTED_EDGE ( 'NONE', *, *, #3272, .T. ) ;
#1163 = LINE ( 'NONE', #3267, #9434 ) ;
#1164 = VECTOR ( 'NONE', #49, 1000.000000000000000 ) ;
#1165 = CARTESIAN_POINT ( 'NONE',  ( 1.102182119232617714E-15, 50.99999999999998579, 68.09999999999999432 ) ) ;
#1166 = ORIENTED_EDGE ( 'NONE', *, *, #3272, .F. ) ;
#1167 = DIRECTION ( 'NONE',  ( -0.000000000000000000, 1.000000000000000000, -0.000000000000000000 ) ) ;
#1168 = FACE_OUTER_BOUND ( 'NONE', #3797, .T. ) ;
#1169 = CARTESIAN_POINT ( 'NONE',  ( 104.5000000000000142, 6.000000000000000000, 69.59999999999999432 ) ) ;
#1170 = ADVANCED_FACE ( 'NONE', ( #11644 ), #9720, .F. ) ;
#1171 = CARTESIAN_POINT ( 'NONE',  ( 0.4999999999999805156, 57.19999999999999574, 22.09999999999999432 ) ) ;
#1172 = VECTOR ( 'NONE', #10420, 1000.000000000000000 ) ;
#1173 = DIRECTION ( 'NONE',  ( 0.000000000000000000, -1.000000000000000000, 0.000000000000000000 ) ) ;
#1174 = VERTEX_POINT ( 'NONE', #2226 ) ;
#1175 = LINE ( 'NONE', #5779, #2025 ) ;
#1176 = EDGE_CURVE ( 'NONE', #3663, #5922, #11310, .T. ) ;
#1177 = DIRECTION ( 'NONE',  ( 1.000000000000000000, 8.195446571860579663E-34, 0.000000000000000000 ) ) ;
#1178 = VERTEX_POINT ( 'NONE', #10455 ) ;
#1179 = EDGE_CURVE ( 'NONE', #9611, #6992, #11518, .T. ) ;
#1180 = AXIS2_PLACEMENT_3D ( 'NONE', #8220, #11618, #6922 ) ;
#1181 = CARTESIAN_POINT ( 'NONE',  ( 116.5000000000000000, 4.500000000000013323, -10.00000000000000000 ) ) ;
#1182 = VERTEX_POINT ( 'NONE', #4789 ) ;
#1183 = DIRECTION ( 'NONE',  ( -7.138779736530080685E-17, -5.850548791901321936E-50, -1.000000000000000000 ) ) ;
#1184 = AXIS2_PLACEMENT_3D ( 'NONE', #10854, #319, #7319 ) ;
#1185 = DIRECTION ( 'NONE',  ( 0.000000000000000000, -1.000000000000000000, 0.000000000000000000 ) ) ;
#1186 = CARTESIAN_POINT ( 'NONE',  ( 1.102182119232617714E-15, 50.99999999999998579, -9.499999999999996447 ) ) ;
#1187 = LINE ( 'NONE', #7738, #5972 ) ;
#1188 = CARTESIAN_POINT ( 'NONE',  ( 63.50000000000022027, 3.000000000000000000, -122.9712352769500399 ) ) ;
#1189 = VERTEX_POINT ( 'NONE', #12022 ) ;
#1190 = LINE ( 'NONE', #6311, #1208 ) ;
#1191 = CARTESIAN_POINT ( 'NONE',  ( 110.0000000000000284, 4.999999999999999112, 69.59999999999999432 ) ) ;
#1192 = ADVANCED_FACE ( 'NONE', ( #7602 ), #7341, .F. ) ;
#1193 = ORIENTED_EDGE ( 'NONE', *, *, #1209, .F. ) ;
#1194 = EDGE_CURVE ( 'NONE', #4647, #9549, #3277, .T. ) ;
#1195 = LINE ( 'NONE', #9836, #9303 ) ;
#1196 = CARTESIAN_POINT ( 'NONE',  ( 0.5000000000000013323, 48.99999999999997868, 66.59999999999999432 ) ) ;
#1197 = LINE ( 'NONE', #2832, #5418 ) ;
#1198 = ORIENTED_EDGE ( 'NONE', *, *, #6978, .T. ) ;
#1199 = CARTESIAN_POINT ( 'NONE',  ( 105.4999999999997158, 49.50000000000072475, 69.59999999999999432 ) ) ;
#1200 = CARTESIAN_POINT ( 'NONE',  ( 76.50000000000019895, 3.000000000000000000, 58.59999999999996589 ) ) ;
#1201 = CONICAL_SURFACE ( 'NONE', #5450, 1.500000000000095035, 0.7853981633974430610 ) ;
#1202 = DIRECTION ( 'NONE',  ( 0.7071067811865451302, 0.000000000000000000, -0.7071067811865500152 ) ) ;
#1203 = DIRECTION ( 'NONE',  ( 8.195446571860579663E-34, -1.000000000000000000, -0.000000000000000000 ) ) ;
#1204 = AXIS2_PLACEMENT_3D ( 'NONE', #6875, #4500, #11684 ) ;
#1205 = LINE ( 'NONE', #11458, #5490 ) ;
#1206 = DIRECTION ( 'NONE',  ( 1.224646799147352961E-16, -1.000000000000000000, 0.000000000000000000 ) ) ;
#1207 = PLANE ( 'NONE',  #10982 ) ;
#1208 = VECTOR ( 'NONE', #1304, 1000.000000000000000 ) ;
#1209 = EDGE_CURVE ( 'NONE', #8886, #1777, #11441, .T. ) ;
#1210 = CARTESIAN_POINT ( 'NONE',  ( 4.000000000000000000, 59.99999999999998579, 48.74999999999999289 ) ) ;
#1211 = VERTEX_POINT ( 'NONE', #1682 ) ;
#1212 = DIRECTION ( 'NONE',  ( 0.000000000000000000, 0.000000000000000000, 1.000000000000000000 ) ) ;
#1213 = CARTESIAN_POINT ( 'NONE',  ( 68.00000000000018474, 2.499999999999963141, 10.00000000000003020 ) ) ;
#1214 = ADVANCED_FACE ( 'NONE', ( #7587 ), #8941, .T. ) ;
#1215 = DIRECTION ( 'NONE',  ( -0.7071067811865414665, 0.7071067811865536790, 0.000000000000000000 ) ) ;
#1216 = CARTESIAN_POINT ( 'NONE',  ( 3.999999999999896971, 52.49999999999998579, 24.94999999999999218 ) ) ;
#1217 = ORIENTED_EDGE ( 'NONE', *, *, #11183, .T. ) ;
#1218 = ORIENTED_EDGE ( 'NONE', *, *, #10121, .T. ) ;
#1219 = EDGE_CURVE ( 'NONE', #9183, #8084, #3192, .T. ) ;
#1220 = VECTOR ( 'NONE', #11531, 1000.000000000000000 ) ;
#1221 = VERTEX_POINT ( 'NONE', #5304 ) ;
#1222 = LINE ( 'NONE', #1155, #1028 ) ;
#1223 = AXIS2_PLACEMENT_3D ( 'NONE', #11716, #2350, #1929 ) ;
#1224 = LINE ( 'NONE', #5880, #9340 ) ;
#1225 = CIRCLE ( 'NONE', #2372, 2.000000000000015543 ) ;
#1226 = EDGE_LOOP ( 'NONE', ( #1980, #10471, #6180, #1607 ) ) ;
#1227 = FACE_OUTER_BOUND ( 'NONE', #7645, .T. ) ;
#1228 = PLANE ( 'NONE',  #1894 ) ;
#1229 = DIRECTION ( 'NONE',  ( 2.855511894612032274E-16, 2.340219516760528775E-49, -1.000000000000000000 ) ) ;
#1230 = AXIS2_PLACEMENT_3D ( 'NONE', #11020, #7378, #2464 ) ;
#1231 = DIRECTION ( 'NONE',  ( 1.021945781344848909E-14, -0.7071067811865474617, -0.7071067811865474617 ) ) ;
#1232 = EDGE_LOOP ( 'NONE', ( #12143, #3702, #9016, #11230 ) ) ;
#1233 = LINE ( 'NONE', #3551, #1256 ) ;
#1234 = ADVANCED_FACE ( 'NONE', ( #3083 ), #3430, .F. ) ;
#1235 = ORIENTED_EDGE ( 'NONE', *, *, #7712, .T. ) ;
#1236 = DIRECTION ( 'NONE',  ( -0.000000000000000000, 1.000000000000000000, -0.000000000000000000 ) ) ;
#1237 = DIRECTION ( 'NONE',  ( 0.000000000000000000, -1.000000000000000000, 0.000000000000000000 ) ) ;
#1238 = EDGE_CURVE ( 'NONE', #610, #11984, #7446, .T. ) ;
#1239 = DIRECTION ( 'NONE',  ( 1.577021341797097314E-16, -1.000000000000000000, 0.000000000000000000 ) ) ;
#1240 = LINE ( 'NONE', #10671, #5271 ) ;
#1241 = CARTESIAN_POINT ( 'NONE',  ( 37.00000000000014921, 10.00000000000000000, 58.59999999999996589 ) ) ;
#1242 = LINE ( 'NONE', #9328, #1286 ) ;
#1243 = EDGE_CURVE ( 'NONE', #7525, #1364, #11477, .T. ) ;
#1244 = DIRECTION ( 'NONE',  ( 0.000000000000000000, -1.000000000000000000, 0.000000000000000000 ) ) ;
#1245 = EDGE_LOOP ( 'NONE', ( #3624, #3050, #10112, #11240 ) ) ;
#1246 = EDGE_CURVE ( 'NONE', #6628, #10479, #7250, .T. ) ;
#1247 = LINE ( 'NONE', #2433, #5362 ) ;
#1248 = LINE ( 'NONE', #6423, #5653 ) ;
#1249 = CARTESIAN_POINT ( 'NONE',  ( -0.9999999999999986677, 49.49999999999998579, 69.09999999999998010 ) ) ;
#1250 = ORIENTED_EDGE ( 'NONE', *, *, #9395, .T. ) ;
#1251 = AXIS2_PLACEMENT_3D ( 'NONE', #3307, #11146, #2599 ) ;
#1252 = DIRECTION ( 'NONE',  ( 0.000000000000000000, 0.000000000000000000, -1.000000000000000000 ) ) ;
#1253 = DIRECTION ( 'NONE',  ( 8.195446571860579663E-34, -1.000000000000000000, -0.000000000000000000 ) ) ;
#1254 = DIRECTION ( 'NONE',  ( 0.000000000000000000, 0.000000000000000000, 1.000000000000000000 ) ) ;
#1255 = DIRECTION ( 'NONE',  ( -0.000000000000000000, -0.000000000000000000, -1.000000000000000000 ) ) ;
#1256 = VECTOR ( 'NONE', #6716, 1000.000000000000000 ) ;
#1257 = CARTESIAN_POINT ( 'NONE',  ( 2.000000000000000444, 52.49999999999998579, 54.94999999999998863 ) ) ;
#1258 = FACE_OUTER_BOUND ( 'NONE', #6856, .T. ) ;
#1259 = CARTESIAN_POINT ( 'NONE',  ( 63.50000000000017053, 3.000000000000000000, 58.59999999999996589 ) ) ;
#1260 = DIRECTION ( 'NONE',  ( 0.000000000000000000, -1.000000000000000000, 0.000000000000000000 ) ) ;
#1261 = LINE ( 'NONE', #3270, #1281 ) ;
#1262 = ADVANCED_FACE ( 'NONE', ( #11541 ), #5149, .F. ) ;
#1263 = VECTOR ( 'NONE', #215, 1000.000000000000000 ) ;
#1264 = CARTESIAN_POINT ( 'NONE',  ( -0.6464466094067149449, 2.353553390593310368, -10.00000000000000000 ) ) ;
#1265 = VERTEX_POINT ( 'NONE', #7969 ) ;
#1266 = CARTESIAN_POINT ( 'NONE',  ( 3.000000000000004441, 22.85000000000002629, 38.00000000006347989 ) ) ;
#1267 = PLANE ( 'NONE',  #9686 ) ;
#1268 = DIRECTION ( 'NONE',  ( 0.000000000000000000, 0.000000000000000000, -1.000000000000000000 ) ) ;
#1269 = LINE ( 'NONE', #12362, #1536 ) ;
#1270 = CARTESIAN_POINT ( 'NONE',  ( 21.00000000000012079, 2.499999999999976907, 10.00000000000003020 ) ) ;
#1271 = EDGE_CURVE ( 'NONE', #9183, #1299, #7364, .T. ) ;
#1272 = FACE_OUTER_BOUND ( 'NONE', #10306, .T. ) ;
#1273 = ORIENTED_EDGE ( 'NONE', *, *, #4239, .F. ) ;
#1274 = FACE_OUTER_BOUND ( 'NONE', #7377, .T. ) ;
#1275 = LINE ( 'NONE', #5896, #1492 ) ;
#1276 = EDGE_CURVE ( 'NONE', #7284, #407, #11602, .T. ) ;
#1277 = PLANE ( 'NONE',  #2695 ) ;
#1278 = AXIS2_PLACEMENT_3D ( 'NONE', #10672, #11651, #220 ) ;
#1279 = FACE_OUTER_BOUND ( 'NONE', #3853, .T. ) ;
#1280 = DIRECTION ( 'NONE',  ( 8.195446571860579663E-34, -1.000000000000000000, -0.000000000000000000 ) ) ;
#1281 = VECTOR ( 'NONE', #124, 1000.000000000000000 ) ;
#1282 = DIRECTION ( 'NONE',  ( -1.000000000000000000, -1.224646799147352961E-16, 0.000000000000000000 ) ) ;
#1283 = FACE_OUTER_BOUND ( 'NONE', #5212, .T. ) ;
#1285 = DIRECTION ( 'NONE',  ( -0.7071067811865414665, -0.7071067811865536790, -0.000000000000000000 ) ) ;
#1284 = CARTESIAN_POINT ( 'NONE',  ( -0.4999999999999970024, 35.49999999999998579, 44.59999999999998721 ) ) ;
#1286 = VECTOR ( 'NONE', #2385, 1000.000000000000000 ) ;
#1287 = DIRECTION ( 'NONE',  ( 0.000000000000000000, 1.000000000000000000, 0.000000000000000000 ) ) ;
#1288 = CARTESIAN_POINT ( 'NONE',  ( 0.4999999999999735767, 55.49999999999999289, 52.09999999999999432 ) ) ;
#1289 = ADVANCED_FACE ( 'NONE', ( #7483 ), #3123, .F. ) ;
#1290 = ORIENTED_EDGE ( 'NONE', *, *, #11024, .T. ) ;
#1291 = ORIENTED_EDGE ( 'NONE', *, *, #6194, .T. ) ;
#1292 = DIRECTION ( 'NONE',  ( -0.7071067811865552333, -0.7071067811865398012, -2.019151824439035981E-16 ) ) ;
#1293 = DIRECTION ( 'NONE',  ( -7.009341333409660337E-16, 0.7071067811865430208, -0.7071067811865520136 ) ) ;
#1294 = CARTESIAN_POINT ( 'NONE',  ( 63.50000000000022027, 3.000000000000000000, -122.9712352769500399 ) ) ;
#1295 = VECTOR ( 'NONE', #1964, 1000.000000000000114 ) ;
#1296 = DIRECTION ( 'NONE',  ( 0.000000000000000000, -1.000000000000000000, 0.000000000000000000 ) ) ;
#1297 = ORIENTED_EDGE ( 'NONE', *, *, #8108, .T. ) ;
#1298 = EDGE_CURVE ( 'NONE', #5613, #9611, #11898, .T. ) ;
#1299 = VERTEX_POINT ( 'NONE', #8894 ) ;
#1300 = EDGE_CURVE ( 'NONE', #9740, #3821, #7798, .T. ) ;
#1301 = PLANE ( 'NONE',  #2469 ) ;
#1302 = AXIS2_PLACEMENT_3D ( 'NONE', #6411, #2845, #6947 ) ;
#1303 = ORIENTED_EDGE ( 'NONE', *, *, #10849, .T. ) ;
#1304 = DIRECTION ( 'NONE',  ( 0.5773502691896270633, 0.5773502691896150729, -0.5773502691896351680 ) ) ;
#1305 = AXIS2_PLACEMENT_3D ( 'NONE', #7980, #11809, #366 ) ;
#1306 = ORIENTED_EDGE ( 'NONE', *, *, #2761, .F. ) ;
#1307 = DIRECTION ( 'NONE',  ( 1.000000000000000000, 1.124357808503486235E-16, -0.000000000000000000 ) ) ;
#1308 = CARTESIAN_POINT ( 'NONE',  ( 40.77800701424824581, 85.27800701424931162, 49.78026426001935789 ) ) ;
#1309 = DIRECTION ( 'NONE',  ( -1.000000000000000000, 0.000000000000000000, 0.000000000000000000 ) ) ;
#1310 = DIRECTION ( 'NONE',  ( -1.275531967630004999E-16, 1.000000000000000000, 0.000000000000000000 ) ) ;
#1311 = ORIENTED_EDGE ( 'NONE', *, *, #3236, .T. ) ;
#1312 = ADVANCED_FACE ( 'NONE', ( #3525 ), #9948, .T. ) ;
#1313 = DIRECTION ( 'NONE',  ( 0.000000000000000000, 1.000000000000000000, 0.000000000000000000 ) ) ;
#1314 = VECTOR ( 'NONE', #6117, 999.9999999999998863 ) ;
#1315 = CARTESIAN_POINT ( 'NONE',  ( -0.4999999999999954481, 50.74999999999997868, -9.749999999999998224 ) ) ;
#1316 = ORIENTED_EDGE ( 'NONE', *, *, #12012, .F. ) ;
#1317 = PLANE ( 'NONE',  #7314 ) ;
#1318 = VECTOR ( 'NONE', #2452, 1000.000000000000000 ) ;
#1319 = DIRECTION ( 'NONE',  ( -1.000000000000000000, 0.000000000000000000, 0.000000000000000000 ) ) ;
#1320 = VECTOR ( 'NONE', #6524, 1000.000000000000000 ) ;
#1321 = DIRECTION ( 'NONE',  ( 8.195446571860579663E-34, -1.000000000000000000, -0.000000000000000000 ) ) ;
#1322 = CARTESIAN_POINT ( 'NONE',  ( 100.5000000000002274, 0.5000000000000056621, 8.500000000000000000 ) ) ;
#1323 = CIRCLE ( 'NONE', #9913, 1.500000000000029088 ) ;
#1324 = DIRECTION ( 'NONE',  ( -1.278217298088174232E-16, 1.000000000000000000, 0.000000000000000000 ) ) ;
#1325 = EDGE_CURVE ( 'NONE', #3789, #2391, #12104, .T. ) ;
#1326 = CIRCLE ( 'NONE', #9274, 2.000000000000015543 ) ;
#1327 = DIRECTION ( 'NONE',  ( -1.000000000000000000, -8.195446571860579663E-34, 1.427755947306016137E-16 ) ) ;
#1328 = AXIS2_PLACEMENT_3D ( 'NONE', #8407, #2955, #11276 ) ;
#1329 = CARTESIAN_POINT ( 'NONE',  ( 81.00000000000019895, 0.5000000000000195399, 8.500000000000014211 ) ) ;
#1330 = AXIS2_PLACEMENT_3D ( 'NONE', #11184, #4411, #8394 ) ;
#1331 = DIRECTION ( 'NONE',  ( 8.195446571860579663E-34, -1.000000000000000000, 0.000000000000000000 ) ) ;
#1332 = VERTEX_POINT ( 'NONE', #5079 ) ;
#1333 = DIRECTION ( 'NONE',  ( 0.000000000000000000, 0.000000000000000000, 1.000000000000000000 ) ) ;
#1334 = EDGE_CURVE ( 'NONE', #6478, #3577, #3561, .T. ) ;
#1335 = LINE ( 'NONE', #9142, #1420 ) ;
#1336 = VERTEX_POINT ( 'NONE', #10735 ) ;
#1337 = DIRECTION ( 'NONE',  ( 0.000000000000000000, 0.000000000000000000, 1.000000000000000000 ) ) ;
#1338 = CARTESIAN_POINT ( 'NONE',  ( 6.000000000000004441, 55.00000000000000711, -10.00000000000000000 ) ) ;
#1339 = CARTESIAN_POINT ( 'NONE',  ( 104.5000000000000142, 6.000000000000000000, 0.000000000000000000 ) ) ;
#1340 = LINE ( 'NONE', #9376, #1164 ) ;
#1341 = ADVANCED_FACE ( 'NONE', ( #7701 ), #11817, .F. ) ;
#1342 = ORIENTED_EDGE ( 'NONE', *, *, #7261, .F. ) ;
#1343 = VECTOR ( 'NONE', #5186, 1000.000000000000000 ) ;
#1344 = CARTESIAN_POINT ( 'NONE',  ( 3.000000000000004441, 21.70000000000002061, 5.750000000064023453 ) ) ;
#1345 = CARTESIAN_POINT ( 'NONE',  ( 59.50000000000014921, -4.671404545960516227E-32, 10.00000000000003020 ) ) ;
#1346 = CIRCLE ( 'NONE', #81, 1.500000000000015099 ) ;
#1347 = DIRECTION ( 'NONE',  ( 0.000000000000000000, -1.000000000000000000, 0.000000000000000000 ) ) ;
#1348 = FACE_OUTER_BOUND ( 'NONE', #2088, .T. ) ;
#1349 = EDGE_CURVE ( 'NONE', #1082, #10429, #7862, .T. ) ;
#1350 = FACE_BOUND ( 'NONE', #8044, .T. ) ;
#1351 = ORIENTED_EDGE ( 'NONE', *, *, #6931, .F. ) ;
#1352 = LINE ( 'NONE', #3943, #5581 ) ;
#1353 = PLANE ( 'NONE',  #6984 ) ;
#1354 = VECTOR ( 'NONE', #3711, 1000.000000000000114 ) ;
#1355 = EDGE_CURVE ( 'NONE', #8425, #4747, #11750, .T. ) ;
#1356 = CARTESIAN_POINT ( 'NONE',  ( 40.00000000000011369, -6.269516627473333068E-32, 58.59999999999996589 ) ) ;
#1357 = VECTOR ( 'NONE', #6990, 999.9999999999998863 ) ;
#1358 = DIRECTION ( 'NONE',  ( -0.000000000000000000, 1.000000000000000000, -0.000000000000000000 ) ) ;
#1359 = DIRECTION ( 'NONE',  ( 0.000000000000000000, 0.000000000000000000, 1.000000000000000000 ) ) ;
#1360 = EDGE_LOOP ( 'NONE', ( #5131, #8521, #12232, #987 ) ) ;
#1361 = AXIS2_PLACEMENT_3D ( 'NONE', #7041, #3351, #4335 ) ;
#1362 = DIRECTION ( 'NONE',  ( -2.855511894612032274E-16, 0.000000000000000000, -1.000000000000000000 ) ) ;
#1363 = FACE_OUTER_BOUND ( 'NONE', #3954, .T. ) ;
#1364 = VERTEX_POINT ( 'NONE', #3168 ) ;
#1365 = ORIENTED_EDGE ( 'NONE', *, *, #9263, .T. ) ;
#1366 = VECTOR ( 'NONE', #4725, 1000.000000000000000 ) ;
#1367 = ORIENTED_EDGE ( 'NONE', *, *, #6834, .T. ) ;
#1368 = LINE ( 'NONE', #8180, #9566 ) ;
#1369 = LINE ( 'NONE', #9428, #5338 ) ;
#1370 = DIRECTION ( 'NONE',  ( 8.195446571860579663E-34, -1.000000000000000000, -0.000000000000000000 ) ) ;
#1371 = PLANE ( 'NONE',  #3088 ) ;
#1372 = AXIS2_PLACEMENT_3D ( 'NONE', #1169, #2118, #6562 ) ;
#1373 = FACE_BOUND ( 'NONE', #12211, .T. ) ;
#1374 = DIRECTION ( 'NONE',  ( 1.000000000000000000, 0.000000000000000000, 0.000000000000000000 ) ) ;
#1375 = CARTESIAN_POINT ( 'NONE',  ( 2.000000000000008882, 59.49999999999999289, 54.94999999999998863 ) ) ;
#1376 = ADVANCED_FACE ( 'NONE', ( #7903 ), #4132, .F. ) ;
#1377 = CARTESIAN_POINT ( 'NONE',  ( 5.000000000000000888, 55.50000000000000000, 22.09999999999999432 ) ) ;
#1378 = FACE_OUTER_BOUND ( 'NONE', #12327, .T. ) ;
#1379 = DIRECTION ( 'NONE',  ( -8.195446571860579663E-34, 1.000000000000000000, -0.000000000000000000 ) ) ;
#1380 = EDGE_LOOP ( 'NONE', ( #393, #3516, #1701, #10313 ) ) ;
#1381 = ORIENTED_EDGE ( 'NONE', *, *, #8164, .F. ) ;
#1382 = DIRECTION ( 'NONE',  ( -1.000000000000000000, -1.147978770867005115E-16, 0.000000000000000000 ) ) ;
#1383 = EDGE_CURVE ( 'NONE', #10717, #4611, #3544, .T. ) ;
#1384 = DIRECTION ( 'NONE',  ( 1.278217298088174232E-16, -1.000000000000000000, 0.000000000000000000 ) ) ;
#1385 = EDGE_LOOP ( 'NONE', ( #11764, #8624, #8480, #4157 ) ) ;
#1386 = ORIENTED_EDGE ( 'NONE', *, *, #6806, .F. ) ;
#1387 = CARTESIAN_POINT ( 'NONE',  ( 55.00000000000017053, 0.4999999999999848455, 10.00000000000003020 ) ) ;
#1388 = DIRECTION ( 'NONE',  ( 0.000000000000000000, 0.000000000000000000, -1.000000000000000000 ) ) ;
#1389 = CARTESIAN_POINT ( 'NONE',  ( 29.00000000000012434, 3.000000000000000000, 58.59999999999996589 ) ) ;
#1390 = DIRECTION ( 'NONE',  ( 0.000000000000000000, 0.000000000000000000, -1.000000000000000000 ) ) ;
#1391 = CARTESIAN_POINT ( 'NONE',  ( 79.50000000000018474, 2.499999999999976907, 58.59999999999996589 ) ) ;
#1392 = ORIENTED_EDGE ( 'NONE', *, *, #11730, .F. ) ;
#1393 = VERTEX_POINT ( 'NONE', #6217 ) ;
#1394 = EDGE_CURVE ( 'NONE', #11016, #9407, #12006, .T. ) ;
#1395 = AXIS2_PLACEMENT_3D ( 'NONE', #3815, #11334, #8306 ) ;
#1396 = ORIENTED_EDGE ( 'NONE', *, *, #801, .F. ) ;
#1397 = VECTOR ( 'NONE', #4691, 1000.000000000000000 ) ;
#1398 = FACE_OUTER_BOUND ( 'NONE', #6190, .T. ) ;
#1399 = EDGE_CURVE ( 'NONE', #11482, #4532, #7819, .T. ) ;
#1400 = LINE ( 'NONE', #11062, #9536 ) ;
#1401 = LINE ( 'NONE', #12341, #5554 ) ;
#1402 = DIRECTION ( 'NONE',  ( 1.000000000000000000, 0.000000000000000000, -0.000000000000000000 ) ) ;
#1403 = ORIENTED_EDGE ( 'NONE', *, *, #11833, .T. ) ;
#1404 = AXIS2_PLACEMENT_3D ( 'NONE', #9488, #11430, #12264 ) ;
#1405 = FACE_OUTER_BOUND ( 'NONE', #5670, .T. ) ;
#1406 = DIRECTION ( 'NONE',  ( 0.000000000000000000, 0.000000000000000000, 1.000000000000000000 ) ) ;
#1407 = DIRECTION ( 'NONE',  ( -1.000000000000000000, -8.195446571860579663E-34, -7.138779736530080685E-17 ) ) ;
#1408 = CARTESIAN_POINT ( 'NONE',  ( 16.00000000000012079, 2.499999999999987566, 58.59999999999996589 ) ) ;
#1409 = ORIENTED_EDGE ( 'NONE', *, *, #2908, .T. ) ;
#1410 = ORIENTED_EDGE ( 'NONE', *, *, #8892, .T. ) ;
#1411 = CARTESIAN_POINT ( 'NONE',  ( 5.000000000000000888, 57.19999999999999574, 22.09999999999999432 ) ) ;
#1412 = CARTESIAN_POINT ( 'NONE',  ( 104.5000000000000142, 6.000000000000000000, 69.09999999999999432 ) ) ;
#1413 = EDGE_CURVE ( 'NONE', #9560, #12038, #3704, .T. ) ;
#1414 = DIRECTION ( 'NONE',  ( -1.224646799147352961E-16, 1.000000000000000000, 0.000000000000000000 ) ) ;
#1415 = CARTESIAN_POINT ( 'NONE',  ( 106.0000000000000284, 4.999999999999999112, -9.499999999999996447 ) ) ;
#1416 = CARTESIAN_POINT ( 'NONE',  ( 34.00000000000010658, 0.5000000000000125455, 58.59999999999996589 ) ) ;
#1417 = LINE ( 'NONE', #10615, #9447 ) ;
#1418 = DIRECTION ( 'NONE',  ( -0.7071067811865475727, 0.7071067811865475727, 0.000000000000000000 ) ) ;
#1419 = ORIENTED_EDGE ( 'NONE', *, *, #514, .F. ) ;
#1420 = VECTOR ( 'NONE', #3410, 1000.000000000000000 ) ;
#1421 = CARTESIAN_POINT ( 'NONE',  ( 94.00000000000019895, 3.000000000000000000, 58.59999999999996589 ) ) ;
#1422 = ORIENTED_EDGE ( 'NONE', *, *, #3786, .T. ) ;
#1423 = ORIENTED_EDGE ( 'NONE', *, *, #4063, .T. ) ;
#1424 = VECTOR ( 'NONE', #11569, 1000.000000000000000 ) ;
#1425 = EDGE_CURVE ( 'NONE', #6526, #11399, #3746, .T. ) ;
#1426 = FACE_OUTER_BOUND ( 'NONE', #7668, .T. ) ;
#1427 = CARTESIAN_POINT ( 'NONE',  ( 4.500000000000013323, 6.500000000001787015, 38.00000000006350120 ) ) ;
#1428 = ORIENTED_EDGE ( 'NONE', *, *, #2571, .T. ) ;
#1429 = ORIENTED_EDGE ( 'NONE', *, *, #10182, .F. ) ;
#1430 = DIRECTION ( 'NONE',  ( -0.000000000000000000, 1.000000000000000000, -0.000000000000000000 ) ) ;
#1431 = EDGE_CURVE ( 'NONE', #1924, #6526, #7918, .T. ) ;
#1432 = ORIENTED_EDGE ( 'NONE', *, *, #10623, .F. ) ;
#1433 = DIRECTION ( 'NONE',  ( -0.000000000000000000, 1.000000000000000000, -0.000000000000000000 ) ) ;
#1434 = CARTESIAN_POINT ( 'NONE',  ( 116.0000000000000000, 4.999999999999999112, 69.59999999999999432 ) ) ;
#1435 = EDGE_CURVE ( 'NONE', #267, #2200, #7756, .T. ) ;
#1436 = VERTEX_POINT ( 'NONE', #1644 ) ;
#1437 = AXIS2_PLACEMENT_3D ( 'NONE', #3402, #8222, #10901 ) ;
#1438 = DIRECTION ( 'NONE',  ( 0.7071067811865439090, -0.7071067811865512365, 0.000000000000000000 ) ) ;
#1439 = CARTESIAN_POINT ( 'NONE',  ( 4.000000000000000000, 59.99999999999997868, 55.44999999999999574 ) ) ;
#1440 = ORIENTED_EDGE ( 'NONE', *, *, #7568, .F. ) ;
#1441 = ADVANCED_FACE ( 'NONE', ( #8043 ), #4559, .F. ) ;
#1442 = CARTESIAN_POINT ( 'NONE',  ( -0.5000000000000264233, 20.00000000000002132, 5.750000000064023453 ) ) ;
#1443 = DIRECTION ( 'NONE',  ( 0.7071067811865474617, -0.7071067811865474617, 0.000000000000000000 ) ) ;
#1444 = DIRECTION ( 'NONE',  ( 0.000000000000000000, 0.000000000000000000, -1.000000000000000000 ) ) ;
#1445 = LINE ( 'NONE', #7601, #9651 ) ;
#1446 = LINE ( 'NONE', #9472, #9692 ) ;
#1447 = CARTESIAN_POINT ( 'NONE',  ( 1.999999999999896749, 55.50000000000000000, 22.09999999999999432 ) ) ;
#1448 = EDGE_LOOP ( 'NONE', ( #3579, #2957, #8148, #2974 ) ) ;
#1449 = CIRCLE ( 'NONE', #3202, 1.500000000000001332 ) ;
#1450 = ORIENTED_EDGE ( 'NONE', *, *, #3964, .T. ) ;
#1451 = CARTESIAN_POINT ( 'NONE',  ( 102.0000000000002416, 10.00000000000000000, 58.59999999999996589 ) ) ;
#1452 = VECTOR ( 'NONE', #545, 1000.000000000000000 ) ;
#1453 = EDGE_CURVE ( 'NONE', #7351, #12114, #12047, .T. ) ;
#1454 = DIRECTION ( 'NONE',  ( 1.000000000000000000, 8.195446571860579663E-34, -0.000000000000000000 ) ) ;
#1455 = CARTESIAN_POINT ( 'NONE',  ( 5.500000000000000000, 54.50000000000000711, 0.000000000000000000 ) ) ;
#1456 = DIRECTION ( 'NONE',  ( 0.5773502691896165162, 0.5773502691896283956, -0.5773502691896323924 ) ) ;
#1457 = LINE ( 'NONE', #5945, #10101 ) ;
#1458 = CARTESIAN_POINT ( 'NONE',  ( 4.000000000000000000, 52.49999999999998579, 54.94999999999998863 ) ) ;
#1459 = CARTESIAN_POINT ( 'NONE',  ( 3.000000000000005329, 17.15000000000002345, 38.50000000006347989 ) ) ;
#1460 = ORIENTED_EDGE ( 'NONE', *, *, #2850, .F. ) ;
#1461 = ORIENTED_EDGE ( 'NONE', *, *, #9684, .F. ) ;
#1462 = AXIS2_PLACEMENT_3D ( 'NONE', #11768, #6810, #11596 ) ;
#1463 = LINE ( 'NONE', #2265, #9704 ) ;
#1464 = CARTESIAN_POINT ( 'NONE',  ( 116.0000000000000000, 4.000000000000010658, 69.59999999999999432 ) ) ;
#1465 = VECTOR ( 'NONE', #4086, 1000.000000000000000 ) ;
#1466 = LINE ( 'NONE', #12001, #9983 ) ;
#1467 = LINE ( 'NONE', #8301, #5402 ) ;
#1468 = ADVANCED_FACE ( 'NONE', ( #3793 ), #11338, .F. ) ;
#1469 = CIRCLE ( 'NONE', #6598, 1.700000000000000178 ) ;
#1470 = DIRECTION ( 'NONE',  ( 0.000000000000000000, -1.000000000000000000, 0.000000000000000000 ) ) ;
#1471 = ORIENTED_EDGE ( 'NONE', *, *, #9455, .F. ) ;
#1472 = LINE ( 'NONE', #8711, #5701 ) ;
#1473 = DIRECTION ( 'NONE',  ( 0.000000000000000000, 0.000000000000000000, -1.000000000000000000 ) ) ;
#1474 = FACE_OUTER_BOUND ( 'NONE', #6858, .T. ) ;
#1475 = EDGE_LOOP ( 'NONE', ( #10648, #6877, #2086, #2736 ) ) ;
#1476 = DIRECTION ( 'NONE',  ( -0.000000000000000000, 1.000000000000000000, -0.000000000000000000 ) ) ;
#1477 = CARTESIAN_POINT ( 'NONE',  ( 83.00000000000021316, -2.745474601573275995E-32, 10.00000000000003020 ) ) ;
#1478 = LINE ( 'NONE', #6246, #5496 ) ;
#1479 = CARTESIAN_POINT ( 'NONE',  ( 63.50000000000020606, 3.000000000000000000, 10.00000000000003020 ) ) ;
#1480 = EDGE_CURVE ( 'NONE', #3146, #46, #3601, .T. ) ;
#1481 = DIRECTION ( 'NONE',  ( -8.195446571860579663E-34, 1.000000000000000000, -0.000000000000000000 ) ) ;
#1482 = ORIENTED_EDGE ( 'NONE', *, *, #3461, .T. ) ;
#1483 = DIRECTION ( 'NONE',  ( -1.000000000000000000, 1.355252715606880851E-17, -0.000000000000000000 ) ) ;
#1484 = DIRECTION ( 'NONE',  ( -8.195446571860579663E-34, 1.000000000000000000, -0.000000000000000000 ) ) ;
#1485 = EDGE_CURVE ( 'NONE', #5881, #12271, #3817, .T. ) ;
#1486 = DIRECTION ( 'NONE',  ( 8.195446571860579663E-34, -1.000000000000000000, -0.000000000000000000 ) ) ;
#1487 = AXIS2_PLACEMENT_3D ( 'NONE', #10009, #1764, #746 ) ;
#1488 = ORIENTED_EDGE ( 'NONE', *, *, #8308, .T. ) ;
#1489 = FACE_BOUND ( 'NONE', #6577, .T. ) ;
#1490 = VECTOR ( 'NONE', #4765, 1000.000000000000000 ) ;
#1491 = ORIENTED_EDGE ( 'NONE', *, *, #11290, .F. ) ;
#1492 = VECTOR ( 'NONE', #10354, 1000.000000000000000 ) ;
#1493 = DIRECTION ( 'NONE',  ( 0.000000000000000000, 0.000000000000000000, -1.000000000000000000 ) ) ;
#1494 = ADVANCED_FACE ( 'NONE', ( #3898 ), #7372, .F. ) ;
#1495 = LINE ( 'NONE', #9851, #5645 ) ;
#1496 = DIRECTION ( 'NONE',  ( -1.000000000000000000, -1.141265444721583018E-16, -0.000000000000000000 ) ) ;
#1497 = VERTEX_POINT ( 'NONE', #11177 ) ;
#1498 = ORIENTED_EDGE ( 'NONE', *, *, #2821, .F. ) ;
#1499 = DIRECTION ( 'NONE',  ( -1.427755947306016137E-16, 0.000000000000000000, -1.000000000000000000 ) ) ;
#1500 = CARTESIAN_POINT ( 'NONE',  ( 5.000000000000002665, 34.99999999999994316, 42.09999999999994458 ) ) ;
#1501 = DIRECTION ( 'NONE',  ( 0.7071067811865439090, -0.7071067811865512365, 0.000000000000000000 ) ) ;
#1502 = DIRECTION ( 'NONE',  ( -5.900520662951093563E-32, 5.139921410301651782E-16, 1.000000000000000000 ) ) ;
#1503 = DIRECTION ( 'NONE',  ( -5.782411586589377360E-16, 1.000000000000000000, 0.000000000000000000 ) ) ;
#1504 = VECTOR ( 'NONE', #10424, 1000.000000000000000 ) ;
#1505 = CARTESIAN_POINT ( 'NONE',  ( 106.0000000000000284, 13.00000000000000178, -10.00000000000000000 ) ) ;
#1506 = DIRECTION ( 'NONE',  ( 0.000000000000000000, 1.000000000000000000, 0.000000000000000000 ) ) ;
#1507 = ORIENTED_EDGE ( 'NONE', *, *, #4485, .F. ) ;
#1508 = CARTESIAN_POINT ( 'NONE',  ( 5.499999999999987566, 58.99999999999998579, -10.00000000000000000 ) ) ;
#1509 = CARTESIAN_POINT ( 'NONE',  ( 5.000000000000007105, 3.000000000000000000, 5.000000000000031974 ) ) ;
#1510 = CARTESIAN_POINT ( 'NONE',  ( 87.50000000000018474, 3.000000000000000000, 58.59999999999996589 ) ) ;
#1511 = AXIS2_PLACEMENT_3D ( 'NONE', #10164, #11140, #12099 ) ;
#1512 = DIRECTION ( 'NONE',  ( -0.000000000000000000, 0.000000000000000000, 1.000000000000000000 ) ) ;
#1513 = DIRECTION ( 'NONE',  ( 0.000000000000000000, 0.000000000000000000, 1.000000000000000000 ) ) ;
#1514 = DIRECTION ( 'NONE',  ( 0.000000000000000000, -1.000000000000000000, 0.000000000000000000 ) ) ;
#1515 = FACE_OUTER_BOUND ( 'NONE', #387, .T. ) ;
#1516 = DIRECTION ( 'NONE',  ( -8.195446571860579663E-34, 1.000000000000000000, -0.000000000000000000 ) ) ;
#1517 = ORIENTED_EDGE ( 'NONE', *, *, #927, .T. ) ;
#1518 = ORIENTED_EDGE ( 'NONE', *, *, #8718, .F. ) ;
#1519 = LINE ( 'NONE', #10786, #1295 ) ;
#1520 = CARTESIAN_POINT ( 'NONE',  ( 16.00000000000012434, 0.4999999999999813483, 8.499999999999934275 ) ) ;
#1521 = ORIENTED_EDGE ( 'NONE', *, *, #10813, .T. ) ;
#1522 = VECTOR ( 'NONE', #6454, 1000.000000000000000 ) ;
#1523 = LINE ( 'NONE', #3438, #5462 ) ;
#1524 = PLANE ( 'NONE',  #1798 ) ;
#1525 = EDGE_CURVE ( 'NONE', #12246, #885, #3836, .T. ) ;
#1526 = EDGE_LOOP ( 'NONE', ( #1471, #5551, #11022, #4654 ) ) ;
#1527 = DIRECTION ( 'NONE',  ( 1.000000000000000000, 0.000000000000000000, 0.000000000000000000 ) ) ;
#1528 = VECTOR ( 'NONE', #6373, 1000.000000000000000 ) ;
#1529 = AXIS2_PLACEMENT_3D ( 'NONE', #2854, #3497, #9866 ) ;
#1530 = CARTESIAN_POINT ( 'NONE',  ( 20.19761214190489795, -11.19761214190310916, 42.50216384611336906 ) ) ;
#1531 = CARTESIAN_POINT ( 'NONE',  ( 5.500000000000009770, 4.999999999999999112, -9.499999999999996447 ) ) ;
#1532 = DIRECTION ( 'NONE',  ( 1.000000000000000000, 1.147978770867005115E-16, -0.000000000000000000 ) ) ;
#1533 = LINE ( 'NONE', #10809, #5473 ) ;
#1534 = DIRECTION ( 'NONE',  ( 1.124357808503486235E-16, -1.000000000000000000, -0.000000000000000000 ) ) ;
#1535 = LINE ( 'NONE', #3586, #10404 ) ;
#1536 = VECTOR ( 'NONE', #11161, 1000.000000000000000 ) ;
#1537 = ADVANCED_FACE ( 'NONE', ( #12193 ), #3944, .F. ) ;
#1538 = AXIS2_PLACEMENT_3D ( 'NONE', #2126, #7774, #2868 ) ;
#1539 = ORIENTED_EDGE ( 'NONE', *, *, #11356, .F. ) ;
#1540 = FACE_BOUND ( 'NONE', #3630, .T. ) ;
#1541 = CIRCLE ( 'NONE', #11269, 1.500000000000015099 ) ;
#1542 = CIRCLE ( 'NONE', #7788, 2.000000000000026201 ) ;
#1543 = CYLINDRICAL_SURFACE ( 'NONE', #4288, 1.500000000000015099 ) ;
#1544 = CARTESIAN_POINT ( 'NONE',  ( 107.5000000000000284, 5.999999999999991118, 63.59999999999995879 ) ) ;
#1545 = ORIENTED_EDGE ( 'NONE', *, *, #650, .T. ) ;
#1546 = ORIENTED_EDGE ( 'NONE', *, *, #2794, .T. ) ;
#1547 = EDGE_CURVE ( 'NONE', #3789, #7897, #12230, .T. ) ;
#1548 = FACE_OUTER_BOUND ( 'NONE', #447, .T. ) ;
#1549 = DIRECTION ( 'NONE',  ( 1.000000000000000000, -1.245442495573092286E-16, 0.000000000000000000 ) ) ;
#1551 = CARTESIAN_POINT ( 'NONE',  ( 20.50000000000010658, -7.867628708986146076E-32, 10.00000000000003020 ) ) ;
#1550 = DIRECTION ( 'NONE',  ( 0.000000000000000000, 0.000000000000000000, -1.000000000000000000 ) ) ;
#1552 = EDGE_CURVE ( 'NONE', #2573, #8683, #8104, .T. ) ;
#1553 = CARTESIAN_POINT ( 'NONE',  ( 92.00000000000018474, -2.007884410105826237E-32, 58.59999999999996589 ) ) ;
#1554 = LINE ( 'NONE', #1048, #5584 ) ;
#1555 = ORIENTED_EDGE ( 'NONE', *, *, #2442, .T. ) ;
#1556 = VERTEX_POINT ( 'NONE', #991 ) ;
#1557 = VERTEX_POINT ( 'NONE', #6853 ) ;
#1558 = EDGE_CURVE ( 'NONE', #5911, #703, #12197, .T. ) ;
#1559 = PLANE ( 'NONE',  #7495 ) ;
#1560 = CARTESIAN_POINT ( 'NONE',  ( 7.000000000000006217, 6.000000000000012434, 69.09999999999999432 ) ) ;
#1561 = DIRECTION ( 'NONE',  ( -1.000000000000000000, 0.000000000000000000, -0.000000000000000000 ) ) ;
#1562 = LINE ( 'NONE', #9843, #5728 ) ;
#1563 = DIRECTION ( 'NONE',  ( -0.7071067811865573427, 0.000000000000000000, -0.7071067811865376918 ) ) ;
#1564 = VERTEX_POINT ( 'NONE', #9525 ) ;
#1565 = ORIENTED_EDGE ( 'NONE', *, *, #10686, .T. ) ;
#1566 = LINE ( 'NONE', #11225, #9816 ) ;
#1567 = FACE_BOUND ( 'NONE', #149, .T. ) ;
#1568 = CARTESIAN_POINT ( 'NONE',  ( 21.00000000000012079, 2.499999999999976907, 10.00000000000003020 ) ) ;
#1569 = AXIS2_PLACEMENT_3D ( 'NONE', #3125, #4270, #11933 ) ;
#1570 = LINE ( 'NONE', #6455, #10497 ) ;
#1571 = DIRECTION ( 'NONE',  ( 0.000000000000000000, -0.7071067811865410224, 0.7071067811865540120 ) ) ;
#1572 = ADVANCED_FACE ( 'NONE', ( #11755 ), #7664, .F. ) ;
#1573 = VECTOR ( 'NONE', #1934, 1000.000000000000000 ) ;
#1574 = ORIENTED_EDGE ( 'NONE', *, *, #4033, .T. ) ;
#1575 = VECTOR ( 'NONE', #8553, 1000.000000000000000 ) ;
#1576 = CARTESIAN_POINT ( 'NONE',  ( 22.50000000000013500, 2.499999999999976907, 10.00000000000003020 ) ) ;
#1577 = CIRCLE ( 'NONE', #6181, 1.700000000000000178 ) ;
#1578 = ORIENTED_EDGE ( 'NONE', *, *, #12245, .F. ) ;
#1579 = CARTESIAN_POINT ( 'NONE',  ( 83.00000000000022737, 3.000000000000000000, 10.00000000000003020 ) ) ;
#1580 = ORIENTED_EDGE ( 'NONE', *, *, #2432, .T. ) ;
#1581 = LINE ( 'NONE', #8571, #1601 ) ;
#1582 = DIRECTION ( 'NONE',  ( 7.138779736530080685E-17, 5.850548791901321936E-50, -1.000000000000000000 ) ) ;
#1583 = ORIENTED_EDGE ( 'NONE', *, *, #3442, .T. ) ;
#1584 = VECTOR ( 'NONE', #4613, 1000.000000000000000 ) ;
#1585 = DIRECTION ( 'NONE',  ( 0.7071067811865439090, 0.7071067811865512365, 0.000000000000000000 ) ) ;
#1586 = EDGE_CURVE ( 'NONE', #11238, #4532, #7763, .T. ) ;
#1587 = DIRECTION ( 'NONE',  ( -0.000000000000000000, 1.000000000000000000, -0.000000000000000000 ) ) ;
#1588 = ORIENTED_EDGE ( 'NONE', *, *, #1150, .F. ) ;
#1589 = LINE ( 'NONE', #60, #1573 ) ;
#1590 = EDGE_CURVE ( 'NONE', #12224, #2750, #7708, .T. ) ;
#1591 = ORIENTED_EDGE ( 'NONE', *, *, #11520, .F. ) ;
#1592 = AXIS2_PLACEMENT_3D ( 'NONE', #8280, #8115, #10702 ) ;
#1593 = DIRECTION ( 'NONE',  ( 0.7071067811865439090, 0.7071067811865512365, 0.000000000000000000 ) ) ;
#1594 = LINE ( 'NONE', #10448, #5830 ) ;
#1595 = LINE ( 'NONE', #4776, #9848 ) ;
#1596 = ADVANCED_FACE ( 'NONE', ( #7778 ), #3667, .F. ) ;
#1597 = CARTESIAN_POINT ( 'NONE',  ( 5.000000000000002665, 34.99999999999994316, 64.59999999999993747 ) ) ;
#1598 = CARTESIAN_POINT ( 'NONE',  ( -0.4999999999999831246, 20.00000000000172662, 41.75000000006208012 ) ) ;
#1599 = CIRCLE ( 'NONE', #10942, 1.500000000000008216 ) ;
#1600 = CYLINDRICAL_SURFACE ( 'NONE', #8656, 1.500000000000029088 ) ;
#1601 = VECTOR ( 'NONE', #6532, 1000.000000000000000 ) ;
#1602 = ORIENTED_EDGE ( 'NONE', *, *, #6287, .T. ) ;
#1603 = DIRECTION ( 'NONE',  ( -0.000000000000000000, 1.000000000000000000, -0.000000000000000000 ) ) ;
#1604 = ORIENTED_EDGE ( 'NONE', *, *, #11231, .T. ) ;
#1605 = FACE_OUTER_BOUND ( 'NONE', #8290, .T. ) ;
#1606 = PERSON ( 'UNSPECIFIED', 'UNSPECIFIED', 'UNSPECIFIED', ('UNSPECIFIED'), ('UNSPECIFIED'), ('UNSPECIFIED') ) ;
#1607 = ORIENTED_EDGE ( 'NONE', *, *, #12372, .F. ) ;
#1608 = CIRCLE ( 'NONE', #993, 2.000000000000015543 ) ;
#1609 = VECTOR ( 'NONE', #2960, 1000.000000000000000 ) ;
#1610 = EDGE_CURVE ( 'NONE', #7218, #14, #3621, .T. ) ;
#1611 = VERTEX_POINT ( 'NONE', #290 ) ;
#1612 = VECTOR ( 'NONE', #4090, 999.9999999999998863 ) ;
#1613 = CARTESIAN_POINT ( 'NONE',  ( 5.000000000000000888, 55.49999999999999289, 52.09999999999999432 ) ) ;
#1614 = EDGE_CURVE ( 'NONE', #11775, #4558, #7889, .T. ) ;
#1615 = DIRECTION ( 'NONE',  ( 2.855511894612032274E-16, 0.000000000000000000, -1.000000000000000000 ) ) ;
#1616 = CONICAL_SURFACE ( 'NONE', #9898, 1.700000000000000178, 0.7853981633974537191 ) ;
#1617 = AXIS2_PLACEMENT_3D ( 'NONE', #1509, #9004, #9976 ) ;
#1618 = DIRECTION ( 'NONE',  ( -0.6785983445458445562, 0.6785983445458445562, -0.2810846377148323305 ) ) ;
#1619 = CIRCLE ( 'NONE', #3612, 1.699999999999993072 ) ;
#1620 = APPROVAL ( #3460, 'UNSPECIFIED' ) ;
#1621 = ORIENTED_EDGE ( 'NONE', *, *, #5388, .T. ) ;
#1622 = DIRECTION ( 'NONE',  ( -0.000000000000000000, 1.000000000000000000, -0.000000000000000000 ) ) ;
#1623 = CARTESIAN_POINT ( 'NONE',  ( -0.5000000000000247580, 20.00000000000002132, 4.050000000064023276 ) ) ;
#1624 = ORIENTED_EDGE ( 'NONE', *, *, #8046, .F. ) ;
#1625 = EDGE_LOOP ( 'NONE', ( #1985, #11599 ) ) ;
#1626 = LINE ( 'NONE', #8744, #1962 ) ;
#1627 = FACE_OUTER_BOUND ( 'NONE', #10790, .T. ) ;
#1628 = CONICAL_SURFACE ( 'NONE', #11966, 1.500000000000015099, 0.7853981633974431720 ) ;
#1629 = CARTESIAN_POINT ( 'NONE',  ( 1.000000000000005329, 33.50000000000178346, 65.87397274142526271 ) ) ;
#1630 = EDGE_CURVE ( 'NONE', #4979, #8084, #7845, .T. ) ;
#1631 = CIRCLE ( 'NONE', #11695, 1.500000000000008216 ) ;
#1632 = DIRECTION ( 'NONE',  ( 0.7071067811865439090, -0.7071067811865512365, 0.000000000000000000 ) ) ;
#1633 = DIRECTION ( 'NONE',  ( 0.000000000000000000, 0.000000000000000000, -1.000000000000000000 ) ) ;
#1634 = EDGE_CURVE ( 'NONE', #7633, #6872, #11967, .T. ) ;
#1635 = AXIS2_PLACEMENT_3D ( 'NONE', #10398, #8737, #9580 ) ;
#1636 = LINE ( 'NONE', #8149, #1721 ) ;
#1637 = DIRECTION ( 'NONE',  ( 0.7071067811865439090, 0.7071067811865512365, 0.000000000000000000 ) ) ;
#1638 = DIRECTION ( 'NONE',  ( 0.000000000000000000, 0.000000000000000000, 1.000000000000000000 ) ) ;
#1639 = ORIENTED_EDGE ( 'NONE', *, *, #8971, .T. ) ;
#1640 = AXIS2_PLACEMENT_3D ( 'NONE', #3677, #974, #4801 ) ;
#1641 = CARTESIAN_POINT ( 'NONE',  ( 105.0000000000000284, 12.49999999999999467, 69.59999999999999432 ) ) ;
#1642 = LINE ( 'NONE', #4686, #6009 ) ;
#1643 = ADVANCED_FACE ( 'NONE', ( #3729 ), #5162, .F. ) ;
#1644 = CARTESIAN_POINT ( 'NONE',  ( 100.5000000000002274, 3.000000000000000000, 60.59999999999998010 ) ) ;
#1645 = ORIENTED_EDGE ( 'NONE', *, *, #7867, .F. ) ;
#1646 = ORIENTED_EDGE ( 'NONE', *, *, #11465, .T. ) ;
#1647 = LINE ( 'NONE', #4131, #9709 ) ;
#1648 = LINE ( 'NONE', #4182, #9987 ) ;
#1649 = VERTEX_POINT ( 'NONE', #7203 ) ;
#1650 = CARTESIAN_POINT ( 'NONE',  ( 43.50000000000015632, 2.499999999999984013, 10.00000000000003020 ) ) ;
#1651 = VERTEX_POINT ( 'NONE', #8071 ) ;
#1652 = ORIENTED_EDGE ( 'NONE', *, *, #4711, .T. ) ;
#1653 = CARTESIAN_POINT ( 'NONE',  ( 1.000000000000005995, 20.00000000000002132, 5.750000000064023453 ) ) ;
#1654 = CARTESIAN_POINT ( 'NONE',  ( 29.00000000000012434, 3.000000000000000000, 58.59999999999996589 ) ) ;
#1655 = CARTESIAN_POINT ( 'NONE',  ( -0.4999999999999987232, 48.99999999999997868, 44.59999999999998721 ) ) ;
#1656 = AXIS2_PLACEMENT_3D ( 'NONE', #6136, #8076, #5168 ) ;
#1657 = DIRECTION ( 'NONE',  ( -1.431073855571142490E-15, -0.7071067811865449082, -0.7071067811865502373 ) ) ;
#1658 = DIRECTION ( 'NONE',  ( 0.000000000000000000, 0.000000000000000000, -1.000000000000000000 ) ) ;
#1659 = VERTEX_POINT ( 'NONE', #1568 ) ;
#1660 = VERTEX_POINT ( 'NONE', #2553 ) ;
#1661 = VECTOR ( 'NONE', #5920, 1000.000000000000000 ) ;
#1662 = DIRECTION ( 'NONE',  ( 8.195446571860579663E-34, -1.000000000000000000, -0.000000000000000000 ) ) ;
#1663 = CIRCLE ( 'NONE', #12032, 0.5000000000000022204 ) ;
#1664 = VECTOR ( 'NONE', #9642, 1000.000000000000000 ) ;
#1665 = EDGE_CURVE ( 'NONE', #12253, #8107, #3691, .T. ) ;
#1666 = ADVANCED_FACE ( 'NONE', ( #3749 ), #4321, .T. ) ;
#1667 = DIRECTION ( 'NONE',  ( 1.913347872951644688E-14, -0.7071067811865502373, 0.7071067811865449082 ) ) ;
#1668 = CARTESIAN_POINT ( 'NONE',  ( 9.000000000000007105, 6.500000000001787903, 38.00000000006350120 ) ) ;
#1669 = ORIENTED_EDGE ( 'NONE', *, *, #11577, .T. ) ;
#1670 = CARTESIAN_POINT ( 'NONE',  ( 9.000000000000007105, 4.500000000001787903, 11.50000000006349232 ) ) ;
#1671 = CONICAL_SURFACE ( 'NONE', #501, 2.000000000000029310, 0.7853981633974396193 ) ;
#1672 = EDGE_CURVE ( 'NONE', #8979, #5146, #7937, .T. ) ;
#1673 = VECTOR ( 'NONE', #9763, 1000.000000000000000 ) ;
#1674 = DIRECTION ( 'NONE',  ( 0.000000000000000000, 0.000000000000000000, 1.000000000000000000 ) ) ;
#1675 = EDGE_CURVE ( 'NONE', #5893, #9534, #3800, .T. ) ;
#1676 = EDGE_LOOP ( 'NONE', ( #7576, #3254, #3915, #3248 ) ) ;
#1677 = DIRECTION ( 'NONE',  ( -1.000000000000000000, -1.147978770867005115E-16, -0.000000000000000000 ) ) ;
#1678 = ADVANCED_FACE ( 'NONE', ( #3822 ), #12139, .F. ) ;
#1679 = ORIENTED_EDGE ( 'NONE', *, *, #3149, .F. ) ;
#1680 = VECTOR ( 'NONE', #10383, 1000.000000000000000 ) ;
#1681 = AXIS2_PLACEMENT_3D ( 'NONE', #4834, #1307, #999 ) ;
#1682 = CARTESIAN_POINT ( 'NONE',  ( 1.000000000000006217, 18.30000000000002203, 5.750000000064023453 ) ) ;
#1683 = LINE ( 'NONE', #3809, #1812 ) ;
#1684 = ORIENTED_EDGE ( 'NONE', *, *, #9099, .F. ) ;
#1685 = ORIENTED_EDGE ( 'NONE', *, *, #3580, .T. ) ;
#1686 = CIRCLE ( 'NONE', #5863, 2.000000000000008882 ) ;
#1687 = ADVANCED_FACE ( 'NONE', ( #12111 ), #9473, .F. ) ;
#1688 = LINE ( 'NONE', #410, #5852 ) ;
#1689 = AXIS2_PLACEMENT_3D ( 'NONE', #10700, #2135, #6639 ) ;
#1690 = DIRECTION ( 'NONE',  ( -0.000000000000000000, -0.7071067811865555663, -0.7071067811865395791 ) ) ;
#1691 = EDGE_CURVE ( 'NONE', #7165, #3163, #3843, .T. ) ;
#1692 = EDGE_CURVE ( 'NONE', #8646, #1088, #8048, .T. ) ;
#1693 = LINE ( 'NONE', #1102, #5808 ) ;
#1694 = EDGE_LOOP ( 'NONE', ( #8906, #5042, #9391, #2679, #10263, #3025 ) ) ;
#1695 = FACE_OUTER_BOUND ( 'NONE', #12346, .T. ) ;
#1696 = EDGE_CURVE ( 'NONE', #10429, #1730, #8329, .T. ) ;
#1697 = CARTESIAN_POINT ( 'NONE',  ( 9.000000000000003553, 35.50000000000179057, 11.50000000006348877 ) ) ;
#1698 = VECTOR ( 'NONE', #520, 1000.000000000000000 ) ;
#1699 = EDGE_CURVE ( 'NONE', #2154, #2714, #8361, .T. ) ;
#1700 = CARTESIAN_POINT ( 'NONE',  ( -0.9999999999999933387, 2.000000000000029310, -9.499999999999992895 ) ) ;
#1701 = ORIENTED_EDGE ( 'NONE', *, *, #4467, .T. ) ;
#1702 = DIRECTION ( 'NONE',  ( 1.000000000000000000, 1.147978770867005115E-16, -0.000000000000000000 ) ) ;
#1703 = DIRECTION ( 'NONE',  ( 1.124357808503486235E-16, -1.000000000000000000, 0.000000000000000000 ) ) ;
#1704 = CARTESIAN_POINT ( 'NONE',  ( 35.50000000000012790, 3.000000000000000000, 58.59999999999996589 ) ) ;
#1705 = AXIS2_PLACEMENT_3D ( 'NONE', #9881, #10146, #9002 ) ;
#1706 = CARTESIAN_POINT ( 'NONE',  ( 1.999999999999896749, 52.49999999999998579, 19.24999999999999645 ) ) ;
#1707 = CONICAL_SURFACE ( 'NONE', #4365, 1.500000000000008216, 0.7853981633974431720 ) ;
#1708 = CIRCLE ( 'NONE', #6222, 2.000000000000043521 ) ;
#1709 = VERTEX_POINT ( 'NONE', #10682 ) ;
#1710 = LINE ( 'NONE', #352, #10167 ) ;
#1711 = EDGE_LOOP ( 'NONE', ( #5676, #10514, #5694, #2061 ) ) ;
#1712 = DIRECTION ( 'NONE',  ( -1.000000000000000000, -8.195446571860579663E-34, 7.138779736530080685E-17 ) ) ;
#1713 = ORIENTED_EDGE ( 'NONE', *, *, #12293, .T. ) ;
#1714 = FACE_OUTER_BOUND ( 'NONE', #2503, .T. ) ;
#1715 = CARTESIAN_POINT ( 'NONE',  ( 105.5000000000000284, 4.499999999999999112, -9.499999999999996447 ) ) ;
#1716 = VERTEX_POINT ( 'NONE', #7048 ) ;
#1717 = VECTOR ( 'NONE', #11213, 999.9999999999998863 ) ;
#1718 = ORIENTED_EDGE ( 'NONE', *, *, #3342, .T. ) ;
#1719 = EDGE_CURVE ( 'NONE', #8221, #12122, #70, .T. ) ;
#1720 = CARTESIAN_POINT ( 'NONE',  ( 55.00000000000015632, 0.4999999999999848455, 58.59999999999996589 ) ) ;
#1721 = VECTOR ( 'NONE', #11637, 1000.000000000000000 ) ;
#1722 = AXIS2_PLACEMENT_3D ( 'NONE', #4002, #9025, #9999 ) ;
#1723 = ADVANCED_FACE ( 'NONE', ( #4213 ), #4074, .F. ) ;
#1724 = CARTESIAN_POINT ( 'NONE',  ( 76.50000000000022737, -3.278178628744213665E-32, 10.00000000000003020 ) ) ;
#1725 = CARTESIAN_POINT ( 'NONE',  ( 6.499999999999985789, 54.00000000000000711, 69.59999999999999432 ) ) ;
#1726 = ORIENTED_EDGE ( 'NONE', *, *, #12326, .T. ) ;
#1727 = ORIENTED_EDGE ( 'NONE', *, *, #514, .T. ) ;
#1728 = FACE_OUTER_BOUND ( 'NONE', #5961, .T. ) ;
#1729 = CC_DESIGN_PERSON_AND_ORGANIZATION_ASSIGNMENT ( #11148, #2239, ( #6106 ) ) ;
#1730 = VERTEX_POINT ( 'NONE', #5099 ) ;
#1731 = CARTESIAN_POINT ( 'NONE',  ( -0.4999999999999918954, 50.99999999999997868, -10.00000000000000000 ) ) ;
#1732 = ORIENTED_EDGE ( 'NONE', *, *, #2940, .T. ) ;
#1733 = CARTESIAN_POINT ( 'NONE',  ( 11.79289321881344677, 58.99999999999999289, 69.59999999999999432 ) ) ;
#1734 = VECTOR ( 'NONE', #11879, 999.9999999999998863 ) ;
#1735 = ORIENTED_EDGE ( 'NONE', *, *, #4314, .T. ) ;
#1736 = DIRECTION ( 'NONE',  ( 1.000000000000000000, 0.000000000000000000, 0.000000000000000000 ) ) ;
#1737 = DIRECTION ( 'NONE',  ( 0.7071067811865523467, -0.7071067811865426878, 2.072871409463784263E-14 ) ) ;
#1738 = DIRECTION ( 'NONE',  ( 1.000000000000000000, 8.195446571860577953E-34, 0.000000000000000000 ) ) ;
#1739 = LINE ( 'NONE', #8904, #1759 ) ;
#1740 = ORIENTED_EDGE ( 'NONE', *, *, #752, .F. ) ;
#1741 = EDGE_CURVE ( 'NONE', #3568, #8245, #4259, .T. ) ;
#1742 = EDGE_LOOP ( 'NONE', ( #2790, #3910, #9189, #6873 ) ) ;
#1743 = PLANE ( 'NONE',  #4587 ) ;
#1744 = ORIENTED_EDGE ( 'NONE', *, *, #9699, .F. ) ;
#1745 = DIRECTION ( 'NONE',  ( 0.000000000000000000, -1.000000000000000000, 0.000000000000000000 ) ) ;
#1746 = EDGE_CURVE ( 'NONE', #10688, #8568, #111, .T. ) ;
#1747 = DIRECTION ( 'NONE',  ( 0.000000000000000000, 0.7071067811865444641, -0.7071067811865505703 ) ) ;
#1748 = AXIS2_PLACEMENT_3D ( 'NONE', #8388, #4564, #6299 ) ;
#1749 = ORIENTED_EDGE ( 'NONE', *, *, #2300, .T. ) ;
#1750 = VERTEX_POINT ( 'NONE', #7138 ) ;
#1751 = ORIENTED_EDGE ( 'NONE', *, *, #11810, .F. ) ;
#1752 = DIRECTION ( 'NONE',  ( -1.000000000000000000, 1.355252715606880851E-17, -0.000000000000000000 ) ) ;
#1753 = EDGE_LOOP ( 'NONE', ( #7954, #3471, #2678, #7904 ) ) ;
#1754 = LINE ( 'NONE', #8946, #5844 ) ;
#1755 = ADVANCED_FACE ( 'NONE', ( #177 ), #4255, .F. ) ;
#1756 = ORIENTED_EDGE ( 'NONE', *, *, #11911, .F. ) ;
#1757 = AXIS2_PLACEMENT_3D ( 'NONE', #5974, #10679, #230 ) ;
#1758 = DIRECTION ( 'NONE',  ( -1.000000000000000000, -8.195446571860579663E-34, 0.000000000000000000 ) ) ;
#1759 = VECTOR ( 'NONE', #8070, 1000.000000000000000 ) ;
#1760 = EDGE_LOOP ( 'NONE', ( #1162, #11698, #5871 ) ) ;
#1761 = LINE ( 'NONE', #2817, #10082 ) ;
#1762 = EDGE_CURVE ( 'NONE', #3132, #8886, #203, .T. ) ;
#1763 = CARTESIAN_POINT ( 'NONE',  ( 116.5000000000000000, 35.50000000000000000, 42.59999999999998721 ) ) ;
#1764 = DIRECTION ( 'NONE',  ( 0.000000000000000000, -1.000000000000000000, 0.000000000000000000 ) ) ;
#1765 = VECTOR ( 'NONE', #10213, 999.9999999999998863 ) ;
#1766 = ORIENTED_EDGE ( 'NONE', *, *, #6788, .F. ) ;
#1767 = LINE ( 'NONE', #7808, #10067 ) ;
#1768 = FACE_BOUND ( 'NONE', #10785, .T. ) ;
#1769 = EDGE_CURVE ( 'NONE', #4612, #1772, #8411, .T. ) ;
#1770 = AXIS2_PLACEMENT_3D ( 'NONE', #11410, #6792, #12215 ) ;
#1771 = ORIENTED_EDGE ( 'NONE', *, *, #9136, .T. ) ;
#1772 = VERTEX_POINT ( 'NONE', #7401 ) ;
#1773 = PLANE ( 'NONE',  #454 ) ;
#1774 = CARTESIAN_POINT ( 'NONE',  ( 1.000000000000008216, -10.67500000003174421, 10.67500000003175664 ) ) ;
#1775 = AXIS2_PLACEMENT_3D ( 'NONE', #9828, #3139, #5130 ) ;
#1776 = LINE ( 'NONE', #11702, #5812 ) ;
#1777 = VERTEX_POINT ( 'NONE', #7478 ) ;
#1778 = CARTESIAN_POINT ( 'NONE',  ( 86.00000000000015632, 0.5000000000000195399, 58.59999999999996589 ) ) ;
#1779 = CARTESIAN_POINT ( 'NONE',  ( 47.00000000000014211, 10.00000000000000000, 58.59999999999996589 ) ) ;
#1780 = ADVANCED_FACE ( 'NONE', ( #4117 ), #2811, .T. ) ;
#1781 = DIRECTION ( 'NONE',  ( 0.000000000000000000, 0.000000000000000000, 1.000000000000000000 ) ) ;
#1782 = EDGE_CURVE ( 'NONE', #6607, #12288, #4010, .T. ) ;
#1783 = DIRECTION ( 'NONE',  ( 1.000000000000000000, 0.000000000000000000, -0.000000000000000000 ) ) ;
#1784 = CARTESIAN_POINT ( 'NONE',  ( 115.9999999999999858, 9.000000000000001776, -9.499999999999996447 ) ) ;
#1785 = VECTOR ( 'NONE', #3895, 1000.000000000000000 ) ;
#1786 = DIRECTION ( 'NONE',  ( 0.000000000000000000, 0.000000000000000000, 1.000000000000000000 ) ) ;
#1787 = VECTOR ( 'NONE', #11198, 999.9999999999998863 ) ;
#1788 = EDGE_CURVE ( 'NONE', #9327, #2262, #4096, .T. ) ;
#1789 = ORIENTED_EDGE ( 'NONE', *, *, #5821, .F. ) ;
#1790 = FACE_OUTER_BOUND ( 'NONE', #3115, .T. ) ;
#1791 = CARTESIAN_POINT ( 'NONE',  ( -0.9999999999999972244, 36.00000000000176925, 36.20710678125003312 ) ) ;
#1792 = DIRECTION ( 'NONE',  ( 0.000000000000000000, 0.000000000000000000, 1.000000000000000000 ) ) ;
#1793 = EDGE_LOOP ( 'NONE', ( #11607, #9138, #9440, #3904 ) ) ;
#1794 = EDGE_CURVE ( 'NONE', #2870, #7125, #8435, .T. ) ;
#1795 = VERTEX_POINT ( 'NONE', #11 ) ;
#1796 = FACE_OUTER_BOUND ( 'NONE', #924, .T. ) ;
#1797 = ORIENTED_EDGE ( 'NONE', *, *, #9117, .F. ) ;
#1798 = AXIS2_PLACEMENT_3D ( 'NONE', #8799, #2508, #7872 ) ;
#1799 = CONICAL_SURFACE ( 'NONE', #5853, 1.500000000000015099, 0.7853981633974430610 ) ;
#1800 = CARTESIAN_POINT ( 'NONE',  ( 29.00000000000014211, 3.000000000000000000, 10.00000000000003020 ) ) ;
#1801 = ORIENTED_EDGE ( 'NONE', *, *, #11730, .T. ) ;
#1802 = LINE ( 'NONE', #5365, #5983 ) ;
#1803 = EDGE_CURVE ( 'NONE', #2065, #6251, #4330, .T. ) ;
#1804 = CIRCLE ( 'NONE', #11645, 1.500000000000008216 ) ;
#1805 = DIRECTION ( 'NONE',  ( -7.138779736530080685E-17, 0.000000000000000000, -1.000000000000000000 ) ) ;
#1806 = DIRECTION ( 'NONE',  ( 0.000000000000000000, -1.000000000000000000, 0.000000000000000000 ) ) ;
#1807 = DIRECTION ( 'NONE',  ( 0.000000000000000000, 0.000000000000000000, 1.000000000000000000 ) ) ;
#1808 = DIRECTION ( 'NONE',  ( -0.7071067811865553443, -0.7071067811865396902, -2.019151824439036474E-16 ) ) ;
#1809 = ORIENTED_EDGE ( 'NONE', *, *, #2847, .F. ) ;
#1810 = VECTOR ( 'NONE', #7964, 1000.000000000000000 ) ;
#1811 = EDGE_CURVE ( 'NONE', #1649, #8954, #4356, .T. ) ;
#1812 = VECTOR ( 'NONE', #1004, 1000.000000000000000 ) ;
#1813 = VERTEX_POINT ( 'NONE', #11690 ) ;
#1814 = ORIENTED_EDGE ( 'NONE', *, *, #5469, .T. ) ;
#1815 = CARTESIAN_POINT ( 'NONE',  ( 122.3333333333331723, 20.83333333333294846, 19.33333333333332860 ) ) ;
#1816 = DIRECTION ( 'NONE',  ( -1.000000000000000000, -1.147978770867005115E-16, -0.000000000000000000 ) ) ;
#1817 = EDGE_CURVE ( 'NONE', #8245, #3846, #8475, .T. ) ;
#1818 = ORIENTED_EDGE ( 'NONE', *, *, #3419, .T. ) ;
#1819 = CARTESIAN_POINT ( 'NONE',  ( 1.000000000000005107, 17.15000000000002700, 44.75000000006293988 ) ) ;
#1820 = DIRECTION ( 'NONE',  ( 1.000000000000000000, 5.782411586589377360E-16, -0.000000000000000000 ) ) ;
#1821 = AXIS2_PLACEMENT_3D ( 'NONE', #2704, #3719, #7451 ) ;
#1822 = EDGE_LOOP ( 'NONE', ( #2985, #7425, #8053, #11746 ) ) ;
#1823 = DIRECTION ( 'NONE',  ( 0.000000000000000000, 0.000000000000000000, -1.000000000000000000 ) ) ;
#1824 = VECTOR ( 'NONE', #9367, 1000.000000000000000 ) ;
#1825 = ADVANCED_FACE ( 'NONE', ( #4395 ), #4054, .F. ) ;
#1826 = DIRECTION ( 'NONE',  ( 0.000000000000000000, 0.000000000000000000, -1.000000000000000000 ) ) ;
#1827 = DIRECTION ( 'NONE',  ( 0.000000000000000000, -1.000000000000000000, 0.000000000000000000 ) ) ;
#1828 = ORIENTED_EDGE ( 'NONE', *, *, #8346, .F. ) ;
#1829 = DIRECTION ( 'NONE',  ( 0.7071067811865420216, 0.7071067811865530128, 0.000000000000000000 ) ) ;
#1830 = AXIS2_PLACEMENT_3D ( 'NONE', #2922, #7443, #8530 ) ;
#1831 = ORIENTED_EDGE ( 'NONE', *, *, #2127, .F. ) ;
#1832 = CARTESIAN_POINT ( 'NONE',  ( 3.000000000000007550, 17.05000000000003268, 38.40000000006349268 ) ) ;
#1833 = LINE ( 'NONE', #10428, #5891 ) ;
#1834 = FACE_OUTER_BOUND ( 'NONE', #4316, .T. ) ;
#1835 = ORIENTED_EDGE ( 'NONE', *, *, #3210, .T. ) ;
#1836 = DIRECTION ( 'NONE',  ( 1.000000000000000000, 8.195446571860577953E-34, 0.000000000000000000 ) ) ;
#1837 = DIRECTION ( 'NONE',  ( 0.000000000000000000, 1.000000000000000000, 0.000000000000000000 ) ) ;
#1838 = CYLINDRICAL_SURFACE ( 'NONE', #5441, 0.5000000000000029976 ) ;
#1839 = LINE ( 'NONE', #4272, #6024 ) ;
#1840 = ORIENTED_EDGE ( 'NONE', *, *, #9005, .F. ) ;
#1841 = LINE ( 'NONE', #10736, #9950 ) ;
#1842 = ORIENTED_EDGE ( 'NONE', *, *, #4389, .T. ) ;
#1843 = EDGE_CURVE ( 'NONE', #1991, #8272, #8089, .T. ) ;
#1844 = ORIENTED_EDGE ( 'NONE', *, *, #819, .F. ) ;
#1845 = FACE_OUTER_BOUND ( 'NONE', #567, .T. ) ;
#1846 = ADVANCED_FACE ( 'NONE', ( #12216 ), #9734, .F. ) ;
#1847 = CARTESIAN_POINT ( 'NONE',  ( 3.999999999999896971, 52.49999999999998579, 19.24999999999999645 ) ) ;
#1848 = ORIENTED_EDGE ( 'NONE', *, *, #4742, .F. ) ;
#1849 = AXIS2_PLACEMENT_3D ( 'NONE', #8823, #9752, #10723 ) ;
#1850 = DIRECTION ( 'NONE',  ( -8.195446571860579663E-34, 1.000000000000000000, -0.000000000000000000 ) ) ;
#1851 = CARTESIAN_POINT ( 'NONE',  ( 18.00000000000023448, 3.000000000000000000, -122.9712352769500541 ) ) ;
#1852 = LINE ( 'NONE', #1391, #9802 ) ;
#1853 = ORIENTED_EDGE ( 'NONE', *, *, #6530, .F. ) ;
#1854 = CARTESIAN_POINT ( 'NONE',  ( 66.00000000000014211, 3.000000000000000000, -122.9712352769500541 ) ) ;
#1855 = VECTOR ( 'NONE', #12279, 1000.000000000000000 ) ;
#1856 = DIRECTION ( 'NONE',  ( -0.7071067811865414665, 0.7071067811865536790, 0.000000000000000000 ) ) ;
#1857 = VECTOR ( 'NONE', #5885, 1000.000000000000000 ) ;
#1858 = CARTESIAN_POINT ( 'NONE',  ( 48.50000000000017053, -5.572903668865179597E-32, 10.00000000000003020 ) ) ;
#1859 = ADVANCED_FACE ( 'NONE', ( #12332 ), #4873, .F. ) ;
#1860 = ORIENTED_EDGE ( 'NONE', *, *, #6437, .T. ) ;
#1861 = VECTOR ( 'NONE', #1122, 1000.000000000000000 ) ;
#1862 = CARTESIAN_POINT ( 'NONE',  ( 42.00000000000013500, 10.00000000000000000, 58.59999999999996589 ) ) ;
#1863 = EDGE_LOOP ( 'NONE', ( #1906, #6998, #2401, #5750 ) ) ;
#1864 = EDGE_CURVE ( 'NONE', #912, #3157, #4142, .T. ) ;
#1865 = ORIENTED_EDGE ( 'NONE', *, *, #8575, .F. ) ;
#1866 = VECTOR ( 'NONE', #10341, 1000.000000000000000 ) ;
#1867 = VERTEX_POINT ( 'NONE', #2759 ) ;
#1868 = VERTEX_POINT ( 'NONE', #5721 ) ;
#1869 = EDGE_LOOP ( 'NONE', ( #3686, #2231, #8762, #10992, #10042 ) ) ;
#1870 = EDGE_CURVE ( 'NONE', #7077, #10891, #8236, .T. ) ;
#1871 = DIRECTION ( 'NONE',  ( -0.5773502691896335026, 0.5773502691896263972, -0.5773502691896174044 ) ) ;
#1872 = AXIS2_PLACEMENT_3D ( 'NONE', #11629, #5859, #11884 ) ;
#1873 = ADVANCED_FACE ( 'NONE', ( #3953 ), #263, .F. ) ;
#1874 = VECTOR ( 'NONE', #5376, 1000.000000000000000 ) ;
#1875 = VERTEX_POINT ( 'NONE', #4046 ) ;
#1876 = CC_DESIGN_PERSON_AND_ORGANIZATION_ASSIGNMENT ( #7083, #6267, ( #8354 ) ) ;
#1877 = VERTEX_POINT ( 'NONE', #6855 ) ;
#1878 = CARTESIAN_POINT ( 'NONE',  ( 3.000000000000004441, 20.00000000000002132, 5.750000000064023453 ) ) ;
#1879 = DIRECTION ( 'NONE',  ( 0.000000000000000000, 0.000000000000000000, 1.000000000000000000 ) ) ;
#1880 = CIRCLE ( 'NONE', #3108, 1.500000000000001332 ) ;
#1881 = PLANE ( 'NONE',  #607 ) ;
#1882 = PLANE ( 'NONE',  #10560 ) ;
#1883 = ORIENTED_EDGE ( 'NONE', *, *, #12169, .F. ) ;
#1884 = VECTOR ( 'NONE', #2905, 1000.000000000000000 ) ;
#1885 = EDGE_LOOP ( 'NONE', ( #977, #4048, #5104, #733 ) ) ;
#1886 = ORIENTED_EDGE ( 'NONE', *, *, #7739, .F. ) ;
#1887 = CARTESIAN_POINT ( 'NONE',  ( 66.00000000000019895, -4.138700518789575274E-32, 10.00000000000003020 ) ) ;
#1888 = ORIENTED_EDGE ( 'NONE', *, *, #10237, .T. ) ;
#1889 = EDGE_CURVE ( 'NONE', #5826, #9853, #240, .T. ) ;
#1890 = FACE_OUTER_BOUND ( 'NONE', #10617, .T. ) ;
#1891 = CARTESIAN_POINT ( 'NONE',  ( 68.00000000000017053, 3.000000000000000000, 58.59999999999996589 ) ) ;
#1892 = CARTESIAN_POINT ( 'NONE',  ( 5.000000000000007105, 6.292893218815236445, 38.50000000006350120 ) ) ;
#1893 = EDGE_CURVE ( 'NONE', #3193, #7476, #343, .T. ) ;
#1894 = AXIS2_PLACEMENT_3D ( 'NONE', #3188, #5094, #6052 ) ;
#1895 = LINE ( 'NONE', #6067, #6386 ) ;
#1896 = DIRECTION ( 'NONE',  ( 0.000000000000000000, 0.000000000000000000, -1.000000000000000000 ) ) ;
#1897 = CARTESIAN_POINT ( 'NONE',  ( 37.50000000000015632, -6.474402791769843514E-32, 58.59999999999996589 ) ) ;
#1898 = EDGE_LOOP ( 'NONE', ( #11277, #2501, #11571, #12064 ) ) ;
#1899 = EDGE_LOOP ( 'NONE', ( #4379, #9574, #12153, #4843 ) ) ;
#1900 = VERTEX_POINT ( 'NONE', #7828 ) ;
#1901 = DIRECTION ( 'NONE',  ( -1.000000000000000000, -8.195446571860579663E-34, 2.855511894612032274E-16 ) ) ;
#1902 = VERTEX_POINT ( 'NONE', #5083 ) ;
#1903 = DIRECTION ( 'NONE',  ( 1.141265444721583018E-16, -1.000000000000000000, 0.000000000000000000 ) ) ;
#1904 = DIRECTION ( 'NONE',  ( -0.000000000000000000, 1.000000000000000000, -0.000000000000000000 ) ) ;
#1905 = EDGE_CURVE ( 'NONE', #9599, #11325, #8626, .T. ) ;
#1906 = ORIENTED_EDGE ( 'NONE', *, *, #6209, .F. ) ;
#1907 = CIRCLE ( 'NONE', #776, 1.700000000000000178 ) ;
#1908 = CIRCLE ( 'NONE', #1032, 2.000000000000015543 ) ;
#1909 = ADVANCED_FACE ( 'NONE', ( #285 ), #362, .F. ) ;
#1910 = AXIS2_PLACEMENT_3D ( 'NONE', #7145, #1512, #5282 ) ;
#1911 = ORIENTED_EDGE ( 'NONE', *, *, #4990, .F. ) ;
#1912 = ORIENTED_EDGE ( 'NONE', *, *, #4436, .F. ) ;
#1913 = EDGE_CURVE ( 'NONE', #6077, #11971, #630, .T. ) ;
#1914 = ORIENTED_EDGE ( 'NONE', *, *, #3027, .T. ) ;
#1915 = DIRECTION ( 'NONE',  ( -0.7071067811865479058, -0.7071067811865472397, 0.000000000000000000 ) ) ;
#1916 = VECTOR ( 'NONE', #6790, 1000.000000000000000 ) ;
#1917 = ORIENTED_EDGE ( 'NONE', *, *, #6357, .F. ) ;
#1918 = CARTESIAN_POINT ( 'NONE',  ( -0.5000000000000264233, 21.70000000000002061, 5.750000000064023453 ) ) ;
#1919 = ORIENTED_EDGE ( 'NONE', *, *, #11375, .T. ) ;
#1920 = LINE ( 'NONE', #6281, #6044 ) ;
#1921 = EDGE_CURVE ( 'NONE', #3067, #2232, #8819, .T. ) ;
#1922 = ORIENTED_EDGE ( 'NONE', *, *, #1485, .F. ) ;
#1923 = FACE_OUTER_BOUND ( 'NONE', #5195, .T. ) ;
#1924 = VERTEX_POINT ( 'NONE', #10278 ) ;
#1925 = FACE_OUTER_BOUND ( 'NONE', #2276, .T. ) ;
#1926 = ORIENTED_EDGE ( 'NONE', *, *, #9381, .F. ) ;
#1927 = DIRECTION ( 'NONE',  ( -8.195446571860579663E-34, 1.000000000000000000, -0.000000000000000000 ) ) ;
#1928 = EDGE_CURVE ( 'NONE', #7555, #11623, #429, .T. ) ;
#1929 = DIRECTION ( 'NONE',  ( 0.000000000000000000, 0.000000000000000000, -1.000000000000000000 ) ) ;
#1930 = CARTESIAN_POINT ( 'NONE',  ( 1.000000000000008216, 6.500000000001787015, 65.87397274142526271 ) ) ;
#1931 = DIRECTION ( 'NONE',  ( -0.7071067811865512365, 0.7071067811865439090, 0.000000000000000000 ) ) ;
#1932 = EDGE_LOOP ( 'NONE', ( #10529, #9788, #7561, #606 ) ) ;
#1933 = VECTOR ( 'NONE', #521, 1000.000000000000000 ) ;
#1934 = DIRECTION ( 'NONE',  ( -0.7071067811865414665, 0.7071067811865536790, 0.000000000000000000 ) ) ;
#1935 = ORIENTED_EDGE ( 'NONE', *, *, #4608, .T. ) ;
#1936 = AXIS2_PLACEMENT_3D ( 'NONE', #3972, #12281, #4908 ) ;
#1937 = EDGE_LOOP ( 'NONE', ( #7233, #9209, #9940, #1732, #2812 ) ) ;
#1938 = FACE_OUTER_BOUND ( 'NONE', #4969, .T. ) ;
#1939 = ADVANCED_FACE ( 'NONE', ( #4412 ), #456, .T. ) ;
#1940 = ORIENTED_EDGE ( 'NONE', *, *, #7102, .F. ) ;
#1941 = ORIENTED_EDGE ( 'NONE', *, *, #11317, .T. ) ;
#1942 = ORIENTED_EDGE ( 'NONE', *, *, #7263, .T. ) ;
#1943 = VERTEX_POINT ( 'NONE', #3565 ) ;
#1945 = EDGE_LOOP ( 'NONE', ( #11319, #696, #6135, #15, #10446 ) ) ;
#1944 = LINE ( 'NONE', #26, #5895 ) ;
#1946 = VECTOR ( 'NONE', #2569, 999.9999999999998863 ) ;
#1947 = CARTESIAN_POINT ( 'NONE',  ( 83.00000000000022737, -2.745474601573275448E-32, 10.00000000000003020 ) ) ;
#1948 = ORIENTED_EDGE ( 'NONE', *, *, #1966, .T. ) ;
#1949 = CARTESIAN_POINT ( 'NONE',  ( 9.000000000000007105, 4.500000000001787903, 36.00000000006349410 ) ) ;
#1950 = FACE_OUTER_BOUND ( 'NONE', #11048, .T. ) ;
#1951 = AXIS2_PLACEMENT_3D ( 'NONE', #436, #4884, #2343 ) ;
#1952 = ORIENTED_EDGE ( 'NONE', *, *, #12169, .T. ) ;
#1953 = CONICAL_SURFACE ( 'NONE', #2280, 2.000000000000015543, 0.7853981633974396193 ) ;
#1954 = ORIENTED_EDGE ( 'NONE', *, *, #1547, .F. ) ;
#1955 = ORIENTED_EDGE ( 'NONE', *, *, #3504, .T. ) ;
#1956 = CARTESIAN_POINT ( 'NONE',  ( 100.5000000000002274, 3.000000000000000000, 60.59999999999998010 ) ) ;
#1957 = DIRECTION ( 'NONE',  ( -8.195446571860579663E-34, 1.000000000000000000, -0.000000000000000000 ) ) ;
#1958 = DIRECTION ( 'NONE',  ( -0.7071067811865479058, 0.4999999999999995559, -0.5000000000000001110 ) ) ;
#1959 = DIRECTION ( 'NONE',  ( 1.000000000000000000, -1.156482317317871133E-15, 0.000000000000000000 ) ) ;
#1960 = EDGE_CURVE ( 'NONE', #7112, #3877, #4438, .T. ) ;
#1961 = DIRECTION ( 'NONE',  ( 8.195446571860579663E-34, -1.000000000000000000, -0.000000000000000000 ) ) ;
#1962 = VECTOR ( 'NONE', #7017, 1000.000000000000000 ) ;
#1963 = EDGE_LOOP ( 'NONE', ( #7570, #617, #11954, #3436 ) ) ;
#1964 = DIRECTION ( 'NONE',  ( 0.5773502691896299499, -0.5773502691896216232, -0.5773502691896255090 ) ) ;
#1965 = ORIENTED_EDGE ( 'NONE', *, *, #9381, .T. ) ;
#1966 = EDGE_CURVE ( 'NONE', #3456, #10006, #4690, .T. ) ;
#1967 = ORIENTED_EDGE ( 'NONE', *, *, #3760, .T. ) ;
#1968 = AXIS2_PLACEMENT_3D ( 'NONE', #1107, #6761, #4016 ) ;
#1969 = CARTESIAN_POINT ( 'NONE',  ( 92.50000000000019895, 2.499999999999976907, 58.59999999999996589 ) ) ;
#1970 = VECTOR ( 'NONE', #12172, 1000.000000000000114 ) ;
#1971 = ORIENTED_EDGE ( 'NONE', *, *, #8140, .T. ) ;
#1972 = ADVANCED_FACE ( 'NONE', ( #8739 ), #6469, .F. ) ;
#1973 = PLANE ( 'NONE',  #8469 ) ;
#1974 = ORIENTED_EDGE ( 'NONE', *, *, #9048, .T. ) ;
#1975 = CARTESIAN_POINT ( 'NONE',  ( -19.04356537563178264, 23.74793591479663846, 14.45643462443159422 ) ) ;
#1976 = AXIS2_PLACEMENT_3D ( 'NONE', #9433, #10405, #1903 ) ;
#1977 = CARTESIAN_POINT ( 'NONE',  ( 96.00000000000022737, -1.680066547231399561E-32, 10.00000000000003020 ) ) ;
#1978 = EDGE_CURVE ( 'NONE', #6649, #2792, #408, .T. ) ;
#1979 = PLANE ( 'NONE',  #6753 ) ;
#1980 = ORIENTED_EDGE ( 'NONE', *, *, #5399, .T. ) ;
#1981 = DIRECTION ( 'NONE',  ( 0.000000000000000000, -0.7071067811865512365, -0.7071067811865439090 ) ) ;
#1982 = ORIENTED_EDGE ( 'NONE', *, *, #5461, .F. ) ;
#1983 = EDGE_CURVE ( 'NONE', #6169, #3818, #8585, .T. ) ;
#1984 = DIRECTION ( 'NONE',  ( -6.938893903907228378E-15, 1.000000000000000000, 0.000000000000000000 ) ) ;
#1985 = ORIENTED_EDGE ( 'NONE', *, *, #9013, .T. ) ;
#1986 = PLANE ( 'NONE',  #9331 ) ;
#1987 = ORIENTED_EDGE ( 'NONE', *, *, #3760, .F. ) ;
#1988 = EDGE_CURVE ( 'NONE', #2824, #4646, #488, .T. ) ;
#1989 = CARTESIAN_POINT ( 'NONE',  ( 57.00000000000018474, 3.000000000000000000, -122.9712352769500541 ) ) ;
#1990 = DIRECTION ( 'NONE',  ( -1.141265444721583511E-16, 1.000000000000000000, -0.000000000000000000 ) ) ;
#1991 = VERTEX_POINT ( 'NONE', #11862 ) ;
#1992 = DIRECTION ( 'NONE',  ( -1.000000000000000000, 1.156482317317871133E-15, 0.000000000000000000 ) ) ;
#1993 = VECTOR ( 'NONE', #4175, 1000.000000000000114 ) ;
#1994 = EDGE_CURVE ( 'NONE', #12106, #11916, #4490, .T. ) ;
#1995 = ORIENTED_EDGE ( 'NONE', *, *, #9555, .F. ) ;
#1996 = CARTESIAN_POINT ( 'NONE',  ( 34.00000000000012790, 0.5000000000000125455, 10.00000000000003020 ) ) ;
#1997 = VERTEX_POINT ( 'NONE', #4197 ) ;
#1998 = ORIENTED_EDGE ( 'NONE', *, *, #7277, .F. ) ;
#1999 = ORIENTED_EDGE ( 'NONE', *, *, #7895, .T. ) ;
#2000 = EDGE_CURVE ( 'NONE', #5911, #2474, #8765, .T. ) ;
#2001 = DIRECTION ( 'NONE',  ( 1.000000000000000000, -0.000000000000000000, -0.000000000000000000 ) ) ;
#2002 = AXIS2_PLACEMENT_3D ( 'NONE', #2839, #900, #3876 ) ;
#2003 = VECTOR ( 'NONE', #5646, 1000.000000000000000 ) ;
#2004 = DIRECTION ( 'NONE',  ( 8.195446571860579663E-34, -1.000000000000000000, -0.000000000000000000 ) ) ;
#2005 = LINE ( 'NONE', #10140, #6012 ) ;
#2006 = ORIENTED_EDGE ( 'NONE', *, *, #9269, .T. ) ;
#2007 = VECTOR ( 'NONE', #10027, 1000.000000000000000 ) ;
#2008 = ORIENTED_EDGE ( 'NONE', *, *, #7035, .F. ) ;
#2009 = ORIENTED_EDGE ( 'NONE', *, *, #898, .T. ) ;
#2010 = EDGE_LOOP ( 'NONE', ( #7944, #10421, #12270, #8464 ) ) ;
#2011 = ORIENTED_EDGE ( 'NONE', *, *, #2477, .F. ) ;
#2012 = FACE_OUTER_BOUND ( 'NONE', #3019, .T. ) ;
#2013 = CARTESIAN_POINT ( 'NONE',  ( 22.50000000000011369, 3.000000000000000000, 58.59999999999996589 ) ) ;
#2014 = ORIENTED_EDGE ( 'NONE', *, *, #12277, .F. ) ;
#2015 = DIRECTION ( 'NONE',  ( -0.5000000000000027756, -0.5000000000000027756, 0.7071067811865436870 ) ) ;
#2016 = VERTEX_POINT ( 'NONE', #6186 ) ;
#2017 = DIRECTION ( 'NONE',  ( -1.000000000000000000, 1.355252715606880851E-17, -0.000000000000000000 ) ) ;
#2018 = ORIENTED_EDGE ( 'NONE', *, *, #11121, .T. ) ;
#2019 = FACE_OUTER_BOUND ( 'NONE', #244, .T. ) ;
#2020 = DIRECTION ( 'NONE',  ( 0.000000000000000000, -0.7071067811865512365, -0.7071067811865439090 ) ) ;
#2021 = EDGE_CURVE ( 'NONE', #3842, #3199, #8604, .T. ) ;
#2022 = LINE ( 'NONE', #9337, #6268 ) ;
#2023 = ADVANCED_FACE ( 'NONE', ( #613 ), #8779, .F. ) ;
#2024 = DIRECTION ( 'NONE',  ( 1.000000000000000000, 0.000000000000000000, 0.000000000000000000 ) ) ;
#2025 = VECTOR ( 'NONE', #8592, 1000.000000000000000 ) ;
#2026 = EDGE_CURVE ( 'NONE', #9247, #10840, #534, .T. ) ;
#2027 = LINE ( 'NONE', #6401, #10280 ) ;
#2028 = AXIS2_PLACEMENT_3D ( 'NONE', #6292, #11331, #9221 ) ;
#2029 = EDGE_LOOP ( 'NONE', ( #524, #8878, #10170, #3399, #8430 ) ) ;
#2030 = VERTEX_POINT ( 'NONE', #7252 ) ;
#2031 = DIRECTION ( 'NONE',  ( 0.000000000000000000, -1.000000000000000000, 0.000000000000000000 ) ) ;
#2032 = ORIENTED_EDGE ( 'NONE', *, *, #8736, .F. ) ;
#2033 = ORIENTED_EDGE ( 'NONE', *, *, #11024, .F. ) ;
#2035 = EDGE_LOOP ( 'NONE', ( #9813, #5822, #9837, #8138, #3498 ) ) ;
#2034 = DIRECTION ( 'NONE',  ( 0.000000000000000000, 0.000000000000000000, -1.000000000000000000 ) ) ;
#2036 = VERTEX_POINT ( 'NONE', #7431 ) ;
#2037 = ORIENTED_EDGE ( 'NONE', *, *, #2717, .T. ) ;
#2038 = PLANE ( 'NONE',  #10967 ) ;
#2039 = VERTEX_POINT ( 'NONE', #7076 ) ;
#2040 = VECTOR ( 'NONE', #3026, 1000.000000000000000 ) ;
#2041 = EDGE_CURVE ( 'NONE', #2934, #3710, #547, .T. ) ;
#2042 = DIRECTION ( 'NONE',  ( 0.000000000000000000, -1.000000000000000000, 0.000000000000000000 ) ) ;
#2043 = DIRECTION ( 'NONE',  ( -1.000000000000000000, 0.000000000000000000, -0.000000000000000000 ) ) ;
#2044 = DIRECTION ( 'NONE',  ( 0.000000000000000000, 0.000000000000000000, -1.000000000000000000 ) ) ;
#2045 = DIRECTION ( 'NONE',  ( -0.000000000000000000, 1.000000000000000000, -0.000000000000000000 ) ) ;
#2046 = FACE_OUTER_BOUND ( 'NONE', #6056, .T. ) ;
#2047 = DIRECTION ( 'NONE',  ( -0.7071067811865500152, 0.7071067811865451302, 0.000000000000000000 ) ) ;
#2048 = LINE ( 'NONE', #3361, #6100 ) ;
#2049 = CARTESIAN_POINT ( 'NONE',  ( 0.4999999999999805156, 55.50000000000000000, 20.40000000000000213 ) ) ;
#2050 = ORIENTED_EDGE ( 'NONE', *, *, #9329, .F. ) ;
#2051 = EDGE_LOOP ( 'NONE', ( #11847, #10804, #2434, #6286 ) ) ;
#2052 = ORIENTED_EDGE ( 'NONE', *, *, #11481, .T. ) ;
#2053 = EDGE_CURVE ( 'NONE', #11371, #3180, #672, .T. ) ;
#2054 = EDGE_CURVE ( 'NONE', #172, #1867, #5021, .T. ) ;
#2055 = DIRECTION ( 'NONE',  ( -0.09950371902099899857, 0.9950371902099890420, 0.000000000000000000 ) ) ;
#2056 = VERTEX_POINT ( 'NONE', #9121 ) ;
#2057 = ADVANCED_FACE ( 'NONE', ( #9149 ), #10984, .F. ) ;
#2058 = DIRECTION ( 'NONE',  ( 8.195446571860579663E-34, -1.000000000000000000, -0.000000000000000000 ) ) ;
#2059 = EDGE_LOOP ( 'NONE', ( #11007, #118, #6683, #101 ) ) ;
#2060 = ORIENTED_EDGE ( 'NONE', *, *, #5657, .F. ) ;
#2061 = ORIENTED_EDGE ( 'NONE', *, *, #5754, .F. ) ;
#2062 = CARTESIAN_POINT ( 'NONE',  ( 110.0000000000000284, 4.999999999999999112, 69.59999999999999432 ) ) ;
#2063 = AXIS2_PLACEMENT_3D ( 'NONE', #8096, #9006, #11838 ) ;
#2064 = VECTOR ( 'NONE', #8056, 1000.000000000000000 ) ;
#2065 = VERTEX_POINT ( 'NONE', #1356 ) ;
#2066 = CARTESIAN_POINT ( 'NONE',  ( 9.000000000000005329, 20.00000000000172662, 41.75000000006208012 ) ) ;
#2067 = PLANE ( 'NONE',  #3044 ) ;
#2068 = LINE ( 'NONE', #276, #10557 ) ;
#2069 = FACE_OUTER_BOUND ( 'NONE', #2752, .T. ) ;
#2070 = CONICAL_SURFACE ( 'NONE', #6517, 2.000000000000022649, 0.7853981633974396193 ) ;
#2071 = ORIENTED_EDGE ( 'NONE', *, *, #806, .T. ) ;
#2072 = CARTESIAN_POINT ( 'NONE',  ( 35.50000000000012790, 2.499999999999984013, 60.09999999999998721 ) ) ;
#2073 = DIRECTION ( 'NONE',  ( -0.6785983445458410035, -0.2810846377148422670, -0.6785983445458440011 ) ) ;
#2074 = DIRECTION ( 'NONE',  ( 0.000000000000000000, 0.000000000000000000, 1.000000000000000000 ) ) ;
#2075 = LINE ( 'NONE', #6655, #6719 ) ;
#2076 = ORIENTED_EDGE ( 'NONE', *, *, #579, .T. ) ;
#2077 = CARTESIAN_POINT ( 'NONE',  ( 116.5000000000000000, 4.000000000000010658, -10.00000000000000000 ) ) ;
#2078 = CIRCLE ( 'NONE', #10882, 1.700000000000000178 ) ;
#2079 = DIRECTION ( 'NONE',  ( -8.195446571860579663E-34, 1.000000000000000000, -0.000000000000000000 ) ) ;
#2080 = CARTESIAN_POINT ( 'NONE',  ( 104.5000000000000142, 13.00000000000000000, 69.59999999999999432 ) ) ;
#2081 = DIRECTION ( 'NONE',  ( -0.7071067811865552333, -0.7071067811865398012, -2.019151824439035981E-16 ) ) ;
#2082 = EDGE_CURVE ( 'NONE', #1659, #5415, #5091, .T. ) ;
#2083 = VERTEX_POINT ( 'NONE', #10012 ) ;
#2084 = DIRECTION ( 'NONE',  ( 0.6785983445458452223, 0.2810846377148060737, -0.6785983445458546592 ) ) ;
#2085 = DIRECTION ( 'NONE',  ( 0.000000000000000000, 0.000000000000000000, -1.000000000000000000 ) ) ;
#2086 = ORIENTED_EDGE ( 'NONE', *, *, #532, .T. ) ;
#2087 = ADVANCED_FACE ( 'NONE', ( #9210 ), #2241, .T. ) ;
#2088 = EDGE_LOOP ( 'NONE', ( #11191, #1396, #8984, #5366 ) ) ;
#2089 = AXIS2_PLACEMENT_3D ( 'NONE', #8563, #10456, #955 ) ;
#2090 = LINE ( 'NONE', #12020, #1993 ) ;
#2091 = ORIENTED_EDGE ( 'NONE', *, *, #6920, .T. ) ;
#2092 = DIRECTION ( 'NONE',  ( 0.000000000000000000, 0.000000000000000000, 1.000000000000000000 ) ) ;
#2093 = DIRECTION ( 'NONE',  ( -1.000000000000000000, -9.912705577010318647E-16, 0.000000000000000000 ) ) ;
#2094 = ORIENTED_EDGE ( 'NONE', *, *, #9096, .F. ) ;
#2095 = DIRECTION ( 'NONE',  ( 8.177564888978069359E-16, 0.7071067811865541231, 0.7071067811865410224 ) ) ;
#2096 = CARTESIAN_POINT ( 'NONE',  ( 11.99999999999998934, 59.49999999999999289, -9.500000000000008882 ) ) ;
#2097 = ORIENTED_EDGE ( 'NONE', *, *, #7413, .F. ) ;
#2098 = VECTOR ( 'NONE', #11880, 1000.000000000000000 ) ;
#2099 = EDGE_LOOP ( 'NONE', ( #3105, #7124, #765, #11091 ) ) ;
#2100 = ORIENTED_EDGE ( 'NONE', *, *, #6322, .F. ) ;
#2101 = EDGE_LOOP ( 'NONE', ( #5458, #12209, #4903, #9469 ) ) ;
#2102 = EDGE_CURVE ( 'NONE', #1211, #9416, #4874, .T. ) ;
#2103 = ORIENTED_EDGE ( 'NONE', *, *, #10683, .T. ) ;
#2104 = DIRECTION ( 'NONE',  ( 0.000000000000000000, -1.000000000000000000, 0.000000000000000000 ) ) ;
#2105 = EDGE_CURVE ( 'NONE', #1651, #11525, #692, .T. ) ;
#2106 = DIRECTION ( 'NONE',  ( 2.052018959307281471E-14, -0.7071067811865405783, 0.7071067811865545671 ) ) ;
#2107 = DIRECTION ( 'NONE',  ( 0.000000000000000000, -1.000000000000000000, 0.000000000000000000 ) ) ;
#2108 = VECTOR ( 'NONE', #9995, 1000.000000000000000 ) ;
#2109 = LINE ( 'NONE', #11153, #10502 ) ;
#2110 = DIRECTION ( 'NONE',  ( -0.5000000000000017764, -0.5000000000000052180, 0.7071067811865425767 ) ) ;
#2111 = ADVANCED_FACE ( 'NONE', ( #766 ), #1058, .F. ) ;
#2112 = VERTEX_POINT ( 'NONE', #1455 ) ;
#2113 = DIRECTION ( 'NONE',  ( -1.427755947306016137E-16, 0.000000000000000000, 1.000000000000000000 ) ) ;
#2114 = AXIS2_PLACEMENT_3D ( 'NONE', #495, #12097, #11626 ) ;
#2115 = DIRECTION ( 'NONE',  ( 0.000000000000000000, 0.000000000000000000, -1.000000000000000000 ) ) ;
#2116 = VERTEX_POINT ( 'NONE', #8873 ) ;
#2117 = VERTEX_POINT ( 'NONE', #12034 ) ;
#2118 = DIRECTION ( 'NONE',  ( 1.245442495573092286E-16, 1.000000000000000000, 0.000000000000000000 ) ) ;
#2119 = AXIS2_PLACEMENT_3D ( 'NONE', #383, #2375, #10834 ) ;
#2120 = DIRECTION ( 'NONE',  ( 8.117435735382567661E-17, -0.7071067811865471286, 0.7071067811865480168 ) ) ;
#2121 = ORIENTED_EDGE ( 'NONE', *, *, #5372, .F. ) ;
#2122 = CARTESIAN_POINT ( 'NONE',  ( 0.4999999999999735767, 55.49999999999999289, 52.09999999999999432 ) ) ;
#2123 = EDGE_CURVE ( 'NONE', #9549, #9407, #9115, .T. ) ;
#2124 = DIRECTION ( 'NONE',  ( 0.000000000000000000, -1.000000000000000000, 0.000000000000000000 ) ) ;
#2125 = CARTESIAN_POINT ( 'NONE',  ( 5.000000000000004441, 20.00000000000172662, 41.75000000006208012 ) ) ;
#2126 = CARTESIAN_POINT ( 'NONE',  ( 48.50000000000014921, 2.499999999999976907, 58.59999999999996589 ) ) ;
#2127 = EDGE_CURVE ( 'NONE', #6865, #8993, #4795, .T. ) ;
#2128 = ORIENTED_EDGE ( 'NONE', *, *, #2215, .T. ) ;
#2129 = EDGE_CURVE ( 'NONE', #5902, #7633, #8948, .T. ) ;
#2130 = CARTESIAN_POINT ( 'NONE',  ( 104.5000000000000000, 3.000000000000000000, 5.000000000000031974 ) ) ;
#2131 = CARTESIAN_POINT ( 'NONE',  ( 1.999999999999896749, 52.49999999999998579, 19.24999999999999645 ) ) ;
#2132 = CARTESIAN_POINT ( 'NONE',  ( 113.5000000000000000, 4.500000000000013323, -9.499999999999996447 ) ) ;
#2133 = CARTESIAN_POINT ( 'NONE',  ( 40.00000000000011369, -6.269516627473333068E-32, 58.59999999999995879 ) ) ;
#2134 = ADVANCED_FACE ( 'NONE', ( #5150 ), #9029, .F. ) ;
#2135 = DIRECTION ( 'NONE',  ( 1.000000000000000000, -0.000000000000000000, -0.000000000000000000 ) ) ;
#2136 = EDGE_CURVE ( 'NONE', #9040, #7641, #857, .T. ) ;
#2137 = ORIENTED_EDGE ( 'NONE', *, *, #10463, .F. ) ;
#2138 = EDGE_LOOP ( 'NONE', ( #11634, #11739, #3680, #5014 ) ) ;
#2139 = ORIENTED_EDGE ( 'NONE', *, *, #5367, .T. ) ;
#2140 = ORIENTED_EDGE ( 'NONE', *, *, #788, .F. ) ;
#2141 = ORIENTED_EDGE ( 'NONE', *, *, #63, .F. ) ;
#2142 = DIRECTION ( 'NONE',  ( 0.000000000000000000, -1.000000000000000000, 0.000000000000000000 ) ) ;
#2143 = AXIS2_PLACEMENT_3D ( 'NONE', #2410, #2042, #10867 ) ;
#2144 = FACE_OUTER_BOUND ( 'NONE', #1380, .T. ) ;
#2145 = CIRCLE ( 'NONE', #9282, 1.700000000000000178 ) ;
#2146 = EDGE_LOOP ( 'NONE', ( #10259, #10130, #3539, #9957 ) ) ;
#2147 = DIRECTION ( 'NONE',  ( -0.000000000000000000, 1.000000000000000000, -0.000000000000000000 ) ) ;
#2148 = VECTOR ( 'NONE', #10159, 1000.000000000000000 ) ;
#2149 = CIRCLE ( 'NONE', #5690, 1.500000000000008216 ) ;
#2150 = VECTOR ( 'NONE', #10828, 1000.000000000000000 ) ;
#2151 = ORIENTED_EDGE ( 'NONE', *, *, #3374, .F. ) ;
#2152 = ORIENTED_EDGE ( 'NONE', *, *, #8249, .T. ) ;
#2153 = CARTESIAN_POINT ( 'NONE',  ( 85.50000000000019895, 3.000000000000000000, -122.9712352769500256 ) ) ;
#2154 = VERTEX_POINT ( 'NONE', #8058 ) ;
#2155 = FACE_OUTER_BOUND ( 'NONE', #2305, .T. ) ;
#2156 = ORIENTED_EDGE ( 'NONE', *, *, #6166, .F. ) ;
#2157 = DIRECTION ( 'NONE',  ( 1.000000000000000000, 0.000000000000000000, 0.000000000000000000 ) ) ;
#2158 = EDGE_LOOP ( 'NONE', ( #1007, #11956, #10745, #4232 ) ) ;
#2159 = VERTEX_POINT ( 'NONE', #11002 ) ;
#2160 = EDGE_CURVE ( 'NONE', #5429, #3945, #5219, .T. ) ;
#2161 = CARTESIAN_POINT ( 'NONE',  ( 35.50000000000012790, 0.5000000000000125455, 58.59999999999996589 ) ) ;
#2162 = LINE ( 'NONE', #4486, #10117 ) ;
#2164 = PLANE ( 'NONE',  #7114 ) ;
#2163 = CARTESIAN_POINT ( 'NONE',  ( 48.50000000000017053, 0.5000000000000195399, 10.00000000000003020 ) ) ;
#2165 = ADVANCED_FACE ( 'NONE', ( #5196 ), #4214, .T. ) ;
#2166 = DIRECTION ( 'NONE',  ( -1.000000000000000000, -4.625929269271484533E-15, 0.000000000000000000 ) ) ;
#2167 = EDGE_LOOP ( 'NONE', ( #2627, #8704, #10973, #2269 ) ) ;
#2168 = EDGE_CURVE ( 'NONE', #2116, #8341, #4854, .T. ) ;
#2169 = LINE ( 'NONE', #1477, #1916 ) ;
#2170 = DIRECTION ( 'NONE',  ( 8.195446571860579663E-34, -1.000000000000000000, -0.000000000000000000 ) ) ;
#2171 = VECTOR ( 'NONE', #1499, 1000.000000000000000 ) ;
#2172 = AXIS2_PLACEMENT_3D ( 'NONE', #787, #2725, #3665 ) ;
#2173 = ORIENTED_EDGE ( 'NONE', *, *, #9074, .F. ) ;
#2174 = ORIENTED_EDGE ( 'NONE', *, *, #11808, .F. ) ;
#2175 = CARTESIAN_POINT ( 'NONE',  ( 53.00000000000012079, 3.000000000000000000, 58.59999999999996589 ) ) ;
#2176 = DIRECTION ( 'NONE',  ( 0.7071067811865434649, -0.000000000000000000, 0.7071067811865516806 ) ) ;
#2177 = FACE_OUTER_BOUND ( 'NONE', #6919, .T. ) ;
#2178 = CARTESIAN_POINT ( 'NONE',  ( 42.00000000000013500, -6.105607696036119456E-32, 58.59999999999996589 ) ) ;
#2179 = ORIENTED_EDGE ( 'NONE', *, *, #10463, .T. ) ;
#2180 = DIRECTION ( 'NONE',  ( 0.7071067811865439090, -0.7071067811865512365, 0.000000000000000000 ) ) ;
#2181 = CARTESIAN_POINT ( 'NONE',  ( 56.50000000000016342, 0.4999999999999848455, 58.59999999999996589 ) ) ;
#2182 = ORIENTED_EDGE ( 'NONE', *, *, #12165, .T. ) ;
#2183 = DIRECTION ( 'NONE',  ( 1.000000000000000000, 0.000000000000000000, 0.000000000000000000 ) ) ;
#2184 = ORIENTED_EDGE ( 'NONE', *, *, #11079, .F. ) ;
#2185 = EDGE_CURVE ( 'NONE', #3949, #8087, #9051, .T. ) ;
#2186 = VECTOR ( 'NONE', #11370, 1000.000000000000000 ) ;
#2187 = VECTOR ( 'NONE', #3428, 1000.000000000000000 ) ;
#2188 = ORIENTED_EDGE ( 'NONE', *, *, #3173, .F. ) ;
#2189 = DIRECTION ( 'NONE',  ( 0.000000000000000000, -0.000000000000000000, 1.000000000000000000 ) ) ;
#2190 = ORIENTED_EDGE ( 'NONE', *, *, #10312, .T. ) ;
#2191 = ADVANCED_FACE ( 'NONE', ( #807 ), #6204, .F. ) ;
#2192 = EDGE_CURVE ( 'NONE', #3602, #893, #729, .T. ) ;
#2193 = LINE ( 'NONE', #9109, #10270 ) ;
#2194 = ORIENTED_EDGE ( 'NONE', *, *, #1978, .T. ) ;
#2195 = AXIS2_PLACEMENT_3D ( 'NONE', #6095, #6269, #7172 ) ;
#2196 = LINE ( 'NONE', #9889, #2288 ) ;
#2197 = CARTESIAN_POINT ( 'NONE',  ( 116.2499999999999858, 8.499999999999994671, -9.750000000000001776 ) ) ;
#2198 = CIRCLE ( 'NONE', #4516, 2.000000000000015543 ) ;
#2199 = DIRECTION ( 'NONE',  ( 0.000000000000000000, 0.000000000000000000, -1.000000000000000000 ) ) ;
#2200 = VERTEX_POINT ( 'NONE', #3404 ) ;
#2201 = AXIS2_PLACEMENT_3D ( 'NONE', #3137, #8645, #5923 ) ;
#2202 = LINE ( 'NONE', #9068, #7157 ) ;
#2203 = CARTESIAN_POINT ( 'NONE',  ( 11.00000000000000533, 54.50000000000000711, -9.499999999999996447 ) ) ;
#2204 = ORIENTED_EDGE ( 'NONE', *, *, #7051, .T. ) ;
#2205 = VECTOR ( 'NONE', #12049, 1000.000000000000000 ) ;
#2206 = ORIENTED_EDGE ( 'NONE', *, *, #6353, .F. ) ;
#2207 = DIRECTION ( 'NONE',  ( 1.000000000000000000, 8.195446571860577953E-34, 0.000000000000000000 ) ) ;
#2208 = EDGE_LOOP ( 'NONE', ( #5298, #6743, #9856, #2711 ) ) ;
#2209 = DIRECTION ( 'NONE',  ( 0.000000000000000000, 0.000000000000000000, -1.000000000000000000 ) ) ;
#2210 = ORIENTED_EDGE ( 'NONE', *, *, #9269, .F. ) ;
#2212 = ORIENTED_EDGE ( 'NONE', *, *, #4236, .T. ) ;
#2211 = DIRECTION ( 'NONE',  ( -0.7071067811865574537, 0.4999999999999938938, 0.4999999999999922839 ) ) ;
#2213 = CARTESIAN_POINT ( 'NONE',  ( 72.50000000000015632, -3.605996491618641436E-32, 58.59999999999995879 ) ) ;
#2214 = LINE ( 'NONE', #6979, #6360 ) ;
#2215 = EDGE_CURVE ( 'NONE', #3193, #1556, #5549, .T. ) ;
#2216 = VERTEX_POINT ( 'NONE', #3481 ) ;
#2217 = CARTESIAN_POINT ( 'NONE',  ( 110.5000000000000284, 8.999999999999998224, -10.00000000000000000 ) ) ;
#2218 = LINE ( 'NONE', #9456, #5978 ) ;
#2219 = ORIENTED_EDGE ( 'NONE', *, *, #11800, .T. ) ;
#2220 = LINE ( 'NONE', #1434, #10274 ) ;
#2221 = VECTOR ( 'NONE', #6471, 1000.000000000000000 ) ;
#2222 = EDGE_CURVE ( 'NONE', #5330, #4872, #5481, .T. ) ;
#2223 = AXIS2_PLACEMENT_3D ( 'NONE', #827, #10418, #4761 ) ;
#2224 = DIRECTION ( 'NONE',  ( -1.000000000000000000, 0.000000000000000000, 0.000000000000000000 ) ) ;
#2225 = DIRECTION ( 'NONE',  ( 1.000000000000000000, 0.000000000000000000, 0.000000000000000000 ) ) ;
#2226 = CARTESIAN_POINT ( 'NONE',  ( 3.000000000000004441, 18.30000000000172733, 41.75000000006208012 ) ) ;
#2227 = DIRECTION ( 'NONE',  ( 0.000000000000000000, 0.000000000000000000, -1.000000000000000000 ) ) ;
#2228 = DIRECTION ( 'NONE',  ( -0.7071067811865364705, -0.7071067811865584529, 0.000000000000000000 ) ) ;
#2229 = AXIS2_PLACEMENT_3D ( 'NONE', #7950, #10013, #7882 ) ;
#2230 = CARTESIAN_POINT ( 'NONE',  ( 22.50000000000011369, -7.703719777548933559E-32, 58.59999999999996589 ) ) ;
#2231 = ORIENTED_EDGE ( 'NONE', *, *, #8116, .T. ) ;
#2232 = VERTEX_POINT ( 'NONE', #9937 ) ;
#2233 = ORIENTED_EDGE ( 'NONE', *, *, #2738, .F. ) ;
#2234 = CARTESIAN_POINT ( 'NONE',  ( 0.4999999999999991673, 59.74999999999998579, 69.34999999999999432 ) ) ;
#2235 = CARTESIAN_POINT ( 'NONE',  ( 105.9975185951050349, 10.04975185951050065, -10.00000000000000000 ) ) ;
#2236 = ORIENTED_EDGE ( 'NONE', *, *, #10610, .F. ) ;
#2237 = LINE ( 'NONE', #9613, #7209 ) ;
#2238 = VERTEX_POINT ( 'NONE', #10902 ) ;
#2239 = PERSON_AND_ORGANIZATION_ROLE ( 'creator' ) ;
#2240 = LINE ( 'NONE', #11292, #1970 ) ;
#2241 = PLANE ( 'NONE',  #11056 ) ;
#2242 = ORIENTED_EDGE ( 'NONE', *, *, #9198, .T. ) ;
#2243 = PLANE ( 'NONE',  #6484 ) ;
#2244 = EDGE_CURVE ( 'NONE', #9270, #12253, #9392, .T. ) ;
#2245 = VECTOR ( 'NONE', #8390, 1000.000000000000114 ) ;
#2246 = EDGE_LOOP ( 'NONE', ( #8413, #3548, #7170, #1381 ) ) ;
#2247 = CARTESIAN_POINT ( 'NONE',  ( -0.4999999999999831246, 20.00000000000172662, 40.05000000006207728 ) ) ;
#2248 = CARTESIAN_POINT ( 'NONE',  ( 1.000000000000005329, 33.50000000000176925, 38.40000000006348557 ) ) ;
#2249 = FACE_OUTER_BOUND ( 'NONE', #6235, .T. ) ;
#2250 = ADVANCED_FACE ( 'NONE', ( #9452 ), #10108, .T. ) ;
#2251 = DIRECTION ( 'NONE',  ( 0.7071067811865376918, 8.117435735382459193E-17, 0.7071067811865574537 ) ) ;
#2252 = ORIENTED_EDGE ( 'NONE', *, *, #427, .T. ) ;
#2253 = DIRECTION ( 'NONE',  ( 0.000000000000000000, 0.000000000000000000, 1.000000000000000000 ) ) ;
#2254 = DIRECTION ( 'NONE',  ( 1.000000000000000000, 0.000000000000000000, 0.000000000000000000 ) ) ;
#2255 = ORIENTED_EDGE ( 'NONE', *, *, #5367, .F. ) ;
#2256 = AXIS2_PLACEMENT_3D ( 'NONE', #6666, #8717, #2047 ) ;
#2257 = CARTESIAN_POINT ( 'NONE',  ( 73.00000000000017053, 2.499999999999976907, 10.00000000000003020 ) ) ;
#2259 = DIRECTION ( 'NONE',  ( -0.000000000000000000, 1.000000000000000000, -0.000000000000000000 ) ) ;
#2258 = DIRECTION ( 'NONE',  ( 1.000000000000000000, 0.000000000000000000, 0.000000000000000000 ) ) ;
#2260 = DIRECTION ( 'NONE',  ( 8.195446571860579663E-34, -1.000000000000000000, -0.000000000000000000 ) ) ;
#2261 = EDGE_LOOP ( 'NONE', ( #10451, #9356, #11478, #10369, #11158, #2152 ) ) ;
#2262 = VERTEX_POINT ( 'NONE', #12051 ) ;
#2263 = EDGE_CURVE ( 'NONE', #6248, #9363, #1467, .T. ) ;
#2264 = FACE_OUTER_BOUND ( 'NONE', #7243, .T. ) ;
#2265 = CARTESIAN_POINT ( 'NONE',  ( 32.96165861084708837, 65.35417616170106214, 50.13834138915263594 ) ) ;
#2266 = CARTESIAN_POINT ( 'NONE',  ( 105.5000000000000284, 3.999999999999991562, -10.00000000000000000 ) ) ;
#2267 = CONICAL_SURFACE ( 'NONE', #5270, 1.500000000000008216, 0.7853981633974431720 ) ;
#2268 = DIRECTION ( 'NONE',  ( 2.855511894612032274E-16, 2.340219516760528775E-49, -1.000000000000000000 ) ) ;
#2269 = ORIENTED_EDGE ( 'NONE', *, *, #7874, .F. ) ;
#2270 = ORIENTED_EDGE ( 'NONE', *, *, #11337, .T. ) ;
#2271 = EDGE_CURVE ( 'NONE', #2347, #10347, #5460, .T. ) ;
#2272 = CARTESIAN_POINT ( 'NONE',  ( 3.999999999999896971, 59.49999999999999289, 19.24999999999999645 ) ) ;
#2273 = VECTOR ( 'NONE', #8267, 1000.000000000000000 ) ;
#2274 = ORIENTED_EDGE ( 'NONE', *, *, #4239, .T. ) ;
#2275 = EDGE_CURVE ( 'NONE', #5890, #7839, #5347, .T. ) ;
#2276 = EDGE_LOOP ( 'NONE', ( #10916, #11470, #1853, #1111 ) ) ;
#2277 = CARTESIAN_POINT ( 'NONE',  ( 100.5000000000002274, 3.000000000000000000, 58.59999999999996589 ) ) ;
#2278 = ADVANCED_FACE ( 'NONE', ( #1274 ), #2858, .T. ) ;
#2279 = ORIENTED_EDGE ( 'NONE', *, *, #7804, .F. ) ;
#2280 = AXIS2_PLACEMENT_3D ( 'NONE', #12137, #7609, #931 ) ;
#2281 = ORIENTED_EDGE ( 'NONE', *, *, #11079, .T. ) ;
#2282 = PLANE ( 'NONE',  #8703 ) ;
#2283 = LINE ( 'NONE', #5283, #6041 ) ;
#2284 = LINE ( 'NONE', #12370, #2605 ) ;
#2285 = CARTESIAN_POINT ( 'NONE',  ( 61.50000000000017764, 0.5000000000000125455, 10.00000000000003020 ) ) ;
#2286 = ORIENTED_EDGE ( 'NONE', *, *, #6724, .F. ) ;
#2287 = DIRECTION ( 'NONE',  ( 0.7071067811865523467, -0.7071067811865426878, 1.009575912219513923E-16 ) ) ;
#2288 = VECTOR ( 'NONE', #3285, 1000.000000000000000 ) ;
#2289 = VERTEX_POINT ( 'NONE', #3805 ) ;
#2290 = CARTESIAN_POINT ( 'NONE',  ( 4.000000000000000000, 59.99999999999998579, 49.24999999999999289 ) ) ;
#2291 = AXIS2_PLACEMENT_3D ( 'NONE', #2277, #2639, #11897 ) ;
#2292 = CARTESIAN_POINT ( 'NONE',  ( 116.5000000000000000, 4.000000000000005329, -10.00000000000000000 ) ) ;
#2293 = DIRECTION ( 'NONE',  ( 0.000000000000000000, 0.000000000000000000, 1.000000000000000000 ) ) ;
#2294 = EDGE_CURVE ( 'NONE', #1088, #9834, #9620, .T. ) ;
#2295 = VECTOR ( 'NONE', #5649, 1000.000000000000114 ) ;
#2296 = CARTESIAN_POINT ( 'NONE',  ( 89.50000000000024158, -2.212770574402335589E-32, 10.00000000000003020 ) ) ;
#2297 = CARTESIAN_POINT ( 'NONE',  ( 79.00000000000017053, -3.073292464447703219E-32, 10.00000000000003020 ) ) ;
#2298 = CARTESIAN_POINT ( 'NONE',  ( 14.50000000000002665, 2.499999999999987566, 58.59999999999996589 ) ) ;
#2299 = ORIENTED_EDGE ( 'NONE', *, *, #5958, .T. ) ;
#2300 = EDGE_CURVE ( 'NONE', #1265, #2807, #5527, .T. ) ;
#2301 = CARTESIAN_POINT ( 'NONE',  ( 14.00000000000001243, 3.000000000000000000, 10.00000000000003020 ) ) ;
#2302 = CARTESIAN_POINT ( 'NONE',  ( 102.0000000000002558, 10.00000000000000000, 10.00000000000003020 ) ) ;
#2303 = CARTESIAN_POINT ( 'NONE',  ( 21.00000000000010303, 10.00000000000000000, 58.59999999999996589 ) ) ;
#2305 = EDGE_LOOP ( 'NONE', ( #9933, #10409, #6751, #2517 ) ) ;
#2304 = PLANE ( 'NONE',  #11217 ) ;
#2306 = CYLINDRICAL_SURFACE ( 'NONE', #7702, 1.500000000000015099 ) ;
#2307 = FACE_OUTER_BOUND ( 'NONE', #11843, .T. ) ;
#2308 = ADVANCED_FACE ( 'NONE', ( #9369 ), #9500, .F. ) ;
#2309 = CARTESIAN_POINT ( 'NONE',  ( 53.00000000000014211, 3.000000000000000000, 10.00000000000003020 ) ) ;
#2310 = EDGE_CURVE ( 'NONE', #3144, #7057, #1445, .T. ) ;
#2311 = ORIENTED_EDGE ( 'NONE', *, *, #1383, .F. ) ;
#2312 = FACE_BOUND ( 'NONE', #12164, .T. ) ;
#2313 = ORIENTED_EDGE ( 'NONE', *, *, #4762, .F. ) ;
#2314 = VECTOR ( 'NONE', #1667, 1000.000000000000114 ) ;
#2315 = AXIS2_PLACEMENT_3D ( 'NONE', #9576, #11696, #8876 ) ;
#2316 = DIRECTION ( 'NONE',  ( 0.000000000000000000, -1.000000000000000000, 0.000000000000000000 ) ) ;
#2317 = CARTESIAN_POINT ( 'NONE',  ( 4.499999999999976019, 35.49999999999998579, 42.59999999999998721 ) ) ;
#2318 = DIRECTION ( 'NONE',  ( 0.000000000000000000, 0.000000000000000000, 1.000000000000000000 ) ) ;
#2319 = DIRECTION ( 'NONE',  ( -0.7071067811865500152, 2.775557561562891967E-17, -0.7071067811865451302 ) ) ;
#2320 = CARTESIAN_POINT ( 'NONE',  ( 104.5000000000000142, 6.000000000000000000, 66.59999999999999432 ) ) ;
#2321 = ORIENTED_EDGE ( 'NONE', *, *, #10733, .T. ) ;
#2322 = ORIENTED_EDGE ( 'NONE', *, *, #11833, .F. ) ;
#2323 = DIRECTION ( 'NONE',  ( -2.855511894612032274E-16, 0.000000000000000000, 1.000000000000000000 ) ) ;
#2324 = DIRECTION ( 'NONE',  ( 1.000000000000000000, 8.195446571860579663E-34, 2.855511894612032274E-16 ) ) ;
#2325 = DIRECTION ( 'NONE',  ( -0.7071067811865532349, -0.7071067811865419106, -1.009575912219515156E-16 ) ) ;
#2326 = ORIENTED_EDGE ( 'NONE', *, *, #11284, .T. ) ;
#2327 = ORIENTED_EDGE ( 'NONE', *, *, #9723, .T. ) ;
#2328 = ORIENTED_EDGE ( 'NONE', *, *, #2542, .T. ) ;
#2329 = CARTESIAN_POINT ( 'NONE',  ( 81.00000000000019895, 2.499999999999976907, 10.00000000000003020 ) ) ;
#2330 = ORIENTED_EDGE ( 'NONE', *, *, #8116, .F. ) ;
#2331 = LINE ( 'NONE', #2939, #2245 ) ;
#2332 = ADVANCED_FACE ( 'NONE', ( #9411 ), #7675, .F. ) ;
#2333 = ORIENTED_EDGE ( 'NONE', *, *, #6322, .T. ) ;
#2334 = CARTESIAN_POINT ( 'NONE',  ( 56.50000000000016342, 0.4999999999999848455, 58.59999999999996589 ) ) ;
#2335 = EDGE_CURVE ( 'NONE', #10050, #11828, #1340, .T. ) ;
#2336 = LINE ( 'NONE', #3753, #10599 ) ;
#2337 = EDGE_CURVE ( 'NONE', #2843, #7336, #5658, .T. ) ;
#2338 = FACE_OUTER_BOUND ( 'NONE', #5256, .T. ) ;
#2339 = CARTESIAN_POINT ( 'NONE',  ( 0.000000000000000000, 0.000000000000000000, 0.000000000000000000 ) ) ;
#2340 = AXIS2_PLACEMENT_3D ( 'NONE', #443, #2170, #10907 ) ;
#2341 = ORIENTED_EDGE ( 'NONE', *, *, #11826, .F. ) ;
#2342 = ORIENTED_EDGE ( 'NONE', *, *, #10575, .T. ) ;
#2343 = DIRECTION ( 'NONE',  ( -1.000000000000000000, 0.000000000000000000, 0.000000000000000000 ) ) ;
#2344 = DIRECTION ( 'NONE',  ( 1.147978770867005115E-16, -1.000000000000000000, 5.139921410301651782E-16 ) ) ;
#2345 = CARTESIAN_POINT ( 'NONE',  ( 55.00000000000015632, 3.000000000000000000, 58.59999999999996589 ) ) ;
#2346 = DIRECTION ( 'NONE',  ( 0.000000000000000000, 0.000000000000000000, 1.000000000000000000 ) ) ;
#2347 = VERTEX_POINT ( 'NONE', #12212 ) ;
#2348 = DIRECTION ( 'NONE',  ( -1.000000000000000000, 1.355252715606880851E-17, 0.000000000000000000 ) ) ;
#2349 = VECTOR ( 'NONE', #12010, 1000.000000000000000 ) ;
#2350 = DIRECTION ( 'NONE',  ( 0.000000000000000000, -1.000000000000000000, 0.000000000000000000 ) ) ;
#2351 = VECTOR ( 'NONE', #8083, 1000.000000000000000 ) ;
#2352 = EDGE_LOOP ( 'NONE', ( #9144, #9790, #440, #8859, #6296 ) ) ;
#2353 = DIRECTION ( 'NONE',  ( 0.000000000000000000, 0.000000000000000000, 1.000000000000000000 ) ) ;
#2354 = ORIENTED_EDGE ( 'NONE', *, *, #1219, .T. ) ;
#2355 = DIRECTION ( 'NONE',  ( 0.8164965809277119346, 0.5773502691896458261, 0.000000000000000000 ) ) ;
#2356 = CARTESIAN_POINT ( 'NONE',  ( 5.000000000000007105, 3.000000000000000000, -122.9712352769500541 ) ) ;
#2357 = VERTEX_POINT ( 'NONE', #4837 ) ;
#2358 = CARTESIAN_POINT ( 'NONE',  ( 116.5000000000000000, 6.500000000000009770, -9.499999999999996447 ) ) ;
#2359 = DIRECTION ( 'NONE',  ( 8.195446571860579663E-34, -1.000000000000000000, -0.000000000000000000 ) ) ;
#2360 = ADVANCED_FACE ( 'NONE', ( #5506 ), #12287, .F. ) ;
#2361 = EDGE_LOOP ( 'NONE', ( #6545, #5938, #9827, #6534, #4821 ) ) ;
#2362 = ORIENTED_EDGE ( 'NONE', *, *, #3106, .F. ) ;
#2363 = LINE ( 'NONE', #7094, #6575 ) ;
#2364 = EDGE_LOOP ( 'NONE', ( #958, #5865, #946, #3655 ) ) ;
#2365 = VERTEX_POINT ( 'NONE', #918 ) ;
#2366 = EDGE_CURVE ( 'NONE', #6014, #6013, #1233, .T. ) ;
#2367 = DIRECTION ( 'NONE',  ( 0.000000000000000000, -0.7071067811865512365, -0.7071067811865439090 ) ) ;
#2368 = AXIS2_PLACEMENT_3D ( 'NONE', #1159, #2110, #3099 ) ;
#2369 = DIRECTION ( 'NONE',  ( 1.000000000000000000, 1.224646799147352961E-16, -0.000000000000000000 ) ) ;
#2370 = UNCERTAINTY_MEASURE_WITH_UNIT (LENGTH_MEASURE( 1.000000000000000082E-05 ), #7945, 'distance_accuracy_value', 'NONE');
#2371 = DIRECTION ( 'NONE',  ( -1.000000000000000000, -1.147978770867005115E-16, -0.000000000000000000 ) ) ;
#2372 = AXIS2_PLACEMENT_3D ( 'NONE', #5898, #6881, #9705 ) ;
#2373 = FACE_OUTER_BOUND ( 'NONE', #12127, .T. ) ;
#2374 = ORIENTED_EDGE ( 'NONE', *, *, #7615, .T. ) ;
#2375 = DIRECTION ( 'NONE',  ( 1.000000000000000000, 1.577021341797097314E-16, -0.000000000000000000 ) ) ;
#2376 = EDGE_LOOP ( 'NONE', ( #5406, #7572, #8360, #12174, #2758, #4693, #3858, #7438, #8215, #8474, #3493 ) ) ;
#2377 = LINE ( 'NONE', #9773, #2564 ) ;
#2378 = ORIENTED_EDGE ( 'NONE', *, *, #2674, .T. ) ;
#2379 = DIRECTION ( 'NONE',  ( 1.000000000000000000, -1.245442495573092286E-16, 0.000000000000000000 ) ) ;
#2380 = CARTESIAN_POINT ( 'NONE',  ( 95.50000000000019895, 0.5000000000000195399, 58.59999999999996589 ) ) ;
#2381 = DIRECTION ( 'NONE',  ( -1.427755947306016137E-16, 0.000000000000000000, -1.000000000000000000 ) ) ;
#2382 = VECTOR ( 'NONE', #11045, 1000.000000000000000 ) ;
#2383 = DIRECTION ( 'NONE',  ( 0.000000000000000000, -1.000000000000000000, 0.000000000000000000 ) ) ;
#2384 = DIRECTION ( 'NONE',  ( 0.000000000000000000, -1.000000000000000000, 0.000000000000000000 ) ) ;
#2385 = DIRECTION ( 'NONE',  ( 1.000000000000000000, 0.000000000000000000, 0.000000000000000000 ) ) ;
#2386 = DIRECTION ( 'NONE',  ( -0.7071067811865536790, -0.7071067811865414665, -0.000000000000000000 ) ) ;
#2387 = EDGE_CURVE ( 'NONE', #8886, #2393, #9690, .T. ) ;
#2388 = ORIENTED_EDGE ( 'NONE', *, *, #1298, .T. ) ;
#2389 = CARTESIAN_POINT ( 'NONE',  ( 6.000000000000004441, 54.50000000000000711, -9.499999999999996447 ) ) ;
#2390 = CARTESIAN_POINT ( 'NONE',  ( 74.50000000000018474, 0.5000000000000195399, 10.00000000000003020 ) ) ;
#2391 = VERTEX_POINT ( 'NONE', #9537 ) ;
#2392 = ADVANCED_FACE ( 'NONE', ( #1114 ), #9548, .F. ) ;
#2393 = VERTEX_POINT ( 'NONE', #8692 ) ;
#2394 = CARTESIAN_POINT ( 'NONE',  ( 110.5000000000000284, 8.999999999999998224, -9.499999999999996447 ) ) ;
#2395 = CARTESIAN_POINT ( 'NONE',  ( 0.000000000000000000, 0.000000000000000000, 9.100000000063497296 ) ) ;
#2396 = EDGE_CURVE ( 'NONE', #8107, #6499, #9602, .T. ) ;
#2397 = CARTESIAN_POINT ( 'NONE',  ( 6.000000000000012434, 4.500000000000000000, -9.499999999999996447 ) ) ;
#2398 = EDGE_CURVE ( 'NONE', #2573, #4306, #5571, .T. ) ;
#2399 = LINE ( 'NONE', #7883, #10995 ) ;
#2400 = VECTOR ( 'NONE', #7920, 1000.000000000000000 ) ;
#2401 = ORIENTED_EDGE ( 'NONE', *, *, #5495, .F. ) ;
#2402 = ORIENTED_EDGE ( 'NONE', *, *, #9779, .F. ) ;
#2403 = DIRECTION ( 'NONE',  ( 0.000000000000000000, 0.7071067811865451302, -0.7071067811865500152 ) ) ;
#2404 = CARTESIAN_POINT ( 'NONE',  ( 5.510910596163067862E-16, 55.50000000000000000, 22.09999999999999432 ) ) ;
#2405 = AXIS2_PLACEMENT_3D ( 'NONE', #3930, #9334, #7562 ) ;
#2406 = LINE ( 'NONE', #5096, #10662 ) ;
#2407 = VECTOR ( 'NONE', #12147, 1000.000000000000000 ) ;
#2408 = EDGE_CURVE ( 'NONE', #46, #9645, #5593, .T. ) ;
#2409 = CARTESIAN_POINT ( 'NONE',  ( 94.00000000000019895, 3.000000000000000000, 60.59999999999998010 ) ) ;
#2410 = CARTESIAN_POINT ( 'NONE',  ( 16.00000000000012434, 0.4999999999999813483, 10.00000000000003020 ) ) ;
#2411 = DIRECTION ( 'NONE',  ( 0.000000000000000000, -1.000000000000000000, 0.000000000000000000 ) ) ;
#2412 = ORIENTED_EDGE ( 'NONE', *, *, #5139, .F. ) ;
#2413 = DIRECTION ( 'NONE',  ( 1.000000000000000000, 8.195446571860579663E-34, 0.000000000000000000 ) ) ;
#2414 = LINE ( 'NONE', #11279, #6533 ) ;
#2415 = VERTEX_POINT ( 'NONE', #8368 ) ;
#2416 = CARTESIAN_POINT ( 'NONE',  ( 92.00000000000012790, 3.000000000000000000, -122.9712352769500825 ) ) ;
#2417 = ORIENTED_EDGE ( 'NONE', *, *, #8544, .F. ) ;
#2418 = EDGE_CURVE ( 'NONE', #9325, #8470, #9353, .T. ) ;
#2419 = ORIENTED_EDGE ( 'NONE', *, *, #3216, .F. ) ;
#2420 = APPROVAL_ROLE ( '' ) ;
#2421 = EDGE_CURVE ( 'NONE', #7307, #6865, #5263, .T. ) ;
#2422 = DIRECTION ( 'NONE',  ( 0.000000000000000000, -0.7071067811865549002, -0.7071067811865402453 ) ) ;
#2423 = LINE ( 'NONE', #3739, #6714 ) ;
#2424 = ORIENTED_EDGE ( 'NONE', *, *, #3173, .T. ) ;
#2425 = ORIENTED_EDGE ( 'NONE', *, *, #8998, .F. ) ;
#2426 = CARTESIAN_POINT ( 'NONE',  ( 0.4999999999999950040, 49.49999999999999289, 69.59999999999999432 ) ) ;
#2427 = CARTESIAN_POINT ( 'NONE',  ( 85.64644660940673759, -14.85355339059329083, 69.59999999999999432 ) ) ;
#2428 = ORIENTED_EDGE ( 'NONE', *, *, #4833, .T. ) ;
#2429 = ORIENTED_EDGE ( 'NONE', *, *, #3037, .F. ) ;
#2430 = AXIS2_PLACEMENT_3D ( 'NONE', #7992, #11107, #6390 ) ;
#2431 = VECTOR ( 'NONE', #5363, 1000.000000000000000 ) ;
#2432 = EDGE_CURVE ( 'NONE', #10479, #4961, #1142, .T. ) ;
#2433 = CARTESIAN_POINT ( 'NONE',  ( 96.00000000000027001, 3.000000000000000000, -122.9712352769500256 ) ) ;
#2434 = ORIENTED_EDGE ( 'NONE', *, *, #2263, .F. ) ;
#2435 = ORIENTED_EDGE ( 'NONE', *, *, #7111, .T. ) ;
#2436 = ORIENTED_EDGE ( 'NONE', *, *, #7740, .T. ) ;
#2437 = EDGE_LOOP ( 'NONE', ( #6236, #4785, #1941, #8909 ) ) ;
#2438 = DIRECTION ( 'NONE',  ( 0.000000000000000000, 0.000000000000000000, -1.000000000000000000 ) ) ;
#2439 = DIRECTION ( 'NONE',  ( 0.000000000000000000, -0.7071067811865512365, -0.7071067811865439090 ) ) ;
#2440 = EDGE_LOOP ( 'NONE', ( #5970, #5677, #3040, #6185 ) ) ;
#2441 = ORIENTED_EDGE ( 'NONE', *, *, #10733, .F. ) ;
#2442 = EDGE_CURVE ( 'NONE', #12224, #11237, #5334, .T. ) ;
#2443 = VECTOR ( 'NONE', #7480, 1000.000000000000000 ) ;
#2444 = CARTESIAN_POINT ( 'NONE',  ( 92.50000000000019895, 10.00000000000000000, 58.59999999999996589 ) ) ;
#2445 = ORIENTED_EDGE ( 'NONE', *, *, #10757, .F. ) ;
#2446 = EDGE_CURVE ( 'NONE', #8283, #11832, #1880, .T. ) ;
#2447 = DIRECTION ( 'NONE',  ( 0.6785983445458616536, -0.2810846377147837027, 0.6785983445458475538 ) ) ;
#2448 = VECTOR ( 'NONE', #8671, 1000.000000000000000 ) ;
#2449 = DIRECTION ( 'NONE',  ( -0.7071067811865500152, 0.7071067811865451302, -0.000000000000000000 ) ) ;
#2450 = VERTEX_POINT ( 'NONE', #7214 ) ;
#2451 = ADVANCED_FACE ( 'NONE', ( #9977 ), #5272, .F. ) ;
#2452 = DIRECTION ( 'NONE',  ( -1.000000000000000000, -1.147978770867005115E-16, -0.000000000000000000 ) ) ;
#2453 = CARTESIAN_POINT ( 'NONE',  ( 31.00000000000015632, 3.000000000000000000, 58.59999999999996589 ) ) ;
#2454 = LINE ( 'NONE', #1241, #2882 ) ;
#2455 = ORIENTED_EDGE ( 'NONE', *, *, #7825, .T. ) ;
#2456 = EDGE_CURVE ( 'NONE', #1867, #7307, #10336, .T. ) ;
#2457 = VERTEX_POINT ( 'NONE', #466 ) ;
#2458 = DIRECTION ( 'NONE',  ( -1.000000000000000000, 1.355252715606880851E-17, 0.000000000000000000 ) ) ;
#2459 = AXIS2_PLACEMENT_3D ( 'NONE', #8126, #9039, #10886 ) ;
#2460 = ORIENTED_EDGE ( 'NONE', *, *, #12269, .F. ) ;
#2461 = EDGE_LOOP ( 'NONE', ( #1771, #11412, #1555, #6640, #7952, #7793, #8832, #8183, #11980, #3788 ) ) ;
#2462 = FACE_OUTER_BOUND ( 'NONE', #10507, .T. ) ;
#2463 = ORIENTED_EDGE ( 'NONE', *, *, #3181, .F. ) ;
#2464 = DIRECTION ( 'NONE',  ( 0.000000000000000000, 0.000000000000000000, 1.000000000000000000 ) ) ;
#2465 = CARTESIAN_POINT ( 'NONE',  ( 1.999999999999896749, 52.49999999999998579, 24.94999999999999218 ) ) ;
#2466 = ORIENTED_EDGE ( 'NONE', *, *, #2398, .T. ) ;
#2467 = ORIENTED_EDGE ( 'NONE', *, *, #10656, .F. ) ;
#2468 = EDGE_LOOP ( 'NONE', ( #1751, #5889, #8705, #10220 ) ) ;
#2469 = AXIS2_PLACEMENT_3D ( 'NONE', #11100, #700, #9152 ) ;
#2470 = DIRECTION ( 'NONE',  ( -1.000000000000000000, 0.000000000000000000, 0.000000000000000000 ) ) ;
#2471 = VECTOR ( 'NONE', #5617, 1000.000000000000000 ) ;
#2472 = VECTOR ( 'NONE', #463, 1000.000000000000000 ) ;
#2473 = DIRECTION ( 'NONE',  ( -0.000000000000000000, -0.7071067811865549002, -0.7071067811865402453 ) ) ;
#2474 = VERTEX_POINT ( 'NONE', #9245 ) ;
#2475 = DIRECTION ( 'NONE',  ( -1.000000000000000000, -0.000000000000000000, 0.000000000000000000 ) ) ;
#2476 = DIRECTION ( 'NONE',  ( 0.000000000000000000, -1.000000000000000000, 0.000000000000000000 ) ) ;
#2477 = EDGE_CURVE ( 'NONE', #4036, #8613, #2048, .T. ) ;
#2478 = CARTESIAN_POINT ( 'NONE',  ( 61.50000000000017764, -4.507495614523303163E-32, 10.00000000000003020 ) ) ;
#2479 = DIRECTION ( 'NONE',  ( -1.000000000000000000, -1.147978770867005362E-16, -0.000000000000000000 ) ) ;
#2480 = VECTOR ( 'NONE', #7557, 1000.000000000000000 ) ;
#2481 = PLANE ( 'NONE',  #6070 ) ;
#2482 = CIRCLE ( 'NONE', #7365, 1.999999999999991340 ) ;
#2483 = ADVANCED_FACE ( 'NONE', ( #6230 ), #9085, .F. ) ;
#2484 = ORIENTED_EDGE ( 'NONE', *, *, #3315, .F. ) ;
#2485 = EDGE_LOOP ( 'NONE', ( #11270, #10574, #6717, #6461 ) ) ;
#2486 = PLANE ( 'NONE',  #2943 ) ;
#2487 = CARTESIAN_POINT ( 'NONE',  ( 13.49999999999999645, 54.00000000000001421, 69.59999999999999432 ) ) ;
#2488 = EDGE_LOOP ( 'NONE', ( #8877, #8159, #7044, #5674 ) ) ;
#2489 = ORIENTED_EDGE ( 'NONE', *, *, #10065, .F. ) ;
#2490 = EDGE_CURVE ( 'NONE', #9986, #6628, #6120, .T. ) ;
#2491 = VERTEX_POINT ( 'NONE', #7304 ) ;
#2492 = CARTESIAN_POINT ( 'NONE',  ( 1.999999999999896749, 52.49999999999998579, 19.24999999999999645 ) ) ;
#2493 = ORIENTED_EDGE ( 'NONE', *, *, #6126, .T. ) ;
#2494 = CARTESIAN_POINT ( 'NONE',  ( 35.50000000000012790, -6.638311723207057125E-32, 58.59999999999996589 ) ) ;
#2495 = LINE ( 'NONE', #3528, #6654 ) ;
#2496 = DIRECTION ( 'NONE',  ( 0.000000000000000000, -0.000000000000000000, 1.000000000000000000 ) ) ;
#2497 = AXIS2_PLACEMENT_3D ( 'NONE', #2677, #4602, #2748 ) ;
#2498 = DIRECTION ( 'NONE',  ( -0.000000000000000000, -0.000000000000000000, -1.000000000000000000 ) ) ;
#2499 = DIRECTION ( 'NONE',  ( 0.000000000000000000, 0.000000000000000000, -1.000000000000000000 ) ) ;
#2500 = LINE ( 'NONE', #5065, #2917 ) ;
#2501 = ORIENTED_EDGE ( 'NONE', *, *, #8108, .F. ) ;
#2502 = ORIENTED_EDGE ( 'NONE', *, *, #11714, .T. ) ;
#2503 = EDGE_LOOP ( 'NONE', ( #4008, #5069, #7517, #4933, #6441 ) ) ;
#2504 = DIRECTION ( 'NONE',  ( -2.855511894612032274E-16, 0.000000000000000000, 1.000000000000000000 ) ) ;
#2505 = CARTESIAN_POINT ( 'NONE',  ( 83.00000000000022737, 3.000000000000000000, 10.00000000000003020 ) ) ;
#2506 = ORIENTED_EDGE ( 'NONE', *, *, #10426, .F. ) ;
#2507 = ORIENTED_EDGE ( 'NONE', *, *, #9307, .F. ) ;
#2508 = DIRECTION ( 'NONE',  ( 0.000000000000000000, 0.7071067811865444641, -0.7071067811865505703 ) ) ;
#2509 = VECTOR ( 'NONE', #5513, 1000.000000000000000 ) ;
#2510 = CARTESIAN_POINT ( 'NONE',  ( 1.000000000000005995, 20.00000000000172662, 41.75000000006208012 ) ) ;
#2511 = VERTEX_POINT ( 'NONE', #11035 ) ;
#2512 = ORIENTED_EDGE ( 'NONE', *, *, #5300, .F. ) ;
#2513 = CARTESIAN_POINT ( 'NONE',  ( 5.000000000000000888, 50.50000000000006395, 38.50000000006347989 ) ) ;
#2514 = EDGE_LOOP ( 'NONE', ( #3795, #1727, #8315, #1367 ) ) ;
#2515 = ADVANCED_FACE ( 'NONE', ( #10105 ), #3431, .T. ) ;
#2516 = ORIENTED_EDGE ( 'NONE', *, *, #4017, .F. ) ;
#2517 = ORIENTED_EDGE ( 'NONE', *, *, #3855, .F. ) ;
#2518 = EDGE_CURVE ( 'NONE', #2659, #10510, #2027, .T. ) ;
#2519 = DIRECTION ( 'NONE',  ( 0.000000000000000000, 0.000000000000000000, 1.000000000000000000 ) ) ;
#2520 = DIRECTION ( 'NONE',  ( -1.147978770867005115E-16, 1.000000000000000000, 0.000000000000000000 ) ) ;
#2521 = LINE ( 'NONE', #11907, #2400 ) ;
#2522 = DIRECTION ( 'NONE',  ( 9.856383386231778708E-17, -1.000000000000000000, 0.000000000000000000 ) ) ;
#2523 = EDGE_LOOP ( 'NONE', ( #4390, #8304, #8792, #7968 ) ) ;
#2524 = CARTESIAN_POINT ( 'NONE',  ( 1.000000000000005329, 33.50000000000178346, 9.100000000063497296 ) ) ;
#2525 = EDGE_CURVE ( 'NONE', #8646, #1182, #2005, .T. ) ;
#2526 = FACE_OUTER_BOUND ( 'NONE', #12110, .T. ) ;
#2527 = AXIS2_PLACEMENT_3D ( 'NONE', #3629, #6548, #2770 ) ;
#2528 = LINE ( 'NONE', #4567, #2221 ) ;
#2529 = ORIENTED_EDGE ( 'NONE', *, *, #3913, .T. ) ;
#2530 = PLANE ( 'NONE',  #8682 ) ;
#2531 = ORIENTED_EDGE ( 'NONE', *, *, #5640, .T. ) ;
#2532 = ORIENTED_EDGE ( 'NONE', *, *, #11095, .T. ) ;
#2533 = CIRCLE ( 'NONE', #736, 1.500000000000015099 ) ;
#2534 = ORIENTED_EDGE ( 'NONE', *, *, #2222, .F. ) ;
#2535 = LINE ( 'NONE', #863, #3048 ) ;
#2536 = ORIENTED_EDGE ( 'NONE', *, *, #10362, .F. ) ;
#2537 = ORIENTED_EDGE ( 'NONE', *, *, #41, .T. ) ;
#2539 = DIRECTION ( 'NONE',  ( -0.5000000000000087708, 0.5000000000000018874, 0.7071067811865401342 ) ) ;
#2538 = CARTESIAN_POINT ( 'NONE',  ( 3.000000000000004441, 20.00000000000172662, 41.75000000006208012 ) ) ;
#2540 = LINE ( 'NONE', #5528, #2697 ) ;
#2541 = CARTESIAN_POINT ( 'NONE',  ( 5.000000000000004441, 21.70000000000002061, 5.750000000064023453 ) ) ;
#2542 = EDGE_CURVE ( 'NONE', #1557, #208, #10301, .T. ) ;
#2543 = CIRCLE ( 'NONE', #9510, 1.500000000000008216 ) ;
#2544 = ORIENTED_EDGE ( 'NONE', *, *, #6844, .T. ) ;
#2545 = CARTESIAN_POINT ( 'NONE',  ( 5.500000000000000000, 54.50000000000000711, -9.499999999999996447 ) ) ;
#2546 = ORIENTED_EDGE ( 'NONE', *, *, #1988, .T. ) ;
#2547 = DIRECTION ( 'NONE',  ( 1.278217298088174232E-16, -1.000000000000000000, 0.000000000000000000 ) ) ;
#2548 = DIRECTION ( 'NONE',  ( 9.251858538542962756E-15, -1.000000000000000000, 0.000000000000000000 ) ) ;
#2549 = ORIENTED_EDGE ( 'NONE', *, *, #1889, .F. ) ;
#2550 = DIRECTION ( 'NONE',  ( 2.855511894612032274E-16, 0.000000000000000000, -1.000000000000000000 ) ) ;
#2551 = DIRECTION ( 'NONE',  ( 0.000000000000000000, -1.000000000000000000, 0.000000000000000000 ) ) ;
#2552 = AXIS2_PLACEMENT_3D ( 'NONE', #6465, #841, #2550 ) ;
#2553 = CARTESIAN_POINT ( 'NONE',  ( 1.000000000000050404, -9.465740790498964559E-32, 69.09999999999998010 ) ) ;
#2554 = ORIENTED_EDGE ( 'NONE', *, *, #10805, .T. ) ;
#2555 = AXIS2_PLACEMENT_3D ( 'NONE', #11974, #11803, #9847 ) ;
#2556 = EDGE_LOOP ( 'NONE', ( #9932, #5361, #3725, #9044 ) ) ;
#2557 = LINE ( 'NONE', #4473, #7119 ) ;
#2558 = ORIENTED_EDGE ( 'NONE', *, *, #4403, .F. ) ;
#2559 = CARTESIAN_POINT ( 'NONE',  ( 81.00000000000019895, 0.5000000000000195399, 10.00000000000003020 ) ) ;
#2560 = ORIENTED_EDGE ( 'NONE', *, *, #11317, .F. ) ;
#2561 = CYLINDRICAL_SURFACE ( 'NONE', #9884, 1.699999999999993072 ) ;
#2562 = LINE ( 'NONE', #7467, #10659 ) ;
#2563 = EDGE_LOOP ( 'NONE', ( #11111, #5290, #1488, #5103, #1518 ) ) ;
#2564 = VECTOR ( 'NONE', #9018, 1000.000000000000000 ) ;
#2565 = CARTESIAN_POINT ( 'NONE',  ( 1.999999999999896749, 59.99999999999998579, 19.24999999999999645 ) ) ;
#2566 = ADVANCED_FACE ( 'NONE', ( #10045 ), #3508, .T. ) ;
#2567 = DIRECTION ( 'NONE',  ( -1.000000000000000000, 0.000000000000000000, 0.000000000000000000 ) ) ;
#2568 = DIRECTION ( 'NONE',  ( 0.7071067811865500152, -0.7071067811865451302, 0.000000000000000000 ) ) ;
#2569 = DIRECTION ( 'NONE',  ( 0.7071067811865420216, 0.7071067811865531239, 2.114642392724631837E-16 ) ) ;
#2570 = CARTESIAN_POINT ( 'NONE',  ( -0.9999999999999986677, 49.49999999999997868, 65.09999999999999432 ) ) ;
#2571 = EDGE_CURVE ( 'NONE', #3132, #3996, #5927, .T. ) ;
#2572 = DIRECTION ( 'NONE',  ( -8.069965350965125032E-17, 0.7071067811865479058, 0.7071067811865470176 ) ) ;
#2573 = VERTEX_POINT ( 'NONE', #12163 ) ;
#2574 = DIRECTION ( 'NONE',  ( 0.000000000000000000, -1.000000000000000000, 0.000000000000000000 ) ) ;
#2575 = PLANE ( 'NONE',  #12100 ) ;
#2576 = ORIENTED_EDGE ( 'NONE', *, *, #8481, .T. ) ;
#2577 = EDGE_LOOP ( 'NONE', ( #2281, #10706, #5811, #4782 ) ) ;
#2578 = AXIS2_PLACEMENT_3D ( 'NONE', #7040, #8910, #9865 ) ;
#2579 = ORIENTED_EDGE ( 'NONE', *, *, #7913, .T. ) ;
#2580 = DIRECTION ( 'NONE',  ( 8.195446571860579663E-34, -1.000000000000000000, -0.000000000000000000 ) ) ;
#2581 = CARTESIAN_POINT ( 'NONE',  ( 68.00000000000018474, 0.4999999999999917843, 10.00000000000003020 ) ) ;
#2582 = LINE ( 'NONE', #10955, #2349 ) ;
#2583 = LINE ( 'NONE', #856, #2171 ) ;
#2584 = CARTESIAN_POINT ( 'NONE',  ( 104.5000000000000000, 3.000000000000000000, 2.000000000000001776 ) ) ;
#2585 = CIRCLE ( 'NONE', #5553, 1.999999999999988010 ) ;
#2586 = ORIENTED_EDGE ( 'NONE', *, *, #7432, .T. ) ;
#2587 = EDGE_CURVE ( 'NONE', #6208, #881, #10124, .T. ) ;
#2588 = VECTOR ( 'NONE', #8927, 1000.000000000000000 ) ;
#2589 = CARTESIAN_POINT ( 'NONE',  ( 72.50000000000015632, 3.000000000000000000, 10.00000000000003020 ) ) ;
#2590 = CARTESIAN_POINT ( 'NONE',  ( -0.9999999999999970024, 33.50000000000178346, 9.000000000063508310 ) ) ;
#2591 = DIRECTION ( 'NONE',  ( -0.000000000000000000, 1.000000000000000000, -0.000000000000000000 ) ) ;
#2592 = ADVANCED_FACE ( 'NONE', ( #10644 ), #9697, .F. ) ;
#2593 = CARTESIAN_POINT ( 'NONE',  ( 87.50000000000018474, 3.000000000000000000, 58.59999999999996589 ) ) ;
#2594 = EDGE_CURVE ( 'NONE', #799, #1902, #2747, .T. ) ;
#2595 = ORIENTED_EDGE ( 'NONE', *, *, #1383, .T. ) ;
#2596 = ORIENTED_EDGE ( 'NONE', *, *, #5933, .T. ) ;
#2597 = DIRECTION ( 'NONE',  ( 0.000000000000000000, 0.000000000000000000, -1.000000000000000000 ) ) ;
#2598 = AXIS2_PLACEMENT_3D ( 'NONE', #7689, #614, #2865 ) ;
#2599 = DIRECTION ( 'NONE',  ( 0.000000000000000000, 0.000000000000000000, -1.000000000000000000 ) ) ;
#2600 = ORIENTED_EDGE ( 'NONE', *, *, #2937, .F. ) ;
#2601 = ORIENTED_EDGE ( 'NONE', *, *, #1480, .F. ) ;
#2602 = APPROVAL_STATUS ( 'not_yet_approved' ) ;
#2603 = VECTOR ( 'NONE', #562, 1000.000000000000114 ) ;
#2604 = CARTESIAN_POINT ( 'NONE',  ( 86.00000000000015632, 2.499999999999976907, 58.59999999999996589 ) ) ;
#2605 = VECTOR ( 'NONE', #6721, 1000.000000000000000 ) ;
#2606 = ORIENTED_EDGE ( 'NONE', *, *, #6706, .F. ) ;
#2607 = EDGE_LOOP ( 'NONE', ( #6772, #10726, #744, #2819 ) ) ;
#2608 = DIRECTION ( 'NONE',  ( -0.7071067811865405783, 8.659560562355017907E-17, -0.7071067811865544561 ) ) ;
#2609 = AXIS2_PLACEMENT_3D ( 'NONE', #2492, #10304, #11212 ) ;
#2610 = ADVANCED_FACE ( 'NONE', ( #6392 ), #3747, .T. ) ;
#2611 = ORIENTED_EDGE ( 'NONE', *, *, #5410, .T. ) ;
#2612 = ORIENTED_EDGE ( 'NONE', *, *, #232, .F. ) ;
#2613 = CARTESIAN_POINT ( 'NONE',  ( -0.9999999999999970024, 33.70710678118833670, 38.50000000006347278 ) ) ;
#2614 = ORIENTED_EDGE ( 'NONE', *, *, #3512, .F. ) ;
#2615 = ORIENTED_EDGE ( 'NONE', *, *, #4645, .F. ) ;
#2616 = EDGE_CURVE ( 'NONE', #11916, #7026, #6371, .T. ) ;
#2617 = CARTESIAN_POINT ( 'NONE',  ( 1.999999999999896749, 52.49999999999998579, 19.24999999999999645 ) ) ;
#2618 = ADVANCED_FACE ( 'NONE', ( #2338 ), #1882, .F. ) ;
#2619 = CARTESIAN_POINT ( 'NONE',  ( 9.000000000000005329, 17.05000000000001492, 9.100000000063497296 ) ) ;
#2620 = ORIENTED_EDGE ( 'NONE', *, *, #1325, .T. ) ;
#2621 = CARTESIAN_POINT ( 'NONE',  ( 6.499999999999992006, 4.999999999999985789, 69.59999999999999432 ) ) ;
#2622 = EDGE_CURVE ( 'NONE', #11631, #4304, #6508, .T. ) ;
#2623 = DIRECTION ( 'NONE',  ( 1.000000000000000000, 0.000000000000000000, 0.000000000000000000 ) ) ;
#2624 = AXIS2_PLACEMENT_3D ( 'NONE', #1213, #6122, #361 ) ;
#2625 = DIRECTION ( 'NONE',  ( 1.000000000000000000, 8.195446571860579663E-34, 0.000000000000000000 ) ) ;
#2626 = LINE ( 'NONE', #6901, #2756 ) ;
#2627 = ORIENTED_EDGE ( 'NONE', *, *, #1921, .F. ) ;
#2628 = LINE ( 'NONE', #6613, #2448 ) ;
#2629 = EDGE_CURVE ( 'NONE', #3144, #4409, #10600, .T. ) ;
#2630 = ORIENTED_EDGE ( 'NONE', *, *, #5257, .T. ) ;
#2631 = ORIENTED_EDGE ( 'NONE', *, *, #8445, .F. ) ;
#2632 = DIRECTION ( 'NONE',  ( -2.855511894612032274E-16, 0.000000000000000000, 1.000000000000000000 ) ) ;
#2633 = AXIS2_PLACEMENT_3D ( 'NONE', #7171, #5046, #9823 ) ;
#2634 = LINE ( 'NONE', #11514, #10880 ) ;
#2635 = DIRECTION ( 'NONE',  ( 8.117435735382557801E-17, -0.7071067811865463515, 0.7071067811865487940 ) ) ;
#2636 = VERTEX_POINT ( 'NONE', #2648 ) ;
#2637 = VERTEX_POINT ( 'NONE', #9323 ) ;
#2638 = ORIENTED_EDGE ( 'NONE', *, *, #3397, .F. ) ;
#2639 = DIRECTION ( 'NONE',  ( -0.000000000000000000, 1.000000000000000000, -0.000000000000000000 ) ) ;
#2640 = LINE ( 'NONE', #8649, #10632 ) ;
#2641 = ORIENTED_EDGE ( 'NONE', *, *, #11870, .T. ) ;
#2642 = EDGE_CURVE ( 'NONE', #8767, #6808, #2414, .T. ) ;
#2643 = DIRECTION ( 'NONE',  ( -2.855511894612032274E-16, 0.000000000000000000, -1.000000000000000000 ) ) ;
#2644 = VECTOR ( 'NONE', #5320, 1000.000000000000000 ) ;
#2645 = DIRECTION ( 'NONE',  ( -0.000000000000000000, 1.000000000000000000, -0.000000000000000000 ) ) ;
#2646 = DIRECTION ( 'NONE',  ( 1.000000000000000000, 9.912705577010318647E-16, 0.000000000000000000 ) ) ;
#2647 = EDGE_CURVE ( 'NONE', #10930, #9604, #10669, .T. ) ;
#2648 = CARTESIAN_POINT ( 'NONE',  ( 44.00000000000015632, 3.000000000000000000, 58.59999999999996589 ) ) ;
#2649 = DIRECTION ( 'NONE',  ( -1.000000000000000000, 0.000000000000000000, 0.000000000000000000 ) ) ;
#2650 = VECTOR ( 'NONE', #783, 1000.000000000000000 ) ;
#2651 = EDGE_LOOP ( 'NONE', ( #7530, #8031, #12145, #8815 ) ) ;
#2652 = EDGE_CURVE ( 'NONE', #9388, #10688, #2535, .T. ) ;
#2653 = DIRECTION ( 'NONE',  ( -1.147978770867005115E-16, 1.000000000000000000, 0.000000000000000000 ) ) ;
#2654 = DIRECTION ( 'NONE',  ( 9.038361193080950981E-17, -0.7071067811865479058, -0.7071067811865472397 ) ) ;
#2655 = AXIS2_PLACEMENT_3D ( 'NONE', #7194, #9060, #6033 ) ;
#2656 = ORIENTED_EDGE ( 'NONE', *, *, #7568, .T. ) ;
#2657 = ORIENTED_EDGE ( 'NONE', *, *, #11999, .F. ) ;
#2658 = CARTESIAN_POINT ( 'NONE',  ( 47.00000000000014211, 2.499999999999976907, 58.59999999999996589 ) ) ;
#2659 = VERTEX_POINT ( 'NONE', #5683 ) ;
#2660 = ORIENTED_EDGE ( 'NONE', *, *, #9140, .F. ) ;
#2661 = ORIENTED_EDGE ( 'NONE', *, *, #2275, .T. ) ;
#2662 = VECTOR ( 'NONE', #10830, 1000.000000000000000 ) ;
#2663 = ADVANCED_FACE ( 'NONE', ( #7012 ), #9495, .F. ) ;
#2664 = CARTESIAN_POINT ( 'NONE',  ( 116.5000000000000000, 8.499999999999996447, 69.09999999999998010 ) ) ;
#2665 = ORIENTED_EDGE ( 'NONE', *, *, #9723, .F. ) ;
#2666 = DIRECTION ( 'NONE',  ( 8.195446571860579663E-34, -1.000000000000000000, -0.000000000000000000 ) ) ;
#2667 = EDGE_CURVE ( 'NONE', #7307, #3243, #7290, .T. ) ;
#2668 = LINE ( 'NONE', #10375, #6895 ) ;
#2669 = DIRECTION ( 'NONE',  ( 0.000000000000000000, -1.000000000000000000, 0.000000000000000000 ) ) ;
#2670 = EDGE_LOOP ( 'NONE', ( #2977, #7622, #509, #462 ) ) ;
#2671 = ORIENTED_EDGE ( 'NONE', *, *, #1870, .T. ) ;
#2672 = ORIENTED_EDGE ( 'NONE', *, *, #4930, .F. ) ;
#2673 = ORIENTED_EDGE ( 'NONE', *, *, #9779, .T. ) ;
#2674 = EDGE_CURVE ( 'NONE', #6077, #3568, #2771, .T. ) ;
#2675 = AXIS2_PLACEMENT_3D ( 'NONE', #4430, #2574, #4650 ) ;
#2676 = PLANE ( 'NONE',  #8846 ) ;
#2677 = CARTESIAN_POINT ( 'NONE',  ( 5.000000000000004441, 20.00000000000002132, 5.750000000064023453 ) ) ;
#2678 = ORIENTED_EDGE ( 'NONE', *, *, #10985, .F. ) ;
#2679 = ORIENTED_EDGE ( 'NONE', *, *, #8696, .F. ) ;
#2680 = ORIENTED_EDGE ( 'NONE', *, *, #8729, .T. ) ;
#2681 = CIRCLE ( 'NONE', #8726, 1.700000000000000178 ) ;
#2682 = VECTOR ( 'NONE', #629, 1000.000000000000000 ) ;
#2683 = LINE ( 'NONE', #5585, #11018 ) ;
#2684 = VERTEX_POINT ( 'NONE', #5512 ) ;
#2685 = VECTOR ( 'NONE', #4440, 1000.000000000000000 ) ;
#2686 = ADVANCED_FACE ( 'NONE', ( #7333 ), #7468, .F. ) ;
#2687 = DIRECTION ( 'NONE',  ( -1.147978770867005115E-16, 1.000000000000000000, 0.000000000000000000 ) ) ;
#2688 = EDGE_CURVE ( 'NONE', #3737, #3243, #3183, .T. ) ;
#2689 = ORIENTED_EDGE ( 'NONE', *, *, #7544, .T. ) ;
#2690 = DIRECTION ( 'NONE',  ( 0.7071067811865475727, 0.000000000000000000, -0.7071067811865474617 ) ) ;
#2691 = CARTESIAN_POINT ( 'NONE',  ( 0.5000000000000027756, 35.49999999999998579, 66.59999999999999432 ) ) ;
#2692 = DIRECTION ( 'NONE',  ( 1.000000000000000000, 8.195446571860579663E-34, -7.138779736530080685E-17 ) ) ;
#2693 = EDGE_CURVE ( 'NONE', #2636, #11343, #11175, .T. ) ;
#2694 = ORIENTED_EDGE ( 'NONE', *, *, #7747, .F. ) ;
#2695 = AXIS2_PLACEMENT_3D ( 'NONE', #6277, #349, #1470 ) ;
#2696 = CARTESIAN_POINT ( 'NONE',  ( 68.00000000000017053, 2.499999999999963141, 58.59999999999996589 ) ) ;
#2697 = VECTOR ( 'NONE', #12336, 1000.000000000000000 ) ;
#2698 = CARTESIAN_POINT ( 'NONE',  ( 1.207106781186605193, 0.5000000000000029976, 69.59999999999999432 ) ) ;
#2699 = VECTOR ( 'NONE', #1585, 1000.000000000000000 ) ;
#2700 = EDGE_LOOP ( 'NONE', ( #3462, #10114, #621, #6786, #10710 ) ) ;
#2701 = ORIENTED_EDGE ( 'NONE', *, *, #10920, .T. ) ;
#2702 = ORIENTED_EDGE ( 'NONE', *, *, #1334, .T. ) ;
#2703 = AXIS2_PLACEMENT_3D ( 'NONE', #9792, #9984, #2209 ) ;
#2704 = CARTESIAN_POINT ( 'NONE',  ( 40.00000000000008527, 3.000000000000000000, -122.9712352769500541 ) ) ;
#2705 = ORIENTED_EDGE ( 'NONE', *, *, #4296, .F. ) ;
#2706 = ADVANCED_FACE ( 'NONE', ( #6949 ), #10139, .T. ) ;
#2707 = LINE ( 'NONE', #9888, #2382 ) ;
#2708 = ORIENTED_EDGE ( 'NONE', *, *, #5804, .T. ) ;
#2709 = ORIENTED_EDGE ( 'NONE', *, *, #11826, .T. ) ;
#2710 = PLANE ( 'NONE',  #6350 ) ;
#2711 = ORIENTED_EDGE ( 'NONE', *, *, #9041, .F. ) ;
#2712 = EDGE_CURVE ( 'NONE', #10133, #1997, #2838, .T. ) ;
#2713 = ADVANCED_FACE ( 'NONE', ( #2891 ), #11895, .F. ) ;
#2714 = VERTEX_POINT ( 'NONE', #551 ) ;
#2715 = ORIENTED_EDGE ( 'NONE', *, *, #12012, .T. ) ;
#2716 = DIRECTION ( 'NONE',  ( -0.7071067811865414665, -0.7071067811865536790, 0.000000000000000000 ) ) ;
#2717 = EDGE_CURVE ( 'NONE', #9066, #3185, #11615, .T. ) ;
#2718 = LINE ( 'NONE', #4656, #2471 ) ;
#2719 = CIRCLE ( 'NONE', #8651, 2.000000000000071054 ) ;
#2720 = DIRECTION ( 'NONE',  ( 4.088782444489051936E-16, -0.7071067811865544561, -0.7071067811865405783 ) ) ;
#2721 = ORIENTED_EDGE ( 'NONE', *, *, #5498, .F. ) ;
#2722 = CARTESIAN_POINT ( 'NONE',  ( 34.00000000000010658, 2.499999999999984013, 58.59999999999996589 ) ) ;
#2723 = AXIS2_PLACEMENT_3D ( 'NONE', #9965, #9160, #10138 ) ;
#2724 = CARTESIAN_POINT ( 'NONE',  ( 113.5000000000000000, 6.000000000000007105, -9.499999999999996447 ) ) ;
#2725 = DIRECTION ( 'NONE',  ( 8.195446571860579663E-34, -1.000000000000000000, -0.000000000000000000 ) ) ;
#2726 = EDGE_CURVE ( 'NONE', #4872, #6781, #11787, .T. ) ;
#2727 = DIRECTION ( 'NONE',  ( 0.000000000000000000, 0.000000000000000000, -1.000000000000000000 ) ) ;
#2728 = CARTESIAN_POINT ( 'NONE',  ( 50.00000000000016342, 0.5000000000000195399, 10.00000000000003020 ) ) ;
#2729 = CARTESIAN_POINT ( 'NONE',  ( 14.00000000000000533, 55.00000000000001421, -10.00000000000000000 ) ) ;
#2730 = CARTESIAN_POINT ( 'NONE',  ( 11.99999999999998934, 59.49999999999999289, -10.00000000000000000 ) ) ;
#2731 = CIRCLE ( 'NONE', #245, 2.000000000000029310 ) ;
#2732 = EDGE_CURVE ( 'NONE', #8193, #7390, #8226, .T. ) ;
#2733 = FACE_OUTER_BOUND ( 'NONE', #6758, .T. ) ;
#2734 = ORIENTED_EDGE ( 'NONE', *, *, #3394, .T. ) ;
#2735 = EDGE_LOOP ( 'NONE', ( #2006, #8556, #7460, #6637 ) ) ;
#2736 = ORIENTED_EDGE ( 'NONE', *, *, #3158, .T. ) ;
#2737 = DIRECTION ( 'NONE',  ( 8.195446571860579663E-34, -1.000000000000000000, -0.000000000000000000 ) ) ;
#2738 = EDGE_CURVE ( 'NONE', #9736, #11011, #3856, .T. ) ;
#2739 = ORIENTED_EDGE ( 'NONE', *, *, #2160, .F. ) ;
#2740 = DIRECTION ( 'NONE',  ( -1.427755947306016137E-16, -1.170109758380264387E-49, -1.000000000000000000 ) ) ;
#2741 = VECTOR ( 'NONE', #8371, 1000.000000000000114 ) ;
#2742 = EDGE_LOOP ( 'NONE', ( #10896, #7110, #7373, #11221 ) ) ;
#2743 = AXIS2_PLACEMENT_3D ( 'NONE', #10540, #962, #8 ) ;
#2744 = CARTESIAN_POINT ( 'NONE',  ( 56.50000000000016342, 2.499999999999970246, 10.00000000000003020 ) ) ;
#2745 = CARTESIAN_POINT ( 'NONE',  ( 5.510910596163067862E-16, 55.50000000000000000, 19.90000000000001634 ) ) ;
#2746 = DIRECTION ( 'NONE',  ( 1.000000000000000000, 0.000000000000000000, -0.000000000000000000 ) ) ;
#2747 = LINE ( 'NONE', #7627, #10579 ) ;
#2748 = DIRECTION ( 'NONE',  ( 0.000000000000000000, -1.000000000000000000, 0.000000000000000000 ) ) ;
#2749 = ORIENTED_EDGE ( 'NONE', *, *, #10295, .T. ) ;
#2750 = VERTEX_POINT ( 'NONE', #8003 ) ;
#2752 = EDGE_LOOP ( 'NONE', ( #11885, #7779, #4522, #10366 ) ) ;
#2751 = FACE_OUTER_BOUND ( 'NONE', #10680, .T. ) ;
#2753 = AXIS2_PLACEMENT_3D ( 'NONE', #4444, #2403, #8191 ) ;
#2754 = DIRECTION ( 'NONE',  ( -1.000000000000000000, 0.000000000000000000, 0.000000000000000000 ) ) ;
#2755 = LINE ( 'NONE', #12250, #2443 ) ;
#2756 = VECTOR ( 'NONE', #11433, 1000.000000000000000 ) ;
#2757 = ORIENTED_EDGE ( 'NONE', *, *, #6058, .T. ) ;
#2758 = ORIENTED_EDGE ( 'NONE', *, *, #8182, .T. ) ;
#2759 = CARTESIAN_POINT ( 'NONE',  ( 102.0000000000002558, 2.499999999999991118, 10.00000000000003020 ) ) ;
#2760 = ADVANCED_FACE ( 'NONE', ( #12186 ), #8178, .F. ) ;
#2761 = EDGE_CURVE ( 'NONE', #10559, #4457, #12204, .T. ) ;
#2762 = COORDINATED_UNIVERSAL_TIME_OFFSET ( 1, 0, .AHEAD. ) ;
#2763 = EDGE_CURVE ( 'NONE', #799, #9325, #3735, .T. ) ;
#2764 = ORIENTED_EDGE ( 'NONE', *, *, #10978, .F. ) ;
#2765 = CARTESIAN_POINT ( 'NONE',  ( 56.50000000000016342, 10.00000000000000000, 58.59999999999996589 ) ) ;
#2766 = VECTOR ( 'NONE', #5850, 1000.000000000000000 ) ;
#2767 = EDGE_CURVE ( 'NONE', #7067, #1649, #3678, .T. ) ;
#2768 = DIRECTION ( 'NONE',  ( 0.000000000000000000, 0.7071067811865536790, 0.7071067811865414665 ) ) ;
#2769 = CARTESIAN_POINT ( 'NONE',  ( 73.00000000000017053, 10.00000000000000000, 58.59999999999996589 ) ) ;
#2770 = DIRECTION ( 'NONE',  ( 0.7071067811865474617, -0.7071067811865474617, 0.000000000000000000 ) ) ;
#2771 = CIRCLE ( 'NONE', #11467, 1.500000000000022204 ) ;
#2772 = ORIENTED_EDGE ( 'NONE', *, *, #7010, .F. ) ;
#2774 = VERTEX_POINT ( 'NONE', #3107 ) ;
#2773 = LINE ( 'NONE', #2257, #11054 ) ;
#2775 = DIRECTION ( 'NONE',  ( -2.855511894612032274E-16, 0.000000000000000000, 1.000000000000000000 ) ) ;
#2776 = VECTOR ( 'NONE', #1737, 1000.000000000000000 ) ;
#2777 = VECTOR ( 'NONE', #12158, 1000.000000000000000 ) ;
#2778 = AXIS2_PLACEMENT_3D ( 'NONE', #9906, #1758, #11466 ) ;
#2779 = ORIENTED_EDGE ( 'NONE', *, *, #5638, .F. ) ;
#2780 = VECTOR ( 'NONE', #5760, 1000.000000000000114 ) ;
#2781 = DIRECTION ( 'NONE',  ( 0.000000000000000000, -1.000000000000000000, 0.000000000000000000 ) ) ;
#2782 = DIRECTION ( 'NONE',  ( -1.000000000000000000, -1.147978770867005115E-16, -0.000000000000000000 ) ) ;
#2783 = CARTESIAN_POINT ( 'NONE',  ( 9.000000000000007105, 6.500000000001787903, 38.00000000006350120 ) ) ;
#2784 = LINE ( 'NONE', #2729, #6940 ) ;
#2785 = PLANE ( 'NONE',  #3648 ) ;
#2786 = ADVANCED_FACE ( 'NONE', ( #12360 ), #8849, .T. ) ;
#2787 = ORIENTED_EDGE ( 'NONE', *, *, #8776, .T. ) ;
#2788 = CARTESIAN_POINT ( 'NONE',  ( 6.000000000000000888, 59.49999999999999289, 69.09999999999998010 ) ) ;
#2789 = VECTOR ( 'NONE', #9162, 1000.000000000000000 ) ;
#2790 = ORIENTED_EDGE ( 'NONE', *, *, #1435, .F. ) ;
#2792 = VERTEX_POINT ( 'NONE', #7137 ) ;
#2791 = LINE ( 'NONE', #3152, #11456 ) ;
#2793 = VECTOR ( 'NONE', #8487, 1000.000000000000000 ) ;
#2794 = EDGE_CURVE ( 'NONE', #11469, #12288, #8353, .T. ) ;
#2795 = DIRECTION ( 'NONE',  ( 8.195446571860579663E-34, -1.000000000000000000, -0.000000000000000000 ) ) ;
#2796 = CONICAL_SURFACE ( 'NONE', #1204, 2.000000000000112799, 0.7853981633974533860 ) ;
#2797 = AXIS2_PLACEMENT_3D ( 'NONE', #1451, #2324, #10788 ) ;
#2798 = CARTESIAN_POINT ( 'NONE',  ( 21.00000000000009948, 0.5000000000000195399, 10.00000000000003020 ) ) ;
#2799 = DIRECTION ( 'NONE',  ( 0.000000000000000000, 0.000000000000000000, -1.000000000000000000 ) ) ;
#2800 = DIRECTION ( 'NONE',  ( 0.000000000000000000, 0.000000000000000000, 1.000000000000000000 ) ) ;
#2801 = ADVANCED_FACE ( 'NONE', ( #4320 ), #8921, .T. ) ;
#2802 = LINE ( 'NONE', #9094, #11208 ) ;
#2803 = ORIENTED_EDGE ( 'NONE', *, *, #4128, .F. ) ;
#2804 = CARTESIAN_POINT ( 'NONE',  ( 106.1379873273556598, 5.006882203658691743, -9.637987327355631351 ) ) ;
#2805 = CALENDAR_DATE ( 2023, 22, 2 ) ;
#2806 = CARTESIAN_POINT ( 'NONE',  ( -0.9999999999999954481, 20.00000000000002132, 3.550000000064042815 ) ) ;
#2807 = VERTEX_POINT ( 'NONE', #1165 ) ;
#2808 = DIRECTION ( 'NONE',  ( 8.177564888978082178E-16, 0.7071067811865552333, -0.7071067811865398012 ) ) ;
#2809 = DIRECTION ( 'NONE',  ( 0.000000000000000000, 1.000000000000000000, 0.000000000000000000 ) ) ;
#2810 = ORIENTED_EDGE ( 'NONE', *, *, #9894, .F. ) ;
#2811 = PLANE ( 'NONE',  #3423 ) ;
#2812 = ORIENTED_EDGE ( 'NONE', *, *, #11290, .T. ) ;
#2813 = ADVANCED_FACE ( 'NONE', ( #4134 ), #254, .F. ) ;
#2814 = CARTESIAN_POINT ( 'NONE',  ( 5.510910596163076737E-16, 55.49999999999999289, 52.09999999999999432 ) ) ;
#2815 = CARTESIAN_POINT ( 'NONE',  ( 116.5000000000000000, 6.500000000000009770, 69.09999999999998010 ) ) ;
#2816 = ORIENTED_EDGE ( 'NONE', *, *, #4570, .T. ) ;
#2819 = ORIENTED_EDGE ( 'NONE', *, *, #8072, .F. ) ;
#2818 = FACE_OUTER_BOUND ( 'NONE', #3282, .T. ) ;
#2817 = CARTESIAN_POINT ( 'NONE',  ( 31.00000000000015632, 3.000000000000000000, 58.59999999999996589 ) ) ;
#2820 = LINE ( 'NONE', #6355, #3015 ) ;
#2821 = EDGE_CURVE ( 'NONE', #1716, #10173, #296, .T. ) ;
#2822 = VECTOR ( 'NONE', #3502, 1000.000000000000000 ) ;
#2823 = ORIENTED_EDGE ( 'NONE', *, *, #6069, .T. ) ;
#2824 = VERTEX_POINT ( 'NONE', #5008 ) ;
#2825 = CARTESIAN_POINT ( 'NONE',  ( 86.00000000000019895, 2.499999999999976907, 10.00000000000003020 ) ) ;
#2826 = CARTESIAN_POINT ( 'NONE',  ( 34.00000000000010658, 2.499999999999984013, 58.59999999999996589 ) ) ;
#2827 = EDGE_CURVE ( 'NONE', #3302, #6808, #4869, .T. ) ;
#2828 = CARTESIAN_POINT ( 'NONE',  ( 9.000000000000003553, 33.50000000000178346, 9.500000000063488770 ) ) ;
#2829 = AXIS2_PLACEMENT_3D ( 'NONE', #10657, #8679, #5790 ) ;
#2830 = VECTOR ( 'NONE', #11364, 1000.000000000000000 ) ;
#2831 = DIRECTION ( 'NONE',  ( 0.7071067811865474617, -0.7071067811865474617, 0.000000000000000000 ) ) ;
#2832 = CARTESIAN_POINT ( 'NONE',  ( 112.1464466094068086, -1.646446609406699846, 69.59999999999999432 ) ) ;
#2833 = ORIENTED_EDGE ( 'NONE', *, *, #11844, .T. ) ;
#2834 = PLANE ( 'NONE',  #477 ) ;
#2835 = AXIS2_PLACEMENT_3D ( 'NONE', #11633, #9760, #10651 ) ;
#2836 = DIRECTION ( 'NONE',  ( -1.000000000000000000, 1.156482317317871133E-15, 0.000000000000000000 ) ) ;
#2837 = DIRECTION ( 'NONE',  ( 0.000000000000000000, 0.000000000000000000, -1.000000000000000000 ) ) ;
#2838 = LINE ( 'NONE', #10373, #6993 ) ;
#2839 = CARTESIAN_POINT ( 'NONE',  ( 68.00000000000018474, -3.974791587352364946E-32, 10.00000000000003020 ) ) ;
#2840 = ORIENTED_EDGE ( 'NONE', *, *, #10737, .T. ) ;
#2841 = VERTEX_POINT ( 'NONE', #2297 ) ;
#2843 = VERTEX_POINT ( 'NONE', #397 ) ;
#2842 = CYLINDRICAL_SURFACE ( 'NONE', #11649, 1.699999999999993072 ) ;
#2844 = LINE ( 'NONE', #7997, #11116 ) ;
#2845 = DIRECTION ( 'NONE',  ( -0.000000000000000000, 1.000000000000000000, -0.000000000000000000 ) ) ;
#2846 = CIRCLE ( 'NONE', #4072, 1.999999999999988010 ) ;
#2847 = EDGE_CURVE ( 'NONE', #4229, #9986, #8652, .T. ) ;
#2848 = ORIENTED_EDGE ( 'NONE', *, *, #7060, .T. ) ;
#2849 = FACE_OUTER_BOUND ( 'NONE', #7933, .T. ) ;
#2850 = EDGE_CURVE ( 'NONE', #5738, #3089, #4758, .T. ) ;
#2851 = LINE ( 'NONE', #3745, #11295 ) ;
#2852 = AXIS2_PLACEMENT_3D ( 'NONE', #731, #10478, #6766 ) ;
#2853 = ORIENTED_EDGE ( 'NONE', *, *, #7986, .F. ) ;
#2854 = CARTESIAN_POINT ( 'NONE',  ( 5.510910596163076737E-16, 55.49999999999999289, 52.09999999999999432 ) ) ;
#2855 = AXIS2_PLACEMENT_3D ( 'NONE', #9412, #12329, #1033 ) ;
#2856 = DIRECTION ( 'NONE',  ( 1.000000000000000000, 8.195446571860577953E-34, 0.000000000000000000 ) ) ;
#2857 = DIRECTION ( 'NONE',  ( -0.5773502691896255090, -0.5773502691896256200, -0.5773502691896260641 ) ) ;
#2858 = PLANE ( 'NONE',  #2527 ) ;
#2859 = ORIENTED_EDGE ( 'NONE', *, *, #4464, .T. ) ;
#2860 = DIRECTION ( 'NONE',  ( -1.278217298088174232E-16, 1.000000000000000000, 0.000000000000000000 ) ) ;
#2861 = FACE_OUTER_BOUND ( 'NONE', #8216, .T. ) ;
#2862 = CARTESIAN_POINT ( 'NONE',  ( 16.00000000000012434, 10.00000000000000000, 10.00000000000003020 ) ) ;
#2863 = LINE ( 'NONE', #7616, #2914 ) ;
#2864 = ADVANCED_FACE ( 'NONE', ( #664 ), #8622, .F. ) ;
#2865 = DIRECTION ( 'NONE',  ( 1.147978770867005115E-16, -1.000000000000000000, 0.000000000000000000 ) ) ;
#2866 = CARTESIAN_POINT ( 'NONE',  ( 53.00000000000016342, -5.204108573131453350E-32, 58.59999999999996589 ) ) ;
#2867 = ORIENTED_EDGE ( 'NONE', *, *, #4121, .F. ) ;
#2868 = DIRECTION ( 'NONE',  ( 0.000000000000000000, 0.000000000000000000, -1.000000000000000000 ) ) ;
#2869 = AXIS2_PLACEMENT_3D ( 'NONE', #10839, #5179, #6399 ) ;
#2870 = VERTEX_POINT ( 'NONE', #1427 ) ;
#2871 = LINE ( 'NONE', #3727, #11323 ) ;
#2872 = VERTEX_POINT ( 'NONE', #5279 ) ;
#2873 = EDGE_CURVE ( 'NONE', #9736, #11482, #4791, .T. ) ;
#2874 = CONICAL_SURFACE ( 'NONE', #8552, 2.000000000000008882, 0.7853981633974327359 ) ;
#2875 = DIRECTION ( 'NONE',  ( -0.000000000000000000, 0.000000000000000000, 1.000000000000000000 ) ) ;
#2876 = DIRECTION ( 'NONE',  ( 1.000000000000000000, 0.000000000000000000, 0.000000000000000000 ) ) ;
#2877 = CARTESIAN_POINT ( 'NONE',  ( 79.50000000000018474, 10.00000000000000000, 10.00000000000003020 ) ) ;
#2878 = DIRECTION ( 'NONE',  ( 2.855511894612032274E-16, 0.000000000000000000, -1.000000000000000000 ) ) ;
#2879 = DIRECTION ( 'NONE',  ( 0.000000000000000000, 0.000000000000000000, 1.000000000000000000 ) ) ;
#2880 = DIRECTION ( 'NONE',  ( -5.900520662951093563E-32, 5.139921410301651782E-16, 1.000000000000000000 ) ) ;
#2881 = LINE ( 'NONE', #11387, #6871 ) ;
#2882 = VECTOR ( 'NONE', #2580, 1000.000000000000000 ) ;
#2883 = ORIENTED_EDGE ( 'NONE', *, *, #1194, .T. ) ;
#2884 = CARTESIAN_POINT ( 'NONE',  ( 106.4709592654309347, 5.027356317934879470, -9.971344039550954719 ) ) ;
#2885 = CARTESIAN_POINT ( 'NONE',  ( 0.5000000000000004441, 4.999999999999985789, 69.59999999999999432 ) ) ;
#2886 = ADVANCED_FACE ( 'NONE', ( #719 ), #5731, .F. ) ;
#2887 = DIRECTION ( 'NONE',  ( -0.000000000000000000, 1.000000000000000000, -0.000000000000000000 ) ) ;
#2888 = LINE ( 'NONE', #9343, #2766 ) ;
#2889 = EDGE_CURVE ( 'NONE', #8245, #609, #4847, .T. ) ;
#2890 = ORIENTED_EDGE ( 'NONE', *, *, #843, .F. ) ;
#2891 = FACE_OUTER_BOUND ( 'NONE', #10712, .T. ) ;
#2892 = DIRECTION ( 'NONE',  ( 0.000000000000000000, -1.000000000000000000, 0.000000000000000000 ) ) ;
#2894 = ORIENTED_EDGE ( 'NONE', *, *, #374, .T. ) ;
#2893 = LINE ( 'NONE', #8057, #7166 ) ;
#2895 = LINE ( 'NONE', #265, #7268 ) ;
#2896 = AXIS2_PLACEMENT_3D ( 'NONE', #6973, #4902, #10825 ) ;
#2897 = CARTESIAN_POINT ( 'NONE',  ( 4.500000000000001776, 35.50000000000179057, 36.00000000006347989 ) ) ;
#2898 = CIRCLE ( 'NONE', #6777, 1.700000000000000178 ) ;
#2899 = DIRECTION ( 'NONE',  ( 0.000000000000000000, 0.000000000000000000, 1.000000000000000000 ) ) ;
#2900 = PLANE ( 'NONE',  #10905 ) ;
#2901 = FACE_OUTER_BOUND ( 'NONE', #9518, .T. ) ;
#2902 = DIRECTION ( 'NONE',  ( 0.000000000000000000, -1.000000000000000000, 0.000000000000000000 ) ) ;
#2903 = AXIS2_PLACEMENT_3D ( 'NONE', #8614, #7512, #4689 ) ;
#2904 = LINE ( 'NONE', #5753, #7031 ) ;
#2905 = DIRECTION ( 'NONE',  ( -0.7071067811865414665, -0.7071067811865536790, 0.000000000000000000 ) ) ;
#2906 = CARTESIAN_POINT ( 'NONE',  ( 5.000000000000000888, 53.79999999999999716, 52.09999999999999432 ) ) ;
#2907 = ADVANCED_FACE ( 'NONE', ( #8753 ), #7630, .F. ) ;
#2908 = EDGE_CURVE ( 'NONE', #8425, #267, #8976, .T. ) ;
#2909 = COORDINATED_UNIVERSAL_TIME_OFFSET ( 1, 0, .AHEAD. ) ;
#2910 = VECTOR ( 'NONE', #3574, 1000.000000000000000 ) ;
#2911 = CARTESIAN_POINT ( 'NONE',  ( -0.5000000000000239808, 33.50000000000178346, 9.500000000063488770 ) ) ;
#2912 = ORIENTED_EDGE ( 'NONE', *, *, #1547, .T. ) ;
#2913 = ORIENTED_EDGE ( 'NONE', *, *, #1913, .F. ) ;
#2914 = VECTOR ( 'NONE', #1871, 1000.000000000000000 ) ;
#2915 = DIRECTION ( 'NONE',  ( 8.195446571860579663E-34, -1.000000000000000000, -0.000000000000000000 ) ) ;
#2916 = EDGE_CURVE ( 'NONE', #3403, #11986, #4560, .T. ) ;
#2917 = VECTOR ( 'NONE', #7020, 1000.000000000000000 ) ;
#2918 = VERTEX_POINT ( 'NONE', #8493 ) ;
#2919 = ORIENTED_EDGE ( 'NONE', *, *, #4608, .F. ) ;
#2920 = AXIS2_PLACEMENT_3D ( 'NONE', #6894, #7705, #7866 ) ;
#2921 = CARTESIAN_POINT ( 'NONE',  ( 105.5000000000000142, 12.49999999999999289, -9.499999999999996447 ) ) ;
#2922 = CARTESIAN_POINT ( 'NONE',  ( 5.000000000000000888, 55.50000000000000000, 22.09999999999999432 ) ) ;
#2923 = CARTESIAN_POINT ( 'NONE',  ( 55.00000000000015632, 10.00000000000000000, 58.59999999999996589 ) ) ;
#2924 = CALENDAR_DATE ( 2023, 22, 2 ) ;
#2925 = ORIENTED_EDGE ( 'NONE', *, *, #2518, .T. ) ;
#2926 = CARTESIAN_POINT ( 'NONE',  ( 113.0000000000000000, 6.500000000000009770, 69.59999999999999432 ) ) ;
#2927 = VECTOR ( 'NONE', #1, 1000.000000000000000 ) ;
#2928 = VECTOR ( 'NONE', #10288, 1000.000000000000000 ) ;
#2929 = ORIENTED_EDGE ( 'NONE', *, *, #401, .T. ) ;
#2930 = CARTESIAN_POINT ( 'NONE',  ( 104.5000000000000142, 13.00000000000000000, 69.59999999999999432 ) ) ;
#2931 = CIRCLE ( 'NONE', #11390, 1.700000000000000178 ) ;
#2932 = VECTOR ( 'NONE', #3590, 1000.000000000000000 ) ;
#2933 = EDGE_LOOP ( 'NONE', ( #6770, #3214, #4746, #6842 ) ) ;
#2934 = VERTEX_POINT ( 'NONE', #3584 ) ;
#2935 = DIRECTION ( 'NONE',  ( 0.000000000000000000, 0.000000000000000000, -1.000000000000000000 ) ) ;
#2936 = LINE ( 'NONE', #1138, #11294 ) ;
#2937 = EDGE_CURVE ( 'NONE', #2393, #9261, #938, .T. ) ;
#2938 = ORIENTED_EDGE ( 'NONE', *, *, #8481, .F. ) ;
#2939 = CARTESIAN_POINT ( 'NONE',  ( -11.15331518148165024, 19.84668481852013855, 17.98381544433388868 ) ) ;
#2940 = EDGE_CURVE ( 'NONE', #5415, #3976, #1130, .T. ) ;
#2941 = CARTESIAN_POINT ( 'NONE',  ( 5.000000000000000888, 53.80000000000000426, 22.09999999999999432 ) ) ;
#2942 = ORIENTED_EDGE ( 'NONE', *, *, #8971, .F. ) ;
#2943 = AXIS2_PLACEMENT_3D ( 'NONE', #869, #2808, #3752 ) ;
#2944 = PLANE ( 'NONE',  #7941 ) ;
#2945 = VERTEX_POINT ( 'NONE', #5606 ) ;
#2946 = ORIENTED_EDGE ( 'NONE', *, *, #7554, .T. ) ;
#2947 = CIRCLE ( 'NONE', #2896, 1.999999999999988010 ) ;
#2948 = CARTESIAN_POINT ( 'NONE',  ( 89.00000000000019895, 10.00000000000000000, 10.00000000000003020 ) ) ;
#2949 = LINE ( 'NONE', #4639, #2777 ) ;
#2950 = ORIENTED_EDGE ( 'NONE', *, *, #843, .T. ) ;
#2951 = ORIENTED_EDGE ( 'NONE', *, *, #7036, .T. ) ;
#2952 = CARTESIAN_POINT ( 'NONE',  ( 9.000000000000001776, 48.99999999999997868, 44.59999999999998721 ) ) ;
#2953 = ADVANCED_FACE ( 'NONE', ( #875 ), #2486, .T. ) ;
#2954 = CARTESIAN_POINT ( 'NONE',  ( -0.9999999999999970024, 33.70710678118832249, 9.000000000063508310 ) ) ;
#2955 = DIRECTION ( 'NONE',  ( 8.195446571860579663E-34, -1.000000000000000000, -0.000000000000000000 ) ) ;
#2956 = CONICAL_SURFACE ( 'NONE', #7509, 2.000000000000029310, 0.7853981633974396193 ) ;
#2957 = ORIENTED_EDGE ( 'NONE', *, *, #11870, .F. ) ;
#2958 = ORIENTED_EDGE ( 'NONE', *, *, #7441, .T. ) ;
#2959 = CARTESIAN_POINT ( 'NONE',  ( 1.000000000000005773, 21.70000000000002061, 5.750000000064023453 ) ) ;
#2960 = DIRECTION ( 'NONE',  ( 1.141265444721583018E-16, -1.000000000000000000, 0.000000000000000000 ) ) ;
#2961 = EDGE_LOOP ( 'NONE', ( #1193, #8787, #314, #815 ) ) ;
#2962 = ORIENTED_EDGE ( 'NONE', *, *, #12392, .T. ) ;
#2963 = EDGE_CURVE ( 'NONE', #4920, #799, #1069, .T. ) ;
#2964 = DIRECTION ( 'NONE',  ( 2.855511894612032274E-16, 0.000000000000000000, 1.000000000000000000 ) ) ;
#2965 = CARTESIAN_POINT ( 'NONE',  ( 9.000000000000007105, 6.500000000001787903, 9.500000000063494099 ) ) ;
#2966 = DIRECTION ( 'NONE',  ( 2.855511894612032274E-16, 0.000000000000000000, 1.000000000000000000 ) ) ;
#2967 = EDGE_CURVE ( 'NONE', #172, #6326, #9281, .T. ) ;
#2968 = VERTEX_POINT ( 'NONE', #11117 ) ;
#2969 = AXIS2_PLACEMENT_3D ( 'NONE', #11473, #1143, #11641 ) ;
#2970 = LINE ( 'NONE', #4201, #11377 ) ;
#2971 = CARTESIAN_POINT ( 'NONE',  ( 9.000000000000003553, 33.50000000000178346, 9.500000000063488770 ) ) ;
#2972 = LINE ( 'NONE', #10208, #11039 ) ;
#2973 = ORIENTED_EDGE ( 'NONE', *, *, #7199, .T. ) ;
#2974 = ORIENTED_EDGE ( 'NONE', *, *, #10171, .F. ) ;
#2975 = PLANE ( 'NONE',  #6191 ) ;
#2976 = LINE ( 'NONE', #12243, #6932 ) ;
#2977 = ORIENTED_EDGE ( 'NONE', *, *, #7075, .F. ) ;
#2978 = DIRECTION ( 'NONE',  ( -0.000000000000000000, 1.000000000000000000, -0.000000000000000000 ) ) ;
#2979 = CARTESIAN_POINT ( 'NONE',  ( 107.5000000000000284, 50.49999999999998579, -122.9712352769500541 ) ) ;
#2980 = LINE ( 'NONE', #9432, #11505 ) ;
#2981 = DIRECTION ( 'NONE',  ( 0.000000000000000000, 0.000000000000000000, -1.000000000000000000 ) ) ;
#2982 = LINE ( 'NONE', #5602, #6945 ) ;
#2983 = COORDINATED_UNIVERSAL_TIME_OFFSET ( 1, 0, .AHEAD. ) ;
#2984 = CARTESIAN_POINT ( 'NONE',  ( 1.000000000000005329, 33.50000000000178346, 65.87397274142526271 ) ) ;
#2985 = ORIENTED_EDGE ( 'NONE', *, *, #11729, .T. ) ;
#2986 = ADVANCED_FACE ( 'NONE', ( #9105 ), #8893, .T. ) ;
#2987 = CARTESIAN_POINT ( 'NONE',  ( 110.5000000000000284, 11.00000000000001066, -9.499999999999996447 ) ) ;
#2988 = DIRECTION ( 'NONE',  ( 0.000000000000000000, -1.000000000000000000, 0.000000000000000000 ) ) ;
#2989 = FACE_BOUND ( 'NONE', #5287, .T. ) ;
#2990 = LINE ( 'NONE', #9425, #11299 ) ;
#2991 = CARTESIAN_POINT ( 'NONE',  ( 5.500000000000000000, 54.50000000000000711, -9.499999999999996447 ) ) ;
#2992 = DIRECTION ( 'NONE',  ( 0.7071067811865487940, -0.7071067811865463515, 0.000000000000000000 ) ) ;
#2993 = ORIENTED_EDGE ( 'NONE', *, *, #9345, .F. ) ;
#2994 = DIRECTION ( 'NONE',  ( -0.000000000000000000, 1.000000000000000000, -0.000000000000000000 ) ) ;
#2995 = EDGE_CURVE ( 'NONE', #4457, #280, #1533, .T. ) ;
#2996 = VECTOR ( 'NONE', #1268, 1000.000000000000000 ) ;
#2997 = VECTOR ( 'NONE', #1092, 1000.000000000000114 ) ;
#2998 = EDGE_CURVE ( 'NONE', #9787, #11325, #1554, .T. ) ;
#2999 = CIRCLE ( 'NONE', #6154, 1.700000000000000178 ) ;
#3000 = AXIS2_PLACEMENT_3D ( 'NONE', #5982, #2211, #8930 ) ;
#3001 = CALENDAR_DATE ( 2023, 22, 2 ) ;
#3002 = EDGE_CURVE ( 'NONE', #2016, #9486, #9638, .T. ) ;
#3003 = EDGE_LOOP ( 'NONE', ( #5224, #130, #1955, #9625, #2428 ) ) ;
#3004 = PLANE ( 'NONE',  #1936 ) ;
#3005 = ORIENTED_EDGE ( 'NONE', *, *, #7761, .T. ) ;
#3006 = ORIENTED_EDGE ( 'NONE', *, *, #11560, .F. ) ;
#3007 = PLANE ( 'NONE',  #2119 ) ;
#3008 = DIRECTION ( 'NONE',  ( 0.000000000000000000, 0.000000000000000000, -1.000000000000000000 ) ) ;
#3009 = ADVANCED_FACE ( 'NONE', ( #9614 ), #11005, .T. ) ;
#3010 = CALENDAR_DATE ( 2023, 22, 2 ) ;
#3011 = VERTEX_POINT ( 'NONE', #4218 ) ;
#3012 = EDGE_CURVE ( 'NONE', #10050, #7208, #1562, .T. ) ;
#3013 = DIRECTION ( 'NONE',  ( -0.7071067811865526798, -0.7071067811865424657, 0.000000000000000000 ) ) ;
#3014 = CARTESIAN_POINT ( 'NONE',  ( 68.00000000000018474, 3.000000000000000000, 10.00000000000003020 ) ) ;
#3015 = VECTOR ( 'NONE', #1359, 1000.000000000000000 ) ;
#3016 = CARTESIAN_POINT ( 'NONE',  ( 55.00000000000015632, 2.499999999999970246, 58.59999999999996589 ) ) ;
#3017 = DIRECTION ( 'NONE',  ( 0.000000000000000000, -1.387778780781444413E-14, 1.000000000000000000 ) ) ;
#3018 = LINE ( 'NONE', #3674, #11090 ) ;
#3019 = EDGE_LOOP ( 'NONE', ( #6257, #2493, #2764, #2210, #2212, #6315 ) ) ;
#3020 = CARTESIAN_POINT ( 'NONE',  ( 6.000000000000012434, 3.999999999999988898, -10.00000000000000000 ) ) ;
#3021 = DIRECTION ( 'NONE',  ( 0.000000000000000000, 0.000000000000000000, -1.000000000000000000 ) ) ;
#3022 = DIRECTION ( 'NONE',  ( 0.000000000000000000, -1.000000000000000000, 0.000000000000000000 ) ) ;
#3023 = AXIS2_PLACEMENT_3D ( 'NONE', #2178, #1484, #3339 ) ;
#3024 = ORIENTED_EDGE ( 'NONE', *, *, #11959, .T. ) ;
#3025 = ORIENTED_EDGE ( 'NONE', *, *, #102, .T. ) ;
#3026 = DIRECTION ( 'NONE',  ( 0.000000000000000000, 0.000000000000000000, -1.000000000000000000 ) ) ;
#3027 = EDGE_CURVE ( 'NONE', #9332, #6992, #1463, .T. ) ;
#3028 = VERTEX_POINT ( 'NONE', #6933 ) ;
#3029 = APPROVAL_PERSON_ORGANIZATION ( #11304, #4888, #8119 ) ;
#3030 = ORIENTED_EDGE ( 'NONE', *, *, #4386, .F. ) ;
#3031 = LINE ( 'NONE', #9685, #11059 ) ;
#3032 = CARTESIAN_POINT ( 'NONE',  ( 1.000000000000008216, 6.500000000001787015, 9.500000000063492323 ) ) ;
#3033 = DIRECTION ( 'NONE',  ( 0.000000000000000000, -1.000000000000000000, 0.000000000000000000 ) ) ;
#3034 = CARTESIAN_POINT ( 'NONE',  ( 113.5000000000000000, 6.000000000000007105, -9.499999999999996447 ) ) ;
#3035 = PLANE ( 'NONE',  #7490 ) ;
#3036 = CARTESIAN_POINT ( 'NONE',  ( 68.00000000000018474, 3.000000000000000000, 10.00000000000003020 ) ) ;
#3037 = EDGE_CURVE ( 'NONE', #11138, #9238, #7953, .T. ) ;
#3038 = DIRECTION ( 'NONE',  ( -0.7071067811865424657, 8.659560562354995721E-17, -0.7071067811865526798 ) ) ;
#3039 = LINE ( 'NONE', #8264, #7028 ) ;
#3040 = ORIENTED_EDGE ( 'NONE', *, *, #1817, .F. ) ;
#3041 = EDGE_CURVE ( 'NONE', #412, #2934, #11859, .T. ) ;
#3042 = CARTESIAN_POINT ( 'NONE',  ( 14.00000000000004974, -8.400332736157088125E-32, 58.59999999999996589 ) ) ;
#3043 = ORIENTED_EDGE ( 'NONE', *, *, #4406, .T. ) ;
#3044 = AXIS2_PLACEMENT_3D ( 'NONE', #11527, #3931, #3675 ) ;
#3045 = PLANE ( 'NONE',  #5216 ) ;
#3046 = ORIENTED_EDGE ( 'NONE', *, *, #3106, .T. ) ;
#3047 = EDGE_LOOP ( 'NONE', ( #4103, #9405, #1498, #10201 ) ) ;
#3048 = VECTOR ( 'NONE', #3, 1000.000000000000000 ) ;
#3049 = CARTESIAN_POINT ( 'NONE',  ( 55.00000000000017053, -5.040199641694240833E-32, 8.000000000000042633 ) ) ;
#3050 = ORIENTED_EDGE ( 'NONE', *, *, #9894, .T. ) ;
#3051 = DIRECTION ( 'NONE',  ( 0.000000000000000000, 0.000000000000000000, -1.000000000000000000 ) ) ;
#3052 = LINE ( 'NONE', #2952, #3213 ) ;
#3053 = AXIS2_PLACEMENT_3D ( 'NONE', #1576, #4234, #9953 ) ;
#3054 = CARTESIAN_POINT ( 'NONE',  ( 116.5000000000000000, 8.499999999999996447, 69.09999999999998010 ) ) ;
#3055 = ORIENTED_EDGE ( 'NONE', *, *, #12071, .F. ) ;
#3056 = VECTOR ( 'NONE', #7332, 1000.000000000000000 ) ;
#3057 = ORIENTED_EDGE ( 'NONE', *, *, #2222, .T. ) ;
#3058 = ADVANCED_FACE ( 'NONE', ( #12086 ), #7996, .F. ) ;
#3059 = CARTESIAN_POINT ( 'NONE',  ( 81.00000000000018474, 2.499999999999976907, 58.59999999999996589 ) ) ;
#3060 = DIRECTION ( 'NONE',  ( -0.000000000000000000, 0.000000000000000000, 1.000000000000000000 ) ) ;
#3061 = FACE_OUTER_BOUND ( 'NONE', #12296, .T. ) ;
#3062 = ORIENTED_EDGE ( 'NONE', *, *, #7132, .F. ) ;
#3063 = EDGE_CURVE ( 'NONE', #11238, #12246, #7921, .T. ) ;
#3064 = DIRECTION ( 'NONE',  ( 1.000000000000000000, 0.000000000000000000, 0.000000000000000000 ) ) ;
#3065 = PLANE ( 'NONE',  #188 ) ;
#3066 = CARTESIAN_POINT ( 'NONE',  ( 6.166666666666672292, 42.16666666666665719, 57.93333333333331581 ) ) ;
#3067 = VERTEX_POINT ( 'NONE', #1210 ) ;
#3068 = CARTESIAN_POINT ( 'NONE',  ( -0.9999999999999935607, 4.000000000001807443, 11.50000000006349232 ) ) ;
#3069 = FACE_OUTER_BOUND ( 'NONE', #4585, .T. ) ;
#3070 = VERTEX_POINT ( 'NONE', #9676 ) ;
#3071 = DIRECTION ( 'NONE',  ( 0.000000000000000000, 0.000000000000000000, 1.000000000000000000 ) ) ;
#3072 = VERTEX_POINT ( 'NONE', #9941 ) ;
#3073 = EDGE_LOOP ( 'NONE', ( #37, #11203, #5423, #6544 ) ) ;
#3074 = CARTESIAN_POINT ( 'NONE',  ( 116.5000000000000000, 8.499999999999996447, -10.00000000000000000 ) ) ;
#3075 = ORIENTED_EDGE ( 'NONE', *, *, #401, .F. ) ;
#3076 = FACE_OUTER_BOUND ( 'NONE', #6144, .T. ) ;
#3077 = EDGE_CURVE ( 'NONE', #1716, #11132, #11944, .T. ) ;
#3078 = CARTESIAN_POINT ( 'NONE',  ( 22.50000000000011369, 3.000000000000000000, 58.59999999999996589 ) ) ;
#3079 = DIRECTION ( 'NONE',  ( 0.000000000000000000, -1.000000000000000000, 0.000000000000000000 ) ) ;
#3080 = CARTESIAN_POINT ( 'NONE',  ( 74.50000000000018474, -3.442087560181427277E-32, 10.00000000000003020 ) ) ;
#3081 = VECTOR ( 'NONE', #3905, 1000.000000000000000 ) ;
#3082 = DIRECTION ( 'NONE',  ( 0.7071067811865439090, -0.7071067811865512365, 0.000000000000000000 ) ) ;
#3083 = FACE_OUTER_BOUND ( 'NONE', #8114, .T. ) ;
#3084 = DIRECTION ( 'NONE',  ( 0.000000000000000000, -5.139921410302063962E-16, -1.000000000000000000 ) ) ;
#3085 = VECTOR ( 'NONE', #1109, 1000.000000000000000 ) ;
#3086 = DIRECTION ( 'NONE',  ( 0.000000000000000000, -1.000000000000000000, 0.000000000000000000 ) ) ;
#3087 = FACE_OUTER_BOUND ( 'NONE', #6378, .T. ) ;
#3088 = AXIS2_PLACEMENT_3D ( 'NONE', #7806, #7893, #9667 ) ;
#3089 = VERTEX_POINT ( 'NONE', #10645 ) ;
#3090 = LINE ( 'NONE', #2619, #3731 ) ;
#3091 = ADVANCED_FACE ( 'NONE', ( #12151 ), #12235, .F. ) ;
#3092 = ORIENTED_EDGE ( 'NONE', *, *, #4308, .T. ) ;
#3093 = CARTESIAN_POINT ( 'NONE',  ( 99.00000000000021316, 0.5000000000000056621, 58.59999999999996589 ) ) ;
#3094 = ORIENTED_EDGE ( 'NONE', *, *, #1425, .F. ) ;
#3095 = CARTESIAN_POINT ( 'NONE',  ( 116.0000000000000000, 6.500000000000004441, 69.59999999999999432 ) ) ;
#3096 = DIRECTION ( 'NONE',  ( 0.000000000000000000, 0.000000000000000000, -1.000000000000000000 ) ) ;
#3097 = DIRECTION ( 'NONE',  ( -2.855511894612032274E-16, -2.340219516760528775E-49, -1.000000000000000000 ) ) ;
#3098 = ORIENTED_EDGE ( 'NONE', *, *, #12289, .F. ) ;
#3099 = DIRECTION ( 'NONE',  ( -0.7071067811865500152, 0.7071067811865451302, 0.000000000000000000 ) ) ;
#3100 = DIRECTION ( 'NONE',  ( 0.000000000000000000, -1.000000000000000000, 0.000000000000000000 ) ) ;
#3101 = CARTESIAN_POINT ( 'NONE',  ( 105.5000000000000284, 5.499999999999992006, 69.59999999999999432 ) ) ;
#3102 = EDGE_CURVE ( 'NONE', #10752, #2415, #3901, .T. ) ;
#3103 = LINE ( 'NONE', #7709, #11378 ) ;
#3104 = DIRECTION ( 'NONE',  ( -1.000000000000000000, -1.147978770867005115E-16, -0.000000000000000000 ) ) ;
#3105 = ORIENTED_EDGE ( 'NONE', *, *, #10526, .T. ) ;
#3106 = EDGE_CURVE ( 'NONE', #9952, #10106, #8085, .T. ) ;
#3107 = CARTESIAN_POINT ( 'NONE',  ( 6.000000000000000888, 59.49999999999999289, 69.09999999999999432 ) ) ;
#3108 = AXIS2_PLACEMENT_3D ( 'NONE', #4349, #2107, #3096 ) ;
#3109 = ORIENTED_EDGE ( 'NONE', *, *, #7615, .F. ) ;
#3110 = ORIENTED_EDGE ( 'NONE', *, *, #12372, .T. ) ;
#3111 = CARTESIAN_POINT ( 'NONE',  ( 5.000000000000000888, 50.49999999999998579, 64.59999999999993747 ) ) ;
#3112 = FACE_OUTER_BOUND ( 'NONE', #10674, .T. ) ;
#3113 = APPROVAL_DATE_TIME ( #7033, #1620 ) ;
#3114 = ORIENTED_EDGE ( 'NONE', *, *, #8835, .T. ) ;
#3115 = EDGE_LOOP ( 'NONE', ( #7280, #4710, #8500, #9641 ) ) ;
#3116 = CARTESIAN_POINT ( 'NONE',  ( 74.50000000000017053, -3.442087560181428371E-32, 58.59999999999996589 ) ) ;
#3117 = DIRECTION ( 'NONE',  ( 1.278217298088174232E-16, -1.000000000000000000, 0.000000000000000000 ) ) ;
#3118 = ADVANCED_FACE ( 'NONE', ( #11818 ), #3335, .F. ) ;
#3119 = DIRECTION ( 'NONE',  ( 0.000000000000000000, -0.7071067811865512365, -0.7071067811865439090 ) ) ;
#3120 = ORIENTED_EDGE ( 'NONE', *, *, #3332, .T. ) ;
#3121 = EDGE_LOOP ( 'NONE', ( #12313, #7939, #9502, #3386 ) ) ;
#3122 = LINE ( 'NONE', #7564, #3142 ) ;
#3123 = CONICAL_SURFACE ( 'NONE', #7337, 1.500000000000001332, 0.7853981633974430610 ) ;
#3124 = ORIENTED_EDGE ( 'NONE', *, *, #11659, .F. ) ;
#3125 = CARTESIAN_POINT ( 'NONE',  ( 35.50000000000014921, -6.638311723207056031E-32, 10.00000000000003020 ) ) ;
#3126 = EDGE_CURVE ( 'NONE', #12024, #9554, #3563, .T. ) ;
#3127 = PLANE ( 'NONE',  #1462 ) ;
#3128 = CONICAL_SURFACE ( 'NONE', #1404, 1.700000000000000178, 0.7853981633974557175 ) ;
#3129 = DIRECTION ( 'NONE',  ( 0.000000000000000000, 0.000000000000000000, -1.000000000000000000 ) ) ;
#3130 = CARTESIAN_POINT ( 'NONE',  ( 6.000000000000012434, 4.999999999999999112, -10.00000000000000000 ) ) ;
#3131 = LINE ( 'NONE', #3369, #11163 ) ;
#3132 = VERTEX_POINT ( 'NONE', #2991 ) ;
#3133 = EDGE_CURVE ( 'NONE', #844, #416, #7864, .T. ) ;
#3134 = CARTESIAN_POINT ( 'NONE',  ( 31.00000000000010658, -7.007106818940786657E-32, 58.59999999999996589 ) ) ;
#3135 = AXIS2_PLACEMENT_3D ( 'NONE', #4458, #11150, #8039 ) ;
#3136 = ORIENTED_EDGE ( 'NONE', *, *, #2587, .F. ) ;
#3137 = CARTESIAN_POINT ( 'NONE',  ( 94.00000000000019895, 3.000000000000000000, 58.59999999999996589 ) ) ;
#3138 = DIRECTION ( 'NONE',  ( -0.7071067811865414665, 0.7071067811865536790, 0.000000000000000000 ) ) ;
#3139 = DIRECTION ( 'NONE',  ( -1.000000000000000000, -0.000000000000000000, 0.000000000000000000 ) ) ;
#3140 = EDGE_LOOP ( 'NONE', ( #3882, #1392, #7697, #7994 ) ) ;
#3141 = ADVANCED_FACE ( 'NONE', ( #7759 ), #4032, .T. ) ;
#3142 = VECTOR ( 'NONE', #3117, 1000.000000000000000 ) ;
#3143 = DIRECTION ( 'NONE',  ( 8.195446571860579663E-34, -1.000000000000000000, -0.000000000000000000 ) ) ;
#3144 = VERTEX_POINT ( 'NONE', #6459 ) ;
#3146 = VERTEX_POINT ( 'NONE', #9139 ) ;
#3145 = LINE ( 'NONE', #492, #11361 ) ;
#3147 = LINE ( 'NONE', #5237, #7324 ) ;
#3148 = DIRECTION ( 'NONE',  ( 1.427755947306016137E-16, 1.170109758380264387E-49, -1.000000000000000000 ) ) ;
#3149 = EDGE_CURVE ( 'NONE', #2083, #6819, #11881, .T. ) ;
#3150 = FACE_OUTER_BOUND ( 'NONE', #9522, .T. ) ;
#3151 = ORIENTED_EDGE ( 'NONE', *, *, #10121, .F. ) ;
#3152 = CARTESIAN_POINT ( 'NONE',  ( -0.4999999999999987232, 48.99999999999997868, 64.59999999999999432 ) ) ;
#3153 = VECTOR ( 'NONE', #7873, 1000.000000000000000 ) ;
#3155 = DIRECTION ( 'NONE',  ( -0.000000000000000000, 1.000000000000000000, -0.000000000000000000 ) ) ;
#3154 = CARTESIAN_POINT ( 'NONE',  ( 63.00000000000017764, 0.5000000000000125455, 10.00000000000003020 ) ) ;
#3156 = ORIENTED_EDGE ( 'NONE', *, *, #7506, .T. ) ;
#3157 = VERTEX_POINT ( 'NONE', #608 ) ;
#3158 = EDGE_CURVE ( 'NONE', #211, #9609, #11900, .T. ) ;
#3159 = LINE ( 'NONE', #1322, #11509 ) ;
#3160 = DIRECTION ( 'NONE',  ( 1.000000000000000000, 1.147978770867005115E-16, 0.000000000000000000 ) ) ;
#3161 = VECTOR ( 'NONE', #9084, 1000.000000000000000 ) ;
#3162 = AXIS2_PLACEMENT_3D ( 'NONE', #10976, #496, #5117 ) ;
#3163 = VERTEX_POINT ( 'NONE', #2541 ) ;
#3164 = EDGE_LOOP ( 'NONE', ( #2823, #2286, #7522, #6913 ) ) ;
#3165 = DIRECTION ( 'NONE',  ( 0.000000000000000000, 0.000000000000000000, -1.000000000000000000 ) ) ;
#3166 = DIRECTION ( 'NONE',  ( 0.000000000000000000, 0.000000000000000000, 1.000000000000000000 ) ) ;
#3167 = FACE_OUTER_BOUND ( 'NONE', #8006, .T. ) ;
#3168 = CARTESIAN_POINT ( 'NONE',  ( 89.50000000000024158, 3.000000000000000000, 10.00000000000003020 ) ) ;
#3169 = DIRECTION ( 'NONE',  ( 1.147978770867005115E-16, -1.000000000000000000, 5.139921410302063962E-16 ) ) ;
#3170 = ORIENTED_EDGE ( 'NONE', *, *, #7860, .F. ) ;
#3172 = ORIENTED_EDGE ( 'NONE', *, *, #3176, .T. ) ;
#3171 = LINE ( 'NONE', #7720, #3970 ) ;
#3173 = EDGE_CURVE ( 'NONE', #1795, #5881, #11964, .T. ) ;
#3174 = ORIENTED_EDGE ( 'NONE', *, *, #3397, .T. ) ;
#3175 = ADVANCED_FACE ( 'NONE', ( #8505, #4050, #16, #8288, #8450, #8252, #4158, #8343, #8402, #33, #84, #219, #4410, #126, #12368 ), #10115, .T. ) ;
#3176 = EDGE_CURVE ( 'NONE', #7316, #2792, #4254, .T. ) ;
#3177 = ORIENTED_EDGE ( 'NONE', *, *, #1769, .F. ) ;
#3178 = ORIENTED_EDGE ( 'NONE', *, *, #2021, .T. ) ;
#3179 = VECTOR ( 'NONE', #9880, 1000.000000000000227 ) ;
#3180 = VERTEX_POINT ( 'NONE', #4552 ) ;
#3181 = EDGE_CURVE ( 'NONE', #3818, #2491, #48, .T. ) ;
#3182 = EDGE_LOOP ( 'NONE', ( #7974, #3120, #12030, #6468, #2833 ) ) ;
#3183 = LINE ( 'NONE', #4641, #11051 ) ;
#3184 = CARTESIAN_POINT ( 'NONE',  ( 29.00000000000014211, 3.000000000000000000, 10.00000000000003020 ) ) ;
#3185 = VERTEX_POINT ( 'NONE', #8377 ) ;
#3186 = ORIENTED_EDGE ( 'NONE', *, *, #3883, .F. ) ;
#3187 = DIRECTION ( 'NONE',  ( -0.7071067811865422437, 8.659560562354999418E-17, -0.7071067811865529018 ) ) ;
#3188 = CARTESIAN_POINT ( 'NONE',  ( 99.00000000000021316, 10.00000000000000000, 58.59999999999996589 ) ) ;
#3189 = CARTESIAN_POINT ( 'NONE',  ( 48.50000000000017053, 0.5000000000000195399, 8.500000000000014211 ) ) ;
#3190 = LINE ( 'NONE', #4918, #11080 ) ;
#3191 = AXIS2_PLACEMENT_3D ( 'NONE', #638, #7629, #789 ) ;
#3192 = CIRCLE ( 'NONE', #7919, 2.000000000000022649 ) ;
#3193 = VERTEX_POINT ( 'NONE', #3484 ) ;
#3194 = VECTOR ( 'NONE', #431, 1000.000000000000114 ) ;
#3195 = FACE_OUTER_BOUND ( 'NONE', #1963, .T. ) ;
#3196 = VECTOR ( 'NONE', #4853, 1000.000000000000114 ) ;
#3197 = CARTESIAN_POINT ( 'NONE',  ( 5.000000000000000888, 53.79999999999999716, 52.09999999999999432 ) ) ;
#3198 = VERTEX_POINT ( 'NONE', #10431 ) ;
#3199 = VERTEX_POINT ( 'NONE', #11171 ) ;
#3200 = DIRECTION ( 'NONE',  ( -0.5773502691896318373, -0.5773502691896247319, -0.5773502691896207351 ) ) ;
#3201 = DIRECTION ( 'NONE',  ( 1.000000000000000000, 1.278217298088174232E-16, 0.000000000000000000 ) ) ;
#3202 = AXIS2_PLACEMENT_3D ( 'NONE', #6696, #8437, #813 ) ;
#3203 = ORIENTED_EDGE ( 'NONE', *, *, #12374, .F. ) ;
#3204 = ADVANCED_FACE ( 'NONE', ( #4185 ), #200, .F. ) ;
#3205 = ORIENTED_EDGE ( 'NONE', *, *, #6199, .F. ) ;
#3206 = CARTESIAN_POINT ( 'NONE',  ( 11.52594855864442280, 58.35553858101677349, -10.64446141898320342 ) ) ;
#3207 = DIRECTION ( 'NONE',  ( 0.000000000000000000, 1.000000000000000000, 0.000000000000000000 ) ) ;
#3208 = EDGE_CURVE ( 'NONE', #8425, #5881, #4523, .T. ) ;
#3209 = ORIENTED_EDGE ( 'NONE', *, *, #5463, .T. ) ;
#3210 = EDGE_CURVE ( 'NONE', #1750, #6243, #4616, .T. ) ;
#3211 = ORIENTED_EDGE ( 'NONE', *, *, #10663, .T. ) ;
#3212 = VECTOR ( 'NONE', #10014, 1000.000000000000000 ) ;
#3213 = VECTOR ( 'NONE', #4001, 1000.000000000000000 ) ;
#3214 = ORIENTED_EDGE ( 'NONE', *, *, #9441, .F. ) ;
#3215 = LINE ( 'NONE', #4388, #3194 ) ;
#3216 = EDGE_CURVE ( 'NONE', #8712, #5826, #4541, .T. ) ;
#3217 = AXIS2_PLACEMENT_3D ( 'NONE', #1186, #5998, #10784 ) ;
#3218 = CARTESIAN_POINT ( 'NONE',  ( 43.50000000000014921, 0.5000000000000125455, 58.59999999999996589 ) ) ;
#3219 = CARTESIAN_POINT ( 'NONE',  ( 94.00000000000022737, 3.000000000000000000, 10.00000000000003020 ) ) ;
#3220 = PLANE ( 'NONE',  #732 ) ;
#3221 = PLANE ( 'NONE',  #11321 ) ;
#3222 = DIRECTION ( 'NONE',  ( -0.000000000000000000, 0.000000000000000000, 1.000000000000000000 ) ) ;
#3223 = CARTESIAN_POINT ( 'NONE',  ( 35.50000000000014921, 0.5000000000000125455, 10.00000000000003020 ) ) ;
#3224 = EDGE_CURVE ( 'NONE', #3877, #9301, #4729, .T. ) ;
#3225 = CARTESIAN_POINT ( 'NONE',  ( 3.000000000000005329, 33.50000000000178346, 9.100000000063497296 ) ) ;
#3226 = ORIENTED_EDGE ( 'NONE', *, *, #4265, .F. ) ;
#3227 = VERTEX_POINT ( 'NONE', #2698 ) ;
#3228 = PERSON_AND_ORGANIZATION_ROLE ( 'design_supplier' ) ;
#3229 = AXIS2_PLACEMENT_3D ( 'NONE', #20, #3852, #4202 ) ;
#3230 = DIRECTION ( 'NONE',  ( 0.000000000000000000, -1.000000000000000000, 5.139921410301651782E-16 ) ) ;
#3231 = DIRECTION ( 'NONE',  ( -1.000000000000000000, -1.147978770867005115E-16, 7.741153488987184085E-48 ) ) ;
#3232 = CARTESIAN_POINT ( 'NONE',  ( 1.000000000000005329, 33.50000000000176925, 38.40000000006348557 ) ) ;
#3233 = ORIENTED_EDGE ( 'NONE', *, *, #4443, .F. ) ;
#3234 = ORIENTED_EDGE ( 'NONE', *, *, #10520, .T. ) ;
#3235 = DIRECTION ( 'NONE',  ( -0.7071067811865414665, -0.7071067811865536790, 0.000000000000000000 ) ) ;
#3236 = EDGE_CURVE ( 'NONE', #11145, #11765, #4763, .T. ) ;
#3237 = CARTESIAN_POINT ( 'NONE',  ( 2.000000000000000000, 59.99999999999998579, 55.44999999999999574 ) ) ;
#3238 = ORIENTED_EDGE ( 'NONE', *, *, #5388, .F. ) ;
#3239 = ORIENTED_EDGE ( 'NONE', *, *, #9198, .F. ) ;
#3240 = LINE ( 'NONE', #10836, #11583 ) ;
#3241 = EDGE_CURVE ( 'NONE', #6526, #2843, #4566, .T. ) ;
#3242 = DIRECTION ( 'NONE',  ( 0.000000000000000000, 0.000000000000000000, -1.000000000000000000 ) ) ;
#3243 = VERTEX_POINT ( 'NONE', #5331 ) ;
#3244 = ORIENTED_EDGE ( 'NONE', *, *, #10100, .T. ) ;
#3245 = EDGE_CURVE ( 'NONE', #1795, #3185, #690, .T. ) ;
#3246 = CARTESIAN_POINT ( 'NONE',  ( 0.4999999999999805156, 55.50000000000000000, 22.09999999999999432 ) ) ;
#3247 = CARTESIAN_POINT ( 'NONE',  ( 57.00000000000020606, 3.000000000000000000, 10.00000000000003020 ) ) ;
#3248 = ORIENTED_EDGE ( 'NONE', *, *, #102, .F. ) ;
#3249 = ORIENTED_EDGE ( 'NONE', *, *, #3650, .F. ) ;
#3250 = EDGE_CURVE ( 'NONE', #9740, #11694, #485, .T. ) ;
#3251 = DIRECTION ( 'NONE',  ( -0.7071067811865414665, -0.7071067811865536790, 0.000000000000000000 ) ) ;
#3252 = AXIS2_PLACEMENT_3D ( 'NONE', #9593, #7500, #10568 ) ;
#3253 = DIRECTION ( 'NONE',  ( 8.195446571860579663E-34, -1.000000000000000000, -0.000000000000000000 ) ) ;
#3254 = ORIENTED_EDGE ( 'NONE', *, *, #11320, .F. ) ;
#3255 = ORIENTED_EDGE ( 'NONE', *, *, #395, .F. ) ;
#3256 = CARTESIAN_POINT ( 'NONE',  ( 0.4999999999999735767, 57.19999999999999574, 52.09999999999999432 ) ) ;
#3257 = CARTESIAN_POINT ( 'NONE',  ( 6.123233995736770966E-17, 59.49999999999998579, -10.00000000000000000 ) ) ;
#3258 = ADVANCED_FACE ( 'NONE', ( #8763 ), #5169, .F. ) ;
#3259 = DIRECTION ( 'NONE',  ( -1.000000000000000000, -1.147978770867005115E-16, -0.000000000000000000 ) ) ;
#3260 = CARTESIAN_POINT ( 'NONE',  ( 56.50000000000016342, 2.499999999999970246, 58.59999999999996589 ) ) ;
#3261 = DIRECTION ( 'NONE',  ( 1.427755947306016137E-16, 1.170109758380264387E-49, 1.000000000000000000 ) ) ;
#3262 = LINE ( 'NONE', #3854, #11519 ) ;
#3263 = ORIENTED_EDGE ( 'NONE', *, *, #8724, .T. ) ;
#3264 = ORIENTED_EDGE ( 'NONE', *, *, #7398, .T. ) ;
#3265 = ORIENTED_EDGE ( 'NONE', *, *, #3707, .F. ) ;
#3266 = CONICAL_SURFACE ( 'NONE', #611, 1.500000000000001332, 0.7853981633974430610 ) ;
#3267 = CARTESIAN_POINT ( 'NONE',  ( 110.5000000000000284, 11.00000000000001066, 69.09999999999998010 ) ) ;
#3268 = ORIENTED_EDGE ( 'NONE', *, *, #1870, .F. ) ;
#3269 = CARTESIAN_POINT ( 'NONE',  ( 3.000000000000005329, 17.15000000000002700, 44.75000000006293988 ) ) ;
#3270 = CARTESIAN_POINT ( 'NONE',  ( 20.50000000000010658, -7.867628708986146076E-32, 10.00000000000003020 ) ) ;
#3271 = DIRECTION ( 'NONE',  ( 0.000000000000000000, 0.000000000000000000, -1.000000000000000000 ) ) ;
#3272 = EDGE_CURVE ( 'NONE', #6142, #3663, #5239, .T. ) ;
#3273 = ORIENTED_EDGE ( 'NONE', *, *, #9682, .T. ) ;
#3274 = ORIENTED_EDGE ( 'NONE', *, *, #12132, .F. ) ;
#3275 = AXIS2_PLACEMENT_3D ( 'NONE', #11882, #4312, #1633 ) ;
#3276 = LINE ( 'NONE', #3382, #7656 ) ;
#3277 = LINE ( 'NONE', #12096, #7384 ) ;
#3278 = DIRECTION ( 'NONE',  ( 1.000000000000000000, 0.000000000000000000, 0.000000000000000000 ) ) ;
#3279 = FACE_OUTER_BOUND ( 'NONE', #3408, .T. ) ;
#3280 = ADVANCED_FACE ( 'NONE', ( #9112 ), #9463, .F. ) ;
#3281 = DIRECTION ( 'NONE',  ( -0.07035975447302900143, -0.7035975447302895702, -0.7071067811865499042 ) ) ;
#3282 = EDGE_LOOP ( 'NONE', ( #11457, #10544, #5044, #5145 ) ) ;
#3283 = CARTESIAN_POINT ( 'NONE',  ( 6.000000000000012434, 4.500000000000000000, -9.499999999999996447 ) ) ;
#3284 = CARTESIAN_POINT ( 'NONE',  ( 1.000000000000006217, 22.95000000000001705, 38.40000000006349268 ) ) ;
#3285 = DIRECTION ( 'NONE',  ( 1.141265444721583018E-16, -1.000000000000000000, 0.000000000000000000 ) ) ;
#3286 = EDGE_CURVE ( 'NONE', #8613, #5594, #9232, .T. ) ;
#3287 = DIRECTION ( 'NONE',  ( 0.000000000000000000, -0.7071067811865512365, -0.7071067811865439090 ) ) ;
#3288 = PLANE ( 'NONE',  #1081 ) ;
#3289 = VERTEX_POINT ( 'NONE', #4275 ) ;
#3290 = EDGE_CURVE ( 'NONE', #8698, #4161, #5193, .T. ) ;
#3291 = VECTOR ( 'NONE', #8112, 1000.000000000000000 ) ;
#3292 = VECTOR ( 'NONE', #5827, 1000.000000000000000 ) ;
#3293 = EDGE_CURVE ( 'NONE', #11828, #901, #5128, .T. ) ;
#3294 = VECTOR ( 'NONE', #3033, 1000.000000000000000 ) ;
#3295 = EDGE_LOOP ( 'NONE', ( #1578, #3172, #9831 ) ) ;
#3296 = DIRECTION ( 'NONE',  ( -0.9950371902099890420, 0.09950371902099897081, 0.000000000000000000 ) ) ;
#3297 = DIRECTION ( 'NONE',  ( -1.278217298088173986E-16, 1.000000000000000000, 0.000000000000000000 ) ) ;
#3298 = CARTESIAN_POINT ( 'NONE',  ( -0.4999999999999831246, 20.00000000000172662, 43.45000000006207586 ) ) ;
#3299 = CARTESIAN_POINT ( 'NONE',  ( 94.00000000000022737, 3.000000000000000000, 10.00000000000003020 ) ) ;
#3300 = AXIS2_PLACEMENT_3D ( 'NONE', #4655, #11446, #1736 ) ;
#3301 = DIRECTION ( 'NONE',  ( -8.195446571860579663E-34, 1.000000000000000000, -0.000000000000000000 ) ) ;
#3302 = VERTEX_POINT ( 'NONE', #8798 ) ;
#3303 = DIRECTION ( 'NONE',  ( 0.000000000000000000, 0.7071067811865451302, -0.7071067811865500152 ) ) ;
#3304 = CARTESIAN_POINT ( 'NONE',  ( 46.50000000000012790, 3.000000000000000000, 58.59999999999996589 ) ) ;
#3305 = ADVANCED_FACE ( 'NONE', ( #1112 ), #3221, .T. ) ;
#3306 = VERTEX_POINT ( 'NONE', #5915 ) ;
#3307 = CARTESIAN_POINT ( 'NONE',  ( 107.5000000000000284, 5.999999999999991118, -122.9712352769500541 ) ) ;
#3308 = APPLICATION_CONTEXT ( 'configuration controlled 3d designs of mechanical parts and assemblies' ) ;
#3309 = VECTOR ( 'NONE', #3863, 1000.000000000000114 ) ;
#3310 = DIRECTION ( 'NONE',  ( 1.427755947306016137E-16, 1.170109758380264387E-49, -1.000000000000000000 ) ) ;
#3311 = ORIENTED_EDGE ( 'NONE', *, *, #7766, .T. ) ;
#3312 = DIRECTION ( 'NONE',  ( 0.000000000000000000, 0.000000000000000000, 1.000000000000000000 ) ) ;
#3313 = CARTESIAN_POINT ( 'NONE',  ( 6.123233995736770966E-17, 59.49999999999998579, 69.09999999999998010 ) ) ;
#3314 = VECTOR ( 'NONE', #7185, 1000.000000000000000 ) ;
#3315 = EDGE_CURVE ( 'NONE', #941, #2065, #8999, .T. ) ;
#3316 = FACE_OUTER_BOUND ( 'NONE', #2440, .T. ) ;
#3317 = DIRECTION ( 'NONE',  ( 0.000000000000000000, 0.000000000000000000, 1.000000000000000000 ) ) ;
#3318 = VECTOR ( 'NONE', #1128, 1000.000000000000114 ) ;
#3319 = FACE_OUTER_BOUND ( 'NONE', #11245, .T. ) ;
#3320 = EDGE_CURVE ( 'NONE', #1189, #3945, #726, .T. ) ;
#3321 = LINE ( 'NONE', #8631, #11715 ) ;
#3322 = CARTESIAN_POINT ( 'NONE',  ( 14.00000000000000888, 3.000000000000000000, -122.9712352769500541 ) ) ;
#3323 = ORIENTED_EDGE ( 'NONE', *, *, #11978, .T. ) ;
#3324 = DIRECTION ( 'NONE',  ( 0.000000000000000000, 0.000000000000000000, -1.000000000000000000 ) ) ;
#3325 = AXIS2_PLACEMENT_3D ( 'NONE', #835, #1783, #4696 ) ;
#3326 = CARTESIAN_POINT ( 'NONE',  ( -0.5000000000000213163, 4.500000000001787015, 11.50000000006349232 ) ) ;
#3327 = CARTESIAN_POINT ( 'NONE',  ( 1.000000000000008216, 6.500000000001787015, 9.100000000063497296 ) ) ;
#3329 = DIRECTION ( 'NONE',  ( -0.000000000000000000, -0.000000000000000000, -1.000000000000000000 ) ) ;
#3328 = DIRECTION ( 'NONE',  ( 0.000000000000000000, 1.000000000000000000, 0.000000000000000000 ) ) ;
#3330 = ORIENTED_EDGE ( 'NONE', *, *, #12132, .T. ) ;
#3331 = DIRECTION ( 'NONE',  ( 1.000000000000000000, 8.195446571860586505E-34, 0.000000000000000000 ) ) ;
#3332 = EDGE_CURVE ( 'NONE', #12106, #8777, #804, .T. ) ;
#3333 = VECTOR ( 'NONE', #5534, 1000.000000000000114 ) ;
#3334 = ORIENTED_EDGE ( 'NONE', *, *, #9897, .T. ) ;
#3335 = PLANE ( 'NONE',  #12231 ) ;
#3336 = ADVANCED_FACE ( 'NONE', ( #5289 ), #9024, .F. ) ;
#3337 = CIRCLE ( 'NONE', #11594, 1.500000000000015099 ) ;
#3338 = CARTESIAN_POINT ( 'NONE',  ( 29.00000000000012434, 0.4999999999999848455, 58.59999999999996589 ) ) ;
#3339 = DIRECTION ( 'NONE',  ( 1.000000000000000000, 8.195446571860605322E-34, 0.000000000000000000 ) ) ;
#3340 = FACE_OUTER_BOUND ( 'NONE', #1077, .T. ) ;
#3341 = LINE ( 'NONE', #4085, #3292 ) ;
#3342 = EDGE_CURVE ( 'NONE', #5774, #7753, #779, .T. ) ;
#3343 = DIRECTION ( 'NONE',  ( 2.855511894612032274E-16, 2.340219516760528775E-49, -1.000000000000000000 ) ) ;
#3344 = VERTEX_POINT ( 'NONE', #3298 ) ;
#3345 = CARTESIAN_POINT ( 'NONE',  ( -0.5000000000000247580, 35.50000000000179057, 36.00000000006347989 ) ) ;
#3346 = EDGE_CURVE ( 'NONE', #11918, #8244, #4934, .T. ) ;
#3347 = ORIENTED_EDGE ( 'NONE', *, *, #2053, .T. ) ;
#3348 = DIRECTION ( 'NONE',  ( -0.000000000000000000, 0.000000000000000000, -1.000000000000000000 ) ) ;
#3349 = ORIENTED_EDGE ( 'NONE', *, *, #7464, .T. ) ;
#3350 = AXIS2_PLACEMENT_3D ( 'NONE', #3080, #10732, #11010 ) ;
#3351 = DIRECTION ( 'NONE',  ( -8.195446571860579663E-34, 1.000000000000000000, -0.000000000000000000 ) ) ;
#3352 = PLANE ( 'NONE',  #4424 ) ;
#3353 = DIRECTION ( 'NONE',  ( -1.000000000000000000, 0.000000000000000000, 0.000000000000000000 ) ) ;
#3354 = ORIENTED_EDGE ( 'NONE', *, *, #11271, .T. ) ;
#3355 = CARTESIAN_POINT ( 'NONE',  ( 72.50000000000009948, 3.000000000000000000, -122.9712352769500683 ) ) ;
#3356 = ADVANCED_FACE ( 'NONE', ( #9168 ), #10869, .T. ) ;
#3357 = DIRECTION ( 'NONE',  ( 0.7071067811865439090, -0.7071067811865512365, 0.000000000000000000 ) ) ;
#3358 = VECTOR ( 'NONE', #11172, 1000.000000000000000 ) ;
#3359 = VECTOR ( 'NONE', #3297, 1000.000000000000000 ) ;
#3360 = AXIS2_PLACEMENT_3D ( 'NONE', #10631, #619, #376 ) ;
#3361 = CARTESIAN_POINT ( 'NONE',  ( -0.4999999999999987232, 48.99999999999997868, 64.59999999999999432 ) ) ;
#3362 = VECTOR ( 'NONE', #8713, 1000.000000000000000 ) ;
#3363 = CARTESIAN_POINT ( 'NONE',  ( 47.00000000000014211, 0.5000000000000195399, 58.59999999999996589 ) ) ;
#3364 = LINE ( 'NONE', #11546, #11667 ) ;
#3365 = VERTEX_POINT ( 'NONE', #1339 ) ;
#3366 = DIRECTION ( 'NONE',  ( 1.000000000000000000, 0.000000000000000000, 0.000000000000000000 ) ) ;
#3367 = EDGE_CURVE ( 'NONE', #10393, #10205, #925, .T. ) ;
#3368 = ORIENTED_EDGE ( 'NONE', *, *, #1665, .F. ) ;
#3369 = CARTESIAN_POINT ( 'NONE',  ( 11.00000000000000533, 55.00000000000001421, -10.00000000000000000 ) ) ;
#3370 = PLANE ( 'NONE',  #9102 ) ;
#3371 = EDGE_CURVE ( 'NONE', #940, #8470, #1417, .T. ) ;
#3372 = DIRECTION ( 'NONE',  ( -0.7071067811865474617, 0.7071067811865474617, -0.000000000000000000 ) ) ;
#3373 = VERTEX_POINT ( 'NONE', #10971 ) ;
#3374 = EDGE_CURVE ( 'NONE', #8601, #7077, #9688, .T. ) ;
#3375 = ORIENTED_EDGE ( 'NONE', *, *, #4510, .F. ) ;
#3376 = LINE ( 'NONE', #3068, #7410 ) ;
#3377 = AXIS2_PLACEMENT_3D ( 'NONE', #266, #5932, #8958 ) ;
#3378 = FACE_OUTER_BOUND ( 'NONE', #12067, .T. ) ;
#3379 = ADVANCED_FACE ( 'NONE', ( #9390 ), #3127, .F. ) ;
#3380 = DIRECTION ( 'NONE',  ( 1.000000000000000000, -0.000000000000000000, -0.000000000000000000 ) ) ;
#3381 = ORIENTED_EDGE ( 'NONE', *, *, #3653, .F. ) ;
#3382 = CARTESIAN_POINT ( 'NONE',  ( 116.5000000000000000, 4.000000000000010658, -10.00000000000000000 ) ) ;
#3383 = CYLINDRICAL_SURFACE ( 'NONE', #1328, 1.500000000000011768 ) ;
#3384 = ORIENTED_EDGE ( 'NONE', *, *, #8839, .F. ) ;
#3385 = CARTESIAN_POINT ( 'NONE',  ( 68.00000000000018474, -3.974791587352364946E-32, 10.00000000000003020 ) ) ;
#3386 = ORIENTED_EDGE ( 'NONE', *, *, #5349, .T. ) ;
#3387 = CARTESIAN_POINT ( 'NONE',  ( 116.0000000000000000, 4.000000000000010658, 69.59999999999999432 ) ) ;
#3388 = ORIENTED_EDGE ( 'NONE', *, *, #7706, .T. ) ;
#3389 = CARTESIAN_POINT ( 'NONE',  ( 2.000000000000000444, 57.19999999999999574, 52.09999999999999432 ) ) ;
#3390 = DIRECTION ( 'NONE',  ( -0.7071067811865522357, -0.7071067811865427988, -5.047879561097568999E-17 ) ) ;
#3391 = ORIENTED_EDGE ( 'NONE', *, *, #794, .F. ) ;
#3392 = CONICAL_SURFACE ( 'NONE', #4099, 2.000000000000029310, 0.7853981633974396193 ) ;
#3393 = DIRECTION ( 'NONE',  ( 0.5773502691896267303, 0.5773502691896398309, 0.5773502691896106320 ) ) ;
#3394 = EDGE_CURVE ( 'NONE', #71, #2262, #5344, .T. ) ;
#3396 = ORIENTED_EDGE ( 'NONE', *, *, #518, .F. ) ;
#3395 = FACE_OUTER_BOUND ( 'NONE', #10749, .T. ) ;
#3397 = EDGE_CURVE ( 'NONE', #3940, #11138, #5382, .T. ) ;
#3398 = AXIS2_PLACEMENT_3D ( 'NONE', #7276, #763, #3637 ) ;
#3399 = ORIENTED_EDGE ( 'NONE', *, *, #4012, .T. ) ;
#3400 = CARTESIAN_POINT ( 'NONE',  ( 92.50000000000019895, 0.5000000000000195399, 58.59999999999996589 ) ) ;
#3401 = FACE_OUTER_BOUND ( 'NONE', #4760, .T. ) ;
#3402 = CARTESIAN_POINT ( 'NONE',  ( 22.50000000000013500, 3.000000000000000000, 10.00000000000003020 ) ) ;
#3403 = VERTEX_POINT ( 'NONE', #4519 ) ;
#3404 = CARTESIAN_POINT ( 'NONE',  ( 95.50000000000019895, 2.499999999999976907, 58.59999999999996589 ) ) ;
#3405 = ADVANCED_FACE ( 'NONE', ( #1363 ), #9708, .F. ) ;
#3406 = CARTESIAN_POINT ( 'NONE',  ( 104.7500000000000142, 12.74999999999999645, 69.09999999999998010 ) ) ;
#3407 = CARTESIAN_POINT ( 'NONE',  ( 6.000000000000012434, 4.500000000000000000, -10.00000000000000000 ) ) ;
#3408 = EDGE_LOOP ( 'NONE', ( #7998, #3623, #10796, #908 ) ) ;
#3409 = ORIENTED_EDGE ( 'NONE', *, *, #3829, .T. ) ;
#3410 = DIRECTION ( 'NONE',  ( -1.000000000000000000, 0.000000000000000000, 0.000000000000000000 ) ) ;
#3411 = CIRCLE ( 'NONE', #1395, 1.500000000000001332 ) ;
#3412 = CARTESIAN_POINT ( 'NONE',  ( 48.50000000000014921, 0.5000000000000195399, 58.59999999999996589 ) ) ;
#3413 = VECTOR ( 'NONE', #1183, 1000.000000000000000 ) ;
#3414 = CARTESIAN_POINT ( 'NONE',  ( 1.000000000000005329, 33.50000000000178346, 65.87397274142526271 ) ) ;
#3416 = ORIENTED_EDGE ( 'NONE', *, *, #2300, .F. ) ;
#3415 = VECTOR ( 'NONE', #3317, 1000.000000000000000 ) ;
#3417 = DIRECTION ( 'NONE',  ( -1.355252715606880851E-17, -1.000000000000000000, 0.000000000000000000 ) ) ;
#3418 = CIRCLE ( 'NONE', #907, 1.500000000000091482 ) ;
#3419 = EDGE_CURVE ( 'NONE', #2457, #3796, #9512, .T. ) ;
#3420 = DIRECTION ( 'NONE',  ( 0.000000000000000000, -1.000000000000000000, 0.000000000000000000 ) ) ;
#3421 = VERTEX_POINT ( 'NONE', #8514 ) ;
#3422 = CARTESIAN_POINT ( 'NONE',  ( 5.000000000000007105, 3.000000000000000000, 5.000000000000031974 ) ) ;
#3423 = AXIS2_PLACEMENT_3D ( 'NONE', #8574, #10147, #5360 ) ;
#3424 = DIRECTION ( 'NONE',  ( 0.000000000000000000, 0.000000000000000000, -1.000000000000000000 ) ) ;
#3425 = LINE ( 'NONE', #2828, #3654 ) ;
#3426 = DIRECTION ( 'NONE',  ( 0.000000000000000000, 0.000000000000000000, 1.000000000000000000 ) ) ;
#3427 = FACE_OUTER_BOUND ( 'NONE', #2361, .T. ) ;
#3428 = DIRECTION ( 'NONE',  ( 0.000000000000000000, 0.000000000000000000, 1.000000000000000000 ) ) ;
#3429 = CARTESIAN_POINT ( 'NONE',  ( 21.00000000000010303, 2.499999999999976907, 58.59999999999996589 ) ) ;
#3430 = CONICAL_SURFACE ( 'NONE', #6265, 2.000000000000022649, 0.7853981633974396193 ) ;
#3431 = PLANE ( 'NONE',  #104 ) ;
#3432 = ORIENTED_EDGE ( 'NONE', *, *, #8688, .F. ) ;
#3433 = ORIENTED_EDGE ( 'NONE', *, *, #12374, .T. ) ;
#3434 = DIRECTION ( 'NONE',  ( -0.000000000000000000, 1.000000000000000000, -0.000000000000000000 ) ) ;
#3435 = DIRECTION ( 'NONE',  ( -4.625929269271484533E-15, 1.000000000000000000, 0.000000000000000000 ) ) ;
#3436 = ORIENTED_EDGE ( 'NONE', *, *, #8914, .T. ) ;
#3437 = VERTEX_POINT ( 'NONE', #11139 ) ;
#3438 = CARTESIAN_POINT ( 'NONE',  ( 66.50000000000017053, 0.4999999999999917843, 10.00000000000003020 ) ) ;
#3439 = FACE_OUTER_BOUND ( 'NONE', #749, .T. ) ;
#3440 = VERTEX_POINT ( 'NONE', #1832 ) ;
#3441 = DIRECTION ( 'NONE',  ( 0.000000000000000000, -1.000000000000000000, 0.000000000000000000 ) ) ;
#3442 = EDGE_CURVE ( 'NONE', #11082, #10832, #1248, .T. ) ;
#3443 = DIRECTION ( 'NONE',  ( 0.000000000000000000, 0.000000000000000000, -1.000000000000000000 ) ) ;
#3444 = AXIS2_PLACEMENT_3D ( 'NONE', #11168, #12290, #834 ) ;
#3445 = CARTESIAN_POINT ( 'NONE',  ( -0.5000000000000229816, 35.50000000000179057, 36.00000000006347989 ) ) ;
#3446 = AXIS2_PLACEMENT_3D ( 'NONE', #1597, #6330, #6156 ) ;
#3447 = ORIENTED_EDGE ( 'NONE', *, *, #2616, .F. ) ;
#3448 = ORIENTED_EDGE ( 'NONE', *, *, #10551, .T. ) ;
#3449 = ORIENTED_EDGE ( 'NONE', *, *, #10359, .F. ) ;
#3450 = ADVANCED_FACE ( 'NONE', ( #1161 ), #9789, .F. ) ;
#3451 = DIRECTION ( 'NONE',  ( -1.000000000000000000, -8.195446571860579663E-34, 0.000000000000000000 ) ) ;
#3452 = ORIENTED_EDGE ( 'NONE', *, *, #7706, .F. ) ;
#3453 = CIRCLE ( 'NONE', #11235, 1.700000000000000178 ) ;
#3454 = DIRECTION ( 'NONE',  ( -1.000000000000000000, 0.000000000000000000, -0.000000000000000000 ) ) ;
#3455 = CARTESIAN_POINT ( 'NONE',  ( 30.50000000000013500, 2.499999999999970246, 58.59999999999996589 ) ) ;
#3456 = VERTEX_POINT ( 'NONE', #9349 ) ;
#3457 = VERTEX_POINT ( 'NONE', #12263 ) ;
#3458 = EDGE_CURVE ( 'NONE', #5710, #11132, #1566, .T. ) ;
#3459 = PLANE ( 'NONE',  #2797 ) ;
#3460 = APPROVAL_STATUS ( 'not_yet_approved' ) ;
#3461 = EDGE_CURVE ( 'NONE', #6691, #7008, #1197, .T. ) ;
#3462 = ORIENTED_EDGE ( 'NONE', *, *, #3374, .T. ) ;
#3463 = DIRECTION ( 'NONE',  ( 0.000000000000000000, -0.7071067811865512365, -0.7071067811865439090 ) ) ;
#3464 = CARTESIAN_POINT ( 'NONE',  ( 3.000000000000005329, 33.50000000000178346, 38.00000000006348699 ) ) ;
#3465 = VERTEX_POINT ( 'NONE', #2505 ) ;
#3466 = CARTESIAN_POINT ( 'NONE',  ( -0.9999999999999937828, 6.146446609408528161, 9.146446609470235245 ) ) ;
#3467 = ORIENTED_EDGE ( 'NONE', *, *, #1480, .T. ) ;
#3468 = LINE ( 'NONE', #8943, #3291 ) ;
#3469 = AXIS2_PLACEMENT_3D ( 'NONE', #5538, #983, #12343 ) ;
#3470 = VECTOR ( 'NONE', #7025, 1000.000000000000000 ) ;
#3471 = ORIENTED_EDGE ( 'NONE', *, *, #4033, .F. ) ;
#3472 = VECTOR ( 'NONE', #4863, 1000.000000000000000 ) ;
#3473 = ORIENTED_EDGE ( 'NONE', *, *, #1431, .T. ) ;
#3474 = EDGE_CURVE ( 'NONE', #6781, #9480, #9531, .T. ) ;
#3475 = ADVANCED_FACE ( 'NONE', ( #10026 ), #9267, .F. ) ;
#3476 = PLANE ( 'NONE',  #2223 ) ;
#3477 = ORIENTED_EDGE ( 'NONE', *, *, #4364, .F. ) ;
#3478 = ORIENTED_EDGE ( 'NONE', *, *, #8602, .F. ) ;
#3480 = DIRECTION ( 'NONE',  ( -0.7071067811865426878, -0.7071067811865524577, 0.000000000000000000 ) ) ;
#3479 = DIRECTION ( 'NONE',  ( 0.000000000000000000, -1.000000000000000000, 0.000000000000000000 ) ) ;
#3481 = CARTESIAN_POINT ( 'NONE',  ( 105.0000000000000568, 13.00000000000000000, 2.000000000000000000 ) ) ;
#3482 = ORIENTED_EDGE ( 'NONE', *, *, #1243, .T. ) ;
#3483 = ORIENTED_EDGE ( 'NONE', *, *, #2850, .T. ) ;
#3484 = CARTESIAN_POINT ( 'NONE',  ( 104.5000000000000142, 6.000000000000000000, 2.000000000000001776 ) ) ;
#3485 = EDGE_CURVE ( 'NONE', #11985, #9103, #6036, .T. ) ;
#3486 = ORIENTED_EDGE ( 'NONE', *, *, #1692, .F. ) ;
#3487 = ORIENTED_EDGE ( 'NONE', *, *, #269, .T. ) ;
#3488 = CARTESIAN_POINT ( 'NONE',  ( 79.50000000000018474, 2.499999999999976907, 10.00000000000003020 ) ) ;
#3489 = LINE ( 'NONE', #10163, #11476 ) ;
#3490 = LINE ( 'NONE', #5823, #7292 ) ;
#3491 = AXIS2_PLACEMENT_3D ( 'NONE', #6939, #2994, #8829 ) ;
#3492 = VECTOR ( 'NONE', #7127, 1000.000000000000000 ) ;
#3493 = ORIENTED_EDGE ( 'NONE', *, *, #1097, .T. ) ;
#3494 = DIRECTION ( 'NONE',  ( 1.000000000000000000, 0.000000000000000000, 0.000000000000000000 ) ) ;
#3495 = ADVANCED_FACE ( 'NONE', ( #5746 ), #5819, .F. ) ;
#3496 = AXIS2_PLACEMENT_3D ( 'NONE', #12260, #6599, #10636 ) ;
#3497 = DIRECTION ( 'NONE',  ( 1.000000000000000000, 1.224646799147352961E-16, -0.000000000000000000 ) ) ;
#3498 = ORIENTED_EDGE ( 'NONE', *, *, #7464, .F. ) ;
#3499 = ORIENTED_EDGE ( 'NONE', *, *, #723, .F. ) ;
#3500 = PLANE ( 'NONE',  #10179 ) ;
#3501 = ORIENTED_EDGE ( 'NONE', *, *, #11592, .F. ) ;
#3502 = DIRECTION ( 'NONE',  ( 0.000000000000000000, 0.000000000000000000, 1.000000000000000000 ) ) ;
#3503 = CARTESIAN_POINT ( 'NONE',  ( 108.5000000000000711, 7.000000000000014211, 71.09999999999999432 ) ) ;
#3504 = EDGE_CURVE ( 'NONE', #2511, #2159, #1608, .T. ) ;
#3505 = VECTOR ( 'NONE', #9223, 1000.000000000000000 ) ;
#3506 = DIRECTION ( 'NONE',  ( -0.000000000000000000, 1.000000000000000000, -0.000000000000000000 ) ) ;
#3507 = VECTOR ( 'NONE', #7200, 1000.000000000000000 ) ;
#3508 = PLANE ( 'NONE',  #6242 ) ;
#3509 = ORIENTED_EDGE ( 'NONE', *, *, #2616, .T. ) ;
#3510 = FACE_OUTER_BOUND ( 'NONE', #12236, .T. ) ;
#3511 = ORIENTED_EDGE ( 'NONE', *, *, #8736, .T. ) ;
#3512 = EDGE_CURVE ( 'NONE', #2393, #7351, #10128, .T. ) ;
#3513 = CARTESIAN_POINT ( 'NONE',  ( 116.0000000000000000, 4.999999999999999112, 69.59999999999999432 ) ) ;
#3514 = CARTESIAN_POINT ( 'NONE',  ( 87.50000000000018474, 3.000000000000000000, 58.59999999999996589 ) ) ;
#3515 = ORIENTED_EDGE ( 'NONE', *, *, #8884, .F. ) ;
#3516 = ORIENTED_EDGE ( 'NONE', *, *, #2738, .T. ) ;
#3517 = CARTESIAN_POINT ( 'NONE',  ( 0.4999999999999735767, 55.49999999999999289, 52.09999999999999432 ) ) ;
#3518 = EDGE_CURVE ( 'NONE', #12101, #6238, #10219, .T. ) ;
#3519 = CARTESIAN_POINT ( 'NONE',  ( 24.50000000000016342, -7.539810846111717758E-32, 10.00000000000003020 ) ) ;
#3520 = CARTESIAN_POINT ( 'NONE',  ( 53.50000000000016342, 2.499999999999970246, 10.00000000000003020 ) ) ;
#3521 = DIRECTION ( 'NONE',  ( 0.7071067811865443531, 0.000000000000000000, -0.7071067811865506814 ) ) ;
#3522 = AXIS2_PLACEMENT_3D ( 'NONE', #7065, #414, #4454 ) ;
#3523 = CARTESIAN_POINT ( 'NONE',  ( -0.5000000000000248690, 35.50000000000179057, 11.50000000006348877 ) ) ;
#3524 = ORIENTED_EDGE ( 'NONE', *, *, #4443, .T. ) ;
#3525 = FACE_OUTER_BOUND ( 'NONE', #2167, .T. ) ;
#3526 = VECTOR ( 'NONE', #4123, 1000.000000000000000 ) ;
#3527 = PLANE ( 'NONE',  #802 ) ;
#3528 = CARTESIAN_POINT ( 'NONE',  ( 5.000000000000000888, 53.80000000000000426, 22.09999999999999432 ) ) ;
#3529 = PLANE ( 'NONE',  #10324 ) ;
#3530 = DIRECTION ( 'NONE',  ( 0.000000000000000000, 0.000000000000000000, 1.000000000000000000 ) ) ;
#3531 = DIRECTION ( 'NONE',  ( -1.000000000000000000, 1.355252715606880851E-17, -0.000000000000000000 ) ) ;
#3532 = ORIENTED_EDGE ( 'NONE', *, *, #78, .T. ) ;
#3533 = ORIENTED_EDGE ( 'NONE', *, *, #3906, .F. ) ;
#3534 = DIRECTION ( 'NONE',  ( 0.000000000000000000, 0.000000000000000000, -1.000000000000000000 ) ) ;
#3535 = EDGE_CURVE ( 'NONE', #1182, #1943, #9861, .T. ) ;
#3536 = DIRECTION ( 'NONE',  ( -2.855511894612032274E-16, 0.000000000000000000, 1.000000000000000000 ) ) ;
#3537 = DIRECTION ( 'NONE',  ( -0.5000000000000035527, -0.5000000000000035527, 0.7071067811865425767 ) ) ;
#3538 = EDGE_CURVE ( 'NONE', #14, #11075, #1710, .T. ) ;
#3539 = ORIENTED_EDGE ( 'NONE', *, *, #824, .F. ) ;
#3540 = ORIENTED_EDGE ( 'NONE', *, *, #7739, .T. ) ;
#3541 = AXIS2_PLACEMENT_3D ( 'NONE', #10460, #2880, #3575 ) ;
#3542 = ADVANCED_FACE ( 'NONE', ( #9934 ), #27, .T. ) ;
#3543 = LINE ( 'NONE', #2416, #7797 ) ;
#3544 = LINE ( 'NONE', #5248, #3881 ) ;
#3545 = VECTOR ( 'NONE', #11990, 1000.000000000000000 ) ;
#3546 = FACE_OUTER_BOUND ( 'NONE', #4750, .T. ) ;
#3547 = CARTESIAN_POINT ( 'NONE',  ( 105.0000000000000284, 4.999999999999999112, 69.59999999999999432 ) ) ;
#3548 = ORIENTED_EDGE ( 'NONE', *, *, #1782, .T. ) ;
#3549 = DIRECTION ( 'NONE',  ( 0.7071067811865439090, -0.7071067811865512365, 0.000000000000000000 ) ) ;
#3550 = EDGE_LOOP ( 'NONE', ( #11133, #3540, #2894, #11873, #7584 ) ) ;
#3551 = CARTESIAN_POINT ( 'NONE',  ( 57.00000000000014211, -4.876290710257031600E-32, 10.00000000000003020 ) ) ;
#3552 = CARTESIAN_POINT ( 'NONE',  ( 60.00000000000014921, 0.5000000000000125455, 58.59999999999996589 ) ) ;
#3553 = EDGE_LOOP ( 'NONE', ( #11681, #3330, #3597, #8319, #3628, #6882, #8807, #9100, #5622, #8225 ) ) ;
#3554 = DIRECTION ( 'NONE',  ( -0.000000000000000000, 0.000000000000000000, 1.000000000000000000 ) ) ;
#3555 = EDGE_CURVE ( 'NONE', #3877, #3842, #1767, .T. ) ;
#3556 = ORIENTED_EDGE ( 'NONE', *, *, #6703, .F. ) ;
#3557 = ORIENTED_EDGE ( 'NONE', *, *, #12068, .F. ) ;
#3558 = CARTESIAN_POINT ( 'NONE',  ( 55.00000000000017053, 0.4999999999999848455, 10.00000000000003020 ) ) ;
#3559 = EDGE_CURVE ( 'NONE', #5330, #5146, #1626, .T. ) ;
#3560 = LINE ( 'NONE', #11554, #7743 ) ;
#3561 = LINE ( 'NONE', #10917, #12126 ) ;
#3562 = AXIS2_PLACEMENT_3D ( 'NONE', #10777, #156, #6986 ) ;
#3563 = CIRCLE ( 'NONE', #9626, 2.000000000000015543 ) ;
#3564 = LINE ( 'NONE', #6207, #7463 ) ;
#3565 = CARTESIAN_POINT ( 'NONE',  ( 61.50000000000017764, 0.5000000000000125455, 8.500000000000007105 ) ) ;
#3566 = ADVANCED_FACE ( 'NONE', ( #9886 ), #1986, .F. ) ;
#3567 = AXIS2_PLACEMENT_3D ( 'NONE', #6558, #9229, #11178 ) ;
#3568 = VERTEX_POINT ( 'NONE', #192 ) ;
#3569 = CARTESIAN_POINT ( 'NONE',  ( 96.00000000000021316, 3.000000000000000000, 58.59999999999996589 ) ) ;
#3571 = ORIENTED_EDGE ( 'NONE', *, *, #3927, .F. ) ;
#3570 = FACE_OUTER_BOUND ( 'NONE', #1898, .T. ) ;
#3572 = EDGE_CURVE ( 'NONE', #6309, #2232, #5866, .T. ) ;
#3573 = CARTESIAN_POINT ( 'NONE',  ( 5.500000000000000000, 54.50000000000000711, -10.00000000000000000 ) ) ;
#3574 = DIRECTION ( 'NONE',  ( 0.000000000000000000, 0.000000000000000000, 1.000000000000000000 ) ) ;
#3575 = DIRECTION ( 'NONE',  ( 0.000000000000000000, -1.000000000000000000, 5.139921410301651782E-16 ) ) ;
#3576 = ADVANCED_FACE ( 'NONE', ( #9910 ), #4116, .T. ) ;
#3577 = VERTEX_POINT ( 'NONE', #981 ) ;
#3579 = ORIENTED_EDGE ( 'NONE', *, *, #10335, .T. ) ;
#3578 = VECTOR ( 'NONE', #7815, 1000.000000000000000 ) ;
#3580 = EDGE_CURVE ( 'NONE', #8911, #5673, #5785, .T. ) ;
#3581 = DIRECTION ( 'NONE',  ( 0.000000000000000000, 0.000000000000000000, 1.000000000000000000 ) ) ;
#3582 = EDGE_CURVE ( 'NONE', #5340, #6653, #6051, .T. ) ;
#3583 = DIRECTION ( 'NONE',  ( 0.000000000000000000, -0.000000000000000000, 1.000000000000000000 ) ) ;
#3584 = CARTESIAN_POINT ( 'NONE',  ( -0.5000000000000004441, 49.49999999999998579, 69.59999999999999432 ) ) ;
#3585 = ORIENTED_EDGE ( 'NONE', *, *, #8803, .F. ) ;
#3586 = CARTESIAN_POINT ( 'NONE',  ( 3.000000000000004441, 22.85000000000002274, 9.500000000063486993 ) ) ;
#3587 = AXIS2_PLACEMENT_3D ( 'NONE', #9396, #2369, #8157 ) ;
#3588 = ADVANCED_FACE ( 'NONE', ( #1790 ), #8888, .F. ) ;
#3589 = EDGE_LOOP ( 'NONE', ( #5627, #3603, #11327, #6594, #2532 ) ) ;
#3590 = DIRECTION ( 'NONE',  ( 1.000000000000000000, -2.023844055306273103E-15, -0.000000000000000000 ) ) ;
#3591 = DIRECTION ( 'NONE',  ( 1.000000000000000000, 0.000000000000000000, 0.000000000000000000 ) ) ;
#3592 = DIRECTION ( 'NONE',  ( -0.7071067811865526798, 0.7071067811865423547, 0.000000000000000000 ) ) ;
#3593 = EDGE_CURVE ( 'NONE', #4036, #11985, #6072, .T. ) ;
#3594 = DIRECTION ( 'NONE',  ( 0.000000000000000000, 0.000000000000000000, -1.000000000000000000 ) ) ;
#3595 = ORIENTED_EDGE ( 'NONE', *, *, #6522, .F. ) ;
#3597 = ORIENTED_EDGE ( 'NONE', *, *, #2168, .F. ) ;
#3596 = LINE ( 'NONE', #9054, #7772 ) ;
#3598 = FACE_OUTER_BOUND ( 'NONE', #5175, .T. ) ;
#3599 = EDGE_LOOP ( 'NONE', ( #5759, #2757, #7745, #2279 ) ) ;
#3600 = CARTESIAN_POINT ( 'NONE',  ( 116.5000000000000000, 4.500000000000013323, -9.499999999999996447 ) ) ;
#3601 = LINE ( 'NONE', #2783, #12084 ) ;
#3602 = VERTEX_POINT ( 'NONE', #8136 ) ;
#3603 = ORIENTED_EDGE ( 'NONE', *, *, #12071, .T. ) ;
#3604 = CARTESIAN_POINT ( 'NONE',  ( 116.0000000000000000, 6.000000000000001776, 69.09999999999998010 ) ) ;
#3605 = DIRECTION ( 'NONE',  ( 1.000000000000000000, 0.000000000000000000, 0.000000000000000000 ) ) ;
#3606 = VECTOR ( 'NONE', #8036, 1000.000000000000114 ) ;
#3607 = DIRECTION ( 'NONE',  ( 0.000000000000000000, -1.000000000000000000, 0.000000000000000000 ) ) ;
#3608 = EDGE_CURVE ( 'NONE', #3403, #9270, #6337, .T. ) ;
#3609 = ORIENTED_EDGE ( 'NONE', *, *, #817, .F. ) ;
#3610 = DIRECTION ( 'NONE',  ( -1.124357808503486235E-16, 1.000000000000000000, 0.000000000000000000 ) ) ;
#3611 = LINE ( 'NONE', #5176, #7957 ) ;
#3612 = AXIS2_PLACEMENT_3D ( 'NONE', #5345, #2470, #3426 ) ;
#3613 = EDGE_LOOP ( 'NONE', ( #247, #10525, #10158, #11383 ) ) ;
#3614 = DIRECTION ( 'NONE',  ( -0.7071067811865512365, -0.7071067811865439090, -0.000000000000000000 ) ) ;
#3615 = ORIENTED_EDGE ( 'NONE', *, *, #8507, .F. ) ;
#3616 = ORIENTED_EDGE ( 'NONE', *, *, #3461, .F. ) ;
#3617 = LINE ( 'NONE', #110, #3791 ) ;
#3618 = AXIS2_PLACEMENT_3D ( 'NONE', #4211, #5141, #6482 ) ;
#3619 = ORIENTED_EDGE ( 'NONE', *, *, #10873, .T. ) ;
#3620 = FACE_OUTER_BOUND ( 'NONE', #3823, .T. ) ;
#3621 = LINE ( 'NONE', #8758, #11927 ) ;
#3622 = DIRECTION ( 'NONE',  ( 1.000000000000000000, 0.000000000000000000, -0.000000000000000000 ) ) ;
#3623 = ORIENTED_EDGE ( 'NONE', *, *, #4827, .F. ) ;
#3624 = ORIENTED_EDGE ( 'NONE', *, *, #8099, .F. ) ;
#3625 = EDGE_CURVE ( 'NONE', #19, #610, #10566, .T. ) ;
#3626 = CARTESIAN_POINT ( 'NONE',  ( 42.00000000000013500, 3.000000000000000000, 60.59999999999998721 ) ) ;
#3627 = CARTESIAN_POINT ( 'NONE',  ( 74.50000000000017053, 2.499999999999976907, 60.09999999999996589 ) ) ;
#3628 = ORIENTED_EDGE ( 'NONE', *, *, #359, .F. ) ;
#3629 = CARTESIAN_POINT ( 'NONE',  ( 85.64644660940673759, -14.85355339059329438, 69.59999999999999432 ) ) ;
#3630 = EDGE_LOOP ( 'NONE', ( #3884, #826, #4141, #3263, #655 ) ) ;
#3631 = ORIENTED_EDGE ( 'NONE', *, *, #1960, .T. ) ;
#3632 = CARTESIAN_POINT ( 'NONE',  ( 9.000000000000005329, 18.30000000000172733, 41.75000000006208012 ) ) ;
#3633 = EDGE_CURVE ( 'NONE', #6808, #5228, #10490, .T. ) ;
#3634 = PLANE ( 'NONE',  #3325 ) ;
#3635 = AXIS2_PLACEMENT_3D ( 'NONE', #7649, #8586, #9511 ) ;
#3636 = CARTESIAN_POINT ( 'NONE',  ( 53.50000000000016342, 10.00000000000000000, 10.00000000000003020 ) ) ;
#3637 = DIRECTION ( 'NONE',  ( 2.855511894612032274E-16, 2.340219516760528775E-49, -1.000000000000000000 ) ) ;
#3638 = ORIENTED_EDGE ( 'NONE', *, *, #8557, .F. ) ;
#3639 = EDGE_CURVE ( 'NONE', #11918, #11394, #2363, .T. ) ;
#3640 = ADVANCED_FACE ( 'NONE', ( #2462 ), #7266, .T. ) ;
#3641 = DIRECTION ( 'NONE',  ( 0.000000000000000000, 0.000000000000000000, -1.000000000000000000 ) ) ;
#3642 = CARTESIAN_POINT ( 'NONE',  ( 61.50000000000017764, 3.000000000000000000, 10.00000000000003020 ) ) ;
#3643 = VERTEX_POINT ( 'NONE', #6114 ) ;
#3644 = ORIENTED_EDGE ( 'NONE', *, *, #10620, .T. ) ;
#3645 = CARTESIAN_POINT ( 'NONE',  ( 34.00000000000012790, 2.499999999999984013, 10.00000000000003020 ) ) ;
#3646 = CARTESIAN_POINT ( 'NONE',  ( 33.50000000000009948, 3.000000000000000000, -122.9712352769500541 ) ) ;
#3647 = ORIENTED_EDGE ( 'NONE', *, *, #2726, .T. ) ;
#3648 = AXIS2_PLACEMENT_3D ( 'NONE', #3646, #4846, #10444 ) ;
#3649 = VECTOR ( 'NONE', #3765, 1000.000000000000000 ) ;
#3650 = EDGE_CURVE ( 'NONE', #10008, #9534, #10689, .T. ) ;
#3651 = CONICAL_SURFACE ( 'NONE', #9533, 1.500000000000008216, 0.7853981633974431720 ) ;
#3652 = DIRECTION ( 'NONE',  ( 0.000000000000000000, 0.000000000000000000, -1.000000000000000000 ) ) ;
#3653 = EDGE_CURVE ( 'NONE', #8037, #280, #6189, .T. ) ;
#3654 = VECTOR ( 'NONE', #1677, 1000.000000000000000 ) ;
#3655 = ORIENTED_EDGE ( 'NONE', *, *, #11151, .F. ) ;
#3656 = CARTESIAN_POINT ( 'NONE',  ( 3.000000000000008882, 6.500000000001787015, 65.87397274142526271 ) ) ;
#3657 = VECTOR ( 'NONE', #4605, 1000.000000000000000 ) ;
#3658 = PLANE ( 'NONE',  #7038 ) ;
#3659 = CARTESIAN_POINT ( 'NONE',  ( 107.5000000000000284, 3.000000000000000000, 63.59999999999995879 ) ) ;
#3660 = EDGE_LOOP ( 'NONE', ( #7949, #3384, #6216, #9137 ) ) ;
#3661 = EDGE_CURVE ( 'NONE', #3928, #4932, #2893, .T. ) ;
#3662 = DIRECTION ( 'NONE',  ( -2.855511894612032274E-16, -2.340219516760528775E-49, 1.000000000000000000 ) ) ;
#3663 = VERTEX_POINT ( 'NONE', #8967 ) ;
#3664 = ORIENTED_EDGE ( 'NONE', *, *, #4628, .T. ) ;
#3665 = DIRECTION ( 'NONE',  ( 1.000000000000000000, 0.000000000000000000, 0.000000000000000000 ) ) ;
#3666 = DIRECTION ( 'NONE',  ( 0.7071067811865439090, -0.7071067811865512365, 0.000000000000000000 ) ) ;
#3667 = CONICAL_SURFACE ( 'NONE', #2829, 1.500000000000015099, 0.7853981633974430610 ) ;
#3668 = ADVANCED_FACE ( 'NONE', ( #2818 ), #11305, .F. ) ;
#3669 = CARTESIAN_POINT ( 'NONE',  ( 11.00000000000000533, 54.50000000000000711, -10.00000000000000000 ) ) ;
#3670 = AXIS2_PLACEMENT_3D ( 'NONE', #3246, #11624, #11877 ) ;
#3671 = CONICAL_SURFACE ( 'NONE', #8380, 1.500000000000095035, 0.7853981633974430610 ) ;
#3672 = VERTEX_POINT ( 'NONE', #4394 ) ;
#3673 = ORIENTED_EDGE ( 'NONE', *, *, #3661, .F. ) ;
#3674 = CARTESIAN_POINT ( 'NONE',  ( 9.000000000000005329, 21.70000000000002061, 5.750000000064023453 ) ) ;
#3675 = DIRECTION ( 'NONE',  ( -8.195446571860579663E-34, 1.000000000000000000, 0.000000000000000000 ) ) ;
#3676 = CARTESIAN_POINT ( 'NONE',  ( 110.5000000000000284, 11.00000000000001066, -9.499999999999996447 ) ) ;
#3677 = CARTESIAN_POINT ( 'NONE',  ( 42.00000000000015632, 3.000000000000000000, 10.00000000000003020 ) ) ;
#3678 = LINE ( 'NONE', #3197, #8636 ) ;
#3680 = ORIENTED_EDGE ( 'NONE', *, *, #2271, .F. ) ;
#3679 = VECTOR ( 'NONE', #8885, 1000.000000000000000 ) ;
#3681 = DIRECTION ( 'NONE',  ( 0.000000000000000000, -1.000000000000000000, 0.000000000000000000 ) ) ;
#3682 = DIRECTION ( 'NONE',  ( 1.000000000000000000, 0.000000000000000000, 0.000000000000000000 ) ) ;
#3683 = VERTEX_POINT ( 'NONE', #5328 ) ;
#3684 = CYLINDRICAL_SURFACE ( 'NONE', #883, 1.500000000000015099 ) ;
#3685 = ADVANCED_FACE ( 'NONE', ( #10770 ), #10107, .F. ) ;
#3686 = ORIENTED_EDGE ( 'NONE', *, *, #8866, .T. ) ;
#3687 = DIRECTION ( 'NONE',  ( -0.000000000000000000, -0.000000000000000000, 1.000000000000000000 ) ) ;
#3688 = EDGE_CURVE ( 'NONE', #358, #4961, #2557, .T. ) ;
#3689 = CONICAL_SURFACE ( 'NONE', #11894, 1.500000000000008216, 0.7853981633974431720 ) ;
#3690 = DIRECTION ( 'NONE',  ( -2.855511894612032274E-16, 0.000000000000000000, -1.000000000000000000 ) ) ;
#3691 = LINE ( 'NONE', #10819, #12033 ) ;
#3692 = DIRECTION ( 'NONE',  ( -1.000000000000000000, 1.355252715606880851E-17, 0.000000000000000000 ) ) ;
#3693 = CARTESIAN_POINT ( 'NONE',  ( 105.5000000000000995, 59.49999999999986500, 69.59999999999999432 ) ) ;
#3694 = DIRECTION ( 'NONE',  ( 9.038361193080950981E-17, -0.7071067811865479058, 0.7071067811865472397 ) ) ;
#3695 = EDGE_CURVE ( 'NONE', #7264, #7555, #2731, .T. ) ;
#3696 = VECTOR ( 'NONE', #9468, 1000.000000000000000 ) ;
#3697 = AXIS2_PLACEMENT_3D ( 'NONE', #1375, #6285, #11094 ) ;
#3698 = ADVANCED_FACE ( 'NONE', ( #2751 ), #1371, .F. ) ;
#3699 = CARTESIAN_POINT ( 'NONE',  ( -0.9999999999999954481, 20.00000000000172662, 39.55000000006205596 ) ) ;
#3700 = EDGE_LOOP ( 'NONE', ( #6048, #1926, #5177, #175 ) ) ;
#3701 = ORIENTED_EDGE ( 'NONE', *, *, #12068, .T. ) ;
#3702 = ORIENTED_EDGE ( 'NONE', *, *, #11568, .F. ) ;
#3703 = LINE ( 'NONE', #4793, #12005 ) ;
#3704 = LINE ( 'NONE', #7905, #12029 ) ;
#3705 = EDGE_LOOP ( 'NONE', ( #6697, #7805, #4065, #7458 ) ) ;
#3706 = VECTOR ( 'NONE', #12291, 1000.000000000000000 ) ;
#3707 = EDGE_CURVE ( 'NONE', #4466, #1750, #11034, .T. ) ;
#3708 = CIRCLE ( 'NONE', #9252, 1.500000000000008216 ) ;
#3709 = ORIENTED_EDGE ( 'NONE', *, *, #9591, .F. ) ;
#3710 = VERTEX_POINT ( 'NONE', #7962 ) ;
#3711 = DIRECTION ( 'NONE',  ( 8.069965350965125032E-17, -0.7071067811865479058, -0.7071067811865470176 ) ) ;
#3712 = DIRECTION ( 'NONE',  ( 0.000000000000000000, -1.000000000000000000, 0.000000000000000000 ) ) ;
#3713 = DIRECTION ( 'NONE',  ( 0.000000000000000000, 0.000000000000000000, -1.000000000000000000 ) ) ;
#3714 = CARTESIAN_POINT ( 'NONE',  ( 1.102182119232617714E-15, 50.99999999999998579, 68.09999999999999432 ) ) ;
#3715 = EDGE_CURVE ( 'NONE', #8777, #9244, #2773, .T. ) ;
#3716 = AXIS2_PLACEMENT_3D ( 'NONE', #1266, #2520, #9036 ) ;
#3717 = CARTESIAN_POINT ( 'NONE',  ( 38.83333333333510495, 92.33333333333332860, 36.26666666666574201 ) ) ;
#3718 = AXIS2_PLACEMENT_3D ( 'NONE', #5862, #1483, #4984 ) ;
#3719 = DIRECTION ( 'NONE',  ( -0.7071067811865523467, -0.7071067811865426878, 1.009575912219513923E-16 ) ) ;
#3720 = DIRECTION ( 'NONE',  ( 9.038361193080950981E-17, -0.7071067811865479058, -0.7071067811865472397 ) ) ;
#3721 = ORIENTED_EDGE ( 'NONE', *, *, #3208, .F. ) ;
#3722 = ORIENTED_EDGE ( 'NONE', *, *, #10813, .F. ) ;
#3723 = DIRECTION ( 'NONE',  ( 0.000000000000000000, 0.000000000000000000, 1.000000000000000000 ) ) ;
#3724 = CIRCLE ( 'NONE', #3191, 1.500000000000001332 ) ;
#3725 = ORIENTED_EDGE ( 'NONE', *, *, #4859, .F. ) ;
#3726 = CARTESIAN_POINT ( 'NONE',  ( 74.50000000000018474, 3.000000000000000000, 10.00000000000003020 ) ) ;
#3727 = CARTESIAN_POINT ( 'NONE',  ( 66.00000000000014211, 3.000000000000000000, -122.9712352769500541 ) ) ;
#3728 = DIRECTION ( 'NONE',  ( 0.000000000000000000, -1.000000000000000000, 0.000000000000000000 ) ) ;
#3729 = FACE_OUTER_BOUND ( 'NONE', #3985, .T. ) ;
#3730 = ORIENTED_EDGE ( 'NONE', *, *, #2732, .T. ) ;
#3731 = VECTOR ( 'NONE', #9379, 1000.000000000000000 ) ;
#3732 = EDGE_CURVE ( 'NONE', #9103, #8613, #2791, .T. ) ;
#3733 = ORIENTED_EDGE ( 'NONE', *, *, #7380, .T. ) ;
#3734 = ORIENTED_EDGE ( 'NONE', *, *, #3290, .F. ) ;
#3735 = LINE ( 'NONE', #7046, #11913 ) ;
#3736 = CARTESIAN_POINT ( 'NONE',  ( 87.50000000000018474, 2.499999999999976907, 58.59999999999996589 ) ) ;
#3737 = VERTEX_POINT ( 'NONE', #9839 ) ;
#3738 = EDGE_LOOP ( 'NONE', ( #2925, #2586, #8038, #2631 ) ) ;
#3739 = CARTESIAN_POINT ( 'NONE',  ( 5.000000000000000888, 57.19999999999999574, 22.09999999999999432 ) ) ;
#3740 = ADVANCED_FACE ( 'NONE', ( #3076 ), #11700, .F. ) ;
#3741 = CARTESIAN_POINT ( 'NONE',  ( -0.4999999999999980571, 35.49999999999998579, 64.59999999999999432 ) ) ;
#3742 = CARTESIAN_POINT ( 'NONE',  ( -0.4999999999999831246, 20.00000000000172662, 41.75000000006208012 ) ) ;
#3743 = AXIS2_PLACEMENT_3D ( 'NONE', #3223, #4037, #4983 ) ;
#3744 = ORIENTED_EDGE ( 'NONE', *, *, #2712, .T. ) ;
#3745 = CARTESIAN_POINT ( 'NONE',  ( 105.5000000000000142, 13.00000000000000000, 69.09999999999998010 ) ) ;
#3746 = LINE ( 'NONE', #1294, #7679 ) ;
#3747 = PLANE ( 'NONE',  #11185 ) ;
#3748 = CARTESIAN_POINT ( 'NONE',  ( 106.2758776368660278, 5.015060788478159282, -9.776007113093866607 ) ) ;
#3749 = FACE_OUTER_BOUND ( 'NONE', #4449, .T. ) ;
#3750 = EDGE_CURVE ( 'NONE', #7641, #8977, #7617, .T. ) ;
#3751 = CARTESIAN_POINT ( 'NONE',  ( 5.000000000000000888, 50.49999999999998579, 64.59999999999993747 ) ) ;
#3752 = DIRECTION ( 'NONE',  ( 1.000000000000000000, -1.156482317317871133E-15, 0.000000000000000000 ) ) ;
#3753 = CARTESIAN_POINT ( 'NONE',  ( 20.50000000000007461, 3.000000000000000000, -122.9712352769500541 ) ) ;
#3754 = ORIENTED_EDGE ( 'NONE', *, *, #9803, .F. ) ;
#3755 = EDGE_LOOP ( 'NONE', ( #11845, #12357, #1132, #4145 ) ) ;
#3756 = ORIENTED_EDGE ( 'NONE', *, *, #8452, .T. ) ;
#3757 = DIRECTION ( 'NONE',  ( 1.000000000000000000, 1.224646799147352961E-16, -0.000000000000000000 ) ) ;
#3758 = CARTESIAN_POINT ( 'NONE',  ( 73.00000000000017053, 0.5000000000000195399, 58.59999999999996589 ) ) ;
#3759 = DIRECTION ( 'NONE',  ( 8.117435735382552870E-17, -0.7071067811865460184, -0.7071067811865490160 ) ) ;
#3760 = EDGE_CURVE ( 'NONE', #11986, #1178, #7459, .T. ) ;
#3761 = CARTESIAN_POINT ( 'NONE',  ( 1.102182119232617714E-15, 50.99999999999998579, -10.00000000000000000 ) ) ;
#3762 = EDGE_CURVE ( 'NONE', #6567, #1031, #3337, .T. ) ;
#3763 = ORIENTED_EDGE ( 'NONE', *, *, #6896, .F. ) ;
#3764 = VERTEX_POINT ( 'NONE', #4115 ) ;
#3765 = DIRECTION ( 'NONE',  ( -0.7071067811865414665, 0.7071067811865536790, 0.000000000000000000 ) ) ;
#3766 = CONICAL_SURFACE ( 'NONE', #6474, 1.500000000000022204, 0.7853981633974431720 ) ;
#3767 = CARTESIAN_POINT ( 'NONE',  ( 9.000000000000003553, 35.50000000000179057, 11.50000000006348877 ) ) ;
#3768 = VECTOR ( 'NONE', #12375, 1000.000000000000000 ) ;
#3769 = ORIENTED_EDGE ( 'NONE', *, *, #4713, .T. ) ;
#3770 = DIRECTION ( 'NONE',  ( 1.224646799147352468E-16, -1.000000000000000000, 0.000000000000000000 ) ) ;
#3771 = DIRECTION ( 'NONE',  ( 1.000000000000000000, 8.195446571860565979E-34, 0.000000000000000000 ) ) ;
#3772 = AXIS2_PLACEMENT_3D ( 'NONE', #6815, #8725, #868 ) ;
#3773 = ORIENTED_EDGE ( 'NONE', *, *, #1243, .F. ) ;
#3774 = CARTESIAN_POINT ( 'NONE',  ( 0.000000000000000000, 0.000000000000000000, 9.100000000063497296 ) ) ;
#3775 = DIRECTION ( 'NONE',  ( -1.000000000000000000, -1.147978770867005115E-16, -0.000000000000000000 ) ) ;
#3776 = VECTOR ( 'NONE', #10413, 1000.000000000000000 ) ;
#3777 = ADVANCED_FACE ( 'NONE', ( #3427 ), #7246, .F. ) ;
#3778 = CARTESIAN_POINT ( 'NONE',  ( 9.000000000000003553, 35.50000000000179057, 36.00000000006347989 ) ) ;
#3779 = CARTESIAN_POINT ( 'NONE',  ( 31.00000000000014211, 3.000000000000000000, -122.9712352769500541 ) ) ;
#3780 = ORIENTED_EDGE ( 'NONE', *, *, #11183, .F. ) ;
#3781 = ORIENTED_EDGE ( 'NONE', *, *, #794, .T. ) ;
#3782 = DIRECTION ( 'NONE',  ( -0.000000000000000000, 1.000000000000000000, -0.000000000000000000 ) ) ;
#3783 = AXIS2_PLACEMENT_3D ( 'NONE', #305, #9695, #7915 ) ;
#3784 = DIRECTION ( 'NONE',  ( -2.855511894612032274E-16, 0.000000000000000000, -1.000000000000000000 ) ) ;
#3785 = ORIENTED_EDGE ( 'NONE', *, *, #7070, .F. ) ;
#3786 = EDGE_CURVE ( 'NONE', #357, #5232, #11745, .T. ) ;
#3787 = DIRECTION ( 'NONE',  ( -1.000000000000000000, 0.000000000000000000, -5.900520662951093563E-32 ) ) ;
#3788 = ORIENTED_EDGE ( 'NONE', *, *, #3653, .T. ) ;
#3789 = VERTEX_POINT ( 'NONE', #6025 ) ;
#3790 = EDGE_CURVE ( 'NONE', #1556, #7218, #12025, .T. ) ;
#3791 = VECTOR ( 'NONE', #5076, 1000.000000000000000 ) ;
#3792 = EDGE_LOOP ( 'NONE', ( #6358, #6295, #6783, #6612 ) ) ;
#3793 = FACE_OUTER_BOUND ( 'NONE', #2099, .T. ) ;
#3794 = ADVANCED_FACE ( 'NONE', ( #3831, #11874, #7794 ), #8742, .T. ) ;
#3795 = ORIENTED_EDGE ( 'NONE', *, *, #6414, .F. ) ;
#3796 = VERTEX_POINT ( 'NONE', #5939 ) ;
#3797 = EDGE_LOOP ( 'NONE', ( #10257, #479, #155, #2342 ) ) ;
#3798 = ORIENTED_EDGE ( 'NONE', *, *, #871, .T. ) ;
#3799 = EDGE_CURVE ( 'NONE', #12196, #11631, #7722, .T. ) ;
#3800 = LINE ( 'NONE', #4480, #7981 ) ;
#3801 = DIRECTION ( 'NONE',  ( 0.000000000000000000, 0.000000000000000000, -1.000000000000000000 ) ) ;
#3802 = CARTESIAN_POINT ( 'NONE',  ( 100.5000000000002274, 3.000000000000000000, 58.59999999999996589 ) ) ;
#3803 = EDGE_CURVE ( 'NONE', #7839, #7590, #8014, .T. ) ;
#3804 = PLANE ( 'NONE',  #7255 ) ;
#3805 = CARTESIAN_POINT ( 'NONE',  ( 1.999999999999896749, 59.99999999999998579, 25.44999999999999218 ) ) ;
#3806 = ADVANCED_FACE ( 'NONE', ( #3570 ), #8055, .T. ) ;
#3807 = PLANE ( 'NONE',  #3911 ) ;
#3808 = CARTESIAN_POINT ( 'NONE',  ( 76.50000000000024158, 3.000000000000000000, -122.9712352769500399 ) ) ;
#3809 = CARTESIAN_POINT ( 'NONE',  ( 27.00000000000010303, 3.000000000000000000, -122.9712352769500541 ) ) ;
#3810 = CARTESIAN_POINT ( 'NONE',  ( 3.999999999999896971, 55.50000000000000000, 22.09999999999999432 ) ) ;
#3811 = DIRECTION ( 'NONE',  ( -0.6785983445458405594, 0.2810846377148206732, -0.6785983445458533270 ) ) ;
#3812 = AXIS2_PLACEMENT_3D ( 'NONE', #3014, #3979, #8773 ) ;
#3813 = B_SPLINE_CURVE_WITH_KNOTS ( 'NONE', 3,
 ( #10403, #11379, #892, #8665, #7807, #6836, #96 ),
 .UNSPECIFIED., .F., .F.,
 ( 4, 3, 4 ),
 ( 0.000000000000000000, 0.0005857946122476124671, 0.0007074084002182113012 ),
 .UNSPECIFIED. ) ;
#3814 = DIRECTION ( 'NONE',  ( 0.000000000000000000, 0.000000000000000000, -1.000000000000000000 ) ) ;
#3815 = CARTESIAN_POINT ( 'NONE',  ( 74.50000000000017053, 2.499999999999976907, 58.59999999999996589 ) ) ;
#3816 = CARTESIAN_POINT ( 'NONE',  ( 2.000000000000000444, 52.49999999999998579, 49.24999999999999289 ) ) ;
#3817 = LINE ( 'NONE', #5664, #7972 ) ;
#3818 = VERTEX_POINT ( 'NONE', #9931 ) ;
#3819 = VERTEX_POINT ( 'NONE', #10899 ) ;
#3820 = EDGE_LOOP ( 'NONE', ( #10235, #11958, #2660, #3203 ) ) ;
#3821 = VERTEX_POINT ( 'NONE', #1121 ) ;
#3822 = FACE_OUTER_BOUND ( 'NONE', #3792, .T. ) ;
#3823 = EDGE_LOOP ( 'NONE', ( #2140, #484, #1954, #2620 ) ) ;
#3824 = VECTOR ( 'NONE', #3097, 1000.000000000000000 ) ;
#3825 = LINE ( 'NONE', #6231, #7736 ) ;
#3826 = DIRECTION ( 'NONE',  ( 0.000000000000000000, 0.000000000000000000, 1.000000000000000000 ) ) ;
#3827 = DIRECTION ( 'NONE',  ( -1.000000000000000000, -0.000000000000000000, 0.000000000000000000 ) ) ;
#3828 = PLANE ( 'NONE',  #943 ) ;
#3829 = EDGE_CURVE ( 'NONE', #7238, #3028, #12043, .T. ) ;
#3830 = EDGE_CURVE ( 'NONE', #1497, #10888, #3596, .T. ) ;
#3831 = FACE_BOUND ( 'NONE', #6529, .T. ) ;
#3832 = AXIS2_PLACEMENT_3D ( 'NONE', #6603, #4594, #5537 ) ;
#3833 = CARTESIAN_POINT ( 'NONE',  ( 110.5000000000000284, 8.999999999999998224, -9.499999999999996447 ) ) ;
#3834 = PLANE ( 'NONE',  #3971 ) ;
#3835 = FACE_BOUND ( 'NONE', #5636, .T. ) ;
#3836 = LINE ( 'NONE', #9302, #8019 ) ;
#3837 = DIRECTION ( 'NONE',  ( 1.278217298088174232E-16, -1.000000000000000000, 1.927470528863119542E-16 ) ) ;
#3838 = ORIENTED_EDGE ( 'NONE', *, *, #1966, .F. ) ;
#3839 = ORIENTED_EDGE ( 'NONE', *, *, #5663, .T. ) ;
#3840 = ORIENTED_EDGE ( 'NONE', *, *, #9860, .F. ) ;
#3841 = CARTESIAN_POINT ( 'NONE',  ( 106.4995735098602694, 5.029202711958144612, -10.00000000000000000 ) ) ;
#3842 = VERTEX_POINT ( 'NONE', #9749 ) ;
#3843 = CIRCLE ( 'NONE', #4630, 1.700000000000000178 ) ;
#3844 = CARTESIAN_POINT ( 'NONE',  ( 92.50000000000019895, 2.499999999999976907, 58.59999999999996589 ) ) ;
#3845 = CARTESIAN_POINT ( 'NONE',  ( 3.000000000000005329, 33.50000000000178346, 38.40000000006348557 ) ) ;
#3846 = VERTEX_POINT ( 'NONE', #11704 ) ;
#3847 = ORIENTED_EDGE ( 'NONE', *, *, #9485, .T. ) ;
#3848 = FACE_OUTER_BOUND ( 'NONE', #4209, .T. ) ;
#3849 = CARTESIAN_POINT ( 'NONE',  ( 13.49999999999999822, 57.29289321881343966, -10.00000000000000000 ) ) ;
#3850 = CARTESIAN_POINT ( 'NONE',  ( 86.00000000000015632, 2.499999999999976907, 58.59999999999996589 ) ) ;
#3851 = ORIENTED_EDGE ( 'NONE', *, *, #8233, .T. ) ;
#3852 = DIRECTION ( 'NONE',  ( -0.7071067811865453523, -8.117435735382546707E-17, -0.7071067811865497932 ) ) ;
#3853 = EDGE_LOOP ( 'NONE', ( #2536, #2333, #6416, #11682 ) ) ;
#3854 = CARTESIAN_POINT ( 'NONE',  ( 5.500000000000000000, 54.50000000000000711, -9.499999999999996447 ) ) ;
#3855 = EDGE_CURVE ( 'NONE', #1089, #1709, #12063, .T. ) ;
#3856 = LINE ( 'NONE', #225, #12141 ) ;
#3857 = DIRECTION ( 'NONE',  ( 1.000000000000000000, 8.195446571860579663E-34, 2.855511894612032274E-16 ) ) ;
#3858 = ORIENTED_EDGE ( 'NONE', *, *, #676, .T. ) ;
#3859 = ADVANCED_FACE ( 'NONE', ( #12144 ), #10254, .T. ) ;
#3860 = DIRECTION ( 'NONE',  ( -1.000000000000000000, 0.000000000000000000, 0.000000000000000000 ) ) ;
#3861 = EDGE_CURVE ( 'NONE', #10347, #3440, #3879, .T. ) ;
#3862 = LINE ( 'NONE', #11023, #3918 ) ;
#3863 = DIRECTION ( 'NONE',  ( -5.068095543300814584E-15, 0.7071067811865500152, -0.7071067811865451302 ) ) ;
#3864 = AXIS2_PLACEMENT_3D ( 'NONE', #5045, #6007, #7791 ) ;
#3865 = ORIENTED_EDGE ( 'NONE', *, *, #2490, .F. ) ;
#3866 = DIRECTION ( 'NONE',  ( 0.000000000000000000, -0.000000000000000000, -1.000000000000000000 ) ) ;
#3867 = LINE ( 'NONE', #1977, #7907 ) ;
#3868 = DIRECTION ( 'NONE',  ( 2.855511894612032274E-16, 0.000000000000000000, 1.000000000000000000 ) ) ;
#3869 = VECTOR ( 'NONE', #9766, 1000.000000000000000 ) ;
#3870 = CARTESIAN_POINT ( 'NONE',  ( 40.50000000000013500, 2.499999999999984013, 10.00000000000003020 ) ) ;
#3871 = DIRECTION ( 'NONE',  ( 0.000000000000000000, -0.7071067811865463515, 0.7071067811865487940 ) ) ;
#3872 = CARTESIAN_POINT ( 'NONE',  ( 87.50000000000021316, -2.376679505839549748E-32, 10.00000000000003020 ) ) ;
#3873 = CARTESIAN_POINT ( 'NONE',  ( 2.000000000000000444, 52.49999999999998579, 54.94999999999998863 ) ) ;
#3874 = ORIENTED_EDGE ( 'NONE', *, *, #4227, .F. ) ;
#3875 = EDGE_LOOP ( 'NONE', ( #1290, #4247, #5477, #1828 ) ) ;
#3876 = DIRECTION ( 'NONE',  ( 1.000000000000000000, 8.195446571860586505E-34, 0.000000000000000000 ) ) ;
#3877 = VERTEX_POINT ( 'NONE', #3873 ) ;
#3878 = ORIENTED_EDGE ( 'NONE', *, *, #68, .F. ) ;
#3879 = LINE ( 'NONE', #8106, #12168 ) ;
#3880 = FACE_OUTER_BOUND ( 'NONE', #304, .T. ) ;
#3881 = VECTOR ( 'NONE', #6944, 1000.000000000000000 ) ;
#3882 = ORIENTED_EDGE ( 'NONE', *, *, #5799, .T. ) ;
#3883 = EDGE_CURVE ( 'NONE', #9388, #1082, #12190, .T. ) ;
#3884 = ORIENTED_EDGE ( 'NONE', *, *, #6536, .T. ) ;
#3885 = AXIS2_PLACEMENT_3D ( 'NONE', #11197, #12161, #2878 ) ;
#3886 = ADVANCED_FACE ( 'NONE', ( #3939 ), #7710, .F. ) ;
#3887 = AXIS2_PLACEMENT_3D ( 'NONE', #7639, #8578, #6333 ) ;
#3888 = LINE ( 'NONE', #100, #12239 ) ;
#3889 = CARTESIAN_POINT ( 'NONE',  ( 17.50000000000021672, 0.4999999999999813483, 58.59999999999996589 ) ) ;
#3890 = DIRECTION ( 'NONE',  ( 8.195446571860579663E-34, -1.000000000000000000, -0.000000000000000000 ) ) ;
#3891 = CIRCLE ( 'NONE', #2869, 2.000000000000022649 ) ;
#3892 = EDGE_LOOP ( 'NONE', ( #3388, #6841, #10751, #2052 ) ) ;
#3893 = CARTESIAN_POINT ( 'NONE',  ( 102.5000000000002416, -1.147362520060460113E-32, 58.59999999999996589 ) ) ;
#3894 = CARTESIAN_POINT ( 'NONE',  ( 74.50000000000017053, 0.5000000000000195399, 58.59999999999996589 ) ) ;
#3895 = DIRECTION ( 'NONE',  ( 0.000000000000000000, 0.000000000000000000, 1.000000000000000000 ) ) ;
#3896 = EDGE_LOOP ( 'NONE', ( #4916, #8625, #4599, #5442 ) ) ;
#3897 = VECTOR ( 'NONE', #2547, 1000.000000000000000 ) ;
#3898 = FACE_OUTER_BOUND ( 'NONE', #2437, .T. ) ;
#3899 = ORIENTED_EDGE ( 'NONE', *, *, #4012, .F. ) ;
#3900 = ORIENTED_EDGE ( 'NONE', *, *, #10962, .T. ) ;
#3902 = ORIENTED_EDGE ( 'NONE', *, *, #1413, .F. ) ;
#3901 = LINE ( 'NONE', #8824, #8067 ) ;
#3903 = CONICAL_SURFACE ( 'NONE', #8405, 2.000000000000029310, 0.7853981633974396193 ) ;
#3904 = ORIENTED_EDGE ( 'NONE', *, *, #6032, .F. ) ;
#3905 = DIRECTION ( 'NONE',  ( 1.000000000000000000, -2.023844055306273103E-15, 0.000000000000000000 ) ) ;
#3906 = EDGE_CURVE ( 'NONE', #5225, #8246, #12363, .T. ) ;
#3907 = FACE_OUTER_BOUND ( 'NONE', #7543, .T. ) ;
#3908 = CARTESIAN_POINT ( 'NONE',  ( 2.000000000000000444, 53.15000000000004832, 48.59999999999993747 ) ) ;
#3909 = ADVANCED_FACE ( 'NONE', ( #4150 ), #5484, .T. ) ;
#3910 = ORIENTED_EDGE ( 'NONE', *, *, #9293, .T. ) ;
#3911 = AXIS2_PLACEMENT_3D ( 'NONE', #6718, #6314, #3271 ) ;
#3912 = EDGE_LOOP ( 'NONE', ( #8590, #6134, #6301, #10720 ) ) ;
#3913 = EDGE_CURVE ( 'NONE', #853, #6208, #12280, .T. ) ;
#3914 = ORIENTED_EDGE ( 'NONE', *, *, #6058, .F. ) ;
#3915 = ORIENTED_EDGE ( 'NONE', *, *, #269, .F. ) ;
#3916 = DIRECTION ( 'NONE',  ( 1.000000000000000000, -2.023844055306273103E-15, 0.000000000000000000 ) ) ;
#3917 = DIRECTION ( 'NONE',  ( 0.09950371902099899857, -0.9950371902099890420, -0.000000000000000000 ) ) ;
#3918 = VECTOR ( 'NONE', #6804, 1000.000000000000000 ) ;
#3919 = ORIENTED_EDGE ( 'NONE', *, *, #646, .T. ) ;
#3920 = ORIENTED_EDGE ( 'NONE', *, *, #3535, .F. ) ;
#3921 = LINE ( 'NONE', #12133, #3706 ) ;
#3922 = CARTESIAN_POINT ( 'NONE',  ( 89.50000000000017053, 3.000000000000000000, -122.9712352769500825 ) ) ;
#3923 = LINE ( 'NONE', #9818, #8721 ) ;
#3924 = DIRECTION ( 'NONE',  ( -1.000000000000000000, 1.355252715606880851E-17, -0.000000000000000000 ) ) ;
#3925 = ORIENTED_EDGE ( 'NONE', *, *, #5078, .T. ) ;
#3926 = DIRECTION ( 'NONE',  ( 0.000000000000000000, 0.000000000000000000, 1.000000000000000000 ) ) ;
#3927 = EDGE_CURVE ( 'NONE', #1265, #2934, #195, .T. ) ;
#3928 = VERTEX_POINT ( 'NONE', #8416 ) ;
#3929 = VECTOR ( 'NONE', #8254, 1000.000000000000000 ) ;
#3930 = CARTESIAN_POINT ( 'NONE',  ( 6.000000000000012434, 4.999999999999999112, -10.00000000000000000 ) ) ;
#3931 = DIRECTION ( 'NONE',  ( 1.000000000000000000, 8.195446571860579663E-34, 0.000000000000000000 ) ) ;
#3932 = LINE ( 'NONE', #3054, #4266 ) ;
#3933 = AXIS2_PLACEMENT_3D ( 'NONE', #6646, #2782, #4557 ) ;
#3934 = DIRECTION ( 'NONE',  ( -1.000000000000000000, 1.156482317317871133E-15, 0.000000000000000000 ) ) ;
#3935 = VERTEX_POINT ( 'NONE', #9409 ) ;
#3936 = DIRECTION ( 'NONE',  ( 0.000000000000000000, 0.000000000000000000, -1.000000000000000000 ) ) ;
#3937 = DIRECTION ( 'NONE',  ( -0.7071067811865395791, -0.7071067811865555663, 0.000000000000000000 ) ) ;
#3938 = EDGE_LOOP ( 'NONE', ( #12310, #2313, #997, #2665 ) ) ;
#3940 = VERTEX_POINT ( 'NONE', #6673 ) ;
#3939 = FACE_OUTER_BOUND ( 'NONE', #689, .T. ) ;
#3941 = DIRECTION ( 'NONE',  ( -0.7071067811865534569, -0.4999999999999957256, 0.4999999999999960587 ) ) ;
#3942 = CIRCLE ( 'NONE', #2114, 2.000000000000015543 ) ;
#3943 = CARTESIAN_POINT ( 'NONE',  ( 98.50000000000021316, -1.475180382934885831E-32, 58.59999999999996589 ) ) ;
#3944 = CONICAL_SURFACE ( 'NONE', #1302, 2.000000000000015543, 0.7853981633974396193 ) ;
#3945 = VERTEX_POINT ( 'NONE', #556 ) ;
#3946 = ORIENTED_EDGE ( 'NONE', *, *, #10985, .T. ) ;
#3947 = DIRECTION ( 'NONE',  ( 0.000000000000000000, 0.7071067811865525687, -0.7071067811865425767 ) ) ;
#3948 = CARTESIAN_POINT ( 'NONE',  ( -0.5000000000000247580, 33.50000000000178346, 38.00000000006348699 ) ) ;
#3949 = VERTEX_POINT ( 'NONE', #11521 ) ;
#3950 = AXIS2_PLACEMENT_3D ( 'NONE', #5815, #11585, #8432 ) ;
#3951 = LINE ( 'NONE', #91, #12305 ) ;
#3952 = CARTESIAN_POINT ( 'NONE',  ( 9.000000000000005329, 21.70000000000002061, 5.750000000064023453 ) ) ;
#3953 = FACE_OUTER_BOUND ( 'NONE', #2514, .T. ) ;
#3954 = EDGE_LOOP ( 'NONE', ( #2330, #10743, #6535, #6382, #6580 ) ) ;
#3955 = ORIENTED_EDGE ( 'NONE', *, *, #4990, .T. ) ;
#3956 = LINE ( 'NONE', #2465, #3973 ) ;
#3957 = CARTESIAN_POINT ( 'NONE',  ( 70.00000000000021316, 3.000000000000000000, 10.00000000000003020 ) ) ;
#3958 = ORIENTED_EDGE ( 'NONE', *, *, #11613, .T. ) ;
#3959 = ORIENTED_EDGE ( 'NONE', *, *, #7535, .T. ) ;
#3960 = EDGE_CURVE ( 'NONE', #2016, #1393, #8467, .T. ) ;
#3961 = PLANE ( 'NONE',  #10532 ) ;
#3962 = DIRECTION ( 'NONE',  ( -0.000000000000000000, 1.000000000000000000, -0.000000000000000000 ) ) ;
#3963 = LINE ( 'NONE', #434, #9042 ) ;
#3964 = EDGE_CURVE ( 'NONE', #6013, #10840, #12344, .T. ) ;
#3965 = EDGE_LOOP ( 'NONE', ( #5106, #7943, #372, #5306 ) ) ;
#3966 = ADVANCED_FACE ( 'NONE', ( #12323 ), #5181, .F. ) ;
#3967 = LINE ( 'NONE', #1264, #3606 ) ;
#3968 = ORIENTED_EDGE ( 'NONE', *, *, #7986, .T. ) ;
#3969 = EDGE_LOOP ( 'NONE', ( #1685, #10025, #1645, #10676 ) ) ;
#3970 = VECTOR ( 'NONE', #10542, 1000.000000000000000 ) ;
#3971 = AXIS2_PLACEMENT_3D ( 'NONE', #9639, #11597, #6174 ) ;
#3972 = CARTESIAN_POINT ( 'NONE',  ( 99.00000000000021316, 0.5000000000000056621, 58.59999999999996589 ) ) ;
#3973 = VECTOR ( 'NONE', #10127, 1000.000000000000000 ) ;
#3974 = ORIENTED_EDGE ( 'NONE', *, *, #11367, .F. ) ;
#3975 = DIRECTION ( 'NONE',  ( 0.7071067811865474617, -0.7071067811865474617, 0.000000000000000000 ) ) ;
#3976 = VERTEX_POINT ( 'NONE', #10945 ) ;
#3977 = CARTESIAN_POINT ( 'NONE',  ( 9.000000000000003553, 33.50000000000178346, 38.00000000006348699 ) ) ;
#3978 = LINE ( 'NONE', #3429, #12138 ) ;
#3979 = DIRECTION ( 'NONE',  ( -0.000000000000000000, 1.000000000000000000, -0.000000000000000000 ) ) ;
#3980 = DIRECTION ( 'NONE',  ( -0.000000000000000000, 1.000000000000000000, -0.000000000000000000 ) ) ;
#3981 = ORIENTED_EDGE ( 'NONE', *, *, #9005, .T. ) ;
#3982 = VECTOR ( 'NONE', #11689, 1000.000000000000000 ) ;
#3983 = CONICAL_SURFACE ( 'NONE', #8579, 2.000000000000008882, 0.7853981633974327359 ) ;
#3984 = DIRECTION ( 'NONE',  ( 0.000000000000000000, 0.000000000000000000, -1.000000000000000000 ) ) ;
#3985 = EDGE_LOOP ( 'NONE', ( #5548, #8127, #4231, #378, #9143, #12148, #42, #4277, #1574 ) ) ;
#3986 = CARTESIAN_POINT ( 'NONE',  ( 87.50000000000018474, 0.5000000000000195399, 58.59999999999996589 ) ) ;
#3987 = CARTESIAN_POINT ( 'NONE',  ( 3.000000000000005329, 17.05000000000003268, 38.40000000006349268 ) ) ;
#3988 = CYLINDRICAL_SURFACE ( 'NONE', #9845, 1.500000000000015099 ) ;
#3989 = EDGE_CURVE ( 'NONE', #5949, #6547, #8397, .T. ) ;
#3990 = ADVANCED_FACE ( 'NONE', ( #8121 ), #8355, .F. ) ;
#3991 = DIRECTION ( 'NONE',  ( -8.195446571860579663E-34, 1.000000000000000000, -0.000000000000000000 ) ) ;
#3992 = LINE ( 'NONE', #12249, #7982 ) ;
#3993 = EDGE_CURVE ( 'NONE', #19, #10756, #4249, .T. ) ;
#3994 = AXIS2_PLACEMENT_3D ( 'NONE', #5479, #4397, #6987 ) ;
#3995 = FACE_OUTER_BOUND ( 'NONE', #4714, .T. ) ;
#3996 = VERTEX_POINT ( 'NONE', #5006 ) ;
#3997 = VECTOR ( 'NONE', #10800, 1000.000000000000000 ) ;
#3998 = ORIENTED_EDGE ( 'NONE', *, *, #3012, .T. ) ;
#3999 = VERTEX_POINT ( 'NONE', #4350 ) ;
#4000 = VERTEX_POINT ( 'NONE', #11830 ) ;
#4001 = DIRECTION ( 'NONE',  ( -1.000000000000000000, -1.147978770867005115E-16, -0.000000000000000000 ) ) ;
#4002 = CARTESIAN_POINT ( 'NONE',  ( -0.9999999999999954481, 20.00000000000172662, 41.75000000006208012 ) ) ;
#4003 = DIRECTION ( 'NONE',  ( 0.000000000000000000, 0.000000000000000000, 1.000000000000000000 ) ) ;
#4004 = CARTESIAN_POINT ( 'NONE',  ( -0.4999999999999955591, 50.99999999999998579, -10.00000000000000000 ) ) ;
#4005 = ORIENTED_EDGE ( 'NONE', *, *, #11659, .T. ) ;
#4006 = ORIENTED_EDGE ( 'NONE', *, *, #6788, .T. ) ;
#4007 = VERTEX_POINT ( 'NONE', #5968 ) ;
#4008 = ORIENTED_EDGE ( 'NONE', *, *, #11639, .F. ) ;
#4009 = CARTESIAN_POINT ( 'NONE',  ( 55.00000000000015632, 2.499999999999970246, 58.59999999999996589 ) ) ;
#4010 = LINE ( 'NONE', #5610, #4311 ) ;
#4011 = ORIENTED_EDGE ( 'NONE', *, *, #10928, .F. ) ;
#4012 = EDGE_CURVE ( 'NONE', #4217, #7885, #167, .T. ) ;
#4013 = ORIENTED_EDGE ( 'NONE', *, *, #9345, .T. ) ;
#4014 = ADVANCED_FACE ( 'NONE', ( #8483 ), #1317, .T. ) ;
#4015 = CONICAL_SURFACE ( 'NONE', #2723, 2.000000000000022649, 0.7853981633974396193 ) ;
#4016 = DIRECTION ( 'NONE',  ( 1.000000000000000000, 8.195446571860572821E-34, 0.000000000000000000 ) ) ;
#4017 = EDGE_CURVE ( 'NONE', #5594, #9163, #643, .T. ) ;
#4018 = AXIS2_PLACEMENT_3D ( 'NONE', #6576, #8401, #6479 ) ;
#4019 = PLANE ( 'NONE',  #3229 ) ;
#4020 = VECTOR ( 'NONE', #7924, 999.9999999999998863 ) ;
#4021 = AXIS2_PLACEMENT_3D ( 'NONE', #3385, #6183, #5311 ) ;
#4022 = VECTOR ( 'NONE', #10844, 1000.000000000000000 ) ;
#4023 = DIRECTION ( 'NONE',  ( -8.117435735382576289E-17, 0.7071067811865479058, 0.7071067811865472397 ) ) ;
#4024 = CARTESIAN_POINT ( 'NONE',  ( 102.5000000000002558, 3.000000000000000000, 10.00000000000003020 ) ) ;
#4025 = ORIENTED_EDGE ( 'NONE', *, *, #706, .F. ) ;
#4026 = EDGE_LOOP ( 'NONE', ( #3955, #4907, #10606, #10906, #6726, #11065 ) ) ;
#4027 = CARTESIAN_POINT ( 'NONE',  ( 4.571629071186258921E-15, 50.49999999999997868, -10.00000000000000000 ) ) ;
#4028 = ORIENTED_EDGE ( 'NONE', *, *, #9455, .T. ) ;
#4029 = CARTESIAN_POINT ( 'NONE',  ( 4.000000000000000000, 52.49999999999998579, 49.24999999999999289 ) ) ;
#4030 = VECTOR ( 'NONE', #8495, 1000.000000000000000 ) ;
#4031 = ORIENTED_EDGE ( 'NONE', *, *, #7787, .T. ) ;
#4032 = PLANE ( 'NONE',  #4609 ) ;
#4033 = EDGE_CURVE ( 'NONE', #146, #5240, #4724, .T. ) ;
#4034 = ORIENTED_EDGE ( 'NONE', *, *, #10842, .F. ) ;
#4035 = VECTOR ( 'NONE', #11910, 1000.000000000000000 ) ;
#4036 = VERTEX_POINT ( 'NONE', #2570 ) ;
#4037 = DIRECTION ( 'NONE',  ( 0.000000000000000000, -1.000000000000000000, 0.000000000000000000 ) ) ;
#4038 = CARTESIAN_POINT ( 'NONE',  ( -0.4999999999999813483, 20.00000000000172662, 40.05000000006207728 ) ) ;
#4039 = CARTESIAN_POINT ( 'NONE',  ( 6.000000000000000888, 59.49999999999999289, -9.499999999999996447 ) ) ;
#4040 = ADVANCED_FACE ( 'NONE', ( #8653 ), #8996, .F. ) ;
#4041 = CARTESIAN_POINT ( 'NONE',  ( 9.000000000000003553, 33.50000000000178346, 38.00000000006348699 ) ) ;
#4042 = EDGE_CURVE ( 'NONE', #9284, #11986, #8732, .T. ) ;
#4043 = CARTESIAN_POINT ( 'NONE',  ( 66.00000000000018474, -4.138700518789576368E-32, 58.59999999999996589 ) ) ;
#4044 = AXIS2_PLACEMENT_3D ( 'NONE', #3894, #9460, #6552 ) ;
#4045 = ORIENTED_EDGE ( 'NONE', *, *, #8882, .T. ) ;
#4046 = CARTESIAN_POINT ( 'NONE',  ( 94.00000000000022737, -1.843975478668611257E-32, 8.000000000000000000 ) ) ;
#4047 = AXIS2_PLACEMENT_3D ( 'NONE', #4382, #1532, #2522 ) ;
#4048 = ORIENTED_EDGE ( 'NONE', *, *, #10450, .F. ) ;
#4049 = VERTEX_POINT ( 'NONE', #12077 ) ;
#4051 = VERTEX_POINT ( 'NONE', #11997 ) ;
#4050 = FACE_BOUND ( 'NONE', #8755, .T. ) ;
#4052 = LINE ( 'NONE', #3189, #50 ) ;
#4053 = ORIENTED_EDGE ( 'NONE', *, *, #1056, .T. ) ;
#4054 = CONICAL_SURFACE ( 'NONE', #6870, 0.5000000000000029976, 0.7853981633974522758 ) ;
#4055 = VECTOR ( 'NONE', #9400, 1000.000000000000000 ) ;
#4056 = FACE_OUTER_BOUND ( 'NONE', #11627, .T. ) ;
#4057 = ORIENTED_EDGE ( 'NONE', *, *, #418, .T. ) ;
#4058 = DIRECTION ( 'NONE',  ( 0.000000000000000000, -1.000000000000000000, 5.139921410301651782E-16 ) ) ;
#4059 = EDGE_CURVE ( 'NONE', #259, #4799, #8814, .T. ) ;
#4060 = DIRECTION ( 'NONE',  ( 0.000000000000000000, -1.000000000000000000, 0.000000000000000000 ) ) ;
#4061 = CARTESIAN_POINT ( 'NONE',  ( 112.9999999999999858, 6.500000000000015099, -10.00000000000000000 ) ) ;
#4062 = CARTESIAN_POINT ( 'NONE',  ( 28.76224269452998783, -3.549749977660901390, -14.76224269446652038 ) ) ;
#4063 = EDGE_CURVE ( 'NONE', #12196, #9740, #525, .T. ) ;
#4064 = EDGE_LOOP ( 'NONE', ( #2190, #2417, #10078, #1429 ) ) ;
#4065 = ORIENTED_EDGE ( 'NONE', *, *, #3485, .T. ) ;
#4066 = ADVANCED_FACE ( 'NONE', ( #439 ), #467, .T. ) ;
#4067 = DIRECTION ( 'NONE',  ( 1.000000000000000000, 8.195446571860577953E-34, 0.000000000000000000 ) ) ;
#4068 = LINE ( 'NONE', #9562, #8230 ) ;
#4069 = ORIENTED_EDGE ( 'NONE', *, *, #5018, .T. ) ;
#4070 = DIRECTION ( 'NONE',  ( 2.855511894612032274E-16, 0.000000000000000000, 1.000000000000000000 ) ) ;
#4071 = DIRECTION ( 'NONE',  ( -0.000000000000000000, 1.000000000000000000, -0.000000000000000000 ) ) ;
#4072 = AXIS2_PLACEMENT_3D ( 'NONE', #10904, #1379, #3331 ) ;
#4073 = ORIENTED_EDGE ( 'NONE', *, *, #1782, .F. ) ;
#4074 = CONICAL_SURFACE ( 'NONE', #12093, 1.500000000000008216, 0.7853981633974431720 ) ;
#4075 = CARTESIAN_POINT ( 'NONE',  ( 35.50000000000012790, 3.000000000000000000, 58.59999999999996589 ) ) ;
#4076 = VECTOR ( 'NONE', #341, 1000.000000000000000 ) ;
#4077 = CARTESIAN_POINT ( 'NONE',  ( 116.5000000000000000, 35.50000000000000000, 66.59999999999999432 ) ) ;
#4078 = EDGE_CURVE ( 'NONE', #3999, #12122, #8621, .T. ) ;
#4079 = CONICAL_SURFACE ( 'NONE', #6757, 1.500000000000001332, 0.7853981633974430610 ) ;
#4080 = ORIENTED_EDGE ( 'NONE', *, *, #4942, .T. ) ;
#4081 = DIRECTION ( 'NONE',  ( 0.000000000000000000, 0.000000000000000000, -1.000000000000000000 ) ) ;
#4082 = ORIENTED_EDGE ( 'NONE', *, *, #368, .F. ) ;
#4083 = DIRECTION ( 'NONE',  ( 1.000000000000000000, -1.156482317317871133E-15, 0.000000000000000000 ) ) ;
#4084 = CARTESIAN_POINT ( 'NONE',  ( 35.50000000000012790, 3.000000000000000000, 58.59999999999996589 ) ) ;
#4085 = CARTESIAN_POINT ( 'NONE',  ( -0.9999999999999988898, 50.49999999999997158, 68.09999999999999432 ) ) ;
#4086 = DIRECTION ( 'NONE',  ( -7.138779736530080685E-17, -5.850548791901321936E-50, 1.000000000000000000 ) ) ;
#4087 = DIRECTION ( 'NONE',  ( 0.000000000000000000, 0.000000000000000000, 1.000000000000000000 ) ) ;
#4088 = EDGE_CURVE ( 'NONE', #12114, #9261, #4448, .T. ) ;
#4089 = LINE ( 'NONE', #4514, #8042 ) ;
#4090 = DIRECTION ( 'NONE',  ( -0.7071067811865425767, -0.000000000000000000, 0.7071067811865525687 ) ) ;
#4091 = ORIENTED_EDGE ( 'NONE', *, *, #12092, .T. ) ;
#4092 = ORIENTED_EDGE ( 'NONE', *, *, #5546, .T. ) ;
#4093 = ORIENTED_EDGE ( 'NONE', *, *, #6896, .T. ) ;
#4094 = CARTESIAN_POINT ( 'NONE',  ( 5.000000000000004441, 21.70000000000172946, 41.75000000006208012 ) ) ;
#4095 = ORIENTED_EDGE ( 'NONE', *, *, #3830, .T. ) ;
#4096 = LINE ( 'NONE', #7558, #4030 ) ;
#4097 = ADVANCED_FACE ( 'NONE', ( #666 ), #1353, .F. ) ;
#4098 = CIRCLE ( 'NONE', #7597, 1.500000000000015099 ) ;
#4099 = AXIS2_PLACEMENT_3D ( 'NONE', #10914, #4985, #6851 ) ;
#4100 = DIRECTION ( 'NONE',  ( -0.000000000000000000, 1.000000000000000000, 0.000000000000000000 ) ) ;
#4101 = VECTOR ( 'NONE', #9919, 1000.000000000000000 ) ;
#4102 = EDGE_LOOP ( 'NONE', ( #2321, #10628, #3268, #2151 ) ) ;
#4103 = ORIENTED_EDGE ( 'NONE', *, *, #11274, .T. ) ;
#4104 = ORIENTED_EDGE ( 'NONE', *, *, #9905, .F. ) ;
#4105 = DIRECTION ( 'NONE',  ( 0.2810846377147977471, -0.6785983445458546592, 0.6785983445458487751 ) ) ;
#4106 = ORIENTED_EDGE ( 'NONE', *, *, #10209, .F. ) ;
#4107 = AXIS2_PLACEMENT_3D ( 'NONE', #11650, #2015, #3975 ) ;
#4108 = DIRECTION ( 'NONE',  ( 0.000000000000000000, -1.000000000000000000, 0.000000000000000000 ) ) ;
#4109 = ORIENTED_EDGE ( 'NONE', *, *, #5678, .T. ) ;
#4110 = ORIENTED_EDGE ( 'NONE', *, *, #6414, .T. ) ;
#4111 = CARTESIAN_POINT ( 'NONE',  ( 111.8333333333333854, 10.33333333333332860, -8.166666666666676733 ) ) ;
#4112 = VERTEX_POINT ( 'NONE', #4192 ) ;
#4113 = DIRECTION ( 'NONE',  ( 0.000000000000000000, -1.000000000000000000, 0.000000000000000000 ) ) ;
#4114 = EDGE_CURVE ( 'NONE', #7711, #9857, #4593, .T. ) ;
#4115 = CARTESIAN_POINT ( 'NONE',  ( -0.9999999999999988898, 50.49999999999997158, 68.09999999999999432 ) ) ;
#4116 = PLANE ( 'NONE',  #1849 ) ;
#4117 = FACE_OUTER_BOUND ( 'NONE', #888, .T. ) ;
#4118 = DIRECTION ( 'NONE',  ( 1.000000000000000000, 0.000000000000000000, 0.000000000000000000 ) ) ;
#4119 = DIRECTION ( 'NONE',  ( 4.625929269271484533E-15, -1.000000000000000000, 0.000000000000000000 ) ) ;
#4120 = DIRECTION ( 'NONE',  ( -0.7071067811865543451, -0.7071067811865408004, -5.047879561097583790E-17 ) ) ;
#4121 = EDGE_CURVE ( 'NONE', #894, #8712, #8535, .T. ) ;
#4122 = DIRECTION ( 'NONE',  ( 0.000000000000000000, 0.000000000000000000, -1.000000000000000000 ) ) ;
#4123 = DIRECTION ( 'NONE',  ( 1.147978770867005115E-16, -1.000000000000000000, 1.927470528863119542E-16 ) ) ;
#4124 = ORIENTED_EDGE ( 'NONE', *, *, #927, .F. ) ;
#4125 = ADVANCED_FACE ( 'NONE', ( #287 ), #3459, .F. ) ;
#4126 = EDGE_LOOP ( 'NONE', ( #5348, #6480, #7106, #3981 ) ) ;
#4127 = CARTESIAN_POINT ( 'NONE',  ( 5.000000000000007105, 4.000000000001787015, -122.9712352769500541 ) ) ;
#4128 = EDGE_CURVE ( 'NONE', #181, #1991, #151, .T. ) ;
#4129 = DIRECTION ( 'NONE',  ( 0.000000000000000000, -1.000000000000000000, 0.000000000000000000 ) ) ;
#4130 = CARTESIAN_POINT ( 'NONE',  ( 61.50000000000015632, 3.000000000000000000, 58.59999999999996589 ) ) ;
#4131 = CARTESIAN_POINT ( 'NONE',  ( 3.000000000000004441, 22.85000000000002274, 2.750000000064023009 ) ) ;
#4132 = PLANE ( 'NONE',  #8235 ) ;
#4133 = CARTESIAN_POINT ( 'NONE',  ( 4.500000000000001776, 35.50000000000179057, 11.50000000006348877 ) ) ;
#4134 = FACE_OUTER_BOUND ( 'NONE', #5514, .T. ) ;
#4135 = DIRECTION ( 'NONE',  ( 0.7071067811865625607, 8.117435735382743922E-17, -0.7071067811865325847 ) ) ;
#4136 = EDGE_LOOP ( 'NONE', ( #8382, #3532, #11630 ) ) ;
#4137 = AXIS2_PLACEMENT_3D ( 'NONE', #11038, #2649, #3581 ) ;
#4138 = LINE ( 'NONE', #22, #4230 ) ;
#4139 = EDGE_LOOP ( 'NONE', ( #7231, #12118, #5275, #3798, #3473 ) ) ;
#4140 = ORIENTED_EDGE ( 'NONE', *, *, #9157, .T. ) ;
#4141 = ORIENTED_EDGE ( 'NONE', *, *, #4148, .T. ) ;
#4142 = CIRCLE ( 'NONE', #1487, 1.500000000000091482 ) ;
#4143 = DIRECTION ( 'NONE',  ( 0.000000000000000000, -0.000000000000000000, 1.000000000000000000 ) ) ;
#4144 = DIRECTION ( 'NONE',  ( -9.038361193080932492E-17, 0.7071067811865463515, -0.7071067811865487940 ) ) ;
#4145 = ORIENTED_EDGE ( 'NONE', *, *, #3012, .F. ) ;
#4146 = DIRECTION ( 'NONE',  ( 0.000000000000000000, 0.000000000000000000, -1.000000000000000000 ) ) ;
#4147 = ADVANCED_FACE ( 'NONE', ( #4191 ), #8035, .T. ) ;
#4148 = EDGE_CURVE ( 'NONE', #10512, #10794, #205, .T. ) ;
#4149 = DIRECTION ( 'NONE',  ( 0.6785983445458421137, -0.2810846377148421560, -0.6785983445458428909 ) ) ;
#4150 = FACE_OUTER_BOUND ( 'NONE', #9990, .T. ) ;
#4151 = CARTESIAN_POINT ( 'NONE',  ( 3.000000000000004441, 22.85000000000002629, 44.75000000006293988 ) ) ;
#4152 = EDGE_CURVE ( 'NONE', #5559, #9769, #4098, .T. ) ;
#4153 = DIRECTION ( 'NONE',  ( 0.000000000000000000, 0.000000000000000000, 1.000000000000000000 ) ) ;
#4154 = FACE_OUTER_BOUND ( 'NONE', #8534, .T. ) ;
#4155 = CARTESIAN_POINT ( 'NONE',  ( 13.50000000000000178, 54.50000000000000711, 0.000000000000000000 ) ) ;
#4156 = AXIS2_PLACEMENT_3D ( 'NONE', #7018, #8223, #2346 ) ;
#4157 = ORIENTED_EDGE ( 'NONE', *, *, #2693, .T. ) ;
#4158 = FACE_BOUND ( 'NONE', #12272, .T. ) ;
#4159 = CARTESIAN_POINT ( 'NONE',  ( 29.00000000000012434, 0.4999999999999848455, 58.59999999999996589 ) ) ;
#4160 = LINE ( 'NONE', #4840, #4376 ) ;
#4161 = VERTEX_POINT ( 'NONE', #3699 ) ;
#4162 = VECTOR ( 'NONE', #3200, 1000.000000000000000 ) ;
#4163 = DIRECTION ( 'NONE',  ( -0.7071067811865414665, -0.7071067811865536790, 0.000000000000000000 ) ) ;
#4164 = APPROVAL ( #10168, 'UNSPECIFIED' ) ;
#4165 = CARTESIAN_POINT ( 'NONE',  ( 11.02493781056045563, 55.00000000000001421, -10.00000000000000000 ) ) ;
#4166 = CARTESIAN_POINT ( 'NONE',  ( 4.000000000000000000, 57.19999999999999574, 52.09999999999999432 ) ) ;
#4167 = ORIENTED_EDGE ( 'NONE', *, *, #1741, .T. ) ;
#4168 = VERTEX_POINT ( 'NONE', #7586 ) ;
#4169 = ORIENTED_EDGE ( 'NONE', *, *, #8268, .F. ) ;
#4170 = CARTESIAN_POINT ( 'NONE',  ( 56.50000000000016342, 10.00000000000000000, 58.59999999999996589 ) ) ;
#4171 = FACE_OUTER_BOUND ( 'NONE', #8156, .T. ) ;
#4172 = DIRECTION ( 'NONE',  ( 0.000000000000000000, 1.000000000000000000, -1.927470528863119542E-16 ) ) ;
#4173 = VERTEX_POINT ( 'NONE', #10492 ) ;
#4174 = EDGE_CURVE ( 'NONE', #2262, #10859, #53, .T. ) ;
#4175 = DIRECTION ( 'NONE',  ( 0.000000000000000000, -0.7071067811865410224, 0.7071067811865540120 ) ) ;
#4176 = DIRECTION ( 'NONE',  ( 0.000000000000000000, 0.000000000000000000, 1.000000000000000000 ) ) ;
#4177 = CARTESIAN_POINT ( 'NONE',  ( -0.9999999999999933387, 2.000000000000029310, -10.00000000000000000 ) ) ;
#4178 = CARTESIAN_POINT ( 'NONE',  ( -0.4999999999999976130, 48.99999999999997868, 44.59999999999998721 ) ) ;
#4179 = ADVANCED_FACE ( 'NONE', ( #134 ), #3961, .F. ) ;
#4180 = DIRECTION ( 'NONE',  ( 0.6785983445458410035, 0.2810846377148184527, 0.6785983445458537711 ) ) ;
#4181 = LINE ( 'NONE', #6741, #8581 ) ;
#4182 = CARTESIAN_POINT ( 'NONE',  ( 6.000000000000000888, 59.49999999999999289, -9.499999999999996447 ) ) ;
#4183 = ORIENTED_EDGE ( 'NONE', *, *, #8527, .F. ) ;
#4184 = EDGE_LOOP ( 'NONE', ( #3347, #4956, #9258, #87 ) ) ;
#4185 = FACE_OUTER_BOUND ( 'NONE', #9581, .T. ) ;
#4186 = EDGE_CURVE ( 'NONE', #3163, #7165, #8275, .T. ) ;
#4187 = DIRECTION ( 'NONE',  ( 0.000000000000000000, 0.000000000000000000, -1.000000000000000000 ) ) ;
#4188 = AXIS2_PLACEMENT_3D ( 'NONE', #8640, #2043, #2875 ) ;
#4189 = CARTESIAN_POINT ( 'NONE',  ( 87.50000000000018474, 0.5000000000000195399, 58.59999999999996589 ) ) ;
#4190 = VECTOR ( 'NONE', #8926, 1000.000000000000000 ) ;
#4191 = FACE_OUTER_BOUND ( 'NONE', #8543, .T. ) ;
#4192 = CARTESIAN_POINT ( 'NONE',  ( 48.50000000000014921, 2.499999999999976907, 60.09999999999997300 ) ) ;
#4193 = SECURITY_CLASSIFICATION_LEVEL ( 'unclassified' ) ;
#4194 = ORIENTED_EDGE ( 'NONE', *, *, #11853, .F. ) ;
#4195 = AXIS2_PLACEMENT_3D ( 'NONE', #7971, #446, #7104 ) ;
#4196 = FACE_OUTER_BOUND ( 'NONE', #8118, .T. ) ;
#4197 = CARTESIAN_POINT ( 'NONE',  ( 6.123233995736770966E-17, 59.49999999999998579, 69.09999999999998010 ) ) ;
#4198 = VERTEX_POINT ( 'NONE', #5543 ) ;
#4199 = DIRECTION ( 'NONE',  ( -2.855511894612032274E-16, 0.000000000000000000, 1.000000000000000000 ) ) ;
#4200 = DIRECTION ( 'NONE',  ( -0.5773502691896335026, 0.5773502691896426064, 0.5773502691896014172 ) ) ;
#4201 = CARTESIAN_POINT ( 'NONE',  ( 2.000000000000000000, 59.49999999999999289, 49.24999999999999289 ) ) ;
#4202 = DIRECTION ( 'NONE',  ( -1.147978770867005115E-16, 1.000000000000000000, 0.000000000000000000 ) ) ;
#4203 = EDGE_LOOP ( 'NONE', ( #683, #8383, #4423, #671, #11335 ) ) ;
#4204 = ORIENTED_EDGE ( 'NONE', *, *, #5413, .T. ) ;
#4205 = ORIENTED_EDGE ( 'NONE', *, *, #5821, .T. ) ;
#4206 = LINE ( 'NONE', #7724, #8378 ) ;
#4207 = EDGE_CURVE ( 'NONE', #2968, #8087, #12389, .T. ) ;
#4208 = ORIENTED_EDGE ( 'NONE', *, *, #4859, .T. ) ;
#4209 = EDGE_LOOP ( 'NONE', ( #1491, #11405, #7757, #5572 ) ) ;
#4210 = ORIENTED_EDGE ( 'NONE', *, *, #6490, .T. ) ;
#4212 = DIRECTION ( 'NONE',  ( -0.6785983445458497743, -0.2810846377148167874, 0.6785983445458456664 ) ) ;
#4211 = CARTESIAN_POINT ( 'NONE',  ( 9.000000000000005329, 23.34999999999999787, 38.00000000006349410 ) ) ;
#4213 = FACE_OUTER_BOUND ( 'NONE', #7461, .T. ) ;
#4214 = PLANE ( 'NONE',  #8213 ) ;
#4215 = ADVANCED_FACE ( 'NONE', ( #8453 ), #10325, .T. ) ;
#4216 = EDGE_CURVE ( 'NONE', #7690, #3289, #8293, .T. ) ;
#4217 = VERTEX_POINT ( 'NONE', #1050 ) ;
#4218 = CARTESIAN_POINT ( 'NONE',  ( 24.50000000000016342, 3.000000000000000000, 10.00000000000003020 ) ) ;
#4219 = SHAPE_DEFINITION_REPRESENTATION ( #7418, #685 ) ;
#4220 = ORIENTED_EDGE ( 'NONE', *, *, #3126, .F. ) ;
#4221 = AXIS2_PLACEMENT_3D ( 'NONE', #6098, #8125, #4199 ) ;
#4222 = DIRECTION ( 'NONE',  ( 0.7071067811865439090, 0.7071067811865512365, 0.000000000000000000 ) ) ;
#4223 = CARTESIAN_POINT ( 'NONE',  ( 16.00000000000012434, 0.4999999999999813483, 10.00000000000003020 ) ) ;
#4224 = LINE ( 'NONE', #11535, #8302 ) ;
#4225 = DIRECTION ( 'NONE',  ( -2.855511894612032274E-16, 0.000000000000000000, -1.000000000000000000 ) ) ;
#4226 = CARTESIAN_POINT ( 'NONE',  ( 76.00000000000019895, 0.5000000000000195399, 10.00000000000003020 ) ) ;
#4227 = EDGE_CURVE ( 'NONE', #7336, #8193, #4358, .T. ) ;
#4228 = EDGE_LOOP ( 'NONE', ( #1624, #8728, #7694, #11801 ) ) ;
#4229 = VERTEX_POINT ( 'NONE', #4894 ) ;
#4230 = VECTOR ( 'NONE', #5630, 1000.000000000000114 ) ;
#4231 = ORIENTED_EDGE ( 'NONE', *, *, #7273, .F. ) ;
#4232 = ORIENTED_EDGE ( 'NONE', *, *, #2215, .F. ) ;
#4233 = ORIENTED_EDGE ( 'NONE', *, *, #8866, .F. ) ;
#4234 = DIRECTION ( 'NONE',  ( -0.000000000000000000, 1.000000000000000000, -0.000000000000000000 ) ) ;
#4235 = ORIENTED_EDGE ( 'NONE', *, *, #8774, .F. ) ;
#4236 = EDGE_CURVE ( 'NONE', #11726, #11670, #8237, .T. ) ;
#4237 = ORIENTED_EDGE ( 'NONE', *, *, #3126, .T. ) ;
#4238 = DIRECTION ( 'NONE',  ( -1.000000000000000000, -1.141265444721583018E-16, 5.866014694162371451E-32 ) ) ;
#4239 = EDGE_CURVE ( 'NONE', #4662, #941, #8513, .T. ) ;
#4240 = CARTESIAN_POINT ( 'NONE',  ( 27.50000000000011013, 10.00000000000000000, 58.59999999999996589 ) ) ;
#4241 = ADVANCED_FACE ( 'NONE', ( #4413 ), #7027, .F. ) ;
#4242 = CARTESIAN_POINT ( 'NONE',  ( 68.00000000000017053, 2.499999999999963141, 58.59999999999996589 ) ) ;
#4243 = DIRECTION ( 'NONE',  ( -1.427755947306016137E-16, 0.000000000000000000, 1.000000000000000000 ) ) ;
#4244 = DIRECTION ( 'NONE',  ( -1.000000000000000000, -1.147978770867005115E-16, -0.000000000000000000 ) ) ;
#4245 = AXIS2_PLACEMENT_3D ( 'NONE', #10349, #5489, #10267 ) ;
#4246 = CARTESIAN_POINT ( 'NONE',  ( 3.999999999999896971, 52.49999999999998579, 19.24999999999999645 ) ) ;
#4247 = ORIENTED_EDGE ( 'NONE', *, *, #9782, .F. ) ;
#4248 = ORIENTED_EDGE ( 'NONE', *, *, #9530, .F. ) ;
#4250 = ORIENTED_EDGE ( 'NONE', *, *, #1453, .T. ) ;
#4249 = LINE ( 'NONE', #4062, #8444 ) ;
#4251 = CARTESIAN_POINT ( 'NONE',  ( 5.000000000000000888, 50.49999999999998579, 42.09999999999994458 ) ) ;
#4252 = ORIENTED_EDGE ( 'NONE', *, *, #7277, .T. ) ;
#4253 = ORIENTED_EDGE ( 'NONE', *, *, #7660, .F. ) ;
#4254 = LINE ( 'NONE', #3406, #4305 ) ;
#4255 = PLANE ( 'NONE',  #1617 ) ;
#4256 = ORIENTED_EDGE ( 'NONE', *, *, #210, .T. ) ;
#4257 = AXIS2_PLACEMENT_3D ( 'NONE', #478, #1433, #8187 ) ;
#4258 = LINE ( 'NONE', #5845, #388 ) ;
#4259 = LINE ( 'NONE', #6063, #52 ) ;
#4260 = EDGE_CURVE ( 'NONE', #7212, #2289, #8176, .T. ) ;
#4261 = VECTOR ( 'NONE', #1106, 1000.000000000000000 ) ;
#4262 = ORIENTED_EDGE ( 'NONE', *, *, #9131, .T. ) ;
#4263 = VECTOR ( 'NONE', #8086, 1000.000000000000000 ) ;
#4264 = CARTESIAN_POINT ( 'NONE',  ( 56.50000000000016342, 0.4999999999999848455, 58.59999999999996589 ) ) ;
#4265 = EDGE_CURVE ( 'NONE', #8646, #1924, #264, .T. ) ;
#4266 = VECTOR ( 'NONE', #7888, 1000.000000000000114 ) ;
#4267 = ADVANCED_FACE ( 'NONE', ( #12333 ), #11886, .F. ) ;
#4268 = PLANE ( 'NONE',  #7844 ) ;
#4269 = EDGE_CURVE ( 'NONE', #3821, #6499, #326, .T. ) ;
#4270 = DIRECTION ( 'NONE',  ( -8.195446571860579663E-34, 1.000000000000000000, -0.000000000000000000 ) ) ;
#4271 = AXIS2_PLACEMENT_3D ( 'NONE', #6485, #10377, #7470 ) ;
#4272 = CARTESIAN_POINT ( 'NONE',  ( 14.00000000000004974, -8.400332736157088125E-32, 58.59999999999996589 ) ) ;
#4273 = CARTESIAN_POINT ( 'NONE',  ( 100.5000000000002274, 10.00000000000000000, 10.00000000000003020 ) ) ;
#4274 = CARTESIAN_POINT ( 'NONE',  ( 74.50000000000017053, 3.000000000000000000, 58.59999999999996589 ) ) ;
#4275 = CARTESIAN_POINT ( 'NONE',  ( 116.5000000000000000, 6.500000000000009770, -9.499999999999996447 ) ) ;
#4276 = LINE ( 'NONE', #5936, #4431 ) ;
#4277 = ORIENTED_EDGE ( 'NONE', *, *, #8751, .T. ) ;
#4278 = DIRECTION ( 'NONE',  ( -1.000000000000000000, 1.156482317317871133E-15, 0.000000000000000000 ) ) ;
#4279 = EDGE_CURVE ( 'NONE', #218, #6478, #8741, .T. ) ;
#4280 = ORIENTED_EDGE ( 'NONE', *, *, #482, .T. ) ;
#4281 = ORIENTED_EDGE ( 'NONE', *, *, #1672, .T. ) ;
#4282 = ORIENTED_EDGE ( 'NONE', *, *, #10419, .F. ) ;
#4283 = ORIENTED_EDGE ( 'NONE', *, *, #8001, .F. ) ;
#4284 = CARTESIAN_POINT ( 'NONE',  ( 105.0000000000000568, 4.999999999999999112, 2.000000000000000000 ) ) ;
#4285 = VECTOR ( 'NONE', #5011, 1000.000000000000000 ) ;
#4286 = CARTESIAN_POINT ( 'NONE',  ( 14.00000000000000533, 54.50000000000000711, 0.000000000000000000 ) ) ;
#4287 = APPLICATION_PROTOCOL_DEFINITION ( 'international standard', 'config_control_design', 1994, #3308 ) ;
#4288 = AXIS2_PLACEMENT_3D ( 'NONE', #1862, #8545, #8700 ) ;
#4289 = ORIENTED_EDGE ( 'NONE', *, *, #8485, .T. ) ;
#4290 = ORIENTED_EDGE ( 'NONE', *, *, #1086, .F. ) ;
#4291 = VECTOR ( 'NONE', #9077, 1000.000000000000000 ) ;
#4292 = CARTESIAN_POINT ( 'NONE',  ( 30.50000000000015277, 0.4999999999999848455, 10.00000000000003020 ) ) ;
#4293 = EDGE_CURVE ( 'NONE', #2056, #708, #4526, .T. ) ;
#4294 = DIRECTION ( 'NONE',  ( 0.000000000000000000, 0.000000000000000000, -1.000000000000000000 ) ) ;
#4295 = DIRECTION ( 'NONE',  ( -0.7071067811865531239, -0.7071067811865419106, 0.000000000000000000 ) ) ;
#4296 = EDGE_CURVE ( 'NONE', #4889, #3818, #465, .T. ) ;
#4297 = ORIENTED_EDGE ( 'NONE', *, *, #8630, .F. ) ;
#4298 = ORIENTED_EDGE ( 'NONE', *, *, #8841, .T. ) ;
#4299 = ORIENTED_EDGE ( 'NONE', *, *, #12205, .F. ) ;
#4300 = ADVANCED_FACE ( 'NONE', ( #8686 ), #389, .F. ) ;
#4301 = CIRCLE ( 'NONE', #9154, 1.500000000000001332 ) ;
#4302 = DIRECTION ( 'NONE',  ( -0.7071067811865439090, -0.7071067811865512365, -0.000000000000000000 ) ) ;
#4303 = ORIENTED_EDGE ( 'NONE', *, *, #12175, .F. ) ;
#4304 = VERTEX_POINT ( 'NONE', #6937 ) ;
#4306 = VERTEX_POINT ( 'NONE', #5861 ) ;
#4305 = VECTOR ( 'NONE', #9296, 1000.000000000000114 ) ;
#4307 = LINE ( 'NONE', #3101, #86 ) ;
#4308 = EDGE_CURVE ( 'NONE', #6430, #5288, #4491, .T. ) ;
#4309 = EDGE_LOOP ( 'NONE', ( #1726, #10345, #3974, #12002 ) ) ;
#4310 = CARTESIAN_POINT ( 'NONE',  ( 13.42016913364390440, 7.973029626869132969, -23.92016913364381026 ) ) ;
#4311 = VECTOR ( 'NONE', #11289, 1000.000000000000000 ) ;
#4312 = DIRECTION ( 'NONE',  ( 0.000000000000000000, -1.000000000000000000, 0.000000000000000000 ) ) ;
#4313 = ORIENTED_EDGE ( 'NONE', *, *, #8415, .T. ) ;
#4314 = EDGE_CURVE ( 'NONE', #6653, #11075, #654, .T. ) ;
#4315 = AXIS2_PLACEMENT_3D ( 'NONE', #10807, #11791, #7091 ) ;
#4316 = EDGE_LOOP ( 'NONE', ( #1919, #11483, #7149, #5824 ) ) ;
#4317 = DIRECTION ( 'NONE',  ( 0.000000000000000000, -1.000000000000000000, 0.000000000000000000 ) ) ;
#4318 = CONICAL_SURFACE ( 'NONE', #2555, 2.000000000000029310, 0.7853981633974396193 ) ;
#4319 = CARTESIAN_POINT ( 'NONE',  ( -0.9999999999999972244, 34.99999999999998579, 65.09999999999999432 ) ) ;
#4320 = FACE_OUTER_BOUND ( 'NONE', #6487, .T. ) ;
#4321 = PLANE ( 'NONE',  #8075 ) ;
#4322 = EDGE_LOOP ( 'NONE', ( #4233, #4851 ) ) ;
#4323 = CARTESIAN_POINT ( 'NONE',  ( 5.510910596163067862E-16, 55.50000000000000000, 24.29999999999997584 ) ) ;
#4324 = ORIENTED_EDGE ( 'NONE', *, *, #5015, .T. ) ;
#4325 = EDGE_LOOP ( 'NONE', ( #10449, #12238, #9021, #2466, #10923 ) ) ;
#4326 = CYLINDRICAL_SURFACE ( 'NONE', #12185, 1.500000000000029088 ) ;
#4327 = VECTOR ( 'NONE', #7843, 1000.000000000000000 ) ;
#4328 = CARTESIAN_POINT ( 'NONE',  ( 95.50000000000019895, 0.5000000000000195399, 58.59999999999996589 ) ) ;
#4329 = DIRECTION ( 'NONE',  ( 0.000000000000000000, -1.000000000000000000, 0.000000000000000000 ) ) ;
#4330 = LINE ( 'NONE', #7315, #8257 ) ;
#4331 = ADVANCED_FACE ( 'NONE', ( #8567 ), #11722, .F. ) ;
#4332 = VECTOR ( 'NONE', #1992, 1000.000000000000000 ) ;
#4333 = EDGE_CURVE ( 'NONE', #8861, #3928, #8766, .T. ) ;
#4334 = LINE ( 'NONE', #3232, #4101 ) ;
#4335 = DIRECTION ( 'NONE',  ( 1.000000000000000000, 8.195446571860577953E-34, 0.000000000000000000 ) ) ;
#4336 = CIRCLE ( 'NONE', #12258, 2.000000000000112799 ) ;
#4337 = CARTESIAN_POINT ( 'NONE',  ( 55.00000000000017053, 3.000000000000000000, 10.00000000000003020 ) ) ;
#4338 = FACE_OUTER_BOUND ( 'NONE', #3738, .T. ) ;
#4339 = ORIENTED_EDGE ( 'NONE', *, *, #2041, .T. ) ;
#4340 = CARTESIAN_POINT ( 'NONE',  ( 44.00000000000018474, 3.000000000000000000, -122.9712352769500541 ) ) ;
#4341 = EDGE_CURVE ( 'NONE', #1189, #2637, #311, .T. ) ;
#4342 = DIRECTION ( 'NONE',  ( -0.6785983445458394492, 0.2810846377148110697, 0.6785983445458583230 ) ) ;
#4343 = AXIS2_PLACEMENT_3D ( 'NONE', #760, #1638, #836 ) ;
#4344 = VECTOR ( 'NONE', #4222, 1000.000000000000000 ) ;
#4345 = CARTESIAN_POINT ( 'NONE',  ( 76.50000000000022737, 3.000000000000000000, 10.00000000000003020 ) ) ;
#4346 = PLANE ( 'NONE',  #9731 ) ;
#4347 = DIRECTION ( 'NONE',  ( 0.000000000000000000, 0.000000000000000000, -1.000000000000000000 ) ) ;
#4348 = CARTESIAN_POINT ( 'NONE',  ( 29.00000000000012434, 2.499999999999970246, 58.59999999999996589 ) ) ;
#4349 = CARTESIAN_POINT ( 'NONE',  ( 68.00000000000017053, 0.4999999999999917843, 58.59999999999996589 ) ) ;
#4350 = CARTESIAN_POINT ( 'NONE',  ( 5.499999999999988454, 59.49999999999998579, -10.00000000000000000 ) ) ;
#4351 = CARTESIAN_POINT ( 'NONE',  ( 61.50000000000017764, 2.499999999999984013, 10.00000000000003020 ) ) ;
#4352 = ORIENTED_EDGE ( 'NONE', *, *, #7723, .F. ) ;
#4353 = DIRECTION ( 'NONE',  ( 1.000000000000000000, 0.000000000000000000, 0.000000000000000000 ) ) ;
#4354 = EDGE_LOOP ( 'NONE', ( #3273, #2529 ) ) ;
#4355 = FACE_OUTER_BOUND ( 'NONE', #2735, .T. ) ;
#4356 = CIRCLE ( 'NONE', #10126, 1.700000000000000178 ) ;
#4357 = CARTESIAN_POINT ( 'NONE',  ( 24.00000000000012790, 2.499999999999976907, 10.00000000000003020 ) ) ;
#4358 = LINE ( 'NONE', #12347, #4378 ) ;
#4359 = CARTESIAN_POINT ( 'NONE',  ( 40.50000000000012079, 10.00000000000000000, 58.59999999999996589 ) ) ;
#4360 = CONICAL_SURFACE ( 'NONE', #2229, 1.700000000000000178, 0.7853981633974581600 ) ;
#4361 = CIRCLE ( 'NONE', #5101, 1.700000000000000178 ) ;
#4362 = DIRECTION ( 'NONE',  ( 1.000000000000000000, 8.195446571860577953E-34, 0.000000000000000000 ) ) ;
#4363 = FACE_OUTER_BOUND ( 'NONE', #11397, .T. ) ;
#4364 = EDGE_CURVE ( 'NONE', #10979, #5225, #8606, .T. ) ;
#4365 = AXIS2_PLACEMENT_3D ( 'NONE', #10103, #5558, #3801 ) ;
#4367 = VERTEX_POINT ( 'NONE', #10845 ) ;
#4366 = VECTOR ( 'NONE', #7922, 999.9999999999998863 ) ;
#4368 = DIRECTION ( 'NONE',  ( 0.000000000000000000, -1.000000000000000000, 0.000000000000000000 ) ) ;
#4369 = DIRECTION ( 'NONE',  ( 1.000000000000000000, 8.195446571860577953E-34, 0.000000000000000000 ) ) ;
#4370 = DIRECTION ( 'NONE',  ( 0.000000000000000000, 0.000000000000000000, -1.000000000000000000 ) ) ;
#4371 = PLANE ( 'NONE',  #3162 ) ;
#4372 = CYLINDRICAL_SURFACE ( 'NONE', #8994, 1.699999999999993072 ) ;
#4373 = AXIS2_PLACEMENT_3D ( 'NONE', #6796, #1236, #3984 ) ;
#4374 = CARTESIAN_POINT ( 'NONE',  ( 61.50000000000015632, 3.000000000000000000, 60.59999999999997300 ) ) ;
#4375 = PLANE ( 'NONE',  #3522 ) ;
#4376 = VECTOR ( 'NONE', #2113, 1000.000000000000000 ) ;
#4377 = VECTOR ( 'NONE', #3138, 1000.000000000000000 ) ;
#4378 = VECTOR ( 'NONE', #2992, 1000.000000000000000 ) ;
#4379 = ORIENTED_EDGE ( 'NONE', *, *, #2688, .T. ) ;
#4380 = LINE ( 'NONE', #3656, #4055 ) ;
#4381 = DIRECTION ( 'NONE',  ( 1.000000000000000000, -1.156482317317871133E-15, 0.000000000000000000 ) ) ;
#4382 = CARTESIAN_POINT ( 'NONE',  ( -0.9999999999999954481, 20.00000000000172662, 41.75000000006208012 ) ) ;
#4383 = VECTOR ( 'NONE', #9559, 1000.000000000000000 ) ;
#4384 = CARTESIAN_POINT ( 'NONE',  ( 0.5000000000000027756, 35.49999999999998579, 42.59999999999998721 ) ) ;
#4385 = CARTESIAN_POINT ( 'NONE',  ( 1.000000000000049516, 0.5000000000000082157, -10.00000000000000000 ) ) ;
#4386 = EDGE_CURVE ( 'NONE', #11623, #6629, #8802, .T. ) ;
#4387 = ADVANCED_FACE ( 'NONE', ( #4623 ), #8820, .F. ) ;
#4388 = CARTESIAN_POINT ( 'NONE',  ( -0.5000000000000213163, 6.500000000001787015, 38.00000000006350120 ) ) ;
#4389 = EDGE_CURVE ( 'NONE', #10360, #7284, #8643, .T. ) ;
#4390 = ORIENTED_EDGE ( 'NONE', *, *, #4269, .T. ) ;
#4391 = VECTOR ( 'NONE', #7859, 1000.000000000000000 ) ;
#4392 = AXIS2_PLACEMENT_3D ( 'NONE', #1447, #3380, #4087 ) ;
#4393 = ORIENTED_EDGE ( 'NONE', *, *, #1349, .T. ) ;
#4394 = CARTESIAN_POINT ( 'NONE',  ( 116.5000000000000000, 4.000000000000010658, 69.09999999999998010 ) ) ;
#4395 = FACE_OUTER_BOUND ( 'NONE', #4812, .T. ) ;
#4396 = EDGE_CURVE ( 'NONE', #3440, #7786, #4548, .T. ) ;
#4397 = DIRECTION ( 'NONE',  ( 0.7071067811865511255, -0.7071067811865440200, 2.019151824439024395E-16 ) ) ;
#4398 = ORIENTED_EDGE ( 'NONE', *, *, #2525, .T. ) ;
#4399 = EDGE_LOOP ( 'NONE', ( #6464, #6306, #659, #2014 ) ) ;
#4400 = DIRECTION ( 'NONE',  ( 1.000000000000000000, 0.000000000000000000, 0.000000000000000000 ) ) ;
#4401 = CARTESIAN_POINT ( 'NONE',  ( 69.50000000000017053, 0.4999999999999917843, 58.59999999999996589 ) ) ;
#4402 = DIRECTION ( 'NONE',  ( 0.000000000000000000, -1.000000000000000000, 0.000000000000000000 ) ) ;
#4403 = EDGE_CURVE ( 'NONE', #1902, #14, #8664, .T. ) ;
#4404 = CARTESIAN_POINT ( 'NONE',  ( 35.50000000000014921, 0.5000000000000125455, 10.00000000000003020 ) ) ;
#4405 = ADVANCED_FACE ( 'NONE', ( #510 ), #5430, .T. ) ;
#4406 = EDGE_CURVE ( 'NONE', #9124, #8097, #450, .T. ) ;
#4407 = VECTOR ( 'NONE', #5907, 1000.000000000000000 ) ;
#4408 = EDGE_LOOP ( 'NONE', ( #6193, #10452, #6221, #6274 ) ) ;
#4409 = VERTEX_POINT ( 'NONE', #9246 ) ;
#4410 = FACE_BOUND ( 'NONE', #1063, .T. ) ;
#4411 = DIRECTION ( 'NONE',  ( 0.000000000000000000, -1.000000000000000000, 0.000000000000000000 ) ) ;
#4412 = FACE_OUTER_BOUND ( 'NONE', #1676, .T. ) ;
#4413 = FACE_OUTER_BOUND ( 'NONE', #10343, .T. ) ;
#4414 = AXIS2_PLACEMENT_3D ( 'NONE', #4189, #5123, #5835 ) ;
#4415 = LINE ( 'NONE', #9656, #55 ) ;
#4416 = ORIENTED_EDGE ( 'NONE', *, *, #11757, .T. ) ;
#4417 = CARTESIAN_POINT ( 'NONE',  ( 72.50000000000015632, -3.605996491618641436E-32, 58.59999999999996589 ) ) ;
#4418 = EDGE_LOOP ( 'NONE', ( #11229, #3920, #3840, #2507 ) ) ;
#4419 = CONICAL_SURFACE ( 'NONE', #9233, 2.000000000000022649, 0.7853981633974396193 ) ;
#4420 = DIRECTION ( 'NONE',  ( 1.224646799147352961E-16, -1.000000000000000000, -0.000000000000000000 ) ) ;
#4421 = DIRECTION ( 'NONE',  ( -0.5773502691896226224, 0.5773502691896359451, -0.5773502691896189587 ) ) ;
#4422 = DIRECTION ( 'NONE',  ( -0.7071067811865414665, 0.7071067811865536790, 0.000000000000000000 ) ) ;
#4423 = ORIENTED_EDGE ( 'NONE', *, *, #10753, .T. ) ;
#4424 = AXIS2_PLACEMENT_3D ( 'NONE', #4240, #1407, #5171 ) ;
#4425 = DIRECTION ( 'NONE',  ( 1.278217298088174232E-16, -1.000000000000000000, 0.000000000000000000 ) ) ;
#4426 = CARTESIAN_POINT ( 'NONE',  ( 5.000000000000000888, 50.49999999999998579, -122.9712352769500541 ) ) ;
#4427 = VERTEX_POINT ( 'NONE', #554 ) ;
#4428 = VECTOR ( 'NONE', #502, 1000.000000000000000 ) ;
#4429 = EDGE_CURVE ( 'NONE', #937, #9185, #4692, .T. ) ;
#4430 = CARTESIAN_POINT ( 'NONE',  ( 22.50000000000013500, 0.5000000000000195399, 10.00000000000003020 ) ) ;
#4431 = VECTOR ( 'NONE', #7734, 1000.000000000000000 ) ;
#4432 = CARTESIAN_POINT ( 'NONE',  ( 1.000000000000008216, 6.500000000001787015, 65.87397274142526271 ) ) ;
#4433 = ORIENTED_EDGE ( 'NONE', *, *, #176, .T. ) ;
#4434 = ORIENTED_EDGE ( 'NONE', *, *, #2136, .T. ) ;
#4435 = CARTESIAN_POINT ( 'NONE',  ( 27.50000000000011369, 0.4999999999999848455, 10.00000000000003020 ) ) ;
#4436 = EDGE_CURVE ( 'NONE', #2843, #8646, #4657, .T. ) ;
#4437 = CARTESIAN_POINT ( 'NONE',  ( 74.50000000000018474, 0.5000000000000195399, 8.500000000000014211 ) ) ;
#4438 = LINE ( 'NONE', #5497, #8566 ) ;
#4439 = ADVANCED_FACE ( 'NONE', ( #673 ), #2481, .T. ) ;
#4440 = DIRECTION ( 'NONE',  ( -0.7071067811865414665, 0.7071067811865536790, 0.000000000000000000 ) ) ;
#4441 = DIRECTION ( 'NONE',  ( -1.000000000000000000, -8.195446571860579663E-34, 0.000000000000000000 ) ) ;
#4442 = PLANE ( 'NONE',  #11363 ) ;
#4443 = EDGE_CURVE ( 'NONE', #4168, #1054, #8868, .T. ) ;
#4444 = CARTESIAN_POINT ( 'NONE',  ( 105.5000000000000142, 13.00000000000000000, -9.499999999999996447 ) ) ;
#4445 = DIRECTION ( 'NONE',  ( 1.000000000000000000, 1.224646799147352961E-16, -0.000000000000000000 ) ) ;
#4446 = EDGE_CURVE ( 'NONE', #7258, #11842, #570, .T. ) ;
#4447 = ORIENTED_EDGE ( 'NONE', *, *, #9530, .T. ) ;
#4449 = EDGE_LOOP ( 'NONE', ( #5017, #9366 ) ) ;
#4448 = LINE ( 'NONE', #4286, #8901 ) ;
#4450 = AXIS2_PLACEMENT_3D ( 'NONE', #7424, #10234, #4122 ) ;
#4451 = DIRECTION ( 'NONE',  ( -7.138779736530080685E-17, 0.000000000000000000, -1.000000000000000000 ) ) ;
#4452 = CARTESIAN_POINT ( 'NONE',  ( 61.50000000000015632, 3.000000000000000000, 60.59999999999997300 ) ) ;
#4453 = VECTOR ( 'NONE', #7619, 1000.000000000000000 ) ;
#4454 = DIRECTION ( 'NONE',  ( 0.09950371902099899857, -0.9950371902099890420, 0.000000000000000000 ) ) ;
#4455 = VERTEX_POINT ( 'NONE', #9166 ) ;
#4456 = DIRECTION ( 'NONE',  ( 0.7071067811865439090, 0.7071067811865512365, 0.000000000000000000 ) ) ;
#4457 = VERTEX_POINT ( 'NONE', #6320 ) ;
#4458 = CARTESIAN_POINT ( 'NONE',  ( 1.000000000000005995, 20.00000000000002132, 5.750000000064023453 ) ) ;
#4459 = CARTESIAN_POINT ( 'NONE',  ( 46.50000000000012790, -5.736812600302393209E-32, 58.59999999999996589 ) ) ;
#4460 = ORIENTED_EDGE ( 'NONE', *, *, #4314, .F. ) ;
#4461 = ORIENTED_EDGE ( 'NONE', *, *, #5703, .T. ) ;
#4462 = CARTESIAN_POINT ( 'NONE',  ( 3.000000000000008882, 6.500000000001787015, 65.87397274142526271 ) ) ;
#4463 = DIRECTION ( 'NONE',  ( -1.000000000000000000, 0.000000000000000000, -0.000000000000000000 ) ) ;
#4464 = EDGE_CURVE ( 'NONE', #3928, #3193, #8838, .T. ) ;
#4465 = ORIENTED_EDGE ( 'NONE', *, *, #3149, .T. ) ;
#4466 = VERTEX_POINT ( 'NONE', #9324 ) ;
#4467 = EDGE_CURVE ( 'NONE', #11011, #12136, #4733, .T. ) ;
#4468 = CARTESIAN_POINT ( 'NONE',  ( 29.00000000000012434, -7.171015750377995890E-32, 58.59999999999996589 ) ) ;
#4469 = AXIS2_PLACEMENT_3D ( 'NONE', #10086, #1347, #4187 ) ;
#4470 = ORIENTED_EDGE ( 'NONE', *, *, #1083, .T. ) ;
#4471 = PLANE ( 'NONE',  #1681 ) ;
#4473 = CARTESIAN_POINT ( 'NONE',  ( 0.5000000000000013323, 48.99999999999997868, 44.59999999999998721 ) ) ;
#4472 = DIRECTION ( 'NONE',  ( -0.2810846377148121800, 0.6785983445458410035, 0.6785983445458563246 ) ) ;
#4474 = VECTOR ( 'NONE', #2183, 1000.000000000000000 ) ;
#4475 = DIRECTION ( 'NONE',  ( 0.000000000000000000, 0.000000000000000000, -1.000000000000000000 ) ) ;
#4476 = ORIENTED_EDGE ( 'NONE', *, *, #6563, .F. ) ;
#4477 = ORIENTED_EDGE ( 'NONE', *, *, #3661, .T. ) ;
#4478 = ADVANCED_FACE ( 'NONE', ( #8949 ), #4938, .F. ) ;
#4479 = CARTESIAN_POINT ( 'NONE',  ( 102.0000000000002416, 0.5000000000000056621, 58.59999999999996589 ) ) ;
#4480 = CARTESIAN_POINT ( 'NONE',  ( 37.00000000000014921, 2.499999999999984013, 58.59999999999996589 ) ) ;
#4481 = VECTOR ( 'NONE', #1231, 1000.000000000000114 ) ;
#4482 = EDGE_CURVE ( 'NONE', #1900, #10994, #5241, .T. ) ;
#4483 = CARTESIAN_POINT ( 'NONE',  ( 3.000000000000005329, 17.15000000000001990, 2.750000000064023897 ) ) ;
#4484 = LINE ( 'NONE', #10603, #339 ) ;
#4485 = EDGE_CURVE ( 'NONE', #11145, #1189, #4915, .T. ) ;
#4486 = CARTESIAN_POINT ( 'NONE',  ( 74.50000000000018474, 0.5000000000000195399, 8.500000000000014211 ) ) ;
#4487 = ORIENTED_EDGE ( 'NONE', *, *, #5463, .F. ) ;
#4488 = AXIS2_PLACEMENT_3D ( 'NONE', #7285, #1296, #455 ) ;
#4489 = CARTESIAN_POINT ( 'NONE',  ( 105.5000000000000284, 9.999999999999998224, -9.499999999999996447 ) ) ;
#4490 = LINE ( 'NONE', #10174, #4637 ) ;
#4491 = LINE ( 'NONE', #8827, #615 ) ;
#4492 = DIRECTION ( 'NONE',  ( 0.000000000000000000, -1.000000000000000000, 0.000000000000000000 ) ) ;
#4493 = AXIS2_PLACEMENT_3D ( 'NONE', #1387, #5946, #5156 ) ;
#4494 = CARTESIAN_POINT ( 'NONE',  ( 50.00000000000015632, 2.499999999999976907, 58.59999999999996589 ) ) ;
#4495 = FACE_OUTER_BOUND ( 'NONE', #255, .T. ) ;
#4496 = CARTESIAN_POINT ( 'NONE',  ( 4.499999999999975131, 35.49999999999998579, 64.80710678118647650 ) ) ;
#4497 = CARTESIAN_POINT ( 'NONE',  ( 0.5000000000000079936, 59.99999999999998579, -9.499999999999992895 ) ) ;
#4498 = DIRECTION ( 'NONE',  ( -0.7035975447302842412, -0.07035975447302848795, -0.7071067811865552333 ) ) ;
#4499 = ORIENTED_EDGE ( 'NONE', *, *, #8332, .F. ) ;
#4500 = DIRECTION ( 'NONE',  ( -0.000000000000000000, 1.000000000000000000, -0.000000000000000000 ) ) ;
#4501 = ADVANCED_FACE ( 'NONE', ( #4876 ), #10619, .T. ) ;
#4502 = VECTOR ( 'NONE', #7930, 1000.000000000000000 ) ;
#4503 = DIRECTION ( 'NONE',  ( 0.000000000000000000, 0.000000000000000000, -1.000000000000000000 ) ) ;
#4504 = EDGE_CURVE ( 'NONE', #2945, #5826, #840, .T. ) ;
#4505 = CARTESIAN_POINT ( 'NONE',  ( 5.000000000000010658, -23.88206424791260929, -48.58917102903740926 ) ) ;
#4506 = DIRECTION ( 'NONE',  ( -1.000000000000000000, 0.000000000000000000, 0.000000000000000000 ) ) ;
#4507 = CARTESIAN_POINT ( 'NONE',  ( 53.50000000000014211, 2.499999999999970246, 58.59999999999996589 ) ) ;
#4508 = CARTESIAN_POINT ( 'NONE',  ( 5.000000000000004441, 20.00000000000172662, 41.75000000006208012 ) ) ;
#4509 = VECTOR ( 'NONE', #8330, 1000.000000000000000 ) ;
#4510 = EDGE_CURVE ( 'NONE', #2637, #9478, #954, .T. ) ;
#4511 = VECTOR ( 'NONE', #2073, 1000.000000000000114 ) ;
#4512 = EDGE_CURVE ( 'NONE', #3306, #5340, #858, .T. ) ;
#4513 = CARTESIAN_POINT ( 'NONE',  ( 92.00000000000012790, 3.000000000000000000, -122.9712352769500825 ) ) ;
#4514 = CARTESIAN_POINT ( 'NONE',  ( 5.000000000000002665, 34.99999999999994316, 64.59999999999993747 ) ) ;
#4515 = CARTESIAN_POINT ( 'NONE',  ( 68.00000000000018474, 0.4999999999999917843, 10.00000000000003020 ) ) ;
#4516 = AXIS2_PLACEMENT_3D ( 'NONE', #4658, #1514, #8498 ) ;
#4517 = DIRECTION ( 'NONE',  ( 0.7071067811865524577, -0.7071067811865426878, -6.156232993174854040E-15 ) ) ;
#4518 = DIRECTION ( 'NONE',  ( -9.038361193080950981E-17, 0.7071067811865479058, 0.7071067811865472397 ) ) ;
#4519 = CARTESIAN_POINT ( 'NONE',  ( -0.4999999999999863443, 2.207106781186582989, -10.00000000000000000 ) ) ;
#4520 = FACE_OUTER_BOUND ( 'NONE', #11449, .T. ) ;
#4521 = DIRECTION ( 'NONE',  ( 1.734723475976853637E-15, 1.000000000000000000, 0.000000000000000000 ) ) ;
#4522 = ORIENTED_EDGE ( 'NONE', *, *, #1634, .T. ) ;
#4523 = LINE ( 'NONE', #2444, #384 ) ;
#4524 = VECTOR ( 'NONE', #2004, 1000.000000000000000 ) ;
#4525 = ADVANCED_FACE ( 'NONE', ( #4981 ), #9073, .F. ) ;
#4526 = LINE ( 'NONE', #3407, #590 ) ;
#4527 = EDGE_CURVE ( 'NONE', #9124, #7858, #5049, .T. ) ;
#4528 = CARTESIAN_POINT ( 'NONE',  ( -0.5000000000000004441, 4.999999999999986677, 69.59999999999999432 ) ) ;
#4529 = ORIENTED_EDGE ( 'NONE', *, *, #2442, .F. ) ;
#4530 = ORIENTED_EDGE ( 'NONE', *, *, #3582, .F. ) ;
#4531 = FACE_OUTER_BOUND ( 'NONE', #4895, .T. ) ;
#4532 = VERTEX_POINT ( 'NONE', #10381 ) ;
#4533 = CARTESIAN_POINT ( 'NONE',  ( 2.000000000000000444, 55.49999999999999289, 52.09999999999999432 ) ) ;
#4534 = DIRECTION ( 'NONE',  ( 0.000000000000000000, 0.000000000000000000, -1.000000000000000000 ) ) ;
#4535 = LINE ( 'NONE', #9944, #8647 ) ;
#4536 = AXIS2_PLACEMENT_3D ( 'NONE', #5264, #10053, #7387 ) ;
#4537 = EDGE_CURVE ( 'NONE', #3306, #2491, #459, .T. ) ;
#4538 = VECTOR ( 'NONE', #8551, 1000.000000000000000 ) ;
#4539 = DIRECTION ( 'NONE',  ( 0.000000000000000000, -1.000000000000000000, 0.000000000000000000 ) ) ;
#4540 = EDGE_LOOP ( 'NONE', ( #106, #6767, #10622, #8525 ) ) ;
#4542 = ORIENTED_EDGE ( 'NONE', *, *, #6638, .F. ) ;
#4541 = LINE ( 'NONE', #8536, #530 ) ;
#4543 = DIRECTION ( 'NONE',  ( 0.7071067811865552333, -0.7071067811865398012, -2.019151824439035981E-16 ) ) ;
#4544 = ORIENTED_EDGE ( 'NONE', *, *, #6706, .T. ) ;
#4545 = CARTESIAN_POINT ( 'NONE',  ( 76.00000000000018474, 0.5000000000000195399, 58.59999999999996589 ) ) ;
#4546 = VECTOR ( 'NONE', #4381, 1000.000000000000000 ) ;
#4547 = CARTESIAN_POINT ( 'NONE',  ( 5.000000000000000888, 55.49999999999999289, 52.09999999999999432 ) ) ;
#4548 = LINE ( 'NONE', #6403, #4752 ) ;
#4549 = EDGE_CURVE ( 'NONE', #3011, #3437, #810, .T. ) ;
#4550 = DIRECTION ( 'NONE',  ( 0.000000000000000000, 0.000000000000000000, -1.000000000000000000 ) ) ;
#4551 = CARTESIAN_POINT ( 'NONE',  ( 59.50000000000014921, -4.671404545960516227E-32, 10.00000000000003020 ) ) ;
#4552 = CARTESIAN_POINT ( 'NONE',  ( 5.000000000000004441, 4.999999999999999112, -10.00000000000000000 ) ) ;
#4553 = ORIENTED_EDGE ( 'NONE', *, *, #10849, .F. ) ;
#4554 = CIRCLE ( 'NONE', #4677, 1.500000000000001332 ) ;
#4555 = EDGE_CURVE ( 'NONE', #11775, #1709, #995, .T. ) ;
#4556 = DIRECTION ( 'NONE',  ( -1.000000000000000000, 0.000000000000000000, 0.000000000000000000 ) ) ;
#4557 = DIRECTION ( 'NONE',  ( 0.000000000000000000, -1.000000000000000000, 0.000000000000000000 ) ) ;
#4558 = VERTEX_POINT ( 'NONE', #12027 ) ;
#4559 = PLANE ( 'NONE',  #6418 ) ;
#4560 = LINE ( 'NONE', #1731, #8674 ) ;
#4561 = CARTESIAN_POINT ( 'NONE',  ( 18.00000000000019185, -8.072514873282654333E-32, 58.59999999999996589 ) ) ;
#4562 = AXIS2_PLACEMENT_3D ( 'NONE', #9372, #12284, #2690 ) ;
#4563 = VERTEX_POINT ( 'NONE', #5211 ) ;
#4564 = DIRECTION ( 'NONE',  ( 0.000000000000000000, -1.000000000000000000, 0.000000000000000000 ) ) ;
#4565 = ORIENTED_EDGE ( 'NONE', *, *, #4504, .F. ) ;
#4566 = LINE ( 'NONE', #1479, #422 ) ;
#4567 = CARTESIAN_POINT ( 'NONE',  ( 5.000000000000007105, 3.000000000000000000, 5.000000000000031974 ) ) ;
#4568 = ORIENTED_EDGE ( 'NONE', *, *, #10426, .T. ) ;
#4569 = AXIS2_PLACEMENT_3D ( 'NONE', #9424, #4806, #6693 ) ;
#4570 = EDGE_CURVE ( 'NONE', #11775, #9952, #906, .T. ) ;
#4571 = EDGE_LOOP ( 'NONE', ( #4109, #2236, #10032, #2614 ) ) ;
#4572 = CARTESIAN_POINT ( 'NONE',  ( 96.00000000000021316, 3.000000000000000000, 58.59999999999996589 ) ) ;
#4573 = LINE ( 'NONE', #9430, #9011 ) ;
#4574 = ADVANCED_FACE ( 'NONE', ( #9173 ), #4375, .T. ) ;
#4575 = EDGE_CURVE ( 'NONE', #11082, #9599, #823, .T. ) ;
#4576 = CARTESIAN_POINT ( 'NONE',  ( 102.0000000000002416, 0.5000000000000056621, 58.59999999999996589 ) ) ;
#4577 = CARTESIAN_POINT ( 'NONE',  ( -0.5000000000000264233, 20.00000000000002132, 5.750000000064023453 ) ) ;
#4578 = ORIENTED_EDGE ( 'NONE', *, *, #2525, .F. ) ;
#4579 = LINE ( 'NONE', #649, #9052 ) ;
#4580 = ORIENTED_EDGE ( 'NONE', *, *, #9991, .T. ) ;
#4581 = DIRECTION ( 'NONE',  ( -1.000000000000000000, -1.147978770867005115E-16, -0.000000000000000000 ) ) ;
#4582 = CARTESIAN_POINT ( 'NONE',  ( 85.50000000000018474, 3.000000000000000000, 10.00000000000003020 ) ) ;
#4583 = VECTOR ( 'NONE', #7686, 1000.000000000000114 ) ;
#4584 = DIRECTION ( 'NONE',  ( 0.000000000000000000, 1.000000000000000000, 0.000000000000000000 ) ) ;
#4585 = EDGE_LOOP ( 'NONE', ( #5767, #6950, #6972, #10096 ) ) ;
#4586 = EDGE_LOOP ( 'NONE', ( #6742, #9616, #2441, #10943 ) ) ;
#4587 = AXIS2_PLACEMENT_3D ( 'NONE', #8503, #9578, #8580 ) ;
#4588 = CARTESIAN_POINT ( 'NONE',  ( 85.50000000000018474, -2.540588437276763907E-32, 10.00000000000003020 ) ) ;
#4589 = CARTESIAN_POINT ( 'NONE',  ( -0.5000000000000213163, 6.500000000001787015, 38.00000000006350120 ) ) ;
#4590 = PLANE ( 'NONE',  #10787 ) ;
#4591 = ORIENTED_EDGE ( 'NONE', *, *, #5973, .T. ) ;
#4592 = ORIENTED_EDGE ( 'NONE', *, *, #8696, .T. ) ;
#4593 = CIRCLE ( 'NONE', #7749, 1.500000000000029088 ) ;
#4594 = DIRECTION ( 'NONE',  ( -1.000000000000000000, 1.355252715606880851E-17, -0.000000000000000000 ) ) ;
#4595 = ADVANCED_FACE ( 'NONE', ( #4858 ), #11856, .T. ) ;
#4596 = DIRECTION ( 'NONE',  ( 1.000000000000000000, 1.141265444721583018E-16, -5.866014694162371451E-32 ) ) ;
#4597 = LINE ( 'NONE', #8017, #419 ) ;
#4598 = CARTESIAN_POINT ( 'NONE',  ( 104.5000000000000142, 6.000000000000000000, 69.59999999999999432 ) ) ;
#4599 = ORIENTED_EDGE ( 'NONE', *, *, #5897, .F. ) ;
#4600 = VECTOR ( 'NONE', #7909, 1000.000000000000000 ) ;
#4601 = VECTOR ( 'NONE', #6488, 1000.000000000000000 ) ;
#4602 = DIRECTION ( 'NONE',  ( -1.000000000000000000, -1.278217298088174232E-16, -0.000000000000000000 ) ) ;
#4603 = EDGE_CURVE ( 'NONE', #9970, #10008, #5024, .T. ) ;
#4604 = ORIENTED_EDGE ( 'NONE', *, *, #710, .F. ) ;
#4605 = DIRECTION ( 'NONE',  ( -0.7071067811865414665, -0.7071067811865536790, 0.000000000000000000 ) ) ;
#4606 = ORIENTED_EDGE ( 'NONE', *, *, #8796, .T. ) ;
#4607 = CARTESIAN_POINT ( 'NONE',  ( 1.999999999999896749, 52.49999999999998579, 24.94999999999999218 ) ) ;
#4608 = EDGE_CURVE ( 'NONE', #7606, #4000, #5002, .T. ) ;
#4609 = AXIS2_PLACEMENT_3D ( 'NONE', #7898, #9757, #4625 ) ;
#4610 = ADVANCED_FACE ( 'NONE', ( #932, #9271, #5073, #5092 ), #6346, .F. ) ;
#4611 = VERTEX_POINT ( 'NONE', #3134 ) ;
#4612 = VERTEX_POINT ( 'NONE', #4094 ) ;
#4613 = DIRECTION ( 'NONE',  ( 0.000000000000000000, -1.000000000000000000, 0.000000000000000000 ) ) ;
#4614 = ORIENTED_EDGE ( 'NONE', *, *, #5015, .F. ) ;
#4615 = VERTEX_POINT ( 'NONE', #6001 ) ;
#4617 = ORIENTED_EDGE ( 'NONE', *, *, #3224, .T. ) ;
#4616 = CIRCLE ( 'NONE', #9962, 2.000000000000029310 ) ;
#4618 = CARTESIAN_POINT ( 'NONE',  ( 11.99999999999998934, 59.49999999999999289, -9.499999999999996447 ) ) ;
#4619 = VERTEX_POINT ( 'NONE', #6994 ) ;
#4620 = DIRECTION ( 'NONE',  ( 0.7071067811865439090, 0.7071067811865512365, 0.000000000000000000 ) ) ;
#4621 = DIRECTION ( 'NONE',  ( 0.000000000000000000, -1.000000000000000000, 0.000000000000000000 ) ) ;
#4622 = ADVANCED_FACE ( 'NONE', ( #978 ), #8033, .F. ) ;
#4623 = FACE_OUTER_BOUND ( 'NONE', #7842, .T. ) ;
#4624 = DIRECTION ( 'NONE',  ( 0.000000000000000000, 0.000000000000000000, -1.000000000000000000 ) ) ;
#4625 = DIRECTION ( 'NONE',  ( 1.000000000000000000, -1.156482317317871133E-15, 0.000000000000000000 ) ) ;
#4626 = EDGE_CURVE ( 'NONE', #9769, #1867, #5109, .T. ) ;
#4627 = DIRECTION ( 'NONE',  ( -1.000000000000000000, -6.938893903907228378E-15, 0.000000000000000000 ) ) ;
#4628 = EDGE_CURVE ( 'NONE', #9560, #9480, #5132, .T. ) ;
#4629 = DIRECTION ( 'NONE',  ( 0.000000000000000000, -1.000000000000000000, 0.000000000000000000 ) ) ;
#4630 = AXIS2_PLACEMENT_3D ( 'NONE', #11043, #476, #1237 ) ;
#4631 = DIRECTION ( 'NONE',  ( 0.000000000000000000, 0.000000000000000000, -1.000000000000000000 ) ) ;
#4632 = FACE_OUTER_BOUND ( 'NONE', #11706, .T. ) ;
#4633 = AXIS2_PLACEMENT_3D ( 'NONE', #7109, #5080, #10818 ) ;
#4634 = ORIENTED_EDGE ( 'NONE', *, *, #2244, .T. ) ;
#4635 = VECTOR ( 'NONE', #10191, 1000.000000000000114 ) ;
#4636 = ORIENTED_EDGE ( 'NONE', *, *, #4386, .T. ) ;
#4637 = VECTOR ( 'NONE', #9917, 1000.000000000000000 ) ;
#4638 = EDGE_CURVE ( 'NONE', #5240, #358, #5199, .T. ) ;
#4639 = CARTESIAN_POINT ( 'NONE',  ( 2.000000000000000444, 52.49999999999998579, 49.24999999999999289 ) ) ;
#4640 = DIRECTION ( 'NONE',  ( 1.000000000000000000, 0.000000000000000000, 0.000000000000000000 ) ) ;
#4641 = CARTESIAN_POINT ( 'NONE',  ( 98.50000000000019895, -1.475180382934886926E-32, 10.00000000000003020 ) ) ;
#4642 = ORIENTED_EDGE ( 'NONE', *, *, #680, .T. ) ;
#4643 = PLANE ( 'NONE',  #3885 ) ;
#4644 = CARTESIAN_POINT ( 'NONE',  ( 5.000000000000000888, 50.50000000000000711, 9.000000000063485217 ) ) ;
#4645 = EDGE_CURVE ( 'NONE', #6061, #596, #1060, .T. ) ;
#4646 = VERTEX_POINT ( 'NONE', #10407 ) ;
#4647 = VERTEX_POINT ( 'NONE', #11228 ) ;
#4648 = AXIS2_PLACEMENT_3D ( 'NONE', #10252, #12042, #679 ) ;
#4649 = CARTESIAN_POINT ( 'NONE',  ( 34.00000000000010658, 10.00000000000000000, 58.59999999999996589 ) ) ;
#4650 = DIRECTION ( 'NONE',  ( 0.000000000000000000, 0.000000000000000000, -1.000000000000000000 ) ) ;
#4651 = DIRECTION ( 'NONE',  ( -1.141265444721583018E-16, 1.000000000000000000, -0.000000000000000000 ) ) ;
#4652 = ORIENTED_EDGE ( 'NONE', *, *, #5846, .T. ) ;
#4653 = AXIS2_PLACEMENT_3D ( 'NONE', #425, #173, #3312 ) ;
#4654 = ORIENTED_EDGE ( 'NONE', *, *, #6391, .T. ) ;
#4655 = CARTESIAN_POINT ( 'NONE',  ( 42.00000000000015632, 10.00000000000000000, 10.00000000000003020 ) ) ;
#4656 = CARTESIAN_POINT ( 'NONE',  ( 5.000000000000000888, 50.49999999999998579, 4.000000000000003553 ) ) ;
#4657 = CIRCLE ( 'NONE', #9180, 1.500000000000022204 ) ;
#4658 = CARTESIAN_POINT ( 'NONE',  ( 81.00000000000018474, 3.000000000000000000, 58.59999999999996589 ) ) ;
#4659 = EDGE_CURVE ( 'NONE', #9534, #10393, #1116, .T. ) ;
#4660 = EDGE_LOOP ( 'NONE', ( #4781, #5969, #9501, #7391 ) ) ;
#4661 = DIRECTION ( 'NONE',  ( -1.427755947306016137E-16, -1.170109758380264387E-49, -1.000000000000000000 ) ) ;
#4662 = VERTEX_POINT ( 'NONE', #4675 ) ;
#4663 = ADVANCED_FACE ( 'NONE', ( #9333 ), #5539, .F. ) ;
#4664 = CARTESIAN_POINT ( 'NONE',  ( 18.00000000000023448, 3.000000000000000000, -122.9712352769500541 ) ) ;
#4665 = DIRECTION ( 'NONE',  ( -1.000000000000000000, -1.147978770867005115E-16, -0.000000000000000000 ) ) ;
#4666 = ORIENTED_EDGE ( 'NONE', *, *, #9489, .T. ) ;
#4667 = VECTOR ( 'NONE', #6151, 1000.000000000000000 ) ;
#4668 = VECTOR ( 'NONE', #6022, 1000.000000000000000 ) ;
#4669 = DIRECTION ( 'NONE',  ( -1.147978770867005115E-16, 1.000000000000000000, -1.927470528863119542E-16 ) ) ;
#4670 = DIRECTION ( 'NONE',  ( -1.000000000000000000, -0.000000000000000000, -0.000000000000000000 ) ) ;
#4671 = CARTESIAN_POINT ( 'NONE',  ( 79.50000000000018474, 0.5000000000000195399, 58.59999999999996589 ) ) ;
#4672 = EDGE_CURVE ( 'NONE', #2636, #3373, #5296, .T. ) ;
#4673 = LINE ( 'NONE', #7155, #952 ) ;
#4674 = VERTEX_POINT ( 'NONE', #4749 ) ;
#4675 = CARTESIAN_POINT ( 'NONE',  ( 42.00000000000015632, -6.105607696036117266E-32, 8.000000000000000000 ) ) ;
#4676 = VECTOR ( 'NONE', #2422, 1000.000000000000114 ) ;
#4677 = AXIS2_PLACEMENT_3D ( 'NONE', #11512, #77, #1024 ) ;
#4678 = CARTESIAN_POINT ( 'NONE',  ( 42.00000000000015632, -6.105607696036117266E-32, 10.00000000000003020 ) ) ;
#4679 = ORIENTED_EDGE ( 'NONE', *, *, #6212, .T. ) ;
#4680 = EDGE_CURVE ( 'NONE', #12361, #6506, #9393, .T. ) ;
#4681 = VERTEX_POINT ( 'NONE', #9194 ) ;
#4682 = CARTESIAN_POINT ( 'NONE',  ( 14.00000000000000533, 55.00000000000001421, 0.000000000000000000 ) ) ;
#4683 = VERTEX_POINT ( 'NONE', #2745 ) ;
#4684 = ADVANCED_FACE ( 'NONE', ( #9437 ), #7497, .T. ) ;
#4685 = CONICAL_SURFACE ( 'NONE', #667, 2.000000000000043521, 0.7853981633974396193 ) ;
#4686 = CARTESIAN_POINT ( 'NONE',  ( 7.000000000000000000, 53.50000000000000000, 0.000000000000000000 ) ) ;
#4687 = EDGE_CURVE ( 'NONE', #137, #9218, #5507, .T. ) ;
#4688 = CARTESIAN_POINT ( 'NONE',  ( 94.00000000000019895, 3.000000000000000000, 60.59999999999998010 ) ) ;
#4689 = DIRECTION ( 'NONE',  ( 1.000000000000000000, 0.000000000000000000, 0.000000000000000000 ) ) ;
#4690 = CIRCLE ( 'NONE', #12376, 1.500000000000022204 ) ;
#4691 = DIRECTION ( 'NONE',  ( 8.195446571860579663E-34, -1.000000000000000000, -0.000000000000000000 ) ) ;
#4692 = CIRCLE ( 'NONE', #12053, 2.000000000000015543 ) ;
#4693 = ORIENTED_EDGE ( 'NONE', *, *, #3830, .F. ) ;
#4694 = CARTESIAN_POINT ( 'NONE',  ( 116.5000000000000000, 2.000000000000001776, -10.00000000000000000 ) ) ;
#4695 = EDGE_CURVE ( 'NONE', #7633, #5013, #5371, .T. ) ;
#4696 = DIRECTION ( 'NONE',  ( -0.000000000000000000, 0.000000000000000000, -1.000000000000000000 ) ) ;
#4697 = AXIS2_PLACEMENT_3D ( 'NONE', #6867, #9698, #3554 ) ;
#4698 = DIRECTION ( 'NONE',  ( 0.7071067811865439090, 0.7071067811865512365, 0.000000000000000000 ) ) ;
#4699 = ORIENTED_EDGE ( 'NONE', *, *, #6806, .T. ) ;
#4700 = DIRECTION ( 'NONE',  ( -0.000000000000000000, 0.000000000000000000, 1.000000000000000000 ) ) ;
#4701 = LINE ( 'NONE', #8898, #4344 ) ;
#4702 = VECTOR ( 'NONE', #11137, 1000.000000000000000 ) ;
#4703 = CARTESIAN_POINT ( 'NONE',  ( 5.000000000000007105, 4.000000000001787015, -122.9712352769500541 ) ) ;
#4704 = ADVANCED_FACE ( 'NONE', ( #5421 ), #9794, .F. ) ;
#4705 = CARTESIAN_POINT ( 'NONE',  ( 37.50000000000015632, 3.000000000000000000, 58.59999999999996589 ) ) ;
#4706 = VECTOR ( 'NONE', #3811, 1000.000000000000114 ) ;
#4707 = ORIENTED_EDGE ( 'NONE', *, *, #7838, .T. ) ;
#4708 = DIRECTION ( 'NONE',  ( 0.000000000000000000, 0.000000000000000000, -1.000000000000000000 ) ) ;
#4709 = AXIS2_PLACEMENT_3D ( 'NONE', #1858, #5409, #6376 ) ;
#4710 = ORIENTED_EDGE ( 'NONE', *, *, #9810, .T. ) ;
#4711 = EDGE_CURVE ( 'NONE', #12130, #3643, #5318, .T. ) ;
#4712 = ADVANCED_FACE ( 'NONE', ( #1398 ), #6062, .F. ) ;
#4713 = EDGE_CURVE ( 'NONE', #10891, #7858, #5719, .T. ) ;
#4714 = EDGE_LOOP ( 'NONE', ( #1419, #3609, #4993, #8628 ) ) ;
#4715 = EDGE_LOOP ( 'NONE', ( #11112, #9942, #6728 ) ) ;
#4716 = DIRECTION ( 'NONE',  ( 0.000000000000000000, -1.000000000000000000, 0.000000000000000000 ) ) ;
#4717 = CIRCLE ( 'NONE', #11068, 1.500000000000015099 ) ;
#4718 = CARTESIAN_POINT ( 'NONE',  ( 0.03950428677958216922, 6.723469992544343299, 37.46049571328388339 ) ) ;
#4719 = CARTESIAN_POINT ( 'NONE',  ( 6.000000000000004441, 54.50000000000000711, -10.00000000000000000 ) ) ;
#4720 = DIRECTION ( 'NONE',  ( -0.000000000000000000, 1.000000000000000000, -0.000000000000000000 ) ) ;
#4721 = EDGE_CURVE ( 'NONE', #9190, #6290, #1368, .T. ) ;
#4722 = DIRECTION ( 'NONE',  ( 0.000000000000000000, 0.000000000000000000, -1.000000000000000000 ) ) ;
#4723 = FACE_OUTER_BOUND ( 'NONE', #1475, .T. ) ;
#4724 = LINE ( 'NONE', #9165, #8791 ) ;
#4725 = DIRECTION ( 'NONE',  ( -0.7071067811865378028, -6.839255870354694770E-17, 0.7071067811865573427 ) ) ;
#4726 = AXIS2_PLACEMENT_3D ( 'NONE', #8177, #1503, #5515 ) ;
#4727 = ORIENTED_EDGE ( 'NONE', *, *, #9568, .F. ) ;
#4728 = ORIENTED_EDGE ( 'NONE', *, *, #11555, .F. ) ;
#4729 = LINE ( 'NONE', #7368, #8847 ) ;
#4730 = VECTOR ( 'NONE', #11813, 1000.000000000000000 ) ;
#4731 = DIRECTION ( 'NONE',  ( 1.224646799147352961E-16, -1.000000000000000000, 0.000000000000000000 ) ) ;
#4732 = CARTESIAN_POINT ( 'NONE',  ( 105.0000000000000284, 5.499999999999992006, 69.59999999999999432 ) ) ;
#4733 = LINE ( 'NONE', #9087, #631 ) ;
#4734 = VERTEX_POINT ( 'NONE', #12003 ) ;
#4735 = DIRECTION ( 'NONE',  ( 0.000000000000000000, -1.000000000000000000, 0.000000000000000000 ) ) ;
#4736 = CARTESIAN_POINT ( 'NONE',  ( 113.0000000000000000, 4.000000000000010658, 69.59999999999999432 ) ) ;
#4737 = CARTESIAN_POINT ( 'NONE',  ( 70.00000000000015632, -3.810882655915156261E-32, 58.59999999999996589 ) ) ;
#4738 = LINE ( 'NONE', #6905, #9224 ) ;
#4739 = DIRECTION ( 'NONE',  ( 1.000000000000000000, 0.000000000000000000, 0.000000000000000000 ) ) ;
#4740 = ORIENTED_EDGE ( 'NONE', *, *, #3210, .F. ) ;
#4741 = ORIENTED_EDGE ( 'NONE', *, *, #4982, .F. ) ;
#4742 = EDGE_CURVE ( 'NONE', #11665, #2714, #5550, .T. ) ;
#4743 = DIRECTION ( 'NONE',  ( 0.5773502691896255090, 0.5773502691896256200, -0.5773502691896260641 ) ) ;
#4744 = CARTESIAN_POINT ( 'NONE',  ( -0.5000000000000229816, 33.50000000000178346, 38.00000000006348699 ) ) ;
#4745 = PLANE ( 'NONE',  #1976 ) ;
#4746 = ORIENTED_EDGE ( 'NONE', *, *, #11588, .F. ) ;
#4747 = VERTEX_POINT ( 'NONE', #8007 ) ;
#4748 = EDGE_CURVE ( 'NONE', #11832, #1813, #1523, .T. ) ;
#4749 = CARTESIAN_POINT ( 'NONE',  ( 3.999999999999896971, 59.99999999999998579, 18.74999999999999645 ) ) ;
#4750 = EDGE_LOOP ( 'NONE', ( #6619, #778, #7540, #12328 ) ) ;
#4751 = AXIS2_PLACEMENT_3D ( 'NONE', #11406, #2692, #833 ) ;
#4752 = VECTOR ( 'NONE', #2572, 1000.000000000000114 ) ;
#4753 = ORIENTED_EDGE ( 'NONE', *, *, #5277, .T. ) ;
#4754 = CC_DESIGN_SECURITY_CLASSIFICATION ( #8354, ( #6106 ) ) ;
#4755 = VECTOR ( 'NONE', #8691, 1000.000000000000000 ) ;
#4756 = ADVANCED_FACE ( 'NONE', ( #9733 ), #6970, .F. ) ;
#4757 = LINE ( 'NONE', #8404, #4808 ) ;
#4758 = LINE ( 'NONE', #8092, #8710 ) ;
#4759 = ORIENTED_EDGE ( 'NONE', *, *, #11284, .F. ) ;
#4760 = EDGE_LOOP ( 'NONE', ( #10527, #647, #2779, #8960 ) ) ;
#4761 = DIRECTION ( 'NONE',  ( 1.147978770867005115E-16, -1.000000000000000000, 0.000000000000000000 ) ) ;
#4762 = EDGE_CURVE ( 'NONE', #9604, #10876, #9603, .T. ) ;
#4763 = LINE ( 'NONE', #3636, #8907 ) ;
#4764 = CARTESIAN_POINT ( 'NONE',  ( 149.1570784256504396, 47.65707842564984986, -39.65707842565046093 ) ) ;
#4765 = DIRECTION ( 'NONE',  ( -0.7071067811865414665, 0.7071067811865536790, 0.000000000000000000 ) ) ;
#4766 = EDGE_CURVE ( 'NONE', #211, #11771, #5626, .T. ) ;
#4767 = CYLINDRICAL_SURFACE ( 'NONE', #8026, 1.500000000000001332 ) ;
#4768 = AXIS2_PLACEMENT_3D ( 'NONE', #12061, #11893, #11013 ) ;
#4769 = LINE ( 'NONE', #7240, #674 ) ;
#4770 = PLANE ( 'NONE',  #5238 ) ;
#4771 = DIRECTION ( 'NONE',  ( -1.000000000000000000, -0.000000000000000000, 0.000000000000000000 ) ) ;
#4772 = LINE ( 'NONE', #4545, #996 ) ;
#4773 = CARTESIAN_POINT ( 'NONE',  ( 5.000000000000004441, 18.30000000000172733, 41.75000000006208012 ) ) ;
#4774 = AXIS2_PLACEMENT_3D ( 'NONE', #2390, #3022, #11748 ) ;
#4775 = VECTOR ( 'NONE', #11496, 999.9999999999998863 ) ;
#4776 = CARTESIAN_POINT ( 'NONE',  ( 1.000000000000004441, 22.85000000000002274, 9.500000000063486993 ) ) ;
#4777 = CARTESIAN_POINT ( 'NONE',  ( 29.00000000000014211, -7.171015750377993700E-32, 10.00000000000003020 ) ) ;
#4778 = ORIENTED_EDGE ( 'NONE', *, *, #10192, .F. ) ;
#4779 = ADVANCED_FACE ( 'NONE', ( #1426 ), #5573, .F. ) ;
#4780 = CARTESIAN_POINT ( 'NONE',  ( 27.50000000000013500, 0.4999999999999848455, 10.00000000000003020 ) ) ;
#4781 = ORIENTED_EDGE ( 'NONE', *, *, #10287, .F. ) ;
#4782 = ORIENTED_EDGE ( 'NONE', *, *, #6466, .F. ) ;
#4783 = DIRECTION ( 'NONE',  ( 0.000000000000000000, 0.000000000000000000, 1.000000000000000000 ) ) ;
#4784 = VECTOR ( 'NONE', #10036, 1000.000000000000000 ) ;
#4785 = ORIENTED_EDGE ( 'NONE', *, *, #5072, .T. ) ;
#4786 = VECTOR ( 'NONE', #7600, 1000.000000000000000 ) ;
#4787 = LINE ( 'NONE', #5206, #8749 ) ;
#4788 = LINE ( 'NONE', #1136, #435 ) ;
#4789 = CARTESIAN_POINT ( 'NONE',  ( 60.00000000000015632, 0.5000000000000125455, 10.00000000000003020 ) ) ;
#4790 = PLANE ( 'NONE',  #2256 ) ;
#4791 = LINE ( 'NONE', #315, #4825 ) ;
#4792 = ORIENTED_EDGE ( 'NONE', *, *, #1176, .F. ) ;
#4793 = CARTESIAN_POINT ( 'NONE',  ( 56.50000000000018474, 0.4999999999999848455, 10.00000000000003020 ) ) ;
#4794 = ORIENTED_EDGE ( 'NONE', *, *, #8212, .F. ) ;
#4795 = LINE ( 'NONE', #8284, #994 ) ;
#4796 = ADVANCED_FACE ( 'NONE', ( #1258 ), #5860, .F. ) ;
#4797 = DIRECTION ( 'NONE',  ( 0.000000000000000000, -1.000000000000000000, 0.000000000000000000 ) ) ;
#4798 = VECTOR ( 'NONE', #7217, 1000.000000000000000 ) ;
#4799 = VERTEX_POINT ( 'NONE', #1791 ) ;
#4800 = EDGE_CURVE ( 'NONE', #4409, #4168, #1446, .T. ) ;
#4801 = DIRECTION ( 'NONE',  ( 0.000000000000000000, 0.000000000000000000, -1.000000000000000000 ) ) ;
#4802 = DIRECTION ( 'NONE',  ( 0.000000000000000000, -1.000000000000000000, 0.000000000000000000 ) ) ;
#4803 = ORIENTED_EDGE ( 'NONE', *, *, #12348, .F. ) ;
#4804 = EDGE_CURVE ( 'NONE', #5228, #4734, #1275, .T. ) ;
#4805 = VECTOR ( 'NONE', #11890, 1000.000000000000000 ) ;
#4806 = DIRECTION ( 'NONE',  ( 0.000000000000000000, -1.000000000000000000, 0.000000000000000000 ) ) ;
#4807 = CARTESIAN_POINT ( 'NONE',  ( 94.00000000000022737, 10.00000000000000000, 10.00000000000003020 ) ) ;
#4808 = VECTOR ( 'NONE', #3917, 1000.000000000000227 ) ;
#4809 = DIRECTION ( 'NONE',  ( 1.000000000000000000, 0.000000000000000000, 0.000000000000000000 ) ) ;
#4810 = AXIS2_PLACEMENT_3D ( 'NONE', #3816, #839, #1561 ) ;
#4811 = EDGE_LOOP ( 'NONE', ( #10922, #7567, #2734, #11950, #3433 ) ) ;
#4812 = EDGE_LOOP ( 'NONE', ( #1428, #3151, #6625, #1057 ) ) ;
#4813 = LINE ( 'NONE', #4111, #4826 ) ;
#4814 = CARTESIAN_POINT ( 'NONE',  ( -0.9999999999999972244, 35.49999999999998579, 65.09999999999999432 ) ) ;
#4815 = ORIENTED_EDGE ( 'NONE', *, *, #6948, .F. ) ;
#4816 = DIRECTION ( 'NONE',  ( 0.000000000000000000, 0.000000000000000000, -1.000000000000000000 ) ) ;
#4817 = EDGE_LOOP ( 'NONE', ( #1818, #2374, #10266, #10740, #10414 ) ) ;
#4818 = AXIS2_PLACEMENT_3D ( 'NONE', #11365, #8731, #5765 ) ;
#4819 = LINE ( 'NONE', #10550, #8589 ) ;
#4820 = FACE_OUTER_BOUND ( 'NONE', #1152, .T. ) ;
#4821 = ORIENTED_EDGE ( 'NONE', *, *, #6064, .T. ) ;
#4822 = DIRECTION ( 'NONE',  ( 2.855511894612032274E-16, 0.000000000000000000, -1.000000000000000000 ) ) ;
#4823 = CARTESIAN_POINT ( 'NONE',  ( 105.5000000000000284, 5.999999999999988454, 2.000000000000000000 ) ) ;
#4824 = EDGE_CURVE ( 'NONE', #10773, #8601, #5659, .T. ) ;
#4825 = VECTOR ( 'NONE', #6240, 1000.000000000000000 ) ;
#4826 = VECTOR ( 'NONE', #10637, 1000.000000000000000 ) ;
#4827 = EDGE_CURVE ( 'NONE', #11343, #6077, #5336, .T. ) ;
#4828 = AXIS2_PLACEMENT_3D ( 'NONE', #9213, #11093, #3328 ) ;
#4829 = ORIENTED_EDGE ( 'NONE', *, *, #1485, .T. ) ;
#4830 = ORIENTED_EDGE ( 'NONE', *, *, #12251, .F. ) ;
#4831 = LINE ( 'NONE', #1969, #9088 ) ;
#4832 = CARTESIAN_POINT ( 'NONE',  ( 0.4999999999999735767, 55.49999999999999289, 53.79999999999999716 ) ) ;
#4833 = EDGE_CURVE ( 'NONE', #9244, #844, #9756, .T. ) ;
#4834 = CARTESIAN_POINT ( 'NONE',  ( 0.5000000000000067724, 5.976103477970288337E-17, 0.000000000000000000 ) ) ;
#4835 = DIRECTION ( 'NONE',  ( 0.000000000000000000, 0.000000000000000000, 1.000000000000000000 ) ) ;
#4836 = VECTOR ( 'NONE', #5459, 1000.000000000000000 ) ;
#4837 = CARTESIAN_POINT ( 'NONE',  ( 5.000000000000001776, 49.50000000000002132, 64.59999999999993747 ) ) ;
#4838 = CARTESIAN_POINT ( 'NONE',  ( 0.4999999999999735767, 55.49999999999999289, 52.09999999999999432 ) ) ;
#4839 = ORIENTED_EDGE ( 'NONE', *, *, #10473, .F. ) ;
#4840 = CARTESIAN_POINT ( 'NONE',  ( 44.00000000000018474, 3.000000000000000000, -122.9712352769500541 ) ) ;
#4841 = FACE_OUTER_BOUND ( 'NONE', #8677, .T. ) ;
#4842 = AXIS2_PLACEMENT_3D ( 'NONE', #6560, #7531, #6017 ) ;
#4843 = ORIENTED_EDGE ( 'NONE', *, *, #10342, .F. ) ;
#4844 = ORIENTED_EDGE ( 'NONE', *, *, #10123, .T. ) ;
#4845 = ADVANCED_FACE ( 'NONE', ( #9550 ), #1543, .F. ) ;
#4846 = DIRECTION ( 'NONE',  ( -0.7071067811865536790, -0.7071067811865414665, -0.000000000000000000 ) ) ;
#4847 = CIRCLE ( 'NONE', #9785, 1.500000000000015099 ) ;
#4848 = ORIENTED_EDGE ( 'NONE', *, *, #354, .F. ) ;
#4849 = FACE_OUTER_BOUND ( 'NONE', #9251, .T. ) ;
#4850 = PLANE ( 'NONE',  #8303 ) ;
#4851 = ORIENTED_EDGE ( 'NONE', *, *, #11028, .F. ) ;
#4852 = EDGE_CURVE ( 'NONE', #2450, #12088, #1589, .T. ) ;
#4853 = DIRECTION ( 'NONE',  ( 0.000000000000000000, -0.7071067811865410224, -0.7071067811865540120 ) ) ;
#4854 = LINE ( 'NONE', #599, #1020 ) ;
#4855 = LINE ( 'NONE', #9260, #808 ) ;
#4856 = CARTESIAN_POINT ( 'NONE',  ( 1.000000000000005107, 17.15000000000001990, 9.000000000063492323 ) ) ;
#4857 = CARTESIAN_POINT ( 'NONE',  ( 0.5000000000000027756, 35.49999999999998579, 64.59999999999999432 ) ) ;
#4858 = FACE_OUTER_BOUND ( 'NONE', #4989, .T. ) ;
#4859 = EDGE_CURVE ( 'NONE', #4466, #5893, #9820, .T. ) ;
#4860 = CONICAL_SURFACE ( 'NONE', #10516, 1.500000000000008216, 0.7853981633974430610 ) ;
#4861 = ORIENTED_EDGE ( 'NONE', *, *, #4406, .F. ) ;
#4862 = LINE ( 'NONE', #10337, #5004 ) ;
#4863 = DIRECTION ( 'NONE',  ( 0.000000000000000000, 0.7071067811865536790, 0.7071067811865414665 ) ) ;
#4864 = EDGE_CURVE ( 'NONE', #416, #2511, #10113, .T. ) ;
#4865 = AXIS2_PLACEMENT_3D ( 'NONE', #11543, #11460, #6028 ) ;
#4866 = DIRECTION ( 'NONE',  ( -1.000000000000000000, 0.000000000000000000, 0.000000000000000000 ) ) ;
#4867 = DIRECTION ( 'NONE',  ( -9.038361193080925096E-17, 0.7071067811865460184, 0.7071067811865490160 ) ) ;
#4868 = DIRECTION ( 'NONE',  ( -0.7071067811865525687, -0.000000000000000000, -0.7071067811865425767 ) ) ;
#4869 = LINE ( 'NONE', #9000, #8813 ) ;
#4870 = ADVANCED_FACE ( 'NONE', ( #1834 ), #2785, .F. ) ;
#4871 = CARTESIAN_POINT ( 'NONE',  ( 3.000000000000005329, 17.15000000000001990, 2.750000000064023897 ) ) ;
#4872 = VERTEX_POINT ( 'NONE', #6797 ) ;
#4873 = PLANE ( 'NONE',  #11784 ) ;
#4874 = CIRCLE ( 'NONE', #3135, 1.700000000000000178 ) ;
#4875 = CIRCLE ( 'NONE', #228, 1.700000000000000178 ) ;
#4876 = FACE_OUTER_BOUND ( 'NONE', #4136, .T. ) ;
#4877 = EDGE_LOOP ( 'NONE', ( #6860, #11556, #2803, #7835 ) ) ;
#4878 = VECTOR ( 'NONE', #9821, 1000.000000000000000 ) ;
#4879 = DIRECTION ( 'NONE',  ( 8.195446571860579663E-34, -1.000000000000000000, -0.000000000000000000 ) ) ;
#4880 = EDGE_CURVE ( 'NONE', #12122, #6678, #2237, .T. ) ;
#4881 = DIRECTION ( 'NONE',  ( 1.000000000000000000, 0.000000000000000000, 0.000000000000000000 ) ) ;
#4882 = ORIENTED_EDGE ( 'NONE', *, *, #8268, .T. ) ;
#4883 = AXIS2_PLACEMENT_3D ( 'NONE', #10727, #8139, #5148 ) ;
#4884 = DIRECTION ( 'NONE',  ( -0.000000000000000000, -0.7071067811865451302, -0.7071067811865500152 ) ) ;
#4885 = ORIENTED_EDGE ( 'NONE', *, *, #12120, .T. ) ;
#4886 = DIRECTION ( 'NONE',  ( 0.000000000000000000, -1.000000000000000000, 0.000000000000000000 ) ) ;
#4887 = DIRECTION ( 'NONE',  ( 0.000000000000000000, 1.000000000000000000, 0.000000000000000000 ) ) ;
#4888 = APPROVAL ( #2602, 'UNSPECIFIED' ) ;
#4889 = VERTEX_POINT ( 'NONE', #3020 ) ;
#4890 = DIRECTION ( 'NONE',  ( 0.000000000000000000, -0.000000000000000000, 1.000000000000000000 ) ) ;
#4891 = ADVANCED_FACE ( 'NONE', ( #11204 ), #7054, .F. ) ;
#4892 = VECTOR ( 'NONE', #1438, 1000.000000000000000 ) ;
#4893 = VECTOR ( 'NONE', #9031, 1000.000000000000000 ) ;
#4894 = CARTESIAN_POINT ( 'NONE',  ( 5.000000000000000888, 49.50000000000002132, 42.09999999999994458 ) ) ;
#4895 = EDGE_LOOP ( 'NONE', ( #975, #5619, #1316, #10073 ) ) ;
#4896 = DIRECTION ( 'NONE',  ( -0.6785983445458531049, -0.2810846377148026320, -0.6785983445458483310 ) ) ;
#4897 = CIRCLE ( 'NONE', #8854, 2.199999999999979750 ) ;
#4898 = FACE_OUTER_BOUND ( 'NONE', #10643, .T. ) ;
#4899 = ORIENTED_EDGE ( 'NONE', *, *, #8884, .T. ) ;
#4900 = ORIENTED_EDGE ( 'NONE', *, *, #1558, .T. ) ;
#4901 = EDGE_CURVE ( 'NONE', #412, #3764, #6861, .T. ) ;
#4902 = DIRECTION ( 'NONE',  ( -8.195446571860579663E-34, 1.000000000000000000, -0.000000000000000000 ) ) ;
#4903 = ORIENTED_EDGE ( 'NONE', *, *, #153, .F. ) ;
#4904 = EDGE_CURVE ( 'NONE', #8341, #904, #11344, .T. ) ;
#4905 = AXIS2_PLACEMENT_3D ( 'NONE', #5034, #4868, #1260 ) ;
#4906 = ORIENTED_EDGE ( 'NONE', *, *, #8729, .F. ) ;
#4907 = ORIENTED_EDGE ( 'NONE', *, *, #6209, .T. ) ;
#4908 = DIRECTION ( 'NONE',  ( 2.855511894612032274E-16, 2.340219516760528775E-49, 1.000000000000000000 ) ) ;
#4909 = AXIS2_PLACEMENT_3D ( 'NONE', #12353, #5715, #11471 ) ;
#4910 = ORIENTED_EDGE ( 'NONE', *, *, #10406, .T. ) ;
#4911 = CARTESIAN_POINT ( 'NONE',  ( 6.000000000000000888, 59.49999999999997868, -9.499999999999996447 ) ) ;
#4912 = VECTOR ( 'NONE', #5143, 1000.000000000000000 ) ;
#4913 = CARTESIAN_POINT ( 'NONE',  ( 5.500000000000000000, 54.50000000000000711, -9.499999999999996447 ) ) ;
#4914 = FACE_OUTER_BOUND ( 'NONE', #2364, .T. ) ;
#4915 = LINE ( 'NONE', #6149, #5152 ) ;
#4916 = ORIENTED_EDGE ( 'NONE', *, *, #2192, .F. ) ;
#4917 = CARTESIAN_POINT ( 'NONE',  ( 50.00000000000015632, 0.5000000000000195399, 58.59999999999996589 ) ) ;
#4918 = CARTESIAN_POINT ( 'NONE',  ( 112.9999999999999858, 4.500000000000013323, -10.00000000000000000 ) ) ;
#4919 = CIRCLE ( 'NONE', #4709, 2.000000000000029310 ) ;
#4920 = VERTEX_POINT ( 'NONE', #1037 ) ;
#4921 = CARTESIAN_POINT ( 'NONE',  ( 14.00000000000000533, 53.50000000000000711, 0.000000000000000000 ) ) ;
#4922 = ORIENTED_EDGE ( 'NONE', *, *, #5399, .F. ) ;
#4923 = LINE ( 'NONE', #2153, #9104 ) ;
#4924 = EDGE_CURVE ( 'NONE', #9514, #9027, #6930, .T. ) ;
#4925 = CARTESIAN_POINT ( 'NONE',  ( 66.00000000000014211, 3.000000000000000000, 58.59999999999996589 ) ) ;
#4926 = DIRECTION ( 'NONE',  ( 0.000000000000000000, -1.000000000000000000, 0.000000000000000000 ) ) ;
#4927 = CARTESIAN_POINT ( 'NONE',  ( 9.000000000000005329, 21.70000000000172946, 41.75000000006208012 ) ) ;
#4928 = DIRECTION ( 'NONE',  ( 1.000000000000000000, 1.147978770867005115E-16, -7.741153488987293474E-48 ) ) ;
#4929 = ORIENTED_EDGE ( 'NONE', *, *, #11155, .F. ) ;
#4930 = EDGE_CURVE ( 'NONE', #11771, #7595, #11066, .T. ) ;
#4931 = CARTESIAN_POINT ( 'NONE',  ( 53.50000000000016342, 2.499999999999970246, 10.00000000000003020 ) ) ;
#4932 = VERTEX_POINT ( 'NONE', #347 ) ;
#4933 = ORIENTED_EDGE ( 'NONE', *, *, #6313, .T. ) ;
#4934 = LINE ( 'NONE', #10697, #5043 ) ;
#4935 = ORIENTED_EDGE ( 'NONE', *, *, #4904, .T. ) ;
#4936 = VECTOR ( 'NONE', #309, 1000.000000000000000 ) ;
#4937 = CARTESIAN_POINT ( 'NONE',  ( 76.00000000000018474, 2.499999999999976907, 58.59999999999996589 ) ) ;
#4938 = CONICAL_SURFACE ( 'NONE', #4137, 1.700000000000000178, 0.7853981633974537191 ) ;
#4939 = AXIS2_PLACEMENT_3D ( 'NONE', #3693, #8516, #2836 ) ;
#4940 = LINE ( 'NONE', #11779, #934 ) ;
#4941 = ORIENTED_EDGE ( 'NONE', *, *, #9368, .F. ) ;
#4942 = EDGE_CURVE ( 'NONE', #1659, #10872, #10924, .T. ) ;
#4943 = CARTESIAN_POINT ( 'NONE',  ( 105.5000000000000284, 9.999999999999998224, -10.00000000000000000 ) ) ;
#4944 = DIRECTION ( 'NONE',  ( 0.000000000000000000, 1.000000000000000000, 0.000000000000000000 ) ) ;
#4945 = CARTESIAN_POINT ( 'NONE',  ( 42.00000000000015632, 0.5000000000000125455, 10.00000000000003020 ) ) ;
#4946 = CARTESIAN_POINT ( 'NONE',  ( 113.5000000000000000, 6.000000000000007105, 69.09999999999998010 ) ) ;
#4947 = ADVANCED_FACE ( 'NONE', ( #11794 ), #4019, .T. ) ;
#4948 = DIRECTION ( 'NONE',  ( 8.195446571860579663E-34, -1.000000000000000000, -0.000000000000000000 ) ) ;
#4949 = VERTEX_POINT ( 'NONE', #7728 ) ;
#4950 = CARTESIAN_POINT ( 'NONE',  ( 5.000000000000000888, 57.19999999999999574, 52.09999999999999432 ) ) ;
#4951 = EDGE_LOOP ( 'NONE', ( #3533, #6709, #9665, #9421 ) ) ;
#4952 = EDGE_CURVE ( 'NONE', #940, #407, #11776, .T. ) ;
#4953 = FACE_OUTER_BOUND ( 'NONE', #812, .T. ) ;
#4954 = CARTESIAN_POINT ( 'NONE',  ( 107.5000000000000284, 13.00000000000000000, 4.500000000000003553 ) ) ;
#4955 = DIRECTION ( 'NONE',  ( 1.000000000000000000, 1.141265444721583018E-16, -5.866014694162371451E-32 ) ) ;
#4956 = ORIENTED_EDGE ( 'NONE', *, *, #11749, .F. ) ;
#4957 = LINE ( 'NONE', #9832, #862 ) ;
#4958 = AXIS2_PLACEMENT_3D ( 'NONE', #204, #6215, #9946 ) ;
#4959 = FACE_OUTER_BOUND ( 'NONE', #6168, .T. ) ;
#4960 = VECTOR ( 'NONE', #396, 1000.000000000000000 ) ;
#4961 = VERTEX_POINT ( 'NONE', #11530 ) ;
#4962 = VECTOR ( 'NONE', #8702, 1000.000000000000000 ) ;
#4963 = DIRECTION ( 'NONE',  ( 1.000000000000000000, 8.195446571860577953E-34, 0.000000000000000000 ) ) ;
#4964 = DIRECTION ( 'NONE',  ( 0.000000000000000000, -1.000000000000000000, 0.000000000000000000 ) ) ;
#4965 = ORIENTED_EDGE ( 'NONE', *, *, #12223, .F. ) ;
#4966 = FACE_OUTER_BOUND ( 'NONE', #7789, .T. ) ;
#4967 = VECTOR ( 'NONE', #558, 1000.000000000000000 ) ;
#4968 = VERTEX_POINT ( 'NONE', #2072 ) ;
#4969 = EDGE_LOOP ( 'NONE', ( #8565, #8153, #2950, #2848 ) ) ;
#4970 = DIRECTION ( 'NONE',  ( -2.855511894612032274E-16, -2.340219516760528775E-49, -1.000000000000000000 ) ) ;
#4971 = AXIS2_PLACEMENT_3D ( 'NONE', #2769, #11165, #681 ) ;
#4972 = ADVANCED_FACE ( 'NONE', ( #3395 ), #1973, .F. ) ;
#4973 = DIRECTION ( 'NONE',  ( 0.000000000000000000, 0.000000000000000000, -1.000000000000000000 ) ) ;
#4974 = EDGE_CURVE ( 'NONE', #8568, #1082, #11709, .T. ) ;
#4975 = ORIENTED_EDGE ( 'NONE', *, *, #9489, .F. ) ;
#4976 = ORIENTED_EDGE ( 'NONE', *, *, #961, .T. ) ;
#4977 = CARTESIAN_POINT ( 'NONE',  ( -0.9999999999999986677, 49.49999999999998579, 69.09999999999998010 ) ) ;
#4978 = DIRECTION ( 'NONE',  ( 0.000000000000000000, -1.000000000000000000, 0.000000000000000000 ) ) ;
#4979 = VERTEX_POINT ( 'NONE', #9019 ) ;
#4980 = CONICAL_SURFACE ( 'NONE', #7999, 1.500000000000022204, 0.7853981633974431720 ) ;
#4981 = FACE_OUTER_BOUND ( 'NONE', #10728, .T. ) ;
#4982 = EDGE_CURVE ( 'NONE', #6992, #5955, #11732, .T. ) ;
#4983 = DIRECTION ( 'NONE',  ( 0.000000000000000000, 0.000000000000000000, -1.000000000000000000 ) ) ;
#4984 = DIRECTION ( 'NONE',  ( 0.000000000000000000, -1.000000000000000000, 0.000000000000000000 ) ) ;
#4985 = DIRECTION ( 'NONE',  ( -0.000000000000000000, 1.000000000000000000, -0.000000000000000000 ) ) ;
#4986 = CARTESIAN_POINT ( 'NONE',  ( 66.50000000000018474, 2.499999999999963141, 10.00000000000003020 ) ) ;
#4987 = DIRECTION ( 'NONE',  ( -0.7071067811865584529, -9.038361193081085334E-17, -0.7071067811865365815 ) ) ;
#4988 = PLANE ( 'NONE',  #11947 ) ;
#4989 = EDGE_LOOP ( 'NONE', ( #3644, #8982, #6115, #11751 ) ) ;
#4990 = EDGE_CURVE ( 'NONE', #2365, #9027, #7501, .T. ) ;
#4991 = EDGE_CURVE ( 'NONE', #2637, #7555, #11603, .T. ) ;
#4992 = CIRCLE ( 'NONE', #34, 2.000000000000029310 ) ;
#4993 = ORIENTED_EDGE ( 'NONE', *, *, #1746, .T. ) ;
#4994 = AXIS2_PLACEMENT_3D ( 'NONE', #3986, #4926, #4631 ) ;
#4995 = ORIENTED_EDGE ( 'NONE', *, *, #1238, .F. ) ;
#4996 = ORIENTED_EDGE ( 'NONE', *, *, #4974, .F. ) ;
#4997 = CARTESIAN_POINT ( 'NONE',  ( -0.5000000000000247580, 35.50000000000179057, 11.50000000006348877 ) ) ;
#4998 = VECTOR ( 'NONE', #2439, 1000.000000000000000 ) ;
#4999 = DIRECTION ( 'NONE',  ( -0.7071067811865376918, -8.117435735382457960E-17, -0.7071067811865574537 ) ) ;
#5000 = ADVANCED_FACE ( 'NONE', ( #3319 ), #243, .T. ) ;
#5001 = CONICAL_SURFACE ( 'NONE', #10058, 1.700000000000000178, 0.7853981633974557175 ) ;
#5002 = LINE ( 'NONE', #2513, #9151 ) ;
#5003 = CARTESIAN_POINT ( 'NONE',  ( 3.999999999999896971, 53.80000000000000426, 22.09999999999999432 ) ) ;
#5004 = VECTOR ( 'NONE', #3549, 999.9999999999998863 ) ;
#5005 = VERTEX_POINT ( 'NONE', #2130 ) ;
#5006 = CARTESIAN_POINT ( 'NONE',  ( 4.999999999999993783, 54.50000000000000711, -10.00000000000000000 ) ) ;
#5007 = DIRECTION ( 'NONE',  ( 0.2810846377148165653, 0.6785983445458383390, -0.6785983445458572128 ) ) ;
#5008 = CARTESIAN_POINT ( 'NONE',  ( 46.50000000000013500, -5.736812600302392114E-32, 10.00000000000003020 ) ) ;
#5009 = CARTESIAN_POINT ( 'NONE',  ( 1.000000000000005329, 33.50000000000178346, 9.500000000063485217 ) ) ;
#5010 = DIRECTION ( 'NONE',  ( 8.653332088726008331E-16, -0.7071067811865521247, -0.7071067811865430208 ) ) ;
#5011 = DIRECTION ( 'NONE',  ( -0.7071067811865414665, 0.7071067811865536790, 0.000000000000000000 ) ) ;
#5012 = DIRECTION ( 'NONE',  ( 0.000000000000000000, 0.000000000000000000, 1.000000000000000000 ) ) ;
#5013 = VERTEX_POINT ( 'NONE', #9632 ) ;
#5014 = ORIENTED_EDGE ( 'NONE', *, *, #10893, .F. ) ;
#5015 = EDGE_CURVE ( 'NONE', #7595, #5794, #11628, .T. ) ;
#5016 = DIRECTION ( 'NONE',  ( 1.000000000000000000, 8.195446571860579663E-34, 0.000000000000000000 ) ) ;
#5017 = ORIENTED_EDGE ( 'NONE', *, *, #9595, .T. ) ;
#5018 = EDGE_CURVE ( 'NONE', #2365, #3067, #3145, .T. ) ;
#5019 = AXIS2_PLACEMENT_3D ( 'NONE', #281, #8897, #1384 ) ;
#5020 = ORIENTED_EDGE ( 'NONE', *, *, #232, .T. ) ;
#5021 = LINE ( 'NONE', #8123, #4836 ) ;
#5022 = CIRCLE ( 'NONE', #1689, 1.699999999999993072 ) ;
#5023 = DIRECTION ( 'NONE',  ( -8.195446571860579663E-34, 1.000000000000000000, 0.000000000000000000 ) ) ;
#5024 = CIRCLE ( 'NONE', #4469, 2.000000000000029310 ) ;
#5025 = ORIENTED_EDGE ( 'NONE', *, *, #6490, .F. ) ;
#5026 = VECTOR ( 'NONE', #4835, 1000.000000000000000 ) ;
#5027 = CARTESIAN_POINT ( 'NONE',  ( 116.5000000000000000, 48.99999999999999289, 66.59999999999999432 ) ) ;
#5028 = DIRECTION ( 'NONE',  ( 0.7071067811865536790, -0.7071067811865414665, 0.000000000000000000 ) ) ;
#5029 = DIRECTION ( 'NONE',  ( 0.7071067811865439090, -0.7071067811865512365, 0.000000000000000000 ) ) ;
#5030 = ORIENTED_EDGE ( 'NONE', *, *, #7007, .T. ) ;
#5031 = CARTESIAN_POINT ( 'NONE',  ( 46.50000000000013500, 3.000000000000000000, 10.00000000000003020 ) ) ;
#5032 = CARTESIAN_POINT ( 'NONE',  ( 105.6251552804630194, 10.00624219734963916, -9.625155280462990959 ) ) ;
#5033 = CLOSED_SHELL ( 'NONE', ( #5751, #6275, #4478, #5310, #10764, #9471, #11479, #5705, #5929, #1002, #10330, #11154, #6145, #10910, #9148, #1873, #9248, #11582, #6626, #9569, #11285, #9862, #3058, #1192, #9449, #9561, #7865, #11796, #10464, #12309, #1341, #6088, #6253, #3990, #7688, #2308, #11657, #6380, #2023, #10940, #2483, #8419, #4972, #3118, #2886, #11720, #10063, #7087, #8764, #9047, #8091, #7809, #7154, #11257, #7310, #6961, #600, #10793, #7058, #4574, #5803, #6878, #3405, #8295, #3009, #6119, #12259, #9892, #4405, #899, #12213, #9701, #5000, #3640, #3175, #8830, #5686, #3794, #8603, #8591, #9377, #7591, #8870, #7984, #10227, #1666, #79, #7529, #5351, #5615, #5711, #9923, #5397, #12278, #1085, #5980, #11823, #8511, #193, #8848, #4610, #9015, #159, #8689, #57, #1755, #424, #4147, #2986, #652, #221, #772, #4756, #9835, #4125, #5583, #887, #6799, #11052, #107, #10534, #12009, #1494, #12358, #9176, #4300, #471, #7422, #3588, #5133, #7613, #12109, #6733, #10378, #3475, #1062, #7487, #6692, #5877, #4525, #7782, #2392, #6462, #4387, #3379, #3091, #5447, #11210, #2332, #4845, #4040, #10690, #11084, #3777, #10251, #12058, #4622, #2134, #2360, #7225, #6989, #548, #2686, #7445, #1972, #1909, #7635, #2813, #9350, #4097, #8317, #1643, #1040, #322, #11315, #4712, #10713, #9610, #3740, #5502, #12079, #5107, #3698, #268, #1846, #5377, #9078, #2057, #8896, #11952, #7891, #9319, #9423, #3566, #2907, #11398, #1170, #8011, #4179, #4267, #2618, #10137, #3886, #5905, #3966, #11102, #8942, #9982, #402, #2165, #3806, #1939, #10480, #838, #10438, #6356, #12160, #3576, #11558, #10815, #2864, #1537, #3204, #2610, #8969, #6308, #5603, #3280, #11504, #8785, #1596, #11688, #3859, #10741, #2111, #8519, #1468, #6604, #17, #5246, #3305, #4891, #3495, #6059, #11351, #4779, #5057, #3909, #8117, #5778, #500, #9544, #6205, #10162, #5492, #3542, #7742, #786, #5278, #10357, #2760, #6491, #11451, #10974, #4014, #1289, #10666, #8561, #1262, #8271, #10584, #6512, #702, #6712, #8410, #6822, #6173, #8224, #3450, #11979, #7507, #11384, #6402, #2592, #2451, #10038, #8389, #2087, #4439, #9951, #11871, #9722, #8068, #1234, #3336, #9225, #1780, #677, #2713, #7019, #4870, #9127, #10273, #7281, #4066, #8359, #9801, #9644, #9678, #8199, #373, #297, #8492, #1723, #3668, #695, #982, #11635, #4704, #10877, #6408, #5165, #1572, #6739, #241, #11901, #5188, #8810, #8040, #3258, #2515, #10491, #1376, #5552, #10564, #11307, #3141, #576, #7840, #7393, #7204, #10847, #6636, #2250, #1312, #9364, #11407, #2566, #10635, #11609, #8707, #11740, #6528, #10283, #4663, #9753, #6936, #5848, #10390, #11848, #8168, #11769, #4331, #12299, #7628, #1825, #7043, #8616, #951, #4796, #11199, #2786, #9273, #6037, #2801, #7179, #6784, #9774, #9264, #1687, #4215, #4501, #2278, #7120, #448, #9483, #7929, #1144, #1108, #11003, #4241, #7338, #4, #4595, #11182, #5468, #5957, #796, #1214, #2191, #9527, #8472, #5087, #10186, #6910, #7717, #1441, #3685, #2953, #6010, #6578, #4684, #7955, #12378, #10088, #3356, #867, #4947, #7912, #1678, #2706, #8659, #747, #5661, #12203, #7537, #8916, #2663, #344, #12187, #1859 ) ) ;
#5034 = CARTESIAN_POINT ( 'NONE',  ( 107.5000000000000284, 50.49999999999998579, 63.59999999999995879 ) ) ;
#5035 = DIRECTION ( 'NONE',  ( -0.000000000000000000, 1.000000000000000000, -0.000000000000000000 ) ) ;
#5036 = CIRCLE ( 'NONE', #4392, 1.699999999999993072 ) ;
#5037 = ORIENTED_EDGE ( 'NONE', *, *, #44, .T. ) ;
#5038 = EDGE_LOOP ( 'NONE', ( #949, #6669, #308, #635 ) ) ;
#5039 = DIRECTION ( 'NONE',  ( 9.912705577010318647E-16, -1.000000000000000000, 0.000000000000000000 ) ) ;
#5040 = EDGE_CURVE ( 'NONE', #5559, #1436, #11545, .T. ) ;
#5041 = DIRECTION ( 'NONE',  ( 1.000000000000000000, 0.000000000000000000, 0.000000000000000000 ) ) ;
#5042 = ORIENTED_EDGE ( 'NONE', *, *, #12194, .T. ) ;
#5044 = ORIENTED_EDGE ( 'NONE', *, *, #9399, .F. ) ;
#5043 = VECTOR ( 'NONE', #1255, 1000.000000000000000 ) ;
#5045 = CARTESIAN_POINT ( 'NONE',  ( 3.000000000000004441, 22.85000000000002274, 9.500000000063486993 ) ) ;
#5046 = DIRECTION ( 'NONE',  ( -1.000000000000000000, -1.147978770867005115E-16, -0.000000000000000000 ) ) ;
#5047 = LINE ( 'NONE', #11330, #9030 ) ;
#5048 = DIRECTION ( 'NONE',  ( 0.000000000000000000, -0.7071067811865512365, -0.7071067811865439090 ) ) ;
#5049 = LINE ( 'NONE', #5604, #9286 ) ;
#5050 = EDGE_CURVE ( 'NONE', #8283, #71, #3490, .T. ) ;
#5051 = AXIS2_PLACEMENT_3D ( 'NONE', #3345, #10043, #2635 ) ;
#5052 = LINE ( 'NONE', #2358, #9033 ) ;
#5053 = CARTESIAN_POINT ( 'NONE',  ( 44.00000000000015632, -5.941698764598904749E-32, 58.59999999999996589 ) ) ;
#5054 = CARTESIAN_POINT ( 'NONE',  ( 6.000000000000000888, 59.49999999999999289, -10.00000000000000000 ) ) ;
#5055 = AXIS2_PLACEMENT_3D ( 'NONE', #233, #1167, #7032 ) ;
#5056 = VECTOR ( 'NONE', #4105, 1000.000000000000000 ) ;
#5057 = ADVANCED_FACE ( 'NONE', ( #7366 ), #7272, .F. ) ;
#5058 = CARTESIAN_POINT ( 'NONE',  ( 37.00000000000014921, 0.5000000000000125455, 10.00000000000003020 ) ) ;
#5059 = DIRECTION ( 'NONE',  ( 0.000000000000000000, 0.7071067811865439090, 0.7071067811865512365 ) ) ;
#5060 = ORIENTED_EDGE ( 'NONE', *, *, #1209, .T. ) ;
#5061 = CARTESIAN_POINT ( 'NONE',  ( 35.50000000000012790, 10.00000000000000000, 58.59999999999996589 ) ) ;
#5063 = DIRECTION ( 'NONE',  ( -1.000000000000000000, -1.124357808503486235E-16, 0.000000000000000000 ) ) ;
#5062 = CARTESIAN_POINT ( 'NONE',  ( 6.000000000000004441, 54.50000000000000711, -10.00000000000000000 ) ) ;
#5064 = DIRECTION ( 'NONE',  ( 0.000000000000000000, 0.000000000000000000, 1.000000000000000000 ) ) ;
#5065 = CARTESIAN_POINT ( 'NONE',  ( 69.50000000000017053, 2.499999999999963141, 58.59999999999996589 ) ) ;
#5066 = PLANE ( 'NONE',  #11814 ) ;
#5067 = ORIENTED_EDGE ( 'NONE', *, *, #9322, .T. ) ;
#5069 = ORIENTED_EDGE ( 'NONE', *, *, #8308, .F. ) ;
#5068 = VECTOR ( 'NONE', #2318, 1000.000000000000000 ) ;
#5070 = DIRECTION ( 'NONE',  ( -8.195446571860579663E-34, 1.000000000000000000, -0.000000000000000000 ) ) ;
#5071 = EDGE_LOOP ( 'NONE', ( #7335, #11812, #6413, #707, #252 ) ) ;
#5072 = EDGE_CURVE ( 'NONE', #6506, #3198, #7541, .T. ) ;
#5073 = FACE_BOUND ( 'NONE', #7193, .T. ) ;
#5074 = CARTESIAN_POINT ( 'NONE',  ( 116.8814871396610471, 1.841982852881502986, -9.118512860338951143 ) ) ;
#5075 = DIRECTION ( 'NONE',  ( 0.000000000000000000, 0.000000000000000000, 1.000000000000000000 ) ) ;
#5076 = DIRECTION ( 'NONE',  ( 1.278217298088174232E-16, -1.000000000000000000, 0.000000000000000000 ) ) ;
#5077 = DIRECTION ( 'NONE',  ( -1.000000000000000000, -1.147978770867005115E-16, -0.000000000000000000 ) ) ;
#5078 = EDGE_CURVE ( 'NONE', #9857, #1611, #11647, .T. ) ;
#5079 = CARTESIAN_POINT ( 'NONE',  ( 5.000000000000007105, 3.000000000000000000, 63.59999999999995879 ) ) ;
#5080 = DIRECTION ( 'NONE',  ( 0.000000000000000000, -1.000000000000000000, 0.000000000000000000 ) ) ;
#5081 = AXIS2_PLACEMENT_3D ( 'NONE', #1629, #4539, #593 ) ;
#5082 = FACE_OUTER_BOUND ( 'NONE', #4184, .T. ) ;
#5083 = CARTESIAN_POINT ( 'NONE',  ( 106.0000000000000142, 13.00000000000000000, -9.499999999999996447 ) ) ;
#5084 = AXIS2_PLACEMENT_3D ( 'NONE', #2494, #9179, #1738 ) ;
#5085 = ORIENTED_EDGE ( 'NONE', *, *, #3535, .T. ) ;
#5086 = LINE ( 'NONE', #8334, #5102 ) ;
#5087 = ADVANCED_FACE ( 'NONE', ( #7659 ), #511, .T. ) ;
#5088 = ORIENTED_EDGE ( 'NONE', *, *, #3250, .T. ) ;
#5089 = ORIENTED_EDGE ( 'NONE', *, *, #10209, .T. ) ;
#5090 = CARTESIAN_POINT ( 'NONE',  ( 4.999999999999991118, 122.8391710291008820, -50.63206424784939941 ) ) ;
#5091 = LINE ( 'NONE', #10097, #9092 ) ;
#5092 = FACE_OUTER_BOUND ( 'NONE', #7244, .T. ) ;
#5093 = EDGE_CURVE ( 'NONE', #9363, #46, #3215, .T. ) ;
#5094 = DIRECTION ( 'NONE',  ( -1.000000000000000000, -8.195446571860579663E-34, 2.855511894612032274E-16 ) ) ;
#5095 = LINE ( 'NONE', #4764, #9097 ) ;
#5096 = CARTESIAN_POINT ( 'NONE',  ( 14.50000000000002665, 0.4999999999999813483, 10.00000000000003020 ) ) ;
#5097 = LINE ( 'NONE', #4384, #513 ) ;
#5098 = DIRECTION ( 'NONE',  ( 0.000000000000000000, 0.000000000000000000, -1.000000000000000000 ) ) ;
#5099 = CARTESIAN_POINT ( 'NONE',  ( 50.50000000000017053, 3.000000000000000000, 58.59999999999996589 ) ) ;
#5100 = DIRECTION ( 'NONE',  ( 0.000000000000000000, -0.7071067811865505703, -0.7071067811865444641 ) ) ;
#5101 = AXIS2_PLACEMENT_3D ( 'NONE', #3742, #11435, #6481 ) ;
#5102 = VECTOR ( 'NONE', #474, 1000.000000000000000 ) ;
#5103 = ORIENTED_EDGE ( 'NONE', *, *, #12175, .T. ) ;
#5104 = ORIENTED_EDGE ( 'NONE', *, *, #4128, .T. ) ;
#5105 = EDGE_CURVE ( 'NONE', #10184, #5429, #7566, .T. ) ;
#5106 = ORIENTED_EDGE ( 'NONE', *, *, #4293, .F. ) ;
#5107 = ADVANCED_FACE ( 'NONE', ( #11382, #11461 ), #1038, .T. ) ;
#5108 = DIRECTION ( 'NONE',  ( -0.6785983445458413366, 0.6785983445458509955, -0.2810846377148242814 ) ) ;
#5109 = LINE ( 'NONE', #31, #1023 ) ;
#5110 = CYLINDRICAL_SURFACE ( 'NONE', #1830, 1.699999999999993072 ) ;
#5111 = DIRECTION ( 'NONE',  ( 1.000000000000000000, 0.000000000000000000, 0.000000000000000000 ) ) ;
#5112 = LINE ( 'NONE', #7598, #9315 ) ;
#5113 = FACE_OUTER_BOUND ( 'NONE', #10284, .T. ) ;
#5114 = VECTOR ( 'NONE', #5662, 1000.000000000000000 ) ;
#5115 = CARTESIAN_POINT ( 'NONE',  ( 9.000000000000003553, 33.50000000000178346, 9.500000000063488770 ) ) ;
#5116 = CARTESIAN_POINT ( 'NONE',  ( 98.50000000000015632, 3.000000000000000000, -122.9712352769500825 ) ) ;
#5117 = DIRECTION ( 'NONE',  ( 0.000000000000000000, -0.000000000000000000, 1.000000000000000000 ) ) ;
#5118 = EDGE_CURVE ( 'NONE', #11371, #3132, #3262, .T. ) ;
#5119 = VECTOR ( 'NONE', #10798, 1000.000000000000000 ) ;
#5120 = CARTESIAN_POINT ( 'NONE',  ( 17.50000000000021672, 2.499999999999987566, 58.59999999999996589 ) ) ;
#5121 = LINE ( 'NONE', #7940, #5166 ) ;
#5122 = CIRCLE ( 'NONE', #5523, 1.500000000000029088 ) ;
#5123 = DIRECTION ( 'NONE',  ( 0.000000000000000000, -1.000000000000000000, 0.000000000000000000 ) ) ;
#5124 = AXIS2_PLACEMENT_3D ( 'NONE', #12220, #10439, #3641 ) ;
#5125 = CARTESIAN_POINT ( 'NONE',  ( 100.5000000000002274, 0.5000000000000056621, 10.00000000000003020 ) ) ;
#5126 =( NAMED_UNIT ( * ) PLANE_ANGLE_UNIT ( ) SI_UNIT ( $, .RADIAN. ) );
#5127 = ORIENTED_EDGE ( 'NONE', *, *, #10920, .F. ) ;
#5128 = CIRCLE ( 'NONE', #5937, 2.000000000000112799 ) ;
#5129 = FACE_OUTER_BOUND ( 'NONE', #3550, .T. ) ;
#5130 = DIRECTION ( 'NONE',  ( 0.000000000000000000, 0.000000000000000000, -1.000000000000000000 ) ) ;
#5131 = ORIENTED_EDGE ( 'NONE', *, *, #2726, .F. ) ;
#5132 = LINE ( 'NONE', #6776, #1043 ) ;
#5133 = ADVANCED_FACE ( 'NONE', ( #3510 ), #4767, .F. ) ;
#5134 = DIRECTION ( 'NONE',  ( 0.000000000000000000, -1.000000000000000000, 0.000000000000000000 ) ) ;
#5135 = AXIS2_PLACEMENT_3D ( 'NONE', #5475, #12210, #11484 ) ;
#5136 = ORIENTED_EDGE ( 'NONE', *, *, #5118, .T. ) ;
#5137 = DIRECTION ( 'NONE',  ( -2.855511894612032274E-16, 0.000000000000000000, 1.000000000000000000 ) ) ;
#5138 = ORIENTED_EDGE ( 'NONE', *, *, #4687, .F. ) ;
#5139 = EDGE_CURVE ( 'NONE', #4000, #4007, #8822, .T. ) ;
#5140 = DIRECTION ( 'NONE',  ( 0.7071067811865536790, -0.7071067811865414665, 0.000000000000000000 ) ) ;
#5142 = DIRECTION ( 'NONE',  ( 0.000000000000000000, 0.000000000000000000, -1.000000000000000000 ) ) ;
#5141 = DIRECTION ( 'NONE',  ( -8.117435735382690921E-17, 0.7071067811865578978, 0.7071067811865372477 ) ) ;
#5143 = DIRECTION ( 'NONE',  ( 0.7071067811865439090, 0.7071067811865512365, 0.000000000000000000 ) ) ;
#5144 = CARTESIAN_POINT ( 'NONE',  ( 27.00000000000010303, 3.000000000000000000, -122.9712352769500541 ) ) ;
#5145 = ORIENTED_EDGE ( 'NONE', *, *, #5469, .F. ) ;
#5146 = VERTEX_POINT ( 'NONE', #9925 ) ;
#5147 = ORIENTED_EDGE ( 'NONE', *, *, #9161, .F. ) ;
#5148 = DIRECTION ( 'NONE',  ( -0.7071067811865520136, -0.7071067811865430208, 0.000000000000000000 ) ) ;
#5149 = PLANE ( 'NONE',  #9230 ) ;
#5150 = FACE_OUTER_BOUND ( 'NONE', #5825, .T. ) ;
#5151 = VECTOR ( 'NONE', #11108, 1000.000000000000000 ) ;
#5152 = VECTOR ( 'NONE', #8090, 1000.000000000000000 ) ;
#5153 = CARTESIAN_POINT ( 'NONE',  ( 2.000000000000000444, 52.49999999999998579, 49.24999999999999289 ) ) ;
#5154 = ORIENTED_EDGE ( 'NONE', *, *, #5349, .F. ) ;
#5155 = EDGE_CURVE ( 'NONE', #10969, #6142, #4819, .T. ) ;
#5156 = DIRECTION ( 'NONE',  ( 0.000000000000000000, 0.000000000000000000, -1.000000000000000000 ) ) ;
#5157 = CARTESIAN_POINT ( 'NONE',  ( 7.000000000000000000, 53.50000000000000000, 69.09999999999999432 ) ) ;
#5158 = LINE ( 'NONE', #10935, #5200 ) ;
#5159 = DIRECTION ( 'NONE',  ( 0.7071067811865439090, 0.7071067811865512365, 0.000000000000000000 ) ) ;
#5160 = EDGE_LOOP ( 'NONE', ( #6467, #6258, #10307, #10991 ) ) ;
#5161 = ORIENTED_EDGE ( 'NONE', *, *, #11999, .T. ) ;
#5162 = PLANE ( 'NONE',  #4768 ) ;
#5163 = CYLINDRICAL_SURFACE ( 'NONE', #11540, 1.700000000000000178 ) ;
#5164 = AXIS2_PLACEMENT_3D ( 'NONE', #6596, #5698, #9419 ) ;
#5165 = ADVANCED_FACE ( 'NONE', ( #591 ), #4860, .F. ) ;
#5166 = VECTOR ( 'NONE', #8864, 1000.000000000000000 ) ;
#5167 = PLANE ( 'NONE',  #9583 ) ;
#5168 = DIRECTION ( 'NONE',  ( 9.856383386231948807E-17, -1.000000000000000000, 0.000000000000000000 ) ) ;
#5169 = CONICAL_SURFACE ( 'NONE', #6848, 1.500000000000091482, 0.7853981633974430610 ) ;
#5170 = CARTESIAN_POINT ( 'NONE',  ( 9.000000000000005329, 20.00000000000002132, 5.750000000064023453 ) ) ;
#5171 = DIRECTION ( 'NONE',  ( -7.138779736530080685E-17, 0.000000000000000000, 1.000000000000000000 ) ) ;
#5172 = VECTOR ( 'NONE', #7346, 1000.000000000000000 ) ;
#5173 = VECTOR ( 'NONE', #10696, 1000.000000000000000 ) ;
#5174 = CARTESIAN_POINT ( 'NONE',  ( 5.000000000000007105, 3.000000000000000000, 5.000000000000031974 ) ) ;
#5175 = EDGE_LOOP ( 'NONE', ( #3900, #3432, #423, #11580 ) ) ;
#5176 = CARTESIAN_POINT ( 'NONE',  ( 14.00000000000000533, 54.00000000000000711, 0.000000000000000000 ) ) ;
#5177 = ORIENTED_EDGE ( 'NONE', *, *, #9203, .F. ) ;
#5178 = CARTESIAN_POINT ( 'NONE',  ( 48.50000000000014921, 2.499999999999976907, 58.59999999999996589 ) ) ;
#5179 = DIRECTION ( 'NONE',  ( 0.000000000000000000, -1.000000000000000000, 0.000000000000000000 ) ) ;
#5180 = EDGE_CURVE ( 'NONE', #5826, #19, #4957, .T. ) ;
#5181 = PLANE ( 'NONE',  #8190 ) ;
#5182 = CONICAL_SURFACE ( 'NONE', #5669, 2.000000000000043521, 0.7853981633974396193 ) ;
#5183 = EDGE_CURVE ( 'NONE', #6865, #5774, #5629, .T. ) ;
#5184 = CARTESIAN_POINT ( 'NONE',  ( -0.5000000000000247580, 33.50000000000178346, 9.500000000063488770 ) ) ;
#5185 = AXIS2_PLACEMENT_3D ( 'NONE', #6029, #2260, #4118 ) ;
#5186 = DIRECTION ( 'NONE',  ( 7.138779736530080685E-17, 5.850548791901321936E-50, -1.000000000000000000 ) ) ;
#5187 = DIRECTION ( 'NONE',  ( -8.195446571860579663E-34, 1.000000000000000000, -0.000000000000000000 ) ) ;
#5188 = ADVANCED_FACE ( 'NONE', ( #9535 ), #1201, .F. ) ;
#5189 = PLANE ( 'NONE',  #3446 ) ;
#5190 = DIRECTION ( 'NONE',  ( 8.195446571860579663E-34, -1.000000000000000000, 0.000000000000000000 ) ) ;
#5191 = PLANE ( 'NONE',  #3000 ) ;
#5192 = EDGE_LOOP ( 'NONE', ( #1860, #6538, #7655, #11306 ) ) ;
#5193 = CIRCLE ( 'NONE', #1722, 2.200000000000017941 ) ;
#5194 = ORIENTED_EDGE ( 'NONE', *, *, #9810, .F. ) ;
#5195 = EDGE_LOOP ( 'NONE', ( #7596, #9703, #8918, #11942 ) ) ;
#5196 = FACE_OUTER_BOUND ( 'NONE', #3705, .T. ) ;
#5197 = PLANE ( 'NONE',  #512 ) ;
#5198 = EDGE_LOOP ( 'NONE', ( #5313, #8658, #880 ) ) ;
#5199 = LINE ( 'NONE', #8595, #9309 ) ;
#5200 = VECTOR ( 'NONE', #2106, 1000.000000000000114 ) ;
#5201 = CARTESIAN_POINT ( 'NONE',  ( 13.50000000000000000, 57.29289321881343966, 69.59999999999999432 ) ) ;
#5202 = CARTESIAN_POINT ( 'NONE',  ( 76.50000000000019895, 3.000000000000000000, 58.59999999999996589 ) ) ;
#5203 = EDGE_CURVE ( 'NONE', #9238, #9327, #9735, .T. ) ;
#5204 = DIRECTION ( 'NONE',  ( 0.7071067811865439090, 0.7071067811865512365, 0.000000000000000000 ) ) ;
#5206 = CARTESIAN_POINT ( 'NONE',  ( -0.9999999999999972244, 34.99999999999998579, 44.59999999999998721 ) ) ;
#5205 = CIRCLE ( 'NONE', #10432, 2.000000000000029310 ) ;
#5207 = DIRECTION ( 'NONE',  ( 0.000000000000000000, -1.000000000000000000, 0.000000000000000000 ) ) ;
#5208 = ORIENTED_EDGE ( 'NONE', *, *, #2542, .F. ) ;
#5209 = ORIENTED_EDGE ( 'NONE', *, *, #5640, .F. ) ;
#5210 = EDGE_CURVE ( 'NONE', #7343, #3072, #5486, .T. ) ;
#5211 = CARTESIAN_POINT ( 'NONE',  ( 1.999999999999896749, 59.49999999999999289, 24.94999999999999218 ) ) ;
#5212 = EDGE_LOOP ( 'NONE', ( #12188, #11297, #10569, #6419, #12105 ) ) ;
#5213 = AXIS2_PLACEMENT_3D ( 'NONE', #10495, #7748, #11472 ) ;
#5214 = CARTESIAN_POINT ( 'NONE',  ( 81.00000000000018474, 3.000000000000000000, 58.59999999999996589 ) ) ;
#5215 = ORIENTED_EDGE ( 'NONE', *, *, #11396, .T. ) ;
#5216 = AXIS2_PLACEMENT_3D ( 'NONE', #1191, #12324, #4100 ) ;
#5217 = EDGE_LOOP ( 'NONE', ( #145, #5089, #7719, #7496 ) ) ;
#5218 = CARTESIAN_POINT ( 'NONE',  ( 87.50000000000021316, 3.000000000000000000, 10.00000000000003020 ) ) ;
#5219 = CIRCLE ( 'NONE', #3275, 1.500000000000008216 ) ;
#5220 = CARTESIAN_POINT ( 'NONE',  ( 79.50000000000018474, 2.499999999999976907, 58.59999999999996589 ) ) ;
#5221 = DIRECTION ( 'NONE',  ( -0.000000000000000000, 1.000000000000000000, -0.000000000000000000 ) ) ;
#5222 = VERTEX_POINT ( 'NONE', #9741 ) ;
#5223 = VECTOR ( 'NONE', #4816, 1000.000000000000000 ) ;
#5224 = ORIENTED_EDGE ( 'NONE', *, *, #3133, .T. ) ;
#5225 = VERTEX_POINT ( 'NONE', #11697 ) ;
#5226 = LINE ( 'NONE', #8079, #9520 ) ;
#5227 = FACE_OUTER_BOUND ( 'NONE', #878, .T. ) ;
#5228 = VERTEX_POINT ( 'NONE', #1196 ) ;
#5229 = VECTOR ( 'NONE', #6388, 1000.000000000000000 ) ;
#5230 = LINE ( 'NONE', #4703, #9716 ) ;
#5231 = EDGE_CURVE ( 'NONE', #5013, #7525, #4923, .T. ) ;
#5232 = VERTEX_POINT ( 'NONE', #5053 ) ;
#5233 = LINE ( 'NONE', #2298, #1070 ) ;
#5234 = DIRECTION ( 'NONE',  ( 0.000000000000000000, 0.000000000000000000, -1.000000000000000000 ) ) ;
#5235 = DIRECTION ( 'NONE',  ( 0.000000000000000000, -1.000000000000000000, 0.000000000000000000 ) ) ;
#5236 = EDGE_CURVE ( 'NONE', #3421, #2573, #846, .T. ) ;
#5237 = CARTESIAN_POINT ( 'NONE',  ( 20.49999999999987210, 19.49999999999980105, -11.49999999999999822 ) ) ;
#5238 = AXIS2_PLACEMENT_3D ( 'NONE', #5654, #51, #1781 ) ;
#5239 = LINE ( 'NONE', #1784, #9207 ) ;
#5240 = VERTEX_POINT ( 'NONE', #11786 ) ;
#5241 = CIRCLE ( 'NONE', #11444, 1.700000000000000178 ) ;
#5242 = AXIS2_PLACEMENT_3D ( 'NONE', #8013, #481, #7148 ) ;
#5243 = ORIENTED_EDGE ( 'NONE', *, *, #10903, .F. ) ;
#5244 = DIRECTION ( 'NONE',  ( 0.000000000000000000, 0.000000000000000000, -1.000000000000000000 ) ) ;
#5245 = VERTEX_POINT ( 'NONE', #2247 ) ;
#5246 = ADVANCED_FACE ( 'NONE', ( #5671 ), #3834, .T. ) ;
#5247 = PLANE ( 'NONE',  #10485 ) ;
#5248 = CARTESIAN_POINT ( 'NONE',  ( 30.50000000000013500, 0.4999999999999848455, 58.59999999999996589 ) ) ;
#5249 = CARTESIAN_POINT ( 'NONE',  ( -3.432221359323601284, 9.785633666779315121, 30.06777864073985995 ) ) ;
#5250 = LINE ( 'NONE', #7311, #9360 ) ;
#5251 = ORIENTED_EDGE ( 'NONE', *, *, #418, .F. ) ;
#5252 = FACE_OUTER_BOUND ( 'NONE', #10047, .T. ) ;
#5253 = LINE ( 'NONE', #3987, #1124 ) ;
#5254 = ORIENTED_EDGE ( 'NONE', *, *, #3241, .T. ) ;
#5255 = DIRECTION ( 'NONE',  ( -2.855511894612032274E-16, -2.340219516760528775E-49, 1.000000000000000000 ) ) ;
#5256 = EDGE_LOOP ( 'NONE', ( #9909, #9113, #6078, #6908 ) ) ;
#5257 = EDGE_CURVE ( 'NONE', #2684, #5013, #1708, .T. ) ;
#5258 = ORIENTED_EDGE ( 'NONE', *, *, #9120, .F. ) ;
#5259 = CARTESIAN_POINT ( 'NONE',  ( 104.5000000000000142, 12.49999999999999467, 66.59999999999999432 ) ) ;
#5260 = EDGE_CURVE ( 'NONE', #6290, #4932, #1175, .T. ) ;
#5261 = VERTEX_POINT ( 'NONE', #10258 ) ;
#5262 = DIRECTION ( 'NONE',  ( 0.000000000000000000, -1.000000000000000000, 0.000000000000000000 ) ) ;
#5263 = LINE ( 'NONE', #5964, #5293 ) ;
#5264 = CARTESIAN_POINT ( 'NONE',  ( 13.49999999999999822, 4.999999999999999112, 69.59999999999999432 ) ) ;
#5265 = ORIENTED_EDGE ( 'NONE', *, *, #8594, .T. ) ;
#5266 = VECTOR ( 'NONE', #6813, 1000.000000000000114 ) ;
#5267 = CARTESIAN_POINT ( 'NONE',  ( 5.500000000000009770, 4.999999999999999112, -9.499999999999996447 ) ) ;
#5268 = CARTESIAN_POINT ( 'NONE',  ( 0.4999999999999805156, 55.50000000000000000, 22.09999999999999432 ) ) ;
#5269 = CARTESIAN_POINT ( 'NONE',  ( 105.5000000000000284, 58.99999999999999289, 69.59999999999999432 ) ) ;
#5270 = AXIS2_PLACEMENT_3D ( 'NONE', #8027, #4368, #6259 ) ;
#5271 = VECTOR ( 'NONE', #8843, 1000.000000000000000 ) ;
#5272 = PLANE ( 'NONE',  #10408 ) ;
#5273 = CARTESIAN_POINT ( 'NONE',  ( 43.50000000000014921, 10.00000000000000000, 58.59999999999996589 ) ) ;
#5274 = ORIENTED_EDGE ( 'NONE', *, *, #1097, .F. ) ;
#5275 = ORIENTED_EDGE ( 'NONE', *, *, #7234, .T. ) ;
#5276 = CARTESIAN_POINT ( 'NONE',  ( 24.00000000000012434, 0.5000000000000195399, 58.59999999999996589 ) ) ;
#5277 = EDGE_CURVE ( 'NONE', #8911, #7264, #6097, .T. ) ;
#5278 = ADVANCED_FACE ( 'NONE', ( #2046 ), #10748, .F. ) ;
#5279 = CARTESIAN_POINT ( 'NONE',  ( 6.292893218813460976, 48.99999999999997868, 66.59999999999999432 ) ) ;
#5280 = ORIENTED_EDGE ( 'NONE', *, *, #6834, .F. ) ;
#5281 = VECTOR ( 'NONE', #3148, 1000.000000000000000 ) ;
#5282 = DIRECTION ( 'NONE',  ( 1.000000000000000000, 0.000000000000000000, 0.000000000000000000 ) ) ;
#5283 = CARTESIAN_POINT ( 'NONE',  ( 66.50000000000017053, 10.00000000000000000, 58.59999999999996589 ) ) ;
#5284 = DIRECTION ( 'NONE',  ( 8.195446571860579663E-34, -1.000000000000000000, -0.000000000000000000 ) ) ;
#5285 = DIRECTION ( 'NONE',  ( 0.5773502691896154060, 0.5773502691896403860, 0.5773502691896214012 ) ) ;
#5286 = EDGE_CURVE ( 'NONE', #5710, #7238, #6965, .T. ) ;
#5287 = EDGE_LOOP ( 'NONE', ( #2137, #7353 ) ) ;
#5288 = VERTEX_POINT ( 'NONE', #1724 ) ;
#5290 = ORIENTED_EDGE ( 'NONE', *, *, #6, .T. ) ;
#5289 = FACE_OUTER_BOUND ( 'NONE', #12085, .T. ) ;
#5291 = ORIENTED_EDGE ( 'NONE', *, *, #8205, .F. ) ;
#5292 = CARTESIAN_POINT ( 'NONE',  ( 50.00000000000015632, 0.5000000000000195399, 58.59999999999996589 ) ) ;
#5293 = VECTOR ( 'NONE', #8328, 1000.000000000000000 ) ;
#5294 = CARTESIAN_POINT ( 'NONE',  ( 83.00000000000025580, 3.000000000000000000, -122.9712352769500256 ) ) ;
#5295 = ORIENTED_EDGE ( 'NONE', *, *, #4880, .T. ) ;
#5296 = CIRCLE ( 'NONE', #1104, 2.000000000000022649 ) ;
#5297 = EDGE_CURVE ( 'NONE', #4455, #4168, #10958, .T. ) ;
#5298 = ORIENTED_EDGE ( 'NONE', *, *, #1394, .T. ) ;
#5299 = ORIENTED_EDGE ( 'NONE', *, *, #8892, .F. ) ;
#5300 = EDGE_CURVE ( 'NONE', #5225, #6061, #11506, .T. ) ;
#5301 = ORIENTED_EDGE ( 'NONE', *, *, #7216, .F. ) ;
#5302 = AXIS2_PLACEMENT_3D ( 'NONE', #7960, #1280, #2254 ) ;
#5303 = LINE ( 'NONE', #6633, #1172 ) ;
#5304 = CARTESIAN_POINT ( 'NONE',  ( -0.9999999999999937828, 6.292893218815250655, 9.000000000063511862 ) ) ;
#5305 = CARTESIAN_POINT ( 'NONE',  ( 21.00000000000010303, 2.499999999999976907, 58.59999999999996589 ) ) ;
#5306 = ORIENTED_EDGE ( 'NONE', *, *, #9368, .T. ) ;
#5307 = CIRCLE ( 'NONE', #8826, 1.500000000000022204 ) ;
#5308 = ORIENTED_EDGE ( 'NONE', *, *, #5574, .T. ) ;
#5309 = CARTESIAN_POINT ( 'NONE',  ( 105.5000000000000284, 4.999999999999999112, 69.59999999999999432 ) ) ;
#5310 = ADVANCED_FACE ( 'NONE', ( #11655 ), #8748, .F. ) ;
#5311 = DIRECTION ( 'NONE',  ( 1.000000000000000000, 8.195446571860586505E-34, 0.000000000000000000 ) ) ;
#5312 = AXIS2_PLACEMENT_3D ( 'NONE', #8934, #1516, #4362 ) ;
#5313 = ORIENTED_EDGE ( 'NONE', *, *, #6124, .T. ) ;
#5314 = VECTOR ( 'NONE', #2479, 1000.000000000000000 ) ;
#5315 = CARTESIAN_POINT ( 'NONE',  ( 85.64644660940673759, -14.85355339059329438, -10.00000000000000000 ) ) ;
#5316 = CARTESIAN_POINT ( 'NONE',  ( 113.5000000000000000, 6.000000000000007105, -9.499999999999996447 ) ) ;
#5317 = ORIENTED_EDGE ( 'NONE', *, *, #2761, .T. ) ;
#5318 = LINE ( 'NONE', #11493, #9675 ) ;
#5319 = ORIENTED_EDGE ( 'NONE', *, *, #4982, .T. ) ;
#5320 = DIRECTION ( 'NONE',  ( 0.000000000000000000, -1.000000000000000000, 0.000000000000000000 ) ) ;
#5321 = EDGE_CURVE ( 'NONE', #256, #9645, #911, .T. ) ;
#5322 = LINE ( 'NONE', #8344, #9414 ) ;
#5323 = CIRCLE ( 'NONE', #1529, 2.199999999999979750 ) ;
#5324 = CARTESIAN_POINT ( 'NONE',  ( 66.00000000000018474, -4.138700518789576368E-32, 58.59999999999996589 ) ) ;
#5325 = EDGE_CURVE ( 'NONE', #12024, #8993, #1352, .T. ) ;
#5326 = DIRECTION ( 'NONE',  ( -0.7071067811865573427, 0.000000000000000000, -0.7071067811865376918 ) ) ;
#5328 = CARTESIAN_POINT ( 'NONE',  ( 3.000000000000005329, 17.05000000000001492, 9.100000000063495520 ) ) ;
#5327 = CARTESIAN_POINT ( 'NONE',  ( 13.42016913364185626, 7.973029626868973097, 83.52016913364244033 ) ) ;
#5329 = DIRECTION ( 'NONE',  ( -0.000000000000000000, 1.000000000000000000, -0.000000000000000000 ) ) ;
#5330 = VERTEX_POINT ( 'NONE', #8508 ) ;
#5331 = CARTESIAN_POINT ( 'NONE',  ( 99.00000000000019895, 0.5000000000000056621, 10.00000000000003020 ) ) ;
#5332 = ORIENTED_EDGE ( 'NONE', *, *, #1696, .T. ) ;
#5333 = AXIS2_PLACEMENT_3D ( 'NONE', #5214, #6182, #3534 ) ;
#5334 = LINE ( 'NONE', #8256, #9435 ) ;
#5335 = ORIENTED_EDGE ( 'NONE', *, *, #7860, .T. ) ;
#5336 = LINE ( 'NONE', #11420, #5446 ) ;
#5337 = CARTESIAN_POINT ( 'NONE',  ( 76.00000000000018474, 2.499999999999976907, 58.59999999999996589 ) ) ;
#5338 = VECTOR ( 'NONE', #7577, 1000.000000000000000 ) ;
#5339 = CARTESIAN_POINT ( 'NONE',  ( 6.000000000000004441, 54.50000000000000711, 0.000000000000000000 ) ) ;
#5340 = VERTEX_POINT ( 'NONE', #8051 ) ;
#5341 = CIRCLE ( 'NONE', #1361, 2.000000000000029310 ) ;
#5342 = CONICAL_SURFACE ( 'NONE', #5055, 2.000000000000029310, 0.7853981633974396193 ) ;
#5343 = DIRECTION ( 'NONE',  ( 0.000000000000000000, -1.000000000000000000, 0.000000000000000000 ) ) ;
#5344 = LINE ( 'NONE', #157, #5713 ) ;
#5345 = CARTESIAN_POINT ( 'NONE',  ( 0.4999999999999805156, 55.50000000000000000, 22.09999999999999432 ) ) ;
#5346 = ORIENTED_EDGE ( 'NONE', *, *, #5297, .T. ) ;
#5347 = LINE ( 'NONE', #11247, #5623 ) ;
#5348 = ORIENTED_EDGE ( 'NONE', *, *, #5973, .F. ) ;
#5349 = EDGE_CURVE ( 'NONE', #3935, #4306, #5706, .T. ) ;
#5350 = AXIS2_PLACEMENT_3D ( 'NONE', #3977, #1502, #4058 ) ;
#5351 = ADVANCED_FACE ( 'NONE', ( #5795, #6310 ), #913, .F. ) ;
#5352 = CARTESIAN_POINT ( 'NONE',  ( 42.00000000000015632, 0.5000000000000125455, 8.500000000000007105 ) ) ;
#5353 = CONICAL_SURFACE ( 'NONE', #4958, 0.5000000000000004441, 0.7853981633974522758 ) ;
#5354 = DIRECTION ( 'NONE',  ( -0.7071067811865523467, -0.7071067811865426878, 1.009575912219513923E-16 ) ) ;
#5355 = ORIENTED_EDGE ( 'NONE', *, *, #2275, .F. ) ;
#5356 = DIRECTION ( 'NONE',  ( -0.5773502691896255090, 0.5773502691896259531, -0.5773502691896258421 ) ) ;
#5357 = CARTESIAN_POINT ( 'NONE',  ( 55.00000000000017053, 10.00000000000000000, 10.00000000000003020 ) ) ;
#5358 = FACE_OUTER_BOUND ( 'NONE', #1899, .T. ) ;
#5359 = LINE ( 'NONE', #8009, #5517 ) ;
#5360 = DIRECTION ( 'NONE',  ( 1.427755947306016137E-16, 1.170109758380264387E-49, 1.000000000000000000 ) ) ;
#5361 = ORIENTED_EDGE ( 'NONE', *, *, #1675, .F. ) ;
#5362 = VECTOR ( 'NONE', #5137, 1000.000000000000000 ) ;
#5363 = DIRECTION ( 'NONE',  ( -0.7071067811865414665, 0.7071067811865536790, 0.000000000000000000 ) ) ;
#5364 = CARTESIAN_POINT ( 'NONE',  ( 114.2928932188135036, 0.5000000000000113243, -10.00000000000000000 ) ) ;
#5365 = CARTESIAN_POINT ( 'NONE',  ( 5.000000000000000888, 50.49999999999998579, 4.000000000000003553 ) ) ;
#5366 = ORIENTED_EDGE ( 'NONE', *, *, #1699, .F. ) ;
#5367 = EDGE_CURVE ( 'NONE', #2807, #10133, #5851, .T. ) ;
#5368 = VECTOR ( 'NONE', #7095, 1000.000000000000000 ) ;
#5369 = DIRECTION ( 'NONE',  ( 2.855511894612032274E-16, 2.340219516760528775E-49, -1.000000000000000000 ) ) ;
#5370 = ORIENTED_EDGE ( 'NONE', *, *, #4766, .F. ) ;
#5371 = LINE ( 'NONE', #5454, #5404 ) ;
#5372 = EDGE_CURVE ( 'NONE', #10756, #2945, #6160, .T. ) ;
#5373 = LINE ( 'NONE', #11308, #5511 ) ;
#5374 = AXIS2_PLACEMENT_3D ( 'NONE', #10868, #5452, #11851 ) ;
#5375 = ORIENTED_EDGE ( 'NONE', *, *, #6263, .T. ) ;
#5376 = DIRECTION ( 'NONE',  ( -0.7071067811865426878, -0.7071067811865524577, -0.000000000000000000 ) ) ;
#5377 = ADVANCED_FACE ( 'NONE', ( #6184, #2312 ), #4745, .T. ) ;
#5378 = AXIS2_PLACEMENT_3D ( 'NONE', #3514, #11288, #9249 ) ;
#5379 = DIRECTION ( 'NONE',  ( 0.000000000000000000, -1.000000000000000000, 0.000000000000000000 ) ) ;
#5380 = EDGE_LOOP ( 'NONE', ( #529, #11368, #7037, #12181 ) ) ;
#5381 = ORIENTED_EDGE ( 'NONE', *, *, #10522, .T. ) ;
#5383 = ORIENTED_EDGE ( 'NONE', *, *, #5078, .F. ) ;
#5382 = CIRCLE ( 'NONE', #11029, 2.000000000000029310 ) ;
#5384 = ORIENTED_EDGE ( 'NONE', *, *, #7723, .T. ) ;
#5385 = DIRECTION ( 'NONE',  ( 1.958646382549668898E-14, -0.7071067811865393571, 0.7071067811865555663 ) ) ;
#5386 = VECTOR ( 'NONE', #7267, 1000.000000000000114 ) ;
#5387 = VERTEX_POINT ( 'NONE', #12102 ) ;
#5388 = EDGE_CURVE ( 'NONE', #5858, #9787, #2881, .T. ) ;
#5389 = VECTOR ( 'NONE', #4144, 1000.000000000000000 ) ;
#5390 = ORIENTED_EDGE ( 'NONE', *, *, #1913, .T. ) ;
#5391 = LINE ( 'NONE', #3414, #5431 ) ;
#5392 = CARTESIAN_POINT ( 'NONE',  ( 5.000000000000007105, 3.000000000000000000, 63.59999999999995879 ) ) ;
#5393 = AXIS2_PLACEMENT_3D ( 'NONE', #7852, #11664, #5979 ) ;
#5394 = ORIENTED_EDGE ( 'NONE', *, *, #1349, .F. ) ;
#5395 = DIRECTION ( 'NONE',  ( 0.000000000000000000, 0.000000000000000000, -1.000000000000000000 ) ) ;
#5396 = DIRECTION ( 'NONE',  ( -0.7071067811865476838, 0.7071067811865473507, 0.000000000000000000 ) ) ;
#5397 = ADVANCED_FACE ( 'NONE', ( #11268 ), #7966, .T. ) ;
#5398 = ORIENTED_EDGE ( 'NONE', *, *, #1150, .T. ) ;
#5399 = EDGE_CURVE ( 'NONE', #11515, #12253, #7197, .T. ) ;
#5400 = EDGE_LOOP ( 'NONE', ( #5873, #12383, #7764, #11425 ) ) ;
#5401 = DIRECTION ( 'NONE',  ( 0.000000000000000000, -1.000000000000000000, 0.000000000000000000 ) ) ;
#5402 = VECTOR ( 'NONE', #9214, 999.9999999999998863 ) ;
#5403 = ORIENTED_EDGE ( 'NONE', *, *, #6365, .T. ) ;
#5404 = VECTOR ( 'NONE', #6428, 1000.000000000000000 ) ;
#5405 = ORIENTED_EDGE ( 'NONE', *, *, #4396, .F. ) ;
#5406 = ORIENTED_EDGE ( 'NONE', *, *, #4403, .T. ) ;
#5407 = DIRECTION ( 'NONE',  ( -1.000000000000000000, 1.156482317317871133E-15, 0.000000000000000000 ) ) ;
#5408 = PLANE ( 'NONE',  #2598 ) ;
#5409 = DIRECTION ( 'NONE',  ( -8.195446571860579663E-34, 1.000000000000000000, -0.000000000000000000 ) ) ;
#5410 = EDGE_CURVE ( 'NONE', #11106, #9220, #11524, .T. ) ;
#5411 = ORIENTED_EDGE ( 'NONE', *, *, #5542, .T. ) ;
#5412 = CYLINDRICAL_SURFACE ( 'NONE', #3933, 1.700000000000000178 ) ;
#5413 = EDGE_CURVE ( 'NONE', #10347, #7125, #4380, .T. ) ;
#5414 = DIRECTION ( 'NONE',  ( 0.000000000000000000, -1.000000000000000000, 0.000000000000000000 ) ) ;
#5415 = VERTEX_POINT ( 'NONE', #10402 ) ;
#5416 = VECTOR ( 'NONE', #11243, 1000.000000000000227 ) ;
#5417 = AXIS2_PLACEMENT_3D ( 'NONE', #2163, #11092, #1550 ) ;
#5418 = VECTOR ( 'NONE', #575, 1000.000000000000000 ) ;
#5419 = ORIENTED_EDGE ( 'NONE', *, *, #12016, .T. ) ;
#5420 = PLANE ( 'NONE',  #4536 ) ;
#5421 = FACE_OUTER_BOUND ( 'NONE', #5485, .T. ) ;
#5422 = EDGE_LOOP ( 'NONE', ( #6814, #4652, #8449, #8919, #10716 ) ) ;
#5423 = ORIENTED_EDGE ( 'NONE', *, *, #5183, .F. ) ;
#5424 = PLANE ( 'NONE',  #5712 ) ;
#5425 = CIRCLE ( 'NONE', #8291, 2.000000000000029310 ) ;
#5426 = FACE_OUTER_BOUND ( 'NONE', #9445, .T. ) ;
#5427 = AXIS2_PLACEMENT_3D ( 'NONE', #9342, #6830, #809 ) ;
#5428 = CARTESIAN_POINT ( 'NONE',  ( 5.000000000000000888, 49.50000000000002132, 64.59999999999993747 ) ) ;
#5429 = VERTEX_POINT ( 'NONE', #9184 ) ;
#5430 = PLANE ( 'NONE',  #4726 ) ;
#5431 = VECTOR ( 'NONE', #453, 1000.000000000000000 ) ;
#5432 = CARTESIAN_POINT ( 'NONE',  ( -0.4999999999999831246, 20.00000000000172662, 41.75000000006208012 ) ) ;
#5433 = EDGE_CURVE ( 'NONE', #5387, #5261, #2495, .T. ) ;
#5434 = CYLINDRICAL_SURFACE ( 'NONE', #1757, 1.500000000000015099 ) ;
#5435 = DIRECTION ( 'NONE',  ( -0.000000000000000000, 1.000000000000000000, -0.000000000000000000 ) ) ;
#5436 = PLANE ( 'NONE',  #8152 ) ;
#5437 = ORIENTED_EDGE ( 'NONE', *, *, #7312, .T. ) ;
#5438 = ORIENTED_EDGE ( 'NONE', *, *, #9283, .T. ) ;
#5439 = VECTOR ( 'NONE', #4451, 1000.000000000000000 ) ;
#5440 = EDGE_CURVE ( 'NONE', #416, #6397, #6518, .T. ) ;
#5441 = AXIS2_PLACEMENT_3D ( 'NONE', #5062, #7093, #2258 ) ;
#5442 = ORIENTED_EDGE ( 'NONE', *, *, #9657, .F. ) ;
#5443 = VECTOR ( 'NONE', #8615, 1000.000000000000227 ) ;
#5444 = DIRECTION ( 'NONE',  ( 0.7071067811865376918, 8.117435735382457960E-17, 0.7071067811865574537 ) ) ;
#5445 = CARTESIAN_POINT ( 'NONE',  ( 112.1464466094068086, -1.646446609406700734, 69.59999999999999432 ) ) ;
#5446 = VECTOR ( 'NONE', #12377, 1000.000000000000000 ) ;
#5447 = ADVANCED_FACE ( 'NONE', ( #2144 ), #5628, .F. ) ;
#5448 = FACE_OUTER_BOUND ( 'NONE', #10079, .T. ) ;
#5449 = CARTESIAN_POINT ( 'NONE',  ( 9.000000000000001776, 48.99999999999997868, 64.59999999999999432 ) ) ;
#5450 = AXIS2_PLACEMENT_3D ( 'NONE', #10715, #10629, #3051 ) ;
#5451 = DIRECTION ( 'NONE',  ( 1.427755947306016137E-16, 1.170109758380264387E-49, -1.000000000000000000 ) ) ;
#5452 = DIRECTION ( 'NONE',  ( 0.000000000000000000, -1.000000000000000000, 0.000000000000000000 ) ) ;
#5453 = CONICAL_SURFACE ( 'NONE', #7395, 1.500000000000022204, 0.7853981633974431720 ) ;
#5454 = CARTESIAN_POINT ( 'NONE',  ( 86.00000000000015632, 2.499999999999976907, 58.59999999999996589 ) ) ;
#5455 = CARTESIAN_POINT ( 'NONE',  ( 100.5000000000002274, 2.499999999999991118, 58.59999999999996589 ) ) ;
#5456 = EDGE_LOOP ( 'NONE', ( #9470, #10731, #728, #1140 ) ) ;
#5457 = CIRCLE ( 'NONE', #3023, 2.000000000000022649 ) ;
#5458 = ORIENTED_EDGE ( 'NONE', *, *, #9140, .T. ) ;
#5459 = DIRECTION ( 'NONE',  ( -0.7071067811865414665, -0.7071067811865536790, 0.000000000000000000 ) ) ;
#5460 = LINE ( 'NONE', #11166, #9517 ) ;
#5461 = EDGE_CURVE ( 'NONE', #10688, #4532, #10919, .T. ) ;
#5462 = VECTOR ( 'NONE', #8094, 1000.000000000000000 ) ;
#5463 = EDGE_CURVE ( 'NONE', #3465, #8683, #7318, .T. ) ;
#5464 = CIRCLE ( 'NONE', #5124, 1.500000000000095035 ) ;
#5465 = ORIENTED_EDGE ( 'NONE', *, *, #2821, .T. ) ;
#5466 = LINE ( 'NONE', #1065, #1263 ) ;
#5467 = FACE_OUTER_BOUND ( 'NONE', #1793, .T. ) ;
#5468 = ADVANCED_FACE ( 'NONE', ( #3598 ), #5787, .F. ) ;
#5469 = EDGE_CURVE ( 'NONE', #10872, #3011, #12026, .T. ) ;
#5470 = CARTESIAN_POINT ( 'NONE',  ( 40.00000000000012790, 3.000000000000000000, 10.00000000000003020 ) ) ;
#5471 = EDGE_LOOP ( 'NONE', ( #9980, #6379, #8745, #480 ) ) ;
#5472 = AXIS2_PLACEMENT_3D ( 'NONE', #3400, #4543, #6450 ) ;
#5473 = VECTOR ( 'NONE', #3160, 1000.000000000000000 ) ;
#5474 = EDGE_LOOP ( 'NONE', ( #7184, #5258, #5818, #2772 ) ) ;
#5475 = CARTESIAN_POINT ( 'NONE',  ( 57.00000000000018474, 3.000000000000000000, -122.9712352769500541 ) ) ;
#5476 = CARTESIAN_POINT ( 'NONE',  ( 116.5000000000000000, 2.000000000000002665, -9.499999999999992895 ) ) ;
#5477 = ORIENTED_EDGE ( 'NONE', *, *, #1044, .F. ) ;
#5478 = FACE_OUTER_BOUND ( 'NONE', #10765, .T. ) ;
#5479 = CARTESIAN_POINT ( 'NONE',  ( 96.00000000000027001, 3.000000000000000000, -122.9712352769500256 ) ) ;
#5480 = VERTEX_POINT ( 'NONE', #12248 ) ;
#5481 = CIRCLE ( 'NONE', #848, 1.500000000000008216 ) ;
#5482 = VERTEX_POINT ( 'NONE', #4437 ) ;
#5483 = VECTOR ( 'NONE', #5010, 1000.000000000000000 ) ;
#5484 = PLANE ( 'NONE',  #3398 ) ;
#5485 = EDGE_LOOP ( 'NONE', ( #4034, #11806, #11975, #8620 ) ) ;
#5486 = LINE ( 'NONE', #972, #5532 ) ;
#5487 = CARTESIAN_POINT ( 'NONE',  ( -0.4999999999999831246, 20.00000000000172662, 41.75000000006208012 ) ) ;
#5488 = ORIENTED_EDGE ( 'NONE', *, *, #10576, .T. ) ;
#5489 = DIRECTION ( 'NONE',  ( -0.7071067811865512365, -0.7071067811865439090, -0.000000000000000000 ) ) ;
#5490 = VECTOR ( 'NONE', #5633, 1000.000000000000000 ) ;
#5491 = DIRECTION ( 'NONE',  ( 0.000000000000000000, 1.000000000000000000, 0.000000000000000000 ) ) ;
#5492 = ADVANCED_FACE ( 'NONE', ( #8016 ), #8124, .F. ) ;
#5493 = EDGE_LOOP ( 'NONE', ( #1013, #6165, #542, #4169, #8554, #433, #10070, #10835, #4477, #555 ) ) ;
#5494 = DIRECTION ( 'NONE',  ( -0.7071067811865531239, 0.7071067811865420216, 0.000000000000000000 ) ) ;
#5495 = EDGE_CURVE ( 'NONE', #3199, #9514, #4206, .T. ) ;
#5496 = VECTOR ( 'NONE', #9882, 1000.000000000000000 ) ;
#5497 = CARTESIAN_POINT ( 'NONE',  ( 2.000000000000000444, 52.49999999999998579, 49.24999999999999289 ) ) ;
#5498 = EDGE_CURVE ( 'NONE', #3764, #8938, #120, .T. ) ;
#5500 = ORIENTED_EDGE ( 'NONE', *, *, #7362, .T. ) ;
#5499 = PLANE ( 'NONE',  #6662 ) ;
#5501 = AXIS2_PLACEMENT_3D ( 'NONE', #6323, #10385, #11205 ) ;
#5502 = ADVANCED_FACE ( 'NONE', ( #884 ), #905, .F. ) ;
#5503 = FACE_BOUND ( 'NONE', #7605, .T. ) ;
#5504 = VERTEX_POINT ( 'NONE', #11778 ) ;
#5505 = ORIENTED_EDGE ( 'NONE', *, *, #10978, .T. ) ;
#5506 = FACE_OUTER_BOUND ( 'NONE', #1526, .T. ) ;
#5507 = LINE ( 'NONE', #7741, #9454 ) ;
#5508 = CARTESIAN_POINT ( 'NONE',  ( 40.00000000000012790, -6.269516627473331973E-32, 10.00000000000003020 ) ) ;
#5509 = PLANE ( 'NONE',  #7092 ) ;
#5510 = CARTESIAN_POINT ( 'NONE',  ( 48.50000000000014921, 0.5000000000000195399, 58.59999999999996589 ) ) ;
#5511 = VECTOR ( 'NONE', #1981, 1000.000000000000000 ) ;
#5512 = CARTESIAN_POINT ( 'NONE',  ( 87.50000000000018474, 3.000000000000000000, 60.60000000000000853 ) ) ;
#5513 = DIRECTION ( 'NONE',  ( 0.000000000000000000, 0.000000000000000000, 1.000000000000000000 ) ) ;
#5514 = EDGE_LOOP ( 'NONE', ( #10989, #9498, #3968, #5308, #6071 ) ) ;
#5515 = DIRECTION ( 'NONE',  ( -1.000000000000000000, -5.782411586589377360E-16, 0.000000000000000000 ) ) ;
#5516 = CARTESIAN_POINT ( 'NONE',  ( 108.5000000000000426, 13.00000000000000000, -9.499999999999992895 ) ) ;
#5517 = VECTOR ( 'NONE', #10762, 1000.000000000000000 ) ;
#5518 = ORIENTED_EDGE ( 'NONE', *, *, #8428, .F. ) ;
#5519 = EDGE_CURVE ( 'NONE', #10236, #8255, #929, .T. ) ;
#5520 = DIRECTION ( 'NONE',  ( -0.000000000000000000, 1.000000000000000000, 0.000000000000000000 ) ) ;
#5521 = DIRECTION ( 'NONE',  ( 0.7071067811865511255, -0.7071067811865439090, 0.000000000000000000 ) ) ;
#5522 = EDGE_CURVE ( 'NONE', #11985, #4615, #4787, .T. ) ;
#5523 = AXIS2_PLACEMENT_3D ( 'NONE', #184, #4964, #3242 ) ;
#5524 = ORIENTED_EDGE ( 'NONE', *, *, #3750, .T. ) ;
#5525 = LINE ( 'NONE', #8034, #9938 ) ;
#5526 = EDGE_LOOP ( 'NONE', ( #8338, #6745, #198, #12266, #5560, #11533, #686, #2554, #5696, #1423, #5566, #5437, #3005, #3110, #9863, #1967, #11101, #3244, #5625, #5295, #2435, #7213, #10593, #5411, #1218, #7563, #2103, #11904, #141 ) ) ;
#5527 = LINE ( 'NONE', #3714, #1504 ) ;
#5528 = CARTESIAN_POINT ( 'NONE',  ( 87.50000000000018474, 3.000000000000000000, 60.60000000000000853 ) ) ;
#5529 = VECTOR ( 'NONE', #12081, 1000.000000000000000 ) ;
#5530 = AXIS2_PLACEMENT_3D ( 'NONE', #2066, #10708, #9737 ) ;
#5531 = ORIENTED_EDGE ( 'NONE', *, *, #368, .T. ) ;
#5532 = VECTOR ( 'NONE', #8816, 1000.000000000000000 ) ;
#5533 = VECTOR ( 'NONE', #11376, 1000.000000000000000 ) ;
#5534 = DIRECTION ( 'NONE',  ( 0.7071067811865502373, 9.683205990621199321E-15, -0.7071067811865449082 ) ) ;
#5535 = ORIENTED_EDGE ( 'NONE', *, *, #4924, .T. ) ;
#5536 = CARTESIAN_POINT ( 'NONE',  ( 16.00000000000012434, -8.236423804719870134E-32, 10.00000000000003020 ) ) ;
#5537 = DIRECTION ( 'NONE',  ( 0.000000000000000000, -1.000000000000000000, 0.000000000000000000 ) ) ;
#5538 = CARTESIAN_POINT ( 'NONE',  ( 9.000000000000007105, 6.500000000001787903, 9.500000000063494099 ) ) ;
#5539 = PLANE ( 'NONE',  #10667 ) ;
#5540 = ORIENTED_EDGE ( 'NONE', *, *, #2105, .F. ) ;
#5541 = VERTEX_POINT ( 'NONE', #8110 ) ;
#5542 = EDGE_CURVE ( 'NONE', #10382, #10585, #1688, .T. ) ;
#5543 = CARTESIAN_POINT ( 'NONE',  ( 35.50000000000014921, 0.5000000000000125455, 8.500000000000007105 ) ) ;
#5544 = ORIENTED_EDGE ( 'NONE', *, *, #10864, .F. ) ;
#5545 = FACE_OUTER_BOUND ( 'NONE', #5526, .T. ) ;
#5546 = EDGE_CURVE ( 'NONE', #4734, #8613, #6302, .T. ) ;
#5547 = ORIENTED_EDGE ( 'NONE', *, *, #5684, .T. ) ;
#5548 = ORIENTED_EDGE ( 'NONE', *, *, #10061, .T. ) ;
#5549 = LINE ( 'NONE', #11795, #5368 ) ;
#5550 = LINE ( 'NONE', #2487, #5483 ) ;
#5551 = ORIENTED_EDGE ( 'NONE', *, *, #3474, .T. ) ;
#5552 = ADVANCED_FACE ( 'NONE', ( #10518 ), #9023, .F. ) ;
#5553 = AXIS2_PLACEMENT_3D ( 'NONE', #7163, #10980, #11772 ) ;
#5554 = VECTOR ( 'NONE', #3687, 1000.000000000000000 ) ;
#5555 = ORIENTED_EDGE ( 'NONE', *, *, #2889, .T. ) ;
#5556 = FACE_BOUND ( 'NONE', #444, .T. ) ;
#5557 = EDGE_CURVE ( 'NONE', #9218, #8833, #6496, .T. ) ;
#5558 = DIRECTION ( 'NONE',  ( 0.000000000000000000, -1.000000000000000000, 0.000000000000000000 ) ) ;
#5559 = VERTEX_POINT ( 'NONE', #9111 ) ;
#5560 = ORIENTED_EDGE ( 'NONE', *, *, #11721, .T. ) ;
#5561 = DIRECTION ( 'NONE',  ( 9.683205990621364982E-15, 0.7071067811865425767, 0.7071067811865525687 ) ) ;
#5562 = DIRECTION ( 'NONE',  ( 0.000000000000000000, -1.000000000000000000, 0.000000000000000000 ) ) ;
#5563 = DIRECTION ( 'NONE',  ( 1.000000000000000000, 0.000000000000000000, 5.900520662951093563E-32 ) ) ;
#5564 = DIRECTION ( 'NONE',  ( -0.7071067811865451302, -0.7071067811865500152, -1.559530880411980104E-16 ) ) ;
#5565 = EDGE_CURVE ( 'NONE', #9325, #10881, #7519, .T. ) ;
#5566 = ORIENTED_EDGE ( 'NONE', *, *, #1300, .T. ) ;
#5567 = ORIENTED_EDGE ( 'NONE', *, *, #5519, .T. ) ;
#5568 = DIRECTION ( 'NONE',  ( -1.000000000000000000, -1.147978770867005115E-16, -0.000000000000000000 ) ) ;
#5569 = LINE ( 'NONE', #2235, #9864 ) ;
#5570 = DIRECTION ( 'NONE',  ( 8.195446571860579663E-34, -1.000000000000000000, -0.000000000000000000 ) ) ;
#5571 = LINE ( 'NONE', #9606, #9755 ) ;
#5572 = ORIENTED_EDGE ( 'NONE', *, *, #11271, .F. ) ;
#5573 = CONICAL_SURFACE ( 'NONE', #10080, 2.000000000000015543, 0.7853981633974396193 ) ;
#5574 = EDGE_CURVE ( 'NONE', #9486, #9147, #11648, .T. ) ;
#5575 = VERTEX_POINT ( 'NONE', #9997 ) ;
#5576 = PLANE ( 'NONE',  #585 ) ;
#5577 = CARTESIAN_POINT ( 'NONE',  ( 7.000000000000002665, 50.49999999999998579, 2.000000000000001776 ) ) ;
#5578 = DIRECTION ( 'NONE',  ( -0.000000000000000000, 1.000000000000000000, -0.000000000000000000 ) ) ;
#5579 = EDGE_LOOP ( 'NONE', ( #3556, #9768, #9387, #1460 ) ) ;
#5580 = DIRECTION ( 'NONE',  ( 1.000000000000000000, 8.195446571860586505E-34, 0.000000000000000000 ) ) ;
#5581 = VECTOR ( 'NONE', #6600, 1000.000000000000000 ) ;
#5582 = AXIS2_PLACEMENT_3D ( 'NONE', #493, #9186, #1252 ) ;
#5583 = ADVANCED_FACE ( 'NONE', ( #11711 ), #4326, .F. ) ;
#5584 = VECTOR ( 'NONE', #1127, 1000.000000000000114 ) ;
#5585 = CARTESIAN_POINT ( 'NONE',  ( -0.5000000000000214273, 4.500000000001787015, 36.00000000006349410 ) ) ;
#5586 = LINE ( 'NONE', #2765, #9687 ) ;
#5587 = DIRECTION ( 'NONE',  ( -0.7071067811865368036, -3.271025955591147674E-15, -0.7071067811865582309 ) ) ;
#5588 = AXIS2_PLACEMENT_3D ( 'NONE', #5771, #1745, #886 ) ;
#5589 = EDGE_LOOP ( 'NONE', ( #8881, #2419, #2867, #11149 ) ) ;
#5590 = LINE ( 'NONE', #286, #1318 ) ;
#5591 = EDGE_CURVE ( 'NONE', #799, #8947, #4769, .T. ) ;
#5592 = EDGE_LOOP ( 'NONE', ( #10152, #1018, #1749, #9954 ) ) ;
#5593 = LINE ( 'NONE', #128, #1522 ) ;
#5594 = VERTEX_POINT ( 'NONE', #8197 ) ;
#5595 = DIRECTION ( 'NONE',  ( 0.000000000000000000, 0.000000000000000000, -1.000000000000000000 ) ) ;
#5596 = ORIENTED_EDGE ( 'NONE', *, *, #5236, .T. ) ;
#5597 = ORIENTED_EDGE ( 'NONE', *, *, #8369, .T. ) ;
#5598 = CARTESIAN_POINT ( 'NONE',  ( 18.00000000000023803, 3.000000000000000000, 10.00000000000003020 ) ) ;
#5599 = CARTESIAN_POINT ( 'NONE',  ( 81.00000000000019895, 3.000000000000000000, 10.00000000000003020 ) ) ;
#5600 = EDGE_CURVE ( 'NONE', #11631, #7773, #9373, .T. ) ;
#5601 = CARTESIAN_POINT ( 'NONE',  ( 44.00000000000015632, 3.000000000000000000, 58.59999999999996589 ) ) ;
#5602 = CARTESIAN_POINT ( 'NONE',  ( 8.203136400339307244, 35.03388932033981007, 5.796863599724179750 ) ) ;
#5603 = ADVANCED_FACE ( 'NONE', ( #1045 ), #9918, .F. ) ;
#5604 = CARTESIAN_POINT ( 'NONE',  ( 27.50000000000013500, 10.00000000000000000, 10.00000000000003020 ) ) ;
#5605 = EDGE_CURVE ( 'NONE', #8938, #9270, #1400, .T. ) ;
#5606 = CARTESIAN_POINT ( 'NONE',  ( 5.000000000000007105, 4.000000000001787015, 11.29289321887694442 ) ) ;
#5607 = EDGE_LOOP ( 'NONE', ( #9718, #6090, #4839, #5596 ) ) ;
#5608 = DIRECTION ( 'NONE',  ( 0.000000000000000000, -1.000000000000000000, 0.000000000000000000 ) ) ;
#5609 = FACE_OUTER_BOUND ( 'NONE', #5422, .T. ) ;
#5610 = CARTESIAN_POINT ( 'NONE',  ( 81.00000000000019895, 0.5000000000000195399, 8.500000000000014211 ) ) ;
#5611 = ORIENTED_EDGE ( 'NONE', *, *, #5872, .T. ) ;
#5612 = ORIENTED_EDGE ( 'NONE', *, *, #2667, .F. ) ;
#5613 = VERTEX_POINT ( 'NONE', #573 ) ;
#5614 = EDGE_CURVE ( 'NONE', #7633, #9696, #1323, .T. ) ;
#5615 = ADVANCED_FACE ( 'NONE', ( #9694 ), #11675, .F. ) ;
#5616 = DIRECTION ( 'NONE',  ( 0.000000000000000000, 0.000000000000000000, -1.000000000000000000 ) ) ;
#5617 = DIRECTION ( 'NONE',  ( -1.278217298088174232E-16, 1.000000000000000000, 0.000000000000000000 ) ) ;
#5618 = DIRECTION ( 'NONE',  ( 0.000000000000000000, -1.000000000000000000, 0.000000000000000000 ) ) ;
#5619 = ORIENTED_EDGE ( 'NONE', *, *, #11988, .F. ) ;
#5620 = CIRCLE ( 'NONE', #8438, 0.5000000000000004441 ) ;
#5621 = AXIS2_PLACEMENT_3D ( 'NONE', #6501, #171, #8874 ) ;
#5622 = ORIENTED_EDGE ( 'NONE', *, *, #8882, .F. ) ;
#5623 = VECTOR ( 'NONE', #1068, 1000.000000000000000 ) ;
#5624 = DIRECTION ( 'NONE',  ( -8.195446571860579663E-34, 1.000000000000000000, -0.000000000000000000 ) ) ;
#5625 = ORIENTED_EDGE ( 'NONE', *, *, #4078, .T. ) ;
#5626 = LINE ( 'NONE', #9786, #9532 ) ;
#5627 = ORIENTED_EDGE ( 'NONE', *, *, #8120, .F. ) ;
#5628 = PLANE ( 'NONE',  #688 ) ;
#5629 = LINE ( 'NONE', #9660, #1220 ) ;
#5630 = DIRECTION ( 'NONE',  ( 0.000000000000000000, 0.7071067811865410224, -0.7071067811865540120 ) ) ;
#5631 = DIRECTION ( 'NONE',  ( -0.7071067811865555663, 0.7071067811865394681, -2.775557561562891967E-17 ) ) ;
#5632 = VECTOR ( 'NONE', #8473, 1000.000000000000000 ) ;
#5633 = DIRECTION ( 'NONE',  ( 0.000000000000000000, -1.000000000000000000, 0.000000000000000000 ) ) ;
#5634 = CARTESIAN_POINT ( 'NONE',  ( 59.50000000000014211, -4.671404545960517869E-32, 58.59999999999996589 ) ) ;
#5635 = DIRECTION ( 'NONE',  ( 0.000000000000000000, 0.000000000000000000, 1.000000000000000000 ) ) ;
#5636 = EDGE_LOOP ( 'NONE', ( #6647, #4313, #10415, #6658 ) ) ;
#5637 = DIRECTION ( 'NONE',  ( -1.000000000000000000, -8.195446571860579663E-34, 0.000000000000000000 ) ) ;
#5638 = EDGE_CURVE ( 'NONE', #11394, #7212, #1944, .T. ) ;
#5639 = ORIENTED_EDGE ( 'NONE', *, *, #490, .T. ) ;
#5640 = EDGE_CURVE ( 'NONE', #10888, #9540, #8722, .T. ) ;
#5641 = DIRECTION ( 'NONE',  ( 0.000000000000000000, 0.000000000000000000, -1.000000000000000000 ) ) ;
#5642 = ORIENTED_EDGE ( 'NONE', *, *, #8935, .F. ) ;
#5643 = AXIS2_PLACEMENT_3D ( 'NONE', #1416, #10878, #8204 ) ;
#5644 = EDGE_LOOP ( 'NONE', ( #4194, #2425, #953, #5405 ) ) ;
#5645 = VECTOR ( 'NONE', #3343, 1000.000000000000000 ) ;
#5646 = DIRECTION ( 'NONE',  ( 0.000000000000000000, 0.000000000000000000, -1.000000000000000000 ) ) ;
#5647 = EDGE_LOOP ( 'NONE', ( #65, #10513, #3265, #4208 ) ) ;
#5648 = LINE ( 'NONE', #989, #5689 ) ;
#5649 = DIRECTION ( 'NONE',  ( -0.7071067811865497932, -9.614813431917932974E-15, 0.7071067811865453523 ) ) ;
#5650 = DIRECTION ( 'NONE',  ( 0.000000000000000000, 0.7071067811865536790, 0.7071067811865414665 ) ) ;
#5651 = CARTESIAN_POINT ( 'NONE',  ( 1.000000000000005107, 17.05000000000002913, 38.40000000006349268 ) ) ;
#5652 = ORIENTED_EDGE ( 'NONE', *, *, #3803, .T. ) ;
#5653 = VECTOR ( 'NONE', #11064, 1000.000000000000000 ) ;
#5654 = CARTESIAN_POINT ( 'NONE',  ( -0.4999999999999990563, 50.99999999999997868, -10.00000000000000000 ) ) ;
#5655 = LINE ( 'NONE', #253, #1661 ) ;
#5656 = DIRECTION ( 'NONE',  ( 8.195446571860579663E-34, -1.000000000000000000, -0.000000000000000000 ) ) ;
#5657 = EDGE_CURVE ( 'NONE', #7165, #8255, #8867, .T. ) ;
#5658 = LINE ( 'NONE', #7444, #1397 ) ;
#5659 = CIRCLE ( 'NONE', #11135, 1.999999999999988010 ) ;
#5660 = EDGE_LOOP ( 'NONE', ( #11686, #11360, #9212, #7150 ) ) ;
#5661 = ADVANCED_FACE ( 'NONE', ( #8974 ), #12262, .T. ) ;
#5662 = DIRECTION ( 'NONE',  ( -1.000000000000000000, -1.147978770867005362E-16, -0.000000000000000000 ) ) ;
#5663 = EDGE_CURVE ( 'NONE', #12303, #11142, #4573, .T. ) ;
#5664 = CARTESIAN_POINT ( 'NONE',  ( 92.50000000000018474, 0.5000000000000195399, 10.00000000000003020 ) ) ;
#5665 = AXIS2_PLACEMENT_3D ( 'NONE', #7328, #9188, #10970 ) ;
#5666 = ORIENTED_EDGE ( 'NONE', *, *, #3538, .F. ) ;
#5667 = VECTOR ( 'NONE', #9398, 1000.000000000000000 ) ;
#5668 = FACE_OUTER_BOUND ( 'NONE', #9234, .T. ) ;
#5669 = AXIS2_PLACEMENT_3D ( 'NONE', #1510, #4071, #5012 ) ;
#5670 = EDGE_LOOP ( 'NONE', ( #9306, #11164, #8025, #1591 ) ) ;
#5671 = FACE_OUTER_BOUND ( 'NONE', #2208, .T. ) ;
#5673 = VERTEX_POINT ( 'NONE', #2744 ) ;
#5672 = DIRECTION ( 'NONE',  ( -1.000000000000000000, 0.000000000000000000, 0.000000000000000000 ) ) ;
#5674 = ORIENTED_EDGE ( 'NONE', *, *, #2446, .F. ) ;
#5675 = CIRCLE ( 'NONE', #3350, 2.000000000000029310 ) ;
#5676 = ORIENTED_EDGE ( 'NONE', *, *, #3572, .T. ) ;
#5677 = ORIENTED_EDGE ( 'NONE', *, *, #910, .F. ) ;
#5678 = EDGE_CURVE ( 'NONE', #2393, #10382, #8788, .T. ) ;
#5679 = CARTESIAN_POINT ( 'NONE',  ( 3.000000000000005329, 17.15000000000001990, 9.000000000063492323 ) ) ;
#5680 = CARTESIAN_POINT ( 'NONE',  ( 70.00000000000019895, 3.000000000000000000, -122.9712352769500541 ) ) ;
#5681 = FACE_OUTER_BOUND ( 'NONE', #3589, .T. ) ;
#5682 = LINE ( 'NONE', #8385, #9572 ) ;
#5683 = CARTESIAN_POINT ( 'NONE',  ( 7.000000000000002665, 50.49999999999998579, 66.59999999999999432 ) ) ;
#5684 = EDGE_CURVE ( 'NONE', #1221, #10173, #9418, .T. ) ;
#5685 = EDGE_CURVE ( 'NONE', #8886, #10585, #3813, .T. ) ;
#5686 = ADVANCED_FACE ( 'NONE', ( #9465 ), #274, .T. ) ;
#5687 = EDGE_LOOP ( 'NONE', ( #4183, #7434, #4844, #2958, #11811 ) ) ;
#5688 = DIRECTION ( 'NONE',  ( 0.000000000000000000, 0.000000000000000000, -1.000000000000000000 ) ) ;
#5689 = VECTOR ( 'NONE', #8672, 1000.000000000000000 ) ;
#5690 = AXIS2_PLACEMENT_3D ( 'NONE', #11668, #1173, #2034 ) ;
#5691 = ORIENTED_EDGE ( 'NONE', *, *, #9729, .F. ) ;
#5692 = LINE ( 'NONE', #6361, #9612 ) ;
#5693 = CARTESIAN_POINT ( 'NONE',  ( 5.000000000000000888, 55.50000000000000000, 22.09999999999999432 ) ) ;
#5694 = ORIENTED_EDGE ( 'NONE', *, *, #990, .F. ) ;
#5695 = FACE_BOUND ( 'NONE', #966, .T. ) ;
#5696 = ORIENTED_EDGE ( 'NONE', *, *, #7916, .T. ) ;
#5697 = LINE ( 'NONE', #9382, #10111 ) ;
#5698 = DIRECTION ( 'NONE',  ( 0.000000000000000000, 0.000000000000000000, -1.000000000000000000 ) ) ;
#5699 = ORIENTED_EDGE ( 'NONE', *, *, #7010, .T. ) ;
#5700 = CARTESIAN_POINT ( 'NONE',  ( -0.5000000000000247580, 20.00000000000002132, 5.750000000064023453 ) ) ;
#5701 = VECTOR ( 'NONE', #11850, 1000.000000000000000 ) ;
#5702 = CARTESIAN_POINT ( 'NONE',  ( 73.00000000000017053, 10.00000000000000000, 10.00000000000003020 ) ) ;
#5703 = EDGE_CURVE ( 'NONE', #9066, #5881, #936, .T. ) ;
#5704 = VECTOR ( 'NONE', #7452, 1000.000000000000114 ) ;
#5705 = ADVANCED_FACE ( 'NONE', ( #9222 ), #2070, .F. ) ;
#5706 = LINE ( 'NONE', #270, #9874 ) ;
#5707 = DIRECTION ( 'NONE',  ( -8.195446571860579663E-34, 1.000000000000000000, -0.000000000000000000 ) ) ;
#5708 = CARTESIAN_POINT ( 'NONE',  ( 81.00000000000019895, 3.000000000000000000, 10.00000000000003020 ) ) ;
#5709 = ORIENTED_EDGE ( 'NONE', *, *, #871, .F. ) ;
#5710 = VERTEX_POINT ( 'NONE', #3032 ) ;
#5711 = ADVANCED_FACE ( 'NONE', ( #4959 ), #9631, .F. ) ;
#5712 = AXIS2_PLACEMENT_3D ( 'NONE', #7394, #8917, #9875 ) ;
#5713 = VECTOR ( 'NONE', #2044, 1000.000000000000000 ) ;
#5714 = FACE_BOUND ( 'NONE', #10673, .T. ) ;
#5715 = DIRECTION ( 'NONE',  ( -0.09950371902099898469, -0.9950371902099891530, 0.000000000000000000 ) ) ;
#5716 = LINE ( 'NONE', #10781, #9890 ) ;
#5717 = EDGE_CURVE ( 'NONE', #9237, #7476, #9313, .T. ) ;
#5718 = EDGE_LOOP ( 'NONE', ( #9107, #10392, #4882, #7085 ) ) ;
#5719 = LINE ( 'NONE', #4435, #1343 ) ;
#5720 = ORIENTED_EDGE ( 'NONE', *, *, #4974, .T. ) ;
#5721 = CARTESIAN_POINT ( 'NONE',  ( 81.00000000000018474, 2.499999999999976907, 60.09999999999996589 ) ) ;
#5722 = VECTOR ( 'NONE', #11105, 1000.000000000000000 ) ;
#5723 = CONICAL_SURFACE ( 'NONE', #1305, 2.000000000000112799, 0.7853981633974533860 ) ;
#5724 = EDGE_CURVE ( 'NONE', #2872, #5228, #9216, .T. ) ;
#5725 = ORIENTED_EDGE ( 'NONE', *, *, #1006, .T. ) ;
#5726 = PLANE ( 'NONE',  #4971 ) ;
#5727 = DIRECTION ( 'NONE',  ( -1.000000000000000000, -8.195446571860579663E-34, 1.427755947306016137E-16 ) ) ;
#5728 = VECTOR ( 'NONE', #7024, 1000.000000000000000 ) ;
#5729 = CIRCLE ( 'NONE', #4414, 1.500000000000029088 ) ;
#5730 = AXIS2_PLACEMENT_3D ( 'NONE', #9298, #11174, #5407 ) ;
#5731 = PLANE ( 'NONE',  #8052 ) ;
#5732 = EDGE_LOOP ( 'NONE', ( #1141, #3046, #6618, #9182 ) ) ;
#5733 = CARTESIAN_POINT ( 'NONE',  ( 114.5000000000000284, -1.639089314372085827E-33, -9.499999999999992895 ) ) ;
#5734 = ORIENTED_EDGE ( 'NONE', *, *, #6118, .T. ) ;
#5735 = ORIENTED_EDGE ( 'NONE', *, *, #2963, .F. ) ;
#5736 = DIRECTION ( 'NONE',  ( -1.141265444721583018E-16, 1.000000000000000000, -0.000000000000000000 ) ) ;
#5737 = LINE ( 'NONE', #9751, #1698 ) ;
#5738 = VERTEX_POINT ( 'NONE', #6981 ) ;
#5739 = AXIS2_PLACEMENT_3D ( 'NONE', #774, #5672, #3826 ) ;
#5740 = CARTESIAN_POINT ( 'NONE',  ( 105.5000000000000284, 6.500000000000025757, 69.59999999999999432 ) ) ;
#5741 = ORIENTED_EDGE ( 'NONE', *, *, #8644, .F. ) ;
#5743 = ORIENTED_EDGE ( 'NONE', *, *, #3208, .T. ) ;
#5742 = CARTESIAN_POINT ( 'NONE',  ( 42.00000000000015632, 0.5000000000000125455, 10.00000000000003020 ) ) ;
#5744 = EDGE_CURVE ( 'NONE', #7786, #1564, #1101, .T. ) ;
#5745 = ORIENTED_EDGE ( 'NONE', *, *, #3041, .T. ) ;
#5746 = FACE_OUTER_BOUND ( 'NONE', #11557, .T. ) ;
#5747 = DIRECTION ( 'NONE',  ( 8.195446571860579663E-34, -1.000000000000000000, -0.000000000000000000 ) ) ;
#5748 = LINE ( 'NONE', #2049, #5809 ) ;
#5749 = CARTESIAN_POINT ( 'NONE',  ( 14.00000000000000888, 3.000000000000000000, 58.59999999999996589 ) ) ;
#5750 = ORIENTED_EDGE ( 'NONE', *, *, #2021, .F. ) ;
#5751 = ADVANCED_FACE ( 'NONE', ( #5426 ), #3128, .F. ) ;
#5752 = VECTOR ( 'NONE', #6198, 1000.000000000000000 ) ;
#5753 = CARTESIAN_POINT ( 'NONE',  ( 5.000000000000007105, 5.999999999999991118, 64.59999999999993747 ) ) ;
#5754 = EDGE_CURVE ( 'NONE', #6309, #7112, #6884, .T. ) ;
#5755 = ORIENTED_EDGE ( 'NONE', *, *, #6161, .T. ) ;
#5756 = CARTESIAN_POINT ( 'NONE',  ( 24.50000000000015277, 3.000000000000000000, -122.9712352769500541 ) ) ;
#5757 = DIRECTION ( 'NONE',  ( 0.7071067811865621167, 8.659560562355110352E-17, -0.7071067811865329178 ) ) ;
#5758 = LINE ( 'NONE', #5249, #9877 ) ;
#5759 = ORIENTED_EDGE ( 'NONE', *, *, #11844, .F. ) ;
#5760 = DIRECTION ( 'NONE',  ( -0.5773502691896259531, -0.5773502691896185146, -0.5773502691896329475 ) ) ;
#5761 = AXIS2_PLACEMENT_3D ( 'NONE', #1181, #9994, #1333 ) ;
#5762 = LINE ( 'NONE', #2866, #5879 ) ;
#5763 = ORIENTED_EDGE ( 'NONE', *, *, #8858, .T. ) ;
#5764 = DIRECTION ( 'NONE',  ( 0.000000000000000000, 0.000000000000000000, -1.000000000000000000 ) ) ;
#5765 = DIRECTION ( 'NONE',  ( 2.855511894612032274E-16, 0.000000000000000000, -1.000000000000000000 ) ) ;
#5766 = ORIENTED_EDGE ( 'NONE', *, *, #4991, .T. ) ;
#5767 = ORIENTED_EDGE ( 'NONE', *, *, #5663, .F. ) ;
#5768 = LINE ( 'NONE', #3513, #9887 ) ;
#5769 = CARTESIAN_POINT ( 'NONE',  ( 0.5000000000000075495, 59.99999999999998579, -10.00000000000000000 ) ) ;
#5770 = ORIENTED_EDGE ( 'NONE', *, *, #4742, .T. ) ;
#5771 = CARTESIAN_POINT ( 'NONE',  ( 35.50000000000014921, 0.5000000000000125455, 10.00000000000003020 ) ) ;
#5772 = CARTESIAN_POINT ( 'NONE',  ( 0.5000000000000027756, 35.49999999999998579, 42.59999999999998721 ) ) ;
#5773 = ORIENTED_EDGE ( 'NONE', *, *, #9099, .T. ) ;
#5774 = VERTEX_POINT ( 'NONE', #6605 ) ;
#5775 = CARTESIAN_POINT ( 'NONE',  ( 2.000000000000000444, 52.49999999999998579, 49.24999999999999289 ) ) ;
#5776 = EDGE_CURVE ( 'NONE', #9986, #10321, #11464, .T. ) ;
#5777 = LINE ( 'NONE', #2096, #9743 ) ;
#5778 = ADVANCED_FACE ( 'NONE', ( #8436 ), #12388, .F. ) ;
#5779 = CARTESIAN_POINT ( 'NONE',  ( 7.000000000000006217, 6.000000000000012434, 0.000000000000000000 ) ) ;
#5780 = LINE ( 'NONE', #6559, #9996 ) ;
#5781 = EDGE_CURVE ( 'NONE', #10608, #10469, #6303, .T. ) ;
#5782 = DIRECTION ( 'NONE',  ( 5.795055845814634458E-34, -0.7071067811865444641, -0.7071067811865505703 ) ) ;
#5783 = AXIS2_PLACEMENT_3D ( 'NONE', #9878, #923, #10850 ) ;
#5784 = CARTESIAN_POINT ( 'NONE',  ( 4.999999999999995559, 94.38206424791439986, -79.08917102903559737 ) ) ;
#5785 = LINE ( 'NONE', #3247, #1884 ) ;
#5786 = CONICAL_SURFACE ( 'NONE', #7248, 0.9999999999999870104, 0.7853981633974609355 ) ;
#5787 = PLANE ( 'NONE',  #973 ) ;
#5788 = CARTESIAN_POINT ( 'NONE',  ( 61.50000000000015632, 3.000000000000000000, 58.59999999999996589 ) ) ;
#5789 = ORIENTED_EDGE ( 'NONE', *, *, #4265, .T. ) ;
#5790 = DIRECTION ( 'NONE',  ( 0.000000000000000000, 0.000000000000000000, -1.000000000000000000 ) ) ;
#5791 = ORIENTED_EDGE ( 'NONE', *, *, #3593, .T. ) ;
#5792 = ORIENTED_EDGE ( 'NONE', *, *, #3608, .T. ) ;
#5793 = FACE_OUTER_BOUND ( 'NONE', #4571, .T. ) ;
#5794 = VERTEX_POINT ( 'NONE', #6837 ) ;
#5795 = FACE_OUTER_BOUND ( 'NONE', #6765, .T. ) ;
#5796 = FACE_OUTER_BOUND ( 'NONE', #9089, .T. ) ;
#5797 = LINE ( 'NONE', #9080, #1452 ) ;
#5798 = ORIENTED_EDGE ( 'NONE', *, *, #11254, .F. ) ;
#5799 = EDGE_CURVE ( 'NONE', #844, #12106, #2068, .T. ) ;
#5800 = VERTEX_POINT ( 'NONE', #28 ) ;
#5801 = CARTESIAN_POINT ( 'NONE',  ( -0.9999999999999954481, 20.00000000000002132, 5.750000000064023453 ) ) ;
#5802 = DIRECTION ( 'NONE',  ( 1.000000000000000000, 0.000000000000000000, 0.000000000000000000 ) ) ;
#5803 = ADVANCED_FACE ( 'NONE', ( #2849 ), #1207, .T. ) ;
#5804 = EDGE_CURVE ( 'NONE', #2391, #9238, #2500, .T. ) ;
#5805 = AXIS2_PLACEMENT_3D ( 'NONE', #5115, #5993, #7780 ) ;
#5806 = ORIENTED_EDGE ( 'NONE', *, *, #11978, .F. ) ;
#5807 = ORIENTED_EDGE ( 'NONE', *, *, #4680, .T. ) ;
#5808 = VECTOR ( 'NONE', #415, 1000.000000000000000 ) ;
#5809 = VECTOR ( 'NONE', #3038, 999.9999999999998863 ) ;
#5810 = AXIS2_PLACEMENT_3D ( 'NONE', #80, #2142, #872 ) ;
#5811 = ORIENTED_EDGE ( 'NONE', *, *, #9689, .F. ) ;
#5812 = VECTOR ( 'NONE', #1203, 1000.000000000000000 ) ;
#5813 = DIRECTION ( 'NONE',  ( 1.577021341797097314E-16, -1.000000000000000000, 0.000000000000000000 ) ) ;
#5814 = LINE ( 'NONE', #11124, #1717 ) ;
#5815 = CARTESIAN_POINT ( 'NONE',  ( 100.5000000000002274, 3.000000000000000000, 58.59999999999996589 ) ) ;
#5816 = EDGE_CURVE ( 'NONE', #10701, #7316, #2980, .T. ) ;
#5817 = CARTESIAN_POINT ( 'NONE',  ( 68.00000000000018474, 0.4999999999999917843, 8.500000000000028422 ) ) ;
#5818 = ORIENTED_EDGE ( 'NONE', *, *, #3580, .F. ) ;
#5819 = CONICAL_SURFACE ( 'NONE', #10104, 2.000000000000029310, 0.7853981633974396193 ) ;
#5820 = EDGE_CURVE ( 'NONE', #10832, #10133, #7066, .T. ) ;
#5821 = EDGE_CURVE ( 'NONE', #1299, #1182, #12056, .T. ) ;
#5822 = ORIENTED_EDGE ( 'NONE', *, *, #10990, .T. ) ;
#5823 = CARTESIAN_POINT ( 'NONE',  ( 69.50000000000017053, 0.4999999999999917843, 58.59999999999996589 ) ) ;
#5824 = ORIENTED_EDGE ( 'NONE', *, *, #3367, .F. ) ;
#5825 = EDGE_LOOP ( 'NONE', ( #8891, #3057, #3647, #4028, #2502 ) ) ;
#5826 = VERTEX_POINT ( 'NONE', #10936 ) ;
#5827 = DIRECTION ( 'NONE',  ( 0.7071067811865363595, 0.7071067811865586750, 0.000000000000000000 ) ) ;
#5828 = CARTESIAN_POINT ( 'NONE',  ( 56.50000000000016342, 0.4999999999999848455, 10.00000000000003020 ) ) ;
#5829 = AXIS2_PLACEMENT_3D ( 'NONE', #4513, #9259, #8734 ) ;
#5830 = VECTOR ( 'NONE', #2716, 1000.000000000000000 ) ;
#5831 = DIRECTION ( 'NONE',  ( 0.000000000000000000, 0.000000000000000000, -1.000000000000000000 ) ) ;
#5832 = CARTESIAN_POINT ( 'NONE',  ( 9.000000000000003553, 33.50000000000178346, 9.500000000063488770 ) ) ;
#5833 = ORIENTED_EDGE ( 'NONE', *, *, #12040, .F. ) ;
#5834 = DIRECTION ( 'NONE',  ( -0.7071067811865500152, 0.000000000000000000, -0.7071067811865451302 ) ) ;
#5835 = DIRECTION ( 'NONE',  ( 0.000000000000000000, 0.000000000000000000, -1.000000000000000000 ) ) ;
#5836 = EDGE_CURVE ( 'NONE', #5005, #6000, #7985, .T. ) ;
#5837 = PLANE ( 'NONE',  #2743 ) ;
#5838 = DIRECTION ( 'NONE',  ( 0.000000000000000000, -1.000000000000000000, 0.000000000000000000 ) ) ;
#5839 = CARTESIAN_POINT ( 'NONE',  ( 9.000000000000003553, 33.50000000000178346, 38.40000000006348557 ) ) ;
#5840 = ORIENTED_EDGE ( 'NONE', *, *, #212, .T. ) ;
#5841 = LINE ( 'NONE', #8952, #9730 ) ;
#5842 = DIRECTION ( 'NONE',  ( -9.038361193080950981E-17, 0.7071067811865479058, -0.7071067811865472397 ) ) ;
#5843 = ORIENTED_EDGE ( 'NONE', *, *, #6233, .T. ) ;
#5844 = VECTOR ( 'NONE', #498, 1000.000000000000000 ) ;
#5845 = CARTESIAN_POINT ( 'NONE',  ( 102.0000000000002416, 10.00000000000000000, 58.59999999999996589 ) ) ;
#5846 = EDGE_CURVE ( 'NONE', #2450, #2039, #12177, .T. ) ;
#5847 = EDGE_LOOP ( 'NONE', ( #10353, #11713, #3585, #6557 ) ) ;
#5848 = ADVANCED_FACE ( 'NONE', ( #3907 ), #1026, .F. ) ;
#5849 = LINE ( 'NONE', #5327, #1734 ) ;
#5850 = DIRECTION ( 'NONE',  ( -1.000000000000000000, -1.147978770867005115E-16, -0.000000000000000000 ) ) ;
#5851 = CIRCLE ( 'NONE', #380, 1.500000000000001332 ) ;
#5852 = VECTOR ( 'NONE', #3296, 1000.000000000000227 ) ;
#5853 = AXIS2_PLACEMENT_3D ( 'NONE', #572, #2316, #6171 ) ;
#5854 = DIRECTION ( 'NONE',  ( 0.000000000000000000, 0.000000000000000000, -1.000000000000000000 ) ) ;
#5855 = VECTOR ( 'NONE', #3261, 1000.000000000000000 ) ;
#5856 = DIRECTION ( 'NONE',  ( 2.855511894612032274E-16, 2.340219516760528775E-49, -1.000000000000000000 ) ) ;
#5857 = EDGE_LOOP ( 'NONE', ( #3043, #4025, #8021, #1998 ) ) ;
#5858 = VERTEX_POINT ( 'NONE', #90 ) ;
#5859 = DIRECTION ( 'NONE',  ( 0.000000000000000000, -1.000000000000000000, 0.000000000000000000 ) ) ;
#5860 = PLANE ( 'NONE',  #541 ) ;
#5861 = CARTESIAN_POINT ( 'NONE',  ( 82.50000000000018474, 0.5000000000000195399, 58.59999999999996589 ) ) ;
#5862 = CARTESIAN_POINT ( 'NONE',  ( 5.000000000000000888, 55.49999999999999289, 52.09999999999999432 ) ) ;
#5863 = AXIS2_PLACEMENT_3D ( 'NONE', #8962, #11875, #3324 ) ;
#5864 = CARTESIAN_POINT ( 'NONE',  ( 63.50000000000020606, -4.343586683086089004E-32, 10.00000000000003020 ) ) ;
#5865 = ORIENTED_EDGE ( 'NONE', *, *, #9924, .F. ) ;
#5866 = LINE ( 'NONE', #4029, #1810 ) ;
#5867 = EDGE_LOOP ( 'NONE', ( #7947, #9973, #2033, #11232 ) ) ;
#5868 = ORIENTED_EDGE ( 'NONE', *, *, #11121, .F. ) ;
#5869 = LINE ( 'NONE', #5120, #10131 ) ;
#5870 = VERTEX_POINT ( 'NONE', #7485 ) ;
#5871 = ORIENTED_EDGE ( 'NONE', *, *, #9927, .F. ) ;
#5872 = EDGE_CURVE ( 'NONE', #238, #2807, #9378, .T. ) ;
#5873 = ORIENTED_EDGE ( 'NONE', *, *, #9241, .F. ) ;
#5874 = LINE ( 'NONE', #11987, #5722 ) ;
#5875 = FACE_OUTER_BOUND ( 'NONE', #7515, .T. ) ;
#5876 = EDGE_CURVE ( 'NONE', #10367, #3602, #1346, .T. ) ;
#5877 = ADVANCED_FACE ( 'NONE', ( #1279 ), #10472, .F. ) ;
#5878 = AXIS2_PLACEMENT_3D ( 'NONE', #4508, #10149, #8421 ) ;
#5879 = VECTOR ( 'NONE', #11122, 1000.000000000000000 ) ;
#5880 = CARTESIAN_POINT ( 'NONE',  ( 116.5000000000000000, 9.000000000000001776, 69.09999999999998010 ) ) ;
#5881 = VERTEX_POINT ( 'NONE', #7643 ) ;
#5882 = EDGE_CURVE ( 'NONE', #11008, #9604, #9844, .T. ) ;
#5883 = LINE ( 'NONE', #7439, #2003 ) ;
#5884 = CARTESIAN_POINT ( 'NONE',  ( 104.5000000000000142, 12.49999999999999467, 69.59999999999999432 ) ) ;
#5885 = DIRECTION ( 'NONE',  ( -1.000000000000000000, 1.355252715606880851E-17, -0.000000000000000000 ) ) ;
#5886 = VERTEX_POINT ( 'NONE', #7571 ) ;
#5887 = CARTESIAN_POINT ( 'NONE',  ( 68.00000000000018474, 0.4999999999999917843, 8.500000000000028422 ) ) ;
#5888 = FACE_BOUND ( 'NONE', #816, .T. ) ;
#5889 = ORIENTED_EDGE ( 'NONE', *, *, #11127, .T. ) ;
#5890 = VERTEX_POINT ( 'NONE', #11450 ) ;
#5891 = VECTOR ( 'NONE', #4550, 1000.000000000000000 ) ;
#5892 = ORIENTED_EDGE ( 'NONE', *, *, #7168, .F. ) ;
#5893 = VERTEX_POINT ( 'NONE', #10394 ) ;
#5894 = ORIENTED_EDGE ( 'NONE', *, *, #8776, .F. ) ;
#5895 = VECTOR ( 'NONE', #9346, 1000.000000000000114 ) ;
#5896 = CARTESIAN_POINT ( 'NONE',  ( 0.5000000000000013323, 48.99999999999997868, 64.59999999999999432 ) ) ;
#5897 = EDGE_CURVE ( 'NONE', #2457, #10367, #6539, .T. ) ;
#5898 = CARTESIAN_POINT ( 'NONE',  ( 81.00000000000018474, -2.909383533010490154E-32, 58.59999999999996589 ) ) ;
#5899 = DIRECTION ( 'NONE',  ( 0.000000000000000000, 0.000000000000000000, -1.000000000000000000 ) ) ;
#5900 = EDGE_LOOP ( 'NONE', ( #7237, #8990, #8066, #601, #5954 ) ) ;
#5901 = VECTOR ( 'NONE', #2058, 1000.000000000000000 ) ;
#5902 = VERTEX_POINT ( 'NONE', #2825 ) ;
#5903 = EDGE_CURVE ( 'NONE', #885, #7932, #6974, .T. ) ;
#5904 = ORIENTED_EDGE ( 'NONE', *, *, #11876, .F. ) ;
#5905 = ADVANCED_FACE ( 'NONE', ( #6674 ), #1743, .F. ) ;
#5906 = CARTESIAN_POINT ( 'NONE',  ( 4.000000000000000000, 55.49999999999999289, 52.09999999999999432 ) ) ;
#5907 = DIRECTION ( 'NONE',  ( 1.124357808503486235E-16, -1.000000000000000000, -0.000000000000000000 ) ) ;
#5908 = EDGE_CURVE ( 'NONE', #9696, #2684, #2540, .T. ) ;
#5909 = ORIENTED_EDGE ( 'NONE', *, *, #3241, .F. ) ;
#5910 = ORIENTED_EDGE ( 'NONE', *, *, #9956, .T. ) ;
#5911 = VERTEX_POINT ( 'NONE', #6507 ) ;
#5912 = AXIS2_PLACEMENT_3D ( 'NONE', #3948, #190, #2344 ) ;
#5913 = CARTESIAN_POINT ( 'NONE',  ( 87.50000000000018474, 2.499999999999976907, 58.59999999999996589 ) ) ;
#5914 = CARTESIAN_POINT ( 'NONE',  ( 1.999999999999896749, 52.49999999999998579, 24.94999999999999218 ) ) ;
#5915 = CARTESIAN_POINT ( 'NONE',  ( 106.0000000000000284, 4.999999999999999112, -9.499999999999996447 ) ) ;
#5916 = CARTESIAN_POINT ( 'NONE',  ( 3.999999999999896971, 59.99999999999997868, 18.74999999999999645 ) ) ;
#5917 = DIRECTION ( 'NONE',  ( -8.195446571860579663E-34, 1.000000000000000000, 0.000000000000000000 ) ) ;
#5918 = CARTESIAN_POINT ( 'NONE',  ( 116.5000000000000000, 9.000000000000001776, -9.499999999999996447 ) ) ;
#5919 = FACE_OUTER_BOUND ( 'NONE', #6661, .T. ) ;
#5920 = DIRECTION ( 'NONE',  ( -1.284980352575412946E-16, 1.000000000000000000, -5.139921410301651782E-16 ) ) ;
#5921 = VECTOR ( 'NONE', #289, 1000.000000000000114 ) ;
#5922 = VERTEX_POINT ( 'NONE', #10553 ) ;
#5923 = DIRECTION ( 'NONE',  ( 0.000000000000000000, 0.000000000000000000, 1.000000000000000000 ) ) ;
#5924 = DIRECTION ( 'NONE',  ( 0.000000000000000000, 0.000000000000000000, -1.000000000000000000 ) ) ;
#5925 = CARTESIAN_POINT ( 'NONE',  ( 14.00000000000000533, 57.49999999999997158, 69.09999999999998010 ) ) ;
#5926 = DIRECTION ( 'NONE',  ( 0.000000000000000000, -1.000000000000000000, 0.000000000000000000 ) ) ;
#5927 = LINE ( 'NONE', #4913, #1787 ) ;
#5928 = ORIENTED_EDGE ( 'NONE', *, *, #3688, .T. ) ;
#5929 = ADVANCED_FACE ( 'NONE', ( #3378 ), #3689, .F. ) ;
#5930 = FACE_BOUND ( 'NONE', #11083, .T. ) ;
#5931 = ORIENTED_EDGE ( 'NONE', *, *, #8548, .T. ) ;
#5932 = DIRECTION ( 'NONE',  ( 1.000000000000000000, 1.141265444721583018E-16, 0.000000000000000000 ) ) ;
#5933 = EDGE_CURVE ( 'NONE', #3185, #3577, #3867, .T. ) ;
#5934 = EDGE_LOOP ( 'NONE', ( #11855, #10422, #2311, #5948 ) ) ;
#5935 = CYLINDRICAL_SURFACE ( 'NONE', #1029, 0.5000000000000022204 ) ;
#5936 = CARTESIAN_POINT ( 'NONE',  ( 63.00000000000017053, 2.499999999999984013, 58.59999999999996589 ) ) ;
#5937 = AXIS2_PLACEMENT_3D ( 'NONE', #330, #2411, #1093 ) ;
#5938 = ORIENTED_EDGE ( 'NONE', *, *, #9729, .T. ) ;
#5939 = CARTESIAN_POINT ( 'NONE',  ( 85.50000000000014211, -2.540588437276766644E-32, 58.59999999999996589 ) ) ;
#5940 = CARTESIAN_POINT ( 'NONE',  ( 3.000000000000008882, 6.500000000001787015, 38.40000000006349268 ) ) ;
#5941 = FACE_OUTER_BOUND ( 'NONE', #11188, .T. ) ;
#5942 = CARTESIAN_POINT ( 'NONE',  ( 3.000000000000004441, 22.85000000000002274, 9.000000000063517192 ) ) ;
#5943 = VECTOR ( 'NONE', #8363, 999.9999999999998863 ) ;
#5944 = DIRECTION ( 'NONE',  ( -0.7071067811865390240, 1.226634733346717454E-15, -0.7071067811865561215 ) ) ;
#5945 = CARTESIAN_POINT ( 'NONE',  ( 82.50000000000018474, 0.5000000000000195399, 58.59999999999996589 ) ) ;
#5946 = DIRECTION ( 'NONE',  ( 0.000000000000000000, -1.000000000000000000, 0.000000000000000000 ) ) ;
#5947 = CARTESIAN_POINT ( 'NONE',  ( 3.000000000000004441, 18.30000000000002203, 5.750000000064023453 ) ) ;
#5948 = ORIENTED_EDGE ( 'NONE', *, *, #6391, .F. ) ;
#5949 = VERTEX_POINT ( 'NONE', #2897 ) ;
#5950 = DIRECTION ( 'NONE',  ( 1.278217298088174232E-16, -1.000000000000000000, 0.000000000000000000 ) ) ;
#5951 = PLANE ( 'NONE',  #12380 ) ;
#5952 = ORIENTED_EDGE ( 'NONE', *, *, #9587, .T. ) ;
#5953 = LINE ( 'NONE', #8719, #1612 ) ;
#5954 = ORIENTED_EDGE ( 'NONE', *, *, #1864, .T. ) ;
#5955 = VERTEX_POINT ( 'NONE', #11300 ) ;
#5956 = EDGE_CURVE ( 'NONE', #1178, #5886, #7707, .T. ) ;
#5957 = ADVANCED_FACE ( 'NONE', ( #3546 ), #2975, .F. ) ;
#5958 = EDGE_CURVE ( 'NONE', #8245, #6251, #7730, .T. ) ;
#5959 = LINE ( 'NONE', #8277, #1874 ) ;
#5960 = AXIS2_PLACEMENT_3D ( 'NONE', #4274, #2591, #574 ) ;
#5961 = EDGE_LOOP ( 'NONE', ( #866, #2463, #7713, #3478 ) ) ;
#5962 = CARTESIAN_POINT ( 'NONE',  ( 69.50000000000017053, 0.4999999999999917843, 10.00000000000003020 ) ) ;
#5963 = CARTESIAN_POINT ( 'NONE',  ( 116.0000000000000000, 2.207106781186543909, 69.59999999999999432 ) ) ;
#5964 = CARTESIAN_POINT ( 'NONE',  ( 99.00000000000021316, 2.499999999999991118, 58.59999999999996589 ) ) ;
#5965 = EDGE_LOOP ( 'NONE', ( #725, #7374, #9815, #9475 ) ) ;
#5966 = ORIENTED_EDGE ( 'NONE', *, *, #11375, .F. ) ;
#5967 = LINE ( 'NONE', #3717, #10007 ) ;
#5968 = CARTESIAN_POINT ( 'NONE',  ( 4.500000000000003553, 33.50000000000178346, 38.00000000006348699 ) ) ;
#5969 = ORIENTED_EDGE ( 'NONE', *, *, #7070, .T. ) ;
#5970 = ORIENTED_EDGE ( 'NONE', *, *, #8008, .T. ) ;
#5971 = ORIENTED_EDGE ( 'NONE', *, *, #11729, .F. ) ;
#5972 = VECTOR ( 'NONE', #8663, 1000.000000000000114 ) ;
#5973 = EDGE_CURVE ( 'NONE', #9769, #8818, #4258, .T. ) ;
#5974 = CARTESIAN_POINT ( 'NONE',  ( 74.50000000000018474, 10.00000000000000000, 10.00000000000003020 ) ) ;
#5975 = ORIENTED_EDGE ( 'NONE', *, *, #11159, .F. ) ;
#5976 = CARTESIAN_POINT ( 'NONE',  ( 60.00000000000014921, 2.499999999999984013, 58.59999999999996589 ) ) ;
#5977 = CARTESIAN_POINT ( 'NONE',  ( 66.50000000000017053, 0.4999999999999917843, 58.59999999999996589 ) ) ;
#5978 = VECTOR ( 'NONE', #11403, 1000.000000000000000 ) ;
#5979 = DIRECTION ( 'NONE',  ( 1.000000000000000000, -1.245442495573092286E-16, 0.000000000000000000 ) ) ;
#5980 = ADVANCED_FACE ( 'NONE', ( #8684 ), #9661, .T. ) ;
#5981 = ORIENTED_EDGE ( 'NONE', *, *, #1238, .T. ) ;
#5982 = CARTESIAN_POINT ( 'NONE',  ( 4.999999999999991118, 122.8391710291009105, -50.63206424784938520 ) ) ;
#5983 = VECTOR ( 'NONE', #3521, 1000.000000000000114 ) ;
#5984 = ORIENTED_EDGE ( 'NONE', *, *, #752, .T. ) ;
#5985 = AXIS2_PLACEMENT_3D ( 'NONE', #3808, #6549, #2775 ) ;
#5986 = ORIENTED_EDGE ( 'NONE', *, *, #12322, .T. ) ;
#5987 = DIRECTION ( 'NONE',  ( 0.000000000000000000, 0.000000000000000000, 1.000000000000000000 ) ) ;
#5988 = DIRECTION ( 'NONE',  ( -1.000000000000000000, -1.147978770867005362E-16, -0.000000000000000000 ) ) ;
#5989 = EDGE_LOOP ( 'NONE', ( #2883, #3109, #1365, #487 ) ) ;
#5990 = EDGE_CURVE ( 'NONE', #7503, #1659, #628, .T. ) ;
#5991 = ORIENTED_EDGE ( 'NONE', *, *, #3555, .T. ) ;
#5992 = DIRECTION ( 'NONE',  ( 0.000000000000000000, 1.000000000000000000, 0.000000000000000000 ) ) ;
#5993 = DIRECTION ( 'NONE',  ( -8.117435735382567661E-17, 0.7071067811865472397, -0.7071067811865479058 ) ) ;
#5994 = DIRECTION ( 'NONE',  ( 1.427755947306016137E-16, 1.170109758380264387E-49, 1.000000000000000000 ) ) ;
#5995 = LINE ( 'NONE', #6203, #10571 ) ;
#5996 = PLANE ( 'NONE',  #9992 ) ;
#5997 = DIRECTION ( 'NONE',  ( -0.000000000000000000, 1.000000000000000000, -0.000000000000000000 ) ) ;
#5998 = DIRECTION ( 'NONE',  ( -4.906538933386797242E-15, 0.7071067811865475727, -0.7071067811865475727 ) ) ;
#5999 = EDGE_LOOP ( 'NONE', ( #5734, #123, #186, #3919 ) ) ;
#6000 = VERTEX_POINT ( 'NONE', #3422 ) ;
#6001 = CARTESIAN_POINT ( 'NONE',  ( -0.9999999999999972244, 34.99999999999998579, 44.09999999999998721 ) ) ;
#6002 = LINE ( 'NONE', #2617, #10290 ) ;
#6003 = ORIENTED_EDGE ( 'NONE', *, *, #2717, .F. ) ;
#6004 = DIRECTION ( 'NONE',  ( 2.855511894612032274E-16, 0.000000000000000000, 1.000000000000000000 ) ) ;
#6005 = LINE ( 'NONE', #6297, #5921 ) ;
#6006 =( NAMED_UNIT ( * ) SI_UNIT ( $, .STERADIAN. ) SOLID_ANGLE_UNIT ( ) );
#6007 = DIRECTION ( 'NONE',  ( -1.147978770867005115E-16, 1.000000000000000000, 0.000000000000000000 ) ) ;
#6008 = EDGE_CURVE ( 'NONE', #6478, #9066, #8923, .T. ) ;
#6009 = VECTOR ( 'NONE', #6445, 1000.000000000000000 ) ;
#6010 = ADVANCED_FACE ( 'NONE', ( #1076 ), #9075, .F. ) ;
#6011 = CARTESIAN_POINT ( 'NONE',  ( 9.000000000000003553, 33.50000000000178346, 38.00000000006348699 ) ) ;
#6012 = VECTOR ( 'NONE', #7396, 1000.000000000000000 ) ;
#6013 = VERTEX_POINT ( 'NONE', #10125 ) ;
#6014 = VERTEX_POINT ( 'NONE', #8316 ) ;
#6015 = EDGE_LOOP ( 'NONE', ( #3274, #2270, #6995, #6503 ) ) ;
#6016 = AXIS2_PLACEMENT_3D ( 'NONE', #10129, #8158, #7382 ) ;
#6017 = DIRECTION ( 'NONE',  ( 2.168404344971036971E-16, -1.000000000000000000, 0.000000000000000000 ) ) ;
#6018 = EDGE_LOOP ( 'NONE', ( #4303, #12128, #3734, #7064, #6387 ) ) ;
#6019 = LINE ( 'NONE', #2621, #6105 ) ;
#6020 = VERTEX_POINT ( 'NONE', #544 ) ;
#6021 = ORIENTED_EDGE ( 'NONE', *, *, #1672, .F. ) ;
#6022 = DIRECTION ( 'NONE',  ( 0.000000000000000000, 0.000000000000000000, 1.000000000000000000 ) ) ;
#6023 = CARTESIAN_POINT ( 'NONE',  ( -0.4999999999999813483, 20.00000000000172662, 41.75000000006208012 ) ) ;
#6024 = VECTOR ( 'NONE', #5204, 999.9999999999998863 ) ;
#6025 = CARTESIAN_POINT ( 'NONE',  ( 70.00000000000019895, 3.000000000000000000, 58.59999999999996589 ) ) ;
#6026 = AXIS2_PLACEMENT_3D ( 'NONE', #9344, #10230, #11537 ) ;
#6027 = LINE ( 'NONE', #9226, #9926 ) ;
#6028 = DIRECTION ( 'NONE',  ( 0.000000000000000000, 0.000000000000000000, -1.000000000000000000 ) ) ;
#6029 = CARTESIAN_POINT ( 'NONE',  ( 29.00000000000012434, 10.00000000000000000, 58.59999999999996589 ) ) ;
#6030 = CARTESIAN_POINT ( 'NONE',  ( -0.5000000000000215383, 6.500000000001787015, 9.500000000063494099 ) ) ;
#6031 = CARTESIAN_POINT ( 'NONE',  ( 110.6464466094067518, 10.14644660940673404, 69.59999999999999432 ) ) ;
#6032 = EDGE_CURVE ( 'NONE', #940, #10360, #1163, .T. ) ;
#6033 = DIRECTION ( 'NONE',  ( 0.000000000000000000, 0.000000000000000000, -1.000000000000000000 ) ) ;
#6034 = CARTESIAN_POINT ( 'NONE',  ( 13.49999999999999822, 54.00000000000001421, 69.59999999999999432 ) ) ;
#6035 = DIRECTION ( 'NONE',  ( 8.069965350965016563E-17, -0.7071067811865382469, 0.7071067811865568986 ) ) ;
#6036 = LINE ( 'NONE', #3066, #10048 ) ;
#6037 = ADVANCED_FACE ( 'NONE', ( #6053 ), #5499, .T. ) ;
#6038 = ORIENTED_EDGE ( 'NONE', *, *, #9598, .F. ) ;
#6039 = CARTESIAN_POINT ( 'NONE',  ( 5.000000000000000888, 50.49999999999998579, 42.09999999999994458 ) ) ;
#6040 = EDGE_CURVE ( 'NONE', #6607, #3935, #1541, .T. ) ;
#6041 = VECTOR ( 'NONE', #721, 1000.000000000000000 ) ;
#6042 = EDGE_CURVE ( 'NONE', #2056, #11371, #1663, .T. ) ;
#6043 = ORIENTED_EDGE ( 'NONE', *, *, #12227, .F. ) ;
#6044 = VECTOR ( 'NONE', #11089, 1000.000000000000000 ) ;
#6045 = ORIENTED_EDGE ( 'NONE', *, *, #5591, .T. ) ;
#6046 = EDGE_LOOP ( 'NONE', ( #4707, #5438, #7654 ) ) ;
#6047 = AXIS2_PLACEMENT_3D ( 'NONE', #1847, #3622, #11742 ) ;
#6048 = ORIENTED_EDGE ( 'NONE', *, *, #3002, .T. ) ;
#6049 = CARTESIAN_POINT ( 'NONE',  ( 2.000000000000000444, 59.99999999999998579, 55.44999999999999574 ) ) ;
#6050 = LINE ( 'NONE', #10334, #1855 ) ;
#6051 = LINE ( 'NONE', #11708, #10185 ) ;
#6052 = DIRECTION ( 'NONE',  ( 2.855511894612032274E-16, 0.000000000000000000, 1.000000000000000000 ) ) ;
#6053 = FACE_OUTER_BOUND ( 'NONE', #8856, .T. ) ;
#6054 = ORIENTED_EDGE ( 'NONE', *, *, #7432, .F. ) ;
#6055 = CARTESIAN_POINT ( 'NONE',  ( 5.000000000000002665, 36.00000000000179057, -122.9712352769500541 ) ) ;
#6056 = EDGE_LOOP ( 'NONE', ( #4906, #4794, #2429, #2638 ) ) ;
#6057 = ORIENTED_EDGE ( 'NONE', *, *, #7559, .T. ) ;
#6058 = EDGE_CURVE ( 'NONE', #5482, #5800, #2162, .T. ) ;
#6059 = ADVANCED_FACE ( 'NONE', ( #5796 ), #1301, .F. ) ;
#6060 = CARTESIAN_POINT ( 'NONE',  ( 81.00000000000019895, -2.909383533010489060E-32, 10.00000000000003020 ) ) ;
#6061 = VERTEX_POINT ( 'NONE', #7118 ) ;
#6062 = PLANE ( 'NONE',  #11735 ) ;
#6063 = CARTESIAN_POINT ( 'NONE',  ( 40.50000000000012079, 2.499999999999984013, 58.59999999999996589 ) ) ;
#6064 = EDGE_CURVE ( 'NONE', #9609, #1991, #6432, .T. ) ;
#6065 = CIRCLE ( 'NONE', #10742, 2.000000000000008882 ) ;
#6066 = DIRECTION ( 'NONE',  ( 0.7071067811865402453, -0.7071067811865549002, 0.000000000000000000 ) ) ;
#6067 = CARTESIAN_POINT ( 'NONE',  ( 63.00000000000017053, 0.5000000000000125455, 58.59999999999996589 ) ) ;
#6068 = CONICAL_SURFACE ( 'NONE', #11972, 1.500000000000015099, 0.7853981633974430610 ) ;
#6069 = EDGE_CURVE ( 'NONE', #201, #6567, #10618, .T. ) ;
#6070 = AXIS2_PLACEMENT_3D ( 'NONE', #3363, #394, #8412 ) ;
#6071 = ORIENTED_EDGE ( 'NONE', *, *, #8205, .T. ) ;
#6072 = LINE ( 'NONE', #4814, #1933 ) ;
#6073 = ORIENTED_EDGE ( 'NONE', *, *, #1696, .F. ) ;
#6074 = EDGE_LOOP ( 'NONE', ( #10425, #4167, #2299, #2326 ) ) ;
#6075 = VECTOR ( 'NONE', #5831, 1000.000000000000000 ) ;
#6076 = DIRECTION ( 'NONE',  ( -1.427755947306016137E-16, 0.000000000000000000, -1.000000000000000000 ) ) ;
#6077 = VERTEX_POINT ( 'NONE', #1650 ) ;
#6078 = ORIENTED_EDGE ( 'NONE', *, *, #490, .F. ) ;
#6079 = DIRECTION ( 'NONE',  ( -8.195446571860579663E-34, 1.000000000000000000, -0.000000000000000000 ) ) ;
#6080 = DIRECTION ( 'NONE',  ( -0.7071067811865582309, -6.634221268023374620E-15, 0.7071067811865369146 ) ) ;
#6081 = CARTESIAN_POINT ( 'NONE',  ( 24.50000000000013856, -7.539810846111719948E-32, 58.59999999999996589 ) ) ;
#6082 = DIRECTION ( 'NONE',  ( 0.7071067811865471286, -0.7071067811865479058, 2.019151824439012808E-16 ) ) ;
#6083 = VECTOR ( 'NONE', #4999, 1000.000000000000000 ) ;
#6084 = PLANE ( 'NONE',  #4905 ) ;
#6085 = EDGE_LOOP ( 'NONE', ( #11489, #8015, #11654, #2204, #2946 ) ) ;
#6086 = CARTESIAN_POINT ( 'NONE',  ( 7.000000000000000000, 53.50000000000000000, 69.59999999999999432 ) ) ;
#6087 = FACE_OUTER_BOUND ( 'NONE', #7673, .T. ) ;
#6088 = ADVANCED_FACE ( 'NONE', ( #10538 ), #6759, .F. ) ;
#6089 = DIRECTION ( 'NONE',  ( -1.000000000000000000, 0.000000000000000000, -0.000000000000000000 ) ) ;
#6090 = ORIENTED_EDGE ( 'NONE', *, *, #7967, .T. ) ;
#6091 = EDGE_CURVE ( 'NONE', #937, #2200, #6634, .T. ) ;
#6092 = DIRECTION ( 'NONE',  ( -0.7071067811865414665, 0.7071067811865536790, 0.000000000000000000 ) ) ;
#6093 = DIRECTION ( 'NONE',  ( -1.000000000000000000, 0.000000000000000000, 0.000000000000000000 ) ) ;
#6094 = EDGE_LOOP ( 'NONE', ( #11259, #3170, #10547, #8569 ) ) ;
#6095 = CARTESIAN_POINT ( 'NONE',  ( 9.000000000000005329, 20.00000000000002132, 5.750000000064023453 ) ) ;
#6096 = LINE ( 'NONE', #5392, #5943 ) ;
#6097 = LINE ( 'NONE', #1989, #1785 ) ;
#6098 = CARTESIAN_POINT ( 'NONE',  ( 102.5000000000002984, 3.000000000000000000, -122.9712352769500256 ) ) ;
#6099 = EDGE_CURVE ( 'NONE', #6000, #675, #2528, .T. ) ;
#6100 = VECTOR ( 'NONE', #6234, 999.9999999999998863 ) ;
#6101 = AXIS2_PLACEMENT_3D ( 'NONE', #6581, #7548, #9404 ) ;
#6102 = ORIENTED_EDGE ( 'NONE', *, *, #10623, .T. ) ;
#6103 = DIRECTION ( 'NONE',  ( -0.7071067811865414665, 0.7071067811865536790, 0.000000000000000000 ) ) ;
#6104 = ORIENTED_EDGE ( 'NONE', *, *, #7528, .T. ) ;
#6105 = VECTOR ( 'NONE', #921, 1000.000000000000000 ) ;
#6106 = PRODUCT_DEFINITION_FORMATION_WITH_SPECIFIED_SOURCE ( 'ANY', '', #11131, .NOT_KNOWN. ) ;
#6107 = LINE ( 'NONE', #8088, #1946 ) ;
#6108 = CARTESIAN_POINT ( 'NONE',  ( 1.102182119232617714E-15, 50.99999999999998579, -9.499999999999996447 ) ) ;
#6109 = ORIENTED_EDGE ( 'NONE', *, *, #7098, .F. ) ;
#6110 = CARTESIAN_POINT ( 'NONE',  ( 14.50000000000003020, 0.4999999999999813483, 10.00000000000003020 ) ) ;
#6111 = CARTESIAN_POINT ( 'NONE',  ( 0.000000000000000000, 59.99999999999998579, -10.00000000000000000 ) ) ;
#6112 = VECTOR ( 'NONE', #11500, 1000.000000000000000 ) ;
#6114 = CARTESIAN_POINT ( 'NONE',  ( 11.99999999999998934, 59.49999999999999289, 69.09999999999998010 ) ) ;
#6113 = CARTESIAN_POINT ( 'NONE',  ( 33.50000000000009948, 3.000000000000000000, -122.9712352769500541 ) ) ;
#6115 = ORIENTED_EDGE ( 'NONE', *, *, #1719, .F. ) ;
#6116 = LINE ( 'NONE', #7322, #2273 ) ;
#6117 = DIRECTION ( 'NONE',  ( 0.7071067811865439090, 0.7071067811865512365, 0.000000000000000000 ) ) ;
#6118 = EDGE_CURVE ( 'NONE', #1660, #12253, #10783, .T. ) ;
#6119 = ADVANCED_FACE ( 'NONE', ( #6329 ), #5167, .T. ) ;
#6120 = LINE ( 'NONE', #6958, #1765 ) ;
#6121 = CARTESIAN_POINT ( 'NONE',  ( 87.50000000000021316, 0.5000000000000195399, 10.00000000000003020 ) ) ;
#6122 = DIRECTION ( 'NONE',  ( -0.000000000000000000, 1.000000000000000000, -0.000000000000000000 ) ) ;
#6123 = DIRECTION ( 'NONE',  ( -1.000000000000000000, -1.147978770867005115E-16, -0.000000000000000000 ) ) ;
#6124 = EDGE_CURVE ( 'NONE', #9740, #703, #10443, .T. ) ;
#6125 = CARTESIAN_POINT ( 'NONE',  ( 43.50000000000015632, 0.5000000000000125455, 10.00000000000003020 ) ) ;
#6126 = EDGE_CURVE ( 'NONE', #2289, #4563, #7000, .T. ) ;
#6127 = ORIENTED_EDGE ( 'NONE', *, *, #2310, .T. ) ;
#6128 = ORIENTED_EDGE ( 'NONE', *, *, #374, .F. ) ;
#6129 = ORIENTED_EDGE ( 'NONE', *, *, #5908, .T. ) ;
#6130 = VERTEX_POINT ( 'NONE', #6738 ) ;
#6131 = AXIS2_PLACEMENT_3D ( 'NONE', #4075, #7053, #9098 ) ;
#6132 = LINE ( 'NONE', #10670, #10247 ) ;
#6133 = DIRECTION ( 'NONE',  ( -0.7071067811865549002, 0.7071067811865401342, 0.000000000000000000 ) ) ;
#6134 = ORIENTED_EDGE ( 'NONE', *, *, #3063, .F. ) ;
#6135 = ORIENTED_EDGE ( 'NONE', *, *, #9174, .F. ) ;
#6136 = CARTESIAN_POINT ( 'NONE',  ( -0.9999999999999954481, 20.00000000000002132, 5.750000000064023453 ) ) ;
#6137 = LINE ( 'NONE', #4505, #6457 ) ;
#6138 = DIRECTION ( 'NONE',  ( 0.000000000000000000, 0.000000000000000000, -1.000000000000000000 ) ) ;
#6139 = VECTOR ( 'NONE', #8456, 1000.000000000000000 ) ;
#6140 = CARTESIAN_POINT ( 'NONE',  ( 42.00000000000015632, -6.105607696036117266E-32, 10.00000000000003020 ) ) ;
#6141 = CARTESIAN_POINT ( 'NONE',  ( 4.499999999999972466, 48.99999999999997868, 44.59999999999998721 ) ) ;
#6142 = VERTEX_POINT ( 'NONE', #10281 ) ;
#6143 = CARTESIAN_POINT ( 'NONE',  ( 107.5000000000000284, 12.99999999999999822, 63.59999999999995879 ) ) ;
#6144 = EDGE_LOOP ( 'NONE', ( #6367, #11658, #10148, #10841, #12244 ) ) ;
#6145 = ADVANCED_FACE ( 'NONE', ( #11244 ), #10925, .F. ) ;
#6146 = CARTESIAN_POINT ( 'NONE',  ( 14.50000000000003020, 2.499999999999987566, 10.00000000000003020 ) ) ;
#6147 = ORIENTED_EDGE ( 'NONE', *, *, #7685, .T. ) ;
#6148 = ORIENTED_EDGE ( 'NONE', *, *, #119, .F. ) ;
#6149 = CARTESIAN_POINT ( 'NONE',  ( 53.50000000000014211, 2.499999999999970246, 58.59999999999996589 ) ) ;
#6150 = CARTESIAN_POINT ( 'NONE',  ( 113.5000000000000000, 4.500000000000013323, 69.09999999999998010 ) ) ;
#6151 = DIRECTION ( 'NONE',  ( 1.278217298088174232E-16, -1.000000000000000000, 0.000000000000000000 ) ) ;
#6152 = DIRECTION ( 'NONE',  ( -8.117435735382576289E-17, 0.7071067811865479058, -0.7071067811865472397 ) ) ;
#6153 = ORIENTED_EDGE ( 'NONE', *, *, #7740, .F. ) ;
#6154 = AXIS2_PLACEMENT_3D ( 'NONE', #2510, #4596, #6520 ) ;
#6155 = FACE_OUTER_BOUND ( 'NONE', #5647, .T. ) ;
#6156 = DIRECTION ( 'NONE',  ( -0.7071067811865376918, -8.117435735382459193E-17, -0.7071067811865574537 ) ) ;
#6157 = VERTEX_POINT ( 'NONE', #12229 ) ;
#6158 = ORIENTED_EDGE ( 'NONE', *, *, #11574, .T. ) ;
#6159 = CARTESIAN_POINT ( 'NONE',  ( 0.4999999999999735767, 55.49999999999999289, 50.39999999999999147 ) ) ;
#6160 = LINE ( 'NONE', #6523, #10276 ) ;
#6161 = EDGE_CURVE ( 'NONE', #7648, #6061, #2863, .T. ) ;
#6162 = LINE ( 'NONE', #9330, #2314 ) ;
#6163 = DIRECTION ( 'NONE',  ( 8.195446571860579663E-34, -1.000000000000000000, -0.000000000000000000 ) ) ;
#6164 = ORIENTED_EDGE ( 'NONE', *, *, #12142, .T. ) ;
#6165 = ORIENTED_EDGE ( 'NONE', *, *, #8298, .T. ) ;
#6166 = EDGE_CURVE ( 'NONE', #7590, #5261, #7078, .T. ) ;
#6167 = PLANE ( 'NONE',  #11262 ) ;
#6168 = EDGE_LOOP ( 'NONE', ( #5505, #11169, #10461, #6926 ) ) ;
#6169 = VERTEX_POINT ( 'NONE', #1715 ) ;
#6170 = EDGE_LOOP ( 'NONE', ( #1583, #4433, #4339, #5910, #5037, #1482, #6579, #248, #5265, #5335, #2018, #8956, #1713, #11878, #9453, #7329, #6886, #1145, #4280, #8582, #4031, #9032, #1621, #2840 ) ) ;
#6171 = DIRECTION ( 'NONE',  ( 0.000000000000000000, 0.000000000000000000, -1.000000000000000000 ) ) ;
#6172 = DIRECTION ( 'NONE',  ( -0.7071067811865449082, -8.659560562354899578E-17, -0.7071067811865501263 ) ) ;
#6173 = ADVANCED_FACE ( 'NONE', ( #11266 ), #2710, .F. ) ;
#6174 = DIRECTION ( 'NONE',  ( -2.855511894612032274E-16, -2.340219516760528775E-49, -1.000000000000000000 ) ) ;
#6175 = EDGE_CURVE ( 'NONE', #9853, #9363, #2683, .T. ) ;
#6176 = LINE ( 'NONE', #11996, #10434 ) ;
#6177 = DIRECTION ( 'NONE',  ( 0.000000000000000000, 0.000000000000000000, -1.000000000000000000 ) ) ;
#6178 = DIRECTION ( 'NONE',  ( 2.499851492298597098E-14, 0.7071067811865348052, -0.7071067811865602293 ) ) ;
#6179 = DIRECTION ( 'NONE',  ( -0.000000000000000000, 1.000000000000000000, -0.000000000000000000 ) ) ;
#6180 = ORIENTED_EDGE ( 'NONE', *, *, #3608, .F. ) ;
#6181 = AXIS2_PLACEMENT_3D ( 'NONE', #12373, #12059, #7526 ) ;
#6182 = DIRECTION ( 'NONE',  ( 0.000000000000000000, -1.000000000000000000, 0.000000000000000000 ) ) ;
#6183 = DIRECTION ( 'NONE',  ( -8.195446571860579663E-34, 1.000000000000000000, -0.000000000000000000 ) ) ;
#6184 = FACE_OUTER_BOUND ( 'NONE', #2461, .T. ) ;
#6185 = ORIENTED_EDGE ( 'NONE', *, *, #1741, .F. ) ;
#6186 = CARTESIAN_POINT ( 'NONE',  ( 14.00000000000005329, -8.400332736157088125E-32, 10.00000000000003020 ) ) ;
#6187 = CARTESIAN_POINT ( 'NONE',  ( 20.50000000000010658, 3.000000000000000000, 10.00000000000003020 ) ) ;
#6188 = DIRECTION ( 'NONE',  ( 0.000000000000000000, 0.000000000000000000, -1.000000000000000000 ) ) ;
#6189 = LINE ( 'NONE', #11963, #10323 ) ;
#6190 = EDGE_LOOP ( 'NONE', ( #6489, #9750, #10470, #9669, #2601, #2050 ) ) ;
#6191 = AXIS2_PLACEMENT_3D ( 'NONE', #2077, #3937, #12257 ) ;
#6192 = EDGE_LOOP ( 'NONE', ( #7359, #9959, #8227, #2942 ) ) ;
#6193 = ORIENTED_EDGE ( 'NONE', *, *, #4555, .T. ) ;
#6194 = EDGE_CURVE ( 'NONE', #901, #10653, #7173, .T. ) ;
#6195 = FACE_BOUND ( 'NONE', #10011, .T. ) ;
#6196 = CARTESIAN_POINT ( 'NONE',  ( 96.00000000000025580, 3.000000000000000000, 10.00000000000003020 ) ) ;
#6197 = ORIENTED_EDGE ( 'NONE', *, *, #4952, .F. ) ;
#6198 = DIRECTION ( 'NONE',  ( 2.855511894612032274E-16, 2.340219516760528775E-49, -1.000000000000000000 ) ) ;
#6199 = EDGE_CURVE ( 'NONE', #703, #11631, #3321, .T. ) ;
#6200 = DIRECTION ( 'NONE',  ( -1.147978770867005115E-16, 1.000000000000000000, 0.000000000000000000 ) ) ;
#6201 = EDGE_LOOP ( 'NONE', ( #3354, #7914, #3233, #10951 ) ) ;
#6202 = CIRCLE ( 'NONE', #7056, 1.700000000000000178 ) ;
#6203 = CARTESIAN_POINT ( 'NONE',  ( 114.1464466094067518, 0.3535533905932566889, -10.00000000000000000 ) ) ;
#6204 = PLANE ( 'NONE',  #4156 ) ;
#6205 = ADVANCED_FACE ( 'NONE', ( #7623 ), #10523, .F. ) ;
#6206 = PLANE ( 'NONE',  #4697 ) ;
#6207 = CARTESIAN_POINT ( 'NONE',  ( 13.50000000000000178, 54.50000000000000711, -9.499999999999996447 ) ) ;
#6208 = VERTEX_POINT ( 'NONE', #2941 ) ;
#6209 = EDGE_CURVE ( 'NONE', #9027, #3842, #11388, .T. ) ;
#6210 = DIRECTION ( 'NONE',  ( 0.000000000000000000, 1.000000000000000000, -1.927470528863119542E-16 ) ) ;
#6211 = DIRECTION ( 'NONE',  ( -0.7071067811865414665, 0.7071067811865536790, 0.000000000000000000 ) ) ;
#6212 = EDGE_CURVE ( 'NONE', #6326, #1436, #7956, .T. ) ;
#6213 = ORIENTED_EDGE ( 'NONE', *, *, #10320, .F. ) ;
#6214 = EDGE_LOOP ( 'NONE', ( #6574, #6331, #8189, #3255 ) ) ;
#6215 = DIRECTION ( 'NONE',  ( 0.000000000000000000, 0.000000000000000000, -1.000000000000000000 ) ) ;
#6216 = ORIENTED_EDGE ( 'NONE', *, *, #6194, .F. ) ;
#6217 = CARTESIAN_POINT ( 'NONE',  ( 14.00000000000004974, -8.400332736157088125E-32, 58.59999999999996589 ) ) ;
#6218 = DIRECTION ( 'NONE',  ( 1.000000000000000000, 0.000000000000000000, 0.000000000000000000 ) ) ;
#6219 = CARTESIAN_POINT ( 'NONE',  ( 24.00000000000014921, 0.5000000000000195399, 10.00000000000003020 ) ) ;
#6220 = ORIENTED_EDGE ( 'NONE', *, *, #12046, .F. ) ;
#6221 = ORIENTED_EDGE ( 'NONE', *, *, #759, .T. ) ;
#6222 = AXIS2_PLACEMENT_3D ( 'NONE', #2593, #10000, #10975 ) ;
#6223 = CIRCLE ( 'NONE', #5582, 1.500000000000008216 ) ;
#6224 = CARTESIAN_POINT ( 'NONE',  ( 1.000000000000050404, -9.465740790498964559E-32, -10.00000000000000000 ) ) ;
#6225 = EDGE_LOOP ( 'NONE', ( #12050, #10466, #5567, #2060 ) ) ;
#6226 = CARTESIAN_POINT ( 'NONE',  ( 7.000000000000000000, 53.50000000000000000, 69.09999999999999432 ) ) ;
#6227 = CARTESIAN_POINT ( 'NONE',  ( 1.000000000000006883, 1.154692097012435348E-16, 5.866014694162330945E-32 ) ) ;
#6228 = DIRECTION ( 'NONE',  ( 0.000000000000000000, 0.000000000000000000, -1.000000000000000000 ) ) ;
#6229 = PLANE ( 'NONE',  #9552 ) ;
#6230 = FACE_OUTER_BOUND ( 'NONE', #11943, .T. ) ;
#6231 = CARTESIAN_POINT ( 'NONE',  ( 34.00000000000012790, 2.499999999999984013, 10.00000000000003020 ) ) ;
#6232 = DIRECTION ( 'NONE',  ( 0.000000000000000000, 0.000000000000000000, -1.000000000000000000 ) ) ;
#6233 = EDGE_CURVE ( 'NONE', #10205, #6243, #7663, .T. ) ;
#6234 = DIRECTION ( 'NONE',  ( 0.5773502691896255090, -0.5773502691896259531, -0.5773502691896258421 ) ) ;
#6235 = EDGE_LOOP ( 'NONE', ( #12366, #11593, #6571, #8400 ) ) ;
#6236 = ORIENTED_EDGE ( 'NONE', *, *, #143, .F. ) ;
#6237 = CARTESIAN_POINT ( 'NONE',  ( 27.50000000000013500, 2.499999999999970246, 10.00000000000003020 ) ) ;
#6238 = VERTEX_POINT ( 'NONE', #11372 ) ;
#6239 = EDGE_CURVE ( 'NONE', #6142, #8687, #3951, .T. ) ;
#6240 = DIRECTION ( 'NONE',  ( 8.195446571860579663E-34, -1.000000000000000000, -0.000000000000000000 ) ) ;
#6241 = CYLINDRICAL_SURFACE ( 'NONE', #11414, 1.500000000000015099 ) ;
#6242 = AXIS2_PLACEMENT_3D ( 'NONE', #1415, #4498, #11912 ) ;
#6243 = VERTEX_POINT ( 'NONE', #10310 ) ;
#6244 = ORIENTED_EDGE ( 'NONE', *, *, #1586, .F. ) ;
#6245 = DIRECTION ( 'NONE',  ( -1.427755947306016137E-16, 0.000000000000000000, 1.000000000000000000 ) ) ;
#6246 = CARTESIAN_POINT ( 'NONE',  ( 105.5000000000000284, 4.499999999999999112, -10.00000000000000000 ) ) ;
#6247 = ORIENTED_EDGE ( 'NONE', *, *, #5958, .F. ) ;
#6248 = VERTEX_POINT ( 'NONE', #8506 ) ;
#6249 = EDGE_LOOP ( 'NONE', ( #11908, #8805, #11589, #4204 ) ) ;
#6250 = DIRECTION ( 'NONE',  ( -1.000000000000000000, 0.000000000000000000, 0.000000000000000000 ) ) ;
#6251 = VERTEX_POINT ( 'NONE', #9663 ) ;
#6252 = ORIENTED_EDGE ( 'NONE', *, *, #4852, .F. ) ;
#6253 = ADVANCED_FACE ( 'NONE', ( #8323 ), #7910, .F. ) ;
#6254 = ORIENTED_EDGE ( 'NONE', *, *, #2652, .F. ) ;
#6255 = EDGE_LOOP ( 'NONE', ( #795, #926, #1440, #1461 ) ) ;
#6256 = ORIENTED_EDGE ( 'NONE', *, *, #7787, .F. ) ;
#6257 = ORIENTED_EDGE ( 'NONE', *, *, #1027, .T. ) ;
#6258 = ORIENTED_EDGE ( 'NONE', *, *, #5600, .F. ) ;
#6259 = DIRECTION ( 'NONE',  ( 0.000000000000000000, 0.000000000000000000, -1.000000000000000000 ) ) ;
#6260 = CARTESIAN_POINT ( 'NONE',  ( 9.000000000000001776, 48.99999999999997868, 64.59999999999999432 ) ) ;
#6261 = DIRECTION ( 'NONE',  ( 7.138779736530080685E-17, 0.000000000000000000, 1.000000000000000000 ) ) ;
#6262 = ORIENTED_EDGE ( 'NONE', *, *, #967, .T. ) ;
#6263 = EDGE_CURVE ( 'NONE', #5288, #5800, #11824, .T. ) ;
#6264 = ORIENTED_EDGE ( 'NONE', *, *, #7528, .F. ) ;
#6265 = AXIS2_PLACEMENT_3D ( 'NONE', #11936, #10161, #3530 ) ;
#6266 = EDGE_LOOP ( 'NONE', ( #8936, #10613, #6327, #10178 ) ) ;
#6267 = PERSON_AND_ORGANIZATION_ROLE ( 'classification_officer' ) ;
#6268 = VECTOR ( 'NONE', #800, 1000.000000000000000 ) ;
#6269 = DIRECTION ( 'NONE',  ( -1.000000000000000000, -1.147978770867005115E-16, -0.000000000000000000 ) ) ;
#6270 = CARTESIAN_POINT ( 'NONE',  ( 79.00000000000017053, -3.073292464447703219E-32, 58.59999999999996589 ) ) ;
#6271 = CARTESIAN_POINT ( 'NONE',  ( 60.00000000000014921, 10.00000000000000000, 58.59999999999996589 ) ) ;
#6272 = ORIENTED_EDGE ( 'NONE', *, *, #7833, .T. ) ;
#6273 = DIRECTION ( 'NONE',  ( 0.000000000000000000, 0.000000000000000000, -1.000000000000000000 ) ) ;
#6274 = ORIENTED_EDGE ( 'NONE', *, *, #1614, .F. ) ;
#6275 = ADVANCED_FACE ( 'NONE', ( #7847 ), #8357, .F. ) ;
#6276 = LINE ( 'NONE', #6113, #2064 ) ;
#6277 = CARTESIAN_POINT ( 'NONE',  ( 107.5000000000000284, 50.49999999999998579, 4.500000000000003553 ) ) ;
#6278 = EDGE_CURVE ( 'NONE', #10647, #7236, #170, .T. ) ;
#6279 = ORIENTED_EDGE ( 'NONE', *, *, #11402, .T. ) ;
#6280 = VECTOR ( 'NONE', #5561, 1000.000000000000000 ) ;
#6281 = CARTESIAN_POINT ( 'NONE',  ( 5.749999999999994671, 59.49999999999998579, 69.34999999999999432 ) ) ;
#6282 = FACE_OUTER_BOUND ( 'NONE', #6074, .T. ) ;
#6284 = CARTESIAN_POINT ( 'NONE',  ( 37.50000000000017764, 3.000000000000000000, 10.00000000000003020 ) ) ;
#6283 = CARTESIAN_POINT ( 'NONE',  ( 99.00000000000019895, 2.499999999999991118, 10.00000000000003020 ) ) ;
#6285 = DIRECTION ( 'NONE',  ( 8.177564888978069359E-16, 0.7071067811865541231, -0.7071067811865410224 ) ) ;
#6286 = ORIENTED_EDGE ( 'NONE', *, *, #8835, .F. ) ;
#6287 = EDGE_CURVE ( 'NONE', #901, #1557, #197, .T. ) ;
#6288 = CARTESIAN_POINT ( 'NONE',  ( 37.00000000000014921, 2.499999999999984013, 10.00000000000003020 ) ) ;
#6289 = AXIS2_PLACEMENT_3D ( 'NONE', #2696, #10189, #4624 ) ;
#6290 = VERTEX_POINT ( 'NONE', #7573 ) ;
#6291 = CIRCLE ( 'NONE', #5378, 2.000000000000043521 ) ;
#6292 = CARTESIAN_POINT ( 'NONE',  ( 94.00000000000019895, -1.843975478668613447E-32, 58.59999999999996589 ) ) ;
#6293 = AXIS2_PLACEMENT_3D ( 'NONE', #1891, #4797, #6502 ) ;
#6294 = ORIENTED_EDGE ( 'NONE', *, *, #11642, .F. ) ;
#6295 = ORIENTED_EDGE ( 'NONE', *, *, #2041, .F. ) ;
#6296 = ORIENTED_EDGE ( 'NONE', *, *, #2160, .T. ) ;
#6297 = CARTESIAN_POINT ( 'NONE',  ( 4.500000000000013323, 4.500000000001787015, 36.00000000006349410 ) ) ;
#6298 = EDGE_CURVE ( 'NONE', #10188, #2365, #4138, .T. ) ;
#6299 = DIRECTION ( 'NONE',  ( 0.000000000000000000, 0.000000000000000000, -1.000000000000000000 ) ) ;
#6300 = FACE_OUTER_BOUND ( 'NONE', #7504, .T. ) ;
#6301 = ORIENTED_EDGE ( 'NONE', *, *, #1586, .T. ) ;
#6302 = LINE ( 'NONE', #6260, #6737 ) ;
#6303 = LINE ( 'NONE', #2987, #6525 ) ;
#6304 = VECTOR ( 'NONE', #5650, 1000.000000000000000 ) ;
#6305 = DIRECTION ( 'NONE',  ( 0.000000000000000000, 0.000000000000000000, -1.000000000000000000 ) ) ;
#6306 = ORIENTED_EDGE ( 'NONE', *, *, #8131, .F. ) ;
#6307 = CIRCLE ( 'NONE', #5242, 1.500000000000015099 ) ;
#6308 = ADVANCED_FACE ( 'NONE', ( #302 ), #8399, .F. ) ;
#6309 = VERTEX_POINT ( 'NONE', #183 ) ;
#6310 = FACE_BOUND ( 'NONE', #9110, .T. ) ;
#6311 = CARTESIAN_POINT ( 'NONE',  ( 103.5000000000000000, 11.50000000000000711, 67.60000000000005116 ) ) ;
#6312 = FACE_OUTER_BOUND ( 'NONE', #10503, .T. ) ;
#6313 = EDGE_CURVE ( 'NONE', #3344, #8698, #122, .T. ) ;
#6314 = DIRECTION ( 'NONE',  ( 1.000000000000000000, 0.000000000000000000, 0.000000000000000000 ) ) ;
#6315 = ORIENTED_EDGE ( 'NONE', *, *, #12202, .T. ) ;
#6316 = CARTESIAN_POINT ( 'NONE',  ( 17.50000000000021672, 0.4999999999999813483, 58.59999999999996589 ) ) ;
#6317 = CARTESIAN_POINT ( 'NONE',  ( 37.50000000000017764, 3.000000000000000000, 10.00000000000003020 ) ) ;
#6318 = AXIS2_PLACEMENT_3D ( 'NONE', #7959, #9838, #2253 ) ;
#6319 = CARTESIAN_POINT ( 'NONE',  ( 18.00000000000023448, 3.000000000000000000, 58.59999999999996589 ) ) ;
#6320 = CARTESIAN_POINT ( 'NONE',  ( 1.000000000000004441, 22.85000000000002629, 38.50000000006347989 ) ) ;
#6321 = EDGE_LOOP ( 'NONE', ( #11785, #522, #9558, #8932, #4544 ) ) ;
#6322 = EDGE_CURVE ( 'NONE', #10646, #2843, #4276, .T. ) ;
#6323 = CARTESIAN_POINT ( 'NONE',  ( 94.00000000000019895, 2.499999999999976907, 58.59999999999996589 ) ) ;
#6324 = CARTESIAN_POINT ( 'NONE',  ( 53.00000000000016342, -5.204108573131453350E-32, 58.59999999999996589 ) ) ;
#6325 = VECTOR ( 'NONE', #12315, 1000.000000000000227 ) ;
#6326 = VERTEX_POINT ( 'NONE', #6921 ) ;
#6327 = ORIENTED_EDGE ( 'NONE', *, *, #7263, .F. ) ;
#6328 = LINE ( 'NONE', #2397, #10248 ) ;
#6329 = FACE_OUTER_BOUND ( 'NONE', #11250, .T. ) ;
#6330 = DIRECTION ( 'NONE',  ( 0.5000000000000174305, 0.7071067811865328068, -0.5000000000000034417 ) ) ;
#6331 = ORIENTED_EDGE ( 'NONE', *, *, #10499, .F. ) ;
#6332 = CARTESIAN_POINT ( 'NONE',  ( 55.00000000000015632, 3.000000000000000000, 60.59999999999999432 ) ) ;
#6333 = DIRECTION ( 'NONE',  ( 0.000000000000000000, 0.000000000000000000, -1.000000000000000000 ) ) ;
#6334 = EDGE_CURVE ( 'NONE', #8272, #4198, #8504, .T. ) ;
#6335 = PLANE ( 'NONE',  #5829 ) ;
#6336 = EDGE_CURVE ( 'NONE', #10930, #1868, #4301, .T. ) ;
#6337 = LINE ( 'NONE', #4310, #10508 ) ;
#6338 = ORIENTED_EDGE ( 'NONE', *, *, #6703, .T. ) ;
#6339 = AXIS2_PLACEMENT_3D ( 'NONE', #1598, #642, #1513 ) ;
#6340 = VERTEX_POINT ( 'NONE', #4736 ) ;
#6341 = DIRECTION ( 'NONE',  ( 1.000000000000000000, 8.195446571860577953E-34, 0.000000000000000000 ) ) ;
#6342 = FACE_OUTER_BOUND ( 'NONE', #5687, .T. ) ;
#6343 = ORIENTED_EDGE ( 'NONE', *, *, #7, .T. ) ;
#6344 = ORIENTED_EDGE ( 'NONE', *, *, #3927, .T. ) ;
#6345 = ORIENTED_EDGE ( 'NONE', *, *, #2995, .T. ) ;
#6346 = PLANE ( 'NONE',  #1592 ) ;
#6347 = ORIENTED_EDGE ( 'NONE', *, *, #2418, .T. ) ;
#6348 = CYLINDRICAL_SURFACE ( 'NONE', #6449, 1.500000000000015099 ) ;
#6349 = CARTESIAN_POINT ( 'NONE',  ( 99.00000000000019895, 2.499999999999991118, 10.00000000000003020 ) ) ;
#6350 = AXIS2_PLACEMENT_3D ( 'NONE', #8706, #10447, #3652 ) ;
#6351 = MANIFOLD_SOLID_BREP ( 'Enlèv. mat.-Extru.9', #5033 ) ;
#6352 = CARTESIAN_POINT ( 'NONE',  ( 89.50000000000021316, -2.212770574402337778E-32, 10.00000000000003020 ) ) ;
#6353 = EDGE_CURVE ( 'NONE', #3437, #7057, #8379, .T. ) ;
#6354 = CARTESIAN_POINT ( 'NONE',  ( 89.00000000000019895, 0.5000000000000195399, 10.00000000000003020 ) ) ;
#6355 = CARTESIAN_POINT ( 'NONE',  ( 37.50000000000015632, 3.000000000000000000, -122.9712352769500541 ) ) ;
#6356 = ADVANCED_FACE ( 'NONE', ( #103 ), #6764, .T. ) ;
#6357 = EDGE_CURVE ( 'NONE', #1875, #9010, #8269, .T. ) ;
#6358 = ORIENTED_EDGE ( 'NONE', *, *, #7302, .T. ) ;
#6359 = EDGE_CURVE ( 'NONE', #4734, #3302, #216, .T. ) ;
#6360 = VECTOR ( 'NONE', #9714, 1000.000000000000000 ) ;
#6361 = CARTESIAN_POINT ( 'NONE',  ( 116.5000000000000000, 4.000000000000010658, -9.499999999999996447 ) ) ;
#6362 = FACE_OUTER_BOUND ( 'NONE', #6192, .T. ) ;
#6363 = ORIENTED_EDGE ( 'NONE', *, *, #391, .T. ) ;
#6364 = LINE ( 'NONE', #6985, #2108 ) ;
#6365 = EDGE_CURVE ( 'NONE', #2117, #10773, #8429, .T. ) ;
#6366 = CARTESIAN_POINT ( 'NONE',  ( 0.5000000000000087708, 59.99999999999998579, -9.499999999999992895 ) ) ;
#6367 = ORIENTED_EDGE ( 'NONE', *, *, #6, .F. ) ;
#6368 = PLANE ( 'NONE',  #7369 ) ;
#6369 = DIRECTION ( 'NONE',  ( 8.195446571860579663E-34, -1.000000000000000000, 0.000000000000000000 ) ) ;
#6370 = AXIS2_PLACEMENT_3D ( 'NONE', #4009, #11516, #7876 ) ;
#6371 = LINE ( 'NONE', #957, #6621 ) ;
#6372 = CARTESIAN_POINT ( 'NONE',  ( 0.5000000000000085487, 59.99999999999998579, -9.499999999999992895 ) ) ;
#6374 = ORIENTED_EDGE ( 'NONE', *, *, #9311, .F. ) ;
#6373 = DIRECTION ( 'NONE',  ( -0.7071067811865414665, -0.7071067811865536790, 0.000000000000000000 ) ) ;
#6375 = ORIENTED_EDGE ( 'NONE', *, *, #10182, .T. ) ;
#6376 = DIRECTION ( 'NONE',  ( 1.000000000000000000, 8.195446571860577953E-34, 0.000000000000000000 ) ) ;
#6377 = CARTESIAN_POINT ( 'NONE',  ( 53.00000000000016342, -5.204108573131453350E-32, 58.59999999999996589 ) ) ;
#6378 = EDGE_LOOP ( 'NONE', ( #3664, #761, #4282, #3902 ) ) ;
#6379 = ORIENTED_EDGE ( 'NONE', *, *, #6951, .F. ) ;
#6380 = ADVANCED_FACE ( 'NONE', ( #12 ), #4372, .F. ) ;
#6381 = FACE_OUTER_BOUND ( 'NONE', #10203, .T. ) ;
#6382 = ORIENTED_EDGE ( 'NONE', *, *, #1811, .T. ) ;
#6383 = VERTEX_POINT ( 'NONE', #5817 ) ;
#6384 = CIRCLE ( 'NONE', #8129, 2.000000000000029310 ) ;
#6385 = CARTESIAN_POINT ( 'NONE',  ( 116.5000000000000000, 8.499999999999996447, 69.09999999999998010 ) ) ;
#6386 = VECTOR ( 'NONE', #6885, 1000.000000000000000 ) ;
#6387 = ORIENTED_EDGE ( 'NONE', *, *, #7505, .F. ) ;
#6388 = DIRECTION ( 'NONE',  ( -1.000000000000000000, -1.147978770867005115E-16, -0.000000000000000000 ) ) ;
#6389 = LINE ( 'NONE', #8417, #6477 ) ;
#6390 = DIRECTION ( 'NONE',  ( 0.000000000000000000, 0.000000000000000000, -1.000000000000000000 ) ) ;
#6391 = EDGE_CURVE ( 'NONE', #1651, #10717, #8558, .T. ) ;
#6392 = FACE_OUTER_BOUND ( 'NONE', #11369, .T. ) ;
#6393 = DIRECTION ( 'NONE',  ( -0.7071067811865511255, -0.7071067811865440200, 2.019151824439024395E-16 ) ) ;
#6394 = AXIS2_PLACEMENT_3D ( 'NONE', #7300, #11032, #8406 ) ;
#6395 = ORIENTED_EDGE ( 'NONE', *, *, #6951, .T. ) ;
#6396 = ORIENTED_EDGE ( 'NONE', *, *, #5956, .F. ) ;
#6397 = VERTEX_POINT ( 'NONE', #4937 ) ;
#6398 = ORIENTED_EDGE ( 'NONE', *, *, #11127, .F. ) ;
#6399 = DIRECTION ( 'NONE',  ( 0.000000000000000000, 0.000000000000000000, -1.000000000000000000 ) ) ;
#6400 = DIRECTION ( 'NONE',  ( -8.195446571860579663E-34, 1.000000000000000000, -0.000000000000000000 ) ) ;
#6401 = CARTESIAN_POINT ( 'NONE',  ( 7.000000000000006217, 6.000000000000012434, 66.59999999999999432 ) ) ;
#6402 = ADVANCED_FACE ( 'NONE', ( #278 ), #258, .F. ) ;
#6403 = CARTESIAN_POINT ( 'NONE',  ( 3.000000000000004885, 17.15000000000002345, 38.50000000006347989 ) ) ;
#6404 = ORIENTED_EDGE ( 'NONE', *, *, #5820, .F. ) ;
#6405 = EDGE_LOOP ( 'NONE', ( #6045, #2436, #6586 ) ) ;
#6406 = CIRCLE ( 'NONE', #6289, 1.500000000000001332 ) ;
#6407 = ORIENTED_EDGE ( 'NONE', *, *, #7229, .F. ) ;
#6408 = ADVANCED_FACE ( 'NONE', ( #4154 ), #3828, .T. ) ;
#6409 = DIRECTION ( 'NONE',  ( 0.000000000000000000, 0.000000000000000000, -1.000000000000000000 ) ) ;
#6410 = ORIENTED_EDGE ( 'NONE', *, *, #956, .F. ) ;
#6411 = CARTESIAN_POINT ( 'NONE',  ( 100.5000000000002274, 3.000000000000000000, 58.59999999999996589 ) ) ;
#6412 = DIRECTION ( 'NONE',  ( 0.5773502691896318373, -0.5773502691896253980, 0.5773502691896199579 ) ) ;
#6413 = ORIENTED_EDGE ( 'NONE', *, *, #2629, .T. ) ;
#6414 = EDGE_CURVE ( 'NONE', #4112, #9736, #8639, .T. ) ;
#6415 = DIRECTION ( 'NONE',  ( -2.855511894612032274E-16, 0.000000000000000000, 1.000000000000000000 ) ) ;
#6416 = ORIENTED_EDGE ( 'NONE', *, *, #2337, .T. ) ;
#6417 = EDGE_CURVE ( 'NONE', #8712, #9363, #8537, .T. ) ;
#6418 = AXIS2_PLACEMENT_3D ( 'NONE', #7527, #1563, #5491 ) ;
#6419 = ORIENTED_EDGE ( 'NONE', *, *, #6731, .T. ) ;
#6420 = CARTESIAN_POINT ( 'NONE',  ( 27.00000000000013145, -7.334924681815206217E-32, 58.59999999999996589 ) ) ;
#6421 = ORIENTED_EDGE ( 'NONE', *, *, #10237, .F. ) ;
#6422 = CARTESIAN_POINT ( 'NONE',  ( 4.500000000000002665, 33.50000000000178346, 9.500000000063488770 ) ) ;
#6423 = CARTESIAN_POINT ( 'NONE',  ( 0.5000000000000004441, 4.999999999999985789, 69.59999999999999432 ) ) ;
#6424 = PLANE ( 'NONE',  #633 ) ;
#6425 = AXIS2_PLACEMENT_3D ( 'NONE', #8181, #10066, #12004 ) ;
#6426 = LINE ( 'NONE', #10587, #10633 ) ;
#6427 = ORIENTED_EDGE ( 'NONE', *, *, #2652, .T. ) ;
#6428 = DIRECTION ( 'NONE',  ( -0.7071067811865414665, 0.7071067811865536790, 0.000000000000000000 ) ) ;
#6429 = LINE ( 'NONE', #3626, #10195 ) ;
#6430 = VERTEX_POINT ( 'NONE', #8708 ) ;
#6431 = CIRCLE ( 'NONE', #4047, 2.200000000000017941 ) ;
#6432 = CIRCLE ( 'NONE', #7578, 1.500000000000022204 ) ;
#6433 = EDGE_LOOP ( 'NONE', ( #10911, #4996, #10305, #6254 ) ) ;
#6434 = CARTESIAN_POINT ( 'NONE',  ( 50.00000000000015632, 0.5000000000000195399, 58.59999999999996589 ) ) ;
#6435 = LINE ( 'NONE', #12282, #2295 ) ;
#6436 = DIRECTION ( 'NONE',  ( -0.000000000000000000, 1.000000000000000000, -0.000000000000000000 ) ) ;
#6437 = EDGE_CURVE ( 'NONE', #1660, #3227, #4181, .T. ) ;
#6438 = ORIENTED_EDGE ( 'NONE', *, *, #11691, .F. ) ;
#6439 = ORIENTED_EDGE ( 'NONE', *, *, #8983, .F. ) ;
#6440 = EDGE_CURVE ( 'NONE', #11075, #8947, #321, .T. ) ;
#6441 = ORIENTED_EDGE ( 'NONE', *, *, #11231, .F. ) ;
#6442 = ORIENTED_EDGE ( 'NONE', *, *, #2102, .F. ) ;
#6443 = AXIS2_PLACEMENT_3D ( 'NONE', #9494, #7626, #861 ) ;
#6444 = CIRCLE ( 'NONE', #351, 1.500000000000015099 ) ;
#6445 = DIRECTION ( 'NONE',  ( -1.000000000000000000, -9.912705577010318647E-16, -0.000000000000000000 ) ) ;
#6446 = LINE ( 'NONE', #6143, #2472 ) ;
#6447 = EDGE_LOOP ( 'NONE', ( #10355, #10833, #1740, #4140 ) ) ;
#6448 = ORIENTED_EDGE ( 'NONE', *, *, #2127, .T. ) ;
#6449 = AXIS2_PLACEMENT_3D ( 'NONE', #12037, #10175, #12113 ) ;
#6450 = DIRECTION ( 'NONE',  ( 2.855511894612032274E-16, 2.340219516760528775E-49, 1.000000000000000000 ) ) ;
#6451 = CARTESIAN_POINT ( 'NONE',  ( 116.0000000000000000, 4.999999999999999112, 69.59999999999999432 ) ) ;
#6452 = CIRCLE ( 'NONE', #6906, 2.000000000000029310 ) ;
#6453 = DIRECTION ( 'NONE',  ( 8.195446571860579663E-34, -1.000000000000000000, -0.000000000000000000 ) ) ;
#6454 = DIRECTION ( 'NONE',  ( -1.147978770867005115E-16, 1.000000000000000000, -5.139921410301651782E-16 ) ) ;
#6455 = CARTESIAN_POINT ( 'NONE',  ( 1.000000000000005329, 33.50000000000178346, 9.100000000063497296 ) ) ;
#6456 = EDGE_CURVE ( 'NONE', #2036, #7881, #4484, .T. ) ;
#6457 = VECTOR ( 'NONE', #2654, 999.9999999999998863 ) ;
#6458 = CARTESIAN_POINT ( 'NONE',  ( 68.00000000000017053, 3.000000000000000000, 58.59999999999996589 ) ) ;
#6459 = CARTESIAN_POINT ( 'NONE',  ( 22.50000000000011369, 2.499999999999976907, 60.09999999999997300 ) ) ;
#6460 = FACE_OUTER_BOUND ( 'NONE', #577, .T. ) ;
#6461 = ORIENTED_EDGE ( 'NONE', *, *, #3593, .F. ) ;
#6462 = ADVANCED_FACE ( 'NONE', ( #4520 ), #236, .F. ) ;
#6463 = CARTESIAN_POINT ( 'NONE',  ( 56.50000000000016342, 2.499999999999970246, 58.59999999999996589 ) ) ;
#6464 = ORIENTED_EDGE ( 'NONE', *, *, #7098, .T. ) ;
#6465 = CARTESIAN_POINT ( 'NONE',  ( 85.50000000000019895, 3.000000000000000000, -122.9712352769500256 ) ) ;
#6466 = EDGE_CURVE ( 'NONE', #11984, #5949, #45, .T. ) ;
#6467 = ORIENTED_EDGE ( 'NONE', *, *, #10401, .T. ) ;
#6468 = ORIENTED_EDGE ( 'NONE', *, *, #594, .T. ) ;
#6469 = PLANE ( 'NONE',  #295 ) ;
#6470 = EDGE_CURVE ( 'NONE', #4229, #10479, #12382, .T. ) ;
#6471 = DIRECTION ( 'NONE',  ( -9.038361193080881955E-17, 0.7071067811865424657, -0.7071067811865526798 ) ) ;
#6472 = ORIENTED_EDGE ( 'NONE', *, *, #532, .F. ) ;
#6473 = FACE_OUTER_BOUND ( 'NONE', #5660, .T. ) ;
#6474 = AXIS2_PLACEMENT_3D ( 'NONE', #2161, #11677, #2227 ) ;
#6475 = EDGE_LOOP ( 'NONE', ( #2715, #1073, #2412, #2919 ) ) ;
#6476 = DIRECTION ( 'NONE',  ( 0.7071067811865439090, 0.7071067811865512365, 0.000000000000000000 ) ) ;
#6477 = VECTOR ( 'NONE', #9001, 1000.000000000000000 ) ;
#6478 = VERTEX_POINT ( 'NONE', #11760 ) ;
#6479 = DIRECTION ( 'NONE',  ( 0.000000000000000000, 0.000000000000000000, -1.000000000000000000 ) ) ;
#6480 = ORIENTED_EDGE ( 'NONE', *, *, #4626, .T. ) ;
#6481 = DIRECTION ( 'NONE',  ( 0.000000000000000000, 0.000000000000000000, 1.000000000000000000 ) ) ;
#6482 = DIRECTION ( 'NONE',  ( -1.000000000000000000, -1.147978770867005115E-16, 0.000000000000000000 ) ) ;
#6483 = DIRECTION ( 'NONE',  ( 0.6785983445458465546, 0.2810846377148198405, -0.6785983445458475538 ) ) ;
#6484 = AXIS2_PLACEMENT_3D ( 'NONE', #6271, #7254, #9123 ) ;
#6485 = CARTESIAN_POINT ( 'NONE',  ( 81.00000000000019895, 0.5000000000000195399, 10.00000000000003020 ) ) ;
#6486 = ORIENTED_EDGE ( 'NONE', *, *, #2294, .T. ) ;
#6487 = EDGE_LOOP ( 'NONE', ( #7769, #10222, #40, #11744 ) ) ;
#6488 = DIRECTION ( 'NONE',  ( -0.7071067811865414665, 0.7071067811865536790, 0.000000000000000000 ) ) ;
#6489 = ORIENTED_EDGE ( 'NONE', *, *, #1794, .F. ) ;
#6490 = EDGE_CURVE ( 'NONE', #10608, #3819, #382, .T. ) ;
#6491 = ADVANCED_FACE ( 'NONE', ( #8322 ), #9150, .F. ) ;
#6492 = DIRECTION ( 'NONE',  ( 0.7071067811865329178, 1.009555410351341902E-14, 0.7071067811865622277 ) ) ;
#6493 = FACE_OUTER_BOUND ( 'NONE', #9659, .T. ) ;
#6494 = DIRECTION ( 'NONE',  ( 0.000000000000000000, -0.000000000000000000, 1.000000000000000000 ) ) ;
#6495 = ORIENTED_EDGE ( 'NONE', *, *, #9293, .F. ) ;
#6497 = EDGE_LOOP ( 'NONE', ( #1831, #6104, #11215, #4591, #971 ) ) ;
#6496 = LINE ( 'NONE', #494, #6863 ) ;
#6498 = EDGE_CURVE ( 'NONE', #3193, #3365, #4597, .T. ) ;
#6499 = VERTEX_POINT ( 'NONE', #7232 ) ;
#6500 = LINE ( 'NONE', #2911, #10595 ) ;
#6501 = CARTESIAN_POINT ( 'NONE',  ( 74.50000000000018474, 0.5000000000000195399, 10.00000000000003020 ) ) ;
#6502 = DIRECTION ( 'NONE',  ( 0.000000000000000000, 0.000000000000000000, -1.000000000000000000 ) ) ;
#6503 = ORIENTED_EDGE ( 'NONE', *, *, #4904, .F. ) ;
#6504 = LINE ( 'NONE', #12379, #10744 ) ;
#6505 = AXIS2_PLACEMENT_3D ( 'NONE', #6800, #7770, #3594 ) ;
#6506 = VERTEX_POINT ( 'NONE', #12015 ) ;
#6507 = CARTESIAN_POINT ( 'NONE',  ( 115.9999999999999858, 4.500000000000013323, 69.09999999999998010 ) ) ;
#6508 = LINE ( 'NONE', #9406, #2509 ) ;
#6509 = EDGE_CURVE ( 'NONE', #10469, #8470, #4579, .T. ) ;
#6510 = ORIENTED_EDGE ( 'NONE', *, *, #967, .F. ) ;
#6511 = DIRECTION ( 'NONE',  ( 8.195446571860579663E-34, -1.000000000000000000, -0.000000000000000000 ) ) ;
#6512 = ADVANCED_FACE ( 'NONE', ( #4914 ), #5197, .T. ) ;
#6513 = ORIENTED_EDGE ( 'NONE', *, *, #6746, .F. ) ;
#6514 = CARTESIAN_POINT ( 'NONE',  ( 34.00000000000012790, 10.00000000000000000, 10.00000000000003020 ) ) ;
#6515 = EDGE_LOOP ( 'NONE', ( #6551, #6941, #1166, #8434 ) ) ;
#6516 = ORIENTED_EDGE ( 'NONE', *, *, #11714, .F. ) ;
#6517 = AXIS2_PLACEMENT_3D ( 'NONE', #2013, #8769, #1406 ) ;
#6518 = LINE ( 'NONE', #1200, #10843 ) ;
#6519 = DIRECTION ( 'NONE',  ( 0.000000000000000000, 0.000000000000000000, -1.000000000000000000 ) ) ;
#6520 = DIRECTION ( 'NONE',  ( 1.275531967630004999E-16, -1.000000000000000000, 0.000000000000000000 ) ) ;
#6521 = LINE ( 'NONE', #8772, #6699 ) ;
#6522 = EDGE_CURVE ( 'NONE', #4168, #5504, #9193, .T. ) ;
#6523 = CARTESIAN_POINT ( 'NONE',  ( 4.999999999999995559, 94.38206424791441407, -79.08917102903559737 ) ) ;
#6524 = DIRECTION ( 'NONE',  ( -0.7071067811865414665, -0.7071067811865536790, 0.000000000000000000 ) ) ;
#6525 = VECTOR ( 'NONE', #4887, 1000.000000000000000 ) ;
#6526 = VERTEX_POINT ( 'NONE', #11050 ) ;
#6527 = LINE ( 'NONE', #3523, #11328 ) ;
#6528 = ADVANCED_FACE ( 'NONE', ( #8697 ), #8340, .T. ) ;
#6529 = EDGE_LOOP ( 'NONE', ( #7946, #10218 ) ) ;
#6530 = EDGE_CURVE ( 'NONE', #3577, #1875, #748, .T. ) ;
#6531 = CARTESIAN_POINT ( 'NONE',  ( 0.000000000000000000, 59.99999999999998579, -9.499999999999992895 ) ) ;
#6532 = DIRECTION ( 'NONE',  ( -1.000000000000000000, -6.938893903907228378E-15, 0.000000000000000000 ) ) ;
#6533 = VECTOR ( 'NONE', #12320, 1000.000000000000000 ) ;
#6534 = ORIENTED_EDGE ( 'NONE', *, *, #10572, .T. ) ;
#6535 = ORIENTED_EDGE ( 'NONE', *, *, #2767, .T. ) ;
#6536 = EDGE_CURVE ( 'NONE', #3465, #3421, #442, .T. ) ;
#6537 = ORIENTED_EDGE ( 'NONE', *, *, #6568, .T. ) ;
#6538 = ORIENTED_EDGE ( 'NONE', *, *, #9956, .F. ) ;
#6539 = LINE ( 'NONE', #4588, #10946 ) ;
#6540 = EDGE_CURVE ( 'NONE', #7212, #4674, #527, .T. ) ;
#6541 = DIRECTION ( 'NONE',  ( -0.000000000000000000, 1.000000000000000000, -0.000000000000000000 ) ) ;
#6542 = VECTOR ( 'NONE', #5568, 1000.000000000000000 ) ;
#6543 = AXIS2_PLACEMENT_3D ( 'NONE', #4127, #10812, #531 ) ;
#6544 = ORIENTED_EDGE ( 'NONE', *, *, #2421, .F. ) ;
#6545 = ORIENTED_EDGE ( 'NONE', *, *, #8461, .F. ) ;
#6546 = FACE_OUTER_BOUND ( 'NONE', #4026, .T. ) ;
#6547 = VERTEX_POINT ( 'NONE', #3445 ) ;
#6548 = DIRECTION ( 'NONE',  ( 0.5000000000000069944, 0.5000000000000069944, 0.7071067811865376918 ) ) ;
#6549 = DIRECTION ( 'NONE',  ( 0.7071067811865511255, -0.7071067811865440200, 2.019151824439024395E-16 ) ) ;
#6550 = LINE ( 'NONE', #4507, #2431 ) ;
#6551 = ORIENTED_EDGE ( 'NONE', *, *, #182, .T. ) ;
#6552 = DIRECTION ( 'NONE',  ( 0.000000000000000000, 0.000000000000000000, -1.000000000000000000 ) ) ;
#6553 = DIRECTION ( 'NONE',  ( 0.000000000000000000, 0.000000000000000000, -1.000000000000000000 ) ) ;
#6554 = PLANE ( 'NONE',  #784 ) ;
#6555 = ORIENTED_EDGE ( 'NONE', *, *, #3216, .T. ) ;
#6556 = CARTESIAN_POINT ( 'NONE',  ( 105.4999999999997158, 49.50000000000071765, 68.09999999999999432 ) ) ;
#6557 = ORIENTED_EDGE ( 'NONE', *, *, #6672, .F. ) ;
#6558 = CARTESIAN_POINT ( 'NONE',  ( 35.50000000000014921, 10.00000000000000000, 10.00000000000003020 ) ) ;
#6559 = CARTESIAN_POINT ( 'NONE',  ( 113.5000000000000000, 6.000000000000007105, -9.499999999999996447 ) ) ;
#6560 = CARTESIAN_POINT ( 'NONE',  ( -0.9999999999999986677, 49.49999999999997868, 68.09999999999999432 ) ) ;
#6561 = ORIENTED_EDGE ( 'NONE', *, *, #10145, .F. ) ;
#6562 = DIRECTION ( 'NONE',  ( -1.000000000000000000, 1.245442495573092286E-16, 0.000000000000000000 ) ) ;
#6563 = EDGE_CURVE ( 'NONE', #218, #1875, #4673, .T. ) ;
#6564 = FACE_OUTER_BOUND ( 'NONE', #9427, .T. ) ;
#6565 = FACE_OUTER_BOUND ( 'NONE', #5192, .T. ) ;
#6566 = VERTEX_POINT ( 'NONE', #11846 ) ;
#6567 = VERTEX_POINT ( 'NONE', #12178 ) ;
#6568 = EDGE_CURVE ( 'NONE', #6854, #1900, #4875, .T. ) ;
#6569 = ORIENTED_EDGE ( 'NONE', *, *, #3245, .F. ) ;
#6570 = AXIS2_PLACEMENT_3D ( 'NONE', #11852, #6172, #7871 ) ;
#6571 = ORIENTED_EDGE ( 'NONE', *, *, #6470, .F. ) ;
#6572 = DIRECTION ( 'NONE',  ( -0.000000000000000000, 1.000000000000000000, -0.000000000000000000 ) ) ;
#6573 = EDGE_LOOP ( 'NONE', ( #10087, #1565, #6537, #260, #2460 ) ) ;
#6574 = ORIENTED_EDGE ( 'NONE', *, *, #4017, .T. ) ;
#6575 = VECTOR ( 'NONE', #1476, 1000.000000000000000 ) ;
#6576 = CARTESIAN_POINT ( 'NONE',  ( 116.5000000000000000, 6.000000000000000888, -10.00000000000000000 ) ) ;
#6577 = EDGE_LOOP ( 'NONE', ( #8509, #2182, #2630, #8418, #3482 ) ) ;
#6578 = ADVANCED_FACE ( 'NONE', ( #8795 ), #3288, .T. ) ;
#6579 = ORIENTED_EDGE ( 'NONE', *, *, #8599, .T. ) ;
#6580 = ORIENTED_EDGE ( 'NONE', *, *, #11159, .T. ) ;
#6581 = CARTESIAN_POINT ( 'NONE',  ( -0.9999999999999988898, 50.49999999999997158, -9.499999999999996447 ) ) ;
#6582 = CARTESIAN_POINT ( 'NONE',  ( 74.50000000000018474, 3.000000000000000000, 10.00000000000003020 ) ) ;
#6583 = DIRECTION ( 'NONE',  ( -1.973812311104720810E-14, 0.7071067811865500152, 0.7071067811865451302 ) ) ;
#6584 = LINE ( 'NONE', #11976, #8605 ) ;
#6585 = DIRECTION ( 'NONE',  ( 1.000000000000000000, -2.023844055306273103E-15, 0.000000000000000000 ) ) ;
#6586 = ORIENTED_EDGE ( 'NONE', *, *, #2594, .F. ) ;
#6587 = DIRECTION ( 'NONE',  ( 1.000000000000000000, 1.147978770867005115E-16, 0.000000000000000000 ) ) ;
#6588 = PLANE ( 'NONE',  #8709 ) ;
#6589 = CARTESIAN_POINT ( 'NONE',  ( 35.50000000000014921, -6.638311723207056031E-32, 8.000000000000000000 ) ) ;
#6590 = EDGE_CURVE ( 'NONE', #10698, #10756, #8759, .T. ) ;
#6591 = DIRECTION ( 'NONE',  ( -0.7071067811865414665, -0.7071067811865536790, 0.000000000000000000 ) ) ;
#6592 = AXIS2_PLACEMENT_3D ( 'NONE', #10482, #3947, #6768 ) ;
#6593 = FACE_OUTER_BOUND ( 'NONE', #3875, .T. ) ;
#6594 = ORIENTED_EDGE ( 'NONE', *, *, #10779, .T. ) ;
#6595 = VECTOR ( 'NONE', #9499, 1000.000000000000114 ) ;
#6596 = CARTESIAN_POINT ( 'NONE',  ( 6.000000000000012434, 4.999999999999999112, -9.499999999999996447 ) ) ;
#6597 = ORIENTED_EDGE ( 'NONE', *, *, #745, .T. ) ;
#6598 = AXIS2_PLACEMENT_3D ( 'NONE', #8494, #9410, #10387 ) ;
#6599 = DIRECTION ( 'NONE',  ( -1.000000000000000000, -1.147978770867005115E-16, -0.000000000000000000 ) ) ;
#6600 = DIRECTION ( 'NONE',  ( 0.7071067811865439090, 0.7071067811865512365, 0.000000000000000000 ) ) ;
#6601 = EDGE_LOOP ( 'NONE', ( #7034, #1865, #9588, #6983, #5209 ) ) ;
#6602 = CARTESIAN_POINT ( 'NONE',  ( 9.000000000000005329, 18.30000000000002203, 5.750000000064023453 ) ) ;
#6603 = CARTESIAN_POINT ( 'NONE',  ( 5.000000000000000888, 55.49999999999999289, 52.09999999999999432 ) ) ;
#6604 = ADVANCED_FACE ( 'NONE', ( #4632 ), #4685, .F. ) ;
#6605 = CARTESIAN_POINT ( 'NONE',  ( 98.50000000000021316, 3.000000000000000000, 58.59999999999996589 ) ) ;
#6606 = FACE_OUTER_BOUND ( 'NONE', #6515, .T. ) ;
#6607 = VERTEX_POINT ( 'NONE', #1329 ) ;
#6608 = ORIENTED_EDGE ( 'NONE', *, *, #10295, .F. ) ;
#6609 = FACE_BOUND ( 'NONE', #4322, .T. ) ;
#6610 = EDGE_CURVE ( 'NONE', #12108, #5005, #822, .T. ) ;
#6611 = ORIENTED_EDGE ( 'NONE', *, *, #3245, .T. ) ;
#6612 = ORIENTED_EDGE ( 'NONE', *, *, #6731, .F. ) ;
#6613 = CARTESIAN_POINT ( 'NONE',  ( 24.50000000000016342, 3.000000000000000000, 10.00000000000003020 ) ) ;
#6614 = CARTESIAN_POINT ( 'NONE',  ( 21.00000000000010303, 2.499999999999976907, 58.59999999999996589 ) ) ;
#6615 = LINE ( 'NONE', #7854, #10577 ) ;
#6616 = FACE_OUTER_BOUND ( 'NONE', #2376, .T. ) ;
#6617 = EDGE_CURVE ( 'NONE', #2391, #8283, #4855, .T. ) ;
#6618 = ORIENTED_EDGE ( 'NONE', *, *, #359, .T. ) ;
#6619 = ORIENTED_EDGE ( 'NONE', *, *, #294, .F. ) ;
#6620 = CARTESIAN_POINT ( 'NONE',  ( 3.000000000000004441, 22.95000000000000284, 9.100000000063497296 ) ) ;
#6621 = VECTOR ( 'NONE', #3662, 1000.000000000000000 ) ;
#6622 = ORIENTED_EDGE ( 'NONE', *, *, #6498, .T. ) ;
#6623 = FACE_OUTER_BOUND ( 'NONE', #7279, .T. ) ;
#6624 = AXIS2_PLACEMENT_3D ( 'NONE', #3299, #8201, #9902 ) ;
#6625 = ORIENTED_EDGE ( 'NONE', *, *, #5685, .F. ) ;
#6626 = ADVANCED_FACE ( 'NONE', ( #9072 ), #4980, .F. ) ;
#6627 = EDGE_LOOP ( 'NONE', ( #3959, #3030, #11055, #1507 ) ) ;
#6628 = VERTEX_POINT ( 'NONE', #727 ) ;
#6629 = VERTEX_POINT ( 'NONE', #2309 ) ;
#6630 = EDGE_CURVE ( 'NONE', #5429, #6014, #767, .T. ) ;
#6631 = LINE ( 'NONE', #3466, #10947 ) ;
#6632 = ORIENTED_EDGE ( 'NONE', *, *, #8757, .T. ) ;
#6633 = CARTESIAN_POINT ( 'NONE',  ( 102.0000000000002416, 0.5000000000000056621, 58.59999999999996589 ) ) ;
#6634 = LINE ( 'NONE', #3569, #6659 ) ;
#6635 = CARTESIAN_POINT ( 'NONE',  ( 56.50000000000016342, 10.00000000000000000, 10.00000000000003020 ) ) ;
#6636 = ADVANCED_FACE ( 'NONE', ( #4953 ), #5001, .F. ) ;
#6637 = ORIENTED_EDGE ( 'NONE', *, *, #8072, .T. ) ;
#6638 = EDGE_CURVE ( 'NONE', #5890, #5387, #5022, .T. ) ;
#6639 = DIRECTION ( 'NONE',  ( 0.000000000000000000, 0.000000000000000000, 1.000000000000000000 ) ) ;
#6640 = ORIENTED_EDGE ( 'NONE', *, *, #11099, .T. ) ;
#6641 = LINE ( 'NONE', #8806, #6595 ) ;
#6642 = CARTESIAN_POINT ( 'NONE',  ( 116.5000000000000000, 4.000000000000010658, -9.499999999999996447 ) ) ;
#6643 = ORIENTED_EDGE ( 'NONE', *, *, #11241, .T. ) ;
#6644 = EDGE_CURVE ( 'NONE', #2200, #9066, #5047, .T. ) ;
#6645 = DIRECTION ( 'NONE',  ( 0.7071067811865552333, -0.7071067811865398012, -2.019151824439035981E-16 ) ) ;
#6646 = CARTESIAN_POINT ( 'NONE',  ( 9.000000000000005329, 20.00000000000172662, 41.75000000006208012 ) ) ;
#6647 = ORIENTED_EDGE ( 'NONE', *, *, #1027, .F. ) ;
#6648 = EDGE_LOOP ( 'NONE', ( #4298, #754, #11931, #10340 ) ) ;
#6649 = VERTEX_POINT ( 'NONE', #11488 ) ;
#6650 = DIRECTION ( 'NONE',  ( 8.195446571860579663E-34, -1.000000000000000000, -0.000000000000000000 ) ) ;
#6651 = AXIS2_PLACEMENT_3D ( 'NONE', #998, #1915, #10578 ) ;
#6652 = ORIENTED_EDGE ( 'NONE', *, *, #4711, .F. ) ;
#6653 = VERTEX_POINT ( 'NONE', #12131 ) ;
#6654 = VECTOR ( 'NONE', #1118, 1000.000000000000000 ) ;
#6655 = CARTESIAN_POINT ( 'NONE',  ( 1.999999999999896305, 59.49999999999999289, 19.24999999999999645 ) ) ;
#6656 = FACE_BOUND ( 'NONE', #9134, .T. ) ;
#6657 = FACE_OUTER_BOUND ( 'NONE', #5198, .T. ) ;
#6658 = ORIENTED_EDGE ( 'NONE', *, *, #4260, .T. ) ;
#6659 = VECTOR ( 'NONE', #458, 1000.000000000000000 ) ;
#6660 = CARTESIAN_POINT ( 'NONE',  ( 21.00000000000010303, 0.5000000000000195399, 58.59999999999996589 ) ) ;
#6661 = EDGE_LOOP ( 'NONE', ( #7917, #5691, #5843, #4740 ) ) ;
#6662 = AXIS2_PLACEMENT_3D ( 'NONE', #6385, #8155, #6133 ) ;
#6663 = ORIENTED_EDGE ( 'NONE', *, *, #6610, .F. ) ;
#6664 = CARTESIAN_POINT ( 'NONE',  ( 1.000000000000008216, 6.500000000001787015, 65.87397274142526271 ) ) ;
#6665 = ORIENTED_EDGE ( 'NONE', *, *, #1762, .T. ) ;
#6666 = CARTESIAN_POINT ( 'NONE',  ( 51.10355339059368163, -49.39644660940672338, -10.00000000000000000 ) ) ;
#6667 = EDGE_CURVE ( 'NONE', #2159, #9244, #781, .T. ) ;
#6668 = DIRECTION ( 'NONE',  ( -0.7071067811865414665, -0.7071067811865536790, 0.000000000000000000 ) ) ;
#6669 = ORIENTED_EDGE ( 'NONE', *, *, #11883, .F. ) ;
#6670 = ORIENTED_EDGE ( 'NONE', *, *, #9136, .F. ) ;
#6671 = ORIENTED_EDGE ( 'NONE', *, *, #6437, .F. ) ;
#6672 = EDGE_CURVE ( 'NONE', #12136, #11482, #9172, .T. ) ;
#6673 = CARTESIAN_POINT ( 'NONE',  ( 66.00000000000015632, 3.000000000000000000, 10.00000000000003020 ) ) ;
#6674 = FACE_OUTER_BOUND ( 'NONE', #6475, .T. ) ;
#6675 = VECTOR ( 'NONE', #9985, 1000.000000000000000 ) ;
#6676 = CARTESIAN_POINT ( 'NONE',  ( 6.000000000000000888, 59.49999999999997868, -9.499999999999996447 ) ) ;
#6677 = LINE ( 'NONE', #9776, #10821 ) ;
#6678 = VERTEX_POINT ( 'NONE', #11030 ) ;
#6679 = VERTEX_POINT ( 'NONE', #11192 ) ;
#6680 = CIRCLE ( 'NONE', #1072, 2.000000000000022649 ) ;
#6681 = EDGE_CURVE ( 'NONE', #3663, #10608, #1021, .T. ) ;
#6682 = DIRECTION ( 'NONE',  ( 1.147978770867005115E-16, -1.000000000000000000, 0.000000000000000000 ) ) ;
#6683 = ORIENTED_EDGE ( 'NONE', *, *, #10015, .F. ) ;
#6684 = PLANE ( 'NONE',  #4818 ) ;
#6685 = PLANE ( 'NONE',  #3887 ) ;
#6686 = LINE ( 'NONE', #11925, #2685 ) ;
#6687 = VECTOR ( 'NONE', #9732, 1000.000000000000000 ) ;
#6688 = AXIS2_PLACEMENT_3D ( 'NONE', #11660, #2031, #2935 ) ;
#6689 = VECTOR ( 'NONE', #8638, 1000.000000000000000 ) ;
#6690 = DIRECTION ( 'NONE',  ( 4.625929269271484533E-15, -1.000000000000000000, -0.000000000000000000 ) ) ;
#6691 = VERTEX_POINT ( 'NONE', #8797 ) ;
#6692 = ADVANCED_FACE ( 'NONE', ( #5129 ), #842, .F. ) ;
#6693 = DIRECTION ( 'NONE',  ( 0.000000000000000000, 0.000000000000000000, -1.000000000000000000 ) ) ;
#6694 = ORIENTED_EDGE ( 'NONE', *, *, #10150, .T. ) ;
#6695 = DIRECTION ( 'NONE',  ( 8.195446571860579663E-34, -1.000000000000000000, -0.000000000000000000 ) ) ;
#6696 = CARTESIAN_POINT ( 'NONE',  ( 68.00000000000018474, 0.4999999999999917843, 10.00000000000003020 ) ) ;
#6697 = ORIENTED_EDGE ( 'NONE', *, *, #6750, .T. ) ;
#6698 = DIRECTION ( 'NONE',  ( 0.000000000000000000, 0.000000000000000000, -1.000000000000000000 ) ) ;
#6699 = VECTOR ( 'NONE', #8991, 1000.000000000000000 ) ;
#6700 = ORIENTED_EDGE ( 'NONE', *, *, #6859, .F. ) ;
#6701 = EDGE_CURVE ( 'NONE', #4949, #10559, #4940, .T. ) ;
#6702 = VECTOR ( 'NONE', #10142, 1000.000000000000000 ) ;
#6703 = EDGE_CURVE ( 'NONE', #3289, #5738, #5052, .T. ) ;
#6704 = ORIENTED_EDGE ( 'NONE', *, *, #1893, .F. ) ;
#6705 = EDGE_LOOP ( 'NONE', ( #4727, #5981, #8194, #6643, #10261, #9623 ) ) ;
#6706 = EDGE_CURVE ( 'NONE', #7932, #2824, #4919, .T. ) ;
#6707 = AXIS2_PLACEMENT_3D ( 'NONE', #8670, #1927, #11253 ) ;
#6708 = DIRECTION ( 'NONE',  ( 0.7071067811865439090, 0.7071067811865512365, 0.000000000000000000 ) ) ;
#6709 = ORIENTED_EDGE ( 'NONE', *, *, #5300, .T. ) ;
#6710 = ORIENTED_EDGE ( 'NONE', *, *, #9684, .T. ) ;
#6711 = ORIENTED_EDGE ( 'NONE', *, *, #3286, .F. ) ;
#6712 = ADVANCED_FACE ( 'NONE', ( #9197 ), #9178, .F. ) ;
#6713 = LINE ( 'NONE', #2730, #10801 ) ;
#6714 = VECTOR ( 'NONE', #780, 1000.000000000000000 ) ;
#6715 = VERTEX_POINT ( 'NONE', #4561 ) ;
#6716 = DIRECTION ( 'NONE',  ( 0.000000000000000000, 0.000000000000000000, -1.000000000000000000 ) ) ;
#6717 = ORIENTED_EDGE ( 'NONE', *, *, #3485, .F. ) ;
#6718 = CARTESIAN_POINT ( 'NONE',  ( 113.5000000000000000, 4.500000000000013323, -10.00000000000000000 ) ) ;
#6719 = VECTOR ( 'NONE', #7614, 1000.000000000000000 ) ;
#6720 = ORIENTED_EDGE ( 'NONE', *, *, #11356, .T. ) ;
#6721 = DIRECTION ( 'NONE',  ( 0.000000000000000000, 0.7071067811865536790, 0.7071067811865414665 ) ) ;
#6722 = DIRECTION ( 'NONE',  ( 0.000000000000000000, 0.000000000000000000, -1.000000000000000000 ) ) ;
#6723 = CARTESIAN_POINT ( 'NONE',  ( 9.000000000000005329, 16.65000000000003411, 9.500000000063492323 ) ) ;
#6724 = EDGE_CURVE ( 'NONE', #2200, #6567, #715, .T. ) ;
#6725 = ORIENTED_EDGE ( 'NONE', *, *, #3286, .T. ) ;
#6726 = ORIENTED_EDGE ( 'NONE', *, *, #990, .T. ) ;
#6727 = CARTESIAN_POINT ( 'NONE',  ( 39.50000000000086686, 38.50000000000046896, 36.60000000000002984 ) ) ;
#6728 = ORIENTED_EDGE ( 'NONE', *, *, #7488, .F. ) ;
#6729 = EDGE_LOOP ( 'NONE', ( #4578, #12394, #9204, #4205 ) ) ;
#6730 = ORIENTED_EDGE ( 'NONE', *, *, #38, .F. ) ;
#6731 = EDGE_CURVE ( 'NONE', #4619, #412, #751, .T. ) ;
#6732 = AXIS2_PLACEMENT_3D ( 'NONE', #11350, #2720, #9242 ) ;
#6733 = ADVANCED_FACE ( 'NONE', ( #4820 ), #5726, .F. ) ;
#6734 = FACE_OUTER_BOUND ( 'NONE', #992, .T. ) ;
#6735 = LINE ( 'NONE', #9159, #6325 ) ;
#6736 = VERTEX_POINT ( 'NONE', #5651 ) ;
#6737 = VECTOR ( 'NONE', #8028, 1000.000000000000000 ) ;
#6738 = CARTESIAN_POINT ( 'NONE',  ( 3.999999999999896971, 57.19999999999999574, 22.09999999999999432 ) ) ;
#6739 = ADVANCED_FACE ( 'NONE', ( #959 ), #12367, .F. ) ;
#6740 = DIRECTION ( 'NONE',  ( 0.000000000000000000, 0.000000000000000000, -1.000000000000000000 ) ) ;
#6741 = CARTESIAN_POINT ( 'NONE',  ( 9.447139506774712814, 20.39319876051243696, 89.49319876051286826 ) ) ;
#6742 = ORIENTED_EDGE ( 'NONE', *, *, #6365, .F. ) ;
#6743 = ORIENTED_EDGE ( 'NONE', *, *, #2123, .F. ) ;
#6744 = FACE_OUTER_BOUND ( 'NONE', #6831, .T. ) ;
#6745 = ORIENTED_EDGE ( 'NONE', *, *, #2963, .T. ) ;
#6746 = EDGE_CURVE ( 'NONE', #3089, #6966, #9058, .T. ) ;
#6747 = ORIENTED_EDGE ( 'NONE', *, *, #3037, .T. ) ;
#6748 = CARTESIAN_POINT ( 'NONE',  ( 31.00000000000010303, -7.007106818940786657E-32, 10.00000000000003020 ) ) ;
#6749 = DIRECTION ( 'NONE',  ( 0.000000000000000000, 0.000000000000000000, 1.000000000000000000 ) ) ;
#6750 = EDGE_CURVE ( 'NONE', #7355, #4615, #9118, .T. ) ;
#6751 = ORIENTED_EDGE ( 'NONE', *, *, #9297, .F. ) ;
#6752 = ORIENTED_EDGE ( 'NONE', *, *, #152, .T. ) ;
#6753 = AXIS2_PLACEMENT_3D ( 'NONE', #2979, #4881, #11872 ) ;
#6754 = CARTESIAN_POINT ( 'NONE',  ( 100.5000000000002274, 0.5000000000000056621, 58.59999999999996589 ) ) ;
#6755 = VECTOR ( 'NONE', #6092, 1000.000000000000000 ) ;
#6756 = ORIENTED_EDGE ( 'NONE', *, *, #11914, .F. ) ;
#6757 = AXIS2_PLACEMENT_3D ( 'NONE', #12150, #4329, #3424 ) ;
#6758 = EDGE_LOOP ( 'NONE', ( #7696, #1545, #2689, #9795 ) ) ;
#6759 = CONICAL_SURFACE ( 'NONE', #2291, 2.000000000000015543, 0.7853981633974396193 ) ;
#6760 = ORIENTED_EDGE ( 'NONE', *, *, #7716, .T. ) ;
#6761 = DIRECTION ( 'NONE',  ( -8.195446571860579663E-34, 1.000000000000000000, -0.000000000000000000 ) ) ;
#6762 = DIRECTION ( 'NONE',  ( 8.195446571860579663E-34, -1.000000000000000000, -0.000000000000000000 ) ) ;
#6763 = DIRECTION ( 'NONE',  ( -1.224646799147352961E-16, 1.000000000000000000, 0.000000000000000000 ) ) ;
#6764 = PLANE ( 'NONE',  #9439 ) ;
#6765 = EDGE_LOOP ( 'NONE', ( #506, #9046, #9824, #7259, #9348, #9885 ) ) ;
#6766 = DIRECTION ( 'NONE',  ( 1.000000000000000000, 0.000000000000000000, -0.000000000000000000 ) ) ;
#6767 = ORIENTED_EDGE ( 'NONE', *, *, #5542, .F. ) ;
#6768 = DIRECTION ( 'NONE',  ( -1.000000000000000000, 0.000000000000000000, 0.000000000000000000 ) ) ;
#6769 = CARTESIAN_POINT ( 'NONE',  ( 2.000000000000000444, 53.79999999999999716, 52.09999999999999432 ) ) ;
#6770 = ORIENTED_EDGE ( 'NONE', *, *, #10242, .T. ) ;
#6771 = ORIENTED_EDGE ( 'NONE', *, *, #7680, .F. ) ;
#6772 = ORIENTED_EDGE ( 'NONE', *, *, #9408, .T. ) ;
#6773 = DIRECTION ( 'NONE',  ( 1.000000000000000000, 8.195446571860579663E-34, 0.000000000000000000 ) ) ;
#6774 = LINE ( 'NONE', #7320, #2603 ) ;
#6775 = LINE ( 'NONE', #11676, #10865 ) ;
#6776 = CARTESIAN_POINT ( 'NONE',  ( 31.00000000000017408, 3.000000000000000000, 10.00000000000003020 ) ) ;
#6777 = AXIS2_PLACEMENT_3D ( 'NONE', #1613, #3692, #3607 ) ;
#6778 = LINE ( 'NONE', #2302, #2588 ) ;
#6779 = LINE ( 'NONE', #12241, #2650 ) ;
#6780 = EDGE_CURVE ( 'NONE', #4173, #8431, #4897, .T. ) ;
#6781 = VERTEX_POINT ( 'NONE', #9605 ) ;
#6782 = ORIENTED_EDGE ( 'NONE', *, *, #8454, .F. ) ;
#6783 = ORIENTED_EDGE ( 'NONE', *, *, #3041, .F. ) ;
#6784 = ADVANCED_FACE ( 'NONE', ( #657 ), #3804, .F. ) ;
#6785 = ORIENTED_EDGE ( 'NONE', *, *, #6357, .T. ) ;
#6786 = ORIENTED_EDGE ( 'NONE', *, *, #9420, .T. ) ;
#6787 = DIRECTION ( 'NONE',  ( 0.7071067811865451302, 0.7071067811865500152, -0.000000000000000000 ) ) ;
#6788 = EDGE_CURVE ( 'NONE', #9237, #5005, #5095, .T. ) ;
#6789 = CARTESIAN_POINT ( 'NONE',  ( 1.999999999999896749, 59.99999999999998579, 18.74999999999999645 ) ) ;
#6790 = DIRECTION ( 'NONE',  ( 2.855511894612032274E-16, 2.340219516760528775E-49, -1.000000000000000000 ) ) ;
#6791 = DIRECTION ( 'NONE',  ( -1.000000000000000000, 0.000000000000000000, 0.000000000000000000 ) ) ;
#6792 = DIRECTION ( 'NONE',  ( 0.7071067811865531239, -0.7071067811865420216, 5.047879561097575162E-17 ) ) ;
#6793 = AXIS2_PLACEMENT_3D ( 'NONE', #158, #2045, #4003 ) ;
#6794 = ORIENTED_EDGE ( 'NONE', *, *, #5724, .T. ) ;
#6795 = PLANE ( 'NONE',  #12152 ) ;
#6796 = CARTESIAN_POINT ( 'NONE',  ( 29.00000000000014211, 2.499999999999970246, 10.00000000000003020 ) ) ;
#6797 = CARTESIAN_POINT ( 'NONE',  ( 29.00000000000012434, 2.499999999999970246, 60.09999999999997300 ) ) ;
#6798 = AXIS2_PLACEMENT_3D ( 'NONE', #2285, #6957, #7991 ) ;
#6799 = ADVANCED_FACE ( 'NONE', ( #4841 ), #8929, .F. ) ;
#6800 = CARTESIAN_POINT ( 'NONE',  ( 87.50000000000021316, 0.5000000000000195399, 10.00000000000003020 ) ) ;
#6801 = ORIENTED_EDGE ( 'NONE', *, *, #2763, .F. ) ;
#6802 = CIRCLE ( 'NONE', #1656, 2.199999999999979750 ) ;
#6803 = VECTOR ( 'NONE', #10046, 1000.000000000000114 ) ;
#6804 = DIRECTION ( 'NONE',  ( 0.000000000000000000, 0.000000000000000000, 1.000000000000000000 ) ) ;
#6805 = CARTESIAN_POINT ( 'NONE',  ( 48.50000000000017053, 3.000000000000000000, 10.00000000000003020 ) ) ;
#6806 = EDGE_CURVE ( 'NONE', #5673, #10184, #9079, .T. ) ;
#6807 = CARTESIAN_POINT ( 'NONE',  ( 81.00000000000019895, 0.5000000000000195399, 10.00000000000003020 ) ) ;
#6808 = VERTEX_POINT ( 'NONE', #2691 ) ;
#6809 = PLANE ( 'NONE',  #5805 ) ;
#6810 = DIRECTION ( 'NONE',  ( -1.000000000000000000, -8.195446571860579663E-34, 0.000000000000000000 ) ) ;
#6811 = FACE_OUTER_BOUND ( 'NONE', #3896, .T. ) ;
#6812 = CARTESIAN_POINT ( 'NONE',  ( 5.000000000000007105, 4.000000000000014211, 4.000000000000003553 ) ) ;
#6813 = DIRECTION ( 'NONE',  ( -0.6785983445458422247, 0.6785983445458422247, 0.2810846377148432662 ) ) ;
#6814 = ORIENTED_EDGE ( 'NONE', *, *, #7506, .F. ) ;
#6815 = CARTESIAN_POINT ( 'NONE',  ( 16.00000000000012079, 2.499999999999987566, 58.59999999999996589 ) ) ;
#6816 = VECTOR ( 'NONE', #9504, 1000.000000000000000 ) ;
#6817 = PLANE ( 'NONE',  #136 ) ;
#6818 = AXIS2_PLACEMENT_3D ( 'NONE', #2131, #6519, #3454 ) ;
#6819 = VERTEX_POINT ( 'NONE', #3627 ) ;
#6820 = FACE_OUTER_BOUND ( 'NONE', #2246, .T. ) ;
#6821 = VECTOR ( 'NONE', #9624, 1000.000000000000000 ) ;
#6822 = ADVANCED_FACE ( 'NONE', ( #770 ), #10509, .F. ) ;
#6823 = DIRECTION ( 'NONE',  ( -0.5773502691896195138, -0.5773502691896222894, 0.5773502691896353900 ) ) ;
#6824 = PLANE ( 'NONE',  #213 ) ;
#6825 = ORIENTED_EDGE ( 'NONE', *, *, #229, .T. ) ;
#6826 = CARTESIAN_POINT ( 'NONE',  ( 74.50000000000017053, 10.00000000000000000, 58.59999999999996589 ) ) ;
#6827 = DIRECTION ( 'NONE',  ( 0.000000000000000000, 0.000000000000000000, -1.000000000000000000 ) ) ;
#6828 = ORIENTED_EDGE ( 'NONE', *, *, #9048, .F. ) ;
#6829 = ORIENTED_EDGE ( 'NONE', *, *, #3512, .T. ) ;
#6830 = DIRECTION ( 'NONE',  ( -8.195446571860579663E-34, 1.000000000000000000, -0.000000000000000000 ) ) ;
#6831 = EDGE_LOOP ( 'NONE', ( #4082, #8900, #1131, #10092, #4106 ) ) ;
#6832 = CARTESIAN_POINT ( 'NONE',  ( 13.50000000000000178, 54.50000000000000711, -9.499999999999996447 ) ) ;
#6833 = ORIENTED_EDGE ( 'NONE', *, *, #4748, .T. ) ;
#6834 = EDGE_CURVE ( 'NONE', #1730, #9736, #8988, .T. ) ;
#6835 = DIRECTION ( 'NONE',  ( -0.7071067811865414665, 0.7071067811865536790, 0.000000000000000000 ) ) ;
#6836 = CARTESIAN_POINT ( 'NONE',  ( 6.027356317934748020, 55.47095926543092048, -9.971344039550956495 ) ) ;
#6837 = CARTESIAN_POINT ( 'NONE',  ( 33.50000000000012079, -6.802220654644269642E-32, 10.00000000000003020 ) ) ;
#6838 = DIRECTION ( 'NONE',  ( 0.000000000000000000, 0.000000000000000000, -1.000000000000000000 ) ) ;
#6839 = LINE ( 'NONE', #589, #10966 ) ;
#6840 = FACE_OUTER_BOUND ( 'NONE', #6085, .T. ) ;
#6841 = ORIENTED_EDGE ( 'NONE', *, *, #620, .T. ) ;
#6842 = ORIENTED_EDGE ( 'NONE', *, *, #1298, .F. ) ;
#6843 = ORIENTED_EDGE ( 'NONE', *, *, #5372, .T. ) ;
#6844 = EDGE_CURVE ( 'NONE', #9010, #12271, #735, .T. ) ;
#6845 = CONICAL_SURFACE ( 'NONE', #2578, 1.500000000000015099, 0.7853981633974430610 ) ;
#6846 = CARTESIAN_POINT ( 'NONE',  ( 76.50000000000024158, 3.000000000000000000, -122.9712352769500399 ) ) ;
#6847 = ORIENTED_EDGE ( 'NONE', *, *, #10376, .T. ) ;
#6848 = AXIS2_PLACEMENT_3D ( 'NONE', #10346, #12217, #12292 ) ;
#6849 = DIRECTION ( 'NONE',  ( 2.855511894612032274E-16, 2.340219516760528775E-49, -1.000000000000000000 ) ) ;
#6850 = CARTESIAN_POINT ( 'NONE',  ( 113.5000000000000000, 4.500000000000013323, -9.499999999999996447 ) ) ;
#6851 = DIRECTION ( 'NONE',  ( 0.000000000000000000, 0.000000000000000000, 1.000000000000000000 ) ) ;
#6852 = ORIENTED_EDGE ( 'NONE', *, *, #1125, .F. ) ;
#6853 = CARTESIAN_POINT ( 'NONE',  ( 18.00000000000023448, 3.000000000000000000, 58.59999999999996589 ) ) ;
#6854 = VERTEX_POINT ( 'NONE', #1918 ) ;
#6855 = CARTESIAN_POINT ( 'NONE',  ( 66.50000000000018474, 2.499999999999963141, 10.00000000000003020 ) ) ;
#6856 = EDGE_LOOP ( 'NONE', ( #4792, #3499, #3006, #2890 ) ) ;
#6857 = ORIENTED_EDGE ( 'NONE', *, *, #2916, .F. ) ;
#6858 = EDGE_LOOP ( 'NONE', ( #3416, #6344, #10197, #11674, #2255 ) ) ;
#6859 = EDGE_CURVE ( 'NONE', #912, #6715, #4862, .T. ) ;
#6860 = ORIENTED_EDGE ( 'NONE', *, *, #129, .T. ) ;
#6861 = CIRCLE ( 'NONE', #4842, 0.9999999999999870104 ) ;
#6862 = CARTESIAN_POINT ( 'NONE',  ( 73.00000000000017053, 0.5000000000000195399, 10.00000000000003020 ) ) ;
#6863 = VECTOR ( 'NONE', #8940, 1000.000000000000000 ) ;
#6864 = FACE_OUTER_BOUND ( 'NONE', #11312, .T. ) ;
#6865 = VERTEX_POINT ( 'NONE', #832 ) ;
#6866 = CARTESIAN_POINT ( 'NONE',  ( 14.00000000000000533, 57.49999999999997158, 69.09999999999998010 ) ) ;
#6867 = CARTESIAN_POINT ( 'NONE',  ( 114.5000000000000284, -1.639089314372085827E-33, -10.00000000000000000 ) ) ;
#6868 = ORIENTED_EDGE ( 'NONE', *, *, #3855, .T. ) ;
#6869 = EDGE_CURVE ( 'NONE', #1730, #7260, #9215, .T. ) ;
#6870 = AXIS2_PLACEMENT_3D ( 'NONE', #9915, #9567, #6093 ) ;
#6871 = VECTOR ( 'NONE', #4521, 1000.000000000000000 ) ;
#6872 = VERTEX_POINT ( 'NONE', #1778 ) ;
#6873 = ORIENTED_EDGE ( 'NONE', *, *, #6091, .T. ) ;
#6874 = AXIS2_PLACEMENT_3D ( 'NONE', #4432, #5520, #6494 ) ;
#6875 = CARTESIAN_POINT ( 'NONE',  ( 16.00000000000012079, 3.000000000000000000, 58.59999999999996589 ) ) ;
#6876 = ORIENTED_EDGE ( 'NONE', *, *, #773, .F. ) ;
#6877 = ORIENTED_EDGE ( 'NONE', *, *, #1675, .T. ) ;
#6878 = ADVANCED_FACE ( 'NONE', ( #980 ), #5110, .F. ) ;
#6879 = DIRECTION ( 'NONE',  ( 1.000000000000000000, 0.000000000000000000, 0.000000000000000000 ) ) ;
#6880 = CYLINDRICAL_SURFACE ( 'NONE', #3567, 1.500000000000022204 ) ;
#6881 = DIRECTION ( 'NONE',  ( -8.195446571860579663E-34, 1.000000000000000000, -0.000000000000000000 ) ) ;
#6882 = ORIENTED_EDGE ( 'NONE', *, *, #7176, .T. ) ;
#6883 = CARTESIAN_POINT ( 'NONE',  ( 7.000000000000000888, 49.50000000000002132, 66.59999999999999432 ) ) ;
#6884 = LINE ( 'NONE', #9191, #11756 ) ;
#6885 = DIRECTION ( 'NONE',  ( -2.855511894612032274E-16, -2.340219516760528775E-49, 1.000000000000000000 ) ) ;
#6886 = ORIENTED_EDGE ( 'NONE', *, *, #9905, .T. ) ;
#6887 = EDGE_CURVE ( 'NONE', #5222, #912, #890, .T. ) ;
#6888 = LINE ( 'NONE', #6219, #11017 ) ;
#6889 = DIRECTION ( 'NONE',  ( -1.000000000000000000, 1.355252715606880851E-17, -0.000000000000000000 ) ) ;
#6890 = VERTEX_POINT ( 'NONE', #6789 ) ;
#6891 = DIRECTION ( 'NONE',  ( 8.195446571860579663E-34, -1.000000000000000000, -0.000000000000000000 ) ) ;
#6892 = EDGE_LOOP ( 'NONE', ( #11820, #7552 ) ) ;
#6893 = EDGE_CURVE ( 'NONE', #10510, #117, #9236, .T. ) ;
#6894 = CARTESIAN_POINT ( 'NONE',  ( 1.999999999999896749, 52.49999999999998579, 24.94999999999999218 ) ) ;
#6895 = VECTOR ( 'NONE', #2646, 1000.000000000000000 ) ;
#6896 = EDGE_CURVE ( 'NONE', #7026, #6430, #4772, .T. ) ;
#6897 = APPROVAL_PERSON_ORGANIZATION ( #11073, #1620, #2420 ) ;
#6898 = EDGE_LOOP ( 'NONE', ( #7291, #11260, #7440, #8484 ) ) ;
#6899 = CARTESIAN_POINT ( 'NONE',  ( 3.000000000000004441, 23.34999999999999787, 38.00000000006349410 ) ) ;
#6900 = DIRECTION ( 'NONE',  ( -0.000000000000000000, 1.000000000000000000, -0.000000000000000000 ) ) ;
#6901 = CARTESIAN_POINT ( 'NONE',  ( 116.5000000000000000, 4.500000000000013323, 69.09999999999998010 ) ) ;
#6902 = DIRECTION ( 'NONE',  ( 8.195446571860579663E-34, -1.000000000000000000, -0.000000000000000000 ) ) ;
#6903 = DIRECTION ( 'NONE',  ( 1.000000000000000000, -1.156482317317871133E-15, 0.000000000000000000 ) ) ;
#6904 = ORIENTED_EDGE ( 'NONE', *, *, #5565, .F. ) ;
#6905 = CARTESIAN_POINT ( 'NONE',  ( 13.75000000000000178, 55.00000000000001421, -9.749999999999998224 ) ) ;
#6906 = AXIS2_PLACEMENT_3D ( 'NONE', #7855, #3991, #10856 ) ;
#6907 = DIRECTION ( 'NONE',  ( 8.177564888978069359E-16, 0.7071067811865541231, -0.7071067811865410224 ) ) ;
#6908 = ORIENTED_EDGE ( 'NONE', *, *, #3625, .F. ) ;
#6909 = CARTESIAN_POINT ( 'NONE',  ( 1.000000000000004441, 22.85000000000002629, 38.00000000006347989 ) ) ;
#6910 = ADVANCED_FACE ( 'NONE', ( #8871 ), #11905, .T. ) ;
#6911 = CIRCLE ( 'NONE', #11553, 1.500000000000001332 ) ;
#6912 = LINE ( 'NONE', #2798, #11081 ) ;
#6913 = ORIENTED_EDGE ( 'NONE', *, *, #229, .F. ) ;
#6914 = ORIENTED_EDGE ( 'NONE', *, *, #10264, .F. ) ;
#6915 = DIRECTION ( 'NONE',  ( -1.000000000000000000, 2.023844055306273103E-15, 0.000000000000000000 ) ) ;
#6916 = EDGE_CURVE ( 'NONE', #2357, #8466, #8890, .T. ) ;
#6917 = DIRECTION ( 'NONE',  ( -1.577021341797097314E-16, 1.000000000000000000, 0.000000000000000000 ) ) ;
#6918 = CONICAL_SURFACE ( 'NONE', #11214, 2.000000000000029310, 0.7853981633974396193 ) ;
#6919 = EDGE_LOOP ( 'NONE', ( #10454, #10246, #10729, #7829, #10811 ) ) ;
#6920 = EDGE_CURVE ( 'NONE', #4000, #8690, #9505, .T. ) ;
#6921 = CARTESIAN_POINT ( 'NONE',  ( 102.5000000000002416, 3.000000000000000000, 58.59999999999996589 ) ) ;
#6922 = DIRECTION ( 'NONE',  ( 0.000000000000000000, 1.000000000000000000, -1.521687259628777275E-16 ) ) ;
#6923 = AXIS2_PLACEMENT_3D ( 'NONE', #3872, #11226, #7330 ) ;
#6924 = ORIENTED_EDGE ( 'NONE', *, *, #8751, .F. ) ;
#6925 = ORIENTED_EDGE ( 'NONE', *, *, #9860, .T. ) ;
#6926 = ORIENTED_EDGE ( 'NONE', *, *, #11427, .F. ) ;
#6927 = CARTESIAN_POINT ( 'NONE',  ( 113.5000000000000000, 4.500000000000013323, -9.499999999999996447 ) ) ;
#6928 = LINE ( 'NONE', #2427, #7363 ) ;
#6929 = ORIENTED_EDGE ( 'NONE', *, *, #6466, .T. ) ;
#6930 = LINE ( 'NONE', #3237, #7251 ) ;
#6931 = EDGE_CURVE ( 'NONE', #2792, #9070, #9357, .T. ) ;
#6932 = VECTOR ( 'NONE', #11552, 1000.000000000000000 ) ;
#6933 = CARTESIAN_POINT ( 'NONE',  ( 3.000000000000008882, 6.500000000001787015, 9.100000000063497296 ) ) ;
#6934 = CARTESIAN_POINT ( 'NONE',  ( 68.00000000000017053, 0.4999999999999917843, 58.59999999999996589 ) ) ;
#6935 = VECTOR ( 'NONE', #7857, 1000.000000000000114 ) ;
#6936 = ADVANCED_FACE ( 'NONE', ( #5448 ), #217, .F. ) ;
#6937 = CARTESIAN_POINT ( 'NONE',  ( 113.5000000000000000, 4.500000000000013323, 69.09999999999998010 ) ) ;
#6938 = CARTESIAN_POINT ( 'NONE',  ( 0.5000000000000082157, 59.99999999999998579, -10.00000000000000000 ) ) ;
#6939 = CARTESIAN_POINT ( 'NONE',  ( 81.00000000000018474, 2.499999999999976907, 58.59999999999996589 ) ) ;
#6940 = VECTOR ( 'NONE', #5616, 1000.000000000000000 ) ;
#6941 = ORIENTED_EDGE ( 'NONE', *, *, #6681, .F. ) ;
#6942 = CARTESIAN_POINT ( 'NONE',  ( 110.8814871396610897, 11.15801714711852100, -9.118512860338940484 ) ) ;
#6943 = CARTESIAN_POINT ( 'NONE',  ( 30.50000000000013145, 2.499999999999970246, 10.00000000000003020 ) ) ;
#6944 = DIRECTION ( 'NONE',  ( 0.7071067811865389130, -0.7071067811865561215, 0.000000000000000000 ) ) ;
#6945 = VECTOR ( 'NONE', #6483, 1000.000000000000114 ) ;
#6946 = VERTEX_POINT ( 'NONE', #4997 ) ;
#6947 = DIRECTION ( 'NONE',  ( 0.000000000000000000, 0.000000000000000000, 1.000000000000000000 ) ) ;
#6948 = EDGE_CURVE ( 'NONE', #1943, #7336, #1100, .T. ) ;
#6949 = FACE_OUTER_BOUND ( 'NONE', #9383, .T. ) ;
#6950 = ORIENTED_EDGE ( 'NONE', *, *, #9595, .F. ) ;
#6951 = EDGE_CURVE ( 'NONE', #4409, #7503, #5226, .T. ) ;
#6952 = FACE_OUTER_BOUND ( 'NONE', #5644, .T. ) ;
#6953 = AXIS2_PLACEMENT_3D ( 'NONE', #1257, #3222, #2876 ) ;
#6954 = LINE ( 'NONE', #2565, #2822 ) ;
#6955 = EDGE_LOOP ( 'NONE', ( #5384, #5547, #5381, #7671, #757, #1297, #3114, #6710 ) ) ;
#6956 = CARTESIAN_POINT ( 'NONE',  ( 110.5000000000000284, 13.00000000000000000, 69.09999999999998010 ) ) ;
#6957 = DIRECTION ( 'NONE',  ( 0.000000000000000000, -1.000000000000000000, 0.000000000000000000 ) ) ;
#6958 = CARTESIAN_POINT ( 'NONE',  ( 60.02374509231615463, -20.02374509231782795, -12.92374509231789048 ) ) ;
#6959 = LINE ( 'NONE', #12171, #2830 ) ;
#6960 = DIRECTION ( 'NONE',  ( -2.855511894612032274E-16, 0.000000000000000000, -1.000000000000000000 ) ) ;
#6961 = ADVANCED_FACE ( 'NONE', ( #9397 ), #3007, .T. ) ;
#6962 = CARTESIAN_POINT ( 'NONE',  ( 74.50000000000017053, 3.000000000000000000, 60.59999999999998010 ) ) ;
#6963 = AXIS2_PLACEMENT_3D ( 'NONE', #756, #5562, #3713 ) ;
#6964 = CARTESIAN_POINT ( 'NONE',  ( 0.4999999999999805156, 55.50000000000000000, 23.79999999999998650 ) ) ;
#6965 = LINE ( 'NONE', #7297, #11187 ) ;
#6966 = VERTEX_POINT ( 'NONE', #3095 ) ;
#6967 = CONICAL_SURFACE ( 'NONE', #1635, 1.500000000000015099, 0.7853981633974430610 ) ;
#6968 = CARTESIAN_POINT ( 'NONE',  ( 1.000000000000003553, 30.67500000003208527, 30.67500000003119354 ) ) ;
#6969 = ORIENTED_EDGE ( 'NONE', *, *, #11465, .F. ) ;
#6970 = PLANE ( 'NONE',  #1705 ) ;
#6971 = EDGE_CURVE ( 'NONE', #7343, #5415, #1261, .T. ) ;
#6972 = ORIENTED_EDGE ( 'NONE', *, *, #9649, .T. ) ;
#6973 = CARTESIAN_POINT ( 'NONE',  ( 55.00000000000015632, -5.040199641694243022E-32, 58.59999999999996589 ) ) ;
#6974 = CIRCLE ( 'NONE', #9601, 2.000000000000029310 ) ;
#6975 = LINE ( 'NONE', #9806, #11281 ) ;
#6976 = CIRCLE ( 'NONE', #7817, 2.199999999999979750 ) ;
#6977 = CARTESIAN_POINT ( 'NONE',  ( 4.500000000000001776, 35.50000000000179057, 11.50000000006348877 ) ) ;
#6978 = EDGE_CURVE ( 'NONE', #11762, #9218, #5158, .T. ) ;
#6979 = CARTESIAN_POINT ( 'NONE',  ( 3.999999999999896083, 59.49999999999999289, 24.94999999999999218 ) ) ;
#6980 = CONICAL_SURFACE ( 'NONE', #2703, 1.500000000000022204, 0.7853981633974431720 ) ;
#6981 = CARTESIAN_POINT ( 'NONE',  ( 116.0000000000000000, 6.000000000000001776, -9.499999999999996447 ) ) ;
#6982 = CARTESIAN_POINT ( 'NONE',  ( 6.000000000000012434, 4.999999999999999112, 0.000000000000000000 ) ) ;
#6983 = ORIENTED_EDGE ( 'NONE', *, *, #12322, .F. ) ;
#6984 = AXIS2_PLACEMENT_3D ( 'NONE', #665, #334, #6089 ) ;
#6985 = CARTESIAN_POINT ( 'NONE',  ( -0.5000000000000247580, 20.00000000000002132, 7.450000000064023631 ) ) ;
#6986 = DIRECTION ( 'NONE',  ( 1.000000000000000000, 0.000000000000000000, 0.000000000000000000 ) ) ;
#6987 = DIRECTION ( 'NONE',  ( -2.855511894612032274E-16, 0.000000000000000000, 1.000000000000000000 ) ) ;
#6988 = LINE ( 'NONE', #12261, #11189 ) ;
#6989 = ADVANCED_FACE ( 'NONE', ( #9458 ), #3352, .F. ) ;
#6990 = DIRECTION ( 'NONE',  ( 0.7066674452306860310, 0.03524547775673458894, -0.7066674452306650478 ) ) ;
#6991 = DIRECTION ( 'NONE',  ( 0.000000000000000000, 0.000000000000000000, 1.000000000000000000 ) ) ;
#6992 = VERTEX_POINT ( 'NONE', #6866 ) ;
#6993 = VECTOR ( 'NONE', #1414, 1000.000000000000000 ) ;
#6994 = CARTESIAN_POINT ( 'NONE',  ( -0.9999999999999933387, 2.000000000000029310, 69.09999999999996589 ) ) ;
#6995 = ORIENTED_EDGE ( 'NONE', *, *, #8279, .F. ) ;
#6996 = DIRECTION ( 'NONE',  ( 8.195446571860579663E-34, -1.000000000000000000, -0.000000000000000000 ) ) ;
#6997 = FACE_OUTER_BOUND ( 'NONE', #6705, .T. ) ;
#6998 = ORIENTED_EDGE ( 'NONE', *, *, #4924, .F. ) ;
#6999 = VECTOR ( 'NONE', #9643, 1000.000000000000000 ) ;
#7000 = LINE ( 'NONE', #11982, #6935 ) ;
#7001 = CARTESIAN_POINT ( 'NONE',  ( 104.5000000000000142, 13.00000000000000000, 66.59999999999999432 ) ) ;
#7002 = CARTESIAN_POINT ( 'NONE',  ( 76.00000000000021316, 0.5000000000000195399, 10.00000000000003020 ) ) ;
#7003 = ORIENTED_EDGE ( 'NONE', *, *, #7144, .T. ) ;
#7004 = ORIENTED_EDGE ( 'NONE', *, *, #579, .F. ) ;
#7005 = CARTESIAN_POINT ( 'NONE',  ( 3.000000000000005329, 17.15000000000001990, 9.000000000063492323 ) ) ;
#7006 = CARTESIAN_POINT ( 'NONE',  ( 83.00000000000019895, 3.000000000000000000, 58.59999999999996589 ) ) ;
#7007 = EDGE_CURVE ( 'NONE', #142, #4662, #5425, .T. ) ;
#7008 = VERTEX_POINT ( 'NONE', #5963 ) ;
#7009 = LINE ( 'NONE', #11303, #11049 ) ;
#7010 = EDGE_CURVE ( 'NONE', #6629, #8911, #9289, .T. ) ;
#7011 = AXIS2_PLACEMENT_3D ( 'NONE', #1779, #5727, #8463 ) ;
#7012 = FACE_OUTER_BOUND ( 'NONE', #1232, .T. ) ;
#7013 = ORIENTED_EDGE ( 'NONE', *, *, #143, .T. ) ;
#7014 = ORIENTED_EDGE ( 'NONE', *, *, #3732, .T. ) ;
#7015 = DIRECTION ( 'NONE',  ( 1.000000000000000000, 0.000000000000000000, 0.000000000000000000 ) ) ;
#7017 = DIRECTION ( 'NONE',  ( -0.7071067811865414665, 0.7071067811865536790, 0.000000000000000000 ) ) ;
#7016 = CARTESIAN_POINT ( 'NONE',  ( 105.0000000000000284, 13.00000000000000000, 69.09999999999998010 ) ) ;
#7018 = CARTESIAN_POINT ( 'NONE',  ( 6.000000000000000888, 59.49999999999997868, -10.00000000000000000 ) ) ;
#7019 = ADVANCED_FACE ( 'NONE', ( #9484 ), #8770, .F. ) ;
#7020 = DIRECTION ( 'NONE',  ( 0.000000000000000000, 0.000000000000000000, -1.000000000000000000 ) ) ;
#7021 = CC_DESIGN_PERSON_AND_ORGANIZATION_ASSIGNMENT ( #7068, #11777, ( #11131 ) ) ;
#7022 = ORIENTED_EDGE ( 'NONE', *, *, #7386, .F. ) ;
#7023 = FACE_OUTER_BOUND ( 'NONE', #10386, .T. ) ;
#7024 = DIRECTION ( 'NONE',  ( 0.000000000000000000, 0.000000000000000000, 1.000000000000000000 ) ) ;
#7025 = DIRECTION ( 'NONE',  ( 0.000000000000000000, 1.000000000000000000, 0.000000000000000000 ) ) ;
#7026 = VERTEX_POINT ( 'NONE', #8165 ) ;
#7027 = PLANE ( 'NONE',  #560 ) ;
#7028 = VECTOR ( 'NONE', #9007, 999.9999999999998863 ) ;
#7029 = EDGE_LOOP ( 'NONE', ( #6847, #6272, #7846, #1450, #7003 ) ) ;
#7030 = PLANE ( 'NONE',  #933 ) ;
#7031 = VECTOR ( 'NONE', #10291, 1000.000000000000000 ) ;
#7032 = DIRECTION ( 'NONE',  ( 0.000000000000000000, 0.000000000000000000, 1.000000000000000000 ) ) ;
#7033 = DATE_AND_TIME ( #2805, #11125 ) ;
#7034 = ORIENTED_EDGE ( 'NONE', *, *, #8182, .F. ) ;
#7035 = EDGE_CURVE ( 'NONE', #11343, #357, #1240, .T. ) ;
#7036 = EDGE_CURVE ( 'NONE', #8861, #2659, #1222, .T. ) ;
#7037 = ORIENTED_EDGE ( 'NONE', *, *, #4575, .F. ) ;
#7038 = AXIS2_PLACEMENT_3D ( 'NONE', #7546, #7296, #1805 ) ;
#7039 = CONICAL_SURFACE ( 'NONE', #10874, 2.000000000000036415, 0.7853981633974396193 ) ;
#7040 = CARTESIAN_POINT ( 'NONE',  ( 81.00000000000019895, 0.5000000000000195399, 10.00000000000003020 ) ) ;
#7041 = CARTESIAN_POINT ( 'NONE',  ( 87.50000000000021316, -2.376679505839549748E-32, 10.00000000000003020 ) ) ;
#7042 = DIRECTION ( 'NONE',  ( 0.000000000000000000, 0.7071067811865406894, 0.7071067811865542341 ) ) ;
#7043 = ADVANCED_FACE ( 'NONE', ( #1348 ), #11222, .F. ) ;
#7044 = ORIENTED_EDGE ( 'NONE', *, *, #153, .T. ) ;
#7045 = LINE ( 'NONE', #12182, #7086 ) ;
#7046 = CARTESIAN_POINT ( 'NONE',  ( 108.5000000000000426, 12.49999999999999289, -10.00000000000000000 ) ) ;
#7047 = DIRECTION ( 'NONE',  ( 0.000000000000000000, 0.000000000000000000, -1.000000000000000000 ) ) ;
#7048 = CARTESIAN_POINT ( 'NONE',  ( -0.5000000000000247580, 33.50000000000178346, 9.500000000063488770 ) ) ;
#7049 = DIRECTION ( 'NONE',  ( 0.000000000000000000, 0.000000000000000000, -1.000000000000000000 ) ) ;
#7050 = CARTESIAN_POINT ( 'NONE',  ( 3.000000000000005329, 17.15000000000002345, 38.50000000006347989 ) ) ;
#7051 = EDGE_CURVE ( 'NONE', #1813, #6383, #1449, .T. ) ;
#7052 = FACE_OUTER_BOUND ( 'NONE', #7611, .T. ) ;
#7053 = DIRECTION ( 'NONE',  ( -0.000000000000000000, 1.000000000000000000, -0.000000000000000000 ) ) ;
#7054 = CONICAL_SURFACE ( 'NONE', #4994, 1.500000000000029088, 0.7853981633974430610 ) ;
#7055 = DIRECTION ( 'NONE',  ( 0.000000000000000000, 0.000000000000000000, 1.000000000000000000 ) ) ;
#7056 = AXIS2_PLACEMENT_3D ( 'NONE', #4533, #11233, #10098 ) ;
#7057 = VERTEX_POINT ( 'NONE', #8512 ) ;
#7058 = ADVANCED_FACE ( 'NONE', ( #1168 ), #1047, .F. ) ;
#7059 = CARTESIAN_POINT ( 'NONE',  ( 2.000000000000000444, 59.99999999999998579, 49.24999999999999289 ) ) ;
#7060 = EDGE_CURVE ( 'NONE', #137, #7690, #1205, .T. ) ;
#7061 = DIRECTION ( 'NONE',  ( -1.000000000000000000, -8.195446571860579663E-34, -2.855511894612032274E-16 ) ) ;
#7062 = DIRECTION ( 'NONE',  ( -2.855511894612032274E-16, 0.000000000000000000, -1.000000000000000000 ) ) ;
#7063 = DIRECTION ( 'NONE',  ( 0.000000000000000000, 0.000000000000000000, -1.000000000000000000 ) ) ;
#7064 = ORIENTED_EDGE ( 'NONE', *, *, #6313, .F. ) ;
#7065 = CARTESIAN_POINT ( 'NONE',  ( 106.0000000000000284, 4.999999999999999112, -10.00000000000000000 ) ) ;
#7066 =( BOUNDED_CURVE ( )  B_SPLINE_CURVE ( 3, ( #7651, #10487, #8593, #9515 ),
 .UNSPECIFIED., .F., .F. ) 
 B_SPLINE_CURVE_WITH_KNOTS ( ( 4, 4 ),
 ( 3.141592653589788675, 3.982661324157727556 ),
 .UNSPECIFIED. ) 
 CURVE ( )  GEOMETRIC_REPRESENTATION_ITEM ( )  RATIONAL_B_SPLINE_CURVE ( ( 1.000000000000000000, 0.9419139527835167502, 0.9419139527835167502, 1.000000000000000000 ) ) 
 REPRESENTATION_ITEM ( '' )  );
#7067 = VERTEX_POINT ( 'NONE', #6769 ) ;
#7068 = PERSON_AND_ORGANIZATION ( #1606, #7141 ) ;
#7069 = EDGE_LOOP ( 'NONE', ( #8850, #7975, #11354, #11492 ) ) ;
#7070 = EDGE_CURVE ( 'NONE', #10006, #4662, #5373, .T. ) ;
#7071 = FACE_OUTER_BOUND ( 'NONE', #803, .T. ) ;
#7072 = DIRECTION ( 'NONE',  ( 0.000000000000000000, -1.000000000000000000, 0.000000000000000000 ) ) ;
#7073 = CARTESIAN_POINT ( 'NONE',  ( 87.50000000000021316, 10.00000000000000000, 10.00000000000003020 ) ) ;
#7074 = CIRCLE ( 'NONE', #11339, 1.700000000000000178 ) ;
#7075 = EDGE_CURVE ( 'NONE', #10393, #8272, #9553, .T. ) ;
#7076 = CARTESIAN_POINT ( 'NONE',  ( 68.00000000000017053, 2.499999999999963141, 60.09999999999996589 ) ) ;
#7077 = VERTEX_POINT ( 'NONE', #6420 ) ;
#7078 = CIRCLE ( 'NONE', #5739, 1.699999999999993072 ) ;
#7079 = CARTESIAN_POINT ( 'NONE',  ( 110.0000000000000142, 10.79289321881347696, -10.00000000000000000 ) ) ;
#7080 = PLANE ( 'NONE',  #7569 ) ;
#7081 = AXIS2_PLACEMENT_3D ( 'NONE', #1930, #12000, #3583 ) ;
#7082 = DIRECTION ( 'NONE',  ( 2.855511894612032274E-16, 0.000000000000000000, -1.000000000000000000 ) ) ;
#7083 = PERSON_AND_ORGANIZATION ( #1606, #7141 ) ;
#7084 = ORIENTED_EDGE ( 'NONE', *, *, #985, .F. ) ;
#7085 = ORIENTED_EDGE ( 'NONE', *, *, #166, .F. ) ;
#7086 = VECTOR ( 'NONE', #811, 1000.000000000000114 ) ;
#7087 = ADVANCED_FACE ( 'NONE', ( #9679 ), #3527, .F. ) ;
#7088 = CARTESIAN_POINT ( 'NONE',  ( 102.5000000000002558, -1.147362520060459018E-32, 10.00000000000003020 ) ) ;
#7089 = DATE_AND_TIME ( #2924, #11275 ) ;
#7090 = ORIENTED_EDGE ( 'NONE', *, *, #7176, .F. ) ;
#7091 = DIRECTION ( 'NONE',  ( 0.000000000000000000, -1.000000000000000000, 0.000000000000000000 ) ) ;
#7092 = AXIS2_PLACEMENT_3D ( 'NONE', #8562, #4421, #8253 ) ;
#7094 = CARTESIAN_POINT ( 'NONE',  ( 3.999999999999896971, 52.49999999999998579, 24.94999999999999218 ) ) ;
#7093 = DIRECTION ( 'NONE',  ( 0.000000000000000000, 0.000000000000000000, 1.000000000000000000 ) ) ;
#7095 = DIRECTION ( 'NONE',  ( 0.000000000000000000, 1.000000000000000000, 0.000000000000000000 ) ) ;
#7096 = LINE ( 'NONE', #4462, #2996 ) ;
#7097 = FACE_OUTER_BOUND ( 'NONE', #7958, .T. ) ;
#7098 = EDGE_CURVE ( 'NONE', #1031, #4681, #1369, .T. ) ;
#7099 = ORIENTED_EDGE ( 'NONE', *, *, #1246, .T. ) ;
#7100 = CARTESIAN_POINT ( 'NONE',  ( 6.000000000000000888, 59.49999999999999289, -10.00000000000000000 ) ) ;
#7101 = ORIENTED_EDGE ( 'NONE', *, *, #7116, .F. ) ;
#7102 = EDGE_CURVE ( 'NONE', #144, #11771, #9380, .T. ) ;
#7103 = CARTESIAN_POINT ( 'NONE',  ( 5.499999999999893419, 5.000000000000172307, 69.59999999999999432 ) ) ;
#7104 = DIRECTION ( 'NONE',  ( 0.000000000000000000, 0.000000000000000000, 1.000000000000000000 ) ) ;
#7105 = FACE_OUTER_BOUND ( 'NONE', #4418, .T. ) ;
#7106 = ORIENTED_EDGE ( 'NONE', *, *, #10530, .T. ) ;
#7107 = CARTESIAN_POINT ( 'NONE',  ( 105.5000000000000284, 4.999999999999999112, -10.00000000000000000 ) ) ;
#7108 = CARTESIAN_POINT ( 'NONE',  ( 70.00000000000019895, 3.000000000000000000, 58.59999999999996589 ) ) ;
#7109 = CARTESIAN_POINT ( 'NONE',  ( 22.50000000000011369, 3.000000000000000000, 58.59999999999996589 ) ) ;
#7110 = ORIENTED_EDGE ( 'NONE', *, *, #806, .F. ) ;
#7111 = EDGE_CURVE ( 'NONE', #6678, #10694, #9438, .T. ) ;
#7112 = VERTEX_POINT ( 'NONE', #5775 ) ;
#7113 = CARTESIAN_POINT ( 'NONE',  ( 86.00000000000015632, 10.00000000000000000, 58.59999999999996589 ) ) ;
#7114 = AXIS2_PLACEMENT_3D ( 'NONE', #11000, #7265, #8135 ) ;
#7115 = ORIENTED_EDGE ( 'NONE', *, *, #3707, .T. ) ;
#7116 = EDGE_CURVE ( 'NONE', #6000, #1332, #1401, .T. ) ;
#7118 = CARTESIAN_POINT ( 'NONE',  ( 104.5000000000000142, 6.000000000000000000, 69.09999999999999432 ) ) ;
#7117 = LOCAL_TIME ( 14, 18, 39.00000000000000000, #11196 ) ;
#7119 = VECTOR ( 'NONE', #5395, 1000.000000000000000 ) ;
#7120 = ADVANCED_FACE ( 'NONE', ( #9275 ), #10400, .T. ) ;
#7121 = CONICAL_SURFACE ( 'NONE', #6505, 1.500000000000015099, 0.7853981633974430610 ) ;
#7122 = AXIS2_PLACEMENT_3D ( 'NONE', #3774, #8278, #9187 ) ;
#7123 = ORIENTED_EDGE ( 'NONE', *, *, #2421, .T. ) ;
#7124 = ORIENTED_EDGE ( 'NONE', *, *, #5231, .F. ) ;
#7125 = VERTEX_POINT ( 'NONE', #10484 ) ;
#7126 = FACE_OUTER_BOUND ( 'NONE', #5607, .T. ) ;
#7127 = DIRECTION ( 'NONE',  ( 0.000000000000000000, 0.000000000000000000, 1.000000000000000000 ) ) ;
#7128 = EDGE_LOOP ( 'NONE', ( #9257, #4929, #8572, #2606 ) ) ;
#7129 = CARTESIAN_POINT ( 'NONE',  ( 106.0000000000000284, 12.49999999999999289, -10.00000000000000000 ) ) ;
#7130 = DIRECTION ( 'NONE',  ( 0.000000000000000000, 0.000000000000000000, -1.000000000000000000 ) ) ;
#7131 = CARTESIAN_POINT ( 'NONE',  ( 104.5000000000000142, 13.00000000000000000, 69.09999999999999432 ) ) ;
#7132 = EDGE_CURVE ( 'NONE', #6566, #6679, #9312, .T. ) ;
#7133 = LOCAL_TIME ( 14, 18, 39.00000000000000000, #2983 ) ;
#7134 = ORIENTED_EDGE ( 'NONE', *, *, #1889, .T. ) ;
#7135 = EDGE_LOOP ( 'NONE', ( #1139, #3205, #125, #566 ) ) ;
#7136 = DIRECTION ( 'NONE',  ( 0.000000000000000000, 0.000000000000000000, 1.000000000000000000 ) ) ;
#7137 = CARTESIAN_POINT ( 'NONE',  ( 104.5000000000000142, 12.49999999999999467, 69.09999999999999432 ) ) ;
#7138 = CARTESIAN_POINT ( 'NONE',  ( 35.50000000000012790, 3.000000000000000000, 60.59999999999999432 ) ) ;
#7139 = DIRECTION ( 'NONE',  ( 0.7071067811865482389, 1.115122484860636835E-16, -0.7071067811865469066 ) ) ;
#7140 = ORIENTED_EDGE ( 'NONE', *, *, #1994, .T. ) ;
#7141 = ORGANIZATION ( 'UNSPECIFIED', 'UNSPECIFIED', '' ) ;
#7142 = ORIENTED_EDGE ( 'NONE', *, *, #4901, .F. ) ;
#7143 = ORIENTED_EDGE ( 'NONE', *, *, #4059, .F. ) ;
#7144 = EDGE_CURVE ( 'NONE', #10840, #10275, #1147, .T. ) ;
#7145 = CARTESIAN_POINT ( 'NONE',  ( 105.5000000000000284, 4.999999999999999112, 0.000000000000000000 ) ) ;
#7146 = PLANE ( 'NONE',  #12162 ) ;
#7147 = FACE_OUTER_BOUND ( 'NONE', #116, .T. ) ;
#7148 = DIRECTION ( 'NONE',  ( 0.000000000000000000, 0.000000000000000000, -1.000000000000000000 ) ) ;
#7149 = ORIENTED_EDGE ( 'NONE', *, *, #6233, .F. ) ;
#7150 = ORIENTED_EDGE ( 'NONE', *, *, #11965, .F. ) ;
#7151 = EDGE_CURVE ( 'NONE', #2968, #8221, #9336, .T. ) ;
#7152 = CONICAL_SURFACE ( 'NONE', #1049, 2.000000000000015543, 0.7853981633974396193 ) ;
#7153 = AXIS2_PLACEMENT_3D ( 'NONE', #9841, #1901, #3868 ) ;
#7154 = ADVANCED_FACE ( 'NONE', ( #1080 ), #4590, .T. ) ;
#7155 = CARTESIAN_POINT ( 'NONE',  ( 94.00000000000022737, 0.5000000000000195399, 8.500000000000014211 ) ) ;
#7156 = LINE ( 'NONE', #3206, #11021 ) ;
#7157 = VECTOR ( 'NONE', #11977, 1000.000000000000000 ) ;
#7158 = DIRECTION ( 'NONE',  ( 0.000000000000000000, 0.000000000000000000, 1.000000000000000000 ) ) ;
#7159 = CARTESIAN_POINT ( 'NONE',  ( 46.50000000000009948, 3.000000000000000000, -122.9712352769500541 ) ) ;
#7160 = ORIENTED_EDGE ( 'NONE', *, *, #9759, .T. ) ;
#7161 = CARTESIAN_POINT ( 'NONE',  ( 5.510910596163076737E-16, 55.49999999999999289, 49.90000000000001279 ) ) ;
#7162 = CARTESIAN_POINT ( 'NONE',  ( 53.50000000000014211, 10.00000000000000000, 58.59999999999996589 ) ) ;
#7163 = CARTESIAN_POINT ( 'NONE',  ( 29.00000000000014211, -7.171015750377993700E-32, 10.00000000000003020 ) ) ;
#7164 = PERSON_AND_ORGANIZATION ( #1606, #7141 ) ;
#7165 = VERTEX_POINT ( 'NONE', #94 ) ;
#7167 = ORIENTED_EDGE ( 'NONE', *, *, #4042, .F. ) ;
#7166 = VECTOR ( 'NONE', #2438, 1000.000000000000000 ) ;
#7168 = EDGE_CURVE ( 'NONE', #6567, #6478, #5322, .T. ) ;
#7169 = CARTESIAN_POINT ( 'NONE',  ( 105.5000000000000284, 0.5000000000000029976, 69.59999999999999432 ) ) ;
#7170 = ORIENTED_EDGE ( 'NONE', *, *, #2794, .F. ) ;
#7171 = CARTESIAN_POINT ( 'NONE',  ( 9.000000000000005329, 20.00000000000002132, 5.750000000064023453 ) ) ;
#7172 = DIRECTION ( 'NONE',  ( 0.000000000000000000, -1.000000000000000000, 0.000000000000000000 ) ) ;
#7173 = LINE ( 'NONE', #7698, #6821 ) ;
#7174 = CARTESIAN_POINT ( 'NONE',  ( 16.00000000000012079, -8.236423804719871229E-32, 58.59999999999996589 ) ) ;
#7175 = DIRECTION ( 'NONE',  ( 0.7071067811865414665, 0.7071067811865536790, 2.407380598172815890E-15 ) ) ;
#7176 = EDGE_CURVE ( 'NONE', #10106, #4558, #1187, .T. ) ;
#7177 = AXIS2_PLACEMENT_3D ( 'NONE', #12052, #6369, #2625 ) ;
#7178 = ORIENTED_EDGE ( 'NONE', *, *, #3695, .T. ) ;
#7179 = ADVANCED_FACE ( 'NONE', ( #5793 ), #350, .T. ) ;
#7180 = CARTESIAN_POINT ( 'NONE',  ( 5.510910596163076737E-16, 55.49999999999999289, 54.29999999999997584 ) ) ;
#7181 = CC_DESIGN_DATE_AND_TIME_ASSIGNMENT ( #11296, #584, ( #8354 ) ) ;
#7182 = CARTESIAN_POINT ( 'NONE',  ( -3.353553390593325467, 48.99999999999997868, 56.95355339059296540 ) ) ;
#7183 = CARTESIAN_POINT ( 'NONE',  ( 22.50000000000013500, -7.703719777548933559E-32, 8.000000000000000000 ) ) ;
#7184 = ORIENTED_EDGE ( 'NONE', *, *, #7535, .F. ) ;
#7185 = DIRECTION ( 'NONE',  ( 1.000000000000000000, 6.938893903907228378E-15, 0.000000000000000000 ) ) ;
#7187 = CARTESIAN_POINT ( 'NONE',  ( 0.5000000000000027756, 35.49999999999998579, 66.59999999999999432 ) ) ;
#7186 = PLANE ( 'NONE',  #3618 ) ;
#7188 = DIRECTION ( 'NONE',  ( 0.000000000000000000, 0.000000000000000000, -1.000000000000000000 ) ) ;
#7189 = FACE_OUTER_BOUND ( 'NONE', #6729, .T. ) ;
#7190 = CARTESIAN_POINT ( 'NONE',  ( 0.8419828528815176405, -0.3814871396610937104, -9.118512860338906734 ) ) ;
#7191 = CIRCLE ( 'NONE', #7539, 2.000000000000029310 ) ;
#7192 = CARTESIAN_POINT ( 'NONE',  ( 100.5000000000002274, -1.311271451497673040E-32, 58.59999999999996589 ) ) ;
#7193 = EDGE_LOOP ( 'NONE', ( #283, #392 ) ) ;
#7194 = CARTESIAN_POINT ( 'NONE',  ( 94.00000000000022737, 0.5000000000000195399, 10.00000000000003020 ) ) ;
#7195 = PLANE ( 'NONE',  #11491 ) ;
#7196 = DIRECTION ( 'NONE',  ( -1.000000000000000000, 0.000000000000000000, 0.000000000000000000 ) ) ;
#7197 = LINE ( 'NONE', #7190, #2741 ) ;
#7198 = CARTESIAN_POINT ( 'NONE',  ( 4.500000000000006217, 4.500000000001787015, 36.00000000006349410 ) ) ;
#7199 = EDGE_CURVE ( 'NONE', #11348, #515, #10054, .T. ) ;
#7200 = DIRECTION ( 'NONE',  ( 0.7071067811865439090, -0.7071067811865512365, 0.000000000000000000 ) ) ;
#7201 = DIRECTION ( 'NONE',  ( -0.6785983445458433350, 0.2810846377148302766, -0.6785983445458465546 ) ) ;
#7202 = AXIS2_PLACEMENT_3D ( 'NONE', #3552, #9219, #8465 ) ;
#7203 = CARTESIAN_POINT ( 'NONE',  ( 0.4999999999999735767, 53.79999999999999716, 52.09999999999999432 ) ) ;
#7204 = ADVANCED_FACE ( 'NONE', ( #1714 ), #1616, .F. ) ;
#7205 = CARTESIAN_POINT ( 'NONE',  ( 115.9999999999999858, 4.250000000000009770, -9.749999999999998224 ) ) ;
#7206 = ORIENTED_EDGE ( 'NONE', *, *, #8372, .F. ) ;
#7207 = VECTOR ( 'NONE', #4518, 999.9999999999998863 ) ;
#7208 = VERTEX_POINT ( 'NONE', #10638 ) ;
#7209 = VECTOR ( 'NONE', #10596, 1000.000000000000000 ) ;
#7210 = VECTOR ( 'NONE', #9351, 1000.000000000000000 ) ;
#7211 = DIRECTION ( 'NONE',  ( -0.7071067811865414665, 0.7071067811865536790, 0.000000000000000000 ) ) ;
#7212 = VERTEX_POINT ( 'NONE', #10721 ) ;
#7213 = ORIENTED_EDGE ( 'NONE', *, *, #9441, .T. ) ;
#7214 = CARTESIAN_POINT ( 'NONE',  ( 66.50000000000017053, 2.499999999999963141, 58.59999999999996589 ) ) ;
#7215 = CARTESIAN_POINT ( 'NONE',  ( 9.000000000000005329, 20.00000000000172662, 41.75000000006208012 ) ) ;
#7216 = EDGE_CURVE ( 'NONE', #1031, #12271, #1776, .T. ) ;
#7217 = DIRECTION ( 'NONE',  ( -0.000000000000000000, -0.000000000000000000, 1.000000000000000000 ) ) ;
#7218 = VERTEX_POINT ( 'NONE', #187 ) ;
#7219 = DIRECTION ( 'NONE',  ( 0.000000000000000000, 0.7071067811865410224, -0.7071067811865540120 ) ) ;
#7220 = PLANE ( 'NONE',  #6425 ) ;
#7221 = AXIS2_PLACEMENT_3D ( 'NONE', #9640, #2, #4867 ) ;
#7222 = ORIENTED_EDGE ( 'NONE', *, *, #2995, .F. ) ;
#7223 = ORIENTED_EDGE ( 'NONE', *, *, #5657, .T. ) ;
#7224 = ORIENTED_EDGE ( 'NONE', *, *, #7825, .F. ) ;
#7225 = ADVANCED_FACE ( 'NONE', ( #5681 ), #9829, .F. ) ;
#7226 = CARTESIAN_POINT ( 'NONE',  ( 53.50000000000014211, 0.4999999999999848455, 58.59999999999996589 ) ) ;
#7227 = VECTOR ( 'NONE', #8211, 1000.000000000000000 ) ;
#7228 = DIRECTION ( 'NONE',  ( 0.000000000000000000, -0.7071067811865359154, 0.7071067811865592301 ) ) ;
#7229 = EDGE_CURVE ( 'NONE', #9554, #1611, #10076, .T. ) ;
#7230 = CIRCLE ( 'NONE', #12275, 1.500000000000015099 ) ;
#7231 = ORIENTED_EDGE ( 'NONE', *, *, #1425, .T. ) ;
#7232 = CARTESIAN_POINT ( 'NONE',  ( 116.5000000000000000, 2.000000000000001776, -9.499999999999996447 ) ) ;
#7233 = ORIENTED_EDGE ( 'NONE', *, *, #11939, .F. ) ;
#7234 = EDGE_CURVE ( 'NONE', #10225, #9834, #1686, .T. ) ;
#7235 = ORIENTED_EDGE ( 'NONE', *, *, #2587, .T. ) ;
#7236 = VERTEX_POINT ( 'NONE', #7183 ) ;
#7237 = ORIENTED_EDGE ( 'NONE', *, *, #12035, .F. ) ;
#7238 = VERTEX_POINT ( 'NONE', #8133 ) ;
#7239 = CARTESIAN_POINT ( 'NONE',  ( 86.00000000000015632, 10.00000000000000000, 58.59999999999996589 ) ) ;
#7240 = CARTESIAN_POINT ( 'NONE',  ( 106.0000000000000284, 12.49999999999999822, -9.999999999999996447 ) ) ;
#7241 = CARTESIAN_POINT ( 'NONE',  ( 5.000000000000002665, 34.99999999999994316, -122.9712352769500541 ) ) ;
#7242 = DIRECTION ( 'NONE',  ( 0.000000000000000000, -1.000000000000000000, 0.000000000000000000 ) ) ;
#7243 = EDGE_LOOP ( 'NONE', ( #11033, #6670, #7222, #1306 ) ) ;
#7244 = EDGE_LOOP ( 'NONE', ( #1025, #11502, #1999, #5531, #7101, #10598, #1235, #11930, #7524, #10172 ) ) ;
#7245 = ORIENTED_EDGE ( 'NONE', *, *, #639, .F. ) ;
#7247 = ORIENTED_EDGE ( 'NONE', *, *, #2712, .F. ) ;
#7246 = CYLINDRICAL_SURFACE ( 'NONE', #8486, 1.500000000000022204 ) ;
#7248 = AXIS2_PLACEMENT_3D ( 'NONE', #363, #9849, #10915 ) ;
#7249 = CARTESIAN_POINT ( 'NONE',  ( 42.00000000000013500, 3.000000000000000000, 58.59999999999996589 ) ) ;
#7250 = LINE ( 'NONE', #2317, #3359 ) ;
#7251 = VECTOR ( 'NONE', #3934, 1000.000000000000000 ) ;
#7252 = CARTESIAN_POINT ( 'NONE',  ( 79.00000000000017053, 3.000000000000000000, 10.00000000000003020 ) ) ;
#7253 = CARTESIAN_POINT ( 'NONE',  ( 50.00000000000016342, 2.499999999999976907, 10.00000000000003020 ) ) ;
#7254 = DIRECTION ( 'NONE',  ( -1.000000000000000000, -8.195446571860579663E-34, 2.855511894612032274E-16 ) ) ;
#7255 = AXIS2_PLACEMENT_3D ( 'NONE', #9375, #10423, #11246 ) ;
#7256 = PERSON_AND_ORGANIZATION ( #1606, #7141 ) ;
#7257 = ORIENTED_EDGE ( 'NONE', *, *, #10269, .F. ) ;
#7258 = VERTEX_POINT ( 'NONE', #9053 ) ;
#7259 = ORIENTED_EDGE ( 'NONE', *, *, #3346, .F. ) ;
#7260 = VERTEX_POINT ( 'NONE', #12123 ) ;
#7261 = EDGE_CURVE ( 'NONE', #6397, #7026, #9870, .T. ) ;
#7262 = PLANE ( 'NONE',  #1180 ) ;
#7263 = EDGE_CURVE ( 'NONE', #6326, #9769, #1594, .T. ) ;
#7264 = VERTEX_POINT ( 'NONE', #10365 ) ;
#7266 = PLANE ( 'NONE',  #7899 ) ;
#7265 = DIRECTION ( 'NONE',  ( -0.7071067811865512365, -0.7071067811865439090, -0.000000000000000000 ) ) ;
#7267 = DIRECTION ( 'NONE',  ( 0.7071067811865500152, -0.7071067811865451302, -0.000000000000000000 ) ) ;
#7268 = VECTOR ( 'NONE', #3235, 1000.000000000000000 ) ;
#7269 = CARTESIAN_POINT ( 'NONE',  ( -0.9999999999999970024, 33.85355339059505297, 38.35355339065675651 ) ) ;
#7270 = CARTESIAN_POINT ( 'NONE',  ( 107.5000000000000284, 5.999999999999991118, 4.500000000000003553 ) ) ;
#7271 = FACE_OUTER_BOUND ( 'NONE', #5160, .T. ) ;
#7272 = CONICAL_SURFACE ( 'NONE', #9020, 1.500000000000015099, 0.7853981633974430610 ) ;
#7273 = EDGE_CURVE ( 'NONE', #3302, #9103, #1472, .T. ) ;
#7274 = FACE_OUTER_BOUND ( 'NONE', #10399, .T. ) ;
#7275 = DIRECTION ( 'NONE',  ( 0.000000000000000000, 0.000000000000000000, 1.000000000000000000 ) ) ;
#7276 = CARTESIAN_POINT ( 'NONE',  ( 82.50000000000018474, 0.5000000000000195399, 58.59999999999996589 ) ) ;
#7277 = EDGE_CURVE ( 'NONE', #9124, #5330, #5737, .T. ) ;
#7278 = CIRCLE ( 'NONE', #1910, 0.5000000000000004441 ) ;
#7279 = EDGE_LOOP ( 'NONE', ( #6164, #6868, #12191, #2816, #10909, #7499, #6760, #7404, #2993, #2694 ) ) ;
#7280 = ORIENTED_EDGE ( 'NONE', *, *, #10123, .F. ) ;
#7281 = ADVANCED_FACE ( 'NONE', ( #1548 ), #2164, .T. ) ;
#7282 = DIRECTION ( 'NONE',  ( 1.000000000000000000, 0.000000000000000000, -0.000000000000000000 ) ) ;
#7283 = APPROVAL_PERSON_ORGANIZATION ( #7256, #4164, #11147 ) ;
#7284 = VERTEX_POINT ( 'NONE', #8966 ) ;
#7285 = CARTESIAN_POINT ( 'NONE',  ( 29.00000000000012434, 3.000000000000000000, 58.59999999999996589 ) ) ;
#7286 = AXIS2_PLACEMENT_3D ( 'NONE', #1878, #11701, #5992 ) ;
#7287 = ORIENTED_EDGE ( 'NONE', *, *, #7234, .F. ) ;
#7288 = EDGE_LOOP ( 'NONE', ( #5301, #12083, #5743, #4829 ) ) ;
#7289 = ORIENTED_EDGE ( 'NONE', *, *, #7680, .T. ) ;
#7290 = LINE ( 'NONE', #9243, #3161 ) ;
#7291 = ORIENTED_EDGE ( 'NONE', *, *, #11099, .F. ) ;
#7292 = VECTOR ( 'NONE', #5029, 1000.000000000000000 ) ;
#7293 = CIRCLE ( 'NONE', #6923, 2.000000000000029310 ) ;
#7294 = LINE ( 'NONE', #8420, #2932 ) ;
#7295 = ORIENTED_EDGE ( 'NONE', *, *, #910, .T. ) ;
#7296 = DIRECTION ( 'NONE',  ( -0.7071067811865531239, -0.7071067811865420216, 5.047879561097575162E-17 ) ) ;
#7297 = CARTESIAN_POINT ( 'NONE',  ( 1.000000000000008216, 6.500000000001787015, 65.87397274142526271 ) ) ;
#7298 = PLANE ( 'NONE',  #6953 ) ;
#7299 = DIRECTION ( 'NONE',  ( -5.356539946258373635E-15, -0.7071067811865398012, -0.7071067811865552333 ) ) ;
#7300 = CARTESIAN_POINT ( 'NONE',  ( 24.00000000000012434, 10.00000000000000000, 58.59999999999996589 ) ) ;
#7301 = LINE ( 'NONE', #7269, #11347 ) ;
#7302 = EDGE_CURVE ( 'NONE', #4619, #3710, #5849, .T. ) ;
#7303 = FACE_OUTER_BOUND ( 'NONE', #3965, .T. ) ;
#7304 = CARTESIAN_POINT ( 'NONE',  ( 106.4995735098602694, 5.029202711958144612, -10.00000000000000000 ) ) ;
#7305 = DIRECTION ( 'NONE',  ( 0.000000000000000000, 0.000000000000000000, 1.000000000000000000 ) ) ;
#7306 = DATE_AND_TIME ( #11805, #7551 ) ;
#7307 = VERTEX_POINT ( 'NONE', #6283 ) ;
#7308 = EDGE_LOOP ( 'NONE', ( #6925, #1789, #10934, #4553 ) ) ;
#7309 = ORIENTED_EDGE ( 'NONE', *, *, #7838, .F. ) ;
#7310 = ADVANCED_FACE ( 'NONE', ( #1796 ), #1838, .F. ) ;
#7311 = CARTESIAN_POINT ( 'NONE',  ( 2.290000454028310969E-17, 59.49999999999998579, 69.09999999999998010 ) ) ;
#7312 = EDGE_CURVE ( 'NONE', #3821, #7511, #5995, .T. ) ;
#7313 = CARTESIAN_POINT ( 'NONE',  ( 102.5000000000002984, 3.000000000000000000, -122.9712352769500256 ) ) ;
#7314 = AXIS2_PLACEMENT_3D ( 'NONE', #8174, #9086, #10059 ) ;
#7315 = CARTESIAN_POINT ( 'NONE',  ( 40.00000000000011369, -6.269516627473333068E-32, 58.59999999999996589 ) ) ;
#7316 = VERTEX_POINT ( 'NONE', #7016 ) ;
#7317 = ORIENTED_EDGE ( 'NONE', *, *, #12269, .T. ) ;
#7318 = LINE ( 'NONE', #1579, #3657 ) ;
#7319 = DIRECTION ( 'NONE',  ( 2.855511894612032274E-16, 0.000000000000000000, 1.000000000000000000 ) ) ;
#7320 = CARTESIAN_POINT ( 'NONE',  ( 0.03950428677961491386, 5.039504286781431475, 11.72346999260604505 ) ) ;
#7321 = LINE ( 'NONE', #7002, #7227 ) ;
#7322 = CARTESIAN_POINT ( 'NONE',  ( -0.9999999999999986677, 48.99999999999997868, 44.09999999999998721 ) ) ;
#7323 = ORIENTED_EDGE ( 'NONE', *, *, #6844, .F. ) ;
#7324 = VECTOR ( 'NONE', #8137, 1000.000000000000000 ) ;
#7325 = DIRECTION ( 'NONE',  ( -0.7071067811865426878, -0.7071067811865524577, 0.000000000000000000 ) ) ;
#7326 = CARTESIAN_POINT ( 'NONE',  ( -0.5000000000000213163, 4.500000000001787015, 36.00000000006349410 ) ) ;
#7327 = EDGE_LOOP ( 'NONE', ( #5789, #5709, #11924, #3486 ) ) ;
#7328 = CARTESIAN_POINT ( 'NONE',  ( 6.000000000000000888, 59.49999999999999289, -9.499999999999996447 ) ) ;
#7329 = ORIENTED_EDGE ( 'NONE', *, *, #338, .T. ) ;
#7330 = DIRECTION ( 'NONE',  ( 1.000000000000000000, 8.195446571860577953E-34, 0.000000000000000000 ) ) ;
#7331 = ORIENTED_EDGE ( 'NONE', *, *, #5257, .F. ) ;
#7332 = DIRECTION ( 'NONE',  ( 0.7071067811865426878, -9.931013410491075974E-15, -0.7071067811865524577 ) ) ;
#7333 = FACE_OUTER_BOUND ( 'NONE', #10858, .T. ) ;
#7334 = EDGE_CURVE ( 'NONE', #6243, #9970, #6276, .T. ) ;
#7335 = ORIENTED_EDGE ( 'NONE', *, *, #7593, .F. ) ;
#7336 = VERTEX_POINT ( 'NONE', #3154 ) ;
#7337 = AXIS2_PLACEMENT_3D ( 'NONE', #6934, #4978, #2085 ) ;
#7338 = ADVANCED_FACE ( 'NONE', ( #6300 ), #10900, .F. ) ;
#7339 = LINE ( 'NONE', #10588, #11440 ) ;
#7340 = CARTESIAN_POINT ( 'NONE',  ( 116.2500000000000000, 6.500000000000006217, 69.34999999999998010 ) ) ;
#7341 = CONICAL_SURFACE ( 'NONE', #5960, 2.000000000000015543, 0.7853981633974396193 ) ;
#7343 = VERTEX_POINT ( 'NONE', #1551 ) ;
#7342 = VECTOR ( 'NONE', #1362, 1000.000000000000000 ) ;
#7344 = VECTOR ( 'NONE', #1443, 1000.000000000000114 ) ;
#7345 = AXIS2_PLACEMENT_3D ( 'NONE', #58, #9784, #1010 ) ;
#7346 = DIRECTION ( 'NONE',  ( -2.855511894612032274E-16, -2.340219516760528775E-49, -1.000000000000000000 ) ) ;
#7347 = ORIENTED_EDGE ( 'NONE', *, *, #237, .F. ) ;
#7348 = DIRECTION ( 'NONE',  ( 0.000000000000000000, 0.7071067811865499042, 0.7071067811865450192 ) ) ;
#7349 = PLANE ( 'NONE',  #8529 ) ;
#7350 = DIRECTION ( 'NONE',  ( -0.7071067811865474617, 0.7071067811865474617, 0.000000000000000000 ) ) ;
#7351 = VERTEX_POINT ( 'NONE', #598 ) ;
#7352 = VECTOR ( 'NONE', #10031, 1000.000000000000000 ) ;
#7353 = ORIENTED_EDGE ( 'NONE', *, *, #5519, .F. ) ;
#7354 = ORIENTED_EDGE ( 'NONE', *, *, #1431, .F. ) ;
#7355 = VERTEX_POINT ( 'NONE', #1284 ) ;
#7356 = LINE ( 'NONE', #6832, #3309 ) ;
#7357 = DIRECTION ( 'NONE',  ( 0.000000000000000000, 0.000000000000000000, -1.000000000000000000 ) ) ;
#7358 = ORIENTED_EDGE ( 'NONE', *, *, #5522, .T. ) ;
#7359 = ORIENTED_EDGE ( 'NONE', *, *, #10033, .T. ) ;
#7360 = ORIENTED_EDGE ( 'NONE', *, *, #7362, .F. ) ;
#7361 = CARTESIAN_POINT ( 'NONE',  ( 29.00000000000012434, 2.499999999999970246, 58.59999999999996589 ) ) ;
#7362 = EDGE_CURVE ( 'NONE', #1174, #1772, #2145, .T. ) ;
#7363 = VECTOR ( 'NONE', #7350, 1000.000000000000114 ) ;
#7364 = LINE ( 'NONE', #5634, #11324 ) ;
#7365 = AXIS2_PLACEMENT_3D ( 'NONE', #4468, #214, #11431 ) ;
#7366 = FACE_OUTER_BOUND ( 'NONE', #11389, .T. ) ;
#7367 = DIRECTION ( 'NONE',  ( -0.000000000000000000, 1.000000000000000000, -0.000000000000000000 ) ) ;
#7368 = CARTESIAN_POINT ( 'NONE',  ( 2.000000000000000444, 52.49999999999998579, 54.94999999999998863 ) ) ;
#7369 = AXIS2_PLACEMENT_3D ( 'NONE', #7388, #6393, #2643 ) ;
#7370 = PLANE ( 'NONE',  #7718 ) ;
#7371 = DIRECTION ( 'NONE',  ( 0.000000000000000000, -1.000000000000000000, 0.000000000000000000 ) ) ;
#7372 = PLANE ( 'NONE',  #879 ) ;
#7373 = ORIENTED_EDGE ( 'NONE', *, *, #3625, .T. ) ;
#7374 = ORIENTED_EDGE ( 'NONE', *, *, #12194, .F. ) ;
#7375 = DIRECTION ( 'NONE',  ( 0.000000000000000000, 0.000000000000000000, -1.000000000000000000 ) ) ;
#7376 = FACE_OUTER_BOUND ( 'NONE', #2158, .T. ) ;
#7377 = EDGE_LOOP ( 'NONE', ( #1914, #9693, #6652, #6256 ) ) ;
#7378 = DIRECTION ( 'NONE',  ( 0.7071067811865414665, -0.7071067811865535679, 0.000000000000000000 ) ) ;
#7379 = EDGE_LOOP ( 'NONE', ( #4476, #8955, #7323, #1917 ) ) ;
#7380 = EDGE_CURVE ( 'NONE', #5480, #6691, #10329, .T. ) ;
#7381 = DIRECTION ( 'NONE',  ( -4.625929269271484533E-15, 1.000000000000000000, 0.000000000000000000 ) ) ;
#7382 = DIRECTION ( 'NONE',  ( -1.000000000000000000, -1.147978770867005115E-16, 0.000000000000000000 ) ) ;
#7383 = LINE ( 'NONE', #12115, #11280 ) ;
#7384 = VECTOR ( 'NONE', #9998, 1000.000000000000000 ) ;
#7385 = ORIENTED_EDGE ( 'NONE', *, *, #6359, .F. ) ;
#7386 = EDGE_CURVE ( 'NONE', #3198, #5902, #6444, .T. ) ;
#7387 = DIRECTION ( 'NONE',  ( -0.000000000000000000, 1.000000000000000000, 0.000000000000000000 ) ) ;
#7388 = CARTESIAN_POINT ( 'NONE',  ( 79.00000000000011369, 3.000000000000000000, -122.9712352769500825 ) ) ;
#7389 = ORIENTED_EDGE ( 'NONE', *, *, #4446, .F. ) ;
#7390 = VERTEX_POINT ( 'NONE', #9840 ) ;
#7391 = ORIENTED_EDGE ( 'NONE', *, *, #8841, .F. ) ;
#7392 = CARTESIAN_POINT ( 'NONE',  ( 102.0000000000002416, 0.5000000000000056621, 58.59999999999996589 ) ) ;
#7393 = ADVANCED_FACE ( 'NONE', ( #2264 ), #7186, .F. ) ;
#7394 = CARTESIAN_POINT ( 'NONE',  ( 5.000000000000000888, 50.49999999999998579, 64.59999999999993747 ) ) ;
#7395 = AXIS2_PLACEMENT_3D ( 'NONE', #10699, #7242, #9114 ) ;
#7396 = DIRECTION ( 'NONE',  ( 8.195446571860579663E-34, -1.000000000000000000, -0.000000000000000000 ) ) ;
#7397 = EDGE_LOOP ( 'NONE', ( #9542, #3839, #4976, #10412 ) ) ;
#7398 = EDGE_CURVE ( 'NONE', #10469, #10360, #6176, .T. ) ;
#7399 = LINE ( 'NONE', #5702, #11333 ) ;
#7400 = PLANE ( 'NONE',  #12019 ) ;
#7401 = CARTESIAN_POINT ( 'NONE',  ( 3.000000000000004441, 21.70000000000172946, 41.75000000006208012 ) ) ;
#7402 = EDGE_LOOP ( 'NONE', ( #716, #10771, #8902, #12200 ) ) ;
#7403 = VERTEX_POINT ( 'NONE', #7965 ) ;
#7404 = ORIENTED_EDGE ( 'NONE', *, *, #8279, .T. ) ;
#7405 = PLANE ( 'NONE',  #8103 ) ;
#7406 = DIRECTION ( 'NONE',  ( 0.000000000000000000, 0.000000000000000000, 1.000000000000000000 ) ) ;
#7407 = VECTOR ( 'NONE', #11712, 1000.000000000000000 ) ;
#7408 = LINE ( 'NONE', #6748, #3413 ) ;
#7409 = VECTOR ( 'NONE', #10548, 1000.000000000000114 ) ;
#7410 = VECTOR ( 'NONE', #6838, 1000.000000000000000 ) ;
#7411 = ORIENTED_EDGE ( 'NONE', *, *, #6681, .T. ) ;
#7412 = DIRECTION ( 'NONE',  ( 0.000000000000000000, 0.000000000000000000, -1.000000000000000000 ) ) ;
#7413 = EDGE_CURVE ( 'NONE', #12225, #11469, #2169, .T. ) ;
#7414 = EDGE_LOOP ( 'NONE', ( #2579, #6338, #8154 ) ) ;
#7415 = ORIENTED_EDGE ( 'NONE', *, *, #5614, .F. ) ;
#7416 = EDGE_LOOP ( 'NONE', ( #2174, #6427, #10361, #9276 ) ) ;
#7417 = CARTESIAN_POINT ( 'NONE',  ( 14.00000000000000533, 54.50000000000000711, -10.00000000000000000 ) ) ;
#7418 = PRODUCT_DEFINITION_SHAPE ( 'NONE', 'NONE',  #10249 ) ;
#7419 = ORIENTED_EDGE ( 'NONE', *, *, #4148, .F. ) ;
#7420 = AXIS2_PLACEMENT_3D ( 'NONE', #6086, #5039, #10875 ) ;
#7421 = PLANE ( 'NONE',  #11088 ) ;
#7422 = ADVANCED_FACE ( 'NONE', ( #6342 ), #6241, .F. ) ;
#7423 = CARTESIAN_POINT ( 'NONE',  ( 42.00000000000013500, 2.499999999999984013, 58.59999999999996589 ) ) ;
#7424 = CARTESIAN_POINT ( 'NONE',  ( 22.50000000000013500, 0.5000000000000195399, 10.00000000000003020 ) ) ;
#7425 = ORIENTED_EDGE ( 'NONE', *, *, #11577, .F. ) ;
#7427 = ORIENTED_EDGE ( 'NONE', *, *, #5286, .F. ) ;
#7426 = VECTOR ( 'NONE', #4970, 1000.000000000000000 ) ;
#7428 = LINE ( 'NONE', #1706, #7677 ) ;
#7429 = VECTOR ( 'NONE', #1879, 1000.000000000000000 ) ;
#7430 = VECTOR ( 'NONE', #6103, 1000.000000000000000 ) ;
#7431 = CARTESIAN_POINT ( 'NONE',  ( 3.000000000000004441, 22.85000000000002274, 2.750000000064023009 ) ) ;
#7432 = EDGE_CURVE ( 'NONE', #10510, #2357, #10156, .T. ) ;
#7433 = ORIENTED_EDGE ( 'NONE', *, *, #6008, .F. ) ;
#7434 = ORIENTED_EDGE ( 'NONE', *, *, #10928, .T. ) ;
#7435 = EDGE_CURVE ( 'NONE', #3089, #7690, #6107, .T. ) ;
#7436 = ORIENTED_EDGE ( 'NONE', *, *, #5846, .F. ) ;
#7437 = ORIENTED_EDGE ( 'NONE', *, *, #3102, .F. ) ;
#7438 = ORIENTED_EDGE ( 'NONE', *, *, #5816, .T. ) ;
#7439 = CARTESIAN_POINT ( 'NONE',  ( 1.000000000000004441, 22.85000000000002274, 9.500000000063486993 ) ) ;
#7440 = ORIENTED_EDGE ( 'NONE', *, *, #557, .T. ) ;
#7441 = EDGE_CURVE ( 'NONE', #10876, #6607, #10474, .T. ) ;
#7442 = DIRECTION ( 'NONE',  ( 0.000000000000000000, 0.000000000000000000, 1.000000000000000000 ) ) ;
#7443 = DIRECTION ( 'NONE',  ( -1.000000000000000000, 1.355252715606880851E-17, -0.000000000000000000 ) ) ;
#7444 = CARTESIAN_POINT ( 'NONE',  ( 63.00000000000017764, 10.00000000000000000, 10.00000000000003020 ) ) ;
#7445 = ADVANCED_FACE ( 'NONE', ( #10517 ), #2306, .F. ) ;
#7446 = LINE ( 'NONE', #6422, #7207 ) ;
#7447 = VECTOR ( 'NONE', #9717, 1000.000000000000000 ) ;
#7448 = DIRECTION ( 'NONE',  ( 0.000000000000000000, 0.000000000000000000, 1.000000000000000000 ) ) ;
#7449 = CARTESIAN_POINT ( 'NONE',  ( 37.00000000000014921, 0.5000000000000125455, 58.59999999999996589 ) ) ;
#7450 = AXIS2_PLACEMENT_3D ( 'NONE', #7801, #3857, #11614 ) ;
#7451 = DIRECTION ( 'NONE',  ( -1.427755947306016137E-16, 0.000000000000000000, -1.000000000000000000 ) ) ;
#7452 = DIRECTION ( 'NONE',  ( 8.117435735382552870E-17, -0.7071067811865460184, -0.7071067811865490160 ) ) ;
#7453 = DIRECTION ( 'NONE',  ( 0.000000000000000000, 0.000000000000000000, -1.000000000000000000 ) ) ;
#7454 = ORIENTED_EDGE ( 'NONE', *, *, #6931, .T. ) ;
#7455 = ORIENTED_EDGE ( 'NONE', *, *, #482, .F. ) ;
#7456 = LINE ( 'NONE', #1079, #3179 ) ;
#7457 = CARTESIAN_POINT ( 'NONE',  ( 4.000000000000000000, 56.00000000000004974, 52.75000000000000000 ) ) ;
#7458 = ORIENTED_EDGE ( 'NONE', *, *, #7934, .F. ) ;
#7460 = ORIENTED_EDGE ( 'NONE', *, *, #3346, .T. ) ;
#7459 = LINE ( 'NONE', #4027, #3314 ) ;
#7461 = EDGE_LOOP ( 'NONE', ( #2595, #10327, #2671, #6516 ) ) ;
#7462 = EDGE_CURVE ( 'NONE', #4563, #11394, #2214, .T. ) ;
#7463 = VECTOR ( 'NONE', #5564, 1000.000000000000114 ) ;
#7464 = EDGE_CURVE ( 'NONE', #10994, #5575, #10286, .T. ) ;
#7465 = AXIS2_PLACEMENT_3D ( 'NONE', #11969, #8972, #199 ) ;
#7466 = ORIENTED_EDGE ( 'NONE', *, *, #3762, .T. ) ;
#7467 = CARTESIAN_POINT ( 'NONE',  ( 16.00000000000012434, 0.4999999999999813483, 8.499999999999934275 ) ) ;
#7468 = PLANE ( 'NONE',  #6394 ) ;
#7469 = CARTESIAN_POINT ( 'NONE',  ( 16.00000000000012079, 3.000000000000000000, 60.60000000000007958 ) ) ;
#7470 = DIRECTION ( 'NONE',  ( 0.000000000000000000, 0.000000000000000000, -1.000000000000000000 ) ) ;
#7471 = ORIENTED_EDGE ( 'NONE', *, *, #7380, .F. ) ;
#7472 = EDGE_LOOP ( 'NONE', ( #5991, #3178, #5127, #9584 ) ) ;
#7473 = CARTESIAN_POINT ( 'NONE',  ( 53.00000000000012079, 3.000000000000000000, -122.9712352769500541 ) ) ;
#7474 = PRODUCT_RELATED_PRODUCT_CATEGORY ( 'detail', '', ( #11131 ) ) ;
#7475 = EDGE_LOOP ( 'NONE', ( #11793, #4634, #12307, #6158 ) ) ;
#7476 = VERTEX_POINT ( 'NONE', #239 ) ;
#7477 = ORIENTED_EDGE ( 'NONE', *, *, #706, .T. ) ;
#7478 = CARTESIAN_POINT ( 'NONE',  ( 6.000000000000004441, 55.00000000000000711, 0.000000000000000000 ) ) ;
#7479 = CARTESIAN_POINT ( 'NONE',  ( 79.00000000000017053, 3.000000000000000000, 58.59999999999996589 ) ) ;
#7480 = DIRECTION ( 'NONE',  ( 8.195446571860579663E-34, -1.000000000000000000, -0.000000000000000000 ) ) ;
#7481 = VECTOR ( 'NONE', #11255, 1000.000000000000000 ) ;
#7482 = CARTESIAN_POINT ( 'NONE',  ( 50.50000000000019895, 3.000000000000000000, 10.00000000000003020 ) ) ;
#7483 = FACE_OUTER_BOUND ( 'NONE', #2488, .T. ) ;
#7484 = VECTOR ( 'NONE', #385, 1000.000000000000000 ) ;
#7485 = CARTESIAN_POINT ( 'NONE',  ( 14.00000000000000533, 54.00000000000000711, 0.000000000000000000 ) ) ;
#7486 = ORIENTED_EDGE ( 'NONE', *, *, #8594, .F. ) ;
#7487 = ADVANCED_FACE ( 'NONE', ( #10243 ), #2038, .F. ) ;
#7488 = EDGE_CURVE ( 'NONE', #2968, #3999, #2240, .T. ) ;
#7489 = CARTESIAN_POINT ( 'NONE',  ( 44.00000000000018474, -5.941698764598903655E-32, 10.00000000000003020 ) ) ;
#7490 = AXIS2_PLACEMENT_3D ( 'NONE', #2132, #10614, #11595 ) ;
#7491 = CARTESIAN_POINT ( 'NONE',  ( 37.50000000000015632, -6.474402791769843514E-32, 10.00000000000003020 ) ) ;
#7492 = CARTESIAN_POINT ( 'NONE',  ( 107.5000000000000284, 50.49999999999998579, 4.500000000000003553 ) ) ;
#7493 = CARTESIAN_POINT ( 'NONE',  ( 55.00000000000017053, 0.4999999999999848455, 10.00000000000003020 ) ) ;
#7494 = CYLINDRICAL_SURFACE ( 'NONE', #10151, 1.700000000000000178 ) ;
#7495 = AXIS2_PLACEMENT_3D ( 'NONE', #2545, #7139, #1239 ) ;
#7496 = ORIENTED_EDGE ( 'NONE', *, *, #5836, .T. ) ;
#7497 = PLANE ( 'NONE',  #8872 ) ;
#7498 = ORIENTED_EDGE ( 'NONE', *, *, #4333, .F. ) ;
#7499 = ORIENTED_EDGE ( 'NONE', *, *, #6456, .T. ) ;
#7500 = DIRECTION ( 'NONE',  ( 0.5773502691896250649, -0.5773502691896160721, -0.5773502691896361672 ) ) ;
#7501 = LINE ( 'NONE', #7059, #7447 ) ;
#7502 = LINE ( 'NONE', #9240, #11604 ) ;
#7503 = VERTEX_POINT ( 'NONE', #4357 ) ;
#7504 = EDGE_LOOP ( 'NONE', ( #4091, #7486, #10034, #10094 ) ) ;
#7505 = EDGE_CURVE ( 'NONE', #7403, #3344, #10531, .T. ) ;
#7506 = EDGE_CURVE ( 'NONE', #2450, #11832, #2283, .T. ) ;
#7507 = ADVANCED_FACE ( 'NONE', ( #1890 ), #10069, .T. ) ;
#7508 = CARTESIAN_POINT ( 'NONE',  ( 0.4999999999999735767, 55.49999999999999289, 53.79999999999999716 ) ) ;
#7509 = AXIS2_PLACEMENT_3D ( 'NONE', #10391, #5435, #797 ) ;
#7510 = EDGE_LOOP ( 'NONE', ( #8128, #2612, #9546, #6054 ) ) ;
#7511 = VERTEX_POINT ( 'NONE', #5364 ) ;
#7512 = DIRECTION ( 'NONE',  ( 8.195446571860579663E-34, -1.000000000000000000, -0.000000000000000000 ) ) ;
#7513 = FACE_OUTER_BOUND ( 'NONE', #3938, .T. ) ;
#7514 = DIRECTION ( 'NONE',  ( 0.000000000000000000, 5.139921410302063962E-16, 1.000000000000000000 ) ) ;
#7515 = EDGE_LOOP ( 'NONE', ( #965, #5518, #7827, #10634 ) ) ;
#7516 = CARTESIAN_POINT ( 'NONE',  ( 6.000000000000012434, 4.500000000000000000, 0.000000000000000000 ) ) ;
#7517 = ORIENTED_EDGE ( 'NONE', *, *, #10102, .F. ) ;
#7518 = VECTOR ( 'NONE', #6076, 1000.000000000000000 ) ;
#7519 = LINE ( 'NONE', #10776, #7344 ) ;
#7520 = LINE ( 'NONE', #6141, #3492 ) ;
#7521 = DIRECTION ( 'NONE',  ( 0.000000000000000000, 0.000000000000000000, -1.000000000000000000 ) ) ;
#7522 = ORIENTED_EDGE ( 'NONE', *, *, #6091, .F. ) ;
#7523 = CARTESIAN_POINT ( 'NONE',  ( 79.50000000000018474, 0.5000000000000195399, 58.59999999999996589 ) ) ;
#7524 = ORIENTED_EDGE ( 'NONE', *, *, #497, .T. ) ;
#7525 = VERTEX_POINT ( 'NONE', #4582 ) ;
#7526 = DIRECTION ( 'NONE',  ( 0.000000000000000000, 0.000000000000000000, 1.000000000000000000 ) ) ;
#7527 = CARTESIAN_POINT ( 'NONE',  ( 116.0000000000000000, 4.999999999999999112, 69.59999999999999432 ) ) ;
#7528 = EDGE_CURVE ( 'NONE', #6865, #5559, #10265, .T. ) ;
#7529 = ADVANCED_FACE ( 'NONE', ( #2012, #6195 ), #9095, .F. ) ;
#7530 = ORIENTED_EDGE ( 'NONE', *, *, #2026, .F. ) ;
#7531 = DIRECTION ( 'NONE',  ( -1.000000000000000000, -1.147978770867005115E-16, 0.000000000000000000 ) ) ;
#7532 = ORIENTED_EDGE ( 'NONE', *, *, #9307, .T. ) ;
#7533 = DIRECTION ( 'NONE',  ( 0.000000000000000000, 0.000000000000000000, -1.000000000000000000 ) ) ;
#7534 = LINE ( 'NONE', #7647, #3333 ) ;
#7535 = EDGE_CURVE ( 'NONE', #11145, #6629, #10309, .T. ) ;
#7536 = DIRECTION ( 'NONE',  ( -1.000000000000000000, 0.000000000000000000, 0.000000000000000000 ) ) ;
#7537 = ADVANCED_FACE ( 'NONE', ( #10758 ), #7146, .T. ) ;
#7538 = LINE ( 'NONE', #3870, #7407 ) ;
#7539 = AXIS2_PLACEMENT_3D ( 'NONE', #1800, #11453, #2499 ) ;
#7540 = ORIENTED_EDGE ( 'NONE', *, *, #152, .F. ) ;
#7541 = LINE ( 'NONE', #10017, #7342 ) ;
#7542 = DIRECTION ( 'NONE',  ( 0.000000000000000000, 0.000000000000000000, 1.000000000000000000 ) ) ;
#7543 = EDGE_LOOP ( 'NONE', ( #1403, #7890, #9459, #8219 ) ) ;
#7544 = EDGE_CURVE ( 'NONE', #10653, #5222, #2755, .T. ) ;
#7545 = ORIENTED_EDGE ( 'NONE', *, *, #8678, .T. ) ;
#7546 = CARTESIAN_POINT ( 'NONE',  ( 20.50000000000007461, 3.000000000000000000, -122.9712352769500541 ) ) ;
#7547 = CARTESIAN_POINT ( 'NONE',  ( 1.000000000000004441, 22.85000000000002274, 9.000000000063517192 ) ) ;
#7548 = DIRECTION ( 'NONE',  ( -0.5773502691896313932, 0.5773502691896188477, -0.5773502691896270633 ) ) ;
#7549 = CARTESIAN_POINT ( 'NONE',  ( 44.00000000000018474, 3.000000000000000000, 10.00000000000003020 ) ) ;
#7550 = LINE ( 'NONE', #5918, #11409 ) ;
#7551 = LOCAL_TIME ( 14, 18, 39.00000000000000000, #11047 ) ;
#7552 = ORIENTED_EDGE ( 'NONE', *, *, #4186, .T. ) ;
#7553 = ORIENTED_EDGE ( 'NONE', *, *, #8747, .T. ) ;
#7554 = EDGE_CURVE ( 'NONE', #6383, #9327, #6911, .T. ) ;
#7555 = VERTEX_POINT ( 'NONE', #6332 ) ;
#7556 = CARTESIAN_POINT ( 'NONE',  ( 14.50000000000002665, 0.4999999999999813483, 58.59999999999996589 ) ) ;
#7557 = DIRECTION ( 'NONE',  ( -1.000000000000000000, -1.147978770867005115E-16, -0.000000000000000000 ) ) ;
#7558 = CARTESIAN_POINT ( 'NONE',  ( 69.50000000000018474, 0.4999999999999917843, 10.00000000000003020 ) ) ;
#7559 = EDGE_CURVE ( 'NONE', #2083, #7641, #2582, .T. ) ;
#7560 = ORIENTED_EDGE ( 'NONE', *, *, #5717, .T. ) ;
#7561 = ORIENTED_EDGE ( 'NONE', *, *, #10556, .T. ) ;
#7562 = DIRECTION ( 'NONE',  ( 1.000000000000000000, 0.000000000000000000, 0.000000000000000000 ) ) ;
#7563 = ORIENTED_EDGE ( 'NONE', *, *, #11749, .T. ) ;
#7564 = CARTESIAN_POINT ( 'NONE',  ( 5.000000000000007105, 5.999999999999991118, 64.59999999999993747 ) ) ;
#7565 = EDGE_LOOP ( 'NONE', ( #1342, #1801, #7140, #3509 ) ) ;
#7567 = ORIENTED_EDGE ( 'NONE', *, *, #9529, .T. ) ;
#7566 = LINE ( 'NONE', #2334, #3415 ) ;
#7568 = EDGE_CURVE ( 'NONE', #4049, #9853, #6774, .T. ) ;
#7569 = AXIS2_PLACEMENT_3D ( 'NONE', #3313, #4200, #4295 ) ;
#7570 = ORIENTED_EDGE ( 'NONE', *, *, #2622, .F. ) ;
#7571 = CARTESIAN_POINT ( 'NONE',  ( 0.5000000000000076605, 59.49999999999999289, -10.00000000000000000 ) ) ;
#7572 = ORIENTED_EDGE ( 'NONE', *, *, #1610, .F. ) ;
#7573 = CARTESIAN_POINT ( 'NONE',  ( 7.000000000000000000, 53.50000000000000000, 0.000000000000000000 ) ) ;
#7574 = DIRECTION ( 'NONE',  ( 0.7071067811865439090, 0.7071067811865512365, 0.000000000000000000 ) ) ;
#7575 = CIRCLE ( 'NONE', #10296, 2.000000000000112799 ) ;
#7576 = ORIENTED_EDGE ( 'NONE', *, *, #625, .T. ) ;
#7577 = DIRECTION ( 'NONE',  ( -0.7071067811865414665, 0.7071067811865536790, 0.000000000000000000 ) ) ;
#7578 = AXIS2_PLACEMENT_3D ( 'NONE', #8074, #5414, #1493 ) ;
#7579 = CARTESIAN_POINT ( 'NONE',  ( 85.50000000000014211, -2.540588437276766644E-32, 58.59999999999996589 ) ) ;
#7580 = PLANE ( 'NONE',  #3469 ) ;
#7581 = EDGE_CURVE ( 'NONE', #8022, #4612, #10863, .T. ) ;
#7582 = CARTESIAN_POINT ( 'NONE',  ( 104.5000000000000142, 13.00000000000000000, 69.09999999999999432 ) ) ;
#7583 = EDGE_LOOP ( 'NONE', ( #1422, #5741, #8160, #6220 ) ) ;
#7584 = ORIENTED_EDGE ( 'NONE', *, *, #877, .T. ) ;
#7585 = LINE ( 'NONE', #928, #7775 ) ;
#7586 = CARTESIAN_POINT ( 'NONE',  ( 24.00000000000012434, 0.5000000000000195399, 58.59999999999996589 ) ) ;
#7587 = FACE_OUTER_BOUND ( 'NONE', #10949, .T. ) ;
#7588 = DIRECTION ( 'NONE',  ( 0.000000000000000000, 0.000000000000000000, -1.000000000000000000 ) ) ;
#7589 = DIRECTION ( 'NONE',  ( -1.000000000000000000, -1.147978770867005115E-16, -0.000000000000000000 ) ) ;
#7590 = VERTEX_POINT ( 'NONE', #798 ) ;
#7591 = ADVANCED_FACE ( 'NONE', ( #6734, #6656 ), #5436, .F. ) ;
#7592 = CIRCLE ( 'NONE', #8239, 1.500000000000015099 ) ;
#7593 = EDGE_CURVE ( 'NONE', #8122, #5504, #10820, .T. ) ;
#7594 = CIRCLE ( 'NONE', #8100, 1.500000000000015099 ) ;
#7595 = VERTEX_POINT ( 'NONE', #6589 ) ;
#7596 = ORIENTED_EDGE ( 'NONE', *, *, #6644, .F. ) ;
#7597 = AXIS2_PLACEMENT_3D ( 'NONE', #5455, #3782, #743 ) ;
#7598 = CARTESIAN_POINT ( 'NONE',  ( 86.00000000000019895, 10.00000000000000000, 10.00000000000003020 ) ) ;
#7599 = ORIENTED_EDGE ( 'NONE', *, *, #902, .F. ) ;
#7600 = DIRECTION ( 'NONE',  ( -0.7071067811865414665, -0.7071067811865536790, 0.000000000000000000 ) ) ;
#7601 = CARTESIAN_POINT ( 'NONE',  ( 22.50000000000011369, 3.000000000000000000, 60.59999999999998721 ) ) ;
#7602 = FACE_OUTER_BOUND ( 'NONE', #1245, .T. ) ;
#7603 = ORIENTED_EDGE ( 'NONE', *, *, #4766, .T. ) ;
#7604 = CARTESIAN_POINT ( 'NONE',  ( 4.000000000000000000, 53.79999999999999716, 52.09999999999999432 ) ) ;
#7605 = EDGE_LOOP ( 'NONE', ( #12349, #4679, #8607, #1718, #12386 ) ) ;
#7606 = VERTEX_POINT ( 'NONE', #1892 ) ;
#7607 = DIRECTION ( 'NONE',  ( 2.855511894612032274E-16, 2.340219516760528775E-49, 1.000000000000000000 ) ) ;
#7608 = VERTEX_POINT ( 'NONE', #12330 ) ;
#7609 = DIRECTION ( 'NONE',  ( -0.000000000000000000, 1.000000000000000000, -0.000000000000000000 ) ) ;
#7610 = DIRECTION ( 'NONE',  ( 0.000000000000000000, -1.000000000000000000, 0.000000000000000000 ) ) ;
#7611 = EDGE_LOOP ( 'NONE', ( #1652, #8260, #4604, #9167 ) ) ;
#7612 = EDGE_CURVE ( 'NONE', #1364, #12361, #2640, .T. ) ;
#7613 = ADVANCED_FACE ( 'NONE', ( #10921 ), #6684, .F. ) ;
#7614 = DIRECTION ( 'NONE',  ( -1.000000000000000000, 1.156482317317871133E-15, 0.000000000000000000 ) ) ;
#7615 = EDGE_CURVE ( 'NONE', #3796, #9549, #10774, .T. ) ;
#7616 = CARTESIAN_POINT ( 'NONE',  ( 102.1666666666666430, 8.333333333333339255, 66.76666666666669414 ) ) ;
#7617 = LINE ( 'NONE', #10024, #7426 ) ;
#7618 = AXIS2_PLACEMENT_3D ( 'NONE', #1854, #2386, #2115 ) ;
#7619 = DIRECTION ( 'NONE',  ( -1.000000000000000000, -1.147978770867005115E-16, -0.000000000000000000 ) ) ;
#7620 = LINE ( 'NONE', #11069, #11773 ) ;
#7621 = CIRCLE ( 'NONE', #8964, 1.699999999999993072 ) ;
#7622 = ORIENTED_EDGE ( 'NONE', *, *, #3367, .T. ) ;
#7623 = FACE_OUTER_BOUND ( 'NONE', #2146, .T. ) ;
#7624 = CARTESIAN_POINT ( 'NONE',  ( 115.9999999999999858, 9.000000000000001776, -9.499999999999996447 ) ) ;
#7625 = DIRECTION ( 'NONE',  ( 1.000000000000000000, 0.000000000000000000, 0.000000000000000000 ) ) ;
#7626 = DIRECTION ( 'NONE',  ( -0.000000000000000000, 1.000000000000000000, -0.000000000000000000 ) ) ;
#7627 = CARTESIAN_POINT ( 'NONE',  ( 106.0000000000000284, 12.49999999999999289, -10.00000000000000000 ) ) ;
#7628 = ADVANCED_FACE ( 'NONE', ( #6606 ), #6824, .T. ) ;
#7629 = DIRECTION ( 'NONE',  ( 0.000000000000000000, -1.000000000000000000, 0.000000000000000000 ) ) ;
#7630 = PLANE ( 'NONE',  #7767 ) ;
#7631 = DIRECTION ( 'NONE',  ( -2.023844055306273103E-15, -1.000000000000000000, 0.000000000000000000 ) ) ;
#7632 = VECTOR ( 'NONE', #12221, 1000.000000000000000 ) ;
#7633 = VERTEX_POINT ( 'NONE', #3850 ) ;
#7634 = LINE ( 'NONE', #2062, #3982 ) ;
#7635 = ADVANCED_FACE ( 'NONE', ( #2733 ), #2067, .F. ) ;
#7636 = CARTESIAN_POINT ( 'NONE',  ( 16.00000000000012434, 0.4999999999999813483, 10.00000000000003020 ) ) ;
#7637 = DIRECTION ( 'NONE',  ( -4.088782444488995236E-16, 0.7071067811865446862, -0.7071067811865504593 ) ) ;
#7638 = FACE_OUTER_BOUND ( 'NONE', #11256, .T. ) ;
#7639 = CARTESIAN_POINT ( 'NONE',  ( 5.000000000000000888, 49.50000000000002132, -122.9712352769500541 ) ) ;
#7640 = AXIS2_PLACEMENT_3D ( 'NONE', #3412, #4402, #9850 ) ;
#7641 = VERTEX_POINT ( 'NONE', #3758 ) ;
#7642 = EDGE_LOOP ( 'NONE', ( #12201, #3409, #4013, #11917 ) ) ;
#7643 = CARTESIAN_POINT ( 'NONE',  ( 92.50000000000019895, 0.5000000000000195399, 58.59999999999996589 ) ) ;
#7644 = AXIS2_PLACEMENT_3D ( 'NONE', #9043, #348, #8217 ) ;
#7645 = EDGE_LOOP ( 'NONE', ( #8082, #4965, #32, #10703 ) ) ;
#7646 = VECTOR ( 'NONE', #1309, 1000.000000000000000 ) ;
#7647 = CARTESIAN_POINT ( 'NONE',  ( 0.2500000000000078271, 59.49999999999998579, -9.750000000000001776 ) ) ;
#7648 = VERTEX_POINT ( 'NONE', #4732 ) ;
#7649 = CARTESIAN_POINT ( 'NONE',  ( 55.00000000000017053, -5.040199641694240833E-32, 10.00000000000003020 ) ) ;
#7650 = CARTESIAN_POINT ( 'NONE',  ( 14.00000000000000533, 54.50000000000000711, -9.499999999999996447 ) ) ;
#7651 = CARTESIAN_POINT ( 'NONE',  ( 0.4999999999999950040, 49.49999999999999289, 69.59999999999999432 ) ) ;
#7652 = DIRECTION ( 'NONE',  ( 7.138779736530080685E-17, 0.000000000000000000, 1.000000000000000000 ) ) ;
#7653 = DIRECTION ( 'NONE',  ( -0.7071067811865414665, 0.7071067811865536790, 0.000000000000000000 ) ) ;
#7654 = ORIENTED_EDGE ( 'NONE', *, *, #7685, .F. ) ;
#7655 = ORIENTED_EDGE ( 'NONE', *, *, #7302, .F. ) ;
#7656 = VECTOR ( 'NONE', #11143, 1000.000000000000000 ) ;
#7657 = ORIENTED_EDGE ( 'NONE', *, *, #391, .F. ) ;
#7658 = DIRECTION ( 'NONE',  ( 0.7071067811865439090, -0.7071067811865512365, 0.000000000000000000 ) ) ;
#7659 = FACE_OUTER_BOUND ( 'NONE', #11617, .T. ) ;
#7660 = EDGE_CURVE ( 'NONE', #11325, #2774, #10658, .T. ) ;
#7661 = FACE_OUTER_BOUND ( 'NONE', #10298, .T. ) ;
#7662 = ORIENTED_EDGE ( 'NONE', *, *, #11911, .T. ) ;
#7663 = LINE ( 'NONE', #2826, #3649 ) ;
#7664 = CONICAL_SURFACE ( 'NONE', #5213, 2.000000000000112799, 0.7853981633974533860 ) ;
#7665 = ORIENTED_EDGE ( 'NONE', *, *, #9420, .F. ) ;
#7666 = AXIS2_PLACEMENT_3D ( 'NONE', #8422, #3592, #3443 ) ;
#7667 = VECTOR ( 'NONE', #4342, 1000.000000000000227 ) ;
#7668 = EDGE_LOOP ( 'NONE', ( #11640, #9352, #5161, #7419 ) ) ;
#7669 = PLANE ( 'NONE',  #5081 ) ;
#7670 = DIRECTION ( 'NONE',  ( -0.7071067811865414665, -0.7071067811865536790, 0.000000000000000000 ) ) ;
#7671 = ORIENTED_EDGE ( 'NONE', *, *, #4059, .T. ) ;
#7672 = EDGE_LOOP ( 'NONE', ( #11899, #9196, #11282, #7013, #4289 ) ) ;
#7673 = EDGE_LOOP ( 'NONE', ( #6495, #10348, #9868, #11586 ) ) ;
#7674 = CARTESIAN_POINT ( 'NONE',  ( -0.4999999999999970579, 35.49999999999998579, 44.59999999999998721 ) ) ;
#7675 = PLANE ( 'NONE',  #7011 ) ;
#7676 = CARTESIAN_POINT ( 'NONE',  ( 0.000000000000000000, 49.49999999999998579, 68.09999999999999432 ) ) ;
#7677 = VECTOR ( 'NONE', #9466, 1000.000000000000000 ) ;
#7678 = CARTESIAN_POINT ( 'NONE',  ( 89.50000000000022737, -2.212770574402336957E-32, 58.59999999999996589 ) ) ;
#7679 = VECTOR ( 'NONE', #2632, 1000.000000000000000 ) ;
#7680 = EDGE_CURVE ( 'NONE', #1772, #1174, #2681, .T. ) ;
#7681 = ORIENTED_EDGE ( 'NONE', *, *, #1435, .T. ) ;
#7682 = DIRECTION ( 'NONE',  ( 8.195446571860579663E-34, -1.000000000000000000, -0.000000000000000000 ) ) ;
#7683 = FACE_OUTER_BOUND ( 'NONE', #5857, .T. ) ;
#7684 = DIRECTION ( 'NONE',  ( 8.117435735382678595E-17, -0.7071067811865567876, -0.7071067811865382469 ) ) ;
#7685 = EDGE_CURVE ( 'NONE', #377, #596, #2399, .T. ) ;
#7686 = DIRECTION ( 'NONE',  ( 0.5773502691896335026, 0.5773502691896262862, -0.5773502691896174044 ) ) ;
#7687 = CARTESIAN_POINT ( 'NONE',  ( 60.00000000000014921, 10.00000000000000000, 58.59999999999996589 ) ) ;
#7688 = ADVANCED_FACE ( 'NONE', ( #6564 ), #2561, .F. ) ;
#7689 = CARTESIAN_POINT ( 'NONE',  ( -0.9999999999999988898, 50.99999999999997868, -10.00000000000000000 ) ) ;
#7690 = VERTEX_POINT ( 'NONE', #2815 ) ;
#7691 = DIRECTION ( 'NONE',  ( 0.000000000000000000, 0.000000000000000000, -1.000000000000000000 ) ) ;
#7692 = DIRECTION ( 'NONE',  ( 0.000000000000000000, -0.7071067811865401342, 0.7071067811865549002 ) ) ;
#7693 = AXIS2_PLACEMENT_3D ( 'NONE', #2125, #850, #7699 ) ;
#7694 = ORIENTED_EDGE ( 'NONE', *, *, #5903, .F. ) ;
#7695 = CYLINDRICAL_SURFACE ( 'NONE', #11508, 1.500000000000015099 ) ;
#7696 = ORIENTED_EDGE ( 'NONE', *, *, #8423, .F. ) ;
#7697 = ORIENTED_EDGE ( 'NONE', *, *, #5440, .F. ) ;
#7698 = CARTESIAN_POINT ( 'NONE',  ( 18.00000000000023803, 3.000000000000000000, 10.00000000000003020 ) ) ;
#7699 = DIRECTION ( 'NONE',  ( 0.000000000000000000, -1.000000000000000000, 0.000000000000000000 ) ) ;
#7700 = VECTOR ( 'NONE', #1388, 1000.000000000000000 ) ;
#7701 = FACE_OUTER_BOUND ( 'NONE', #12149, .T. ) ;
#7702 = AXIS2_PLACEMENT_3D ( 'NONE', #10862, #6891, #8790 ) ;
#7703 = VECTOR ( 'NONE', #1382, 1000.000000000000000 ) ;
#7704 = LINE ( 'NONE', #10207, #3545 ) ;
#7705 = DIRECTION ( 'NONE',  ( -0.000000000000000000, 0.000000000000000000, 1.000000000000000000 ) ) ;
#7706 = EDGE_CURVE ( 'NONE', #3643, #10358, #6713, .T. ) ;
#7707 = LINE ( 'NONE', #5769, #11819 ) ;
#7708 = LINE ( 'NONE', #7826, #11797 ) ;
#7709 = CARTESIAN_POINT ( 'NONE',  ( 105.5000000000000142, 13.00000000000000000, -9.499999999999996447 ) ) ;
#7710 = PLANE ( 'NONE',  #829 ) ;
#7711 = VERTEX_POINT ( 'NONE', #9413 ) ;
#7712 = EDGE_CURVE ( 'NONE', #675, #7258, #2718, .T. ) ;
#7713 = ORIENTED_EDGE ( 'NONE', *, *, #1983, .F. ) ;
#7714 = DIRECTION ( 'NONE',  ( -7.138779736530080685E-17, 0.000000000000000000, 1.000000000000000000 ) ) ;
#7715 = DIRECTION ( 'NONE',  ( 0.7071067811865562325, -0.7071067811865388020, -2.019151824439038939E-16 ) ) ;
#7716 = EDGE_CURVE ( 'NONE', #7881, #904, #10590, .T. ) ;
#7717 = ADVANCED_FACE ( 'NONE', ( #6493 ), #7080, .T. ) ;
#7718 = AXIS2_PLACEMENT_3D ( 'NONE', #2930, #10433, #4700 ) ;
#7719 = ORIENTED_EDGE ( 'NONE', *, *, #6610, .T. ) ;
#7720 = CARTESIAN_POINT ( 'NONE',  ( 9.000000000000005329, 18.30000000000002203, 5.750000000064023453 ) ) ;
#7721 = ORIENTED_EDGE ( 'NONE', *, *, #8998, .T. ) ;
#7722 = LINE ( 'NONE', #6927, #11836 ) ;
#7723 = EDGE_CURVE ( 'NONE', #4049, #1221, #6631, .T. ) ;
#7724 = CARTESIAN_POINT ( 'NONE',  ( 4.000000000000000000, 53.15000000000004832, 48.59999999999994458 ) ) ;
#7725 = PLANE ( 'NONE',  #10155 ) ;
#7726 = VECTOR ( 'NONE', #8203, 1000.000000000000114 ) ;
#7727 = ORIENTED_EDGE ( 'NONE', *, *, #6334, .T. ) ;
#7728 = CARTESIAN_POINT ( 'NONE',  ( 3.000000000000004441, 22.95000000000001705, 38.40000000006349268 ) ) ;
#7729 = AXIS2_PLACEMENT_3D ( 'NONE', #11725, #3728, #5899 ) ;
#7730 = LINE ( 'NONE', #805, #8292 ) ;
#7731 = DIRECTION ( 'NONE',  ( -0.000000000000000000, 1.000000000000000000, -0.000000000000000000 ) ) ;
#7732 = ORIENTED_EDGE ( 'NONE', *, *, #182, .F. ) ;
#7733 = ORIENTED_EDGE ( 'NONE', *, *, #1399, .T. ) ;
#7734 = DIRECTION ( 'NONE',  ( 2.855511894612032274E-16, 0.000000000000000000, -1.000000000000000000 ) ) ;
#7735 = DIRECTION ( 'NONE',  ( -1.000000000000000000, 1.355252715606880851E-17, -0.000000000000000000 ) ) ;
#7736 = VECTOR ( 'NONE', #7211, 1000.000000000000000 ) ;
#7737 = ORIENTED_EDGE ( 'NONE', *, *, #817, .T. ) ;
#7738 = CARTESIAN_POINT ( 'NONE',  ( 1.000000000000004441, 22.85000000000002274, 9.000000000063517192 ) ) ;
#7739 = EDGE_CURVE ( 'NONE', #1088, #6157, #10738, .T. ) ;
#7740 = EDGE_CURVE ( 'NONE', #8947, #1902, #6839, .T. ) ;
#7741 = CARTESIAN_POINT ( 'NONE',  ( 116.5000000000000000, 8.499999999999996447, 69.09999999999998010 ) ) ;
#7742 = ADVANCED_FACE ( 'NONE', ( #2861 ), #9920, .T. ) ;
#7743 = VECTOR ( 'NONE', #2355, 1000.000000000000114 ) ;
#7744 = EDGE_CURVE ( 'NONE', #12130, #5858, #7383, .T. ) ;
#7745 = ORIENTED_EDGE ( 'NONE', *, *, #6263, .F. ) ;
#7746 = FACE_OUTER_BOUND ( 'NONE', #293, .T. ) ;
#7747 = EDGE_CURVE ( 'NONE', #9655, #3028, #7096, .T. ) ;
#7748 = DIRECTION ( 'NONE',  ( -0.000000000000000000, 1.000000000000000000, -0.000000000000000000 ) ) ;
#7749 = AXIS2_PLACEMENT_3D ( 'NONE', #5125, #7072, #11071 ) ;
#7750 = CARTESIAN_POINT ( 'NONE',  ( 16.00000000000012079, 10.00000000000000000, 58.59999999999996589 ) ) ;
#7751 = FACE_OUTER_BOUND ( 'NONE', #469, .T. ) ;
#7752 = LINE ( 'NONE', #979, #7834 ) ;
#7753 = VERTEX_POINT ( 'NONE', #508 ) ;
#7754 = CARTESIAN_POINT ( 'NONE',  ( 7.000000000000006217, 6.000000000000012434, 66.59999999999999432 ) ) ;
#7755 = DIRECTION ( 'NONE',  ( 0.000000000000000000, 0.7071067811865536790, 0.7071067811865414665 ) ) ;
#7756 = CIRCLE ( 'NONE', #8804, 1.500000000000001332 ) ;
#7757 = ORIENTED_EDGE ( 'NONE', *, *, #6278, .F. ) ;
#7758 = PLANE ( 'NONE',  #1770 ) ;
#7760 = ORIENTED_EDGE ( 'NONE', *, *, #6509, .F. ) ;
#7759 = FACE_OUTER_BOUND ( 'NONE', #5400, .T. ) ;
#7761 = EDGE_CURVE ( 'NONE', #7511, #11515, #11134, .T. ) ;
#7762 = ORIENTED_EDGE ( 'NONE', *, *, #5933, .F. ) ;
#7763 = LINE ( 'NONE', #10570, #8024 ) ;
#7764 = ORIENTED_EDGE ( 'NONE', *, *, #12202, .F. ) ;
#7765 = EDGE_LOOP ( 'NONE', ( #3524, #7245, #3024, #3595 ) ) ;
#7766 = EDGE_CURVE ( 'NONE', #10008, #4466, #2820, .T. ) ;
#7767 = AXIS2_PLACEMENT_3D ( 'NONE', #11286, #12166, #10215 ) ;
#7768 = ORIENTED_EDGE ( 'NONE', *, *, #10656, .T. ) ;
#7769 = ORIENTED_EDGE ( 'NONE', *, *, #9927, .T. ) ;
#7770 = DIRECTION ( 'NONE',  ( 0.000000000000000000, -1.000000000000000000, 0.000000000000000000 ) ) ;
#7771 = ORIENTED_EDGE ( 'NONE', *, *, #3290, .T. ) ;
#7773 = VERTEX_POINT ( 'NONE', #5316 ) ;
#7772 = VECTOR ( 'NONE', #1473, 1000.000000000000000 ) ;
#7774 = DIRECTION ( 'NONE',  ( -0.000000000000000000, 1.000000000000000000, -0.000000000000000000 ) ) ;
#7775 = VECTOR ( 'NONE', #12350, 1000.000000000000000 ) ;
#7776 = LINE ( 'NONE', #4551, #11902 ) ;
#7777 = DIRECTION ( 'NONE',  ( 0.000000000000000000, -1.000000000000000000, 0.000000000000000000 ) ) ;
#7778 = FACE_OUTER_BOUND ( 'NONE', #7379, .T. ) ;
#7779 = ORIENTED_EDGE ( 'NONE', *, *, #2129, .T. ) ;
#7780 = DIRECTION ( 'NONE',  ( 0.000000000000000000, 0.7071067811865479058, 0.7071067811865472397 ) ) ;
#7781 = CARTESIAN_POINT ( 'NONE',  ( 86.00000000000015632, 0.5000000000000195399, 58.59999999999996589 ) ) ;
#7782 = ADVANCED_FACE ( 'NONE', ( #7189 ), #2243, .F. ) ;
#7783 = LINE ( 'NONE', #10837, #11737 ) ;
#7784 = VECTOR ( 'NONE', #11258, 1000.000000000000000 ) ;
#7785 = ORIENTED_EDGE ( 'NONE', *, *, #5183, .T. ) ;
#7786 = VERTEX_POINT ( 'NONE', #1459 ) ;
#7787 = EDGE_CURVE ( 'NONE', #9332, #12130, #6928, .T. ) ;
#7788 = AXIS2_PLACEMENT_3D ( 'NONE', #2230, #3301, #332 ) ;
#7789 = EDGE_LOOP ( 'NONE', ( #2810, #1679, #583, #12060 ) ) ;
#7790 = CARTESIAN_POINT ( 'NONE',  ( 5.000000000000000888, 55.50000000000000000, 22.09999999999999432 ) ) ;
#7791 = DIRECTION ( 'NONE',  ( -1.000000000000000000, -1.147978770867005115E-16, 0.000000000000000000 ) ) ;
#7792 = AXIS2_PLACEMENT_3D ( 'NONE', #9713, #2124, #849 ) ;
#7793 = ORIENTED_EDGE ( 'NONE', *, *, #3861, .T. ) ;
#7795 = ORIENTED_EDGE ( 'NONE', *, *, #7581, .F. ) ;
#7794 = FACE_OUTER_BOUND ( 'NONE', #10545, .T. ) ;
#7796 = PLANE ( 'NONE',  #4221 ) ;
#7797 = VECTOR ( 'NONE', #3784, 1000.000000000000000 ) ;
#7798 = LINE ( 'NONE', #8440, #11962 ) ;
#7799 = ORIENTED_EDGE ( 'NONE', *, *, #6032, .T. ) ;
#7800 = VECTOR ( 'NONE', #7275, 1000.000000000000000 ) ;
#7801 = CARTESIAN_POINT ( 'NONE',  ( 63.00000000000017053, 10.00000000000000000, 58.59999999999996589 ) ) ;
#7802 = EDGE_LOOP ( 'NONE', ( #5291, #2009, #3062, #9597 ) ) ;
#7803 = CARTESIAN_POINT ( 'NONE',  ( 5.000000000000000888, 55.49999999999999289, 52.09999999999999432 ) ) ;
#7804 = EDGE_CURVE ( 'NONE', #11916, #5288, #7321, .T. ) ;
#7805 = ORIENTED_EDGE ( 'NONE', *, *, #5522, .F. ) ;
#7806 = CARTESIAN_POINT ( 'NONE',  ( 3.000000000000005329, 17.15000000000001990, 9.500000000063486993 ) ) ;
#7807 = CARTESIAN_POINT ( 'NONE',  ( 6.025531517356957245, 55.44234323996555247, -9.942688455532959324 ) ) ;
#7808 = CARTESIAN_POINT ( 'NONE',  ( 2.000000000000000444, 52.49999999999998579, 54.94999999999998863 ) ) ;
#7809 = ADVANCED_FACE ( 'NONE', ( #7147 ), #342, .T. ) ;
#7810 = DIRECTION ( 'NONE',  ( -0.7071067811865414665, -0.7071067811865536790, 0.000000000000000000 ) ) ;
#7811 = EDGE_CURVE ( 'NONE', #8107, #5480, #11309, .T. ) ;
#7812 = CARTESIAN_POINT ( 'NONE',  ( 47.00000000000015632, 2.499999999999976907, 10.00000000000003020 ) ) ;
#7813 = DIRECTION ( 'NONE',  ( -1.000000000000000000, 1.355252715606880851E-17, 0.000000000000000000 ) ) ;
#7814 = EDGE_LOOP ( 'NONE', ( #7771, #1604 ) ) ;
#7815 = DIRECTION ( 'NONE',  ( -2.855511894612032274E-16, 0.000000000000000000, 1.000000000000000000 ) ) ;
#7816 = VECTOR ( 'NONE', #6903, 1000.000000000000000 ) ;
#7817 = AXIS2_PLACEMENT_3D ( 'NONE', #2404, #4445, #3770 ) ;
#7818 = DIRECTION ( 'NONE',  ( 1.000000000000000000, 8.195446571860577953E-34, 0.000000000000000000 ) ) ;
#7819 = CIRCLE ( 'NONE', #7640, 1.500000000000008216 ) ;
#7820 = DIRECTION ( 'NONE',  ( -0.000000000000000000, 1.000000000000000000, -0.000000000000000000 ) ) ;
#7821 = EDGE_LOOP ( 'NONE', ( #324, #5243, #9668, #8270 ) ) ;
#7822 = CONICAL_SURFACE ( 'NONE', #8262, 2.000000000000029310, 0.7853981633974396193 ) ;
#7823 = DIRECTION ( 'NONE',  ( -0.7071067811865414665, -0.7071067811865536790, 0.000000000000000000 ) ) ;
#7824 = CARTESIAN_POINT ( 'NONE',  ( 3.000000000000005329, 17.15000000000002345, 38.00000000006347989 ) ) ;
#7825 = EDGE_CURVE ( 'NONE', #12088, #3940, #2871, .T. ) ;
#7826 = CARTESIAN_POINT ( 'NONE',  ( 1.000000000000005329, 33.50000000000178346, 38.40000000006348557 ) ) ;
#7827 = ORIENTED_EDGE ( 'NONE', *, *, #12116, .T. ) ;
#7828 = CARTESIAN_POINT ( 'NONE',  ( -0.5000000000000264233, 20.00000000000002132, 4.050000000064023276 ) ) ;
#7829 = ORIENTED_EDGE ( 'NONE', *, *, #11155, .T. ) ;
#7830 = LINE ( 'NONE', #11906, #7667 ) ;
#7831 = LINE ( 'NONE', #8541, #3696 ) ;
#7832 = ORIENTED_EDGE ( 'NONE', *, *, #12089, .F. ) ;
#7833 = EDGE_CURVE ( 'NONE', #12055, #6014, #2947, .T. ) ;
#7834 = VECTOR ( 'NONE', #9664, 1000.000000000000000 ) ;
#7835 = ORIENTED_EDGE ( 'NONE', *, *, #8321, .F. ) ;
#7836 = ORIENTED_EDGE ( 'NONE', *, *, #9711, .T. ) ;
#7837 = DIRECTION ( 'NONE',  ( 0.000000000000000000, -1.000000000000000000, 0.000000000000000000 ) ) ;
#7838 = EDGE_CURVE ( 'NONE', #377, #12108, #3031, .T. ) ;
#7839 = VERTEX_POINT ( 'NONE', #1171 ) ;
#7840 = ADVANCED_FACE ( 'NONE', ( #6952 ), #4850, .F. ) ;
#7841 = CIRCLE ( 'NONE', #3772, 1.500000000000091482 ) ;
#7842 = EDGE_LOOP ( 'NONE', ( #1386, #8668, #1311, #3958, #4899 ) ) ;
#7843 = DIRECTION ( 'NONE',  ( 0.000000000000000000, 0.7071067811865536790, 0.7071067811865414665 ) ) ;
#7844 = AXIS2_PLACEMENT_3D ( 'NONE', #11932, #5028, #7158 ) ;
#7845 = LINE ( 'NONE', #8522, #3776 ) ;
#7846 = ORIENTED_EDGE ( 'NONE', *, *, #2366, .T. ) ;
#7847 = FACE_OUTER_BOUND ( 'NONE', #2035, .T. ) ;
#7848 = CARTESIAN_POINT ( 'NONE',  ( 104.5000000000000000, 3.000000000000000000, 63.59999999999995879 ) ) ;
#7849 = EDGE_LOOP ( 'NONE', ( #5892, #7466, #8933, #11719, #10004 ) ) ;
#7850 = LINE ( 'NONE', #4497, #11929 ) ;
#7851 = AXIS2_PLACEMENT_3D ( 'NONE', #5742, #9481, #11267 ) ;
#7852 = CARTESIAN_POINT ( 'NONE',  ( 104.5000000000000142, 6.000000000000000000, 69.09999999999999432 ) ) ;
#7853 = EDGE_LOOP ( 'NONE', ( #5025, #1009, #3264, #9200 ) ) ;
#7854 = CARTESIAN_POINT ( 'NONE',  ( -0.5000000000000209832, 4.500000000001786127, 11.50000000006349232 ) ) ;
#7855 = CARTESIAN_POINT ( 'NONE',  ( 100.5000000000002274, -1.311271451497673040E-32, 10.00000000000003020 ) ) ;
#7856 = ORIENTED_EDGE ( 'NONE', *, *, #676, .F. ) ;
#7857 = DIRECTION ( 'NONE',  ( 0.000000000000000000, -0.7071067811865410224, -0.7071067811865540120 ) ) ;
#7858 = VERTEX_POINT ( 'NONE', #4780 ) ;
#7859 = DIRECTION ( 'NONE',  ( 7.138779736530080685E-17, 5.850548791901321936E-50, 1.000000000000000000 ) ) ;
#7860 = EDGE_CURVE ( 'NONE', #758, #6966, #11342, .T. ) ;
#7861 = VECTOR ( 'NONE', #8570, 1000.000000000000000 ) ;
#7862 = CIRCLE ( 'NONE', #1158, 2.000000000000029310 ) ;
#7863 = ORIENTED_EDGE ( 'NONE', *, *, #7386, .T. ) ;
#7864 = LINE ( 'NONE', #6846, #3578 ) ;
#7865 = ADVANCED_FACE ( 'NONE', ( #11358 ), #7121, .F. ) ;
#7866 = DIRECTION ( 'NONE',  ( 1.000000000000000000, 0.000000000000000000, 0.000000000000000000 ) ) ;
#7867 = EDGE_CURVE ( 'NONE', #7264, #9478, #2895, .T. ) ;
#7868 = ORIENTED_EDGE ( 'NONE', *, *, #8321, .T. ) ;
#7869 = VECTOR ( 'NONE', #3187, 1000.000000000000000 ) ;
#7870 = DIRECTION ( 'NONE',  ( 0.000000000000000000, 0.000000000000000000, -1.000000000000000000 ) ) ;
#7871 = DIRECTION ( 'NONE',  ( -1.224646799147352961E-16, 1.000000000000000000, 0.000000000000000000 ) ) ;
#7872 = DIRECTION ( 'NONE',  ( 1.000000000000000000, 0.000000000000000000, 0.000000000000000000 ) ) ;
#7873 = DIRECTION ( 'NONE',  ( 1.278217298088174232E-16, -1.000000000000000000, 5.139921410301651782E-16 ) ) ;
#7874 = EDGE_CURVE ( 'NONE', #2232, #10188, #2970, .T. ) ;
#7875 = EDGE_LOOP ( 'NONE', ( #604, #2973, #7004, #2328 ) ) ;
#7876 = DIRECTION ( 'NONE',  ( 0.000000000000000000, 0.000000000000000000, -1.000000000000000000 ) ) ;
#7877 = DIRECTION ( 'NONE',  ( -1.000000000000000000, 1.208265107645537049E-16, -0.000000000000000000 ) ) ;
#7878 = DIRECTION ( 'NONE',  ( -7.138779736530080685E-17, 0.000000000000000000, -1.000000000000000000 ) ) ;
#7879 = AXIS2_PLACEMENT_3D ( 'NONE', #441, #7813, #8746 ) ;
#7880 = CARTESIAN_POINT ( 'NONE',  ( -0.9999999999999988898, 50.99999999999997868, 69.09999999999998010 ) ) ;
#7881 = VERTEX_POINT ( 'NONE', #4483 ) ;
#7882 = DIRECTION ( 'NONE',  ( 0.000000000000000000, 0.000000000000000000, 1.000000000000000000 ) ) ;
#7883 = CARTESIAN_POINT ( 'NONE',  ( 104.5000000000000426, 5.999999999999988454, 66.59999999999999432 ) ) ;
#7884 = FACE_OUTER_BOUND ( 'NONE', #9195, .T. ) ;
#7885 = VERTEX_POINT ( 'NONE', #4323 ) ;
#7886 = EDGE_LOOP ( 'NONE', ( #6924, #7099, #1580, #3946 ) ) ;
#7887 = CARTESIAN_POINT ( 'NONE',  ( 69.50000000000017053, 10.00000000000000000, 10.00000000000003020 ) ) ;
#7888 = DIRECTION ( 'NONE',  ( -0.7071067811865549002, 0.7071067811865402453, -1.837086636568352809E-16 ) ) ;
#7889 = LINE ( 'NONE', #6620, #12013 ) ;
#7890 = ORIENTED_EDGE ( 'NONE', *, *, #10683, .F. ) ;
#7891 = ADVANCED_FACE ( 'NONE', ( #11459 ), #6588, .F. ) ;
#7892 = CARTESIAN_POINT ( 'NONE',  ( -0.5000000000000247580, 35.50000000000179057, 36.00000000006347989 ) ) ;
#7893 = DIRECTION ( 'NONE',  ( 1.147978770867005115E-16, -1.000000000000000000, 0.000000000000000000 ) ) ;
#7894 = DIRECTION ( 'NONE',  ( -1.000000000000000000, -1.147978770867005115E-16, -0.000000000000000000 ) ) ;
#7895 = EDGE_CURVE ( 'NONE', #10321, #6020, #3122, .T. ) ;
#7897 = VERTEX_POINT ( 'NONE', #627 ) ;
#7896 = VECTOR ( 'NONE', #3064, 1000.000000000000000 ) ;
#7898 = CARTESIAN_POINT ( 'NONE',  ( 1.999999999999904965, 59.49999999999999289, 19.24999999999999645 ) ) ;
#7899 = AXIS2_PLACEMENT_3D ( 'NONE', #11001, #1374, #5142 ) ;
#7900 = LINE ( 'NONE', #4649, #1680 ) ;
#7901 = DIRECTION ( 'NONE',  ( -1.000000000000000000, 1.156482317317871133E-15, 0.000000000000000000 ) ) ;
#7902 = DIRECTION ( 'NONE',  ( -0.7071067811865436870, 8.659560562354979697E-17, -0.7071067811865513475 ) ) ;
#7903 = FACE_OUTER_BOUND ( 'NONE', #11841, .T. ) ;
#7904 = ORIENTED_EDGE ( 'NONE', *, *, #3688, .F. ) ;
#7905 = CARTESIAN_POINT ( 'NONE',  ( 31.00000000000014211, 3.000000000000000000, -122.9712352769500541 ) ) ;
#7906 = ORIENTED_EDGE ( 'NONE', *, *, #6199, .T. ) ;
#7907 = VECTOR ( 'NONE', #1113, 1000.000000000000000 ) ;
#7908 = CIRCLE ( 'NONE', #13, 2.199999999999979750 ) ;
#7909 = DIRECTION ( 'NONE',  ( -1.000000000000000000, -1.147978770867005115E-16, -0.000000000000000000 ) ) ;
#7910 = CYLINDRICAL_SURFACE ( 'NONE', #3496, 1.700000000000000178 ) ;
#7911 = LINE ( 'NONE', #3767, #11831 ) ;
#7912 = ADVANCED_FACE ( 'NONE', ( #3167 ), #9726, .T. ) ;
#7913 = EDGE_CURVE ( 'NONE', #8687, #3289, #7339, .T. ) ;
#7914 = ORIENTED_EDGE ( 'NONE', *, *, #9744, .F. ) ;
#7915 = DIRECTION ( 'NONE',  ( -0.000000000000000000, 0.000000000000000000, 1.000000000000000000 ) ) ;
#7916 = EDGE_CURVE ( 'NONE', #9914, #12196, #3190, .T. ) ;
#7917 = ORIENTED_EDGE ( 'NONE', *, *, #10468, .F. ) ;
#7918 = CIRCLE ( 'NONE', #8510, 2.000000000000029310 ) ;
#7919 = AXIS2_PLACEMENT_3D ( 'NONE', #9900, #411, #4369 ) ;
#7920 = DIRECTION ( 'NONE',  ( 0.000000000000000000, -0.000000000000000000, 1.000000000000000000 ) ) ;
#7921 = CIRCLE ( 'NONE', #7465, 2.000000000000022649 ) ;
#7922 = DIRECTION ( 'NONE',  ( -0.7071067811865424657, 0.000000000000000000, 0.7071067811865526798 ) ) ;
#7923 = AXIS2_PLACEMENT_3D ( 'NONE', #8975, #1292, #2268 ) ;
#7924 = DIRECTION ( 'NONE',  ( 8.069965350965010400E-17, -0.7071067811865372477, 0.7071067811865578978 ) ) ;
#7925 = CARTESIAN_POINT ( 'NONE',  ( 7.000000000000006217, 6.000000000000012434, 69.59999999999999432 ) ) ;
#7926 = DIRECTION ( 'NONE',  ( 1.000000000000000000, 0.000000000000000000, 0.000000000000000000 ) ) ;
#7927 = VECTOR ( 'NONE', #8821, 1000.000000000000000 ) ;
#7928 = EDGE_CURVE ( 'NONE', #9609, #144, #2844, .T. ) ;
#7929 = ADVANCED_FACE ( 'NONE', ( #7052 ), #4346, .F. ) ;
#7930 = DIRECTION ( 'NONE',  ( 0.000000000000000000, 0.000000000000000000, 1.000000000000000000 ) ) ;
#7931 = CONICAL_SURFACE ( 'NONE', #5417, 1.500000000000015099, 0.7853981633974430610 ) ;
#7932 = VERTEX_POINT ( 'NONE', #11193 ) ;
#7933 = EDGE_LOOP ( 'NONE', ( #298, #7987, #4057, #1735 ) ) ;
#7934 = EDGE_CURVE ( 'NONE', #7355, #9103, #11180, .T. ) ;
#7935 = CARTESIAN_POINT ( 'NONE',  ( 3.000000000000005329, 17.15000000000002345, 38.50000000006347989 ) ) ;
#7936 = AXIS2_PLACEMENT_3D ( 'NONE', #3322, #4302, #8132 ) ;
#7937 = CIRCLE ( 'NONE', #4488, 2.000000000000036415 ) ;
#7938 = DIRECTION ( 'NONE',  ( 0.000000000000000000, 0.000000000000000000, -1.000000000000000000 ) ) ;
#7939 = ORIENTED_EDGE ( 'NONE', *, *, #1552, .T. ) ;
#7940 = CARTESIAN_POINT ( 'NONE',  ( 1.000000000000005107, 17.15000000000002345, 38.00000000006347989 ) ) ;
#7941 = AXIS2_PLACEMENT_3D ( 'NONE', #3778, #11463, #3871 ) ;
#7942 = CARTESIAN_POINT ( 'NONE',  ( 3.000000000000005329, 17.15000000000002700, 44.75000000006293988 ) ) ;
#7943 = ORIENTED_EDGE ( 'NONE', *, *, #6042, .T. ) ;
#7944 = ORIENTED_EDGE ( 'NONE', *, *, #3715, .F. ) ;
#7945 =( LENGTH_UNIT ( ) NAMED_UNIT ( * ) SI_UNIT ( .MILLI., .METRE. ) );
#7946 = ORIENTED_EDGE ( 'NONE', *, *, #9526, .T. ) ;
#7947 = ORIENTED_EDGE ( 'NONE', *, *, #2490, .T. ) ;
#7949 = ORIENTED_EDGE ( 'NONE', *, *, #2335, .F. ) ;
#7948 = VECTOR ( 'NONE', #9211, 1000.000000000000000 ) ;
#7950 = CARTESIAN_POINT ( 'NONE',  ( -0.5000000000000247580, 20.00000000000002132, 5.750000000064023453 ) ) ;
#7951 = VECTOR ( 'NONE', #7823, 1000.000000000000000 ) ;
#7952 = ORIENTED_EDGE ( 'NONE', *, *, #5413, .F. ) ;
#7954 = ORIENTED_EDGE ( 'NONE', *, *, #4638, .F. ) ;
#7953 = LINE ( 'NONE', #3957, #7976 ) ;
#7955 = ADVANCED_FACE ( 'NONE', ( #7071 ), #5509, .T. ) ;
#7956 = CIRCLE ( 'NONE', #3950, 2.000000000000015543 ) ;
#7957 = VECTOR ( 'NONE', #8081, 999.9999999999998863 ) ;
#7958 = EDGE_LOOP ( 'NONE', ( #4080, #4299, #11448, #7257 ) ) ;
#7959 = CARTESIAN_POINT ( 'NONE',  ( 0.4999999999999805156, 55.50000000000000000, 22.09999999999999432 ) ) ;
#7960 = CARTESIAN_POINT ( 'NONE',  ( 29.00000000000014211, 10.00000000000000000, 10.00000000000003020 ) ) ;
#7961 = AXIS2_PLACEMENT_3D ( 'NONE', #3810, #4771, #6722 ) ;
#7962 = CARTESIAN_POINT ( 'NONE',  ( -0.5000000000000001110, 2.207106781186596312, 69.59999999999999432 ) ) ;
#7964 = DIRECTION ( 'NONE',  ( -0.000000000000000000, 1.000000000000000000, -0.000000000000000000 ) ) ;
#7963 = CARTESIAN_POINT ( 'NONE',  ( 114.5327264227120310, -0.07900857355926603487, 69.02099142644070184 ) ) ;
#7965 = CARTESIAN_POINT ( 'NONE',  ( -0.4999999999999831246, 18.30000000000172733, 41.75000000006208012 ) ) ;
#7966 = PLANE ( 'NONE',  #7879 ) ;
#7967 = EDGE_CURVE ( 'NONE', #1868, #10512, #11201, .T. ) ;
#7968 = ORIENTED_EDGE ( 'NONE', *, *, #7312, .F. ) ;
#7969 = CARTESIAN_POINT ( 'NONE',  ( -0.5000000000000004441, 50.99999999999997868, 68.09999999999999432 ) ) ;
#7970 = LINE ( 'NONE', #9761, #12103 ) ;
#7971 = CARTESIAN_POINT ( 'NONE',  ( 0.4999999999999735767, 55.49999999999999289, 52.09999999999999432 ) ) ;
#7972 = VECTOR ( 'NONE', #10271, 1000.000000000000000 ) ;
#7973 = CARTESIAN_POINT ( 'NONE',  ( 3.999999999999896971, 52.49999999999998579, 19.24999999999999645 ) ) ;
#7974 = ORIENTED_EDGE ( 'NONE', *, *, #1994, .F. ) ;
#7975 = ORIENTED_EDGE ( 'NONE', *, *, #10269, .T. ) ;
#7976 = VECTOR ( 'NONE', #3251, 1000.000000000000000 ) ;
#7977 = DIRECTION ( 'NONE',  ( 1.000000000000000000, 0.000000000000000000, 1.147978770867009060E-16 ) ) ;
#7978 = CARTESIAN_POINT ( 'NONE',  ( 2.000000000000008882, 59.49999999999999289, 49.24999999999999289 ) ) ;
#7979 = ORIENTED_EDGE ( 'NONE', *, *, #1817, .T. ) ;
#7980 = CARTESIAN_POINT ( 'NONE',  ( 16.00000000000012079, 3.000000000000000000, 58.59999999999996589 ) ) ;
#7981 = VECTOR ( 'NONE', #7375, 1000.000000000000000 ) ;
#7982 = VECTOR ( 'NONE', #969, 1000.000000000000000 ) ;
#7983 = EDGE_LOOP ( 'NONE', ( #5147, #5136, #1517, #277 ) ) ;
#7984 = ADVANCED_FACE ( 'NONE', ( #11223 ), #7298, .F. ) ;
#7985 = LINE ( 'NONE', #5174, #7646 ) ;
#7986 = EDGE_CURVE ( 'NONE', #10050, #9486, #3468, .T. ) ;
#7987 = ORIENTED_EDGE ( 'NONE', *, *, #8350, .T. ) ;
#7988 = AXIS2_PLACEMENT_3D ( 'NONE', #11761, #325, #5987 ) ;
#7989 = CARTESIAN_POINT ( 'NONE',  ( -0.4999999999999970024, 35.49999999999998579, 64.59999999999999432 ) ) ;
#7990 = ORIENTED_EDGE ( 'NONE', *, *, #5804, .F. ) ;
#7991 = DIRECTION ( 'NONE',  ( 0.000000000000000000, 0.000000000000000000, -1.000000000000000000 ) ) ;
#7992 = CARTESIAN_POINT ( 'NONE',  ( 35.50000000000012790, 2.499999999999984013, 58.59999999999996589 ) ) ;
#7993 = LINE ( 'NONE', #1560, #3897 ) ;
#7994 = ORIENTED_EDGE ( 'NONE', *, *, #3133, .F. ) ;
#7995 = CARTESIAN_POINT ( 'NONE',  ( 50.50000000000019895, -5.408994737427964890E-32, 10.00000000000003020 ) ) ;
#7996 = CONICAL_SURFACE ( 'NONE', #1872, 1.500000000000015099, 0.7853981633974430610 ) ;
#7997 = CARTESIAN_POINT ( 'NONE',  ( 37.00000000000014921, 0.5000000000000125455, 58.59999999999996589 ) ) ;
#7998 = ORIENTED_EDGE ( 'NONE', *, *, #526, .T. ) ;
#7999 = AXIS2_PLACEMENT_3D ( 'NONE', #486, #10226, #11216 ) ;
#8000 = CARTESIAN_POINT ( 'NONE',  ( -0.9999999999999972244, 36.00000000000176925, 36.00000000006347989 ) ) ;
#8001 = EDGE_CURVE ( 'NONE', #4872, #8979, #3489, .T. ) ;
#8002 = CARTESIAN_POINT ( 'NONE',  ( -0.5000000000000004441, 49.49999999999997868, 68.09999999999999432 ) ) ;
#8003 = CARTESIAN_POINT ( 'NONE',  ( 1.000000000000005329, 33.50000000000178346, 38.40000000006348557 ) ) ;
#8004 = FACE_OUTER_BOUND ( 'NONE', #4399, .T. ) ;
#8005 = ORIENTED_EDGE ( 'NONE', *, *, #8557, .T. ) ;
#8006 = EDGE_LOOP ( 'NONE', ( #2576, #1987, #7167, #3449 ) ) ;
#8007 = CARTESIAN_POINT ( 'NONE',  ( 92.00000000000018474, 3.000000000000000000, 58.59999999999996589 ) ) ;
#8008 = EDGE_CURVE ( 'NONE', #3568, #312, #7538, .T. ) ;
#8009 = CARTESIAN_POINT ( 'NONE',  ( -0.9999999999999988898, 50.49999999999997158, -9.499999999999996447 ) ) ;
#8010 = VECTOR ( 'NONE', #11455, 1000.000000000000000 ) ;
#8011 = ADVANCED_FACE ( 'NONE', ( #11497 ), #6206, .F. ) ;
#8012 = CARTESIAN_POINT ( 'NONE',  ( 94.00000000000022737, 0.5000000000000195399, 10.00000000000003020 ) ) ;
#8013 = CARTESIAN_POINT ( 'NONE',  ( 48.50000000000017053, 0.5000000000000195399, 10.00000000000003020 ) ) ;
#8015 = ORIENTED_EDGE ( 'NONE', *, *, #8212, .T. ) ;
#8014 = CIRCLE ( 'NONE', #3670, 1.699999999999993072 ) ;
#8016 = FACE_OUTER_BOUND ( 'NONE', #9321, .T. ) ;
#8017 = CARTESIAN_POINT ( 'NONE',  ( 104.5000000000000142, 6.000000000000000000, 69.59999999999999432 ) ) ;
#8018 = EDGE_CURVE ( 'NONE', #6547, #6946, #11643, .T. ) ;
#8019 = VECTOR ( 'NONE', #8928, 1000.000000000000000 ) ;
#8020 = ORIENTED_EDGE ( 'NONE', *, *, #6470, .T. ) ;
#8021 = ORIENTED_EDGE ( 'NONE', *, *, #3559, .F. ) ;
#8022 = VERTEX_POINT ( 'NONE', #4773 ) ;
#8023 = CARTESIAN_POINT ( 'NONE',  ( 55.00000000000015632, 3.000000000000000000, 60.59999999999999432 ) ) ;
#8024 = VECTOR ( 'NONE', #113, 1000.000000000000000 ) ;
#8025 = ORIENTED_EDGE ( 'NONE', *, *, #526, .F. ) ;
#8026 = AXIS2_PLACEMENT_3D ( 'NONE', #6826, #6762, #88 ) ;
#8027 = CARTESIAN_POINT ( 'NONE',  ( 55.00000000000017053, 0.4999999999999848455, 10.00000000000003020 ) ) ;
#8028 = DIRECTION ( 'NONE',  ( -1.000000000000000000, -1.147978770867005115E-16, -0.000000000000000000 ) ) ;
#8029 = DIRECTION ( 'NONE',  ( 0.000000000000000000, 0.000000000000000000, 1.000000000000000000 ) ) ;
#8030 = DIRECTION ( 'NONE',  ( 0.000000000000000000, 0.000000000000000000, -1.000000000000000000 ) ) ;
#8031 = ORIENTED_EDGE ( 'NONE', *, *, #11613, .F. ) ;
#8032 = FACE_OUTER_BOUND ( 'NONE', #6214, .T. ) ;
#8033 = PLANE ( 'NONE',  #2778 ) ;
#8034 = CARTESIAN_POINT ( 'NONE',  ( 104.5000000000000142, 13.00000000000000000, 0.000000000000000000 ) ) ;
#8035 = PLANE ( 'NONE',  #1251 ) ;
#8036 = DIRECTION ( 'NONE',  ( -0.7071067811865500152, 0.7071067811865451302, 0.000000000000000000 ) ) ;
#8037 = VERTEX_POINT ( 'NONE', #11835 ) ;
#8038 = ORIENTED_EDGE ( 'NONE', *, *, #497, .F. ) ;
#8039 = DIRECTION ( 'NONE',  ( -1.275531967630004999E-16, 1.000000000000000000, 0.000000000000000000 ) ) ;
#8040 = ADVANCED_FACE ( 'NONE', ( #11562 ), #7400, .T. ) ;
#8041 = CARTESIAN_POINT ( 'NONE',  ( 24.00000000000012434, 0.5000000000000195399, 58.59999999999996589 ) ) ;
#8042 = VECTOR ( 'NONE', #5444, 1000.000000000000000 ) ;
#8043 = FACE_OUTER_BOUND ( 'NONE', #4309, .T. ) ;
#8044 = EDGE_LOOP ( 'NONE', ( #10110, #10238 ) ) ;
#8045 = ORIENTED_EDGE ( 'NONE', *, *, #2998, .F. ) ;
#8046 = EDGE_CURVE ( 'NONE', #4367, #12136, #11839, .T. ) ;
#8047 = DIRECTION ( 'NONE',  ( 1.124357808503486235E-16, -1.000000000000000000, 5.139921410301651782E-16 ) ) ;
#8048 = LINE ( 'NONE', #5976, #133 ) ;
#8049 = VECTOR ( 'NONE', #11291, 1000.000000000000000 ) ;
#8050 = EDGE_CURVE ( 'NONE', #1088, #1299, #11578, .T. ) ;
#8051 = CARTESIAN_POINT ( 'NONE',  ( 106.0000000000000142, 5.000000000000129674, 0.000000000000000000 ) ) ;
#8052 = AXIS2_PLACEMENT_3D ( 'NONE', #6723, #7684, #9539 ) ;
#8053 = ORIENTED_EDGE ( 'NONE', *, *, #2185, .F. ) ;
#8054 = EDGE_LOOP ( 'NONE', ( #3631, #4617, #2962, #9707 ) ) ;
#8055 = PLANE ( 'NONE',  #5912 ) ;
#8057 = CARTESIAN_POINT ( 'NONE',  ( 7.000000000000006217, 6.000000000000012434, 69.59999999999999432 ) ) ;
#8056 = DIRECTION ( 'NONE',  ( 0.000000000000000000, 0.000000000000000000, -1.000000000000000000 ) ) ;
#8058 = CARTESIAN_POINT ( 'NONE',  ( 13.49999999999999822, 53.50000000000000711, 0.000000000000000000 ) ) ;
#8059 = ORIENTED_EDGE ( 'NONE', *, *, #1590, .T. ) ;
#8060 = DIRECTION ( 'NONE',  ( 0.7071067811865325847, 0.000000000000000000, 0.7071067811865625607 ) ) ;
#8061 = FACE_OUTER_BOUND ( 'NONE', #1885, .T. ) ;
#8062 = CARTESIAN_POINT ( 'NONE',  ( 1.999999999999896749, 59.49999999999999289, 19.24999999999999645 ) ) ;
#8063 = VECTOR ( 'NONE', #4822, 1000.000000000000000 ) ;
#8064 = CARTESIAN_POINT ( 'NONE',  ( 40.50000000000012079, 2.499999999999984013, 58.59999999999996589 ) ) ;
#8065 = ORIENTED_EDGE ( 'NONE', *, *, #7435, .T. ) ;
#8066 = ORIENTED_EDGE ( 'NONE', *, *, #9702, .T. ) ;
#8067 = VECTOR ( 'NONE', #1990, 1000.000000000000000 ) ;
#8068 = ADVANCED_FACE ( 'NONE', ( #3316 ), #8538, .F. ) ;
#8069 = DIRECTION ( 'NONE',  ( 0.000000000000000000, -1.000000000000000000, 0.000000000000000000 ) ) ;
#8070 = DIRECTION ( 'NONE',  ( -0.000000000000000000, -0.000000000000000000, -1.000000000000000000 ) ) ;
#8071 = CARTESIAN_POINT ( 'NONE',  ( 30.50000000000013145, 0.4999999999999848455, 10.00000000000003020 ) ) ;
#8072 = EDGE_CURVE ( 'NONE', #8244, #11726, #7428, .T. ) ;
#8073 = CARTESIAN_POINT ( 'NONE',  ( 9.000000000000007105, 4.500000000001787903, 11.50000000006349232 ) ) ;
#8074 = CARTESIAN_POINT ( 'NONE',  ( 35.50000000000012790, 0.5000000000000125455, 58.59999999999996589 ) ) ;
#8075 = AXIS2_PLACEMENT_3D ( 'NONE', #369, #2458, #3417 ) ;
#8076 = DIRECTION ( 'NONE',  ( 1.000000000000000000, 1.147978770867005115E-16, -0.000000000000000000 ) ) ;
#8077 =( GEOMETRIC_REPRESENTATION_CONTEXT ( 3 ) GLOBAL_UNCERTAINTY_ASSIGNED_CONTEXT ( ( #2370 ) ) GLOBAL_UNIT_ASSIGNED_CONTEXT ( ( #7945, #5126, #6006 ) ) REPRESENTATION_CONTEXT ( 'NONE', 'WORKASPACE' ) );
#8078 = VECTOR ( 'NONE', #7653, 1000.000000000000000 ) ;
#8079 = CARTESIAN_POINT ( 'NONE',  ( 24.00000000000012434, 2.499999999999976907, 58.59999999999996589 ) ) ;
#8080 = CARTESIAN_POINT ( 'NONE',  ( 102.0000000000002416, 2.499999999999991118, 58.59999999999996589 ) ) ;
#8081 = DIRECTION ( 'NONE',  ( -0.7071067811865525687, -0.7071067811865425767, -0.000000000000000000 ) ) ;
#8082 = ORIENTED_EDGE ( 'NONE', *, *, #11565, .T. ) ;
#8083 = DIRECTION ( 'NONE',  ( 0.000000000000000000, 0.000000000000000000, -1.000000000000000000 ) ) ;
#8084 = VERTEX_POINT ( 'NONE', #8381 ) ;
#8085 = LINE ( 'NONE', #5942, #7703 ) ;
#8086 = DIRECTION ( 'NONE',  ( -0.000000000000000000, -0.000000000000000000, -1.000000000000000000 ) ) ;
#8087 = VERTEX_POINT ( 'NONE', #6372 ) ;
#8088 = CARTESIAN_POINT ( 'NONE',  ( 116.0000000000000000, 6.000000000000001776, 69.09999999999998010 ) ) ;
#8089 = LINE ( 'NONE', #9653, #8274 ) ;
#8090 = DIRECTION ( 'NONE',  ( 0.000000000000000000, 0.000000000000000000, 1.000000000000000000 ) ) ;
#8091 = ADVANCED_FACE ( 'NONE', ( #7638 ), #7370, .T. ) ;
#8092 = CARTESIAN_POINT ( 'NONE',  ( 116.0000000000000000, 6.000000000000001776, -10.00000000000000000 ) ) ;
#8093 = DIRECTION ( 'NONE',  ( -0.7071067811865525687, 0.4999999999999962252, 0.4999999999999968359 ) ) ;
#8094 = DIRECTION ( 'NONE',  ( 0.000000000000000000, 0.000000000000000000, -1.000000000000000000 ) ) ;
#8095 = DIRECTION ( 'NONE',  ( 0.000000000000000000, 0.000000000000000000, -1.000000000000000000 ) ) ;
#8096 = CARTESIAN_POINT ( 'NONE',  ( 5.000000000000000888, 55.49999999999999289, 52.09999999999999432 ) ) ;
#8097 = VERTEX_POINT ( 'NONE', #11416 ) ;
#8098 = CARTESIAN_POINT ( 'NONE',  ( 4.000000000000000000, 52.49999999999998579, 49.24999999999999289 ) ) ;
#8099 = EDGE_CURVE ( 'NONE', #6819, #6397, #3411, .T. ) ;
#8100 = AXIS2_PLACEMENT_3D ( 'NONE', #11854, #1185, #8030 ) ;
#8101 = ORIENTED_EDGE ( 'NONE', *, *, #11367, .T. ) ;
#8102 = VECTOR ( 'NONE', #6690, 1000.000000000000000 ) ;
#8103 = AXIS2_PLACEMENT_3D ( 'NONE', #1670, #6682, #6587 ) ;
#8104 = LINE ( 'NONE', #11638, #8063 ) ;
#8105 = ORIENTED_EDGE ( 'NONE', *, *, #7716, .F. ) ;
#8106 = CARTESIAN_POINT ( 'NONE',  ( 3.000000000000005329, 33.50000000000176925, 38.40000000006348557 ) ) ;
#8107 = VERTEX_POINT ( 'NONE', #5733 ) ;
#8108 = EDGE_CURVE ( 'NONE', #313, #3070, #11517, .T. ) ;
#8109 = PLANE ( 'NONE',  #9575 ) ;
#8110 = CARTESIAN_POINT ( 'NONE',  ( -0.4999999999999831246, 21.70000000000172946, 41.75000000006208012 ) ) ;
#8111 = DIRECTION ( 'NONE',  ( 0.000000000000000000, 0.000000000000000000, -1.000000000000000000 ) ) ;
#8112 = DIRECTION ( 'NONE',  ( 8.195446571860579663E-34, -1.000000000000000000, -0.000000000000000000 ) ) ;
#8113 = ORIENTED_EDGE ( 'NONE', *, *, #333, .F. ) ;
#8114 = EDGE_LOOP ( 'NONE', ( #8699, #9394, #7979, #452 ) ) ;
#8115 = DIRECTION ( 'NONE',  ( -1.000000000000000000, -1.278217298088174232E-16, 0.000000000000000000 ) ) ;
#8116 = EDGE_CURVE ( 'NONE', #11202, #11612, #11923, .T. ) ;
#8117 = ADVANCED_FACE ( 'NONE', ( #7513 ), #6554, .T. ) ;
#8118 = EDGE_LOOP ( 'NONE', ( #12308, #11454, #3452, #3619 ) ) ;
#8119 = APPROVAL_ROLE ( '' ) ;
#8120 = EDGE_CURVE ( 'NONE', #9480, #1651, #7585, .T. ) ;
#8122 = VERTEX_POINT ( 'NONE', #6614 ) ;
#8121 = FACE_OUTER_BOUND ( 'NONE', #2563, .T. ) ;
#8123 = CARTESIAN_POINT ( 'NONE',  ( 102.5000000000002558, 3.000000000000000000, 10.00000000000003020 ) ) ;
#8124 = CONICAL_SURFACE ( 'NONE', #5621, 1.500000000000015099, 0.7853981633974430610 ) ;
#8125 = DIRECTION ( 'NONE',  ( 0.7071067811865511255, -0.7071067811865440200, 2.019151824439024395E-16 ) ) ;
#8126 = CARTESIAN_POINT ( 'NONE',  ( 73.00000000000017053, 0.5000000000000195399, 58.59999999999996589 ) ) ;
#8127 = ORIENTED_EDGE ( 'NONE', *, *, #7934, .T. ) ;
#8128 = ORIENTED_EDGE ( 'NONE', *, *, #8249, .F. ) ;
#8129 = AXIS2_PLACEMENT_3D ( 'NONE', #11766, #6079, #6341 ) ;
#8130 = ORIENTED_EDGE ( 'NONE', *, *, #4364, .T. ) ;
#8131 = EDGE_CURVE ( 'NONE', #4747, #4681, #3543, .T. ) ;
#8132 = DIRECTION ( 'NONE',  ( 0.000000000000000000, 0.000000000000000000, -1.000000000000000000 ) ) ;
#8133 = CARTESIAN_POINT ( 'NONE',  ( 1.000000000000008216, 6.500000000001787015, 9.100000000063497296 ) ) ;
#8134 = CARTESIAN_POINT ( 'NONE',  ( 43.50000000000014921, 0.5000000000000125455, 58.59999999999996589 ) ) ;
#8136 = CARTESIAN_POINT ( 'NONE',  ( 87.50000000000021316, 0.5000000000000195399, 8.500000000000014211 ) ) ;
#8135 = DIRECTION ( 'NONE',  ( 0.000000000000000000, 0.000000000000000000, -1.000000000000000000 ) ) ;
#8137 = DIRECTION ( 'NONE',  ( -0.5773502691896251759, -0.5773502691896219563, 0.5773502691896302830 ) ) ;
#8138 = ORIENTED_EDGE ( 'NONE', *, *, #9227, .F. ) ;
#8139 = DIRECTION ( 'NONE',  ( -0.5773502691896261751, 0.5773502691896335026, -0.5773502691896177375 ) ) ;
#8140 = EDGE_CURVE ( 'NONE', #11694, #3672, #3276, .T. ) ;
#8141 = FACE_OUTER_BOUND ( 'NONE', #5474, .T. ) ;
#8142 = ORIENTED_EDGE ( 'NONE', *, *, #11939, .T. ) ;
#8143 = CARTESIAN_POINT ( 'NONE',  ( 3.000000000000004441, 22.85000000000002274, 9.000000000063517192 ) ) ;
#8144 = ORIENTED_EDGE ( 'NONE', *, *, #4800, .F. ) ;
#8145 = VECTOR ( 'NONE', #4698, 1000.000000000000000 ) ;
#8146 = CARTESIAN_POINT ( 'NONE',  ( 82.50000000000019895, 2.499999999999976907, 10.00000000000003020 ) ) ;
#8147 = CARTESIAN_POINT ( 'NONE',  ( 48.50000000000017053, 3.000000000000000000, 10.00000000000003020 ) ) ;
#8148 = ORIENTED_EDGE ( 'NONE', *, *, #5882, .T. ) ;
#8149 = CARTESIAN_POINT ( 'NONE',  ( 22.83333333333353821, 37.66666666666670693, 53.26666666666690020 ) ) ;
#8150 = EDGE_CURVE ( 'NONE', #6157, #10225, #11539, .T. ) ;
#8151 = CARTESIAN_POINT ( 'NONE',  ( 61.50000000000015632, 0.5000000000000125455, 58.59999999999996589 ) ) ;
#8152 = AXIS2_PLACEMENT_3D ( 'NONE', #8098, #9255, #9335 ) ;
#8153 = ORIENTED_EDGE ( 'NONE', *, *, #552, .T. ) ;
#8154 = ORIENTED_EDGE ( 'NONE', *, *, #12179, .F. ) ;
#8155 = DIRECTION ( 'NONE',  ( 0.5773502691896270633, 0.5773502691896390537, 0.5773502691896110761 ) ) ;
#8156 = EDGE_LOOP ( 'NONE', ( #3375, #5766, #12070, #10797 ) ) ;
#8157 = DIRECTION ( 'NONE',  ( 1.224646799147352468E-16, -1.000000000000000000, 0.000000000000000000 ) ) ;
#8158 = DIRECTION ( 'NONE',  ( -1.147978770867005115E-16, 1.000000000000000000, 0.000000000000000000 ) ) ;
#8159 = ORIENTED_EDGE ( 'NONE', *, *, #9529, .F. ) ;
#8160 = ORIENTED_EDGE ( 'NONE', *, *, #1803, .T. ) ;
#8161 = AXIS2_PLACEMENT_3D ( 'NONE', #5268, #10056, #11992 ) ;
#8162 = DIRECTION ( 'NONE',  ( 1.141265444721583018E-16, -1.000000000000000000, 0.000000000000000000 ) ) ;
#8163 = ORIENTED_EDGE ( 'NONE', *, *, #10015, .T. ) ;
#8164 = EDGE_CURVE ( 'NONE', #3935, #11469, #7620, .T. ) ;
#8165 = CARTESIAN_POINT ( 'NONE',  ( 76.00000000000018474, 0.5000000000000195399, 58.59999999999996589 ) ) ;
#8166 = ORIENTED_EDGE ( 'NONE', *, *, #2136, .F. ) ;
#8167 = DIRECTION ( 'NONE',  ( 0.000000000000000000, 0.000000000000000000, -1.000000000000000000 ) ) ;
#8168 = ADVANCED_FACE ( 'NONE', ( #11683 ), #9681, .T. ) ;
#8169 = DIRECTION ( 'NONE',  ( -0.000000000000000000, -0.7071067811865573427, -0.7071067811865376918 ) ) ;
#8170 = CARTESIAN_POINT ( 'NONE',  ( 33.50000000000012079, 3.000000000000000000, 10.00000000000003020 ) ) ;
#8171 = ORIENTED_EDGE ( 'NONE', *, *, #12293, .F. ) ;
#8172 = CARTESIAN_POINT ( 'NONE',  ( 100.5000000000002274, 2.499999999999991118, 10.00000000000003020 ) ) ;
#8173 = DIRECTION ( 'NONE',  ( 0.000000000000000000, 0.000000000000000000, -1.000000000000000000 ) ) ;
#8174 = CARTESIAN_POINT ( 'NONE',  ( 66.50000000000017053, 0.4999999999999917843, 58.59999999999996589 ) ) ;
#8175 = VECTOR ( 'NONE', #5635, 1000.000000000000000 ) ;
#8176 = LINE ( 'NONE', #10730, #8526 ) ;
#8177 = CARTESIAN_POINT ( 'NONE',  ( 116.5000000000000000, 9.000000000000001776, -10.00000000000000000 ) ) ;
#8178 = PLANE ( 'NONE',  #7618 ) ;
#8179 = CARTESIAN_POINT ( 'NONE',  ( -0.5000000000000213163, 6.500000000001787015, 9.500000000063494099 ) ) ;
#8180 = CARTESIAN_POINT ( 'NONE',  ( 7.000000000000000000, 53.50000000000000000, 69.59999999999999432 ) ) ;
#8181 = CARTESIAN_POINT ( 'NONE',  ( 110.6464466094067518, 10.14644660940673404, 69.59999999999999432 ) ) ;
#8182 = EDGE_CURVE ( 'NONE', #2216, #10888, #11896, .T. ) ;
#8183 = ORIENTED_EDGE ( 'NONE', *, *, #11332, .T. ) ;
#8184 = LINE ( 'NONE', #8880, #3997 ) ;
#8185 = VECTOR ( 'NONE', #8661, 1000.000000000000000 ) ;
#8186 = DIRECTION ( 'NONE',  ( -1.000000000000000000, 0.000000000000000000, 0.000000000000000000 ) ) ;
#8187 = DIRECTION ( 'NONE',  ( 0.000000000000000000, 0.000000000000000000, -1.000000000000000000 ) ) ;
#8188 = DIRECTION ( 'NONE',  ( -8.195446571860579663E-34, 1.000000000000000000, -0.000000000000000000 ) ) ;
#8189 = ORIENTED_EDGE ( 'NONE', *, *, #6750, .F. ) ;
#8190 = AXIS2_PLACEMENT_3D ( 'NONE', #6055, #1418, #2199 ) ;
#8191 = DIRECTION ( 'NONE',  ( 1.000000000000000000, 0.000000000000000000, 0.000000000000000000 ) ) ;
#8192 = FACE_BOUND ( 'NONE', #10350, .T. ) ;
#8193 = VERTEX_POINT ( 'NONE', #5864 ) ;
#8194 = ORIENTED_EDGE ( 'NONE', *, *, #119, .T. ) ;
#8195 = VECTOR ( 'NONE', #1816, 1000.000000000000000 ) ;
#8196 = CARTESIAN_POINT ( 'NONE',  ( 11.00000000000000533, 54.50000000000000711, 0.000000000000000000 ) ) ;
#8197 = CARTESIAN_POINT ( 'NONE',  ( -0.4999999999999987232, 48.99999999999997868, 44.59999999999998721 ) ) ;
#8198 = DIRECTION ( 'NONE',  ( 0.000000000000000000, 0.000000000000000000, -1.000000000000000000 ) ) ;
#8199 = ADVANCED_FACE ( 'NONE', ( #3340 ), #11731, .F. ) ;
#8200 = CARTESIAN_POINT ( 'NONE',  ( 81.00000000000018474, 0.5000000000000195399, 58.59999999999996589 ) ) ;
#8201 = DIRECTION ( 'NONE',  ( 0.000000000000000000, -1.000000000000000000, 0.000000000000000000 ) ) ;
#8202 = DIRECTION ( 'NONE',  ( 0.000000000000000000, 0.000000000000000000, 1.000000000000000000 ) ) ;
#8203 = DIRECTION ( 'NONE',  ( 0.000000000000000000, 0.7071067811865584529, 0.7071067811865364705 ) ) ;
#8204 = DIRECTION ( 'NONE',  ( 0.000000000000000000, 0.000000000000000000, 1.000000000000000000 ) ) ;
#8205 = EDGE_CURVE ( 'NONE', #9147, #5222, #11815, .T. ) ;
#8206 = CARTESIAN_POINT ( 'NONE',  ( 27.00000000000013145, -7.334924681815206217E-32, 58.59999999999996589 ) ) ;
#8207 = ORIENTED_EDGE ( 'NONE', *, *, #6630, .T. ) ;
#8208 = ORIENTED_EDGE ( 'NONE', *, *, #8018, .F. ) ;
#8209 = DIRECTION ( 'NONE',  ( -0.7071067811865505703, 0.000000000000000000, -0.7071067811865444641 ) ) ;
#8210 = DIRECTION ( 'NONE',  ( -0.6785983445458412255, 0.6785983445458610985, 0.2810846377148004116 ) ) ;
#8211 = DIRECTION ( 'NONE',  ( 0.7071067811865439090, -0.7071067811865512365, 0.000000000000000000 ) ) ;
#8212 = EDGE_CURVE ( 'NONE', #9238, #1877, #11857, .T. ) ;
#8213 = AXIS2_PLACEMENT_3D ( 'NONE', #10028, #5396, #7188 ) ;
#8214 = ORIENTED_EDGE ( 'NONE', *, *, #6644, .T. ) ;
#8215 = ORIENTED_EDGE ( 'NONE', *, *, #518, .T. ) ;
#8216 = EDGE_LOOP ( 'NONE', ( #6597, #9619, #8166, #9474 ) ) ;
#8217 = DIRECTION ( 'NONE',  ( 0.000000000000000000, 0.000000000000000000, 1.000000000000000000 ) ) ;
#8218 = ORIENTED_EDGE ( 'NONE', *, *, #7554, .F. ) ;
#8219 = ORIENTED_EDGE ( 'NONE', *, *, #6042, .F. ) ;
#8220 = CARTESIAN_POINT ( 'NONE',  ( 3.000000000000004441, 22.85000000000002274, 2.750000000064023009 ) ) ;
#8221 = VERTEX_POINT ( 'NONE', #4039 ) ;
#8222 = DIRECTION ( 'NONE',  ( -0.000000000000000000, 1.000000000000000000, -0.000000000000000000 ) ) ;
#8223 = DIRECTION ( 'NONE',  ( -0.7071067811865425767, -0.7071067811865524577, 0.000000000000000000 ) ) ;
#8224 = ADVANCED_FACE ( 'NONE', ( #11622 ), #3392, .F. ) ;
#8225 = ORIENTED_EDGE ( 'NONE', *, *, #5286, .T. ) ;
#8226 = CIRCLE ( 'NONE', #10851, 2.000000000000029310 ) ;
#8227 = ORIENTED_EDGE ( 'NONE', *, *, #6978, .F. ) ;
#8228 = ORIENTED_EDGE ( 'NONE', *, *, #44, .F. ) ;
#8229 = CARTESIAN_POINT ( 'NONE',  ( -0.5000000000000236478, 35.50000000000179057, 11.50000000006348877 ) ) ;
#8230 = VECTOR ( 'NONE', #10384, 1000.000000000000000 ) ;
#8231 = ORIENTED_EDGE ( 'NONE', *, *, #7102, .T. ) ;
#8232 = CARTESIAN_POINT ( 'NONE',  ( 60.00000000000015632, 2.499999999999984013, 10.00000000000003020 ) ) ;
#8233 = EDGE_CURVE ( 'NONE', #1997, #3949, #11790, .T. ) ;
#8234 = ORIENTED_EDGE ( 'NONE', *, *, #7441, .F. ) ;
#8235 = AXIS2_PLACEMENT_3D ( 'NONE', #6039, #4987, #5950 ) ;
#8236 = LINE ( 'NONE', #8206, #12351 ) ;
#8237 = LINE ( 'NONE', #9358, #226 ) ;
#8238 = VECTOR ( 'NONE', #9038, 1000.000000000000114 ) ;
#8239 = AXIS2_PLACEMENT_3D ( 'NONE', #11097, #2551, #7453 ) ;
#8240 = LINE ( 'NONE', #6226, #4291 ) ;
#8241 = EDGE_LOOP ( 'NONE', ( #2156, #4642, #11195, #3899, #1684 ) ) ;
#8242 = LINE ( 'NONE', #7131, #76 ) ;
#8243 = ORIENTED_EDGE ( 'NONE', *, *, #3442, .F. ) ;
#8244 = VERTEX_POINT ( 'NONE', #7973 ) ;
#8245 = VERTEX_POINT ( 'NONE', #8064 ) ;
#8246 = VERTEX_POINT ( 'NONE', #11888 ) ;
#8247 = CARTESIAN_POINT ( 'NONE',  ( 79.00000000000017053, -3.073292464447703219E-32, 58.59999999999997300 ) ) ;
#8248 = VECTOR ( 'NONE', #1041, 1000.000000000000000 ) ;
#8249 = EDGE_CURVE ( 'NONE', #2872, #10510, #3560, .T. ) ;
#8250 = ORIENTED_EDGE ( 'NONE', *, *, #9444, .T. ) ;
#8251 = DIRECTION ( 'NONE',  ( -7.138779736530080685E-17, -5.850548791901321936E-50, -1.000000000000000000 ) ) ;
#8252 = FACE_BOUND ( 'NONE', #4811, .T. ) ;
#8253 = DIRECTION ( 'NONE',  ( -0.7071067811865556774, -0.7071067811865393571, 0.000000000000000000 ) ) ;
#8254 = DIRECTION ( 'NONE',  ( -0.5773502691896187367, -0.5773502691896237327, 0.5773502691896348349 ) ) ;
#8255 = VERTEX_POINT ( 'NONE', #5947 ) ;
#8256 = CARTESIAN_POINT ( 'NONE',  ( 3.000000000000005329, 33.50000000000178346, 65.87397274142526271 ) ) ;
#8257 = VECTOR ( 'NONE', #1593, 1000.000000000000000 ) ;
#8258 = VECTOR ( 'NONE', #4456, 1000.000000000000000 ) ;
#8259 = DIRECTION ( 'NONE',  ( 1.000000000000000000, -1.245442495573092286E-16, 0.000000000000000000 ) ) ;
#8260 = ORIENTED_EDGE ( 'NONE', *, *, #11481, .F. ) ;
#8261 = DIRECTION ( 'NONE',  ( 0.000000000000000000, 1.000000000000000000, 0.000000000000000000 ) ) ;
#8262 = AXIS2_PLACEMENT_3D ( 'NONE', #6458, #7367, #7448 ) ;
#8263 = CONICAL_SURFACE ( 'NONE', #7644, 2.000000000000029310, 0.7853981633974396193 ) ;
#8264 = CARTESIAN_POINT ( 'NONE',  ( 17.50000000000022027, 0.4999999999999813483, 10.00000000000003020 ) ) ;
#8265 = CARTESIAN_POINT ( 'NONE',  ( 66.50000000000017053, 10.00000000000000000, 58.59999999999996589 ) ) ;
#8266 = ORIENTED_EDGE ( 'NONE', *, *, #11534, .T. ) ;
#8267 = DIRECTION ( 'NONE',  ( -1.147978770867005115E-16, 1.000000000000000000, 0.000000000000000000 ) ) ;
#8268 = EDGE_CURVE ( 'NONE', #117, #8246, #3617, .T. ) ;
#8269 = CIRCLE ( 'NONE', #11422, 2.000000000000029310 ) ;
#8270 = ORIENTED_EDGE ( 'NONE', *, *, #1864, .F. ) ;
#8271 = ADVANCED_FACE ( 'NONE', ( #3880 ), #3983, .F. ) ;
#8272 = VERTEX_POINT ( 'NONE', #1996 ) ;
#8273 = EDGE_CURVE ( 'NONE', #1868, #2573, #11940, .T. ) ;
#8274 = VECTOR ( 'NONE', #11606, 1000.000000000000000 ) ;
#8275 = CIRCLE ( 'NONE', #2497, 1.700000000000000178 ) ;
#8276 = CONICAL_SURFACE ( 'NONE', #4653, 2.000000000000022649, 0.7853981633974396193 ) ;
#8277 = CARTESIAN_POINT ( 'NONE',  ( 114.5000000000000284, -1.639089314372085827E-33, 69.09999999999998010 ) ) ;
#8278 = DIRECTION ( 'NONE',  ( -0.000000000000000000, 0.000000000000000000, 1.000000000000000000 ) ) ;
#8279 = EDGE_CURVE ( 'NONE', #904, #3683, #7970, .T. ) ;
#8280 = CARTESIAN_POINT ( 'NONE',  ( 5.000000000000000888, 50.49999999999998579, -122.9712352769500541 ) ) ;
#8281 = VECTOR ( 'NONE', #8047, 1000.000000000000000 ) ;
#8282 = AXIS2_PLACEMENT_3D ( 'NONE', #7107, #8899, #7282 ) ;
#8283 = VERTEX_POINT ( 'NONE', #4401 ) ;
#8284 = CARTESIAN_POINT ( 'NONE',  ( 99.00000000000021316, 10.00000000000000000, 58.59999999999996589 ) ) ;
#8285 = CARTESIAN_POINT ( 'NONE',  ( 113.5000000000000000, 6.000000000000007105, -10.00000000000000000 ) ) ;
#8286 = ORIENTED_EDGE ( 'NONE', *, *, #4930, .T. ) ;
#8287 = ORIENTED_EDGE ( 'NONE', *, *, #6509, .T. ) ;
#8288 = FACE_BOUND ( 'NONE', #10677, .T. ) ;
#8289 = DIRECTION ( 'NONE',  ( -1.000000000000000000, 1.156482317317871133E-15, 0.000000000000000000 ) ) ;
#8290 = EDGE_LOOP ( 'NONE', ( #6148, #6929, #432, #9543 ) ) ;
#8291 = AXIS2_PLACEMENT_3D ( 'NONE', #6140, #11736, #8989 ) ;
#8292 = VECTOR ( 'NONE', #4879, 1000.000000000000000 ) ;
#8293 = LINE ( 'NONE', #11550, #178 ) ;
#8294 = CIRCLE ( 'NONE', #10912, 1.500000000000015099 ) ;
#8295 = ADVANCED_FACE ( 'NONE', ( #12345, #3835, #8192 ), #9063, .T. ) ;
#8296 = CARTESIAN_POINT ( 'NONE',  ( 0.5000000000000013323, 48.99999999999997868, 44.59999999999998721 ) ) ;
#8297 = ORIENTED_EDGE ( 'NONE', *, *, #9157, .F. ) ;
#8298 = EDGE_CURVE ( 'NONE', #9190, #5225, #7993, .T. ) ;
#8299 = LINE ( 'NONE', #6938, #24 ) ;
#8300 = CARTESIAN_POINT ( 'NONE',  ( 87.50000000000021316, 2.499999999999976907, 10.00000000000003020 ) ) ;
#8301 = CARTESIAN_POINT ( 'NONE',  ( 4.173217460848692717, 9.173217460850571214, 34.06428994786099906 ) ) ;
#8302 = VECTOR ( 'NONE', #5631, 1000.000000000000114 ) ;
#8303 = AXIS2_PLACEMENT_3D ( 'NONE', #7050, #2120, #403 ) ;
#8304 = ORIENTED_EDGE ( 'NONE', *, *, #2396, .F. ) ;
#8305 = DIRECTION ( 'NONE',  ( -0.000000000000000000, 1.000000000000000000, -0.000000000000000000 ) ) ;
#8306 = DIRECTION ( 'NONE',  ( 0.000000000000000000, 0.000000000000000000, -1.000000000000000000 ) ) ;
#8307 = CARTESIAN_POINT ( 'NONE',  ( 7.000000000000006217, 6.000000000000012434, 69.59999999999999432 ) ) ;
#8308 = EDGE_CURVE ( 'NONE', #5541, #5245, #12124, .T. ) ;
#8309 = EDGE_LOOP ( 'NONE', ( #2560, #7863, #11194, #11608, #4005 ) ) ;
#8310 = DIRECTION ( 'NONE',  ( 0.000000000000000000, 0.000000000000000000, -1.000000000000000000 ) ) ;
#8311 = VECTOR ( 'NONE', #8533, 1000.000000000000114 ) ;
#8312 = CARTESIAN_POINT ( 'NONE',  ( 89.00000000000021316, 10.00000000000000000, 58.59999999999996589 ) ) ;
#8313 = EDGE_LOOP ( 'NONE', ( #648, #2708, #1090, #5067 ) ) ;
#8314 = AXIS2_PLACEMENT_3D ( 'NONE', #3219, #10083, #4176 ) ;
#8315 = ORIENTED_EDGE ( 'NONE', *, *, #6869, .F. ) ;
#8316 = CARTESIAN_POINT ( 'NONE',  ( 57.00000000000014211, -4.876290710257031600E-32, 58.59999999999996589 ) ) ;
#8317 = ADVANCED_FACE ( 'NONE', ( #7884 ), #460, .F. ) ;
#8318 = ORIENTED_EDGE ( 'NONE', *, *, #237, .T. ) ;
#8319 = ORIENTED_EDGE ( 'NONE', *, *, #11565, .F. ) ;
#8320 = ORIENTED_EDGE ( 'NONE', *, *, #4512, .T. ) ;
#8321 = EDGE_CURVE ( 'NONE', #5794, #181, #3862, .T. ) ;
#8322 = FACE_OUTER_BOUND ( 'NONE', #8448, .T. ) ;
#8323 = FACE_OUTER_BOUND ( 'NONE', #6225, .T. ) ;
#8324 = ORIENTED_EDGE ( 'NONE', *, *, #4603, .T. ) ;
#8325 = CARTESIAN_POINT ( 'NONE',  ( 108.5000000000000426, 13.00000000000000000, 69.09999999999998010 ) ) ;
#8326 = EDGE_CURVE ( 'NONE', #790, #11142, #12325, .T. ) ;
#8327 = ORIENTED_EDGE ( 'NONE', *, *, #10450, .T. ) ;
#8328 = DIRECTION ( 'NONE',  ( 2.855511894612032274E-16, 0.000000000000000000, 1.000000000000000000 ) ) ;
#8329 = LINE ( 'NONE', #317, #12387 ) ;
#8330 = DIRECTION ( 'NONE',  ( 0.000000000000000000, 0.000000000000000000, -1.000000000000000000 ) ) ;
#8331 = LINE ( 'NONE', #1458, #12390 ) ;
#8332 = EDGE_CURVE ( 'NONE', #4612, #8022, #12146, .T. ) ;
#8333 = LINE ( 'NONE', #2788, #56 ) ;
#8334 = CARTESIAN_POINT ( 'NONE',  ( 1.000000000000005995, 16.65000000000003411, 9.500000000063492323 ) ) ;
#8335 = AXIS2_PLACEMENT_3D ( 'NONE', #6111, #1282, #1206 ) ;
#8336 = LINE ( 'NONE', #10311, #8185 ) ;
#8337 = CARTESIAN_POINT ( 'NONE',  ( 6.000000000000012434, 4.500000000000000000, -10.00000000000000000 ) ) ;
#8338 = ORIENTED_EDGE ( 'NONE', *, *, #8544, .T. ) ;
#8339 = ORIENTED_EDGE ( 'NONE', *, *, #5684, .F. ) ;
#8340 = PLANE ( 'NONE',  #2753 ) ;
#8341 = VERTEX_POINT ( 'NONE', #4856 ) ;
#8342 = ORIENTED_EDGE ( 'NONE', *, *, #6278, .T. ) ;
#8343 = FACE_BOUND ( 'NONE', #7029, .T. ) ;
#8344 = CARTESIAN_POINT ( 'NONE',  ( 95.50000000000021316, 10.00000000000000000, 10.00000000000003020 ) ) ;
#8345 = ORIENTED_EDGE ( 'NONE', *, *, #723, .T. ) ;
#8346 = EDGE_CURVE ( 'NONE', #10321, #117, #4089, .T. ) ;
#8347 = LINE ( 'NONE', #8811, #571 ) ;
#8348 = CARTESIAN_POINT ( 'NONE',  ( 11.00372673110691757, 54.57472049516698576, -9.574720495166975098 ) ) ;
#8349 = VECTOR ( 'NONE', #632, 1000.000000000000000 ) ;
#8350 = EDGE_CURVE ( 'NONE', #8947, #2918, #12192, .T. ) ;
#8351 = AXIS2_PLACEMENT_3D ( 'NONE', #2862, #1321, #4353 ) ;
#8352 = DIRECTION ( 'NONE',  ( 0.000000000000000000, 0.000000000000000000, 1.000000000000000000 ) ) ;
#8353 = CIRCLE ( 'NONE', #12072, 2.000000000000029310 ) ;
#8354 = SECURITY_CLASSIFICATION ( '', '', #4193 ) ;
#8355 = CYLINDRICAL_SURFACE ( 'NONE', #10388, 1.700000000000000178 ) ;
#8356 = CARTESIAN_POINT ( 'NONE',  ( 95.50000000000019895, 10.00000000000000000, 58.59999999999996589 ) ) ;
#8357 = CONICAL_SURFACE ( 'NONE', #10640, 1.700000000000000178, 0.7853981633974581600 ) ;
#8358 = VERTEX_POINT ( 'NONE', #7180 ) ;
#8359 = ADVANCED_FACE ( 'NONE', ( #8061 ), #3766, .F. ) ;
#8360 = ORIENTED_EDGE ( 'NONE', *, *, #3790, .F. ) ;
#8361 = LINE ( 'NONE', #8852, #4190 ) ;
#8362 = LINE ( 'NONE', #11781, #4076 ) ;
#8363 = DIRECTION ( 'NONE',  ( 9.038361193080884421E-17, -0.7071067811865425767, -0.7071067811865525687 ) ) ;
#8364 = VECTOR ( 'NONE', #3287, 1000.000000000000000 ) ;
#8365 = LINE ( 'NONE', #2290, #4263 ) ;
#8366 = PLANE ( 'NONE',  #4562 ) ;
#8367 = DIRECTION ( 'NONE',  ( 0.7071067811865439090, -0.7071067811865512365, 0.000000000000000000 ) ) ;
#8368 = CARTESIAN_POINT ( 'NONE',  ( 1.000000000000004441, 22.85000000000002629, 44.75000000006293988 ) ) ;
#8369 = EDGE_CURVE ( 'NONE', #9185, #4747, #3942, .T. ) ;
#8370 = CARTESIAN_POINT ( 'NONE',  ( 43.50000000000014921, 2.499999999999984013, 58.59999999999996589 ) ) ;
#8371 = DIRECTION ( 'NONE',  ( -0.2810846377148124020, -0.6785983445458515506, 0.6785983445458456664 ) ) ;
#8372 = EDGE_CURVE ( 'NONE', #3163, #10236, #12028, .T. ) ;
#8373 = CARTESIAN_POINT ( 'NONE',  ( 5.000000000000000888, 50.49999999999998579, 64.59999999999993747 ) ) ;
#8374 = CARTESIAN_POINT ( 'NONE',  ( 5.500000000000000000, 4.999999999999999112, 0.000000000000000000 ) ) ;
#8375 = ORIENTED_EDGE ( 'NONE', *, *, #9961, .T. ) ;
#8376 = ORIENTED_EDGE ( 'NONE', *, *, #354, .T. ) ;
#8377 = CARTESIAN_POINT ( 'NONE',  ( 96.00000000000021316, -1.680066547231400656E-32, 58.59999999999996589 ) ) ;
#8378 = VECTOR ( 'NONE', #10176, 1000.000000000000114 ) ;
#8379 = CIRCLE ( 'NONE', #9742, 2.000000000000022649 ) ;
#8380 = AXIS2_PLACEMENT_3D ( 'NONE', #7636, #2892, #6409 ) ;
#8381 = CARTESIAN_POINT ( 'NONE',  ( 63.50000000000017053, -4.343586683086092288E-32, 58.59999999999996589 ) ) ;
#8382 = ORIENTED_EDGE ( 'NONE', *, *, #9699, .T. ) ;
#8383 = ORIENTED_EDGE ( 'NONE', *, *, #10903, .T. ) ;
#8384 = VECTOR ( 'NONE', #964, 1000.000000000000000 ) ;
#8385 = CARTESIAN_POINT ( 'NONE',  ( 43.50000000000017764, 0.5000000000000125455, 10.00000000000003020 ) ) ;
#8386 = LINE ( 'NONE', #11741, #261 ) ;
#8387 = DIRECTION ( 'NONE',  ( -1.000000000000000000, -1.147978770867005115E-16, -0.000000000000000000 ) ) ;
#8388 = CARTESIAN_POINT ( 'NONE',  ( 55.00000000000015632, 3.000000000000000000, 58.59999999999996589 ) ) ;
#8389 = ADVANCED_FACE ( 'NONE', ( #12228 ), #7931, .F. ) ;
#8390 = DIRECTION ( 'NONE',  ( 0.6785983445458467767, 0.6785983445458467767, -0.2810846377148210617 ) ) ;
#8391 = EDGE_LOOP ( 'NONE', ( #8065, #768, #6513 ) ) ;
#8392 = FACE_OUTER_BOUND ( 'NONE', #1226, .T. ) ;
#8393 = EDGE_LOOP ( 'NONE', ( #12274, #3368, #4922, #11475 ) ) ;
#8394 = DIRECTION ( 'NONE',  ( 0.000000000000000000, 0.000000000000000000, -1.000000000000000000 ) ) ;
#8395 = ORIENTED_EDGE ( 'NONE', *, *, #10342, .T. ) ;
#8396 = ORIENTED_EDGE ( 'NONE', *, *, #1769, .T. ) ;
#8398 = ORIENTED_EDGE ( 'NONE', *, *, #10328, .T. ) ;
#8397 = LINE ( 'NONE', #10589, #4022 ) ;
#8399 = CONICAL_SURFACE ( 'NONE', #4569, 1.500000000000015099, 0.7853981633974430610 ) ;
#8400 = ORIENTED_EDGE ( 'NONE', *, *, #8855, .F. ) ;
#8401 = DIRECTION ( 'NONE',  ( 1.000000000000000000, 0.000000000000000000, 0.000000000000000000 ) ) ;
#8403 = ORIENTED_EDGE ( 'NONE', *, *, #6166, .T. ) ;
#8402 = FACE_BOUND ( 'NONE', #6321, .T. ) ;
#8404 = CARTESIAN_POINT ( 'NONE',  ( 106.0000000000000284, 4.999999999999999112, -9.499999999999996447 ) ) ;
#8405 = AXIS2_PLACEMENT_3D ( 'NONE', #3184, #6572, #10370 ) ;
#8406 = DIRECTION ( 'NONE',  ( 7.138779736530080685E-17, 0.000000000000000000, -1.000000000000000000 ) ) ;
#8407 = CARTESIAN_POINT ( 'NONE',  ( 22.50000000000011369, 10.00000000000000000, 58.59999999999996589 ) ) ;
#8408 = ORIENTED_EDGE ( 'NONE', *, *, #11800, .F. ) ;
#8409 = CARTESIAN_POINT ( 'NONE',  ( 22.50000000000011369, 2.499999999999976907, 58.59999999999996589 ) ) ;
#8410 = ADVANCED_FACE ( 'NONE', ( #8141 ), #12304, .F. ) ;
#8411 = LINE ( 'NONE', #4927, #8195 ) ;
#8412 = DIRECTION ( 'NONE',  ( 1.427755947306016137E-16, 1.170109758380264387E-49, 1.000000000000000000 ) ) ;
#8413 = ORIENTED_EDGE ( 'NONE', *, *, #6040, .F. ) ;
#8414 = VERTEX_POINT ( 'NONE', #4946 ) ;
#8415 = EDGE_CURVE ( 'NONE', #6890, #4674, #12283, .T. ) ;
#8416 = CARTESIAN_POINT ( 'NONE',  ( 7.000000000000006217, 6.000000000000012434, 2.000000000000001776 ) ) ;
#8417 = CARTESIAN_POINT ( 'NONE',  ( 4.499999999999999112, 35.50000000000179057, 36.00000000006347989 ) ) ;
#8418 = ORIENTED_EDGE ( 'NONE', *, *, #5231, .T. ) ;
#8419 = ADVANCED_FACE ( 'NONE', ( #12065 ), #5837, .F. ) ;
#8420 = CARTESIAN_POINT ( 'NONE',  ( 116.5000000000000000, 6.000000000000000888, -9.499999999999996447 ) ) ;
#8421 = DIRECTION ( 'NONE',  ( 0.000000000000000000, -1.000000000000000000, 0.000000000000000000 ) ) ;
#8422 = CARTESIAN_POINT ( 'NONE',  ( -0.5000000000000213163, 4.500000000001787015, 11.50000000006349232 ) ) ;
#8423 = EDGE_CURVE ( 'NONE', #208, #912, #4068, .T. ) ;
#8424 = EDGE_LOOP ( 'NONE', ( #3186, #3098, #1432, #5394 ) ) ;
#8425 = VERTEX_POINT ( 'NONE', #3844 ) ;
#8426 = CARTESIAN_POINT ( 'NONE',  ( 16.00000000000012079, 3.000000000000000000, 58.59999999999996589 ) ) ;
#8427 = DIRECTION ( 'NONE',  ( 0.000000000000000000, 0.000000000000000000, 1.000000000000000000 ) ) ;
#8428 = EDGE_CURVE ( 'NONE', #7208, #11348, #7841, .T. ) ;
#8429 = LINE ( 'NONE', #8634, #8446 ) ;
#8430 = ORIENTED_EDGE ( 'NONE', *, *, #11437, .F. ) ;
#8431 = VERTEX_POINT ( 'NONE', #2806 ) ;
#8432 = DIRECTION ( 'NONE',  ( 0.000000000000000000, 0.000000000000000000, -1.000000000000000000 ) ) ;
#8433 = CARTESIAN_POINT ( 'NONE',  ( 106.0000000000000142, 13.00000000000000000, 0.000000000000000000 ) ) ;
#8434 = ORIENTED_EDGE ( 'NONE', *, *, #5155, .F. ) ;
#8435 = LINE ( 'NONE', #1668, #150 ) ;
#8436 = FACE_OUTER_BOUND ( 'NONE', #1448, .T. ) ;
#8437 = DIRECTION ( 'NONE',  ( 0.000000000000000000, -1.000000000000000000, 0.000000000000000000 ) ) ;
#8438 = AXIS2_PLACEMENT_3D ( 'NONE', #9171, #4503, #11118 ) ;
#8439 = DIRECTION ( 'NONE',  ( 0.000000000000000000, -1.000000000000000000, 0.000000000000000000 ) ) ;
#8440 = CARTESIAN_POINT ( 'NONE',  ( 115.9999999999999858, 2.000000000000001776, -10.00000000000000000 ) ) ;
#8441 = DIRECTION ( 'NONE',  ( 0.000000000000000000, -1.000000000000000000, 0.000000000000000000 ) ) ;
#8442 = CARTESIAN_POINT ( 'NONE',  ( -0.9999999999999931166, -9.629649721936179265E-32, -9.499999999999996447 ) ) ;
#8443 = AXIS2_PLACEMENT_3D ( 'NONE', #11426, #12385, #7055 ) ;
#8444 = VECTOR ( 'NONE', #4149, 1000.000000000000000 ) ;
#8445 = EDGE_CURVE ( 'NONE', #2659, #11842, #11960, .T. ) ;
#8446 = VECTOR ( 'NONE', #3119, 1000.000000000000000 ) ;
#8447 = VERTEX_POINT ( 'NONE', #1887 ) ;
#8448 = EDGE_LOOP ( 'NONE', ( #6876, #7436, #10987, #11220 ) ) ;
#8449 = ORIENTED_EDGE ( 'NONE', *, *, #788, .T. ) ;
#8451 = EDGE_LOOP ( 'NONE', ( #8250, #1217, #3092, #5375, #10501 ) ) ;
#8450 = FACE_BOUND ( 'NONE', #8451, .T. ) ;
#8452 = EDGE_CURVE ( 'NONE', #10184, #6013, #3703, .T. ) ;
#8453 = FACE_OUTER_BOUND ( 'NONE', #7414, .T. ) ;
#8454 = EDGE_CURVE ( 'NONE', #7026, #7641, #3724, .T. ) ;
#8455 = ORIENTED_EDGE ( 'NONE', *, *, #10077, .F. ) ;
#8456 = DIRECTION ( 'NONE',  ( -0.7071067811865422437, 0.000000000000000000, 0.7071067811865529018 ) ) ;
#8457 = FACE_OUTER_BOUND ( 'NONE', #626, .T. ) ;
#8458 = ORIENTED_EDGE ( 'NONE', *, *, #12040, .T. ) ;
#8459 = LINE ( 'NONE', #4004, #4383 ) ;
#8460 = ORIENTED_EDGE ( 'NONE', *, *, #4429, .T. ) ;
#8461 = EDGE_CURVE ( 'NONE', #10205, #1991, #7900, .T. ) ;
#8462 = DIRECTION ( 'NONE',  ( -0.5773502691896281735, -0.5773502691896204020, 0.5773502691896288397 ) ) ;
#8463 = DIRECTION ( 'NONE',  ( 1.427755947306016137E-16, 0.000000000000000000, 1.000000000000000000 ) ) ;
#8464 = ORIENTED_EDGE ( 'NONE', *, *, #4833, .F. ) ;
#8465 = DIRECTION ( 'NONE',  ( 2.855511894612032274E-16, 2.340219516760528775E-49, 1.000000000000000000 ) ) ;
#8466 = VERTEX_POINT ( 'NONE', #11442 ) ;
#8467 = LINE ( 'NONE', #3042, #43 ) ;
#8468 = DIRECTION ( 'NONE',  ( -0.7071067811865463515, -0.7071067811865487940, 0.000000000000000000 ) ) ;
#8469 = AXIS2_PLACEMENT_3D ( 'NONE', #2971, #8860, #4172 ) ;
#8470 = VERTEX_POINT ( 'NONE', #5516 ) ;
#8471 = ORIENTED_EDGE ( 'NONE', *, *, #5180, .F. ) ;
#8472 = ADVANCED_FACE ( 'NONE', ( #1272 ), #960, .F. ) ;
#8473 = DIRECTION ( 'NONE',  ( 0.000000000000000000, 0.000000000000000000, -1.000000000000000000 ) ) ;
#8474 = ORIENTED_EDGE ( 'NONE', *, *, #3371, .T. ) ;
#8475 = LINE ( 'NONE', #169, #4377 ) ;
#8476 = CIRCLE ( 'NONE', #10001, 2.000000000000071054 ) ;
#8477 = ORIENTED_EDGE ( 'NONE', *, *, #6161, .F. ) ;
#8478 = LINE ( 'NONE', #5054, #209 ) ;
#8479 = ORIENTED_EDGE ( 'NONE', *, *, #7833, .F. ) ;
#8480 = ORIENTED_EDGE ( 'NONE', *, *, #4672, .F. ) ;
#8481 = EDGE_CURVE ( 'NONE', #238, #1178, #1519, .T. ) ;
#8482 = CARTESIAN_POINT ( 'NONE',  ( 27.50000000000013500, 2.499999999999970246, 10.00000000000003020 ) ) ;
#8484 = ORIENTED_EDGE ( 'NONE', *, *, #1794, .T. ) ;
#8483 = FACE_OUTER_BOUND ( 'NONE', #2101, .T. ) ;
#8485 = EDGE_CURVE ( 'NONE', #4647, #6872, #5729, .T. ) ;
#8486 = AXIS2_PLACEMENT_3D ( 'NONE', #5061, #8965, #7015 ) ;
#8487 = DIRECTION ( 'NONE',  ( 0.000000000000000000, 0.000000000000000000, -1.000000000000000000 ) ) ;
#8488 = DIRECTION ( 'NONE',  ( 0.000000000000000000, 0.000000000000000000, -1.000000000000000000 ) ) ;
#8489 = DIRECTION ( 'NONE',  ( -0.7071067811865480168, -2.266763600804426926E-16, -0.7071067811865470176 ) ) ;
#8490 = DIRECTION ( 'NONE',  ( 8.195446571860579663E-34, -1.000000000000000000, -0.000000000000000000 ) ) ;
#8491 = VERTEX_POINT ( 'NONE', #10539 ) ;
#8492 = ADVANCED_FACE ( 'NONE', ( #9842 ), #11774, .T. ) ;
#8493 = CARTESIAN_POINT ( 'NONE',  ( 105.5000000000000284, 9.999999999999998224, -9.499999999999996447 ) ) ;
#8494 = CARTESIAN_POINT ( 'NONE',  ( 1.000000000000005995, 20.00000000000172662, 41.75000000006208012 ) ) ;
#8495 = DIRECTION ( 'NONE',  ( 0.7071067811865439090, -0.7071067811865512365, 0.000000000000000000 ) ) ;
#8496 = CARTESIAN_POINT ( 'NONE',  ( 5.000000000000002665, 33.70710678118832959, 9.000000000063490546 ) ) ;
#8497 = CARTESIAN_POINT ( 'NONE',  ( 3.000000000000005329, 17.15000000000001990, 9.500000000063486993 ) ) ;
#8498 = DIRECTION ( 'NONE',  ( 0.000000000000000000, 0.000000000000000000, -1.000000000000000000 ) ) ;
#8499 = ORIENTED_EDGE ( 'NONE', *, *, #1125, .T. ) ;
#8500 = ORIENTED_EDGE ( 'NONE', *, *, #2647, .T. ) ;
#8501 = ORIENTED_EDGE ( 'NONE', *, *, #4721, .T. ) ;
#8502 = EDGE_CURVE ( 'NONE', #4949, #12224, #5655, .T. ) ;
#8503 = CARTESIAN_POINT ( 'NONE',  ( 5.000000000000000888, 50.50000000000006395, 38.50000000006347989 ) ) ;
#8504 = CIRCLE ( 'NONE', #5588, 1.500000000000022204 ) ;
#8505 = FACE_BOUND ( 'NONE', #8517, .T. ) ;
#8506 = CARTESIAN_POINT ( 'NONE',  ( -0.9999999999999935607, 4.000000000001805667, 36.20710678125004733 ) ) ;
#8507 = EDGE_CURVE ( 'NONE', #256, #3146, #9545, .T. ) ;
#8508 = CARTESIAN_POINT ( 'NONE',  ( 27.50000000000011013, 2.499999999999970246, 58.59999999999996589 ) ) ;
#8509 = ORIENTED_EDGE ( 'NONE', *, *, #7612, .T. ) ;
#8510 = AXIS2_PLACEMENT_3D ( 'NONE', #3642, #4629, #8542 ) ;
#8511 = ADVANCED_FACE ( 'NONE', ( #5478 ), #9814, .T. ) ;
#8512 = CARTESIAN_POINT ( 'NONE',  ( 22.50000000000011369, 3.000000000000000000, 60.59999999999998721 ) ) ;
#8513 = CIRCLE ( 'NONE', #8611, 2.000000000000029310 ) ;
#8514 = CARTESIAN_POINT ( 'NONE',  ( 83.00000000000019895, 3.000000000000000000, 58.59999999999996589 ) ) ;
#8515 = DIRECTION ( 'NONE',  ( -0.000000000000000000, 1.000000000000000000, -0.000000000000000000 ) ) ;
#8516 = DIRECTION ( 'NONE',  ( -8.177564888978140356E-16, -0.7071067811865602293, -0.7071067811865348052 ) ) ;
#8517 = EDGE_LOOP ( 'NONE', ( #8395, #4237, #9963, #10782, #2242 ) ) ;
#8518 = DIRECTION ( 'NONE',  ( -0.7071067811865414665, -0.7071067811865536790, 0.000000000000000000 ) ) ;
#8519 = ADVANCED_FACE ( 'NONE', ( #9600 ), #9908, .F. ) ;
#8520 = DIRECTION ( 'NONE',  ( -0.7071067811865567876, -0.4999999999999933942, -0.4999999999999937272 ) ) ;
#8521 = ORIENTED_EDGE ( 'NONE', *, *, #8001, .T. ) ;
#8522 = CARTESIAN_POINT ( 'NONE',  ( 63.00000000000017053, 0.5000000000000125455, 58.59999999999996589 ) ) ;
#8523 = CARTESIAN_POINT ( 'NONE',  ( 13.49999999999999822, 54.50000000000000711, -10.00000000000000000 ) ) ;
#8524 = ORIENTED_EDGE ( 'NONE', *, *, #1719, .T. ) ;
#8525 = ORIENTED_EDGE ( 'NONE', *, *, #2387, .F. ) ;
#8526 = VECTOR ( 'NONE', #7901, 1000.000000000000000 ) ;
#8527 = EDGE_CURVE ( 'NONE', #8683, #3935, #1693, .T. ) ;
#8528 = AXIS2_PLACEMENT_3D ( 'NONE', #8373, #9292, #2860 ) ;
#8529 = AXIS2_PLACEMENT_3D ( 'NONE', #12198, #3614, #588 ) ;
#8530 = DIRECTION ( 'NONE',  ( 0.000000000000000000, -1.000000000000000000, 0.000000000000000000 ) ) ;
#8531 = CARTESIAN_POINT ( 'NONE',  ( 11.00000000000000533, 54.50000000000000711, -9.499999999999996447 ) ) ;
#8532 = DIRECTION ( 'NONE',  ( 0.5773502691896410521, 0.5773502691896100769, -0.5773502691896260641 ) ) ;
#8533 = DIRECTION ( 'NONE',  ( 0.7071067811865549002, 4.999702984597243736E-15, 0.7071067811865402453 ) ) ;
#8534 = EDGE_LOOP ( 'NONE', ( #11575, #7084, #10926, #11536 ) ) ;
#8535 = LINE ( 'NONE', #1530, #8555 ) ;
#8536 = CARTESIAN_POINT ( 'NONE',  ( 4.500000000000006217, 4.500000000001787015, 11.50000000006349232 ) ) ;
#8537 = LINE ( 'NONE', #1949, #4453 ) ;
#8538 = PLANE ( 'NONE',  #1821 ) ;
#8539 = EDGE_LOOP ( 'NONE', ( #3511, #8723, #7732, #10062 ) ) ;
#8540 = ORIENTED_EDGE ( 'NONE', *, *, #8150, .T. ) ;
#8541 = CARTESIAN_POINT ( 'NONE',  ( 50.00000000000015632, 0.5000000000000195399, 58.59999999999996589 ) ) ;
#8542 = DIRECTION ( 'NONE',  ( 0.000000000000000000, 0.000000000000000000, -1.000000000000000000 ) ) ;
#8543 = EDGE_LOOP ( 'NONE', ( #6438, #5986, #4006, #6663, #7309 ) ) ;
#8544 = EDGE_CURVE ( 'NONE', #2491, #4920, #5569, .T. ) ;
#8545 = DIRECTION ( 'NONE',  ( 8.195446571860579663E-34, -1.000000000000000000, -0.000000000000000000 ) ) ;
#8546 = VECTOR ( 'NONE', #8875, 1000.000000000000000 ) ;
#8547 = CARTESIAN_POINT ( 'NONE',  ( 81.00000000000018474, 3.000000000000000000, 60.59999999999998010 ) ) ;
#8548 = EDGE_CURVE ( 'NONE', #4051, #708, #5841, .T. ) ;
#8549 = DIRECTION ( 'NONE',  ( 0.000000000000000000, 0.000000000000000000, 1.000000000000000000 ) ) ;
#8550 = CYLINDRICAL_SURFACE ( 'NONE', #3718, 1.700000000000000178 ) ;
#8551 = DIRECTION ( 'NONE',  ( 0.000000000000000000, 0.000000000000000000, 1.000000000000000000 ) ) ;
#8552 = AXIS2_PLACEMENT_3D ( 'NONE', #1098, #5997, #8202 ) ;
#8553 = DIRECTION ( 'NONE',  ( -1.000000000000000000, -1.147978770867005115E-16, 0.000000000000000000 ) ) ;
#8554 = ORIENTED_EDGE ( 'NONE', *, *, #6893, .F. ) ;
#8556 = ORIENTED_EDGE ( 'NONE', *, *, #11427, .T. ) ;
#8555 = VECTOR ( 'NONE', #1618, 1000.000000000000114 ) ;
#8557 = EDGE_CURVE ( 'NONE', #3365, #7218, #5525, .T. ) ;
#8558 = LINE ( 'NONE', #8789, #4391 ) ;
#8559 = EDGE_LOOP ( 'NONE', ( #553, #11567, #10938, #4290 ) ) ;
#8560 = DIRECTION ( 'NONE',  ( 0.7071067811865549002, -0.7071067811865402453, -9.185433182841290727E-17 ) ) ;
#8561 = ADVANCED_FACE ( 'NONE', ( #1627 ), #11685, .F. ) ;
#8562 = CARTESIAN_POINT ( 'NONE',  ( 0.5000000000000085487, 59.99999999999998579, -9.499999999999992895 ) ) ;
#8563 = CARTESIAN_POINT ( 'NONE',  ( 74.50000000000017053, 3.000000000000000000, 58.59999999999996589 ) ) ;
#8564 = CIRCLE ( 'NONE', #7961, 1.699999999999993072 ) ;
#8565 = ORIENTED_EDGE ( 'NONE', *, *, #4216, .T. ) ;
#8566 = VECTOR ( 'NONE', #543, 1000.000000000000000 ) ;
#8567 = FACE_OUTER_BOUND ( 'NONE', #9426, .T. ) ;
#8568 = VERTEX_POINT ( 'NONE', #3304 ) ;
#8569 = ORIENTED_EDGE ( 'NONE', *, *, #1056, .F. ) ;
#8570 = DIRECTION ( 'NONE',  ( -0.7071067811865376918, -0.000000000000000000, -0.7071067811865574537 ) ) ;
#8571 = CARTESIAN_POINT ( 'NONE',  ( -0.9999999999999988898, 50.99999999999997868, -9.499999999999996447 ) ) ;
#8572 = ORIENTED_EDGE ( 'NONE', *, *, #1988, .F. ) ;
#8573 = LINE ( 'NONE', #12316, #138 ) ;
#8574 = CARTESIAN_POINT ( 'NONE',  ( 40.50000000000012079, 0.5000000000000125455, 58.59999999999996589 ) ) ;
#8575 = EDGE_CURVE ( 'NONE', #7476, #2216, #9563, .T. ) ;
#8576 = CARTESIAN_POINT ( 'NONE',  ( 29.00000000000014211, -7.171015750377993700E-32, 8.000000000000042633 ) ) ;
#8577 = DIRECTION ( 'NONE',  ( 0.000000000000000000, 0.000000000000000000, -1.000000000000000000 ) ) ;
#8578 = DIRECTION ( 'NONE',  ( -0.7071067811865578978, 0.7071067811865371366, 0.000000000000000000 ) ) ;
#8579 = AXIS2_PLACEMENT_3D ( 'NONE', #4130, #1052, #3166 ) ;
#8580 = DIRECTION ( 'NONE',  ( -1.278217298088174232E-16, 1.000000000000000000, -5.139921410301651782E-16 ) ) ;
#8581 = VECTOR ( 'NONE', #9627, 1000.000000000000114 ) ;
#8582 = ORIENTED_EDGE ( 'NONE', *, *, #12018, .T. ) ;
#8583 = CARTESIAN_POINT ( 'NONE',  ( 22.50000000000011369, 3.000000000000000000, 58.59999999999996589 ) ) ;
#8584 = DIRECTION ( 'NONE',  ( 1.000000000000000000, -0.000000000000000000, 0.000000000000000000 ) ) ;
#8585 = LINE ( 'NONE', #12112, #4676 ) ;
#8586 = DIRECTION ( 'NONE',  ( -8.195446571860579663E-34, 1.000000000000000000, -0.000000000000000000 ) ) ;
#8587 = FACE_OUTER_BOUND ( 'NONE', #10964, .T. ) ;
#8588 = AXIS2_PLACEMENT_3D ( 'NONE', #11501, #10601, #64 ) ;
#8589 = VECTOR ( 'NONE', #180, 1000.000000000000000 ) ;
#8590 = ORIENTED_EDGE ( 'NONE', *, *, #8803, .T. ) ;
#8591 = ADVANCED_FACE ( 'NONE', ( #9955 ), #2676, .T. ) ;
#8592 = DIRECTION ( 'NONE',  ( 1.278217298088173986E-16, -1.000000000000000000, -0.000000000000000000 ) ) ;
#8593 = CARTESIAN_POINT ( 'NONE',  ( 0.3230553160677333002, 50.32908452986184500, 69.42305531606773172 ) ) ;
#8594 = EDGE_CURVE ( 'NONE', #6340, #758, #1466, .T. ) ;
#8595 = CARTESIAN_POINT ( 'NONE',  ( 0.5000000000000027756, 35.49999999999998579, 44.59999999999998721 ) ) ;
#8596 = LINE ( 'NONE', #5324, #4668 ) ;
#8597 = ORIENTED_EDGE ( 'NONE', *, *, #12018, .F. ) ;
#8598 = ORIENTED_EDGE ( 'NONE', *, *, #10663, .F. ) ;
#8599 = EDGE_CURVE ( 'NONE', #7008, #2474, #5768, .T. ) ;
#8600 = CARTESIAN_POINT ( 'NONE',  ( 115.9999999999999858, 4.500000000000013323, -10.00000000000000000 ) ) ;
#8601 = VERTEX_POINT ( 'NONE', #473 ) ;
#8602 = EDGE_CURVE ( 'NONE', #3306, #6169, #5620, .T. ) ;
#8603 = ADVANCED_FACE ( 'NONE', ( #5545 ), #12167, .F. ) ;
#8604 = LINE ( 'NONE', #9825, #4546 ) ;
#8605 = VECTOR ( 'NONE', #3259, 1000.000000000000000 ) ;
#8606 = LINE ( 'NONE', #6727, #4583 ) ;
#8607 = ORIENTED_EDGE ( 'NONE', *, *, #8983, .T. ) ;
#8608 = CIRCLE ( 'NONE', #1775, 1.699999999999993072 ) ;
#8609 = ORIENTED_EDGE ( 'NONE', *, *, #961, .F. ) ;
#8610 = CARTESIAN_POINT ( 'NONE',  ( 43.50000000000014921, 0.5000000000000125455, 58.59999999999996589 ) ) ;
#8611 = AXIS2_PLACEMENT_3D ( 'NONE', #4678, #1481, #7818 ) ;
#8612 = LINE ( 'NONE', #2877, #8629 ) ;
#8613 = VERTEX_POINT ( 'NONE', #11807 ) ;
#8614 = CARTESIAN_POINT ( 'NONE',  ( 94.00000000000019895, 10.00000000000000000, 58.59999999999996589 ) ) ;
#8615 = DIRECTION ( 'NONE',  ( 0.9950371902099890420, -0.09950371902099897081, -0.000000000000000000 ) ) ;
#8616 = ADVANCED_FACE ( 'NONE', ( #9647 ), #7030, .F. ) ;
#8617 = PLANE ( 'NONE',  #3444 ) ;
#8618 = PLANE ( 'NONE',  #10763 ) ;
#8619 = ORIENTED_EDGE ( 'NONE', *, *, #395, .T. ) ;
#8620 = ORIENTED_EDGE ( 'NONE', *, *, #9677, .F. ) ;
#8621 = LINE ( 'NONE', #10091, #4428 ) ;
#8622 = PLANE ( 'NONE',  #711 ) ;
#8623 = VECTOR ( 'NONE', #10772, 1000.000000000000114 ) ;
#8624 = ORIENTED_EDGE ( 'NONE', *, *, #9287, .T. ) ;
#8625 = ORIENTED_EDGE ( 'NONE', *, *, #5876, .F. ) ;
#8626 = LINE ( 'NONE', #8908, #4730 ) ;
#8627 = LINE ( 'NONE', #11610, #367 ) ;
#8628 = ORIENTED_EDGE ( 'NONE', *, *, #9991, .F. ) ;
#8629 = VECTOR ( 'NONE', #4948, 1000.000000000000000 ) ;
#8630 = EDGE_CURVE ( 'NONE', #5800, #3457, #5675, .T. ) ;
#8631 = CARTESIAN_POINT ( 'NONE',  ( 113.5000000000000000, 4.500000000000013323, -9.499999999999996447 ) ) ;
#8632 = AXIS2_PLACEMENT_3D ( 'NONE', #2923, #3890, #5802 ) ;
#8633 = FACE_OUTER_BOUND ( 'NONE', #10441, .T. ) ;
#8634 = CARTESIAN_POINT ( 'NONE',  ( 29.00000000000014211, 0.4999999999999848455, 8.500000000000021316 ) ) ;
#8635 = EDGE_LOOP ( 'NONE', ( #11687, #10519, #11119, #11656 ) ) ;
#8636 = VECTOR ( 'NONE', #9090, 1000.000000000000000 ) ;
#8637 = CARTESIAN_POINT ( 'NONE',  ( 91.83333333333351334, 19.16666666666649732, -11.16666666666669272 ) ) ;
#8638 = DIRECTION ( 'NONE',  ( 0.000000000000000000, 0.000000000000000000, 1.000000000000000000 ) ) ;
#8639 = CIRCLE ( 'NONE', #1538, 1.500000000000008216 ) ;
#8640 = CARTESIAN_POINT ( 'NONE',  ( 104.5000000000000142, 13.00000000000000000, 69.59999999999999432 ) ) ;
#8641 = PLANE ( 'NONE',  #7221 ) ;
#8642 = EDGE_LOOP ( 'NONE', ( #12170, #7553, #4281, #7477, #4666 ) ) ;
#8643 = LINE ( 'NONE', #714, #549 ) ;
#8644 = EDGE_CURVE ( 'NONE', #2065, #5232, #5457, .T. ) ;
#8645 = DIRECTION ( 'NONE',  ( -0.000000000000000000, 1.000000000000000000, -0.000000000000000000 ) ) ;
#8646 = VERTEX_POINT ( 'NONE', #8232 ) ;
#8647 = VECTOR ( 'NONE', #2353, 1000.000000000000000 ) ;
#8648 = CARTESIAN_POINT ( 'NONE',  ( 17.50000000000021672, 2.499999999999987566, 10.00000000000003020 ) ) ;
#8649 = CARTESIAN_POINT ( 'NONE',  ( 89.50000000000017053, 3.000000000000000000, -122.9712352769500825 ) ) ;
#8650 = EDGE_CURVE ( 'NONE', #2036, #1336, #1647, .T. ) ;
#8651 = AXIS2_PLACEMENT_3D ( 'NONE', #1019, #1957, #9636 ) ;
#8652 = LINE ( 'NONE', #4251, #4667 ) ;
#8653 = FACE_OUTER_BOUND ( 'NONE', #792, .T. ) ;
#8654 = DIRECTION ( 'NONE',  ( 0.7071067811865439090, 0.7071067811865512365, 0.000000000000000000 ) ) ;
#8655 = VECTOR ( 'NONE', #11301, 1000.000000000000000 ) ;
#8656 = AXIS2_PLACEMENT_3D ( 'NONE', #11012, #2359, #6218 ) ;
#8657 = ORIENTED_EDGE ( 'NONE', *, *, #6099, .F. ) ;
#8658 = ORIENTED_EDGE ( 'NONE', *, *, #294, .T. ) ;
#8659 = ADVANCED_FACE ( 'NONE', ( #9617 ), #5786, .T. ) ;
#8660 = CARTESIAN_POINT ( 'NONE',  ( 22.50000000000013500, -7.703719777548933559E-32, 10.00000000000003020 ) ) ;
#8661 = DIRECTION ( 'NONE',  ( 8.195446571860579663E-34, -1.000000000000000000, -0.000000000000000000 ) ) ;
#8662 = ORIENTED_EDGE ( 'NONE', *, *, #801, .T. ) ;
#8663 = DIRECTION ( 'NONE',  ( -8.069965350965116403E-17, 0.7071067811865470176, 0.7071067811865479058 ) ) ;
#8664 = LINE ( 'NONE', #637, #8701 ) ;
#8665 = CARTESIAN_POINT ( 'NONE',  ( 6.023731435727746053, 55.41372520606348218, -9.914033332673062304 ) ) ;
#8666 = DIRECTION ( 'NONE',  ( -8.195446571860579663E-34, 1.000000000000000000, 0.000000000000000000 ) ) ;
#8667 = CARTESIAN_POINT ( 'NONE',  ( 105.5000000000000284, 9.999999999999998224, -10.00000000000000000 ) ) ;
#8668 = ORIENTED_EDGE ( 'NONE', *, *, #9120, .T. ) ;
#8669 = ORIENTED_EDGE ( 'NONE', *, *, #11095, .F. ) ;
#8670 = CARTESIAN_POINT ( 'NONE',  ( 55.00000000000017053, -5.040199641694240833E-32, 10.00000000000003020 ) ) ;
#8671 = DIRECTION ( 'NONE',  ( -0.7071067811865414665, -0.7071067811865536790, 0.000000000000000000 ) ) ;
#8672 = DIRECTION ( 'NONE',  ( 2.855511894612032274E-16, 2.340219516760528775E-49, 1.000000000000000000 ) ) ;
#8673 = CARTESIAN_POINT ( 'NONE',  ( 110.5000000000000284, 13.00000000000000000, -9.499999999999996447 ) ) ;
#8674 = VECTOR ( 'NONE', #2653, 1000.000000000000000 ) ;
#8675 = ORIENTED_EDGE ( 'NONE', *, *, #8099, .T. ) ;
#8676 = EDGE_CURVE ( 'NONE', #1089, #12101, #5590, .T. ) ;
#8677 = EDGE_LOOP ( 'NONE', ( #3721, #1409, #7681, #8214, #4461 ) ) ;
#8678 = EDGE_CURVE ( 'NONE', #8037, #2415, #9586, .T. ) ;
#8679 = DIRECTION ( 'NONE',  ( 0.000000000000000000, -1.000000000000000000, 0.000000000000000000 ) ) ;
#8680 = ORIENTED_EDGE ( 'NONE', *, *, #9939, .T. ) ;
#8681 = EDGE_LOOP ( 'NONE', ( #3323, #6345, #3381, #7545 ) ) ;
#8682 = AXIS2_PLACEMENT_3D ( 'NONE', #4489, #5587, #7381 ) ;
#8683 = VERTEX_POINT ( 'NONE', #8146 ) ;
#8684 = FACE_OUTER_BOUND ( 'NONE', #4951, .T. ) ;
#8685 = VECTOR ( 'NONE', #10883, 1000.000000000000000 ) ;
#8686 = FACE_OUTER_BOUND ( 'NONE', #4325, .T. ) ;
#8687 = VERTEX_POINT ( 'NONE', #10039 ) ;
#8688 = EDGE_CURVE ( 'NONE', #2474, #6340, #1335, .T. ) ;
#8689 = ADVANCED_FACE ( 'NONE', ( #5503, #9671, #1489, #1540, #9817, #5695, #9791, #1567, #5714, #5888, #10049, #10089, #1768, #5930, #10068 ), #5247, .F. ) ;
#8690 = VERTEX_POINT ( 'NONE', #10116 ) ;
#8691 = DIRECTION ( 'NONE',  ( 1.278217298088174232E-16, -1.000000000000000000, 0.000000000000000000 ) ) ;
#8692 = CARTESIAN_POINT ( 'NONE',  ( 11.00000000000000533, 54.50000000000000711, -9.499999999999996447 ) ) ;
#8693 = DIRECTION ( 'NONE',  ( 0.000000000000000000, 0.000000000000000000, 1.000000000000000000 ) ) ;
#8694 = ORIENTED_EDGE ( 'NONE', *, *, #3829, .F. ) ;
#8695 = ORIENTED_EDGE ( 'NONE', *, *, #6630, .F. ) ;
#8696 = EDGE_CURVE ( 'NONE', #256, #11237, #10005, .T. ) ;
#8697 = FACE_OUTER_BOUND ( 'NONE', #9958, .T. ) ;
#8698 = VERTEX_POINT ( 'NONE', #10816 ) ;
#8699 = ORIENTED_EDGE ( 'NONE', *, *, #9287, .F. ) ;
#8700 = DIRECTION ( 'NONE',  ( 1.000000000000000000, 0.000000000000000000, 0.000000000000000000 ) ) ;
#8701 = VECTOR ( 'NONE', #7136, 1000.000000000000000 ) ;
#8702 = DIRECTION ( 'NONE',  ( 8.195446571860579663E-34, -1.000000000000000000, -0.000000000000000000 ) ) ;
#8703 = AXIS2_PLACEMENT_3D ( 'NONE', #6227, #4238, #8162 ) ;
#8704 = ORIENTED_EDGE ( 'NONE', *, *, #5018, .F. ) ;
#8705 = ORIENTED_EDGE ( 'NONE', *, *, #4293, .T. ) ;
#8706 = CARTESIAN_POINT ( 'NONE',  ( 53.00000000000012079, 3.000000000000000000, -122.9712352769500541 ) ) ;
#8707 = ADVANCED_FACE ( 'NONE', ( #1728 ), #5353, .F. ) ;
#8708 = CARTESIAN_POINT ( 'NONE',  ( 76.50000000000019895, -3.278178628744215854E-32, 58.59999999999996589 ) ) ;
#8709 = AXIS2_PLACEMENT_3D ( 'NONE', #4077, #2496, #11126 ) ;
#8710 = VECTOR ( 'NONE', #9972, 1000.000000000000000 ) ;
#8711 = CARTESIAN_POINT ( 'NONE',  ( 9.000000000000003553, 35.49999999999998579, 64.59999999999999432 ) ) ;
#8712 = VERTEX_POINT ( 'NONE', #7198 ) ;
#8713 = DIRECTION ( 'NONE',  ( 0.000000000000000000, 0.7071067811865536790, 0.7071067811865414665 ) ) ;
#8714 = VECTOR ( 'NONE', #6415, 1000.000000000000000 ) ;
#8715 = DIRECTION ( 'NONE',  ( -0.000000000000000000, 1.000000000000000000, -0.000000000000000000 ) ) ;
#8716 = CARTESIAN_POINT ( 'NONE',  ( 79.76429773960175851, -16.45212835995229383, 66.59999999999999432 ) ) ;
#8717 = DIRECTION ( 'NONE',  ( 0.4999999999999983347, 0.5000000000000017764, 0.7071067811865474617 ) ) ;
#8718 = EDGE_CURVE ( 'NONE', #11584, #7403, #6584, .T. ) ;
#8719 = CARTESIAN_POINT ( 'NONE',  ( 107.5000000000000284, 12.99999999999999822, 63.59999999999995879 ) ) ;
#8720 = ORIENTED_EDGE ( 'NONE', *, *, #4695, .T. ) ;
#8721 = VECTOR ( 'NONE', #11861, 1000.000000000000000 ) ;
#8722 = LINE ( 'NONE', #7492, #489 ) ;
#8723 = ORIENTED_EDGE ( 'NONE', *, *, #5781, .F. ) ;
#8724 = EDGE_CURVE ( 'NONE', #10794, #2030, #4788, .T. ) ;
#8725 = DIRECTION ( 'NONE',  ( -0.000000000000000000, 1.000000000000000000, -0.000000000000000000 ) ) ;
#8726 = AXIS2_PLACEMENT_3D ( 'NONE', #10625, #4955, #5926 ) ;
#8727 = CARTESIAN_POINT ( 'NONE',  ( 81.00000000000019895, -2.909383533010489060E-32, 8.000000000000000000 ) ) ;
#8728 = ORIENTED_EDGE ( 'NONE', *, *, #9930, .T. ) ;
#8729 = EDGE_CURVE ( 'NONE', #1877, #3940, #8825, .T. ) ;
#8730 = CARTESIAN_POINT ( 'NONE',  ( 114.5327264227120452, -0.07900857355931570347, -9.420991426440680883 ) ) ;
#8731 = DIRECTION ( 'NONE',  ( 1.000000000000000000, 8.195446571860579663E-34, 2.855511894612032274E-16 ) ) ;
#8732 = LINE ( 'NONE', #1315, #4481 ) ;
#8733 = AXIS2_PLACEMENT_3D ( 'NONE', #8200, #12098, #660 ) ;
#8734 = DIRECTION ( 'NONE',  ( -2.855511894612032274E-16, 0.000000000000000000, -1.000000000000000000 ) ) ;
#8735 = DIRECTION ( 'NONE',  ( 0.000000000000000000, 0.000000000000000000, -1.000000000000000000 ) ) ;
#8736 = EDGE_CURVE ( 'NONE', #10881, #10469, #375, .T. ) ;
#8737 = DIRECTION ( 'NONE',  ( 0.000000000000000000, -1.000000000000000000, 0.000000000000000000 ) ) ;
#8738 = EDGE_LOOP ( 'NONE', ( #8499, #8619, #10725, #10363 ) ) ;
#8739 = FACE_OUTER_BOUND ( 'NONE', #7069, .T. ) ;
#8740 = DIRECTION ( 'NONE',  ( -1.000000000000000000, 0.000000000000000000, 0.000000000000000000 ) ) ;
#8741 = CIRCLE ( 'NONE', #2655, 1.500000000000015099 ) ;
#8742 = PLANE ( 'NONE',  #8335 ) ;
#8743 = LINE ( 'NONE', #4607, #963 ) ;
#8744 = CARTESIAN_POINT ( 'NONE',  ( 27.50000000000011013, 2.499999999999970246, 58.59999999999996589 ) ) ;
#8745 = ORIENTED_EDGE ( 'NONE', *, *, #8858, .F. ) ;
#8746 = DIRECTION ( 'NONE',  ( -1.355252715606880851E-17, -1.000000000000000000, 0.000000000000000000 ) ) ;
#8747 = EDGE_CURVE ( 'NONE', #12038, #8979, #499, .T. ) ;
#8748 = CONICAL_SURFACE ( 'NONE', #8161, 1.699999999999993072, 0.7853981633974554954 ) ;
#8749 = VECTOR ( 'NONE', #7938, 1000.000000000000000 ) ;
#8750 = CARTESIAN_POINT ( 'NONE',  ( 105.5000000000000284, 9.999999999999998224, 0.000000000000000000 ) ) ;
#8751 = EDGE_CURVE ( 'NONE', #6628, #146, #738, .T. ) ;
#8752 = CARTESIAN_POINT ( 'NONE',  ( 1.999999999999896749, 52.49999999999998579, 19.24999999999999645 ) ) ;
#8753 = FACE_OUTER_BOUND ( 'NONE', #9045, .T. ) ;
#8754 = ORIENTED_EDGE ( 'NONE', *, *, #7334, .T. ) ;
#8755 = EDGE_LOOP ( 'NONE', ( #2673, #6611, #2596, #10395, #6785 ) ) ;
#8756 = DIRECTION ( 'NONE',  ( -0.000000000000000000, 0.000000000000000000, 1.000000000000000000 ) ) ;
#8757 = EDGE_CURVE ( 'NONE', #2945, #894, #5230, .T. ) ;
#8758 = CARTESIAN_POINT ( 'NONE',  ( 106.0000000000000142, 13.00000000000000000, 0.000000000000000000 ) ) ;
#8759 = LINE ( 'NONE', #11928, #461 ) ;
#8760 = AXIS2_PLACEMENT_3D ( 'NONE', #10999, #4886, #5234 ) ;
#8761 = ORIENTED_EDGE ( 'NONE', *, *, #3158, .F. ) ;
#8762 = ORIENTED_EDGE ( 'NONE', *, *, #9555, .T. ) ;
#8763 = FACE_OUTER_BOUND ( 'NONE', #7821, .T. ) ;
#8764 = ADVANCED_FACE ( 'NONE', ( #5668 ), #5412, .F. ) ;
#8765 = LINE ( 'NONE', #3387, #8851 ) ;
#8766 = LINE ( 'NONE', #11573, #364 ) ;
#8767 = VERTEX_POINT ( 'NONE', #11176 ) ;
#8768 = LINE ( 'NONE', #11951, #896 ) ;
#8769 = DIRECTION ( 'NONE',  ( -0.000000000000000000, 1.000000000000000000, -0.000000000000000000 ) ) ;
#8770 = PLANE ( 'NONE',  #3783 ) ;
#8771 = DIRECTION ( 'NONE',  ( 1.000000000000000000, 0.000000000000000000, 0.000000000000000000 ) ) ;
#8772 = CARTESIAN_POINT ( 'NONE',  ( 73.00000000000017053, 2.499999999999976907, 58.59999999999996589 ) ) ;
#8773 = DIRECTION ( 'NONE',  ( 0.000000000000000000, 0.000000000000000000, 1.000000000000000000 ) ) ;
#8774 = EDGE_CURVE ( 'NONE', #10282, #2030, #9993, .T. ) ;
#8775 = DIRECTION ( 'NONE',  ( -0.000000000000000000, 0.000000000000000000, 1.000000000000000000 ) ) ;
#8776 = EDGE_CURVE ( 'NONE', #9163, #4036, #6027, .T. ) ;
#8777 = VERTEX_POINT ( 'NONE', #693 ) ;
#8778 = AXIS2_PLACEMENT_3D ( 'NONE', #528, #8305, #9384 ) ;
#8779 = CYLINDRICAL_SURFACE ( 'NONE', #2195, 1.700000000000000178 ) ;
#8780 = VECTOR ( 'NONE', #8997, 1000.000000000000000 ) ;
#8781 = DIRECTION ( 'NONE',  ( 8.195446571860579663E-34, -1.000000000000000000, -0.000000000000000000 ) ) ;
#8782 = ORIENTED_EDGE ( 'NONE', *, *, #1066, .T. ) ;
#8783 = ORIENTED_EDGE ( 'NONE', *, *, #11332, .F. ) ;
#8784 = ORIENTED_EDGE ( 'NONE', *, *, #4088, .F. ) ;
#8785 = ADVANCED_FACE ( 'NONE', ( #6087 ), #1953, .F. ) ;
#8786 = DIRECTION ( 'NONE',  ( -1.000000000000000000, 0.000000000000000000, 0.000000000000000000 ) ) ;
#8787 = ORIENTED_EDGE ( 'NONE', *, *, #2387, .T. ) ;
#8788 = LINE ( 'NONE', #8348, #4702 ) ;
#8789 = CARTESIAN_POINT ( 'NONE',  ( 30.50000000000013500, 0.4999999999999848455, 58.59999999999996589 ) ) ;
#8790 = DIRECTION ( 'NONE',  ( 1.000000000000000000, 0.000000000000000000, 0.000000000000000000 ) ) ;
#8792 = ORIENTED_EDGE ( 'NONE', *, *, #10965, .F. ) ;
#8791 = VECTOR ( 'NONE', #11115, 1000.000000000000000 ) ;
#8793 = LINE ( 'NONE', #9133, #5281 ) ;
#8794 = CARTESIAN_POINT ( 'NONE',  ( 14.00000000000000533, 59.49999999999999289, 69.09999999999998010 ) ) ;
#8795 = FACE_OUTER_BOUND ( 'NONE', #9509, .T. ) ;
#8796 = EDGE_CURVE ( 'NONE', #9478, #5673, #11265, .T. ) ;
#8797 = CARTESIAN_POINT ( 'NONE',  ( 114.2928932188134894, 0.5000000000000026645, 69.59999999999999432 ) ) ;
#8798 = CARTESIAN_POINT ( 'NONE',  ( 0.5000000000000022204, 35.49999999999998579, 64.59999999999999432 ) ) ;
#8799 = CARTESIAN_POINT ( 'NONE',  ( 6.000000000000012434, 4.500000000000000000, -9.499999999999996447 ) ) ;
#8800 = CARTESIAN_POINT ( 'NONE',  ( 5.000000000000000888, 53.79999999999999716, 52.09999999999999432 ) ) ;
#8801 = VECTOR ( 'NONE', #3463, 1000.000000000000000 ) ;
#8802 = LINE ( 'NONE', #7473, #4509 ) ;
#8803 = EDGE_CURVE ( 'NONE', #11482, #12246, #7831, .T. ) ;
#8804 = AXIS2_PLACEMENT_3D ( 'NONE', #10440, #5578, #616 ) ;
#8805 = ORIENTED_EDGE ( 'NONE', *, *, #1006, .F. ) ;
#8806 = CARTESIAN_POINT ( 'NONE',  ( 105.0000000000000284, 12.49999999999999467, 69.59999999999999432 ) ) ;
#8807 = ORIENTED_EDGE ( 'NONE', *, *, #759, .F. ) ;
#8808 = AXIS2_PLACEMENT_3D ( 'NONE', #9564, #7631, #6585 ) ;
#8809 = CIRCLE ( 'NONE', #4195, 1.700000000000000178 ) ;
#8810 = ADVANCED_FACE ( 'NONE', ( #4898 ), #9300, .T. ) ;
#8811 = CARTESIAN_POINT ( 'NONE',  ( 5.499999999999992895, 59.99999999999997868, -10.00000000000000000 ) ) ;
#8812 = DIRECTION ( 'NONE',  ( -0.7071067811865425767, -5.768888059150616014E-16, 0.7071067811865525687 ) ) ;
#8813 = VECTOR ( 'NONE', #4153, 1000.000000000000000 ) ;
#8815 = ORIENTED_EDGE ( 'NONE', *, *, #7144, .F. ) ;
#8814 = LINE ( 'NONE', #8000, #299 ) ;
#8816 = DIRECTION ( 'NONE',  ( 7.138779736530080685E-17, 5.850548791901321936E-50, 1.000000000000000000 ) ) ;
#8817 = VECTOR ( 'NONE', #7412, 1000.000000000000000 ) ;
#8818 = VERTEX_POINT ( 'NONE', #4479 ) ;
#8819 = LINE ( 'NONE', #7457, #464 ) ;
#8820 = CYLINDRICAL_SURFACE ( 'NONE', #9767, 1.500000000000008216 ) ;
#8821 = DIRECTION ( 'NONE',  ( 0.7071067811865439090, -0.7071067811865512365, 0.000000000000000000 ) ) ;
#8822 = LINE ( 'NONE', #1975, #4511 ) ;
#8823 = CARTESIAN_POINT ( 'NONE',  ( -0.5000000000000247580, 33.50000000000178346, 9.500000000063488770 ) ) ;
#8824 = CARTESIAN_POINT ( 'NONE',  ( 1.000000000000004441, 22.85000000000002629, 44.75000000006293988 ) ) ;
#8825 = LINE ( 'NONE', #4986, #4805 ) ;
#8826 = AXIS2_PLACEMENT_3D ( 'NONE', #11679, #249, #3129 ) ;
#8827 = CARTESIAN_POINT ( 'NONE',  ( 76.50000000000021316, -3.278178628744214760E-32, 10.00000000000003020 ) ) ;
#8828 = DIRECTION ( 'NONE',  ( 0.000000000000000000, 0.000000000000000000, -1.000000000000000000 ) ) ;
#8829 = DIRECTION ( 'NONE',  ( 0.000000000000000000, 0.000000000000000000, -1.000000000000000000 ) ) ;
#8830 = ADVANCED_FACE ( 'NONE', ( #1373, #9538, #9700, #1350, #1283 ), #5408, .T. ) ;
#8831 = CARTESIAN_POINT ( 'NONE',  ( 116.5000000000000000, 35.50000000000000000, 42.59999999999998721 ) ) ;
#8832 = ORIENTED_EDGE ( 'NONE', *, *, #4396, .T. ) ;
#8833 = VERTEX_POINT ( 'NONE', #11096 ) ;
#8834 = CARTESIAN_POINT ( 'NONE',  ( -0.4999999999999917843, 50.49999999999997868, -10.00000000000000000 ) ) ;
#8835 = EDGE_CURVE ( 'NONE', #3070, #6248, #9895, .T. ) ;
#8836 = ORIENTED_EDGE ( 'NONE', *, *, #5410, .F. ) ;
#8837 = ORIENTED_EDGE ( 'NONE', *, *, #7660, .T. ) ;
#8838 = LINE ( 'NONE', #11998, #694 ) ;
#8839 = EDGE_CURVE ( 'NONE', #10653, #10050, #5464, .T. ) ;
#8840 = ORIENTED_EDGE ( 'NONE', *, *, #2622, .T. ) ;
#8841 = EDGE_CURVE ( 'NONE', #11971, #142, #5682, .T. ) ;
#8842 = LINE ( 'NONE', #202, #272 ) ;
#8843 = DIRECTION ( 'NONE',  ( 8.195446571860579663E-34, -1.000000000000000000, -0.000000000000000000 ) ) ;
#8844 = LINE ( 'NONE', #5305, #640 ) ;
#8845 = PLANE ( 'NONE',  #2368 ) ;
#8846 = AXIS2_PLACEMENT_3D ( 'NONE', #5309, #10322, #2746 ) ;
#8847 = VECTOR ( 'NONE', #11252, 1000.000000000000000 ) ;
#8848 = ADVANCED_FACE ( 'NONE', ( #1474 ), #9799, .T. ) ;
#8849 = PLANE ( 'NONE',  #1011 ) ;
#8850 = ORIENTED_EDGE ( 'NONE', *, *, #2082, .F. ) ;
#8851 = VECTOR ( 'NONE', #5385, 1000.000000000000114 ) ;
#8852 = CARTESIAN_POINT ( 'NONE',  ( 13.49999999999999822, 53.50000000000000711, 69.59999999999999432 ) ) ;
#8853 = CARTESIAN_POINT ( 'NONE',  ( 37.50000000000017764, -6.474402791769841324E-32, 10.00000000000003020 ) ) ;
#8854 = AXIS2_PLACEMENT_3D ( 'NONE', #5801, #1702, #1001 ) ;
#8855 = EDGE_CURVE ( 'NONE', #2357, #4229, #9871, .T. ) ;
#8856 = EDGE_LOOP ( 'NONE', ( #612, #1198, #5138 ) ) ;
#8857 = CARTESIAN_POINT ( 'NONE',  ( 5.333333333333317938, 49.83333333333334991, 41.76666666666661598 ) ) ;
#8858 = EDGE_CURVE ( 'NONE', #3437, #4409, #9739, .T. ) ;
#8859 = ORIENTED_EDGE ( 'NONE', *, *, #333, .T. ) ;
#8860 = DIRECTION ( 'NONE',  ( 2.212695248606660223E-32, -1.927470528863119542E-16, -1.000000000000000000 ) ) ;
#8861 = VERTEX_POINT ( 'NONE', #5577 ) ;
#8862 = DIRECTION ( 'NONE',  ( 0.7071067811865451302, 0.7071067811865500152, -0.000000000000000000 ) ) ;
#8863 = DIRECTION ( 'NONE',  ( 0.000000000000000000, 0.000000000000000000, -1.000000000000000000 ) ) ;
#8864 = DIRECTION ( 'NONE',  ( 0.000000000000000000, 5.139921410302063962E-16, 1.000000000000000000 ) ) ;
#8865 = CARTESIAN_POINT ( 'NONE',  ( 42.00000000000013500, 2.499999999999984013, 60.09999999999998010 ) ) ;
#8866 = EDGE_CURVE ( 'NONE', #7067, #11202, #1577, .T. ) ;
#8867 = LINE ( 'NONE', #6602, #653 ) ;
#8868 = LINE ( 'NONE', #5276, #8780 ) ;
#8869 = CARTESIAN_POINT ( 'NONE',  ( 27.50000000000011013, 0.4999999999999848455, 58.59999999999996589 ) ) ;
#8870 = ADVANCED_FACE ( 'NONE', ( #9830 ), #9386, .F. ) ;
#8871 = FACE_OUTER_BOUND ( 'NONE', #4715, .T. ) ;
#8872 = AXIS2_PLACEMENT_3D ( 'NONE', #8442, #5782, #5637 ) ;
#8873 = CARTESIAN_POINT ( 'NONE',  ( 1.000000000000005107, 17.15000000000001990, 2.750000000064023897 ) ) ;
#8874 = DIRECTION ( 'NONE',  ( 0.000000000000000000, 0.000000000000000000, -1.000000000000000000 ) ) ;
#8875 = DIRECTION ( 'NONE',  ( -1.000000000000000000, -1.147978770867005115E-16, -0.000000000000000000 ) ) ;
#8876 = DIRECTION ( 'NONE',  ( 1.000000000000000000, 8.195446571860577953E-34, 0.000000000000000000 ) ) ;
#8877 = ORIENTED_EDGE ( 'NONE', *, *, #5050, .T. ) ;
#8878 = ORIENTED_EDGE ( 'NONE', *, *, #3803, .F. ) ;
#8879 = ORIENTED_EDGE ( 'NONE', *, *, #2456, .F. ) ;
#8880 = CARTESIAN_POINT ( 'NONE',  ( 1.000000000000004441, 22.85000000000002274, 2.750000000064023009 ) ) ;
#8881 = ORIENTED_EDGE ( 'NONE', *, *, #4504, .T. ) ;
#8882 = EDGE_CURVE ( 'NONE', #5710, #12101, #1595, .T. ) ;
#8883 = CARTESIAN_POINT ( 'NONE',  ( 59.50000000000014211, 3.000000000000000000, 58.59999999999996589 ) ) ;
#8884 = EDGE_CURVE ( 'NONE', #9247, #10184, #1631, .T. ) ;
#8885 = DIRECTION ( 'NONE',  ( 0.000000000000000000, 0.000000000000000000, -1.000000000000000000 ) ) ;
#8886 = VERTEX_POINT ( 'NONE', #10194 ) ;
#8888 = PLANE ( 'NONE',  #7153 ) ;
#8887 = DIRECTION ( 'NONE',  ( -0.000000000000000000, 1.000000000000000000, -0.000000000000000000 ) ) ;
#8889 = DIRECTION ( 'NONE',  ( 0.7071067811865536790, 0.7071067811865414665, 4.144025297931286102E-15 ) ) ;
#8890 = LINE ( 'NONE', #1308, #1120 ) ;
#8891 = ORIENTED_EDGE ( 'NONE', *, *, #1083, .F. ) ;
#8892 = EDGE_CURVE ( 'NONE', #9431, #5870, #9217, .T. ) ;
#8893 = PLANE ( 'NONE',  #4883 ) ;
#8894 = CARTESIAN_POINT ( 'NONE',  ( 60.00000000000014921, 0.5000000000000125455, 58.59999999999996589 ) ) ;
#8895 = AXIS2_PLACEMENT_3D ( 'NONE', #9513, #2081, #5856 ) ;
#8896 = ADVANCED_FACE ( 'NONE', ( #5227 ), #6795, .F. ) ;
#8897 = DIRECTION ( 'NONE',  ( -0.7071067811865375807, -9.038361193080819093E-17, -0.7071067811865574537 ) ) ;
#8898 = CARTESIAN_POINT ( 'NONE',  ( 40.00000000000012790, -6.269516627473331973E-32, 10.00000000000003020 ) ) ;
#8899 = DIRECTION ( 'NONE',  ( 0.000000000000000000, 0.000000000000000000, 1.000000000000000000 ) ) ;
#8900 = ORIENTED_EDGE ( 'NONE', *, *, #166, .T. ) ;
#8902 = ORIENTED_EDGE ( 'NONE', *, *, #3320, .T. ) ;
#8901 = VECTOR ( 'NONE', #12031, 1000.000000000000000 ) ;
#8903 = DIRECTION ( 'NONE',  ( 0.000000000000000000, 0.000000000000000000, -1.000000000000000000 ) ) ;
#8904 = CARTESIAN_POINT ( 'NONE',  ( 1.000000000000004441, 22.85000000000002629, 38.00000000006347989 ) ) ;
#8905 = DIRECTION ( 'NONE',  ( 0.000000000000000000, 0.000000000000000000, -1.000000000000000000 ) ) ;
#8906 = ORIENTED_EDGE ( 'NONE', *, *, #3989, .F. ) ;
#8907 = VECTOR ( 'NONE', #5656, 1000.000000000000000 ) ;
#8908 = CARTESIAN_POINT ( 'NONE',  ( 6.000000000000001776, 59.99999999999997868, 69.09999999999998010 ) ) ;
#8909 = ORIENTED_EDGE ( 'NONE', *, *, #9041, .T. ) ;
#8910 = DIRECTION ( 'NONE',  ( 0.000000000000000000, -1.000000000000000000, 0.000000000000000000 ) ) ;
#8911 = VERTEX_POINT ( 'NONE', #8920 ) ;
#8912 = DIRECTION ( 'NONE',  ( -1.000000000000000000, 0.000000000000000000, 0.000000000000000000 ) ) ;
#8913 = DIRECTION ( 'NONE',  ( 7.138779736530080685E-17, 0.000000000000000000, -1.000000000000000000 ) ) ;
#8914 = EDGE_CURVE ( 'NONE', #8414, #4304, #9119, .T. ) ;
#8915 = AXIS2_PLACEMENT_3D ( 'NONE', #2389, #3021, #3366 ) ;
#8916 = ADVANCED_FACE ( 'NONE', ( #891 ), #11494, .T. ) ;
#8917 = DIRECTION ( 'NONE',  ( 0.7071067811865574537, 9.038361193081073008E-17, -0.7071067811865375807 ) ) ;
#8918 = ORIENTED_EDGE ( 'NONE', *, *, #7168, .T. ) ;
#8919 = ORIENTED_EDGE ( 'NONE', *, *, #6617, .T. ) ;
#8920 = CARTESIAN_POINT ( 'NONE',  ( 57.00000000000020606, 3.000000000000000000, 10.00000000000003020 ) ) ;
#8921 = PLANE ( 'NONE',  #5783 ) ;
#8922 = PLANE ( 'NONE',  #7345 ) ;
#8923 = LINE ( 'NONE', #4328, #9547 ) ;
#8925 = VECTOR ( 'NONE', #420, 1000.000000000000000 ) ;
#8924 = DIRECTION ( 'NONE',  ( 0.000000000000000000, -0.7071067811865460184, -0.7071067811865490160 ) ) ;
#8926 = DIRECTION ( 'NONE',  ( 0.000000000000000000, 0.000000000000000000, 1.000000000000000000 ) ) ;
#8927 = DIRECTION ( 'NONE',  ( 8.195446571860579663E-34, -1.000000000000000000, -0.000000000000000000 ) ) ;
#8928 = DIRECTION ( 'NONE',  ( 1.427755947306016137E-16, 1.170109758380264387E-49, -1.000000000000000000 ) ) ;
#8929 = CYLINDRICAL_SURFACE ( 'NONE', #2903, 1.500000000000001332 ) ;
#8930 = DIRECTION ( 'NONE',  ( -9.038361193080931259E-17, 0.7071067811865463515, -0.7071067811865487940 ) ) ;
#8931 = EDGE_LOOP ( 'NONE', ( #10315, #6396, #2938, #6410 ) ) ;
#8932 = ORIENTED_EDGE ( 'NONE', *, *, #5903, .T. ) ;
#8933 = ORIENTED_EDGE ( 'NONE', *, *, #7216, .T. ) ;
#8934 = CARTESIAN_POINT ( 'NONE',  ( 94.00000000000022737, -1.843975478668611257E-32, 10.00000000000003020 ) ) ;
#8935 = EDGE_CURVE ( 'NONE', #1997, #11082, #5250, .T. ) ;
#8936 = ORIENTED_EDGE ( 'NONE', *, *, #2054, .T. ) ;
#8937 = EDGE_CURVE ( 'NONE', #1556, #2216, #1242, .T. ) ;
#8938 = VERTEX_POINT ( 'NONE', #9170 ) ;
#8939 = CARTESIAN_POINT ( 'NONE',  ( 116.0000000000000000, 8.499999999999996447, 69.59999999999999432 ) ) ;
#8940 = DIRECTION ( 'NONE',  ( -1.000000000000000000, -5.782411586589377360E-16, 0.000000000000000000 ) ) ;
#8941 = PLANE ( 'NONE',  #5665 ) ;
#8942 = ADVANCED_FACE ( 'NONE', ( #9523 ), #121, .T. ) ;
#8943 = CARTESIAN_POINT ( 'NONE',  ( 14.50000000000003020, 10.00000000000000000, 10.00000000000003020 ) ) ;
#8944 = CARTESIAN_POINT ( 'NONE',  ( 37.00000000000014921, 10.00000000000000000, 58.59999999999996589 ) ) ;
#8945 = AXIS2_PLACEMENT_3D ( 'NONE', #8356, #9280, #12039 ) ;
#8946 = CARTESIAN_POINT ( 'NONE',  ( 5.500000000000000000, 55.00000000000000711, 0.000000000000000000 ) ) ;
#8947 = VERTEX_POINT ( 'NONE', #2921 ) ;
#8948 = LINE ( 'NONE', #2604, #1008 ) ;
#8949 = FACE_OUTER_BOUND ( 'NONE', #6018, .T. ) ;
#8950 = DIRECTION ( 'NONE',  ( -1.278217298088174232E-16, 1.000000000000000000, -5.139921410301651782E-16 ) ) ;
#8951 = ORIENTED_EDGE ( 'NONE', *, *, #750, .F. ) ;
#8952 = CARTESIAN_POINT ( 'NONE',  ( 5.500000000000000000, 4.500000000000000000, 0.000000000000000000 ) ) ;
#8953 = PLANE ( 'NONE',  #11345 ) ;
#8954 = VERTEX_POINT ( 'NONE', #4832 ) ;
#8955 = ORIENTED_EDGE ( 'NONE', *, *, #10649, .F. ) ;
#8956 = ORIENTED_EDGE ( 'NONE', *, *, #5557, .T. ) ;
#8957 = DIRECTION ( 'NONE',  ( 7.138779736530080685E-17, 5.850548791901321936E-50, -1.000000000000000000 ) ) ;
#8958 = DIRECTION ( 'NONE',  ( -1.141265444721583018E-16, 1.000000000000000000, 0.000000000000000000 ) ) ;
#8959 = EDGE_CURVE ( 'NONE', #3672, #825, #5466, .T. ) ;
#8960 = ORIENTED_EDGE ( 'NONE', *, *, #7462, .F. ) ;
#8961 = PLANE ( 'NONE',  #7936 ) ;
#8962 = CARTESIAN_POINT ( 'NONE',  ( 61.50000000000015632, 3.000000000000000000, 58.59999999999996589 ) ) ;
#8963 = DIRECTION ( 'NONE',  ( 1.427755947306016137E-16, 0.000000000000000000, -1.000000000000000000 ) ) ;
#8964 = AXIS2_PLACEMENT_3D ( 'NONE', #1377, #2348, #2988 ) ;
#8965 = DIRECTION ( 'NONE',  ( 8.195446571860579663E-34, -1.000000000000000000, -0.000000000000000000 ) ) ;
#8967 = CARTESIAN_POINT ( 'NONE',  ( 115.9999999999999858, 9.000000000000001776, -9.499999999999996447 ) ) ;
#8966 = CARTESIAN_POINT ( 'NONE',  ( 110.0000000000000284, 10.79289321881346275, 69.59999999999999432 ) ) ;
#8968 = CARTESIAN_POINT ( 'NONE',  ( 87.50000000000021316, 0.5000000000000195399, 8.500000000000014211 ) ) ;
#8969 = ADVANCED_FACE ( 'NONE', ( #5358 ), #3004, .T. ) ;
#8970 = DIRECTION ( 'NONE',  ( 7.138779736530080685E-17, 0.000000000000000000, -1.000000000000000000 ) ) ;
#8971 = EDGE_CURVE ( 'NONE', #3819, #11762, #1224, .T. ) ;
#8972 = DIRECTION ( 'NONE',  ( -8.195446571860579663E-34, 1.000000000000000000, -0.000000000000000000 ) ) ;
#8973 = FACE_OUTER_BOUND ( 'NONE', #9903, .T. ) ;
#8974 = FACE_OUTER_BOUND ( 'NONE', #4408, .T. ) ;
#8975 = CARTESIAN_POINT ( 'NONE',  ( 95.50000000000019895, 0.5000000000000195399, 58.59999999999996589 ) ) ;
#8976 = CIRCLE ( 'NONE', #5501, 1.500000000000001332 ) ;
#8977 = VERTEX_POINT ( 'NONE', #6862 ) ;
#8978 = DIRECTION ( 'NONE',  ( 0.000000000000000000, -0.000000000000000000, -1.000000000000000000 ) ) ;
#8979 = VERTEX_POINT ( 'NONE', #1151 ) ;
#8980 = EDGE_CURVE ( 'NONE', #10360, #3819, #9577, .T. ) ;
#8981 = CARTESIAN_POINT ( 'NONE',  ( 46.50000000000012790, -5.736812600302393209E-32, 58.59999999999995879 ) ) ;
#8982 = ORIENTED_EDGE ( 'NONE', *, *, #4880, .F. ) ;
#8983 = EDGE_CURVE ( 'NONE', #1436, #5774, #1326, .T. ) ;
#8984 = ORIENTED_EDGE ( 'NONE', *, *, #10406, .F. ) ;
#8985 = CARTESIAN_POINT ( 'NONE',  ( 14.00000000000000533, 59.49999999999999289, -10.00000000000000000 ) ) ;
#8986 = ORIENTED_EDGE ( 'NONE', *, *, #10033, .F. ) ;
#8987 = AXIS2_PLACEMENT_3D ( 'NONE', #5153, #4556, #1074 ) ;
#8988 = LINE ( 'NONE', #12286, #4786 ) ;
#8989 = DIRECTION ( 'NONE',  ( 1.000000000000000000, 8.195446571860577953E-34, 0.000000000000000000 ) ) ;
#8990 = ORIENTED_EDGE ( 'NONE', *, *, #8428, .T. ) ;
#8991 = DIRECTION ( 'NONE',  ( -0.7071067811865414665, 0.7071067811865536790, 0.000000000000000000 ) ) ;
#8992 = CARTESIAN_POINT ( 'NONE',  ( 24.00000000000012434, 0.5000000000000195399, 58.59999999999996589 ) ) ;
#8993 = VERTEX_POINT ( 'NONE', #3093 ) ;
#8994 = AXIS2_PLACEMENT_3D ( 'NONE', #9798, #6889, #1244 ) ;
#8995 = CARTESIAN_POINT ( 'NONE',  ( 116.5000000000000000, 48.99999999999999289, 42.59999999999998721 ) ) ;
#8996 = PLANE ( 'NONE',  #11162 ) ;
#8997 = DIRECTION ( 'NONE',  ( 0.7071067811865439090, -0.7071067811865512365, 0.000000000000000000 ) ) ;
#8998 = EDGE_CURVE ( 'NONE', #1564, #6736, #9295, .T. ) ;
#8999 = LINE ( 'NONE', #2133, #903 ) ;
#9000 = CARTESIAN_POINT ( 'NONE',  ( 0.5000000000000027756, 35.49999999999998579, 64.59999999999999432 ) ) ;
#9001 = DIRECTION ( 'NONE',  ( 9.038361193080932492E-17, -0.7071067811865463515, 0.7071067811865487940 ) ) ;
#9002 = DIRECTION ( 'NONE',  ( -1.278217298088174232E-16, 1.000000000000000000, 0.000000000000000000 ) ) ;
#9003 = VECTOR ( 'NONE', #9811, 1000.000000000000114 ) ;
#9004 = DIRECTION ( 'NONE',  ( -0.000000000000000000, -0.7071067811865526798, -0.7071067811865424657 ) ) ;
#9005 = EDGE_CURVE ( 'NONE', #9857, #8818, #5303, .T. ) ;
#9006 = DIRECTION ( 'NONE',  ( -1.000000000000000000, 1.355252715606880851E-17, 0.000000000000000000 ) ) ;
#9007 = DIRECTION ( 'NONE',  ( 0.7071067811865439090, -0.7071067811865512365, 0.000000000000000000 ) ) ;
#9008 = VECTOR ( 'NONE', #4620, 1000.000000000000000 ) ;
#9009 = EDGE_CURVE ( 'NONE', #5902, #10367, #5112, .T. ) ;
#9010 = VERTEX_POINT ( 'NONE', #915 ) ;
#9011 = VECTOR ( 'NONE', #1752, 1000.000000000000000 ) ;
#9012 = DIRECTION ( 'NONE',  ( 0.000000000000000000, 0.000000000000000000, -1.000000000000000000 ) ) ;
#9013 = EDGE_CURVE ( 'NONE', #8358, #9220, #5323, .T. ) ;
#9014 = DIRECTION ( 'NONE',  ( 0.000000000000000000, 0.000000000000000000, 1.000000000000000000 ) ) ;
#9015 = ADVANCED_FACE ( 'NONE', ( #1378 ), #9771, .F. ) ;
#9016 = ORIENTED_EDGE ( 'NONE', *, *, #1590, .F. ) ;
#9017 = LINE ( 'NONE', #1199, #623 ) ;
#9018 = DIRECTION ( 'NONE',  ( -1.000000000000000000, 0.000000000000000000, 1.147978770867010046E-16 ) ) ;
#9019 = CARTESIAN_POINT ( 'NONE',  ( 63.00000000000017053, 0.5000000000000125455, 58.59999999999996589 ) ) ;
#9020 = AXIS2_PLACEMENT_3D ( 'NONE', #6807, #7777, #10609 ) ;
#9021 = ORIENTED_EDGE ( 'NONE', *, *, #8273, .T. ) ;
#9022 = CARTESIAN_POINT ( 'NONE',  ( 5.500000000000009770, 4.999999999999999112, -10.00000000000000000 ) ) ;
#9023 = PLANE ( 'NONE',  #12334 ) ;
#9024 = CONICAL_SURFACE ( 'NONE', #11621, 1.500000000000022204, 0.7853981633974431720 ) ;
#9025 = DIRECTION ( 'NONE',  ( 1.000000000000000000, 1.147978770867005115E-16, -0.000000000000000000 ) ) ;
#9026 = CARTESIAN_POINT ( 'NONE',  ( 1.999999999999904965, 59.49999999999999289, 24.94999999999999218 ) ) ;
#9027 = VERTEX_POINT ( 'NONE', #6049 ) ;
#9028 = CARTESIAN_POINT ( 'NONE',  ( 13.49999999999999822, 54.00000000000001421, 69.59999999999999432 ) ) ;
#9029 = CYLINDRICAL_SURFACE ( 'NONE', #5185, 1.500000000000011768 ) ;
#9030 = VECTOR ( 'NONE', #7682, 1000.000000000000000 ) ;
#9031 = DIRECTION ( 'NONE',  ( -1.284980352575412946E-16, 1.000000000000000000, -0.000000000000000000 ) ) ;
#9032 = ORIENTED_EDGE ( 'NONE', *, *, #7744, .T. ) ;
#9033 = VECTOR ( 'NONE', #11891, 1000.000000000000000 ) ;
#9034 = CARTESIAN_POINT ( 'NONE',  ( 33.50000000000009948, -6.802220654644271832E-32, 58.59999999999996589 ) ) ;
#9035 = DATE_TIME_ROLE ( 'creation_date' ) ;
#9036 = DIRECTION ( 'NONE',  ( -1.000000000000000000, -1.147978770867005115E-16, 0.000000000000000000 ) ) ;
#9037 = CIRCLE ( 'NONE', #303, 1.500000000000008216 ) ;
#9038 = DIRECTION ( 'NONE',  ( 0.7071067811865474617, -0.7071067811865474617, 0.000000000000000000 ) ) ;
#9039 = DIRECTION ( 'NONE',  ( 0.7071067811865552333, -0.7071067811865398012, -2.019151824439035981E-16 ) ) ;
#9040 = VERTEX_POINT ( 'NONE', #4417 ) ;
#9041 = EDGE_CURVE ( 'NONE', #11016, #4647, #9417, .T. ) ;
#9042 = VECTOR ( 'NONE', #9928, 1000.000000000000114 ) ;
#9043 = CARTESIAN_POINT ( 'NONE',  ( 100.5000000000002274, 3.000000000000000000, 10.00000000000003020 ) ) ;
#9044 = ORIENTED_EDGE ( 'NONE', *, *, #7766, .F. ) ;
#9045 = EDGE_LOOP ( 'NONE', ( #10317, #8287, #9854, #7799 ) ) ;
#9046 = ORIENTED_EDGE ( 'NONE', *, *, #9241, .T. ) ;
#9047 = ADVANCED_FACE ( 'NONE', ( #9239 ), #5163, .F. ) ;
#9048 = EDGE_CURVE ( 'NONE', #622, #10752, #9278, .T. ) ;
#9049 = CARTESIAN_POINT ( 'NONE',  ( 1.000000000000005329, 33.50000000000178346, 38.00000000006348699 ) ) ;
#9050 = AXIS2_PLACEMENT_3D ( 'NONE', #11353, #12076, #12318 ) ;
#9051 = LINE ( 'NONE', #6366, #9308 ) ;
#9052 = VECTOR ( 'NONE', #3372, 1000.000000000000114 ) ;
#9053 = CARTESIAN_POINT ( 'NONE',  ( 5.000000000000000888, 50.49999999999998579, 4.000000000000003553 ) ) ;
#9054 = CARTESIAN_POINT ( 'NONE',  ( 107.5000000000000284, 13.00000000000000000, -10.00000000000000000 ) ) ;
#9055 = CARTESIAN_POINT ( 'NONE',  ( 4.500000000000003553, 33.50000000000178346, 9.500000000063488770 ) ) ;
#9056 = DIRECTION ( 'NONE',  ( -0.000000000000000000, -0.000000000000000000, 1.000000000000000000 ) ) ;
#9057 = DIRECTION ( 'NONE',  ( -0.7071067811865475727, -0.7071067811865475727, 0.000000000000000000 ) ) ;
#9058 = LINE ( 'NONE', #11326, #9256 ) ;
#9059 = DIRECTION ( 'NONE',  ( 2.212695248606660223E-32, -1.927470528863119542E-16, -1.000000000000000000 ) ) ;
#9060 = DIRECTION ( 'NONE',  ( 0.000000000000000000, -1.000000000000000000, 0.000000000000000000 ) ) ;
#9061 = ORIENTED_EDGE ( 'NONE', *, *, #5433, .T. ) ;
#9062 = DIRECTION ( 'NONE',  ( -8.117435735382577522E-17, 0.7071067811865480168, -0.7071067811865471286 ) ) ;
#9063 = PLANE ( 'NONE',  #5730 ) ;
#9064 = ORIENTED_EDGE ( 'NONE', *, *, #7060, .F. ) ;
#9065 = DIRECTION ( 'NONE',  ( 0.000000000000000000, -1.000000000000000000, 0.000000000000000000 ) ) ;
#9066 = VERTEX_POINT ( 'NONE', #381 ) ;
#9067 = CARTESIAN_POINT ( 'NONE',  ( 92.50000000000019895, 2.499999999999976907, 58.59999999999996589 ) ) ;
#9068 = CARTESIAN_POINT ( 'NONE',  ( 13.49999999999999822, 4.999999999999999112, 69.59999999999999432 ) ) ;
#9069 = EDGE_CURVE ( 'NONE', #9407, #893, #5341, .T. ) ;
#9070 = VERTEX_POINT ( 'NONE', #5259 ) ;
#9071 = EDGE_LOOP ( 'NONE', ( #2037, #6569, #2424, #10331 ) ) ;
#9072 = FACE_OUTER_BOUND ( 'NONE', #10660, .T. ) ;
#9073 = CYLINDRICAL_SURFACE ( 'NONE', #2172, 1.500000000000015099 ) ;
#9074 = EDGE_CURVE ( 'NONE', #9070, #10701, #1190, .T. ) ;
#9075 = PLANE ( 'NONE',  #1230 ) ;
#9076 = AXIS2_PLACEMENT_3D ( 'NONE', #10939, #3013, #132 ) ;
#9077 = DIRECTION ( 'NONE',  ( -1.000000000000000000, -9.912705577010318647E-16, 0.000000000000000000 ) ) ;
#9078 = ADVANCED_FACE ( 'NONE', ( #5252, #5556 ), #2282, .F. ) ;
#9079 = LINE ( 'NONE', #6635, #865 ) ;
#9080 = CARTESIAN_POINT ( 'NONE',  ( 3.000000000000004441, 22.85000000000002629, 44.75000000006293988 ) ) ;
#9081 = AXIS2_PLACEMENT_3D ( 'NONE', #1103, #2887, #257 ) ;
#9082 = CARTESIAN_POINT ( 'NONE',  ( 79.00000000000017053, -3.073292464447703219E-32, 10.00000000000003020 ) ) ;
#9083 = CARTESIAN_POINT ( 'NONE',  ( 51.10355339059368163, -49.39644660940672338, 69.59999999999999432 ) ) ;
#9084 = DIRECTION ( 'NONE',  ( 8.195446571860579663E-34, -1.000000000000000000, -0.000000000000000000 ) ) ;
#9085 = PLANE ( 'NONE',  #5350 ) ;
#9086 = DIRECTION ( 'NONE',  ( 0.7071067811865512365, -0.7071067811865439090, 0.000000000000000000 ) ) ;
#9087 = CARTESIAN_POINT ( 'NONE',  ( 50.00000000000016342, 10.00000000000000000, 10.00000000000003020 ) ) ;
#9089 = EDGE_LOOP ( 'NONE', ( #3209, #10095, #1149, #11798 ) ) ;
#9088 = VECTOR ( 'NONE', #2964, 1000.000000000000000 ) ;
#9090 = DIRECTION ( 'NONE',  ( -1.000000000000000000, 1.355252715606880851E-17, -0.000000000000000000 ) ) ;
#9091 = EDGE_CURVE ( 'NONE', #8777, #2083, #5874, .T. ) ;
#9092 = VECTOR ( 'NONE', #11076, 1000.000000000000000 ) ;
#9093 = DIRECTION ( 'NONE',  ( 0.000000000000000000, -1.000000000000000000, 0.000000000000000000 ) ) ;
#9094 = CARTESIAN_POINT ( 'NONE',  ( 50.50000000000019895, 3.000000000000000000, 10.00000000000003020 ) ) ;
#9095 = PLANE ( 'NONE',  #2609 ) ;
#9096 = EDGE_CURVE ( 'NONE', #622, #8037, #5797, .T. ) ;
#9097 = VECTOR ( 'NONE', #8462, 999.9999999999998863 ) ;
#9098 = DIRECTION ( 'NONE',  ( 0.000000000000000000, 0.000000000000000000, 1.000000000000000000 ) ) ;
#9099 = EDGE_CURVE ( 'NONE', #5261, #4217, #1619, .T. ) ;
#9100 = ORIENTED_EDGE ( 'NONE', *, *, #3518, .F. ) ;
#9101 = DIRECTION ( 'NONE',  ( 0.000000000000000000, 0.000000000000000000, 1.000000000000000000 ) ) ;
#9102 = AXIS2_PLACEMENT_3D ( 'NONE', #10685, #5285, #7228 ) ;
#9103 = VERTEX_POINT ( 'NONE', #7989 ) ;
#9104 = VECTOR ( 'NONE', #7082, 1000.000000000000000 ) ;
#9105 = FACE_OUTER_BOUND ( 'NONE', #6046, .T. ) ;
#9106 = ORIENTED_EDGE ( 'NONE', *, *, #7261, .T. ) ;
#9107 = ORIENTED_EDGE ( 'NONE', *, *, #7895, .F. ) ;
#9108 = EDGE_LOOP ( 'NONE', ( #2546, #6730, #6244, #6756 ) ) ;
#9109 = CARTESIAN_POINT ( 'NONE',  ( 85.50000000000014211, -2.540588437276766644E-32, 58.59999999999996589 ) ) ;
#9110 = EDGE_LOOP ( 'NONE', ( #5544, #10239 ) ) ;
#9111 = CARTESIAN_POINT ( 'NONE',  ( 100.5000000000002274, 2.499999999999991118, 60.09999999999998010 ) ) ;
#9113 = ORIENTED_EDGE ( 'NONE', *, *, #6590, .F. ) ;
#9112 = FACE_OUTER_BOUND ( 'NONE', #3164, .T. ) ;
#9114 = DIRECTION ( 'NONE',  ( 0.000000000000000000, 0.000000000000000000, -1.000000000000000000 ) ) ;
#9115 = LINE ( 'NONE', #6352, #5172 ) ;
#9116 = CARTESIAN_POINT ( 'NONE',  ( 6.000000000000000888, 59.49999999999999289, -9.499999999999996447 ) ) ;
#9117 = EDGE_CURVE ( 'NONE', #407, #6649, #9966, .T. ) ;
#9118 = LINE ( 'NONE', #7674, #9153 ) ;
#9119 = LINE ( 'NONE', #6150, #9338 ) ;
#9120 = EDGE_CURVE ( 'NONE', #5673, #11145, #1599, .T. ) ;
#9121 = CARTESIAN_POINT ( 'NONE',  ( 6.000000000000012434, 4.500000000000000000, -9.499999999999996447 ) ) ;
#9122 = CARTESIAN_POINT ( 'NONE',  ( 6.499999999999992006, 5.500000000000004441, 69.59999999999999432 ) ) ;
#9123 = DIRECTION ( 'NONE',  ( 2.855511894612032274E-16, 0.000000000000000000, 1.000000000000000000 ) ) ;
#9124 = VERTEX_POINT ( 'NONE', #8482 ) ;
#9125 = VECTOR ( 'NONE', #4640, 1000.000000000000000 ) ;
#9126 = ORIENTED_EDGE ( 'NONE', *, *, #1803, .F. ) ;
#9127 = ADVANCED_FACE ( 'NONE', ( #5919 ), #1671, .F. ) ;
#9128 = AXIS2_PLACEMENT_3D ( 'NONE', #1763, #4534, #4463 ) ;
#9129 = ORIENTED_EDGE ( 'NONE', *, *, #6334, .F. ) ;
#9130 = EDGE_LOOP ( 'NONE', ( #6262, #4220, #10136, #6043 ) ) ;
#9131 = EDGE_CURVE ( 'NONE', #4932, #3365, #9778, .T. ) ;
#9132 = VECTOR ( 'NONE', #5924, 1000.000000000000000 ) ;
#9133 = CARTESIAN_POINT ( 'NONE',  ( 44.00000000000016342, -5.941698764598904749E-32, 10.00000000000003020 ) ) ;
#9134 = EDGE_LOOP ( 'NONE', ( #11564, #8609 ) ) ;
#9135 = ORIENTED_EDGE ( 'NONE', *, *, #8980, .F. ) ;
#9136 = EDGE_CURVE ( 'NONE', #280, #4949, #10099, .T. ) ;
#9137 = ORIENTED_EDGE ( 'NONE', *, *, #3293, .F. ) ;
#9138 = ORIENTED_EDGE ( 'NONE', *, *, #1276, .F. ) ;
#9139 = CARTESIAN_POINT ( 'NONE',  ( 1.000000000000008216, 6.500000000001787015, 38.00000000006350120 ) ) ;
#9140 = EDGE_CURVE ( 'NONE', #8447, #1813, #9896, .T. ) ;
#9141 = CARTESIAN_POINT ( 'NONE',  ( 40.50000000000013500, 10.00000000000000000, 10.00000000000003020 ) ) ;
#9142 = CARTESIAN_POINT ( 'NONE',  ( 105.5000000000000284, 4.000000000000010658, 69.59999999999999432 ) ) ;
#9143 = ORIENTED_EDGE ( 'NONE', *, *, #2642, .F. ) ;
#9144 = ORIENTED_EDGE ( 'NONE', *, *, #3320, .F. ) ;
#9145 = AXIS2_PLACEMENT_3D ( 'NONE', #9945, #7820, #2092 ) ;
#9147 = VERTEX_POINT ( 'NONE', #1520 ) ;
#9146 = VECTOR ( 'NONE', #8863, 1000.000000000000000 ) ;
#9148 = ADVANCED_FACE ( 'NONE', ( #10040 ), #1799, .F. ) ;
#9149 = FACE_OUTER_BOUND ( 'NONE', #8681, .T. ) ;
#9150 = CONICAL_SURFACE ( 'NONE', #8443, 2.000000000000029310, 0.7853981633974396193 ) ;
#9151 = VECTOR ( 'NONE', #8950, 1000.000000000000000 ) ;
#9152 = DIRECTION ( 'NONE',  ( -2.855511894612032274E-16, 0.000000000000000000, 1.000000000000000000 ) ) ;
#9153 = VECTOR ( 'NONE', #2857, 1000.000000000000114 ) ;
#9154 = AXIS2_PLACEMENT_3D ( 'NONE', #3059, #2978, #1826 ) ;
#9155 = CARTESIAN_POINT ( 'NONE',  ( 105.5000000000000284, 12.49999999999999467, 69.59999999999999432 ) ) ;
#9156 = LINE ( 'NONE', #8730, #5056 ) ;
#9157 = EDGE_CURVE ( 'NONE', #825, #5480, #5959, .T. ) ;
#9158 = VECTOR ( 'NONE', #5813, 1000.000000000000000 ) ;
#9159 = CARTESIAN_POINT ( 'NONE',  ( 11.00000000000000533, 54.50000000000000711, 0.000000000000000000 ) ) ;
#9160 = DIRECTION ( 'NONE',  ( -0.000000000000000000, 1.000000000000000000, -0.000000000000000000 ) ) ;
#9161 = EDGE_CURVE ( 'NONE', #11371, #9883, #10458, .T. ) ;
#9162 = DIRECTION ( 'NONE',  ( -0.7071067811865414665, -0.7071067811865536790, 0.000000000000000000 ) ) ;
#9163 = VERTEX_POINT ( 'NONE', #11061 ) ;
#9164 = CARTESIAN_POINT ( 'NONE',  ( 5.000000000000000888, 49.50000000000002132, 64.59999999999993747 ) ) ;
#9165 = CARTESIAN_POINT ( 'NONE',  ( 0.5000000000000027756, 35.49999999999998579, 44.59999999999998721 ) ) ;
#9166 = CARTESIAN_POINT ( 'NONE',  ( 24.00000000000012790, 0.5000000000000195399, 10.00000000000003020 ) ) ;
#9167 = ORIENTED_EDGE ( 'NONE', *, *, #7744, .F. ) ;
#9168 = FACE_OUTER_BOUND ( 'NONE', #8931, .T. ) ;
#9169 = EDGE_CURVE ( 'NONE', #8122, #3144, #6223, .T. ) ;
#9170 = CARTESIAN_POINT ( 'NONE',  ( -0.9999999999999988898, 50.49999999999997158, -9.499999999999996447 ) ) ;
#9171 = CARTESIAN_POINT ( 'NONE',  ( 105.5000000000000284, 4.999999999999999112, -9.499999999999996447 ) ) ;
#9172 = LINE ( 'NONE', #4917, #5151 ) ;
#9173 = FACE_OUTER_BOUND ( 'NONE', #223, .T. ) ;
#9174 = EDGE_CURVE ( 'NONE', #5575, #6854, #1907, .T. ) ;
#9175 = ORIENTED_EDGE ( 'NONE', *, *, #2827, .F. ) ;
#9176 = ADVANCED_FACE ( 'NONE', ( #2069 ), #8109, .F. ) ;
#9177 = DIRECTION ( 'NONE',  ( -0.000000000000000000, 0.000000000000000000, 1.000000000000000000 ) ) ;
#9178 = CONICAL_SURFACE ( 'NONE', #11869, 1.500000000000008216, 0.7853981633974431720 ) ;
#9179 = DIRECTION ( 'NONE',  ( -8.195446571860579663E-34, 1.000000000000000000, -0.000000000000000000 ) ) ;
#9180 = AXIS2_PLACEMENT_3D ( 'NONE', #4351, #3434, #11200 ) ;
#9181 = CARTESIAN_POINT ( 'NONE',  ( 22.50000000000011369, 0.5000000000000195399, 58.59999999999996589 ) ) ;
#9182 = ORIENTED_EDGE ( 'NONE', *, *, #8650, .F. ) ;
#9183 = VERTEX_POINT ( 'NONE', #10866 ) ;
#9184 = CARTESIAN_POINT ( 'NONE',  ( 56.50000000000016342, 0.4999999999999848455, 58.59999999999996589 ) ) ;
#9185 = VERTEX_POINT ( 'NONE', #2409 ) ;
#9186 = DIRECTION ( 'NONE',  ( -0.000000000000000000, 1.000000000000000000, -0.000000000000000000 ) ) ;
#9187 = DIRECTION ( 'NONE',  ( 1.000000000000000000, 0.000000000000000000, 0.000000000000000000 ) ) ;
#9188 = DIRECTION ( 'NONE',  ( 0.7071067811865414665, -1.226634733346721596E-15, -0.7071067811865536790 ) ) ;
#9189 = ORIENTED_EDGE ( 'NONE', *, *, #4429, .F. ) ;
#9190 = VERTEX_POINT ( 'NONE', #11935 ) ;
#9191 = CARTESIAN_POINT ( 'NONE',  ( 2.000000000000000444, 52.49999999999998579, 49.24999999999999289 ) ) ;
#9192 = CARTESIAN_POINT ( 'NONE',  ( 0.5000000000000085487, 59.99999999999998579, 69.09999999999998010 ) ) ;
#9193 = CIRCLE ( 'NONE', #11113, 1.500000000000008216 ) ;
#9194 = CARTESIAN_POINT ( 'NONE',  ( 92.00000000000019895, 3.000000000000000000, 10.00000000000003020 ) ) ;
#9195 = EDGE_LOOP ( 'NONE', ( #4092, #6725, #6852, #5928, #10769, #7160, #5020, #6794, #9565 ) ) ;
#9196 = ORIENTED_EDGE ( 'NONE', *, *, #5614, .T. ) ;
#9197 = FACE_OUTER_BOUND ( 'NONE', #3613, .T. ) ;
#9198 = EDGE_CURVE ( 'NONE', #2238, #3737, #6384, .T. ) ;
#9199 = MECHANICAL_CONTEXT ( 'NONE', #10981, 'mechanical' ) ;
#9200 = ORIENTED_EDGE ( 'NONE', *, *, #8980, .T. ) ;
#9201 = DIRECTION ( 'NONE',  ( 8.195446571860579663E-34, -1.000000000000000000, -0.000000000000000000 ) ) ;
#9202 = PLANE ( 'NONE',  #12125 ) ;
#9203 = EDGE_CURVE ( 'NONE', #1393, #3157, #1839, .T. ) ;
#9204 = ORIENTED_EDGE ( 'NONE', *, *, #8050, .T. ) ;
#9205 = AXIS2_PLACEMENT_3D ( 'NONE', #8172, #1587, #3008 ) ;
#9206 = CIRCLE ( 'NONE', #6624, 2.000000000000029310 ) ;
#9207 = VECTOR ( 'NONE', #12134, 1000.000000000000114 ) ;
#9208 = DIRECTION ( 'NONE',  ( 8.195446571860579663E-34, -1.000000000000000000, -0.000000000000000000 ) ) ;
#9209 = ORIENTED_EDGE ( 'NONE', *, *, #5990, .T. ) ;
#9210 = FACE_OUTER_BOUND ( 'NONE', #5847, .T. ) ;
#9211 = DIRECTION ( 'NONE',  ( 0.000000000000000000, 0.000000000000000000, -1.000000000000000000 ) ) ;
#9212 = ORIENTED_EDGE ( 'NONE', *, *, #10620, .F. ) ;
#9213 = CARTESIAN_POINT ( 'NONE',  ( 113.0000000000000000, 4.999999999999999112, 69.59999999999999432 ) ) ;
#9214 = DIRECTION ( 'NONE',  ( 0.6785983445458371177, 0.6785983445458471097, -0.2810846377148443764 ) ) ;
#9215 = CIRCLE ( 'NONE', #6963, 2.000000000000022649 ) ;
#9216 = LINE ( 'NONE', #5027, #9359 ) ;
#9217 = LINE ( 'NONE', #4921, #4960 ) ;
#9218 = VERTEX_POINT ( 'NONE', #8939 ) ;
#9219 = DIRECTION ( 'NONE',  ( 0.7071067811865504593, -0.7071067811865446862, -2.019151824439022423E-16 ) ) ;
#9220 = VERTEX_POINT ( 'NONE', #7161 ) ;
#9221 = DIRECTION ( 'NONE',  ( 1.000000000000000000, 8.195446571860579663E-34, 0.000000000000000000 ) ) ;
#9222 = FACE_OUTER_BOUND ( 'NONE', #127, .T. ) ;
#9223 = DIRECTION ( 'NONE',  ( 8.195446571860579663E-34, -1.000000000000000000, -0.000000000000000000 ) ) ;
#9224 = VECTOR ( 'NONE', #2319, 1000.000000000000114 ) ;
#9225 = ADVANCED_FACE ( 'NONE', ( #10351 ), #3529, .T. ) ;
#9226 = CARTESIAN_POINT ( 'NONE',  ( -0.9999999999999986677, 49.49999999999997868, 64.59999999999999432 ) ) ;
#9227 = EDGE_CURVE ( 'NONE', #5575, #4173, #6364, .T. ) ;
#9228 = DIRECTION ( 'NONE',  ( -2.855511894612032274E-16, 0.000000000000000000, -1.000000000000000000 ) ) ;
#9229 = DIRECTION ( 'NONE',  ( 8.195446571860579663E-34, -1.000000000000000000, -0.000000000000000000 ) ) ;
#9230 = AXIS2_PLACEMENT_3D ( 'NONE', #11380, #356, #3690 ) ;
#9231 = DIRECTION ( 'NONE',  ( 8.195446571860579663E-34, -1.000000000000000000, -0.000000000000000000 ) ) ;
#9232 = LINE ( 'NONE', #4178, #9146 ) ;
#9233 = AXIS2_PLACEMENT_3D ( 'NONE', #3078, #3962, #1212 ) ;
#9234 = EDGE_LOOP ( 'NONE', ( #3177, #7795, #3781, #6771 ) ) ;
#9235 = CARTESIAN_POINT ( 'NONE',  ( 96.00000000000025580, 3.000000000000000000, 10.00000000000003020 ) ) ;
#9236 = LINE ( 'NONE', #7754, #4755 ) ;
#9237 = VERTEX_POINT ( 'NONE', #11136 ) ;
#9238 = VERTEX_POINT ( 'NONE', #12095 ) ;
#9239 = FACE_OUTER_BOUND ( 'NONE', #860, .T. ) ;
#9240 = CARTESIAN_POINT ( 'NONE',  ( 92.00000000000018474, -2.007884410105826237E-32, 58.59999999999997300 ) ) ;
#9241 = EDGE_CURVE ( 'NONE', #4674, #11889, #2090, .T. ) ;
#9242 = DIRECTION ( 'NONE',  ( -1.000000000000000000, -5.782411586589377360E-16, 0.000000000000000000 ) ) ;
#9243 = CARTESIAN_POINT ( 'NONE',  ( 99.00000000000019895, 10.00000000000000000, 10.00000000000003020 ) ) ;
#9244 = VERTEX_POINT ( 'NONE', #2589 ) ;
#9245 = CARTESIAN_POINT ( 'NONE',  ( 116.0000000000000000, 4.000000000000010658, 69.59999999999999432 ) ) ;
#9246 = CARTESIAN_POINT ( 'NONE',  ( 24.00000000000012434, 2.499999999999976907, 58.59999999999996589 ) ) ;
#9247 = VERTEX_POINT ( 'NONE', #658 ) ;
#9248 = ADVANCED_FACE ( 'NONE', ( #10211 ), #2267, .F. ) ;
#9249 = DIRECTION ( 'NONE',  ( 0.000000000000000000, 0.000000000000000000, -1.000000000000000000 ) ) ;
#9250 = VECTOR ( 'NONE', #668, 1000.000000000000000 ) ;
#9251 = EDGE_LOOP ( 'NONE', ( #1410, #12074, #8376, #563, #4262, #8005, #10187, #9305, #4460, #4530, #9291, #5931, #4941, #10567, #5833, #1148, #8784, #6279 ) ) ;
#9252 = AXIS2_PLACEMENT_3D ( 'NONE', #10467, #18, #5764 ) ;
#9253 = ORIENTED_EDGE ( 'NONE', *, *, #1017, .F. ) ;
#9254 = DIRECTION ( 'NONE',  ( 0.000000000000000000, 1.000000000000000000, 0.000000000000000000 ) ) ;
#9255 = DIRECTION ( 'NONE',  ( 1.000000000000000000, 0.000000000000000000, -0.000000000000000000 ) ) ;
#9256 = VECTOR ( 'NONE', #9457, 1000.000000000000000 ) ;
#9257 = ORIENTED_EDGE ( 'NONE', *, *, #9930, .F. ) ;
#9258 = ORIENTED_EDGE ( 'NONE', *, *, #2571, .F. ) ;
#9259 = DIRECTION ( 'NONE',  ( -0.7071067811865511255, -0.7071067811865440200, 2.019151824439024395E-16 ) ) ;
#9260 = CARTESIAN_POINT ( 'NONE',  ( 69.50000000000017053, 10.00000000000000000, 58.59999999999996589 ) ) ;
#9261 = VERTEX_POINT ( 'NONE', #8196 ) ;
#9262 = ORIENTED_EDGE ( 'NONE', *, *, #10520, .F. ) ;
#9263 = EDGE_CURVE ( 'NONE', #3796, #6872, #2193, .T. ) ;
#9264 = ADVANCED_FACE ( 'NONE', ( #10477 ), #3065, .F. ) ;
#9265 = CARTESIAN_POINT ( 'NONE',  ( 9.000000000000003553, 33.50000000000178346, 38.00000000006348699 ) ) ;
#9266 = DIRECTION ( 'NONE',  ( 8.195446571860579663E-34, -1.000000000000000000, -0.000000000000000000 ) ) ;
#9267 = PLANE ( 'NONE',  #12356 ) ;
#9268 = CARTESIAN_POINT ( 'NONE',  ( 37.00000000000014921, 0.5000000000000125455, 58.59999999999996589 ) ) ;
#9269 = EDGE_CURVE ( 'NONE', #11726, #1146, #6002, .T. ) ;
#9270 = VERTEX_POINT ( 'NONE', #1700 ) ;
#9271 = FACE_BOUND ( 'NONE', #6892, .T. ) ;
#9272 = DIRECTION ( 'NONE',  ( 0.000000000000000000, 1.000000000000000000, 0.000000000000000000 ) ) ;
#9273 = ADVANCED_FACE ( 'NONE', ( #2019 ), #8366, .T. ) ;
#9274 = AXIS2_PLACEMENT_3D ( 'NONE', #3802, #2104, #831 ) ;
#9275 = FACE_OUTER_BOUND ( 'NONE', #8391, .T. ) ;
#9276 = ORIENTED_EDGE ( 'NONE', *, *, #38, .T. ) ;
#9277 = ORIENTED_EDGE ( 'NONE', *, *, #12016, .F. ) ;
#9278 = LINE ( 'NONE', #3269, #5229 ) ;
#9279 = LINE ( 'NONE', #764, #9158 ) ;
#9280 = DIRECTION ( 'NONE',  ( 1.000000000000000000, 8.195446571860579663E-34, 2.855511894612032274E-16 ) ) ;
#9281 = LINE ( 'NONE', #7313, #1157 ) ;
#9282 = AXIS2_PLACEMENT_3D ( 'NONE', #2538, #9935, #3479 ) ;
#9283 = EDGE_CURVE ( 'NONE', #12108, #596, #10374, .T. ) ;
#9284 = VERTEX_POINT ( 'NONE', #12208 ) ;
#9285 = CARTESIAN_POINT ( 'NONE',  ( 3.000000000000004441, 22.85000000000002629, 38.50000000006347989 ) ) ;
#9286 = VECTOR ( 'NONE', #8490, 1000.000000000000000 ) ;
#9287 = EDGE_CURVE ( 'NONE', #609, #3373, #6429, .T. ) ;
#9288 = CARTESIAN_POINT ( 'NONE',  ( 108.0299189394913242, 11.86512392830504936, -10.63487607169493820 ) ) ;
#9289 = CIRCLE ( 'NONE', #11705, 2.000000000000029310 ) ;
#9290 = CARTESIAN_POINT ( 'NONE',  ( 0.4999999999999735767, 55.49999999999999289, 50.39999999999999147 ) ) ;
#9291 = ORIENTED_EDGE ( 'NONE', *, *, #10575, .F. ) ;
#9292 = DIRECTION ( 'NONE',  ( 0.7071067811865574537, 9.038361193081073008E-17, -0.7071067811865375807 ) ) ;
#9293 = EDGE_CURVE ( 'NONE', #267, #9185, #10397, .T. ) ;
#9294 = AXIS2_PLACEMENT_3D ( 'NONE', #10316, #12184, #4809 ) ;
#9295 = LINE ( 'NONE', #1774, #1354 ) ;
#9296 = DIRECTION ( 'NONE',  ( -0.7071067811865549002, -0.7071067811865402453, 1.981017077635343097E-14 ) ) ;
#9297 = EDGE_CURVE ( 'NONE', #1709, #6238, #2218, .T. ) ;
#9298 = CARTESIAN_POINT ( 'NONE',  ( 6.000000000000001776, 59.99999999999997868, -10.00000000000000000 ) ) ;
#9299 = FACE_OUTER_BOUND ( 'NONE', #262, .T. ) ;
#9300 = PLANE ( 'NONE',  #4245 ) ;
#9301 = VERTEX_POINT ( 'NONE', #12365 ) ;
#9302 = CARTESIAN_POINT ( 'NONE',  ( 50.50000000000017764, -5.408994737427967080E-32, 10.00000000000003020 ) ) ;
#9303 = VECTOR ( 'NONE', #10803, 1000.000000000000000 ) ;
#9304 = AXIS2_PLACEMENT_3D ( 'NONE', #1464, #3393, #10890 ) ;
#9305 = ORIENTED_EDGE ( 'NONE', *, *, #3538, .T. ) ;
#9306 = ORIENTED_EDGE ( 'NONE', *, *, #8008, .F. ) ;
#9307 = EDGE_CURVE ( 'NONE', #7390, #587, #10500, .T. ) ;
#9308 = VECTOR ( 'NONE', #8889, 1000.000000000000000 ) ;
#9309 = VECTOR ( 'NONE', #3610, 1000.000000000000000 ) ;
#9310 = ORIENTED_EDGE ( 'NONE', *, *, #4628, .F. ) ;
#9311 = EDGE_CURVE ( 'NONE', #9787, #2774, #1920, .T. ) ;
#9312 = CIRCLE ( 'NONE', #10344, 2.000000000000071054 ) ;
#9313 = LINE ( 'NONE', #8637, #909 ) ;
#9314 = EDGE_LOOP ( 'NONE', ( #9988, #4252, #4470, #3769 ) ) ;
#9315 = VECTOR ( 'NONE', #11401, 1000.000000000000000 ) ;
#9316 = VECTOR ( 'NONE', #8781, 1000.000000000000000 ) ;
#9317 = EDGE_CURVE ( 'NONE', #8246, #596, #10180, .T. ) ;
#9318 = DIRECTION ( 'NONE',  ( 0.000000000000000000, 0.000000000000000000, 1.000000000000000000 ) ) ;
#9319 = ADVANCED_FACE ( 'NONE', ( #1950 ), #4471, .T. ) ;
#9320 = DIRECTION ( 'NONE',  ( 0.000000000000000000, -1.000000000000000000, 0.000000000000000000 ) ) ;
#9321 = EDGE_LOOP ( 'NONE', ( #3914, #10543, #10326, #4297 ) ) ;
#9322 = EDGE_CURVE ( 'NONE', #9327, #8283, #6132, .T. ) ;
#9323 = CARTESIAN_POINT ( 'NONE',  ( 55.00000000000015632, 2.499999999999970246, 60.09999999999997300 ) ) ;
#9324 = CARTESIAN_POINT ( 'NONE',  ( 37.50000000000015632, 3.000000000000000000, 58.59999999999996589 ) ) ;
#9325 = VERTEX_POINT ( 'NONE', #1153 ) ;
#9326 = ORIENTED_EDGE ( 'NONE', *, *, #9091, .T. ) ;
#9327 = VERTEX_POINT ( 'NONE', #5962 ) ;
#9328 = CARTESIAN_POINT ( 'NONE',  ( 105.5000000000000142, 13.00000000000000000, 2.000000000000000000 ) ) ;
#9329 = EDGE_CURVE ( 'NONE', #7125, #3146, #2377, .T. ) ;
#9330 = CARTESIAN_POINT ( 'NONE',  ( 116.0000000000000000, 6.250000000000000888, -9.749999999999992895 ) ) ;
#9331 = AXIS2_PLACEMENT_3D ( 'NONE', #10641, #5063, #9670 ) ;
#9332 = VERTEX_POINT ( 'NONE', #5201 ) ;
#9333 = FACE_OUTER_BOUND ( 'NONE', #10022, .T. ) ;
#9334 = DIRECTION ( 'NONE',  ( 0.000000000000000000, 0.000000000000000000, 1.000000000000000000 ) ) ;
#9335 = DIRECTION ( 'NONE',  ( -0.000000000000000000, 0.000000000000000000, -1.000000000000000000 ) ) ;
#9336 = LINE ( 'NONE', #25, #1061 ) ;
#9337 = CARTESIAN_POINT ( 'NONE',  ( 35.50000000000012790, 3.000000000000000000, 60.59999999999999432 ) ) ;
#9338 = VECTOR ( 'NONE', #10848, 1000.000000000000000 ) ;
#9339 = ORIENTED_EDGE ( 'NONE', *, *, #10335, .F. ) ;
#9340 = VECTOR ( 'NONE', #9691, 1000.000000000000000 ) ;
#9341 = CARTESIAN_POINT ( 'NONE',  ( 87.50000000000021316, 0.5000000000000195399, 10.00000000000003020 ) ) ;
#9342 = CARTESIAN_POINT ( 'NONE',  ( 74.50000000000018474, -3.442087560181427277E-32, 10.00000000000003020 ) ) ;
#9343 = CARTESIAN_POINT ( 'NONE',  ( 9.000000000000005329, 21.70000000000172946, 41.75000000006208012 ) ) ;
#9344 = CARTESIAN_POINT ( 'NONE',  ( 14.00000000000000533, 54.00000000000000711, -10.00000000000000000 ) ) ;
#9345 = EDGE_CURVE ( 'NONE', #3028, #3683, #10892, .T. ) ;
#9346 = DIRECTION ( 'NONE',  ( 0.000000000000000000, 0.7071067811865410224, 0.7071067811865540120 ) ) ;
#9347 = ORIENTED_EDGE ( 'NONE', *, *, #4575, .T. ) ;
#9348 = ORIENTED_EDGE ( 'NONE', *, *, #3639, .T. ) ;
#9349 = CARTESIAN_POINT ( 'NONE',  ( 40.50000000000013500, 0.5000000000000125455, 10.00000000000003020 ) ) ;
#9350 = ADVANCED_FACE ( 'NONE', ( #2526 ), #6167, .F. ) ;
#9351 = DIRECTION ( 'NONE',  ( 0.000000000000000000, -0.7071067811865512365, -0.7071067811865439090 ) ) ;
#9352 = ORIENTED_EDGE ( 'NONE', *, *, #6336, .F. ) ;
#9353 = LINE ( 'NONE', #9288, #1094 ) ;
#9354 = VECTOR ( 'NONE', #6178, 1000.000000000000114 ) ;
#9355 = AXIS2_PLACEMENT_3D ( 'NONE', #9721, #9807, #1444 ) ;
#9356 = ORIENTED_EDGE ( 'NONE', *, *, #1044, .T. ) ;
#9357 = LINE ( 'NONE', #5884, #9592 ) ;
#9358 = CARTESIAN_POINT ( 'NONE',  ( 1.999999999999896749, 52.49999999999998579, 19.24999999999999645 ) ) ;
#9359 = VECTOR ( 'NONE', #5988, 1000.000000000000000 ) ;
#9360 = VECTOR ( 'NONE', #6492, 999.9999999999998863 ) ;
#9361 = ORIENTED_EDGE ( 'NONE', *, *, #12245, .T. ) ;
#9362 = VECTOR ( 'NONE', #5100, 1000.000000000000227 ) ;
#9363 = VERTEX_POINT ( 'NONE', #7326 ) ;
#9364 = ADVANCED_FACE ( 'NONE', ( #6864 ), #4268, .F. ) ;
#9365 = ORIENTED_EDGE ( 'NONE', *, *, #8935, .T. ) ;
#9366 = ORIENTED_EDGE ( 'NONE', *, *, #11783, .T. ) ;
#9367 = DIRECTION ( 'NONE',  ( 1.147978770867005115E-16, -1.000000000000000000, 0.000000000000000000 ) ) ;
#9368 = EDGE_CURVE ( 'NONE', #9883, #708, #10826, .T. ) ;
#9369 = FACE_OUTER_BOUND ( 'NONE', #7397, .T. ) ;
#9370 = ORIENTED_EDGE ( 'NONE', *, *, #2667, .T. ) ;
#9371 = DIRECTION ( 'NONE',  ( 8.195446571860579663E-34, -1.000000000000000000, -0.000000000000000000 ) ) ;
#9372 = CARTESIAN_POINT ( 'NONE',  ( 13.49999999999999822, 54.00000000000001421, 69.59999999999999432 ) ) ;
#9374 = ORIENTED_EDGE ( 'NONE', *, *, #11486, .T. ) ;
#9373 = LINE ( 'NONE', #3034, #1119 ) ;
#9375 = CARTESIAN_POINT ( 'NONE',  ( 13.50000000000000178, 54.50000000000000711, -10.00000000000000000 ) ) ;
#9376 = CARTESIAN_POINT ( 'NONE',  ( 14.50000000000003020, 2.499999999999987566, 10.00000000000003020 ) ) ;
#9377 = ADVANCED_FACE ( 'NONE', ( #6546, #6609 ), #9846, .F. ) ;
#9378 = LINE ( 'NONE', #3761, #9607 ) ;
#9379 = DIRECTION ( 'NONE',  ( 1.000000000000000000, 1.147978770867005115E-16, -0.000000000000000000 ) ) ;
#9380 = LINE ( 'NONE', #7491, #5533 ) ;
#9381 = EDGE_CURVE ( 'NONE', #3157, #9486, #2406, .T. ) ;
#9382 = CARTESIAN_POINT ( 'NONE',  ( 72.50000000000015632, -3.605996491618641436E-32, 10.00000000000003020 ) ) ;
#9383 = EDGE_LOOP ( 'NONE', ( #11419, #2252, #2341 ) ) ;
#9384 = DIRECTION ( 'NONE',  ( 0.000000000000000000, 0.000000000000000000, -1.000000000000000000 ) ) ;
#9385 = CARTESIAN_POINT ( 'NONE',  ( 5.000000000000000888, 55.50000000000000000, 22.09999999999999432 ) ) ;
#9386 = PLANE ( 'NONE',  #4810 ) ;
#9387 = ORIENTED_EDGE ( 'NONE', *, *, #7435, .F. ) ;
#9388 = VERTEX_POINT ( 'NONE', #10141 ) ;
#9389 = CARTESIAN_POINT ( 'NONE',  ( 105.5000000000000284, 4.000000000000010658, 69.59999999999999432 ) ) ;
#9391 = ORIENTED_EDGE ( 'NONE', *, *, #10802, .T. ) ;
#9390 = FACE_OUTER_BOUND ( 'NONE', #7402, .T. ) ;
#9392 = LINE ( 'NONE', #682, #5386 ) ;
#9393 = LINE ( 'NONE', #986, #1320 ) ;
#9394 = ORIENTED_EDGE ( 'NONE', *, *, #2889, .F. ) ;
#9395 = EDGE_CURVE ( 'NONE', #3373, #3846, #6680, .T. ) ;
#9396 = CARTESIAN_POINT ( 'NONE',  ( 5.510910596163067862E-16, 55.50000000000000000, 22.09999999999999432 ) ) ;
#9397 = FACE_OUTER_BOUND ( 'NONE', #7983, .T. ) ;
#9398 = DIRECTION ( 'NONE',  ( 1.000000000000000000, -1.245442495573092286E-16, -0.000000000000000000 ) ) ;
#9399 = EDGE_CURVE ( 'NONE', #3011, #7503, #2628, .T. ) ;
#9400 = DIRECTION ( 'NONE',  ( 0.000000000000000000, 0.000000000000000000, -1.000000000000000000 ) ) ;
#9401 = CARTESIAN_POINT ( 'NONE',  ( 92.50000000000021316, 2.499999999999976907, 10.00000000000003020 ) ) ;
#9402 = DIRECTION ( 'NONE',  ( -1.427755947306016137E-16, -1.170109758380264387E-49, 1.000000000000000000 ) ) ;
#9403 = AXIS2_PLACEMENT_3D ( 'NONE', #11352, #782, #9320 ) ;
#9404 = DIRECTION ( 'NONE',  ( -0.7071067811865449082, 0.000000000000000000, 0.7071067811865501263 ) ) ;
#9405 = ORIENTED_EDGE ( 'NONE', *, *, #10522, .F. ) ;
#9406 = CARTESIAN_POINT ( 'NONE',  ( 113.5000000000000000, 4.500000000000013323, -10.00000000000000000 ) ) ;
#9407 = VERTEX_POINT ( 'NONE', #2296 ) ;
#9408 = EDGE_CURVE ( 'NONE', #8244, #11889, #10718, .T. ) ;
#9409 = CARTESIAN_POINT ( 'NONE',  ( 82.50000000000019895, 0.5000000000000195399, 10.00000000000003020 ) ) ;
#9410 = DIRECTION ( 'NONE',  ( 1.000000000000000000, 1.141265444721583018E-16, -5.866014694162371451E-32 ) ) ;
#9411 = FACE_OUTER_BOUND ( 'NONE', #7416, .T. ) ;
#9412 = CARTESIAN_POINT ( 'NONE',  ( 94.00000000000019895, 0.5000000000000195399, 58.59999999999996589 ) ) ;
#9413 = CARTESIAN_POINT ( 'NONE',  ( 100.5000000000002274, 0.5000000000000056621, 8.500000000000000000 ) ) ;
#9414 = VECTOR ( 'NONE', #9266, 1000.000000000000000 ) ;
#9415 = CARTESIAN_POINT ( 'NONE',  ( 4.500000000000003553, 48.99999999999997868, 42.59999999999998721 ) ) ;
#9416 = VERTEX_POINT ( 'NONE', #2959 ) ;
#9417 = LINE ( 'NONE', #10931, #9630 ) ;
#9418 = LINE ( 'NONE', #2590, #914 ) ;
#9419 = DIRECTION ( 'NONE',  ( -1.000000000000000000, 0.000000000000000000, 0.000000000000000000 ) ) ;
#9420 = EDGE_CURVE ( 'NONE', #11525, #10773, #2585, .T. ) ;
#9421 = ORIENTED_EDGE ( 'NONE', *, *, #9317, .F. ) ;
#9422 = VECTOR ( 'NONE', #2228, 1000.000000000000114 ) ;
#9423 = ADVANCED_FACE ( 'NONE', ( #10780 ), #897, .F. ) ;
#9424 = CARTESIAN_POINT ( 'NONE',  ( 100.5000000000002274, 0.5000000000000056621, 58.59999999999996589 ) ) ;
#9425 = CARTESIAN_POINT ( 'NONE',  ( 105.5000000000000284, 0.5000000000000029976, 69.59999999999999432 ) ) ;
#9426 = EDGE_LOOP ( 'NONE', ( #8130, #242, #9277, #8951 ) ) ;
#9427 = EDGE_LOOP ( 'NONE', ( #10019, #147, #8680, #3136 ) ) ;
#9428 = CARTESIAN_POINT ( 'NONE',  ( 92.50000000000021316, 2.499999999999976907, 10.00000000000003020 ) ) ;
#9429 = AXIS2_PLACEMENT_3D ( 'NONE', #6556, #4627, #2548 ) ;
#9430 = CARTESIAN_POINT ( 'NONE',  ( 5.000000000000000888, 57.19999999999999574, 52.09999999999999432 ) ) ;
#9431 = VERTEX_POINT ( 'NONE', #4682 ) ;
#9432 = CARTESIAN_POINT ( 'NONE',  ( 105.0000000000000284, 13.00000000000000000, -10.00000000000000000 ) ) ;
#9433 = CARTESIAN_POINT ( 'NONE',  ( 3.000000000000007105, 3.450649638746445825E-16, 5.866014694162330945E-32 ) ) ;
#9434 = VECTOR ( 'NONE', #11816, 1000.000000000000114 ) ;
#9435 = VECTOR ( 'NONE', #1658, 1000.000000000000000 ) ;
#9436 = ORIENTED_EDGE ( 'NONE', *, *, #11568, .T. ) ;
#9437 = FACE_OUTER_BOUND ( 'NONE', #8393, .T. ) ;
#9438 = LINE ( 'NONE', #1046, #9628 ) ;
#9439 = AXIS2_PLACEMENT_3D ( 'NONE', #10555, #3941, #4023 ) ;
#9440 = ORIENTED_EDGE ( 'NONE', *, *, #4389, .F. ) ;
#9441 = EDGE_CURVE ( 'NONE', #10694, #10792, #10870, .T. ) ;
#9442 = CIRCLE ( 'NONE', #4774, 1.500000000000015099 ) ;
#9443 = LINE ( 'NONE', #1259, #9422 ) ;
#9444 = EDGE_CURVE ( 'NONE', #3457, #9040, #10996, .T. ) ;
#9445 = EDGE_LOOP ( 'NONE', ( #3501, #2611, #9783, #7657, #1160 ) ) ;
#9446 = ORIENTED_EDGE ( 'NONE', *, *, #5605, .F. ) ;
#9447 = VECTOR ( 'NONE', #8111, 1000.000000000000000 ) ;
#9448 = EDGE_CURVE ( 'NONE', #8431, #4173, #6802, .T. ) ;
#9449 = ADVANCED_FACE ( 'NONE', ( #6820 ), #6845, .F. ) ;
#9450 = DIRECTION ( 'NONE',  ( -1.000000000000000000, -1.147978770867005115E-16, 0.000000000000000000 ) ) ;
#9451 = ORIENTED_EDGE ( 'NONE', *, *, #11520, .T. ) ;
#9452 = FACE_OUTER_BOUND ( 'NONE', #1863, .T. ) ;
#9453 = ORIENTED_EDGE ( 'NONE', *, *, #9117, .T. ) ;
#9454 = VECTOR ( 'NONE', #11144, 1000.000000000000000 ) ;
#9455 = EDGE_CURVE ( 'NONE', #6781, #10717, #2976, .T. ) ;
#9456 = CARTESIAN_POINT ( 'NONE',  ( 1.000000000000005329, 33.50000000000178346, 9.100000000063497296 ) ) ;
#9457 = DIRECTION ( 'NONE',  ( 4.807406715958812659E-16, 0.7071067811865392461, 0.7071067811865558994 ) ) ;
#9458 = FACE_OUTER_BOUND ( 'NONE', #9314, .T. ) ;
#9459 = ORIENTED_EDGE ( 'NONE', *, *, #2053, .F. ) ;
#9460 = DIRECTION ( 'NONE',  ( 0.000000000000000000, -1.000000000000000000, 0.000000000000000000 ) ) ;
#9461 = ORIENTED_EDGE ( 'NONE', *, *, #3315, .T. ) ;
#9462 = DIRECTION ( 'NONE',  ( 0.7071067811865549002, 1.194414594918079928E-15, 0.7071067811865402453 ) ) ;
#9463 = PLANE ( 'NONE',  #3994 ) ;
#9464 = AXIS2_PLACEMENT_3D ( 'NONE', #3726, #7610, #7691 ) ;
#9465 = FACE_OUTER_BOUND ( 'NONE', #5592, .T. ) ;
#9466 = DIRECTION ( 'NONE',  ( -1.000000000000000000, -0.000000000000000000, -0.000000000000000000 ) ) ;
#9467 = FACE_OUTER_BOUND ( 'NONE', #10475, .T. ) ;
#9468 = DIRECTION ( 'NONE',  ( 0.7071067811865439090, -0.7071067811865512365, 0.000000000000000000 ) ) ;
#9469 = ORIENTED_EDGE ( 'NONE', *, *, #196, .F. ) ;
#9470 = ORIENTED_EDGE ( 'NONE', *, *, #1788, .T. ) ;
#9471 = ADVANCED_FACE ( 'NONE', ( #11085 ), #2796, .F. ) ;
#9472 = CARTESIAN_POINT ( 'NONE',  ( 24.00000000000012434, 10.00000000000000000, 58.59999999999996589 ) ) ;
#9473 = PLANE ( 'NONE',  #10711 ) ;
#9474 = ORIENTED_EDGE ( 'NONE', *, *, #9444, .F. ) ;
#9475 = ORIENTED_EDGE ( 'NONE', *, *, #6920, .F. ) ;
#9476 = CARTESIAN_POINT ( 'NONE',  ( 105.0000000000000284, 12.49999999999999467, 69.59999999999999432 ) ) ;
#9477 = DIRECTION ( 'NONE',  ( 8.117435735382577522E-17, -0.7071067811865479058, 0.7071067811865472397 ) ) ;
#9478 = VERTEX_POINT ( 'NONE', #3260 ) ;
#9479 = LINE ( 'NONE', #11362, #1366 ) ;
#9480 = VERTEX_POINT ( 'NONE', #6943 ) ;
#9481 = DIRECTION ( 'NONE',  ( 0.000000000000000000, -1.000000000000000000, 0.000000000000000000 ) ) ;
#9482 = ORIENTED_EDGE ( 'NONE', *, *, #5908, .F. ) ;
#9483 = ADVANCED_FACE ( 'NONE', ( #11242 ), #10895, .T. ) ;
#9484 = FACE_OUTER_BOUND ( 'NONE', #2556, .T. ) ;
#9485 = EDGE_CURVE ( 'NONE', #4217, #7839, #11041, .T. ) ;
#9486 = VERTEX_POINT ( 'NONE', #6110 ) ;
#9487 = ORIENTED_EDGE ( 'NONE', *, *, #2026, .T. ) ;
#9488 = CARTESIAN_POINT ( 'NONE',  ( 0.4999999999999735767, 55.49999999999999289, 52.09999999999999432 ) ) ;
#9489 = EDGE_CURVE ( 'NONE', #8097, #9560, #7191, .T. ) ;
#9490 = EDGE_LOOP ( 'NONE', ( #10932, #7836 ) ) ;
#9491 = AXIS2_PLACEMENT_3D ( 'NONE', #9116, #3303, #1527 ) ;
#9492 = CARTESIAN_POINT ( 'NONE',  ( 105.5000000000000284, 6.500000000000025757, 69.59999999999999432 ) ) ;
#9493 = EDGE_LOOP ( 'NONE', ( #10661, #10437, #1669, #11499 ) ) ;
#9494 = CARTESIAN_POINT ( 'NONE',  ( 35.50000000000012790, 2.499999999999984013, 58.59999999999996589 ) ) ;
#9495 = PLANE ( 'NONE',  #3541 ) ;
#9496 = VECTOR ( 'NONE', #2251, 1000.000000000000000 ) ;
#9497 = DIRECTION ( 'NONE',  ( 0.5773502691896257311, -0.5773502691896217343, -0.5773502691896297279 ) ) ;
#9498 = ORIENTED_EDGE ( 'NONE', *, *, #8839, .T. ) ;
#9499 = DIRECTION ( 'NONE',  ( -1.922962686383612874E-16, -0.7071067811865402453, 0.7071067811865549002 ) ) ;
#9500 = CYLINDRICAL_SURFACE ( 'NONE', #428, 1.700000000000000178 ) ;
#9501 = ORIENTED_EDGE ( 'NONE', *, *, #7007, .F. ) ;
#9502 = ORIENTED_EDGE ( 'NONE', *, *, #8527, .T. ) ;
#9503 = CARTESIAN_POINT ( 'NONE',  ( 5.000000000000007105, 6.292893218815239997, 9.000000000063494099 ) ) ;
#9504 = DIRECTION ( 'NONE',  ( -0.000000000000000000, -0.000000000000000000, 1.000000000000000000 ) ) ;
#9505 = LINE ( 'NONE', #5090, #5389 ) ;
#9506 = CARTESIAN_POINT ( 'NONE',  ( 29.00000000000014211, 0.4999999999999848455, 10.00000000000003020 ) ) ;
#9507 = DIRECTION ( 'NONE',  ( -8.195446571860579663E-34, 1.000000000000000000, -0.000000000000000000 ) ) ;
#9508 = PLANE ( 'NONE',  #2852 ) ;
#9509 = EDGE_LOOP ( 'NONE', ( #8101, #3616, #7471, #8297 ) ) ;
#9510 = AXIS2_PLACEMENT_3D ( 'NONE', #5178, #1071, #224 ) ;
#9511 = DIRECTION ( 'NONE',  ( 1.000000000000000000, 8.195446571860586505E-34, 0.000000000000000000 ) ) ;
#9512 = LINE ( 'NONE', #7579, #9728 ) ;
#9513 = CARTESIAN_POINT ( 'NONE',  ( 76.00000000000018474, 0.5000000000000195399, 58.59999999999996589 ) ) ;
#9514 = VERTEX_POINT ( 'NONE', #1439 ) ;
#9515 = CARTESIAN_POINT ( 'NONE',  ( -1.369196745660520767E-16, 50.61803398874989313, 69.09999999999998010 ) ) ;
#9516 = AXIS2_PLACEMENT_3D ( 'NONE', #503, #2519, #5041 ) ;
#9517 = VECTOR ( 'NONE', #5563, 1000.000000000000000 ) ;
#9518 = EDGE_LOOP ( 'NONE', ( #2173, #1351, #10664, #10592 ) ) ;
#9519 = VECTOR ( 'NONE', #3143, 1000.000000000000000 ) ;
#9520 = VECTOR ( 'NONE', #8913, 1000.000000000000000 ) ;
#9521 = DIRECTION ( 'NONE',  ( 9.038361193080950981E-17, -0.7071067811865479058, 0.7071067811865472397 ) ) ;
#9522 = EDGE_LOOP ( 'NONE', ( #3226, #1912, #5909, #7354 ) ) ;
#9523 = FACE_OUTER_BOUND ( 'NONE', #10223, .T. ) ;
#9524 = LINE ( 'NONE', #9978, #9316 ) ;
#9525 = CARTESIAN_POINT ( 'NONE',  ( 1.000000000000005107, 17.15000000000002345, 38.50000000006347989 ) ) ;
#9526 = EDGE_CURVE ( 'NONE', #7885, #4683, #6976, .T. ) ;
#9527 = ADVANCED_FACE ( 'NONE', ( #11206 ), #30, .F. ) ;
#9528 = EDGE_LOOP ( 'NONE', ( #4592, #4529, #8059, #12044 ) ) ;
#9529 = EDGE_CURVE ( 'NONE', #12045, #71, #2846, .T. ) ;
#9530 = EDGE_CURVE ( 'NONE', #3928, #675, #3147, .T. ) ;
#9531 = LINE ( 'NONE', #3455, #5439 ) ;
#9532 = VECTOR ( 'NONE', #10852, 1000.000000000000000 ) ;
#9533 = AXIS2_PLACEMENT_3D ( 'NONE', #1720, #4716, #5595 ) ;
#9534 = VERTEX_POINT ( 'NONE', #6288 ) ;
#9535 = FACE_OUTER_BOUND ( 'NONE', #8559, .T. ) ;
#9536 = VECTOR ( 'NONE', #12021, 1000.000000000000000 ) ;
#9537 = CARTESIAN_POINT ( 'NONE',  ( 69.50000000000017053, 2.499999999999963141, 58.59999999999996589 ) ) ;
#9538 = FACE_BOUND ( 'NONE', #6955, .T. ) ;
#9539 = DIRECTION ( 'NONE',  ( -1.000000000000000000, -1.147978770867005115E-16, 0.000000000000000000 ) ) ;
#9540 = VERTEX_POINT ( 'NONE', #7270 ) ;
#9541 = CARTESIAN_POINT ( 'NONE',  ( -0.9999999999999935607, 4.146446609408518391, 36.35355339065676361 ) ) ;
#9542 = ORIENTED_EDGE ( 'NONE', *, *, #11783, .F. ) ;
#9543 = ORIENTED_EDGE ( 'NONE', *, *, #8018, .T. ) ;
#9544 = ADVANCED_FACE ( 'NONE', ( #11287 ), #1003, .F. ) ;
#9545 = LINE ( 'NONE', #6909, #1609 ) ;
#9546 = ORIENTED_EDGE ( 'NONE', *, *, #6916, .F. ) ;
#9547 = VECTOR ( 'NONE', #5255, 1000.000000000000000 ) ;
#9548 = CYLINDRICAL_SURFACE ( 'NONE', #8632, 1.500000000000008216 ) ;
#9549 = VERTEX_POINT ( 'NONE', #7678 ) ;
#9550 = FACE_OUTER_BOUND ( 'NONE', #11789, .T. ) ;
#9551 = DIRECTION ( 'NONE',  ( -1.000000000000000000, 0.000000000000000000, 0.000000000000000000 ) ) ;
#9552 = AXIS2_PLACEMENT_3D ( 'NONE', #4340, #2287, #4243 ) ;
#9553 = LINE ( 'NONE', #6514, #9571 ) ;
#9554 = VERTEX_POINT ( 'NONE', #3893 ) ;
#9555 = EDGE_CURVE ( 'NONE', #11612, #11106, #2931, .T. ) ;
#9556 = ORIENTED_EDGE ( 'NONE', *, *, #710, .T. ) ;
#9557 = CARTESIAN_POINT ( 'NONE',  ( 60.00000000000014921, 2.499999999999984013, 58.59999999999996589 ) ) ;
#9558 = ORIENTED_EDGE ( 'NONE', *, *, #1525, .T. ) ;
#9559 = DIRECTION ( 'NONE',  ( 0.000000000000000000, 0.000000000000000000, 1.000000000000000000 ) ) ;
#9560 = VERTEX_POINT ( 'NONE', #10586 ) ;
#9561 = ADVANCED_FACE ( 'NONE', ( #7126 ), #7152, .F. ) ;
#9562 = CARTESIAN_POINT ( 'NONE',  ( 17.50000000000021672, 10.00000000000000000, 58.59999999999996589 ) ) ;
#9563 = LINE ( 'NONE', #4284, #9754 ) ;
#9564 = CARTESIAN_POINT ( 'NONE',  ( 113.5000000000000000, 6.000000000000007105, -10.00000000000000000 ) ) ;
#9565 = ORIENTED_EDGE ( 'NONE', *, *, #4804, .T. ) ;
#9566 = VECTOR ( 'NONE', #7047, 1000.000000000000000 ) ;
#9567 = DIRECTION ( 'NONE',  ( 0.000000000000000000, 0.000000000000000000, -1.000000000000000000 ) ) ;
#9568 = EDGE_CURVE ( 'NONE', #610, #1089, #11400, .T. ) ;
#9569 = ADVANCED_FACE ( 'NONE', ( #7023 ), #2874, .F. ) ;
#9570 = CARTESIAN_POINT ( 'NONE',  ( 105.5000000000000995, 59.49999999999986500, 69.59999999999999432 ) ) ;
#9571 = VECTOR ( 'NONE', #2666, 1000.000000000000000 ) ;
#9572 = VECTOR ( 'NONE', #11336, 1000.000000000000000 ) ;
#9573 = ORIENTED_EDGE ( 'NONE', *, *, #10704, .T. ) ;
#9574 = ORIENTED_EDGE ( 'NONE', *, *, #212, .F. ) ;
#9575 = AXIS2_PLACEMENT_3D ( 'NONE', #7239, #7061, #2504 ) ;
#9576 = CARTESIAN_POINT ( 'NONE',  ( 35.50000000000014921, -6.638311723207056031E-32, 10.00000000000003020 ) ) ;
#9577 = LINE ( 'NONE', #6956, #1123 ) ;
#9578 = DIRECTION ( 'NONE',  ( -0.7071067811865491270, 2.730637164682115631E-16, 0.7071067811865459074 ) ) ;
#9579 = LINE ( 'NONE', #5032, #1357 ) ;
#9580 = DIRECTION ( 'NONE',  ( 0.000000000000000000, 0.000000000000000000, -1.000000000000000000 ) ) ;
#9581 = EDGE_LOOP ( 'NONE', ( #7832, #7347, #11710, #3239 ) ) ;
#9582 = CARTESIAN_POINT ( 'NONE',  ( 50.00000000000015632, 10.00000000000000000, 58.59999999999996589 ) ) ;
#9583 = AXIS2_PLACEMENT_3D ( 'NONE', #8985, #1402, #3348 ) ;
#9584 = ORIENTED_EDGE ( 'NONE', *, *, #3224, .F. ) ;
#9585 = DIRECTION ( 'NONE',  ( 0.000000000000000000, 0.000000000000000000, 1.000000000000000000 ) ) ;
#9586 = LINE ( 'NONE', #11724, #9911 ) ;
#9587 = EDGE_CURVE ( 'NONE', #11665, #5955, #11227, .T. ) ;
#9588 = ORIENTED_EDGE ( 'NONE', *, *, #5717, .F. ) ;
#9589 = ORIENTED_EDGE ( 'NONE', *, *, #9598, .T. ) ;
#9590 = PLANE ( 'NONE',  #5393 ) ;
#9591 = EDGE_CURVE ( 'NONE', #4427, #11584, #2999, .T. ) ;
#9592 = VECTOR ( 'NONE', #1067, 1000.000000000000000 ) ;
#9593 = CARTESIAN_POINT ( 'NONE',  ( 116.5000000000000000, 6.500000000000009770, -9.499999999999996447 ) ) ;
#9594 = DIRECTION ( 'NONE',  ( 0.7071067811865402453, 0.000000000000000000, -0.7071067811865549002 ) ) ;
#9595 = EDGE_CURVE ( 'NONE', #605, #12303, #2898, .T. ) ;
#9596 = CARTESIAN_POINT ( 'NONE',  ( 68.00000000000017053, 3.000000000000000000, 58.59999999999996589 ) ) ;
#9597 = ORIENTED_EDGE ( 'NONE', *, *, #10576, .F. ) ;
#9598 = EDGE_CURVE ( 'NONE', #4198, #7595, #11141, .T. ) ;
#9599 = VERTEX_POINT ( 'NONE', #9192 ) ;
#9600 = FACE_OUTER_BOUND ( 'NONE', #8635, .T. ) ;
#9601 = AXIS2_PLACEMENT_3D ( 'NONE', #10308, #5624, #21 ) ;
#9602 = LINE ( 'NONE', #5476, #1424 ) ;
#9603 = LINE ( 'NONE', #11120, #5529 ) ;
#9604 = VERTEX_POINT ( 'NONE', #4671 ) ;
#9605 = CARTESIAN_POINT ( 'NONE',  ( 30.50000000000013500, 2.499999999999970246, 58.59999999999996589 ) ) ;
#9606 = CARTESIAN_POINT ( 'NONE',  ( 82.50000000000018474, 10.00000000000000000, 58.59999999999996589 ) ) ;
#9607 = VECTOR ( 'NONE', #8427, 1000.000000000000000 ) ;
#9608 = CARTESIAN_POINT ( 'NONE',  ( 14.00000000000000533, 54.00000000000000711, -10.00000000000000000 ) ) ;
#9609 = VERTEX_POINT ( 'NONE', #9268 ) ;
#9610 = ADVANCED_FACE ( 'NONE', ( #7274 ), #7580, .F. ) ;
#9611 = VERTEX_POINT ( 'NONE', #12265 ) ;
#9612 = VECTOR ( 'NONE', #12121, 1000.000000000000114 ) ;
#9613 = CARTESIAN_POINT ( 'NONE',  ( 11.99999999999998934, 58.99999999999998579, -10.00000000000000000 ) ) ;
#9614 = FACE_OUTER_BOUND ( 'NONE', #3892, .T. ) ;
#9615 = CARTESIAN_POINT ( 'NONE',  ( 115.9999999999999858, 9.000000000000001776, 69.09999999999998010 ) ) ;
#9616 = ORIENTED_EDGE ( 'NONE', *, *, #10779, .F. ) ;
#9617 = FACE_OUTER_BOUND ( 'NONE', #12159, .T. ) ;
#9618 = ORIENTED_EDGE ( 'NONE', *, *, #12205, .T. ) ;
#9619 = ORIENTED_EDGE ( 'NONE', *, *, #3750, .F. ) ;
#9620 = LINE ( 'NONE', #12369, #1490 ) ;
#9621 = CONICAL_SURFACE ( 'NONE', #2201, 2.000000000000015543, 0.7853981633974396193 ) ;
#9622 = EDGE_CURVE ( 'NONE', #609, #11343, #7230, .T. ) ;
#9623 = ORIENTED_EDGE ( 'NONE', *, *, #8676, .F. ) ;
#9624 = DIRECTION ( 'NONE',  ( -0.7071067811865512365, -0.7071067811865439090, 0.000000000000000000 ) ) ;
#9625 = ORIENTED_EDGE ( 'NONE', *, *, #6667, .T. ) ;
#9626 = AXIS2_PLACEMENT_3D ( 'NONE', #7192, #5070, #10035 ) ;
#9627 = DIRECTION ( 'NONE',  ( 0.2810846377148237263, 0.6785983445458386720, 0.6785983445458541041 ) ) ;
#9628 = VECTOR ( 'NONE', #2831, 1000.000000000000114 ) ;
#9629 = CC_DESIGN_PERSON_AND_ORGANIZATION_ASSIGNMENT ( #11167, #3228, ( #6106 ) ) ;
#9630 = VECTOR ( 'NONE', #10747, 1000.000000000000000 ) ;
#9631 = PLANE ( 'NONE',  #2920 ) ;
#9632 = CARTESIAN_POINT ( 'NONE',  ( 85.50000000000014211, 3.000000000000000000, 58.59999999999996589 ) ) ;
#9633 = ORIENTED_EDGE ( 'NONE', *, *, #3582, .T. ) ;
#9634 = CARTESIAN_POINT ( 'NONE',  ( 104.5000000000000142, 6.000000000000000000, 0.000000000000000000 ) ) ;
#9635 = LINE ( 'NONE', #11770, #1000 ) ;
#9636 = DIRECTION ( 'NONE',  ( 1.000000000000000000, 8.195446571860565979E-34, 0.000000000000000000 ) ) ;
#9637 = CARTESIAN_POINT ( 'NONE',  ( 34.00000000000010658, 2.499999999999984013, 58.59999999999996589 ) ) ;
#9638 = LINE ( 'NONE', #355, #1314 ) ;
#9639 = CARTESIAN_POINT ( 'NONE',  ( 89.00000000000021316, 0.5000000000000195399, 58.59999999999996589 ) ) ;
#9640 = CARTESIAN_POINT ( 'NONE',  ( 5.000000000000014211, -52.33917102909927621, -20.13206424785125748 ) ) ;
#9641 = ORIENTED_EDGE ( 'NONE', *, *, #4762, .T. ) ;
#9642 = DIRECTION ( 'NONE',  ( -1.000000000000000000, -8.195446571860579663E-34, 0.000000000000000000 ) ) ;
#9643 = DIRECTION ( 'NONE',  ( -1.000000000000000000, -1.147978770867005115E-16, -0.000000000000000000 ) ) ;
#9644 = ADVANCED_FACE ( 'NONE', ( #3087 ), #2834, .F. ) ;
#9645 = VERTEX_POINT ( 'NONE', #4744 ) ;
#9646 = ORIENTED_EDGE ( 'NONE', *, *, #10893, .T. ) ;
#9647 = FACE_OUTER_BOUND ( 'NONE', #82, .T. ) ;
#9648 = EDGE_LOOP ( 'NONE', ( #10810, #7014, #12189, #12267 ) ) ;
#9649 = EDGE_CURVE ( 'NONE', #605, #790, #11386, .T. ) ;
#9650 = CARTESIAN_POINT ( 'NONE',  ( 1.000000000000050404, -9.465740790498964559E-32, -9.499999999999996447 ) ) ;
#9651 = VECTOR ( 'NONE', #7755, 1000.000000000000000 ) ;
#9652 = ORIENTED_EDGE ( 'NONE', *, *, #2456, .T. ) ;
#9653 = CARTESIAN_POINT ( 'NONE',  ( 34.00000000000010658, 0.5000000000000125455, 10.00000000000003020 ) ) ;
#9654 = ORIENTED_EDGE ( 'NONE', *, *, #4174, .F. ) ;
#9655 = VERTEX_POINT ( 'NONE', #10233 ) ;
#9656 = CARTESIAN_POINT ( 'NONE',  ( 113.5000000000000000, 6.500000000000014211, -10.00000000000000000 ) ) ;
#9657 = EDGE_CURVE ( 'NONE', #893, #2457, #7293, .T. ) ;
#9658 = AXIS2_PLACEMENT_3D ( 'NONE', #7978, #2095, #11636 ) ;
#9659 = EDGE_LOOP ( 'NONE', ( #9365, #9347, #5971 ) ) ;
#9660 = CARTESIAN_POINT ( 'NONE',  ( 99.00000000000021316, 2.499999999999991118, 58.59999999999996589 ) ) ;
#9661 = PLANE ( 'NONE',  #3360 ) ;
#9662 = AXIS2_PLACEMENT_3D ( 'NONE', #4404, #9683, #10041 ) ;
#9663 = CARTESIAN_POINT ( 'NONE',  ( 40.50000000000012079, 0.5000000000000125455, 58.59999999999996589 ) ) ;
#9664 = DIRECTION ( 'NONE',  ( 0.7071067811865439090, 0.7071067811865512365, 0.000000000000000000 ) ) ;
#9665 = ORIENTED_EDGE ( 'NONE', *, *, #4645, .T. ) ;
#9666 = FACE_OUTER_BOUND ( 'NONE', #5934, .T. ) ;
#9667 = DIRECTION ( 'NONE',  ( 1.000000000000000000, 1.147978770867005115E-16, 0.000000000000000000 ) ) ;
#9668 = ORIENTED_EDGE ( 'NONE', *, *, #9203, .T. ) ;
#9669 = ORIENTED_EDGE ( 'NONE', *, *, #5093, .T. ) ;
#9670 = DIRECTION ( 'NONE',  ( 1.124357808503486235E-16, -1.000000000000000000, 0.000000000000000000 ) ) ;
#9671 = FACE_BOUND ( 'NONE', #11074, .T. ) ;
#9672 = DIRECTION ( 'NONE',  ( 0.6785983445458420027, 0.6785983445458420027, 0.2810846377148443209 ) ) ;
#9673 = ORIENTED_EDGE ( 'NONE', *, *, #6638, .T. ) ;
#9674 = EDGE_LOOP ( 'NONE', ( #8345, #7411, #4210, #1639 ) ) ;
#9675 = VECTOR ( 'NONE', #5007, 1000.000000000000000 ) ;
#9676 = CARTESIAN_POINT ( 'NONE',  ( -0.9999999999999937828, 6.292893218815231116, 38.50000000006347989 ) ) ;
#9677 = EDGE_CURVE ( 'NONE', #7236, #7343, #11522, .T. ) ;
#9678 = ADVANCED_FACE ( 'NONE', ( #7683 ), #6424, .F. ) ;
#9679 = FACE_OUTER_BOUND ( 'NONE', #9648, .T. ) ;
#9680 = CARTESIAN_POINT ( 'NONE',  ( 6.123233995736770966E-17, 59.49999999999998579, 69.09999999999998010 ) ) ;
#9681 = PLANE ( 'NONE',  #10505 ) ;
#9682 = EDGE_CURVE ( 'NONE', #6208, #853, #7621, .T. ) ;
#9683 = DIRECTION ( 'NONE',  ( 0.000000000000000000, -1.000000000000000000, 0.000000000000000000 ) ) ;
#9684 = EDGE_CURVE ( 'NONE', #6248, #4049, #3376, .T. ) ;
#9685 = CARTESIAN_POINT ( 'NONE',  ( 106.0000000000000142, 4.499999999999995559, 63.59999999999995879 ) ) ;
#9686 = AXIS2_PLACEMENT_3D ( 'NONE', #8041, #3390, #8957 ) ;
#9687 = VECTOR ( 'NONE', #9208, 1000.000000000000000 ) ;
#9688 = LINE ( 'NONE', #10778, #1465 ) ;
#9689 = EDGE_CURVE ( 'NONE', #5949, #8690, #3364, .T. ) ;
#9690 = LINE ( 'NONE', #8531, #5443 ) ;
#9691 = DIRECTION ( 'NONE',  ( 1.000000000000000000, 5.782411586589377360E-16, 0.000000000000000000 ) ) ;
#9692 = VECTOR ( 'NONE', #6650, 1000.000000000000000 ) ;
#9693 = ORIENTED_EDGE ( 'NONE', *, *, #10873, .F. ) ;
#9694 = FACE_OUTER_BOUND ( 'NONE', #2607, .T. ) ;
#9695 = DIRECTION ( 'NONE',  ( 0.7071067811865536790, -0.7071067811865414665, 0.000000000000000000 ) ) ;
#9696 = VERTEX_POINT ( 'NONE', #98 ) ;
#9697 = PLANE ( 'NONE',  #1278 ) ;
#9698 = DIRECTION ( 'NONE',  ( -0.7071067811865524577, 0.7071067811865425767, -0.000000000000000000 ) ) ;
#9699 = EDGE_CURVE ( 'NONE', #5613, #7351, #3564, .T. ) ;
#9700 = FACE_BOUND ( 'NONE', #7814, .T. ) ;
#9701 = ADVANCED_FACE ( 'NONE', ( #3195 ), #3807, .T. ) ;
#9702 = EDGE_CURVE ( 'NONE', #11348, #208, #3418, .T. ) ;
#9703 = ORIENTED_EDGE ( 'NONE', *, *, #6724, .T. ) ;
#9704 = VECTOR ( 'NONE', #2084, 1000.000000000000114 ) ;
#9705 = DIRECTION ( 'NONE',  ( 1.000000000000000000, 8.195446571860579663E-34, 0.000000000000000000 ) ) ;
#9706 = AXIS2_PLACEMENT_3D ( 'NONE', #5510, #2476, #4347 ) ;
#9707 = ORIENTED_EDGE ( 'NONE', *, *, #5754, .T. ) ;
#9708 = CYLINDRICAL_SURFACE ( 'NONE', #3832, 1.700000000000000178 ) ;
#9709 = VECTOR ( 'NONE', #6123, 1000.000000000000000 ) ;
#9710 = DIRECTION ( 'NONE',  ( 0.000000000000000000, 0.000000000000000000, 1.000000000000000000 ) ) ;
#9711 = EDGE_CURVE ( 'NONE', #9416, #1211, #3453, .T. ) ;
#9712 = ORIENTED_EDGE ( 'NONE', *, *, #10401, .F. ) ;
#9713 = CARTESIAN_POINT ( 'NONE',  ( 22.50000000000013500, 0.5000000000000195399, 10.00000000000003020 ) ) ;
#9714 = DIRECTION ( 'NONE',  ( 1.000000000000000000, -1.156482317317871133E-15, 0.000000000000000000 ) ) ;
#9715 = VECTOR ( 'NONE', #8912, 1000.000000000000000 ) ;
#9716 = VECTOR ( 'NONE', #1786, 1000.000000000000000 ) ;
#9717 = DIRECTION ( 'NONE',  ( 0.000000000000000000, 0.000000000000000000, 1.000000000000000000 ) ) ;
#9718 = ORIENTED_EDGE ( 'NONE', *, *, #8273, .F. ) ;
#9719 = CARTESIAN_POINT ( 'NONE',  ( 66.00000000000019895, -4.138700518789575274E-32, 10.00000000000003020 ) ) ;
#9720 = PLANE ( 'NONE',  #11487 ) ;
#9721 = CARTESIAN_POINT ( 'NONE',  ( 74.50000000000018474, 2.499999999999976907, 10.00000000000003020 ) ) ;
#9722 = ADVANCED_FACE ( 'NONE', ( #3279 ), #6229, .F. ) ;
#9723 = EDGE_CURVE ( 'NONE', #2841, #11008, #11480, .T. ) ;
#9724 = ORIENTED_EDGE ( 'NONE', *, *, #5105, .T. ) ;
#9725 = DIRECTION ( 'NONE',  ( -1.000000000000000000, 0.000000000000000000, 0.000000000000000000 ) ) ;
#9726 = PLANE ( 'NONE',  #3217 ) ;
#9727 = CARTESIAN_POINT ( 'NONE',  ( 3.000000000000006217, 6.924999999968267872, -6.924999999968259878 ) ) ;
#9728 = VECTOR ( 'NONE', #10084, 1000.000000000000000 ) ;
#9729 = EDGE_CURVE ( 'NONE', #10205, #4968, #11733, .T. ) ;
#9730 = VECTOR ( 'NONE', #7877, 1000.000000000000000 ) ;
#9731 = AXIS2_PLACEMENT_3D ( 'NONE', #5269, #8169, #2567 ) ;
#9732 = DIRECTION ( 'NONE',  ( -0.7071067811865536790, 9.875502259259570445E-15, -0.7071067811865414665 ) ) ;
#9733 = FACE_OUTER_BOUND ( 'NONE', #12384, .T. ) ;
#9734 = PLANE ( 'NONE',  #3864 ) ;
#9735 = LINE ( 'NONE', #7887, #9519 ) ;
#9736 = VERTEX_POINT ( 'NONE', #4494 ) ;
#9737 = DIRECTION ( 'NONE',  ( 0.000000000000000000, -1.000000000000000000, 0.000000000000000000 ) ) ;
#9738 = DIRECTION ( 'NONE',  ( -1.000000000000000000, 1.355252715606880851E-17, -0.000000000000000000 ) ) ;
#9739 = LINE ( 'NONE', #11417, #1528 ) ;
#9740 = VERTEX_POINT ( 'NONE', #9869 ) ;
#9741 = CARTESIAN_POINT ( 'NONE',  ( 17.50000000000021672, 0.4999999999999813483, 10.00000000000003020 ) ) ;
#9742 = AXIS2_PLACEMENT_3D ( 'NONE', #8583, #10476, #11452 ) ;
#9743 = VECTOR ( 'NONE', #10655, 1000.000000000000114 ) ;
#9744 = EDGE_CURVE ( 'NONE', #1054, #10647, #3240, .T. ) ;
#9745 = DIRECTION ( 'NONE',  ( -1.000000000000000000, -6.938893903907228378E-15, 0.000000000000000000 ) ) ;
#9746 = ORIENTED_EDGE ( 'NONE', *, *, #11402, .F. ) ;
#9747 = CARTESIAN_POINT ( 'NONE',  ( 14.00000000000000533, 59.49999999999999289, -9.499999999999996447 ) ) ;
#9748 = DIRECTION ( 'NONE',  ( 0.000000000000000000, 0.000000000000000000, 1.000000000000000000 ) ) ;
#9749 = CARTESIAN_POINT ( 'NONE',  ( 2.000000000000000444, 59.49999999999999289, 54.94999999999998863 ) ) ;
#9750 = ORIENTED_EDGE ( 'NONE', *, *, #11988, .T. ) ;
#9752 = DIRECTION ( 'NONE',  ( -0.7071067811865541231, 5.511839079580554632E-17, 0.7071067811865409114 ) ) ;
#9751 = CARTESIAN_POINT ( 'NONE',  ( 27.50000000000011013, 2.499999999999970246, 58.59999999999996589 ) ) ;
#9753 = ADVANCED_FACE ( 'NONE', ( #11753 ), #3500, .F. ) ;
#9754 = VECTOR ( 'NONE', #9272, 1000.000000000000000 ) ;
#9755 = VECTOR ( 'NONE', #10583, 1000.000000000000000 ) ;
#9756 = CIRCLE ( 'NONE', #9464, 2.000000000000029310 ) ;
#9757 = DIRECTION ( 'NONE',  ( 8.177564888978069359E-16, 0.7071067811865541231, 0.7071067811865410224 ) ) ;
#9758 = CARTESIAN_POINT ( 'NONE',  ( 14.00000000000000533, 57.49999999999997158, -9.499999999999996447 ) ) ;
#9759 = EDGE_CURVE ( 'NONE', #10479, #8466, #7520, .T. ) ;
#9760 = DIRECTION ( 'NONE',  ( -0.5773502691896245098, 0.5773502691896164052, -0.5773502691896365002 ) ) ;
#9761 = CARTESIAN_POINT ( 'NONE',  ( 3.000000000000005773, 13.07500000003198082, 13.07500000003163620 ) ) ;
#9762 = ORIENTED_EDGE ( 'NONE', *, *, #4827, .T. ) ;
#9763 = DIRECTION ( 'NONE',  ( 8.195446571860579663E-34, -1.000000000000000000, -0.000000000000000000 ) ) ;
#9764 = DIRECTION ( 'NONE',  ( 8.117435735382577522E-17, -0.7071067811865479058, -0.7071067811865472397 ) ) ;
#9765 = CIRCLE ( 'NONE', #9662, 1.500000000000022204 ) ;
#9766 = DIRECTION ( 'NONE',  ( 0.000000000000000000, 0.000000000000000000, -1.000000000000000000 ) ) ;
#9767 = AXIS2_PLACEMENT_3D ( 'NONE', #5357, #11834, #3278 ) ;
#9768 = ORIENTED_EDGE ( 'NONE', *, *, #4216, .F. ) ;
#9769 = VERTEX_POINT ( 'NONE', #8080 ) ;
#9770 = FACE_OUTER_BOUND ( 'NONE', #10090, .T. ) ;
#9771 = PLANE ( 'NONE',  #10627 ) ;
#9772 = LINE ( 'NONE', #1815, #2780 ) ;
#9773 = CARTESIAN_POINT ( 'NONE',  ( 9.000000000000007105, 6.500000000001787015, 38.00000000006350120 ) ) ;
#9774 = ADVANCED_FACE ( 'NONE', ( #7661 ), #5420, .F. ) ;
#9775 = VECTOR ( 'NONE', #5747, 1000.000000000000000 ) ;
#9776 = CARTESIAN_POINT ( 'NONE',  ( 59.50000000000009237, 3.000000000000000000, -122.9712352769500683 ) ) ;
#9777 = DIRECTION ( 'NONE',  ( 0.000000000000000000, 1.000000000000000000, 0.000000000000000000 ) ) ;
#9778 = LINE ( 'NONE', #9634, #5667 ) ;
#9779 = EDGE_CURVE ( 'NONE', #9010, #1795, #7502, .T. ) ;
#9780 = DIRECTION ( 'NONE',  ( 1.000000000000000000, 8.195446571860579663E-34, 1.427755947306016137E-16 ) ) ;
#9781 = FACE_OUTER_BOUND ( 'NONE', #306, .T. ) ;
#9782 = EDGE_CURVE ( 'NONE', #8767, #1036, #7704, .T. ) ;
#9783 = ORIENTED_EDGE ( 'NONE', *, *, #9013, .F. ) ;
#9784 = DIRECTION ( 'NONE',  ( 1.000000000000000000, 1.141265444721583018E-16, 0.000000000000000000 ) ) ;
#9785 = AXIS2_PLACEMENT_3D ( 'NONE', #10515, #11490, #2727 ) ;
#9786 = CARTESIAN_POINT ( 'NONE',  ( 37.00000000000017053, 0.5000000000000125455, 10.00000000000003020 ) ) ;
#9787 = VERTEX_POINT ( 'NONE', #709 ) ;
#9788 = ORIENTED_EDGE ( 'NONE', *, *, #4341, .F. ) ;
#9789 = CONICAL_SURFACE ( 'NONE', #10687, 1.500000000000008216, 0.7853981633974431720 ) ;
#9790 = ORIENTED_EDGE ( 'NONE', *, *, #4341, .T. ) ;
#9791 = FACE_BOUND ( 'NONE', #4139, .T. ) ;
#9792 = CARTESIAN_POINT ( 'NONE',  ( 61.50000000000017764, 0.5000000000000125455, 10.00000000000003020 ) ) ;
#9793 = CARTESIAN_POINT ( 'NONE',  ( 0.4999999999999938383, 59.49999999999999289, 69.59999999999999432 ) ) ;
#9794 = CONICAL_SURFACE ( 'NONE', #4450, 1.500000000000015099, 0.7853981633974430610 ) ;
#9795 = ORIENTED_EDGE ( 'NONE', *, *, #6887, .T. ) ;
#9796 = ORIENTED_EDGE ( 'NONE', *, *, #12165, .F. ) ;
#9797 = EDGE_LOOP ( 'NONE', ( #704, #10626, #3763, #3447 ) ) ;
#9798 = CARTESIAN_POINT ( 'NONE',  ( 5.000000000000000888, 55.50000000000000000, 22.09999999999999432 ) ) ;
#9799 = CYLINDRICAL_SURFACE ( 'NONE', #9429, 1.500000000000001332 ) ;
#9800 = ORIENTED_EDGE ( 'NONE', *, *, #9622, .T. ) ;
#9801 = ADVANCED_FACE ( 'NONE', ( #7746 ), #3903, .F. ) ;
#9802 = VECTOR ( 'NONE', #10918, 1000.000000000000000 ) ;
#9803 = EDGE_CURVE ( 'NONE', #9696, #6506, #12195, .T. ) ;
#9804 = DIRECTION ( 'NONE',  ( -0.7071067811865532349, -0.7071067811865417996, -1.009575912219515156E-16 ) ) ;
#9805 = CARTESIAN_POINT ( 'NONE',  ( 5.000000000000002665, 34.99999999999994316, -122.9712352769500541 ) ) ;
#9806 = CARTESIAN_POINT ( 'NONE',  ( 113.5000000000000000, 6.000000000000007105, 69.09999999999998010 ) ) ;
#9807 = DIRECTION ( 'NONE',  ( -0.000000000000000000, 1.000000000000000000, -0.000000000000000000 ) ) ;
#9808 = CARTESIAN_POINT ( 'NONE',  ( 5.000000000000003553, 34.99999999999994316, 64.59999999999993747 ) ) ;
#9809 = LINE ( 'NONE', #3547, #1584 ) ;
#9810 = EDGE_CURVE ( 'NONE', #10282, #10930, #3921, .T. ) ;
#9811 = DIRECTION ( 'NONE',  ( 8.069965350965116403E-17, -0.7071067811865470176, -0.7071067811865479058 ) ) ;
#9812 = AXIS2_PLACEMENT_3D ( 'NONE', #697, #4135, #11341 ) ;
#9813 = ORIENTED_EDGE ( 'NONE', *, *, #4482, .F. ) ;
#9814 = PLANE ( 'NONE',  #7420 ) ;
#9815 = ORIENTED_EDGE ( 'NONE', *, *, #9689, .T. ) ;
#9816 = VECTOR ( 'NONE', #3775, 1000.000000000000000 ) ;
#9817 = FACE_BOUND ( 'NONE', #3003, .T. ) ;
#9818 = CARTESIAN_POINT ( 'NONE',  ( 4.000000000000000000, 52.49999999999998579, 49.24999999999999289 ) ) ;
#9819 = LINE ( 'NONE', #7340, #10436 ) ;
#9820 = LINE ( 'NONE', #4705, #10072 ) ;
#9821 = DIRECTION ( 'NONE',  ( -1.147978770867005115E-16, 1.000000000000000000, 0.000000000000000000 ) ) ;
#9822 = AXIS2_PLACEMENT_3D ( 'NONE', #7925, #3201, #1324 ) ;
#9823 = DIRECTION ( 'NONE',  ( 0.000000000000000000, -1.000000000000000000, 0.000000000000000000 ) ) ;
#9824 = ORIENTED_EDGE ( 'NONE', *, *, #9408, .F. ) ;
#9825 = CARTESIAN_POINT ( 'NONE',  ( 3.999999999999999112, 59.49999999999999289, 54.94999999999998863 ) ) ;
#9826 = CARTESIAN_POINT ( 'NONE',  ( 68.00000000000017053, 10.00000000000000000, 58.59999999999996589 ) ) ;
#9827 = ORIENTED_EDGE ( 'NONE', *, *, #451, .T. ) ;
#9828 = CARTESIAN_POINT ( 'NONE',  ( 3.999999999999896971, 55.50000000000000000, 22.09999999999999432 ) ) ;
#9829 = CYLINDRICAL_SURFACE ( 'NONE', #5302, 1.500000000000008216 ) ;
#9830 = FACE_OUTER_BOUND ( 'NONE', #1711, .T. ) ;
#9831 = ORIENTED_EDGE ( 'NONE', *, *, #1978, .F. ) ;
#9832 = CARTESIAN_POINT ( 'NONE',  ( 4.500000000000010658, 6.500000000001787015, 9.500000000063494099 ) ) ;
#9833 = FACE_OUTER_BOUND ( 'NONE', #7672, .T. ) ;
#9834 = VERTEX_POINT ( 'NONE', #8883 ) ;
#9835 = ADVANCED_FACE ( 'NONE', ( #12214 ), #3988, .F. ) ;
#9836 = CARTESIAN_POINT ( 'NONE',  ( 99.00000000000019895, 0.5000000000000056621, 10.00000000000003020 ) ) ;
#9837 = ORIENTED_EDGE ( 'NONE', *, *, #6780, .F. ) ;
#9838 = DIRECTION ( 'NONE',  ( -1.000000000000000000, 0.000000000000000000, 0.000000000000000000 ) ) ;
#9839 = CARTESIAN_POINT ( 'NONE',  ( 98.50000000000019895, -1.475180382934886926E-32, 10.00000000000003020 ) ) ;
#9841 = CARTESIAN_POINT ( 'NONE',  ( 79.50000000000018474, 10.00000000000000000, 58.59999999999996589 ) ) ;
#9840 = CARTESIAN_POINT ( 'NONE',  ( 61.50000000000017764, -4.507495614523303163E-32, 8.000000000000000000 ) ) ;
#9842 = FACE_OUTER_BOUND ( 'NONE', #4102, .T. ) ;
#9843 = CARTESIAN_POINT ( 'NONE',  ( 14.50000000000002665, 2.499999999999987566, 58.59999999999996589 ) ) ;
#9844 = LINE ( 'NONE', #882, #2186 ) ;
#9845 = AXIS2_PLACEMENT_3D ( 'NONE', #9929, #1370, #2623 ) ;
#9846 = PLANE ( 'NONE',  #8987 ) ;
#9847 = DIRECTION ( 'NONE',  ( 0.000000000000000000, 0.000000000000000000, 1.000000000000000000 ) ) ;
#9848 = VECTOR ( 'NONE', #5736, 1000.000000000000000 ) ;
#9849 = DIRECTION ( 'NONE',  ( 1.000000000000000000, 0.000000000000000000, 0.000000000000000000 ) ) ;
#9850 = DIRECTION ( 'NONE',  ( 0.000000000000000000, 0.000000000000000000, -1.000000000000000000 ) ) ;
#9851 = CARTESIAN_POINT ( 'NONE',  ( 86.00000000000017053, 0.5000000000000195399, 10.00000000000003020 ) ) ;
#9852 = LINE ( 'NONE', #8981, #5855 ) ;
#9853 = VERTEX_POINT ( 'NONE', #3326 ) ;
#9854 = ORIENTED_EDGE ( 'NONE', *, *, #3371, .F. ) ;
#9855 = FACE_OUTER_BOUND ( 'NONE', #11429, .T. ) ;
#9856 = ORIENTED_EDGE ( 'NONE', *, *, #1194, .F. ) ;
#9857 = VERTEX_POINT ( 'NONE', #10898 ) ;
#9858 = FACE_OUTER_BOUND ( 'NONE', #9528, .T. ) ;
#9859 = CARTESIAN_POINT ( 'NONE',  ( 0.4999999999999805156, 55.50000000000000000, 22.09999999999999432 ) ) ;
#9860 = EDGE_CURVE ( 'NONE', #587, #1182, #7776, .T. ) ;
#9861 = CIRCLE ( 'NONE', #4865, 1.500000000000022204 ) ;
#9862 = ADVANCED_FACE ( 'NONE', ( #3620 ), #7822, .F. ) ;
#9863 = ORIENTED_EDGE ( 'NONE', *, *, #2916, .T. ) ;
#9864 = VECTOR ( 'NONE', #2055, 1000.000000000000227 ) ;
#9865 = DIRECTION ( 'NONE',  ( 0.000000000000000000, 0.000000000000000000, -1.000000000000000000 ) ) ;
#9866 = DIRECTION ( 'NONE',  ( 1.224646799147352961E-16, -1.000000000000000000, 0.000000000000000000 ) ) ;
#9867 = ORIENTED_EDGE ( 'NONE', *, *, #10217, .F. ) ;
#9868 = ORIENTED_EDGE ( 'NONE', *, *, #1355, .T. ) ;
#9869 = CARTESIAN_POINT ( 'NONE',  ( 115.9999999999999858, 4.000000000000005329, -10.00000000000000000 ) ) ;
#9870 = LINE ( 'NONE', #12155, #9775 ) ;
#9871 = LINE ( 'NONE', #12297, #5632 ) ;
#9872 = ORIENTED_EDGE ( 'NONE', *, *, #12046, .T. ) ;
#9873 = CARTESIAN_POINT ( 'NONE',  ( 87.50000000000021316, -2.376679505839549748E-32, 8.000000000000000000 ) ) ;
#9874 = VECTOR ( 'NONE', #11788, 1000.000000000000000 ) ;
#9875 = DIRECTION ( 'NONE',  ( -1.278217298088174232E-16, 1.000000000000000000, 0.000000000000000000 ) ) ;
#9876 = AXIS2_PLACEMENT_3D ( 'NONE', #8869, #165, #10621 ) ;
#9877 = VECTOR ( 'NONE', #7201, 1000.000000000000000 ) ;
#9878 = CARTESIAN_POINT ( 'NONE',  ( 116.5000000000000000, 6.000000000000000888, -9.499999999999996447 ) ) ;
#9879 = ORIENTED_EDGE ( 'NONE', *, *, #1453, .F. ) ;
#9880 = DIRECTION ( 'NONE',  ( -0.5773502691896191807, 0.5773502691896227335, 0.5773502691896352790 ) ) ;
#9881 = CARTESIAN_POINT ( 'NONE',  ( 5.000000000000000888, 50.49999999999998579, 4.000000000000003553 ) ) ;
#9882 = DIRECTION ( 'NONE',  ( 0.000000000000000000, 0.000000000000000000, 1.000000000000000000 ) ) ;
#9883 = VERTEX_POINT ( 'NONE', #8374 ) ;
#9884 = AXIS2_PLACEMENT_3D ( 'NONE', #5693, #9738, #10709 ) ;
#9885 = ORIENTED_EDGE ( 'NONE', *, *, #5638, .T. ) ;
#9886 = FACE_OUTER_BOUND ( 'NONE', #1753, .T. ) ;
#9887 = VECTOR ( 'NONE', #8261, 1000.000000000000000 ) ;
#9888 = CARTESIAN_POINT ( 'NONE',  ( 53.00000000000018474, -5.204108573131451160E-32, 10.00000000000003020 ) ) ;
#9889 = CARTESIAN_POINT ( 'NONE',  ( 3.000000000000004441, 22.85000000000002629, 38.00000000006347989 ) ) ;
#9890 = VECTOR ( 'NONE', #10616, 1000.000000000000000 ) ;
#9891 = EDGE_LOOP ( 'NONE', ( #7868, #8327, #8231, #8286, #4324 ) ) ;
#9892 = ADVANCED_FACE ( 'NONE', ( #11945 ), #3634, .T. ) ;
#9893 = DIRECTION ( 'NONE',  ( 0.000000000000000000, -1.000000000000000000, 0.000000000000000000 ) ) ;
#9894 = EDGE_CURVE ( 'NONE', #6819, #2511, #174, .T. ) ;
#9895 = LINE ( 'NONE', #9541, #5704 ) ;
#9896 = LINE ( 'NONE', #9719, #10016 ) ;
#9897 = EDGE_CURVE ( 'NONE', #8491, #2636, #4160, .T. ) ;
#9898 = AXIS2_PLACEMENT_3D ( 'NONE', #6023, #8740, #9748 ) ;
#9899 = DIRECTION ( 'NONE',  ( 0.000000000000000000, 0.000000000000000000, 1.000000000000000000 ) ) ;
#9900 = CARTESIAN_POINT ( 'NONE',  ( 61.50000000000015632, -4.507495614523304258E-32, 58.59999999999996589 ) ) ;
#9901 = DIRECTION ( 'NONE',  ( -2.855511894612032274E-16, -2.340219516760528775E-49, 1.000000000000000000 ) ) ;
#9902 = DIRECTION ( 'NONE',  ( 0.000000000000000000, 0.000000000000000000, -1.000000000000000000 ) ) ;
#9903 = EDGE_LOOP ( 'NONE', ( #11601, #10707, #7090, #2362 ) ) ;
#9904 = CARTESIAN_POINT ( 'NONE',  ( 4.500000000000002665, 33.50000000000178346, 9.500000000063488770 ) ) ;
#9905 = EDGE_CURVE ( 'NONE', #7648, #10979, #4307, .T. ) ;
#9906 = CARTESIAN_POINT ( 'NONE',  ( 34.00000000000010658, 10.00000000000000000, 58.59999999999996589 ) ) ;
#9907 = ORIENTED_EDGE ( 'NONE', *, *, #4659, .F. ) ;
#9908 = PLANE ( 'NONE',  #12300 ) ;
#9909 = ORIENTED_EDGE ( 'NONE', *, *, #3993, .T. ) ;
#9910 = FACE_OUTER_BOUND ( 'NONE', #10055, .T. ) ;
#9911 = VECTOR ( 'NONE', #5077, 1000.000000000000000 ) ;
#9912 = DIRECTION ( 'NONE',  ( -5.795055845814725974E-34, 0.7071067811865555663, -0.7071067811865395791 ) ) ;
#9913 = AXIS2_PLACEMENT_3D ( 'NONE', #5913, #6900, #7870 ) ;
#9914 = VERTEX_POINT ( 'NONE', #4061 ) ;
#9915 = CARTESIAN_POINT ( 'NONE',  ( 6.000000000000004441, 54.50000000000000711, -9.499999999999996447 ) ) ;
#9916 = ORIENTED_EDGE ( 'NONE', *, *, #11934, .T. ) ;
#9917 = DIRECTION ( 'NONE',  ( 8.195446571860579663E-34, -1.000000000000000000, -0.000000000000000000 ) ) ;
#9918 = CONICAL_SURFACE ( 'NONE', #8314, 2.000000000000029310, 0.7853981633974396193 ) ;
#9919 = DIRECTION ( 'NONE',  ( 1.124357808503486235E-16, -1.000000000000000000, 5.139921410301651782E-16 ) ) ;
#9920 = PLANE ( 'NONE',  #2459 ) ;
#9921 = VECTOR ( 'NONE', #5059, 1000.000000000000000 ) ;
#9922 = EDGE_LOOP ( 'NONE', ( #2600, #6829, #4250, #12338 ) ) ;
#9923 = ADVANCED_FACE ( 'NONE', ( #4355 ), #8618, .T. ) ;
#9924 = EDGE_CURVE ( 'NONE', #8084, #8193, #8386, .T. ) ;
#9925 = CARTESIAN_POINT ( 'NONE',  ( 27.00000000000008882, 3.000000000000000000, 58.59999999999996589 ) ) ;
#9926 = VECTOR ( 'NONE', #3723, 1000.000000000000000 ) ;
#9927 = EDGE_CURVE ( 'NONE', #6142, #5922, #222, .T. ) ;
#9928 = DIRECTION ( 'NONE',  ( 0.5773502691896175154, 0.5773502691896257311, 0.5773502691896339467 ) ) ;
#9929 = CARTESIAN_POINT ( 'NONE',  ( 100.5000000000002274, 10.00000000000000000, 58.59999999999996589 ) ) ;
#9930 = EDGE_CURVE ( 'NONE', #4367, #7932, #4052, .T. ) ;
#9931 = CARTESIAN_POINT ( 'NONE',  ( 105.5000000000000284, 3.999999999999991562, -10.00000000000000000 ) ) ;
#9932 = ORIENTED_EDGE ( 'NONE', *, *, #3650, .T. ) ;
#9933 = ORIENTED_EDGE ( 'NONE', *, *, #8676, .T. ) ;
#9934 = FACE_OUTER_BOUND ( 'NONE', #9797, .T. ) ;
#9936 = CARTESIAN_POINT ( 'NONE',  ( 112.1464466094068086, -1.646446609406703177, -10.00000000000000000 ) ) ;
#9935 = DIRECTION ( 'NONE',  ( 1.000000000000000000, 1.141265444721583018E-16, -5.866014694162371451E-32 ) ) ;
#9937 = CARTESIAN_POINT ( 'NONE',  ( 4.000000000000000000, 59.49999999999999289, 49.24999999999999289 ) ) ;
#9938 = VECTOR ( 'NONE', #6179, 1000.000000000000000 ) ;
#9939 = EDGE_CURVE ( 'NONE', #6130, #881, #8564, .T. ) ;
#9940 = ORIENTED_EDGE ( 'NONE', *, *, #2082, .T. ) ;
#9941 = CARTESIAN_POINT ( 'NONE',  ( 20.50000000000008882, -7.867628708986148266E-32, 58.59999999999996589 ) ) ;
#9942 = ORIENTED_EDGE ( 'NONE', *, *, #12251, .T. ) ;
#9943 = AXIS2_PLACEMENT_3D ( 'NONE', #12321, #9497, #5834 ) ;
#9944 = CARTESIAN_POINT ( 'NONE',  ( 107.5000000000000284, 5.999999999999991118, 66.59999999999999432 ) ) ;
#9945 = CARTESIAN_POINT ( 'NONE',  ( 29.00000000000012434, 3.000000000000000000, 58.59999999999996589 ) ) ;
#9946 = DIRECTION ( 'NONE',  ( -1.000000000000000000, 0.000000000000000000, 0.000000000000000000 ) ) ;
#9947 = VECTOR ( 'NONE', #10364, 999.9999999999998863 ) ;
#9948 = PLANE ( 'NONE',  #9658 ) ;
#9949 = DIRECTION ( 'NONE',  ( -0.7071067811865511255, -0.7071067811865439090, -0.000000000000000000 ) ) ;
#9950 = VECTOR ( 'NONE', #5159, 1000.000000000000000 ) ;
#9951 = ADVANCED_FACE ( 'NONE', ( #307 ), #69, .F. ) ;
#9952 = VERTEX_POINT ( 'NONE', #11109 ) ;
#9953 = DIRECTION ( 'NONE',  ( 0.000000000000000000, 0.000000000000000000, -1.000000000000000000 ) ) ;
#9954 = ORIENTED_EDGE ( 'NONE', *, *, #5872, .F. ) ;
#9955 = FACE_OUTER_BOUND ( 'NONE', #6170, .T. ) ;
#9956 = EDGE_CURVE ( 'NONE', #3710, #3227, #108, .T. ) ;
#9957 = ORIENTED_EDGE ( 'NONE', *, *, #9091, .F. ) ;
#9958 = EDGE_LOOP ( 'NONE', ( #73, #5274, #11152, #6801 ) ) ;
#9959 = ORIENTED_EDGE ( 'NONE', *, *, #5557, .F. ) ;
#9960 = ORIENTED_EDGE ( 'NONE', *, *, #4152, .F. ) ;
#9961 = EDGE_CURVE ( 'NONE', #8122, #1030, #3978, .T. ) ;
#9962 = AXIS2_PLACEMENT_3D ( 'NONE', #1704, #5401, #7521 ) ;
#9963 = ORIENTED_EDGE ( 'NONE', *, *, #7229, .T. ) ;
#9964 = PLANE ( 'NONE',  #9076 ) ;
#9965 = CARTESIAN_POINT ( 'NONE',  ( 48.50000000000014921, 3.000000000000000000, 58.59999999999996589 ) ) ;
#9966 = LINE ( 'NONE', #9155, #9715 ) ;
#9967 = DIRECTION ( 'NONE',  ( 0.5000000000000164313, -0.7071067811865341390, -0.5000000000000025535 ) ) ;
#9968 = DIRECTION ( 'NONE',  ( 1.000000000000000000, 0.000000000000000000, 0.000000000000000000 ) ) ;
#9969 = CC_DESIGN_DATE_AND_TIME_ASSIGNMENT ( #11236, #9035, ( #10249 ) ) ;
#9970 = VERTEX_POINT ( 'NONE', #8170 ) ;
#9971 = CYLINDRICAL_SURFACE ( 'NONE', #10457, 1.500000000000001332 ) ;
#9972 = DIRECTION ( 'NONE',  ( 0.000000000000000000, 0.000000000000000000, 1.000000000000000000 ) ) ;
#9973 = ORIENTED_EDGE ( 'NONE', *, *, #669, .F. ) ;
#9974 = CARTESIAN_POINT ( 'NONE',  ( 112.9999999999999858, 4.000000000000005329, -10.00000000000000000 ) ) ;
#9975 = CARTESIAN_POINT ( 'NONE',  ( 9.000000000000007105, 4.500000000001787903, 36.00000000006349410 ) ) ;
#9976 = DIRECTION ( 'NONE',  ( -1.000000000000000000, 0.000000000000000000, 0.000000000000000000 ) ) ;
#9977 = FACE_OUTER_BOUND ( 'NONE', #6433, .T. ) ;
#9978 = CARTESIAN_POINT ( 'NONE',  ( 47.00000000000015632, 10.00000000000000000, 10.00000000000003020 ) ) ;
#9979 = ORIENTED_EDGE ( 'NONE', *, *, #7559, .F. ) ;
#9980 = ORIENTED_EDGE ( 'NONE', *, *, #9399, .T. ) ;
#9981 = VECTOR ( 'NONE', #6698, 1000.000000000000000 ) ;
#9982 = ADVANCED_FACE ( 'NONE', ( #8032 ), #550, .T. ) ;
#9983 = VECTOR ( 'NONE', #1506, 1000.000000000000000 ) ;
#9984 = DIRECTION ( 'NONE',  ( 0.000000000000000000, -1.000000000000000000, 0.000000000000000000 ) ) ;
#9985 = DIRECTION ( 'NONE',  ( -0.7071067811865414665, 0.7071067811865536790, 0.000000000000000000 ) ) ;
#9986 = VERTEX_POINT ( 'NONE', #1500 ) ;
#9987 = VECTOR ( 'NONE', #9725, 1000.000000000000000 ) ;
#9988 = ORIENTED_EDGE ( 'NONE', *, *, #4527, .F. ) ;
#9989 = CARTESIAN_POINT ( 'NONE',  ( -0.5000000000000264233, 20.00000000000002132, 5.750000000064023453 ) ) ;
#9990 = EDGE_LOOP ( 'NONE', ( #536, #2097, #9339, #5154 ) ) ;
#9991 = EDGE_CURVE ( 'NONE', #7260, #8568, #3891, .T. ) ;
#9992 = AXIS2_PLACEMENT_3D ( 'NONE', #9026, #6907, #4278 ) ;
#9993 = LINE ( 'NONE', #3488, #10333 ) ;
#9994 = DIRECTION ( 'NONE',  ( 0.000000000000000000, 1.000000000000000000, -0.000000000000000000 ) ) ;
#9995 = DIRECTION ( 'NONE',  ( -0.7071067811865405783, 0.000000000000000000, 0.7071067811865544561 ) ) ;
#9996 = VECTOR ( 'NONE', #6412, 1000.000000000000000 ) ;
#9997 = CARTESIAN_POINT ( 'NONE',  ( -0.5000000000000264233, 20.00000000000002132, 7.450000000064023631 ) ) ;
#9998 = DIRECTION ( 'NONE',  ( 0.7071067811865439090, -0.7071067811865512365, 0.000000000000000000 ) ) ;
#9999 = DIRECTION ( 'NONE',  ( 9.856383386231778708E-17, -1.000000000000000000, 0.000000000000000000 ) ) ;
#10000 = DIRECTION ( 'NONE',  ( 0.000000000000000000, -1.000000000000000000, 0.000000000000000000 ) ) ;
#10001 = AXIS2_PLACEMENT_3D ( 'NONE', #7174, #10885, #11864 ) ;
#10002 = DIRECTION ( 'NONE',  ( 0.000000000000000000, -1.000000000000000000, 0.000000000000000000 ) ) ;
#10003 = LINE ( 'NONE', #7508, #6139 ) ;
#10004 = ORIENTED_EDGE ( 'NONE', *, *, #4279, .T. ) ;
#10005 = LINE ( 'NONE', #4041, #10030 ) ;
#10006 = VERTEX_POINT ( 'NONE', #5352 ) ;
#10007 = VECTOR ( 'NONE', #8532, 1000.000000000000114 ) ;
#10008 = VERTEX_POINT ( 'NONE', #6317 ) ;
#10009 = CARTESIAN_POINT ( 'NONE',  ( 16.00000000000012079, 0.4999999999999813483, 58.59999999999996589 ) ) ;
#10010 = ORIENTED_EDGE ( 'NONE', *, *, #9587, .F. ) ;
#10011 = EDGE_LOOP ( 'NONE', ( #6421, #4542 ) ) ;
#10012 = CARTESIAN_POINT ( 'NONE',  ( 73.00000000000017053, 2.499999999999976907, 58.59999999999996589 ) ) ;
#10013 = DIRECTION ( 'NONE',  ( -1.000000000000000000, 0.000000000000000000, 0.000000000000000000 ) ) ;
#10014 = DIRECTION ( 'NONE',  ( -1.000000000000000000, -8.195446571860579663E-34, 0.000000000000000000 ) ) ;
#10015 = EDGE_CURVE ( 'NONE', #8087, #5886, #7850, .T. ) ;
#10016 = VECTOR ( 'NONE', #6476, 1000.000000000000000 ) ;
#10017 = CARTESIAN_POINT ( 'NONE',  ( 89.00000000000021316, 2.499999999999976907, 58.59999999999996589 ) ) ;
#10018 = LINE ( 'NONE', #11892, #1673 ) ;
#10019 = ORIENTED_EDGE ( 'NONE', *, *, #3913, .F. ) ;
#10020 = DESIGN_CONTEXT ( 'detailed design', #3308, 'design' ) ;
#10021 = CARTESIAN_POINT ( 'NONE',  ( 94.00000000000019895, 2.499999999999976907, 60.09999999999996589 ) ) ;
#10022 = EDGE_LOOP ( 'NONE', ( #2194, #2489, #8477, #12090 ) ) ;
#10023 = AXIS2_PLACEMENT_3D ( 'NONE', #4719, #6749, #7625 ) ;
#10024 = CARTESIAN_POINT ( 'NONE',  ( 73.00000000000015632, 0.5000000000000195399, 10.00000000000003020 ) ) ;
#10025 = ORIENTED_EDGE ( 'NONE', *, *, #8796, .F. ) ;
#10026 = FACE_OUTER_BOUND ( 'NONE', #8313, .T. ) ;
#10027 = DIRECTION ( 'NONE',  ( -0.7071067811865414665, -0.7071067811865536790, 0.000000000000000000 ) ) ;
#10028 = CARTESIAN_POINT ( 'NONE',  ( -0.4999999999999970024, 35.49999999999998579, 44.59999999999998721 ) ) ;
#10029 = ORIENTED_EDGE ( 'NONE', *, *, #6287, .F. ) ;
#10030 = VECTOR ( 'NONE', #7977, 1000.000000000000000 ) ;
#10031 = DIRECTION ( 'NONE',  ( 8.195446571860579663E-34, -1.000000000000000000, -0.000000000000000000 ) ) ;
#10032 = ORIENTED_EDGE ( 'NONE', *, *, #78, .F. ) ;
#10033 = EDGE_CURVE ( 'NONE', #3819, #8833, #11993, .T. ) ;
#10034 = ORIENTED_EDGE ( 'NONE', *, *, #10962, .F. ) ;
#10035 = DIRECTION ( 'NONE',  ( 1.000000000000000000, 8.195446571860579663E-34, 0.000000000000000000 ) ) ;
#10036 = DIRECTION ( 'NONE',  ( 1.000000000000000000, 0.000000000000000000, 0.000000000000000000 ) ) ;
#10037 = CARTESIAN_POINT ( 'NONE',  ( 110.0000000000000142, 8.999999999999998224, -10.00000000000000000 ) ) ;
#10038 = ADVANCED_FACE ( 'NONE', ( #3995 ), #4015, .F. ) ;
#10039 = CARTESIAN_POINT ( 'NONE',  ( 115.9999999999999858, 6.500000000000008882, -10.00000000000000000 ) ) ;
#10040 = FACE_OUTER_BOUND ( 'NONE', #4228, .T. ) ;
#10041 = DIRECTION ( 'NONE',  ( 0.000000000000000000, 0.000000000000000000, -1.000000000000000000 ) ) ;
#10042 = ORIENTED_EDGE ( 'NONE', *, *, #2767, .F. ) ;
#10043 = DIRECTION ( 'NONE',  ( -0.7071067811865575647, -0.4999999999999938383, -0.4999999999999920064 ) ) ;
#10044 = EDGE_CURVE ( 'NONE', #12136, #885, #12298, .T. ) ;
#10045 = FACE_OUTER_BOUND ( 'NONE', #4064, .T. ) ;
#10046 = DIRECTION ( 'NONE',  ( 0.000000000000000000, 0.7071067811865505703, 0.7071067811865444641 ) ) ;
#10047 = EDGE_LOOP ( 'NONE', ( #7721, #9646, #5725, #3615, #5904, #9436, #5317, #5806, #7437, #6213 ) ) ;
#10048 = VECTOR ( 'NONE', #4743, 1000.000000000000114 ) ;
#10049 = FACE_BOUND ( 'NONE', #11821, .T. ) ;
#10050 = VERTEX_POINT ( 'NONE', #6146 ) ;
#10051 = AXIS2_PLACEMENT_3D ( 'NONE', #6982, #11763, #5111 ) ;
#10052 = FACE_OUTER_BOUND ( 'NONE', #7583, .T. ) ;
#10053 = DIRECTION ( 'NONE',  ( -0.7071067811865524577, 0.000000000000000000, -0.7071067811865425767 ) ) ;
#10054 = LINE ( 'NONE', #10897, #9921 ) ;
#10055 = EDGE_LOOP ( 'NONE', ( #5465, #8339, #8398, #1126 ) ) ;
#10056 = DIRECTION ( 'NONE',  ( -1.000000000000000000, 0.000000000000000000, 0.000000000000000000 ) ) ;
#10057 = DIRECTION ( 'NONE',  ( -1.000000000000000000, 0.000000000000000000, 0.000000000000000000 ) ) ;
#10058 = AXIS2_PLACEMENT_3D ( 'NONE', #1288, #10057, #1807 ) ;
#10059 = DIRECTION ( 'NONE',  ( 0.000000000000000000, 0.000000000000000000, 1.000000000000000000 ) ) ;
#10060 = DIRECTION ( 'NONE',  ( 0.000000000000000000, 0.000000000000000000, -1.000000000000000000 ) ) ;
#10061 = EDGE_CURVE ( 'NONE', #5240, #7355, #12339, .T. ) ;
#10062 = ORIENTED_EDGE ( 'NONE', *, *, #11721, .F. ) ;
#10063 = ADVANCED_FACE ( 'NONE', ( #4338 ), #5424, .T. ) ;
#10064 = DIRECTION ( 'NONE',  ( 1.427755947306016137E-16, 0.000000000000000000, -1.000000000000000000 ) ) ;
#10065 = EDGE_CURVE ( 'NONE', #6061, #2792, #8242, .T. ) ;
#10066 = DIRECTION ( 'NONE',  ( 0.5000000000000062172, 0.5000000000000062172, 0.7071067811865389130 ) ) ;
#10067 = VECTOR ( 'NONE', #3155, 1000.000000000000000 ) ;
#10068 = FACE_OUTER_BOUND ( 'NONE', #5217, .T. ) ;
#10069 = PLANE ( 'NONE',  #10953 ) ;
#10070 = ORIENTED_EDGE ( 'NONE', *, *, #7036, .F. ) ;
#10071 = FACE_OUTER_BOUND ( 'NONE', #5471, .T. ) ;
#10072 = VECTOR ( 'NONE', #10681, 1000.000000000000000 ) ;
#10073 = ORIENTED_EDGE ( 'NONE', *, *, #41, .F. ) ;
#10074 = CARTESIAN_POINT ( 'NONE',  ( 61.50000000000017764, 0.5000000000000125455, 8.500000000000007105 ) ) ;
#10075 = DIRECTION ( 'NONE',  ( -0.7071067811865602293, -0.7071067811865349162, -2.019151824439050279E-16 ) ) ;
#10076 = LINE ( 'NONE', #7088, #5752 ) ;
#10077 = EDGE_CURVE ( 'NONE', #9514, #3067, #8365, .T. ) ;
#10078 = ORIENTED_EDGE ( 'NONE', *, *, #4537, .F. ) ;
#10079 = EDGE_LOOP ( 'NONE', ( #6347, #7760, #2032, #6904 ) ) ;
#10080 = AXIS2_PLACEMENT_3D ( 'NONE', #10950, #1430, #11921 ) ;
#10081 = DIRECTION ( 'NONE',  ( 0.7071067811865439090, 0.7071067811865512365, 0.000000000000000000 ) ) ;
#10082 = VECTOR ( 'NONE', #6591, 1000.000000000000000 ) ;
#10083 = DIRECTION ( 'NONE',  ( -0.000000000000000000, 1.000000000000000000, -0.000000000000000000 ) ) ;
#10084 = DIRECTION ( 'NONE',  ( -2.855511894612032274E-16, -2.340219516760528775E-49, 1.000000000000000000 ) ) ;
#10085 = CARTESIAN_POINT ( 'NONE',  ( 53.00000000000018474, -5.204108573131451160E-32, 10.00000000000003020 ) ) ;
#10086 = CARTESIAN_POINT ( 'NONE',  ( 35.50000000000014921, 3.000000000000000000, 10.00000000000003020 ) ) ;
#10087 = ORIENTED_EDGE ( 'NONE', *, *, #9711, .F. ) ;
#10088 = ADVANCED_FACE ( 'NONE', ( #8392 ), #4790, .F. ) ;
#10089 = FACE_BOUND ( 'NONE', #8642, .T. ) ;
#10090 = EDGE_LOOP ( 'NONE', ( #7599, #11249, #7235, #11411 ) ) ;
#10091 = CARTESIAN_POINT ( 'NONE',  ( 5.499999999999988454, 59.49999999999999289, -10.00000000000000000 ) ) ;
#10092 = ORIENTED_EDGE ( 'NONE', *, *, #9283, .F. ) ;
#10093 = FACE_OUTER_BOUND ( 'NONE', #7308, .T. ) ;
#10094 = ORIENTED_EDGE ( 'NONE', *, *, #8914, .F. ) ;
#10095 = ORIENTED_EDGE ( 'NONE', *, *, #1552, .F. ) ;
#10096 = ORIENTED_EDGE ( 'NONE', *, *, #8326, .T. ) ;
#10097 = CARTESIAN_POINT ( 'NONE',  ( 21.00000000000012079, 10.00000000000000000, 10.00000000000003020 ) ) ;
#10098 = DIRECTION ( 'NONE',  ( 0.000000000000000000, 0.000000000000000000, 1.000000000000000000 ) ) ;
#10099 = LINE ( 'NONE', #6899, #9947 ) ;
#10100 = EDGE_CURVE ( 'NONE', #5886, #3999, #8573, .T. ) ;
#10101 = VECTOR ( 'NONE', #7658, 1000.000000000000000 ) ;
#10102 = EDGE_CURVE ( 'NONE', #3344, #5541, #4361, .T. ) ;
#10103 = CARTESIAN_POINT ( 'NONE',  ( 29.00000000000014211, 0.4999999999999848455, 10.00000000000003020 ) ) ;
#10104 = AXIS2_PLACEMENT_3D ( 'NONE', #5708, #2259, #9585 ) ;
#10105 = FACE_OUTER_BOUND ( 'NONE', #7510, .T. ) ;
#10106 = VERTEX_POINT ( 'NONE', #7547 ) ;
#10107 = PLANE ( 'NONE',  #405 ) ;
#10108 = PLANE ( 'NONE',  #3697 ) ;
#10109 = DIRECTION ( 'NONE',  ( 8.117435735382557801E-17, -0.7071067811865463515, 0.7071067811865487940 ) ) ;
#10110 = ORIENTED_EDGE ( 'NONE', *, *, #6780, .T. ) ;
#10111 = VECTOR ( 'NONE', #1637, 1000.000000000000000 ) ;
#10112 = ORIENTED_EDGE ( 'NONE', *, *, #4864, .F. ) ;
#10113 = CIRCLE ( 'NONE', #6688, 2.000000000000015543 ) ;
#10114 = ORIENTED_EDGE ( 'NONE', *, *, #404, .T. ) ;
#10115 = PLANE ( 'NONE',  #7177 ) ;
#10116 = CARTESIAN_POINT ( 'NONE',  ( 5.000000000000002665, 36.00000000000179057, 36.20710678125002602 ) ) ;
#10117 = VECTOR ( 'NONE', #2367, 1000.000000000000000 ) ;
#10118 = ORIENTED_EDGE ( 'NONE', *, *, #3762, .F. ) ;
#10119 = CIRCLE ( 'NONE', #4633, 2.000000000000022649 ) ;
#10120 = ORIENTED_EDGE ( 'NONE', *, *, #3993, .F. ) ;
#10121 = EDGE_CURVE ( 'NONE', #10585, #3996, #160, .T. ) ;
#10122 = LINE ( 'NONE', #11207, #5901 ) ;
#10123 = EDGE_CURVE ( 'NONE', #10282, #10876, #8612, .T. ) ;
#10124 = LINE ( 'NONE', #713, #1857 ) ;
#10125 = CARTESIAN_POINT ( 'NONE',  ( 57.00000000000016342, -4.876290710257029410E-32, 10.00000000000003020 ) ) ;
#10126 = AXIS2_PLACEMENT_3D ( 'NONE', #3517, #4506, #3926 ) ;
#10127 = DIRECTION ( 'NONE',  ( 1.000000000000000000, 0.000000000000000000, 0.000000000000000000 ) ) ;
#10128 = LINE ( 'NONE', #7650, #1861 ) ;
#10129 = CARTESIAN_POINT ( 'NONE',  ( 9.000000000000001776, 48.99999999999997868, 44.59999999999998721 ) ) ;
#10130 = ORIENTED_EDGE ( 'NONE', *, *, #6667, .F. ) ;
#10131 = VECTOR ( 'NONE', #6177, 1000.000000000000000 ) ;
#10132 = CARTESIAN_POINT ( 'NONE',  ( 5.000000000000000888, 50.49999999999998579, -122.9712352769500541 ) ) ;
#10133 = VERTEX_POINT ( 'NONE', #1095 ) ;
#10134 = EDGE_LOOP ( 'NONE', ( #3515, #9487, #10231, #11646 ) ) ;
#10135 = DIRECTION ( 'NONE',  ( -0.000000000000000000, 1.000000000000000000, -0.000000000000000000 ) ) ;
#10136 = ORIENTED_EDGE ( 'NONE', *, *, #5325, .T. ) ;
#10137 = ADVANCED_FACE ( 'NONE', ( #4531 ), #8641, .F. ) ;
#10138 = DIRECTION ( 'NONE',  ( 0.000000000000000000, 0.000000000000000000, 1.000000000000000000 ) ) ;
#10139 = PLANE ( 'NONE',  #6101 ) ;
#10140 = CARTESIAN_POINT ( 'NONE',  ( 60.00000000000015632, 10.00000000000000000, 10.00000000000003020 ) ) ;
#10141 = CARTESIAN_POINT ( 'NONE',  ( 47.00000000000015632, 2.499999999999976907, 10.00000000000003020 ) ) ;
#10142 = DIRECTION ( 'NONE',  ( -0.000000000000000000, 1.000000000000000000, -0.000000000000000000 ) ) ;
#10143 = DIRECTION ( 'NONE',  ( 1.224646799147352961E-16, -1.000000000000000000, 0.000000000000000000 ) ) ;
#10144 = DIRECTION ( 'NONE',  ( -2.855511894612032274E-16, 0.000000000000000000, 1.000000000000000000 ) ) ;
#10145 = EDGE_CURVE ( 'NONE', #9284, #1265, #8459, .T. ) ;
#10146 = DIRECTION ( 'NONE',  ( -0.7071067811865506814, -9.038361193080986726E-17, -0.7071067811865444641 ) ) ;
#10147 = DIRECTION ( 'NONE',  ( 0.7071067811865532349, -0.7071067811865417996, -1.009575912219515156E-16 ) ) ;
#10148 = ORIENTED_EDGE ( 'NONE', *, *, #8718, .T. ) ;
#10149 = DIRECTION ( 'NONE',  ( -1.000000000000000000, -1.278217298088174232E-16, -0.000000000000000000 ) ) ;
#10150 = EDGE_CURVE ( 'NONE', #11971, #357, #718, .T. ) ;
#10151 = AXIS2_PLACEMENT_3D ( 'NONE', #7803, #7735, #1827 ) ;
#10152 = ORIENTED_EDGE ( 'NONE', *, *, #10359, .T. ) ;
#10153 = LINE ( 'NONE', #4694, #1866 ) ;
#10154 = DIRECTION ( 'NONE',  ( 0.000000000000000000, -0.7071067811865512365, -0.7071067811865439090 ) ) ;
#10155 = AXIS2_PLACEMENT_3D ( 'NONE', #8337, #9254, #720 ) ;
#10156 = LINE ( 'NONE', #9164, #6083 ) ;
#10157 = DIRECTION ( 'NONE',  ( -1.000000000000000000, -1.147978770867005115E-16, -0.000000000000000000 ) ) ;
#10158 = ORIENTED_EDGE ( 'NONE', *, *, #1271, .T. ) ;
#10159 = DIRECTION ( 'NONE',  ( 0.000000000000000000, 0.000000000000000000, 1.000000000000000000 ) ) ;
#10160 = CIRCLE ( 'NONE', #5084, 2.000000000000029310 ) ;
#10161 = DIRECTION ( 'NONE',  ( -0.000000000000000000, 1.000000000000000000, -0.000000000000000000 ) ) ;
#10162 = ADVANCED_FACE ( 'NONE', ( #4966 ), #663, .F. ) ;
#10163 = CARTESIAN_POINT ( 'NONE',  ( 29.00000000000012434, 3.000000000000000000, 60.60000000000000142 ) ) ;
#10164 = CARTESIAN_POINT ( 'NONE',  ( 22.50000000000013500, -7.703719777548933559E-32, 10.00000000000003020 ) ) ;
#10165 = FACE_OUTER_BOUND ( 'NONE', #2485, .T. ) ;
#10166 = DIRECTION ( 'NONE',  ( 0.7071067811865376918, 0.000000000000000000, -0.7071067811865573427 ) ) ;
#10167 = VECTOR ( 'NONE', #1285, 1000.000000000000000 ) ;
#10168 = APPROVAL_STATUS ( 'not_yet_approved' ) ;
#10169 = LINE ( 'NONE', #11937, #1664 ) ;
#10170 = ORIENTED_EDGE ( 'NONE', *, *, #9485, .F. ) ;
#10171 = EDGE_CURVE ( 'NONE', #4306, #9604, #4554, .T. ) ;
#10172 = ORIENTED_EDGE ( 'NONE', *, *, #8855, .T. ) ;
#10173 = VERTEX_POINT ( 'NONE', #2954 ) ;
#10174 = CARTESIAN_POINT ( 'NONE',  ( 76.00000000000019895, 10.00000000000000000, 10.00000000000003020 ) ) ;
#10175 = DIRECTION ( 'NONE',  ( 8.195446571860579663E-34, -1.000000000000000000, -0.000000000000000000 ) ) ;
#10176 = DIRECTION ( 'NONE',  ( 0.000000000000000000, 0.7071067811865410224, 0.7071067811865540120 ) ) ;
#10177 = DIRECTION ( 'NONE',  ( 0.7071067811865474617, -0.7071067811865474617, 0.000000000000000000 ) ) ;
#10178 = ORIENTED_EDGE ( 'NONE', *, *, #2967, .F. ) ;
#10179 = AXIS2_PLACEMENT_3D ( 'NONE', #11190, #2473, #3353 ) ;
#10180 = LINE ( 'NONE', #597, #10228 ) ;
#10181 = CIRCLE ( 'NONE', #753, 1.700000000000000178 ) ;
#10182 = EDGE_CURVE ( 'NONE', #2918, #3306, #4757, .T. ) ;
#10183 = CARTESIAN_POINT ( 'NONE',  ( -0.4999999999999971689, 35.49999999999998579, 44.59999999999998721 ) ) ;
#10184 = VERTEX_POINT ( 'NONE', #5828 ) ;
#10185 = VECTOR ( 'NONE', #275, 1000.000000000000227 ) ;
#10186 = ADVANCED_FACE ( 'NONE', ( #742 ), #11273, .T. ) ;
#10187 = ORIENTED_EDGE ( 'NONE', *, *, #1610, .T. ) ;
#10188 = VERTEX_POINT ( 'NONE', #10289 ) ;
#10189 = DIRECTION ( 'NONE',  ( -0.000000000000000000, 1.000000000000000000, -0.000000000000000000 ) ) ;
#10190 = ORIENTED_EDGE ( 'NONE', *, *, #3293, .T. ) ;
#10191 = DIRECTION ( 'NONE',  ( 0.7071067811865549002, 7.335013783873138382E-15, 0.7071067811865402453 ) ) ;
#10192 = EDGE_CURVE ( 'NONE', #7753, #172, #4992, .T. ) ;
#10193 = CARTESIAN_POINT ( 'NONE',  ( -0.9999999999999937828, 6.500000000001787015, 38.50000000006347989 ) ) ;
#10194 = CARTESIAN_POINT ( 'NONE',  ( 6.000000000000004441, 55.00000000000000711, -9.499999999999996447 ) ) ;
#10195 = VECTOR ( 'NONE', #2768, 1000.000000000000000 ) ;
#10196 = DIRECTION ( 'NONE',  ( 1.000000000000000000, 8.195446571860579663E-34, -2.855511894612032274E-16 ) ) ;
#10197 = ORIENTED_EDGE ( 'NONE', *, *, #176, .F. ) ;
#10198 = AXIS2_PLACEMENT_3D ( 'NONE', #5906, #3827, #6740 ) ;
#10199 = FACE_OUTER_BOUND ( 'NONE', #6255, .T. ) ;
#10200 = FACE_OUTER_BOUND ( 'NONE', #4586, .T. ) ;
#10201 = ORIENTED_EDGE ( 'NONE', *, *, #11241, .F. ) ;
#10202 = VERTEX_POINT ( 'NONE', #1725 ) ;
#10203 = EDGE_LOOP ( 'NONE', ( #4093, #3780, #4434, #6782 ) ) ;
#10204 = AXIS2_PLACEMENT_3D ( 'NONE', #246, #75, #3605 ) ;
#10205 = VERTEX_POINT ( 'NONE', #2722 ) ;
#10206 = LINE ( 'NONE', #11680, #6075 ) ;
#10207 = CARTESIAN_POINT ( 'NONE',  ( -3.353553390593323691, 35.49999999999998579, 56.95355339059296540 ) ) ;
#10208 = CARTESIAN_POINT ( 'NONE',  ( 1.102182119232617714E-15, 50.99999999999998579, -9.499999999999996447 ) ) ;
#10209 = EDGE_CURVE ( 'NONE', #1332, #12108, #582, .T. ) ;
#10210 = CARTESIAN_POINT ( 'NONE',  ( 42.00000000000015632, 2.499999999999984013, 10.00000000000003020 ) ) ;
#10211 = FACE_OUTER_BOUND ( 'NONE', #10134, .T. ) ;
#10212 = EDGE_LOOP ( 'NONE', ( #8218, #11015, #9654, #10607 ) ) ;
#10213 = DIRECTION ( 'NONE',  ( -0.5773502691896142958, 0.5773502691896311712, 0.5773502691896319483 ) ) ;
#10214 = EDGE_LOOP ( 'NONE', ( #11355, #7454, #3722, #2615 ) ) ;
#10215 = DIRECTION ( 'NONE',  ( 0.000000000000000000, -0.000000000000000000, 1.000000000000000000 ) ) ;
#10216 = DIRECTION ( 'NONE',  ( -1.000000000000000000, 0.000000000000000000, 0.000000000000000000 ) ) ;
#10217 = EDGE_CURVE ( 'NONE', #2030, #3465, #874, .T. ) ;
#10218 = ORIENTED_EDGE ( 'NONE', *, *, #11437, .T. ) ;
#10219 = LINE ( 'NONE', #2984, #9981 ) ;
#10220 = ORIENTED_EDGE ( 'NONE', *, *, #8548, .F. ) ;
#10221 = DIRECTION ( 'NONE',  ( 0.000000000000000000, 0.000000000000000000, -1.000000000000000000 ) ) ;
#10222 = ORIENTED_EDGE ( 'NONE', *, *, #552, .F. ) ;
#10223 = EDGE_LOOP ( 'NONE', ( #2011, #5894, #2516, #6711 ) ) ;
#10224 = AXIS2_PLACEMENT_3D ( 'NONE', #191, #3712, #6138 ) ;
#10225 = VERTEX_POINT ( 'NONE', #4452 ) ;
#10226 = DIRECTION ( 'NONE',  ( 0.000000000000000000, -1.000000000000000000, 0.000000000000000000 ) ) ;
#10227 = ADVANCED_FACE ( 'NONE', ( #701 ), #4371, .T. ) ;
#10228 = VECTOR ( 'NONE', #1549, 1000.000000000000000 ) ;
#10229 = FACE_OUTER_BOUND ( 'NONE', #5965, .T. ) ;
#10230 = DIRECTION ( 'NONE',  ( -0.7071067811865425767, 0.7071067811865524577, 0.000000000000000000 ) ) ;
#10231 = ORIENTED_EDGE ( 'NONE', *, *, #3964, .F. ) ;
#10232 = CARTESIAN_POINT ( 'NONE',  ( 69.50000000000017053, 10.00000000000000000, 58.59999999999996589 ) ) ;
#10233 = CARTESIAN_POINT ( 'NONE',  ( 3.000000000000008882, 6.500000000001787015, 9.500000000063492323 ) ) ;
#10234 = DIRECTION ( 'NONE',  ( 0.000000000000000000, -1.000000000000000000, 0.000000000000000000 ) ) ;
#10235 = ORIENTED_EDGE ( 'NONE', *, *, #845, .F. ) ;
#10236 = VERTEX_POINT ( 'NONE', #1344 ) ;
#10237 = EDGE_CURVE ( 'NONE', #5387, #5890, #5036, .T. ) ;
#10238 = ORIENTED_EDGE ( 'NONE', *, *, #9448, .T. ) ;
#10239 = ORIENTED_EDGE ( 'NONE', *, *, #9939, .F. ) ;
#10240 = ORIENTED_EDGE ( 'NONE', *, *, #10077, .T. ) ;
#10241 = DIRECTION ( 'NONE',  ( 0.000000000000000000, 0.000000000000000000, 1.000000000000000000 ) ) ;
#10242 = EDGE_CURVE ( 'NONE', #5613, #10792, #4738, .T. ) ;
#10243 = FACE_OUTER_BOUND ( 'NONE', #11549, .T. ) ;
#10244 = AXIS2_PLACEMENT_3D ( 'NONE', #7100, #1287, #4890 ) ;
#10245 = ORIENTED_EDGE ( 'NONE', *, *, #6590, .T. ) ;
#10246 = ORIENTED_EDGE ( 'NONE', *, *, #12289, .T. ) ;
#10247 = VECTOR ( 'NONE', #10581, 1000.000000000000000 ) ;
#10248 = VECTOR ( 'NONE', #10957, 1000.000000000000000 ) ;
#10249 = PRODUCT_DEFINITION ( 'UNKNOWN', '', #6106, #10020 ) ;
#10250 = ORIENTED_EDGE ( 'NONE', *, *, #9311, .T. ) ;
#10251 = ADVANCED_FACE ( 'NONE', ( #4723 ), #331, .F. ) ;
#10252 = CARTESIAN_POINT ( 'NONE',  ( 30.50000000000013500, 0.4999999999999848455, 58.59999999999996589 ) ) ;
#10253 = CARTESIAN_POINT ( 'NONE',  ( 47.00000000000014211, 10.00000000000000000, 58.59999999999996589 ) ) ;
#10254 = PLANE ( 'NONE',  #5472 ) ;
#10255 = CARTESIAN_POINT ( 'NONE',  ( 104.5000000000000426, 5.999999999999988454, 66.59999999999999432 ) ) ;
#10256 = ORIENTED_EDGE ( 'NONE', *, *, #9131, .F. ) ;
#10257 = ORIENTED_EDGE ( 'NONE', *, *, #4512, .F. ) ;
#10258 = CARTESIAN_POINT ( 'NONE',  ( 0.4999999999999805156, 53.80000000000000426, 22.09999999999999432 ) ) ;
#10259 = ORIENTED_EDGE ( 'NONE', *, *, #3715, .T. ) ;
#10260 = CARTESIAN_POINT ( 'NONE',  ( 115.9999999999999858, 4.500000000000013323, -9.499999999999996447 ) ) ;
#10261 = ORIENTED_EDGE ( 'NONE', *, *, #95, .F. ) ;
#10262 = DIRECTION ( 'NONE',  ( 0.000000000000000000, 0.000000000000000000, -1.000000000000000000 ) ) ;
#10263 = ORIENTED_EDGE ( 'NONE', *, *, #5321, .T. ) ;
#10264 = EDGE_CURVE ( 'NONE', #4681, #201, #9206, .T. ) ;
#10265 = CIRCLE ( 'NONE', #4257, 1.500000000000015099 ) ;
#10266 = ORIENTED_EDGE ( 'NONE', *, *, #2123, .T. ) ;
#10267 = DIRECTION ( 'NONE',  ( 0.000000000000000000, 0.000000000000000000, -1.000000000000000000 ) ) ;
#10268 = ORIENTED_EDGE ( 'NONE', *, *, #2629, .F. ) ;
#10269 = EDGE_CURVE ( 'NONE', #1659, #8122, #8844, .T. ) ;
#10270 = VECTOR ( 'NONE', #10081, 1000.000000000000000 ) ;
#10271 = DIRECTION ( 'NONE',  ( -2.855511894612032274E-16, -2.340219516760528775E-49, -1.000000000000000000 ) ) ;
#10272 = AXIS2_PLACEMENT_3D ( 'NONE', #7750, #2915, #10573 ) ;
#10273 = ADVANCED_FACE ( 'NONE', ( #9467 ), #5453, .F. ) ;
#10274 = VECTOR ( 'NONE', #3207, 1000.000000000000000 ) ;
#10275 = VERTEX_POINT ( 'NONE', #10085 ) ;
#10276 = VECTOR ( 'NONE', #3694, 1000.000000000000000 ) ;
#10277 = LINE ( 'NONE', #371, #2040 ) ;
#10278 = CARTESIAN_POINT ( 'NONE',  ( 59.50000000000014921, 3.000000000000000000, 10.00000000000003020 ) ) ;
#10279 = AXIS2_PLACEMENT_3D ( 'NONE', #5339, #8756, #206 ) ;
#10280 = VECTOR ( 'NONE', #4425, 1000.000000000000000 ) ;
#10281 = CARTESIAN_POINT ( 'NONE',  ( 115.9999999999999858, 8.499999999999992895, -10.00000000000000000 ) ) ;
#10282 = VERTEX_POINT ( 'NONE', #11067 ) ;
#10283 = ADVANCED_FACE ( 'NONE', ( #1105 ), #1524, .T. ) ;
#10284 = EDGE_LOOP ( 'NONE', ( #3754, #6129, #9796, #5807 ) ) ;
#10285 = ORIENTED_EDGE ( 'NONE', *, *, #5433, .F. ) ;
#10286 = CIRCLE ( 'NONE', #7988, 1.700000000000000178 ) ;
#10287 = EDGE_CURVE ( 'NONE', #10006, #11971, #5307, .T. ) ;
#10288 = DIRECTION ( 'NONE',  ( 0.7071067811865439090, -0.7071067811865512365, 0.000000000000000000 ) ) ;
#10289 = CARTESIAN_POINT ( 'NONE',  ( 2.000000000000000444, 59.49999999999999289, 49.24999999999999289 ) ) ;
#10290 = VECTOR ( 'NONE', #7442, 1000.000000000000000 ) ;
#10291 = DIRECTION ( 'NONE',  ( 1.278217298088174232E-16, -1.000000000000000000, 0.000000000000000000 ) ) ;
#10292 = ORIENTED_EDGE ( 'NONE', *, *, #10753, .F. ) ;
#10293 = DIRECTION ( 'NONE',  ( -0.000000000000000000, 1.000000000000000000, -0.000000000000000000 ) ) ;
#10294 = CONICAL_SURFACE ( 'NONE', #6131, 2.000000000000029310, 0.7853981633974396193 ) ;
#10295 = EDGE_CURVE ( 'NONE', #11399, #10646, #9443, .T. ) ;
#10296 = AXIS2_PLACEMENT_3D ( 'NONE', #250, #10002, #7063 ) ;
#10297 = FACE_OUTER_BOUND ( 'NONE', #2051, .T. ) ;
#10298 = EDGE_LOOP ( 'NONE', ( #5952, #4741, #1035, #8597 ) ) ;
#10299 = LINE ( 'NONE', #11919, #10318 ) ;
#10300 = LINE ( 'NONE', #10183, #1824 ) ;
#10301 = LINE ( 'NONE', #6319, #10389 ) ;
#10302 = AXIS2_PLACEMENT_3D ( 'NONE', #8012, #10546, #10221 ) ;
#10303 = CARTESIAN_POINT ( 'NONE',  ( 13.49999999999999822, 55.00000000000001421, -10.00000000000000000 ) ) ;
#10304 = DIRECTION ( 'NONE',  ( -1.000000000000000000, 0.000000000000000000, 0.000000000000000000 ) ) ;
#10305 = ORIENTED_EDGE ( 'NONE', *, *, #1746, .F. ) ;
#10306 = EDGE_LOOP ( 'NONE', ( #6404, #8243, #5642, #7247 ) ) ;
#10307 = ORIENTED_EDGE ( 'NONE', *, *, #3799, .F. ) ;
#10308 = CARTESIAN_POINT ( 'NONE',  ( 48.50000000000017053, -5.572903668865179597E-32, 10.00000000000003020 ) ) ;
#10309 = LINE ( 'NONE', #3520, #6675 ) ;
#10310 = CARTESIAN_POINT ( 'NONE',  ( 33.50000000000009948, 3.000000000000000000, 58.59999999999996589 ) ) ;
#10311 = CARTESIAN_POINT ( 'NONE',  ( 89.00000000000021316, 10.00000000000000000, 58.59999999999996589 ) ) ;
#10312 = EDGE_CURVE ( 'NONE', #2918, #4920, #9579, .T. ) ;
#10313 = ORIENTED_EDGE ( 'NONE', *, *, #6672, .T. ) ;
#10314 = CIRCLE ( 'NONE', #11513, 1.700000000000000178 ) ;
#10315 = ORIENTED_EDGE ( 'NONE', *, *, #68, .T. ) ;
#10316 = CARTESIAN_POINT ( 'NONE',  ( 105.5000000000000284, 4.999999999999999112, -10.00000000000000000 ) ) ;
#10317 = ORIENTED_EDGE ( 'NONE', *, *, #7398, .F. ) ;
#10318 = VECTOR ( 'NONE', #7219, 1000.000000000000114 ) ;
#10319 = CARTESIAN_POINT ( 'NONE',  ( 35.50000000000014921, 0.5000000000000125455, 8.500000000000007105 ) ) ;
#10320 = EDGE_CURVE ( 'NONE', #1564, #10752, #5121, .T. ) ;
#10321 = VERTEX_POINT ( 'NONE', #9808 ) ;
#10322 = DIRECTION ( 'NONE',  ( 0.000000000000000000, 0.000000000000000000, 1.000000000000000000 ) ) ;
#10323 = VECTOR ( 'NONE', #3329, 1000.000000000000000 ) ;
#10324 = AXIS2_PLACEMENT_3D ( 'NONE', #3218, #9804, #5451 ) ;
#10325 = PLANE ( 'NONE',  #3252 ) ;
#10326 = ORIENTED_EDGE ( 'NONE', *, *, #745, .F. ) ;
#10327 = ORIENTED_EDGE ( 'NONE', *, *, #404, .F. ) ;
#10328 = EDGE_CURVE ( 'NONE', #1221, #11132, #9635, .T. ) ;
#10329 = LINE ( 'NONE', #7963, #10496 ) ;
#10330 = ADVANCED_FACE ( 'NONE', ( #9299 ), #1154, .F. ) ;
#10331 = ORIENTED_EDGE ( 'NONE', *, *, #5703, .F. ) ;
#10332 = FACE_OUTER_BOUND ( 'NONE', #1760, .T. ) ;
#10333 = VECTOR ( 'NONE', #1856, 1000.000000000000000 ) ;
#10334 = CARTESIAN_POINT ( 'NONE',  ( 70.00000000000019895, 3.000000000000000000, -122.9712352769500541 ) ) ;
#10335 = EDGE_CURVE ( 'NONE', #4306, #12225, #1457, .T. ) ;
#10336 = CIRCLE ( 'NONE', #9205, 1.500000000000029088 ) ;
#10337 = CARTESIAN_POINT ( 'NONE',  ( 17.50000000000021672, 0.4999999999999813483, 58.59999999999996589 ) ) ;
#10338 = CARTESIAN_POINT ( 'NONE',  ( 81.00000000000019895, 10.00000000000000000, 10.00000000000003020 ) ) ;
#10339 = ORIENTED_EDGE ( 'NONE', *, *, #5591, .F. ) ;
#10340 = ORIENTED_EDGE ( 'NONE', *, *, #10150, .F. ) ;
#10341 = DIRECTION ( 'NONE',  ( 0.000000000000000000, 0.000000000000000000, -1.000000000000000000 ) ) ;
#10342 = EDGE_CURVE ( 'NONE', #3737, #12024, #5648, .T. ) ;
#10343 = EDGE_LOOP ( 'NONE', ( #3238, #9556, #6374 ) ) ;
#10344 = AXIS2_PLACEMENT_3D ( 'NONE', #5536, #5707, #3771 ) ;
#10345 = ORIENTED_EDGE ( 'NONE', *, *, #8599, .F. ) ;
#10346 = CARTESIAN_POINT ( 'NONE',  ( 16.00000000000012079, 0.4999999999999813483, 58.59999999999996589 ) ) ;
#10347 = VERTEX_POINT ( 'NONE', #5940 ) ;
#10348 = ORIENTED_EDGE ( 'NONE', *, *, #2908, .F. ) ;
#10349 = CARTESIAN_POINT ( 'NONE',  ( 17.50000000000021672, 0.4999999999999813483, 58.59999999999996589 ) ) ;
#10350 = EDGE_LOOP ( 'NONE', ( #8455, #5535, #1911, #4069 ) ) ;
#10351 = FACE_OUTER_BOUND ( 'NONE', #6648, .T. ) ;
#10352 = CARTESIAN_POINT ( 'NONE',  ( 13.50000000000000178, 54.50000000000000711, -10.00000000000000000 ) ) ;
#10353 = ORIENTED_EDGE ( 'NONE', *, *, #10044, .T. ) ;
#10354 = DIRECTION ( 'NONE',  ( -0.000000000000000000, -0.000000000000000000, -1.000000000000000000 ) ) ;
#10355 = ORIENTED_EDGE ( 'NONE', *, *, #7811, .F. ) ;
#10356 = AXIS2_PLACEMENT_3D ( 'NONE', #4170, #1177, #5023 ) ;
#10358 = VERTEX_POINT ( 'NONE', #4618 ) ;
#10357 = ADVANCED_FACE ( 'NONE', ( #5941 ), #7421, .F. ) ;
#10359 = EDGE_CURVE ( 'NONE', #238, #9284, #1581, .T. ) ;
#10360 = VERTEX_POINT ( 'NONE', #475 ) ;
#10361 = ORIENTED_EDGE ( 'NONE', *, *, #5461, .T. ) ;
#10362 = EDGE_CURVE ( 'NONE', #10646, #4979, #10122, .T. ) ;
#10363 = ORIENTED_EDGE ( 'NONE', *, *, #4638, .T. ) ;
#10364 = DIRECTION ( 'NONE',  ( -8.069965350965010400E-17, 0.7071067811865372477, -0.7071067811865578978 ) ) ;
#10365 = CARTESIAN_POINT ( 'NONE',  ( 57.00000000000018474, 3.000000000000000000, 58.59999999999996589 ) ) ;
#10366 = ORIENTED_EDGE ( 'NONE', *, *, #11883, .T. ) ;
#10367 = VERTEX_POINT ( 'NONE', #11804 ) ;
#10368 = ORIENTED_EDGE ( 'NONE', *, *, #5040, .T. ) ;
#10369 = ORIENTED_EDGE ( 'NONE', *, *, #3633, .T. ) ;
#10370 = DIRECTION ( 'NONE',  ( 0.000000000000000000, 0.000000000000000000, 1.000000000000000000 ) ) ;
#10371 = CARTESIAN_POINT ( 'NONE',  ( 4.000000000000000000, 55.49999999999999289, 52.09999999999999432 ) ) ;
#10372 = DIRECTION ( 'NONE',  ( 0.000000000000000000, -1.000000000000000000, 0.000000000000000000 ) ) ;
#10373 = CARTESIAN_POINT ( 'NONE',  ( 0.000000000000000000, 59.99999999999998579, 69.09999999999998010 ) ) ;
#10374 = LINE ( 'NONE', #10255, #6280 ) ;
#10375 = CARTESIAN_POINT ( 'NONE',  ( 105.4999999999999716, 54.00000000000010658, 69.59999999999999432 ) ) ;
#10376 = EDGE_CURVE ( 'NONE', #10275, #12055, #5762, .T. ) ;
#10377 = DIRECTION ( 'NONE',  ( 0.000000000000000000, -1.000000000000000000, 0.000000000000000000 ) ) ;
#10378 = ADVANCED_FACE ( 'NONE', ( #5609 ), #9971, .F. ) ;
#10379 = VECTOR ( 'NONE', #2608, 1000.000000000000000 ) ;
#10380 = ORIENTED_EDGE ( 'NONE', *, *, #646, .F. ) ;
#10381 = CARTESIAN_POINT ( 'NONE',  ( 47.00000000000014211, 0.5000000000000195399, 58.59999999999996589 ) ) ;
#10382 = VERTEX_POINT ( 'NONE', #4165 ) ;
#10383 = DIRECTION ( 'NONE',  ( 8.195446571860579663E-34, -1.000000000000000000, -0.000000000000000000 ) ) ;
#10384 = DIRECTION ( 'NONE',  ( 8.195446571860579663E-34, -1.000000000000000000, -0.000000000000000000 ) ) ;
#10385 = DIRECTION ( 'NONE',  ( -0.000000000000000000, 1.000000000000000000, -0.000000000000000000 ) ) ;
#10386 = EDGE_LOOP ( 'NONE', ( #6128, #8540, #5798, #2749 ) ) ;
#10387 = DIRECTION ( 'NONE',  ( 1.275531967630004999E-16, -1.000000000000000000, 0.000000000000000000 ) ) ;
#10388 = AXIS2_PLACEMENT_3D ( 'NONE', #7215, #3104, #2383 ) ;
#10389 = VECTOR ( 'NONE', #11114, 1000.000000000000000 ) ;
#10390 = ADVANCED_FACE ( 'NONE', ( #9855 ), #9590, .F. ) ;
#10391 = CARTESIAN_POINT ( 'NONE',  ( 61.50000000000017764, 3.000000000000000000, 10.00000000000003020 ) ) ;
#10392 = ORIENTED_EDGE ( 'NONE', *, *, #8346, .T. ) ;
#10393 = VERTEX_POINT ( 'NONE', #3645 ) ;
#10394 = CARTESIAN_POINT ( 'NONE',  ( 37.00000000000014921, 2.499999999999984013, 58.59999999999996589 ) ) ;
#10395 = ORIENTED_EDGE ( 'NONE', *, *, #6530, .T. ) ;
#10396 = CARTESIAN_POINT ( 'NONE',  ( -0.4999999999999813483, 20.00000000000172662, 43.45000000006207586 ) ) ;
#10397 = LINE ( 'NONE', #4688, #6304 ) ;
#10398 = CARTESIAN_POINT ( 'NONE',  ( 87.50000000000021316, 0.5000000000000195399, 10.00000000000003020 ) ) ;
#10399 = EDGE_LOOP ( 'NONE', ( #2549, #11619, #2071, #3211, #11019, #3234 ) ) ;
#10400 = PLANE ( 'NONE',  #12176 ) ;
#10401 = EDGE_CURVE ( 'NONE', #9914, #7773, #5780, .T. ) ;
#10402 = CARTESIAN_POINT ( 'NONE',  ( 21.00000000000012079, 0.5000000000000195399, 10.00000000000003020 ) ) ;
#10403 = CARTESIAN_POINT ( 'NONE',  ( 6.000000000000004441, 55.00000000000000711, -9.499999999999996447 ) ) ;
#10404 = VECTOR ( 'NONE', #4651, 1000.000000000000000 ) ;
#10405 = DIRECTION ( 'NONE',  ( -1.000000000000000000, -1.141265444721583018E-16, 5.866014694162371451E-32 ) ) ;
#10406 = EDGE_CURVE ( 'NONE', #2714, #5955, #5814, .T. ) ;
#10407 = CARTESIAN_POINT ( 'NONE',  ( 47.00000000000015632, 0.5000000000000195399, 10.00000000000003020 ) ) ;
#10408 = AXIS2_PLACEMENT_3D ( 'NONE', #636, #5354, #2381 ) ;
#10409 = ORIENTED_EDGE ( 'NONE', *, *, #3518, .T. ) ;
#10410 = ORIENTED_EDGE ( 'NONE', *, *, #3633, .F. ) ;
#10411 = ORIENTED_EDGE ( 'NONE', *, *, #12326, .F. ) ;
#10412 = ORIENTED_EDGE ( 'NONE', *, *, #9649, .F. ) ;
#10413 = DIRECTION ( 'NONE',  ( 0.7071067811865390240, -0.7071067811865561215, 0.000000000000000000 ) ) ;
#10414 = ORIENTED_EDGE ( 'NONE', *, *, #9657, .T. ) ;
#10415 = ORIENTED_EDGE ( 'NONE', *, *, #6540, .F. ) ;
#10416 = LINE ( 'NONE', #2524, #6112 ) ;
#10417 = FACE_OUTER_BOUND ( 'NONE', #6249, .T. ) ;
#10418 = DIRECTION ( 'NONE',  ( -0.7071067811865479058, -8.117435735382576289E-17, -0.7071067811865472397 ) ) ;
#10419 = EDGE_CURVE ( 'NONE', #12038, #6781, #1761, .T. ) ;
#10420 = DIRECTION ( 'NONE',  ( -2.855511894612032274E-16, -2.340219516760528775E-49, 1.000000000000000000 ) ) ;
#10421 = ORIENTED_EDGE ( 'NONE', *, *, #3332, .F. ) ;
#10422 = ORIENTED_EDGE ( 'NONE', *, *, #1091, .F. ) ;
#10423 = DIRECTION ( 'NONE',  ( -0.7071067811865500152, 0.7071067811865451302, 0.000000000000000000 ) ) ;
#10424 = DIRECTION ( 'NONE',  ( 1.000000000000000000, 6.938893903907228378E-15, -0.000000000000000000 ) ) ;
#10425 = ORIENTED_EDGE ( 'NONE', *, *, #11757, .F. ) ;
#10426 = EDGE_CURVE ( 'NONE', #7258, #8861, #1802, .T. ) ;
#10427 = AXIS2_PLACEMENT_3D ( 'NONE', #5218, #1622, #504 ) ;
#10428 = CARTESIAN_POINT ( 'NONE',  ( 115.9999999999999858, 9.000000000000001776, -10.00000000000000000 ) ) ;
#10429 = VERTEX_POINT ( 'NONE', #7482 ) ;
#10430 = EDGE_LOOP ( 'NONE', ( #9361, #1797, #6197, #3396 ) ) ;
#10431 = CARTESIAN_POINT ( 'NONE',  ( 89.00000000000019895, 2.499999999999976907, 10.00000000000003020 ) ) ;
#10432 = AXIS2_PLACEMENT_3D ( 'NONE', #11661, #5187, #2207 ) ;
#10433 = DIRECTION ( 'NONE',  ( -1.000000000000000000, 0.000000000000000000, -0.000000000000000000 ) ) ;
#10434 = VECTOR ( 'NONE', #5064, 1000.000000000000000 ) ;
#10435 = DIRECTION ( 'NONE',  ( 0.000000000000000000, 0.000000000000000000, -1.000000000000000000 ) ) ;
#10436 = VECTOR ( 'NONE', #11072, 999.9999999999998863 ) ;
#10437 = ORIENTED_EDGE ( 'NONE', *, *, #4207, .T. ) ;
#10438 = ADVANCED_FACE ( 'NONE', ( #10199 ), #12173, .T. ) ;
#10439 = DIRECTION ( 'NONE',  ( -0.000000000000000000, 1.000000000000000000, -0.000000000000000000 ) ) ;
#10440 = CARTESIAN_POINT ( 'NONE',  ( 94.00000000000019895, 2.499999999999976907, 58.59999999999996589 ) ) ;
#10441 = EDGE_LOOP ( 'NONE', ( #2702, #7762, #6003, #7433 ) ) ;
#10442 = FACE_OUTER_BOUND ( 'NONE', #11968, .T. ) ;
#10443 = LINE ( 'NONE', #7205, #6803 ) ;
#10444 = DIRECTION ( 'NONE',  ( 0.000000000000000000, 0.000000000000000000, -1.000000000000000000 ) ) ;
#10445 = CARTESIAN_POINT ( 'NONE',  ( 116.0000000000000000, 6.000000000000001776, -10.00000000000000000 ) ) ;
#10446 = ORIENTED_EDGE ( 'NONE', *, *, #9448, .F. ) ;
#10447 = DIRECTION ( 'NONE',  ( -0.7071067811865536790, -0.7071067811865414665, -0.000000000000000000 ) ) ;
#10448 = CARTESIAN_POINT ( 'NONE',  ( 102.5000000000002416, 3.000000000000000000, 58.59999999999996589 ) ) ;
#10449 = ORIENTED_EDGE ( 'NONE', *, *, #2647, .F. ) ;
#10450 = EDGE_CURVE ( 'NONE', #181, #144, #10160, .T. ) ;
#10451 = ORIENTED_EDGE ( 'NONE', *, *, #6893, .T. ) ;
#10452 = ORIENTED_EDGE ( 'NONE', *, *, #9297, .T. ) ;
#10453 = LINE ( 'NONE', #3573, #2187 ) ;
#10454 = ORIENTED_EDGE ( 'NONE', *, *, #4467, .F. ) ;
#10455 = CARTESIAN_POINT ( 'NONE',  ( 0.5000000000000087708, 50.49999999999998579, -10.00000000000000000 ) ) ;
#10456 = DIRECTION ( 'NONE',  ( -0.000000000000000000, 1.000000000000000000, -0.000000000000000000 ) ) ;
#10457 = AXIS2_PLACEMENT_3D ( 'NONE', #9826, #5284, #7926 ) ;
#10458 = LINE ( 'NONE', #9022, #2148 ) ;
#10459 = EDGE_LOOP ( 'NONE', ( #6102, #2233, #5280, #6073 ) ) ;
#10460 = CARTESIAN_POINT ( 'NONE',  ( 9.000000000000003553, 33.50000000000178346, 38.40000000006348557 ) ) ;
#10461 = ORIENTED_EDGE ( 'NONE', *, *, #3639, .F. ) ;
#10462 = CARTESIAN_POINT ( 'NONE',  ( 106.4137252060634893, 5.023731435727861516, -9.914033332673056975 ) ) ;
#10463 = EDGE_CURVE ( 'NONE', #8255, #10236, #10181, .T. ) ;
#10464 = ADVANCED_FACE ( 'NONE', ( #1925 ), #6068, .F. ) ;
#10465 = CARTESIAN_POINT ( 'NONE',  ( 105.5000000000000142, 13.00000000000000000, -10.00000000000000000 ) ) ;
#10466 = ORIENTED_EDGE ( 'NONE', *, *, #8372, .T. ) ;
#10467 = CARTESIAN_POINT ( 'NONE',  ( 29.00000000000014211, 0.4999999999999848455, 10.00000000000003020 ) ) ;
#10468 = EDGE_CURVE ( 'NONE', #4968, #1750, #2022, .T. ) ;
#10469 = VERTEX_POINT ( 'NONE', #3676 ) ;
#10470 = ORIENTED_EDGE ( 'NONE', *, *, #6417, .T. ) ;
#10471 = ORIENTED_EDGE ( 'NONE', *, *, #2244, .F. ) ;
#10472 = PLANE ( 'NONE',  #7450 ) ;
#10473 = EDGE_CURVE ( 'NONE', #3421, #10512, #2198, .T. ) ;
#10474 = CIRCLE ( 'NONE', #4271, 1.500000000000015099 ) ;
#10475 = EDGE_LOOP ( 'NONE', ( #6038, #9129, #1042, #4614 ) ) ;
#10476 = DIRECTION ( 'NONE',  ( 0.000000000000000000, -1.000000000000000000, 0.000000000000000000 ) ) ;
#10477 = FACE_OUTER_BOUND ( 'NONE', #11759, .T. ) ;
#10478 = DIRECTION ( 'NONE',  ( 0.000000000000000000, 0.000000000000000000, 1.000000000000000000 ) ) ;
#10479 = VERTEX_POINT ( 'NONE', #9415 ) ;
#10480 = ADVANCED_FACE ( 'NONE', ( #10297 ), #4442, .T. ) ;
#10481 = VECTOR ( 'NONE', #10241, 1000.000000000000000 ) ;
#10482 = CARTESIAN_POINT ( 'NONE',  ( 5.000000000000007105, 3.000000000000000000, 63.59999999999995879 ) ) ;
#10483 = ORIENTED_EDGE ( 'NONE', *, *, #4269, .F. ) ;
#10484 = CARTESIAN_POINT ( 'NONE',  ( 3.000000000000008882, 6.500000000001787015, 38.00000000006350120 ) ) ;
#10485 = AXIS2_PLACEMENT_3D ( 'NONE', #2356, #8069, #8978 ) ;
#10486 = CARTESIAN_POINT ( 'NONE',  ( 74.50000000000017053, 3.000000000000000000, 58.59999999999996589 ) ) ;
#10487 = CARTESIAN_POINT ( 'NONE',  ( 0.4999999999999922284, 49.93342418833208285, 69.60000000000000853 ) ) ;
#10488 = DIRECTION ( 'NONE',  ( 0.000000000000000000, -1.000000000000000000, 0.000000000000000000 ) ) ;
#10489 = ORIENTED_EDGE ( 'NONE', *, *, #3077, .T. ) ;
#10490 = LINE ( 'NONE', #7187, #2098 ) ;
#10491 = ADVANCED_FACE ( 'NONE', ( #2249 ), #6685, .F. ) ;
#10492 = CARTESIAN_POINT ( 'NONE',  ( -0.9999999999999954481, 20.00000000000002132, 7.950000000064003203 ) ) ;
#10493 = AXIS2_PLACEMENT_3D ( 'NONE', #6805, #10691, #67 ) ;
#10494 = EDGE_LOOP ( 'NONE', ( #5355, #9673, #9061, #5773, #3847 ) ) ;
#10495 = CARTESIAN_POINT ( 'NONE',  ( 16.00000000000012434, 3.000000000000000000, 10.00000000000003020 ) ) ;
#10496 = VECTOR ( 'NONE', #4472, 1000.000000000000114 ) ;
#10497 = VECTOR ( 'NONE', #1703, 1000.000000000000000 ) ;
#10498 = ORIENTED_EDGE ( 'NONE', *, *, #4659, .T. ) ;
#10499 = EDGE_CURVE ( 'NONE', #4615, #9163, #6116, .T. ) ;
#10500 = CIRCLE ( 'NONE', #11860, 2.000000000000029310 ) ;
#10501 = ORIENTED_EDGE ( 'NONE', *, *, #8630, .T. ) ;
#10502 = VECTOR ( 'NONE', #8210, 1000.000000000000000 ) ;
#10503 = EDGE_LOOP ( 'NONE', ( #2656, #9262, #11863, #4352 ) ) ;
#10504 = EDGE_CURVE ( 'NONE', #9952, #2036, #10277, .T. ) ;
#10505 = AXIS2_PLACEMENT_3D ( 'NONE', #8673, #9594, #10652 ) ;
#10506 = EDGE_CURVE ( 'NONE', #11889, #11670, #2075, .T. ) ;
#10507 = EDGE_LOOP ( 'NONE', ( #5984, #6720, #1971, #10887 ) ) ;
#10508 = VECTOR ( 'NONE', #4212, 999.9999999999998863 ) ;
#10509 = PLANE ( 'NONE',  #5135 ) ;
#10510 = VERTEX_POINT ( 'NONE', #6883 ) ;
#10511 = PLANE ( 'NONE',  #7202 ) ;
#10512 = VERTEX_POINT ( 'NONE', #8547 ) ;
#10513 = ORIENTED_EDGE ( 'NONE', *, *, #10468, .T. ) ;
#10514 = ORIENTED_EDGE ( 'NONE', *, *, #7874, .T. ) ;
#10515 = CARTESIAN_POINT ( 'NONE',  ( 42.00000000000013500, 2.499999999999984013, 58.59999999999996589 ) ) ;
#10516 = AXIS2_PLACEMENT_3D ( 'NONE', #1110, #5134, #3936 ) ;
#10517 = FACE_OUTER_BOUND ( 'NONE', #1937, .T. ) ;
#10518 = FACE_OUTER_BOUND ( 'NONE', #5867, .T. ) ;
#10519 = ORIENTED_EDGE ( 'NONE', *, *, #5072, .F. ) ;
#10520 = EDGE_CURVE ( 'NONE', #11132, #9853, #6615, .T. ) ;
#10521 = DIRECTION ( 'NONE',  ( 2.855511894612032274E-16, 0.000000000000000000, -1.000000000000000000 ) ) ;
#10522 = EDGE_CURVE ( 'NONE', #10173, #259, #6504, .T. ) ;
#10523 = PLANE ( 'NONE',  #8588 ) ;
#10524 = ORIENTED_EDGE ( 'NONE', *, *, #1691, .F. ) ;
#10525 = ORIENTED_EDGE ( 'NONE', *, *, #1219, .F. ) ;
#10526 = EDGE_CURVE ( 'NONE', #5902, #7525, #6686, .T. ) ;
#10527 = ORIENTED_EDGE ( 'NONE', *, *, #6126, .F. ) ;
#10528 = DIRECTION ( 'NONE',  ( -0.5773502691896240657, 0.5773502691896225114, -0.5773502691896308381 ) ) ;
#10529 = ORIENTED_EDGE ( 'NONE', *, *, #4991, .F. ) ;
#10530 = EDGE_CURVE ( 'NONE', #1867, #9857, #6778, .T. ) ;
#10531 = CIRCLE ( 'NONE', #6339, 1.700000000000000178 ) ;
#10532 = AXIS2_PLACEMENT_3D ( 'NONE', #5784, #8520, #9521 ) ;
#10533 = DIRECTION ( 'NONE',  ( -1.000000000000000000, 2.023844055306273103E-15, 0.000000000000000000 ) ) ;
#10534 = ADVANCED_FACE ( 'NONE', ( #10929 ), #10767, .F. ) ;
#10535 = DIRECTION ( 'NONE',  ( 1.000000000000000000, 0.000000000000000000, 0.000000000000000000 ) ) ;
#10536 = ORIENTED_EDGE ( 'NONE', *, *, #10312, .F. ) ;
#10537 = LINE ( 'NONE', #8285, #10481 ) ;
#10538 = FACE_OUTER_BOUND ( 'NONE', #10959, .T. ) ;
#10539 = CARTESIAN_POINT ( 'NONE',  ( 44.00000000000018474, 3.000000000000000000, 10.00000000000003020 ) ) ;
#10540 = CARTESIAN_POINT ( 'NONE',  ( 9.000000000000003553, 33.50000000000178346, 38.00000000006348699 ) ) ;
#10541 = ORIENTED_EDGE ( 'NONE', *, *, #7712, .F. ) ;
#10542 = DIRECTION ( 'NONE',  ( -1.000000000000000000, -1.147978770867005115E-16, -0.000000000000000000 ) ) ;
#10543 = ORIENTED_EDGE ( 'NONE', *, *, #594, .F. ) ;
#10544 = ORIENTED_EDGE ( 'NONE', *, *, #5990, .F. ) ;
#10545 = EDGE_LOOP ( 'NONE', ( #3851, #820, #5611, #2139, #3744 ) ) ;
#10546 = DIRECTION ( 'NONE',  ( 0.000000000000000000, -1.000000000000000000, 0.000000000000000000 ) ) ;
#10547 = ORIENTED_EDGE ( 'NONE', *, *, #12092, .F. ) ;
#10548 = DIRECTION ( 'NONE',  ( -0.2810846377148140118, -0.6785983445458413366, 0.6785983445458552143 ) ) ;
#10549 = ORIENTED_EDGE ( 'NONE', *, *, #10805, .F. ) ;
#10550 = CARTESIAN_POINT ( 'NONE',  ( 116.5000000000000000, 8.499999999999992895, -10.00000000000000000 ) ) ;
#10551 = EDGE_CURVE ( 'NONE', #10275, #11765, #2707, .T. ) ;
#10552 = CARTESIAN_POINT ( 'NONE',  ( 31.00000000000013145, -7.007106818940783373E-32, 10.00000000000003020 ) ) ;
#10553 = CARTESIAN_POINT ( 'NONE',  ( 116.5000000000000000, 8.499999999999996447, -9.499999999999996447 ) ) ;
#10554 = LINE ( 'NONE', #5887, #10759 ) ;
#10555 = CARTESIAN_POINT ( 'NONE',  ( -0.5000000000000247580, 33.50000000000178346, 9.500000000063488770 ) ) ;
#10556 = EDGE_CURVE ( 'NONE', #1189, #11623, #6550, .T. ) ;
#10557 = VECTOR ( 'NONE', #7810, 1000.000000000000000 ) ;
#10558 = CARTESIAN_POINT ( 'NONE',  ( -0.5000000000000240918, 35.50000000000179057, 36.00000000006347989 ) ) ;
#10559 = VERTEX_POINT ( 'NONE', #3284 ) ;
#10560 = AXIS2_PLACEMENT_3D ( 'NONE', #4644, #8489, #3837 ) ;
#10561 = PLANE ( 'NONE',  #6592 ) ;
#10562 = ORIENTED_EDGE ( 'NONE', *, *, #10686, .F. ) ;
#10563 = DIRECTION ( 'NONE',  ( 0.000000000000000000, 0.000000000000000000, -1.000000000000000000 ) ) ;
#10564 = ADVANCED_FACE ( 'NONE', ( #6593 ), #5189, .T. ) ;
#10565 = DIRECTION ( 'NONE',  ( 0.000000000000000000, -0.000000000000000000, 1.000000000000000000 ) ) ;
#10566 = LINE ( 'NONE', #9055, #2205 ) ;
#10567 = ORIENTED_EDGE ( 'NONE', *, *, #602, .T. ) ;
#10568 = DIRECTION ( 'NONE',  ( -0.7071067811865543451, 0.000000000000000000, -0.7071067811865408004 ) ) ;
#10569 = ORIENTED_EDGE ( 'NONE', *, *, #291, .T. ) ;
#10570 = CARTESIAN_POINT ( 'NONE',  ( 46.50000000000012790, -5.736812600302393209E-32, 58.59999999999996589 ) ) ;
#10571 = VECTOR ( 'NONE', #11707, 1000.000000000000000 ) ;
#10572 = EDGE_CURVE ( 'NONE', #5893, #9609, #2454, .T. ) ;
#10573 = DIRECTION ( 'NONE',  ( 1.000000000000000000, 0.000000000000000000, 0.000000000000000000 ) ) ;
#10574 = ORIENTED_EDGE ( 'NONE', *, *, #3732, .F. ) ;
#10575 = EDGE_CURVE ( 'NONE', #4051, #5340, #7278, .T. ) ;
#10576 = EDGE_CURVE ( 'NONE', #5222, #6566, #3039, .T. ) ;
#10577 = VECTOR ( 'NONE', #9477, 1000.000000000000000 ) ;
#10578 = DIRECTION ( 'NONE',  ( 0.000000000000000000, 0.000000000000000000, 1.000000000000000000 ) ) ;
#10579 = VECTOR ( 'NONE', #6583, 1000.000000000000114 ) ;
#10580 = AXIS2_PLACEMENT_3D ( 'NONE', #505, #1456, #7348 ) ;
#10581 = DIRECTION ( 'NONE',  ( 0.000000000000000000, 0.000000000000000000, 1.000000000000000000 ) ) ;
#10582 = DIRECTION ( 'NONE',  ( 0.5773502691896207351, 0.5773502691896338357, -0.5773502691896227335 ) ) ;
#10583 = DIRECTION ( 'NONE',  ( 8.195446571860579663E-34, -1.000000000000000000, -0.000000000000000000 ) ) ;
#10584 = ADVANCED_FACE ( 'NONE', ( #7105 ), #6980, .F. ) ;
#10585 = VERTEX_POINT ( 'NONE', #10954 ) ;
#10586 = CARTESIAN_POINT ( 'NONE',  ( 31.00000000000017408, 3.000000000000000000, 10.00000000000003020 ) ) ;
#10587 = CARTESIAN_POINT ( 'NONE',  ( 9.000000000000007105, 6.500000000001787903, 9.500000000063494099 ) ) ;
#10588 = CARTESIAN_POINT ( 'NONE',  ( 116.5000000000000000, 6.500000000000009770, -9.499999999999996447 ) ) ;
#10589 = CARTESIAN_POINT ( 'NONE',  ( 9.000000000000003553, 35.50000000000179057, 36.00000000006347989 ) ) ;
#10590 = LINE ( 'NONE', #8497, #6816 ) ;
#10591 = LINE ( 'NONE', #3632, #6542 ) ;
#10592 = ORIENTED_EDGE ( 'NONE', *, *, #5816, .F. ) ;
#10593 = ORIENTED_EDGE ( 'NONE', *, *, #10610, .T. ) ;
#10594 = ORIENTED_EDGE ( 'NONE', *, *, #7413, .T. ) ;
#10595 = VECTOR ( 'NONE', #9764, 999.9999999999998863 ) ;
#10596 = DIRECTION ( 'NONE',  ( 1.000000000000000000, 0.000000000000000000, 0.000000000000000000 ) ) ;
#10597 = ORIENTED_EDGE ( 'NONE', *, *, #2337, .F. ) ;
#10598 = ORIENTED_EDGE ( 'NONE', *, *, #6099, .T. ) ;
#10599 = VECTOR ( 'NONE', #7878, 1000.000000000000000 ) ;
#10600 = CIRCLE ( 'NONE', #271, 1.500000000000008216 ) ;
#10601 = DIRECTION ( 'NONE',  ( -0.7071067811865511255, -0.7071067811865440200, 2.019151824439024395E-16 ) ) ;
#10602 = EDGE_LOOP ( 'NONE', ( #1291, #10604, #5208, #10029 ) ) ;
#10603 = CARTESIAN_POINT ( 'NONE',  ( 3.000000000000004441, 22.85000000000002274, 2.750000000064023009 ) ) ;
#10604 = ORIENTED_EDGE ( 'NONE', *, *, #650, .F. ) ;
#10605 = AXIS2_PLACEMENT_3D ( 'NONE', #3736, #11170, #10806 ) ;
#10606 = ORIENTED_EDGE ( 'NONE', *, *, #3555, .F. ) ;
#10607 = ORIENTED_EDGE ( 'NONE', *, *, #1788, .F. ) ;
#10608 = VERTEX_POINT ( 'NONE', #2394 ) ;
#10609 = DIRECTION ( 'NONE',  ( 0.000000000000000000, 0.000000000000000000, -1.000000000000000000 ) ) ;
#10610 = EDGE_CURVE ( 'NONE', #10792, #10382, #3131, .T. ) ;
#10611 = VECTOR ( 'NONE', #11447, 1000.000000000000000 ) ;
#10612 = FACE_OUTER_BOUND ( 'NONE', #5718, .T. ) ;
#10613 = ORIENTED_EDGE ( 'NONE', *, *, #4626, .F. ) ;
#10614 = DIRECTION ( 'NONE',  ( 0.7071067811865402453, 0.000000000000000000, -0.7071067811865549002 ) ) ;
#10615 = CARTESIAN_POINT ( 'NONE',  ( 108.5000000000000426, 13.00000000000000000, -10.00000000000000000 ) ) ;
#10616 = DIRECTION ( 'NONE',  ( -0.6785983445458382279, 0.2810846377148318309, 0.6785983445458509955 ) ) ;
#10617 = EDGE_LOOP ( 'NONE', ( #3448, #12080, #11561, #194 ) ) ;
#10618 = LINE ( 'NONE', #9235, #2407 ) ;
#10619 = PLANE ( 'NONE',  #9943 ) ;
#10620 = EDGE_CURVE ( 'NONE', #10358, #6678, #7156, .T. ) ;
#10621 = DIRECTION ( 'NONE',  ( -7.138779736530080685E-17, -5.850548791901321936E-50, 1.000000000000000000 ) ) ;
#10622 = ORIENTED_EDGE ( 'NONE', *, *, #5678, .F. ) ;
#10623 = EDGE_CURVE ( 'NONE', #10429, #11011, #2802, .T. ) ;
#10624 = CARTESIAN_POINT ( 'NONE',  ( 27.50000000000011013, 0.4999999999999848455, 58.59999999999996589 ) ) ;
#10625 = CARTESIAN_POINT ( 'NONE',  ( 3.000000000000004441, 20.00000000000172662, 41.75000000006208012 ) ) ;
#10626 = ORIENTED_EDGE ( 'NONE', *, *, #4308, .F. ) ;
#10627 = AXIS2_PLACEMENT_3D ( 'NONE', #10132, #10831, #4143 ) ;
#10628 = ORIENTED_EDGE ( 'NONE', *, *, #4713, .F. ) ;
#10629 = DIRECTION ( 'NONE',  ( 0.000000000000000000, -1.000000000000000000, 0.000000000000000000 ) ) ;
#10630 = ORIENTED_EDGE ( 'NONE', *, *, #6212, .F. ) ;
#10631 = CARTESIAN_POINT ( 'NONE',  ( 104.5000000000000142, 6.000000000000000000, 69.59999999999999432 ) ) ;
#10632 = VECTOR ( 'NONE', #2966, 1000.000000000000000 ) ;
#10633 = VECTOR ( 'NONE', #4244, 1000.000000000000000 ) ;
#10634 = ORIENTED_EDGE ( 'NONE', *, *, #11534, .F. ) ;
#10635 = ADVANCED_FACE ( 'NONE', ( #2901 ), #11123, .F. ) ;
#10636 = DIRECTION ( 'NONE',  ( 0.000000000000000000, -1.000000000000000000, 0.000000000000000000 ) ) ;
#10637 = DIRECTION ( 'NONE',  ( 0.5773502691896320593, 0.5773502691896250649, 0.5773502691896201799 ) ) ;
#10638 = CARTESIAN_POINT ( 'NONE',  ( 14.50000000000002665, 2.499999999999987566, 58.59999999999996589 ) ) ;
#10639 = DIRECTION ( 'NONE',  ( -0.000000000000000000, 1.000000000000000000, -0.000000000000000000 ) ) ;
#10640 = AXIS2_PLACEMENT_3D ( 'NONE', #5700, #3860, #2899 ) ;
#10641 = CARTESIAN_POINT ( 'NONE',  ( 0.5000000000000067724, 5.976103477970288337E-17, 0.000000000000000000 ) ) ;
#10642 = DIRECTION ( 'NONE',  ( 1.224646799147351975E-16, -1.000000000000000000, 0.000000000000000000 ) ) ;
#10643 = EDGE_LOOP ( 'NONE', ( #5488, #10292, #6700, #11283 ) ) ;
#10644 = FACE_OUTER_BOUND ( 'NONE', #10459, .T. ) ;
#10645 = CARTESIAN_POINT ( 'NONE',  ( 116.0000000000000000, 6.000000000000001776, 69.09999999999998010 ) ) ;
#10646 = VERTEX_POINT ( 'NONE', #641 ) ;
#10647 = VERTEX_POINT ( 'NONE', #3519 ) ;
#10648 = ORIENTED_EDGE ( 'NONE', *, *, #10572, .F. ) ;
#10649 = EDGE_CURVE ( 'NONE', #12271, #218, #11423, .T. ) ;
#10650 = CARTESIAN_POINT ( 'NONE',  ( 60.00000000000015632, 2.499999999999984013, 10.00000000000003020 ) ) ;
#10651 = DIRECTION ( 'NONE',  ( -0.7071067811865549002, 0.000000000000000000, 0.7071067811865402453 ) ) ;
#10652 = DIRECTION ( 'NONE',  ( 0.000000000000000000, -1.000000000000000000, 0.000000000000000000 ) ) ;
#10653 = VERTEX_POINT ( 'NONE', #8648 ) ;
#10654 = CARTESIAN_POINT ( 'NONE',  ( 100.5000000000002274, 0.5000000000000056621, 10.00000000000003020 ) ) ;
#10655 = DIRECTION ( 'NONE',  ( -0.7071067811865474617, 0.7071067811865474617, -0.000000000000000000 ) ) ;
#10656 = EDGE_CURVE ( 'NONE', #7773, #5738, #7294, .T. ) ;
#10657 = CARTESIAN_POINT ( 'NONE',  ( 94.00000000000022737, 0.5000000000000195399, 10.00000000000003020 ) ) ;
#10658 = LINE ( 'NONE', #970, #2776 ) ;
#10659 = VECTOR ( 'NONE', #11991, 999.9999999999998863 ) ;
#10660 = EDGE_LOOP ( 'NONE', ( #4815, #9374, #11302, #3874 ) ) ;
#10661 = ORIENTED_EDGE ( 'NONE', *, *, #10933, .T. ) ;
#10662 = VECTOR ( 'NONE', #8173, 1000.000000000000000 ) ;
#10663 = EDGE_CURVE ( 'NONE', #9655, #5710, #11404, .T. ) ;
#10664 = ORIENTED_EDGE ( 'NONE', *, *, #3176, .F. ) ;
#10665 = ORIENTED_EDGE ( 'NONE', *, *, #3790, .T. ) ;
#10666 = ADVANCED_FACE ( 'NONE', ( #3150 ), #2956, .F. ) ;
#10667 = AXIS2_PLACEMENT_3D ( 'NONE', #7582, #10166, #1837 ) ;
#10668 = ORIENTED_EDGE ( 'NONE', *, *, #4078, .F. ) ;
#10669 = LINE ( 'NONE', #785, #10750 ) ;
#10670 = CARTESIAN_POINT ( 'NONE',  ( 69.50000000000017053, 0.4999999999999917843, 58.59999999999996589 ) ) ;
#10671 = CARTESIAN_POINT ( 'NONE',  ( 43.50000000000014921, 10.00000000000000000, 58.59999999999996589 ) ) ;
#10672 = CARTESIAN_POINT ( 'NONE',  ( 50.50000000000019895, 3.000000000000000000, -122.9712352769500541 ) ) ;
#10673 = EDGE_LOOP ( 'NONE', ( #5332, #12247, #4580, #5720, #4393 ) ) ;
#10674 = EDGE_LOOP ( 'NONE', ( #6472, #10498, #10823, #7727, #7662 ) ) ;
#10675 = CARTESIAN_POINT ( 'NONE',  ( 0.000000000000000000, 52.49999999999998579, 0.000000000000000000 ) ) ;
#10676 = ORIENTED_EDGE ( 'NONE', *, *, #5277, .F. ) ;
#10677 = EDGE_LOOP ( 'NONE', ( #2327, #2641, #10594, #1546, #2219 ) ) ;
#10678 = VECTOR ( 'NONE', #491, 1000.000000000000000 ) ;
#10679 = DIRECTION ( 'NONE',  ( 8.195446571860579663E-34, -1.000000000000000000, -0.000000000000000000 ) ) ;
#10680 = EDGE_LOOP ( 'NONE', ( #189, #4935, #8105, #1075 ) ) ;
#10681 = DIRECTION ( 'NONE',  ( -0.7071067811865414665, -0.7071067811865536790, 0.000000000000000000 ) ) ;
#10682 = CARTESIAN_POINT ( 'NONE',  ( 3.000000000000005329, 33.50000000000178346, 9.100000000063497296 ) ) ;
#10683 = EDGE_CURVE ( 'NONE', #3180, #4889, #11314, .T. ) ;
#10684 = LINE ( 'NONE', #4871, #2480 ) ;
#10685 = CARTESIAN_POINT ( 'NONE',  ( 5.499999999999992895, 59.99999999999997868, 69.09999999999998010 ) ) ;
#10686 = EDGE_CURVE ( 'NONE', #9416, #6854, #3018, .T. ) ;
#10687 = AXIS2_PLACEMENT_3D ( 'NONE', #7493, #8441, #12023 ) ;
#10688 = VERTEX_POINT ( 'NONE', #2658 ) ;
#10689 = LINE ( 'NONE', #6284, #2007 ) ;
#10690 = ADVANCED_FACE ( 'NONE', ( #3061 ), #11044, .F. ) ;
#10691 = DIRECTION ( 'NONE',  ( -0.000000000000000000, 1.000000000000000000, -0.000000000000000000 ) ) ;
#10692 = EDGE_LOOP ( 'NONE', ( #1888, #2661, #5652, #8403, #10285 ) ) ;
#10693 = EDGE_LOOP ( 'NONE', ( #8837, #4728, #11413, #10983 ) ) ;
#10694 = VERTEX_POINT ( 'NONE', #3849 ) ;
#10695 = CONICAL_SURFACE ( 'NONE', #4044, 1.500000000000001332, 0.7853981633974430610 ) ;
#10696 = DIRECTION ( 'NONE',  ( -1.000000000000000000, -5.782411586589377360E-16, 0.000000000000000000 ) ) ;
#10697 = CARTESIAN_POINT ( 'NONE',  ( 3.999999999999896971, 52.49999999999998579, 19.24999999999999645 ) ) ;
#10698 = VERTEX_POINT ( 'NONE', #8496 ) ;
#10699 = CARTESIAN_POINT ( 'NONE',  ( 35.50000000000014921, 0.5000000000000125455, 10.00000000000003020 ) ) ;
#10700 = CARTESIAN_POINT ( 'NONE',  ( 1.999999999999896749, 55.50000000000000000, 22.09999999999999432 ) ) ;
#10701 = VERTEX_POINT ( 'NONE', #11526 ) ;
#10702 = DIRECTION ( 'NONE',  ( 1.278217298088174232E-16, -1.000000000000000000, 0.000000000000000000 ) ) ;
#10703 = ORIENTED_EDGE ( 'NONE', *, *, #8650, .T. ) ;
#10704 = EDGE_CURVE ( 'NONE', #9431, #5613, #2784, .T. ) ;
#10705 = CARTESIAN_POINT ( 'NONE',  ( 89.50000000000024158, 3.000000000000000000, 10.00000000000003020 ) ) ;
#10706 = ORIENTED_EDGE ( 'NONE', *, *, #7, .F. ) ;
#10707 = ORIENTED_EDGE ( 'NONE', *, *, #1614, .T. ) ;
#10708 = DIRECTION ( 'NONE',  ( -1.000000000000000000, -1.147978770867005115E-16, -0.000000000000000000 ) ) ;
#10709 = DIRECTION ( 'NONE',  ( 0.000000000000000000, -1.000000000000000000, 0.000000000000000000 ) ) ;
#10710 = ORIENTED_EDGE ( 'NONE', *, *, #4824, .T. ) ;
#10711 = AXIS2_PLACEMENT_3D ( 'NONE', #10445, #5494, #769 ) ;
#10712 = EDGE_LOOP ( 'NONE', ( #5966, #9907, #3249, #851 ) ) ;
#10713 = ADVANCED_FACE ( 'NONE', ( #11070 ), #7405, .F. ) ;
#10714 = ORIENTED_EDGE ( 'NONE', *, *, #3559, .T. ) ;
#10715 = CARTESIAN_POINT ( 'NONE',  ( 16.00000000000012434, 0.4999999999999813483, 10.00000000000003020 ) ) ;
#10716 = ORIENTED_EDGE ( 'NONE', *, *, #2446, .T. ) ;
#10717 = VERTEX_POINT ( 'NONE', #876 ) ;
#10718 = LINE ( 'NONE', #4246, #6702 ) ;
#10719 = CARTESIAN_POINT ( 'NONE',  ( 17.50000000000021672, 2.499999999999987566, 58.59999999999996589 ) ) ;
#10720 = ORIENTED_EDGE ( 'NONE', *, *, #1399, .F. ) ;
#10721 = CARTESIAN_POINT ( 'NONE',  ( 3.999999999999896971, 59.99999999999997868, 25.44999999999999218 ) ) ;
#10722 = DIRECTION ( 'NONE',  ( 0.5773502691896320593, 0.5773502691896250649, 0.5773502691896201799 ) ) ;
#10723 = DIRECTION ( 'NONE',  ( -1.147978770867005115E-16, 1.000000000000000000, -1.927470528863119542E-16 ) ) ;
#10724 = LINE ( 'NONE', #6676, #6687 ) ;
#10725 = ORIENTED_EDGE ( 'NONE', *, *, #10061, .F. ) ;
#10726 = ORIENTED_EDGE ( 'NONE', *, *, #10506, .T. ) ;
#10727 = CARTESIAN_POINT ( 'NONE',  ( 104.5000000000000426, 5.999999999999988454, 66.59999999999999432 ) ) ;
#10728 = EDGE_LOOP ( 'NONE', ( #10597, #11474, #4398, #5085, #12219 ) ) ;
#10729 = ORIENTED_EDGE ( 'NONE', *, *, #11808, .T. ) ;
#10730 = CARTESIAN_POINT ( 'NONE',  ( 1.999999999999895861, 59.99999999999998579, 25.44999999999999218 ) ) ;
#10731 = ORIENTED_EDGE ( 'NONE', *, *, #3394, .F. ) ;
#10732 = DIRECTION ( 'NONE',  ( -8.195446571860579663E-34, 1.000000000000000000, -0.000000000000000000 ) ) ;
#10733 = EDGE_CURVE ( 'NONE', #8601, #7858, #6959, .T. ) ;
#10734 = VERTEX_POINT ( 'NONE', #85 ) ;
#10735 = CARTESIAN_POINT ( 'NONE',  ( 1.000000000000004441, 22.85000000000002274, 2.750000000064023009 ) ) ;
#10736 = CARTESIAN_POINT ( 'NONE',  ( 20.50000000000008882, -7.867628708986148266E-32, 58.59999999999996589 ) ) ;
#10737 = EDGE_CURVE ( 'NONE', #9787, #11082, #11718, .T. ) ;
#10738 = CIRCLE ( 'NONE', #11566, 1.500000000000008216 ) ;
#10739 = LINE ( 'NONE', #9608, #2351 ) ;
#10740 = ORIENTED_EDGE ( 'NONE', *, *, #9069, .T. ) ;
#10741 = ADVANCED_FACE ( 'NONE', ( #12156 ), #12256, .F. ) ;
#10742 = AXIS2_PLACEMENT_3D ( 'NONE', #5788, #11728, #7588 ) ;
#10743 = ORIENTED_EDGE ( 'NONE', *, *, #11028, .T. ) ;
#10744 = VECTOR ( 'NONE', #935, 999.9999999999998863 ) ;
#10745 = ORIENTED_EDGE ( 'NONE', *, *, #8937, .F. ) ;
#10746 = LINE ( 'NONE', #4943, #6689 ) ;
#10748 = CONICAL_SURFACE ( 'NONE', #3812, 2.000000000000029310, 0.7853981633974396193 ) ;
#10747 = DIRECTION ( 'NONE',  ( 2.855511894612032274E-16, 2.340219516760528775E-49, 1.000000000000000000 ) ) ;
#10749 = EDGE_LOOP ( 'NONE', ( #4045, #11981, #10489, #29 ) ) ;
#10750 = VECTOR ( 'NONE', #12242, 1000.000000000000000 ) ;
#10751 = ORIENTED_EDGE ( 'NONE', *, *, #11555, .T. ) ;
#10752 = VERTEX_POINT ( 'NONE', #1819 ) ;
#10753 = EDGE_CURVE ( 'NONE', #6715, #6566, #3992, .T. ) ;
#10754 = DIRECTION ( 'NONE',  ( 0.000000000000000000, -0.000000000000000000, 1.000000000000000000 ) ) ;
#10755 = ORIENTED_EDGE ( 'NONE', *, *, #427, .F. ) ;
#10756 = VERTEX_POINT ( 'NONE', #9503 ) ;
#10757 = EDGE_CURVE ( 'NONE', #9220, #8358, #7908, .T. ) ;
#10758 = FACE_OUTER_BOUND ( 'NONE', #7642, .T. ) ;
#10759 = VECTOR ( 'NONE', #2020, 999.9999999999998863 ) ;
#10760 = ORIENTED_EDGE ( 'NONE', *, *, #1983, .T. ) ;
#10761 = DIRECTION ( 'NONE',  ( -0.7071067811865511255, -0.7071067811865440200, 2.019151824439024395E-16 ) ) ;
#10762 = DIRECTION ( 'NONE',  ( -0.7071067811865422437, -0.7071067811865529018, 4.695151288901692179E-15 ) ) ;
#10763 = AXIS2_PLACEMENT_3D ( 'NONE', #10675, #9777, #10754 ) ;
#10765 = EDGE_LOOP ( 'NONE', ( #740, #1646, #8501, #4848 ) ) ;
#10764 = ADVANCED_FACE ( 'NONE', ( #12036 ), #3671, .F. ) ;
#10766 = FACE_OUTER_BOUND ( 'NONE', #11673, .T. ) ;
#10767 = PLANE ( 'NONE',  #1184 ) ;
#10768 = EDGE_CURVE ( 'NONE', #7897, #12088, #11970, .T. ) ;
#10769 = ORIENTED_EDGE ( 'NONE', *, *, #2432, .F. ) ;
#10770 = FACE_OUTER_BOUND ( 'NONE', #2523, .T. ) ;
#10771 = ORIENTED_EDGE ( 'NONE', *, *, #4485, .T. ) ;
#10772 = DIRECTION ( 'NONE',  ( -0.5773502691896141847, -0.5773502691896310601, 0.5773502691896320593 ) ) ;
#10773 = VERTEX_POINT ( 'NONE', #8576 ) ;
#10774 = CIRCLE ( 'NONE', #1968, 2.000000000000043521 ) ;
#10775 = CIRCLE ( 'NONE', #131, 1.500000000000008216 ) ;
#10776 = CARTESIAN_POINT ( 'NONE',  ( 110.1464466094067518, 10.64644660940673582, -10.00000000000000000 ) ) ;
#10777 = CARTESIAN_POINT ( 'NONE',  ( 68.00000000000018474, 10.00000000000000000, 10.00000000000003020 ) ) ;
#10778 = CARTESIAN_POINT ( 'NONE',  ( 27.00000000000013145, -7.334924681815206217E-32, 58.59999999999997300 ) ) ;
#10779 = EDGE_CURVE ( 'NONE', #7858, #2117, #3708, .T. ) ;
#10780 = FACE_OUTER_BOUND ( 'NONE', #7886, .T. ) ;
#10781 = CARTESIAN_POINT ( 'NONE',  ( -0.5000000000000246470, 33.50000000000178346, 38.00000000006348699 ) ) ;
#10782 = ORIENTED_EDGE ( 'NONE', *, *, #11130, .T. ) ;
#10783 = LINE ( 'NONE', #6224, #2150 ) ;
#10784 = DIRECTION ( 'NONE',  ( 1.000000000000000000, 6.938893903907228378E-15, -0.000000000000000000 ) ) ;
#10785 = EDGE_LOOP ( 'NONE', ( #11829, #12306, #9916, #9618, #1814 ) ) ;
#10786 = CARTESIAN_POINT ( 'NONE',  ( -3.000000000000000888, 53.99999999999993605, -6.500000000000016875 ) ) ;
#10787 = AXIS2_PLACEMENT_3D ( 'NONE', #7417, #2902, #3866 ) ;
#10788 = DIRECTION ( 'NONE',  ( 2.855511894612032274E-16, 0.000000000000000000, -1.000000000000000000 ) ) ;
#10789 = DIRECTION ( 'NONE',  ( 1.000000000000000000, 0.000000000000000000, 0.000000000000000000 ) ) ;
#10790 = EDGE_LOOP ( 'NONE', ( #5254, #2100, #6608, #3094 ) ) ;
#10791 = CARTESIAN_POINT ( 'NONE',  ( 55.00000000000017053, 0.4999999999999848455, 8.500000000000021316 ) ) ;
#10792 = VERTEX_POINT ( 'NONE', #10303 ) ;
#10793 = ADVANCED_FACE ( 'NONE', ( #12054 ), #7725, .T. ) ;
#10794 = VERTEX_POINT ( 'NONE', #7479 ) ;
#10795 = CARTESIAN_POINT ( 'NONE',  ( 68.00000000000018474, -3.974791587352364946E-32, 8.000000000000042633 ) ) ;
#10796 = ORIENTED_EDGE ( 'NONE', *, *, #2693, .F. ) ;
#10797 = ORIENTED_EDGE ( 'NONE', *, *, #7867, .T. ) ;
#10798 = DIRECTION ( 'NONE',  ( -0.7071067811865414665, -0.7071067811865536790, 0.000000000000000000 ) ) ;
#10799 = AXIS2_PLACEMENT_3D ( 'NONE', #8660, #9507, #11616 ) ;
#10800 = DIRECTION ( 'NONE',  ( 1.141265444721583018E-16, -1.000000000000000000, 1.521687259628777275E-16 ) ) ;
#10801 = VECTOR ( 'NONE', #8577, 1000.000000000000000 ) ;
#10802 = EDGE_CURVE ( 'NONE', #4007, #11237, #36, .T. ) ;
#10803 = DIRECTION ( 'NONE',  ( -2.855511894612032274E-16, -2.340219516760528775E-49, -1.000000000000000000 ) ) ;
#10804 = ORIENTED_EDGE ( 'NONE', *, *, #5093, .F. ) ;
#10805 = EDGE_CURVE ( 'NONE', #8687, #9914, #4415, .T. ) ;
#10806 = DIRECTION ( 'NONE',  ( 0.000000000000000000, 0.000000000000000000, -1.000000000000000000 ) ) ;
#10807 = CARTESIAN_POINT ( 'NONE',  ( 9.000000000000005329, 20.00000000000172662, 41.75000000006208012 ) ) ;
#10808 = CIRCLE ( 'NONE', #6443, 1.500000000000022204 ) ;
#10809 = CARTESIAN_POINT ( 'NONE',  ( 3.000000000000004441, 22.85000000000002629, 38.50000000006347989 ) ) ;
#10810 = ORIENTED_EDGE ( 'NONE', *, *, #7273, .T. ) ;
#10811 = ORIENTED_EDGE ( 'NONE', *, *, #8046, .T. ) ;
#10812 = DIRECTION ( 'NONE',  ( -0.7071067811865475727, -0.7071067811865475727, 0.000000000000000000 ) ) ;
#10813 = EDGE_CURVE ( 'NONE', #596, #9070, #327, .T. ) ;
#10814 = DIRECTION ( 'NONE',  ( 0.000000000000000000, 0.000000000000000000, -1.000000000000000000 ) ) ;
#10815 = ADVANCED_FACE ( 'NONE', ( #154 ), #7796, .F. ) ;
#10816 = CARTESIAN_POINT ( 'NONE',  ( -0.9999999999999954481, 20.00000000000172662, 43.95000000006209717 ) ) ;
#10817 = DIRECTION ( 'NONE',  ( 7.138779736530080685E-17, 0.000000000000000000, 1.000000000000000000 ) ) ;
#10818 = DIRECTION ( 'NONE',  ( 0.000000000000000000, 0.000000000000000000, -1.000000000000000000 ) ) ;
#10819 = CARTESIAN_POINT ( 'NONE',  ( 114.5000000000000000, -1.639089314372107380E-33, -9.499999999999996447 ) ) ;
#10820 = LINE ( 'NONE', #2303, #10611 ) ;
#10821 = VECTOR ( 'NONE', #6960, 1000.000000000000000 ) ;
#10822 = AXIS2_PLACEMENT_3D ( 'NONE', #8002, #2024, #3017 ) ;
#10823 = ORIENTED_EDGE ( 'NONE', *, *, #7075, .T. ) ;
#10824 = ORIENTED_EDGE ( 'NONE', *, *, #10287, .T. ) ;
#10825 = DIRECTION ( 'NONE',  ( 1.000000000000000000, 8.195446571860586505E-34, 0.000000000000000000 ) ) ;
#10826 = CIRCLE ( 'NONE', #10051, 0.5000000000000022204 ) ;
#10827 = ORIENTED_EDGE ( 'NONE', *, *, #8507, .T. ) ;
#10828 = DIRECTION ( 'NONE',  ( 0.000000000000000000, 0.000000000000000000, -1.000000000000000000 ) ) ;
#10829 = FACE_OUTER_BOUND ( 'NONE', #3121, .T. ) ;
#10830 = DIRECTION ( 'NONE',  ( 2.855511894612032274E-16, 2.340219516760528775E-49, 1.000000000000000000 ) ) ;
#10831 = DIRECTION ( 'NONE',  ( -0.000000000000000000, 1.000000000000000000, 0.000000000000000000 ) ) ;
#10832 = VERTEX_POINT ( 'NONE', #2426 ) ;
#10833 = ORIENTED_EDGE ( 'NONE', *, *, #2396, .T. ) ;
#10834 = DIRECTION ( 'NONE',  ( -1.577021341797097314E-16, 1.000000000000000000, 0.000000000000000000 ) ) ;
#10835 = ORIENTED_EDGE ( 'NONE', *, *, #4333, .T. ) ;
#10836 = CARTESIAN_POINT ( 'NONE',  ( 24.50000000000014211, -7.539810846111719948E-32, 10.00000000000003020 ) ) ;
#10837 = CARTESIAN_POINT ( 'NONE',  ( 116.5000000000000000, 4.500000000000013323, -9.499999999999996447 ) ) ;
#10838 = ORIENTED_EDGE ( 'NONE', *, *, #4672, .T. ) ;
#10839 = CARTESIAN_POINT ( 'NONE',  ( 48.50000000000014921, 3.000000000000000000, 58.59999999999996589 ) ) ;
#10840 = VERTEX_POINT ( 'NONE', #3049 ) ;
#10841 = ORIENTED_EDGE ( 'NONE', *, *, #7505, .T. ) ;
#10842 = EDGE_CURVE ( 'NONE', #3976, #7236, #8627, .T. ) ;
#10843 = VECTOR ( 'NONE', #7670, 1000.000000000000000 ) ;
#10844 = DIRECTION ( 'NONE',  ( -1.000000000000000000, -1.147978770867005115E-16, -0.000000000000000000 ) ) ;
#10845 = CARTESIAN_POINT ( 'NONE',  ( 48.50000000000017053, 0.5000000000000195399, 8.500000000000014211 ) ) ;
#10846 = CYLINDRICAL_SURFACE ( 'NONE', #3562, 1.500000000000001332 ) ;
#10847 = ADVANCED_FACE ( 'NONE', ( #89 ), #4360, .F. ) ;
#10848 = DIRECTION ( 'NONE',  ( 0.000000000000000000, -1.000000000000000000, 0.000000000000000000 ) ) ;
#10849 = EDGE_CURVE ( 'NONE', #587, #9183, #8362, .T. ) ;
#10850 = DIRECTION ( 'NONE',  ( 0.000000000000000000, -1.000000000000000000, 0.000000000000000000 ) ) ;
#10851 = AXIS2_PLACEMENT_3D ( 'NONE', #2478, #6400, #1836 ) ;
#10852 = DIRECTION ( 'NONE',  ( 0.7071067811865439090, -0.7071067811865512365, 0.000000000000000000 ) ) ;
#10853 = DIRECTION ( 'NONE',  ( 1.427755947306016137E-16, 0.000000000000000000, 1.000000000000000000 ) ) ;
#10854 = CARTESIAN_POINT ( 'NONE',  ( 92.50000000000019895, 10.00000000000000000, 58.59999999999996589 ) ) ;
#10855 = CC_DESIGN_PERSON_AND_ORGANIZATION_ASSIGNMENT ( #7164, #336, ( #10249 ) ) ;
#10856 = DIRECTION ( 'NONE',  ( 1.000000000000000000, 8.195446571860577953E-34, 0.000000000000000000 ) ) ;
#10857 = VECTOR ( 'NONE', #6668, 1000.000000000000000 ) ;
#10858 = EDGE_LOOP ( 'NONE', ( #8144, #6395, #8142, #5346 ) ) ;
#10859 = VERTEX_POINT ( 'NONE', #10795 ) ;
#10860 = CARTESIAN_POINT ( 'NONE',  ( 3.999999999999896971, 59.99999999999998579, 19.24999999999999645 ) ) ;
#10861 = ORIENTED_EDGE ( 'NONE', *, *, #6069, .F. ) ;
#10862 = CARTESIAN_POINT ( 'NONE',  ( 22.50000000000013500, 10.00000000000000000, 10.00000000000003020 ) ) ;
#10863 = CIRCLE ( 'NONE', #5878, 1.700000000000000178 ) ;
#10864 = EDGE_CURVE ( 'NONE', #881, #6130, #8608, .T. ) ;
#10865 = VECTOR ( 'NONE', #12393, 1000.000000000000000 ) ;
#10866 = CARTESIAN_POINT ( 'NONE',  ( 59.50000000000014211, -4.671404545960517869E-32, 58.59999999999996589 ) ) ;
#10867 = DIRECTION ( 'NONE',  ( 0.000000000000000000, 0.000000000000000000, -1.000000000000000000 ) ) ;
#10868 = CARTESIAN_POINT ( 'NONE',  ( 87.50000000000021316, 3.000000000000000000, 10.00000000000003020 ) ) ;
#10869 = PLANE ( 'NONE',  #6570 ) ;
#10870 = LINE ( 'NONE', #8523, #2644 ) ;
#10871 = CARTESIAN_POINT ( 'NONE',  ( 4.500000000000003553, 33.50000000000178346, 38.00000000006348699 ) ) ;
#10872 = VERTEX_POINT ( 'NONE', #6187 ) ;
#10873 = EDGE_CURVE ( 'NONE', #3643, #6992, #72, .T. ) ;
#10874 = AXIS2_PLACEMENT_3D ( 'NONE', #1654, #2645, #9318 ) ;
#10875 = DIRECTION ( 'NONE',  ( 1.000000000000000000, 9.912705577010318647E-16, 0.000000000000000000 ) ) ;
#10876 = VERTEX_POINT ( 'NONE', #507 ) ;
#10877 = ADVANCED_FACE ( 'NONE', ( #12352 ), #1267, .T. ) ;
#10878 = DIRECTION ( 'NONE',  ( 0.7071067811865512365, -0.7071067811865439090, 0.000000000000000000 ) ) ;
#10879 = CARTESIAN_POINT ( 'NONE',  ( 89.50000000000022737, 3.000000000000000000, 58.59999999999996589 ) ) ;
#10880 = VECTOR ( 'NONE', #1961, 1000.000000000000000 ) ;
#10881 = VERTEX_POINT ( 'NONE', #7079 ) ;
#10882 = AXIS2_PLACEMENT_3D ( 'NONE', #5432, #10216, #717 ) ;
#10883 = DIRECTION ( 'NONE',  ( 0.7071067811865439090, 0.7071067811865512365, 0.000000000000000000 ) ) ;
#10884 = ORIENTED_EDGE ( 'NONE', *, *, #2000, .T. ) ;
#10885 = DIRECTION ( 'NONE',  ( -8.195446571860579663E-34, 1.000000000000000000, -0.000000000000000000 ) ) ;
#10886 = DIRECTION ( 'NONE',  ( 2.855511894612032274E-16, 2.340219516760528775E-49, 1.000000000000000000 ) ) ;
#10887 = ORIENTED_EDGE ( 'NONE', *, *, #8959, .T. ) ;
#10888 = VERTEX_POINT ( 'NONE', #4954 ) ;
#10889 = ORIENTED_EDGE ( 'NONE', *, *, #12089, .T. ) ;
#10890 = DIRECTION ( 'NONE',  ( -0.7071067811865554553, 0.7071067811865394681, 0.000000000000000000 ) ) ;
#10891 = VERTEX_POINT ( 'NONE', #10624 ) ;
#10892 = LINE ( 'NONE', #11057, #10678 ) ;
#10893 = EDGE_CURVE ( 'NONE', #6736, #2347, #4334, .T. ) ;
#10894 = FACE_OUTER_BOUND ( 'NONE', #2961, .T. ) ;
#10895 = PLANE ( 'NONE',  #11840 ) ;
#10896 = ORIENTED_EDGE ( 'NONE', *, *, #12142, .F. ) ;
#10897 = CARTESIAN_POINT ( 'NONE',  ( 16.00000000000012079, 3.000000000000000000, 60.60000000000007958 ) ) ;
#10898 = CARTESIAN_POINT ( 'NONE',  ( 102.0000000000002558, 0.5000000000000056621, 10.00000000000003020 ) ) ;
#10899 = CARTESIAN_POINT ( 'NONE',  ( 110.5000000000000284, 8.999999999999998224, 69.09999999999998010 ) ) ;
#10901 = DIRECTION ( 'NONE',  ( 0.000000000000000000, 0.000000000000000000, 1.000000000000000000 ) ) ;
#10900 = PLANE ( 'NONE',  #4828 ) ;
#10902 = CARTESIAN_POINT ( 'NONE',  ( 100.5000000000002274, -1.311271451497673040E-32, 8.000000000000000000 ) ) ;
#10903 = EDGE_CURVE ( 'NONE', #1393, #6715, #8476, .T. ) ;
#10904 = CARTESIAN_POINT ( 'NONE',  ( 68.00000000000017053, -3.974791587352366041E-32, 58.59999999999996589 ) ) ;
#10905 = AXIS2_PLACEMENT_3D ( 'NONE', #3600, #1747, #8584 ) ;
#10906 = ORIENTED_EDGE ( 'NONE', *, *, #1960, .F. ) ;
#10907 = DIRECTION ( 'NONE',  ( 1.000000000000000000, 0.000000000000000000, 0.000000000000000000 ) ) ;
#10908 = DIRECTION ( 'NONE',  ( 0.000000000000000000, -1.000000000000000000, 0.000000000000000000 ) ) ;
#10909 = ORIENTED_EDGE ( 'NONE', *, *, #10504, .T. ) ;
#10910 = ADVANCED_FACE ( 'NONE', ( #207 ), #8276, .F. ) ;
#10911 = ORIENTED_EDGE ( 'NONE', *, *, #3883, .T. ) ;
#10912 = AXIS2_PLACEMENT_3D ( 'NONE', #2329, #2147, #4294 ) ;
#10913 = PLANE ( 'NONE',  #7923 ) ;
#10914 = CARTESIAN_POINT ( 'NONE',  ( 55.00000000000015632, 3.000000000000000000, 58.59999999999996589 ) ) ;
#10915 = DIRECTION ( 'NONE',  ( 0.000000000000000000, 0.000000000000000000, -1.000000000000000000 ) ) ;
#10916 = ORIENTED_EDGE ( 'NONE', *, *, #4279, .F. ) ;
#10917 = CARTESIAN_POINT ( 'NONE',  ( 95.50000000000024158, 0.5000000000000195399, 10.00000000000003020 ) ) ;
#10918 = DIRECTION ( 'NONE',  ( -0.7071067811865414665, 0.7071067811865536790, 0.000000000000000000 ) ) ;
#10919 = LINE ( 'NONE', #10253, #11058 ) ;
#10920 = EDGE_CURVE ( 'NONE', #9301, #3199, #8331, .T. ) ;
#10921 = FACE_OUTER_BOUND ( 'NONE', #7565, .T. ) ;
#10922 = ORIENTED_EDGE ( 'NONE', *, *, #196, .T. ) ;
#10923 = ORIENTED_EDGE ( 'NONE', *, *, #10171, .T. ) ;
#10924 = LINE ( 'NONE', #1270, #7430 ) ;
#10925 = CONICAL_SURFACE ( 'NONE', #7851, 1.500000000000022204, 0.7853981633974431720 ) ;
#10926 = ORIENTED_EDGE ( 'NONE', *, *, #11959, .F. ) ;
#10927 = CARTESIAN_POINT ( 'NONE',  ( 6.000000000000012434, 4.999999999999999112, -9.499999999999996447 ) ) ;
#10928 = EDGE_CURVE ( 'NONE', #8683, #10282, #8294, .T. ) ;
#10929 = FACE_OUTER_BOUND ( 'NONE', #7288, .T. ) ;
#10930 = VERTEX_POINT ( 'NONE', #5220 ) ;
#10931 = CARTESIAN_POINT ( 'NONE',  ( 89.00000000000021316, 0.5000000000000195399, 58.59999999999996589 ) ) ;
#10932 = ORIENTED_EDGE ( 'NONE', *, *, #2102, .T. ) ;
#10933 = EDGE_CURVE ( 'NONE', #11325, #2968, #8347, .T. ) ;
#10934 = ORIENTED_EDGE ( 'NONE', *, *, #1271, .F. ) ;
#10935 = CARTESIAN_POINT ( 'NONE',  ( 116.0000000000000000, 8.749999999999998224, 69.34999999999999432 ) ) ;
#10936 = CARTESIAN_POINT ( 'NONE',  ( 4.500000000000010658, 4.500000000001787015, 11.50000000006349232 ) ) ;
#10937 = DIRECTION ( 'NONE',  ( 0.000000000000000000, 0.000000000000000000, -1.000000000000000000 ) ) ;
#10938 = ORIENTED_EDGE ( 'NONE', *, *, #3002, .F. ) ;
#10939 = CARTESIAN_POINT ( 'NONE',  ( -0.5000000000000247580, 35.50000000000179057, 11.50000000006348877 ) ) ;
#10940 = ADVANCED_FACE ( 'NONE', ( #828 ), #870, .F. ) ;
#10941 = DIRECTION ( 'NONE',  ( -7.138779736530080685E-17, -5.850548791901321936E-50, 1.000000000000000000 ) ) ;
#10942 = AXIS2_PLACEMENT_3D ( 'NONE', #12069, #624, #301 ) ;
#10943 = ORIENTED_EDGE ( 'NONE', *, *, #4824, .F. ) ;
#10944 = DIRECTION ( 'NONE',  ( 0.7071067811865376918, 8.117435735382459193E-17, 0.7071067811865574537 ) ) ;
#10945 = CARTESIAN_POINT ( 'NONE',  ( 22.50000000000013500, 0.5000000000000195399, 8.500000000000014211 ) ) ;
#10946 = VECTOR ( 'NONE', #8654, 1000.000000000000000 ) ;
#10947 = VECTOR ( 'NONE', #11865, 1000.000000000000000 ) ;
#10948 = FACE_OUTER_BOUND ( 'NONE', #1360, .T. ) ;
#10949 = EDGE_LOOP ( 'NONE', ( #8524, #10668, #4830 ) ) ;
#10950 = CARTESIAN_POINT ( 'NONE',  ( 81.00000000000018474, 3.000000000000000000, 58.59999999999996589 ) ) ;
#10951 = ORIENTED_EDGE ( 'NONE', *, *, #5297, .F. ) ;
#10952 = PLANE ( 'NONE',  #9822 ) ;
#10953 = AXIS2_PLACEMENT_3D ( 'NONE', #7226, #5521, #7406 ) ;
#10954 = CARTESIAN_POINT ( 'NONE',  ( 6.029202711958111749, 55.49957350986024807, -10.00000000000000000 ) ) ;
#10955 = CARTESIAN_POINT ( 'NONE',  ( 73.00000000000017053, 10.00000000000000000, 58.59999999999996589 ) ) ;
#10956 = CIRCLE ( 'NONE', #10279, 0.5000000000000029976 ) ;
#10957 = DIRECTION ( 'NONE',  ( -1.000000000000000000, 0.000000000000000000, 0.000000000000000000 ) ) ;
#10958 = LINE ( 'NONE', #8992, #11393 ) ;
#10959 = EDGE_LOOP ( 'NONE', ( #9960, #10368, #10630, #1942 ) ) ;
#10960 = ORIENTED_EDGE ( 'NONE', *, *, #3572, .F. ) ;
#10961 = CARTESIAN_POINT ( 'NONE',  ( 63.00000000000017053, 0.5000000000000125455, 58.59999999999996589 ) ) ;
#10962 = EDGE_CURVE ( 'NONE', #4304, #6340, #8768, .T. ) ;
#10963 = EDGE_LOOP ( 'NONE', ( #11591, #7022, #11948, #3773 ) ) ;
#10964 = EDGE_LOOP ( 'NONE', ( #1842, #8171, #8986, #9135 ) ) ;
#10965 = EDGE_CURVE ( 'NONE', #7511, #8107, #9156, .T. ) ;
#10966 = VECTOR ( 'NONE', #7175, 1000.000000000000000 ) ;
#10967 = AXIS2_PLACEMENT_3D ( 'NONE', #8265, #4441, #5190 ) ;
#10968 = FACE_OUTER_BOUND ( 'NONE', #10214, .T. ) ;
#10969 = VERTEX_POINT ( 'NONE', #11693 ) ;
#10970 = DIRECTION ( 'NONE',  ( -1.734723475976853637E-15, -1.000000000000000000, 0.000000000000000000 ) ) ;
#10971 = CARTESIAN_POINT ( 'NONE',  ( 42.00000000000013500, 3.000000000000000000, 60.59999999999998721 ) ) ;
#10972 = ORIENTED_EDGE ( 'NONE', *, *, #5495, .T. ) ;
#10973 = ORIENTED_EDGE ( 'NONE', *, *, #6298, .F. ) ;
#10974 = ADVANCED_FACE ( 'NONE', ( #468 ), #7349, .T. ) ;
#10975 = DIRECTION ( 'NONE',  ( 0.000000000000000000, 0.000000000000000000, -1.000000000000000000 ) ) ;
#10976 = CARTESIAN_POINT ( 'NONE',  ( 0.000000000000000000, 52.49999999999998579, 0.000000000000000000 ) ) ;
#10977 = DIRECTION ( 'NONE',  ( 1.000000000000000000, 0.000000000000000000, 0.000000000000000000 ) ) ;
#10978 = EDGE_CURVE ( 'NONE', #1146, #4563, #8743, .T. ) ;
#10979 = VERTEX_POINT ( 'NONE', #9122 ) ;
#10980 = DIRECTION ( 'NONE',  ( -8.195446571860579663E-34, 1.000000000000000000, -0.000000000000000000 ) ) ;
#10981 = APPLICATION_CONTEXT ( 'configuration controlled 3d designs of mechanical parts and assemblies' ) ;
#10982 = AXIS2_PLACEMENT_3D ( 'NONE', #8667, #2166, #4119 ) ;
#10983 = ORIENTED_EDGE ( 'NONE', *, *, #10933, .F. ) ;
#10984 = PLANE ( 'NONE',  #3716 ) ;
#10985 = EDGE_CURVE ( 'NONE', #4961, #146, #5097, .T. ) ;
#10986 = CARTESIAN_POINT ( 'NONE',  ( -0.9999999999999988898, 50.49999999999997158, -10.00000000000000000 ) ) ;
#10987 = ORIENTED_EDGE ( 'NONE', *, *, #4852, .T. ) ;
#10988 = DIRECTION ( 'NONE',  ( 0.000000000000000000, 0.000000000000000000, -1.000000000000000000 ) ) ;
#10989 = ORIENTED_EDGE ( 'NONE', *, *, #7544, .F. ) ;
#10990 = EDGE_CURVE ( 'NONE', #1900, #8431, #538, .T. ) ;
#10991 = ORIENTED_EDGE ( 'NONE', *, *, #7916, .F. ) ;
#10992 = ORIENTED_EDGE ( 'NONE', *, *, #11592, .T. ) ;
#10993 = DIRECTION ( 'NONE',  ( 0.7071067811865439090, -0.7071067811865512365, 0.000000000000000000 ) ) ;
#10994 = VERTEX_POINT ( 'NONE', #670 ) ;
#10995 = VECTOR ( 'NONE', #8812, 999.9999999999998863 ) ;
#10996 = LINE ( 'NONE', #2213, #2662 ) ;
#10997 = ORIENTED_EDGE ( 'NONE', *, *, #2185, .T. ) ;
#10998 = EDGE_CURVE ( 'NONE', #7773, #8414, #10537, .T. ) ;
#10999 = CARTESIAN_POINT ( 'NONE',  ( 35.50000000000012790, 3.000000000000000000, 58.59999999999996589 ) ) ;
#11001 = CARTESIAN_POINT ( 'NONE',  ( 116.5000000000000000, 0.000000000000000000, -10.00000000000000000 ) ) ;
#11000 = CARTESIAN_POINT ( 'NONE',  ( 37.00000000000014921, 0.5000000000000125455, 58.59999999999996589 ) ) ;
#11002 = CARTESIAN_POINT ( 'NONE',  ( 72.50000000000015632, 3.000000000000000000, 58.59999999999996589 ) ) ;
#11003 = ADVANCED_FACE ( 'NONE', ( #6473 ), #9202, .F. ) ;
#11004 = CARTESIAN_POINT ( 'NONE',  ( 5.499999999999992895, 59.99999999999997868, 69.09999999999998010 ) ) ;
#11005 = PLANE ( 'NONE',  #10244 ) ;
#11006 = AXIS2_PLACEMENT_3D ( 'NONE', #9385, #12294, #2781 ) ;
#11007 = ORIENTED_EDGE ( 'NONE', *, *, #7488, .T. ) ;
#11008 = VERTEX_POINT ( 'NONE', #6270 ) ;
#11009 = DIRECTION ( 'NONE',  ( 0.000000000000000000, -1.000000000000000000, 0.000000000000000000 ) ) ;
#11010 = DIRECTION ( 'NONE',  ( 1.000000000000000000, 8.195446571860577953E-34, 0.000000000000000000 ) ) ;
#11011 = VERTEX_POINT ( 'NONE', #7253 ) ;
#11012 = CARTESIAN_POINT ( 'NONE',  ( 87.50000000000018474, 10.00000000000000000, 58.59999999999996589 ) ) ;
#11013 = DIRECTION ( 'NONE',  ( 1.000000000000000000, 1.147978770867005115E-16, 0.000000000000000000 ) ) ;
#11014 = LINE ( 'NONE', #6349, #6755 ) ;
#11015 = ORIENTED_EDGE ( 'NONE', *, *, #845, .T. ) ;
#11016 = VERTEX_POINT ( 'NONE', #6354 ) ;
#11017 = VECTOR ( 'NONE', #2180, 1000.000000000000000 ) ;
#11018 = VECTOR ( 'NONE', #4783, 1000.000000000000000 ) ;
#11019 = ORIENTED_EDGE ( 'NONE', *, *, #3458, .T. ) ;
#11020 = CARTESIAN_POINT ( 'NONE',  ( 0.5000000000000091038, 59.99999999999998579, -10.00000000000000000 ) ) ;
#11021 = VECTOR ( 'NONE', #11752, 1000.000000000000114 ) ;
#11022 = ORIENTED_EDGE ( 'NONE', *, *, #8120, .T. ) ;
#11023 = CARTESIAN_POINT ( 'NONE',  ( 33.50000000000009948, -6.802220654644271832E-32, 58.59999999999996589 ) ) ;
#11024 = EDGE_CURVE ( 'NONE', #10321, #1036, #2109, .T. ) ;
#11025 = ORIENTED_EDGE ( 'NONE', *, *, #1921, .T. ) ;
#11026 = FACE_OUTER_BOUND ( 'NONE', #7135, .T. ) ;
#11027 = DIRECTION ( 'NONE',  ( 2.855511894612032274E-16, 2.340219516760528775E-49, 1.000000000000000000 ) ) ;
#11028 = EDGE_CURVE ( 'NONE', #11202, #7067, #6202, .T. ) ;
#11029 = AXIS2_PLACEMENT_3D ( 'NONE', #3036, #2669, #8198 ) ;
#11030 = CARTESIAN_POINT ( 'NONE',  ( 11.79289321881345387, 58.99999999999998579, -10.00000000000000000 ) ) ;
#11031 = DIRECTION ( 'NONE',  ( -0.7071067811865479058, -8.117435735382576289E-17, 0.7071067811865472397 ) ) ;
#11032 = DIRECTION ( 'NONE',  ( 1.000000000000000000, 8.195446571860579663E-34, 7.138779736530080685E-17 ) ) ;
#11033 = ORIENTED_EDGE ( 'NONE', *, *, #6701, .F. ) ;
#11034 = CIRCLE ( 'NONE', #8760, 2.000000000000029310 ) ;
#11035 = CARTESIAN_POINT ( 'NONE',  ( 74.50000000000017053, 3.000000000000000000, 60.59999999999998010 ) ) ;
#11036 = DIRECTION ( 'NONE',  ( 1.427755947306016137E-16, 0.000000000000000000, -1.000000000000000000 ) ) ;
#11037 = CARTESIAN_POINT ( 'NONE',  ( -0.4999999999999987232, 48.99999999999997868, 44.59999999999998721 ) ) ;
#11038 = CARTESIAN_POINT ( 'NONE',  ( -0.4999999999999813483, 20.00000000000172662, 41.75000000006208012 ) ) ;
#11039 = VECTOR ( 'NONE', #4420, 1000.000000000000000 ) ;
#11040 = DIRECTION ( 'NONE',  ( 1.000000000000000000, 0.000000000000000000, 0.000000000000000000 ) ) ;
#11041 = CIRCLE ( 'NONE', #6318, 1.699999999999993072 ) ;
#11042 = PLANE ( 'NONE',  #6874 ) ;
#11043 = CARTESIAN_POINT ( 'NONE',  ( 5.000000000000004441, 20.00000000000002132, 5.750000000064023453 ) ) ;
#11044 = CYLINDRICAL_SURFACE ( 'NONE', #3300, 1.500000000000022204 ) ;
#11045 = DIRECTION ( 'NONE',  ( 0.7071067811865439090, 0.7071067811865512365, 0.000000000000000000 ) ) ;
#11046 = DIRECTION ( 'NONE',  ( 0.000000000000000000, 0.000000000000000000, -1.000000000000000000 ) ) ;
#11047 = COORDINATED_UNIVERSAL_TIME_OFFSET ( 1, 0, .AHEAD. ) ;
#11048 = EDGE_LOOP ( 'NONE', ( #7385, #11381, #10410, #9175 ) ) ;
#11049 = VECTOR ( 'NONE', #11218, 1000.000000000000000 ) ;
#11050 = CARTESIAN_POINT ( 'NONE',  ( 63.50000000000020606, 3.000000000000000000, 10.00000000000003020 ) ) ;
#11052 = ADVANCED_FACE ( 'NONE', ( #1923 ), #11077, .F. ) ;
#11051 = VECTOR ( 'NONE', #634, 1000.000000000000000 ) ;
#11053 = EDGE_CURVE ( 'NONE', #10734, #7238, #10416, .T. ) ;
#11055 = ORIENTED_EDGE ( 'NONE', *, *, #10556, .F. ) ;
#11054 = VECTOR ( 'NONE', #6835, 1000.000000000000000 ) ;
#11056 = AXIS2_PLACEMENT_3D ( 'NONE', #6434, #2325, #3310 ) ;
#11057 = CARTESIAN_POINT ( 'NONE',  ( 3.000000000000005329, 33.50000000000178346, 9.100000000063497296 ) ) ;
#11058 = VECTOR ( 'NONE', #9371, 1000.000000000000000 ) ;
#11059 = VECTOR ( 'NONE', #698, 999.9999999999998863 ) ;
#11060 = LINE ( 'NONE', #7392, #2928 ) ;
#11061 = CARTESIAN_POINT ( 'NONE',  ( -0.9999999999999986677, 49.49999999999997868, 44.09999999999998721 ) ) ;
#11062 = CARTESIAN_POINT ( 'NONE',  ( -0.9999999999999933387, 2.000000000000029310, -9.499999999999996447 ) ) ;
#11063 = ORIENTED_EDGE ( 'NONE', *, *, #9924, .T. ) ;
#11064 = DIRECTION ( 'NONE',  ( 1.224646799147352961E-16, -1.000000000000000000, 0.000000000000000000 ) ) ;
#11065 = ORIENTED_EDGE ( 'NONE', *, *, #6298, .T. ) ;
#11066 = CIRCLE ( 'NONE', #2315, 2.000000000000029310 ) ;
#11067 = CARTESIAN_POINT ( 'NONE',  ( 79.50000000000018474, 2.499999999999976907, 10.00000000000003020 ) ) ;
#11068 = AXIS2_PLACEMENT_3D ( 'NONE', #6121, #4129, #8828 ) ;
#11069 = CARTESIAN_POINT ( 'NONE',  ( 82.50000000000021316, 0.5000000000000195399, 10.00000000000003020 ) ) ;
#11070 = FACE_OUTER_BOUND ( 'NONE', #644, .T. ) ;
#11071 = DIRECTION ( 'NONE',  ( 0.000000000000000000, 0.000000000000000000, -1.000000000000000000 ) ) ;
#11072 = DIRECTION ( 'NONE',  ( -0.7071067811865376918, -8.488791395703286237E-15, 0.7071067811865574537 ) ) ;
#11073 = PERSON_AND_ORGANIZATION ( #1606, #7141 ) ;
#11074 = EDGE_LOOP ( 'NONE', ( #6825, #8460, #5597, #11548, #11209 ) ) ;
#11075 = VERTEX_POINT ( 'NONE', #62 ) ;
#11076 = DIRECTION ( 'NONE',  ( 8.195446571860579663E-34, -1.000000000000000000, -0.000000000000000000 ) ) ;
#11077 = PLANE ( 'NONE',  #8945 ) ;
#11078 = ORIENTED_EDGE ( 'NONE', *, *, #8774, .T. ) ;
#11079 = EDGE_CURVE ( 'NONE', #11984, #7608, #2331, .T. ) ;
#11080 = VECTOR ( 'NONE', #3100, 1000.000000000000000 ) ;
#11081 = VECTOR ( 'NONE', #8251, 1000.000000000000000 ) ;
#11082 = VERTEX_POINT ( 'NONE', #9793 ) ;
#11083 = EDGE_LOOP ( 'NONE', ( #1602, #2076, #8266, #5215, #10190 ) ) ;
#11084 = ADVANCED_FACE ( 'NONE', ( #6282 ), #2304, .F. ) ;
#11085 = FACE_OUTER_BOUND ( 'NONE', #7875, .T. ) ;
#11086 = CARTESIAN_POINT ( 'NONE',  ( 61.50000000000015632, 2.499999999999984013, 58.59999999999996589 ) ) ;
#11087 = EDGE_LOOP ( 'NONE', ( #10120, #8471, #4565, #2121 ) ) ;
#11088 = AXIS2_PLACEMENT_3D ( 'NONE', #5680, #5140, #519 ) ;
#11089 = DIRECTION ( 'NONE',  ( 0.7071067811865561215, -9.710961566236735149E-15, -0.7071067811865390240 ) ) ;
#11090 = VECTOR ( 'NONE', #4581, 1000.000000000000000 ) ;
#11091 = ORIENTED_EDGE ( 'NONE', *, *, #2129, .F. ) ;
#11093 = DIRECTION ( 'NONE',  ( -0.7071067811865573427, 0.000000000000000000, -0.7071067811865376918 ) ) ;
#11092 = DIRECTION ( 'NONE',  ( 0.000000000000000000, -1.000000000000000000, 0.000000000000000000 ) ) ;
#11094 = DIRECTION ( 'NONE',  ( -1.000000000000000000, 1.156482317317871133E-15, 0.000000000000000000 ) ) ;
#11095 = EDGE_CURVE ( 'NONE', #2117, #1651, #2149, .T. ) ;
#11096 = CARTESIAN_POINT ( 'NONE',  ( 110.0000000000000284, 8.499999999999992895, 69.59999999999999432 ) ) ;
#11097 = CARTESIAN_POINT ( 'NONE',  ( 42.00000000000013500, 0.5000000000000125455, 58.59999999999996589 ) ) ;
#11098 = LINE ( 'NONE', #4718, #2682 ) ;
#11099 = EDGE_CURVE ( 'NONE', #11237, #7125, #2196, .T. ) ;
#11100 = CARTESIAN_POINT ( 'NONE',  ( 83.00000000000025580, 3.000000000000000000, -122.9712352769500256 ) ) ;
#11101 = ORIENTED_EDGE ( 'NONE', *, *, #5956, .T. ) ;
#11102 = ADVANCED_FACE ( 'NONE', ( #10229 ), #5191, .F. ) ;
#11103 = AXIS2_PLACEMENT_3D ( 'NONE', #1389, #9065, #535 ) ;
#11104 = FACE_OUTER_BOUND ( 'NONE', #2010, .T. ) ;
#11105 = DIRECTION ( 'NONE',  ( 2.855511894612032274E-16, 0.000000000000000000, 1.000000000000000000 ) ) ;
#11106 = VERTEX_POINT ( 'NONE', #6159 ) ;
#11107 = DIRECTION ( 'NONE',  ( -0.000000000000000000, 1.000000000000000000, -0.000000000000000000 ) ) ;
#11108 = DIRECTION ( 'NONE',  ( -1.427755947306016137E-16, -1.170109758380264387E-49, 1.000000000000000000 ) ) ;
#11109 = CARTESIAN_POINT ( 'NONE',  ( 3.000000000000004441, 22.85000000000002274, 9.000000000063517192 ) ) ;
#11110 = DIRECTION ( 'NONE',  ( -0.000000000000000000, 1.000000000000000000, -0.000000000000000000 ) ) ;
#11111 = ORIENTED_EDGE ( 'NONE', *, *, #12317, .T. ) ;
#11112 = ORIENTED_EDGE ( 'NONE', *, *, #7151, .T. ) ;
#11113 = AXIS2_PLACEMENT_3D ( 'NONE', #9181, #9893, #9012 ) ;
#11114 = DIRECTION ( 'NONE',  ( -0.7071067811865512365, -0.7071067811865439090, 0.000000000000000000 ) ) ;
#11115 = DIRECTION ( 'NONE',  ( -0.000000000000000000, -0.000000000000000000, 1.000000000000000000 ) ) ;
#11116 = VECTOR ( 'NONE', #3357, 1000.000000000000000 ) ;
#11117 = CARTESIAN_POINT ( 'NONE',  ( 5.499999999999992895, 59.99999999999997868, -9.499999999999992895 ) ) ;
#11118 = DIRECTION ( 'NONE',  ( 1.000000000000000000, 0.000000000000000000, 0.000000000000000000 ) ) ;
#11119 = ORIENTED_EDGE ( 'NONE', *, *, #4680, .F. ) ;
#11120 = CARTESIAN_POINT ( 'NONE',  ( 79.50000000000017053, 0.5000000000000195399, 10.00000000000003020 ) ) ;
#11121 = EDGE_CURVE ( 'NONE', #6966, #9218, #2220, .T. ) ;
#11122 = DIRECTION ( 'NONE',  ( 0.000000000000000000, 0.000000000000000000, 1.000000000000000000 ) ) ;
#11123 = PLANE ( 'NONE',  #457 ) ;
#11124 = CARTESIAN_POINT ( 'NONE',  ( 13.74999999999999467, 53.75000000000000000, 69.09999999999999432 ) ) ;
#11125 = LOCAL_TIME ( 14, 18, 39.00000000000000000, #2762 ) ;
#11126 = DIRECTION ( 'NONE',  ( 1.000000000000000000, 0.000000000000000000, -0.000000000000000000 ) ) ;
#11127 = EDGE_CURVE ( 'NONE', #6169, #2056, #6328, .T. ) ;
#11128 = ORIENTED_EDGE ( 'NONE', *, *, #4114, .T. ) ;
#11129 = DIRECTION ( 'NONE',  ( 1.278217298088174232E-16, -1.000000000000000000, 1.927470528863119542E-16 ) ) ;
#11130 = EDGE_CURVE ( 'NONE', #1611, #2238, #6452, .T. ) ;
#11131 = PRODUCT ( '0MB_PSU_switch_02_v1', '0MB_PSU_switch_02_v1', '', ( #9199 ) ) ;
#11132 = VERTEX_POINT ( 'NONE', #11926 ) ;
#11133 = ORIENTED_EDGE ( 'NONE', *, *, #8050, .F. ) ;
#11134 = LINE ( 'NONE', #4385, #3212 ) ;
#11135 = AXIS2_PLACEMENT_3D ( 'NONE', #4777, #1012, #5580 ) ;
#11136 = CARTESIAN_POINT ( 'NONE',  ( 106.2500000000000426, 4.750000000000031974, 3.249999999999975131 ) ) ;
#11137 = DIRECTION ( 'NONE',  ( 0.03524547775679176542, 0.7066674452306764831, -0.7066674452306718202 ) ) ;
#11138 = VERTEX_POINT ( 'NONE', #12011 ) ;
#11139 = CARTESIAN_POINT ( 'NONE',  ( 24.50000000000013856, 3.000000000000000000, 58.59999999999996589 ) ) ;
#11140 = DIRECTION ( 'NONE',  ( -8.195446571860579663E-34, 1.000000000000000000, -0.000000000000000000 ) ) ;
#11141 = LINE ( 'NONE', #10319, #7210 ) ;
#11142 = VERTEX_POINT ( 'NONE', #4166 ) ;
#11143 = DIRECTION ( 'NONE',  ( 0.000000000000000000, 0.000000000000000000, 1.000000000000000000 ) ) ;
#11144 = DIRECTION ( 'NONE',  ( -0.7071067811865378028, -9.614813431917598447E-17, 0.7071067811865573427 ) ) ;
#11145 = VERTEX_POINT ( 'NONE', #4931 ) ;
#11146 = DIRECTION ( 'NONE',  ( -0.7071067811865430208, 0.7071067811865521247, 0.000000000000000000 ) ) ;
#11147 = APPROVAL_ROLE ( '' ) ;
#11148 = PERSON_AND_ORGANIZATION ( #1606, #7141 ) ;
#11149 = ORIENTED_EDGE ( 'NONE', *, *, #8757, .F. ) ;
#11150 = DIRECTION ( 'NONE',  ( -1.000000000000000000, -1.141265444721583018E-16, -0.000000000000000000 ) ) ;
#11151 = EDGE_CURVE ( 'NONE', #7336, #4979, #1895, .T. ) ;
#11152 = ORIENTED_EDGE ( 'NONE', *, *, #2418, .F. ) ;
#11153 = CARTESIAN_POINT ( 'NONE',  ( 5.000000000000002665, 34.99999999999994316, 64.59999999999993747 ) ) ;
#11154 = ADVANCED_FACE ( 'NONE', ( #6155 ), #10294, .F. ) ;
#11155 = EDGE_CURVE ( 'NONE', #4646, #4367, #6307, .T. ) ;
#11156 = VECTOR ( 'NONE', #1792, 1000.000000000000000 ) ;
#11157 = LINE ( 'NONE', #8716, #2997 ) ;
#11158 = ORIENTED_EDGE ( 'NONE', *, *, #5724, .F. ) ;
#11159 = EDGE_CURVE ( 'NONE', #8954, #11612, #10314, .T. ) ;
#11160 = VECTOR ( 'NONE', #3531, 1000.000000000000000 ) ;
#11161 = DIRECTION ( 'NONE',  ( 0.000000000000000000, 0.000000000000000000, 1.000000000000000000 ) ) ;
#11162 = AXIS2_PLACEMENT_3D ( 'NONE', #5273, #9780, #11036 ) ;
#11163 = VECTOR ( 'NONE', #8186, 1000.000000000000000 ) ;
#11164 = ORIENTED_EDGE ( 'NONE', *, *, #2674, .F. ) ;
#11165 = DIRECTION ( 'NONE',  ( -1.000000000000000000, -8.195446571860579663E-34, 2.855511894612032274E-16 ) ) ;
#11166 = CARTESIAN_POINT ( 'NONE',  ( 1.000000000000008216, 6.500000000001787015, 38.40000000006349978 ) ) ;
#11167 = PERSON_AND_ORGANIZATION ( #1606, #7141 ) ;
#11168 = CARTESIAN_POINT ( 'NONE',  ( 116.5000000000000000, 4.000000000000010658, -9.499999999999996447 ) ) ;
#11169 = ORIENTED_EDGE ( 'NONE', *, *, #7462, .T. ) ;
#11170 = DIRECTION ( 'NONE',  ( -0.000000000000000000, 1.000000000000000000, -0.000000000000000000 ) ) ;
#11171 = CARTESIAN_POINT ( 'NONE',  ( 4.000000000000000000, 59.49999999999999289, 54.94999999999998863 ) ) ;
#11172 = DIRECTION ( 'NONE',  ( -1.000000000000000000, 1.355252715606880851E-17, -0.000000000000000000 ) ) ;
#11173 = DIRECTION ( 'NONE',  ( -0.5773502691896111871, 0.5773502691896391648, 0.5773502691896271743 ) ) ;
#11174 = DIRECTION ( 'NONE',  ( 1.156482317317871133E-15, 1.000000000000000000, -0.000000000000000000 ) ) ;
#11175 = LINE ( 'NONE', #5601, #2789 ) ;
#11176 = CARTESIAN_POINT ( 'NONE',  ( 6.292893218813460976, 35.49999999999998579, 66.59999999999999432 ) ) ;
#11177 = CARTESIAN_POINT ( 'NONE',  ( 107.5000000000000284, 13.00000000000000000, 63.59999999999995879 ) ) ;
#11178 = DIRECTION ( 'NONE',  ( 1.000000000000000000, 0.000000000000000000, 0.000000000000000000 ) ) ;
#11179 = DIRECTION ( 'NONE',  ( 0.000000000000000000, -1.000000000000000000, 0.000000000000000000 ) ) ;
#11180 = LINE ( 'NONE', #3741, #2910 ) ;
#11181 = ORIENTED_EDGE ( 'NONE', *, *, #6440, .F. ) ;
#11182 = ADVANCED_FACE ( 'NONE', ( #10442 ), #3370, .T. ) ;
#11183 = EDGE_CURVE ( 'NONE', #9040, #6430, #1908, .T. ) ;
#11184 = CARTESIAN_POINT ( 'NONE',  ( 22.50000000000013500, 0.5000000000000195399, 10.00000000000003020 ) ) ;
#11185 = AXIS2_PLACEMENT_3D ( 'NONE', #4576, #1808, #11438 ) ;
#11186 = VECTOR ( 'NONE', #11211, 1000.000000000000000 ) ;
#11187 = VECTOR ( 'NONE', #7130, 1000.000000000000000 ) ;
#11188 = EDGE_LOOP ( 'NONE', ( #6747, #7990, #11322, #3075 ) ) ;
#11189 = VECTOR ( 'NONE', #2740, 1000.000000000000000 ) ;
#11190 = CARTESIAN_POINT ( 'NONE',  ( 105.5000000000000284, 12.49999999999999467, 69.59999999999999432 ) ) ;
#11191 = ORIENTED_EDGE ( 'NONE', *, *, #11359, .F. ) ;
#11192 = CARTESIAN_POINT ( 'NONE',  ( 16.00000000000012434, -8.236423804719870134E-32, 7.999999999999958256 ) ) ;
#11193 = CARTESIAN_POINT ( 'NONE',  ( 48.50000000000017053, -5.572903668865179597E-32, 8.000000000000000000 ) ) ;
#11194 = ORIENTED_EDGE ( 'NONE', *, *, #9009, .T. ) ;
#11195 = ORIENTED_EDGE ( 'NONE', *, *, #9526, .F. ) ;
#11196 = COORDINATED_UNIVERSAL_TIME_OFFSET ( 1, 0, .AHEAD. ) ;
#11197 = CARTESIAN_POINT ( 'NONE',  ( 82.50000000000018474, 10.00000000000000000, 58.59999999999996589 ) ) ;
#11198 = DIRECTION ( 'NONE',  ( -0.7071067811865469066, 0.000000000000000000, -0.7071067811865482389 ) ) ;
#11199 = ADVANCED_FACE ( 'NONE', ( #10332 ), #11949, .T. ) ;
#11200 = DIRECTION ( 'NONE',  ( 0.000000000000000000, 0.000000000000000000, -1.000000000000000000 ) ) ;
#11201 = LINE ( 'NONE', #11434, #2927 ) ;
#11202 = VERTEX_POINT ( 'NONE', #3389 ) ;
#11203 = ORIENTED_EDGE ( 'NONE', *, *, #3342, .F. ) ;
#11204 = FACE_OUTER_BOUND ( 'NONE', #5989, .T. ) ;
#11205 = DIRECTION ( 'NONE',  ( 0.000000000000000000, 0.000000000000000000, -1.000000000000000000 ) ) ;
#11206 = FACE_OUTER_BOUND ( 'NONE', #5380, .T. ) ;
#11207 = CARTESIAN_POINT ( 'NONE',  ( 63.00000000000017053, 10.00000000000000000, 58.59999999999996589 ) ) ;
#11208 = VECTOR ( 'NONE', #4163, 1000.000000000000000 ) ;
#11209 = ORIENTED_EDGE ( 'NONE', *, *, #10264, .T. ) ;
#11210 = ADVANCED_FACE ( 'NONE', ( #2177 ), #6348, .F. ) ;
#11211 = DIRECTION ( 'NONE',  ( -1.000000000000000000, -1.147978770867005115E-16, -0.000000000000000000 ) ) ;
#11212 = DIRECTION ( 'NONE',  ( 0.000000000000000000, 0.000000000000000000, 1.000000000000000000 ) ) ;
#11213 = DIRECTION ( 'NONE',  ( 0.7071067811865525687, 0.7071067811865425767, -1.971831644452495068E-14 ) ) ;
#11214 = AXIS2_PLACEMENT_3D ( 'NONE', #6582, #4720, #2800 ) ;
#11215 = ORIENTED_EDGE ( 'NONE', *, *, #4152, .T. ) ;
#11216 = DIRECTION ( 'NONE',  ( 0.000000000000000000, 0.000000000000000000, -1.000000000000000000 ) ) ;
#11217 = AXIS2_PLACEMENT_3D ( 'NONE', #4359, #1327, #11754 ) ;
#11218 = DIRECTION ( 'NONE',  ( 0.000000000000000000, 0.000000000000000000, -1.000000000000000000 ) ) ;
#11219 = APPROVAL_DATE_TIME ( #7089, #4888 ) ;
#11220 = ORIENTED_EDGE ( 'NONE', *, *, #10768, .F. ) ;
#11221 = ORIENTED_EDGE ( 'NONE', *, *, #9568, .T. ) ;
#11222 = PLANE ( 'NONE',  #6026 ) ;
#11223 = FACE_OUTER_BOUND ( 'NONE', #7472, .T. ) ;
#11224 = LINE ( 'NONE', #6664, #2793 ) ;
#11225 = CARTESIAN_POINT ( 'NONE',  ( 9.000000000000007105, 6.500000000001787903, 9.500000000063494099 ) ) ;
#11226 = DIRECTION ( 'NONE',  ( -8.195446571860579663E-34, 1.000000000000000000, -0.000000000000000000 ) ) ;
#11227 = LINE ( 'NONE', #9028, #3056 ) ;
#11228 = CARTESIAN_POINT ( 'NONE',  ( 89.00000000000021316, 0.5000000000000195399, 58.59999999999996589 ) ) ;
#11229 = ORIENTED_EDGE ( 'NONE', *, *, #11486, .F. ) ;
#11230 = ORIENTED_EDGE ( 'NONE', *, *, #8502, .F. ) ;
#11231 = EDGE_CURVE ( 'NONE', #4161, #8698, #6431, .T. ) ;
#11232 = ORIENTED_EDGE ( 'NONE', *, *, #5776, .F. ) ;
#11233 = DIRECTION ( 'NONE',  ( 1.000000000000000000, -0.000000000000000000, -0.000000000000000000 ) ) ;
#11234 = ORIENTED_EDGE ( 'NONE', *, *, #9744, .T. ) ;
#11235 = AXIS2_PLACEMENT_3D ( 'NONE', #1653, #1496, #1310 ) ;
#11236 = DATE_AND_TIME ( #3010, #7117 ) ;
#11237 = VERTEX_POINT ( 'NONE', #3464 ) ;
#11238 = VERTEX_POINT ( 'NONE', #4459 ) ;
#11239 = EDGE_LOOP ( 'NONE', ( #9746, #9879, #1744, #11507 ) ) ;
#11240 = ORIENTED_EDGE ( 'NONE', *, *, #5440, .T. ) ;
#11241 = EDGE_CURVE ( 'NONE', #6946, #1716, #6500, .T. ) ;
#11242 = FACE_OUTER_BOUND ( 'NONE', #2933, .T. ) ;
#11243 = DIRECTION ( 'NONE',  ( -0.6785983445458393382, 0.6785983445458489971, 0.2810846377148338848 ) ) ;
#11244 = FACE_OUTER_BOUND ( 'NONE', #4660, .T. ) ;
#11245 = EDGE_LOOP ( 'NONE', ( #4900, #7906, #8840, #8782 ) ) ;
#11246 = DIRECTION ( 'NONE',  ( 0.000000000000000000, 0.000000000000000000, 1.000000000000000000 ) ) ;
#11247 = CARTESIAN_POINT ( 'NONE',  ( 5.000000000000000888, 57.19999999999999574, 22.09999999999999432 ) ) ;
#11248 = PLANE ( 'NONE',  #8528 ) ;
#11249 = ORIENTED_EDGE ( 'NONE', *, *, #9682, .F. ) ;
#11250 = EDGE_LOOP ( 'NONE', ( #5299, #9573, #2388, #11989, #5319, #8662 ) ) ;
#11251 = EDGE_LOOP ( 'NONE', ( #7206, #10524, #7223, #2179 ) ) ;
#11252 = DIRECTION ( 'NONE',  ( 1.000000000000000000, 0.000000000000000000, 0.000000000000000000 ) ) ;
#11253 = DIRECTION ( 'NONE',  ( 1.000000000000000000, 8.195446571860586505E-34, 0.000000000000000000 ) ) ;
#11254 = EDGE_CURVE ( 'NONE', #11399, #10225, #6065, .T. ) ;
#11255 = DIRECTION ( 'NONE',  ( 1.147978770867005115E-16, -1.000000000000000000, 5.139921410301651782E-16 ) ) ;
#11256 = EDGE_LOOP ( 'NONE', ( #11867, #2128, #10665, #3638 ) ) ;
#11257 = ADVANCED_FACE ( 'NONE', ( #10894 ), #11395, .T. ) ;
#11258 = DIRECTION ( 'NONE',  ( 0.000000000000000000, 0.000000000000000000, -1.000000000000000000 ) ) ;
#11259 = ORIENTED_EDGE ( 'NONE', *, *, #6746, .T. ) ;
#11260 = ORIENTED_EDGE ( 'NONE', *, *, #10802, .F. ) ;
#11261 = CARTESIAN_POINT ( 'NONE',  ( 66.50000000000017053, 2.499999999999963141, 58.59999999999996589 ) ) ;
#11262 = AXIS2_PLACEMENT_3D ( 'NONE', #12017, #3451, #1331 ) ;
#11263 = LINE ( 'NONE', #9082, #2699 ) ;
#11264 = CARTESIAN_POINT ( 'NONE',  ( 42.00000000000015632, 0.5000000000000125455, 10.00000000000003020 ) ) ;
#11266 = FACE_OUTER_BOUND ( 'NONE', #6627, .T. ) ;
#11265 = LINE ( 'NONE', #6463, #7784 ) ;
#11267 = DIRECTION ( 'NONE',  ( 0.000000000000000000, 0.000000000000000000, -1.000000000000000000 ) ) ;
#11268 = FACE_OUTER_BOUND ( 'NONE', #4354, .T. ) ;
#11269 = AXIS2_PLACEMENT_3D ( 'NONE', #2559, #5343, #6305 ) ;
#11270 = ORIENTED_EDGE ( 'NONE', *, *, #2477, .T. ) ;
#11271 = EDGE_CURVE ( 'NONE', #4455, #10647, #6888, .T. ) ;
#11272 = CARTESIAN_POINT ( 'NONE',  ( 20.50000000000008882, 3.000000000000000000, 58.59999999999996589 ) ) ;
#11273 = PLANE ( 'NONE',  #9403 ) ;
#11274 = EDGE_CURVE ( 'NONE', #6946, #259, #6527, .T. ) ;
#11275 = LOCAL_TIME ( 14, 18, 39.00000000000000000, #2909 ) ;
#11276 = DIRECTION ( 'NONE',  ( 1.000000000000000000, 0.000000000000000000, 0.000000000000000000 ) ) ;
#11277 = ORIENTED_EDGE ( 'NONE', *, *, #988, .F. ) ;
#11278 = ORIENTED_EDGE ( 'NONE', *, *, #1300, .F. ) ;
#11279 = CARTESIAN_POINT ( 'NONE',  ( 116.5000000000000000, 35.50000000000000000, 66.59999999999999432 ) ) ;
#11280 = VECTOR ( 'NONE', #11782, 1000.000000000000000 ) ;
#11281 = VECTOR ( 'NONE', #10533, 1000.000000000000000 ) ;
#11282 = ORIENTED_EDGE ( 'NONE', *, *, #9803, .T. ) ;
#11283 = ORIENTED_EDGE ( 'NONE', *, *, #6887, .F. ) ;
#11284 = EDGE_CURVE ( 'NONE', #6251, #3456, #11652, .T. ) ;
#11285 = ADVANCED_FACE ( 'NONE', ( #11391 ), #3266, .F. ) ;
#11286 = CARTESIAN_POINT ( 'NONE',  ( 110.5000000000000284, 11.00000000000001066, -10.00000000000000000 ) ) ;
#11287 = FACE_OUTER_BOUND ( 'NONE', #3140, .T. ) ;
#11288 = DIRECTION ( 'NONE',  ( 0.000000000000000000, -1.000000000000000000, 0.000000000000000000 ) ) ;
#11289 = DIRECTION ( 'NONE',  ( 0.000000000000000000, -0.7071067811865512365, -0.7071067811865439090 ) ) ;
#11290 = EDGE_CURVE ( 'NONE', #3976, #4455, #11293, .T. ) ;
#11291 = DIRECTION ( 'NONE',  ( -1.000000000000000000, 1.156482317317871133E-15, 0.000000000000000000 ) ) ;
#11292 = CARTESIAN_POINT ( 'NONE',  ( 5.499999999999991118, 59.74999999999998579, -9.749999999999994671 ) ) ;
#11293 = CIRCLE ( 'NONE', #1330, 1.500000000000015099 ) ;
#11294 = VECTOR ( 'NONE', #1486, 1000.000000000000000 ) ;
#11295 = VECTOR ( 'NONE', #10535, 1000.000000000000000 ) ;
#11296 = DATE_AND_TIME ( #3001, #7133 ) ;
#11297 = ORIENTED_EDGE ( 'NONE', *, *, #5605, .T. ) ;
#11298 = AXIS2_PLACEMENT_3D ( 'NONE', #739, #1904, #2597 ) ;
#11299 = VECTOR ( 'NONE', #12340, 1000.000000000000000 ) ;
#11300 = CARTESIAN_POINT ( 'NONE',  ( 14.00000000000000533, 54.00000000000000711, 69.09999999999998010 ) ) ;
#11301 = DIRECTION ( 'NONE',  ( 0.000000000000000000, 0.000000000000000000, 1.000000000000000000 ) ) ;
#11302 = ORIENTED_EDGE ( 'NONE', *, *, #2732, .F. ) ;
#11303 = CARTESIAN_POINT ( 'NONE',  ( 5.000000000000002665, 36.00000000000179057, -122.9712352769500541 ) ) ;
#11304 = PERSON_AND_ORGANIZATION ( #1606, #7141 ) ;
#11306 = ORIENTED_EDGE ( 'NONE', *, *, #11574, .F. ) ;
#11305 = CONICAL_SURFACE ( 'NONE', #1437, 2.000000000000029310, 0.7853981633974396193 ) ;
#11307 = ADVANCED_FACE ( 'NONE', ( #11468 ), #11528, .F. ) ;
#11308 = CARTESIAN_POINT ( 'NONE',  ( 42.00000000000015632, 0.5000000000000125455, 8.500000000000007105 ) ) ;
#11309 = LINE ( 'NONE', #12301, #11156 ) ;
#11310 = LINE ( 'NONE', #7624, #11579 ) ;
#11311 = DIRECTION ( 'NONE',  ( -1.000000000000000000, -1.147978770867005115E-16, -0.000000000000000000 ) ) ;
#11312 = EDGE_LOOP ( 'NONE', ( #5666, #2558, #6153, #11181 ) ) ;
#11313 = DIRECTION ( 'NONE',  ( 0.7071067811865543451, -0.7071067811865408004, -5.047879561097583790E-17 ) ) ;
#11314 = CIRCLE ( 'NONE', #2405, 1.000000000000010436 ) ;
#11315 = ADVANCED_FACE ( 'NONE', ( #11551 ), #2944, .F. ) ;
#11316 = DIRECTION ( 'NONE',  ( -0.000000000000000000, 1.000000000000000000, -0.000000000000000000 ) ) ;
#11317 = EDGE_CURVE ( 'NONE', #3198, #11016, #11587, .T. ) ;
#11318 = LINE ( 'NONE', #7549, #10857 ) ;
#11319 = ORIENTED_EDGE ( 'NONE', *, *, #10990, .F. ) ;
#11320 = EDGE_CURVE ( 'NONE', #4799, #313, #7301, .T. ) ;
#11321 = AXIS2_PLACEMENT_3D ( 'NONE', #7781, #6082, #9901 ) ;
#11322 = ORIENTED_EDGE ( 'NONE', *, *, #1325, .F. ) ;
#11323 = VECTOR ( 'NONE', #4708, 1000.000000000000000 ) ;
#11324 = VECTOR ( 'NONE', #11717, 1000.000000000000000 ) ;
#11325 = VERTEX_POINT ( 'NONE', #11004 ) ;
#11326 = CARTESIAN_POINT ( 'NONE',  ( 116.0000000000000000, 6.000000000000001776, 69.09999999999998010 ) ) ;
#11327 = ORIENTED_EDGE ( 'NONE', *, *, #4527, .T. ) ;
#11328 = VECTOR ( 'NONE', #5108, 1000.000000000000114 ) ;
#11329 = LINE ( 'NONE', #10871, #3153 ) ;
#11330 = CARTESIAN_POINT ( 'NONE',  ( 95.50000000000019895, 10.00000000000000000, 58.59999999999996589 ) ) ;
#11331 = DIRECTION ( 'NONE',  ( -8.195446571860579663E-34, 1.000000000000000000, -0.000000000000000000 ) ) ;
#11332 = EDGE_CURVE ( 'NONE', #7786, #622, #11408, .T. ) ;
#11333 = VECTOR ( 'NONE', #6695, 1000.000000000000000 ) ;
#11334 = DIRECTION ( 'NONE',  ( -0.000000000000000000, 1.000000000000000000, -0.000000000000000000 ) ) ;
#11335 = ORIENTED_EDGE ( 'NONE', *, *, #1086, .T. ) ;
#11336 = DIRECTION ( 'NONE',  ( 0.7071067811865439090, -0.7071067811865512365, 0.000000000000000000 ) ) ;
#11337 = EDGE_CURVE ( 'NONE', #10734, #3683, #3090, .T. ) ;
#11338 = PLANE ( 'NONE',  #2552 ) ;
#11339 = AXIS2_PLACEMENT_3D ( 'NONE', #10371, #2475, #8167 ) ;
#11340 = DIRECTION ( 'NONE',  ( 0.000000000000000000, -0.000000000000000000, 1.000000000000000000 ) ) ;
#11341 = DIRECTION ( 'NONE',  ( 1.147978770867005115E-16, -1.000000000000000000, 0.000000000000000000 ) ) ;
#11342 = LINE ( 'NONE', #5740, #3081 ) ;
#11343 = VERTEX_POINT ( 'NONE', #8370 ) ;
#11344 = LINE ( 'NONE', #7005, #3085 ) ;
#11345 = AXIS2_PLACEMENT_3D ( 'NONE', #7169, #9912, #1454 ) ;
#11346 = ORIENTED_EDGE ( 'NONE', *, *, #7928, .F. ) ;
#11347 = VECTOR ( 'NONE', #10109, 1000.000000000000000 ) ;
#11348 = VERTEX_POINT ( 'NONE', #603 ) ;
#11349 = EDGE_LOOP ( 'NONE', ( #9461, #11692, #4256, #5030, #2274 ) ) ;
#11350 = CARTESIAN_POINT ( 'NONE',  ( 105.5000000000000284, 8.499999999999989342, 69.59999999999999432 ) ) ;
#11351 = ADVANCED_FACE ( 'NONE', ( #3439 ), #6368, .F. ) ;
#11352 = CARTESIAN_POINT ( 'NONE',  ( 116.5000000000000000, 0.000000000000000000, -9.499999999999996447 ) ) ;
#11353 = CARTESIAN_POINT ( 'NONE',  ( 35.50000000000014921, 3.000000000000000000, 10.00000000000003020 ) ) ;
#11354 = ORIENTED_EDGE ( 'NONE', *, *, #7593, .T. ) ;
#11355 = ORIENTED_EDGE ( 'NONE', *, *, #10065, .T. ) ;
#11356 = EDGE_CURVE ( 'NONE', #6499, #11694, #7783, .T. ) ;
#11357 = CARTESIAN_POINT ( 'NONE',  ( 106.0000000000000284, 4.999999999999999112, -9.499999999999996447 ) ) ;
#11358 = FACE_OUTER_BOUND ( 'NONE', #11909, .T. ) ;
#11359 = EDGE_CURVE ( 'NONE', #5870, #2154, #3611, .T. ) ;
#11360 = ORIENTED_EDGE ( 'NONE', *, *, #7111, .F. ) ;
#11361 = VECTOR ( 'NONE', #4083, 1000.000000000000000 ) ;
#11362 = CARTESIAN_POINT ( 'NONE',  ( 116.0000000000000000, 4.000000000000010658, 69.59999999999999432 ) ) ;
#11363 = AXIS2_PLACEMENT_3D ( 'NONE', #11366, #12331, #3759 ) ;
#11364 = DIRECTION ( 'NONE',  ( 0.7071067811865439090, 0.7071067811865512365, 0.000000000000000000 ) ) ;
#11365 = CARTESIAN_POINT ( 'NONE',  ( 76.00000000000018474, 10.00000000000000000, 58.59999999999996589 ) ) ;
#11366 = CARTESIAN_POINT ( 'NONE',  ( -0.5000000000000213163, 4.500000000001787015, 36.00000000006349410 ) ) ;
#11367 = EDGE_CURVE ( 'NONE', #825, #7008, #7830, .T. ) ;
#11368 = ORIENTED_EDGE ( 'NONE', *, *, #1905, .F. ) ;
#11369 = EDGE_LOOP ( 'NONE', ( #3925, #6407, #6510, #1840 ) ) ;
#11370 = DIRECTION ( 'NONE',  ( 0.7071067811865439090, 0.7071067811865512365, 0.000000000000000000 ) ) ;
#11371 = VERTEX_POINT ( 'NONE', #5267 ) ;
#11372 = CARTESIAN_POINT ( 'NONE',  ( 1.000000000000005329, 33.50000000000178346, 9.100000000063497296 ) ) ;
#11373 = ORIENTED_EDGE ( 'NONE', *, *, #5210, .T. ) ;
#11374 = CARTESIAN_POINT ( 'NONE',  ( 4.500000000000006217, 6.500000000001787015, 9.500000000063494099 ) ) ;
#11375 = EDGE_CURVE ( 'NONE', #10393, #9970, #3825, .T. ) ;
#11376 = DIRECTION ( 'NONE',  ( 0.000000000000000000, 0.000000000000000000, -1.000000000000000000 ) ) ;
#11377 = VECTOR ( 'NONE', #8289, 1000.000000000000000 ) ;
#11378 = VECTOR ( 'NONE', #4866, 1000.000000000000000 ) ;
#11379 = CARTESIAN_POINT ( 'NONE',  ( 6.006882203658677533, 55.13798732735564556, -9.637987327355633127 ) ) ;
#11380 = CARTESIAN_POINT ( 'NONE',  ( 59.50000000000009237, 3.000000000000000000, -122.9712352769500683 ) ) ;
#11381 = ORIENTED_EDGE ( 'NONE', *, *, #4804, .F. ) ;
#11383 = ORIENTED_EDGE ( 'NONE', *, *, #877, .F. ) ;
#11382 = FACE_OUTER_BOUND ( 'NONE', #3553, .T. ) ;
#11384 = ADVANCED_FACE ( 'NONE', ( #7751 ), #3651, .F. ) ;
#11385 = EDGE_CURVE ( 'NONE', #1877, #1813, #12295, .T. ) ;
#11386 = LINE ( 'NONE', #2906, #11160 ) ;
#11387 = CARTESIAN_POINT ( 'NONE',  ( 5.499999999999893419, 5.000000000000172307, 69.59999999999999432 ) ) ;
#11388 = LINE ( 'NONE', #3908, #3196 ) ;
#11389 = EDGE_LOOP ( 'NONE', ( #4073, #8234, #9253, #8408 ) ) ;
#11390 = AXIS2_PLACEMENT_3D ( 'NONE', #4838, #6791, #8693 ) ;
#11391 = FACE_OUTER_BOUND ( 'NONE', #10212, .T. ) ;
#11392 = ORIENTED_EDGE ( 'NONE', *, *, #6175, .T. ) ;
#11393 = VECTOR ( 'NONE', #10941, 1000.000000000000000 ) ;
#11394 = VERTEX_POINT ( 'NONE', #11432 ) ;
#11395 = PLANE ( 'NONE',  #4909 ) ;
#11396 = EDGE_CURVE ( 'NONE', #1059, #11828, #12199, .T. ) ;
#11397 = EDGE_LOOP ( 'NONE', ( #4095, #2531, #11669, #35 ) ) ;
#11398 = ADVANCED_FACE ( 'NONE', ( #4196 ), #5066, .F. ) ;
#11399 = VERTEX_POINT ( 'NONE', #11547 ) ;
#11400 = LINE ( 'NONE', #5832, #6999 ) ;
#11401 = DIRECTION ( 'NONE',  ( 8.195446571860579663E-34, -1.000000000000000000, -0.000000000000000000 ) ) ;
#11402 = EDGE_CURVE ( 'NONE', #12114, #9431, #3888, .T. ) ;
#11403 = DIRECTION ( 'NONE',  ( -1.000000000000000000, -0.000000000000000000, -0.000000000000000000 ) ) ;
#11404 = LINE ( 'NONE', #2965, #11186 ) ;
#11405 = ORIENTED_EDGE ( 'NONE', *, *, #10842, .T. ) ;
#11406 = CARTESIAN_POINT ( 'NONE',  ( 30.50000000000013500, 10.00000000000000000, 58.59999999999996589 ) ) ;
#11407 = ADVANCED_FACE ( 'NONE', ( #4056 ), #2530, .T. ) ;
#11408 = LINE ( 'NONE', #523, #11428 ) ;
#11409 = VECTOR ( 'NONE', #413, 1000.000000000000000 ) ;
#11410 = CARTESIAN_POINT ( 'NONE',  ( 24.50000000000015277, 3.000000000000000000, -122.9712352769500541 ) ) ;
#11411 = ORIENTED_EDGE ( 'NONE', *, *, #10864, .T. ) ;
#11412 = ORIENTED_EDGE ( 'NONE', *, *, #8502, .T. ) ;
#11413 = ORIENTED_EDGE ( 'NONE', *, *, #7151, .F. ) ;
#11414 = AXIS2_PLACEMENT_3D ( 'NONE', #10338, #11485, #8771 ) ;
#11415 = DIRECTION ( 'NONE',  ( 0.000000000000000000, -1.000000000000000000, 0.000000000000000000 ) ) ;
#11416 = CARTESIAN_POINT ( 'NONE',  ( 27.00000000000011369, 3.000000000000000000, 10.00000000000003020 ) ) ;
#11417 = CARTESIAN_POINT ( 'NONE',  ( 24.50000000000013856, 3.000000000000000000, 58.59999999999996589 ) ) ;
#11418 = ORIENTED_EDGE ( 'NONE', *, *, #8678, .F. ) ;
#11419 = ORIENTED_EDGE ( 'NONE', *, *, #4042, .T. ) ;
#11420 = CARTESIAN_POINT ( 'NONE',  ( 43.50000000000014921, 2.499999999999984013, 58.59999999999996589 ) ) ;
#11421 = FACE_OUTER_BOUND ( 'NONE', #6094, .T. ) ;
#11422 = AXIS2_PLACEMENT_3D ( 'NONE', #1115, #2079, #4963 ) ;
#11423 = CIRCLE ( 'NONE', #10302, 1.500000000000015099 ) ;
#11424 = DIRECTION ( 'NONE',  ( 1.000000000000000000, 0.000000000000000000, 0.000000000000000000 ) ) ;
#11425 = ORIENTED_EDGE ( 'NONE', *, *, #10506, .F. ) ;
#11426 = CARTESIAN_POINT ( 'NONE',  ( 68.00000000000017053, 3.000000000000000000, 58.59999999999996589 ) ) ;
#11427 = EDGE_CURVE ( 'NONE', #1146, #11918, #3956, .T. ) ;
#11428 = VECTOR ( 'NONE', #7514, 1000.000000000000000 ) ;
#11429 = EDGE_LOOP ( 'NONE', ( #5755, #2512, #3477, #4104 ) ) ;
#11430 = DIRECTION ( 'NONE',  ( -1.000000000000000000, 0.000000000000000000, 0.000000000000000000 ) ) ;
#11431 = DIRECTION ( 'NONE',  ( 1.000000000000000000, 8.195446571860572821E-34, 0.000000000000000000 ) ) ;
#11432 = CARTESIAN_POINT ( 'NONE',  ( 3.999999999999896971, 59.49999999999999289, 24.94999999999999218 ) ) ;
#11433 = DIRECTION ( 'NONE',  ( 1.000000000000000000, 0.000000000000000000, 0.000000000000000000 ) ) ;
#11434 = CARTESIAN_POINT ( 'NONE',  ( 81.00000000000018474, 3.000000000000000000, 60.59999999999998010 ) ) ;
#11435 = DIRECTION ( 'NONE',  ( -1.000000000000000000, 0.000000000000000000, 0.000000000000000000 ) ) ;
#11436 = ORIENTED_EDGE ( 'NONE', *, *, #2366, .F. ) ;
#11437 = EDGE_CURVE ( 'NONE', #4683, #7885, #12337, .T. ) ;
#11438 = DIRECTION ( 'NONE',  ( 2.855511894612032274E-16, 2.340219516760528775E-49, -1.000000000000000000 ) ) ;
#11439 = CARTESIAN_POINT ( 'NONE',  ( 106.4423432399655525, 5.025531517357081590, -9.942688455532959324 ) ) ;
#11440 = VECTOR ( 'NONE', #9462, 1000.000000000000114 ) ;
#11441 = LINE ( 'NONE', #1338, #11663 ) ;
#11442 = CARTESIAN_POINT ( 'NONE',  ( 4.499999999999970690, 48.99999999999997868, 64.80710678118647650 ) ) ;
#11443 = CARTESIAN_POINT ( 'NONE',  ( 83.00000000000019895, -2.745474601573277090E-32, 58.59999999999996589 ) ) ;
#11444 = AXIS2_PLACEMENT_3D ( 'NONE', #4577, #1319, #2293 ) ;
#11445 = DIRECTION ( 'NONE',  ( -1.000000000000000000, -1.147978770867005115E-16, -0.000000000000000000 ) ) ;
#11446 = DIRECTION ( 'NONE',  ( 8.195446571860579663E-34, -1.000000000000000000, -0.000000000000000000 ) ) ;
#11447 = DIRECTION ( 'NONE',  ( 8.195446571860579663E-34, -1.000000000000000000, -0.000000000000000000 ) ) ;
#11448 = ORIENTED_EDGE ( 'NONE', *, *, #9961, .F. ) ;
#11449 = EDGE_LOOP ( 'NONE', ( #8113, #4606, #4699, #9724 ) ) ;
#11450 = CARTESIAN_POINT ( 'NONE',  ( 1.999999999999896749, 57.19999999999999574, 22.09999999999999432 ) ) ;
#11451 = ADVANCED_FACE ( 'NONE', ( #12391 ), #4079, .F. ) ;
#11452 = DIRECTION ( 'NONE',  ( 0.000000000000000000, 0.000000000000000000, -1.000000000000000000 ) ) ;
#11453 = DIRECTION ( 'NONE',  ( 0.000000000000000000, -1.000000000000000000, 0.000000000000000000 ) ) ;
#11454 = ORIENTED_EDGE ( 'NONE', *, *, #11965, .T. ) ;
#11455 = DIRECTION ( 'NONE',  ( -8.117435735382559033E-17, 0.7071067811865463515, -0.7071067811865487940 ) ) ;
#11457 = ORIENTED_EDGE ( 'NONE', *, *, #4942, .F. ) ;
#11456 = VECTOR ( 'NONE', #6200, 1000.000000000000000 ) ;
#11458 = CARTESIAN_POINT ( 'NONE',  ( 116.5000000000000000, 6.000000000000000888, 69.09999999999998010 ) ) ;
#11459 = FACE_OUTER_BOUND ( 'NONE', #2261, .T. ) ;
#11460 = DIRECTION ( 'NONE',  ( 0.000000000000000000, -1.000000000000000000, 0.000000000000000000 ) ) ;
#11461 = FACE_BOUND ( 'NONE', #9490, .T. ) ;
#11462 = DIRECTION ( 'NONE',  ( 0.000000000000000000, 0.7071067811865536790, 0.7071067811865414665 ) ) ;
#11463 = DIRECTION ( 'NONE',  ( -8.117435735382587383E-17, 0.7071067811865487940, 0.7071067811865463515 ) ) ;
#11464 = LINE ( 'NONE', #7241, #8175 ) ;
#11465 = EDGE_CURVE ( 'NONE', #2714, #9190, #8240, .T. ) ;
#11466 = DIRECTION ( 'NONE',  ( 8.195446571860579663E-34, -1.000000000000000000, 0.000000000000000000 ) ) ;
#11467 = AXIS2_PLACEMENT_3D ( 'NONE', #10210, #11110, #8488 ) ;
#11468 = FACE_OUTER_BOUND ( 'NONE', #2029, .T. ) ;
#11469 = VERTEX_POINT ( 'NONE', #1947 ) ;
#11470 = ORIENTED_EDGE ( 'NONE', *, *, #6563, .T. ) ;
#11471 = DIRECTION ( 'NONE',  ( 0.9950371902099890420, -0.09950371902099897081, 0.000000000000000000 ) ) ;
#11472 = DIRECTION ( 'NONE',  ( 0.000000000000000000, 0.000000000000000000, 1.000000000000000000 ) ) ;
#11473 = CARTESIAN_POINT ( 'NONE',  ( 48.50000000000014921, 3.000000000000000000, 58.59999999999996589 ) ) ;
#11474 = ORIENTED_EDGE ( 'NONE', *, *, #4436, .T. ) ;
#11475 = ORIENTED_EDGE ( 'NONE', *, *, #7761, .F. ) ;
#11476 = VECTOR ( 'NONE', #11462, 1000.000000000000000 ) ;
#11477 = CIRCLE ( 'NONE', #5374, 2.000000000000029310 ) ;
#11478 = ORIENTED_EDGE ( 'NONE', *, *, #2642, .T. ) ;
#11479 = ADVANCED_FACE ( 'NONE', ( #3848 ), #39, .F. ) ;
#11480 = LINE ( 'NONE', #8247, #7484 ) ;
#11481 = EDGE_CURVE ( 'NONE', #2774, #3643, #8333, .T. ) ;
#11482 = VERTEX_POINT ( 'NONE', #5292 ) ;
#11483 = ORIENTED_EDGE ( 'NONE', *, *, #7334, .F. ) ;
#11484 = DIRECTION ( 'NONE',  ( -0.000000000000000000, 0.000000000000000000, 1.000000000000000000 ) ) ;
#11485 = DIRECTION ( 'NONE',  ( 8.195446571860579663E-34, -1.000000000000000000, -0.000000000000000000 ) ) ;
#11486 = EDGE_CURVE ( 'NONE', #1943, #7390, #74, .T. ) ;
#11487 = AXIS2_PLACEMENT_3D ( 'NONE', #4177, #8862, #1254 ) ;
#11488 = CARTESIAN_POINT ( 'NONE',  ( 105.0000000000000284, 12.49999999999999467, 69.59999999999999432 ) ) ;
#11489 = ORIENTED_EDGE ( 'NONE', *, *, #5203, .F. ) ;
#11490 = DIRECTION ( 'NONE',  ( -0.000000000000000000, 1.000000000000000000, -0.000000000000000000 ) ) ;
#11491 = AXIS2_PLACEMENT_3D ( 'NONE', #8143, #9062, #533 ) ;
#11492 = ORIENTED_EDGE ( 'NONE', *, *, #985, .T. ) ;
#11493 = CARTESIAN_POINT ( 'NONE',  ( 19.19655805796116610, 76.87402806593523508, 51.72597193406425475 ) ) ;
#11494 = PLANE ( 'NONE',  #7081 ) ;
#11495 = CIRCLE ( 'NONE', #9081, 1.500000000000015099 ) ;
#11496 = DIRECTION ( 'NONE',  ( 0.7071067811865536790, 0.7071067811865414665, 9.462988938998267897E-16 ) ) ;
#11497 = FACE_OUTER_BOUND ( 'NONE', #6447, .T. ) ;
#11499 = ORIENTED_EDGE ( 'NONE', *, *, #1905, .T. ) ;
#11498 = VECTOR ( 'NONE', #10993, 1000.000000000000000 ) ;
#11500 = DIRECTION ( 'NONE',  ( 1.124357808503486235E-16, -1.000000000000000000, 0.000000000000000000 ) ) ;
#11501 = CARTESIAN_POINT ( 'NONE',  ( 72.50000000000009948, 3.000000000000000000, -122.9712352769500683 ) ) ;
#11502 = ORIENTED_EDGE ( 'NONE', *, *, #5776, .T. ) ;
#11503 = ORIENTED_EDGE ( 'NONE', *, *, #12317, .F. ) ;
#11504 = ADVANCED_FACE ( 'NONE', ( #8004 ), #6335, .F. ) ;
#11505 = VECTOR ( 'NONE', #12342, 1000.000000000000000 ) ;
#11506 = LINE ( 'NONE', #1412, #11590 ) ;
#11507 = ORIENTED_EDGE ( 'NONE', *, *, #10704, .F. ) ;
#11508 = AXIS2_PLACEMENT_3D ( 'NONE', #4807, #6511, #3682 ) ;
#11509 = VECTOR ( 'NONE', #11576, 999.9999999999998863 ) ;
#11510 = CARTESIAN_POINT ( 'NONE',  ( 3.000000000000005329, 33.50000000000178346, 9.500000000063485217 ) ) ;
#11511 = CARTESIAN_POINT ( 'NONE',  ( 5.000000000000010658, -23.88206424791260929, -48.58917102903740926 ) ) ;
#11512 = CARTESIAN_POINT ( 'NONE',  ( 81.00000000000018474, 0.5000000000000195399, 58.59999999999996589 ) ) ;
#11513 = AXIS2_PLACEMENT_3D ( 'NONE', #2122, #8786, #9710 ) ;
#11514 = CARTESIAN_POINT ( 'NONE',  ( 37.00000000000014921, 10.00000000000000000, 10.00000000000003020 ) ) ;
#11515 = VERTEX_POINT ( 'NONE', #724 ) ;
#11516 = DIRECTION ( 'NONE',  ( -0.000000000000000000, 1.000000000000000000, -0.000000000000000000 ) ) ;
#11517 = LINE ( 'NONE', #10193, #7481 ) ;
#11518 = LINE ( 'NONE', #950, #7429 ) ;
#11519 = VECTOR ( 'NONE', #6917, 1000.000000000000000 ) ;
#11520 = EDGE_CURVE ( 'NONE', #312, #8491, #12135, .T. ) ;
#11521 = CARTESIAN_POINT ( 'NONE',  ( 6.123233995736770966E-17, 59.49999999999998579, -9.499999999999996447 ) ) ;
#11522 = CIRCLE ( 'NONE', #1511, 2.000000000000029310 ) ;
#11523 = CARTESIAN_POINT ( 'NONE',  ( 50.50000000000017053, -5.408994737427968175E-32, 58.59999999999996589 ) ) ;
#11524 = LINE ( 'NONE', #9290, #7869 ) ;
#11525 = VERTEX_POINT ( 'NONE', #10552 ) ;
#11526 = CARTESIAN_POINT ( 'NONE',  ( 105.0000000000000284, 12.99999999999999822, 66.09999999999999432 ) ) ;
#11527 = CARTESIAN_POINT ( 'NONE',  ( 17.50000000000021672, 10.00000000000000000, 58.59999999999996589 ) ) ;
#11528 = CONICAL_SURFACE ( 'NONE', #161, 1.699999999999993072, 0.7853981633974554954 ) ;
#11529 = FACE_OUTER_BOUND ( 'NONE', #5071, .T. ) ;
#11530 = CARTESIAN_POINT ( 'NONE',  ( 0.5000000000000013323, 48.99999999999997868, 42.59999999999998721 ) ) ;
#11531 = DIRECTION ( 'NONE',  ( -0.7071067811865414665, 0.7071067811865536790, 0.000000000000000000 ) ) ;
#11532 = FACE_OUTER_BOUND ( 'NONE', #3182, .T. ) ;
#11533 = ORIENTED_EDGE ( 'NONE', *, *, #5155, .T. ) ;
#11534 = EDGE_CURVE ( 'NONE', #515, #1059, #4336, .T. ) ;
#11535 = CARTESIAN_POINT ( 'NONE',  ( 116.2500000000000000, 4.250000000000010658, 69.09999999999998010 ) ) ;
#11536 = ORIENTED_EDGE ( 'NONE', *, *, #5210, .F. ) ;
#11537 = DIRECTION ( 'NONE',  ( 0.000000000000000000, 0.000000000000000000, -1.000000000000000000 ) ) ;
#11538 = DIRECTION ( 'NONE',  ( 1.000000000000000000, 8.195446571860579663E-34, 1.427755947306016137E-16 ) ) ;
#11539 = LINE ( 'NONE', #4374, #7726 ) ;
#11540 = AXIS2_PLACEMENT_3D ( 'NONE', #5170, #2371, #4492 ) ;
#11541 = FACE_OUTER_BOUND ( 'NONE', #7327, .T. ) ;
#11542 = CARTESIAN_POINT ( 'NONE',  ( 1.102182119232617714E-15, 50.99999999999998579, -10.00000000000000000 ) ) ;
#11543 = CARTESIAN_POINT ( 'NONE',  ( 61.50000000000017764, 0.5000000000000125455, 10.00000000000003020 ) ) ;
#11544 = ORIENTED_EDGE ( 'NONE', *, *, #1394, .F. ) ;
#11545 = LINE ( 'NONE', #1956, #3472 ) ;
#11546 = CARTESIAN_POINT ( 'NONE',  ( 28.42505251529252774, 59.42505251529431121, 45.91008123238709970 ) ) ;
#11547 = CARTESIAN_POINT ( 'NONE',  ( 63.50000000000017053, 3.000000000000000000, 58.59999999999996589 ) ) ;
#11548 = ORIENTED_EDGE ( 'NONE', *, *, #8131, .T. ) ;
#11549 = EDGE_LOOP ( 'NONE', ( #11620, #3701, #3156, #6833 ) ) ;
#11550 = CARTESIAN_POINT ( 'NONE',  ( 116.5000000000000000, 6.500000000000009770, -10.00000000000000000 ) ) ;
#11551 = FACE_OUTER_BOUND ( 'NONE', #1694, .T. ) ;
#11552 = DIRECTION ( 'NONE',  ( 8.195446571860579663E-34, -1.000000000000000000, -0.000000000000000000 ) ) ;
#11553 = AXIS2_PLACEMENT_3D ( 'NONE', #2581, #3441, #11046 ) ;
#11554 = CARTESIAN_POINT ( 'NONE',  ( 73.40033670892287887, 96.45212835995189948, 66.59999999999999432 ) ) ;
#11555 = EDGE_CURVE ( 'NONE', #8221, #2774, #8478, .T. ) ;
#11556 = ORIENTED_EDGE ( 'NONE', *, *, #1843, .F. ) ;
#11557 = EDGE_LOOP ( 'NONE', ( #4235, #4011, #4487, #9867 ) ) ;
#11558 = ADVANCED_FACE ( 'NONE', ( #8457 ), #8263, .F. ) ;
#11559 = LINE ( 'NONE', #11261, #7632 ) ;
#11560 = EDGE_CURVE ( 'NONE', #137, #11762, #3932, .T. ) ;
#11561 = ORIENTED_EDGE ( 'NONE', *, *, #12120, .F. ) ;
#11562 = FACE_OUTER_BOUND ( 'NONE', #3700, .T. ) ;
#11563 = FACE_OUTER_BOUND ( 'NONE', #8309, .T. ) ;
#11564 = ORIENTED_EDGE ( 'NONE', *, *, #8326, .F. ) ;
#11565 = EDGE_CURVE ( 'NONE', #1336, #2116, #8184, .T. ) ;
#11566 = AXIS2_PLACEMENT_3D ( 'NONE', #426, #5221, #6188 ) ;
#11567 = ORIENTED_EDGE ( 'NONE', *, *, #5574, .F. ) ;
#11568 = EDGE_CURVE ( 'NONE', #2750, #10559, #139, .T. ) ;
#11569 = DIRECTION ( 'NONE',  ( 0.7071067811865426878, 0.7071067811865524577, -0.000000000000000000 ) ) ;
#11570 = CARTESIAN_POINT ( 'NONE',  ( 116.5000000000000000, 2.000000000000001776, 69.09999999999998010 ) ) ;
#11571 = ORIENTED_EDGE ( 'NONE', *, *, #625, .F. ) ;
#11572 = AXIS2_PLACEMENT_3D ( 'NONE', #11542, #1984, #11625 ) ;
#11573 = CARTESIAN_POINT ( 'NONE',  ( 7.000000000000006217, 6.000000000000012434, 2.000000000000001776 ) ) ;
#11574 = EDGE_CURVE ( 'NONE', #1660, #4619, #5, .T. ) ;
#11575 = ORIENTED_EDGE ( 'NONE', *, *, #6971, .T. ) ;
#11576 = DIRECTION ( 'NONE',  ( 0.000000000000000000, -0.7071067811865512365, -0.7071067811865439090 ) ) ;
#11577 = EDGE_CURVE ( 'NONE', #8087, #9599, #8299, .T. ) ;
#11578 = LINE ( 'NONE', #7687, #3505 ) ;
#11579 = VECTOR ( 'NONE', #8560, 1000.000000000000114 ) ;
#11580 = ORIENTED_EDGE ( 'NONE', *, *, #1066, .F. ) ;
#11581 = DIRECTION ( 'NONE',  ( 7.138779736530080685E-17, 0.000000000000000000, 1.000000000000000000 ) ) ;
#11582 = ADVANCED_FACE ( 'NONE', ( #4171 ), #4318, .F. ) ;
#11583 = VECTOR ( 'NONE', #1582, 1000.000000000000000 ) ;
#11584 = VERTEX_POINT ( 'NONE', #11887 ) ;
#11585 = DIRECTION ( 'NONE',  ( 0.000000000000000000, -1.000000000000000000, 0.000000000000000000 ) ) ;
#11586 = ORIENTED_EDGE ( 'NONE', *, *, #8369, .F. ) ;
#11587 = LINE ( 'NONE', #2948, #7352 ) ;
#11588 = EDGE_CURVE ( 'NONE', #9611, #10694, #292, .T. ) ;
#11589 = ORIENTED_EDGE ( 'NONE', *, *, #2271, .T. ) ;
#11590 = VECTOR ( 'NONE', #2379, 1000.000000000000000 ) ;
#11591 = ORIENTED_EDGE ( 'NONE', *, *, #10526, .F. ) ;
#11592 = EDGE_CURVE ( 'NONE', #11106, #1649, #8809, .T. ) ;
#11593 = ORIENTED_EDGE ( 'NONE', *, *, #9759, .F. ) ;
#11594 = AXIS2_PLACEMENT_3D ( 'NONE', #11961, #10639, #5854 ) ;
#11595 = DIRECTION ( 'NONE',  ( 0.000000000000000000, -1.000000000000000000, 0.000000000000000000 ) ) ;
#11596 = DIRECTION ( 'NONE',  ( 8.195446571860579663E-34, -1.000000000000000000, 0.000000000000000000 ) ) ;
#11597 = DIRECTION ( 'NONE',  ( -0.7071067811865471286, -0.7071067811865479058, 2.019151824439012808E-16 ) ) ;
#11598 = CARTESIAN_POINT ( 'NONE',  ( 43.50000000000014921, 0.5000000000000125455, 58.59999999999996589 ) ) ;
#11599 = ORIENTED_EDGE ( 'NONE', *, *, #10757, .T. ) ;
#11600 = CARTESIAN_POINT ( 'NONE',  ( 42.00000000000013500, 0.5000000000000125455, 58.59999999999996589 ) ) ;
#11601 = ORIENTED_EDGE ( 'NONE', *, *, #4570, .F. ) ;
#11602 = LINE ( 'NONE', #6031, #3318 ) ;
#11603 = LINE ( 'NONE', #8023, #3362 ) ;
#11604 = VECTOR ( 'NONE', #11027, 1000.000000000000000 ) ;
#11605 = PLANE ( 'NONE',  #8808 ) ;
#11606 = DIRECTION ( 'NONE',  ( 0.000000000000000000, 0.000000000000000000, -1.000000000000000000 ) ) ;
#11607 = ORIENTED_EDGE ( 'NONE', *, *, #4952, .T. ) ;
#11608 = ORIENTED_EDGE ( 'NONE', *, *, #5876, .T. ) ;
#11609 = ADVANCED_FACE ( 'NONE', ( #251 ), #360, .T. ) ;
#11610 = CARTESIAN_POINT ( 'NONE',  ( 22.50000000000013500, 0.5000000000000195399, 8.500000000000014211 ) ) ;
#11611 = VECTOR ( 'NONE', #4661, 1000.000000000000000 ) ;
#11612 = VERTEX_POINT ( 'NONE', #3256 ) ;
#11613 = EDGE_CURVE ( 'NONE', #11765, #9247, #517, .T. ) ;
#11614 = DIRECTION ( 'NONE',  ( 2.855511894612032274E-16, 0.000000000000000000, -1.000000000000000000 ) ) ;
#11615 = LINE ( 'NONE', #2380, #11678 ) ;
#11616 = DIRECTION ( 'NONE',  ( 1.000000000000000000, 8.195446571860577953E-34, 0.000000000000000000 ) ) ;
#11617 = EDGE_LOOP ( 'NONE', ( #6752, #10884, #10411 ) ) ;
#11618 = DIRECTION ( 'NONE',  ( 1.746864669952625296E-32, -1.521687259628777275E-16, -1.000000000000000000 ) ) ;
#11619 = ORIENTED_EDGE ( 'NONE', *, *, #5180, .T. ) ;
#11620 = ORIENTED_EDGE ( 'NONE', *, *, #11385, .F. ) ;
#11621 = AXIS2_PLACEMENT_3D ( 'NONE', #4945, #5207, #4370 ) ;
#11622 = FACE_OUTER_BOUND ( 'NONE', #1932, .T. ) ;
#11623 = VERTEX_POINT ( 'NONE', #2175 ) ;
#11624 = DIRECTION ( 'NONE',  ( -1.000000000000000000, 0.000000000000000000, 0.000000000000000000 ) ) ;
#11625 = DIRECTION ( 'NONE',  ( -1.000000000000000000, -6.938893903907228378E-15, 0.000000000000000000 ) ) ;
#11626 = DIRECTION ( 'NONE',  ( 0.000000000000000000, 0.000000000000000000, -1.000000000000000000 ) ) ;
#11627 = EDGE_LOOP ( 'NONE', ( #10339, #5735, #10536, #11780 ) ) ;
#11628 = CIRCLE ( 'NONE', #1569, 2.000000000000029310 ) ;
#11629 = CARTESIAN_POINT ( 'NONE',  ( 74.50000000000018474, 0.5000000000000195399, 10.00000000000003020 ) ) ;
#11630 = ORIENTED_EDGE ( 'NONE', *, *, #10242, .F. ) ;
#11631 = VERTEX_POINT ( 'NONE', #6850 ) ;
#11632 = DIRECTION ( 'NONE',  ( -4.625929269271484533E-15, 1.000000000000000000, -0.000000000000000000 ) ) ;
#11633 = CARTESIAN_POINT ( 'NONE',  ( 106.0000000000000284, 12.49999999999999289, -10.00000000000000000 ) ) ;
#11634 = ORIENTED_EDGE ( 'NONE', *, *, #11853, .T. ) ;
#11635 = ADVANCED_FACE ( 'NONE', ( #4495 ), #4419, .F. ) ;
#11636 = DIRECTION ( 'NONE',  ( 1.000000000000000000, -1.156482317317871133E-15, 0.000000000000000000 ) ) ;
#11637 = DIRECTION ( 'NONE',  ( 0.5773502691896342798, -0.5773502691896250649, -0.5773502691896180705 ) ) ;
#11638 = CARTESIAN_POINT ( 'NONE',  ( 82.50000000000018474, 2.499999999999976907, 58.59999999999996589 ) ) ;
#11639 = EDGE_CURVE ( 'NONE', #5245, #4161, #185, .T. ) ;
#11640 = ORIENTED_EDGE ( 'NONE', *, *, #7967, .F. ) ;
#11641 = DIRECTION ( 'NONE',  ( 0.000000000000000000, 0.000000000000000000, 1.000000000000000000 ) ) ;
#11642 = EDGE_CURVE ( 'NONE', #941, #3456, #4701, .T. ) ;
#11643 = LINE ( 'NONE', #8229, #11662 ) ;
#11644 = FACE_OUTER_BOUND ( 'NONE', #7475, .T. ) ;
#11645 = AXIS2_PLACEMENT_3D ( 'NONE', #11086, #6541, #7357 ) ;
#11646 = ORIENTED_EDGE ( 'NONE', *, *, #8452, .F. ) ;
#11647 = LINE ( 'NONE', #11955, #11498 ) ;
#11648 = CIRCLE ( 'NONE', #2143, 1.500000000000095035 ) ;
#11649 = AXIS2_PLACEMENT_3D ( 'NONE', #7790, #3924, #5608 ) ;
#11650 = CARTESIAN_POINT ( 'NONE',  ( 110.6464466094067518, 10.14644660940673404, -10.00000000000000000 ) ) ;
#11651 = DIRECTION ( 'NONE',  ( 0.7071067811865523467, -0.7071067811865426878, 1.009575912219513923E-16 ) ) ;
#11652 = LINE ( 'NONE', #1039, #11611 ) ;
#11653 = CARTESIAN_POINT ( 'NONE',  ( 81.00000000000018474, 3.000000000000000000, 58.59999999999996589 ) ) ;
#11654 = ORIENTED_EDGE ( 'NONE', *, *, #11385, .T. ) ;
#11655 = FACE_OUTER_BOUND ( 'NONE', #8241, .T. ) ;
#11656 = ORIENTED_EDGE ( 'NONE', *, *, #7612, .F. ) ;
#11657 = ADVANCED_FACE ( 'NONE', ( #578 ), #8550, .F. ) ;
#11658 = ORIENTED_EDGE ( 'NONE', *, *, #9591, .T. ) ;
#11659 = EDGE_CURVE ( 'NONE', #3602, #11016, #4717, .T. ) ;
#11660 = CARTESIAN_POINT ( 'NONE',  ( 74.50000000000017053, 3.000000000000000000, 58.59999999999996589 ) ) ;
#11661 = CARTESIAN_POINT ( 'NONE',  ( 81.00000000000019895, -2.909383533010489060E-32, 10.00000000000003020 ) ) ;
#11662 = VECTOR ( 'NONE', #5098, 1000.000000000000000 ) ;
#11663 = VECTOR ( 'NONE', #8029, 1000.000000000000000 ) ;
#11664 = DIRECTION ( 'NONE',  ( -8.806608341976233622E-17, -0.7071067811865420216, -0.7071067811865530128 ) ) ;
#11665 = VERTEX_POINT ( 'NONE', #6034 ) ;
#11666 = EDGE_CURVE ( 'NONE', #3945, #11765, #8842, .T. ) ;
#11667 = VECTOR ( 'NONE', #9672, 1000.000000000000114 ) ;
#11668 = CARTESIAN_POINT ( 'NONE',  ( 29.00000000000014211, 0.4999999999999848455, 10.00000000000003020 ) ) ;
#11669 = ORIENTED_EDGE ( 'NONE', *, *, #11691, .T. ) ;
#11670 = VERTEX_POINT ( 'NONE', #8062 ) ;
#11671 = CARTESIAN_POINT ( 'NONE',  ( 105.5000000000000142, 12.49999999999999289, -10.00000000000000000 ) ) ;
#11672 = AXIS2_PLACEMENT_3D ( 'NONE', #5599, #1806, #2799 ) ;
#11673 = EDGE_LOOP ( 'NONE', ( #691, #7768, #3483, #4053 ) ) ;
#11674 = ORIENTED_EDGE ( 'NONE', *, *, #5820, .T. ) ;
#11675 = PLANE ( 'NONE',  #6818 ) ;
#11676 = CARTESIAN_POINT ( 'NONE',  ( 27.50000000000011013, 10.00000000000000000, 58.59999999999996589 ) ) ;
#11677 = DIRECTION ( 'NONE',  ( 0.000000000000000000, -1.000000000000000000, 0.000000000000000000 ) ) ;
#11678 = VECTOR ( 'NONE', #1501, 1000.000000000000000 ) ;
#11679 = CARTESIAN_POINT ( 'NONE',  ( 42.00000000000015632, 0.5000000000000125455, 10.00000000000003020 ) ) ;
#11680 = CARTESIAN_POINT ( 'NONE',  ( 4.499999999999975131, 35.49999999999998579, 44.59999999999998721 ) ) ;
#11681 = ORIENTED_EDGE ( 'NONE', *, *, #11053, .F. ) ;
#11682 = ORIENTED_EDGE ( 'NONE', *, *, #11151, .T. ) ;
#11683 = FACE_OUTER_BOUND ( 'NONE', #8539, .T. ) ;
#11684 = DIRECTION ( 'NONE',  ( 0.000000000000000000, 0.000000000000000000, 1.000000000000000000 ) ) ;
#11685 = PLANE ( 'NONE',  #346 ) ;
#11686 = ORIENTED_EDGE ( 'NONE', *, *, #11588, .T. ) ;
#11687 = ORIENTED_EDGE ( 'NONE', *, *, #12273, .T. ) ;
#11688 = ADVANCED_FACE ( 'NONE', ( #8633 ), #10913, .T. ) ;
#11689 = DIRECTION ( 'NONE',  ( -0.000000000000000000, 1.000000000000000000, 0.000000000000000000 ) ) ;
#11690 = CARTESIAN_POINT ( 'NONE',  ( 66.50000000000018474, 0.4999999999999917843, 10.00000000000003020 ) ) ;
#11691 = EDGE_CURVE ( 'NONE', #9540, #377, #4535, .T. ) ;
#11692 = ORIENTED_EDGE ( 'NONE', *, *, #8644, .T. ) ;
#11693 = CARTESIAN_POINT ( 'NONE',  ( 110.0000000000000142, 8.499999999999989342, -10.00000000000000000 ) ) ;
#11694 = VERTEX_POINT ( 'NONE', #1133 ) ;
#11695 = AXIS2_PLACEMENT_3D ( 'NONE', #3558, #7371, #8310 ) ;
#11696 = DIRECTION ( 'NONE',  ( -8.195446571860579663E-34, 1.000000000000000000, -0.000000000000000000 ) ) ;
#11697 = CARTESIAN_POINT ( 'NONE',  ( 7.000000000000006217, 6.000000000000012434, 69.09999999999999432 ) ) ;
#11698 = ORIENTED_EDGE ( 'NONE', *, *, #1176, .T. ) ;
#11699 = CARTESIAN_POINT ( 'NONE',  ( -0.9999999999999972244, 36.00000000000176925, 11.29289321887694975 ) ) ;
#11700 = CYLINDRICAL_SURFACE ( 'NONE', #4315, 1.700000000000000178 ) ;
#11701 = DIRECTION ( 'NONE',  ( -1.000000000000000000, -1.141265444721583018E-16, -0.000000000000000000 ) ) ;
#11702 = CARTESIAN_POINT ( 'NONE',  ( 92.50000000000021316, 10.00000000000000000, 10.00000000000003020 ) ) ;
#11703 = VECTOR ( 'NONE', #2176, 999.9999999999998863 ) ;
#11704 = CARTESIAN_POINT ( 'NONE',  ( 40.00000000000011369, 3.000000000000000000, 58.59999999999996589 ) ) ;
#11705 = AXIS2_PLACEMENT_3D ( 'NONE', #4337, #5262, #6228 ) ;
#11706 = EDGE_LOOP ( 'NONE', ( #9482, #7415, #8720, #7331 ) ) ;
#11708 = CARTESIAN_POINT ( 'NONE',  ( 106.0000000000000284, 4.999999999999999112, 0.000000000000000000 ) ) ;
#11707 = DIRECTION ( 'NONE',  ( -0.7071067811865426878, -0.7071067811865524577, 0.000000000000000000 ) ) ;
#11710 = ORIENTED_EDGE ( 'NONE', *, *, #2688, .F. ) ;
#11709 = LINE ( 'NONE', #7159, #7518 ) ;
#11711 = FACE_OUTER_BOUND ( 'NONE', #227, .T. ) ;
#11712 = DIRECTION ( 'NONE',  ( -0.7071067811865414665, 0.7071067811865536790, 0.000000000000000000 ) ) ;
#11713 = ORIENTED_EDGE ( 'NONE', *, *, #1525, .F. ) ;
#11714 = EDGE_CURVE ( 'NONE', #10717, #10891, #9037, .T. ) ;
#11715 = VECTOR ( 'NONE', #9551, 1000.000000000000000 ) ;
#11716 = CARTESIAN_POINT ( 'NONE',  ( 48.50000000000017053, 0.5000000000000195399, 10.00000000000003020 ) ) ;
#11717 = DIRECTION ( 'NONE',  ( 0.7071067811865439090, 0.7071067811865512365, 0.000000000000000000 ) ) ;
#11718 = LINE ( 'NONE', #9570, #8049 ) ;
#11719 = ORIENTED_EDGE ( 'NONE', *, *, #10649, .T. ) ;
#11720 = ADVANCED_FACE ( 'NONE', ( #8973 ), #7195, .F. ) ;
#11721 = EDGE_CURVE ( 'NONE', #10881, #10969, #830, .T. ) ;
#11722 = PLANE ( 'NONE',  #5019 ) ;
#11723 = CARTESIAN_POINT ( 'NONE',  ( -0.9999999999999933387, 2.000000000000029310, 69.09999999999996589 ) ) ;
#11724 = CARTESIAN_POINT ( 'NONE',  ( 3.000000000000004441, 22.85000000000002629, 44.75000000006293988 ) ) ;
#11725 = CARTESIAN_POINT ( 'NONE',  ( 22.50000000000013500, 3.000000000000000000, 10.00000000000003020 ) ) ;
#11726 = VERTEX_POINT ( 'NONE', #8752 ) ;
#11727 = DIRECTION ( 'NONE',  ( 0.000000000000000000, 0.000000000000000000, -1.000000000000000000 ) ) ;
#11728 = DIRECTION ( 'NONE',  ( 0.000000000000000000, -1.000000000000000000, 0.000000000000000000 ) ) ;
#11729 = EDGE_CURVE ( 'NONE', #1997, #9599, #618, .T. ) ;
#11730 = EDGE_CURVE ( 'NONE', #6397, #12106, #873, .T. ) ;
#11731 = CONICAL_SURFACE ( 'NONE', #9145, 2.000000000000036415, 0.7853981633974396193 ) ;
#11732 = LINE ( 'NONE', #8794, #3294 ) ;
#11733 = CIRCLE ( 'NONE', #2430, 1.500000000000022204 ) ;
#11734 = ORIENTED_EDGE ( 'NONE', *, *, #5040, .F. ) ;
#11735 = AXIS2_PLACEMENT_3D ( 'NONE', #9975, #316, #8924 ) ;
#11736 = DIRECTION ( 'NONE',  ( -8.195446571860579663E-34, 1.000000000000000000, -0.000000000000000000 ) ) ;
#11737 = VECTOR ( 'NONE', #386, 1000.000000000000000 ) ;
#11738 = CARTESIAN_POINT ( 'NONE',  ( 61.50000000000015632, 0.5000000000000125455, 58.59999999999996589 ) ) ;
#11739 = ORIENTED_EDGE ( 'NONE', *, *, #3861, .F. ) ;
#11740 = ADVANCED_FACE ( 'NONE', ( #737 ), #5576, .T. ) ;
#11741 = CARTESIAN_POINT ( 'NONE',  ( 63.50000000000018474, -4.343586683086091193E-32, 10.00000000000003020 ) ) ;
#11742 = DIRECTION ( 'NONE',  ( -0.000000000000000000, 0.000000000000000000, -1.000000000000000000 ) ) ;
#11743 = DIRECTION ( 'NONE',  ( -2.855511894612032274E-16, 0.000000000000000000, -1.000000000000000000 ) ) ;
#11744 = ORIENTED_EDGE ( 'NONE', *, *, #6239, .F. ) ;
#11746 = ORIENTED_EDGE ( 'NONE', *, *, #8233, .F. ) ;
#11745 = LINE ( 'NONE', #8134, #7927 ) ;
#11747 = CARTESIAN_POINT ( 'NONE',  ( 6.000000000000000888, 59.49999999999999289, -9.499999999999996447 ) ) ;
#11748 = DIRECTION ( 'NONE',  ( 0.000000000000000000, 0.000000000000000000, -1.000000000000000000 ) ) ;
#11749 = EDGE_CURVE ( 'NONE', #3996, #3180, #9279, .T. ) ;
#11750 = LINE ( 'NONE', #9067, #11983 ) ;
#11751 = ORIENTED_EDGE ( 'NONE', *, *, #620, .F. ) ;
#11752 = DIRECTION ( 'NONE',  ( -0.2810846377148026320, -0.6785983445458531049, -0.6785983445458483310 ) ) ;
#11753 = FACE_OUTER_BOUND ( 'NONE', #10430, .T. ) ;
#11754 = DIRECTION ( 'NONE',  ( 1.427755947306016137E-16, 0.000000000000000000, 1.000000000000000000 ) ) ;
#11755 = FACE_OUTER_BOUND ( 'NONE', #3660, .T. ) ;
#11756 = VECTOR ( 'NONE', #4670, 1000.000000000000000 ) ;
#11757 = EDGE_CURVE ( 'NONE', #3568, #3456, #661, .T. ) ;
#11758 = AXIS2_PLACEMENT_3D ( 'NONE', #11973, #3253, #4400 ) ;
#11759 = EDGE_LOOP ( 'NONE', ( #777, #5868, #4803, #9064 ) ) ;
#11760 = CARTESIAN_POINT ( 'NONE',  ( 95.50000000000021316, 0.5000000000000195399, 10.00000000000003020 ) ) ;
#11761 = CARTESIAN_POINT ( 'NONE',  ( -0.5000000000000264233, 20.00000000000002132, 5.750000000064023453 ) ) ;
#11762 = VERTEX_POINT ( 'NONE', #9615 ) ;
#11763 = DIRECTION ( 'NONE',  ( -0.000000000000000000, 0.000000000000000000, 1.000000000000000000 ) ) ;
#11764 = ORIENTED_EDGE ( 'NONE', *, *, #9622, .F. ) ;
#11765 = VERTEX_POINT ( 'NONE', #140 ) ;
#11766 = CARTESIAN_POINT ( 'NONE',  ( 100.5000000000002274, -1.311271451497673040E-32, 10.00000000000003020 ) ) ;
#11767 = PLANE ( 'NONE',  #4188 ) ;
#11768 = CARTESIAN_POINT ( 'NONE',  ( 53.50000000000014211, 10.00000000000000000, 58.59999999999996589 ) ) ;
#11769 = ADVANCED_FACE ( 'NONE', ( #5082 ), #1559, .T. ) ;
#11770 = CARTESIAN_POINT ( 'NONE',  ( 4.650076385424642744, 8.633231486102097563, 14.65007638548825319 ) ) ;
#11771 = VERTEX_POINT ( 'NONE', #8853 ) ;
#11772 = DIRECTION ( 'NONE',  ( 1.000000000000000000, 8.195446571860586505E-34, 0.000000000000000000 ) ) ;
#11773 = VECTOR ( 'NONE', #284, 1000.000000000000000 ) ;
#11774 = PLANE ( 'NONE',  #9876 ) ;
#11775 = VERTEX_POINT ( 'NONE', #11922 ) ;
#11776 = LINE ( 'NONE', #179, #7409 ) ;
#11777 = PERSON_AND_ORGANIZATION_ROLE ( 'design_owner' ) ;
#11778 = CARTESIAN_POINT ( 'NONE',  ( 21.00000000000010303, 0.5000000000000195399, 58.59999999999996589 ) ) ;
#11779 = CARTESIAN_POINT ( 'NONE',  ( 9.000000000000005329, 22.95000000000001705, 38.40000000006349268 ) ) ;
#11780 = ORIENTED_EDGE ( 'NONE', *, *, #8350, .F. ) ;
#11781 = CARTESIAN_POINT ( 'NONE',  ( 59.50000000000014211, -4.671404545960516775E-32, 58.59999999999996589 ) ) ;
#11782 = DIRECTION ( 'NONE',  ( -1.000000000000000000, 0.000000000000000000, 0.000000000000000000 ) ) ;
#11783 = EDGE_CURVE ( 'NONE', #12303, #605, #984, .T. ) ;
#11784 = AXIS2_PLACEMENT_3D ( 'NONE', #5839, #337, #3230 ) ;
#11785 = ORIENTED_EDGE ( 'NONE', *, *, #11914, .T. ) ;
#11786 = CARTESIAN_POINT ( 'NONE',  ( 0.5000000000000004441, 35.49999999999998579, 44.59999999999998721 ) ) ;
#11787 = CIRCLE ( 'NONE', #1129, 1.500000000000008216 ) ;
#11788 = DIRECTION ( 'NONE',  ( -2.855511894612032274E-16, -2.340219516760528775E-49, 1.000000000000000000 ) ) ;
#11789 = EDGE_LOOP ( 'NONE', ( #6247, #5555, #9800, #12014, #9872 ) ) ;
#11790 = LINE ( 'NONE', #3257, #7700 ) ;
#11791 = DIRECTION ( 'NONE',  ( -1.000000000000000000, -1.147978770867005115E-16, -0.000000000000000000 ) ) ;
#11792 = DIRECTION ( 'NONE',  ( 0.000000000000000000, 0.000000000000000000, -1.000000000000000000 ) ) ;
#11793 = ORIENTED_EDGE ( 'NONE', *, *, #291, .F. ) ;
#11794 = FACE_OUTER_BOUND ( 'NONE', #12276, .T. ) ;
#11795 = CARTESIAN_POINT ( 'NONE',  ( 104.5000000000000142, 13.00000000000000000, 2.000000000000001776 ) ) ;
#11796 = ADVANCED_FACE ( 'NONE', ( #5113 ), #5182, .F. ) ;
#11797 = VECTOR ( 'NONE', #3787, 1000.000000000000000 ) ;
#11798 = ORIENTED_EDGE ( 'NONE', *, *, #6536, .F. ) ;
#11799 = DIRECTION ( 'NONE',  ( 0.7071067811865512365, -0.7071067811865439090, 0.000000000000000000 ) ) ;
#11800 = EDGE_CURVE ( 'NONE', #12288, #2841, #5205, .T. ) ;
#11801 = ORIENTED_EDGE ( 'NONE', *, *, #10044, .F. ) ;
#11802 = DIRECTION ( 'NONE',  ( 0.000000000000000000, 0.000000000000000000, 1.000000000000000000 ) ) ;
#11803 = DIRECTION ( 'NONE',  ( -0.000000000000000000, 1.000000000000000000, -0.000000000000000000 ) ) ;
#11804 = CARTESIAN_POINT ( 'NONE',  ( 86.00000000000019895, 0.5000000000000195399, 10.00000000000003020 ) ) ;
#11805 = CALENDAR_DATE ( 2023, 22, 2 ) ;
#11806 = ORIENTED_EDGE ( 'NONE', *, *, #2940, .F. ) ;
#11807 = CARTESIAN_POINT ( 'NONE',  ( -0.4999999999999970024, 48.99999999999997868, 64.59999999999999432 ) ) ;
#11808 = EDGE_CURVE ( 'NONE', #9388, #4646, #9524, .T. ) ;
#11809 = DIRECTION ( 'NONE',  ( -0.000000000000000000, 1.000000000000000000, -0.000000000000000000 ) ) ;
#11810 = EDGE_CURVE ( 'NONE', #6169, #4051, #1478, .T. ) ;
#11811 = ORIENTED_EDGE ( 'NONE', *, *, #6040, .T. ) ;
#11812 = ORIENTED_EDGE ( 'NONE', *, *, #9169, .T. ) ;
#11813 = DIRECTION ( 'NONE',  ( 1.000000000000000000, -1.156482317317871133E-15, 0.000000000000000000 ) ) ;
#11814 = AXIS2_PLACEMENT_3D ( 'NONE', #438, #9057, #10565 ) ;
#11815 = CIRCLE ( 'NONE', #370, 1.500000000000095035 ) ;
#11816 = DIRECTION ( 'NONE',  ( 0.7071067811865474617, -0.7071067811865474617, 0.000000000000000000 ) ) ;
#11817 = CONICAL_SURFACE ( 'NONE', #581, 1.500000000000029088, 0.7853981633974430610 ) ;
#11818 = FACE_OUTER_BOUND ( 'NONE', #2742, .T. ) ;
#11819 = VECTOR ( 'NONE', #6763, 1000.000000000000000 ) ;
#11820 = ORIENTED_EDGE ( 'NONE', *, *, #1691, .T. ) ;
#11821 = EDGE_LOOP ( 'NONE', ( #3311, #7115, #1835, #8754, #8324 ) ) ;
#11822 = DIRECTION ( 'NONE',  ( -0.6785983445458405594, -0.6785983445458605434, 0.2810846377148034647 ) ) ;
#11823 = ADVANCED_FACE ( 'NONE', ( #1084 ), #10952, .T. ) ;
#11824 = CIRCLE ( 'NONE', #5427, 2.000000000000029310 ) ;
#11825 = CARTESIAN_POINT ( 'NONE',  ( 60.00000000000013500, 0.5000000000000125455, 10.00000000000003020 ) ) ;
#11826 = EDGE_CURVE ( 'NONE', #9284, #8938, #5359, .T. ) ;
#11827 = ORIENTED_EDGE ( 'NONE', *, *, #2310, .F. ) ;
#11828 = VERTEX_POINT ( 'NONE', #2301 ) ;
#11829 = ORIENTED_EDGE ( 'NONE', *, *, #4549, .T. ) ;
#11831 = VECTOR ( 'NONE', #4665, 1000.000000000000000 ) ;
#11830 = CARTESIAN_POINT ( 'NONE',  ( 5.000000000000002665, 33.70710678118832959, 38.50000000006348699 ) ) ;
#11832 = VERTEX_POINT ( 'NONE', #5977 ) ;
#11833 = EDGE_CURVE ( 'NONE', #2056, #4889, #1064, .T. ) ;
#11834 = DIRECTION ( 'NONE',  ( 8.195446571860579663E-34, -1.000000000000000000, -0.000000000000000000 ) ) ;
#11835 = CARTESIAN_POINT ( 'NONE',  ( 3.000000000000004441, 22.85000000000002629, 44.75000000006293988 ) ) ;
#11836 = VECTOR ( 'NONE', #10722, 1000.000000000000000 ) ;
#11837 = CARTESIAN_POINT ( 'NONE',  ( 95.50000000000019895, 2.499999999999976907, 58.59999999999996589 ) ) ;
#11838 = DIRECTION ( 'NONE',  ( 0.000000000000000000, -1.000000000000000000, 0.000000000000000000 ) ) ;
#11839 = CIRCLE ( 'NONE', #1223, 1.500000000000015099 ) ;
#11840 = AXIS2_PLACEMENT_3D ( 'NONE', #9747, #1202, #4113 ) ;
#11841 = EDGE_LOOP ( 'NONE', ( #8020, #12285, #3865, #1809 ) ) ;
#11842 = VERTEX_POINT ( 'NONE', #3111 ) ;
#11843 = EDGE_LOOP ( 'NONE', ( #5612, #7123, #6448, #5840 ) ) ;
#11844 = EDGE_CURVE ( 'NONE', #5482, #11916, #9442, .T. ) ;
#11845 = ORIENTED_EDGE ( 'NONE', *, *, #2335, .T. ) ;
#11846 = CARTESIAN_POINT ( 'NONE',  ( 18.00000000000019540, -8.072514873282653238E-32, 10.00000000000003020 ) ) ;
#11847 = ORIENTED_EDGE ( 'NONE', *, *, #988, .T. ) ;
#11848 = ADVANCED_FACE ( 'NONE', ( #5467 ), #7220, .T. ) ;
#11849 = EDGE_LOOP ( 'NONE', ( #11734, #6264, #7785, #6439 ) ) ;
#11850 = DIRECTION ( 'NONE',  ( -1.000000000000000000, -1.147978770867005115E-16, -0.000000000000000000 ) ) ;
#11851 = DIRECTION ( 'NONE',  ( 0.000000000000000000, 0.000000000000000000, -1.000000000000000000 ) ) ;
#11852 = CARTESIAN_POINT ( 'NONE',  ( 0.000000000000000000, 59.99999999999998579, -9.499999999999996447 ) ) ;
#11853 = EDGE_CURVE ( 'NONE', #6736, #3440, #5253, .T. ) ;
#11854 = CARTESIAN_POINT ( 'NONE',  ( 74.50000000000018474, 0.5000000000000195399, 10.00000000000003020 ) ) ;
#11855 = ORIENTED_EDGE ( 'NONE', *, *, #2105, .T. ) ;
#11856 = PLANE ( 'NONE',  #9491 ) ;
#11857 = CIRCLE ( 'NONE', #2624, 1.500000000000001332 ) ;
#11858 = DIRECTION ( 'NONE',  ( 0.7071067811865558994, -0.7071067811865391350, 2.019151824439037953E-16 ) ) ;
#11859 = LINE ( 'NONE', #4977, #12107 ) ;
#11860 = AXIS2_PLACEMENT_3D ( 'NONE', #916, #1850, #2856 ) ;
#11861 = DIRECTION ( 'NONE',  ( -0.000000000000000000, -0.000000000000000000, -1.000000000000000000 ) ) ;
#11862 = CARTESIAN_POINT ( 'NONE',  ( 34.00000000000010658, 0.5000000000000125455, 58.59999999999996589 ) ) ;
#11863 = ORIENTED_EDGE ( 'NONE', *, *, #10328, .F. ) ;
#11864 = DIRECTION ( 'NONE',  ( 1.000000000000000000, 8.195446571860565979E-34, 0.000000000000000000 ) ) ;
#11865 = DIRECTION ( 'NONE',  ( -8.117435735382576289E-17, 0.7071067811865479058, -0.7071067811865472397 ) ) ;
#11866 = APPROVAL_DATE_TIME ( #7306, #4164 ) ;
#11867 = ORIENTED_EDGE ( 'NONE', *, *, #6498, .F. ) ;
#11868 = ORIENTED_EDGE ( 'NONE', *, *, #10768, .T. ) ;
#11869 = AXIS2_PLACEMENT_3D ( 'NONE', #8151, #11179, #8905 ) ;
#11870 = EDGE_CURVE ( 'NONE', #11008, #12225, #1225, .T. ) ;
#11871 = ADVANCED_FACE ( 'NONE', ( #1405 ), #5342, .F. ) ;
#11872 = DIRECTION ( 'NONE',  ( 0.000000000000000000, 0.000000000000000000, -1.000000000000000000 ) ) ;
#11873 = ORIENTED_EDGE ( 'NONE', *, *, #10362, .T. ) ;
#11874 = FACE_BOUND ( 'NONE', #1625, .T. ) ;
#11875 = DIRECTION ( 'NONE',  ( 0.000000000000000000, -1.000000000000000000, 0.000000000000000000 ) ) ;
#11876 = EDGE_CURVE ( 'NONE', #2750, #256, #5391, .T. ) ;
#11877 = DIRECTION ( 'NONE',  ( 0.000000000000000000, 0.000000000000000000, 1.000000000000000000 ) ) ;
#11878 = ORIENTED_EDGE ( 'NONE', *, *, #1276, .T. ) ;
#11880 = DIRECTION ( 'NONE',  ( -1.124357808503486235E-16, 1.000000000000000000, 0.000000000000000000 ) ) ;
#11879 = DIRECTION ( 'NONE',  ( 0.6785983445458284580, 0.2810846377148411568, 0.6785983445458571017 ) ) ;
#11881 = CIRCLE ( 'NONE', #8778, 1.500000000000001332 ) ;
#11882 = CARTESIAN_POINT ( 'NONE',  ( 55.00000000000015632, 0.4999999999999848455, 58.59999999999996589 ) ) ;
#11883 = EDGE_CURVE ( 'NONE', #6872, #10367, #1495, .T. ) ;
#11884 = DIRECTION ( 'NONE',  ( 0.000000000000000000, 0.000000000000000000, -1.000000000000000000 ) ) ;
#11885 = ORIENTED_EDGE ( 'NONE', *, *, #9009, .F. ) ;
#11886 = PLANE ( 'NONE',  #6543 ) ;
#11887 = CARTESIAN_POINT ( 'NONE',  ( 1.000000000000006217, 18.30000000000172733, 41.75000000006208012 ) ) ;
#11888 = CARTESIAN_POINT ( 'NONE',  ( 7.000000000000006217, 6.000000000000012434, 66.59999999999999432 ) ) ;
#11889 = VERTEX_POINT ( 'NONE', #2272 ) ;
#11890 = DIRECTION ( 'NONE',  ( -0.7071067811865414665, 0.7071067811865536790, 0.000000000000000000 ) ) ;
#11891 = DIRECTION ( 'NONE',  ( -0.7071067811865419106, -0.7071067811865531239, 9.185433182841209376E-17 ) ) ;
#11892 = CARTESIAN_POINT ( 'NONE',  ( 24.00000000000012790, 10.00000000000000000, 10.00000000000003020 ) ) ;
#11893 = DIRECTION ( 'NONE',  ( 1.147978770867005115E-16, -1.000000000000000000, 0.000000000000000000 ) ) ;
#11894 = AXIS2_PLACEMENT_3D ( 'NONE', #9506, #976, #1896 ) ;
#11895 = CONICAL_SURFACE ( 'NONE', #9050, 2.000000000000029310, 0.7853981633974396193 ) ;
#11896 = LINE ( 'NONE', #1134, #11703 ) ;
#11897 = DIRECTION ( 'NONE',  ( 0.000000000000000000, 0.000000000000000000, 1.000000000000000000 ) ) ;
#11898 = LINE ( 'NONE', #9758, #3470 ) ;
#11899 = ORIENTED_EDGE ( 'NONE', *, *, #1634, .F. ) ;
#11900 = LINE ( 'NONE', #7449, #7800 ) ;
#11901 = ADVANCED_FACE ( 'NONE', ( #5875 ), #5723, .F. ) ;
#11902 = VECTOR ( 'NONE', #437, 1000.000000000000000 ) ;
#11903 = CIRCLE ( 'NONE', #4021, 1.999999999999988010 ) ;
#11904 = ORIENTED_EDGE ( 'NONE', *, *, #4296, .T. ) ;
#11905 = PLANE ( 'NONE',  #61 ) ;
#11906 = CARTESIAN_POINT ( 'NONE',  ( 115.4672735772880259, 2.427769290508345890, 70.13272642271198265 ) ) ;
#11907 = CARTESIAN_POINT ( 'NONE',  ( 116.5000000000000000, 8.499999999999996447, -10.00000000000000000 ) ) ;
#11908 = ORIENTED_EDGE ( 'NONE', *, *, #9329, .T. ) ;
#11909 = EDGE_LOOP ( 'NONE', ( #3124, #852, #539, #11544 ) ) ;
#11910 = DIRECTION ( 'NONE',  ( 0.7071067811865439090, -0.7071067811865512365, 0.000000000000000000 ) ) ;
#11911 = EDGE_CURVE ( 'NONE', #4198, #211, #9765, .T. ) ;
#11912 = DIRECTION ( 'NONE',  ( -0.09950371902099899857, 0.9950371902099890420, 0.000000000000000000 ) ) ;
#11913 = VECTOR ( 'NONE', #11040, 1000.000000000000000 ) ;
#11914 = EDGE_CURVE ( 'NONE', #2824, #11238, #9852, .T. ) ;
#11915 = CARTESIAN_POINT ( 'NONE',  ( 98.50000000000015632, 3.000000000000000000, -122.9712352769500825 ) ) ;
#11916 = VERTEX_POINT ( 'NONE', #4226 ) ;
#11917 = ORIENTED_EDGE ( 'NONE', *, *, #11337, .F. ) ;
#11918 = VERTEX_POINT ( 'NONE', #1216 ) ;
#11919 = CARTESIAN_POINT ( 'NONE',  ( 1.999999999999896749, 56.00000000000004974, 22.75000000000000000 ) ) ;
#11920 = AXIS2_PLACEMENT_3D ( 'NONE', #687, #11415, #10262 ) ;
#11921 = DIRECTION ( 'NONE',  ( 0.000000000000000000, 0.000000000000000000, 1.000000000000000000 ) ) ;
#11922 = CARTESIAN_POINT ( 'NONE',  ( 3.000000000000006661, 22.95000000000000284, 9.100000000063497296 ) ) ;
#11923 = LINE ( 'NONE', #762, #3358 ) ;
#11924 = ORIENTED_EDGE ( 'NONE', *, *, #2294, .F. ) ;
#11925 = CARTESIAN_POINT ( 'NONE',  ( 86.00000000000019895, 2.499999999999976907, 10.00000000000003020 ) ) ;
#11926 = CARTESIAN_POINT ( 'NONE',  ( -0.5000000000000213163, 6.500000000001787015, 9.500000000063494099 ) ) ;
#11927 = VECTOR ( 'NONE', #2001, 1000.000000000000000 ) ;
#11928 = CARTESIAN_POINT ( 'NONE',  ( 5.000000000000000888, 50.50000000000000711, 9.000000000063485217 ) ) ;
#11929 = VECTOR ( 'NONE', #7299, 1000.000000000000000 ) ;
#11930 = ORIENTED_EDGE ( 'NONE', *, *, #4446, .T. ) ;
#11931 = ORIENTED_EDGE ( 'NONE', *, *, #3786, .F. ) ;
#11932 = CARTESIAN_POINT ( 'NONE',  ( 106.0000000000000142, 13.00000000000000000, -10.00000000000000000 ) ) ;
#11933 = DIRECTION ( 'NONE',  ( 1.000000000000000000, 8.195446571860577953E-34, 0.000000000000000000 ) ) ;
#11934 = EDGE_CURVE ( 'NONE', #7057, #1030, #10119, .T. ) ;
#11935 = CARTESIAN_POINT ( 'NONE',  ( 7.000000000000000000, 53.50000000000000000, 69.09999999999999432 ) ) ;
#11936 = CARTESIAN_POINT ( 'NONE',  ( 42.00000000000013500, 3.000000000000000000, 58.59999999999996589 ) ) ;
#11937 = CARTESIAN_POINT ( 'NONE',  ( -0.9999999999999931166, -9.629649721936179265E-32, 69.09999999999998010 ) ) ;
#11938 = ORIENTED_EDGE ( 'NONE', *, *, #6417, .F. ) ;
#11939 = EDGE_CURVE ( 'NONE', #7503, #4455, #10018, .T. ) ;
#11940 = CIRCLE ( 'NONE', #3491, 1.500000000000001332 ) ;
#11941 = AXIS2_PLACEMENT_3D ( 'NONE', #9596, #3086, #5641 ) ;
#11942 = ORIENTED_EDGE ( 'NONE', *, *, #6008, .T. ) ;
#11943 = EDGE_LOOP ( 'NONE', ( #10827, #3467, #83, #847 ) ) ;
#11944 = LINE ( 'NONE', #6030, #3526 ) ;
#11945 = FACE_OUTER_BOUND ( 'NONE', #7853, .T. ) ;
#11946 = APPLICATION_PROTOCOL_DEFINITION ( 'international standard', 'config_control_design', 1994, #10981 ) ;
#11947 = AXIS2_PLACEMENT_3D ( 'NONE', #2181, #9949, #11727 ) ;
#11948 = ORIENTED_EDGE ( 'NONE', *, *, #12273, .F. ) ;
#11949 = PLANE ( 'NONE',  #10580 ) ;
#11950 = ORIENTED_EDGE ( 'NONE', *, *, #4174, .T. ) ;
#11951 = CARTESIAN_POINT ( 'NONE',  ( 110.5000000000000711, 1.500000000000059064, 72.09999999999999432 ) ) ;
#11952 = ADVANCED_FACE ( 'NONE', ( #1515 ), #5951, .F. ) ;
#11953 = VECTOR ( 'NONE', #2568, 1000.000000000000114 ) ;
#11954 = ORIENTED_EDGE ( 'NONE', *, *, #10998, .T. ) ;
#11955 = CARTESIAN_POINT ( 'NONE',  ( 102.0000000000002558, 0.5000000000000056621, 10.00000000000003020 ) ) ;
#11956 = ORIENTED_EDGE ( 'NONE', *, *, #8575, .T. ) ;
#11957 = CARTESIAN_POINT ( 'NONE',  ( 94.00000000000022737, 0.5000000000000195399, 8.500000000000014211 ) ) ;
#11958 = ORIENTED_EDGE ( 'NONE', *, *, #7051, .F. ) ;
#11959 = EDGE_CURVE ( 'NONE', #3072, #5504, #1841, .T. ) ;
#11960 = LINE ( 'NONE', #3751, #7861 ) ;
#11961 = CARTESIAN_POINT ( 'NONE',  ( 94.00000000000022737, 2.499999999999976907, 10.00000000000003020 ) ) ;
#11962 = VECTOR ( 'NONE', #10908, 1000.000000000000000 ) ;
#11963 = CARTESIAN_POINT ( 'NONE',  ( 3.000000000000004441, 22.85000000000002629, 38.00000000006347989 ) ) ;
#11964 = LINE ( 'NONE', #1553, #8145 ) ;
#11965 = EDGE_CURVE ( 'NONE', #9611, #10358, #5777, .T. ) ;
#11966 = AXIS2_PLACEMENT_3D ( 'NONE', #11600, #162, #1096 ) ;
#11967 = LINE ( 'NONE', #7113, #12154 ) ;
#11968 = EDGE_LOOP ( 'NONE', ( #8045, #10250, #4253 ) ) ;
#11969 = CARTESIAN_POINT ( 'NONE',  ( 48.50000000000014921, -5.572903668865179597E-32, 58.59999999999996589 ) ) ;
#11970 = CIRCLE ( 'NONE', #6293, 2.000000000000029310 ) ;
#11971 = VERTEX_POINT ( 'NONE', #6125 ) ;
#11972 = AXIS2_PLACEMENT_3D ( 'NONE', #564, #5618, #12252 ) ;
#11973 = CARTESIAN_POINT ( 'NONE',  ( 81.00000000000018474, 10.00000000000000000, 58.59999999999996589 ) ) ;
#11974 = CARTESIAN_POINT ( 'NONE',  ( 55.00000000000015632, 3.000000000000000000, 58.59999999999996589 ) ) ;
#11975 = ORIENTED_EDGE ( 'NONE', *, *, #6971, .F. ) ;
#11976 = CARTESIAN_POINT ( 'NONE',  ( 9.000000000000005329, 18.30000000000172733, 41.75000000006208012 ) ) ;
#11977 = DIRECTION ( 'NONE',  ( -0.000000000000000000, 1.000000000000000000, 0.000000000000000000 ) ) ;
#11978 = EDGE_CURVE ( 'NONE', #2415, #4457, #1739, .T. ) ;
#11979 = ADVANCED_FACE ( 'NONE', ( #9781 ), #4988, .T. ) ;
#11980 = ORIENTED_EDGE ( 'NONE', *, *, #9096, .T. ) ;
#11981 = ORIENTED_EDGE ( 'NONE', *, *, #95, .T. ) ;
#11982 = CARTESIAN_POINT ( 'NONE',  ( 1.999999999999896749, 53.15000000000004832, 18.59999999999994102 ) ) ;
#11983 = VECTOR ( 'NONE', #1215, 1000.000000000000000 ) ;
#11984 = VERTEX_POINT ( 'NONE', #4133 ) ;
#11985 = VERTEX_POINT ( 'NONE', #4319 ) ;
#11986 = VERTEX_POINT ( 'NONE', #8834 ) ;
#11987 = CARTESIAN_POINT ( 'NONE',  ( 73.00000000000017053, 2.499999999999976907, 58.59999999999996589 ) ) ;
#11988 = EDGE_CURVE ( 'NONE', #2870, #8712, #6005, .T. ) ;
#11989 = ORIENTED_EDGE ( 'NONE', *, *, #1179, .T. ) ;
#11990 = DIRECTION ( 'NONE',  ( -0.7071067811865376918, -8.117435735382459193E-17, -0.7071067811865574537 ) ) ;
#11991 = DIRECTION ( 'NONE',  ( 0.000000000000000000, -0.7071067811865512365, -0.7071067811865439090 ) ) ;
#11992 = DIRECTION ( 'NONE',  ( 0.000000000000000000, 0.000000000000000000, 1.000000000000000000 ) ) ;
#11993 = LINE ( 'NONE', #3503, #3929 ) ;
#11994 = DIRECTION ( 'NONE',  ( -1.147978770867005115E-16, 1.000000000000000000, 0.000000000000000000 ) ) ;
#11995 = AXIS2_PLACEMENT_3D ( 'NONE', #8944, #2413, #5917 ) ;
#11996 = CARTESIAN_POINT ( 'NONE',  ( 110.5000000000000284, 11.00000000000001066, -10.00000000000000000 ) ) ;
#11997 = CARTESIAN_POINT ( 'NONE',  ( 105.5000000000000284, 4.499999999999987566, 0.000000000000000000 ) ) ;
#11998 = CARTESIAN_POINT ( 'NONE',  ( 104.5000000000000142, 6.000000000000000000, 2.000000000000001776 ) ) ;
#11999 = EDGE_CURVE ( 'NONE', #10930, #10794, #1852, .T. ) ;
#12000 = DIRECTION ( 'NONE',  ( -0.000000000000000000, 1.000000000000000000, 0.000000000000000000 ) ) ;
#12001 = CARTESIAN_POINT ( 'NONE',  ( 113.0000000000000000, 4.999999999999999112, 69.59999999999999432 ) ) ;
#12002 = ORIENTED_EDGE ( 'NONE', *, *, #8959, .F. ) ;
#12003 = CARTESIAN_POINT ( 'NONE',  ( 0.5000000000000013323, 48.99999999999997868, 64.59999999999999432 ) ) ;
#12004 = DIRECTION ( 'NONE',  ( 0.7071067811865474617, -0.7071067811865474617, 0.000000000000000000 ) ) ;
#12005 = VECTOR ( 'NONE', #3666, 1000.000000000000000 ) ;
#12006 = LINE ( 'NONE', #365, #3507 ) ;
#12007 = EDGE_LOOP ( 'NONE', ( #3733, #8228, #6671, #10380 ) ) ;
#12008 = LINE ( 'NONE', #10705, #8384 ) ;
#12009 = ADVANCED_FACE ( 'NONE', ( #9833 ), #1600, .F. ) ;
#12010 = DIRECTION ( 'NONE',  ( 8.195446571860579663E-34, -1.000000000000000000, -0.000000000000000000 ) ) ;
#12011 = CARTESIAN_POINT ( 'NONE',  ( 70.00000000000021316, 3.000000000000000000, 10.00000000000003020 ) ) ;
#12012 = EDGE_CURVE ( 'NONE', #7606, #2870, #5758, .T. ) ;
#12013 = VECTOR ( 'NONE', #7589, 1000.000000000000000 ) ;
#12014 = ORIENTED_EDGE ( 'NONE', *, *, #7035, .T. ) ;
#12015 = CARTESIAN_POINT ( 'NONE',  ( 89.00000000000021316, 2.499999999999976907, 58.59999999999996589 ) ) ;
#12016 = EDGE_CURVE ( 'NONE', #10202, #9190, #1636, .T. ) ;
#12017 = CARTESIAN_POINT ( 'NONE',  ( 14.50000000000002665, 10.00000000000000000, 58.59999999999996589 ) ) ;
#12018 = EDGE_CURVE ( 'NONE', #11665, #9332, #2202, .T. ) ;
#12019 = AXIS2_PLACEMENT_3D ( 'NONE', #7556, #11799, #3071 ) ;
#12020 = CARTESIAN_POINT ( 'NONE',  ( 3.999999999999896971, 56.00000000000004974, 22.75000000000000000 ) ) ;
#12021 = DIRECTION ( 'NONE',  ( 1.147978770867005115E-16, -1.000000000000000000, -0.000000000000000000 ) ) ;
#12022 = CARTESIAN_POINT ( 'NONE',  ( 53.50000000000014211, 2.499999999999970246, 58.59999999999996589 ) ) ;
#12023 = DIRECTION ( 'NONE',  ( 0.000000000000000000, 0.000000000000000000, -1.000000000000000000 ) ) ;
#12024 = VERTEX_POINT ( 'NONE', #537 ) ;
#12025 = LINE ( 'NONE', #2080, #3679 ) ;
#12026 = CIRCLE ( 'NONE', #7729, 2.000000000000029310 ) ;
#12027 = CARTESIAN_POINT ( 'NONE',  ( 1.000000000000004441, 22.95000000000000284, 9.100000000063497296 ) ) ;
#12028 = LINE ( 'NONE', #3952, #12268 ) ;
#12029 = VECTOR ( 'NONE', #10817, 1000.000000000000000 ) ;
#12030 = ORIENTED_EDGE ( 'NONE', *, *, #63, .T. ) ;
#12031 = DIRECTION ( 'NONE',  ( -1.000000000000000000, 0.000000000000000000, 0.000000000000000000 ) ) ;
#12032 = AXIS2_PLACEMENT_3D ( 'NONE', #10927, #12066, #3494 ) ;
#12033 = VECTOR ( 'NONE', #540, 1000.000000000000000 ) ;
#12034 = CARTESIAN_POINT ( 'NONE',  ( 29.00000000000014211, 0.4999999999999848455, 8.500000000000021316 ) ) ;
#12035 = EDGE_CURVE ( 'NONE', #7208, #3157, #2936, .T. ) ;
#12036 = FACE_OUTER_BOUND ( 'NONE', #7802, .T. ) ;
#12037 = CARTESIAN_POINT ( 'NONE',  ( 48.50000000000017053, 10.00000000000000000, 10.00000000000003020 ) ) ;
#12038 = VERTEX_POINT ( 'NONE', #2453 ) ;
#12039 = DIRECTION ( 'NONE',  ( 2.855511894612032274E-16, 0.000000000000000000, -1.000000000000000000 ) ) ;
#12040 = EDGE_CURVE ( 'NONE', #1777, #2112, #10956, .T. ) ;
#12041 = EDGE_LOOP ( 'NONE', ( #1935, #2091, #6343, #1952, #10245, #6843, #6632, #2537 ) ) ;
#12042 = DIRECTION ( 'NONE',  ( -0.7071067811865552333, -0.7071067811865399122, 5.047879561097589953E-17 ) ) ;
#12044 = ORIENTED_EDGE ( 'NONE', *, *, #11876, .T. ) ;
#12043 = LINE ( 'NONE', #3327, #7896 ) ;
#12045 = VERTEX_POINT ( 'NONE', #4043 ) ;
#12046 = EDGE_CURVE ( 'NONE', #357, #6251, #7592, .T. ) ;
#12047 = LINE ( 'NONE', #10352, #3768 ) ;
#12048 = EDGE_LOOP ( 'NONE', ( #318, #4447, #8657, #164, #1766, #7560, #6704 ) ) ;
#12049 = DIRECTION ( 'NONE',  ( -1.278217298088174232E-16, 1.000000000000000000, -1.927470528863119542E-16 ) ) ;
#12050 = ORIENTED_EDGE ( 'NONE', *, *, #4186, .F. ) ;
#12051 = CARTESIAN_POINT ( 'NONE',  ( 70.00000000000017053, -3.810882655915155166E-32, 10.00000000000003020 ) ) ;
#12052 = CARTESIAN_POINT ( 'NONE',  ( -0.9999999999999931166, -9.629649721936179265E-32, -10.00000000000000000 ) ) ;
#12053 = AXIS2_PLACEMENT_3D ( 'NONE', #1421, #2384, #10060 ) ;
#12054 = FACE_OUTER_BOUND ( 'NONE', #2468, .T. ) ;
#12055 = VERTEX_POINT ( 'NONE', #6377 ) ;
#12056 = LINE ( 'NONE', #11825, #3824 ) ;
#12057 = ORIENTED_EDGE ( 'NONE', *, *, #11934, .F. ) ;
#12058 = ADVANCED_FACE ( 'NONE', ( #3112 ), #6880, .F. ) ;
#12059 = DIRECTION ( 'NONE',  ( 1.000000000000000000, -0.000000000000000000, -0.000000000000000000 ) ) ;
#12060 = ORIENTED_EDGE ( 'NONE', *, *, #3504, .F. ) ;
#12061 = CARTESIAN_POINT ( 'NONE',  ( 9.000000000000003553, 35.49999999999998579, 44.59999999999998721 ) ) ;
#12062 = ORIENTED_EDGE ( 'NONE', *, *, #8150, .F. ) ;
#12064 = ORIENTED_EDGE ( 'NONE', *, *, #2408, .F. ) ;
#12063 = LINE ( 'NONE', #273, #7948 ) ;
#12065 = FACE_OUTER_BOUND ( 'NONE', #6898, .T. ) ;
#12066 = DIRECTION ( 'NONE',  ( 0.000000000000000000, 0.000000000000000000, -1.000000000000000000 ) ) ;
#12067 = EDGE_LOOP ( 'NONE', ( #8669, #5403, #7665, #5540 ) ) ;
#12068 = EDGE_CURVE ( 'NONE', #1877, #2450, #11559, .T. ) ;
#12069 = CARTESIAN_POINT ( 'NONE',  ( 55.00000000000017053, 2.499999999999970246, 10.00000000000003020 ) ) ;
#12070 = ORIENTED_EDGE ( 'NONE', *, *, #3695, .F. ) ;
#12071 = EDGE_CURVE ( 'NONE', #9480, #9124, #9, .T. ) ;
#12072 = AXIS2_PLACEMENT_3D ( 'NONE', #6060, #472, #4067 ) ;
#12073 = PLANE ( 'NONE',  #6732 ) ;
#12074 = ORIENTED_EDGE ( 'NONE', *, *, #11359, .T. ) ;
#12075 = CARTESIAN_POINT ( 'NONE',  ( 9.000000000000003553, 35.49999999999998579, 44.59999999999998721 ) ) ;
#12076 = DIRECTION ( 'NONE',  ( -0.000000000000000000, 1.000000000000000000, -0.000000000000000000 ) ) ;
#12077 = CARTESIAN_POINT ( 'NONE',  ( -0.9999999999999935607, 4.000000000001807443, 11.29289321887695330 ) ) ;
#12078 = CC_DESIGN_APPROVAL ( #4164, ( #8354 ) ) ;
#12079 = ADVANCED_FACE ( 'NONE', ( #6623, #2989 ), #8922, .F. ) ;
#12080 = ORIENTED_EDGE ( 'NONE', *, *, #11666, .F. ) ;
#12081 = DIRECTION ( 'NONE',  ( -2.855511894612032274E-16, -2.340219516760528775E-49, -1.000000000000000000 ) ) ;
#12082 = DIRECTION ( 'NONE',  ( 2.855511894612032274E-16, 0.000000000000000000, -1.000000000000000000 ) ) ;
#12083 = ORIENTED_EDGE ( 'NONE', *, *, #12277, .T. ) ;
#12084 = VECTOR ( 'NONE', #8387, 1000.000000000000000 ) ;
#12085 = EDGE_LOOP ( 'NONE', ( #3785, #3838, #6294, #1273 ) ) ;
#12086 = FACE_OUTER_BOUND ( 'NONE', #3599, .T. ) ;
#12087 = CARTESIAN_POINT ( 'NONE',  ( 104.5000000000000142, 12.49999999999999467, 69.59999999999999432 ) ) ;
#12088 = VERTEX_POINT ( 'NONE', #4925 ) ;
#12089 = EDGE_CURVE ( 'NONE', #7711, #2238, #3159, .T. ) ;
#12090 = ORIENTED_EDGE ( 'NONE', *, *, #338, .F. ) ;
#12091 = CARTESIAN_POINT ( 'NONE',  ( 87.50000000000018474, 3.000000000000000000, 58.59999999999996589 ) ) ;
#12092 = EDGE_CURVE ( 'NONE', #8414, #758, #7456, .T. ) ;
#12093 = AXIS2_PLACEMENT_3D ( 'NONE', #4159, #9093, #8095 ) ;
#12094 = ORIENTED_EDGE ( 'NONE', *, *, #1928, .T. ) ;
#12095 = CARTESIAN_POINT ( 'NONE',  ( 69.50000000000017053, 2.499999999999963141, 10.00000000000003020 ) ) ;
#12096 = CARTESIAN_POINT ( 'NONE',  ( 89.00000000000021316, 0.5000000000000195399, 58.59999999999996589 ) ) ;
#12097 = DIRECTION ( 'NONE',  ( 0.000000000000000000, -1.000000000000000000, 0.000000000000000000 ) ) ;
#12098 = DIRECTION ( 'NONE',  ( 0.000000000000000000, -1.000000000000000000, 0.000000000000000000 ) ) ;
#12099 = DIRECTION ( 'NONE',  ( 1.000000000000000000, 8.195446571860577953E-34, 0.000000000000000000 ) ) ;
#12100 = AXIS2_PLACEMENT_3D ( 'NONE', #8179, #8093, #6152 ) ;
#12101 = VERTEX_POINT ( 'NONE', #5009 ) ;
#12102 = CARTESIAN_POINT ( 'NONE',  ( 1.999999999999896749, 53.80000000000000426, 22.09999999999999432 ) ) ;
#12103 = VECTOR ( 'NONE', #6035, 1000.000000000000000 ) ;
#12104 = LINE ( 'NONE', #7108, #7951 ) ;
#12105 = ORIENTED_EDGE ( 'NONE', *, *, #4901, .T. ) ;
#12106 = VERTEX_POINT ( 'NONE', #398 ) ;
#12108 = VERTEX_POINT ( 'NONE', #7848 ) ;
#12107 = VECTOR ( 'NONE', #8060, 999.9999999999998863 ) ;
#12109 = ADVANCED_FACE ( 'NONE', ( #11532 ), #5434, .F. ) ;
#12110 = EDGE_LOOP ( 'NONE', ( #2853, #3998, #580, #1965 ) ) ;
#12111 = FACE_OUTER_BOUND ( 'NONE', #5579, .T. ) ;
#12112 = CARTESIAN_POINT ( 'NONE',  ( 105.5000000000000284, 4.499999999999999112, -9.499999999999996447 ) ) ;
#12113 = DIRECTION ( 'NONE',  ( 1.000000000000000000, 0.000000000000000000, 0.000000000000000000 ) ) ;
#12114 = VERTEX_POINT ( 'NONE', #4155 ) ;
#12115 = CARTESIAN_POINT ( 'NONE',  ( 105.5000000000000284, 58.99999999999999289, 69.59999999999999432 ) ) ;
#12116 = EDGE_CURVE ( 'NONE', #7208, #1059, #5233, .T. ) ;
#12117 = ORIENTED_EDGE ( 'NONE', *, *, #7747, .T. ) ;
#12118 = ORIENTED_EDGE ( 'NONE', *, *, #11254, .T. ) ;
#12119 = LINE ( 'NONE', #10558, #8010 ) ;
#12120 = EDGE_CURVE ( 'NONE', #12055, #3945, #919, .T. ) ;
#12121 = DIRECTION ( 'NONE',  ( 0.7071067811865555663, -0.7071067811865393571, 1.196099074440416112E-16 ) ) ;
#12122 = VERTEX_POINT ( 'NONE', #1508 ) ;
#12123 = CARTESIAN_POINT ( 'NONE',  ( 48.50000000000014921, 3.000000000000000000, 60.59999999999998721 ) ) ;
#12124 = CIRCLE ( 'NONE', #656, 1.700000000000000178 ) ;
#12125 = AXIS2_PLACEMENT_3D ( 'NONE', #5315, #3537, #10177 ) ;
#12126 = VECTOR ( 'NONE', #3082, 1000.000000000000000 ) ;
#12127 = EDGE_LOOP ( 'NONE', ( #3487, #7143, #821, #8208 ) ) ;
#12128 = ORIENTED_EDGE ( 'NONE', *, *, #11639, .T. ) ;
#12129 = ORIENTED_EDGE ( 'NONE', *, *, #5744, .T. ) ;
#12130 = VERTEX_POINT ( 'NONE', #1733 ) ;
#12131 = CARTESIAN_POINT ( 'NONE',  ( 105.5000000000000284, 9.999999999999998224, 0.000000000000000000 ) ) ;
#12132 = EDGE_CURVE ( 'NONE', #10734, #8341, #5086, .T. ) ;
#12133 = CARTESIAN_POINT ( 'NONE',  ( 79.50000000000018474, 2.499999999999976907, 58.59999999999996589 ) ) ;
#12134 = DIRECTION ( 'NONE',  ( -7.691850745534376553E-16, 0.7071067811865503483, 0.7071067811865445751 ) ) ;
#12135 = CIRCLE ( 'NONE', #1640, 2.000000000000029310 ) ;
#12136 = VERTEX_POINT ( 'NONE', #2728 ) ;
#12137 = CARTESIAN_POINT ( 'NONE',  ( 94.00000000000019895, 3.000000000000000000, 58.59999999999996589 ) ) ;
#12138 = VECTOR ( 'NONE', #4422, 1000.000000000000000 ) ;
#12139 = PLANE ( 'NONE',  #9812 ) ;
#12140 = ORIENTED_EDGE ( 'NONE', *, *, #10499, .T. ) ;
#12141 = VECTOR ( 'NONE', #10064, 1000.000000000000000 ) ;
#12142 = EDGE_CURVE ( 'NONE', #9655, #1089, #1535, .T. ) ;
#12143 = ORIENTED_EDGE ( 'NONE', *, *, #6701, .T. ) ;
#12145 = ORIENTED_EDGE ( 'NONE', *, *, #10551, .F. ) ;
#12144 = FACE_OUTER_BOUND ( 'NONE', #705, .T. ) ;
#12146 = CIRCLE ( 'NONE', #7693, 1.700000000000000178 ) ;
#12147 = DIRECTION ( 'NONE',  ( -0.7071067811865414665, -0.7071067811865536790, 0.000000000000000000 ) ) ;
#12148 = ORIENTED_EDGE ( 'NONE', *, *, #9782, .T. ) ;
#12149 = EDGE_LOOP ( 'NONE', ( #12359, #10889, #12234, #5383 ) ) ;
#12150 = CARTESIAN_POINT ( 'NONE',  ( 68.00000000000018474, 0.4999999999999917843, 10.00000000000003020 ) ) ;
#12151 = FACE_OUTER_BOUND ( 'NONE', #1051, .T. ) ;
#12152 = AXIS2_PLACEMENT_3D ( 'NONE', #4151, #8775, #6879 ) ;
#12153 = ORIENTED_EDGE ( 'NONE', *, *, #5325, .F. ) ;
#12154 = VECTOR ( 'NONE', #9231, 1000.000000000000000 ) ;
#12155 = CARTESIAN_POINT ( 'NONE',  ( 76.00000000000018474, 10.00000000000000000, 58.59999999999996589 ) ) ;
#12156 = FACE_OUTER_BOUND ( 'NONE', #9071, .T. ) ;
#12157 = ORIENTED_EDGE ( 'NONE', *, *, #12179, .T. ) ;
#12158 = DIRECTION ( 'NONE',  ( -0.000000000000000000, 1.000000000000000000, -0.000000000000000000 ) ) ;
#12159 = EDGE_LOOP ( 'NONE', ( #5745, #3571, #1588, #7142 ) ) ;
#12160 = ADVANCED_FACE ( 'NONE', ( #6312 ), #2575, .T. ) ;
#12161 = DIRECTION ( 'NONE',  ( 1.000000000000000000, 8.195446571860579663E-34, 2.855511894612032274E-16 ) ) ;
#12162 = AXIS2_PLACEMENT_3D ( 'NONE', #2395, #9177, #3591 ) ;
#12163 = CARTESIAN_POINT ( 'NONE',  ( 82.50000000000018474, 2.499999999999976907, 58.59999999999996589 ) ) ;
#12164 = EDGE_LOOP ( 'NONE', ( #5500, #7289 ) ) ;
#12165 = EDGE_CURVE ( 'NONE', #12361, #2684, #6291, .T. ) ;
#12166 = DIRECTION ( 'NONE',  ( -0.7071067811865475727, -0.7071067811865475727, 0.000000000000000000 ) ) ;
#12167 = PLANE ( 'NONE',  #8282 ) ;
#12168 = VECTOR ( 'NONE', #99, 1000.000000000000000 ) ;
#12169 = EDGE_CURVE ( 'NONE', #7608, #10698, #6137, .T. ) ;
#12170 = ORIENTED_EDGE ( 'NONE', *, *, #1413, .T. ) ;
#12171 = CARTESIAN_POINT ( 'NONE',  ( 27.00000000000015632, -7.334924681815204028E-32, 10.00000000000003020 ) ) ;
#12172 = DIRECTION ( 'NONE',  ( -1.826814552064404583E-15, -0.7071067811865396902, -0.7071067811865553443 ) ) ;
#12173 = PLANE ( 'NONE',  #7666 ) ;
#12174 = ORIENTED_EDGE ( 'NONE', *, *, #8937, .T. ) ;
#12175 = EDGE_CURVE ( 'NONE', #5245, #7403, #2078, .T. ) ;
#12176 = AXIS2_PLACEMENT_3D ( 'NONE', #3604, #889, #1829 ) ;
#12177 = CIRCLE ( 'NONE', #814, 1.500000000000001332 ) ;
#12178 = CARTESIAN_POINT ( 'NONE',  ( 95.50000000000021316, 2.499999999999976907, 10.00000000000003020 ) ) ;
#12179 = EDGE_CURVE ( 'NONE', #8687, #5738, #6162, .T. ) ;
#12180 = ORIENTED_EDGE ( 'NONE', *, *, #12355, .F. ) ;
#12181 = ORIENTED_EDGE ( 'NONE', *, *, #10737, .F. ) ;
#12182 = CARTESIAN_POINT ( 'NONE',  ( 5.000000000000014211, -52.33917102909927621, -20.13206424785125748 ) ) ;
#12183 = FACE_OUTER_BOUND ( 'NONE', #7849, .T. ) ;
#12184 = DIRECTION ( 'NONE',  ( 0.000000000000000000, 0.000000000000000000, 1.000000000000000000 ) ) ;
#12185 = AXIS2_PLACEMENT_3D ( 'NONE', #4273, #1253, #2225 ) ;
#12187 = ADVANCED_FACE ( 'NONE', ( #10417 ), #11042, .T. ) ;
#12186 = FACE_OUTER_BOUND ( 'NONE', #12354, .T. ) ;
#12188 = ORIENTED_EDGE ( 'NONE', *, *, #5498, .T. ) ;
#12189 = ORIENTED_EDGE ( 'NONE', *, *, #5546, .F. ) ;
#12191 = ORIENTED_EDGE ( 'NONE', *, *, #4555, .F. ) ;
#12190 = LINE ( 'NONE', #7812, #8078 ) ;
#12192 = LINE ( 'NONE', #12335, #8102 ) ;
#12193 = FACE_OUTER_BOUND ( 'NONE', #11849, .T. ) ;
#12194 = EDGE_CURVE ( 'NONE', #5949, #4007, #6389, .T. ) ;
#12195 = CIRCLE ( 'NONE', #10605, 1.500000000000029088 ) ;
#12196 = VERTEX_POINT ( 'NONE', #9974 ) ;
#12197 = LINE ( 'NONE', #8600, #3869 ) ;
#12198 = CARTESIAN_POINT ( 'NONE',  ( 69.50000000000017053, 0.4999999999999917843, 58.59999999999996589 ) ) ;
#12199 = LINE ( 'NONE', #948, #12314 ) ;
#12200 = ORIENTED_EDGE ( 'NONE', *, *, #11666, .T. ) ;
#12201 = ORIENTED_EDGE ( 'NONE', *, *, #11053, .T. ) ;
#12202 = EDGE_CURVE ( 'NONE', #11670, #6890, #10299, .T. ) ;
#12203 = ADVANCED_FACE ( 'NONE', ( #2155 ), #559, .T. ) ;
#12204 = LINE ( 'NONE', #6968, #4020 ) ;
#12205 = EDGE_CURVE ( 'NONE', #1030, #10872, #2336, .T. ) ;
#12206 = PLANE ( 'NONE',  #4648 ) ;
#12207 = AXIS2_PLACEMENT_3D ( 'NONE', #3016, #3980, #3814 ) ;
#12208 = CARTESIAN_POINT ( 'NONE',  ( -0.4999999999999955591, 50.99999999999998579, -9.499999999999996447 ) ) ;
#12209 = ORIENTED_EDGE ( 'NONE', *, *, #4748, .F. ) ;
#12210 = DIRECTION ( 'NONE',  ( 0.7071067811865536790, -0.7071067811865414665, 0.000000000000000000 ) ) ;
#12211 = EDGE_LOOP ( 'NONE', ( #5791, #7358, #12140, #2787 ) ) ;
#12212 = CARTESIAN_POINT ( 'NONE',  ( 1.000000000000008216, 6.500000000001787015, 38.40000000006349978 ) ) ;
#12213 = ADVANCED_FACE ( 'NONE', ( #10766 ), #11605, .T. ) ;
#12214 = FACE_OUTER_BOUND ( 'NONE', #6497, .T. ) ;
#12215 = DIRECTION ( 'NONE',  ( -7.138779736530080685E-17, 0.000000000000000000, 1.000000000000000000 ) ) ;
#12216 = FACE_OUTER_BOUND ( 'NONE', #5732, .T. ) ;
#12217 = DIRECTION ( 'NONE',  ( 0.000000000000000000, -1.000000000000000000, 0.000000000000000000 ) ) ;
#12218 = VECTOR ( 'NONE', #2795, 1000.000000000000000 ) ;
#12219 = ORIENTED_EDGE ( 'NONE', *, *, #6948, .T. ) ;
#12220 = CARTESIAN_POINT ( 'NONE',  ( 16.00000000000012434, 2.499999999999987566, 10.00000000000003020 ) ) ;
#12221 = DIRECTION ( 'NONE',  ( 0.000000000000000000, 0.000000000000000000, 1.000000000000000000 ) ) ;
#12222 = EDGE_LOOP ( 'NONE', ( #6109, #10118, #10861, #6914 ) ) ;
#12223 = EDGE_CURVE ( 'NONE', #7881, #2116, #10684, .T. ) ;
#12224 = VERTEX_POINT ( 'NONE', #3845 ) ;
#12225 = VERTEX_POINT ( 'NONE', #11443 ) ;
#12226 = VECTOR ( 'NONE', #10435, 1000.000000000000000 ) ;
#12227 = EDGE_CURVE ( 'NONE', #8818, #8993, #2533, .T. ) ;
#12228 = FACE_OUTER_BOUND ( 'NONE', #7128, .T. ) ;
#12229 = CARTESIAN_POINT ( 'NONE',  ( 61.50000000000015632, 2.499999999999984013, 60.09999999999997300 ) ) ;
#12230 = CIRCLE ( 'NONE', #11941, 2.000000000000029310 ) ;
#12231 = AXIS2_PLACEMENT_3D ( 'NONE', #279, #9059, #6210 ) ;
#12232 = ORIENTED_EDGE ( 'NONE', *, *, #8747, .F. ) ;
#12233 = ORIENTED_EDGE ( 'NONE', *, *, #11642, .T. ) ;
#12234 = ORIENTED_EDGE ( 'NONE', *, *, #11130, .F. ) ;
#12235 = CYLINDRICAL_SURFACE ( 'NONE', #2340, 1.500000000000008216 ) ;
#12236 = EDGE_LOOP ( 'NONE', ( #9979, #4465, #8675, #9106, #678 ) ) ;
#12237 = CC_DESIGN_APPROVAL ( #4888, ( #10249 ) ) ;
#12238 = ORIENTED_EDGE ( 'NONE', *, *, #6336, .T. ) ;
#12239 = VECTOR ( 'NONE', #6787, 1000.000000000000114 ) ;
#12240 = CARTESIAN_POINT ( 'NONE',  ( 100.5000000000002274, 3.000000000000000000, 10.00000000000003020 ) ) ;
#12241 = CARTESIAN_POINT ( 'NONE',  ( 48.50000000000014921, 3.000000000000000000, 60.59999999999998721 ) ) ;
#12242 = DIRECTION ( 'NONE',  ( 8.195446571860579663E-34, -1.000000000000000000, -0.000000000000000000 ) ) ;
#12243 = CARTESIAN_POINT ( 'NONE',  ( 30.50000000000013500, 10.00000000000000000, 58.59999999999996589 ) ) ;
#12244 = ORIENTED_EDGE ( 'NONE', *, *, #10102, .T. ) ;
#12245 = EDGE_CURVE ( 'NONE', #7316, #6649, #6641, .T. ) ;
#12246 = VERTEX_POINT ( 'NONE', #11523 ) ;
#12247 = ORIENTED_EDGE ( 'NONE', *, *, #6869, .T. ) ;
#12248 = CARTESIAN_POINT ( 'NONE',  ( 114.5000000000000284, -1.639089314372085827E-33, 69.09999999999998010 ) ) ;
#12249 = CARTESIAN_POINT ( 'NONE',  ( 18.00000000000019185, -8.072514873282654333E-32, 10.00000000000003020 ) ) ;
#12250 = CARTESIAN_POINT ( 'NONE',  ( 17.50000000000021672, 10.00000000000000000, 10.00000000000003020 ) ) ;
#12251 = EDGE_CURVE ( 'NONE', #8221, #3999, #10724, .T. ) ;
#12252 = DIRECTION ( 'NONE',  ( 0.000000000000000000, 0.000000000000000000, -1.000000000000000000 ) ) ;
#12253 = VERTEX_POINT ( 'NONE', #9650 ) ;
#12254 = AXIS2_PLACEMENT_3D ( 'NONE', #2339, #3060, #2157 ) ;
#12255 = FACE_OUTER_BOUND ( 'NONE', #12007, .T. ) ;
#12256 = CONICAL_SURFACE ( 'NONE', #2855, 1.500000000000001332, 0.7853981633974430610 ) ;
#12257 = DIRECTION ( 'NONE',  ( -0.000000000000000000, 0.000000000000000000, 1.000000000000000000 ) ) ;
#12258 = AXIS2_PLACEMENT_3D ( 'NONE', #8426, #4108, #6273 ) ;
#12259 = ADVANCED_FACE ( 'NONE', ( #6616 ), #6817, .T. ) ;
#12260 = CARTESIAN_POINT ( 'NONE',  ( 9.000000000000005329, 20.00000000000002132, 5.750000000064023453 ) ) ;
#12261 = CARTESIAN_POINT ( 'NONE',  ( 47.00000000000013500, 0.5000000000000195399, 10.00000000000003020 ) ) ;
#12262 = PLANE ( 'NONE',  #7122 ) ;
#12263 = CARTESIAN_POINT ( 'NONE',  ( 72.50000000000015632, -3.605996491618641436E-32, 10.00000000000003020 ) ) ;
#12264 = DIRECTION ( 'NONE',  ( 0.000000000000000000, 0.000000000000000000, 1.000000000000000000 ) ) ;
#12265 = CARTESIAN_POINT ( 'NONE',  ( 14.00000000000000533, 57.49999999999997158, -9.500000000000008882 ) ) ;
#12266 = ORIENTED_EDGE ( 'NONE', *, *, #5565, .T. ) ;
#12267 = ORIENTED_EDGE ( 'NONE', *, *, #6359, .T. ) ;
#12268 = VECTOR ( 'NONE', #7894, 1000.000000000000000 ) ;
#12269 = EDGE_CURVE ( 'NONE', #1211, #10994, #3171, .T. ) ;
#12270 = ORIENTED_EDGE ( 'NONE', *, *, #5799, .F. ) ;
#12271 = VERTEX_POINT ( 'NONE', #10 ) ;
#12272 = EDGE_LOOP ( 'NONE', ( #1303, #2354, #11063, #3730, #7532 ) ) ;
#12273 = EDGE_CURVE ( 'NONE', #1364, #3198, #12008, .T. ) ;
#12274 = ORIENTED_EDGE ( 'NONE', *, *, #10965, .T. ) ;
#12275 = AXIS2_PLACEMENT_3D ( 'NONE', #7423, #8515, #895 ) ;
#12276 = EDGE_LOOP ( 'NONE', ( #5792, #9446, #10755, #6857 ) ) ;
#12277 = EDGE_CURVE ( 'NONE', #1031, #8425, #4831, .T. ) ;
#12278 = ADVANCED_FACE ( 'NONE', ( #9770 ), #2842, .F. ) ;
#12279 = DIRECTION ( 'NONE',  ( 0.000000000000000000, 0.000000000000000000, 1.000000000000000000 ) ) ;
#12280 = CIRCLE ( 'NONE', #11006, 1.699999999999993072 ) ;
#12281 = DIRECTION ( 'NONE',  ( 0.7071067811865553443, -0.7071067811865396902, -2.019151824439036474E-16 ) ) ;
#12282 = CARTESIAN_POINT ( 'NONE',  ( -0.9999999999999988898, 50.49999999999997158, -9.499999999999996447 ) ) ;
#12283 = LINE ( 'NONE', #5916, #7816 ) ;
#12284 = DIRECTION ( 'NONE',  ( 0.5773502691896283956, -0.5773502691896204020, 0.5773502691896285066 ) ) ;
#12285 = ORIENTED_EDGE ( 'NONE', *, *, #1246, .F. ) ;
#12286 = CARTESIAN_POINT ( 'NONE',  ( 50.50000000000017053, 3.000000000000000000, 58.59999999999996589 ) ) ;
#12287 = PLANE ( 'NONE',  #4751 ) ;
#12288 = VERTEX_POINT ( 'NONE', #8727 ) ;
#12289 = EDGE_CURVE ( 'NONE', #11011, #9388, #11495, .T. ) ;
#12290 = DIRECTION ( 'NONE',  ( 0.5773502691896155170, 0.5773502691896285066, -0.5773502691896335026 ) ) ;
#12291 = DIRECTION ( 'NONE',  ( 2.855511894612032274E-16, 0.000000000000000000, 1.000000000000000000 ) ) ;
#12292 = DIRECTION ( 'NONE',  ( 0.000000000000000000, 0.000000000000000000, -1.000000000000000000 ) ) ;
#12293 = EDGE_CURVE ( 'NONE', #8833, #7284, #7634, .T. ) ;
#12294 = DIRECTION ( 'NONE',  ( -1.000000000000000000, 1.355252715606880851E-17, 0.000000000000000000 ) ) ;
#12295 = LINE ( 'NONE', #854, #12218 ) ;
#12296 = EDGE_LOOP ( 'NONE', ( #2913, #2378, #4416, #1948, #10824 ) ) ;
#12297 = CARTESIAN_POINT ( 'NONE',  ( 5.000000000000000888, 49.50000000000002132, -122.9712352769500541 ) ) ;
#12298 = LINE ( 'NONE', #390, #4035 ) ;
#12299 = ADVANCED_FACE ( 'NONE', ( #8587 ), #3045, .F. ) ;
#12300 = AXIS2_PLACEMENT_3D ( 'NONE', #3922, #7715, #6004 ) ;
#12301 = CARTESIAN_POINT ( 'NONE',  ( 114.5000000000000284, -1.639089314372085827E-33, -10.00000000000000000 ) ) ;
#12302 = ORIENTED_EDGE ( 'NONE', *, *, #9174, .T. ) ;
#12303 = VERTEX_POINT ( 'NONE', #4950 ) ;
#12304 = CONICAL_SURFACE ( 'NONE', #6793, 2.000000000000029310, 0.7853981633974396193 ) ;
#12305 = VECTOR ( 'NONE', #3681, 1000.000000000000000 ) ;
#12306 = ORIENTED_EDGE ( 'NONE', *, *, #6353, .T. ) ;
#12307 = ORIENTED_EDGE ( 'NONE', *, *, #6118, .F. ) ;
#12308 = ORIENTED_EDGE ( 'NONE', *, *, #1179, .F. ) ;
#12309 = ADVANCED_FACE ( 'NONE', ( #345 ), #9621, .F. ) ;
#12310 = ORIENTED_EDGE ( 'NONE', *, *, #1017, .T. ) ;
#12311 = AXIS2_PLACEMENT_3D ( 'NONE', #1851, #1632, #917 ) ;
#12312 = VECTOR ( 'NONE', #6211, 1000.000000000000000 ) ;
#12313 = ORIENTED_EDGE ( 'NONE', *, *, #2398, .F. ) ;
#12314 = VECTOR ( 'NONE', #4973, 1000.000000000000000 ) ;
#12315 = DIRECTION ( 'NONE',  ( -0.9950371902099890420, 0.09950371902099897081, -0.000000000000000000 ) ) ;
#12316 = CARTESIAN_POINT ( 'NONE',  ( 6.000000000000000888, 59.49999999999998579, -10.00000000000000000 ) ) ;
#12317 = EDGE_CURVE ( 'NONE', #11584, #4427, #1469, .T. ) ;
#12318 = DIRECTION ( 'NONE',  ( 0.000000000000000000, 0.000000000000000000, 1.000000000000000000 ) ) ;
#12319 = DIRECTION ( 'NONE',  ( -1.000000000000000000, 2.023844055306273103E-15, 0.000000000000000000 ) ) ;
#12320 = DIRECTION ( 'NONE',  ( -1.000000000000000000, -1.147978770867005362E-16, -0.000000000000000000 ) ) ;
#12321 = CARTESIAN_POINT ( 'NONE',  ( 13.50000000000000178, 54.50000000000000711, -9.499999999999996447 ) ) ;
#12322 = EDGE_CURVE ( 'NONE', #9540, #9237, #9772, .T. ) ;
#12323 = FACE_OUTER_BOUND ( 'NONE', #2577, .T. ) ;
#12324 = DIRECTION ( 'NONE',  ( -0.7071067811865573427, 0.000000000000000000, -0.7071067811865376918 ) ) ;
#12325 = CIRCLE ( 'NONE', #10198, 1.700000000000000178 ) ;
#12326 = EDGE_CURVE ( 'NONE', #3672, #2474, #9479, .T. ) ;
#12327 = EDGE_LOOP ( 'NONE', ( #2951, #569, #7389, #4568 ) ) ;
#12328 = ORIENTED_EDGE ( 'NONE', *, *, #8140, .F. ) ;
#12329 = DIRECTION ( 'NONE',  ( 0.000000000000000000, -1.000000000000000000, 0.000000000000000000 ) ) ;
#12330 = CARTESIAN_POINT ( 'NONE',  ( 5.000000000000002665, 36.00000000000179057, 11.29289321887694619 ) ) ;
#12331 = DIRECTION ( 'NONE',  ( -0.7071067811865618946, 0.4999999999999908407, -0.4999999999999888423 ) ) ;
#12332 = FACE_OUTER_BOUND ( 'NONE', #2138, .T. ) ;
#12333 = FACE_OUTER_BOUND ( 'NONE', #5589, .T. ) ;
#12334 = AXIS2_PLACEMENT_3D ( 'NONE', #9805, #328, #9899 ) ;
#12335 = CARTESIAN_POINT ( 'NONE',  ( 105.5000000000000284, 9.999999999999998224, -9.499999999999996447 ) ) ;
#12336 = DIRECTION ( 'NONE',  ( 0.000000000000000000, 0.7071067811865536790, 0.7071067811865414665 ) ) ;
#12337 = CIRCLE ( 'NONE', #3587, 2.199999999999979750 ) ;
#12338 = ORIENTED_EDGE ( 'NONE', *, *, #4088, .T. ) ;
#12339 = LINE ( 'NONE', #12075, #8349 ) ;
#12340 = DIRECTION ( 'NONE',  ( 1.000000000000000000, 8.195446571860579663E-34, 0.000000000000000000 ) ) ;
#12341 = CARTESIAN_POINT ( 'NONE',  ( 5.000000000000007105, 3.000000000000000000, -122.9712352769500541 ) ) ;
#12342 = DIRECTION ( 'NONE',  ( 0.000000000000000000, 0.000000000000000000, 1.000000000000000000 ) ) ;
#12343 = DIRECTION ( 'NONE',  ( 0.000000000000000000, 0.7071067811865479058, -0.7071067811865472397 ) ) ;
#12344 = CIRCLE ( 'NONE', #6707, 1.999999999999988010 ) ;
#12345 = FACE_OUTER_BOUND ( 'NONE', #9493, .T. ) ;
#12346 = EDGE_LOOP ( 'NONE', ( #1521, #1087, #7856, #1844, #6147 ) ) ;
#12347 = CARTESIAN_POINT ( 'NONE',  ( 63.00000000000019185, 0.5000000000000125455, 10.00000000000003020 ) ) ;
#12348 = EDGE_CURVE ( 'NONE', #7690, #6966, #9819, .T. ) ;
#12349 = ORIENTED_EDGE ( 'NONE', *, *, #2967, .T. ) ;
#12350 = DIRECTION ( 'NONE',  ( 8.195446571860579663E-34, -1.000000000000000000, -0.000000000000000000 ) ) ;
#12351 = VECTOR ( 'NONE', #6708, 1000.000000000000000 ) ;
#12352 = FACE_OUTER_BOUND ( 'NONE', #6201, .T. ) ;
#12353 = CARTESIAN_POINT ( 'NONE',  ( 11.00000000000000533, 54.50000000000000711, -10.00000000000000000 ) ) ;
#12354 = EDGE_LOOP ( 'NONE', ( #2680, #7224, #6252, #3557 ) ) ;
#12355 = EDGE_CURVE ( 'NONE', #7307, #7753, #11014, .T. ) ;
#12356 = AXIS2_PLACEMENT_3D ( 'NONE', #10232, #6773, #8666 ) ;
#12357 = ORIENTED_EDGE ( 'NONE', *, *, #11396, .F. ) ;
#12358 = ADVANCED_FACE ( 'NONE', ( #11563 ), #3684, .F. ) ;
#12359 = ORIENTED_EDGE ( 'NONE', *, *, #4114, .F. ) ;
#12360 = FACE_OUTER_BOUND ( 'NONE', #4540, .T. ) ;
#12361 = VERTEX_POINT ( 'NONE', #10879 ) ;
#12362 = CARTESIAN_POINT ( 'NONE',  ( -0.9999999999999933387, 2.000000000000029310, -10.00000000000000000 ) ) ;
#12363 = LINE ( 'NONE', #8307, #12226 ) ;
#12364 = VECTOR ( 'NONE', #4081, 1000.000000000000000 ) ;
#12365 = CARTESIAN_POINT ( 'NONE',  ( 4.000000000000000000, 52.49999999999998579, 54.94999999999998863 ) ) ;
#12366 = ORIENTED_EDGE ( 'NONE', *, *, #6916, .T. ) ;
#12367 = PLANE ( 'NONE',  #12311 ) ;
#12368 = FACE_OUTER_BOUND ( 'NONE', #5999, .T. ) ;
#12369 = CARTESIAN_POINT ( 'NONE',  ( 60.00000000000014921, 2.499999999999984013, 58.59999999999996589 ) ) ;
#12370 = CARTESIAN_POINT ( 'NONE',  ( 68.00000000000017053, 3.000000000000000000, 60.59999999999999432 ) ) ;
#12371 = DIRECTION ( 'NONE',  ( -0.9950371902099890420, 0.09950371902099897081, 0.000000000000000000 ) ) ;
#12372 = EDGE_CURVE ( 'NONE', #11515, #3403, #3967, .T. ) ;
#12373 = CARTESIAN_POINT ( 'NONE',  ( 2.000000000000000444, 55.49999999999999289, 52.09999999999999432 ) ) ;
#12374 = EDGE_CURVE ( 'NONE', #10859, #8447, #11903, .T. ) ;
#12375 = DIRECTION ( 'NONE',  ( 0.000000000000000000, 0.000000000000000000, 1.000000000000000000 ) ) ;
#12376 = AXIS2_PLACEMENT_3D ( 'NONE', #11264, #3420, #7533 ) ;
#12377 = DIRECTION ( 'NONE',  ( 1.427755947306016137E-16, 0.000000000000000000, -1.000000000000000000 ) ) ;
#12378 = ADVANCED_FACE ( 'NONE', ( #12255 ), #8953, .F. ) ;
#12379 = CARTESIAN_POINT ( 'NONE',  ( -0.9999999999999972244, 35.85355339059504587, 11.14644660947022814 ) ) ;
#12380 = AXIS2_PLACEMENT_3D ( 'NONE', #7824, #3169, #3084 ) ;
#12381 = ORIENTED_EDGE ( 'NONE', *, *, #9169, .F. ) ;
#12382 = LINE ( 'NONE', #8857, #8623 ) ;
#12383 = ORIENTED_EDGE ( 'NONE', *, *, #8415, .F. ) ;
#12384 = EDGE_LOOP ( 'NONE', ( #4248, #7498, #2506, #10541 ) ) ;
#12385 = DIRECTION ( 'NONE',  ( -0.000000000000000000, 1.000000000000000000, -0.000000000000000000 ) ) ;
#12386 = ORIENTED_EDGE ( 'NONE', *, *, #10192, .T. ) ;
#12387 = VECTOR ( 'NONE', #6245, 1000.000000000000000 ) ;
#12388 = CONICAL_SURFACE ( 'NONE', #8733, 1.500000000000001332, 0.7853981633974430610 ) ;
#12389 = LINE ( 'NONE', #6531, #4332 ) ;
#12390 = VECTOR ( 'NONE', #1358, 1000.000000000000000 ) ;
#12391 = FACE_OUTER_BOUND ( 'NONE', #3820, .T. ) ;
#12392 = EDGE_CURVE ( 'NONE', #9301, #6309, #3923, .T. ) ;
#12393 = DIRECTION ( 'NONE',  ( 8.195446571860579663E-34, -1.000000000000000000, -0.000000000000000000 ) ) ;
#12394 = ORIENTED_EDGE ( 'NONE', *, *, #1692, .T. ) ;
ENDSEC;
END-ISO-10303-21;
