ISO-10303-21;
HEADER;
FILE_DESCRIPTION (( 'STEP AP203' ),
    '1' );
FILE_NAME ('MB_PSU_bracket_01_v1.step',
    '2023-01-20T13:42:24',
    ( '' ),
    ( '' ),
    'SwSTEP 2.0',
    'SolidWorks 2023',
    '' );
FILE_SCHEMA (( 'CONFIG_CONTROL_DESIGN' ));
ENDSEC;

DATA;
#1 = DIRECTION ( 'NONE',  ( 1.000000000000000000, 0.000000000000000000, 0.000000000000000000 ) ) ;
#2 = ORIENTED_EDGE ( 'NONE', *, *, #1046, .F. ) ;
#3 = LINE ( 'NONE', #954, #247 ) ;
#4 = PERSON_AND_ORGANIZATION_ROLE ( 'classification_officer' ) ;
#5 = VERTEX_POINT ( 'NONE', #1402 ) ;
#6 = EDGE_CURVE ( 'NONE', #1304, #167, #1849, .T. ) ;
#7 = CARTESIAN_POINT ( 'NONE',  ( 15.84999999999999964, 28.04574890855761993, 0.5000000000000000000 ) ) ;
#8 = ORIENTED_EDGE ( 'NONE', *, *, #217, .T. ) ;
#9 = CARTESIAN_POINT ( 'NONE',  ( -1.852301759151312677, 6.693447149406313912, -10.89293497616246320 ) ) ;
#10 = DIRECTION ( 'NONE',  ( -1.000000000000000000, 0.000000000000000000, 0.000000000000000000 ) ) ;
#11 = ORIENTED_EDGE ( 'NONE', *, *, #792, .F. ) ;
#12 = CARTESIAN_POINT ( 'NONE',  ( -18.80000000000000426, 32.00000000000000000, -4.000000000000000000 ) ) ;
#13 = ORIENTED_EDGE ( 'NONE', *, *, #104, .F. ) ;
#14 = DIRECTION ( 'NONE',  ( -0.5773502691896230665, 0.5773502691896231775, 0.5773502691896310601 ) ) ;
#15 = VERTEX_POINT ( 'NONE', #621 ) ;
#16 = FACE_BOUND ( 'NONE', #521, .T. ) ;
#17 = EDGE_CURVE ( 'NONE', #1351, #1432, #1582, .T. ) ;
#18 = ORIENTED_EDGE ( 'NONE', *, *, #1601, .F. ) ;
#19 = CARTESIAN_POINT ( 'NONE',  ( 19.99999999999999645, 36.00000000000000711, -4.000000000000000000 ) ) ;
#20 = EDGE_CURVE ( 'NONE', #50, #930, #407, .T. ) ;
#21 = EDGE_LOOP ( 'NONE', ( #1714, #1173, #845, #99 ) ) ;
#22 = AXIS2_PLACEMENT_3D ( 'NONE', #1801, #1683, #729 ) ;
#23 = CARTESIAN_POINT ( 'NONE',  ( -24.00000000000000000, 36.00000000000000000, 3.000000000000000000 ) ) ;
#24 = LINE ( 'NONE', #1746, #359 ) ;
#25 = PERSON_AND_ORGANIZATION_ROLE ( 'design_supplier' ) ;
#26 = DIRECTION ( 'NONE',  ( -1.000000000000000000, 0.000000000000000000, 0.000000000000000000 ) ) ;
#27 = CARTESIAN_POINT ( 'NONE',  ( -24.00000000000000000, -6.000000000000000000, 3.000000000000000000 ) ) ;
#28 = ORIENTED_EDGE ( 'NONE', *, *, #1570, .T. ) ;
#29 = EDGE_CURVE ( 'NONE', #1792, #428, #142, .T. ) ;
#30 = FACE_OUTER_BOUND ( 'NONE', #1078, .T. ) ;
#31 = ORIENTED_EDGE ( 'NONE', *, *, #1556, .T. ) ;
#32 = ADVANCED_FACE ( 'NONE', ( #1393 ), #1114, .F. ) ;
#33 = ORIENTED_EDGE ( 'NONE', *, *, #631, .T. ) ;
#34 = CARTESIAN_POINT ( 'NONE',  ( 12.99999999999999822, 32.00000000000000000, 0.5000000000000000000 ) ) ;
#35 = APPROVAL_ROLE ( '' ) ;
#36 = ORIENTED_EDGE ( 'NONE', *, *, #1719, .F. ) ;
#37 = DIRECTION ( 'NONE',  ( -1.000000000000000000, 0.000000000000000000, 0.000000000000000000 ) ) ;
#38 = EDGE_LOOP ( 'NONE', ( #1504, #1738, #1960, #363 ) ) ;
#39 = EDGE_CURVE ( 'NONE', #1542, #1333, #2015, .T. ) ;
#40 = AXIS2_PLACEMENT_3D ( 'NONE', #455, #2004, #1496 ) ;
#41 = DIRECTION ( 'NONE',  ( 0.000000000000000000, -0.7071067811865474617, 0.7071067811865474617 ) ) ;
#42 = AXIS2_PLACEMENT_3D ( 'NONE', #813, #1853, #1887 ) ;
#43 = ORIENTED_EDGE ( 'NONE', *, *, #208, .T. ) ;
#44 = CARTESIAN_POINT ( 'NONE',  ( 15.84999999999999964, 28.04574890855761993, 0.5000000000000000000 ) ) ;
#45 = CARTESIAN_POINT ( 'NONE',  ( -23.50000000000000711, 28.04574890855762703, 0.000000000000000000 ) ) ;
#46 = ORIENTED_EDGE ( 'NONE', *, *, #536, .T. ) ;
#47 = CONICAL_SURFACE ( 'NONE', #1352, 2.749999999999999112, 0.7853981633974491672 ) ;
#48 = AXIS2_PLACEMENT_3D ( 'NONE', #1270, #1563, #957 ) ;
#49 = EDGE_CURVE ( 'NONE', #733, #1342, #760, .T. ) ;
#50 = VERTEX_POINT ( 'NONE', #458 ) ;
#51 = LINE ( 'NONE', #1633, #447 ) ;
#52 = VERTEX_POINT ( 'NONE', #1072 ) ;
#53 = LINE ( 'NONE', #221, #1715 ) ;
#54 = FACE_OUTER_BOUND ( 'NONE', #1348, .T. ) ;
#55 = EDGE_LOOP ( 'NONE', ( #1812, #716, #532, #1104 ) ) ;
#56 = CARTESIAN_POINT ( 'NONE',  ( 14.79999999999999893, 32.00000000000000000, -1.500000000000000444 ) ) ;
#57 = ORIENTED_EDGE ( 'NONE', *, *, #495, .F. ) ;
#58 = ADVANCED_FACE ( 'NONE', ( #295 ), #1417, .F. ) ;
#59 = DIRECTION ( 'NONE',  ( -2.409338161078898687E-16, -1.000000000000000000, 0.000000000000000000 ) ) ;
#60 = DIRECTION ( 'NONE',  ( 0.7071067811865524577, 0.000000000000000000, 0.7071067811865426878 ) ) ;
#61 = LINE ( 'NONE', #1319, #518 ) ;
#62 = CARTESIAN_POINT ( 'NONE',  ( 5.006380209884243371, -6.000000000000000000, 0.4999999999999935052 ) ) ;
#63 = DIRECTION ( 'NONE',  ( -1.000000000000000000, 2.409338161078898687E-16, 0.000000000000000000 ) ) ;
#64 = CIRCLE ( 'NONE', #135, 1.800000000000001155 ) ;
#65 = ORIENTED_EDGE ( 'NONE', *, *, #693, .F. ) ;
#66 = DIRECTION ( 'NONE',  ( 0.000000000000000000, 0.000000000000000000, -1.000000000000000000 ) ) ;
#67 = EDGE_CURVE ( 'NONE', #730, #1342, #276, .T. ) ;
#68 = EDGE_LOOP ( 'NONE', ( #849, #285, #938, #1277 ) ) ;
#69 = VECTOR ( 'NONE', #714, 1000.000000000000000 ) ;
#70 = CARTESIAN_POINT ( 'NONE',  ( -18.00000000000000000, 0.000000000000000000, 0.000000000000000000 ) ) ;
#71 = ADVANCED_FACE ( 'NONE', ( #1784 ), #829, .F. ) ;
#72 = AXIS2_PLACEMENT_3D ( 'NONE', #403, #571, #1027 ) ;
#73 = DIRECTION ( 'NONE',  ( 0.000000000000000000, -0.000000000000000000, -1.000000000000000000 ) ) ;
#74 = VERTEX_POINT ( 'NONE', #1630 ) ;
#75 = AXIS2_PLACEMENT_3D ( 'NONE', #1384, #1839, #1499 ) ;
#76 = DIRECTION ( 'NONE',  ( 0.7071067811865529018, 0.000000000000000000, 0.7071067811865422437 ) ) ;
#77 = PLANE ( 'NONE',  #1009 ) ;
#78 = ORIENTED_EDGE ( 'NONE', *, *, #110, .T. ) ;
#79 = DIRECTION ( 'NONE',  ( -1.000000000000000000, 0.000000000000000000, 0.000000000000000000 ) ) ;
#80 = VECTOR ( 'NONE', #10, 1000.000000000000000 ) ;
#81 = CARTESIAN_POINT ( 'NONE',  ( -24.00000000000000000, 35.50000000000000711, -3.500000000000006661 ) ) ;
#82 = LINE ( 'NONE', #414, #242 ) ;
#83 = ADVANCED_FACE ( 'NONE', ( #551 ), #1269, .F. ) ;
#84 = DIRECTION ( 'NONE',  ( -0.000000000000000000, -0.000000000000000000, -1.000000000000000000 ) ) ;
#85 = ORIENTED_EDGE ( 'NONE', *, *, #1529, .F. ) ;
#86 = DIRECTION ( 'NONE',  ( -0.7071067811865475727, -0.000000000000000000, -0.7071067811865475727 ) ) ;
#87 = ORIENTED_EDGE ( 'NONE', *, *, #182, .T. ) ;
#88 = DIRECTION ( 'NONE',  ( -0.000000000000000000, -0.000000000000000000, -1.000000000000000000 ) ) ;
#89 = ORIENTED_EDGE ( 'NONE', *, *, #230, .T. ) ;
#90 = DIRECTION ( 'NONE',  ( 1.703659351870417188E-16, -0.7071067811865482389, -0.7071067811865469066 ) ) ;
#91 = AXIS2_PLACEMENT_3D ( 'NONE', #991, #210, #1615 ) ;
#92 = EDGE_CURVE ( 'NONE', #1326, #52, #82, .T. ) ;
#93 = ORIENTED_EDGE ( 'NONE', *, *, #1719, .T. ) ;
#94 = DIRECTION ( 'NONE',  ( 1.000000000000000000, 1.577021341797097560E-16, 0.000000000000000000 ) ) ;
#95 = DIRECTION ( 'NONE',  ( -0.000000000000000000, -0.7071067811865474617, -0.7071067811865474617 ) ) ;
#96 = EDGE_CURVE ( 'NONE', #628, #52, #722, .T. ) ;
#97 = ORIENTED_EDGE ( 'NONE', *, *, #1706, .F. ) ;
#98 = DIRECTION ( 'NONE',  ( -0.000000000000000000, -0.000000000000000000, -1.000000000000000000 ) ) ;
#99 = ORIENTED_EDGE ( 'NONE', *, *, #601, .F. ) ;
#100 = AXIS2_PLACEMENT_3D ( 'NONE', #791, #313, #1543 ) ;
#101 = FACE_OUTER_BOUND ( 'NONE', #1745, .T. ) ;
#102 = DIRECTION ( 'NONE',  ( -0.000000000000000000, -0.000000000000000000, -1.000000000000000000 ) ) ;
#103 = VERTEX_POINT ( 'NONE', #704 ) ;
#104 = EDGE_CURVE ( 'NONE', #1881, #628, #1330, .T. ) ;
#105 = FACE_OUTER_BOUND ( 'NONE', #1185, .T. ) ;
#106 = CARTESIAN_POINT ( 'NONE',  ( 10.14999999999999680, 28.04574890855761993, 0.000000000000000000 ) ) ;
#107 = VERTEX_POINT ( 'NONE', #1933 ) ;
#108 = VECTOR ( 'NONE', #860, 1000.000000000000114 ) ;
#109 = VECTOR ( 'NONE', #1704, 1000.000000000000000 ) ;
#110 = EDGE_CURVE ( 'NONE', #435, #1795, #1150, .T. ) ;
#111 = DIRECTION ( 'NONE',  ( -1.000000000000000000, 0.000000000000000000, 0.000000000000000000 ) ) ;
#112 = ORIENTED_EDGE ( 'NONE', *, *, #199, .F. ) ;
#113 = DIRECTION ( 'NONE',  ( -0.000000000000000000, -0.000000000000000000, -1.000000000000000000 ) ) ;
#114 = LINE ( 'NONE', #887, #1581 ) ;
#115 = ORIENTED_EDGE ( 'NONE', *, *, #763, .F. ) ;
#116 = DIRECTION ( 'NONE',  ( 1.000000000000000000, 0.000000000000000000, 0.000000000000000000 ) ) ;
#117 = DIRECTION ( 'NONE',  ( -0.000000000000000000, -0.000000000000000000, -1.000000000000000000 ) ) ;
#118 = DIRECTION ( 'NONE',  ( 0.000000000000000000, 0.000000000000000000, -1.000000000000000000 ) ) ;
#119 = CARTESIAN_POINT ( 'NONE',  ( 0.000000000000000000, -2.250000000000000000, 3.000000000000000000 ) ) ;
#120 = EDGE_CURVE ( 'NONE', #927, #598, #568, .T. ) ;
#121 = EDGE_LOOP ( 'NONE', ( #1405, #1676, #780, #1257 ) ) ;
#122 = DIRECTION ( 'NONE',  ( 0.6471309063298674724, -0.2849940176085882237, 0.7071067811865474617 ) ) ;
#123 = CARTESIAN_POINT ( 'NONE',  ( -19.84999999999999787, 36.00000000000000711, 0.5000000000000000000 ) ) ;
#124 = DIRECTION ( 'NONE',  ( 1.000000000000000000, 0.000000000000000000, -0.000000000000000000 ) ) ;
#125 = ORIENTED_EDGE ( 'NONE', *, *, #1611, .F. ) ;
#126 = CARTESIAN_POINT ( 'NONE',  ( -23.50000000000000711, 28.04574890855762703, -3.500000000000006661 ) ) ;
#127 = PLANE ( 'NONE',  #541 ) ;
#128 =( NAMED_UNIT ( * ) SI_UNIT ( $, .STERADIAN. ) SOLID_ANGLE_UNIT ( ) );
#129 = ORIENTED_EDGE ( 'NONE', *, *, #1451, .F. ) ;
#130 = LINE ( 'NONE', #751, #874 ) ;
#131 = CARTESIAN_POINT ( 'NONE',  ( 6.625679942966960913E-16, 2.749999999999995559, 0.000000000000000000 ) ) ;
#132 = EDGE_CURVE ( 'NONE', #240, #1252, #1003, .T. ) ;
#133 = CARTESIAN_POINT ( 'NONE',  ( 10.14999999999999680, 28.04574890855762703, -1.500000000000000000 ) ) ;
#134 = LINE ( 'NONE', #896, #577 ) ;
#135 = AXIS2_PLACEMENT_3D ( 'NONE', #1367, #1511, #1066 ) ;
#136 = EDGE_CURVE ( 'NONE', #1446, #1792, #61, .T. ) ;
#137 = LINE ( 'NONE', #1265, #1713 ) ;
#138 = AXIS2_PLACEMENT_3D ( 'NONE', #1472, #1903, #73 ) ;
#139 = EDGE_LOOP ( 'NONE', ( #1592, #188, #1015, #1399 ) ) ;
#140 = CARTESIAN_POINT ( 'NONE',  ( 19.50000000000000355, 36.00000000000000711, 2.500000000000006661 ) ) ;
#141 = CARTESIAN_POINT ( 'NONE',  ( 0.000000000000000000, -5.500000000000006217, 0.000000000000000000 ) ) ;
#142 = LINE ( 'NONE', #501, #1547 ) ;
#143 = LINE ( 'NONE', #1860, #847 ) ;
#144 = EDGE_LOOP ( 'NONE', ( #515, #581, #1585, #932 ) ) ;
#145 = AXIS2_PLACEMENT_3D ( 'NONE', #1518, #1530, #272 ) ;
#146 = DIRECTION ( 'NONE',  ( 0.000000000000000000, 0.000000000000000000, 1.000000000000000000 ) ) ;
#147 = VERTEX_POINT ( 'NONE', #1940 ) ;
#148 = CARTESIAN_POINT ( 'NONE',  ( -14.14999999999999858, 28.04574890855761993, 0.5000000000000000000 ) ) ;
#149 = FACE_BOUND ( 'NONE', #534, .T. ) ;
#150 = VERTEX_POINT ( 'NONE', #391 ) ;
#151 = EDGE_CURVE ( 'NONE', #826, #480, #1014, .T. ) ;
#152 = DIRECTION ( 'NONE',  ( -1.000000000000000000, -1.577021341797097560E-16, 0.000000000000000000 ) ) ;
#153 = CARTESIAN_POINT ( 'NONE',  ( 14.80000000000000071, 32.00000000000000000, -4.000000000000000000 ) ) ;
#154 = APPROVAL_STATUS ( 'not_yet_approved' ) ;
#155 = ORIENTED_EDGE ( 'NONE', *, *, #703, .F. ) ;
#156 = DIRECTION ( 'NONE',  ( 1.000000000000000000, 0.000000000000000000, 0.000000000000000000 ) ) ;
#157 = AXIS2_PLACEMENT_3D ( 'NONE', #584, #443, #1180 ) ;
#158 = ORIENTED_EDGE ( 'NONE', *, *, #1401, .F. ) ;
#159 = DIRECTION ( 'NONE',  ( 0.000000000000000000, -1.000000000000000000, 0.000000000000000000 ) ) ;
#160 = ORIENTED_EDGE ( 'NONE', *, *, #968, .T. ) ;
#161 = LINE ( 'NONE', #812, #411 ) ;
#162 = PLANE ( 'NONE',  #1776 ) ;
#163 = EDGE_LOOP ( 'NONE', ( #773, #1995, #254, #1368 ) ) ;
#164 = CARTESIAN_POINT ( 'NONE',  ( -23.50000000000000711, 35.50000000000000000, 3.000000000000000000 ) ) ;
#165 = EDGE_CURVE ( 'NONE', #741, #480, #1794, .T. ) ;
#166 = PERSON_AND_ORGANIZATION ( #1894, #202 ) ;
#167 = VERTEX_POINT ( 'NONE', #1036 ) ;
#168 = CARTESIAN_POINT ( 'NONE',  ( -20.25000000000000355, 0.000000000000000000, 3.000000000000000000 ) ) ;
#169 = LINE ( 'NONE', #656, #1001 ) ;
#170 = EDGE_CURVE ( 'NONE', #1133, #804, #426, .T. ) ;
#171 = EDGE_LOOP ( 'NONE', ( #1423, #1964, #1484, #1682, #11, #1854 ) ) ;
#172 = LINE ( 'NONE', #1386, #333 ) ;
#173 = ORIENTED_EDGE ( 'NONE', *, *, #1122, .F. ) ;
#174 = CARTESIAN_POINT ( 'NONE',  ( 12.99999999999999822, 32.00000000000000000, 3.000000000000000000 ) ) ;
#175 = DIRECTION ( 'NONE',  ( 0.000000000000000000, 0.000000000000000000, 1.000000000000000000 ) ) ;
#176 = VECTOR ( 'NONE', #1111, 1000.000000000000000 ) ;
#177 = ORIENTED_EDGE ( 'NONE', *, *, #671, .F. ) ;
#178 = CARTESIAN_POINT ( 'NONE',  ( -24.00000000000000000, 35.50000000000000000, 3.000000000000000000 ) ) ;
#179 = CALENDAR_DATE ( 2023, 20, 1 ) ;
#180 = DIRECTION ( 'NONE',  ( -0.000000000000000000, -0.000000000000000000, -1.000000000000000000 ) ) ;
#181 = AXIS2_PLACEMENT_3D ( 'NONE', #1491, #26, #1157 ) ;
#182 = EDGE_CURVE ( 'NONE', #412, #598, #134, .T. ) ;
#183 = DIRECTION ( 'NONE',  ( -0.000000000000000000, -0.000000000000000000, -1.000000000000000000 ) ) ;
#184 = AXIS2_PLACEMENT_3D ( 'NONE', #1018, #1313, #562 ) ;
#185 = VERTEX_POINT ( 'NONE', #591 ) ;
#186 = EDGE_CURVE ( 'NONE', #1559, #480, #1832, .T. ) ;
#187 = LINE ( 'NONE', #823, #1596 ) ;
#188 = ORIENTED_EDGE ( 'NONE', *, *, #39, .F. ) ;
#189 = VECTOR ( 'NONE', #1424, 1000.000000000000114 ) ;
#190 = ORIENTED_EDGE ( 'NONE', *, *, #980, .T. ) ;
#191 = PERSON_AND_ORGANIZATION_ROLE ( 'creator' ) ;
#192 = CIRCLE ( 'NONE', #1007, 2.250000000000000000 ) ;
#193 = CARTESIAN_POINT ( 'NONE',  ( 12.99999999999999822, 32.00000000000000000, 3.000000000000000000 ) ) ;
#194 = CARTESIAN_POINT ( 'NONE',  ( -24.00000000000000000, 36.00000000000000000, 2.500000000000006661 ) ) ;
#195 = AXIS2_PLACEMENT_3D ( 'NONE', #1085, #627, #1852 ) ;
#196 = EDGE_LOOP ( 'NONE', ( #1292, #1044, #1006 ) ) ;
#197 = VECTOR ( 'NONE', #1895, 1000.000000000000000 ) ;
#198 = CARTESIAN_POINT ( 'NONE',  ( 0.000000000000000000, 28.54574890855761993, -4.000000000000000000 ) ) ;
#199 = EDGE_CURVE ( 'NONE', #1201, #1623, #451, .T. ) ;
#200 = ORIENTED_EDGE ( 'NONE', *, *, #549, .T. ) ;
#201 = ORIENTED_EDGE ( 'NONE', *, *, #1706, .T. ) ;
#202 = ORGANIZATION ( 'UNSPECIFIED', 'UNSPECIFIED', '' ) ;
#203 = CARTESIAN_POINT ( 'NONE',  ( -23.50000000000000711, -6.000000000000000000, 2.500000000000006661 ) ) ;
#204 = LINE ( 'NONE', #388, #894 ) ;
#205 = VERTEX_POINT ( 'NONE', #148 ) ;
#206 = PLANE ( 'NONE',  #1969 ) ;
#207 = CARTESIAN_POINT ( 'NONE',  ( 19.99999999999999645, 28.04574890855762703, 0.000000000000000000 ) ) ;
#208 = EDGE_CURVE ( 'NONE', #1252, #1188, #1280, .T. ) ;
#209 = EDGE_CURVE ( 'NONE', #769, #1507, #1250, .T. ) ;
#210 = DIRECTION ( 'NONE',  ( 1.703659351870403630E-16, -0.7071067811865425767, -0.7071067811865524577 ) ) ;
#211 = AXIS2_PLACEMENT_3D ( 'NONE', #1305, #863, #1783 ) ;
#212 = EDGE_LOOP ( 'NONE', ( #291, #1595, #486, #989 ) ) ;
#213 = FACE_OUTER_BOUND ( 'NONE', #1875, .T. ) ;
#214 = CARTESIAN_POINT ( 'NONE',  ( -23.50000000000000711, 36.00000000000000000, -3.500000000000006661 ) ) ;
#215 = ORIENTED_EDGE ( 'NONE', *, *, #559, .T. ) ;
#216 = VECTOR ( 'NONE', #441, 1000.000000000000000 ) ;
#217 = EDGE_CURVE ( 'NONE', #930, #103, #1743, .T. ) ;
#218 = ORIENTED_EDGE ( 'NONE', *, *, #1770, .F. ) ;
#219 = DIRECTION ( 'NONE',  ( -1.000000000000000000, 2.409338161078898687E-16, 0.000000000000000000 ) ) ;
#220 = VECTOR ( 'NONE', #245, 1000.000000000000114 ) ;
#221 = CARTESIAN_POINT ( 'NONE',  ( 0.000000000000000000, 2.250000000000000000, 3.000000000000000000 ) ) ;
#222 = CIRCLE ( 'NONE', #365, 2.750000000000007105 ) ;
#223 = AXIS2_PLACEMENT_3D ( 'NONE', #1680, #737, #294 ) ;
#224 = CARTESIAN_POINT ( 'NONE',  ( -23.75000000000000711, 35.75000000000000000, 2.500000000000006661 ) ) ;
#225 = DIRECTION ( 'NONE',  ( -0.5773502691896270633, -0.5773502691896252870, 0.5773502691896251759 ) ) ;
#226 = EDGE_LOOP ( 'NONE', ( #705, #764, #1429, #870 ) ) ;
#227 = ADVANCED_FACE ( 'NONE', ( #1555 ), #960, .F. ) ;
#228 = CARTESIAN_POINT ( 'NONE',  ( -23.50000000000000711, 36.00000000000000000, -3.500000000000006661 ) ) ;
#229 = EDGE_LOOP ( 'NONE', ( #31, #790, #1108, #1861 ) ) ;
#230 = EDGE_CURVE ( 'NONE', #891, #310, #161, .T. ) ;
#231 = LINE ( 'NONE', #1598, #1583 ) ;
#232 = LINE ( 'NONE', #1791, #1612 ) ;
#233 = ORIENTED_EDGE ( 'NONE', *, *, #1930, .F. ) ;
#234 = DIRECTION ( 'NONE',  ( -0.000000000000000000, -0.000000000000000000, -1.000000000000000000 ) ) ;
#235 = CYLINDRICAL_SURFACE ( 'NONE', #1480, 2.250000000000000000 ) ;
#236 = VERTEX_POINT ( 'NONE', #678 ) ;
#237 = DIRECTION ( 'NONE',  ( 0.000000000000000000, 0.000000000000000000, 1.000000000000000000 ) ) ;
#238 = ADVANCED_FACE ( 'NONE', ( #1487 ), #846, .F. ) ;
#239 = CIRCLE ( 'NONE', #614, 1.800000000000002931 ) ;
#240 = VERTEX_POINT ( 'NONE', #702 ) ;
#241 = DIRECTION ( 'NONE',  ( 0.000000000000000000, 0.000000000000000000, 1.000000000000000000 ) ) ;
#242 = VECTOR ( 'NONE', #513, 1000.000000000000000 ) ;
#243 = EDGE_CURVE ( 'NONE', #1271, #1304, #231, .T. ) ;
#244 = LOCAL_TIME ( 14, 42, 24.00000000000000000, #1578 ) ;
#245 = DIRECTION ( 'NONE',  ( -0.000000000000000000, -0.7071067811865474617, 0.7071067811865474617 ) ) ;
#246 = DIRECTION ( 'NONE',  ( 1.000000000000000000, 0.000000000000000000, 0.000000000000000000 ) ) ;
#247 = VECTOR ( 'NONE', #794, 1000.000000000000000 ) ;
#248 = DIRECTION ( 'NONE',  ( -1.000000000000000000, 0.000000000000000000, 0.000000000000000000 ) ) ;
#249 = ORIENTED_EDGE ( 'NONE', *, *, #1845, .F. ) ;
#250 = VECTOR ( 'NONE', #799, 1000.000000000000000 ) ;
#251 = DIRECTION ( 'NONE',  ( -0.000000000000000000, -0.000000000000000000, -1.000000000000000000 ) ) ;
#252 = PLANE ( 'NONE',  #40 ) ;
#253 = DIRECTION ( 'NONE',  ( 0.000000000000000000, 0.000000000000000000, -1.000000000000000000 ) ) ;
#254 = ORIENTED_EDGE ( 'NONE', *, *, #710, .T. ) ;
#255 = DIRECTION ( 'NONE',  ( -0.000000000000000000, -0.000000000000000000, -1.000000000000000000 ) ) ;
#256 = ADVANCED_FACE ( 'NONE', ( #1299 ), #1163, .T. ) ;
#257 = PLANE ( 'NONE',  #1075 ) ;
#258 = CARTESIAN_POINT ( 'NONE',  ( -14.14999999999999858, 36.00000000000000711, -1.500000000000000000 ) ) ;
#259 = EDGE_LOOP ( 'NONE', ( #1634, #2010, #1945 ) ) ;
#260 = CARTESIAN_POINT ( 'NONE',  ( 4.680238497713570034, -5.500000000000006217, 0.000000000000000000 ) ) ;
#261 = CARTESIAN_POINT ( 'NONE',  ( 11.19999999999999574, 32.00000000000000000, 2.499999999999998668 ) ) ;
#262 = VERTEX_POINT ( 'NONE', #1956 ) ;
#263 = FACE_OUTER_BOUND ( 'NONE', #1617, .T. ) ;
#264 = DIRECTION ( 'NONE',  ( 0.000000000000000000, -0.7071067811865482389, -0.7071067811865469066 ) ) ;
#265 = EDGE_CURVE ( 'NONE', #1708, #185, #681, .T. ) ;
#266 = EDGE_LOOP ( 'NONE', ( #386, #1628 ) ) ;
#267 = ADVANCED_FACE ( 'NONE', ( #379 ), #396, .T. ) ;
#268 = DIRECTION ( 'NONE',  ( -0.7071067811865474617, 2.307555223660279538E-15, 0.7071067811865474617 ) ) ;
#269 = DIRECTION ( 'NONE',  ( 0.7071067811865475727, 0.7071067811865475727, 0.000000000000000000 ) ) ;
#270 = FACE_OUTER_BOUND ( 'NONE', #1893, .T. ) ;
#271 = VERTEX_POINT ( 'NONE', #546 ) ;
#272 = DIRECTION ( 'NONE',  ( -2.180875931667680395E-16, -1.000000000000000000, 0.000000000000000000 ) ) ;
#273 = LINE ( 'NONE', #906, #1885 ) ;
#274 = AXIS2_PLACEMENT_3D ( 'NONE', #1926, #533, #1145 ) ;
#275 = ORIENTED_EDGE ( 'NONE', *, *, #1404, .T. ) ;
#276 = CIRCLE ( 'NONE', #973, 2.300000000000010481 ) ;
#277 = DIRECTION ( 'NONE',  ( 0.000000000000000000, 0.000000000000000000, 1.000000000000000000 ) ) ;
#278 = DIRECTION ( 'NONE',  ( 1.000000000000000000, -2.409338161078898687E-16, 0.000000000000000000 ) ) ;
#279 = LINE ( 'NONE', #258, #1805 ) ;
#280 = ORIENTED_EDGE ( 'NONE', *, *, #120, .F. ) ;
#281 = DIRECTION ( 'NONE',  ( -0.000000000000000000, -0.000000000000000000, -1.000000000000000000 ) ) ;
#282 = DIRECTION ( 'NONE',  ( -2.409338161078898687E-16, 1.000000000000000000, 0.000000000000000000 ) ) ;
#283 = EDGE_CURVE ( 'NONE', #1899, #412, #1448, .T. ) ;
#284 = CARTESIAN_POINT ( 'NONE',  ( 10.14999999999999680, 28.04574890855761993, 0.5000000000000000000 ) ) ;
#285 = ORIENTED_EDGE ( 'NONE', *, *, #1653, .T. ) ;
#286 = AXIS2_PLACEMENT_3D ( 'NONE', #1293, #1771, #1609 ) ;
#287 = CARTESIAN_POINT ( 'NONE',  ( -19.84999999999999787, 28.04574890855762703, -1.500000000000000000 ) ) ;
#288 = VERTEX_POINT ( 'NONE', #1147 ) ;
#289 = DIRECTION ( 'NONE',  ( 1.000000000000000000, 1.577021341797097560E-16, 0.000000000000000000 ) ) ;
#290 = FACE_BOUND ( 'NONE', #793, .T. ) ;
#291 = ORIENTED_EDGE ( 'NONE', *, *, #296, .F. ) ;
#292 = LINE ( 'NONE', #1656, #1586 ) ;
#293 = PLANE ( 'NONE',  #1025 ) ;
#294 = DIRECTION ( 'NONE',  ( 1.000000000000000000, 1.577021341797097560E-16, -0.000000000000000000 ) ) ;
#295 = FACE_OUTER_BOUND ( 'NONE', #689, .T. ) ;
#296 = EDGE_CURVE ( 'NONE', #927, #107, #53, .T. ) ;
#297 = CYLINDRICAL_SURFACE ( 'NONE', #1456, 1.799999999999999600 ) ;
#298 = EDGE_CURVE ( 'NONE', #15, #822, #1513, .T. ) ;
#299 = DIRECTION ( 'NONE',  ( -1.000000000000000000, 0.000000000000000000, 0.000000000000000000 ) ) ;
#300 = DIRECTION ( 'NONE',  ( -0.000000000000000000, -0.000000000000000000, -1.000000000000000000 ) ) ;
#301 = ORIENTED_EDGE ( 'NONE', *, *, #383, .F. ) ;
#302 = CARTESIAN_POINT ( 'NONE',  ( 5.006380209884243371, -6.000000000000000000, 2.500000000000006661 ) ) ;
#303 = CARTESIAN_POINT ( 'NONE',  ( -18.00000000000000000, -2.750000000000011546, 3.000000000000000000 ) ) ;
#304 = ORIENTED_EDGE ( 'NONE', *, *, #132, .T. ) ;
#305 = LINE ( 'NONE', #7, #1780 ) ;
#306 = PLANE ( 'NONE',  #744 ) ;
#307 = ORIENTED_EDGE ( 'NONE', *, *, #209, .F. ) ;
#308 = DIRECTION ( 'NONE',  ( 0.000000000000000000, -1.000000000000000000, 0.000000000000000000 ) ) ;
#309 = EDGE_CURVE ( 'NONE', #1792, #826, #1789, .T. ) ;
#310 = VERTEX_POINT ( 'NONE', #1775 ) ;
#311 = CARTESIAN_POINT ( 'NONE',  ( -23.50000000000000711, 35.50000000000000000, 3.000000000000000000 ) ) ;
#312 = CIRCLE ( 'NONE', #1711, 1.799999999999999600 ) ;
#313 = DIRECTION ( 'NONE',  ( -0.000000000000000000, -0.000000000000000000, -1.000000000000000000 ) ) ;
#314 = CIRCLE ( 'NONE', #1242, 2.300000000000010481 ) ;
#315 = AXIS2_PLACEMENT_3D ( 'NONE', #174, #1125, #37 ) ;
#316 = ORIENTED_EDGE ( 'NONE', *, *, #873, .T. ) ;
#317 = DESIGN_CONTEXT ( 'detailed design', #1959, 'design' ) ;
#318 = CARTESIAN_POINT ( 'NONE',  ( -23.50000000000000711, 28.54574890855761993, -4.000000000000000000 ) ) ;
#319 = APPLICATION_PROTOCOL_DEFINITION ( 'international standard', 'config_control_design', 1994, #1959 ) ;
#320 = CIRCLE ( 'NONE', #1457, 2.250000000000005329 ) ;
#321 = EDGE_LOOP ( 'NONE', ( #1378, #1099, #800, #341 ) ) ;
#322 = VECTOR ( 'NONE', #268, 1000.000000000000114 ) ;
#323 = PLANE ( 'NONE',  #713 ) ;
#324 = DIRECTION ( 'NONE',  ( -0.000000000000000000, 0.000000000000000000, -1.000000000000000000 ) ) ;
#325 = ORIENTED_EDGE ( 'NONE', *, *, #1349, .T. ) ;
#326 = EDGE_CURVE ( 'NONE', #662, #1825, #1154, .T. ) ;
#327 = DIRECTION ( 'NONE',  ( 1.000000000000000000, 0.000000000000000000, 0.000000000000000000 ) ) ;
#328 = ORIENTED_EDGE ( 'NONE', *, *, #495, .T. ) ;
#329 = ADVANCED_FACE ( 'NONE', ( #708 ), #206, .T. ) ;
#330 = VECTOR ( 'NONE', #1989, 1000.000000000000000 ) ;
#331 = CARTESIAN_POINT ( 'NONE',  ( 5.948678478356192123, -2.619775631832202745, 0.000000000000000000 ) ) ;
#332 = DIRECTION ( 'NONE',  ( 1.000000000000000000, 0.000000000000000000, 0.000000000000000000 ) ) ;
#333 = VECTOR ( 'NONE', #146, 1000.000000000000000 ) ;
#334 = DIRECTION ( 'NONE',  ( -0.000000000000000000, -0.000000000000000000, -1.000000000000000000 ) ) ;
#335 = FACE_OUTER_BOUND ( 'NONE', #21, .T. ) ;
#336 = EDGE_LOOP ( 'NONE', ( #560, #1908, #1626 ) ) ;
#337 = CARTESIAN_POINT ( 'NONE',  ( 19.99999999999999645, 35.50000000000000711, -4.000000000000000000 ) ) ;
#338 = ORIENTED_EDGE ( 'NONE', *, *, #1320, .F. ) ;
#339 = CARTESIAN_POINT ( 'NONE',  ( -14.14999999999999858, 28.04574890855761993, 0.000000000000000000 ) ) ;
#340 = EDGE_CURVE ( 'NONE', #1669, #982, #556, .T. ) ;
#341 = ORIENTED_EDGE ( 'NONE', *, *, #17, .F. ) ;
#342 = CARTESIAN_POINT ( 'NONE',  ( -23.50000000000000711, -6.000000000000000000, 3.000000000000000000 ) ) ;
#343 = CALENDAR_DATE ( 2023, 20, 1 ) ;
#344 = ADVANCED_FACE ( 'NONE', ( #213 ), #1648, .F. ) ;
#345 = DIRECTION ( 'NONE',  ( 1.000000000000000000, 0.000000000000000000, 0.000000000000000000 ) ) ;
#346 = DIRECTION ( 'NONE',  ( 0.000000000000000000, 0.000000000000000000, -1.000000000000000000 ) ) ;
#347 = CARTESIAN_POINT ( 'NONE',  ( -17.00000000000000000, 32.00000000000000000, -4.000000000000000000 ) ) ;
#348 = VERTEX_POINT ( 'NONE', #1011 ) ;
#349 = DIRECTION ( 'NONE',  ( -0.000000000000000000, -0.000000000000000000, -1.000000000000000000 ) ) ;
#350 = DIRECTION ( 'NONE',  ( 1.000000000000000000, 0.000000000000000000, 0.000000000000000000 ) ) ;
#351 = VECTOR ( 'NONE', #1526, 999.9999999999998863 ) ;
#352 = ORIENTED_EDGE ( 'NONE', *, *, #750, .F. ) ;
#353 = APPROVAL_ROLE ( '' ) ;
#354 = LOCAL_TIME ( 14, 42, 24.00000000000000000, #1392 ) ;
#355 = VECTOR ( 'NONE', #1640, 1000.000000000000114 ) ;
#356 = EDGE_CURVE ( 'NONE', #1507, #1304, #368, .T. ) ;
#357 = DIRECTION ( 'NONE',  ( 0.000000000000000000, 0.000000000000000000, 1.000000000000000000 ) ) ;
#358 = ORIENTED_EDGE ( 'NONE', *, *, #536, .F. ) ;
#359 = VECTOR ( 'NONE', #944, 1000.000000000000000 ) ;
#360 = LINE ( 'NONE', #1325, #854 ) ;
#361 = VECTOR ( 'NONE', #1379, 1000.000000000000000 ) ;
#362 = AXIS2_PLACEMENT_3D ( 'NONE', #1416, #357, #156 ) ;
#363 = ORIENTED_EDGE ( 'NONE', *, *, #1845, .T. ) ;
#364 = PERSON_AND_ORGANIZATION ( #1894, #202 ) ;
#365 = AXIS2_PLACEMENT_3D ( 'NONE', #1564, #1573, #1540 ) ;
#366 = EDGE_CURVE ( 'NONE', #1237, #150, #1254, .T. ) ;
#367 = ORIENTED_EDGE ( 'NONE', *, *, #690, .F. ) ;
#368 = LINE ( 'NONE', #986, #1777 ) ;
#369 = ORIENTED_EDGE ( 'NONE', *, *, #1248, .F. ) ;
#370 = PLANE ( 'NONE',  #731 ) ;
#371 = DIRECTION ( 'NONE',  ( -1.000000000000000000, 0.000000000000000000, 0.000000000000000000 ) ) ;
#372 = FACE_OUTER_BOUND ( 'NONE', #920, .T. ) ;
#373 = ORIENTED_EDGE ( 'NONE', *, *, #1203, .T. ) ;
#374 = EDGE_CURVE ( 'NONE', #348, #868, #720, .T. ) ;
#375 = CIRCLE ( 'NONE', #1343, 2.749999999999999112 ) ;
#376 = DIRECTION ( 'NONE',  ( -1.000000000000000000, 0.000000000000000000, 0.000000000000000000 ) ) ;
#377 = LOCAL_TIME ( 14, 42, 24.00000000000000000, #1866 ) ;
#378 = AXIS2_PLACEMENT_3D ( 'NONE', #855, #1478, #1445 ) ;
#379 = FACE_OUTER_BOUND ( 'NONE', #259, .T. ) ;
#380 = MANIFOLD_SOLID_BREP ( 'Chanfrein2', #837 ) ;
#381 = VECTOR ( 'NONE', #1822, 1000.000000000000000 ) ;
#382 = CARTESIAN_POINT ( 'NONE',  ( 0.000000000000000000, 2.250000000000000000, 2.499999999999999556 ) ) ;
#383 = EDGE_CURVE ( 'NONE', #598, #5, #580, .T. ) ;
#384 = DIRECTION ( 'NONE',  ( 1.000000000000000000, 0.000000000000000000, 0.000000000000000000 ) ) ;
#385 = CARTESIAN_POINT ( 'NONE',  ( -18.00000000000000000, 2.750000000000000000, 0.000000000000000000 ) ) ;
#386 = ORIENTED_EDGE ( 'NONE', *, *, #1059, .F. ) ;
#387 = EDGE_CURVE ( 'NONE', #725, #589, #2007, .T. ) ;
#388 = CARTESIAN_POINT ( 'NONE',  ( -14.14999999999999858, 36.00000000000000711, 0.5000000000000000000 ) ) ;
#389 = ORIENTED_EDGE ( 'NONE', *, *, #538, .F. ) ;
#390 = DIRECTION ( 'NONE',  ( 0.000000000000000000, 0.000000000000000000, 1.000000000000000000 ) ) ;
#391 = CARTESIAN_POINT ( 'NONE',  ( 11.19999999999999396, 32.00000000000000000, -4.000000000000000000 ) ) ;
#392 = EDGE_CURVE ( 'NONE', #1442, #107, #1986, .T. ) ;
#393 = ORIENTED_EDGE ( 'NONE', *, *, #217, .F. ) ;
#394 = FACE_OUTER_BOUND ( 'NONE', #121, .T. ) ;
#395 = ADVANCED_FACE ( 'NONE', ( #263 ), #1508, .F. ) ;
#396 = PLANE ( 'NONE',  #378 ) ;
#397 = ORIENTED_EDGE ( 'NONE', *, *, #6, .T. ) ;
#398 = CARTESIAN_POINT ( 'NONE',  ( 19.99999999999999645, 28.04574890855762703, 0.000000000000000000 ) ) ;
#399 = ORIENTED_EDGE ( 'NONE', *, *, #265, .F. ) ;
#400 = CARTESIAN_POINT ( 'NONE',  ( -23.75000000000000355, 28.54574890855761993, -3.750000000000003553 ) ) ;
#401 = CARTESIAN_POINT ( 'NONE',  ( 19.99999999999999645, 35.50000000000001421, 2.500000000000006661 ) ) ;
#402 = EDGE_LOOP ( 'NONE', ( #841, #1040, #578, #13 ) ) ;
#403 = CARTESIAN_POINT ( 'NONE',  ( -17.00000000000000000, 32.00000000000000000, -4.000000000000000000 ) ) ;
#404 = LINE ( 'NONE', #207, #1364 ) ;
#405 = VECTOR ( 'NONE', #1369, 1000.000000000000114 ) ;
#406 = ORIENTED_EDGE ( 'NONE', *, *, #1930, .T. ) ;
#407 = CIRCLE ( 'NONE', #1750, 1.799999999999999600 ) ;
#408 = EDGE_CURVE ( 'NONE', #167, #310, #130, .T. ) ;
#409 = LINE ( 'NONE', #1029, #1558 ) ;
#410 = DIRECTION ( 'NONE',  ( -0.000000000000000000, -0.000000000000000000, -1.000000000000000000 ) ) ;
#411 = VECTOR ( 'NONE', #670, 1000.000000000000227 ) ;
#412 = VERTEX_POINT ( 'NONE', #1063 ) ;
#413 = LINE ( 'NONE', #1958, #220 ) ;
#414 = CARTESIAN_POINT ( 'NONE',  ( 15.84999999999999964, 28.04574890855762703, -4.000000000000000000 ) ) ;
#415 = AXIS2_PLACEMENT_3D ( 'NONE', #131, #1815, #1827 ) ;
#416 = ORIENTED_EDGE ( 'NONE', *, *, #67, .F. ) ;
#417 = CARTESIAN_POINT ( 'NONE',  ( 19.99999999999999645, 28.04574890855762703, 0.000000000000000000 ) ) ;
#418 = DIRECTION ( 'NONE',  ( 0.7071067811865475727, 0.000000000000000000, 0.7071067811865475727 ) ) ;
#419 = ORIENTED_EDGE ( 'NONE', *, *, #693, .T. ) ;
#420 = DIRECTION ( 'NONE',  ( 0.000000000000000000, 0.000000000000000000, 1.000000000000000000 ) ) ;
#421 = EDGE_CURVE ( 'NONE', #1600, #271, #905, .T. ) ;
#422 = VERTEX_POINT ( 'NONE', #287 ) ;
#423 = AXIS2_PLACEMENT_3D ( 'NONE', #1381, #1963, #1972 ) ;
#424 = LINE ( 'NONE', #1047, #1321 ) ;
#425 = ADVANCED_FACE ( 'NONE', ( #917 ), #297, .F. ) ;
#426 = LINE ( 'NONE', #123, #1639 ) ;
#427 = VECTOR ( 'NONE', #902, 1000.000000000000000 ) ;
#428 = VERTEX_POINT ( 'NONE', #1826 ) ;
#429 = CARTESIAN_POINT ( 'NONE',  ( -23.75000000000000355, -5.500000000000005329, 0.2499999999999958922 ) ) ;
#430 = DIRECTION ( 'NONE',  ( -0.4030424048972621187, -0.9151813043624914545, 0.000000000000000000 ) ) ;
#431 = LINE ( 'NONE', #2005, #756 ) ;
#432 = ORIENTED_EDGE ( 'NONE', *, *, #1031, .F. ) ;
#433 = LINE ( 'NONE', #1660, #1217 ) ;
#434 = CARTESIAN_POINT ( 'NONE',  ( 0.000000000000000000, 2.250000000000000000, 2.499999999999999556 ) ) ;
#435 = VERTEX_POINT ( 'NONE', #1977 ) ;
#436 = LINE ( 'NONE', #398, #786 ) ;
#437 = ORIENTED_EDGE ( 'NONE', *, *, #1451, .T. ) ;
#438 = ADVANCED_FACE ( 'NONE', ( #881, #1670, #1362, #1697 ), #774, .T. ) ;
#439 = DIRECTION ( 'NONE',  ( -1.000000000000000000, -1.577021341797097560E-16, 0.000000000000000000 ) ) ;
#440 = ORIENTED_EDGE ( 'NONE', *, *, #792, .T. ) ;
#441 = DIRECTION ( 'NONE',  ( 2.180875931667680149E-16, 1.000000000000000000, -0.000000000000000000 ) ) ;
#442 = DIRECTION ( 'NONE',  ( 0.7071067811865525687, 0.000000000000000000, -0.7071067811865424657 ) ) ;
#443 = DIRECTION ( 'NONE',  ( -0.000000000000000000, -0.000000000000000000, -1.000000000000000000 ) ) ;
#444 = ORIENTED_EDGE ( 'NONE', *, *, #1287, .T. ) ;
#445 = DIRECTION ( 'NONE',  ( 0.000000000000000000, 0.000000000000000000, 1.000000000000000000 ) ) ;
#446 = DIRECTION ( 'NONE',  ( -0.000000000000000000, 0.000000000000000000, -1.000000000000000000 ) ) ;
#447 = VECTOR ( 'NONE', #76, 1000.000000000000000 ) ;
#448 = VERTEX_POINT ( 'NONE', #575 ) ;
#449 = CARTESIAN_POINT ( 'NONE',  ( 12.99999999999999822, 32.00000000000000000, 2.499999999999998668 ) ) ;
#450 = VECTOR ( 'NONE', #1166, 1000.000000000000114 ) ;
#451 = LINE ( 'NONE', #1375, #1483 ) ;
#452 = AXIS2_PLACEMENT_3D ( 'NONE', #1944, #1765, #1455 ) ;
#453 = EDGE_CURVE ( 'NONE', #262, #1708, #761, .T. ) ;
#454 = ORIENTED_EDGE ( 'NONE', *, *, #1601, .T. ) ;
#455 = CARTESIAN_POINT ( 'NONE',  ( 19.99999999999999645, 28.04574890855762703, -4.000000000000000000 ) ) ;
#456 = LINE ( 'NONE', #1824, #1295 ) ;
#457 = EDGE_CURVE ( 'NONE', #1297, #1559, #610, .T. ) ;
#458 = CARTESIAN_POINT ( 'NONE',  ( -18.80000000000000071, 32.00000000000000000, 2.499999999999996891 ) ) ;
#459 = VECTOR ( 'NONE', #740, 1000.000000000000000 ) ;
#460 = CARTESIAN_POINT ( 'NONE',  ( -24.00000000000000000, 28.54574890855761993, -3.500000000000006661 ) ) ;
#461 = CARTESIAN_POINT ( 'NONE',  ( 14.79999999999999893, 32.00000000000000000, 3.000000000000000000 ) ) ;
#462 = VECTOR ( 'NONE', #308, 1000.000000000000000 ) ;
#463 = DIRECTION ( 'NONE',  ( -0.000000000000000000, -0.000000000000000000, -1.000000000000000000 ) ) ;
#464 = ORIENTED_EDGE ( 'NONE', *, *, #326, .T. ) ;
#465 = AXIS2_PLACEMENT_3D ( 'NONE', #677, #848, #1599 ) ;
#466 = CARTESIAN_POINT ( 'NONE',  ( 19.99999999999999645, -1.242348342182896470, 12.30434515080333746 ) ) ;
#467 = CYLINDRICAL_SURFACE ( 'NONE', #883, 1.800000000000001155 ) ;
#468 = ORIENTED_EDGE ( 'NONE', *, *, #374, .T. ) ;
#469 = ADVANCED_FACE ( 'NONE', ( #599 ), #1209, .F. ) ;
#470 = LINE ( 'NONE', #1891, #250 ) ;
#471 = ORIENTED_EDGE ( 'NONE', *, *, #1264, .F. ) ;
#472 = CARTESIAN_POINT ( 'NONE',  ( -23.50000000000000711, 36.00000000000000000, -3.500000000000006661 ) ) ;
#473 = ORIENTED_EDGE ( 'NONE', *, *, #1663, .T. ) ;
#474 = CARTESIAN_POINT ( 'NONE',  ( -14.15000000000000213, 28.04574890855762703, -4.000000000000000000 ) ) ;
#475 = EDGE_LOOP ( 'NONE', ( #440, #1418, #809, #1517, #397, #1985 ) ) ;
#476 = SECURITY_CLASSIFICATION_LEVEL ( 'unclassified' ) ;
#477 = DIRECTION ( 'NONE',  ( 0.000000000000000000, -1.000000000000000000, 0.000000000000000000 ) ) ;
#478 = CARTESIAN_POINT ( 'NONE',  ( 19.50000000000000355, 36.00000000000000711, 3.000000000000000000 ) ) ;
#479 = EDGE_CURVE ( 'NONE', #825, #150, #409, .T. ) ;
#480 = VERTEX_POINT ( 'NONE', #460 ) ;
#481 = FACE_OUTER_BOUND ( 'NONE', #1468, .T. ) ;
#482 = EDGE_CURVE ( 'NONE', #1124, #548, #924, .T. ) ;
#483 = ORIENTED_EDGE ( 'NONE', *, *, #1883, .T. ) ;
#484 = DIRECTION ( 'NONE',  ( -0.000000000000000000, -0.000000000000000000, -1.000000000000000000 ) ) ;
#485 = AXIS2_PLACEMENT_3D ( 'NONE', #23, #615, #1566 ) ;
#486 = ORIENTED_EDGE ( 'NONE', *, *, #682, .T. ) ;
#487 = CARTESIAN_POINT ( 'NONE',  ( -18.00000000000000000, 0.000000000000000000, 0.000000000000000000 ) ) ;
#488 = CALENDAR_DATE ( 2023, 20, 1 ) ;
#489 = EDGE_LOOP ( 'NONE', ( #1127, #1300, #695, #419 ) ) ;
#490 = DIRECTION ( 'NONE',  ( -1.000000000000000000, 0.000000000000000000, 0.000000000000000000 ) ) ;
#491 = AXIS2_PLACEMENT_3D ( 'NONE', #625, #666, #490 ) ;
#492 = ORIENTED_EDGE ( 'NONE', *, *, #374, .F. ) ;
#493 = DIRECTION ( 'NONE',  ( 0.4188302689017816549, -0.6420985928390051667, 0.6420985928390051667 ) ) ;
#494 = ORIENTED_EDGE ( 'NONE', *, *, #309, .T. ) ;
#495 = EDGE_CURVE ( 'NONE', #1201, #757, #1350, .T. ) ;
#496 = DIRECTION ( 'NONE',  ( -1.000000000000000000, 0.000000000000000000, 0.000000000000000000 ) ) ;
#497 = ORIENTED_EDGE ( 'NONE', *, *, #479, .T. ) ;
#498 = LINE ( 'NONE', #1901, #943 ) ;
#499 = APPLICATION_PROTOCOL_DEFINITION ( 'international standard', 'config_control_design', 1994, #1064 ) ;
#500 = VECTOR ( 'NONE', #563, 1000.000000000000000 ) ;
#501 = CARTESIAN_POINT ( 'NONE',  ( -26.48475036381412551, 31.03049927237174543, 2.984750363814119289 ) ) ;
#502 = AXIS2_PLACEMENT_3D ( 'NONE', #1220, #418, #1190 ) ;
#503 = DIRECTION ( 'NONE',  ( 0.000000000000000000, -0.000000000000000000, 1.000000000000000000 ) ) ;
#504 = VECTOR ( 'NONE', #890, 1000.000000000000000 ) ;
#505 = ORIENTED_EDGE ( 'NONE', *, *, #6, .F. ) ;
#506 = LINE ( 'NONE', #878, #1324 ) ;
#507 = ORIENTED_EDGE ( 'NONE', *, *, #1345, .T. ) ;
#508 = PLANE ( 'NONE',  #624 ) ;
#509 = ORIENTED_EDGE ( 'NONE', *, *, #1248, .T. ) ;
#510 = ADVANCED_FACE ( 'NONE', ( #1965 ), #745, .F. ) ;
#511 = DIRECTION ( 'NONE',  ( -0.000000000000000000, -0.000000000000000000, -1.000000000000000000 ) ) ;
#512 = APPROVAL_ROLE ( '' ) ;
#513 = DIRECTION ( 'NONE',  ( -0.000000000000000000, 0.000000000000000000, -1.000000000000000000 ) ) ;
#514 = DIRECTION ( 'NONE',  ( 0.000000000000000000, 0.000000000000000000, -1.000000000000000000 ) ) ;
#515 = ORIENTED_EDGE ( 'NONE', *, *, #1275, .F. ) ;
#516 = ORIENTED_EDGE ( 'NONE', *, *, #296, .T. ) ;
#517 = PRODUCT_DEFINITION_SHAPE ( 'NONE', 'NONE',  #1373 ) ;
#518 = VECTOR ( 'NONE', #1309, 1000.000000000000000 ) ;
#519 = DATE_AND_TIME ( #488, #377 ) ;
#520 = EDGE_CURVE ( 'NONE', #672, #348, #433, .T. ) ;
#521 = EDGE_LOOP ( 'NONE', ( #915, #1509 ) ) ;
#522 = PLANE ( 'NONE',  #1731 ) ;
#523 = DIRECTION ( 'NONE',  ( -0.000000000000000000, -0.000000000000000000, -1.000000000000000000 ) ) ;
#524 = VECTOR ( 'NONE', #264, 999.9999999999998863 ) ;
#525 = FACE_OUTER_BOUND ( 'NONE', #229, .T. ) ;
#526 = VECTOR ( 'NONE', #1707, 1000.000000000000000 ) ;
#527 = ORIENTED_EDGE ( 'NONE', *, *, #1976, .F. ) ;
#528 = ADVANCED_FACE ( 'NONE', ( #634 ), #323, .F. ) ;
#529 = DIRECTION ( 'NONE',  ( -0.5773502691896257311, -0.5773502691896257311, 0.5773502691896257311 ) ) ;
#530 = FACE_OUTER_BOUND ( 'NONE', #139, .T. ) ;
#531 = LINE ( 'NONE', #385, #1998 ) ;
#532 = ORIENTED_EDGE ( 'NONE', *, *, #538, .T. ) ;
#533 = DIRECTION ( 'NONE',  ( -0.000000000000000000, -0.000000000000000000, -1.000000000000000000 ) ) ;
#534 = EDGE_LOOP ( 'NONE', ( #1245, #1967 ) ) ;
#535 = DIRECTION ( 'NONE',  ( 1.000000000000000000, 0.000000000000000000, 0.000000000000000000 ) ) ;
#536 = EDGE_CURVE ( 'NONE', #205, #435, #1879, .T. ) ;
#537 = ORIENTED_EDGE ( 'NONE', *, *, #1502, .F. ) ;
#538 = EDGE_CURVE ( 'NONE', #804, #1397, #2017, .T. ) ;
#539 = DIRECTION ( 'NONE',  ( 0.000000000000000000, -1.000000000000000000, 0.000000000000000000 ) ) ;
#540 = FACE_OUTER_BOUND ( 'NONE', #898, .T. ) ;
#541 = AXIS2_PLACEMENT_3D ( 'NONE', #913, #1219, #94 ) ;
#542 = ORIENTED_EDGE ( 'NONE', *, *, #710, .F. ) ;
#543 = FACE_OUTER_BOUND ( 'NONE', #669, .T. ) ;
#544 = VECTOR ( 'NONE', #1522, 1000.000000000000000 ) ;
#545 = ORIENTED_EDGE ( 'NONE', *, *, #671, .T. ) ;
#546 = CARTESIAN_POINT ( 'NONE',  ( 0.000000000000000000, -2.250000000000000000, 0.4999999999999947820 ) ) ;
#547 = PRODUCT_DEFINITION_FORMATION_WITH_SPECIFIED_SOURCE ( 'ANY', '', #856, .NOT_KNOWN. ) ;
#548 = VERTEX_POINT ( 'NONE', #819 ) ;
#549 = EDGE_CURVE ( 'NONE', #103, #814, #1002, .T. ) ;
#550 = VECTOR ( 'NONE', #586, 1000.000000000000114 ) ;
#551 = FACE_OUTER_BOUND ( 'NONE', #489, .T. ) ;
#552 = EDGE_CURVE ( 'NONE', #868, #1906, #1428, .T. ) ;
#553 = ORIENTED_EDGE ( 'NONE', *, *, #897, .T. ) ;
#554 = CYLINDRICAL_SURFACE ( 'NONE', #274, 1.799999999999999600 ) ;
#555 = ORIENTED_EDGE ( 'NONE', *, *, #49, .F. ) ;
#556 = LINE ( 'NONE', #44, #650 ) ;
#557 = DIRECTION ( 'NONE',  ( 1.000000000000000000, 0.000000000000000000, 0.000000000000000000 ) ) ;
#558 = CARTESIAN_POINT ( 'NONE',  ( -18.80000000000000071, 32.00000000000000000, 2.499999999999996891 ) ) ;
#559 = EDGE_CURVE ( 'NONE', #822, #662, #967, .T. ) ;
#560 = ORIENTED_EDGE ( 'NONE', *, *, #209, .T. ) ;
#561 = UNCERTAINTY_MEASURE_WITH_UNIT (LENGTH_MEASURE( 1.000000000000000082E-05 ), #759, 'distance_accuracy_value', 'NONE');
#562 = DIRECTION ( 'NONE',  ( 1.000000000000000000, 0.000000000000000000, 0.000000000000000000 ) ) ;
#563 = DIRECTION ( 'NONE',  ( -4.326666044363039467E-15, 0.7071067811865502373, 0.7071067811865447972 ) ) ;
#564 = ORIENTED_EDGE ( 'NONE', *, *, #92, .F. ) ;
#565 = DIRECTION ( 'NONE',  ( -0.000000000000000000, -0.000000000000000000, -1.000000000000000000 ) ) ;
#566 = CARTESIAN_POINT ( 'NONE',  ( 2.250000000000000000, 0.000000000000000000, 2.499999999999999556 ) ) ;
#567 = CARTESIAN_POINT ( 'NONE',  ( 19.50000000000000355, 28.04574890855762703, -4.000000000000000000 ) ) ;
#568 = LINE ( 'NONE', #382, #1311 ) ;
#569 = LINE ( 'NONE', #1039, #648 ) ;
#570 = APPROVAL ( #1569, 'UNSPECIFIED' ) ;
#571 = DIRECTION ( 'NONE',  ( 0.000000000000000000, 0.000000000000000000, -1.000000000000000000 ) ) ;
#572 = CYLINDRICAL_SURFACE ( 'NONE', #157, 2.250000000000005329 ) ;
#573 = EDGE_LOOP ( 'NONE', ( #1884, #1144, #1382, #1474 ) ) ;
#574 = EDGE_CURVE ( 'NONE', #1669, #1326, #305, .T. ) ;
#575 = CARTESIAN_POINT ( 'NONE',  ( -18.80000000000000071, 32.00000000000000000, -1.500000000000000444 ) ) ;
#576 = AXIS2_PLACEMENT_3D ( 'NONE', #1709, #484, #327 ) ;
#577 = VECTOR ( 'NONE', #278, 1000.000000000000000 ) ;
#578 = ORIENTED_EDGE ( 'NONE', *, *, #1415, .T. ) ;
#579 = DIRECTION ( 'NONE',  ( -1.000000000000000000, 0.000000000000000000, 0.000000000000000000 ) ) ;
#580 = CIRCLE ( 'NONE', #1035, 2.750000000000007105 ) ;
#581 = ORIENTED_EDGE ( 'NONE', *, *, #1594, .T. ) ;
#582 = LINE ( 'NONE', #429, #322 ) ;
#583 = FACE_BOUND ( 'NONE', #402, .T. ) ;
#584 = CARTESIAN_POINT ( 'NONE',  ( -18.00000000000000000, 0.000000000000000000, 3.000000000000000000 ) ) ;
#585 = ORIENTED_EDGE ( 'NONE', *, *, #1140, .T. ) ;
#586 = DIRECTION ( 'NONE',  ( 0.4188302689017807667, -0.6420985928390054998, -0.6420985928390054998 ) ) ;
#587 = FACE_OUTER_BOUND ( 'NONE', #1226, .T. ) ;
#588 = ADVANCED_FACE ( 'NONE', ( #335 ), #933, .T. ) ;
#589 = VERTEX_POINT ( 'NONE', #1223 ) ;
#590 = FACE_BOUND ( 'NONE', #1146, .T. ) ;
#591 = CARTESIAN_POINT ( 'NONE',  ( 1.204669080539438743E-16, 2.749999999999995559, 0.000000000000000000 ) ) ;
#592 = DIRECTION ( 'NONE',  ( -1.000000000000000000, 0.000000000000000000, 0.000000000000000000 ) ) ;
#593 = AXIS2_PLACEMENT_3D ( 'NONE', #1080, #1537, #1207 ) ;
#594 = EDGE_LOOP ( 'NONE', ( #1273, #1799, #57, #173 ) ) ;
#595 = CARTESIAN_POINT ( 'NONE',  ( -18.00000000000000000, 0.000000000000000000, 3.000000000000000000 ) ) ;
#596 = CARTESIAN_POINT ( 'NONE',  ( -23.50000000000000711, 0.000000000000000000, -4.000000000000000000 ) ) ;
#597 = LINE ( 'NONE', #284, #2018 ) ;
#598 = VERTEX_POINT ( 'NONE', #1904 ) ;
#599 = FACE_OUTER_BOUND ( 'NONE', #1808, .T. ) ;
#600 = ORIENTED_EDGE ( 'NONE', *, *, #1264, .T. ) ;
#601 = EDGE_CURVE ( 'NONE', #589, #240, #1241, .T. ) ;
#602 = LINE ( 'NONE', #872, #1395 ) ;
#603 = EDGE_LOOP ( 'NONE', ( #1477, #1665, #1117, #218 ) ) ;
#604 = ADVANCED_FACE ( 'NONE', ( #1115 ), #1454, .F. ) ;
#605 = CARTESIAN_POINT ( 'NONE',  ( -23.50000000000000711, 35.50000000000000000, -4.000000000000000000 ) ) ;
#606 = EDGE_LOOP ( 'NONE', ( #304, #879, #1058, #1087 ) ) ;
#607 = LINE ( 'NONE', #1189, #899 ) ;
#608 =( NAMED_UNIT ( * ) PLANE_ANGLE_UNIT ( ) SI_UNIT ( $, .RADIAN. ) );
#609 = ORIENTED_EDGE ( 'NONE', *, *, #1868, .T. ) ;
#610 = LINE ( 'NONE', #1183, #1425 ) ;
#611 = VECTOR ( 'NONE', #41, 1000.000000000000114 ) ;
#612 = DIRECTION ( 'NONE',  ( 1.000000000000000000, 0.000000000000000000, 0.000000000000000000 ) ) ;
#613 = EDGE_CURVE ( 'NONE', #1055, #1271, #1100, .T. ) ;
#614 = AXIS2_PLACEMENT_3D ( 'NONE', #1797, #1624, #984 ) ;
#615 = DIRECTION ( 'NONE',  ( 1.000000000000000000, 0.000000000000000000, -0.000000000000000000 ) ) ;
#616 = ORIENTED_EDGE ( 'NONE', *, *, #1843, .T. ) ;
#617 = ADVANCED_FACE ( 'NONE', ( #1232, #1552, #16 ), #977, .T. ) ;
#618 = DIRECTION ( 'NONE',  ( 0.5773502691896230665, 0.5773502691896231775, 0.5773502691896312822 ) ) ;
#619 = CONICAL_SURFACE ( 'NONE', #978, 2.749999999999995559, 0.7853981633974491672 ) ;
#620 = PLANE ( 'NONE',  #502 ) ;
#621 = CARTESIAN_POINT ( 'NONE',  ( -18.00000000000000000, 2.250000000000003997, 2.499999999999999556 ) ) ;
#622 = AXIS2_PLACEMENT_3D ( 'NONE', #1464, #674, #384 ) ;
#623 = VECTOR ( 'NONE', #183, 1000.000000000000000 ) ;
#624 = AXIS2_PLACEMENT_3D ( 'NONE', #1282, #1126, #1134 ) ;
#625 = CARTESIAN_POINT ( 'NONE',  ( -17.00000000000000000, 32.00000000000000000, 0.5000000000000000000 ) ) ;
#626 = ORIENTED_EDGE ( 'NONE', *, *, #1735, .T. ) ;
#627 = DIRECTION ( 'NONE',  ( 0.000000000000000000, 0.000000000000000000, 1.000000000000000000 ) ) ;
#628 = VERTEX_POINT ( 'NONE', #830 ) ;
#629 = FACE_OUTER_BOUND ( 'NONE', #1574, .T. ) ;
#630 = EDGE_LOOP ( 'NONE', ( #1028, #1661, #87, #1774, #93 ) ) ;
#631 = EDGE_CURVE ( 'NONE', #826, #868, #143, .T. ) ;
#632 = CALENDAR_DATE ( 2023, 20, 1 ) ;
#633 = ORIENTED_EDGE ( 'NONE', *, *, #1170, .T. ) ;
#634 = FACE_OUTER_BOUND ( 'NONE', #144, .T. ) ;
#635 = FACE_OUTER_BOUND ( 'NONE', #196, .T. ) ;
#636 = EDGE_LOOP ( 'NONE', ( #393, #316, #1519, #1498 ) ) ;
#637 = CARTESIAN_POINT ( 'NONE',  ( -23.50000000000000711, -5.500000000000006217, 0.000000000000000000 ) ) ;
#638 = ORIENTED_EDGE ( 'NONE', *, *, #852, .T. ) ;
#639 = DIRECTION ( 'NONE',  ( -1.000000000000000000, -1.577021341797097560E-16, 0.000000000000000000 ) ) ;
#640 = CALENDAR_DATE ( 2023, 20, 1 ) ;
#641 = ORIENTED_EDGE ( 'NONE', *, *, #1920, .F. ) ;
#642 = CC_DESIGN_DATE_AND_TIME_ASSIGNMENT ( #1413, #1256, ( #1210 ) ) ;
#643 = CARTESIAN_POINT ( 'NONE',  ( 19.50000000000000355, 28.04574890855762703, -4.000000000000000000 ) ) ;
#644 = EDGE_CURVE ( 'NONE', #769, #1055, #1869, .T. ) ;
#645 = LINE ( 'NONE', #9, #712 ) ;
#646 = DIRECTION ( 'NONE',  ( -0.000000000000000000, -0.000000000000000000, -1.000000000000000000 ) ) ;
#647 = EDGE_LOOP ( 'NONE', ( #600, #201, #1032, #749 ) ) ;
#648 = VECTOR ( 'NONE', #1493, 1000.000000000000000 ) ;
#649 = CYLINDRICAL_SURFACE ( 'NONE', #100, 1.800000000000001155 ) ;
#650 = VECTOR ( 'NONE', #79, 1000.000000000000000 ) ;
#651 = ORIENTED_EDGE ( 'NONE', *, *, #750, .T. ) ;
#652 = DIRECTION ( 'NONE',  ( 0.000000000000000000, -0.7071067811865523467, 0.7071067811865426878 ) ) ;
#653 = ORIENTED_EDGE ( 'NONE', *, *, #392, .F. ) ;
#654 = VECTOR ( 'NONE', #152, 1000.000000000000000 ) ;
#655 = CARTESIAN_POINT ( 'NONE',  ( 0.000000000000000000, 0.000000000000000000, -4.000000000000000000 ) ) ;
#656 = CARTESIAN_POINT ( 'NONE',  ( -23.50000000000000711, 36.00000000000000000, 3.000000000000000000 ) ) ;
#657 = CIRCLE ( 'NONE', #1067, 1.799999999999999600 ) ;
#658 = VECTOR ( 'NONE', #808, 1000.000000000000000 ) ;
#659 = VECTOR ( 'NONE', #1898, 1000.000000000000000 ) ;
#660 = DIRECTION ( 'NONE',  ( -0.7071067811865463515, 0.7071067811865487940, -1.837086636568290686E-16 ) ) ;
#661 = EDGE_CURVE ( 'NONE', #1252, #769, #470, .T. ) ;
#662 = VERTEX_POINT ( 'NONE', #1580 ) ;
#663 = CARTESIAN_POINT ( 'NONE',  ( -18.00000000000000000, 0.000000000000000000, 0.4999999999999947820 ) ) ;
#664 = ORIENTED_EDGE ( 'NONE', *, *, #1872, .T. ) ;
#665 = CARTESIAN_POINT ( 'NONE',  ( 11.19999999999999574, 32.00000000000000000, -1.500000000000000444 ) ) ;
#666 = DIRECTION ( 'NONE',  ( -0.000000000000000000, -0.000000000000000000, -1.000000000000000000 ) ) ;
#667 = EDGE_LOOP ( 'NONE', ( #1721, #990, #1610, #78, #1208 ) ) ;
#668 = DIRECTION ( 'NONE',  ( 0.000000000000000000, -0.7071067811865475727, 0.7071067811865475727 ) ) ;
#669 = EDGE_LOOP ( 'NONE', ( #406, #1372, #352, #1742 ) ) ;
#670 = DIRECTION ( 'NONE',  ( 0.4030424048972621187, 0.9151813043624914545, 0.000000000000000000 ) ) ;
#671 = EDGE_CURVE ( 'NONE', #448, #1434, #1089, .T. ) ;
#672 = VERTEX_POINT ( 'NONE', #1083 ) ;
#673 = EDGE_CURVE ( 'NONE', #1333, #891, #1614, .T. ) ;
#674 = DIRECTION ( 'NONE',  ( 0.000000000000000000, 0.000000000000000000, 1.000000000000000000 ) ) ;
#675 = APPROVAL_DATE_TIME ( #1889, #1317 ) ;
#676 = ORIENTED_EDGE ( 'NONE', *, *, #897, .F. ) ;
#677 = CARTESIAN_POINT ( 'NONE',  ( -17.00000000000000000, 32.00000000000000000, 3.000000000000000000 ) ) ;
#678 = CARTESIAN_POINT ( 'NONE',  ( -14.14999999999999858, 28.04574890855761993, -1.500000000000000000 ) ) ;
#679 = VECTOR ( 'NONE', #1024, 1000.000000000000114 ) ;
#680 = AXIS2_PLACEMENT_3D ( 'NONE', #1322, #1331, #1950 ) ;
#681 = CIRCLE ( 'NONE', #1178, 2.749999999999995559 ) ;
#682 = EDGE_CURVE ( 'NONE', #15, #1442, #859, .T. ) ;
#683 = CC_DESIGN_SECURITY_CLASSIFICATION ( #1210, ( #547 ) ) ;
#684 = CARTESIAN_POINT ( 'NONE',  ( -17.00000000000000000, 32.00000000000000000, 3.000000000000000000 ) ) ;
#685 = VERTEX_POINT ( 'NONE', #260 ) ;
#686 = CARTESIAN_POINT ( 'NONE',  ( -18.00000000000000000, 0.000000000000000000, 2.499999999999999556 ) ) ;
#687 = VECTOR ( 'NONE', #88, 1000.000000000000000 ) ;
#688 = DIRECTION ( 'NONE',  ( 0.7071067811865463515, -0.7071067811865487940, -1.837086636568290686E-16 ) ) ;
#689 = EDGE_LOOP ( 'NONE', ( #2, #752, #301, #280 ) ) ;
#690 = EDGE_CURVE ( 'NONE', #1432, #1351, #1757, .T. ) ;
#691 = DIRECTION ( 'NONE',  ( -0.000000000000000000, -0.000000000000000000, -1.000000000000000000 ) ) ;
#692 = ORIENTED_EDGE ( 'NONE', *, *, #778, .F. ) ;
#693 = EDGE_CURVE ( 'NONE', #1326, #1988, #1846, .T. ) ;
#694 = CARTESIAN_POINT ( 'NONE',  ( 0.000000000000000000, 2.250000000000000000, 3.000000000000000000 ) ) ;
#695 = ORIENTED_EDGE ( 'NONE', *, *, #574, .T. ) ;
#696 = CARTESIAN_POINT ( 'NONE',  ( 15.84999999999999964, 36.00000000000000711, 0.5000000000000000000 ) ) ;
#697 = AXIS2_PLACEMENT_3D ( 'NONE', #1113, #796, #332 ) ;
#698 = EDGE_LOOP ( 'NONE', ( #125, #911, #497, #1632 ) ) ;
#699 = CARTESIAN_POINT ( 'NONE',  ( 0.000000000000000000, 2.250000000000000000, 2.499999999999999556 ) ) ;
#700 = EDGE_CURVE ( 'NONE', #428, #725, #292, .T. ) ;
#701 = ORIENTED_EDGE ( 'NONE', *, *, #1389, .F. ) ;
#702 = CARTESIAN_POINT ( 'NONE',  ( -24.00000000000000000, 35.50000000000000711, 2.500000000000006661 ) ) ;
#703 = EDGE_CURVE ( 'NONE', #1446, #725, #582, .T. ) ;
#704 = CARTESIAN_POINT ( 'NONE',  ( -15.20000000000000107, 32.00000000000000000, 0.5000000000000000000 ) ) ;
#705 = ORIENTED_EDGE ( 'NONE', *, *, #916, .F. ) ;
#706 = DIRECTION ( 'NONE',  ( -0.7071067811865530128, 8.659560562355000651E-17, 0.7071067811865421326 ) ) ;
#707 = AXIS2_PLACEMENT_3D ( 'NONE', #1459, #1946, #1021 ) ;
#708 = FACE_OUTER_BOUND ( 'NONE', #212, .T. ) ;
#709 = VECTOR ( 'NONE', #116, 1000.000000000000000 ) ;
#710 = EDGE_CURVE ( 'NONE', #982, #74, #900, .T. ) ;
#711 = CARTESIAN_POINT ( 'NONE',  ( -18.00000000000000000, 0.000000000000000000, 2.499999999999999556 ) ) ;
#712 = VECTOR ( 'NONE', #1914, 1000.000000000000114 ) ;
#713 = AXIS2_PLACEMENT_3D ( 'NONE', #27, #1572, #503 ) ;
#714 = DIRECTION ( 'NONE',  ( -0.000000000000000000, -0.000000000000000000, -1.000000000000000000 ) ) ;
#715 = LINE ( 'NONE', #558, #1175 ) ;
#716 = ORIENTED_EDGE ( 'NONE', *, *, #170, .T. ) ;
#717 = CARTESIAN_POINT ( 'NONE',  ( -23.50000000000000711, 28.04574890855762703, -3.500000000000006661 ) ) ;
#718 = DIRECTION ( 'NONE',  ( 0.000000000000000000, -0.7071067811865475727, -0.7071067811865475727 ) ) ;
#719 = EDGE_LOOP ( 'NONE', ( #1659, #1312, #1928, #416 ) ) ;
#720 = LINE ( 'NONE', #1923, #1918 ) ;
#721 = LINE ( 'NONE', #1174, #1593 ) ;
#722 = LINE ( 'NONE', #1436, #1383 ) ;
#723 = CC_DESIGN_PERSON_AND_ORGANIZATION_ASSIGNMENT ( #784, #4, ( #1210 ) ) ;
#724 = FACE_OUTER_BOUND ( 'NONE', #1905, .T. ) ;
#725 = VERTEX_POINT ( 'NONE', #1678 ) ;
#726 = ADVANCED_FACE ( 'NONE', ( #747 ), #1983, .F. ) ;
#727 = FACE_OUTER_BOUND ( 'NONE', #226, .T. ) ;
#728 = FACE_OUTER_BOUND ( 'NONE', #636, .T. ) ;
#729 = DIRECTION ( 'NONE',  ( 1.000000000000000000, 0.000000000000000000, -0.000000000000000000 ) ) ;
#730 = VERTEX_POINT ( 'NONE', #1712 ) ;
#731 = AXIS2_PLACEMENT_3D ( 'NONE', #1475, #1152, #63 ) ;
#732 = DIRECTION ( 'NONE',  ( 0.000000000000000000, 0.000000000000000000, -1.000000000000000000 ) ) ;
#733 = VERTEX_POINT ( 'NONE', #1577 ) ;
#734 = DIRECTION ( 'NONE',  ( 0.000000000000000000, -1.000000000000000000, 0.000000000000000000 ) ) ;
#735 = PLANE ( 'NONE',  #1545 ) ;
#736 = EDGE_CURVE ( 'NONE', #1507, #1188, #1701, .T. ) ;
#737 = DIRECTION ( 'NONE',  ( -1.115122484860631658E-16, 0.7071067811865447972, 0.7071067811865502373 ) ) ;
#738 = EDGE_LOOP ( 'NONE', ( #2006, #1191, #545, #1524 ) ) ;
#739 = VECTOR ( 'NONE', #798, 1000.000000000000000 ) ;
#740 = DIRECTION ( 'NONE',  ( -0.000000000000000000, -0.000000000000000000, -1.000000000000000000 ) ) ;
#741 = VERTEX_POINT ( 'NONE', #318 ) ;
#742 = CARTESIAN_POINT ( 'NONE',  ( -15.20000000000000107, 32.00000000000000000, -1.500000000000000444 ) ) ;
#743 = CARTESIAN_POINT ( 'NONE',  ( 0.000000000000000000, 0.000000000000000000, 0.5000000000000000000 ) ) ;
#744 = AXIS2_PLACEMENT_3D ( 'NONE', #1184, #446, #1851 ) ;
#745 = CONICAL_SURFACE ( 'NONE', #2008, 1.799999999999999600, 0.7853981633974557175 ) ;
#746 = ORIENTED_EDGE ( 'NONE', *, *, #208, .F. ) ;
#747 = FACE_OUTER_BOUND ( 'NONE', #1978, .T. ) ;
#748 = CARTESIAN_POINT ( 'NONE',  ( 19.50000000000000355, 28.04574890855762703, 0.04240934781876183612 ) ) ;
#749 = ORIENTED_EDGE ( 'NONE', *, *, #482, .F. ) ;
#750 = EDGE_CURVE ( 'NONE', #1899, #1385, #1546, .T. ) ;
#751 = CARTESIAN_POINT ( 'NONE',  ( 19.99999999999999645, 28.04574890855762703, 3.000000000000000000 ) ) ;
#752 = ORIENTED_EDGE ( 'NONE', *, *, #912, .T. ) ;
#753 = EDGE_CURVE ( 'NONE', #422, #804, #24, .T. ) ;
#754 = CIRCLE ( 'NONE', #1492, 2.250000000000005329 ) ;
#755 = DIRECTION ( 'NONE',  ( 0.000000000000000000, 0.000000000000000000, 1.000000000000000000 ) ) ;
#756 = VECTOR ( 'NONE', #1857, 1000.000000000000000 ) ;
#757 = VERTEX_POINT ( 'NONE', #302 ) ;
#758 = FACE_OUTER_BOUND ( 'NONE', #1452, .T. ) ;
#759 =( LENGTH_UNIT ( ) NAMED_UNIT ( * ) SI_UNIT ( .MILLI., .METRE. ) );
#760 = LINE ( 'NONE', #1370, #1243 ) ;
#761 = LINE ( 'NONE', #1647, #1288 ) ;
#762 = CC_DESIGN_APPROVAL ( #1317, ( #1373 ) ) ;
#763 = EDGE_CURVE ( 'NONE', #50, #814, #3, .T. ) ;
#764 = ORIENTED_EDGE ( 'NONE', *, *, #1231, .T. ) ;
#765 = CARTESIAN_POINT ( 'NONE',  ( 15.84999999999999964, 36.00000000000000711, 0.5000000000000000000 ) ) ;
#766 = EDGE_CURVE ( 'NONE', #1055, #1081, #498, .T. ) ;
#767 = CARTESIAN_POINT ( 'NONE',  ( -24.00000000000000000, 28.04574890855762703, -3.500000000000006661 ) ) ;
#768 = CARTESIAN_POINT ( 'NONE',  ( -14.14999999999999858, 36.00000000000000711, 0.5000000000000000000 ) ) ;
#769 = VERTEX_POINT ( 'NONE', #140 ) ;
#770 = DIRECTION ( 'NONE',  ( 0.7071067811865474617, -2.307555223660279538E-15, 0.7071067811865474617 ) ) ;
#771 = CARTESIAN_POINT ( 'NONE',  ( -23.50000000000000711, 36.00000000000000000, -3.500000000000006661 ) ) ;
#772 = DIRECTION ( 'NONE',  ( 0.000000000000000000, 0.000000000000000000, -1.000000000000000000 ) ) ;
#773 = ORIENTED_EDGE ( 'NONE', *, *, #1479, .T. ) ;
#774 = PLANE ( 'NONE',  #22 ) ;
#775 = VECTOR ( 'NONE', #939, 1000.000000000000114 ) ;
#776 = LINE ( 'NONE', #1374, #1855 ) ;
#777 = ORIENTED_EDGE ( 'NONE', *, *, #549, .F. ) ;
#778 = EDGE_CURVE ( 'NONE', #1623, #1507, #782, .T. ) ;
#779 = CARTESIAN_POINT ( 'NONE',  ( -14.15000000000000213, 36.00000000000000000, -1.500000000000000444 ) ) ;
#780 = ORIENTED_EDGE ( 'NONE', *, *, #1675, .F. ) ;
#781 = AXIS2_PLACEMENT_3D ( 'NONE', #1283, #1917, #1941 ) ;
#782 = LINE ( 'NONE', #963, #909 ) ;
#783 = LINE ( 'NONE', #1391, #1307 ) ;
#784 = PERSON_AND_ORGANIZATION ( #1894, #202 ) ;
#785 = ORIENTED_EDGE ( 'NONE', *, *, #1883, .F. ) ;
#786 = VECTOR ( 'NONE', #895, 1000.000000000000000 ) ;
#787 = DIRECTION ( 'NONE',  ( 1.000000000000000000, 0.000000000000000000, 0.000000000000000000 ) ) ;
#788 = VERTEX_POINT ( 'NONE', #815 ) ;
#789 = CARTESIAN_POINT ( 'NONE',  ( 19.45366016808188903, 28.04574890855762703, 0.000000000000000000 ) ) ;
#790 = ORIENTED_EDGE ( 'NONE', *, *, #453, .F. ) ;
#791 = CARTESIAN_POINT ( 'NONE',  ( 12.99999999999999822, 32.00000000000000000, 3.000000000000000000 ) ) ;
#792 = EDGE_CURVE ( 'NONE', #310, #672, #1238, .T. ) ;
#793 = EDGE_LOOP ( 'NONE', ( #701, #777 ) ) ;
#794 = DIRECTION ( 'NONE',  ( -0.000000000000000000, -0.000000000000000000, -1.000000000000000000 ) ) ;
#795 = LINE ( 'NONE', #1255, #176 ) ;
#796 = DIRECTION ( 'NONE',  ( 0.000000000000000000, 0.000000000000000000, 1.000000000000000000 ) ) ;
#797 = EDGE_CURVE ( 'NONE', #589, #147, #1390, .T. ) ;
#798 = DIRECTION ( 'NONE',  ( 0.000000000000000000, -1.000000000000000000, 0.000000000000000000 ) ) ;
#799 = DIRECTION ( 'NONE',  ( 1.000000000000000000, 1.577021341797097560E-16, 0.000000000000000000 ) ) ;
#800 = ORIENTED_EDGE ( 'NONE', *, *, #1031, .T. ) ;
#801 = LINE ( 'NONE', #2020, #950 ) ;
#802 = ORIENTED_EDGE ( 'NONE', *, *, #1979, .T. ) ;
#803 = CARTESIAN_POINT ( 'NONE',  ( 0.000000000000000000, 0.000000000000000000, 0.000000000000000000 ) ) ;
#804 = VERTEX_POINT ( 'NONE', #1876 ) ;
#805 = PERSON_AND_ORGANIZATION_ROLE ( 'creator' ) ;
#806 = ORIENTED_EDGE ( 'NONE', *, *, #1570, .F. ) ;
#807 = ADVANCED_FACE ( 'NONE', ( #2012 ), #47, .F. ) ;
#808 = DIRECTION ( 'NONE',  ( 0.000000000000000000, 1.000000000000000000, 0.000000000000000000 ) ) ;
#809 = ORIENTED_EDGE ( 'NONE', *, *, #1724, .F. ) ;
#810 = LINE ( 'NONE', #1873, #80 ) ;
#811 = ORIENTED_EDGE ( 'NONE', *, *, #821, .T. ) ;
#812 = CARTESIAN_POINT ( 'NONE',  ( 5.006380209884243371, -6.000000000000000000, 0.5000000000000004441 ) ) ;
#813 = CARTESIAN_POINT ( 'NONE',  ( 12.99999999999999822, 32.00000000000000000, 2.499999999999998668 ) ) ;
#814 = VERTEX_POINT ( 'NONE', #1097 ) ;
#815 = CARTESIAN_POINT ( 'NONE',  ( -18.00000000000000000, -2.250000000000003997, 0.4999999999999947820 ) ) ;
#816 = CARTESIAN_POINT ( 'NONE',  ( 4.680238497713579804, -5.500000000000006217, 3.000000000000000000 ) ) ;
#817 = DATE_AND_TIME ( #179, #244 ) ;
#818 = DIRECTION ( 'NONE',  ( 0.000000000000000000, 0.000000000000000000, 1.000000000000000000 ) ) ;
#819 = CARTESIAN_POINT ( 'NONE',  ( 11.19999999999999574, 32.00000000000000000, 0.5000000000000000000 ) ) ;
#820 = VECTOR ( 'NONE', #770, 1000.000000000000114 ) ;
#821 = EDGE_CURVE ( 'NONE', #1763, #685, #1726, .T. ) ;
#822 = VERTEX_POINT ( 'NONE', #1411 ) ;
#823 = CARTESIAN_POINT ( 'NONE',  ( -14.14999999999999858, 28.04574890855761993, -1.500000000000000000 ) ) ;
#824 = ADVANCED_FACE ( 'NONE', ( #1079 ), #1253, .T. ) ;
#825 = VERTEX_POINT ( 'NONE', #665 ) ;
#826 = VERTEX_POINT ( 'NONE', #126 ) ;
#827 = SHAPE_DEFINITION_REPRESENTATION ( #517, #1276 ) ;
#828 = VECTOR ( 'NONE', #1996, 1000.000000000000000 ) ;
#829 = PLANE ( 'NONE',  #181 ) ;
#830 = CARTESIAN_POINT ( 'NONE',  ( 15.85000000000000320, 36.00000000000000711, -1.500000000000000444 ) ) ;
#831 = ORIENTED_EDGE ( 'NONE', *, *, #1625, .T. ) ;
#832 = EDGE_CURVE ( 'NONE', #1188, #147, #1736, .T. ) ;
#833 = EDGE_LOOP ( 'NONE', ( #1461, #1758, #1249, #1991, #1787 ) ) ;
#834 = CARTESIAN_POINT ( 'NONE',  ( 10.14999999999999680, 28.04574890855761993, 0.5000000000000000000 ) ) ;
#835 = DIRECTION ( 'NONE',  ( 0.000000000000000000, 0.000000000000000000, 1.000000000000000000 ) ) ;
#836 = DIRECTION ( 'NONE',  ( -1.000000000000000000, 0.000000000000000000, 0.000000000000000000 ) ) ;
#837 = CLOSED_SHELL ( 'NONE', ( #1817, #510, #1363, #58, #726, #1376, #425, #1987, #1084, #1160, #1829, #469, #1695, #438, #1431, #528, #1441, #71, #1071, #227, #1261, #329, #1962, #1149, #617, #1109, #32, #1466, #1489, #1306, #1635, #83, #238, #395, #1476, #936, #838, #1005, #988, #344, #862, #604, #1443, #940, #1082, #807, #1952, #1796, #256, #886, #1910, #1608, #1800, #588, #1195, #1833, #1768, #824, #267, #1092, #1897, #1106, #1128, #1118, #1681, #1622, #1332, #1308 ) ) ;
#838 = ADVANCED_FACE ( 'NONE', ( #1268 ), #1646, .F. ) ;
#839 = CARTESIAN_POINT ( 'NONE',  ( -17.00000000000000000, 32.00000000000000000, -1.500000000000000444 ) ) ;
#840 = AXIS2_PLACEMENT_3D ( 'NONE', #1761, #390, #871 ) ;
#841 = ORIENTED_EDGE ( 'NONE', *, *, #1779, .F. ) ;
#842 = EDGE_CURVE ( 'NONE', #548, #1162, #1096, .T. ) ;
#843 = DIRECTION ( 'NONE',  ( 1.000000000000000000, 0.000000000000000000, 0.000000000000000000 ) ) ;
#844 = LINE ( 'NONE', #717, #611 ) ;
#845 = ORIENTED_EDGE ( 'NONE', *, *, #968, .F. ) ;
#846 = PLANE ( 'NONE',  #1551 ) ;
#847 = VECTOR ( 'NONE', #787, 1000.000000000000000 ) ;
#848 = DIRECTION ( 'NONE',  ( -0.000000000000000000, -0.000000000000000000, -1.000000000000000000 ) ) ;
#849 = ORIENTED_EDGE ( 'NONE', *, *, #1900, .F. ) ;
#850 = CARTESIAN_POINT ( 'NONE',  ( 19.50000000000000355, 28.04574890855762703, -3.500000000000006661 ) ) ;
#851 = EDGE_LOOP ( 'NONE', ( #664, #505, #952, #692 ) ) ;
#852 = EDGE_CURVE ( 'NONE', #1602, #448, #657, .T. ) ;
#853 = VECTOR ( 'NONE', #646, 1000.000000000000000 ) ;
#854 = VECTOR ( 'NONE', #1439, 1000.000000000000000 ) ;
#855 = CARTESIAN_POINT ( 'NONE',  ( -23.50000000000000711, 28.04574890855762703, -3.500000000000006661 ) ) ;
#856 = PRODUCT ( 'MB_PSU_bracket_01_v1', 'MB_PSU_bracket_01_v1', '', ( #1121 ) ) ;
#857 = DIRECTION ( 'NONE',  ( 0.7071067811865474617, 0.7071067811865474617, -9.185433182841322774E-17 ) ) ;
#858 = DIRECTION ( 'NONE',  ( -0.000000000000000000, -0.000000000000000000, -1.000000000000000000 ) ) ;
#859 = LINE ( 'NONE', #1169, #1613 ) ;
#860 = DIRECTION ( 'NONE',  ( 0.7071067811865474617, -9.807109700556222056E-15, 0.7071067811865474617 ) ) ;
#861 = ORIENTED_EDGE ( 'NONE', *, *, #1020, .T. ) ;
#862 = ADVANCED_FACE ( 'NONE', ( #1756 ), #1813, .F. ) ;
#863 = DIRECTION ( 'NONE',  ( -0.5773502691896270633, -0.5773502691896252870, -0.5773502691896251759 ) ) ;
#864 = DIRECTION ( 'NONE',  ( 0.000000000000000000, 0.000000000000000000, 1.000000000000000000 ) ) ;
#865 = LINE ( 'NONE', #1641, #1453 ) ;
#866 = VECTOR ( 'NONE', #688, 1000.000000000000000 ) ;
#867 = VECTOR ( 'NONE', #118, 1000.000000000000000 ) ;
#868 = VERTEX_POINT ( 'NONE', #850 ) ;
#869 = CARTESIAN_POINT ( 'NONE',  ( 11.19999999999999574, 32.00000000000000000, 2.499999999999998668 ) ) ;
#870 = ORIENTED_EDGE ( 'NONE', *, *, #953, .T. ) ;
#871 = DIRECTION ( 'NONE',  ( 1.000000000000000000, 0.000000000000000000, 0.000000000000000000 ) ) ;
#872 = CARTESIAN_POINT ( 'NONE',  ( -18.00000000000000000, 2.750000000000000000, 0.000000000000000000 ) ) ;
#873 = EDGE_CURVE ( 'NONE', #930, #50, #1588, .T. ) ;
#874 = VECTOR ( 'NONE', #98, 1000.000000000000000 ) ;
#875 = PLANE ( 'NONE',  #680 ) ;
#876 = ORIENTED_EDGE ( 'NONE', *, *, #1556, .F. ) ;
#877 = PLANE ( 'NONE',  #969 ) ;
#878 = CARTESIAN_POINT ( 'NONE',  ( 16.03877548236546602, 28.87937309457528201, 6.461224517634537534 ) ) ;
#879 = ORIENTED_EDGE ( 'NONE', *, *, #964, .F. ) ;
#880 = AXIS2_PLACEMENT_3D ( 'NONE', #981, #993, #1607 ) ;
#881 = FACE_BOUND ( 'NONE', #630, .T. ) ;
#882 = ORIENTED_EDGE ( 'NONE', *, *, #1856, .T. ) ;
#883 = AXIS2_PLACEMENT_3D ( 'NONE', #1199, #117, #1811 ) ;
#884 = CARTESIAN_POINT ( 'NONE',  ( 0.000000000000000000, -2.250000000000000000, 2.499999999999999556 ) ) ;
#885 = DIRECTION ( 'NONE',  ( -0.000000000000000000, -0.000000000000000000, -1.000000000000000000 ) ) ;
#886 = ADVANCED_FACE ( 'NONE', ( #54 ), #1934, .T. ) ;
#887 = CARTESIAN_POINT ( 'NONE',  ( -19.84999999999999787, 36.00000000000000711, 0.5000000000000000000 ) ) ;
#888 = ORIENTED_EDGE ( 'NONE', *, *, #20, .T. ) ;
#889 = LINE ( 'NONE', #1206, #1060 ) ;
#890 = DIRECTION ( 'NONE',  ( 0.000000000000000000, -0.000000000000000000, 1.000000000000000000 ) ) ;
#891 = VERTEX_POINT ( 'NONE', #62 ) ;
#892 = DIRECTION ( 'NONE',  ( 1.000000000000000000, 2.409338161078898687E-16, 0.000000000000000000 ) ) ;
#893 = ORIENTED_EDGE ( 'NONE', *, *, #283, .F. ) ;
#894 = VECTOR ( 'NONE', #1953, 1000.000000000000000 ) ;
#895 = DIRECTION ( 'NONE',  ( -1.000000000000000000, 0.000000000000000000, 0.000000000000000000 ) ) ;
#896 = CARTESIAN_POINT ( 'NONE',  ( 6.625679942966988524E-16, 2.750000000000007105, 3.000000000000000000 ) ) ;
#897 = EDGE_CURVE ( 'NONE', #205, #1421, #865, .T. ) ;
#898 = EDGE_LOOP ( 'NONE', ( #946, #454, #1164, #516, #275 ) ) ;
#899 = VECTOR ( 'NONE', #430, 1000.000000000000227 ) ;
#900 = LINE ( 'NONE', #1514, #216 ) ;
#901 = DIRECTION ( 'NONE',  ( 0.000000000000000000, -0.000000000000000000, 1.000000000000000000 ) ) ;
#902 = DIRECTION ( 'NONE',  ( -1.000000000000000000, 0.000000000000000000, 0.000000000000000000 ) ) ;
#903 = EDGE_CURVE ( 'NONE', #672, #1906, #645, .T. ) ;
#904 = EDGE_LOOP ( 'NONE', ( #1500, #129, #1651, #1052 ) ) ;
#905 = LINE ( 'NONE', #119, #459 ) ;
#906 = CARTESIAN_POINT ( 'NONE',  ( -18.00000000000000000, -2.250000000000003997, 0.4999999999999947820 ) ) ;
#907 = ORIENTED_EDGE ( 'NONE', *, *, #17, .T. ) ;
#908 = DIRECTION ( 'NONE',  ( 1.000000000000000000, 0.000000000000000000, 0.000000000000000000 ) ) ;
#909 = VECTOR ( 'NONE', #2003, 1000.000000000000000 ) ;
#910 = AXIS2_PLACEMENT_3D ( 'NONE', #1470, #1291, #371 ) ;
#911 = ORIENTED_EDGE ( 'NONE', *, *, #1990, .F. ) ;
#912 = EDGE_CURVE ( 'NONE', #1924, #5, #1233, .T. ) ;
#913 = CARTESIAN_POINT ( 'NONE',  ( 19.99999999999999645, 36.00000000000000711, 3.000000000000000000 ) ) ;
#914 = CARTESIAN_POINT ( 'NONE',  ( -23.50000000000000711, -6.000000000000000000, 2.500000000000006661 ) ) ;
#915 = ORIENTED_EDGE ( 'NONE', *, *, #1182, .F. ) ;
#916 = EDGE_CURVE ( 'NONE', #1385, #788, #232, .T. ) ;
#917 = FACE_OUTER_BOUND ( 'NONE', #1729, .T. ) ;
#918 = LINE ( 'NONE', #765, #828 ) ;
#919 = AXIS2_PLACEMENT_3D ( 'NONE', #1247, #122, #1102 ) ;
#920 = EDGE_LOOP ( 'NONE', ( #85, #464, #1494, #509 ) ) ;
#921 = DIRECTION ( 'NONE',  ( -1.000000000000000000, -2.409338161078898687E-16, 0.000000000000000000 ) ) ;
#922 = DIRECTION ( 'NONE',  ( -0.000000000000000000, -0.000000000000000000, -1.000000000000000000 ) ) ;
#923 = CARTESIAN_POINT ( 'NONE',  ( 0.000000000000000000, 0.000000000000000000, 2.499999999999999556 ) ) ;
#924 = LINE ( 'NONE', #1539, #687 ) ;
#925 = APPROVAL_PERSON_ORGANIZATION ( #975, #1317, #35 ) ;
#926 = EDGE_CURVE ( 'NONE', #74, #1955, #1030, .T. ) ;
#927 = VERTEX_POINT ( 'NONE', #434 ) ;
#928 = FACE_BOUND ( 'NONE', #1274, .T. ) ;
#929 = CARTESIAN_POINT ( 'NONE',  ( 12.99999999999999822, 32.00000000000000000, 3.000000000000000000 ) ) ;
#930 = VERTEX_POINT ( 'NONE', #1054 ) ;
#931 = CARTESIAN_POINT ( 'NONE',  ( 1.204669080539467340E-16, -2.750000000000007105, 3.000000000000000000 ) ) ;
#932 = ORIENTED_EDGE ( 'NONE', *, *, #673, .T. ) ;
#933 = PLANE ( 'NONE',  #48 ) ;
#934 = AXIS2_PLACEMENT_3D ( 'NONE', #999, #1467, #1781 ) ;
#935 = CIRCLE ( 'NONE', #1177, 1.799999999999999600 ) ;
#936 = ADVANCED_FACE ( 'NONE', ( #1966, #587 ), #306, .F. ) ;
#937 = CARTESIAN_POINT ( 'NONE',  ( -18.00000000000000000, 2.750000000000000000, 0.000000000000000000 ) ) ;
#938 = ORIENTED_EDGE ( 'NONE', *, *, #673, .F. ) ;
#939 = DIRECTION ( 'NONE',  ( -4.422814178682217140E-15, -0.7071067811865502373, 0.7071067811865449082 ) ) ;
#940 = ADVANCED_FACE ( 'NONE', ( #1074 ), #1705, .T. ) ;
#941 = DIRECTION ( 'NONE',  ( -0.000000000000000000, -0.000000000000000000, -1.000000000000000000 ) ) ;
#942 = ORIENTED_EDGE ( 'NONE', *, *, #852, .F. ) ;
#943 = VECTOR ( 'NONE', #639, 1000.000000000000000 ) ;
#944 = DIRECTION ( 'NONE',  ( -0.000000000000000000, 1.000000000000000000, -0.000000000000000000 ) ) ;
#945 = DIRECTION ( 'NONE',  ( 1.000000000000000000, 2.409338161078898687E-16, 0.000000000000000000 ) ) ;
#946 = ORIENTED_EDGE ( 'NONE', *, *, #421, .F. ) ;
#947 = DIRECTION ( 'NONE',  ( -1.000000000000000000, 0.000000000000000000, 0.000000000000000000 ) ) ;
#948 = PLANE ( 'NONE',  #195 ) ;
#949 = ORIENTED_EDGE ( 'NONE', *, *, #1479, .F. ) ;
#950 = VECTOR ( 'NONE', #660, 1000.000000000000000 ) ;
#951 = FACE_OUTER_BOUND ( 'NONE', #1290, .T. ) ;
#952 = ORIENTED_EDGE ( 'NONE', *, *, #356, .F. ) ;
#953 = EDGE_CURVE ( 'NONE', #271, #788, #273, .T. ) ;
#954 = CARTESIAN_POINT ( 'NONE',  ( -18.80000000000000071, 32.00000000000000000, 3.000000000000000000 ) ) ;
#955 = APPROVAL_DATE_TIME ( #965, #570 ) ;
#956 = DIRECTION ( 'NONE',  ( 1.000000000000000000, 0.000000000000000000, 0.000000000000000000 ) ) ;
#957 = DIRECTION ( 'NONE',  ( -0.000000000000000000, 1.000000000000000000, 0.000000000000000000 ) ) ;
#958 = CARTESIAN_POINT ( 'NONE',  ( -14.14999999999999858, 36.00000000000000711, 0.5000000000000000000 ) ) ;
#959 = EDGE_LOOP ( 'NONE', ( #1838, #389, #1538, #785 ) ) ;
#960 = CYLINDRICAL_SURFACE ( 'NONE', #315, 1.800000000000001155 ) ;
#961 = DIRECTION ( 'NONE',  ( 1.000000000000000000, 0.000000000000000000, 0.000000000000000000 ) ) ;
#962 = ORIENTED_EDGE ( 'NONE', *, *, #1872, .F. ) ;
#963 = CARTESIAN_POINT ( 'NONE',  ( 19.50000000000000355, 36.00000000000000711, 3.000000000000000000 ) ) ;
#964 = EDGE_CURVE ( 'NONE', #1081, #1252, #169, .T. ) ;
#965 = DATE_AND_TIME ( #343, #1880 ) ;
#966 = ORIENTED_EDGE ( 'NONE', *, *, #1759, .T. ) ;
#967 = LINE ( 'NONE', #168, #1155 ) ;
#968 = EDGE_CURVE ( 'NONE', #240, #1188, #1788, .T. ) ;
#969 = AXIS2_PLACEMENT_3D ( 'NONE', #596, #86, #1198 ) ;
#970 = CARTESIAN_POINT ( 'NONE',  ( -15.19999999999999574, 32.00000000000000000, -4.000000000000000000 ) ) ;
#971 = CONICAL_SURFACE ( 'NONE', #42, 1.800000000000001155, 0.7853981633974559395 ) ;
#972 = DIRECTION ( 'NONE',  ( -0.4030424048972621187, -0.9151813043624914545, 0.000000000000000000 ) ) ;
#973 = AXIS2_PLACEMENT_3D ( 'NONE', #193, #180, #1023 ) ;
#974 = ORIENTED_EDGE ( 'NONE', *, *, #1401, .T. ) ;
#975 = PERSON_AND_ORGANIZATION ( #1894, #202 ) ;
#976 = CC_DESIGN_PERSON_AND_ORGANIZATION_ASSIGNMENT ( #1589, #191, ( #547 ) ) ;
#977 = PLANE ( 'NONE',  #1723 ) ;
#978 = AXIS2_PLACEMENT_3D ( 'NONE', #803, #941, #1077 ) ;
#979 = ORIENTED_EDGE ( 'NONE', *, *, #366, .T. ) ;
#980 = EDGE_CURVE ( 'NONE', #288, #1397, #204, .T. ) ;
#981 = CARTESIAN_POINT ( 'NONE',  ( -18.00000000000000000, 0.000000000000000000, 0.000000000000000000 ) ) ;
#982 = VERTEX_POINT ( 'NONE', #834 ) ;
#983 = ORIENTED_EDGE ( 'NONE', *, *, #453, .T. ) ;
#984 = DIRECTION ( 'NONE',  ( -1.000000000000000000, 0.000000000000000000, 0.000000000000000000 ) ) ;
#985 = VERTEX_POINT ( 'NONE', #56 ) ;
#986 = CARTESIAN_POINT ( 'NONE',  ( 19.99999999999999645, 35.50000000000001421, 2.500000000000006661 ) ) ;
#987 = CARTESIAN_POINT ( 'NONE',  ( -23.50000000000000711, -6.000000000000000000, 3.000000000000000000 ) ) ;
#988 = ADVANCED_FACE ( 'NONE', ( #543 ), #1936, .F. ) ;
#989 = ORIENTED_EDGE ( 'NONE', *, *, #392, .T. ) ;
#990 = ORIENTED_EDGE ( 'NONE', *, *, #170, .F. ) ;
#991 = CARTESIAN_POINT ( 'NONE',  ( 0.000000000000000000, -2.250000000000000000, 2.499999999999999556 ) ) ;
#992 = CARTESIAN_POINT ( 'NONE',  ( 0.000000000000000000, 0.000000000000000000, 3.000000000000000000 ) ) ;
#993 = DIRECTION ( 'NONE',  ( -0.000000000000000000, -0.000000000000000000, -1.000000000000000000 ) ) ;
#994 = EDGE_CURVE ( 'NONE', #1162, #548, #1336, .T. ) ;
#995 = EDGE_CURVE ( 'NONE', #927, #15, #1921, .T. ) ;
#996 = VECTOR ( 'NONE', #1616, 999.9999999999998863 ) ;
#997 = ORIENTED_EDGE ( 'NONE', *, *, #479, .F. ) ;
#998 = APPROVAL_PERSON_ORGANIZATION ( #364, #1927, #512 ) ;
#999 = CARTESIAN_POINT ( 'NONE',  ( 19.50000000000000355, 0.000000000000000000, 3.000000000000000000 ) ) ;
#1000 = DIRECTION ( 'NONE',  ( 0.7071067811865474617, 9.903257834875399729E-15, -0.7071067811865474617 ) ) ;
#1001 = VECTOR ( 'NONE', #237, 1000.000000000000000 ) ;
#1002 = CIRCLE ( 'NONE', #491, 1.799999999999999600 ) ;
#1003 = LINE ( 'NONE', #224, #1344 ) ;
#1004 = DIRECTION ( 'NONE',  ( -0.000000000000000000, -0.000000000000000000, -1.000000000000000000 ) ) ;
#1005 = ADVANCED_FACE ( 'NONE', ( #394 ), #370, .F. ) ;
#1006 = ORIENTED_EDGE ( 'NONE', *, *, #1786, .F. ) ;
#1007 = AXIS2_PLACEMENT_3D ( 'NONE', #1842, #1629, #557 ) ;
#1008 = LINE ( 'NONE', #869, #1870 ) ;
#1009 = AXIS2_PLACEMENT_3D ( 'NONE', #1171, #668, #1139 ) ;
#1010 = ORIENTED_EDGE ( 'NONE', *, *, #132, .F. ) ;
#1011 = CARTESIAN_POINT ( 'NONE',  ( 19.99999999999999645, 28.54574890855761993, -4.000000000000000000 ) ) ;
#1012 = ORIENTED_EDGE ( 'NONE', *, *, #1843, .F. ) ;
#1013 = CARTESIAN_POINT ( 'NONE',  ( -24.00000000000000000, -6.000000000000000000, 2.500000000000006661 ) ) ;
#1014 = LINE ( 'NONE', #1948, #450 ) ;
#1015 = ORIENTED_EDGE ( 'NONE', *, *, #1244, .F. ) ;
#1016 = CC_DESIGN_PERSON_AND_ORGANIZATION_ASSIGNMENT ( #1909, #805, ( #1373 ) ) ;
#1017 = CARTESIAN_POINT ( 'NONE',  ( -24.00000000000000000, -6.000000000000000000, 0.4999999999999935052 ) ) ;
#1018 = CARTESIAN_POINT ( 'NONE',  ( 0.000000000000000000, 0.000000000000000000, 2.499999999999999556 ) ) ;
#1019 = ORIENTED_EDGE ( 'NONE', *, *, #682, .F. ) ;
#1020 = EDGE_CURVE ( 'NONE', #1124, #730, #1008, .T. ) ;
#1021 = DIRECTION ( 'NONE',  ( 1.000000000000000000, 0.000000000000000000, 0.000000000000000000 ) ) ;
#1022 = DIRECTION ( 'NONE',  ( 1.000000000000000000, 0.000000000000000000, 0.000000000000000000 ) ) ;
#1023 = DIRECTION ( 'NONE',  ( 1.000000000000000000, 0.000000000000000000, 0.000000000000000000 ) ) ;
#1024 = DIRECTION ( 'NONE',  ( 0.7071067811865474617, -0.7071067811865474617, 0.000000000000000000 ) ) ;
#1025 = AXIS2_PLACEMENT_3D ( 'NONE', #1179, #282, #921 ) ;
#1026 = ORIENTED_EDGE ( 'NONE', *, *, #1611, .T. ) ;
#1027 = DIRECTION ( 'NONE',  ( -1.000000000000000000, 0.000000000000000000, 0.000000000000000000 ) ) ;
#1028 = ORIENTED_EDGE ( 'NONE', *, *, #1531, .T. ) ;
#1029 = CARTESIAN_POINT ( 'NONE',  ( 11.19999999999999574, 32.00000000000000000, 3.000000000000000000 ) ) ;
#1030 = LINE ( 'NONE', #1193, #1033 ) ;
#1031 = EDGE_CURVE ( 'NONE', #930, #1432, #51, .T. ) ;
#1032 = ORIENTED_EDGE ( 'NONE', *, *, #994, .T. ) ;
#1033 = VECTOR ( 'NONE', #1840, 1000.000000000000000 ) ;
#1034 = LINE ( 'NONE', #1329, #1462 ) ;
#1035 = AXIS2_PLACEMENT_3D ( 'NONE', #992, #1850, #1192 ) ;
#1036 = CARTESIAN_POINT ( 'NONE',  ( 19.99999999999999645, 28.04574890855762703, 2.500000000000006661 ) ) ;
#1037 = CIRCLE ( 'NONE', #1289, 2.749999999999999112 ) ;
#1038 = DIRECTION ( 'NONE',  ( -0.000000000000000000, -0.000000000000000000, -1.000000000000000000 ) ) ;
#1039 = CARTESIAN_POINT ( 'NONE',  ( 10.14999999999999858, 36.00000000000000711, -1.500000000000000000 ) ) ;
#1040 = ORIENTED_EDGE ( 'NONE', *, *, #926, .T. ) ;
#1041 = DIRECTION ( 'NONE',  ( 0.7071067811865475727, -0.7071067811865475727, 0.000000000000000000 ) ) ;
#1042 = LINE ( 'NONE', #1658, #1103 ) ;
#1043 = VECTOR ( 'NONE', #95, 1000.000000000000114 ) ;
#1044 = ORIENTED_EDGE ( 'NONE', *, *, #1158, .T. ) ;
#1045 = DIRECTION ( 'NONE',  ( 1.000000000000000000, 0.000000000000000000, 0.000000000000000000 ) ) ;
#1046 = EDGE_CURVE ( 'NONE', #1924, #927, #1803, .T. ) ;
#1047 = CARTESIAN_POINT ( 'NONE',  ( 19.99999999999999645, 28.04574890855762703, 0.000000000000000000 ) ) ;
#1048 = EDGE_CURVE ( 'NONE', #741, #826, #844, .T. ) ;
#1049 = EDGE_LOOP ( 'NONE', ( #1772, #907 ) ) ;
#1050 = CARTESIAN_POINT ( 'NONE',  ( -23.50000000000000711, 35.50000000000000000, 3.000000000000000000 ) ) ;
#1051 = CARTESIAN_POINT ( 'NONE',  ( 10.14999999999999680, 28.04574890855762703, -4.000000000000000000 ) ) ;
#1052 = ORIENTED_EDGE ( 'NONE', *, *, #1419, .F. ) ;
#1053 = DIRECTION ( 'NONE',  ( 1.000000000000000000, -2.409338161078898687E-16, -0.000000000000000000 ) ) ;
#1054 = CARTESIAN_POINT ( 'NONE',  ( -15.20000000000000107, 32.00000000000000000, 2.499999999999996891 ) ) ;
#1055 = VERTEX_POINT ( 'NONE', #1323 ) ;
#1056 = CARTESIAN_POINT ( 'NONE',  ( -19.84999999999999787, 36.00000000000000711, 0.5000000000000000000 ) ) ;
#1057 = CARTESIAN_POINT ( 'NONE',  ( 15.30000000000000782, 32.00000000000000000, 3.000000000000000000 ) ) ;
#1058 = ORIENTED_EDGE ( 'NONE', *, *, #1158, .F. ) ;
#1059 = EDGE_CURVE ( 'NONE', #150, #1237, #239, .T. ) ;
#1060 = VECTOR ( 'NONE', #1961, 1000.000000000000000 ) ;
#1061 = PLANE ( 'NONE',  #423 ) ;
#1062 = ORIENTED_EDGE ( 'NONE', *, *, #1275, .T. ) ;
#1063 = CARTESIAN_POINT ( 'NONE',  ( -18.00000000000000000, 2.750000000000011546, 3.000000000000000000 ) ) ;
#1064 = APPLICATION_CONTEXT ( 'configuration controlled 3d designs of mechanical parts and assemblies' ) ;
#1065 = DIRECTION ( 'NONE',  ( 0.000000000000000000, 0.7071067811865525687, 0.7071067811865425767 ) ) ;
#1066 = DIRECTION ( 'NONE',  ( 1.000000000000000000, 0.000000000000000000, 0.000000000000000000 ) ) ;
#1067 = AXIS2_PLACEMENT_3D ( 'NONE', #839, #523, #1450 ) ;
#1068 = VECTOR ( 'NONE', #843, 1000.000000000000000 ) ;
#1069 = ORIENTED_EDGE ( 'NONE', *, *, #1284, .T. ) ;
#1070 = LINE ( 'NONE', #1657, #709 ) ;
#1071 = ADVANCED_FACE ( 'NONE', ( #1597 ), #1444, .F. ) ;
#1072 = CARTESIAN_POINT ( 'NONE',  ( 15.84999999999999964, 28.04574890855761993, -1.500000000000000000 ) ) ;
#1073 = CARTESIAN_POINT ( 'NONE',  ( 4.814824860968089633E-32, 2.250000000000000000, 0.4999999999999947820 ) ) ;
#1074 = FACE_OUTER_BOUND ( 'NONE', #1844, .T. ) ;
#1075 = AXIS2_PLACEMENT_3D ( 'NONE', #1793, #1501, #732 ) ;
#1076 = CARTESIAN_POINT ( 'NONE',  ( 15.84999999999999964, 28.04574890855761993, 0.5000000000000000000 ) ) ;
#1077 = DIRECTION ( 'NONE',  ( -1.000000000000000000, 0.000000000000000000, 0.000000000000000000 ) ) ;
#1078 = EDGE_LOOP ( 'NONE', ( #43, #1328, #307, #1410 ) ) ;
#1079 = FACE_OUTER_BOUND ( 'NONE', #1935, .T. ) ;
#1080 = CARTESIAN_POINT ( 'NONE',  ( 12.99999999999999822, 32.00000000000000000, -1.500000000000000444 ) ) ;
#1081 = VERTEX_POINT ( 'NONE', #228 ) ;
#1082 = ADVANCED_FACE ( 'NONE', ( #525 ), #1136, .T. ) ;
#1083 = CARTESIAN_POINT ( 'NONE',  ( 19.99999999999999645, 28.54574890855761993, 0.2984787975513717995 ) ) ;
#1084 = ADVANCED_FACE ( 'NONE', ( #1296 ), #554, .F. ) ;
#1085 = CARTESIAN_POINT ( 'NONE',  ( 0.000000000000000000, 0.000000000000000000, 0.000000000000000000 ) ) ;
#1086 = ORIENTED_EDGE ( 'NONE', *, *, #1747, .T. ) ;
#1087 = ORIENTED_EDGE ( 'NONE', *, *, #1979, .F. ) ;
#1088 = ORIENTED_EDGE ( 'NONE', *, *, #1541, .T. ) ;
#1089 = LINE ( 'NONE', #1403, #623 ) ;
#1090 = AXIS2_PLACEMENT_3D ( 'NONE', #1703, #477, #1550 ) ;
#1091 = LINE ( 'NONE', #19, #1821 ) ;
#1092 = ADVANCED_FACE ( 'NONE', ( #1773 ), #1303, .T. ) ;
#1093 = ORIENTED_EDGE ( 'NONE', *, *, #926, .F. ) ;
#1094 = CARTESIAN_POINT ( 'NONE',  ( -19.30000000000001137, 32.00000000000000000, 3.000000000000000000 ) ) ;
#1095 = ORIENTED_EDGE ( 'NONE', *, *, #1298, .T. ) ;
#1096 = CIRCLE ( 'NONE', #1285, 1.800000000000001155 ) ;
#1097 = CARTESIAN_POINT ( 'NONE',  ( -18.80000000000000071, 32.00000000000000000, 0.5000000000000000000 ) ) ;
#1098 = COORDINATED_UNIVERSAL_TIME_OFFSET ( 1, 0, .AHEAD. ) ;
#1099 = ORIENTED_EDGE ( 'NONE', *, *, #873, .F. ) ;
#1100 = LINE ( 'NONE', #1716, #1130 ) ;
#1101 = EDGE_LOOP ( 'NONE', ( #1858, #1026, #979, #997 ) ) ;
#1102 = DIRECTION ( 'NONE',  ( -0.4030424048972621187, -0.9151813043624914545, 0.000000000000000000 ) ) ;
#1103 = VECTOR ( 'NONE', #1702, 1000.000000000000000 ) ;
#1104 = ORIENTED_EDGE ( 'NONE', *, *, #980, .F. ) ;
#1105 = CARTESIAN_POINT ( 'NONE',  ( 19.50000000000000355, 35.75000000000000711, 2.750000000000001776 ) ) ;
#1106 = ADVANCED_FACE ( 'NONE', ( #1679 ), #1346, .F. ) ;
#1107 = CARTESIAN_POINT ( 'NONE',  ( -14.69999999999999041, 32.00000000000000000, 3.000000000000000000 ) ) ;
#1108 = ORIENTED_EDGE ( 'NONE', *, *, #1579, .F. ) ;
#1109 = ADVANCED_FACE ( 'NONE', ( #1836 ), #252, .F. ) ;
#1110 = CARTESIAN_POINT ( 'NONE',  ( -23.75000000000000355, -5.500000000000005329, 2.750000000000003997 ) ) ;
#1111 = DIRECTION ( 'NONE',  ( 0.000000000000000000, -0.000000000000000000, 1.000000000000000000 ) ) ;
#1112 = CIRCLE ( 'NONE', #593, 1.800000000000001155 ) ;
#1113 = CARTESIAN_POINT ( 'NONE',  ( 0.000000000000000000, 0.000000000000000000, 0.000000000000000000 ) ) ;
#1114 = PLANE ( 'NONE',  #1090 ) ;
#1115 = FACE_OUTER_BOUND ( 'NONE', #321, .T. ) ;
#1116 = DIRECTION ( 'NONE',  ( 0.6994054428260044753, -0.1471871362949943030, -0.6994054428260044753 ) ) ;
#1117 = ORIENTED_EDGE ( 'NONE', *, *, #613, .T. ) ;
#1118 = ADVANCED_FACE ( 'NONE', ( #1380 ), #1358, .T. ) ;
#1119 = ORIENTED_EDGE ( 'NONE', *, *, #1990, .T. ) ;
#1120 = CARTESIAN_POINT ( 'NONE',  ( 12.99999999999999822, 32.00000000000000000, -1.500000000000000444 ) ) ;
#1121 = MECHANICAL_CONTEXT ( 'NONE', #1064, 'mechanical' ) ;
#1122 = EDGE_CURVE ( 'NONE', #147, #1201, #1070, .T. ) ;
#1123 = DIRECTION ( 'NONE',  ( 0.5773502691896271743, -0.5773502691896271743, -0.5773502691896227335 ) ) ;
#1124 = VERTEX_POINT ( 'NONE', #261 ) ;
#1125 = DIRECTION ( 'NONE',  ( -0.000000000000000000, -0.000000000000000000, -1.000000000000000000 ) ) ;
#1126 = DIRECTION ( 'NONE',  ( -0.000000000000000000, 0.000000000000000000, -1.000000000000000000 ) ) ;
#1127 = ORIENTED_EDGE ( 'NONE', *, *, #1939, .F. ) ;
#1128 = ADVANCED_FACE ( 'NONE', ( #758 ), #877, .T. ) ;
#1129 = AXIS2_PLACEMENT_3D ( 'NONE', #1620, #225, #1473 ) ;
#1130 = VECTOR ( 'NONE', #1123, 1000.000000000000114 ) ;
#1131 = ORIENTED_EDGE ( 'NONE', *, *, #1529, .T. ) ;
#1132 = DIRECTION ( 'NONE',  ( -1.000000000000000000, 0.000000000000000000, 0.000000000000000000 ) ) ;
#1133 = VERTEX_POINT ( 'NONE', #1692 ) ;
#1134 = DIRECTION ( 'NONE',  ( -1.000000000000000000, 0.000000000000000000, 0.000000000000000000 ) ) ;
#1135 = VECTOR ( 'NONE', #1335, 999.9999999999998863 ) ;
#1136 = PLANE ( 'NONE',  #452 ) ;
#1137 = EDGE_CURVE ( 'NONE', #185, #107, #1506, .T. ) ;
#1138 = CARTESIAN_POINT ( 'NONE',  ( -23.50000000000000711, 28.04574890855762703, -4.000000000000000000 ) ) ;
#1139 = DIRECTION ( 'NONE',  ( -1.000000000000000000, 0.000000000000000000, 0.000000000000000000 ) ) ;
#1140 = EDGE_CURVE ( 'NONE', #167, #757, #607, .T. ) ;
#1141 = ORIENTED_EDGE ( 'NONE', *, *, #457, .F. ) ;
#1142 = DIRECTION ( 'NONE',  ( -1.000000000000000000, 0.000000000000000000, 0.000000000000000000 ) ) ;
#1143 = DIRECTION ( 'NONE',  ( 0.000000000000000000, -0.7071067811865482389, 0.7071067811865469066 ) ) ;
#1144 = ORIENTED_EDGE ( 'NONE', *, *, #1747, .F. ) ;
#1145 = DIRECTION ( 'NONE',  ( -1.000000000000000000, 0.000000000000000000, 0.000000000000000000 ) ) ;
#1146 = EDGE_LOOP ( 'NONE', ( #1095, #638 ) ) ;
#1147 = CARTESIAN_POINT ( 'NONE',  ( -14.14999999999999858, 36.00000000000000711, 0.5000000000000000000 ) ) ;
#1148 = AXIS2_PLACEMENT_3D ( 'NONE', #684, #691, #1286 ) ;
#1149 = ADVANCED_FACE ( 'NONE', ( #727 ), #293, .T. ) ;
#1150 = LINE ( 'NONE', #1778, #69 ) ;
#1151 = EDGE_LOOP ( 'NONE', ( #328, #1339, #962, #112 ) ) ;
#1152 = DIRECTION ( 'NONE',  ( 1.703659351870403630E-16, 0.7071067811865425767, -0.7071067811865524577 ) ) ;
#1153 = EDGE_LOOP ( 'NONE', ( #1088, #626, #155 ) ) ;
#1154 = LINE ( 'NONE', #1636, #996 ) ;
#1155 = VECTOR ( 'NONE', #1590, 1000.000000000000000 ) ;
#1156 = ORIENTED_EDGE ( 'NONE', *, *, #298, .T. ) ;
#1157 = DIRECTION ( 'NONE',  ( 0.000000000000000000, 0.000000000000000000, 1.000000000000000000 ) ) ;
#1158 = EDGE_CURVE ( 'NONE', #1559, #1081, #1334, .T. ) ;
#1159 = ORIENTED_EDGE ( 'NONE', *, *, #520, .F. ) ;
#1160 = ADVANCED_FACE ( 'NONE', ( #105, #1847, #583 ), #127, .F. ) ;
#1161 = CARTESIAN_POINT ( 'NONE',  ( 12.99999999999999822, 32.00000000000000000, 0.5000000000000000000 ) ) ;
#1162 = VERTEX_POINT ( 'NONE', #1992 ) ;
#1163 = PLANE ( 'NONE',  #211 ) ;
#1164 = ORIENTED_EDGE ( 'NONE', *, *, #1046, .T. ) ;
#1165 = PLANE ( 'NONE',  #1690 ) ;
#1166 = DIRECTION ( 'NONE',  ( -0.7071067811865474617, 0.7071067811865474617, -0.000000000000000000 ) ) ;
#1167 = LINE ( 'NONE', #401, #679 ) ;
#1168 = ORIENTED_EDGE ( 'NONE', *, *, #136, .F. ) ;
#1169 = CARTESIAN_POINT ( 'NONE',  ( -18.00000000000000000, 2.250000000000003997, 3.000000000000000000 ) ) ;
#1170 = EDGE_CURVE ( 'NONE', #1906, #1763, #889, .T. ) ;
#1171 = CARTESIAN_POINT ( 'NONE',  ( 0.000000000000000000, -5.500000000000006217, 3.000000000000000000 ) ) ;
#1172 = DIRECTION ( 'NONE',  ( -0.000000000000000000, -0.000000000000000000, -1.000000000000000000 ) ) ;
#1173 = ORIENTED_EDGE ( 'NONE', *, *, #832, .F. ) ;
#1174 = CARTESIAN_POINT ( 'NONE',  ( 14.79999999999999893, 32.00000000000000000, 3.000000000000000000 ) ) ;
#1175 = VECTOR ( 'NONE', #1674, 1000.000000000000000 ) ;
#1176 = ORIENTED_EDGE ( 'NONE', *, *, #29, .F. ) ;
#1177 = AXIS2_PLACEMENT_3D ( 'NONE', #1422, #463, #496 ) ;
#1178 = AXIS2_PLACEMENT_3D ( 'NONE', #1327, #835, #535 ) ;
#1179 = CARTESIAN_POINT ( 'NONE',  ( 0.000000000000000000, -2.250000000000000000, 3.000000000000000000 ) ) ;
#1180 = DIRECTION ( 'NONE',  ( -1.000000000000000000, 0.000000000000000000, 0.000000000000000000 ) ) ;
#1181 = EDGE_LOOP ( 'NONE', ( #1119, #373 ) ) ;
#1182 = EDGE_CURVE ( 'NONE', #1434, #1878, #1848, .T. ) ;
#1183 = CARTESIAN_POINT ( 'NONE',  ( -23.75000000000000711, 35.50000000000000711, -3.750000000000000000 ) ) ;
#1184 = CARTESIAN_POINT ( 'NONE',  ( 0.000000000000000000, 0.000000000000000000, -1.500000000000000000 ) ) ;
#1185 = EDGE_LOOP ( 'NONE', ( #1896, #1937, #1365, #1458 ) ) ;
#1186 = DIRECTION ( 'NONE',  ( -0.7071067811865475727, 0.7071067811865475727, 0.000000000000000000 ) ) ;
#1187 = PLANE ( 'NONE',  #1912 ) ;
#1188 = VERTEX_POINT ( 'NONE', #1050 ) ;
#1189 = CARTESIAN_POINT ( 'NONE',  ( 5.006380209884243371, -6.000000000000000000, 2.500000000000006661 ) ) ;
#1190 = DIRECTION ( 'NONE',  ( 0.000000000000000000, -1.000000000000000000, 0.000000000000000000 ) ) ;
#1191 = ORIENTED_EDGE ( 'NONE', *, *, #1298, .F. ) ;
#1192 = DIRECTION ( 'NONE',  ( 1.000000000000000000, 0.000000000000000000, 0.000000000000000000 ) ) ;
#1193 = CARTESIAN_POINT ( 'NONE',  ( 10.14999999999999858, 36.00000000000000711, 0.5000000000000000000 ) ) ;
#1194 = FACE_OUTER_BOUND ( 'NONE', #959, .T. ) ;
#1195 = ADVANCED_FACE ( 'NONE', ( #1643 ), #735, .F. ) ;
#1196 = CARTESIAN_POINT ( 'NONE',  ( 15.84999999999999964, 28.04574890855761993, 0.000000000000000000 ) ) ;
#1197 = ORIENTED_EDGE ( 'NONE', *, *, #574, .F. ) ;
#1198 = DIRECTION ( 'NONE',  ( 0.000000000000000000, -1.000000000000000000, 0.000000000000000000 ) ) ;
#1199 = CARTESIAN_POINT ( 'NONE',  ( 12.99999999999999822, 32.00000000000000000, 3.000000000000000000 ) ) ;
#1200 = CARTESIAN_POINT ( 'NONE',  ( -17.00000000000000000, 32.00000000000000000, 3.000000000000000000 ) ) ;
#1201 = VERTEX_POINT ( 'NONE', #816 ) ;
#1202 = CARTESIAN_POINT ( 'NONE',  ( 19.50000000000000355, 35.50000000000000711, 3.000000000000000000 ) ) ;
#1203 = EDGE_CURVE ( 'NONE', #985, #825, #1212, .T. ) ;
#1204 = CARTESIAN_POINT ( 'NONE',  ( -17.00000000000000000, 32.00000000000000000, -1.500000000000000444 ) ) ;
#1205 = ORIENTED_EDGE ( 'NONE', *, *, #797, .F. ) ;
#1206 = CARTESIAN_POINT ( 'NONE',  ( 17.75880896572383705, 28.04574890855762703, -1.551096134074374078 ) ) ;
#1207 = DIRECTION ( 'NONE',  ( -1.000000000000000000, 0.000000000000000000, 0.000000000000000000 ) ) ;
#1208 = ORIENTED_EDGE ( 'NONE', *, *, #1221, .F. ) ;
#1209 = CYLINDRICAL_SURFACE ( 'NONE', #75, 1.800000000000001155 ) ;
#1210 = SECURITY_CLASSIFICATION ( '', '', #476 ) ;
#1211 = EDGE_LOOP ( 'NONE', ( #473, #494, #33, #1554, #633, #831, #1732, #1931, #1655, #616, #1718, #483, #1263 ) ) ;
#1212 = CIRCLE ( 'NONE', #1673, 1.800000000000001155 ) ;
#1213 = LINE ( 'NONE', #214, #500 ) ;
#1214 = VECTOR ( 'NONE', #1560, 999.9999999999998863 ) ;
#1215 = DIRECTION ( 'NONE',  ( 1.000000000000000000, -0.000000000000000000, -0.000000000000000000 ) ) ;
#1216 = AXIS2_PLACEMENT_3D ( 'NONE', #164, #14, #652 ) ;
#1217 = VECTOR ( 'NONE', #514, 1000.000000000000000 ) ;
#1218 = EDGE_LOOP ( 'NONE', ( #471, #861, #158, #555 ) ) ;
#1219 = DIRECTION ( 'NONE',  ( 1.577021341797097560E-16, -1.000000000000000000, 0.000000000000000000 ) ) ;
#1220 = CARTESIAN_POINT ( 'NONE',  ( -24.00000000000000000, 36.00000000000000000, 0.4999999999999935052 ) ) ;
#1221 = EDGE_CURVE ( 'NONE', #422, #1795, #795, .T. ) ;
#1222 = CARTESIAN_POINT ( 'NONE',  ( -17.00000000000000000, 32.00000000000000000, 3.000000000000000000 ) ) ;
#1223 = CARTESIAN_POINT ( 'NONE',  ( -24.00000000000000000, -5.500000000000005329, 2.500000000000006661 ) ) ;
#1224 = VECTOR ( 'NONE', #1065, 999.9999999999998863 ) ;
#1225 = LINE ( 'NONE', #958, #462 ) ;
#1226 = EDGE_LOOP ( 'NONE', ( #1925, #1240, #338, #1486 ) ) ;
#1227 = FACE_OUTER_BOUND ( 'NONE', #1973, .T. ) ;
#1228 = ORIENTED_EDGE ( 'NONE', *, *, #136, .T. ) ;
#1229 = PERSON_AND_ORGANIZATION ( #1894, #202 ) ;
#1230 = CARTESIAN_POINT ( 'NONE',  ( -23.50000000000000711, -6.000000000000000000, 3.000000000000000000 ) ) ;
#1231 = EDGE_CURVE ( 'NONE', #1385, #1600, #783, .T. ) ;
#1232 = FACE_BOUND ( 'NONE', #266, .T. ) ;
#1233 = LINE ( 'NONE', #566, #1916 ) ;
#1234 = DIRECTION ( 'NONE',  ( -0.5773502691896230665, 0.5773502691896231775, -0.5773502691896311712 ) ) ;
#1235 = VERTEX_POINT ( 'NONE', #1561 ) ;
#1236 = DIRECTION ( 'NONE',  ( -0.9151813043624915656, 0.4030424048972621742, 0.000000000000000000 ) ) ;
#1237 = VERTEX_POINT ( 'NONE', #153 ) ;
#1238 = LINE ( 'NONE', #466, #189 ) ;
#1239 = LINE ( 'NONE', #203, #866 ) ;
#1240 = ORIENTED_EDGE ( 'NONE', *, *, #1415, .F. ) ;
#1241 = LINE ( 'NONE', #194, #658 ) ;
#1242 = AXIS2_PLACEMENT_3D ( 'NONE', #929, #1388, #1 ) ;
#1243 = VECTOR ( 'NONE', #1867, 999.9999999999998863 ) ;
#1244 = EDGE_CURVE ( 'NONE', #589, #1542, #1239, .T. ) ;
#1245 = ORIENTED_EDGE ( 'NONE', *, *, #842, .F. ) ;
#1246 = VECTOR ( 'NONE', #1301, 1000.000000000000000 ) ;
#1247 = CARTESIAN_POINT ( 'NONE',  ( 5.948678478356200117, -2.619775631832205853, 3.000000000000000000 ) ) ;
#1248 = EDGE_CURVE ( 'NONE', #1685, #1442, #531, .T. ) ;
#1249 = ORIENTED_EDGE ( 'NONE', *, *, #736, .T. ) ;
#1250 = LINE ( 'NONE', #1105, #775 ) ;
#1251 = LINE ( 'NONE', #474, #659 ) ;
#1252 = VERTEX_POINT ( 'NONE', #1631 ) ;
#1253 = PLANE ( 'NONE',  #1216 ) ;
#1254 = CIRCLE ( 'NONE', #910, 1.800000000000002931 ) ;
#1255 = CARTESIAN_POINT ( 'NONE',  ( -19.84999999999999787, 28.04574890855762703, -4.000000000000000000 ) ) ;
#1256 = DATE_TIME_ROLE ( 'classification_date' ) ;
#1257 = ORIENTED_EDGE ( 'NONE', *, *, #995, .F. ) ;
#1258 = VECTOR ( 'NONE', #1340, 1000.000000000000000 ) ;
#1259 = DIRECTION ( 'NONE',  ( -1.000000000000000000, 0.000000000000000000, 0.000000000000000000 ) ) ;
#1260 = ORIENTED_EDGE ( 'NONE', *, *, #1502, .T. ) ;
#1261 = ADVANCED_FACE ( 'NONE', ( #540 ), #235, .F. ) ;
#1262 = LINE ( 'NONE', #461, #526 ) ;
#1263 = ORIENTED_EDGE ( 'NONE', *, *, #1221, .T. ) ;
#1264 = EDGE_CURVE ( 'NONE', #1124, #733, #64, .T. ) ;
#1265 = CARTESIAN_POINT ( 'NONE',  ( 15.84999999999999964, 36.00000000000000711, -1.500000000000000000 ) ) ;
#1266 = ORIENTED_EDGE ( 'NONE', *, *, #1320, .T. ) ;
#1267 = CIRCLE ( 'NONE', #2016, 1.800000000000002931 ) ;
#1268 = FACE_OUTER_BOUND ( 'NONE', #1360, .T. ) ;
#1269 = PLANE ( 'NONE',  #138 ) ;
#1270 = CARTESIAN_POINT ( 'NONE',  ( -23.50000000000000711, 0.000000000000000000, 3.000000000000000000 ) ) ;
#1271 = VERTEX_POINT ( 'NONE', #1533 ) ;
#1272 = PLANE ( 'NONE',  #223 ) ;
#1273 = ORIENTED_EDGE ( 'NONE', *, *, #1976, .T. ) ;
#1274 = EDGE_LOOP ( 'NONE', ( #28, #1576, #1835, #983, #1587 ) ) ;
#1275 = EDGE_CURVE ( 'NONE', #757, #891, #1503, .T. ) ;
#1276 = ADVANCED_BREP_SHAPE_REPRESENTATION ( 'MB_PSU_bracket_01_v1', ( #380, #697 ), #1859 ) ;
#1277 = ORIENTED_EDGE ( 'NONE', *, *, #1541, .F. ) ;
#1278 = VECTOR ( 'NONE', #84, 1000.000000000000000 ) ;
#1279 = CARTESIAN_POINT ( 'NONE',  ( -20.74999999999999645, 0.000000000000000000, 0.000000000000000000 ) ) ;
#1280 = LINE ( 'NONE', #311, #1752 ) ;
#1281 = VECTOR ( 'NONE', #349, 1000.000000000000000 ) ;
#1282 = CARTESIAN_POINT ( 'NONE',  ( 0.000000000000000000, 0.000000000000000000, 0.5000000000000000000 ) ) ;
#1283 = CARTESIAN_POINT ( 'NONE',  ( 0.000000000000000000, 0.000000000000000000, 2.499999999999999556 ) ) ;
#1284 = EDGE_CURVE ( 'NONE', #769, #1304, #1167, .T. ) ;
#1285 = AXIS2_PLACEMENT_3D ( 'NONE', #34, #1004, #1142 ) ;
#1286 = DIRECTION ( 'NONE',  ( -1.000000000000000000, 0.000000000000000000, 0.000000000000000000 ) ) ;
#1287 = EDGE_CURVE ( 'NONE', #50, #1351, #715, .T. ) ;
#1288 = VECTOR ( 'NONE', #892, 1000.000000000000000 ) ;
#1289 = AXIS2_PLACEMENT_3D ( 'NONE', #70, #864, #1521 ) ;
#1290 = EDGE_LOOP ( 'NONE', ( #1694, #1471, #802, #1751, #1086, #1604 ) ) ;
#1291 = DIRECTION ( 'NONE',  ( 0.000000000000000000, 0.000000000000000000, -1.000000000000000000 ) ) ;
#1292 = ORIENTED_EDGE ( 'NONE', *, *, #457, .T. ) ;
#1293 = CARTESIAN_POINT ( 'NONE',  ( 12.99999999999999822, 32.00000000000000000, 2.499999999999998668 ) ) ;
#1294 = ORIENTED_EDGE ( 'NONE', *, *, #1939, .T. ) ;
#1295 = VECTOR ( 'NONE', #772, 1000.000000000000000 ) ;
#1296 = FACE_OUTER_BOUND ( 'NONE', #1820, .T. ) ;
#1297 = VERTEX_POINT ( 'NONE', #605 ) ;
#1298 = EDGE_CURVE ( 'NONE', #448, #1602, #312, .T. ) ;
#1299 = FACE_OUTER_BOUND ( 'NONE', #1153, .T. ) ;
#1300 = ORIENTED_EDGE ( 'NONE', *, *, #340, .F. ) ;
#1301 = DIRECTION ( 'NONE',  ( -0.000000000000000000, -0.000000000000000000, -1.000000000000000000 ) ) ;
#1302 = ORIENTED_EDGE ( 'NONE', *, *, #2014, .F. ) ;
#1303 = PLANE ( 'NONE',  #934 ) ;
#1304 = VERTEX_POINT ( 'NONE', #1834 ) ;
#1305 = CARTESIAN_POINT ( 'NONE',  ( -23.50000000000000711, -6.000000000000000000, 0.4999999999999935052 ) ) ;
#1306 = ADVANCED_FACE ( 'NONE', ( #290, #724 ), #1970, .T. ) ;
#1307 = VECTOR ( 'NONE', #945, 1000.000000000000000 ) ;
#1308 = ADVANCED_FACE ( 'NONE', ( #1642 ), #875, .F. ) ;
#1309 = DIRECTION ( 'NONE',  ( -0.000000000000000000, 1.000000000000000000, 0.000000000000000000 ) ) ;
#1310 = CC_DESIGN_APPROVAL ( #570, ( #547 ) ) ;
#1311 = VECTOR ( 'NONE', #1618, 999.9999999999998863 ) ;
#1312 = ORIENTED_EDGE ( 'NONE', *, *, #1749, .F. ) ;
#1313 = DIRECTION ( 'NONE',  ( 0.000000000000000000, 0.000000000000000000, 1.000000000000000000 ) ) ;
#1314 = ORIENTED_EDGE ( 'NONE', *, *, #1244, .T. ) ;
#1315 = DIRECTION ( 'NONE',  ( 1.000000000000000000, -2.409338161078898687E-16, 0.000000000000000000 ) ) ;
#1316 = EDGE_LOOP ( 'NONE', ( #1159, #1755, #1942, #492 ) ) ;
#1317 = APPROVAL ( #154, 'UNSPECIFIED' ) ;
#1318 = CARTESIAN_POINT ( 'NONE',  ( -18.00000000000000000, 0.000000000000000000, 0.4999999999999947820 ) ) ;
#1319 = CARTESIAN_POINT ( 'NONE',  ( -23.50000000000000711, 0.000000000000000000, 0.000000000000000000 ) ) ;
#1320 = EDGE_CURVE ( 'NONE', #1727, #1955, #569, .T. ) ;
#1321 = VECTOR ( 'NONE', #1662, 1000.000000000000000 ) ;
#1322 = CARTESIAN_POINT ( 'NONE',  ( 5.006380209884243371, -6.000000000000000000, 0.5000000000000004441 ) ) ;
#1323 = CARTESIAN_POINT ( 'NONE',  ( 19.50000000000000355, 36.00000000000000711, -3.500000000000006661 ) ) ;
#1324 = VECTOR ( 'NONE', #1116, 1000.000000000000000 ) ;
#1325 = CARTESIAN_POINT ( 'NONE',  ( -24.00000000000000000, 28.54574890855761993, -4.000000000000000000 ) ) ;
#1326 = VERTEX_POINT ( 'NONE', #1196 ) ;
#1327 = CARTESIAN_POINT ( 'NONE',  ( 0.000000000000000000, 0.000000000000000000, 0.000000000000000000 ) ) ;
#1328 = ORIENTED_EDGE ( 'NONE', *, *, #736, .F. ) ;
#1329 = CARTESIAN_POINT ( 'NONE',  ( 0.000000000000000000, -2.250000000000000000, 0.4999999999999947820 ) ) ;
#1330 = LINE ( 'NONE', #696, #1246 ) ;
#1331 = DIRECTION ( 'NONE',  ( -0.6471309063298670283, 0.2849940176085880572, 0.7071067811865480168 ) ) ;
#1332 = ADVANCED_FACE ( 'NONE', ( #1807 ), #1187, .T. ) ;
#1333 = VERTEX_POINT ( 'NONE', #1981 ) ;
#1334 = LINE ( 'NONE', #771, #405 ) ;
#1335 = DIRECTION ( 'NONE',  ( -1.703659351870428035E-16, 0.7071067811865525687, -0.7071067811865425767 ) ) ;
#1336 = CIRCLE ( 'NONE', #1408, 1.800000000000001155 ) ;
#1337 = EDGE_LOOP ( 'NONE', ( #974, #1562 ) ) ;
#1338 = CARTESIAN_POINT ( 'NONE',  ( 3.859236704118033323, -4.241341933647062135, 4.258658066352944083 ) ) ;
#1339 = ORIENTED_EDGE ( 'NONE', *, *, #1140, .F. ) ;
#1340 = DIRECTION ( 'NONE',  ( 0.000000000000000000, -1.000000000000000000, 0.000000000000000000 ) ) ;
#1341 = DIRECTION ( 'NONE',  ( -0.000000000000000000, 1.000000000000000000, -0.000000000000000000 ) ) ;
#1342 = VERTEX_POINT ( 'NONE', #1057 ) ;
#1343 = AXIS2_PLACEMENT_3D ( 'NONE', #2000, #175, #350 ) ;
#1344 = VECTOR ( 'NONE', #857, 1000.000000000000114 ) ;
#1345 = EDGE_CURVE ( 'NONE', #1397, #236, #279, .T. ) ;
#1346 = PLANE ( 'NONE',  #1754 ) ;
#1347 = LINE ( 'NONE', #914, #1043 ) ;
#1348 = EDGE_LOOP ( 'NONE', ( #1205, #1314, #527 ) ) ;
#1349 = EDGE_CURVE ( 'NONE', #435, #1133, #114, .T. ) ;
#1350 = LINE ( 'NONE', #1338, #550 ) ;
#1351 = VERTEX_POINT ( 'NONE', #1094 ) ;
#1352 = AXIS2_PLACEMENT_3D ( 'NONE', #487, #511, #1535 ) ;
#1353 = VECTOR ( 'NONE', #1053, 1000.000000000000000 ) ;
#1354 = FACE_OUTER_BOUND ( 'NONE', #1316, .T. ) ;
#1355 = CARTESIAN_POINT ( 'NONE',  ( -5.598425763379696770E-15, 35.50000000000000711, -4.000000000000000000 ) ) ;
#1356 = ORIENTED_EDGE ( 'NONE', *, *, #1137, .T. ) ;
#1357 = CARTESIAN_POINT ( 'NONE',  ( -17.00000000000000000, 32.00000000000000000, 3.000000000000000000 ) ) ;
#1358 = PLANE ( 'NONE',  #1637 ) ;
#1359 = CARTESIAN_POINT ( 'NONE',  ( 10.14999999999999858, 36.00000000000000711, -1.500000000000000000 ) ) ;
#1360 = EDGE_LOOP ( 'NONE', ( #1438, #18, #233, #36 ) ) ;
#1361 = VECTOR ( 'NONE', #289, 1000.000000000000000 ) ;
#1362 = FACE_BOUND ( 'NONE', #1049, .T. ) ;
#1363 = ADVANCED_FACE ( 'NONE', ( #1377 ), #971, .F. ) ;
#1364 = VECTOR ( 'NONE', #836, 1000.000000000000000 ) ;
#1365 = ORIENTED_EDGE ( 'NONE', *, *, #964, .T. ) ;
#1366 = CARTESIAN_POINT ( 'NONE',  ( -23.50000000000000711, -6.000000000000000000, 2.500000000000006661 ) ) ;
#1367 = CARTESIAN_POINT ( 'NONE',  ( 12.99999999999999822, 32.00000000000000000, 2.499999999999998668 ) ) ;
#1368 = ORIENTED_EDGE ( 'NONE', *, *, #1779, .T. ) ;
#1369 = DIRECTION ( 'NONE',  ( 0.7071067811865474617, 0.7071067811865474617, -0.000000000000000000 ) ) ;
#1370 = CARTESIAN_POINT ( 'NONE',  ( 14.79999999999999893, 32.00000000000000000, 2.499999999999998668 ) ) ;
#1371 = DIRECTION ( 'NONE',  ( -0.7071067811865474617, 9.807109700556223633E-15, 0.7071067811865474617 ) ) ;
#1372 = ORIENTED_EDGE ( 'NONE', *, *, #1231, .F. ) ;
#1373 = PRODUCT_DEFINITION ( 'UNKNOWN', '', #547, #317 ) ;
#1374 = CARTESIAN_POINT ( 'NONE',  ( -0.08188402914189110704, 1.800695294632301824, -7.300695294632308041 ) ) ;
#1375 = CARTESIAN_POINT ( 'NONE',  ( 19.54240934781876149, 28.24727011100625518, 3.000000000000000000 ) ) ;
#1376 = ADVANCED_FACE ( 'NONE', ( #1744 ), #649, .F. ) ;
#1377 = FACE_OUTER_BOUND ( 'NONE', #1218, .T. ) ;
#1378 = ORIENTED_EDGE ( 'NONE', *, *, #1287, .F. ) ;
#1379 = DIRECTION ( 'NONE',  ( 0.000000000000000000, -1.000000000000000000, 0.000000000000000000 ) ) ;
#1380 = FACE_OUTER_BOUND ( 'NONE', #336, .T. ) ;
#1381 = CARTESIAN_POINT ( 'NONE',  ( -24.00000000000000000, -6.000000000000000000, 0.4999999999999935052 ) ) ;
#1382 = ORIENTED_EDGE ( 'NONE', *, *, #151, .F. ) ;
#1383 = VECTOR ( 'NONE', #539, 1000.000000000000000 ) ;
#1384 = CARTESIAN_POINT ( 'NONE',  ( 12.99999999999999822, 32.00000000000000000, 3.000000000000000000 ) ) ;
#1385 = VERTEX_POINT ( 'NONE', #1398 ) ;
#1386 = CARTESIAN_POINT ( 'NONE',  ( -24.00000000000000000, 28.54574890855761993, 3.000000000000000000 ) ) ;
#1387 = EDGE_LOOP ( 'NONE', ( #1831, #444, #367, #432 ) ) ;
#1388 = DIRECTION ( 'NONE',  ( -0.000000000000000000, -0.000000000000000000, -1.000000000000000000 ) ) ;
#1389 = EDGE_CURVE ( 'NONE', #814, #103, #935, .T. ) ;
#1390 = LINE ( 'NONE', #1110, #820 ) ;
#1391 = CARTESIAN_POINT ( 'NONE',  ( 0.000000000000000000, -2.250000000000000000, 2.499999999999999556 ) ) ;
#1392 = COORDINATED_UNIVERSAL_TIME_OFFSET ( 1, 0, .AHEAD. ) ;
#1393 = FACE_OUTER_BOUND ( 'NONE', #1700, .T. ) ;
#1394 = DIRECTION ( 'NONE',  ( 0.000000000000000000, 0.000000000000000000, 1.000000000000000000 ) ) ;
#1395 = VECTOR ( 'NONE', #1510, 1000.000000000000000 ) ;
#1396 = FACE_OUTER_BOUND ( 'NONE', #1151, .T. ) ;
#1397 = VERTEX_POINT ( 'NONE', #779 ) ;
#1398 = CARTESIAN_POINT ( 'NONE',  ( -18.00000000000000000, -2.250000000000003997, 2.499999999999999556 ) ) ;
#1399 = ORIENTED_EDGE ( 'NONE', *, *, #387, .F. ) ;
#1400 = CARTESIAN_POINT ( 'NONE',  ( -18.00000000000000000, -2.750000000000011546, 3.000000000000000000 ) ) ;
#1401 = EDGE_CURVE ( 'NONE', #1342, #730, #314, .T. ) ;
#1402 = CARTESIAN_POINT ( 'NONE',  ( 2.750000000000007105, 0.000000000000000000, 3.000000000000000000 ) ) ;
#1403 = CARTESIAN_POINT ( 'NONE',  ( -18.80000000000000071, 32.00000000000000000, 3.000000000000000000 ) ) ;
#1404 = EDGE_CURVE ( 'NONE', #107, #271, #1447, .T. ) ;
#1405 = ORIENTED_EDGE ( 'NONE', *, *, #120, .T. ) ;
#1406 = PLANE ( 'NONE',  #919 ) ;
#1407 = ORIENTED_EDGE ( 'NONE', *, *, #644, .F. ) ;
#1408 = AXIS2_PLACEMENT_3D ( 'NONE', #1161, #1485, #376 ) ;
#1409 = PLANE ( 'NONE',  #1488 ) ;
#1410 = ORIENTED_EDGE ( 'NONE', *, *, #661, .F. ) ;
#1411 = CARTESIAN_POINT ( 'NONE',  ( -20.25000000000000355, 0.000000000000000000, 2.499999999999999556 ) ) ;
#1412 = DIRECTION ( 'NONE',  ( -0.000000000000000000, -0.000000000000000000, -1.000000000000000000 ) ) ;
#1413 = DATE_AND_TIME ( #640, #354 ) ;
#1414 = DIRECTION ( 'NONE',  ( 0.000000000000000000, 0.000000000000000000, 1.000000000000000000 ) ) ;
#1415 = EDGE_CURVE ( 'NONE', #1955, #628, #137, .T. ) ;
#1416 = CARTESIAN_POINT ( 'NONE',  ( -17.00000000000000000, 32.00000000000000000, 2.499999999999996891 ) ) ;
#1417 = CONICAL_SURFACE ( 'NONE', #1806, 2.250000000000000000, 0.7853981633974552734 ) ;
#1418 = ORIENTED_EDGE ( 'NONE', *, *, #520, .T. ) ;
#1419 = EDGE_CURVE ( 'NONE', #1825, #262, #375, .T. ) ;
#1420 = PLANE ( 'NONE',  #1696 ) ;
#1421 = VERTEX_POINT ( 'NONE', #339 ) ;
#1422 = CARTESIAN_POINT ( 'NONE',  ( -17.00000000000000000, 32.00000000000000000, 0.5000000000000000000 ) ) ;
#1423 = ORIENTED_EDGE ( 'NONE', *, *, #1653, .F. ) ;
#1424 = DIRECTION ( 'NONE',  ( -0.000000000000000000, 0.9275004586537607398, -0.3738220153991247408 ) ) ;
#1425 = VECTOR ( 'NONE', #1371, 1000.000000000000114 ) ;
#1426 = CIRCLE ( 'NONE', #1919, 2.250000000000005329 ) ;
#1427 = APPROVAL_DATE_TIME ( #817, #1927 ) ;
#1428 = LINE ( 'NONE', #643, #1816 ) ;
#1429 = ORIENTED_EDGE ( 'NONE', *, *, #421, .T. ) ;
#1430 = DIRECTION ( 'NONE',  ( -1.000000000000000000, 0.000000000000000000, 0.000000000000000000 ) ) ;
#1431 = ADVANCED_FACE ( 'NONE', ( #951 ), #2011, .F. ) ;
#1432 = VERTEX_POINT ( 'NONE', #1107 ) ;
#1433 = DIRECTION ( 'NONE',  ( 4.202762334428232092E-15, -0.7071067811865502373, 0.7071067811865447972 ) ) ;
#1434 = VERTEX_POINT ( 'NONE', #12 ) ;
#1435 = PERSON_AND_ORGANIZATION_ROLE ( 'design_owner' ) ;
#1436 = CARTESIAN_POINT ( 'NONE',  ( 15.84999999999999964, 36.00000000000000711, -1.500000000000000000 ) ) ;
#1437 = DIRECTION ( 'NONE',  ( -0.000000000000000000, 0.000000000000000000, -1.000000000000000000 ) ) ;
#1438 = ORIENTED_EDGE ( 'NONE', *, *, #912, .F. ) ;
#1439 = DIRECTION ( 'NONE',  ( -1.000000000000000000, 0.000000000000000000, 0.000000000000000000 ) ) ;
#1440 = ORIENTED_EDGE ( 'NONE', *, *, #1505, .F. ) ;
#1441 = ADVANCED_FACE ( 'NONE', ( #629 ), #162, .F. ) ;
#1442 = VERTEX_POINT ( 'NONE', #1864 ) ;
#1443 = ADVANCED_FACE ( 'NONE', ( #1699 ), #619, .F. ) ;
#1444 = CYLINDRICAL_SURFACE ( 'NONE', #1148, 1.799999999999999600 ) ;
#1445 = DIRECTION ( 'NONE',  ( -0.7071067811865475727, 0.000000000000000000, 0.7071067811865475727 ) ) ;
#1446 = VERTEX_POINT ( 'NONE', #637 ) ;
#1447 = CIRCLE ( 'NONE', #576, 2.250000000000000000 ) ;
#1448 = CIRCLE ( 'NONE', #707, 2.750000000000011102 ) ;
#1449 = CARTESIAN_POINT ( 'NONE',  ( 15.84999999999999964, 36.00000000000000711, 0.5000000000000000000 ) ) ;
#1450 = DIRECTION ( 'NONE',  ( -1.000000000000000000, 0.000000000000000000, 0.000000000000000000 ) ) ;
#1451 = EDGE_CURVE ( 'NONE', #788, #662, #320, .T. ) ;
#1452 = EDGE_LOOP ( 'NONE', ( #1828, #1465, #1141, #641 ) ) ;
#1453 = VECTOR ( 'NONE', #1038, 1000.000000000000000 ) ;
#1454 = CONICAL_SURFACE ( 'NONE', #362, 1.799999999999999600, 0.7853981633974557175 ) ;
#1455 = DIRECTION ( 'NONE',  ( -1.000000000000000000, -2.409338161078898687E-16, 0.000000000000000000 ) ) ;
#1456 = AXIS2_PLACEMENT_3D ( 'NONE', #1200, #1172, #111 ) ;
#1457 = AXIS2_PLACEMENT_3D ( 'NONE', #663, #300, #961 ) ;
#1458 = ORIENTED_EDGE ( 'NONE', *, *, #661, .T. ) ;
#1459 = CARTESIAN_POINT ( 'NONE',  ( -18.00000000000000000, 0.000000000000000000, 3.000000000000000000 ) ) ;
#1460 = FACE_OUTER_BOUND ( 'NONE', #1534, .T. ) ;
#1461 = ORIENTED_EDGE ( 'NONE', *, *, #199, .T. ) ;
#1462 = VECTOR ( 'NONE', #90, 999.9999999999998863 ) ;
#1463 = AXIS2_PLACEMENT_3D ( 'NONE', #449, #2009, #612 ) ;
#1464 = CARTESIAN_POINT ( 'NONE',  ( -17.00000000000000000, 32.00000000000000000, 2.499999999999996891 ) ) ;
#1465 = ORIENTED_EDGE ( 'NONE', *, *, #186, .F. ) ;
#1466 = ADVANCED_FACE ( 'NONE', ( #1227 ), #1409, .F. ) ;
#1467 = DIRECTION ( 'NONE',  ( 0.7071067811865475727, 0.000000000000000000, 0.7071067811865475727 ) ) ;
#1468 = EDGE_LOOP ( 'NONE', ( #1871, #811, #1957, #1228, #1544, #537, #1012, #65 ) ) ;
#1469 = EDGE_CURVE ( 'NONE', #1421, #236, #1251, .T. ) ;
#1470 = CARTESIAN_POINT ( 'NONE',  ( 12.99999999999999822, 32.00000000000000000, -4.000000000000000000 ) ) ;
#1471 = ORIENTED_EDGE ( 'NONE', *, *, #601, .T. ) ;
#1472 = CARTESIAN_POINT ( 'NONE',  ( 15.84999999999999964, 28.04574890855761993, 0.5000000000000000000 ) ) ;
#1473 = DIRECTION ( 'NONE',  ( 0.7071067811865463515, 0.000000000000000000, 0.7071067811865487940 ) ) ;
#1474 = ORIENTED_EDGE ( 'NONE', *, *, #309, .F. ) ;
#1475 = CARTESIAN_POINT ( 'NONE',  ( 0.000000000000000000, 2.250000000000000000, 2.499999999999999556 ) ) ;
#1476 = ADVANCED_FACE ( 'NONE', ( #149, #1575 ), #508, .T. ) ;
#1477 = ORIENTED_EDGE ( 'NONE', *, *, #1786, .T. ) ;
#1478 = DIRECTION ( 'NONE',  ( -0.5773502691896258421, -0.5773502691896258421, -0.5773502691896258421 ) ) ;
#1479 = EDGE_CURVE ( 'NONE', #1881, #1669, #1764, .T. ) ;
#1480 = AXIS2_PLACEMENT_3D ( 'NONE', #1621, #858, #248 ) ;
#1481 = PLANE ( 'NONE',  #1650 ) ;
#1482 = CC_DESIGN_APPROVAL ( #1927, ( #1210 ) ) ;
#1483 = VECTOR ( 'NONE', #1997, 1000.000000000000114 ) ;
#1484 = ORIENTED_EDGE ( 'NONE', *, *, #1170, .F. ) ;
#1485 = DIRECTION ( 'NONE',  ( -0.000000000000000000, -0.000000000000000000, -1.000000000000000000 ) ) ;
#1486 = ORIENTED_EDGE ( 'NONE', *, *, #1999, .F. ) ;
#1487 = FACE_OUTER_BOUND ( 'NONE', #1710, .T. ) ;
#1488 = AXIS2_PLACEMENT_3D ( 'NONE', #768, #124, #1557 ) ;
#1489 = ADVANCED_FACE ( 'NONE', ( #1672 ), #1481, .F. ) ;
#1490 = LINE ( 'NONE', #1013, #1892 ) ;
#1491 = CARTESIAN_POINT ( 'NONE',  ( 19.99999999999999645, 28.04574890855762703, 3.000000000000000000 ) ) ;
#1492 = AXIS2_PLACEMENT_3D ( 'NONE', #1318, #113, #1022 ) ;
#1493 = DIRECTION ( 'NONE',  ( 2.180875931667680149E-16, 1.000000000000000000, -0.000000000000000000 ) ) ;
#1494 = ORIENTED_EDGE ( 'NONE', *, *, #1515, .F. ) ;
#1495 = CONICAL_SURFACE ( 'NONE', #880, 2.749999999999999112, 0.7853981633974491672 ) ;
#1496 = DIRECTION ( 'NONE',  ( 0.000000000000000000, -0.000000000000000000, 1.000000000000000000 ) ) ;
#1497 = DIRECTION ( 'NONE',  ( 0.7071067811865487940, 0.7071067811865462405, 0.000000000000000000 ) ) ;
#1498 = ORIENTED_EDGE ( 'NONE', *, *, #1389, .T. ) ;
#1499 = DIRECTION ( 'NONE',  ( -1.000000000000000000, 0.000000000000000000, 0.000000000000000000 ) ) ;
#1500 = ORIENTED_EDGE ( 'NONE', *, *, #326, .F. ) ;
#1501 = DIRECTION ( 'NONE',  ( -0.7071067811865475727, -0.7071067811865475727, -0.000000000000000000 ) ) ;
#1502 = EDGE_CURVE ( 'NONE', #1421, #1795, #436, .T. ) ;
#1503 = LINE ( 'NONE', #1654, #1278 ) ;
#1504 = ORIENTED_EDGE ( 'NONE', *, *, #1920, .T. ) ;
#1505 = EDGE_CURVE ( 'NONE', #822, #1385, #1426, .T. ) ;
#1506 = LINE ( 'NONE', #1971, #351 ) ;
#1507 = VERTEX_POINT ( 'NONE', #1202 ) ;
#1508 = PLANE ( 'NONE',  #145 ) ;
#1509 = ORIENTED_EDGE ( 'NONE', *, *, #1868, .F. ) ;
#1510 = DIRECTION ( 'NONE',  ( -1.000000000000000000, 2.409338161078898687E-16, 0.000000000000000000 ) ) ;
#1511 = DIRECTION ( 'NONE',  ( 0.000000000000000000, 0.000000000000000000, 1.000000000000000000 ) ) ;
#1512 = ORIENTED_EDGE ( 'NONE', *, *, #104, .T. ) ;
#1513 = CIRCLE ( 'NONE', #840, 2.250000000000005329 ) ;
#1514 = CARTESIAN_POINT ( 'NONE',  ( 10.14999999999999858, 36.00000000000000711, 0.5000000000000000000 ) ) ;
#1515 = EDGE_CURVE ( 'NONE', #1685, #1825, #1037, .T. ) ;
#1516 = FACE_OUTER_BOUND ( 'NONE', #647, .T. ) ;
#1517 = ORIENTED_EDGE ( 'NONE', *, *, #243, .T. ) ;
#1518 = CARTESIAN_POINT ( 'NONE',  ( 10.14999999999999858, 36.00000000000000711, 0.5000000000000000000 ) ) ;
#1519 = ORIENTED_EDGE ( 'NONE', *, *, #763, .T. ) ;
#1520 = AXIS2_PLACEMENT_3D ( 'NONE', #686, #241, #1766 ) ;
#1521 = DIRECTION ( 'NONE',  ( 1.000000000000000000, 0.000000000000000000, 0.000000000000000000 ) ) ;
#1522 = DIRECTION ( 'NONE',  ( 0.000000000000000000, -1.000000000000000000, 0.000000000000000000 ) ) ;
#1523 = DIRECTION ( 'NONE',  ( 0.000000000000000000, -1.000000000000000000, 0.000000000000000000 ) ) ;
#1524 = ORIENTED_EDGE ( 'NONE', *, *, #1182, .T. ) ;
#1525 = DIRECTION ( 'NONE',  ( -1.000000000000000000, 0.000000000000000000, 0.000000000000000000 ) ) ;
#1526 = DIRECTION ( 'NONE',  ( -1.703659351870417188E-16, -0.7071067811865482389, 0.7071067811865469066 ) ) ;
#1527 = FACE_OUTER_BOUND ( 'NONE', #2019, .T. ) ;
#1528 = ORIENTED_EDGE ( 'NONE', *, *, #1505, .T. ) ;
#1529 = EDGE_CURVE ( 'NONE', #662, #1442, #754, .T. ) ;
#1530 = DIRECTION ( 'NONE',  ( -1.000000000000000000, 2.180875931667680395E-16, 0.000000000000000000 ) ) ;
#1531 = EDGE_CURVE ( 'NONE', #1235, #1899, #1638, .T. ) ;
#1532 = CARTESIAN_POINT ( 'NONE',  ( -15.20000000000000107, 32.00000000000000000, 3.000000000000000000 ) ) ;
#1533 = CARTESIAN_POINT ( 'NONE',  ( 19.99999999999999645, 35.50000000000001421, -4.000000000000000000 ) ) ;
#1534 = EDGE_LOOP ( 'NONE', ( #468, #1565, #2021, #249 ) ) ;
#1535 = DIRECTION ( 'NONE',  ( -1.000000000000000000, 0.000000000000000000, 0.000000000000000000 ) ) ;
#1536 = CARTESIAN_POINT ( 'NONE',  ( -24.00000000000000000, 35.50000000000000711, 3.000000000000000000 ) ) ;
#1537 = DIRECTION ( 'NONE',  ( -0.000000000000000000, -0.000000000000000000, -1.000000000000000000 ) ) ;
#1538 = ORIENTED_EDGE ( 'NONE', *, *, #753, .F. ) ;
#1539 = CARTESIAN_POINT ( 'NONE',  ( 11.19999999999999574, 32.00000000000000000, 3.000000000000000000 ) ) ;
#1540 = DIRECTION ( 'NONE',  ( 1.000000000000000000, 0.000000000000000000, 0.000000000000000000 ) ) ;
#1541 = EDGE_CURVE ( 'NONE', #1446, #1333, #413, .T. ) ;
#1542 = VERTEX_POINT ( 'NONE', #1366 ) ;
#1543 = DIRECTION ( 'NONE',  ( -1.000000000000000000, 0.000000000000000000, 0.000000000000000000 ) ) ;
#1544 = ORIENTED_EDGE ( 'NONE', *, *, #1663, .F. ) ;
#1545 = AXIS2_PLACEMENT_3D ( 'NONE', #1667, #269, #901 ) ;
#1546 = LINE ( 'NONE', #1400, #1214 ) ;
#1547 = VECTOR ( 'NONE', #1571, 999.9999999999998863 ) ;
#1548 = DIRECTION ( 'NONE',  ( -1.000000000000000000, 0.000000000000000000, 0.000000000000000000 ) ) ;
#1549 = LINE ( 'NONE', #141, #427 ) ;
#1550 = DIRECTION ( 'NONE',  ( 0.000000000000000000, -0.000000000000000000, -1.000000000000000000 ) ) ;
#1551 = AXIS2_PLACEMENT_3D ( 'NONE', #1627, #1605, #1938 ) ;
#1552 = FACE_OUTER_BOUND ( 'NONE', #38, .T. ) ;
#1553 = CARTESIAN_POINT ( 'NONE',  ( 1.204669080539438743E-16, -2.749999999999995559, 0.000000000000000000 ) ) ;
#1554 = ORIENTED_EDGE ( 'NONE', *, *, #552, .T. ) ;
#1555 = FACE_OUTER_BOUND ( 'NONE', #698, .T. ) ;
#1556 = EDGE_CURVE ( 'NONE', #271, #1708, #1034, .T. ) ;
#1557 = DIRECTION ( 'NONE',  ( -0.000000000000000000, 0.000000000000000000, -1.000000000000000000 ) ) ;
#1558 = VECTOR ( 'NONE', #255, 1000.000000000000000 ) ;
#1559 = VERTEX_POINT ( 'NONE', #81 ) ;
#1560 = DIRECTION ( 'NONE',  ( 0.000000000000000000, 0.7071067811865525687, -0.7071067811865425767 ) ) ;
#1561 = CARTESIAN_POINT ( 'NONE',  ( 1.204669080539467340E-16, -2.750000000000007105, 3.000000000000000000 ) ) ;
#1562 = ORIENTED_EDGE ( 'NONE', *, *, #67, .T. ) ;
#1563 = DIRECTION ( 'NONE',  ( -0.7071067811865475727, -0.000000000000000000, 0.7071067811865475727 ) ) ;
#1564 = CARTESIAN_POINT ( 'NONE',  ( 0.000000000000000000, 0.000000000000000000, 3.000000000000000000 ) ) ;
#1565 = ORIENTED_EDGE ( 'NONE', *, *, #631, .F. ) ;
#1566 = DIRECTION ( 'NONE',  ( -0.000000000000000000, 0.000000000000000000, -1.000000000000000000 ) ) ;
#1567 = EDGE_LOOP ( 'NONE', ( #876, #1888, #2002, #399 ) ) ;
#1568 = DIRECTION ( 'NONE',  ( -0.4030424048972621742, -0.9151813043624914545, 0.000000000000000000 ) ) ;
#1569 = APPROVAL_STATUS ( 'not_yet_approved' ) ;
#1570 = EDGE_CURVE ( 'NONE', #185, #1685, #602, .T. ) ;
#1571 = DIRECTION ( 'NONE',  ( -0.5773502691896257311, 0.5773502691896257311, 0.5773502691896257311 ) ) ;
#1572 = DIRECTION ( 'NONE',  ( 0.000000000000000000, 1.000000000000000000, 0.000000000000000000 ) ) ;
#1573 = DIRECTION ( 'NONE',  ( -0.000000000000000000, -0.000000000000000000, -1.000000000000000000 ) ) ;
#1574 = EDGE_LOOP ( 'NONE', ( #1062, #89, #1689, #585 ) ) ;
#1575 = FACE_OUTER_BOUND ( 'NONE', #163, .T. ) ;
#1576 = ORIENTED_EDGE ( 'NONE', *, *, #1515, .T. ) ;
#1577 = CARTESIAN_POINT ( 'NONE',  ( 14.79999999999999893, 32.00000000000000000, 2.499999999999998668 ) ) ;
#1578 = COORDINATED_UNIVERSAL_TIME_OFFSET ( 1, 0, .AHEAD. ) ;
#1579 = EDGE_CURVE ( 'NONE', #788, #262, #1652, .T. ) ;
#1580 = CARTESIAN_POINT ( 'NONE',  ( -20.25000000000000355, 0.000000000000000000, 0.4999999999999947820 ) ) ;
#1581 = VECTOR ( 'NONE', #1341, 1000.000000000000000 ) ;
#1582 = CIRCLE ( 'NONE', #1606, 2.300000000000010481 ) ;
#1583 = VECTOR ( 'NONE', #1929, 1000.000000000000000 ) ;
#1584 = CARTESIAN_POINT ( 'NONE',  ( 15.84999999999999964, 36.00000000000000711, 0.5000000000000000000 ) ) ;
#1585 = ORIENTED_EDGE ( 'NONE', *, *, #39, .T. ) ;
#1586 = VECTOR ( 'NONE', #734, 1000.000000000000000 ) ;
#1587 = ORIENTED_EDGE ( 'NONE', *, *, #265, .T. ) ;
#1588 = CIRCLE ( 'NONE', #622, 1.799999999999999600 ) ;
#1589 = PERSON_AND_ORGANIZATION ( #1894, #202 ) ;
#1590 = DIRECTION ( 'NONE',  ( -0.000000000000000000, -0.000000000000000000, -1.000000000000000000 ) ) ;
#1591 = PRODUCT_RELATED_PRODUCT_CATEGORY ( 'detail', '', ( #856 ) ) ;
#1592 = ORIENTED_EDGE ( 'NONE', *, *, #1735, .F. ) ;
#1593 = VECTOR ( 'NONE', #234, 1000.000000000000000 ) ;
#1594 = EDGE_CURVE ( 'NONE', #757, #1542, #1490, .T. ) ;
#1595 = ORIENTED_EDGE ( 'NONE', *, *, #995, .T. ) ;
#1596 = VECTOR ( 'NONE', #1430, 1000.000000000000000 ) ;
#1597 = FACE_OUTER_BOUND ( 'NONE', #738, .T. ) ;
#1598 = CARTESIAN_POINT ( 'NONE',  ( 19.99999999999999645, 35.50000000000001421, 3.000000000000000000 ) ) ;
#1599 = DIRECTION ( 'NONE',  ( -1.000000000000000000, 0.000000000000000000, 0.000000000000000000 ) ) ;
#1600 = VERTEX_POINT ( 'NONE', #884 ) ;
#1601 = EDGE_CURVE ( 'NONE', #1600, #1924, #192, .T. ) ;
#1602 = VERTEX_POINT ( 'NONE', #742 ) ;
#1603 = CARTESIAN_POINT ( 'NONE',  ( -23.50000000000000711, 35.50000000000000000, 3.000000000000000000 ) ) ;
#1604 = ORIENTED_EDGE ( 'NONE', *, *, #700, .T. ) ;
#1605 = DIRECTION ( 'NONE',  ( 1.000000000000000000, 0.000000000000000000, -0.000000000000000000 ) ) ;
#1606 = AXIS2_PLACEMENT_3D ( 'NONE', #1222, #334, #956 ) ;
#1607 = DIRECTION ( 'NONE',  ( -1.000000000000000000, 0.000000000000000000, 0.000000000000000000 ) ) ;
#1608 = ADVANCED_FACE ( 'NONE', ( #1354 ), #1165, .F. ) ;
#1609 = DIRECTION ( 'NONE',  ( 1.000000000000000000, 0.000000000000000000, 0.000000000000000000 ) ) ;
#1610 = ORIENTED_EDGE ( 'NONE', *, *, #1349, .F. ) ;
#1611 = EDGE_CURVE ( 'NONE', #985, #1237, #721, .T. ) ;
#1612 = VECTOR ( 'NONE', #410, 1000.000000000000000 ) ;
#1613 = VECTOR ( 'NONE', #1666, 1000.000000000000000 ) ;
#1614 = LINE ( 'NONE', #1017, #1068 ) ;
#1615 = DIRECTION ( 'NONE',  ( 1.000000000000000000, 2.409338161078898687E-16, -0.000000000000000000 ) ) ;
#1616 = DIRECTION ( 'NONE',  ( -0.7071067811865482389, 0.000000000000000000, -0.7071067811865469066 ) ) ;
#1617 = EDGE_LOOP ( 'NONE', ( #1266, #1093, #542, #1294, #1302 ) ) ;
#1618 = DIRECTION ( 'NONE',  ( 0.000000000000000000, 0.7071067811865525687, 0.7071067811865425767 ) ) ;
#1619 = AXIS2_PLACEMENT_3D ( 'NONE', #987, #1497, #1954 ) ;
#1620 = CARTESIAN_POINT ( 'NONE',  ( -23.50000000000000711, -6.000000000000000000, 2.500000000000006661 ) ) ;
#1621 = CARTESIAN_POINT ( 'NONE',  ( 0.000000000000000000, 0.000000000000000000, 3.000000000000000000 ) ) ;
#1622 = ADVANCED_FACE ( 'NONE', ( #101 ), #257, .F. ) ;
#1623 = VERTEX_POINT ( 'NONE', #1818 ) ;
#1624 = DIRECTION ( 'NONE',  ( 0.000000000000000000, 0.000000000000000000, -1.000000000000000000 ) ) ;
#1625 = EDGE_CURVE ( 'NONE', #1763, #1326, #424, .T. ) ;
#1626 = ORIENTED_EDGE ( 'NONE', *, *, #1284, .F. ) ;
#1627 = CARTESIAN_POINT ( 'NONE',  ( 15.84999999999999964, 36.00000000000000711, 0.5000000000000000000 ) ) ;
#1628 = ORIENTED_EDGE ( 'NONE', *, *, #366, .F. ) ;
#1629 = DIRECTION ( 'NONE',  ( 0.000000000000000000, 0.000000000000000000, 1.000000000000000000 ) ) ;
#1630 = CARTESIAN_POINT ( 'NONE',  ( 10.14999999999999858, 36.00000000000000711, 0.5000000000000000000 ) ) ;
#1631 = CARTESIAN_POINT ( 'NONE',  ( -23.50000000000000711, 36.00000000000000000, 2.500000000000006661 ) ) ;
#1632 = ORIENTED_EDGE ( 'NONE', *, *, #1059, .T. ) ;
#1633 = CARTESIAN_POINT ( 'NONE',  ( -15.20000000000000107, 32.00000000000000000, 2.499999999999996891 ) ) ;
#1634 = ORIENTED_EDGE ( 'NONE', *, *, #1048, .T. ) ;
#1635 = ADVANCED_FACE ( 'NONE', ( #590, #1194 ), #1830, .F. ) ;
#1636 = CARTESIAN_POINT ( 'NONE',  ( -20.74999999999999645, 0.000000000000000000, 0.000000000000000000 ) ) ;
#1637 = AXIS2_PLACEMENT_3D ( 'NONE', #1810, #618, #442 ) ;
#1638 = LINE ( 'NONE', #1804, #330 ) ;
#1639 = VECTOR ( 'NONE', #885, 1000.000000000000000 ) ;
#1640 = DIRECTION ( 'NONE',  ( -0.7071067811865474617, -0.000000000000000000, 0.7071067811865474617 ) ) ;
#1641 = CARTESIAN_POINT ( 'NONE',  ( -14.14999999999999858, 28.04574890855761993, 0.5000000000000000000 ) ) ;
#1642 = FACE_OUTER_BOUND ( 'NONE', #171, .T. ) ;
#1643 = FACE_OUTER_BOUND ( 'NONE', #573, .T. ) ;
#1644 = CARTESIAN_POINT ( 'NONE',  ( -14.14999999999999858, 36.00000000000000711, 0.5000000000000000000 ) ) ;
#1645 = ORIENTED_EDGE ( 'NONE', *, *, #559, .F. ) ;
#1646 = CONICAL_SURFACE ( 'NONE', #781, 2.250000000000000000, 0.7853981633974552734 ) ;
#1647 = CARTESIAN_POINT ( 'NONE',  ( 1.204669080539438250E-16, -2.749999999999995559, 0.000000000000000000 ) ) ;
#1648 = CONICAL_SURFACE ( 'NONE', #1520, 2.250000000000005329, 0.7853981633974552734 ) ;
#1649 = EDGE_CURVE ( 'NONE', #288, #205, #1225, .T. ) ;
#1650 = AXIS2_PLACEMENT_3D ( 'NONE', #1056, #579, #755 ) ;
#1651 = ORIENTED_EDGE ( 'NONE', *, *, #1579, .T. ) ;
#1652 = LINE ( 'NONE', #1947, #524 ) ;
#1653 = EDGE_CURVE ( 'NONE', #685, #891, #776, .T. ) ;
#1654 = CARTESIAN_POINT ( 'NONE',  ( 5.006380209884243371, -6.000000000000000000, 3.000000000000000000 ) ) ;
#1655 = ORIENTED_EDGE ( 'NONE', *, *, #2014, .T. ) ;
#1656 = CARTESIAN_POINT ( 'NONE',  ( -24.00000000000000000, 36.00000000000000000, 0.4999999999999935052 ) ) ;
#1657 = CARTESIAN_POINT ( 'NONE',  ( 5.006380209884243371, -5.500000000000006217, 3.000000000000000000 ) ) ;
#1658 = CARTESIAN_POINT ( 'NONE',  ( 15.84999999999999964, 28.04574890855761993, -1.500000000000000000 ) ) ;
#1659 = ORIENTED_EDGE ( 'NONE', *, *, #1020, .F. ) ;
#1660 = CARTESIAN_POINT ( 'NONE',  ( 19.99999999999999645, 28.54574890855761993, 3.000000000000000000 ) ) ;
#1661 = ORIENTED_EDGE ( 'NONE', *, *, #283, .T. ) ;
#1662 = DIRECTION ( 'NONE',  ( -1.000000000000000000, 0.000000000000000000, 0.000000000000000000 ) ) ;
#1663 = EDGE_CURVE ( 'NONE', #1795, #1792, #810, .T. ) ;
#1664 = DIRECTION ( 'NONE',  ( -1.115122484860631658E-16, 0.7071067811865447972, -0.7071067811865502373 ) ) ;
#1665 = ORIENTED_EDGE ( 'NONE', *, *, #766, .F. ) ;
#1666 = DIRECTION ( 'NONE',  ( -0.000000000000000000, -0.000000000000000000, -1.000000000000000000 ) ) ;
#1667 = CARTESIAN_POINT ( 'NONE',  ( -24.00000000000000000, 28.54574890855761993, 3.000000000000000000 ) ) ;
#1668 = CARTESIAN_POINT ( 'NONE',  ( 2.250000000000000000, 0.000000000000000000, 2.499999999999999556 ) ) ;
#1669 = VERTEX_POINT ( 'NONE', #1076 ) ;
#1670 = FACE_BOUND ( 'NONE', #1337, .T. ) ;
#1671 = ORIENTED_EDGE ( 'NONE', *, *, #1649, .T. ) ;
#1672 = FACE_OUTER_BOUND ( 'NONE', #667, .T. ) ;
#1673 = AXIS2_PLACEMENT_3D ( 'NONE', #1120, #1412, #1548 ) ;
#1674 = DIRECTION ( 'NONE',  ( -0.7071067811865529018, 8.659560562354999418E-17, 0.7071067811865422437 ) ) ;
#1675 = EDGE_CURVE ( 'NONE', #15, #412, #1698, .T. ) ;
#1676 = ORIENTED_EDGE ( 'NONE', *, *, #182, .F. ) ;
#1677 = VECTOR ( 'NONE', #66, 1000.000000000000000 ) ;
#1678 = CARTESIAN_POINT ( 'NONE',  ( -24.00000000000000000, -5.500000000000005329, 0.4999999999999935052 ) ) ;
#1679 = FACE_OUTER_BOUND ( 'NONE', #606, .T. ) ;
#1680 = CARTESIAN_POINT ( 'NONE',  ( -5.598425763379696770E-15, 35.50000000000000711, 3.000000000000000000 ) ) ;
#1681 = ADVANCED_FACE ( 'NONE', ( #635 ), #1420, .T. ) ;
#1682 = ORIENTED_EDGE ( 'NONE', *, *, #903, .F. ) ;
#1683 = DIRECTION ( 'NONE',  ( 0.000000000000000000, 0.000000000000000000, 1.000000000000000000 ) ) ;
#1684 = AXIS2_PLACEMENT_3D ( 'NONE', #595, #281, #1525 ) ;
#1685 = VERTEX_POINT ( 'NONE', #937 ) ;
#1686 = VECTOR ( 'NONE', #445, 1000.000000000000000 ) ;
#1687 = LINE ( 'NONE', #1532, #853 ) ;
#1688 = DIRECTION ( 'NONE',  ( -1.000000000000000000, 0.000000000000000000, 0.000000000000000000 ) ) ;
#1689 = ORIENTED_EDGE ( 'NONE', *, *, #408, .F. ) ;
#1690 = AXIS2_PLACEMENT_3D ( 'NONE', #567, #1186, #1980 ) ;
#1691 = CC_DESIGN_PERSON_AND_ORGANIZATION_ASSIGNMENT ( #1877, #1435, ( #856 ) ) ;
#1692 = CARTESIAN_POINT ( 'NONE',  ( -19.84999999999999787, 36.00000000000000711, 0.5000000000000000000 ) ) ;
#1693 = LINE ( 'NONE', #1051, #504 ) ;
#1694 = ORIENTED_EDGE ( 'NONE', *, *, #387, .T. ) ;
#1695 = ADVANCED_FACE ( 'NONE', ( #928, #481 ), #948, .F. ) ;
#1696 = AXIS2_PLACEMENT_3D ( 'NONE', #472, #1234, #1720 ) ;
#1697 = FACE_OUTER_BOUND ( 'NONE', #833, .T. ) ;
#1698 = LINE ( 'NONE', #1882, #1224 ) ;
#1699 = FACE_OUTER_BOUND ( 'NONE', #1567, .T. ) ;
#1700 = EDGE_LOOP ( 'NONE', ( #1740, #358, #553, #1260 ) ) ;
#1701 = LINE ( 'NONE', #178, #654 ) ;
#1702 = DIRECTION ( 'NONE',  ( -1.000000000000000000, 0.000000000000000000, 0.000000000000000000 ) ) ;
#1703 = CARTESIAN_POINT ( 'NONE',  ( -14.14999999999999858, 28.04574890855761993, 0.5000000000000000000 ) ) ;
#1704 = DIRECTION ( 'NONE',  ( 1.000000000000000000, -0.000000000000000000, -0.000000000000000000 ) ) ;
#1705 = PLANE ( 'NONE',  #415 ) ;
#1706 = EDGE_CURVE ( 'NONE', #733, #1162, #1262, .T. ) ;
#1707 = DIRECTION ( 'NONE',  ( -0.000000000000000000, -0.000000000000000000, -1.000000000000000000 ) ) ;
#1708 = VERTEX_POINT ( 'NONE', #1553 ) ;
#1709 = CARTESIAN_POINT ( 'NONE',  ( 0.000000000000000000, 0.000000000000000000, 0.4999999999999947820 ) ) ;
#1710 = EDGE_LOOP ( 'NONE', ( #1922, #564, #1197, #949, #1512 ) ) ;
#1711 = AXIS2_PLACEMENT_3D ( 'NONE', #1204, #102, #1688 ) ;
#1712 = CARTESIAN_POINT ( 'NONE',  ( 10.69999999999998685, 32.00000000000000000, 3.000000000000000000 ) ) ;
#1713 = VECTOR ( 'NONE', #1215, 1000.000000000000000 ) ;
#1714 = ORIENTED_EDGE ( 'NONE', *, *, #797, .T. ) ;
#1715 = VECTOR ( 'NONE', #565, 1000.000000000000000 ) ;
#1716 = CARTESIAN_POINT ( 'NONE',  ( 17.33333333333333925, 38.16666666666667140, -1.333333333333359016 ) ) ;
#1717 = APPROVAL_PERSON_ORGANIZATION ( #1229, #570, #353 ) ;
#1718 = ORIENTED_EDGE ( 'NONE', *, *, #1469, .T. ) ;
#1719 = EDGE_CURVE ( 'NONE', #5, #1235, #222, .T. ) ;
#1720 = DIRECTION ( 'NONE',  ( -0.7071067811865525687, 0.000000000000000000, 0.7071067811865425767 ) ) ;
#1721 = ORIENTED_EDGE ( 'NONE', *, *, #753, .T. ) ;
#1722 = CARTESIAN_POINT ( 'NONE',  ( -15.20000000000000107, 32.00000000000000000, 3.000000000000000000 ) ) ;
#1723 = AXIS2_PLACEMENT_3D ( 'NONE', #655, #1437, #1259 ) ;
#1724 = EDGE_CURVE ( 'NONE', #1271, #348, #1091, .T. ) ;
#1725 = ORIENTED_EDGE ( 'NONE', *, *, #700, .F. ) ;
#1726 = LINE ( 'NONE', #331, #1974 ) ;
#1727 = VERTEX_POINT ( 'NONE', #133 ) ;
#1728 = CARTESIAN_POINT ( 'NONE',  ( -14.14999999999999858, 28.04574890855761993, 0.5000000000000000000 ) ) ;
#1729 = EDGE_LOOP ( 'NONE', ( #942, #966, #609, #177 ) ) ;
#1730 = LINE ( 'NONE', #337, #1361 ) ;
#1731 = AXIS2_PLACEMENT_3D ( 'NONE', #198, #718, #1753 ) ;
#1732 = ORIENTED_EDGE ( 'NONE', *, *, #92, .T. ) ;
#1733 = CARTESIAN_POINT ( 'NONE',  ( 5.006380209884243371, -6.000000000000000000, 3.000000000000000000 ) ) ;
#1734 = ORIENTED_EDGE ( 'NONE', *, *, #1469, .F. ) ;
#1735 = EDGE_CURVE ( 'NONE', #1333, #725, #801, .T. ) ;
#1736 = LINE ( 'NONE', #342, #361 ) ;
#1737 = COORDINATED_UNIVERSAL_TIME_OFFSET ( 1, 0, .AHEAD. ) ;
#1738 = ORIENTED_EDGE ( 'NONE', *, *, #1770, .T. ) ;
#1739 = DIRECTION ( 'NONE',  ( -0.000000000000000000, -0.000000000000000000, -1.000000000000000000 ) ) ;
#1740 = ORIENTED_EDGE ( 'NONE', *, *, #110, .F. ) ;
#1741 = LINE ( 'NONE', #1644, #197 ) ;
#1742 = ORIENTED_EDGE ( 'NONE', *, *, #1531, .F. ) ;
#1743 = LINE ( 'NONE', #1722, #1281 ) ;
#1744 = FACE_OUTER_BOUND ( 'NONE', #1101, .T. ) ;
#1745 = EDGE_LOOP ( 'NONE', ( #1069, #1865, #1874, #1407 ) ) ;
#1746 = CARTESIAN_POINT ( 'NONE',  ( -19.84999999999999787, 36.00000000000000711, -1.500000000000000000 ) ) ;
#1747 = EDGE_CURVE ( 'NONE', #480, #428, #172, .T. ) ;
#1748 = CARTESIAN_POINT ( 'NONE',  ( -14.14999999999999858, 36.00000000000000711, -1.500000000000000000 ) ) ;
#1749 = EDGE_CURVE ( 'NONE', #733, #1124, #1785, .T. ) ;
#1750 = AXIS2_PLACEMENT_3D ( 'NONE', #1993, #1414, #345 ) ;
#1751 = ORIENTED_EDGE ( 'NONE', *, *, #186, .T. ) ;
#1752 = VECTOR ( 'NONE', #1433, 1000.000000000000000 ) ;
#1753 = DIRECTION ( 'NONE',  ( 1.000000000000000000, 0.000000000000000000, 0.000000000000000000 ) ) ;
#1754 = AXIS2_PLACEMENT_3D ( 'NONE', #1536, #1041, #1823 ) ;
#1755 = ORIENTED_EDGE ( 'NONE', *, *, #903, .T. ) ;
#1756 = FACE_OUTER_BOUND ( 'NONE', #719, .T. ) ;
#1757 = CIRCLE ( 'NONE', #1886, 2.300000000000010481 ) ;
#1758 = ORIENTED_EDGE ( 'NONE', *, *, #778, .T. ) ;
#1759 = EDGE_CURVE ( 'NONE', #1602, #1878, #1687, .T. ) ;
#1760 = AXIS2_PLACEMENT_3D ( 'NONE', #1862, #324, #299 ) ;
#1761 = CARTESIAN_POINT ( 'NONE',  ( -18.00000000000000000, 0.000000000000000000, 2.499999999999999556 ) ) ;
#1762 = FACE_OUTER_BOUND ( 'NONE', #594, .T. ) ;
#1763 = VERTEX_POINT ( 'NONE', #789 ) ;
#1764 = LINE ( 'NONE', #1449, #1258 ) ;
#1765 = DIRECTION ( 'NONE',  ( -1.703659351870414230E-16, 0.7071067811865469066, -0.7071067811865482389 ) ) ;
#1766 = DIRECTION ( 'NONE',  ( 1.000000000000000000, 0.000000000000000000, 0.000000000000000000 ) ) ;
#1767 = CARTESIAN_POINT ( 'NONE',  ( -19.84999999999999787, 28.04574890855761993, 0.000000000000000000 ) ) ;
#1768 = ADVANCED_FACE ( 'NONE', ( #1396 ), #1406, .T. ) ;
#1769 = ORIENTED_EDGE ( 'NONE', *, *, #1675, .T. ) ;
#1770 = EDGE_CURVE ( 'NONE', #1297, #1271, #1730, .T. ) ;
#1771 = DIRECTION ( 'NONE',  ( 0.000000000000000000, 0.000000000000000000, 1.000000000000000000 ) ) ;
#1772 = ORIENTED_EDGE ( 'NONE', *, *, #690, .T. ) ;
#1773 = FACE_OUTER_BOUND ( 'NONE', #851, .T. ) ;
#1774 = ORIENTED_EDGE ( 'NONE', *, *, #383, .T. ) ;
#1775 = CARTESIAN_POINT ( 'NONE',  ( 19.99999999999999645, 28.04574890855762703, 0.5000000000000004441 ) ) ;
#1776 = AXIS2_PLACEMENT_3D ( 'NONE', #1733, #1236, #972 ) ;
#1777 = VECTOR ( 'NONE', #1000, 1000.000000000000114 ) ;
#1778 = CARTESIAN_POINT ( 'NONE',  ( -19.84999999999999787, 28.04574890855761993, 0.5000000000000000000 ) ) ;
#1779 = EDGE_CURVE ( 'NONE', #74, #1881, #918, .T. ) ;
#1780 = VECTOR ( 'NONE', #1739, 1000.000000000000000 ) ;
#1781 = DIRECTION ( 'NONE',  ( 0.000000000000000000, -1.000000000000000000, 0.000000000000000000 ) ) ;
#1782 = ORIENTED_EDGE ( 'NONE', *, *, #916, .T. ) ;
#1783 = DIRECTION ( 'NONE',  ( -0.7071067811865463515, 0.000000000000000000, 0.7071067811865487940 ) ) ;
#1784 = FACE_OUTER_BOUND ( 'NONE', #475, .T. ) ;
#1785 = CIRCLE ( 'NONE', #1463, 1.800000000000001155 ) ;
#1786 = EDGE_CURVE ( 'NONE', #1297, #1081, #1213, .T. ) ;
#1787 = ORIENTED_EDGE ( 'NONE', *, *, #1122, .T. ) ;
#1788 = LINE ( 'NONE', #1603, #108 ) ;
#1789 = LINE ( 'NONE', #1138, #1677 ) ;
#1790 = LOCAL_TIME ( 14, 42, 24.00000000000000000, #1098 ) ;
#1791 = CARTESIAN_POINT ( 'NONE',  ( -18.00000000000000000, -2.250000000000003997, 3.000000000000000000 ) ) ;
#1792 = VERTEX_POINT ( 'NONE', #45 ) ;
#1793 = CARTESIAN_POINT ( 'NONE',  ( 19.50000000000000355, 36.00000000000000711, 3.000000000000000000 ) ) ;
#1794 = LINE ( 'NONE', #400, #355 ) ;
#1795 = VERTEX_POINT ( 'NONE', #1767 ) ;
#1796 = ADVANCED_FACE ( 'NONE', ( #530 ), #1915, .F. ) ;
#1797 = CARTESIAN_POINT ( 'NONE',  ( 12.99999999999999822, 32.00000000000000000, -4.000000000000000000 ) ) ;
#1798 = CYLINDRICAL_SURFACE ( 'NONE', #465, 1.799999999999999600 ) ;
#1799 = ORIENTED_EDGE ( 'NONE', *, *, #1594, .F. ) ;
#1800 = ADVANCED_FACE ( 'NONE', ( #1762 ), #77, .T. ) ;
#1801 = CARTESIAN_POINT ( 'NONE',  ( 0.000000000000000000, 0.000000000000000000, 3.000000000000000000 ) ) ;
#1802 = ORIENTED_EDGE ( 'NONE', *, *, #703, .T. ) ;
#1803 = CIRCLE ( 'NONE', #184, 2.250000000000000000 ) ;
#1804 = CARTESIAN_POINT ( 'NONE',  ( 6.625679942966988524E-16, -2.750000000000007105, 3.000000000000000000 ) ) ;
#1805 = VECTOR ( 'NONE', #1523, 1000.000000000000000 ) ;
#1806 = AXIS2_PLACEMENT_3D ( 'NONE', #923, #818, #246 ) ;
#1807 = FACE_OUTER_BOUND ( 'NONE', #603, .T. ) ;
#1808 = EDGE_LOOP ( 'NONE', ( #97, #1951, #1913, #1841 ) ) ;
#1809 = DIRECTION ( 'NONE',  ( 1.000000000000000000, 0.000000000000000000, 0.000000000000000000 ) ) ;
#1810 = CARTESIAN_POINT ( 'NONE',  ( 19.99999999999999645, 35.50000000000001421, 2.500000000000006661 ) ) ;
#1811 = DIRECTION ( 'NONE',  ( -1.000000000000000000, 0.000000000000000000, 0.000000000000000000 ) ) ;
#1812 = ORIENTED_EDGE ( 'NONE', *, *, #1856, .F. ) ;
#1813 = CONICAL_SURFACE ( 'NONE', #286, 1.800000000000001155, 0.7853981633974559395 ) ;
#1814 = CARTESIAN_POINT ( 'NONE',  ( -17.00000000000000000, 32.00000000000000000, 2.499999999999996891 ) ) ;
#1815 = DIRECTION ( 'NONE',  ( -1.703659351870414230E-16, -0.7071067811865469066, -0.7071067811865482389 ) ) ;
#1816 = VECTOR ( 'NONE', #1394, 1000.000000000000000 ) ;
#1817 = ADVANCED_FACE ( 'NONE', ( #372 ), #1495, .F. ) ;
#1818 = CARTESIAN_POINT ( 'NONE',  ( 19.50000000000000355, 28.15097195036029021, 3.000000000000000000 ) ) ;
#1819 = DIRECTION ( 'NONE',  ( -0.000000000000000000, 0.000000000000000000, -1.000000000000000000 ) ) ;
#1820 = EDGE_LOOP ( 'NONE', ( #888, #8, #200, #115 ) ) ;
#1821 = VECTOR ( 'NONE', #159, 1000.000000000000000 ) ;
#1822 = DIRECTION ( 'NONE',  ( -1.000000000000000000, 0.000000000000000000, 0.000000000000000000 ) ) ;
#1823 = DIRECTION ( 'NONE',  ( 0.000000000000000000, 0.000000000000000000, -1.000000000000000000 ) ) ;
#1824 = CARTESIAN_POINT ( 'NONE',  ( -24.00000000000000000, 35.50000000000000711, 3.000000000000000000 ) ) ;
#1825 = VERTEX_POINT ( 'NONE', #1279 ) ;
#1826 = CARTESIAN_POINT ( 'NONE',  ( -24.00000000000000000, 28.54574890855761993, 0.4999999999999935052 ) ) ;
#1827 = DIRECTION ( 'NONE',  ( 1.000000000000000000, -2.409338161078898687E-16, 0.000000000000000000 ) ) ;
#1828 = ORIENTED_EDGE ( 'NONE', *, *, #165, .T. ) ;
#1829 = ADVANCED_FACE ( 'NONE', ( #728 ), #1798, .F. ) ;
#1830 = PLANE ( 'NONE',  #1760 ) ;
#1831 = ORIENTED_EDGE ( 'NONE', *, *, #20, .F. ) ;
#1832 = LINE ( 'NONE', #767, #544 ) ;
#1833 = ADVANCED_FACE ( 'NONE', ( #1460 ), #522, .T. ) ;
#1834 = CARTESIAN_POINT ( 'NONE',  ( 19.99999999999999645, 35.50000000000001421, 2.500000000000006661 ) ) ;
#1835 = ORIENTED_EDGE ( 'NONE', *, *, #1419, .T. ) ;
#1836 = FACE_OUTER_BOUND ( 'NONE', #1211, .T. ) ;
#1837 = FACE_OUTER_BOUND ( 'NONE', #68, .T. ) ;
#1838 = ORIENTED_EDGE ( 'NONE', *, *, #1345, .F. ) ;
#1839 = DIRECTION ( 'NONE',  ( -0.000000000000000000, -0.000000000000000000, -1.000000000000000000 ) ) ;
#1840 = DIRECTION ( 'NONE',  ( -0.000000000000000000, -0.000000000000000000, -1.000000000000000000 ) ) ;
#1841 = ORIENTED_EDGE ( 'NONE', *, *, #842, .T. ) ;
#1842 = CARTESIAN_POINT ( 'NONE',  ( 0.000000000000000000, 0.000000000000000000, 2.499999999999999556 ) ) ;
#1843 = EDGE_CURVE ( 'NONE', #1988, #1421, #404, .T. ) ;
#1844 = EDGE_LOOP ( 'NONE', ( #1356, #653, #369, #806 ) ) ;
#1845 = EDGE_CURVE ( 'NONE', #348, #741, #360, .T. ) ;
#1846 = LINE ( 'NONE', #417, #381 ) ;
#1847 = FACE_BOUND ( 'NONE', #55, .T. ) ;
#1848 = CIRCLE ( 'NONE', #72, 1.800000000000002931 ) ;
#1849 = LINE ( 'NONE', #1890, #739 ) ;
#1850 = DIRECTION ( 'NONE',  ( -0.000000000000000000, -0.000000000000000000, -1.000000000000000000 ) ) ;
#1851 = DIRECTION ( 'NONE',  ( -1.000000000000000000, 0.000000000000000000, 0.000000000000000000 ) ) ;
#1852 = DIRECTION ( 'NONE',  ( 1.000000000000000000, 0.000000000000000000, -0.000000000000000000 ) ) ;
#1853 = DIRECTION ( 'NONE',  ( 0.000000000000000000, 0.000000000000000000, 1.000000000000000000 ) ) ;
#1854 = ORIENTED_EDGE ( 'NONE', *, *, #230, .F. ) ;
#1855 = VECTOR ( 'NONE', #493, 1000.000000000000114 ) ;
#1856 = EDGE_CURVE ( 'NONE', #1133, #288, #1741, .T. ) ;
#1857 = DIRECTION ( 'NONE',  ( 0.000000000000000000, 1.000000000000000000, 0.000000000000000000 ) ) ;
#1858 = ORIENTED_EDGE ( 'NONE', *, *, #1203, .F. ) ;
#1859 =( GEOMETRIC_REPRESENTATION_CONTEXT ( 3 ) GLOBAL_UNCERTAINTY_ASSIGNED_CONTEXT ( ( #561 ) ) GLOBAL_UNIT_ASSIGNED_CONTEXT ( ( #759, #608, #128 ) ) REPRESENTATION_CONTEXT ( 'NONE', 'WORKASPACE' ) );
#1860 = CARTESIAN_POINT ( 'NONE',  ( 19.99999999999999645, 28.04574890855762703, -3.500000000000006661 ) ) ;
#1861 = ORIENTED_EDGE ( 'NONE', *, *, #953, .F. ) ;
#1862 = CARTESIAN_POINT ( 'NONE',  ( 0.000000000000000000, 0.000000000000000000, -1.500000000000000000 ) ) ;
#1863 = ORIENTED_EDGE ( 'NONE', *, *, #298, .F. ) ;
#1864 = CARTESIAN_POINT ( 'NONE',  ( -18.00000000000000000, 2.250000000000003997, 0.4999999999999947820 ) ) ;
#1865 = ORIENTED_EDGE ( 'NONE', *, *, #243, .F. ) ;
#1866 = COORDINATED_UNIVERSAL_TIME_OFFSET ( 1, 0, .AHEAD. ) ;
#1867 = DIRECTION ( 'NONE',  ( 0.7071067811865530128, 0.000000000000000000, 0.7071067811865421326 ) ) ;
#1868 = EDGE_CURVE ( 'NONE', #1878, #1434, #1267, .T. ) ;
#1869 = LINE ( 'NONE', #478, #1975 ) ;
#1870 = VECTOR ( 'NONE', #706, 999.9999999999998863 ) ;
#1871 = ORIENTED_EDGE ( 'NONE', *, *, #1625, .F. ) ;
#1872 = EDGE_CURVE ( 'NONE', #1623, #167, #506, .T. ) ;
#1873 = CARTESIAN_POINT ( 'NONE',  ( 19.99999999999999645, 28.04574890855762703, 0.000000000000000000 ) ) ;
#1874 = ORIENTED_EDGE ( 'NONE', *, *, #613, .F. ) ;
#1875 = EDGE_LOOP ( 'NONE', ( #1769, #893, #651, #1440, #1863 ) ) ;
#1876 = CARTESIAN_POINT ( 'NONE',  ( -19.84999999999999787, 36.00000000000000711, -1.500000000000000000 ) ) ;
#1877 = PERSON_AND_ORGANIZATION ( #1894, #202 ) ;
#1878 = VERTEX_POINT ( 'NONE', #970 ) ;
#1879 = LINE ( 'NONE', #1728, #1943 ) ;
#1880 = LOCAL_TIME ( 14, 42, 24.00000000000000000, #1737 ) ;
#1881 = VERTEX_POINT ( 'NONE', #1584 ) ;
#1882 = CARTESIAN_POINT ( 'NONE',  ( -18.00000000000000000, 2.250000000000003997, 2.499999999999999556 ) ) ;
#1883 = EDGE_CURVE ( 'NONE', #236, #422, #187, .T. ) ;
#1884 = ORIENTED_EDGE ( 'NONE', *, *, #29, .T. ) ;
#1885 = VECTOR ( 'NONE', #1911, 1000.000000000000000 ) ;
#1886 = AXIS2_PLACEMENT_3D ( 'NONE', #1357, #251, #1809 ) ;
#1887 = DIRECTION ( 'NONE',  ( 1.000000000000000000, 0.000000000000000000, 0.000000000000000000 ) ) ;
#1888 = ORIENTED_EDGE ( 'NONE', *, *, #1404, .F. ) ;
#1889 = DATE_AND_TIME ( #632, #1790 ) ;
#1890 = CARTESIAN_POINT ( 'NONE',  ( 19.99999999999999645, 28.04574890855762703, 2.500000000000006661 ) ) ;
#1891 = CARTESIAN_POINT ( 'NONE',  ( 19.99999999999999645, 36.00000000000000711, 2.500000000000006661 ) ) ;
#1892 = VECTOR ( 'NONE', #1968, 1000.000000000000000 ) ;
#1893 = EDGE_LOOP ( 'NONE', ( #1645, #1528, #1782, #437 ) ) ;
#1894 = PERSON ( 'UNSPECIFIED', 'UNSPECIFIED', 'UNSPECIFIED', ('UNSPECIFIED'), ('UNSPECIFIED'), ('UNSPECIFIED') ) ;
#1895 = DIRECTION ( 'NONE',  ( 1.000000000000000000, -0.000000000000000000, -0.000000000000000000 ) ) ;
#1896 = ORIENTED_EDGE ( 'NONE', *, *, #644, .T. ) ;
#1897 = ADVANCED_FACE ( 'NONE', ( #30 ), #1272, .T. ) ;
#1898 = DIRECTION ( 'NONE',  ( -0.000000000000000000, 0.000000000000000000, -1.000000000000000000 ) ) ;
#1899 = VERTEX_POINT ( 'NONE', #303 ) ;
#1900 = EDGE_CURVE ( 'NONE', #685, #1446, #1549, .T. ) ;
#1901 = CARTESIAN_POINT ( 'NONE',  ( -24.00000000000000000, 36.00000000000000000, -3.500000000000006661 ) ) ;
#1902 = DATE_TIME_ROLE ( 'creation_date' ) ;
#1903 = DIRECTION ( 'NONE',  ( 0.000000000000000000, -1.000000000000000000, 0.000000000000000000 ) ) ;
#1904 = CARTESIAN_POINT ( 'NONE',  ( 0.000000000000000000, 2.750000000000007105, 3.000000000000000000 ) ) ;
#1905 = EDGE_LOOP ( 'NONE', ( #1671, #46, #325, #882 ) ) ;
#1906 = VERTEX_POINT ( 'NONE', #748 ) ;
#1907 = CC_DESIGN_PERSON_AND_ORGANIZATION_ASSIGNMENT ( #166, #25, ( #547 ) ) ;
#1908 = ORIENTED_EDGE ( 'NONE', *, *, #356, .T. ) ;
#1909 = PERSON_AND_ORGANIZATION ( #1894, #202 ) ;
#1910 = ADVANCED_FACE ( 'NONE', ( #1527 ), #620, .F. ) ;
#1911 = DIRECTION ( 'NONE',  ( -1.000000000000000000, -2.409338161078898687E-16, 0.000000000000000000 ) ) ;
#1912 = AXIS2_PLACEMENT_3D ( 'NONE', #1355, #1664, #439 ) ;
#1913 = ORIENTED_EDGE ( 'NONE', *, *, #482, .T. ) ;
#1914 = DIRECTION ( 'NONE',  ( -0.6648539017938116524, -0.6648539017938116524, -0.3404975455698459608 ) ) ;
#1915 = PLANE ( 'NONE',  #1619 ) ;
#1916 = VECTOR ( 'NONE', #60, 1000.000000000000000 ) ;
#1917 = DIRECTION ( 'NONE',  ( 0.000000000000000000, 0.000000000000000000, 1.000000000000000000 ) ) ;
#1918 = VECTOR ( 'NONE', #529, 999.9999999999998863 ) ;
#1919 = AXIS2_PLACEMENT_3D ( 'NONE', #711, #277, #908 ) ;
#1920 = EDGE_CURVE ( 'NONE', #741, #1297, #431, .T. ) ;
#1921 = LINE ( 'NONE', #699, #1932 ) ;
#1922 = ORIENTED_EDGE ( 'NONE', *, *, #96, .T. ) ;
#1923 = CARTESIAN_POINT ( 'NONE',  ( 13.33333333333333215, 21.87908224189095208, 2.666666666666666075 ) ) ;
#1924 = VERTEX_POINT ( 'NONE', #1668 ) ;
#1925 = ORIENTED_EDGE ( 'NONE', *, *, #96, .F. ) ;
#1926 = CARTESIAN_POINT ( 'NONE',  ( -17.00000000000000000, 32.00000000000000000, 3.000000000000000000 ) ) ;
#1927 = APPROVAL ( #2013, 'UNSPECIFIED' ) ;
#1928 = ORIENTED_EDGE ( 'NONE', *, *, #49, .T. ) ;
#1929 = DIRECTION ( 'NONE',  ( 0.000000000000000000, 0.000000000000000000, 1.000000000000000000 ) ) ;
#1930 = EDGE_CURVE ( 'NONE', #1235, #1600, #1984, .T. ) ;
#1931 = ORIENTED_EDGE ( 'NONE', *, *, #1999, .T. ) ;
#1932 = VECTOR ( 'NONE', #219, 1000.000000000000000 ) ;
#1933 = CARTESIAN_POINT ( 'NONE',  ( 0.000000000000000000, 2.250000000000000000, 0.4999999999999947820 ) ) ;
#1934 = PLANE ( 'NONE',  #1129 ) ;
#1935 = EDGE_LOOP ( 'NONE', ( #1010, #160, #746 ) ) ;
#1936 = PLANE ( 'NONE',  #91 ) ;
#1937 = ORIENTED_EDGE ( 'NONE', *, *, #766, .T. ) ;
#1938 = DIRECTION ( 'NONE',  ( -0.000000000000000000, 0.000000000000000000, -1.000000000000000000 ) ) ;
#1939 = EDGE_CURVE ( 'NONE', #982, #1988, #597, .T. ) ;
#1940 = CARTESIAN_POINT ( 'NONE',  ( -23.50000000000000711, -5.500000000000006217, 3.000000000000000000 ) ) ;
#1941 = DIRECTION ( 'NONE',  ( 1.000000000000000000, 0.000000000000000000, 0.000000000000000000 ) ) ;
#1942 = ORIENTED_EDGE ( 'NONE', *, *, #552, .F. ) ;
#1943 = VECTOR ( 'NONE', #947, 1000.000000000000000 ) ;
#1944 = CARTESIAN_POINT ( 'NONE',  ( 6.625679942966960913E-16, -2.749999999999995559, 0.000000000000000000 ) ) ;
#1945 = ORIENTED_EDGE ( 'NONE', *, *, #165, .F. ) ;
#1946 = DIRECTION ( 'NONE',  ( -0.000000000000000000, -0.000000000000000000, -1.000000000000000000 ) ) ;
#1947 = CARTESIAN_POINT ( 'NONE',  ( -18.00000000000000000, -2.250000000000003997, 0.4999999999999947820 ) ) ;
#1948 = CARTESIAN_POINT ( 'NONE',  ( -23.50000000000000711, 28.04574890855762703, -3.500000000000006661 ) ) ;
#1949 = CC_DESIGN_DATE_AND_TIME_ASSIGNMENT ( #519, #1902, ( #1373 ) ) ;
#1950 = DIRECTION ( 'NONE',  ( 0.4030424048972621187, 0.9151813043624914545, -0.000000000000000000 ) ) ;
#1951 = ORIENTED_EDGE ( 'NONE', *, *, #1749, .T. ) ;
#1952 = ADVANCED_FACE ( 'NONE', ( #1837 ), #1061, .F. ) ;
#1953 = DIRECTION ( 'NONE',  ( -0.000000000000000000, -0.000000000000000000, -1.000000000000000000 ) ) ;
#1954 = DIRECTION ( 'NONE',  ( -0.000000000000000000, 0.000000000000000000, -1.000000000000000000 ) ) ;
#1955 = VERTEX_POINT ( 'NONE', #1359 ) ;
#1956 = CARTESIAN_POINT ( 'NONE',  ( -18.00000000000000000, -2.750000000000000000, 0.000000000000000000 ) ) ;
#1957 = ORIENTED_EDGE ( 'NONE', *, *, #1900, .T. ) ;
#1958 = CARTESIAN_POINT ( 'NONE',  ( -23.50000000000000711, -6.000000000000000000, 0.4999999999999935052 ) ) ;
#1959 = APPLICATION_CONTEXT ( 'configuration controlled 3d designs of mechanical parts and assemblies' ) ;
#1960 = ORIENTED_EDGE ( 'NONE', *, *, #1724, .T. ) ;
#1961 = DIRECTION ( 'NONE',  ( -0.7376997079398794899, 0.000000000000000000, -0.6751289809402470921 ) ) ;
#1962 = ADVANCED_FACE ( 'NONE', ( #270 ), #572, .F. ) ;
#1963 = DIRECTION ( 'NONE',  ( -0.000000000000000000, 0.7071067811865475727, 0.7071067811865475727 ) ) ;
#1964 = ORIENTED_EDGE ( 'NONE', *, *, #821, .F. ) ;
#1965 = FACE_OUTER_BOUND ( 'NONE', #1387, .T. ) ;
#1966 = FACE_BOUND ( 'NONE', #1181, .T. ) ;
#1967 = ORIENTED_EDGE ( 'NONE', *, *, #994, .F. ) ;
#1968 = DIRECTION ( 'NONE',  ( -1.000000000000000000, 0.000000000000000000, 0.000000000000000000 ) ) ;
#1969 = AXIS2_PLACEMENT_3D ( 'NONE', #694, #59, #1315 ) ;
#1970 = PLANE ( 'NONE',  #2001 ) ;
#1971 = CARTESIAN_POINT ( 'NONE',  ( 1.204669080539438743E-16, 2.749999999999995559, 0.000000000000000000 ) ) ;
#1972 = DIRECTION ( 'NONE',  ( 1.000000000000000000, 0.000000000000000000, 0.000000000000000000 ) ) ;
#1973 = EDGE_LOOP ( 'NONE', ( #507, #1734, #676, #1982, #190 ) ) ;
#1974 = VECTOR ( 'NONE', #1568, 1000.000000000000114 ) ;
#1975 = VECTOR ( 'NONE', #346, 1000.000000000000000 ) ;
#1976 = EDGE_CURVE ( 'NONE', #147, #1542, #1347, .T. ) ;
#1977 = CARTESIAN_POINT ( 'NONE',  ( -19.84999999999999787, 28.04574890855761993, 0.5000000000000000000 ) ) ;
#1978 = EDGE_LOOP ( 'NONE', ( #1156, #215, #1131, #1019 ) ) ;
#1979 = EDGE_CURVE ( 'NONE', #240, #1559, #456, .T. ) ;
#1980 = DIRECTION ( 'NONE',  ( 0.000000000000000000, -0.000000000000000000, 1.000000000000000000 ) ) ;
#1981 = CARTESIAN_POINT ( 'NONE',  ( -23.50000000000000711, -6.000000000000000000, 0.4999999999999935052 ) ) ;
#1982 = ORIENTED_EDGE ( 'NONE', *, *, #1649, .F. ) ;
#1983 = CYLINDRICAL_SURFACE ( 'NONE', #1684, 2.250000000000005329 ) ;
#1984 = LINE ( 'NONE', #931, #1135 ) ;
#1985 = ORIENTED_EDGE ( 'NONE', *, *, #408, .T. ) ;
#1986 = LINE ( 'NONE', #1073, #1353 ) ;
#1987 = ADVANCED_FACE ( 'NONE', ( #1516 ), #467, .F. ) ;
#1988 = VERTEX_POINT ( 'NONE', #106 ) ;
#1989 = DIRECTION ( 'NONE',  ( -1.000000000000000000, -2.409338161078898687E-16, 0.000000000000000000 ) ) ;
#1990 = EDGE_CURVE ( 'NONE', #825, #985, #1112, .T. ) ;
#1991 = ORIENTED_EDGE ( 'NONE', *, *, #832, .T. ) ;
#1992 = CARTESIAN_POINT ( 'NONE',  ( 14.79999999999999893, 32.00000000000000000, 0.5000000000000000000 ) ) ;
#1993 = CARTESIAN_POINT ( 'NONE',  ( -17.00000000000000000, 32.00000000000000000, 2.499999999999996891 ) ) ;
#1994 = CARTESIAN_POINT ( 'NONE',  ( -24.00000000000000000, -5.500000000000005329, 3.000000000000000000 ) ) ;
#1995 = ORIENTED_EDGE ( 'NONE', *, *, #340, .T. ) ;
#1996 = DIRECTION ( 'NONE',  ( 1.000000000000000000, -0.000000000000000000, -0.000000000000000000 ) ) ;
#1997 = DIRECTION ( 'NONE',  ( 0.4030424048972621742, 0.9151813043624914545, 0.000000000000000000 ) ) ;
#1998 = VECTOR ( 'NONE', #1143, 999.9999999999998863 ) ;
#1999 = EDGE_CURVE ( 'NONE', #52, #1727, #1042, .T. ) ;
#2000 = CARTESIAN_POINT ( 'NONE',  ( -18.00000000000000000, 0.000000000000000000, 0.000000000000000000 ) ) ;
#2001 = AXIS2_PLACEMENT_3D ( 'NONE', #743, #1819, #592 ) ;
#2002 = ORIENTED_EDGE ( 'NONE', *, *, #1137, .F. ) ;
#2003 = DIRECTION ( 'NONE',  ( 0.000000000000000000, 1.000000000000000000, 0.000000000000000000 ) ) ;
#2004 = DIRECTION ( 'NONE',  ( 0.000000000000000000, 1.000000000000000000, 0.000000000000000000 ) ) ;
#2005 = CARTESIAN_POINT ( 'NONE',  ( -23.50000000000000711, 36.00000000000000711, -4.000000000000000000 ) ) ;
#2006 = ORIENTED_EDGE ( 'NONE', *, *, #1759, .F. ) ;
#2007 = LINE ( 'NONE', #1994, #1686 ) ;
#2008 = AXIS2_PLACEMENT_3D ( 'NONE', #1814, #420, #1045 ) ;
#2009 = DIRECTION ( 'NONE',  ( 0.000000000000000000, 0.000000000000000000, 1.000000000000000000 ) ) ;
#2010 = ORIENTED_EDGE ( 'NONE', *, *, #151, .T. ) ;
#2011 = PLANE ( 'NONE',  #485 ) ;
#2012 = FACE_OUTER_BOUND ( 'NONE', #904, .T. ) ;
#2013 = APPROVAL_STATUS ( 'not_yet_approved' ) ;
#2014 = EDGE_CURVE ( 'NONE', #1727, #1988, #1693, .T. ) ;
#2015 = LINE ( 'NONE', #1230, #867 ) ;
#2016 = AXIS2_PLACEMENT_3D ( 'NONE', #347, #253, #1132 ) ;
#2017 = LINE ( 'NONE', #1748, #109 ) ;
#2018 = VECTOR ( 'NONE', #922, 1000.000000000000000 ) ;
#2019 = EDGE_LOOP ( 'NONE', ( #1802, #1725, #1176, #1168 ) ) ;
#2020 = CARTESIAN_POINT ( 'NONE',  ( -23.50000000000000711, -6.000000000000000000, 0.4999999999999935052 ) ) ;
#2021 = ORIENTED_EDGE ( 'NONE', *, *, #1048, .F. ) ;
ENDSEC;
END-ISO-10303-21;
