ISO-10303-21;
HEADER;
FILE_DESCRIPTION (( 'STEP AP203' ),
    '1' );
FILE_NAME ('MB_PSU_vent_right_v1.step',
    '2023-01-20T13:34:24',
    ( '' ),
    ( '' ),
    'SwSTEP 2.0',
    'SolidWorks 2023',
    '' );
FILE_SCHEMA (( 'CONFIG_CONTROL_DESIGN' ));
ENDSEC;

DATA;
#1 = LINE ( 'NONE', #1762, #3588 ) ;
#2 = DIRECTION ( 'NONE',  ( 0.000000000000000000, 1.000000000000000000, 0.000000000000000000 ) ) ;
#3 = EDGE_LOOP ( 'NONE', ( #1650, #2399, #3859, #4575 ) ) ;
#4 = EDGE_CURVE ( 'NONE', #2238, #2492, #4697, .T. ) ;
#5 = DIRECTION ( 'NONE',  ( 0.000000000000000000, -0.7071067811865573427, -0.7071067811865378028 ) ) ;
#6 = EDGE_LOOP ( 'NONE', ( #2019, #4448, #5713, #4532 ) ) ;
#7 = DIRECTION ( 'NONE',  ( -1.000000000000000000, -1.521687259628775549E-16, 0.000000000000000000 ) ) ;
#8 = CIRCLE ( 'NONE', #928, 1.699999999999998845 ) ;
#9 = EDGE_CURVE ( 'NONE', #299, #5088, #3372, .T. ) ;
#10 = DIRECTION ( 'NONE',  ( 0.000000000000000000, 0.7071067811865356934, 0.7071067811865594521 ) ) ;
#11 = CARTESIAN_POINT ( 'NONE',  ( -47.00000000000008527, 43.99999999999990052, 0.5000000000000004441 ) ) ;
#12 = MECHANICAL_CONTEXT ( 'NONE', #286, 'mechanical' ) ;
#13 = LINE ( 'NONE', #525, #1594 ) ;
#14 = EDGE_LOOP ( 'NONE', ( #5037, #3361, #5624, #5762, #4766, #846, #2546, #4593, #169, #2346, #1689, #5446, #2244, #5437, #544, #3326, #2790, #2460, #4693, #1563, #3591, #5111, #294 ) ) ;
#15 = VECTOR ( 'NONE', #498, 1000.000000000000000 ) ;
#16 = CIRCLE ( 'NONE', #2803, 1.699999999999993072 ) ;
#17 = VERTEX_POINT ( 'NONE', #1102 ) ;
#18 = EDGE_CURVE ( 'NONE', #4941, #4135, #3240, .T. ) ;
#19 = ORIENTED_EDGE ( 'NONE', *, *, #1140, .F. ) ;
#20 = DIRECTION ( 'NONE',  ( 0.000000000000000000, -1.000000000000000000, 0.000000000000000000 ) ) ;
#21 = FACE_OUTER_BOUND ( 'NONE', #379, .T. ) ;
#22 = FACE_BOUND ( 'NONE', #2224, .T. ) ;
#23 = CARTESIAN_POINT ( 'NONE',  ( -18.99999999999999645, 55.00000000000002842, 3.500000000000000000 ) ) ;
#24 = ORIENTED_EDGE ( 'NONE', *, *, #2854, .F. ) ;
#25 = AXIS2_PLACEMENT_3D ( 'NONE', #4715, #4357, #2512 ) ;
#26 = CARTESIAN_POINT ( 'NONE',  ( -4.500000000000031974, 44.65000000000000568, 7.000000000000000000 ) ) ;
#27 = DIRECTION ( 'NONE',  ( 0.7071067811865365815, 0.7071067811865584529, 0.000000000000000000 ) ) ;
#28 = ORIENTED_EDGE ( 'NONE', *, *, #3383, .T. ) ;
#29 = CC_DESIGN_DATE_AND_TIME_ASSIGNMENT ( #2710, #2863, ( #2772 ) ) ;
#30 = PLANE ( 'NONE',  #5449 ) ;
#31 = EDGE_LOOP ( 'NONE', ( #4657, #5468, #1585, #2366 ) ) ;
#32 = DIRECTION ( 'NONE',  ( -0.000000000000000000, -0.000000000000000000, 1.000000000000000000 ) ) ;
#33 = DIRECTION ( 'NONE',  ( 0.7071067811865573427, -0.7071067811865378028, 0.000000000000000000 ) ) ;
#34 = EDGE_CURVE ( 'NONE', #3636, #5239, #2919, .T. ) ;
#35 = AXIS2_PLACEMENT_3D ( 'NONE', #754, #3858, #2478 ) ;
#36 = EDGE_LOOP ( 'NONE', ( #476, #4280, #1963, #4108 ) ) ;
#37 = PLANE ( 'NONE',  #401 ) ;
#38 = VECTOR ( 'NONE', #5142, 1000.000000000000000 ) ;
#39 = EDGE_CURVE ( 'NONE', #2628, #1154, #1478, .T. ) ;
#40 = CARTESIAN_POINT ( 'NONE',  ( -111.4999999999999574, 5.500000000000039968, 0.000000000000000000 ) ) ;
#41 = CALENDAR_DATE ( 2023, 20, 1 ) ;
#42 = ADVANCED_FACE ( 'NONE', ( #2437 ), #1934, .F. ) ;
#43 = EDGE_LOOP ( 'NONE', ( #2107, #5657, #2093, #2357, #2667, #1671, #3330, #412 ) ) ;
#44 = AXIS2_PLACEMENT_3D ( 'NONE', #387, #2154, #5517 ) ;
#45 = ORIENTED_EDGE ( 'NONE', *, *, #3338, .T. ) ;
#46 = ORIENTED_EDGE ( 'NONE', *, *, #2246, .F. ) ;
#47 = VECTOR ( 'NONE', #1113, 1000.000000000000000 ) ;
#48 = DIRECTION ( 'NONE',  ( 0.000000000000000000, -0.7071067811865573427, -0.7071067811865378028 ) ) ;
#49 = LINE ( 'NONE', #1462, #2968 ) ;
#50 = EDGE_CURVE ( 'NONE', #2752, #1369, #1906, .T. ) ;
#51 = FACE_OUTER_BOUND ( 'NONE', #2200, .T. ) ;
#52 = CARTESIAN_POINT ( 'NONE',  ( 0.000000000000000000, 1.000000000000000888, 48.00000000000000000 ) ) ;
#53 = ORIENTED_EDGE ( 'NONE', *, *, #5293, .F. ) ;
#54 = AXIS2_PLACEMENT_3D ( 'NONE', #319, #2035, #3822 ) ;
#55 = DIRECTION ( 'NONE',  ( 0.000000000000000000, 0.000000000000000000, 1.000000000000000000 ) ) ;
#56 = CARTESIAN_POINT ( 'NONE',  ( -107.6499999999999773, 2.000000000000021760, 7.000000000000000000 ) ) ;
#57 = EDGE_LOOP ( 'NONE', ( #1040, #4996, #1376, #2671 ) ) ;
#58 = DIRECTION ( 'NONE',  ( 0.000000000000000000, 0.000000000000000000, 1.000000000000000000 ) ) ;
#59 = ORIENTED_EDGE ( 'NONE', *, *, #5288, .T. ) ;
#60 = LINE ( 'NONE', #3943, #4432 ) ;
#61 = EDGE_CURVE ( 'NONE', #3184, #2021, #3274, .T. ) ;
#62 = CARTESIAN_POINT ( 'NONE',  ( -4.000000000000023093, 50.85000000000003695, 7.000000000000000000 ) ) ;
#63 = CARTESIAN_POINT ( 'NONE',  ( -18.99999999999999645, 2.000000000000015543, 3.500000000000000000 ) ) ;
#64 = UNCERTAINTY_MEASURE_WITH_UNIT (LENGTH_MEASURE( 1.000000000000000082E-05 ), #1516, 'distance_accuracy_value', 'NONE');
#65 = DIRECTION ( 'NONE',  ( 0.000000000000000000, 1.000000000000000000, 0.000000000000000000 ) ) ;
#66 = ORIENTED_EDGE ( 'NONE', *, *, #1647, .F. ) ;
#67 = ORIENTED_EDGE ( 'NONE', *, *, #5505, .F. ) ;
#68 = EDGE_LOOP ( 'NONE', ( #3461, #4620, #3208, #153 ) ) ;
#69 = EDGE_CURVE ( 'NONE', #5072, #661, #2822, .T. ) ;
#70 = CARTESIAN_POINT ( 'NONE',  ( -112.5166666666666799, 2.166666666666692276, 6.666666666666680285 ) ) ;
#71 = DIRECTION ( 'NONE',  ( 0.000000000000000000, -1.000000000000000000, 0.000000000000000000 ) ) ;
#72 = VERTEX_POINT ( 'NONE', #4164 ) ;
#73 = DIRECTION ( 'NONE',  ( 0.000000000000000000, 0.000000000000000000, -1.000000000000000000 ) ) ;
#74 = DIRECTION ( 'NONE',  ( 0.000000000000000000, 1.000000000000000000, -0.000000000000000000 ) ) ;
#75 = CARTESIAN_POINT ( 'NONE',  ( -6.000000000000000000, 48.00000000000002842, 3.499999999999999556 ) ) ;
#76 = ORIENTED_EDGE ( 'NONE', *, *, #2143, .F. ) ;
#77 = ADVANCED_FACE ( 'NONE', ( #830 ), #2581, .F. ) ;
#78 = CARTESIAN_POINT ( 'NONE',  ( -119.0000000000000000, 54.50000000000002132, 0.000000000000000000 ) ) ;
#79 = CARTESIAN_POINT ( 'NONE',  ( -121.5000000000000000, 5.000000000000000000, 6.500000000000013323 ) ) ;
#80 = DIRECTION ( 'NONE',  ( 0.000000000000000000, -1.000000000000000000, 0.000000000000000000 ) ) ;
#81 = EDGE_LOOP ( 'NONE', ( #5207, #5506, #4828, #3691 ) ) ;
#82 = EDGE_CURVE ( 'NONE', #4294, #4356, #1845, .T. ) ;
#83 = CARTESIAN_POINT ( 'NONE',  ( -112.9999999999999716, 6.500000000000026645, 1.500000000000000444 ) ) ;
#84 = VERTEX_POINT ( 'NONE', #5198 ) ;
#85 = PLANE ( 'NONE',  #5374 ) ;
#86 = VERTEX_POINT ( 'NONE', #2031 ) ;
#87 = VECTOR ( 'NONE', #3062, 1000.000000000000000 ) ;
#88 = DIRECTION ( 'NONE',  ( 1.000000000000000000, 1.521687259628775549E-16, 0.000000000000000000 ) ) ;
#89 = DIRECTION ( 'NONE',  ( 1.000000000000000000, -5.468863417329152398E-18, 0.000000000000000000 ) ) ;
#90 = VECTOR ( 'NONE', #4203, 1000.000000000000000 ) ;
#91 = VECTOR ( 'NONE', #1028, 1000.000000000000114 ) ;
#92 = DIRECTION ( 'NONE',  ( 0.000000000000000000, -1.000000000000000000, 0.000000000000000000 ) ) ;
#93 = ORIENTED_EDGE ( 'NONE', *, *, #3016, .T. ) ;
#94 = DIRECTION ( 'NONE',  ( 0.000000000000000000, 0.000000000000000000, -1.000000000000000000 ) ) ;
#95 = ORIENTED_EDGE ( 'NONE', *, *, #4019, .F. ) ;
#96 = FACE_OUTER_BOUND ( 'NONE', #1564, .T. ) ;
#97 = DIRECTION ( 'NONE',  ( 0.000000000000000000, -1.000000000000000000, 0.000000000000000000 ) ) ;
#98 = CARTESIAN_POINT ( 'NONE',  ( -110.0000000000000000, 0.000000000000000000, 3.500000000000000000 ) ) ;
#99 = ORIENTED_EDGE ( 'NONE', *, *, #3241, .T. ) ;
#100 = VECTOR ( 'NONE', #2847, 1000.000000000000000 ) ;
#101 = DIRECTION ( 'NONE',  ( 0.000000000000000000, -1.000000000000000000, 0.000000000000000000 ) ) ;
#102 = AXIS2_PLACEMENT_3D ( 'NONE', #1459, #1862, #939 ) ;
#103 = DIRECTION ( 'NONE',  ( 0.000000000000000000, 0.000000000000000000, 1.000000000000000000 ) ) ;
#104 = EDGE_CURVE ( 'NONE', #977, #3802, #3930, .T. ) ;
#105 = ORIENTED_EDGE ( 'NONE', *, *, #1609, .T. ) ;
#106 = AXIS2_PLACEMENT_3D ( 'NONE', #5608, #4314, #1219 ) ;
#107 = CARTESIAN_POINT ( 'NONE',  ( -112.9999999999999716, 6.500000000000026645, 6.500000000000013323 ) ) ;
#108 = DIRECTION ( 'NONE',  ( 1.000000000000000000, 0.000000000000000000, 0.000000000000000000 ) ) ;
#109 = DIRECTION ( 'NONE',  ( 1.000000000000000000, 0.000000000000000000, -0.000000000000000000 ) ) ;
#110 = DIRECTION ( 'NONE',  ( 0.000000000000000000, 0.000000000000000000, 1.000000000000000000 ) ) ;
#111 = EDGE_CURVE ( 'NONE', #4388, #2601, #5254, .T. ) ;
#112 = VECTOR ( 'NONE', #2029, 1000.000000000000000 ) ;
#113 = DIRECTION ( 'NONE',  ( -0.7071067811865378028, -0.000000000000000000, -0.7071067811865573427 ) ) ;
#114 = ORIENTED_EDGE ( 'NONE', *, *, #4403, .T. ) ;
#115 = VECTOR ( 'NONE', #562, 1000.000000000000000 ) ;
#116 = PLANE ( 'NONE',  #3222 ) ;
#117 = ORIENTED_EDGE ( 'NONE', *, *, #788, .F. ) ;
#118 = EDGE_CURVE ( 'NONE', #4822, #363, #4255, .T. ) ;
#119 = EDGE_LOOP ( 'NONE', ( #5023, #1273, #183, #2253 ) ) ;
#120 = FACE_OUTER_BOUND ( 'NONE', #5002, .T. ) ;
#121 = DIRECTION ( 'NONE',  ( 0.7071067811865393571, -3.393180451858050475E-17, -0.7071067811865556774 ) ) ;
#122 = ORIENTED_EDGE ( 'NONE', *, *, #2868, .T. ) ;
#123 = VERTEX_POINT ( 'NONE', #5227 ) ;
#124 = CARTESIAN_POINT ( 'NONE',  ( -105.4999999999996589, 21.00000000000041567, -9.499999999999879208 ) ) ;
#125 = ORIENTED_EDGE ( 'NONE', *, *, #4502, .T. ) ;
#126 = PLANE ( 'NONE',  #946 ) ;
#127 = CARTESIAN_POINT ( 'NONE',  ( -110.0000000000000000, 4.000000000000023981, 3.500000000000000000 ) ) ;
#128 = LINE ( 'NONE', #3609, #2488 ) ;
#129 = ORIENTED_EDGE ( 'NONE', *, *, #2448, .T. ) ;
#130 = DIRECTION ( 'NONE',  ( 0.000000000000000000, 1.000000000000000000, -0.000000000000000000 ) ) ;
#131 = DIRECTION ( 'NONE',  ( 0.000000000000000000, -1.000000000000000000, 0.000000000000000000 ) ) ;
#132 = ORIENTED_EDGE ( 'NONE', *, *, #3800, .F. ) ;
#133 = AXIS2_PLACEMENT_3D ( 'NONE', #850, #4908, #5409 ) ;
#134 = EDGE_CURVE ( 'NONE', #5320, #5596, #1706, .T. ) ;
#135 = CARTESIAN_POINT ( 'NONE',  ( -24.85000000000000142, 6.000000000000023981, 6.500000000000013323 ) ) ;
#136 = DIRECTION ( 'NONE',  ( 0.000000000000000000, 0.000000000000000000, -1.000000000000000000 ) ) ;
#137 = LINE ( 'NONE', #4162, #4244 ) ;
#138 = DIRECTION ( 'NONE',  ( -0.000000000000000000, -0.000000000000000000, -1.000000000000000000 ) ) ;
#139 = DIRECTION ( 'NONE',  ( -1.000000000000000000, 0.000000000000000000, 0.000000000000000000 ) ) ;
#140 = VECTOR ( 'NONE', #5150, 1000.000000000000000 ) ;
#141 = ADVANCED_FACE ( 'NONE', ( #2139 ), #1160, .T. ) ;
#142 = EDGE_CURVE ( 'NONE', #456, #4682, #3079, .T. ) ;
#143 = CARTESIAN_POINT ( 'NONE',  ( -2.000000000000001776, 6.000000000000023981, 6.500000000000013323 ) ) ;
#144 = VERTEX_POINT ( 'NONE', #800 ) ;
#145 = CIRCLE ( 'NONE', #1902, 1.699999999999998845 ) ;
#146 = DIRECTION ( 'NONE',  ( 1.000000000000000000, 0.000000000000000000, -0.000000000000000000 ) ) ;
#147 = ORIENTED_EDGE ( 'NONE', *, *, #3187, .F. ) ;
#148 = VECTOR ( 'NONE', #5751, 1000.000000000000000 ) ;
#149 = EDGE_CURVE ( 'NONE', #5211, #4217, #1277, .T. ) ;
#150 = CARTESIAN_POINT ( 'NONE',  ( -9.616666666666784380, 13.61666666666681103, -1.116666666666586982 ) ) ;
#151 = CARTESIAN_POINT ( 'NONE',  ( -18.99999999999999645, 49.00000000000001421, 5.200000000000000178 ) ) ;
#152 = VERTEX_POINT ( 'NONE', #3005 ) ;
#153 = ORIENTED_EDGE ( 'NONE', *, *, #3844, .T. ) ;
#154 = CARTESIAN_POINT ( 'NONE',  ( -45.50000000000005684, 1.000000000000000888, 48.00000000000000000 ) ) ;
#155 = ADVANCED_FACE ( 'NONE', ( #1223 ), #257, .F. ) ;
#156 = DIRECTION ( 'NONE',  ( -0.000000000000000000, 1.000000000000000000, -0.000000000000000000 ) ) ;
#157 = DIRECTION ( 'NONE',  ( -0.000000000000000000, -1.000000000000000000, -0.000000000000000000 ) ) ;
#158 = LINE ( 'NONE', #2810, #2580 ) ;
#159 = ORIENTED_EDGE ( 'NONE', *, *, #251, .T. ) ;
#160 = LINE ( 'NONE', #1816, #472 ) ;
#161 = LINE ( 'NONE', #2429, #5410 ) ;
#162 = VECTOR ( 'NONE', #4891, 1000.000000000000000 ) ;
#163 = ORIENTED_EDGE ( 'NONE', *, *, #5267, .F. ) ;
#164 = ORIENTED_EDGE ( 'NONE', *, *, #1224, .F. ) ;
#165 = LINE ( 'NONE', #3637, #2834 ) ;
#166 = LINE ( 'NONE', #4128, #2326 ) ;
#167 = CARTESIAN_POINT ( 'NONE',  ( -104.1499999999999915, 2.500000000000022649, 0.5000000000000003331 ) ) ;
#168 = CARTESIAN_POINT ( 'NONE',  ( -1.500000000000001332, 53.99999999999999289, 7.000000000000000000 ) ) ;
#169 = ORIENTED_EDGE ( 'NONE', *, *, #774, .T. ) ;
#170 = VECTOR ( 'NONE', #3915, 1000.000000000000000 ) ;
#171 = CARTESIAN_POINT ( 'NONE',  ( -24.85000000000000142, 53.00000000000004263, 6.500000000000013323 ) ) ;
#172 = ORIENTED_EDGE ( 'NONE', *, *, #1268, .F. ) ;
#173 = DIRECTION ( 'NONE',  ( -1.075995380128693732E-16, 0.7071067811865554553, 0.7071067811865395791 ) ) ;
#174 = DIRECTION ( 'NONE',  ( -0.5773502691896303940, -0.5773502691896235106, 0.5773502691896233996 ) ) ;
#175 = COORDINATED_UNIVERSAL_TIME_OFFSET ( 1, 0, .AHEAD. ) ;
#176 = VERTEX_POINT ( 'NONE', #4285 ) ;
#177 = EDGE_CURVE ( 'NONE', #3787, #4624, #1599, .T. ) ;
#178 = VERTEX_POINT ( 'NONE', #5695 ) ;
#179 = PLANE ( 'NONE',  #5730 ) ;
#180 = FACE_OUTER_BOUND ( 'NONE', #5129, .T. ) ;
#181 = VECTOR ( 'NONE', #1541, 1000.000000000000000 ) ;
#182 = ORIENTED_EDGE ( 'NONE', *, *, #1445, .T. ) ;
#183 = ORIENTED_EDGE ( 'NONE', *, *, #953, .T. ) ;
#184 = ORIENTED_EDGE ( 'NONE', *, *, #4897, .T. ) ;
#185 = CARTESIAN_POINT ( 'NONE',  ( -22.35000000000000853, 4.500000000000032863, 7.000000000000000000 ) ) ;
#186 = VECTOR ( 'NONE', #4088, 1000.000000000000000 ) ;
#187 = CARTESIAN_POINT ( 'NONE',  ( -24.85000000000000142, 1.999999999999999556, 6.500000000000013323 ) ) ;
#188 = LINE ( 'NONE', #681, #2673 ) ;
#189 = EDGE_LOOP ( 'NONE', ( #1825, #761, #4938, #2405 ) ) ;
#190 = LINE ( 'NONE', #3782, #1498 ) ;
#191 = LINE ( 'NONE', #3360, #1945 ) ;
#192 = ADVANCED_FACE ( 'NONE', ( #716 ), #3901, .T. ) ;
#193 = AXIS2_PLACEMENT_3D ( 'NONE', #4104, #5405, #1384 ) ;
#194 = ORIENTED_EDGE ( 'NONE', *, *, #5691, .T. ) ;
#195 = VERTEX_POINT ( 'NONE', #343 ) ;
#196 = CARTESIAN_POINT ( 'NONE',  ( -21.85000000000000142, 4.000000000000015099, 0.5000000000000281997 ) ) ;
#197 = DIRECTION ( 'NONE',  ( 1.000000000000000000, 0.000000000000000000, 0.000000000000000000 ) ) ;
#198 = VECTOR ( 'NONE', #2001, 1000.000000000000114 ) ;
#199 = DIRECTION ( 'NONE',  ( 0.000000000000000000, 0.7071067811865573427, 0.7071067811865378028 ) ) ;
#200 = CARTESIAN_POINT ( 'NONE',  ( -24.85000000000000142, 53.00000000000004263, 1.500000000000000444 ) ) ;
#201 = EDGE_LOOP ( 'NONE', ( #1700, #5586, #466, #4078 ) ) ;
#202 = CARTESIAN_POINT ( 'NONE',  ( -119.0000000000000000, 49.50000000000001421, 7.000000000000000000 ) ) ;
#203 = ORIENTED_EDGE ( 'NONE', *, *, #4395, .F. ) ;
#204 = VECTOR ( 'NONE', #20, 1000.000000000000000 ) ;
#205 = CARTESIAN_POINT ( 'NONE',  ( -18.99999999999999645, 55.00000000000002842, 5.200000000000000178 ) ) ;
#206 = ORIENTED_EDGE ( 'NONE', *, *, #551, .F. ) ;
#207 = CARTESIAN_POINT ( 'NONE',  ( -49.00000000000007105, 38.99999999999990052, 40.00000000000000000 ) ) ;
#208 = LINE ( 'NONE', #1448, #1638 ) ;
#209 = CARTESIAN_POINT ( 'NONE',  ( -16.14999999999999147, 50.49999999999998579, 0.000000000000000000 ) ) ;
#210 = ORIENTED_EDGE ( 'NONE', *, *, #5733, .T. ) ;
#211 = APPROVAL ( #671, 'UNSPECIFIED' ) ;
#212 = ORIENTED_EDGE ( 'NONE', *, *, #5407, .F. ) ;
#213 = DIRECTION ( 'NONE',  ( 0.000000000000000000, 0.000000000000000000, -1.000000000000000000 ) ) ;
#214 = FACE_OUTER_BOUND ( 'NONE', #4558, .T. ) ;
#215 = ADVANCED_FACE ( 'NONE', ( #2112, #285 ), #3480, .T. ) ;
#216 = ORIENTED_EDGE ( 'NONE', *, *, #5466, .F. ) ;
#217 = CARTESIAN_POINT ( 'NONE',  ( -110.9999999999999716, 43.99999999999990052, 34.00000000000003553 ) ) ;
#218 = EDGE_CURVE ( 'NONE', #3767, #4267, #3034, .T. ) ;
#219 = DIRECTION ( 'NONE',  ( 1.075995380128669574E-16, -0.7071067811865395791, -0.7071067811865554553 ) ) ;
#220 = ORIENTED_EDGE ( 'NONE', *, *, #3785, .F. ) ;
#221 = DIRECTION ( 'NONE',  ( 1.000000000000000000, 0.000000000000000000, 0.000000000000000000 ) ) ;
#222 = FACE_BOUND ( 'NONE', #1095, .T. ) ;
#223 = VERTEX_POINT ( 'NONE', #4755 ) ;
#224 = LINE ( 'NONE', #5636, #4947 ) ;
#225 = ORIENTED_EDGE ( 'NONE', *, *, #3743, .F. ) ;
#226 = EDGE_CURVE ( 'NONE', #2734, #3986, #3422, .T. ) ;
#227 = CARTESIAN_POINT ( 'NONE',  ( -118.9999999999999858, 4.500000000000017764, 7.000000000000000000 ) ) ;
#228 = DIRECTION ( 'NONE',  ( 0.000000000000000000, -1.000000000000000000, 0.000000000000000000 ) ) ;
#229 = DIRECTION ( 'NONE',  ( 1.000000000000000000, 1.749300984178293063E-16, 0.000000000000000000 ) ) ;
#230 = EDGE_LOOP ( 'NONE', ( #5494, #991, #2765, #534 ) ) ;
#231 = VECTOR ( 'NONE', #444, 1000.000000000000114 ) ;
#232 = EDGE_LOOP ( 'NONE', ( #1086, #648, #3144, #3646 ) ) ;
#233 = EDGE_CURVE ( 'NONE', #3802, #1047, #1839, .T. ) ;
#234 = CARTESIAN_POINT ( 'NONE',  ( -112.3500000000000085, 2.000000000000020872, 0.5000000000000005551 ) ) ;
#235 = CARTESIAN_POINT ( 'NONE',  ( -16.14999999999999147, 2.000000000000013767, 6.499999999999985789 ) ) ;
#236 = LINE ( 'NONE', #5645, #2949 ) ;
#237 = DIRECTION ( 'NONE',  ( -0.000000000000000000, -0.000000000000000000, -1.000000000000000000 ) ) ;
#238 = VECTOR ( 'NONE', #2672, 1000.000000000000000 ) ;
#239 = EDGE_LOOP ( 'NONE', ( #1545, #3358, #4475, #1644 ) ) ;
#240 = LINE ( 'NONE', #2040, #2633 ) ;
#241 = ORIENTED_EDGE ( 'NONE', *, *, #3968, .T. ) ;
#242 = CARTESIAN_POINT ( 'NONE',  ( -117.0000000000000000, 36.14999999999990621, 43.00000000000000000 ) ) ;
#243 = EDGE_LOOP ( 'NONE', ( #1126, #1489 ) ) ;
#244 = DIRECTION ( 'NONE',  ( -0.7071067811865375807, -0.7071067811865574537, 0.000000000000000000 ) ) ;
#245 = ORIENTED_EDGE ( 'NONE', *, *, #1031, .T. ) ;
#246 = CYLINDRICAL_SURFACE ( 'NONE', #3101, 1.699999999999998845 ) ;
#247 = DIRECTION ( 'NONE',  ( 1.000000000000000000, 0.000000000000000000, 0.000000000000000000 ) ) ;
#248 = VERTEX_POINT ( 'NONE', #5421 ) ;
#249 = CARTESIAN_POINT ( 'NONE',  ( -2.000000000000021760, 44.65000000000000568, 0.000000000000000000 ) ) ;
#250 = ORIENTED_EDGE ( 'NONE', *, *, #5508, .T. ) ;
#251 = EDGE_CURVE ( 'NONE', #4802, #2510, #1401, .T. ) ;
#252 = EDGE_LOOP ( 'NONE', ( #4933, #3547, #5577, #2257 ) ) ;
#253 = DIRECTION ( 'NONE',  ( 0.7071067811865573427, 0.000000000000000000, 0.7071067811865378028 ) ) ;
#254 = CARTESIAN_POINT ( 'NONE',  ( -4.000000000000023093, 45.15000000000001990, 6.499999999999985789 ) ) ;
#255 = DIRECTION ( 'NONE',  ( -0.000000000000000000, -1.000000000000000000, -0.000000000000000000 ) ) ;
#256 = PLANE ( 'NONE',  #2331 ) ;
#257 = PLANE ( 'NONE',  #5605 ) ;
#258 = CARTESIAN_POINT ( 'NONE',  ( -112.9999999999999716, 6.500000000000026645, 48.00000000000000000 ) ) ;
#259 = ADVANCED_FACE ( 'NONE', ( #4976 ), #2166, .F. ) ;
#260 = ORIENTED_EDGE ( 'NONE', *, *, #3575, .T. ) ;
#261 = DIRECTION ( 'NONE',  ( 0.000000000000000000, 0.7071067811865475727, -0.7071067811865475727 ) ) ;
#262 = LINE ( 'NONE', #3426, #424 ) ;
#263 = DIRECTION ( 'NONE',  ( 1.000000000000000000, 1.521687259628775549E-16, 0.000000000000000000 ) ) ;
#264 = EDGE_LOOP ( 'NONE', ( #2293, #3664, #4739, #3105 ) ) ;
#265 = APPROVAL_PERSON_ORGANIZATION ( #617, #211, #2381 ) ;
#266 = EDGE_CURVE ( 'NONE', #4056, #2238, #4454, .T. ) ;
#267 = DIRECTION ( 'NONE',  ( 0.000000000000000000, 1.000000000000000000, 0.000000000000000000 ) ) ;
#268 = ORIENTED_EDGE ( 'NONE', *, *, #4489, .F. ) ;
#269 = DIRECTION ( 'NONE',  ( 0.000000000000000000, 0.000000000000000000, -1.000000000000000000 ) ) ;
#270 = ORIENTED_EDGE ( 'NONE', *, *, #69, .F. ) ;
#271 = CARTESIAN_POINT ( 'NONE',  ( -119.0000000000000000, 54.50000000000000711, 7.000000000000000000 ) ) ;
#272 = VECTOR ( 'NONE', #1628, 1000.000000000000000 ) ;
#273 = CARTESIAN_POINT ( 'NONE',  ( -21.85000000000000142, 2.000000000000012879, 6.499999999999985789 ) ) ;
#274 = ORIENTED_EDGE ( 'NONE', *, *, #2454, .F. ) ;
#275 = DIRECTION ( 'NONE',  ( -0.5773502691896310601, -0.5773502691896310601, -0.5773502691896151839 ) ) ;
#276 = ORIENTED_EDGE ( 'NONE', *, *, #4051, .T. ) ;
#277 = VERTEX_POINT ( 'NONE', #4006 ) ;
#278 = FACE_OUTER_BOUND ( 'NONE', #1726, .T. ) ;
#279 = ORIENTED_EDGE ( 'NONE', *, *, #4318, .F. ) ;
#280 = CARTESIAN_POINT ( 'NONE',  ( -44.50000000000007816, 1.500000000000033529, 7.000000000000000000 ) ) ;
#281 = CARTESIAN_POINT ( 'NONE',  ( -107.1499999999999915, 4.000000000000023093, 0.5000000000000004441 ) ) ;
#282 = ADVANCED_FACE ( 'NONE', ( #508, #22, #4062 ), #3557, .F. ) ;
#283 = VECTOR ( 'NONE', #2827, 1000.000000000000114 ) ;
#284 = DIRECTION ( 'NONE',  ( 0.7071067811865573427, -0.7071067811865376918, -0.000000000000000000 ) ) ;
#285 = FACE_OUTER_BOUND ( 'NONE', #4747, .T. ) ;
#286 = APPLICATION_CONTEXT ( 'configuration controlled 3d designs of mechanical parts and assemblies' ) ;
#287 = VECTOR ( 'NONE', #3119, 1000.000000000000000 ) ;
#288 = VECTOR ( 'NONE', #3436, 1000.000000000000000 ) ;
#289 = DIRECTION ( 'NONE',  ( -1.075995380128700388E-16, 0.7071067811865597852, -0.7071067811865352493 ) ) ;
#290 = CARTESIAN_POINT ( 'NONE',  ( -110.9999999999999858, 31.99999999999990408, 40.00000000000000000 ) ) ;
#291 = DIRECTION ( 'NONE',  ( 0.000000000000000000, -1.000000000000000000, 0.000000000000000000 ) ) ;
#292 = ADVANCED_FACE ( 'NONE', ( #5338 ), #4401, .F. ) ;
#293 = DIRECTION ( 'NONE',  ( -0.7071067811865517916, -0.000000000000000000, -0.7071067811865432429 ) ) ;
#294 = ORIENTED_EDGE ( 'NONE', *, *, #1197, .T. ) ;
#295 = VECTOR ( 'NONE', #1215, 1000.000000000000000 ) ;
#296 = VECTOR ( 'NONE', #4402, 1000.000000000000000 ) ;
#297 = ORIENTED_EDGE ( 'NONE', *, *, #3964, .F. ) ;
#298 = CARTESIAN_POINT ( 'NONE',  ( -46.50000000000009948, 2.500000000000030198, 0.000000000000000000 ) ) ;
#299 = VERTEX_POINT ( 'NONE', #3530 ) ;
#300 = VECTOR ( 'NONE', #136, 1000.000000000000000 ) ;
#301 = CARTESIAN_POINT ( 'NONE',  ( -21.85000000000000142, 2.000000000000012879, 6.499999999999985789 ) ) ;
#302 = EDGE_CURVE ( 'NONE', #1879, #2775, #2275, .T. ) ;
#303 = VECTOR ( 'NONE', #4082, 1000.000000000000000 ) ;
#304 = ORIENTED_EDGE ( 'NONE', *, *, #918, .F. ) ;
#305 = VERTEX_POINT ( 'NONE', #1353 ) ;
#306 = CARTESIAN_POINT ( 'NONE',  ( -110.0000000000000000, 55.00000000000002842, 3.500000000000000000 ) ) ;
#307 = VECTOR ( 'NONE', #1946, 1000.000000000000000 ) ;
#308 = DIRECTION ( 'NONE',  ( 0.7071067811865378028, 0.000000000000000000, -0.7071067811865573427 ) ) ;
#309 = ORIENTED_EDGE ( 'NONE', *, *, #3745, .F. ) ;
#310 = DIRECTION ( 'NONE',  ( -0.000000000000000000, 1.000000000000000000, 0.000000000000000000 ) ) ;
#311 = ORIENTED_EDGE ( 'NONE', *, *, #1217, .T. ) ;
#312 = ORIENTED_EDGE ( 'NONE', *, *, #403, .F. ) ;
#313 = ORIENTED_EDGE ( 'NONE', *, *, #2831, .F. ) ;
#314 = LINE ( 'NONE', #2493, #3477 ) ;
#315 = DIRECTION ( 'NONE',  ( -1.000000000000000000, 0.000000000000000000, 0.000000000000000000 ) ) ;
#316 = CARTESIAN_POINT ( 'NONE',  ( -3.804218149071997792E-16, 2.500000000000038636, 7.000000000000000000 ) ) ;
#317 = ADVANCED_FACE ( 'NONE', ( #3955, #4481 ), #454, .T. ) ;
#318 = FACE_OUTER_BOUND ( 'NONE', #252, .T. ) ;
#319 = CARTESIAN_POINT ( 'NONE',  ( -104.1499999999999915, 2.500000000000022649, 7.000000000000000000 ) ) ;
#320 = ORIENTED_EDGE ( 'NONE', *, *, #4355, .F. ) ;
#321 = AXIS2_PLACEMENT_3D ( 'NONE', #1255, #1306, #892 ) ;
#322 = EDGE_CURVE ( 'NONE', #2629, #1090, #5304, .T. ) ;
#323 = ORIENTED_EDGE ( 'NONE', *, *, #3899, .F. ) ;
#324 = ADVANCED_FACE ( 'NONE', ( #5781 ), #1304, .F. ) ;
#325 = CARTESIAN_POINT ( 'NONE',  ( 0.000000000000000000, 0.000000000000000000, 48.00000000000000000 ) ) ;
#326 = VERTEX_POINT ( 'NONE', #1330 ) ;
#327 = AXIS2_PLACEMENT_3D ( 'NONE', #63, #2677, #3078 ) ;
#328 = DIRECTION ( 'NONE',  ( -1.000000000000000000, 1.266221515311539036E-16, 0.000000000000000000 ) ) ;
#329 = VECTOR ( 'NONE', #4434, 1000.000000000000000 ) ;
#330 = ORIENTED_EDGE ( 'NONE', *, *, #4847, .F. ) ;
#331 = ADVANCED_FACE ( 'NONE', ( #3092 ), #4034, .T. ) ;
#332 = ORIENTED_EDGE ( 'NONE', *, *, #4467, .F. ) ;
#333 = LINE ( 'NONE', #3866, #3291 ) ;
#334 = CYLINDRICAL_SURFACE ( 'NONE', #2494, 1.699999999999999734 ) ;
#335 = ORIENTED_EDGE ( 'NONE', *, *, #3939, .T. ) ;
#336 = CARTESIAN_POINT ( 'NONE',  ( -24.85000000000000142, 53.00000000000004263, 6.500000000000013323 ) ) ;
#337 = ORIENTED_EDGE ( 'NONE', *, *, #921, .T. ) ;
#338 = EDGE_CURVE ( 'NONE', #3636, #2082, #3171, .T. ) ;
#339 = ORIENTED_EDGE ( 'NONE', *, *, #921, .F. ) ;
#340 = LINE ( 'NONE', #5251, #668 ) ;
#341 = DIRECTION ( 'NONE',  ( 0.000000000000000000, -0.000000000000000000, 1.000000000000000000 ) ) ;
#342 = CARTESIAN_POINT ( 'NONE',  ( -18.99999999999999645, 4.000000000000017764, 5.200000000000000178 ) ) ;
#343 = CARTESIAN_POINT ( 'NONE',  ( -2.000000000000021760, 45.15000000000001990, 0.5000000000000143219 ) ) ;
#344 = PLANE ( 'NONE',  #3928 ) ;
#345 = PLANE ( 'NONE',  #321 ) ;
#346 = LINE ( 'NONE', #3455, #1809 ) ;
#347 = ORIENTED_EDGE ( 'NONE', *, *, #302, .T. ) ;
#348 = EDGE_CURVE ( 'NONE', #3760, #2017, #3611, .T. ) ;
#349 = CARTESIAN_POINT ( 'NONE',  ( -106.6500000000000057, 2.500000000000022204, 0.000000000000000000 ) ) ;
#350 = ORIENTED_EDGE ( 'NONE', *, *, #1867, .F. ) ;
#351 = CARTESIAN_POINT ( 'NONE',  ( -4.000000000000023093, 48.00000000000002842, 3.499999999999999556 ) ) ;
#352 = EDGE_CURVE ( 'NONE', #1570, #2714, #4948, .T. ) ;
#353 = ORIENTED_EDGE ( 'NONE', *, *, #5581, .T. ) ;
#354 = VECTOR ( 'NONE', #4443, 1000.000000000000000 ) ;
#355 = CARTESIAN_POINT ( 'NONE',  ( -45.50000000000005684, 1.000000000000000888, 48.00000000000000000 ) ) ;
#356 = CARTESIAN_POINT ( 'NONE',  ( -117.0000000000000000, 6.000000000000023981, 1.500000000000000444 ) ) ;
#357 = DIRECTION ( 'NONE',  ( 1.907754749525137334E-32, -1.000000000000000000, 0.000000000000000000 ) ) ;
#358 = ADVANCED_FACE ( 'NONE', ( #4508 ), #1927, .F. ) ;
#359 = ORIENTED_EDGE ( 'NONE', *, *, #4886, .T. ) ;
#360 = LINE ( 'NONE', #5744, #2703 ) ;
#361 = LOCAL_TIME ( 14, 34, 24.00000000000000000, #3601 ) ;
#362 = ORIENTED_EDGE ( 'NONE', *, *, #4795, .T. ) ;
#363 = VERTEX_POINT ( 'NONE', #3667 ) ;
#364 = FACE_OUTER_BOUND ( 'NONE', #31, .T. ) ;
#365 = ORIENTED_EDGE ( 'NONE', *, *, #142, .T. ) ;
#366 = DIRECTION ( 'NONE',  ( 0.000000000000000000, 0.000000000000000000, -1.000000000000000000 ) ) ;
#367 = CARTESIAN_POINT ( 'NONE',  ( -123.5000000000000000, -4.286263797015740046E-16, 7.000000000000000000 ) ) ;
#368 = EDGE_CURVE ( 'NONE', #144, #326, #161, .T. ) ;
#369 = DIRECTION ( 'NONE',  ( 0.7071067811865622277, 0.000000000000000000, -0.7071067811865328068 ) ) ;
#370 = CARTESIAN_POINT ( 'NONE',  ( -4.674999999999452704, -4.674999999999583267, 45.00000000000000000 ) ) ;
#371 = ADVANCED_FACE ( 'NONE', ( #222, #4540 ), #3296, .F. ) ;
#372 = CARTESIAN_POINT ( 'NONE',  ( -117.5000000000000000, 53.50000000000002842, 7.000000000000000000 ) ) ;
#373 = CARTESIAN_POINT ( 'NONE',  ( -2.000000000000000000, 42.15000000000001990, 1.500000000000000444 ) ) ;
#374 = DIRECTION ( 'NONE',  ( -0.7071067811865578978, -0.000000000000000000, -0.7071067811865370256 ) ) ;
#375 = CARTESIAN_POINT ( 'NONE',  ( -107.6499999999999773, 1.500000000000040634, 0.000000000000000000 ) ) ;
#376 = ORIENTED_EDGE ( 'NONE', *, *, #4927, .F. ) ;
#377 = VECTOR ( 'NONE', #5758, 1000.000000000000000 ) ;
#378 = DIRECTION ( 'NONE',  ( 0.000000000000000000, 0.000000000000000000, -1.000000000000000000 ) ) ;
#379 = EDGE_LOOP ( 'NONE', ( #2516, #633, #4744, #4310 ) ) ;
#380 = CARTESIAN_POINT ( 'NONE',  ( -18.99999999999999645, 55.00000000000002842, 5.200000000000000178 ) ) ;
#381 = VECTOR ( 'NONE', #275, 1000.000000000000114 ) ;
#382 = VECTOR ( 'NONE', #1278, 1000.000000000000000 ) ;
#383 = ORIENTED_EDGE ( 'NONE', *, *, #1533, .F. ) ;
#384 = CIRCLE ( 'NONE', #3835, 1.699999999999993072 ) ;
#385 = VECTOR ( 'NONE', #3630, 1000.000000000000000 ) ;
#386 = DIRECTION ( 'NONE',  ( -0.000000000000000000, -0.000000000000000000, -1.000000000000000000 ) ) ;
#387 = CARTESIAN_POINT ( 'NONE',  ( 0.000000000000000000, 0.000000000000000000, 45.00000000000000000 ) ) ;
#388 = DIRECTION ( 'NONE',  ( -0.5773502691896150729, -0.5773502691896230665, -0.5773502691896390537 ) ) ;
#389 = ORIENTED_EDGE ( 'NONE', *, *, #3043, .F. ) ;
#390 = CARTESIAN_POINT ( 'NONE',  ( -108.9999999999999858, 38.99999999999990052, 45.00000000000000000 ) ) ;
#391 = ORIENTED_EDGE ( 'NONE', *, *, #5121, .F. ) ;
#392 = ADVANCED_FACE ( 'NONE', ( #4630, #1060 ), #4157, .T. ) ;
#393 = ORIENTED_EDGE ( 'NONE', *, *, #5220, .F. ) ;
#394 = DIRECTION ( 'NONE',  ( -1.000000000000000000, 0.000000000000000000, 0.000000000000000000 ) ) ;
#395 = ORIENTED_EDGE ( 'NONE', *, *, #4902, .F. ) ;
#396 = EDGE_CURVE ( 'NONE', #2067, #3057, #191, .T. ) ;
#397 = VECTOR ( 'NONE', #4151, 1000.000000000000000 ) ;
#398 = LINE ( 'NONE', #2163, #204 ) ;
#399 = CARTESIAN_POINT ( 'NONE',  ( -47.50000000000007105, 2.000000000000030642, 47.50000000000001421 ) ) ;
#400 = DIRECTION ( 'NONE',  ( -0.000000000000000000, 0.000000000000000000, 1.000000000000000000 ) ) ;
#401 = AXIS2_PLACEMENT_3D ( 'NONE', #1266, #1805, #3049 ) ;
#402 = CARTESIAN_POINT ( 'NONE',  ( -18.99999999999999645, 55.00000000000002842, 5.200000000000000178 ) ) ;
#403 = EDGE_CURVE ( 'NONE', #1110, #5290, #5008, .T. ) ;
#404 = EDGE_CURVE ( 'NONE', #1974, #1324, #972, .T. ) ;
#405 = CARTESIAN_POINT ( 'NONE',  ( -112.8500000000000085, 4.000000000000024869, 0.5000000000000003331 ) ) ;
#406 = CARTESIAN_POINT ( 'NONE',  ( -15.64999999999997016, 54.00000000000000000, 0.000000000000000000 ) ) ;
#407 = ORIENTED_EDGE ( 'NONE', *, *, #3402, .F. ) ;
#408 = AXIS2_PLACEMENT_3D ( 'NONE', #1770, #840, #5263 ) ;
#409 = DIRECTION ( 'NONE',  ( 1.000000000000000000, 0.000000000000000000, 0.000000000000000000 ) ) ;
#410 = ORIENTED_EDGE ( 'NONE', *, *, #3383, .F. ) ;
#411 = DIRECTION ( 'NONE',  ( 0.000000000000000000, 0.000000000000000000, 1.000000000000000000 ) ) ;
#412 = ORIENTED_EDGE ( 'NONE', *, *, #1655, .T. ) ;
#413 = VECTOR ( 'NONE', #4799, 1000.000000000000000 ) ;
#414 = DIRECTION ( 'NONE',  ( -0.000000000000000000, 0.000000000000000000, 1.000000000000000000 ) ) ;
#415 = DIRECTION ( 'NONE',  ( -1.000000000000000000, -2.551063935260009998E-16, 0.000000000000000000 ) ) ;
#416 = DIRECTION ( 'NONE',  ( 0.000000000000000000, 0.000000000000000000, 1.000000000000000000 ) ) ;
#417 = ORIENTED_EDGE ( 'NONE', *, *, #538, .T. ) ;
#418 = VECTOR ( 'NONE', #842, 1000.000000000000000 ) ;
#419 = PLANE ( 'NONE',  #935 ) ;
#420 = VERTEX_POINT ( 'NONE', #1962 ) ;
#421 = EDGE_CURVE ( 'NONE', #5063, #5093, #5100, .T. ) ;
#422 = ORIENTED_EDGE ( 'NONE', *, *, #3253, .F. ) ;
#423 = EDGE_LOOP ( 'NONE', ( #3467, #2413, #2989, #3127 ) ) ;
#424 = VECTOR ( 'NONE', #5674, 1000.000000000000000 ) ;
#425 = DIRECTION ( 'NONE',  ( -0.7071067811865564545, 0.7071067811865386910, 0.000000000000000000 ) ) ;
#426 = CARTESIAN_POINT ( 'NONE',  ( -53.00000000000007816, 41.84999999999990195, 43.00000000000000000 ) ) ;
#427 = CARTESIAN_POINT ( 'NONE',  ( -112.9999999999999716, 45.99999999999990052, 48.00000000000000000 ) ) ;
#428 = CARTESIAN_POINT ( 'NONE',  ( -118.9999999999999858, 1.500000000000022204, 7.000000000000000000 ) ) ;
#429 = EDGE_CURVE ( 'NONE', #2492, #5299, #2783, .T. ) ;
#430 = DIRECTION ( 'NONE',  ( -1.000000000000000000, -1.521687259628775549E-16, 0.000000000000000000 ) ) ;
#431 = ORIENTED_EDGE ( 'NONE', *, *, #1720, .T. ) ;
#432 = LINE ( 'NONE', #4815, #2457 ) ;
#433 = DIRECTION ( 'NONE',  ( 0.5773502691896382766, -0.5773502691896204020, -0.5773502691896185146 ) ) ;
#434 = ORIENTED_EDGE ( 'NONE', *, *, #3992, .F. ) ;
#435 = EDGE_CURVE ( 'NONE', #2690, #1717, #4568, .T. ) ;
#436 = DIRECTION ( 'NONE',  ( -0.7071067811865573427, -1.348986320230086810E-32, 0.7071067811865378028 ) ) ;
#437 = ORIENTED_EDGE ( 'NONE', *, *, #712, .F. ) ;
#438 = DIRECTION ( 'NONE',  ( 1.000000000000000000, 0.000000000000000000, 0.000000000000000000 ) ) ;
#439 = CARTESIAN_POINT ( 'NONE',  ( -104.1499999999999915, 2.500000000000022649, 7.000000000000000000 ) ) ;
#440 = ADVANCED_FACE ( 'NONE', ( #536 ), #4189, .F. ) ;
#441 = VECTOR ( 'NONE', #687, 1000.000000000000000 ) ;
#442 = ORIENTED_EDGE ( 'NONE', *, *, #2717, .F. ) ;
#443 = DIRECTION ( 'NONE',  ( -1.000000000000000000, 0.000000000000000000, 0.000000000000000000 ) ) ;
#444 = DIRECTION ( 'NONE',  ( -0.5773502691896310601, 0.5773502691896310601, 0.5773502691896151839 ) ) ;
#445 = DIRECTION ( 'NONE',  ( -1.000000000000000000, 0.000000000000000000, 0.000000000000000000 ) ) ;
#446 = LINE ( 'NONE', #555, #3932 ) ;
#447 = ORIENTED_EDGE ( 'NONE', *, *, #4632, .T. ) ;
#448 = ORIENTED_EDGE ( 'NONE', *, *, #2821, .F. ) ;
#449 = ORIENTED_EDGE ( 'NONE', *, *, #813, .F. ) ;
#450 = LINE ( 'NONE', #941, #475 ) ;
#451 = LINE ( 'NONE', #2658, #4638 ) ;
#452 = EDGE_CURVE ( 'NONE', #4941, #3713, #3697, .T. ) ;
#453 = CARTESIAN_POINT ( 'NONE',  ( -121.5000000000000000, 4.499999999999997335, 7.000000000000000000 ) ) ;
#454 = PLANE ( 'NONE',  #2689 ) ;
#455 = CARTESIAN_POINT ( 'NONE',  ( -112.8500000000000085, 4.000000000000022204, 7.000000000000000000 ) ) ;
#456 = VERTEX_POINT ( 'NONE', #658 ) ;
#457 = EDGE_CURVE ( 'NONE', #517, #5687, #4216, .T. ) ;
#458 = CARTESIAN_POINT ( 'NONE',  ( -24.34999999999999787, 1.500000000000036415, 7.000000000000000000 ) ) ;
#459 = CARTESIAN_POINT ( 'NONE',  ( -104.9999999999999858, 35.64999999999992042, 45.00000000000000000 ) ) ;
#460 = VECTOR ( 'NONE', #2373, 1000.000000000000000 ) ;
#461 = ORIENTED_EDGE ( 'NONE', *, *, #2786, .T. ) ;
#462 = EDGE_CURVE ( 'NONE', #1879, #2158, #631, .T. ) ;
#463 = AXIS2_PLACEMENT_3D ( 'NONE', #2221, #1758, #482 ) ;
#464 = ADVANCED_FACE ( 'NONE', ( #4595 ), #1562, .F. ) ;
#465 = CYLINDRICAL_SURFACE ( 'NONE', #5262, 1.699999999999993072 ) ;
#466 = ORIENTED_EDGE ( 'NONE', *, *, #1174, .F. ) ;
#467 = FACE_OUTER_BOUND ( 'NONE', #5375, .T. ) ;
#468 = VECTOR ( 'NONE', #2207, 999.9999999999998863 ) ;
#469 = ORIENTED_EDGE ( 'NONE', *, *, #2105, .F. ) ;
#470 = EDGE_CURVE ( 'NONE', #3767, #4901, #1438, .T. ) ;
#471 = CARTESIAN_POINT ( 'NONE',  ( -105.5000000000000000, 41.84999999999990195, 45.00000000000000000 ) ) ;
#472 = VECTOR ( 'NONE', #3666, 1000.000000000000000 ) ;
#473 = FACE_OUTER_BOUND ( 'NONE', #264, .T. ) ;
#474 = DIRECTION ( 'NONE',  ( 0.000000000000000000, 0.000000000000000000, 1.000000000000000000 ) ) ;
#475 = VECTOR ( 'NONE', #2603, 1000.000000000000000 ) ;
#476 = ORIENTED_EDGE ( 'NONE', *, *, #4289, .T. ) ;
#477 = CARTESIAN_POINT ( 'NONE',  ( -16.14999999999999147, 53.00000000000000711, 7.000000000000000000 ) ) ;
#478 = ORIENTED_EDGE ( 'NONE', *, *, #965, .T. ) ;
#479 = PLANE ( 'NONE',  #3388 ) ;
#480 = CARTESIAN_POINT ( 'NONE',  ( -45.00000000000007816, 35.64999999999993463, 48.00000000000000000 ) ) ;
#481 = CARTESIAN_POINT ( 'NONE',  ( -123.5000000000000000, -4.286263797015740046E-16, 0.5000000000000004441 ) ) ;
#482 = DIRECTION ( 'NONE',  ( 0.000000000000000000, 0.000000000000000000, -1.000000000000000000 ) ) ;
#483 = EDGE_LOOP ( 'NONE', ( #3723, #4552 ) ) ;
#484 = DIRECTION ( 'NONE',  ( 0.000000000000000000, -1.000000000000000000, 0.000000000000000000 ) ) ;
#485 = LINE ( 'NONE', #1282, #4808 ) ;
#486 = ORIENTED_EDGE ( 'NONE', *, *, #2328, .T. ) ;
#487 = EDGE_CURVE ( 'NONE', #1011, #1359, #599, .T. ) ;
#488 = CARTESIAN_POINT ( 'NONE',  ( -113.4999999999999574, 6.000000000000025757, 6.500000000000011546 ) ) ;
#489 = ORIENTED_EDGE ( 'NONE', *, *, #5585, .T. ) ;
#490 = CARTESIAN_POINT ( 'NONE',  ( -46.50000000000008527, 44.49999999999990052, 48.00000000000000000 ) ) ;
#491 = AXIS2_PLACEMENT_3D ( 'NONE', #3988, #5, #4490 ) ;
#492 = ADVANCED_FACE ( 'NONE', ( #2753 ), #1063, .F. ) ;
#493 = ORIENTED_EDGE ( 'NONE', *, *, #1197, .F. ) ;
#494 = DIRECTION ( 'NONE',  ( 1.000000000000000000, 1.521687259628775549E-16, 0.000000000000000000 ) ) ;
#495 = AXIS2_PLACEMENT_3D ( 'NONE', #4288, #289, #2406 ) ;
#496 = LINE ( 'NONE', #5740, #1895 ) ;
#497 = PERSON_AND_ORGANIZATION ( #1005, #4547 ) ;
#498 = DIRECTION ( 'NONE',  ( 0.000000000000000000, 1.000000000000000000, 0.000000000000000000 ) ) ;
#499 = ORIENTED_EDGE ( 'NONE', *, *, #3251, .T. ) ;
#500 = ADVANCED_FACE ( 'NONE', ( #3236 ), #573, .F. ) ;
#501 = ORIENTED_EDGE ( 'NONE', *, *, #5068, .T. ) ;
#502 = ORIENTED_EDGE ( 'NONE', *, *, #1140, .T. ) ;
#503 = EDGE_LOOP ( 'NONE', ( #1293, #163, #5737, #309 ) ) ;
#504 = CIRCLE ( 'NONE', #2943, 1.699999999999999734 ) ;
#505 = DIRECTION ( 'NONE',  ( 0.5773502691896257311, -0.5773502691896257311, 0.5773502691896257311 ) ) ;
#506 = CARTESIAN_POINT ( 'NONE',  ( -49.00000000000007105, 38.99999999999990052, 43.00000000000000000 ) ) ;
#507 = CARTESIAN_POINT ( 'NONE',  ( -44.50000000000007816, 1.999999999999999556, 1.500000000000000444 ) ) ;
#508 = FACE_BOUND ( 'NONE', #1362, .T. ) ;
#509 = ADVANCED_FACE ( 'NONE', ( #278 ), #2053, .T. ) ;
#510 = VERTEX_POINT ( 'NONE', #5192 ) ;
#511 = AXIS2_PLACEMENT_3D ( 'NONE', #5399, #540, #513 ) ;
#512 = CARTESIAN_POINT ( 'NONE',  ( -110.0000000000000000, 6.000000000000025757, 1.800000000000001155 ) ) ;
#513 = DIRECTION ( 'NONE',  ( 0.000000000000000000, 0.000000000000000000, -1.000000000000000000 ) ) ;
#514 = PLANE ( 'NONE',  #4307 ) ;
#515 = ORIENTED_EDGE ( 'NONE', *, *, #2735, .F. ) ;
#516 = LINE ( 'NONE', #171, #5552 ) ;
#517 = VERTEX_POINT ( 'NONE', #5578 ) ;
#518 = CARTESIAN_POINT ( 'NONE',  ( -16.14999999999999147, 2.000000000000013767, 0.5000000000000281997 ) ) ;
#519 = CARTESIAN_POINT ( 'NONE',  ( -112.5000000000000000, 0.000000000000000000, 48.00000000000000000 ) ) ;
#520 = ORIENTED_EDGE ( 'NONE', *, *, #4879, .T. ) ;
#521 = LINE ( 'NONE', #3249, #1246 ) ;
#522 = FACE_OUTER_BOUND ( 'NONE', #4937, .T. ) ;
#523 = EDGE_CURVE ( 'NONE', #5098, #1090, #3786, .T. ) ;
#524 = CIRCLE ( 'NONE', #2282, 1.700000000000000178 ) ;
#525 = CARTESIAN_POINT ( 'NONE',  ( -45.00000000000007816, 45.99999999999990052, 45.00000000000000000 ) ) ;
#526 = EDGE_LOOP ( 'NONE', ( #3255, #3294, #225, #2913 ) ) ;
#527 = EDGE_LOOP ( 'NONE', ( #1187, #3027, #4241, #5717 ) ) ;
#528 = DIRECTION ( 'NONE',  ( 0.000000000000000000, -0.7071067811865389130, -0.7071067811865561215 ) ) ;
#529 = VERTEX_POINT ( 'NONE', #5130 ) ;
#530 = DIRECTION ( 'NONE',  ( -0.5773502691896303940, -0.5773502691896233996, -0.5773502691896235106 ) ) ;
#531 = EDGE_CURVE ( 'NONE', #5268, #4388, #4692, .T. ) ;
#532 = DIRECTION ( 'NONE',  ( -1.000000000000000000, 0.000000000000000000, 0.000000000000000000 ) ) ;
#533 = FACE_OUTER_BOUND ( 'NONE', #4524, .T. ) ;
#534 = ORIENTED_EDGE ( 'NONE', *, *, #3348, .F. ) ;
#535 = CARTESIAN_POINT ( 'NONE',  ( -45.00000000000007816, 45.99999999999990052, 7.499999999999985789 ) ) ;
#536 = FACE_OUTER_BOUND ( 'NONE', #3113, .T. ) ;
#537 = ORIENTED_EDGE ( 'NONE', *, *, #1346, .F. ) ;
#538 = EDGE_CURVE ( 'NONE', #1147, #3469, #224, .T. ) ;
#539 = DIRECTION ( 'NONE',  ( -0.000000000000000000, -0.000000000000000000, -1.000000000000000000 ) ) ;
#540 = DIRECTION ( 'NONE',  ( 0.7071067811865574537, -0.7071067811865376918, 0.000000000000000000 ) ) ;
#541 = CARTESIAN_POINT ( 'NONE',  ( -45.50000000000005684, 0.000000000000000000, 48.00000000000000000 ) ) ;
#542 = ORIENTED_EDGE ( 'NONE', *, *, #3745, .T. ) ;
#543 = CARTESIAN_POINT ( 'NONE',  ( -119.0000000000000000, 42.65000000000001990, 7.000000000000000000 ) ) ;
#544 = ORIENTED_EDGE ( 'NONE', *, *, #233, .T. ) ;
#545 = VECTOR ( 'NONE', #2086, 1000.000000000000000 ) ;
#546 = CARTESIAN_POINT ( 'NONE',  ( -16.14999999999999147, 53.00000000000000711, 6.499999999999985789 ) ) ;
#547 = FACE_OUTER_BOUND ( 'NONE', #4915, .T. ) ;
#548 = VERTEX_POINT ( 'NONE', #1534 ) ;
#549 = VERTEX_POINT ( 'NONE', #2914 ) ;
#550 = AXIS2_PLACEMENT_3D ( 'NONE', #1991, #1501, #5545 ) ;
#551 = EDGE_CURVE ( 'NONE', #5735, #672, #2022, .T. ) ;
#552 = DIRECTION ( 'NONE',  ( -1.237462530488453388E-16, 0.7071067811865359154, -0.7071067811865592301 ) ) ;
#553 = PLANE ( 'NONE',  #3592 ) ;
#554 = VECTOR ( 'NONE', #2146, 1000.000000000000000 ) ;
#555 = CARTESIAN_POINT ( 'NONE',  ( -22.35000000000000853, 54.00000000000000000, 7.000000000000000000 ) ) ;
#556 = ORIENTED_EDGE ( 'NONE', *, *, #1078, .F. ) ;
#557 = ORIENTED_EDGE ( 'NONE', *, *, #1445, .F. ) ;
#558 = EDGE_CURVE ( 'NONE', #2716, #2150, #2491, .T. ) ;
#559 = DIRECTION ( 'NONE',  ( 0.7071067811865378028, 0.7071067811865573427, -0.000000000000000000 ) ) ;
#560 = ORIENTED_EDGE ( 'NONE', *, *, #251, .F. ) ;
#561 = EDGE_LOOP ( 'NONE', ( #4888, #753, #4830, #2736, #2449 ) ) ;
#562 = DIRECTION ( 'NONE',  ( -0.000000000000000000, -0.000000000000000000, 1.000000000000000000 ) ) ;
#563 = DIRECTION ( 'NONE',  ( 1.521687259628775549E-16, -1.000000000000000000, 0.000000000000000000 ) ) ;
#564 = CARTESIAN_POINT ( 'NONE',  ( -73.67500000000141824, 73.67499999999937188, 45.00000000000000000 ) ) ;
#565 = ORIENTED_EDGE ( 'NONE', *, *, #4092, .T. ) ;
#566 = VECTOR ( 'NONE', #2080, 1000.000000000000000 ) ;
#567 = ADVANCED_FACE ( 'NONE', ( #2547 ), #3331, .F. ) ;
#568 = CARTESIAN_POINT ( 'NONE',  ( -107.2999999999999972, 38.99999999999990052, 40.00000000000000000 ) ) ;
#569 = AXIS2_PLACEMENT_3D ( 'NONE', #477, #2511, #5658 ) ;
#570 = CARTESIAN_POINT ( 'NONE',  ( -114.6666666666666146, 47.66666666666652930, -3.166666666666733132 ) ) ;
#571 = ORIENTED_EDGE ( 'NONE', *, *, #4927, .T. ) ;
#572 = EDGE_CURVE ( 'NONE', #1444, #2878, #845, .T. ) ;
#573 = CYLINDRICAL_SURFACE ( 'NONE', #1588, 1.700000000000000178 ) ;
#574 = AXIS2_PLACEMENT_3D ( 'NONE', #3197, #4535, #532 ) ;
#575 = DIRECTION ( 'NONE',  ( 1.000000000000000000, 0.000000000000000000, 0.000000000000000000 ) ) ;
#576 = DIRECTION ( 'NONE',  ( 0.000000000000000000, 0.000000000000000000, 1.000000000000000000 ) ) ;
#577 = CARTESIAN_POINT ( 'NONE',  ( -1.500000000000001332, 51.35000000000005116, 7.000000000000000000 ) ) ;
#578 = ORIENTED_EDGE ( 'NONE', *, *, #913, .F. ) ;
#579 = ADVANCED_FACE ( 'NONE', ( #4806, #824 ), #1753, .T. ) ;
#580 = DIRECTION ( 'NONE',  ( -1.000000000000000000, -1.750036293545329014E-16, 0.000000000000000000 ) ) ;
#581 = ORIENTED_EDGE ( 'NONE', *, *, #2211, .T. ) ;
#582 = DIRECTION ( 'NONE',  ( 0.000000000000000000, 1.000000000000000000, -0.000000000000000000 ) ) ;
#583 = CARTESIAN_POINT ( 'NONE',  ( -105.4999999999999858, 36.14999999999990621, 45.00000000000000000 ) ) ;
#584 = ORIENTED_EDGE ( 'NONE', *, *, #2707, .F. ) ;
#585 = AXIS2_PLACEMENT_3D ( 'NONE', #2766, #4555, #3653 ) ;
#586 = DIRECTION ( 'NONE',  ( 0.000000000000000000, 0.000000000000000000, -1.000000000000000000 ) ) ;
#587 = VERTEX_POINT ( 'NONE', #4914 ) ;
#588 = CARTESIAN_POINT ( 'NONE',  ( -2.000000000000001776, 6.000000000000023981, 6.500000000000013323 ) ) ;
#589 = ORIENTED_EDGE ( 'NONE', *, *, #1888, .T. ) ;
#590 = ORIENTED_EDGE ( 'NONE', *, *, #4952, .T. ) ;
#591 = CARTESIAN_POINT ( 'NONE',  ( -24.85000000000000142, 6.000000000000023981, 6.500000000000013323 ) ) ;
#592 = AXIS2_PLACEMENT_3D ( 'NONE', #4818, #3489, #5763 ) ;
#593 = FACE_OUTER_BOUND ( 'NONE', #561, .T. ) ;
#594 = CARTESIAN_POINT ( 'NONE',  ( -45.50000000000007105, 0.000000000000000000, 47.00000000000001421 ) ) ;
#595 = CARTESIAN_POINT ( 'NONE',  ( -112.9999999999999716, 6.500000000000026645, 6.500000000000013323 ) ) ;
#596 = EDGE_CURVE ( 'NONE', #2815, #4366, #908, .T. ) ;
#597 = ORIENTED_EDGE ( 'NONE', *, *, #2831, .T. ) ;
#598 = CARTESIAN_POINT ( 'NONE',  ( -112.5000000000000000, 1.000000000000000888, 48.00000000000000000 ) ) ;
#599 = LINE ( 'NONE', #2365, #1124 ) ;
#600 = ORIENTED_EDGE ( 'NONE', *, *, #1950, .T. ) ;
#601 = EDGE_LOOP ( 'NONE', ( #1834, #5092, #3496, #2967 ) ) ;
#602 = VECTOR ( 'NONE', #484, 1000.000000000000000 ) ;
#603 = LINE ( 'NONE', #5398, #1162 ) ;
#604 = CARTESIAN_POINT ( 'NONE',  ( -107.6499999999999773, 2.000000000000021760, 7.500000000000000888 ) ) ;
#605 = CARTESIAN_POINT ( 'NONE',  ( -16.14999999999999147, 2.000000000000013767, 6.499999999999985789 ) ) ;
#606 = ADVANCED_FACE ( 'NONE', ( #364 ), #3086, .T. ) ;
#607 = CARTESIAN_POINT ( 'NONE',  ( -118.9999999999999858, 1.500000000000035971, 0.000000000000000000 ) ) ;
#608 = DIRECTION ( 'NONE',  ( 0.000000000000000000, 1.000000000000000000, 0.000000000000000000 ) ) ;
#609 = VECTOR ( 'NONE', #2867, 1000.000000000000000 ) ;
#610 = DIRECTION ( 'NONE',  ( 0.000000000000000000, -1.000000000000000000, 0.000000000000000000 ) ) ;
#611 = ORIENTED_EDGE ( 'NONE', *, *, #2124, .F. ) ;
#612 = VECTOR ( 'NONE', #4701, 1000.000000000000000 ) ;
#613 = FACE_OUTER_BOUND ( 'NONE', #4360, .T. ) ;
#614 = CARTESIAN_POINT ( 'NONE',  ( -4.000000000000023093, 50.85000000000003695, 0.5000000000000143219 ) ) ;
#615 = EDGE_CURVE ( 'NONE', #5128, #2566, #5719, .T. ) ;
#616 = LINE ( 'NONE', #5646, #90 ) ;
#617 = PERSON_AND_ORGANIZATION ( #1005, #4547 ) ;
#618 = ORIENTED_EDGE ( 'NONE', *, *, #1655, .F. ) ;
#619 = VECTOR ( 'NONE', #1130, 1000.000000000000000 ) ;
#620 = DIRECTION ( 'NONE',  ( -1.000000000000000000, -1.521687259628775303E-16, -0.000000000000000000 ) ) ;
#621 = ORIENTED_EDGE ( 'NONE', *, *, #1491, .T. ) ;
#622 = LINE ( 'NONE', #2800, #3131 ) ;
#623 = EDGE_CURVE ( 'NONE', #4992, #3875, #4393, .T. ) ;
#624 = ORIENTED_EDGE ( 'NONE', *, *, #2591, .T. ) ;
#625 = EDGE_LOOP ( 'NONE', ( #4190, #122, #362, #565 ) ) ;
#626 = CYLINDRICAL_SURFACE ( 'NONE', #5057, 1.700000000000000178 ) ;
#627 = CARTESIAN_POINT ( 'NONE',  ( -16.14999999999999147, 2.000000000000013767, 6.499999999999985789 ) ) ;
#628 = LINE ( 'NONE', #4186, #3247 ) ;
#629 = ORIENTED_EDGE ( 'NONE', *, *, #177, .F. ) ;
#630 = CARTESIAN_POINT ( 'NONE',  ( -45.00000000000007816, 35.64999999999993463, 45.00000000000000000 ) ) ;
#631 = LINE ( 'NONE', #2336, #2311 ) ;
#632 = ORIENTED_EDGE ( 'NONE', *, *, #50, .F. ) ;
#633 = ORIENTED_EDGE ( 'NONE', *, *, #4020, .F. ) ;
#634 = FACE_BOUND ( 'NONE', #1340, .T. ) ;
#635 = CIRCLE ( 'NONE', #4646, 1.699999999999999734 ) ;
#636 = DIRECTION ( 'NONE',  ( 0.000000000000000000, 0.000000000000000000, -1.000000000000000000 ) ) ;
#637 = DIRECTION ( 'NONE',  ( 1.000000000000000000, 0.000000000000000000, 0.000000000000000000 ) ) ;
#638 = CARTESIAN_POINT ( 'NONE',  ( -47.00000000000008527, 43.99999999999990052, 0.5000000000000003331 ) ) ;
#639 = VECTOR ( 'NONE', #2570, 1000.000000000000000 ) ;
#640 = EDGE_CURVE ( 'NONE', #2319, #1324, #4860, .T. ) ;
#641 = PLANE ( 'NONE',  #3123 ) ;
#642 = ORIENTED_EDGE ( 'NONE', *, *, #2972, .T. ) ;
#643 = CARTESIAN_POINT ( 'NONE',  ( -2.000000000000001776, 6.000000000000023981, 7.000000000000000000 ) ) ;
#644 = LINE ( 'NONE', #4644, #2693 ) ;
#645 = CALENDAR_DATE ( 2023, 20, 1 ) ;
#646 = EDGE_LOOP ( 'NONE', ( #5471, #2960, #5345, #3668 ) ) ;
#647 = ADVANCED_FACE ( 'NONE', ( #1053 ), #4940, .F. ) ;
#648 = ORIENTED_EDGE ( 'NONE', *, *, #676, .T. ) ;
#649 = ADVANCED_FACE ( 'NONE', ( #3193 ), #1019, .F. ) ;
#650 = CARTESIAN_POINT ( 'NONE',  ( -106.6500000000000057, 54.00000000000000000, 0.000000000000000000 ) ) ;
#651 = DIRECTION ( 'NONE',  ( -0.000000000000000000, -0.000000000000000000, -1.000000000000000000 ) ) ;
#652 = ORIENTED_EDGE ( 'NONE', *, *, #352, .T. ) ;
#653 = EDGE_CURVE ( 'NONE', #4959, #3986, #2358, .T. ) ;
#654 = CARTESIAN_POINT ( 'NONE',  ( -112.8500000000000085, 4.000000000000022204, 7.000000000000000000 ) ) ;
#655 = DIRECTION ( 'NONE',  ( -0.000000000000000000, 0.000000000000000000, -1.000000000000000000 ) ) ;
#656 = ORIENTED_EDGE ( 'NONE', *, *, #5630, .T. ) ;
#657 = CARTESIAN_POINT ( 'NONE',  ( -112.8500000000000085, 4.000000000000022204, 7.000000000000000000 ) ) ;
#658 = CARTESIAN_POINT ( 'NONE',  ( -9.481541105139937315E-31, 49.70000000000003126, 3.499999999999999556 ) ) ;
#659 = VECTOR ( 'NONE', #5172, 1000.000000000000114 ) ;
#660 = ORIENTED_EDGE ( 'NONE', *, *, #2490, .F. ) ;
#661 = VERTEX_POINT ( 'NONE', #1893 ) ;
#662 = DIRECTION ( 'NONE',  ( 0.7071067811865378028, 1.348986320230049588E-32, 0.7071067811865573427 ) ) ;
#663 = CARTESIAN_POINT ( 'NONE',  ( -18.99999999999999645, 6.000000000000025757, 3.500000000000000000 ) ) ;
#664 = AXIS2_PLACEMENT_3D ( 'NONE', #5672, #4287, #3819 ) ;
#665 = DIRECTION ( 'NONE',  ( 0.000000000000000000, 0.000000000000000000, -1.000000000000000000 ) ) ;
#666 = CARTESIAN_POINT ( 'NONE',  ( -2.000000000000021760, 49.70000000000003126, 3.499999999999999556 ) ) ;
#667 = CARTESIAN_POINT ( 'NONE',  ( -2.000000000000021760, 48.00000000000002842, 3.499999999999999556 ) ) ;
#668 = VECTOR ( 'NONE', #5194, 1000.000000000000114 ) ;
#669 = CARTESIAN_POINT ( 'NONE',  ( -4.000000000000023093, 50.85000000000003695, 6.499999999999985789 ) ) ;
#670 = DIRECTION ( 'NONE',  ( 0.000000000000000000, 0.000000000000000000, 1.000000000000000000 ) ) ;
#671 = APPROVAL_STATUS ( 'not_yet_approved' ) ;
#672 = VERTEX_POINT ( 'NONE', #2774 ) ;
#673 = EDGE_CURVE ( 'NONE', #5098, #4456, #4150, .T. ) ;
#674 = LINE ( 'NONE', #2446, #2824 ) ;
#675 = CARTESIAN_POINT ( 'NONE',  ( -47.00000000000008527, 43.99999999999990052, 33.99999999999992895 ) ) ;
#676 = EDGE_CURVE ( 'NONE', #2734, #5357, #1429, .T. ) ;
#677 = AXIS2_PLACEMENT_3D ( 'NONE', #4415, #414, #2180 ) ;
#678 = ORIENTED_EDGE ( 'NONE', *, *, #4502, .F. ) ;
#679 = VERTEX_POINT ( 'NONE', #154 ) ;
#680 = CYLINDRICAL_SURFACE ( 'NONE', #5256, 1.699999999999999734 ) ;
#681 = CARTESIAN_POINT ( 'NONE',  ( -110.0000000000000000, 55.00000000000002842, 5.199999999999999289 ) ) ;
#682 = ORIENTED_EDGE ( 'NONE', *, *, #1410, .F. ) ;
#683 = LINE ( 'NONE', #2427, #5706 ) ;
#684 = VERTEX_POINT ( 'NONE', #5001 ) ;
#685 = ORIENTED_EDGE ( 'NONE', *, *, #2246, .T. ) ;
#686 = CARTESIAN_POINT ( 'NONE',  ( -53.00000000000015632, 31.99999999999990408, 40.00000000000000000 ) ) ;
#687 = DIRECTION ( 'NONE',  ( 1.000000000000000000, 0.000000000000000000, 0.000000000000000000 ) ) ;
#688 = EDGE_CURVE ( 'NONE', #5776, #4832, #990, .T. ) ;
#689 = FACE_OUTER_BOUND ( 'NONE', #4698, .T. ) ;
#690 = ORIENTED_EDGE ( 'NONE', *, *, #1841, .T. ) ;
#691 = CARTESIAN_POINT ( 'NONE',  ( -6.000000000000023981, 49.00000000000001421, 7.000000000000000000 ) ) ;
#692 = AXIS2_PLACEMENT_3D ( 'NONE', #1357, #5425, #4924 ) ;
#693 = VERTEX_POINT ( 'NONE', #4116 ) ;
#694 = DIRECTION ( 'NONE',  ( -0.000000000000000000, 0.000000000000000000, 1.000000000000000000 ) ) ;
#695 = FACE_OUTER_BOUND ( 'NONE', #4949, .T. ) ;
#696 = DIRECTION ( 'NONE',  ( 0.5773502691896231775, -0.5773502691896310601, -0.5773502691896230665 ) ) ;
#697 = VECTOR ( 'NONE', #1015, 1000.000000000000000 ) ;
#698 = VERTEX_POINT ( 'NONE', #3257 ) ;
#699 = VECTOR ( 'NONE', #1939, 1000.000000000000227 ) ;
#700 = FACE_BOUND ( 'NONE', #3603, .T. ) ;
#701 = ORIENTED_EDGE ( 'NONE', *, *, #4451, .T. ) ;
#702 = CARTESIAN_POINT ( 'NONE',  ( -112.9999999999999716, 45.99999999999990052, 43.00000000000000000 ) ) ;
#703 = ORIENTED_EDGE ( 'NONE', *, *, #3262, .F. ) ;
#704 = ADVANCED_FACE ( 'NONE', ( #2806 ), #1921, .T. ) ;
#705 = DIRECTION ( 'NONE',  ( 0.000000000000000000, -1.000000000000000000, 0.000000000000000000 ) ) ;
#706 = LINE ( 'NONE', #2047, #809 ) ;
#707 = ORIENTED_EDGE ( 'NONE', *, *, #4020, .T. ) ;
#708 = FACE_OUTER_BOUND ( 'NONE', #5248, .T. ) ;
#709 = ORIENTED_EDGE ( 'NONE', *, *, #4209, .T. ) ;
#710 = ORIENTED_EDGE ( 'NONE', *, *, #3516, .F. ) ;
#711 = ORIENTED_EDGE ( 'NONE', *, *, #615, .T. ) ;
#712 = EDGE_CURVE ( 'NONE', #5102, #1427, #3834, .T. ) ;
#713 = DIRECTION ( 'NONE',  ( 0.000000000000000000, 0.000000000000000000, 1.000000000000000000 ) ) ;
#714 = CARTESIAN_POINT ( 'NONE',  ( -107.1499999999999915, 2.000000000000021760, 7.500000000000000888 ) ) ;
#715 = DIRECTION ( 'NONE',  ( 0.000000000000000000, 0.000000000000000000, -1.000000000000000000 ) ) ;
#716 = FACE_OUTER_BOUND ( 'NONE', #3517, .T. ) ;
#717 = LINE ( 'NONE', #3793, #3471 ) ;
#718 = ADVANCED_FACE ( 'NONE', ( #1177 ), #5212, .F. ) ;
#719 = CIRCLE ( 'NONE', #992, 1.699999999999998845 ) ;
#720 = LINE ( 'NONE', #1135, #4032 ) ;
#721 = CYLINDRICAL_SURFACE ( 'NONE', #2178, 1.700000000000000178 ) ;
#722 = DIRECTION ( 'NONE',  ( -0.7071067811865573427, -0.7071067811865376918, 0.000000000000000000 ) ) ;
#723 = ORIENTED_EDGE ( 'NONE', *, *, #2061, .F. ) ;
#724 = ORIENTED_EDGE ( 'NONE', *, *, #1790, .F. ) ;
#725 = DIRECTION ( 'NONE',  ( 0.5773502691896197359, -0.5773502691896208461, 0.5773502691896368333 ) ) ;
#726 = ORIENTED_EDGE ( 'NONE', *, *, #4130, .F. ) ;
#727 = CARTESIAN_POINT ( 'NONE',  ( -24.85000000000000142, 6.000000000000023981, 6.500000000000013323 ) ) ;
#728 = ORIENTED_EDGE ( 'NONE', *, *, #2567, .F. ) ;
#729 = ORIENTED_EDGE ( 'NONE', *, *, #2304, .F. ) ;
#730 = CARTESIAN_POINT ( 'NONE',  ( -113.4999999999999574, 6.000000000000023981, 7.000000000000000000 ) ) ;
#731 = VECTOR ( 'NONE', #110, 1000.000000000000000 ) ;
#732 = DIRECTION ( 'NONE',  ( 1.000000000000000000, 1.521687259628775549E-16, -0.000000000000000000 ) ) ;
#733 = VERTEX_POINT ( 'NONE', #3776 ) ;
#734 = CARTESIAN_POINT ( 'NONE',  ( -123.0000000000000142, 7.500000000000013323, 0.000000000000000000 ) ) ;
#735 = ADVANCED_FACE ( 'NONE', ( #3354 ), #5123, .T. ) ;
#736 = VERTEX_POINT ( 'NONE', #2013 ) ;
#737 = CARTESIAN_POINT ( 'NONE',  ( -119.5000000000000142, 54.00000000000000711, 0.000000000000000000 ) ) ;
#738 = VERTEX_POINT ( 'NONE', #5597 ) ;
#739 = CARTESIAN_POINT ( 'NONE',  ( -49.00000000000007105, 38.99999999999990052, 40.00000000000000000 ) ) ;
#740 = EDGE_CURVE ( 'NONE', #2928, #3792, #1854, .T. ) ;
#741 = LINE ( 'NONE', #1220, #983 ) ;
#742 = VECTOR ( 'NONE', #3960, 1000.000000000000000 ) ;
#743 = CARTESIAN_POINT ( 'NONE',  ( -123.5000000000000000, 8.000000000000000000, 7.000000000000000000 ) ) ;
#744 = ADVANCED_FACE ( 'NONE', ( #3218 ), #3424, .F. ) ;
#745 = DIRECTION ( 'NONE',  ( 0.000000000000000000, 0.000000000000000000, 1.000000000000000000 ) ) ;
#746 = VECTOR ( 'NONE', #5448, 1000.000000000000114 ) ;
#747 = DIRECTION ( 'NONE',  ( 0.7071067811865378028, -0.7071067811865573427, -0.000000000000000000 ) ) ;
#748 = CARTESIAN_POINT ( 'NONE',  ( -112.9999999999999716, 45.99999999999990052, 1.500000000000000444 ) ) ;
#749 = DIRECTION ( 'NONE',  ( 1.000000000000000000, -0.000000000000000000, -0.000000000000000000 ) ) ;
#750 = ORIENTED_EDGE ( 'NONE', *, *, #1741, .F. ) ;
#751 = VECTOR ( 'NONE', #3223, 1000.000000000000000 ) ;
#752 = VECTOR ( 'NONE', #157, 1000.000000000000000 ) ;
#753 = ORIENTED_EDGE ( 'NONE', *, *, #5267, .T. ) ;
#754 = CARTESIAN_POINT ( 'NONE',  ( -110.0000000000000000, 2.000000000000022649, 3.500000000000000000 ) ) ;
#755 = ORIENTED_EDGE ( 'NONE', *, *, #104, .F. ) ;
#756 = CIRCLE ( 'NONE', #1504, 1.700000000000000178 ) ;
#757 = CARTESIAN_POINT ( 'NONE',  ( -4.000000000000023093, 50.85000000000003695, 6.499999999999985789 ) ) ;
#758 = ADVANCED_FACE ( 'NONE', ( #3880 ), #2950, .T. ) ;
#759 = VECTOR ( 'NONE', #1238, 1000.000000000000000 ) ;
#760 = EDGE_LOOP ( 'NONE', ( #2534, #1648, #3417, #4722, #4710, #2598, #335, #859, #3023, #3368 ) ) ;
#761 = ORIENTED_EDGE ( 'NONE', *, *, #1673, .F. ) ;
#762 = DIRECTION ( 'NONE',  ( 0.000000000000000000, -1.000000000000000000, 0.000000000000000000 ) ) ;
#763 = CARTESIAN_POINT ( 'NONE',  ( -45.50000000000007105, 0.000000000000000000, 7.499999999999985789 ) ) ;
#764 = ORIENTED_EDGE ( 'NONE', *, *, #5220, .T. ) ;
#765 = DIRECTION ( 'NONE',  ( -1.000000000000000000, 0.000000000000000000, 0.000000000000000000 ) ) ;
#766 = ORIENTED_EDGE ( 'NONE', *, *, #3677, .T. ) ;
#767 = ORIENTED_EDGE ( 'NONE', *, *, #3740, .F. ) ;
#768 = ORIENTED_EDGE ( 'NONE', *, *, #4596, .T. ) ;
#769 = EDGE_CURVE ( 'NONE', #2269, #5211, #1657, .T. ) ;
#770 = CARTESIAN_POINT ( 'NONE',  ( -120.0000000000000000, 5.000000000000000000, 6.500000000000013323 ) ) ;
#771 = AXIS2_PLACEMENT_3D ( 'NONE', #1142, #2927, #3403 ) ;
#772 = DIRECTION ( 'NONE',  ( 0.7071067811865378028, 0.7071067811865573427, -0.000000000000000000 ) ) ;
#773 = DIRECTION ( 'NONE',  ( -1.907754749525136787E-32, 1.000000000000000000, 0.000000000000000000 ) ) ;
#774 = EDGE_CURVE ( 'NONE', #420, #1172, #1629, .T. ) ;
#775 = CARTESIAN_POINT ( 'NONE',  ( -119.0000000000000000, 54.00000000000000000, 7.000000000000000000 ) ) ;
#776 = CARTESIAN_POINT ( 'NONE',  ( -45.00000000000007816, 0.5000000000000004441, 7.499999999999985789 ) ) ;
#777 = PLANE ( 'NONE',  #5610 ) ;
#778 = EDGE_LOOP ( 'NONE', ( #3525, #19, #4916, #897 ) ) ;
#779 = AXIS2_PLACEMENT_3D ( 'NONE', #1537, #1097, #4664 ) ;
#780 = EDGE_CURVE ( 'NONE', #510, #248, #1972, .T. ) ;
#781 = CARTESIAN_POINT ( 'NONE',  ( -123.5000000000000000, 8.000000000000000000, 6.500000000000013323 ) ) ;
#782 = ORIENTED_EDGE ( 'NONE', *, *, #3406, .T. ) ;
#783 = VECTOR ( 'NONE', #3909, 1000.000000000000114 ) ;
#784 = DIRECTION ( 'NONE',  ( 0.000000000000000000, 0.000000000000000000, -1.000000000000000000 ) ) ;
#785 = ORIENTED_EDGE ( 'NONE', *, *, #1614, .F. ) ;
#786 = AXIS2_PLACEMENT_3D ( 'NONE', #1606, #4732, #5201 ) ;
#787 = ORIENTED_EDGE ( 'NONE', *, *, #1491, .F. ) ;
#788 = EDGE_CURVE ( 'NONE', #4969, #3000, #3339, .T. ) ;
#789 = LINE ( 'NONE', #5660, #4212 ) ;
#790 = DIRECTION ( 'NONE',  ( 1.907754749525137334E-32, -1.000000000000000000, 0.000000000000000000 ) ) ;
#791 = DIRECTION ( 'NONE',  ( -1.000000000000000000, -1.907754749525137334E-32, 0.000000000000000000 ) ) ;
#792 = EDGE_LOOP ( 'NONE', ( #194, #1822, #1115, #2864 ) ) ;
#793 = LINE ( 'NONE', #5715, #295 ) ;
#794 = ORIENTED_EDGE ( 'NONE', *, *, #1544, .T. ) ;
#795 = EDGE_LOOP ( 'NONE', ( #537, #3579, #5348, #4091 ) ) ;
#796 = DIRECTION ( 'NONE',  ( 0.000000000000000000, -1.000000000000000000, 0.000000000000000000 ) ) ;
#797 = ORIENTED_EDGE ( 'NONE', *, *, #5585, .F. ) ;
#798 = DIRECTION ( 'NONE',  ( 1.000000000000000000, 0.000000000000000000, 0.000000000000000000 ) ) ;
#799 = CARTESIAN_POINT ( 'NONE',  ( -24.85000000000000142, 49.00000000000001421, 7.000000000000000000 ) ) ;
#800 = CARTESIAN_POINT ( 'NONE',  ( -105.5000000000000000, 41.84999999999990195, 43.00000000000000000 ) ) ;
#801 = CARTESIAN_POINT ( 'NONE',  ( -104.9999999999999858, 42.34999999999993037, 43.00000000000000000 ) ) ;
#802 = EDGE_CURVE ( 'NONE', #178, #3795, #4668, .T. ) ;
#803 = LINE ( 'NONE', #2583, #4763 ) ;
#804 = CARTESIAN_POINT ( 'NONE',  ( -112.8500000000000085, 2.000000000000020872, 6.500000000000013323 ) ) ;
#805 = CARTESIAN_POINT ( 'NONE',  ( -112.9999999999999716, 0.4999999999999866773, 47.50000000000002842 ) ) ;
#806 = LINE ( 'NONE', #1308, #883 ) ;
#807 = VERTEX_POINT ( 'NONE', #2921 ) ;
#808 = EDGE_CURVE ( 'NONE', #733, #3184, #4729, .T. ) ;
#809 = VECTOR ( 'NONE', #3357, 1000.000000000000000 ) ;
#810 = LINE ( 'NONE', #1688, #4503 ) ;
#811 = ORIENTED_EDGE ( 'NONE', *, *, #4457, .T. ) ;
#812 = CARTESIAN_POINT ( 'NONE',  ( -119.0000000000000000, 5.500000000000039968, 0.000000000000000000 ) ) ;
#813 = EDGE_CURVE ( 'NONE', #1528, #4276, #1161, .T. ) ;
#814 = EDGE_CURVE ( 'NONE', #1643, #3215, #717, .T. ) ;
#815 = CARTESIAN_POINT ( 'NONE',  ( -112.8500000000000085, 2.000000000000020872, 47.50000000000001421 ) ) ;
#816 = CARTESIAN_POINT ( 'NONE',  ( -4.500000000000031974, 51.35000000000005116, 7.000000000000000000 ) ) ;
#817 = LINE ( 'NONE', #4418, #5213 ) ;
#818 = ORIENTED_EDGE ( 'NONE', *, *, #5564, .F. ) ;
#819 = LINE ( 'NONE', #1750, #5423 ) ;
#820 = LOCAL_TIME ( 14, 34, 24.00000000000000000, #1045 ) ;
#821 = ORIENTED_EDGE ( 'NONE', *, *, #1380, .T. ) ;
#822 = ADVANCED_FACE ( 'NONE', ( #2977, #5139, #2470, #1133, #4256, #2498 ), #2032, .F. ) ;
#823 = ORIENTED_EDGE ( 'NONE', *, *, #5255, .F. ) ;
#824 = FACE_OUTER_BOUND ( 'NONE', #3381, .T. ) ;
#825 = ORIENTED_EDGE ( 'NONE', *, *, #1848, .F. ) ;
#826 = CARTESIAN_POINT ( 'NONE',  ( -112.4999999999999716, 0.000000000000000000, 47.00000000000001421 ) ) ;
#827 = CARTESIAN_POINT ( 'NONE',  ( -2.000000000000021760, 45.15000000000001990, 0.5000000000000143219 ) ) ;
#828 = CARTESIAN_POINT ( 'NONE',  ( -45.00000000000007816, 35.64999999999993463, 43.00000000000000000 ) ) ;
#829 = DIRECTION ( 'NONE',  ( -0.000000000000000000, 0.000000000000000000, -1.000000000000000000 ) ) ;
#830 = FACE_OUTER_BOUND ( 'NONE', #4469, .T. ) ;
#831 = EDGE_CURVE ( 'NONE', #4969, #4615, #931, .T. ) ;
#832 = LINE ( 'NONE', #402, #4582 ) ;
#833 = VECTOR ( 'NONE', #4345, 1000.000000000000000 ) ;
#834 = CARTESIAN_POINT ( 'NONE',  ( -45.50000000000007105, 36.14999999999990621, 43.00000000000000000 ) ) ;
#835 = VECTOR ( 'NONE', #4870, 1000.000000000000114 ) ;
#836 = CARTESIAN_POINT ( 'NONE',  ( -45.50000000000007105, 41.84999999999990195, 45.00000000000000000 ) ) ;
#837 = DIRECTION ( 'NONE',  ( -0.7071067811865524577, -0.000000000000000000, -0.7071067811865425767 ) ) ;
#838 = VERTEX_POINT ( 'NONE', #5257 ) ;
#839 = CIRCLE ( 'NONE', #1768, 1.700000000000000178 ) ;
#840 = DIRECTION ( 'NONE',  ( 0.5773502691896363892, 0.5773502691896204020, -0.5773502691896206240 ) ) ;
#841 = ORIENTED_EDGE ( 'NONE', *, *, #1950, .F. ) ;
#842 = DIRECTION ( 'NONE',  ( -0.7071067811865573427, 0.7071067811865378028, 0.000000000000000000 ) ) ;
#843 = ADVANCED_FACE ( 'NONE', ( #1733 ), #4371, .F. ) ;
#844 = AXIS2_PLACEMENT_3D ( 'NONE', #3443, #2652, #1727 ) ;
#845 = CIRCLE ( 'NONE', #3836, 1.699999999999998845 ) ;
#846 = ORIENTED_EDGE ( 'NONE', *, *, #2674, .T. ) ;
#847 = VECTOR ( 'NONE', #3336, 1000.000000000000000 ) ;
#848 = VECTOR ( 'NONE', #5065, 1000.000000000000000 ) ;
#849 = PLANE ( 'NONE',  #677 ) ;
#850 = CARTESIAN_POINT ( 'NONE',  ( -18.99999999999999645, 4.000000000000017764, 3.500000000000000000 ) ) ;
#851 = ADVANCED_FACE ( 'NONE', ( #864 ), #4205, .T. ) ;
#852 = DIRECTION ( 'NONE',  ( 0.000000000000000000, 1.000000000000000000, 0.000000000000000000 ) ) ;
#853 = ORIENTED_EDGE ( 'NONE', *, *, #5508, .F. ) ;
#854 = VECTOR ( 'NONE', #284, 1000.000000000000114 ) ;
#855 = FACE_OUTER_BOUND ( 'NONE', #2571, .T. ) ;
#856 = ORIENTED_EDGE ( 'NONE', *, *, #1348, .T. ) ;
#857 = VERTEX_POINT ( 'NONE', #3094 ) ;
#858 = CARTESIAN_POINT ( 'NONE',  ( -24.85000000000000142, 53.00000000000004263, 7.000000000000000000 ) ) ;
#859 = ORIENTED_EDGE ( 'NONE', *, *, #4902, .T. ) ;
#860 = EDGE_CURVE ( 'NONE', #4135, #3456, #2662, .T. ) ;
#861 = CARTESIAN_POINT ( 'NONE',  ( -49.00000000000007105, 38.99999999999990052, 43.00000000000000000 ) ) ;
#862 = CARTESIAN_POINT ( 'NONE',  ( -24.85000000000000142, 49.00000000000001421, 6.500000000000013323 ) ) ;
#863 = DIRECTION ( 'NONE',  ( 0.000000000000000000, 1.000000000000000000, -0.000000000000000000 ) ) ;
#864 = FACE_OUTER_BOUND ( 'NONE', #1243, .T. ) ;
#865 = DIRECTION ( 'NONE',  ( -1.000000000000000000, 0.000000000000000000, 0.000000000000000000 ) ) ;
#866 = LINE ( 'NONE', #2611, #4622 ) ;
#867 = CARTESIAN_POINT ( 'NONE',  ( -21.85000000000000142, 51.00000000000000711, 0.5000000000000281997 ) ) ;
#868 = EDGE_LOOP ( 'NONE', ( #2745, #4340, #1237, #2037 ) ) ;
#869 = FACE_OUTER_BOUND ( 'NONE', #4408, .T. ) ;
#870 = ORIENTED_EDGE ( 'NONE', *, *, #5435, .F. ) ;
#871 = DIRECTION ( 'NONE',  ( 1.000000000000000000, 1.907754749525137334E-32, 0.000000000000000000 ) ) ;
#872 = AXIS2_PLACEMENT_3D ( 'NONE', #2258, #978, #4042 ) ;
#873 = VECTOR ( 'NONE', #5490, 1000.000000000000000 ) ;
#874 = DIRECTION ( 'NONE',  ( 1.000000000000000000, 1.749300984178293063E-16, -0.000000000000000000 ) ) ;
#875 = DIRECTION ( 'NONE',  ( 0.000000000000000000, 1.000000000000000000, 0.000000000000000000 ) ) ;
#876 = FACE_OUTER_BOUND ( 'NONE', #957, .T. ) ;
#877 = VECTOR ( 'NONE', #875, 1000.000000000000000 ) ;
#878 = DIRECTION ( 'NONE',  ( 0.000000000000000000, 0.000000000000000000, 1.000000000000000000 ) ) ;
#879 = EDGE_LOOP ( 'NONE', ( #632, #1204, #894, #3134 ) ) ;
#880 = VERTEX_POINT ( 'NONE', #5696 ) ;
#881 = ADVANCED_FACE ( 'NONE', ( #4922, #1331 ), #4455, .T. ) ;
#882 = EDGE_LOOP ( 'NONE', ( #5563, #4158, #5555, #2784 ) ) ;
#883 = VECTOR ( 'NONE', #2198, 1000.000000000000000 ) ;
#884 = CARTESIAN_POINT ( 'NONE',  ( -107.6499999999999773, 1.500000000000037748, 0.000000000000000000 ) ) ;
#885 = CARTESIAN_POINT ( 'NONE',  ( -15.64999999999997016, 1.500000000000003109, 7.000000000000000000 ) ) ;
#886 = EDGE_CURVE ( 'NONE', #5357, #4959, #2636, .T. ) ;
#887 = PLANE ( 'NONE',  #5041 ) ;
#888 = CARTESIAN_POINT ( 'NONE',  ( -16.81666666666662380, 51.66666666666662167, 1.166666666666670071 ) ) ;
#889 = DIRECTION ( 'NONE',  ( 0.000000000000000000, 0.000000000000000000, -1.000000000000000000 ) ) ;
#890 = ORIENTED_EDGE ( 'NONE', *, *, #886, .F. ) ;
#891 = EDGE_CURVE ( 'NONE', #2269, #693, #1791, .T. ) ;
#892 = DIRECTION ( 'NONE',  ( 0.000000000000000000, -0.7071067811865385799, -0.7071067811865564545 ) ) ;
#893 = DIRECTION ( 'NONE',  ( 1.000000000000000000, 1.907754749525137334E-32, -0.000000000000000000 ) ) ;
#894 = ORIENTED_EDGE ( 'NONE', *, *, #5581, .F. ) ;
#895 = EDGE_CURVE ( 'NONE', #2158, #178, #2193, .T. ) ;
#896 = LINE ( 'NONE', #2670, #4127 ) ;
#897 = ORIENTED_EDGE ( 'NONE', *, *, #5435, .T. ) ;
#898 = LINE ( 'NONE', #4466, #967 ) ;
#899 = ORIENTED_EDGE ( 'NONE', *, *, #3920, .F. ) ;
#900 = CARTESIAN_POINT ( 'NONE',  ( -110.0000000000000000, 55.00000000000002842, 1.800000000000001155 ) ) ;
#901 = DIRECTION ( 'NONE',  ( 1.266221515311539036E-16, 1.000000000000000000, 0.000000000000000000 ) ) ;
#902 =( NAMED_UNIT ( * ) SI_UNIT ( $, .STERADIAN. ) SOLID_ANGLE_UNIT ( ) );
#903 = PLANE ( 'NONE',  #2046 ) ;
#904 = PLANE ( 'NONE',  #4100 ) ;
#905 = ORIENTED_EDGE ( 'NONE', *, *, #4897, .F. ) ;
#906 = CC_DESIGN_APPROVAL ( #211, ( #4160 ) ) ;
#907 = ORIENTED_EDGE ( 'NONE', *, *, #1232, .F. ) ;
#908 = LINE ( 'NONE', #5747, #2051 ) ;
#909 = ORIENTED_EDGE ( 'NONE', *, *, #4496, .T. ) ;
#910 = LINE ( 'NONE', #4943, #5524 ) ;
#911 = CC_DESIGN_APPROVAL ( #4777, ( #2772 ) ) ;
#912 = FACE_OUTER_BOUND ( 'NONE', #503, .T. ) ;
#913 = EDGE_CURVE ( 'NONE', #1383, #997, #1354, .T. ) ;
#914 = LINE ( 'NONE', #2274, #5322 ) ;
#915 = CARTESIAN_POINT ( 'NONE',  ( -45.00000000000007816, 45.99999999999990052, 43.00000000000000000 ) ) ;
#916 = LINE ( 'NONE', #3505, #1129 ) ;
#917 = ORIENTED_EDGE ( 'NONE', *, *, #4431, .F. ) ;
#918 = EDGE_CURVE ( 'NONE', #1154, #4682, #3558, .T. ) ;
#919 = LINE ( 'NONE', #1404, #4140 ) ;
#920 = CARTESIAN_POINT ( 'NONE',  ( -53.00000000000015632, 43.99999999999990052, 40.00000000000000000 ) ) ;
#921 = EDGE_CURVE ( 'NONE', #5297, #4566, #4677, .T. ) ;
#922 = VERTEX_POINT ( 'NONE', #1679 ) ;
#923 = DIRECTION ( 'NONE',  ( -1.000000000000000000, 0.000000000000000000, 0.000000000000000000 ) ) ;
#924 = ORIENTED_EDGE ( 'NONE', *, *, #5293, .T. ) ;
#925 = CARTESIAN_POINT ( 'NONE',  ( -18.99999999999999645, 51.00000000000000711, 3.500000000000000000 ) ) ;
#926 = EDGE_CURVE ( 'NONE', #2872, #5028, #4007, .T. ) ;
#927 = LINE ( 'NONE', #3213, #3464 ) ;
#928 = AXIS2_PLACEMENT_3D ( 'NONE', #2502, #4263, #2890 ) ;
#929 = ORIENTED_EDGE ( 'NONE', *, *, #5718, .F. ) ;
#930 = CARTESIAN_POINT ( 'NONE',  ( -47.50000000000007105, 1.500000000000047518, 0.000000000000000000 ) ) ;
#931 = CIRCLE ( 'NONE', #2231, 1.700000000000000178 ) ;
#932 = CARTESIAN_POINT ( 'NONE',  ( -6.000000000000023981, 42.15000000000001990, 6.500000000000013323 ) ) ;
#933 = EDGE_CURVE ( 'NONE', #5529, #4311, #916, .T. ) ;
#934 = SECURITY_CLASSIFICATION_LEVEL ( 'unclassified' ) ;
#935 = AXIS2_PLACEMENT_3D ( 'NONE', #2184, #878, #5664 ) ;
#936 = ORIENTED_EDGE ( 'NONE', *, *, #5196, .F. ) ;
#937 = CIRCLE ( 'NONE', #5626, 1.699999999999999734 ) ;
#938 = EDGE_LOOP ( 'NONE', ( #2377, #841, #4233, #755 ) ) ;
#939 = DIRECTION ( 'NONE',  ( 1.000000000000000000, 0.000000000000000000, 0.000000000000000000 ) ) ;
#940 = ORIENTED_EDGE ( 'NONE', *, *, #3613, .T. ) ;
#941 = CARTESIAN_POINT ( 'NONE',  ( -112.9999999999999716, 42.34999999999988773, 48.00000000000000000 ) ) ;
#942 = DIRECTION ( 'NONE',  ( -0.7071067811865376918, -0.7071067811865573427, 0.000000000000000000 ) ) ;
#943 = CARTESIAN_POINT ( 'NONE',  ( -122.1666666666666430, 7.333333333333345472, -0.1666666666666728192 ) ) ;
#944 = CARTESIAN_POINT ( 'NONE',  ( -24.85000000000000142, 6.000000000000023981, 7.000000000000000000 ) ) ;
#945 = ORIENTED_EDGE ( 'NONE', *, *, #1707, .F. ) ;
#946 = AXIS2_PLACEMENT_3D ( 'NONE', #1432, #2296, #3778 ) ;
#947 = ADVANCED_FACE ( 'NONE', ( #4346 ), #344, .F. ) ;
#948 = LINE ( 'NONE', #135, #2355 ) ;
#949 = LINE ( 'NONE', #975, #1823 ) ;
#950 = AXIS2_PLACEMENT_3D ( 'NONE', #271, #1318, #874 ) ;
#951 = DIRECTION ( 'NONE',  ( -1.000000000000000000, -1.749300984178293063E-16, 0.000000000000000000 ) ) ;
#952 = ORIENTED_EDGE ( 'NONE', *, *, #926, .T. ) ;
#953 = EDGE_CURVE ( 'NONE', #3263, #2368, #3035, .T. ) ;
#954 = DIRECTION ( 'NONE',  ( 0.000000000000000000, -1.000000000000000000, 0.000000000000000000 ) ) ;
#955 = ORIENTED_EDGE ( 'NONE', *, *, #3437, .T. ) ;
#956 = DIRECTION ( 'NONE',  ( 1.000000000000000000, 0.000000000000000000, -0.000000000000000000 ) ) ;
#957 = EDGE_LOOP ( 'NONE', ( #5604, #5161, #4375, #4495 ) ) ;
#958 = AXIS2_PLACEMENT_3D ( 'NONE', #2009, #3828, #1171 ) ;
#959 = ORIENTED_EDGE ( 'NONE', *, *, #4325, .F. ) ;
#960 = EDGE_CURVE ( 'NONE', #2933, #4053, #4837, .T. ) ;
#961 = DIRECTION ( 'NONE',  ( 0.000000000000000000, -1.000000000000000000, 0.000000000000000000 ) ) ;
#962 = DIRECTION ( 'NONE',  ( 0.5773502691896108541, 0.5773502691896252870, 0.5773502691896412742 ) ) ;
#963 = AXIS2_PLACEMENT_3D ( 'NONE', #3544, #4965, #1391 ) ;
#964 = ORIENTED_EDGE ( 'NONE', *, *, #2143, .T. ) ;
#965 = EDGE_CURVE ( 'NONE', #4588, #3195, #832, .T. ) ;
#966 = ORIENTED_EDGE ( 'NONE', *, *, #2133, .F. ) ;
#967 = VECTOR ( 'NONE', #4877, 999.9999999999998863 ) ;
#968 = LINE ( 'NONE', #4152, #5335 ) ;
#969 = CARTESIAN_POINT ( 'NONE',  ( -119.0000000000000000, 51.35000000000005116, 0.000000000000000000 ) ) ;
#970 = ORIENTED_EDGE ( 'NONE', *, *, #1012, .T. ) ;
#971 = DIRECTION ( 'NONE',  ( 0.000000000000000000, 0.000000000000000000, -1.000000000000000000 ) ) ;
#972 = LINE ( 'NONE', #1531, #3377 ) ;
#973 = EDGE_LOOP ( 'NONE', ( #5278, #818 ) ) ;
#974 = CARTESIAN_POINT ( 'NONE',  ( -110.0000000000000000, 55.00000000000002842, 1.800000000000001155 ) ) ;
#975 = CARTESIAN_POINT ( 'NONE',  ( 0.000000000000000000, 0.000000000000000000, 6.500000000000013323 ) ) ;
#976 = LINE ( 'NONE', #3701, #1235 ) ;
#977 = VERTEX_POINT ( 'NONE', #4090 ) ;
#978 = DIRECTION ( 'NONE',  ( 0.000000000000000000, 0.000000000000000000, 1.000000000000000000 ) ) ;
#979 = EDGE_LOOP ( 'NONE', ( #2680, #3362, #5464, #1532 ) ) ;
#980 = DIRECTION ( 'NONE',  ( -0.5773502691896408301, 0.5773502691896262862, 0.5773502691896101879 ) ) ;
#981 = EDGE_LOOP ( 'NONE', ( #4623, #1447, #5417, #3313 ) ) ;
#982 = EDGE_CURVE ( 'NONE', #5783, #4969, #5149, .T. ) ;
#983 = VECTOR ( 'NONE', #199, 1000.000000000000000 ) ;
#984 = DIRECTION ( 'NONE',  ( -1.000000000000000000, -1.750036293545329014E-16, 0.000000000000000000 ) ) ;
#985 = EDGE_CURVE ( 'NONE', #2815, #72, #3269, .T. ) ;
#986 = LINE ( 'NONE', #1083, #609 ) ;
#987 = EDGE_CURVE ( 'NONE', #2017, #1057, #16, .T. ) ;
#988 = EDGE_LOOP ( 'NONE', ( #353, #1749, #557, #1513 ) ) ;
#989 = ORIENTED_EDGE ( 'NONE', *, *, #891, .F. ) ;
#990 = LINE ( 'NONE', #4560, #4299 ) ;
#991 = ORIENTED_EDGE ( 'NONE', *, *, #1467, .T. ) ;
#992 = AXIS2_PLACEMENT_3D ( 'NONE', #98, #2780, #5484 ) ;
#993 = CARTESIAN_POINT ( 'NONE',  ( -45.00000000000007816, 45.99999999999990052, 1.500000000000000444 ) ) ;
#994 = DIRECTION ( 'NONE',  ( 0.000000000000000000, 0.000000000000000000, 1.000000000000000000 ) ) ;
#995 = LINE ( 'NONE', #595, #1922 ) ;
#996 = EDGE_CURVE ( 'NONE', #3949, #3977, #1393, .T. ) ;
#997 = VERTEX_POINT ( 'NONE', #1098 ) ;
#998 = FACE_OUTER_BOUND ( 'NONE', #3389, .T. ) ;
#999 = CARTESIAN_POINT ( 'NONE',  ( -47.50000000000007105, 2.000000000000030642, 47.50000000000001421 ) ) ;
#1000 = ORIENTED_EDGE ( 'NONE', *, *, #3816, .T. ) ;
#1001 = CARTESIAN_POINT ( 'NONE',  ( -2.000000000000001776, 6.000000000000023981, 7.000000000000000000 ) ) ;
#1002 = CARTESIAN_POINT ( 'NONE',  ( -47.30000000000006821, 38.99999999999990052, 46.00000000000000000 ) ) ;
#1003 = LINE ( 'NONE', #2789, #4775 ) ;
#1004 = VERTEX_POINT ( 'NONE', #1471 ) ;
#1005 = PERSON ( 'UNSPECIFIED', 'UNSPECIFIED', 'UNSPECIFIED', ('UNSPECIFIED'), ('UNSPECIFIED'), ('UNSPECIFIED') ) ;
#1006 = CARTESIAN_POINT ( 'NONE',  ( -119.0000000000000000, 55.00000000000000711, 7.000000000000000000 ) ) ;
#1007 = ORIENTED_EDGE ( 'NONE', *, *, #1254, .T. ) ;
#1008 = VECTOR ( 'NONE', #3504, 1000.000000000000000 ) ;
#1009 = DIRECTION ( 'NONE',  ( -0.000000000000000000, -0.000000000000000000, -1.000000000000000000 ) ) ;
#1010 = ORIENTED_EDGE ( 'NONE', *, *, #5655, .T. ) ;
#1011 = VERTEX_POINT ( 'NONE', #2881 ) ;
#1012 = EDGE_CURVE ( 'NONE', #4070, #3498, #1134, .T. ) ;
#1013 = DIRECTION ( 'NONE',  ( -0.000000000000000000, 1.000000000000000000, 0.000000000000000000 ) ) ;
#1014 = ORIENTED_EDGE ( 'NONE', *, *, #3755, .T. ) ;
#1015 = DIRECTION ( 'NONE',  ( 0.7071067811865573427, 0.000000000000000000, 0.7071067811865378028 ) ) ;
#1016 = VECTOR ( 'NONE', #1228, 1000.000000000000000 ) ;
#1017 = PLANE ( 'NONE',  #4950 ) ;
#1018 = ORIENTED_EDGE ( 'NONE', *, *, #4616, .T. ) ;
#1019 = PLANE ( 'NONE',  #4391 ) ;
#1020 = AXIS2_PLACEMENT_3D ( 'NONE', #258, #5614, #1543 ) ;
#1021 = EDGE_CURVE ( 'NONE', #1693, #4027, #3672, .T. ) ;
#1022 = FACE_OUTER_BOUND ( 'NONE', #1093, .T. ) ;
#1023 = DIRECTION ( 'NONE',  ( 0.000000000000000000, 0.000000000000000000, -1.000000000000000000 ) ) ;
#1024 = DIRECTION ( 'NONE',  ( -0.7071067811865364705, -0.7071067811865584529, 0.000000000000000000 ) ) ;
#1025 = EDGE_LOOP ( 'NONE', ( #597, #2655 ) ) ;
#1026 = CARTESIAN_POINT ( 'NONE',  ( 0.000000000000000000, 0.000000000000000000, 0.5000000000000004441 ) ) ;
#1027 = AXIS2_PLACEMENT_3D ( 'NONE', #4367, #3450, #366 ) ;
#1028 = DIRECTION ( 'NONE',  ( -0.7071067811865584529, 0.7071067811865364705, 0.000000000000000000 ) ) ;
#1029 = ORIENTED_EDGE ( 'NONE', *, *, #5666, .F. ) ;
#1030 = VERTEX_POINT ( 'NONE', #604 ) ;
#1031 = EDGE_CURVE ( 'NONE', #2319, #4249, #166, .T. ) ;
#1032 = VECTOR ( 'NONE', #4733, 1000.000000000000000 ) ;
#1033 = DIRECTION ( 'NONE',  ( 0.000000000000000000, 0.000000000000000000, -1.000000000000000000 ) ) ;
#1034 = DIRECTION ( 'NONE',  ( 0.000000000000000000, 0.000000000000000000, 1.000000000000000000 ) ) ;
#1035 = PLANE ( 'NONE',  #1542 ) ;
#1036 = DIRECTION ( 'NONE',  ( 0.7071067811865475727, 0.000000000000000000, 0.7071067811865475727 ) ) ;
#1037 = ORIENTED_EDGE ( 'NONE', *, *, #322, .T. ) ;
#1038 = EDGE_CURVE ( 'NONE', #1850, #4734, #1904, .T. ) ;
#1039 = FACE_OUTER_BOUND ( 'NONE', #14, .T. ) ;
#1040 = ORIENTED_EDGE ( 'NONE', *, *, #4762, .F. ) ;
#1041 = VECTOR ( 'NONE', #2415, 1000.000000000000000 ) ;
#1042 = DIRECTION ( 'NONE',  ( -1.000000000000000000, 0.000000000000000000, 0.000000000000000000 ) ) ;
#1043 = LINE ( 'NONE', #614, #3962 ) ;
#1044 = LINE ( 'NONE', #4612, #4089 ) ;
#1045 = COORDINATED_UNIVERSAL_TIME_OFFSET ( 1, 0, .AHEAD. ) ;
#1046 = ORIENTED_EDGE ( 'NONE', *, *, #3406, .F. ) ;
#1047 = VERTEX_POINT ( 'NONE', #280 ) ;
#1048 = CARTESIAN_POINT ( 'NONE',  ( -117.0000000000000000, 53.00000000000002842, 1.500000000000000444 ) ) ;
#1049 = VERTEX_POINT ( 'NONE', #3876 ) ;
#1050 = CARTESIAN_POINT ( 'NONE',  ( -2.000000000000000000, 42.15000000000001990, 6.500000000000013323 ) ) ;
#1051 = ORIENTED_EDGE ( 'NONE', *, *, #1145, .T. ) ;
#1052 = VERTEX_POINT ( 'NONE', #1624 ) ;
#1053 = FACE_OUTER_BOUND ( 'NONE', #3605, .T. ) ;
#1054 = CARTESIAN_POINT ( 'NONE',  ( -45.50000000000007105, 0.000000000000000000, 7.000000000000000000 ) ) ;
#1055 = CARTESIAN_POINT ( 'NONE',  ( -21.84999999999999432, 4.500000000000032863, 0.000000000000000000 ) ) ;
#1056 = DIRECTION ( 'NONE',  ( 1.000000000000000000, 0.000000000000000000, 0.000000000000000000 ) ) ;
#1057 = VERTEX_POINT ( 'NONE', #3059 ) ;
#1058 = VECTOR ( 'NONE', #1695, 1000.000000000000000 ) ;
#1059 = CARTESIAN_POINT ( 'NONE',  ( -21.85000000000000142, 53.00000000000000711, 6.499999999999985789 ) ) ;
#1060 = FACE_BOUND ( 'NONE', #119, .T. ) ;
#1061 = ADVANCED_FACE ( 'NONE', ( #2465 ), #4809, .T. ) ;
#1062 = ORIENTED_EDGE ( 'NONE', *, *, #926, .F. ) ;
#1063 = PLANE ( 'NONE',  #1388 ) ;
#1064 = ORIENTED_EDGE ( 'NONE', *, *, #5106, .T. ) ;
#1065 = AXIS2_PLACEMENT_3D ( 'NONE', #3380, #3860, #784 ) ;
#1066 = DIRECTION ( 'NONE',  ( -0.000000000000000000, -0.000000000000000000, -1.000000000000000000 ) ) ;
#1067 = ADVANCED_FACE ( 'NONE', ( #3001, #1275 ), #1674, .F. ) ;
#1068 = PLANE ( 'NONE',  #1349 ) ;
#1069 = DIRECTION ( 'NONE',  ( -0.7071067811865432429, -0.000000000000000000, -0.7071067811865517916 ) ) ;
#1070 = VERTEX_POINT ( 'NONE', #4779 ) ;
#1071 = ADVANCED_FACE ( 'NONE', ( #4252 ), #2056, .F. ) ;
#1072 = AXIS2_PLACEMENT_3D ( 'NONE', #2860, #146, #3181 ) ;
#1073 = DIRECTION ( 'NONE',  ( 1.000000000000000000, 0.000000000000000000, 0.000000000000000000 ) ) ;
#1074 = ORIENTED_EDGE ( 'NONE', *, *, #4109, .F. ) ;
#1075 = LINE ( 'NONE', #4202, #4519 ) ;
#1076 = PERSON_AND_ORGANIZATION_ROLE ( 'creator' ) ;
#1077 = VERTEX_POINT ( 'NONE', #3927 ) ;
#1078 = EDGE_CURVE ( 'NONE', #4509, #4135, #2550, .T. ) ;
#1079 = ADVANCED_FACE ( 'NONE', ( #2522 ), #2578, .F. ) ;
#1080 = VERTEX_POINT ( 'NONE', #2134 ) ;
#1081 = CARTESIAN_POINT ( 'NONE',  ( -4.616666666666676910, 47.76666666666664440, 3.116666666666638275 ) ) ;
#1082 = EDGE_LOOP ( 'NONE', ( #890, #2544, #1309, #1871 ) ) ;
#1083 = CARTESIAN_POINT ( 'NONE',  ( -110.9999999999999716, 43.99999999999990052, 46.00000000000000000 ) ) ;
#1084 = VERTEX_POINT ( 'NONE', #1703 ) ;
#1085 = ORIENTED_EDGE ( 'NONE', *, *, #4785, .F. ) ;
#1086 = ORIENTED_EDGE ( 'NONE', *, *, #226, .F. ) ;
#1087 = CARTESIAN_POINT ( 'NONE',  ( -117.5000000000000000, 54.00000000000000000, 7.000000000000000000 ) ) ;
#1088 = CIRCLE ( 'NONE', #4262, 1.000000000000000888 ) ;
#1089 = LINE ( 'NONE', #1987, #1829 ) ;
#1090 = VERTEX_POINT ( 'NONE', #4342 ) ;
#1091 = CARTESIAN_POINT ( 'NONE',  ( -22.35000000000000853, 1.500000000000002220, 0.000000000000000000 ) ) ;
#1092 = CARTESIAN_POINT ( 'NONE',  ( -44.50000000000007816, 2.000000000000031086, 6.500000000000013323 ) ) ;
#1093 = EDGE_LOOP ( 'NONE', ( #1738, #4736, #3088, #3922, #337 ) ) ;
#1094 = CARTESIAN_POINT ( 'NONE',  ( -112.9999999999999716, 45.99999999999990052, 7.499999999999985789 ) ) ;
#1095 = EDGE_LOOP ( 'NONE', ( #5499, #856 ) ) ;
#1096 = EDGE_CURVE ( 'NONE', #5189, #5067, #5722, .T. ) ;
#1097 = DIRECTION ( 'NONE',  ( 1.000000000000000000, 1.907754749525137334E-32, 0.000000000000000000 ) ) ;
#1098 = CARTESIAN_POINT ( 'NONE',  ( -117.5000000000000000, 5.500000000000025757, 7.000000000000000000 ) ) ;
#1099 = AXIS2_PLACEMENT_3D ( 'NONE', #480, #942, #2298 ) ;
#1100 = LINE ( 'NONE', #1539, #1188 ) ;
#1101 = FACE_OUTER_BOUND ( 'NONE', #5182, .T. ) ;
#1102 = CARTESIAN_POINT ( 'NONE',  ( -2.000000000000021760, 50.85000000000003695, 0.5000000000000143219 ) ) ;
#1103 = DIRECTION ( 'NONE',  ( 0.000000000000000000, 0.000000000000000000, -1.000000000000000000 ) ) ;
#1104 = LINE ( 'NONE', #4760, #1623 ) ;
#1105 = EDGE_LOOP ( 'NONE', ( #4861, #2965, #3982, #825 ) ) ;
#1106 = LINE ( 'NONE', #4672, #1778 ) ;
#1107 = DIRECTION ( 'NONE',  ( -0.000000000000000000, -0.000000000000000000, 1.000000000000000000 ) ) ;
#1108 = CARTESIAN_POINT ( 'NONE',  ( -45.00000000000007816, 2.500000000000015987, 6.500000000000013323 ) ) ;
#1109 = DATE_AND_TIME ( #3766, #4178 ) ;
#1110 = VERTEX_POINT ( 'NONE', #3501 ) ;
#1111 = EDGE_CURVE ( 'NONE', #2048, #4723, #340, .T. ) ;
#1112 = CARTESIAN_POINT ( 'NONE',  ( -112.9999999999999716, 45.99999999999990052, 47.50000000000002842 ) ) ;
#1113 = DIRECTION ( 'NONE',  ( -1.907754749525137334E-32, 1.000000000000000000, 0.000000000000000000 ) ) ;
#1114 = VECTOR ( 'NONE', #2884, 1000.000000000000000 ) ;
#1115 = ORIENTED_EDGE ( 'NONE', *, *, #1486, .F. ) ;
#1116 = CARTESIAN_POINT ( 'NONE',  ( -107.6499999999999773, 2.000000000000021760, 0.5000000000000005551 ) ) ;
#1117 = EDGE_CURVE ( 'NONE', #2204, #5063, #2025, .T. ) ;
#1118 = DIRECTION ( 'NONE',  ( -0.7071067811865459074, 0.000000000000000000, 0.7071067811865491270 ) ) ;
#1119 = CARTESIAN_POINT ( 'NONE',  ( -117.0000000000000000, 6.000000000000023981, 7.000000000000000000 ) ) ;
#1120 = ORIENTED_EDGE ( 'NONE', *, *, #1827, .F. ) ;
#1121 = PLANE ( 'NONE',  #5616 ) ;
#1122 = VECTOR ( 'NONE', #1042, 1000.000000000000000 ) ;
#1123 = ADVANCED_FACE ( 'NONE', ( #3814 ), #3031, .F. ) ;
#1124 = VECTOR ( 'NONE', #3203, 1000.000000000000114 ) ;
#1125 = ORIENTED_EDGE ( 'NONE', *, *, #4289, .F. ) ;
#1126 = ORIENTED_EDGE ( 'NONE', *, *, #5153, .F. ) ;
#1127 = DIRECTION ( 'NONE',  ( -0.7071067811865578978, 0.000000000000000000, 0.7071067811865370256 ) ) ;
#1128 = DIRECTION ( 'NONE',  ( -0.000000000000000000, -0.000000000000000000, -1.000000000000000000 ) ) ;
#1129 = VECTOR ( 'NONE', #4813, 1000.000000000000114 ) ;
#1130 = DIRECTION ( 'NONE',  ( 0.000000000000000000, 0.000000000000000000, 1.000000000000000000 ) ) ;
#1131 = CARTESIAN_POINT ( 'NONE',  ( -45.00000000000007816, 1.500000000000033529, 7.499999999999985789 ) ) ;
#1132 = DIRECTION ( 'NONE',  ( -1.000000000000000000, -2.551063935260020845E-16, 0.000000000000000000 ) ) ;
#1133 = FACE_BOUND ( 'NONE', #3805, .T. ) ;
#1134 = CIRCLE ( 'NONE', #2614, 1.699999999999999734 ) ;
#1135 = CARTESIAN_POINT ( 'NONE',  ( -99.16666666666657193, -13.33333333333303372, 33.66666666666716878 ) ) ;
#1136 = CARTESIAN_POINT ( 'NONE',  ( -47.00000000000008527, 2.500000000000030198, 48.00000000000000000 ) ) ;
#1137 = LINE ( 'NONE', #3399, #2094 ) ;
#1138 = VECTOR ( 'NONE', #4910, 1000.000000000000114 ) ;
#1139 = ORIENTED_EDGE ( 'NONE', *, *, #4165, .T. ) ;
#1140 = EDGE_CURVE ( 'NONE', #5292, #4274, #5162, .T. ) ;
#1141 = VECTOR ( 'NONE', #762, 1000.000000000000000 ) ;
#1142 = CARTESIAN_POINT ( 'NONE',  ( 0.000000000000000000, 0.000000000000000000, 1.500000000000000444 ) ) ;
#1143 = ORIENTED_EDGE ( 'NONE', *, *, #1707, .T. ) ;
#1144 = LINE ( 'NONE', #2073, #2176 ) ;
#1145 = EDGE_CURVE ( 'NONE', #922, #549, #1190, .T. ) ;
#1146 = ORIENTED_EDGE ( 'NONE', *, *, #149, .T. ) ;
#1147 = VERTEX_POINT ( 'NONE', #4281 ) ;
#1148 = DIRECTION ( 'NONE',  ( 1.000000000000000000, 0.000000000000000000, 0.000000000000000000 ) ) ;
#1149 = DIRECTION ( 'NONE',  ( -0.000000000000000000, 1.000000000000000000, 0.000000000000000000 ) ) ;
#1150 = VERTEX_POINT ( 'NONE', #5692 ) ;
#1151 = CARTESIAN_POINT ( 'NONE',  ( -49.00000000000007105, 38.99999999999990052, 46.00000000000000000 ) ) ;
#1152 = EDGE_CURVE ( 'NONE', #5067, #1383, #314, .T. ) ;
#1153 = VECTOR ( 'NONE', #5049, 1000.000000000000000 ) ;
#1154 = VERTEX_POINT ( 'NONE', #5638 ) ;
#1155 = EDGE_LOOP ( 'NONE', ( #4419, #53, #3612, #3660 ) ) ;
#1156 = VECTOR ( 'NONE', #5525, 1000.000000000000000 ) ;
#1157 = CARTESIAN_POINT ( 'NONE',  ( -53.00000000000007816, 41.84999999999990195, 43.00000000000000000 ) ) ;
#1158 = DIRECTION ( 'NONE',  ( 0.000000000000000000, 0.000000000000000000, 1.000000000000000000 ) ) ;
#1159 = CARTESIAN_POINT ( 'NONE',  ( -120.0000000000000000, 5.000000000000000000, 0.5000000000000004441 ) ) ;
#1160 = PLANE ( 'NONE',  #3725 ) ;
#1161 = LINE ( 'NONE', #3850, #198 ) ;
#1162 = VECTOR ( 'NONE', #2277, 1000.000000000000000 ) ;
#1163 = DIRECTION ( 'NONE',  ( -0.5773502691896210681, -0.5773502691896280625, -0.5773502691896280625 ) ) ;
#1164 = CARTESIAN_POINT ( 'NONE',  ( -108.9999999999999858, 38.99999999999990052, 43.00000000000000000 ) ) ;
#1165 = CARTESIAN_POINT ( 'NONE',  ( -104.1499999999999915, 6.000000000000023981, 7.000000000000000000 ) ) ;
#1166 = LINE ( 'NONE', #5113, #1170 ) ;
#1167 = AXIS2_PLACEMENT_3D ( 'NONE', #5566, #3350, #5120 ) ;
#1168 = VERTEX_POINT ( 'NONE', #2973 ) ;
#1169 = EDGE_CURVE ( 'NONE', #1408, #4796, #450, .T. ) ;
#1170 = VECTOR ( 'NONE', #670, 1000.000000000000000 ) ;
#1171 = DIRECTION ( 'NONE',  ( -1.000000000000000000, -1.521687259628775549E-16, 0.000000000000000000 ) ) ;
#1172 = VERTEX_POINT ( 'NONE', #5302 ) ;
#1173 = LINE ( 'NONE', #2538, #4803 ) ;
#1174 = EDGE_CURVE ( 'NONE', #4339, #4906, #3527, .T. ) ;
#1175 = ORIENTED_EDGE ( 'NONE', *, *, #1874, .F. ) ;
#1176 = VECTOR ( 'NONE', #2495, 1000.000000000000000 ) ;
#1177 = FACE_OUTER_BOUND ( 'NONE', #2189, .T. ) ;
#1178 = EDGE_CURVE ( 'NONE', #5667, #4588, #4680, .T. ) ;
#1179 = EDGE_LOOP ( 'NONE', ( #4778, #4504 ) ) ;
#1180 = CARTESIAN_POINT ( 'NONE',  ( 0.000000000000000000, 0.000000000000000000, 6.500000000000013323 ) ) ;
#1181 = EDGE_CURVE ( 'NONE', #3194, #736, #1835, .T. ) ;
#1182 = FACE_OUTER_BOUND ( 'NONE', #2398, .T. ) ;
#1183 = ORIENTED_EDGE ( 'NONE', *, *, #4800, .F. ) ;
#1184 = DIRECTION ( 'NONE',  ( 0.000000000000000000, 0.000000000000000000, 1.000000000000000000 ) ) ;
#1185 = ORIENTED_EDGE ( 'NONE', *, *, #2383, .T. ) ;
#1186 = EDGE_LOOP ( 'NONE', ( #5650, #3839, #1944, #2129 ) ) ;
#1187 = ORIENTED_EDGE ( 'NONE', *, *, #2105, .T. ) ;
#1188 = VECTOR ( 'NONE', #5670, 1000.000000000000114 ) ;
#1189 = EDGE_CURVE ( 'NONE', #3802, #1643, #2271, .T. ) ;
#1190 = LINE ( 'NONE', #4725, #4398 ) ;
#1191 = LINE ( 'NONE', #3846, #2481 ) ;
#1192 = CARTESIAN_POINT ( 'NONE',  ( -121.6666666666666430, 6.166666666666640317, 8.333333333333323267 ) ) ;
#1193 = DIRECTION ( 'NONE',  ( 0.7071067811865378028, -0.7071067811865573427, 0.000000000000000000 ) ) ;
#1194 = AXIS2_PLACEMENT_3D ( 'NONE', #5780, #1730, #1675 ) ;
#1195 = DIRECTION ( 'NONE',  ( 0.000000000000000000, 0.000000000000000000, -1.000000000000000000 ) ) ;
#1196 = LINE ( 'NONE', #3007, #2227 ) ;
#1197 = EDGE_CURVE ( 'NONE', #4456, #5584, #3554, .T. ) ;
#1198 = DIRECTION ( 'NONE',  ( -1.000000000000000000, -0.000000000000000000, -0.000000000000000000 ) ) ;
#1199 = FACE_OUTER_BOUND ( 'NONE', #3781, .T. ) ;
#1200 = ORIENTED_EDGE ( 'NONE', *, *, #4526, .T. ) ;
#1201 =( GEOMETRIC_REPRESENTATION_CONTEXT ( 3 ) GLOBAL_UNCERTAINTY_ASSIGNED_CONTEXT ( ( #64 ) ) GLOBAL_UNIT_ASSIGNED_CONTEXT ( ( #1516, #1781, #902 ) ) REPRESENTATION_CONTEXT ( 'NONE', 'WORKASPACE' ) );
#1202 = ORIENTED_EDGE ( 'NONE', *, *, #4750, .T. ) ;
#1203 = CARTESIAN_POINT ( 'NONE',  ( -104.6499999999999773, 54.00000000000000000, 0.000000000000000000 ) ) ;
#1204 = ORIENTED_EDGE ( 'NONE', *, *, #2451, .F. ) ;
#1205 = CC_DESIGN_APPROVAL ( #5569, ( #1661 ) ) ;
#1206 = DIRECTION ( 'NONE',  ( 1.000000000000000000, 0.000000000000000000, 0.000000000000000000 ) ) ;
#1207 = ORIENTED_EDGE ( 'NONE', *, *, #2430, .F. ) ;
#1208 = ORIENTED_EDGE ( 'NONE', *, *, #226, .T. ) ;
#1209 = DIRECTION ( 'NONE',  ( 0.000000000000000000, -1.000000000000000000, 0.000000000000000000 ) ) ;
#1210 = ORIENTED_EDGE ( 'NONE', *, *, #5180, .F. ) ;
#1211 = CARTESIAN_POINT ( 'NONE',  ( -2.000000000000000000, 42.15000000000001990, 7.000000000000000000 ) ) ;
#1212 = AXIS2_PLACEMENT_3D ( 'NONE', #2526, #4836, #773 ) ;
#1213 = DIRECTION ( 'NONE',  ( -0.000000000000000000, -0.000000000000000000, -1.000000000000000000 ) ) ;
#1214 = ORIENTED_EDGE ( 'NONE', *, *, #2699, .F. ) ;
#1215 = DIRECTION ( 'NONE',  ( 0.000000000000000000, 0.000000000000000000, 1.000000000000000000 ) ) ;
#1216 = ORIENTED_EDGE ( 'NONE', *, *, #368, .F. ) ;
#1217 = EDGE_CURVE ( 'NONE', #4923, #4264, #4001, .T. ) ;
#1218 = ORIENTED_EDGE ( 'NONE', *, *, #2618, .T. ) ;
#1219 = DIRECTION ( 'NONE',  ( -1.000000000000000000, -1.521687259628775549E-16, 0.000000000000000000 ) ) ;
#1220 = CARTESIAN_POINT ( 'NONE',  ( -44.50000000000007816, 0.000000000000000000, 6.500000000000013323 ) ) ;
#1221 = VECTOR ( 'NONE', #5436, 1000.000000000000000 ) ;
#1222 = DIRECTION ( 'NONE',  ( -0.7071067811865378028, 0.000000000000000000, 0.7071067811865573427 ) ) ;
#1223 = FACE_OUTER_BOUND ( 'NONE', #5668, .T. ) ;
#1224 = EDGE_CURVE ( 'NONE', #4901, #2510, #398, .T. ) ;
#1225 = AXIS2_PLACEMENT_3D ( 'NONE', #2634, #1222, #2552 ) ;
#1226 = DIRECTION ( 'NONE',  ( -0.000000000000000000, -0.000000000000000000, -1.000000000000000000 ) ) ;
#1227 = FACE_OUTER_BOUND ( 'NONE', #232, .T. ) ;
#1228 = DIRECTION ( 'NONE',  ( 1.000000000000000000, 0.000000000000000000, 0.000000000000000000 ) ) ;
#1229 = CARTESIAN_POINT ( 'NONE',  ( -45.50000000000005684, 45.99999999999990052, 48.00000000000000000 ) ) ;
#1230 = CIRCLE ( 'NONE', #844, 1.699999999999998845 ) ;
#1231 = AXIS2_PLACEMENT_3D ( 'NONE', #127, #563, #3693 ) ;
#1232 = EDGE_CURVE ( 'NONE', #5239, #4217, #1371, .T. ) ;
#1233 = DIRECTION ( 'NONE',  ( 0.000000000000000000, 1.000000000000000000, 0.000000000000000000 ) ) ;
#1234 = EDGE_LOOP ( 'NONE', ( #1517, #3367, #2008 ) ) ;
#1235 = VECTOR ( 'NONE', #5493, 1000.000000000000000 ) ;
#1236 = DIRECTION ( 'NONE',  ( 0.5773502691896108541, 0.5773502691896268413, -0.5773502691896394978 ) ) ;
#1237 = ORIENTED_EDGE ( 'NONE', *, *, #470, .T. ) ;
#1238 = DIRECTION ( 'NONE',  ( -0.000000000000000000, 1.000000000000000000, 0.000000000000000000 ) ) ;
#1239 = LINE ( 'NONE', #1267, #4510 ) ;
#1240 = DIRECTION ( 'NONE',  ( 0.000000000000000000, 0.000000000000000000, -1.000000000000000000 ) ) ;
#1241 = VERTEX_POINT ( 'NONE', #1814 ) ;
#1242 = DIRECTION ( 'NONE',  ( 0.000000000000000000, 0.000000000000000000, -1.000000000000000000 ) ) ;
#1243 = EDGE_LOOP ( 'NONE', ( #1978, #4436, #678, #724 ) ) ;
#1244 = PRODUCT_RELATED_PRODUCT_CATEGORY ( 'detail', '', ( #4232 ) ) ;
#1245 = ORIENTED_EDGE ( 'NONE', *, *, #4716, .T. ) ;
#1246 = VECTOR ( 'NONE', #88, 1000.000000000000000 ) ;
#1247 = ORIENTED_EDGE ( 'NONE', *, *, #5401, .F. ) ;
#1248 = DIRECTION ( 'NONE',  ( 0.000000000000000000, -0.7071067811865475727, -0.7071067811865475727 ) ) ;
#1249 = CYLINDRICAL_SURFACE ( 'NONE', #2197, 1.699999999999999734 ) ;
#1250 = EDGE_CURVE ( 'NONE', #4180, #2624, #5364, .T. ) ;
#1251 = AXIS2_PLACEMENT_3D ( 'NONE', #5347, #923, #1285 ) ;
#1252 = DIRECTION ( 'NONE',  ( 1.000000000000000000, 1.521687259628775549E-16, 0.000000000000000000 ) ) ;
#1253 = DIRECTION ( 'NONE',  ( 0.000000000000000000, -1.000000000000000000, 0.000000000000000000 ) ) ;
#1254 = EDGE_CURVE ( 'NONE', #5067, #1011, #5415, .T. ) ;
#1255 = CARTESIAN_POINT ( 'NONE',  ( -112.9999999999999716, 0.4999999999999866773, 7.499999999999985789 ) ) ;
#1256 = CARTESIAN_POINT ( 'NONE',  ( -110.0000000000000000, 55.00000000000002842, 3.500000000000000000 ) ) ;
#1257 = ADVANCED_FACE ( 'NONE', ( #4917 ), #4478, .F. ) ;
#1258 = VERTEX_POINT ( 'NONE', #826 ) ;
#1259 = AXIS2_PLACEMENT_3D ( 'NONE', #4023, #962, #3946 ) ;
#1260 = DIRECTION ( 'NONE',  ( -0.7071067811865573427, 0.7071067811865378028, -0.000000000000000000 ) ) ;
#1261 = ORIENTED_EDGE ( 'NONE', *, *, #2462, .T. ) ;
#1262 = VECTOR ( 'NONE', #2768, 1000.000000000000000 ) ;
#1263 = CARTESIAN_POINT ( 'NONE',  ( -108.9999999999999858, 38.99999999999990052, 45.00000000000000000 ) ) ;
#1264 = EDGE_CURVE ( 'NONE', #4723, #4509, #4397, .T. ) ;
#1265 = AXIS2_PLACEMENT_3D ( 'NONE', #1442, #5074, #3727 ) ;
#1266 = CARTESIAN_POINT ( 'NONE',  ( -4.000000000000023093, 50.85000000000003695, 7.000000000000000000 ) ) ;
#1267 = CARTESIAN_POINT ( 'NONE',  ( -121.5000000000000000, 8.000000000000000000, 0.5000000000000004441 ) ) ;
#1268 = EDGE_CURVE ( 'NONE', #2795, #807, #2704, .T. ) ;
#1269 = CARTESIAN_POINT ( 'NONE',  ( -117.0000000000000000, 6.000000000000023981, 6.500000000000013323 ) ) ;
#1270 = ORIENTED_EDGE ( 'NONE', *, *, #3482, .T. ) ;
#1271 = DIRECTION ( 'NONE',  ( 0.000000000000000000, 0.000000000000000000, 1.000000000000000000 ) ) ;
#1272 = ORIENTED_EDGE ( 'NONE', *, *, #5228, .F. ) ;
#1273 = ORIENTED_EDGE ( 'NONE', *, *, #1874, .T. ) ;
#1274 = EDGE_LOOP ( 'NONE', ( #3730, #4445, #4531, #2595 ) ) ;
#1275 = FACE_OUTER_BOUND ( 'NONE', #3566, .T. ) ;
#1276 = LINE ( 'NONE', #3090, #162 ) ;
#1277 = LINE ( 'NONE', #316, #545 ) ;
#1278 = DIRECTION ( 'NONE',  ( -0.000000000000000000, -0.000000000000000000, 1.000000000000000000 ) ) ;
#1279 = EDGE_CURVE ( 'NONE', #1427, #1049, #910, .T. ) ;
#1280 = DIRECTION ( 'NONE',  ( 0.5773502691896303940, -0.5773502691896233996, 0.5773502691896235106 ) ) ;
#1281 = LINE ( 'NONE', #3039, #1016 ) ;
#1282 = CARTESIAN_POINT ( 'NONE',  ( -107.2999999999999972, 38.99999999999990052, 40.00000000000000000 ) ) ;
#1283 = VECTOR ( 'NONE', #2435, 1000.000000000000000 ) ;
#1284 = ADVANCED_FACE ( 'NONE', ( #2684 ), #4426, .T. ) ;
#1285 = DIRECTION ( 'NONE',  ( 0.000000000000000000, 0.000000000000000000, 1.000000000000000000 ) ) ;
#1286 = ORIENTED_EDGE ( 'NONE', *, *, #2328, .F. ) ;
#1287 = DIRECTION ( 'NONE',  ( -0.5773502691896187367, -0.5773502691896227335, -0.5773502691896358341 ) ) ;
#1288 = ORIENTED_EDGE ( 'NONE', *, *, #61, .T. ) ;
#1289 = ADVANCED_FACE ( 'NONE', ( #3978 ), #479, .F. ) ;
#1290 = CARTESIAN_POINT ( 'NONE',  ( -119.0000000000000000, 54.50000000000000711, 7.000000000000000000 ) ) ;
#1291 = LINE ( 'NONE', #2266, #4896 ) ;
#1292 = FACE_BOUND ( 'NONE', #3856, .T. ) ;
#1293 = ORIENTED_EDGE ( 'NONE', *, *, #5325, .T. ) ;
#1294 = CARTESIAN_POINT ( 'NONE',  ( -112.9999999999999716, 0.4999999999999865663, 48.00000000000000000 ) ) ;
#1295 = VERTEX_POINT ( 'NONE', #3608 ) ;
#1296 = EDGE_LOOP ( 'NONE', ( #5764, #1919, #5748, #422 ) ) ;
#1297 = EDGE_CURVE ( 'NONE', #4081, #838, #5388, .T. ) ;
#1298 = DIRECTION ( 'NONE',  ( 0.000000000000000000, 0.7071067811865561215, -0.7071067811865389130 ) ) ;
#1299 = ORIENTED_EDGE ( 'NONE', *, *, #5427, .T. ) ;
#1300 = VERTEX_POINT ( 'NONE', #627 ) ;
#1301 = CARTESIAN_POINT ( 'NONE',  ( -54.18333333333424662, 31.33333333333392190, -22.83333333333322201 ) ) ;
#1302 = CARTESIAN_POINT ( 'NONE',  ( -47.00000000000008527, 43.99999999999990052, 48.00000000000000000 ) ) ;
#1303 = DIRECTION ( 'NONE',  ( 0.5773502691896231775, 0.5773502691896310601, 0.5773502691896230665 ) ) ;
#1304 = CYLINDRICAL_SURFACE ( 'NONE', #463, 1.699999999999999734 ) ;
#1305 = DIRECTION ( 'NONE',  ( 1.000000000000000000, 0.000000000000000000, 0.000000000000000000 ) ) ;
#1306 = DIRECTION ( 'NONE',  ( -0.5773502691896199579, -0.5773502691896359451, 0.5773502691896214012 ) ) ;
#1307 = VECTOR ( 'NONE', #696, 1000.000000000000114 ) ;
#1308 = CARTESIAN_POINT ( 'NONE',  ( -121.9999999999999858, 54.00000000000000000, 0.000000000000000000 ) ) ;
#1309 = ORIENTED_EDGE ( 'NONE', *, *, #523, .T. ) ;
#1310 = CC_DESIGN_PERSON_AND_ORGANIZATION_ASSIGNMENT ( #2242, #1977, ( #4232 ) ) ;
#1311 = DIRECTION ( 'NONE',  ( 1.000000000000000000, 1.907754749525137334E-32, -0.000000000000000000 ) ) ;
#1312 = ORIENTED_EDGE ( 'NONE', *, *, #4019, .T. ) ;
#1313 = LINE ( 'NONE', #2702, #418 ) ;
#1314 = CIRCLE ( 'NONE', #2909, 1.699999999999999734 ) ;
#1315 = EDGE_CURVE ( 'NONE', #4822, #4969, #2393, .T. ) ;
#1316 = VECTOR ( 'NONE', #109, 1000.000000000000000 ) ;
#1317 = VECTOR ( 'NONE', #3392, 1000.000000000000000 ) ;
#1318 = DIRECTION ( 'NONE',  ( -1.236942588248755381E-16, 0.7071067811865378028, 0.7071067811865573427 ) ) ;
#1319 = PLANE ( 'NONE',  #963 ) ;
#1320 = PLANE ( 'NONE',  #2767 ) ;
#1321 = ADVANCED_FACE ( 'NONE', ( #1955 ), #4185, .F. ) ;
#1322 = ORIENTED_EDGE ( 'NONE', *, *, #177, .T. ) ;
#1323 = LINE ( 'NONE', #3053, #4770 ) ;
#1324 = VERTEX_POINT ( 'NONE', #2297 ) ;
#1325 = ORIENTED_EDGE ( 'NONE', *, *, #5443, .T. ) ;
#1326 = DIRECTION ( 'NONE',  ( 1.000000000000000000, 0.000000000000000000, 0.000000000000000000 ) ) ;
#1327 = CARTESIAN_POINT ( 'NONE',  ( -18.99999999999999645, 55.00000000000002842, 3.500000000000000000 ) ) ;
#1328 = EDGE_CURVE ( 'NONE', #1147, #4267, #5541, .T. ) ;
#1329 = CARTESIAN_POINT ( 'NONE',  ( -112.9999999999999716, 42.34999999999988773, 48.00000000000000000 ) ) ;
#1330 = CARTESIAN_POINT ( 'NONE',  ( -112.4999999999999716, 41.84999999999990195, 43.00000000000000000 ) ) ;
#1331 = FACE_OUTER_BOUND ( 'NONE', #2574, .T. ) ;
#1332 = ORIENTED_EDGE ( 'NONE', *, *, #3964, .T. ) ;
#1333 = CARTESIAN_POINT ( 'NONE',  ( -123.0000000000000000, 7.500000000000000000, 7.000000000000000000 ) ) ;
#1334 = DIRECTION ( 'NONE',  ( -0.000000000000000000, -0.000000000000000000, 1.000000000000000000 ) ) ;
#1335 = ORIENTED_EDGE ( 'NONE', *, *, #1380, .F. ) ;
#1336 = VECTOR ( 'NONE', #4259, 1000.000000000000000 ) ;
#1337 = CYLINDRICAL_SURFACE ( 'NONE', #592, 1.699999999999999734 ) ;
#1338 = EDGE_LOOP ( 'NONE', ( #2116, #3908, #905, #4706 ) ) ;
#1339 = CIRCLE ( 'NONE', #5175, 1.699999999999993072 ) ;
#1340 = EDGE_LOOP ( 'NONE', ( #3734, #486 ) ) ;
#1341 = VECTOR ( 'NONE', #5258, 1000.000000000000227 ) ;
#1342 = ADVANCED_FACE ( 'NONE', ( #2361 ), #1896, .T. ) ;
#1343 = LINE ( 'NONE', #3543, #3849 ) ;
#1344 = DIRECTION ( 'NONE',  ( 0.000000000000000000, 0.000000000000000000, -1.000000000000000000 ) ) ;
#1345 = AXIS2_PLACEMENT_3D ( 'NONE', #1578, #328, #4767 ) ;
#1346 = EDGE_CURVE ( 'NONE', #2716, #17, #5452, .T. ) ;
#1347 = VERTEX_POINT ( 'NONE', #1526 ) ;
#1348 = EDGE_CURVE ( 'NONE', #4588, #5667, #937, .T. ) ;
#1349 = AXIS2_PLACEMENT_3D ( 'NONE', #56, #1821, #4954 ) ;
#1350 = CARTESIAN_POINT ( 'NONE',  ( -4.000000000000023093, 45.15000000000001990, 6.499999999999985789 ) ) ;
#1351 = PLANE ( 'NONE',  #2759 ) ;
#1352 = CARTESIAN_POINT ( 'NONE',  ( -119.0000000000000000, 0.5000000000000004441, 7.000000000000000000 ) ) ;
#1353 = CARTESIAN_POINT ( 'NONE',  ( -107.1499999999999915, 4.000000000000025757, 7.000000000000000000 ) ) ;
#1354 = LINE ( 'NONE', #5727, #5707 ) ;
#1355 = VERTEX_POINT ( 'NONE', #594 ) ;
#1356 = EDGE_CURVE ( 'NONE', #277, #5063, #968, .T. ) ;
#1357 = CARTESIAN_POINT ( 'NONE',  ( -110.9999999999999716, 43.99999999999990052, 48.00000000000000000 ) ) ;
#1358 = CARTESIAN_POINT ( 'NONE',  ( -6.000000000000023981, 49.00000000000001421, 4.874772708486760919 ) ) ;
#1359 = VERTEX_POINT ( 'NONE', #2809 ) ;
#1360 = EDGE_CURVE ( 'NONE', #5667, #1744, #5004, .T. ) ;
#1361 = DIRECTION ( 'NONE',  ( -0.000000000000000000, -0.000000000000000000, 1.000000000000000000 ) ) ;
#1362 = EDGE_LOOP ( 'NONE', ( #4546, #4999 ) ) ;
#1363 = CARTESIAN_POINT ( 'NONE',  ( -110.9999999999999716, 31.99999999999990408, 46.00000000000000000 ) ) ;
#1364 = CARTESIAN_POINT ( 'NONE',  ( -123.5000000000000000, -4.286263797015740046E-16, 0.5000000000000004441 ) ) ;
#1365 = DIRECTION ( 'NONE',  ( -1.000000000000000000, 0.000000000000000000, 0.000000000000000000 ) ) ;
#1366 = DIRECTION ( 'NONE',  ( -0.000000000000000000, -0.000000000000000000, -1.000000000000000000 ) ) ;
#1367 = ORIENTED_EDGE ( 'NONE', *, *, #1627, .F. ) ;
#1368 = APPROVAL_PERSON_ORGANIZATION ( #4499, #5569, #5382 ) ;
#1369 = VERTEX_POINT ( 'NONE', #5095 ) ;
#1370 = ORIENTED_EDGE ( 'NONE', *, *, #1524, .T. ) ;
#1371 = LINE ( 'NONE', #70, #2911 ) ;
#1372 = PLANE ( 'NONE',  #4825 ) ;
#1373 = CARTESIAN_POINT ( 'NONE',  ( -117.0000000000000000, 49.00000000000000000, 7.000000000000000000 ) ) ;
#1374 = DIRECTION ( 'NONE',  ( -0.000000000000000000, -1.000000000000000000, -0.000000000000000000 ) ) ;
#1375 = ADVANCED_FACE ( 'NONE', ( #3719 ), #5509, .T. ) ;
#1376 = ORIENTED_EDGE ( 'NONE', *, *, #2686, .T. ) ;
#1377 = LINE ( 'NONE', #3173, #4607 ) ;
#1378 = CARTESIAN_POINT ( 'NONE',  ( -110.0000000000000000, 2.000000000000022649, 1.800000000000001155 ) ) ;
#1379 = ORIENTED_EDGE ( 'NONE', *, *, #1603, .F. ) ;
#1380 = EDGE_CURVE ( 'NONE', #4177, #5028, #4010, .T. ) ;
#1381 = AXIS2_PLACEMENT_3D ( 'NONE', #4892, #2192, #2688 ) ;
#1382 = DIRECTION ( 'NONE',  ( 0.000000000000000000, -1.000000000000000000, 0.000000000000000000 ) ) ;
#1383 = VERTEX_POINT ( 'NONE', #4564 ) ;
#1384 = DIRECTION ( 'NONE',  ( 0.000000000000000000, 0.000000000000000000, 1.000000000000000000 ) ) ;
#1385 = LINE ( 'NONE', #1719, #4337 ) ;
#1386 = EDGE_CURVE ( 'NONE', #1057, #2017, #2060, .T. ) ;
#1387 = VECTOR ( 'NONE', #4260, 1000.000000000000000 ) ;
#1388 = AXIS2_PLACEMENT_3D ( 'NONE', #4542, #2303, #5459 ) ;
#1389 = CARTESIAN_POINT ( 'NONE',  ( -18.99999999999999645, 55.00000000000002842, 5.200000000000000178 ) ) ;
#1390 = VECTOR ( 'NONE', #3121, 1000.000000000000000 ) ;
#1391 = DIRECTION ( 'NONE',  ( 0.000000000000000000, -1.000000000000000000, 0.000000000000000000 ) ) ;
#1392 = APPROVAL_STATUS ( 'not_yet_approved' ) ;
#1393 = CIRCLE ( 'NONE', #2237, 1.699999999999998845 ) ;
#1394 = ORIENTED_EDGE ( 'NONE', *, *, #4831, .F. ) ;
#1395 = DIRECTION ( 'NONE',  ( -1.000000000000000000, 0.000000000000000000, 0.000000000000000000 ) ) ;
#1396 = ORIENTED_EDGE ( 'NONE', *, *, #5087, .T. ) ;
#1397 = CARTESIAN_POINT ( 'NONE',  ( -97.33333333333335702, 30.33333333333328952, 63.16666666666665009 ) ) ;
#1398 = DIRECTION ( 'NONE',  ( 1.000000000000000000, 1.521687259628775549E-16, -0.000000000000000000 ) ) ;
#1399 = ORIENTED_EDGE ( 'NONE', *, *, #2627, .F. ) ;
#1400 = FACE_OUTER_BOUND ( 'NONE', #5108, .T. ) ;
#1401 = LINE ( 'NONE', #888, #2602 ) ;
#1402 = ORIENTED_EDGE ( 'NONE', *, *, #1647, .T. ) ;
#1403 = EDGE_CURVE ( 'NONE', #5704, #1918, #1495, .T. ) ;
#1404 = CARTESIAN_POINT ( 'NONE',  ( -16.14999999999999147, 53.00000000000000711, 6.499999999999985789 ) ) ;
#1405 = FACE_OUTER_BOUND ( 'NONE', #979, .T. ) ;
#1406 = VECTOR ( 'NONE', #2866, 1000.000000000000000 ) ;
#1407 = DIRECTION ( 'NONE',  ( -1.000000000000000000, -1.750036293545328767E-16, 0.000000000000000000 ) ) ;
#1408 = VERTEX_POINT ( 'NONE', #5483 ) ;
#1409 = ADVANCED_FACE ( 'NONE', ( #3292 ), #4626, .T. ) ;
#1410 = EDGE_CURVE ( 'NONE', #1300, #4734, #5440, .T. ) ;
#1411 = FACE_BOUND ( 'NONE', #2156, .T. ) ;
#1412 = ORIENTED_EDGE ( 'NONE', *, *, #3607, .T. ) ;
#1413 = FACE_OUTER_BOUND ( 'NONE', #4859, .T. ) ;
#1414 = LINE ( 'NONE', #4169, #699 ) ;
#1415 = CARTESIAN_POINT ( 'NONE',  ( -18.99999999999999645, 51.00000000000000711, 5.200000000000000178 ) ) ;
#1416 = ORIENTED_EDGE ( 'NONE', *, *, #2717, .T. ) ;
#1417 = VECTOR ( 'NONE', #5623, 1000.000000000000000 ) ;
#1418 = ORIENTED_EDGE ( 'NONE', *, *, #1456, .F. ) ;
#1419 = CARTESIAN_POINT ( 'NONE',  ( -117.0000000000000000, 41.84999999999990195, 45.00000000000000000 ) ) ;
#1420 = EDGE_CURVE ( 'NONE', #1258, #1359, #1196, .T. ) ;
#1421 = PLANE ( 'NONE',  #3852 ) ;
#1422 = EDGE_CURVE ( 'NONE', #3499, #661, #803, .T. ) ;
#1423 = VECTOR ( 'NONE', #2857, 1000.000000000000000 ) ;
#1424 = DIRECTION ( 'NONE',  ( 0.000000000000000000, 0.000000000000000000, -1.000000000000000000 ) ) ;
#1425 = CARTESIAN_POINT ( 'NONE',  ( -6.000000000000023981, 42.15000000000001990, 1.500000000000000444 ) ) ;
#1426 = AXIS2_PLACEMENT_3D ( 'NONE', #5307, #3008, #4347 ) ;
#1427 = VERTEX_POINT ( 'NONE', #2951 ) ;
#1428 = ORIENTED_EDGE ( 'NONE', *, *, #111, .F. ) ;
#1429 = LINE ( 'NONE', #2840, #3382 ) ;
#1430 = VERTEX_POINT ( 'NONE', #1631 ) ;
#1431 = EDGE_CURVE ( 'NONE', #5093, #2566, #2979, .T. ) ;
#1432 = CARTESIAN_POINT ( 'NONE',  ( -112.9999999999999716, 45.99999999999990052, 48.00000000000000000 ) ) ;
#1433 = AXIS2_PLACEMENT_3D ( 'NONE', #3132, #871, #4018 ) ;
#1434 = CARTESIAN_POINT ( 'NONE',  ( -2.000000000000021760, 50.85000000000003695, 7.000000000000000000 ) ) ;
#1435 = DIRECTION ( 'NONE',  ( -1.000000000000000000, 0.000000000000000000, 0.000000000000000000 ) ) ;
#1436 = ORIENTED_EDGE ( 'NONE', *, *, #5261, .F. ) ;
#1437 = CARTESIAN_POINT ( 'NONE',  ( -44.50000000000007816, 1.500000000000033751, 7.000000000000000000 ) ) ;
#1438 = LINE ( 'NONE', #3234, #2418 ) ;
#1439 = ORIENTED_EDGE ( 'NONE', *, *, #5288, .F. ) ;
#1440 = VECTOR ( 'NONE', #5590, 1000.000000000000000 ) ;
#1441 = CARTESIAN_POINT ( 'NONE',  ( -103.6500000000000057, 2.000000000000022204, 7.500000000000000888 ) ) ;
#1442 = CARTESIAN_POINT ( 'NONE',  ( -110.9999999999999858, 31.99999999999990408, 40.00000000000000000 ) ) ;
#1443 = FACE_OUTER_BOUND ( 'NONE', #2648, .T. ) ;
#1444 = VERTEX_POINT ( 'NONE', #2528 ) ;
#1445 = EDGE_CURVE ( 'NONE', #1300, #5341, #4317, .T. ) ;
#1446 = FACE_BOUND ( 'NONE', #3256, .T. ) ;
#1447 = ORIENTED_EDGE ( 'NONE', *, *, #3169, .F. ) ;
#1448 = CARTESIAN_POINT ( 'NONE',  ( -18.99999999999999645, 55.00000000000002842, 1.800000000000000488 ) ) ;
#1449 = ORIENTED_EDGE ( 'NONE', *, *, #4175, .T. ) ;
#1450 = EDGE_CURVE ( 'NONE', #3977, #922, #4465, .T. ) ;
#1451 = ORIENTED_EDGE ( 'NONE', *, *, #1774, .T. ) ;
#1452 = DIRECTION ( 'NONE',  ( 0.7071067811865573427, 0.000000000000000000, -0.7071067811865378028 ) ) ;
#1453 = ORIENTED_EDGE ( 'NONE', *, *, #4300, .T. ) ;
#1454 = DIRECTION ( 'NONE',  ( 0.7071067811865432429, -0.000000000000000000, -0.7071067811865517916 ) ) ;
#1455 = LINE ( 'NONE', #3656, #15 ) ;
#1456 = EDGE_CURVE ( 'NONE', #1154, #2628, #1676, .T. ) ;
#1457 = ORIENTED_EDGE ( 'NONE', *, *, #2369, .T. ) ;
#1458 = ORIENTED_EDGE ( 'NONE', *, *, #3217, .T. ) ;
#1459 = CARTESIAN_POINT ( 'NONE',  ( -21.85000000000000142, 51.00000000000000711, 6.499999999999985789 ) ) ;
#1460 = CARTESIAN_POINT ( 'NONE',  ( -53.00000000000007816, 41.84999999999990195, 43.00000000000000000 ) ) ;
#1461 = CARTESIAN_POINT ( 'NONE',  ( -49.00000000000007105, 38.99999999999990052, 46.00000000000000000 ) ) ;
#1462 = CARTESIAN_POINT ( 'NONE',  ( -53.00000000000007816, 36.14999999999990621, 43.00000000000000000 ) ) ;
#1463 = ORIENTED_EDGE ( 'NONE', *, *, #2727, .T. ) ;
#1464 = CARTESIAN_POINT ( 'NONE',  ( -112.8500000000000085, 2.500000000000007550, 0.5000000000000003331 ) ) ;
#1465 = AXIS2_PLACEMENT_3D ( 'NONE', #3495, #4827, #2993 ) ;
#1466 = CARTESIAN_POINT ( 'NONE',  ( -110.4999999999999716, 2.000000000000021316, 48.00000000000000000 ) ) ;
#1467 = EDGE_CURVE ( 'NONE', #4070, #1928, #3647, .T. ) ;
#1468 = VERTEX_POINT ( 'NONE', #1363 ) ;
#1469 = VERTEX_POINT ( 'NONE', #4930 ) ;
#1470 = LINE ( 'NONE', #1872, #873 ) ;
#1471 = CARTESIAN_POINT ( 'NONE',  ( -104.9999999999999858, 31.99999999999990408, 46.00000000000000000 ) ) ;
#1472 = CARTESIAN_POINT ( 'NONE',  ( -4.500000000000031974, 51.35000000000005116, 0.000000000000000000 ) ) ;
#1473 = CARTESIAN_POINT ( 'NONE',  ( -112.9999999999999716, 35.64999999999992042, 43.00000000000000000 ) ) ;
#1474 = ORIENTED_EDGE ( 'NONE', *, *, #3934, .T. ) ;
#1475 = CARTESIAN_POINT ( 'NONE',  ( -110.9999999999999716, 43.99999999999990052, 47.50000000000001421 ) ) ;
#1476 = EDGE_LOOP ( 'NONE', ( #250, #448, #4538, #4970 ) ) ;
#1477 = PLANE ( 'NONE',  #5701 ) ;
#1478 = CIRCLE ( 'NONE', #4757, 1.700000000000000178 ) ;
#1479 = DIRECTION ( 'NONE',  ( -0.000000000000000000, -1.000000000000000000, -0.000000000000000000 ) ) ;
#1480 = ORIENTED_EDGE ( 'NONE', *, *, #2038, .F. ) ;
#1481 = ADVANCED_FACE ( 'NONE', ( #4493, #1413 ), #2762, .T. ) ;
#1482 = ORIENTED_EDGE ( 'NONE', *, *, #9, .T. ) ;
#1483 = DIRECTION ( 'NONE',  ( -0.7071067811865573427, -0.000000000000000000, -0.7071067811865378028 ) ) ;
#1484 = EDGE_LOOP ( 'NONE', ( #4204, #1519 ) ) ;
#1485 = DIRECTION ( 'NONE',  ( 0.5773502691896299499, -0.5773502691896331696, 0.5773502691896140737 ) ) ;
#1486 = EDGE_CURVE ( 'NONE', #684, #248, #2034, .T. ) ;
#1487 = VECTOR ( 'NONE', #2063, 1000.000000000000000 ) ;
#1488 = ORIENTED_EDGE ( 'NONE', *, *, #1947, .F. ) ;
#1489 = ORIENTED_EDGE ( 'NONE', *, *, #82, .F. ) ;
#1490 = VECTOR ( 'NONE', #1757, 1000.000000000000000 ) ;
#1491 = EDGE_CURVE ( 'NONE', #3636, #1952, #1514, .T. ) ;
#1492 = VECTOR ( 'NONE', #2999, 1000.000000000000000 ) ;
#1493 = DIRECTION ( 'NONE',  ( 1.521687259628775549E-16, -1.000000000000000000, 0.000000000000000000 ) ) ;
#1494 = EDGE_CURVE ( 'NONE', #5584, #3742, #3707, .T. ) ;
#1495 = LINE ( 'NONE', #1055, #2137 ) ;
#1496 = CARTESIAN_POINT ( 'NONE',  ( -44.50000000000007816, 2.000000000000031086, 7.000000000000000000 ) ) ;
#1497 = ORIENTED_EDGE ( 'NONE', *, *, #429, .F. ) ;
#1498 = VECTOR ( 'NONE', #4688, 1000.000000000000000 ) ;
#1499 = CARTESIAN_POINT ( 'NONE',  ( -112.9999999999999716, 6.500000000000026645, 48.00000000000000000 ) ) ;
#1500 = VECTOR ( 'NONE', #3419, 1000.000000000000000 ) ;
#1501 = DIRECTION ( 'NONE',  ( 1.000000000000000000, 0.000000000000000000, -0.000000000000000000 ) ) ;
#1502 = ORIENTED_EDGE ( 'NONE', *, *, #2499, .F. ) ;
#1503 = ORIENTED_EDGE ( 'NONE', *, *, #421, .F. ) ;
#1504 = AXIS2_PLACEMENT_3D ( 'NONE', #4635, #1844, #4096 ) ;
#1505 = ADVANCED_FACE ( 'NONE', ( #5081 ), #2378, .T. ) ;
#1506 = CARTESIAN_POINT ( 'NONE',  ( -18.99999999999999645, 6.000000000000025757, 5.200000000000000178 ) ) ;
#1507 = DIRECTION ( 'NONE',  ( 0.000000000000000000, 1.000000000000000000, 0.000000000000000000 ) ) ;
#1508 = CARTESIAN_POINT ( 'NONE',  ( -103.6500000000000057, 1.500000000000038414, 0.000000000000000000 ) ) ;
#1509 = CARTESIAN_POINT ( 'NONE',  ( 0.000000000000000000, 44.49999999999990052, 48.00000000000000000 ) ) ;
#1510 = DIRECTION ( 'NONE',  ( 0.5773502691896191807, -0.5773502691896310601, -0.5773502691896270633 ) ) ;
#1511 = VECTOR ( 'NONE', #3718, 1000.000000000000000 ) ;
#1512 = LINE ( 'NONE', #5079, #1423 ) ;
#1513 = ORIENTED_EDGE ( 'NONE', *, *, #5550, .F. ) ;
#1514 = LINE ( 'NONE', #3797, #5234 ) ;
#1515 = LINE ( 'NONE', #2286, #5749 ) ;
#1516 =( LENGTH_UNIT ( ) NAMED_UNIT ( * ) SI_UNIT ( .MILLI., .METRE. ) );
#1517 = ORIENTED_EDGE ( 'NONE', *, *, #2562, .T. ) ;
#1518 = CARTESIAN_POINT ( 'NONE',  ( -24.85000000000000142, 1.999999999999999556, 1.500000000000000444 ) ) ;
#1519 = ORIENTED_EDGE ( 'NONE', *, *, #9, .F. ) ;
#1520 = CARTESIAN_POINT ( 'NONE',  ( -118.9999999999999858, 1.500000000000035971, 0.000000000000000000 ) ) ;
#1521 = AXIS2_PLACEMENT_3D ( 'NONE', #5734, #1311, #3099 ) ;
#1522 = EDGE_LOOP ( 'NONE', ( #1799, #393, #3683, #3772 ) ) ;
#1523 = VERTEX_POINT ( 'NONE', #4168 ) ;
#1524 = EDGE_CURVE ( 'NONE', #4267, #684, #5170, .T. ) ;
#1525 = DIRECTION ( 'NONE',  ( -0.7071067811865474617, -0.000000000000000000, 0.7071067811865474617 ) ) ;
#1526 = CARTESIAN_POINT ( 'NONE',  ( -4.000000000000023093, 50.85000000000003695, 0.5000000000000143219 ) ) ;
#1527 = DIRECTION ( 'NONE',  ( 0.000000000000000000, 0.7071067811865574537, -0.7071067811865376918 ) ) ;
#1528 = VERTEX_POINT ( 'NONE', #5497 ) ;
#1529 = VECTOR ( 'NONE', #2226, 1000.000000000000000 ) ;
#1530 = CARTESIAN_POINT ( 'NONE',  ( -117.0000000000000000, 6.000000000000023981, 7.000000000000000000 ) ) ;
#1531 = CARTESIAN_POINT ( 'NONE',  ( -24.85000000000000142, 49.00000000000001421, 1.500000000000000444 ) ) ;
#1532 = ORIENTED_EDGE ( 'NONE', *, *, #3884, .F. ) ;
#1533 = EDGE_CURVE ( 'NONE', #3456, #1110, #1548, .T. ) ;
#1534 = CARTESIAN_POINT ( 'NONE',  ( -44.50000000000007816, 0.5000000000000004441, 7.000000000000000000 ) ) ;
#1535 = ORIENTED_EDGE ( 'NONE', *, *, #4854, .T. ) ;
#1536 = AXIS2_PLACEMENT_3D ( 'NONE', #351, #3830, #269 ) ;
#1537 = CARTESIAN_POINT ( 'NONE',  ( -6.000000000000000000, 48.00000000000002842, 3.499999999999999556 ) ) ;
#1538 = DIRECTION ( 'NONE',  ( -0.000000000000000000, 1.000000000000000000, 0.000000000000000000 ) ) ;
#1539 = CARTESIAN_POINT ( 'NONE',  ( -104.0000000000000000, 43.99999999999990052, 40.99999999999998579 ) ) ;
#1540 = CARTESIAN_POINT ( 'NONE',  ( -119.0000000000000000, 54.50000000000002132, 0.000000000000000000 ) ) ;
#1541 = DIRECTION ( 'NONE',  ( 0.000000000000000000, 0.000000000000000000, -1.000000000000000000 ) ) ;
#1542 = AXIS2_PLACEMENT_3D ( 'NONE', #2724, #576, #4039 ) ;
#1543 = DIRECTION ( 'NONE',  ( 0.000000000000000000, 0.000000000000000000, 1.000000000000000000 ) ) ;
#1544 = EDGE_CURVE ( 'NONE', #277, #4923, #1605, .T. ) ;
#1545 = ORIENTED_EDGE ( 'NONE', *, *, #5317, .F. ) ;
#1546 = CARTESIAN_POINT ( 'NONE',  ( -53.00000000000015632, 43.99999999999990052, 40.00000000000000000 ) ) ;
#1547 = ORIENTED_EDGE ( 'NONE', *, *, #4889, .F. ) ;
#1548 = LINE ( 'NONE', #1136, #5515 ) ;
#1549 = DIRECTION ( 'NONE',  ( -0.000000000000000000, -0.000000000000000000, 1.000000000000000000 ) ) ;
#1550 = DIRECTION ( 'NONE',  ( 0.000000000000000000, -1.000000000000000000, 0.000000000000000000 ) ) ;
#1551 = DATE_AND_TIME ( #41, #3533 ) ;
#1552 = ORIENTED_EDGE ( 'NONE', *, *, #2699, .T. ) ;
#1553 = EDGE_CURVE ( 'NONE', #4723, #1084, #4731, .T. ) ;
#1554 = LINE ( 'NONE', #5677, #4227 ) ;
#1555 = CARTESIAN_POINT ( 'NONE',  ( -2.000000000000021760, 50.85000000000003695, 0.5000000000000143219 ) ) ;
#1556 = ORIENTED_EDGE ( 'NONE', *, *, #1544, .F. ) ;
#1557 = CARTESIAN_POINT ( 'NONE',  ( -2.000000000000021760, 50.85000000000003695, 6.499999999999985789 ) ) ;
#1558 = VECTOR ( 'NONE', #4780, 1000.000000000000000 ) ;
#1559 = LINE ( 'NONE', #5599, #5118 ) ;
#1560 = ORIENTED_EDGE ( 'NONE', *, *, #452, .T. ) ;
#1561 = CARTESIAN_POINT ( 'NONE',  ( -107.1499999999999915, 4.000000000000023093, 7.000000000000000000 ) ) ;
#1562 = PLANE ( 'NONE',  #5612 ) ;
#1563 = ORIENTED_EDGE ( 'NONE', *, *, #5649, .T. ) ;
#1564 = EDGE_LOOP ( 'NONE', ( #5055, #1214, #206, #2892 ) ) ;
#1565 = LINE ( 'NONE', #5133, #5078 ) ;
#1566 = DIRECTION ( 'NONE',  ( 0.000000000000000000, 0.000000000000000000, 1.000000000000000000 ) ) ;
#1567 = DIRECTION ( 'NONE',  ( -1.000000000000000000, -1.521687259628775549E-16, 0.000000000000000000 ) ) ;
#1568 = ADVANCED_FACE ( 'NONE', ( #3371 ), #1477, .F. ) ;
#1569 = LINE ( 'NONE', #3791, #2808 ) ;
#1570 = VERTEX_POINT ( 'NONE', #4201 ) ;
#1571 = DIRECTION ( 'NONE',  ( 0.000000000000000000, 1.000000000000000000, 0.000000000000000000 ) ) ;
#1572 = CARTESIAN_POINT ( 'NONE',  ( -21.85000000000000142, 51.00000000000000711, 6.499999999999985789 ) ) ;
#1573 = DIRECTION ( 'NONE',  ( -1.000000000000000000, 0.000000000000000000, 0.000000000000000000 ) ) ;
#1574 = EDGE_CURVE ( 'NONE', #1618, #3716, #5112, .T. ) ;
#1575 = LINE ( 'NONE', #3374, #2513 ) ;
#1576 = VERTEX_POINT ( 'NONE', #1572 ) ;
#1577 = FACE_OUTER_BOUND ( 'NONE', #5633, .T. ) ;
#1578 = CARTESIAN_POINT ( 'NONE',  ( -6.000000000000023981, 42.15000000000001990, 7.000000000000000000 ) ) ;
#1579 = ADVANCED_FACE ( 'NONE', ( #613 ), #2408, .F. ) ;
#1580 = ORIENTED_EDGE ( 'NONE', *, *, #3182, .T. ) ;
#1581 = PLANE ( 'NONE',  #5532 ) ;
#1582 = VECTOR ( 'NONE', #2559, 1000.000000000000000 ) ;
#1583 = VECTOR ( 'NONE', #3980, 1000.000000000000000 ) ;
#1584 = FACE_OUTER_BOUND ( 'NONE', #3141, .T. ) ;
#1585 = ORIENTED_EDGE ( 'NONE', *, *, #640, .T. ) ;
#1586 = LINE ( 'NONE', #2487, #4003 ) ;
#1587 = EDGE_LOOP ( 'NONE', ( #2520, #4977, #4518, #4214 ) ) ;
#1588 = AXIS2_PLACEMENT_3D ( 'NONE', #5603, #5160, #2970 ) ;
#1589 = EDGE_LOOP ( 'NONE', ( #1818, #4269, #1636, #4378 ) ) ;
#1590 = CARTESIAN_POINT ( 'NONE',  ( -110.9999999999999716, 31.99999999999990408, 34.00000000000003553 ) ) ;
#1591 = ORIENTED_EDGE ( 'NONE', *, *, #2567, .T. ) ;
#1592 = CC_DESIGN_DATE_AND_TIME_ASSIGNMENT ( #1109, #2891, ( #4160 ) ) ;
#1593 = DIRECTION ( 'NONE',  ( 0.000000000000000000, 1.000000000000000000, 0.000000000000000000 ) ) ;
#1594 = VECTOR ( 'NONE', #2291, 1000.000000000000000 ) ;
#1595 = CARTESIAN_POINT ( 'NONE',  ( -47.00000000000008527, 43.99999999999990052, 48.00000000000000000 ) ) ;
#1596 = AXIS2_PLACEMENT_3D ( 'NONE', #3586, #5283, #5368 ) ;
#1597 = CARTESIAN_POINT ( 'NONE',  ( -110.9999999999999716, 2.500000000000023093, 7.000000000000000000 ) ) ;
#1598 = DIRECTION ( 'NONE',  ( 0.7071067811865622277, 0.000000000000000000, -0.7071067811865328068 ) ) ;
#1599 = LINE ( 'NONE', #4783, #2039 ) ;
#1600 = CARTESIAN_POINT ( 'NONE',  ( -110.9999999999999716, 43.99999999999990052, 7.000000000000000000 ) ) ;
#1601 = VECTOR ( 'NONE', #5554, 1000.000000000000000 ) ;
#1602 = AXIS2_PLACEMENT_3D ( 'NONE', #75, #5012, #1507 ) ;
#1603 = EDGE_CURVE ( 'NONE', #3536, #3777, #1106, .T. ) ;
#1604 = DIRECTION ( 'NONE',  ( 0.000000000000000000, -0.000000000000000000, -1.000000000000000000 ) ) ;
#1605 = LINE ( 'NONE', #1165, #1387 ) ;
#1606 = CARTESIAN_POINT ( 'NONE',  ( -119.0000000000000000, 4.499999999999997335, 7.000000000000000000 ) ) ;
#1607 = LINE ( 'NONE', #3400, #659 ) ;
#1608 = AXIS2_PLACEMENT_3D ( 'NONE', #654, #1493, #4211 ) ;
#1609 = EDGE_CURVE ( 'NONE', #2629, #5773, #4700, .T. ) ;
#1610 = EDGE_CURVE ( 'NONE', #1468, #1004, #1281, .T. ) ;
#1611 = PLANE ( 'NONE',  #958 ) ;
#1612 = ORIENTED_EDGE ( 'NONE', *, *, #1467, .F. ) ;
#1613 = CARTESIAN_POINT ( 'NONE',  ( -6.000000000000023981, 42.15000000000001990, 7.000000000000000000 ) ) ;
#1614 = EDGE_CURVE ( 'NONE', #5735, #1468, #3066, .T. ) ;
#1615 = EDGE_LOOP ( 'NONE', ( #4114, #1270, #3541, #3164 ) ) ;
#1616 = CARTESIAN_POINT ( 'NONE',  ( -50.70000000000007390, 38.99999999999990052, 43.00000000000000000 ) ) ;
#1617 = DIRECTION ( 'NONE',  ( 0.7071067811865573427, -0.7071067811865378028, -0.000000000000000000 ) ) ;
#1618 = VERTEX_POINT ( 'NONE', #836 ) ;
#1619 = DIRECTION ( 'NONE',  ( 0.5773502691896205130, 0.5773502691896205130, -0.5773502691896363892 ) ) ;
#1620 = VECTOR ( 'NONE', #3907, 1000.000000000000114 ) ;
#1621 = VERTEX_POINT ( 'NONE', #805 ) ;
#1622 = ORIENTED_EDGE ( 'NONE', *, *, #5756, .F. ) ;
#1623 = VECTOR ( 'NONE', #1604, 1000.000000000000000 ) ;
#1624 = CARTESIAN_POINT ( 'NONE',  ( -18.99999999999999645, 4.000000000000017764, 1.800000000000000488 ) ) ;
#1625 = CARTESIAN_POINT ( 'NONE',  ( -119.5000000000000142, 54.00000000000000711, 0.000000000000000000 ) ) ;
#1626 = CARTESIAN_POINT ( 'NONE',  ( -2.000000000000021760, 45.15000000000001990, 6.499999999999985789 ) ) ;
#1627 = EDGE_CURVE ( 'NONE', #3472, #3487, #5230, .T. ) ;
#1628 = DIRECTION ( 'NONE',  ( -1.000000000000000000, 0.000000000000000000, 0.000000000000000000 ) ) ;
#1629 = LINE ( 'NONE', #202, #5146 ) ;
#1630 = VECTOR ( 'NONE', #2787, 1000.000000000000000 ) ;
#1631 = CARTESIAN_POINT ( 'NONE',  ( -0.4999999999999866773, 54.50000000000004263, 0.000000000000000000 ) ) ;
#1632 = FACE_OUTER_BOUND ( 'NONE', #601, .T. ) ;
#1633 = DIRECTION ( 'NONE',  ( 1.000000000000000000, 0.000000000000000000, 0.000000000000000000 ) ) ;
#1634 = LINE ( 'NONE', #3427, #3376 ) ;
#1635 = CIRCLE ( 'NONE', #327, 1.700000000000000178 ) ;
#1636 = ORIENTED_EDGE ( 'NONE', *, *, #5718, .T. ) ;
#1637 = VERTEX_POINT ( 'NONE', #373 ) ;
#1638 = VECTOR ( 'NONE', #1479, 1000.000000000000000 ) ;
#1639 = DIRECTION ( 'NONE',  ( 0.000000000000000000, -0.7071067811865573427, -0.7071067811865378028 ) ) ;
#1640 = ORIENTED_EDGE ( 'NONE', *, *, #2769, .T. ) ;
#1641 = DIRECTION ( 'NONE',  ( 0.5773502691896210681, -0.5773502691896280625, -0.5773502691896280625 ) ) ;
#1642 = EDGE_CURVE ( 'NONE', #1369, #4488, #4320, .T. ) ;
#1643 = VERTEX_POINT ( 'NONE', #5200 ) ;
#1644 = ORIENTED_EDGE ( 'NONE', *, *, #4223, .F. ) ;
#1645 = LINE ( 'NONE', #5185, #2438 ) ;
#1646 = LINE ( 'NONE', #5217, #4368 ) ;
#1647 = EDGE_CURVE ( 'NONE', #5063, #3842, #2590, .T. ) ;
#1648 = ORIENTED_EDGE ( 'NONE', *, *, #3055, .T. ) ;
#1649 = CARTESIAN_POINT ( 'NONE',  ( -103.6500000000000057, 2.000000000000022204, 7.000000000000000000 ) ) ;
#1650 = ORIENTED_EDGE ( 'NONE', *, *, #3369, .F. ) ;
#1651 = ORIENTED_EDGE ( 'NONE', *, *, #2483, .T. ) ;
#1652 = EDGE_LOOP ( 'NONE', ( #4514, #5080, #4411, #4650 ) ) ;
#1653 = CARTESIAN_POINT ( 'NONE',  ( -45.00000000000007816, 45.99999999999990052, 48.00000000000000000 ) ) ;
#1654 = LINE ( 'NONE', #714, #1558 ) ;
#1655 = EDGE_CURVE ( 'NONE', #3158, #1077, #3569, .T. ) ;
#1656 = CARTESIAN_POINT ( 'NONE',  ( -22.35000000000000853, 54.00000000000000000, 0.000000000000000000 ) ) ;
#1657 = LINE ( 'NONE', #1600, #1769 ) ;
#1658 = CIRCLE ( 'NONE', #2869, 1.700000000000000178 ) ;
#1659 = LINE ( 'NONE', #3370, #38 ) ;
#1660 = LINE ( 'NONE', #4761, #2367 ) ;
#1661 = PRODUCT_DEFINITION_FORMATION_WITH_SPECIFIED_SOURCE ( 'ANY', '', #4232, .NOT_KNOWN. ) ;
#1662 = DIRECTION ( 'NONE',  ( -1.907754749525137334E-32, 1.000000000000000000, 0.000000000000000000 ) ) ;
#1663 = ORIENTED_EDGE ( 'NONE', *, *, #1994, .F. ) ;
#1664 = DIRECTION ( 'NONE',  ( -1.000000000000000000, 0.000000000000000000, 0.000000000000000000 ) ) ;
#1665 = EDGE_LOOP ( 'NONE', ( #5479, #726, #853, #2054 ) ) ;
#1666 = CARTESIAN_POINT ( 'NONE',  ( -4.500000000000031974, 54.00000000000000000, 7.000000000000000000 ) ) ;
#1667 = CARTESIAN_POINT ( 'NONE',  ( -15.64999999999997016, 4.500000000000033751, 0.000000000000000000 ) ) ;
#1668 = EDGE_LOOP ( 'NONE', ( #5157, #581, #5249, #1752, #1898, #5579, #1449 ) ) ;
#1669 = CARTESIAN_POINT ( 'NONE',  ( -18.99999999999999645, 2.000000000000015543, 5.200000000000000178 ) ) ;
#1670 = EDGE_CURVE ( 'NONE', #4027, #4381, #2732, .T. ) ;
#1671 = ORIENTED_EDGE ( 'NONE', *, *, #2490, .T. ) ;
#1672 = VECTOR ( 'NONE', #5367, 1000.000000000000000 ) ;
#1673 = EDGE_CURVE ( 'NONE', #1430, #2701, #4139, .T. ) ;
#1674 = PLANE ( 'NONE',  #2148 ) ;
#1675 = DIRECTION ( 'NONE',  ( 0.000000000000000000, -0.000000000000000000, -1.000000000000000000 ) ) ;
#1676 = CIRCLE ( 'NONE', #193, 1.700000000000000178 ) ;
#1677 = DIRECTION ( 'NONE',  ( -1.000000000000000000, 0.000000000000000000, 0.000000000000000000 ) ) ;
#1678 = DIRECTION ( 'NONE',  ( -1.000000000000000000, 0.000000000000000000, 0.000000000000000000 ) ) ;
#1679 = CARTESIAN_POINT ( 'NONE',  ( -110.9999999999999716, 6.000000000000025757, 4.874772708486770689 ) ) ;
#1680 = ADVANCED_FACE ( 'NONE', ( #547 ), #1802, .T. ) ;
#1681 = CIRCLE ( 'NONE', #5418, 1.699999999999999734 ) ;
#1682 = AXIS2_PLACEMENT_3D ( 'NONE', #3531, #5305, #1305 ) ;
#1683 = FACE_OUTER_BOUND ( 'NONE', #2411, .T. ) ;
#1684 = FACE_OUTER_BOUND ( 'NONE', #2079, .T. ) ;
#1685 = VERTEX_POINT ( 'NONE', #1415 ) ;
#1686 = VECTOR ( 'NONE', #2582, 1000.000000000000000 ) ;
#1687 = EDGE_CURVE ( 'NONE', #736, #2012, #927, .T. ) ;
#1688 = CARTESIAN_POINT ( 'NONE',  ( -112.9999999999999716, 42.34999999999988773, 43.00000000000000000 ) ) ;
#1689 = ORIENTED_EDGE ( 'NONE', *, *, #3537, .T. ) ;
#1690 = LINE ( 'NONE', #5595, #3684 ) ;
#1691 = DIRECTION ( 'NONE',  ( 0.000000000000000000, 1.000000000000000000, 0.000000000000000000 ) ) ;
#1692 = CIRCLE ( 'NONE', #25, 1.700000000000000178 ) ;
#1693 = VERTEX_POINT ( 'NONE', #583 ) ;
#1694 = PLANE ( 'NONE',  #2711 ) ;
#1695 = DIRECTION ( 'NONE',  ( 1.000000000000000000, 1.749300984178293063E-16, 0.000000000000000000 ) ) ;
#1696 = PLANE ( 'NONE',  #5593 ) ;
#1697 = ORIENTED_EDGE ( 'NONE', *, *, #1410, .T. ) ;
#1698 = DIRECTION ( 'NONE',  ( 0.000000000000000000, -1.000000000000000000, 0.000000000000000000 ) ) ;
#1699 = ADVANCED_FACE ( 'NONE', ( #2348 ), #5053, .F. ) ;
#1700 = ORIENTED_EDGE ( 'NONE', *, *, #808, .T. ) ;
#1701 = EDGE_LOOP ( 'NONE', ( #711, #1480, #3267, #660 ) ) ;
#1702 = ADVANCED_BREP_SHAPE_REPRESENTATION ( 'MB_PSU_vent_right_v1', ( #3526, #3064 ), #1201 ) ;
#1703 = CARTESIAN_POINT ( 'NONE',  ( -47.00000000000008527, 31.99999999999990408, 46.00000000000000000 ) ) ;
#1704 = CARTESIAN_POINT ( 'NONE',  ( -117.0000000000000000, 49.00000000000000000, 6.500000000000013323 ) ) ;
#1705 = CIRCLE ( 'NONE', #35, 1.699999999999993072 ) ;
#1706 = LINE ( 'NONE', #4370, #833 ) ;
#1707 = EDGE_CURVE ( 'NONE', #2601, #1090, #2475, .T. ) ;
#1708 = CARTESIAN_POINT ( 'NONE',  ( -47.30000000000006821, 38.99999999999990052, 40.00000000000000000 ) ) ;
#1709 = CARTESIAN_POINT ( 'NONE',  ( -1.500000000000001332, 54.00000000000000000, 7.000000000000000000 ) ) ;
#1710 = FACE_BOUND ( 'NONE', #778, .T. ) ;
#1711 = LINE ( 'NONE', #867, #4848 ) ;
#1712 = ORIENTED_EDGE ( 'NONE', *, *, #5031, .F. ) ;
#1713 = EDGE_CURVE ( 'NONE', #2775, #5591, #1575, .T. ) ;
#1714 = VECTOR ( 'NONE', #3959, 1000.000000000000000 ) ;
#1715 = LINE ( 'NONE', #5204, #112 ) ;
#1716 = CARTESIAN_POINT ( 'NONE',  ( -110.9999999999999716, 43.99999999999990052, 48.00000000000000000 ) ) ;
#1717 = VERTEX_POINT ( 'NONE', #1108 ) ;
#1718 = CIRCLE ( 'NONE', #3773, 1.000000000000000888 ) ;
#1719 = CARTESIAN_POINT ( 'NONE',  ( -123.0000000000000000, -4.286263797015740046E-16, 7.000000000000000000 ) ) ;
#1720 = EDGE_CURVE ( 'NONE', #3760, #3949, #8, .T. ) ;
#1721 = VECTOR ( 'NONE', #2820, 1000.000000000000000 ) ;
#1722 = ORIENTED_EDGE ( 'NONE', *, *, #4921, .F. ) ;
#1723 = DIRECTION ( 'NONE',  ( 1.000000000000000000, 1.521687259628775549E-16, 0.000000000000000000 ) ) ;
#1724 = DIRECTION ( 'NONE',  ( 0.000000000000000000, -1.000000000000000000, 0.000000000000000000 ) ) ;
#1725 = CARTESIAN_POINT ( 'NONE',  ( -15.64999999999997016, 54.00000000000000000, 7.000000000000000000 ) ) ;
#1726 = EDGE_LOOP ( 'NONE', ( #2705, #618, #4675, #3799 ) ) ;
#1727 = DIRECTION ( 'NONE',  ( 0.000000000000000000, 0.000000000000000000, 1.000000000000000000 ) ) ;
#1728 = EDGE_LOOP ( 'NONE', ( #2327, #5600, #3825, #4060, #4807, #782, #899 ) ) ;
#1729 = CARTESIAN_POINT ( 'NONE',  ( -47.00000000000008527, 43.99999999999990052, 33.99999999999992895 ) ) ;
#1730 = DIRECTION ( 'NONE',  ( 0.000000000000000000, -1.000000000000000000, 0.000000000000000000 ) ) ;
#1731 = CARTESIAN_POINT ( 'NONE',  ( -112.4999999999999716, 41.84999999999990195, 43.00000000000000000 ) ) ;
#1732 = DIRECTION ( 'NONE',  ( -1.000000000000000000, -1.521687259628775549E-16, 0.000000000000000000 ) ) ;
#1733 = FACE_OUTER_BOUND ( 'NONE', #5020, .T. ) ;
#1734 = EDGE_CURVE ( 'NONE', #3112, #4055, #644, .T. ) ;
#1735 = LINE ( 'NONE', #2557, #1989 ) ;
#1736 = VECTOR ( 'NONE', #2579, 1000.000000000000000 ) ;
#1737 = CARTESIAN_POINT ( 'NONE',  ( -110.9999999999999716, 44.49999999999988631, 0.000000000000000000 ) ) ;
#1738 = ORIENTED_EDGE ( 'NONE', *, *, #3775, .F. ) ;
#1739 = ORIENTED_EDGE ( 'NONE', *, *, #960, .T. ) ;
#1740 = AXIS2_PLACEMENT_3D ( 'NONE', #2333, #4479, #1398 ) ;
#1741 = EDGE_CURVE ( 'NONE', #2072, #5687, #2862, .T. ) ;
#1742 = FACE_OUTER_BOUND ( 'NONE', #2984, .T. ) ;
#1743 = DIRECTION ( 'NONE',  ( 0.000000000000000000, -1.000000000000000000, 0.000000000000000000 ) ) ;
#1744 = VERTEX_POINT ( 'NONE', #3344 ) ;
#1745 = EDGE_CURVE ( 'NONE', #679, #4125, #2380, .T. ) ;
#1746 = CARTESIAN_POINT ( 'NONE',  ( -21.85000000000000142, 4.000000000000018652, 0.5000000000000281997 ) ) ;
#1747 = CARTESIAN_POINT ( 'NONE',  ( -21.85000000000000142, 2.000000000000012879, 0.5000000000000281997 ) ) ;
#1748 = LINE ( 'NONE', #5686, #639 ) ;
#1749 = ORIENTED_EDGE ( 'NONE', *, *, #4616, .F. ) ;
#1750 = CARTESIAN_POINT ( 'NONE',  ( -107.1499999999999915, 2.500000000000022204, 7.000000000000000000 ) ) ;
#1751 = EDGE_LOOP ( 'NONE', ( #4008, #4239, #4791, #2476 ) ) ;
#1752 = ORIENTED_EDGE ( 'NONE', *, *, #4963, .T. ) ;
#1753 = PLANE ( 'NONE',  #1953 ) ;
#1754 = EDGE_LOOP ( 'NONE', ( #4352, #3245, #560, #4662 ) ) ;
#1755 = CARTESIAN_POINT ( 'NONE',  ( -47.50000000000007105, 2.000000000000030642, 7.000000000000000000 ) ) ;
#1756 = CARTESIAN_POINT ( 'NONE',  ( -107.2999999999999972, 38.99999999999990052, 40.00000000000000000 ) ) ;
#1757 = DIRECTION ( 'NONE',  ( 0.000000000000000000, 0.000000000000000000, -1.000000000000000000 ) ) ;
#1758 = DIRECTION ( 'NONE',  ( -0.000000000000000000, -1.000000000000000000, -0.000000000000000000 ) ) ;
#1759 = DIRECTION ( 'NONE',  ( 1.000000000000000000, 1.907754749525137334E-32, 0.000000000000000000 ) ) ;
#1760 = ORIENTED_EDGE ( 'NONE', *, *, #769, .T. ) ;
#1761 = CC_DESIGN_PERSON_AND_ORGANIZATION_ASSIGNMENT ( #4024, #1808, ( #2772 ) ) ;
#1762 = CARTESIAN_POINT ( 'NONE',  ( -47.00000000000016342, 43.99999999999990052, 46.00000000000000000 ) ) ;
#1763 = AXIS2_PLACEMENT_3D ( 'NONE', #2442, #2888, #5589 ) ;
#1764 = DIRECTION ( 'NONE',  ( -1.000000000000000000, 0.000000000000000000, 0.000000000000000000 ) ) ;
#1765 = CARTESIAN_POINT ( 'NONE',  ( -111.4999999999999574, 54.00000000000000000, 0.000000000000000000 ) ) ;
#1766 = ORIENTED_EDGE ( 'NONE', *, *, #673, .F. ) ;
#1767 = EDGE_CURVE ( 'NONE', #4021, #1049, #2444, .T. ) ;
#1768 = AXIS2_PLACEMENT_3D ( 'NONE', #1151, #1184, #221 ) ;
#1769 = VECTOR ( 'NONE', #3396, 1000.000000000000000 ) ;
#1770 = CARTESIAN_POINT ( 'NONE',  ( -104.1499999999999915, 2.500000000000022649, 0.5000000000000003331 ) ) ;
#1771 = ORIENTED_EDGE ( 'NONE', *, *, #3069, .F. ) ;
#1772 = CARTESIAN_POINT ( 'NONE',  ( -117.0000000000000000, 6.000000000000023981, 6.500000000000013323 ) ) ;
#1773 = VECTOR ( 'NONE', #1271, 1000.000000000000000 ) ;
#1774 = EDGE_CURVE ( 'NONE', #3658, #72, #2036, .T. ) ;
#1775 = VECTOR ( 'NONE', #505, 999.9999999999998863 ) ;
#1776 = ORIENTED_EDGE ( 'NONE', *, *, #3473, .T. ) ;
#1777 = VECTOR ( 'NONE', #1407, 1000.000000000000000 ) ;
#1778 = VECTOR ( 'NONE', #2923, 1000.000000000000114 ) ;
#1779 = DIRECTION ( 'NONE',  ( -0.000000000000000000, -1.000000000000000000, -0.000000000000000000 ) ) ;
#1780 = PLANE ( 'NONE',  #3412 ) ;
#1781 =( NAMED_UNIT ( * ) PLANE_ANGLE_UNIT ( ) SI_UNIT ( $, .RADIAN. ) );
#1782 = CARTESIAN_POINT ( 'NONE',  ( -21.18333333333333712, 51.66666666666667851, 5.833333333333312609 ) ) ;
#1783 = ORIENTED_EDGE ( 'NONE', *, *, #1169, .F. ) ;
#1784 = EDGE_CURVE ( 'NONE', #5396, #4053, #1607, .T. ) ;
#1785 = EDGE_LOOP ( 'NONE', ( #2425, #1622, #3258, #5689 ) ) ;
#1786 = CARTESIAN_POINT ( 'NONE',  ( -45.00000000000007816, 2.500000000000015987, 48.00000000000000000 ) ) ;
#1787 = PLANE ( 'NONE',  #3439 ) ;
#1788 = LINE ( 'NONE', #3479, #2996 ) ;
#1789 = CARTESIAN_POINT ( 'NONE',  ( -21.85000000000000142, 2.000000000000012879, 7.000000000000000000 ) ) ;
#1790 = EDGE_CURVE ( 'NONE', #5268, #2503, #2600, .T. ) ;
#1791 = LINE ( 'NONE', #455, #2322 ) ;
#1792 = ORIENTED_EDGE ( 'NONE', *, *, #1610, .F. ) ;
#1793 = DIRECTION ( 'NONE',  ( -1.000000000000000000, -1.521687259628775549E-16, 0.000000000000000000 ) ) ;
#1794 = AXIS2_PLACEMENT_3D ( 'NONE', #1203, #5119, #1233 ) ;
#1795 = LINE ( 'NONE', #3484, #3688 ) ;
#1796 = VERTEX_POINT ( 'NONE', #2065 ) ;
#1797 = VECTOR ( 'NONE', #5673, 1000.000000000000000 ) ;
#1798 = CARTESIAN_POINT ( 'NONE',  ( -18.99999999999999645, 55.00000000000002842, 1.800000000000000488 ) ) ;
#1799 = ORIENTED_EDGE ( 'NONE', *, *, #4431, .T. ) ;
#1800 = CARTESIAN_POINT ( 'NONE',  ( -22.35000000000000853, 54.00000000000000000, 7.000000000000000000 ) ) ;
#1801 = EDGE_CURVE ( 'NONE', #2404, #4802, #5527, .T. ) ;
#1802 = PLANE ( 'NONE',  #4476 ) ;
#1803 = VECTOR ( 'NONE', #2754, 1000.000000000000000 ) ;
#1804 = AXIS2_PLACEMENT_3D ( 'NONE', #4852, #4417, #415 ) ;
#1805 = DIRECTION ( 'NONE',  ( 0.000000000000000000, -1.000000000000000000, 0.000000000000000000 ) ) ;
#1806 = DIRECTION ( 'NONE',  ( -0.5773502691896310601, -0.5773502691896311712, 0.5773502691896150729 ) ) ;
#1807 = EDGE_CURVE ( 'NONE', #738, #5637, #5083, .T. ) ;
#1808 = PERSON_AND_ORGANIZATION_ROLE ( 'classification_officer' ) ;
#1809 = VECTOR ( 'NONE', #749, 1000.000000000000000 ) ;
#1810 = ORIENTED_EDGE ( 'NONE', *, *, #1745, .F. ) ;
#1811 = ORIENTED_EDGE ( 'NONE', *, *, #3956, .T. ) ;
#1812 = ORIENTED_EDGE ( 'NONE', *, *, #4831, .T. ) ;
#1813 = EDGE_CURVE ( 'NONE', #4267, #1576, #616, .T. ) ;
#1814 = CARTESIAN_POINT ( 'NONE',  ( -112.8500000000000085, 4.000000000000022204, 0.5000000000000004441 ) ) ;
#1815 = LINE ( 'NONE', #1496, #3351 ) ;
#1816 = CARTESIAN_POINT ( 'NONE',  ( -104.1499999999999915, 2.000000000000022204, 0.5000000000000005551 ) ) ;
#1817 = DIRECTION ( 'NONE',  ( 0.000000000000000000, -0.7071067811865425767, 0.7071067811865524577 ) ) ;
#1818 = ORIENTED_EDGE ( 'NONE', *, *, #2608, .T. ) ;
#1819 = EDGE_CURVE ( 'NONE', #1295, #17, #1634, .T. ) ;
#1820 = CARTESIAN_POINT ( 'NONE',  ( -112.9999999999999716, 0.4999999999999866773, 7.499999999999987566 ) ) ;
#1821 = DIRECTION ( 'NONE',  ( -0.7071067811865573427, 0.7071067811865378028, 0.000000000000000000 ) ) ;
#1822 = ORIENTED_EDGE ( 'NONE', *, *, #3473, .F. ) ;
#1823 = VECTOR ( 'NONE', #5462, 1000.000000000000000 ) ;
#1824 = DIRECTION ( 'NONE',  ( -0.000000000000000000, -0.000000000000000000, 1.000000000000000000 ) ) ;
#1825 = ORIENTED_EDGE ( 'NONE', *, *, #2070, .T. ) ;
#1826 = CARTESIAN_POINT ( 'NONE',  ( -4.000000000000023093, 46.30000000000002558, 3.499999999999999556 ) ) ;
#1827 = EDGE_CURVE ( 'NONE', #1618, #3641, #1044, .T. ) ;
#1828 = DIRECTION ( 'NONE',  ( -1.000000000000000000, -1.749300984178293063E-16, 0.000000000000000000 ) ) ;
#1829 = VECTOR ( 'NONE', #3780, 1000.000000000000000 ) ;
#1830 = LINE ( 'NONE', #2739, #3030 ) ;
#1831 = ORIENTED_EDGE ( 'NONE', *, *, #5312, .F. ) ;
#1832 = ORIENTED_EDGE ( 'NONE', *, *, #3582, .F. ) ;
#1833 = ADVANCED_FACE ( 'NONE', ( #4790 ), #777, .T. ) ;
#1834 = ORIENTED_EDGE ( 'NONE', *, *, #4758, .T. ) ;
#1835 = LINE ( 'NONE', #1397, #1775 ) ;
#1836 = FACE_OUTER_BOUND ( 'NONE', #3056, .T. ) ;
#1837 = ORIENTED_EDGE ( 'NONE', *, *, #4523, .F. ) ;
#1838 = DIRECTION ( 'NONE',  ( 0.000000000000000000, 0.000000000000000000, 1.000000000000000000 ) ) ;
#1839 = LINE ( 'NONE', #428, #5030 ) ;
#1840 = ORIENTED_EDGE ( 'NONE', *, *, #2261, .F. ) ;
#1841 = EDGE_CURVE ( 'NONE', #4561, #3698, #4406, .T. ) ;
#1842 = LINE ( 'NONE', #4511, #3952 ) ;
#1843 = CARTESIAN_POINT ( 'NONE',  ( -119.0000000000000000, 7.500000000000000000, 7.000000000000000000 ) ) ;
#1844 = DIRECTION ( 'NONE',  ( 1.000000000000000000, 1.907754749525137334E-32, 0.000000000000000000 ) ) ;
#1845 = CIRCLE ( 'NONE', #2683, 1.699999999999999734 ) ;
#1846 = ORIENTED_EDGE ( 'NONE', *, *, #2076, .F. ) ;
#1847 = EDGE_CURVE ( 'NONE', #2510, #4549, #1711, .T. ) ;
#1848 = EDGE_CURVE ( 'NONE', #4687, #1295, #3041, .T. ) ;
#1849 = CARTESIAN_POINT ( 'NONE',  ( -117.0000000000000000, 53.00000000000002842, 6.500000000000013323 ) ) ;
#1850 = VERTEX_POINT ( 'NONE', #2982 ) ;
#1851 = CARTESIAN_POINT ( 'NONE',  ( -120.0000000000000000, 5.000000000000000000, 7.000000000000000000 ) ) ;
#1852 = ORIENTED_EDGE ( 'NONE', *, *, #1713, .T. ) ;
#1853 = CIRCLE ( 'NONE', #4572, 1.699999999999993072 ) ;
#1854 = LINE ( 'NONE', #1419, #3556 ) ;
#1855 = CARTESIAN_POINT ( 'NONE',  ( -24.85000000000000142, 53.00000000000004263, 6.500000000000013323 ) ) ;
#1856 = VECTOR ( 'NONE', #4919, 1000.000000000000000 ) ;
#1857 = AXIS2_PLACEMENT_3D ( 'NONE', #1116, #4240, #244 ) ;
#1858 = PLANE ( 'NONE',  #4711 ) ;
#1859 = FACE_OUTER_BOUND ( 'NONE', #1993, .T. ) ;
#1860 = VECTOR ( 'NONE', #48, 1000.000000000000000 ) ;
#1861 = ORIENTED_EDGE ( 'NONE', *, *, #421, .T. ) ;
#1862 = DIRECTION ( 'NONE',  ( 0.000000000000000000, -0.7071067811865475727, -0.7071067811865475727 ) ) ;
#1863 = ORIENTED_EDGE ( 'NONE', *, *, #3685, .T. ) ;
#1864 = LINE ( 'NONE', #5094, #397 ) ;
#1865 = CARTESIAN_POINT ( 'NONE',  ( -18.99999999999999645, 55.00000000000002842, 1.800000000000000488 ) ) ;
#1866 = CARTESIAN_POINT ( 'NONE',  ( -110.9999999999999716, 43.99999999999990052, 47.50000000000001421 ) ) ;
#1867 = EDGE_CURVE ( 'NONE', #3184, #4906, #2532, .T. ) ;
#1868 = ORIENTED_EDGE ( 'NONE', *, *, #3607, .F. ) ;
#1869 = DIRECTION ( 'NONE',  ( -0.000000000000000000, 1.000000000000000000, 0.000000000000000000 ) ) ;
#1870 = DIRECTION ( 'NONE',  ( 0.000000000000000000, 0.000000000000000000, -1.000000000000000000 ) ) ;
#1871 = ORIENTED_EDGE ( 'NONE', *, *, #4046, .T. ) ;
#1872 = CARTESIAN_POINT ( 'NONE',  ( -112.9999999999999716, 45.99999999999990052, 47.50000000000002842 ) ) ;
#1873 = DIRECTION ( 'NONE',  ( -0.000000000000000000, -0.000000000000000000, 1.000000000000000000 ) ) ;
#1874 = EDGE_CURVE ( 'NONE', #4986, #3263, #5732, .T. ) ;
#1875 = VECTOR ( 'NONE', #4584, 1000.000000000000000 ) ;
#1876 = PLANE ( 'NONE',  #4106 ) ;
#1877 = DIRECTION ( 'NONE',  ( -1.000000000000000000, 0.000000000000000000, 0.000000000000000000 ) ) ;
#1878 = LINE ( 'NONE', #1006, #1153 ) ;
#1879 = VERTEX_POINT ( 'NONE', #828 ) ;
#1880 = DIRECTION ( 'NONE',  ( -1.000000000000000000, 4.798681814596977572E-17, 0.000000000000000000 ) ) ;
#1881 = ADVANCED_FACE ( 'NONE', ( #3546 ), #903, .F. ) ;
#1882 = VERTEX_POINT ( 'NONE', #4400 ) ;
#1883 = VECTOR ( 'NONE', #3013, 1000.000000000000000 ) ;
#1884 = EDGE_LOOP ( 'NONE', ( #709, #3893, #1185, #2764 ) ) ;
#1885 = CYLINDRICAL_SURFACE ( 'NONE', #2535, 1.699999999999999734 ) ;
#1886 = AXIS2_PLACEMENT_3D ( 'NONE', #1475, #113, #1382 ) ;
#1887 = PLANE ( 'NONE',  #2645 ) ;
#1888 = EDGE_CURVE ( 'NONE', #1621, #2012, #2165, .T. ) ;
#1889 = CARTESIAN_POINT ( 'NONE',  ( -120.8333333333333712, 5.333333333333382775, -2.166666666666690944 ) ) ;
#1890 = VECTOR ( 'NONE', #539, 1000.000000000000000 ) ;
#1891 = ORIENTED_EDGE ( 'NONE', *, *, #1713, .F. ) ;
#1892 = EDGE_LOOP ( 'NONE', ( #2586, #3165, #1474, #1007 ) ) ;
#1893 = CARTESIAN_POINT ( 'NONE',  ( -4.500000000000031974, 44.65000000000000568, 0.000000000000000000 ) ) ;
#1894 = FACE_BOUND ( 'NONE', #5277, .T. ) ;
#1895 = VECTOR ( 'NONE', #1724, 1000.000000000000000 ) ;
#1896 = PLANE ( 'NONE',  #4864 ) ;
#1897 = LINE ( 'NONE', #3694, #2669 ) ;
#1898 = ORIENTED_EDGE ( 'NONE', *, *, #2239, .T. ) ;
#1899 = CARTESIAN_POINT ( 'NONE',  ( -24.85000000000000142, 6.000000000000023981, 1.500000000000000444 ) ) ;
#1900 = DIRECTION ( 'NONE',  ( 0.000000000000000000, 1.000000000000000000, -0.000000000000000000 ) ) ;
#1901 = ORIENTED_EDGE ( 'NONE', *, *, #4258, .F. ) ;
#1902 = AXIS2_PLACEMENT_3D ( 'NONE', #2639, #4012, #3590 ) ;
#1903 = DIRECTION ( 'NONE',  ( 1.000000000000000000, 0.000000000000000000, 0.000000000000000000 ) ) ;
#1904 = LINE ( 'NONE', #5519, #1317 ) ;
#1905 = CARTESIAN_POINT ( 'NONE',  ( -47.00000000000008527, 43.99999999999990052, 33.99999999999992895 ) ) ;
#1906 = LINE ( 'NONE', #3702, #4376 ) ;
#1907 = ADVANCED_FACE ( 'NONE', ( #3900 ), #5694, .T. ) ;
#1908 = LINE ( 'NONE', #488, #4416 ) ;
#1909 = ORIENTED_EDGE ( 'NONE', *, *, #1720, .F. ) ;
#1910 = DIRECTION ( 'NONE',  ( -0.5773502691896150729, 0.5773502691896230665, -0.5773502691896390537 ) ) ;
#1911 = CARTESIAN_POINT ( 'NONE',  ( -118.9999999999999858, 2.500000000000009326, 7.000000000000000000 ) ) ;
#1912 = ORIENTED_EDGE ( 'NONE', *, *, #2337, .T. ) ;
#1913 = ADVANCED_FACE ( 'NONE', ( #5753, #5724 ), #887, .F. ) ;
#1914 = ORIENTED_EDGE ( 'NONE', *, *, #1784, .T. ) ;
#1915 = EDGE_CURVE ( 'NONE', #3792, #326, #5253, .T. ) ;
#1916 = CARTESIAN_POINT ( 'NONE',  ( -119.0000000000000000, 54.50000000000000711, 7.000000000000000000 ) ) ;
#1917 = CARTESIAN_POINT ( 'NONE',  ( -104.6499999999999773, 2.500000000000022649, 0.000000000000000000 ) ) ;
#1918 = VERTEX_POINT ( 'NONE', #5337 ) ;
#1919 = ORIENTED_EDGE ( 'NONE', *, *, #4912, .F. ) ;
#1920 = EDGE_CURVE ( 'NONE', #5290, #5276, #3033, .T. ) ;
#1921 = PLANE ( 'NONE',  #569 ) ;
#1922 = VECTOR ( 'NONE', #1024, 1000.000000000000114 ) ;
#1923 = DIRECTION ( 'NONE',  ( 0.000000000000000000, 1.000000000000000000, 0.000000000000000000 ) ) ;
#1924 = CARTESIAN_POINT ( 'NONE',  ( -21.85000000000000142, 53.00000000000000711, 6.499999999999985789 ) ) ;
#1925 = LINE ( 'NONE', #4084, #2201 ) ;
#1926 = CARTESIAN_POINT ( 'NONE',  ( -24.85000000000000142, 49.00000000000001421, 1.500000000000000444 ) ) ;
#1927 = PLANE ( 'NONE',  #4473 ) ;
#1928 = VERTEX_POINT ( 'NONE', #342 ) ;
#1929 = ORIENTED_EDGE ( 'NONE', *, *, #4854, .F. ) ;
#1930 = FACE_OUTER_BOUND ( 'NONE', #3122, .T. ) ;
#1931 = DIRECTION ( 'NONE',  ( 0.5773502691896328365, 0.5773502691896318373, 0.5773502691896126304 ) ) ;
#1932 = LINE ( 'NONE', #605, #4989 ) ;
#1933 = CARTESIAN_POINT ( 'NONE',  ( -16.14999999999999147, 53.00000000000000711, 0.5000000000000281997 ) ) ;
#1934 = PLANE ( 'NONE',  #3991 ) ;
#1935 = ORIENTED_EDGE ( 'NONE', *, *, #5354, .T. ) ;
#1936 = CARTESIAN_POINT ( 'NONE',  ( -2.000000000000000000, 42.15000000000001990, 7.000000000000000000 ) ) ;
#1937 = EDGE_LOOP ( 'NONE', ( #5602, #3751, #5344, #4631 ) ) ;
#1938 = AXIS2_PLACEMENT_3D ( 'NONE', #4316, #5671, #1678 ) ;
#1939 = DIRECTION ( 'NONE',  ( -0.5773502691896210681, 0.5773502691896280625, -0.5773502691896280625 ) ) ;
#1940 = DIRECTION ( 'NONE',  ( -1.000000000000000000, 0.000000000000000000, 0.000000000000000000 ) ) ;
#1941 = COORDINATED_UNIVERSAL_TIME_OFFSET ( 1, 0, .AHEAD. ) ;
#1942 = ORIENTED_EDGE ( 'NONE', *, *, #429, .T. ) ;
#1943 = EDGE_CURVE ( 'NONE', #1080, #2325, #3919, .T. ) ;
#1944 = ORIENTED_EDGE ( 'NONE', *, *, #1346, .T. ) ;
#1945 = VECTOR ( 'NONE', #2301, 1000.000000000000000 ) ;
#1946 = DIRECTION ( 'NONE',  ( 0.000000000000000000, 1.000000000000000000, 0.000000000000000000 ) ) ;
#1947 = EDGE_CURVE ( 'NONE', #838, #4456, #4452, .T. ) ;
#1948 = CARTESIAN_POINT ( 'NONE',  ( -24.34999999999999787, 53.50000000000004263, 7.000000000000000000 ) ) ;
#1949 = AXIS2_PLACEMENT_3D ( 'NONE', #4468, #293, #1550 ) ;
#1950 = EDGE_CURVE ( 'NONE', #1643, #1570, #4782, .T. ) ;
#1951 = ORIENTED_EDGE ( 'NONE', *, *, #5354, .F. ) ;
#1952 = VERTEX_POINT ( 'NONE', #3503 ) ;
#1953 = AXIS2_PLACEMENT_3D ( 'NONE', #3551, #3143, #4365 ) ;
#1954 = DIRECTION ( 'NONE',  ( 1.000000000000000000, 0.000000000000000000, 0.000000000000000000 ) ) ;
#1955 = FACE_OUTER_BOUND ( 'NONE', #938, .T. ) ;
#1956 = DIRECTION ( 'NONE',  ( -0.000000000000000000, -1.000000000000000000, -0.000000000000000000 ) ) ;
#1957 = EDGE_CURVE ( 'NONE', #1172, #86, #1788, .T. ) ;
#1958 = ORIENTED_EDGE ( 'NONE', *, *, #3857, .T. ) ;
#1959 = AXIS2_PLACEMENT_3D ( 'NONE', #4829, #765, #3870 ) ;
#1960 = DIRECTION ( 'NONE',  ( 1.075995380128666615E-16, -0.7071067811865375807, 0.7071067811865574537 ) ) ;
#1961 = VECTOR ( 'NONE', #4863, 1000.000000000000000 ) ;
#1962 = CARTESIAN_POINT ( 'NONE',  ( -24.34999999999999787, 49.50000000000001421, 7.000000000000000000 ) ) ;
#1963 = ORIENTED_EDGE ( 'NONE', *, *, #396, .F. ) ;
#1964 = ORIENTED_EDGE ( 'NONE', *, *, #2098, .F. ) ;
#1965 = AXIS2_PLACEMENT_3D ( 'NONE', #2855, #1069, #80 ) ;
#1966 = CARTESIAN_POINT ( 'NONE',  ( -18.99999999999999645, 0.000000000000000000, 1.800000000000000488 ) ) ;
#1967 = DIRECTION ( 'NONE',  ( 1.000000000000000000, 0.000000000000000000, 0.000000000000000000 ) ) ;
#1968 = ADVANCED_FACE ( 'NONE', ( #3004 ), #4811, .T. ) ;
#1969 = LINE ( 'NONE', #5045, #5333 ) ;
#1970 = ORIENTED_EDGE ( 'NONE', *, *, #2591, .F. ) ;
#1971 = VECTOR ( 'NONE', #2453, 1000.000000000000000 ) ;
#1972 = LINE ( 'NONE', #2554, #4858 ) ;
#1973 = LINE ( 'NONE', #5199, #1336 ) ;
#1974 = VERTEX_POINT ( 'NONE', #1926 ) ;
#1975 = DIRECTION ( 'NONE',  ( -0.000000000000000000, -0.000000000000000000, 1.000000000000000000 ) ) ;
#1976 = CARTESIAN_POINT ( 'NONE',  ( -16.14999999999999147, 51.00000000000000711, 7.000000000000000000 ) ) ;
#1977 = PERSON_AND_ORGANIZATION_ROLE ( 'design_owner' ) ;
#1978 = ORIENTED_EDGE ( 'NONE', *, *, #531, .T. ) ;
#1979 = EDGE_CURVE ( 'NONE', #1047, #2690, #4594, .T. ) ;
#1980 = CARTESIAN_POINT ( 'NONE',  ( -119.0000000000000000, 53.50000000000002842, 7.000000000000000000 ) ) ;
#1981 = DIRECTION ( 'NONE',  ( -1.000000000000000000, -1.521687259628775549E-16, 0.000000000000000000 ) ) ;
#1982 = VECTOR ( 'NONE', #378, 1000.000000000000000 ) ;
#1983 = EDGE_LOOP ( 'NONE', ( #4446, #2183, #1891, #5236 ) ) ;
#1984 = AXIS2_PLACEMENT_3D ( 'NONE', #5588, #5644, #3454 ) ;
#1985 = EDGE_CURVE ( 'NONE', #3498, #4070, #1681, .T. ) ;
#1986 = LINE ( 'NONE', #5124, #303 ) ;
#1987 = CARTESIAN_POINT ( 'NONE',  ( -21.85000000000000142, 2.000000000000012879, 6.499999999999985789 ) ) ;
#1988 = ORIENTED_EDGE ( 'NONE', *, *, #3142, .F. ) ;
#1989 = VECTOR ( 'NONE', #1793, 1000.000000000000000 ) ;
#1990 = CARTESIAN_POINT ( 'NONE',  ( -4.000000000000023093, 50.85000000000003695, 6.499999999999985789 ) ) ;
#1991 = CARTESIAN_POINT ( 'NONE',  ( -104.9999999999999858, 43.99999999999990052, 40.00000000000000000 ) ) ;
#1992 = ORIENTED_EDGE ( 'NONE', *, *, #3939, .F. ) ;
#1993 = EDGE_LOOP ( 'NONE', ( #3910, #5530, #5233, #4324 ) ) ;
#1994 = EDGE_CURVE ( 'NONE', #2714, #5535, #4087, .T. ) ;
#1995 = VECTOR ( 'NONE', #2987, 1000.000000000000000 ) ;
#1996 = LINE ( 'NONE', #2916, #3128 ) ;
#1997 = FACE_OUTER_BOUND ( 'NONE', #6, .T. ) ;
#1998 = DIRECTION ( 'NONE',  ( 0.000000000000000000, 1.000000000000000000, 0.000000000000000000 ) ) ;
#1999 = DIRECTION ( 'NONE',  ( -1.521687259628775549E-16, 1.000000000000000000, 0.000000000000000000 ) ) ;
#2000 = VECTOR ( 'NONE', #3212, 1000.000000000000000 ) ;
#2001 = DIRECTION ( 'NONE',  ( 0.5773502691896310601, -0.5773502691896231775, 0.5773502691896231775 ) ) ;
#2002 = VERTEX_POINT ( 'NONE', #507 ) ;
#2003 = ADVANCED_FACE ( 'NONE', ( #51 ), #4539, .T. ) ;
#2004 = LINE ( 'NONE', #3796, #1797 ) ;
#2005 = CARTESIAN_POINT ( 'NONE',  ( -43.67499999999935056, 43.67500000000056559, 45.00000000000000000 ) ) ;
#2006 = PLANE ( 'NONE',  #5186 ) ;
#2007 = DIRECTION ( 'NONE',  ( 1.000000000000000000, 0.000000000000000000, 0.000000000000000000 ) ) ;
#2008 = ORIENTED_EDGE ( 'NONE', *, *, #788, .T. ) ;
#2009 = CARTESIAN_POINT ( 'NONE',  ( -112.8500000000000085, 2.000000000000020872, 7.000000000000000000 ) ) ;
#2010 = ORIENTED_EDGE ( 'NONE', *, *, #3925, .T. ) ;
#2011 = PLANE ( 'NONE',  #1065 ) ;
#2012 = VERTEX_POINT ( 'NONE', #598 ) ;
#2013 = CARTESIAN_POINT ( 'NONE',  ( -112.5000000000000000, 45.49999999999992895, 48.00000000000000000 ) ) ;
#2014 = EDGE_LOOP ( 'NONE', ( #768, #3459, #2420, #621 ) ) ;
#2015 = DIRECTION ( 'NONE',  ( 0.000000000000000000, 0.000000000000000000, -1.000000000000000000 ) ) ;
#2016 = DIRECTION ( 'NONE',  ( -0.000000000000000000, -0.000000000000000000, 1.000000000000000000 ) ) ;
#2017 = VERTEX_POINT ( 'NONE', #5456 ) ;
#2018 = LINE ( 'NONE', #1561, #4383 ) ;
#2019 = ORIENTED_EDGE ( 'NONE', *, *, #4250, .F. ) ;
#2020 = EDGE_CURVE ( 'NONE', #5357, #5584, #914, .T. ) ;
#2021 = VERTEX_POINT ( 'NONE', #5035 ) ;
#2022 = LINE ( 'NONE', #1590, #5330 ) ;
#2023 = ORIENTED_EDGE ( 'NONE', *, *, #462, .F. ) ;
#2024 = CARTESIAN_POINT ( 'NONE',  ( -44.50000000000007816, 0.5000000000000003331, 6.999999999999999112 ) ) ;
#2025 = LINE ( 'NONE', #5225, #5709 ) ;
#2026 = ADVANCED_FACE ( 'NONE', ( #2364 ), #3610, .T. ) ;
#2027 = AXIS2_PLACEMENT_3D ( 'NONE', #4245, #655, #2424 ) ;
#2028 = LINE ( 'NONE', #4726, #1176 ) ;
#2029 = DIRECTION ( 'NONE',  ( 1.000000000000000000, 1.521687259628775549E-16, 0.000000000000000000 ) ) ;
#2030 = CARTESIAN_POINT ( 'NONE',  ( -104.1499999999999915, 6.000000000000023981, 7.000000000000000000 ) ) ;
#2031 = CARTESIAN_POINT ( 'NONE',  ( -5.500000000000020428, 42.65000000000001990, 7.000000000000000000 ) ) ;
#2032 = PLANE ( 'NONE',  #3921 ) ;
#2033 = LINE ( 'NONE', #748, #4600 ) ;
#2034 = LINE ( 'NONE', #4642, #4309 ) ;
#2035 = DIRECTION ( 'NONE',  ( 0.7071067811865573427, 0.7071067811865378028, 0.000000000000000000 ) ) ;
#2036 = LINE ( 'NONE', #3824, #3174 ) ;
#2037 = ORIENTED_EDGE ( 'NONE', *, *, #1224, .T. ) ;
#2038 = EDGE_CURVE ( 'NONE', #5276, #2566, #160, .T. ) ;
#2039 = VECTOR ( 'NONE', #3395, 1000.000000000000114 ) ;
#2040 = CARTESIAN_POINT ( 'NONE',  ( -119.0000000000000000, 51.35000000000005116, 7.000000000000000000 ) ) ;
#2041 = ORIENTED_EDGE ( 'NONE', *, *, #3831, .F. ) ;
#2042 = LINE ( 'NONE', #757, #5370 ) ;
#2043 = ADVANCED_FACE ( 'NONE', ( #998 ), #5419, .F. ) ;
#2044 = EDGE_LOOP ( 'NONE', ( #5745, #1332, #3408, #59, #1396, #5191, #590, #105, #2100 ) ) ;
#2045 = LINE ( 'NONE', #3384, #3752 ) ;
#2046 = AXIS2_PLACEMENT_3D ( 'NONE', #1329, #772, #2138 ) ;
#2047 = CARTESIAN_POINT ( 'NONE',  ( -120.0000000000000000, 5.000000000000000000, 0.5000000000000004441 ) ) ;
#2048 = VERTEX_POINT ( 'NONE', #4480 ) ;
#2049 = FACE_OUTER_BOUND ( 'NONE', #3298, .T. ) ;
#2050 = ORIENTED_EDGE ( 'NONE', *, *, #3414, .T. ) ;
#2051 = VECTOR ( 'NONE', #2681, 1000.000000000000000 ) ;
#2052 = EDGE_LOOP ( 'NONE', ( #5006, #870, #1120, #3445, #1207, #2108 ) ) ;
#2053 = PLANE ( 'NONE',  #2514 ) ;
#2054 = ORIENTED_EDGE ( 'NONE', *, *, #1957, .F. ) ;
#2055 = EDGE_CURVE ( 'NONE', #2986, #3277, #3170, .T. ) ;
#2056 = PLANE ( 'NONE',  #3560 ) ;
#2057 = DIRECTION ( 'NONE',  ( 1.000000000000000000, 1.521687259628775549E-16, 0.000000000000000000 ) ) ;
#2058 = DIRECTION ( 'NONE',  ( -0.5773502691896310601, 0.5773502691896310601, -0.5773502691896151839 ) ) ;
#2059 = DIRECTION ( 'NONE',  ( 1.521687259628775549E-16, -1.000000000000000000, 0.000000000000000000 ) ) ;
#2060 = CIRCLE ( 'NONE', #1231, 1.699999999999993072 ) ;
#2061 = EDGE_CURVE ( 'NONE', #5361, #3763, #4567, .T. ) ;
#2062 = DIRECTION ( 'NONE',  ( -0.5773502691896164052, -0.5773502691896204020, -0.5773502691896404970 ) ) ;
#2063 = DIRECTION ( 'NONE',  ( 0.000000000000000000, -1.000000000000000000, 0.000000000000000000 ) ) ;
#2064 = DIRECTION ( 'NONE',  ( 0.5773502691896195138, -0.5773502691896224004, 0.5773502691896352790 ) ) ;
#2065 = CARTESIAN_POINT ( 'NONE',  ( -107.2999999999999972, 38.99999999999990052, 45.00000000000000000 ) ) ;
#2066 = VECTOR ( 'NONE', #5197, 1000.000000000000000 ) ;
#2067 = VERTEX_POINT ( 'NONE', #2687 ) ;
#2068 = ORIENTED_EDGE ( 'NONE', *, *, #5402, .T. ) ;
#2069 = AXIS2_PLACEMENT_3D ( 'NONE', #2649, #443, #4907 ) ;
#2070 = EDGE_CURVE ( 'NONE', #72, #2701, #3696, .T. ) ;
#2071 = FACE_BOUND ( 'NONE', #1484, .T. ) ;
#2072 = VERTEX_POINT ( 'NONE', #5486 ) ;
#2073 = CARTESIAN_POINT ( 'NONE',  ( -2.100000000000027622, 47.05000000000003979, 4.599999999999966782 ) ) ;
#2074 = EDGE_LOOP ( 'NONE', ( #3211, #499, #1208, #3975 ) ) ;
#2075 = ORIENTED_EDGE ( 'NONE', *, *, #802, .F. ) ;
#2076 = EDGE_CURVE ( 'NONE', #3986, #3658, #4946, .T. ) ;
#2077 = DIRECTION ( 'NONE',  ( 0.000000000000000000, 0.000000000000000000, -1.000000000000000000 ) ) ;
#2078 = CARTESIAN_POINT ( 'NONE',  ( -119.0000000000000000, 50.49999999999998579, 0.000000000000000000 ) ) ;
#2079 = EDGE_LOOP ( 'NONE', ( #1029, #1482, #5742, #3011 ) ) ;
#2080 = DIRECTION ( 'NONE',  ( -1.000000000000000000, 0.000000000000000000, 0.000000000000000000 ) ) ;
#2081 = VECTOR ( 'NONE', #1571, 1000.000000000000000 ) ;
#2082 = VERTEX_POINT ( 'NONE', #1464 ) ;
#2083 = AXIS2_PLACEMENT_3D ( 'NONE', #5551, #3465, #253 ) ;
#2084 = DIRECTION ( 'NONE',  ( 0.000000000000000000, 0.000000000000000000, 1.000000000000000000 ) ) ;
#2085 = CARTESIAN_POINT ( 'NONE',  ( -15.64999999999997016, 53.00000000000000711, 0.000000000000000000 ) ) ;
#2086 = DIRECTION ( 'NONE',  ( -1.000000000000000000, -1.521687259628775549E-16, 0.000000000000000000 ) ) ;
#2087 = VECTOR ( 'NONE', #5698, 1000.000000000000000 ) ;
#2088 = CARTESIAN_POINT ( 'NONE',  ( -16.14999999999999147, 2.000000000000013767, 6.499999999999985789 ) ) ;
#2089 = PLANE ( 'NONE',  #1984 ) ;
#2090 = CARTESIAN_POINT ( 'NONE',  ( -113.4999999999999716, 5.500000000000025757, 7.000000000000000000 ) ) ;
#2091 = VECTOR ( 'NONE', #4328, 1000.000000000000000 ) ;
#2092 = ORIENTED_EDGE ( 'NONE', *, *, #895, .F. ) ;
#2093 = ORIENTED_EDGE ( 'NONE', *, *, #5255, .T. ) ;
#2094 = VECTOR ( 'NONE', #291, 1000.000000000000000 ) ;
#2095 = FACE_OUTER_BOUND ( 'NONE', #760, .T. ) ;
#2096 = ORIENTED_EDGE ( 'NONE', *, *, #5728, .T. ) ;
#2097 = DIRECTION ( 'NONE',  ( 0.000000000000000000, 0.7071067811865378028, 0.7071067811865573427 ) ) ;
#2098 = EDGE_CURVE ( 'NONE', #223, #4959, #3264, .T. ) ;
#2099 = ADVANCED_FACE ( 'NONE', ( #1400 ), #2251, .F. ) ;
#2100 = ORIENTED_EDGE ( 'NONE', *, *, #4057, .T. ) ;
#2101 = ORIENTED_EDGE ( 'NONE', *, *, #1356, .F. ) ;
#2102 = DIRECTION ( 'NONE',  ( -0.000000000000000000, 0.000000000000000000, -1.000000000000000000 ) ) ;
#2103 = CARTESIAN_POINT ( 'NONE',  ( -110.4999999999999716, 2.000000000000021316, 47.50000000000001421 ) ) ;
#2104 = EDGE_LOOP ( 'NONE', ( #5526, #431, #642, #4196 ) ) ;
#2105 = EDGE_CURVE ( 'NONE', #5189, #4439, #3633, .T. ) ;
#2106 = EDGE_CURVE ( 'NONE', #2204, #305, #2018, .T. ) ;
#2107 = ORIENTED_EDGE ( 'NONE', *, *, #4957, .T. ) ;
#2108 = ORIENTED_EDGE ( 'NONE', *, *, #895, .T. ) ;
#2109 = DIRECTION ( 'NONE',  ( 1.000000000000000000, 1.521687259628775549E-16, 0.000000000000000000 ) ) ;
#2110 = DIRECTION ( 'NONE',  ( -0.5773502691896337247, -0.5773502691896296168, -0.5773502691896137407 ) ) ;
#2111 = DIRECTION ( 'NONE',  ( 0.000000000000000000, 0.000000000000000000, 1.000000000000000000 ) ) ;
#2112 = FACE_BOUND ( 'NONE', #483, .T. ) ;
#2113 = CARTESIAN_POINT ( 'NONE',  ( -21.85000000000000142, 2.000000000000012879, 6.499999999999985789 ) ) ;
#2114 = AXIS2_PLACEMENT_3D ( 'NONE', #2485, #219, #732 ) ;
#2115 = LINE ( 'NONE', #3904, #5269 ) ;
#2116 = ORIENTED_EDGE ( 'NONE', *, *, #5407, .T. ) ;
#2117 = DIRECTION ( 'NONE',  ( 0.000000000000000000, 1.000000000000000000, 0.000000000000000000 ) ) ;
#2118 = ORIENTED_EDGE ( 'NONE', *, *, #1431, .F. ) ;
#2119 = FACE_OUTER_BOUND ( 'NONE', #57, .T. ) ;
#2120 = EDGE_CURVE ( 'NONE', #4135, #1077, #3413, .T. ) ;
#2121 = ORIENTED_EDGE ( 'NONE', *, *, #218, .T. ) ;
#2122 = CARTESIAN_POINT ( 'NONE',  ( -47.30000000000006821, 38.99999999999990052, 45.00000000000000000 ) ) ;
#2123 = PLANE ( 'NONE',  #2083 ) ;
#2124 = EDGE_CURVE ( 'NONE', #5615, #5361, #1853, .T. ) ;
#2125 = CARTESIAN_POINT ( 'NONE',  ( -6.000000000000000000, 49.70000000000003126, 3.499999999999999556 ) ) ;
#2126 = ORIENTED_EDGE ( 'NONE', *, *, #3369, .T. ) ;
#2127 = LINE ( 'NONE', #4077, #4207 ) ;
#2128 = VERTEX_POINT ( 'NONE', #734 ) ;
#2129 = ORIENTED_EDGE ( 'NONE', *, *, #5284, .T. ) ;
#2130 = CARTESIAN_POINT ( 'NONE',  ( -24.85000000000000142, 49.00000000000001421, 7.000000000000000000 ) ) ;
#2131 = ORIENTED_EDGE ( 'NONE', *, *, #4057, .F. ) ;
#2132 = VECTOR ( 'NONE', #3585, 1000.000000000000000 ) ;
#2133 = EDGE_CURVE ( 'NONE', #3658, #3341, #1586, .T. ) ;
#2134 = CARTESIAN_POINT ( 'NONE',  ( -47.30000000000006821, 38.99999999999990052, 40.00000000000000000 ) ) ;
#2135 = DIRECTION ( 'NONE',  ( -0.000000000000000000, -0.000000000000000000, -1.000000000000000000 ) ) ;
#2136 = DIRECTION ( 'NONE',  ( -0.000000000000000000, 1.000000000000000000, -0.000000000000000000 ) ) ;
#2137 = VECTOR ( 'NONE', #2843, 1000.000000000000000 ) ;
#2138 = DIRECTION ( 'NONE',  ( 0.000000000000000000, 0.000000000000000000, 1.000000000000000000 ) ) ;
#2139 = FACE_OUTER_BOUND ( 'NONE', #792, .T. ) ;
#2140 = DIRECTION ( 'NONE',  ( 1.000000000000000000, 0.000000000000000000, -0.000000000000000000 ) ) ;
#2141 = VECTOR ( 'NONE', #2813, 1000.000000000000000 ) ;
#2142 = VECTOR ( 'NONE', #1395, 1000.000000000000000 ) ;
#2143 = EDGE_CURVE ( 'NONE', #2216, #4356, #3809, .T. ) ;
#2144 = FACE_OUTER_BOUND ( 'NONE', #36, .T. ) ;
#2145 = DIRECTION ( 'NONE',  ( 0.000000000000000000, 0.000000000000000000, -1.000000000000000000 ) ) ;
#2146 = DIRECTION ( 'NONE',  ( -0.7071067811865378028, -0.7071067811865573427, 0.000000000000000000 ) ) ;
#2147 = VECTOR ( 'NONE', #5477, 1000.000000000000000 ) ;
#2148 = AXIS2_PLACEMENT_3D ( 'NONE', #1653, #3476, #4752 ) ;
#2149 = FACE_OUTER_BOUND ( 'NONE', #189, .T. ) ;
#2150 = VERTEX_POINT ( 'NONE', #1990 ) ;
#2151 = PLANE ( 'NONE',  #3506 ) ;
#2152 = ORIENTED_EDGE ( 'NONE', *, *, #1189, .T. ) ;
#2153 = CARTESIAN_POINT ( 'NONE',  ( -112.9999999999999716, 45.99999999999990052, 1.500000000000000444 ) ) ;
#2154 = DIRECTION ( 'NONE',  ( -0.000000000000000000, 0.000000000000000000, 1.000000000000000000 ) ) ;
#2155 = CARTESIAN_POINT ( 'NONE',  ( -21.85000000000000142, 4.000000000000015099, 7.000000000000000000 ) ) ;
#2156 = EDGE_LOOP ( 'NONE', ( #4197, #3346, #764, #2905 ) ) ;
#2157 = FACE_OUTER_BOUND ( 'NONE', #1082, .T. ) ;
#2158 = VERTEX_POINT ( 'NONE', #630 ) ;
#2159 = ORIENTED_EDGE ( 'NONE', *, *, #2454, .T. ) ;
#2160 = EDGE_CURVE ( 'NONE', #5154, #587, #683, .T. ) ;
#2161 = VECTOR ( 'NONE', #620, 1000.000000000000000 ) ;
#2162 = ORIENTED_EDGE ( 'NONE', *, *, #4963, .F. ) ;
#2163 = CARTESIAN_POINT ( 'NONE',  ( -16.14999999999999147, 51.00000000000000711, 0.5000000000000283107 ) ) ;
#2164 = CARTESIAN_POINT ( 'NONE',  ( -21.85000000000000142, 2.000000000000012879, 0.5000000000000280886 ) ) ;
#2165 = LINE ( 'NONE', #4428, #4298 ) ;
#2166 = CYLINDRICAL_SURFACE ( 'NONE', #1381, 1.699999999999999734 ) ;
#2167 = DIRECTION ( 'NONE',  ( -0.000000000000000000, -1.000000000000000000, -0.000000000000000000 ) ) ;
#2168 = EDGE_CURVE ( 'NONE', #5028, #4177, #839, .T. ) ;
#2169 = CARTESIAN_POINT ( 'NONE',  ( -111.4999999999999574, 44.49999999999988631, 0.000000000000000000 ) ) ;
#2170 = DIRECTION ( 'NONE',  ( 0.000000000000000000, -1.000000000000000000, 0.000000000000000000 ) ) ;
#2171 = ORIENTED_EDGE ( 'NONE', *, *, #2575, .F. ) ;
#2172 = VECTOR ( 'NONE', #5271, 1000.000000000000000 ) ;
#2173 = EDGE_CURVE ( 'NONE', #693, #4217, #3295, .T. ) ;
#2174 = CARTESIAN_POINT ( 'NONE',  ( -6.000000000000023981, 42.15000000000001990, 6.500000000000013323 ) ) ;
#2175 = ORIENTED_EDGE ( 'NONE', *, *, #4596, .F. ) ;
#2176 = VECTOR ( 'NONE', #4740, 1000.000000000000227 ) ;
#2177 = DIRECTION ( 'NONE',  ( 0.000000000000000000, -1.000000000000000000, 0.000000000000000000 ) ) ;
#2178 = AXIS2_PLACEMENT_3D ( 'NONE', #5171, #1549, #4673 ) ;
#2179 = ORIENTED_EDGE ( 'NONE', *, *, #4921, .T. ) ;
#2180 = DIRECTION ( 'NONE',  ( 1.000000000000000000, 0.000000000000000000, 0.000000000000000000 ) ) ;
#2181 = CARTESIAN_POINT ( 'NONE',  ( -21.85000000000000142, 2.000000000000012879, 7.000000000000000000 ) ) ;
#2182 = CARTESIAN_POINT ( 'NONE',  ( 0.000000000000000000, 0.000000000000000000, 7.000000000000000000 ) ) ;
#2183 = ORIENTED_EDGE ( 'NONE', *, *, #5247, .F. ) ;
#2184 = CARTESIAN_POINT ( 'NONE',  ( 0.000000000000000000, 0.000000000000000000, 43.00000000000000000 ) ) ;
#2185 = AXIS2_PLACEMENT_3D ( 'NONE', #2466, #3815, #5639 ) ;
#2186 = CC_DESIGN_PERSON_AND_ORGANIZATION_ASSIGNMENT ( #5116, #4966, ( #4160 ) ) ;
#2187 = ORIENTED_EDGE ( 'NONE', *, *, #4606, .T. ) ;
#2188 = ORIENTED_EDGE ( 'NONE', *, *, #3482, .F. ) ;
#2189 = EDGE_LOOP ( 'NONE', ( #3462, #4805, #3563, #1143 ) ) ;
#2190 = DIRECTION ( 'NONE',  ( 0.000000000000000000, 0.000000000000000000, 1.000000000000000000 ) ) ;
#2191 = CARTESIAN_POINT ( 'NONE',  ( -117.0000000000000000, 41.84999999999990195, 43.00000000000000000 ) ) ;
#2192 = DIRECTION ( 'NONE',  ( -0.000000000000000000, -1.000000000000000000, -0.000000000000000000 ) ) ;
#2193 = LINE ( 'NONE', #370, #2421 ) ;
#2194 = VERTEX_POINT ( 'NONE', #1091 ) ;
#2195 = EDGE_CURVE ( 'NONE', #661, #4687, #4247, .T. ) ;
#2196 = CARTESIAN_POINT ( 'NONE',  ( -47.00000000000008527, 43.99999999999990052, 47.50000000000001421 ) ) ;
#2197 = AXIS2_PLACEMENT_3D ( 'NONE', #1327, #3581, #2219 ) ;
#2198 = DIRECTION ( 'NONE',  ( 0.000000000000000000, -1.000000000000000000, 0.000000000000000000 ) ) ;
#2199 = ADVANCED_FACE ( 'NONE', ( #2049 ), #1121, .F. ) ;
#2200 = EDGE_LOOP ( 'NONE', ( #4187, #2818, #1958, #2349 ) ) ;
#2201 = VECTOR ( 'NONE', #5453, 1000.000000000000000 ) ;
#2202 = ADVANCED_FACE ( 'NONE', ( #708 ), #2966, .T. ) ;
#2203 = PLANE ( 'NONE',  #491 ) ;
#2204 = VERTEX_POINT ( 'NONE', #2517 ) ;
#2205 = CARTESIAN_POINT ( 'NONE',  ( -6.000000000000000000, 46.30000000000002558, 3.499999999999999556 ) ) ;
#2206 = EDGE_CURVE ( 'NONE', #123, #733, #3749, .T. ) ;
#2207 = DIRECTION ( 'NONE',  ( 0.5773502691896108541, -0.5773502691896267303, 0.5773502691896397199 ) ) ;
#2208 = VECTOR ( 'NONE', #1213, 1000.000000000000000 ) ;
#2209 = LINE ( 'NONE', #900, #2441 ) ;
#2210 = CARTESIAN_POINT ( 'NONE',  ( -4.000000000000023093, 45.15000000000001990, 6.499999999999985789 ) ) ;
#2211 = EDGE_CURVE ( 'NONE', #3487, #3875, #4275, .T. ) ;
#2212 = CARTESIAN_POINT ( 'NONE',  ( -119.5000000000000142, 4.500000000000010658, 0.000000000000000000 ) ) ;
#2213 = DIRECTION ( 'NONE',  ( 0.000000000000000000, 1.000000000000000000, 0.000000000000000000 ) ) ;
#2214 = ORIENTED_EDGE ( 'NONE', *, *, #2391, .F. ) ;
#2215 = ORIENTED_EDGE ( 'NONE', *, *, #3217, .F. ) ;
#2216 = VERTEX_POINT ( 'NONE', #2396 ) ;
#2217 = EDGE_CURVE ( 'NONE', #4274, #3795, #4658, .T. ) ;
#2218 = DIRECTION ( 'NONE',  ( -0.5773502691896347239, 0.5773502691896276184, -0.5773502691896148509 ) ) ;
#2219 = DIRECTION ( 'NONE',  ( 0.000000000000000000, 0.000000000000000000, -1.000000000000000000 ) ) ;
#2220 = CARTESIAN_POINT ( 'NONE',  ( -24.85000000000000142, 1.999999999999999556, 6.500000000000013323 ) ) ;
#2221 = CARTESIAN_POINT ( 'NONE',  ( -18.99999999999999645, 55.00000000000002842, 3.500000000000000000 ) ) ;
#2222 = CARTESIAN_POINT ( 'NONE',  ( -4.000000000000023093, 48.00000000000002842, 3.499999999999999556 ) ) ;
#2223 = VECTOR ( 'NONE', #74, 1000.000000000000000 ) ;
#2224 = EDGE_LOOP ( 'NONE', ( #1837, #4703 ) ) ;
#2225 = EDGE_CURVE ( 'NONE', #4339, #733, #190, .T. ) ;
#2226 = DIRECTION ( 'NONE',  ( 0.7071067811865564545, -0.7071067811865386910, 0.000000000000000000 ) ) ;
#2227 = VECTOR ( 'NONE', #4786, 1000.000000000000000 ) ;
#2228 = CARTESIAN_POINT ( 'NONE',  ( -112.9999999999999716, 5.500000000000025757, 7.499999999999985789 ) ) ;
#2229 = EDGE_LOOP ( 'NONE', ( #46, #5205 ) ) ;
#2230 = AXIS2_PLACEMENT_3D ( 'NONE', #2335, #101, #3233 ) ;
#2231 = AXIS2_PLACEMENT_3D ( 'NONE', #5755, #1759, #3063 ) ;
#2232 = ADVANCED_FACE ( 'NONE', ( #5127 ), #5574, .F. ) ;
#2233 = CARTESIAN_POINT ( 'NONE',  ( -108.9999999999999858, 38.99999999999990052, 40.00000000000000000 ) ) ;
#2234 = ORIENTED_EDGE ( 'NONE', *, *, #1943, .F. ) ;
#2235 = CARTESIAN_POINT ( 'NONE',  ( -18.99999999999999645, 55.00000000000002842, 5.200000000000000178 ) ) ;
#2236 = PLANE ( 'NONE',  #2461 ) ;
#2237 = AXIS2_PLACEMENT_3D ( 'NONE', #5104, #1538, #1034 ) ;
#2238 = VERTEX_POINT ( 'NONE', #4720 ) ;
#2239 = EDGE_CURVE ( 'NONE', #698, #1621, #3974, .T. ) ;
#2240 = FACE_OUTER_BOUND ( 'NONE', #2353, .T. ) ;
#2241 = PLANE ( 'NONE',  #4797 ) ;
#2242 = PERSON_AND_ORGANIZATION ( #1005, #4547 ) ;
#2243 = VECTOR ( 'NONE', #3912, 1000.000000000000000 ) ;
#2244 = ORIENTED_EDGE ( 'NONE', *, *, #4814, .T. ) ;
#2245 = ORIENTED_EDGE ( 'NONE', *, *, #2168, .F. ) ;
#2246 = EDGE_CURVE ( 'NONE', #3977, #922, #1230, .T. ) ;
#2247 = DIRECTION ( 'NONE',  ( 1.000000000000000000, 0.000000000000000000, -0.000000000000000000 ) ) ;
#2248 = EDGE_LOOP ( 'NONE', ( #3620, #1831 ) ) ;
#2249 = DIRECTION ( 'NONE',  ( 0.000000000000000000, 0.7071067811865378028, -0.7071067811865573427 ) ) ;
#2250 = DIRECTION ( 'NONE',  ( 0.7071067811865376918, 0.7071067811865574537, 0.000000000000000000 ) ) ;
#2251 = CYLINDRICAL_SURFACE ( 'NONE', #5141, 1.699999999999998845 ) ;
#2252 = CARTESIAN_POINT ( 'NONE',  ( -74.32499999999839702, 74.32500000000044338, 45.00000000000000000 ) ) ;
#2253 = ORIENTED_EDGE ( 'NONE', *, *, #4451, .F. ) ;
#2254 = DIRECTION ( 'NONE',  ( -0.000000000000000000, 0.7071067811865475727, 0.7071067811865475727 ) ) ;
#2255 = VECTOR ( 'NONE', #3513, 1000.000000000000000 ) ;
#2256 = DIRECTION ( 'NONE',  ( 0.000000000000000000, 0.000000000000000000, 1.000000000000000000 ) ) ;
#2257 = ORIENTED_EDGE ( 'NONE', *, *, #3271, .F. ) ;
#2258 = CARTESIAN_POINT ( 'NONE',  ( -108.9999999999999858, 38.99999999999990052, 46.00000000000000000 ) ) ;
#2259 = ORIENTED_EDGE ( 'NONE', *, *, #2868, .F. ) ;
#2260 = CARTESIAN_POINT ( 'NONE',  ( -18.99999999999999645, 0.000000000000000000, 3.500000000000000000 ) ) ;
#2261 = EDGE_CURVE ( 'NONE', #4264, #3977, #793, .T. ) ;
#2262 = ORIENTED_EDGE ( 'NONE', *, *, #2273, .T. ) ;
#2263 = VECTOR ( 'NONE', #3405, 1000.000000000000000 ) ;
#2264 = CARTESIAN_POINT ( 'NONE',  ( -6.000000000000023981, 49.00000000000001421, 1.500000000000000444 ) ) ;
#2265 = EDGE_CURVE ( 'NONE', #548, #4477, #1323, .T. ) ;
#2266 = CARTESIAN_POINT ( 'NONE',  ( -112.9999999999999716, 45.99999999999990052, 48.00000000000000000 ) ) ;
#2267 = EDGE_CURVE ( 'NONE', #5776, #4366, #3082, .T. ) ;
#2268 = VECTOR ( 'NONE', #636, 1000.000000000000000 ) ;
#2269 = VERTEX_POINT ( 'NONE', #4389 ) ;
#2270 = ORIENTED_EDGE ( 'NONE', *, *, #2337, .F. ) ;
#2271 = LINE ( 'NONE', #1301, #5424 ) ;
#2272 = DIRECTION ( 'NONE',  ( 0.000000000000000000, 0.000000000000000000, 1.000000000000000000 ) ) ;
#2273 = EDGE_CURVE ( 'NONE', #3787, #5396, #5688, .T. ) ;
#2274 = CARTESIAN_POINT ( 'NONE',  ( -106.4999999999997016, 23.00000000000028422, -8.499999999999857891 ) ) ;
#2275 = LINE ( 'NONE', #915, #2223 ) ;
#2276 = ORIENTED_EDGE ( 'NONE', *, *, #2288, .T. ) ;
#2277 = DIRECTION ( 'NONE',  ( -0.000000000000000000, -0.000000000000000000, 1.000000000000000000 ) ) ;
#2278 = CARTESIAN_POINT ( 'NONE',  ( -45.00000000000007816, 45.99999999999990052, 1.500000000000000444 ) ) ;
#2279 = EDGE_CURVE ( 'NONE', #2566, #3842, #5275, .T. ) ;
#2280 = DIRECTION ( 'NONE',  ( -1.000000000000000000, -1.521687259628775549E-16, 0.000000000000000000 ) ) ;
#2281 = ORIENTED_EDGE ( 'NONE', *, *, #3642, .F. ) ;
#2282 = AXIS2_PLACEMENT_3D ( 'NONE', #2604, #3528, #4427 ) ;
#2283 = AXIS2_PLACEMENT_3D ( 'NONE', #3335, #255, #665 ) ;
#2284 = DIRECTION ( 'NONE',  ( 0.000000000000000000, 0.000000000000000000, 1.000000000000000000 ) ) ;
#2285 = VERTEX_POINT ( 'NONE', #4804 ) ;
#2286 = CARTESIAN_POINT ( 'NONE',  ( -2.000000000000021760, 45.15000000000001990, 7.000000000000000000 ) ) ;
#2287 = ORIENTED_EDGE ( 'NONE', *, *, #4080, .F. ) ;
#2288 = EDGE_CURVE ( 'NONE', #549, #2269, #4776, .T. ) ;
#2289 = FACE_OUTER_BOUND ( 'NONE', #3047, .T. ) ;
#2290 = CARTESIAN_POINT ( 'NONE',  ( -2.000000000000021760, 50.85000000000003695, 6.499999999999985789 ) ) ;
#2291 = DIRECTION ( 'NONE',  ( 0.000000000000000000, 1.000000000000000000, -0.000000000000000000 ) ) ;
#2292 = VERTEX_POINT ( 'NONE', #1669 ) ;
#2293 = ORIENTED_EDGE ( 'NONE', *, *, #5728, .F. ) ;
#2294 = ORIENTED_EDGE ( 'NONE', *, *, #4277, .F. ) ;
#2295 = ADVANCED_FACE ( 'NONE', ( #2157 ), #3917, .F. ) ;
#2296 = DIRECTION ( 'NONE',  ( 0.000000000000000000, -1.000000000000000000, 0.000000000000000000 ) ) ;
#2297 = CARTESIAN_POINT ( 'NONE',  ( -24.85000000000000142, 53.00000000000004263, 1.500000000000000444 ) ) ;
#2298 = DIRECTION ( 'NONE',  ( 0.000000000000000000, 0.000000000000000000, 1.000000000000000000 ) ) ;
#2299 = EDGE_LOOP ( 'NONE', ( #624, #2983, #469, #2887 ) ) ;
#2300 = DIRECTION ( 'NONE',  ( -0.000000000000000000, 0.7071067811865554553, -0.7071067811865395791 ) ) ;
#2301 = DIRECTION ( 'NONE',  ( 0.000000000000000000, -0.7071067811865622277, 0.7071067811865328068 ) ) ;
#2302 = ORIENTED_EDGE ( 'NONE', *, *, #769, .F. ) ;
#2303 = DIRECTION ( 'NONE',  ( 0.000000000000000000, 0.7071067811865573427, 0.7071067811865378028 ) ) ;
#2304 = EDGE_CURVE ( 'NONE', #733, #2204, #819, .T. ) ;
#2305 = DIRECTION ( 'NONE',  ( 1.266221515311539036E-16, 1.000000000000000000, 0.000000000000000000 ) ) ;
#2306 = PLANE ( 'NONE',  #3779 ) ;
#2307 = CARTESIAN_POINT ( 'NONE',  ( -1.049265112238826045E-30, 55.00000000000002842, 0.5000000000000004441 ) ) ;
#2308 = AXIS2_PLACEMENT_3D ( 'NONE', #3337, #1999, #1132 ) ;
#2309 = ORIENTED_EDGE ( 'NONE', *, *, #18, .F. ) ;
#2310 = ADVANCED_FACE ( 'NONE', ( #3111 ), #5328, .T. ) ;
#2311 = VECTOR ( 'NONE', #4124, 1000.000000000000000 ) ;
#2312 = CYLINDRICAL_SURFACE ( 'NONE', #2450, 1.699999999999993072 ) ;
#2313 = ORIENTED_EDGE ( 'NONE', *, *, #3447, .F. ) ;
#2314 = DIRECTION ( 'NONE',  ( -0.000000000000000000, 0.000000000000000000, 1.000000000000000000 ) ) ;
#2315 = LINE ( 'NONE', #5232, #1440 ) ;
#2316 = DIRECTION ( 'NONE',  ( 0.000000000000000000, 1.000000000000000000, 0.000000000000000000 ) ) ;
#2317 = ORIENTED_EDGE ( 'NONE', *, *, #740, .F. ) ;
#2318 = VECTOR ( 'NONE', #5634, 1000.000000000000000 ) ;
#2319 = VERTEX_POINT ( 'NONE', #336 ) ;
#2320 = CARTESIAN_POINT ( 'NONE',  ( -113.3499999999999943, 54.00000000000000000, 0.000000000000000000 ) ) ;
#2321 = VECTOR ( 'NONE', #4188, 1000.000000000000000 ) ;
#2322 = VECTOR ( 'NONE', #430, 1000.000000000000000 ) ;
#2323 = DIRECTION ( 'NONE',  ( 0.000000000000000000, -1.000000000000000000, 0.000000000000000000 ) ) ;
#2324 = CARTESIAN_POINT ( 'NONE',  ( -1.500000000000003553, 5.500000000000025757, 7.000000000000000000 ) ) ;
#2325 = VERTEX_POINT ( 'NONE', #5298 ) ;
#2326 = VECTOR ( 'NONE', #1931, 1000.000000000000114 ) ;
#2327 = ORIENTED_EDGE ( 'NONE', *, *, #4422, .F. ) ;
#2328 = EDGE_CURVE ( 'NONE', #5154, #1796, #384, .T. ) ;
#2329 = ORIENTED_EDGE ( 'NONE', *, *, #4286, .T. ) ;
#2330 = CARTESIAN_POINT ( 'NONE',  ( -44.50000000000007816, 2.000000000000031086, 6.500000000000013323 ) ) ;
#2331 = AXIS2_PLACEMENT_3D ( 'NONE', #2030, #1954, #2423 ) ;
#2332 = CARTESIAN_POINT ( 'NONE',  ( -6.000000000000023981, 49.00000000000001421, 7.000000000000000000 ) ) ;
#2333 = CARTESIAN_POINT ( 'NONE',  ( -118.9999999999999858, 4.500000000000010658, 0.000000000000000000 ) ) ;
#2334 = ORIENTED_EDGE ( 'NONE', *, *, #1943, .T. ) ;
#2335 = CARTESIAN_POINT ( 'NONE',  ( -110.9999999999999716, 43.99999999999990052, 48.00000000000000000 ) ) ;
#2336 = CARTESIAN_POINT ( 'NONE',  ( -45.00000000000007816, 35.64999999999993463, 48.00000000000000000 ) ) ;
#2337 = EDGE_CURVE ( 'NONE', #4986, #1693, #360, .T. ) ;
#2338 = EDGE_LOOP ( 'NONE', ( #66, #3948, #4589, #2908 ) ) ;
#2339 = CARTESIAN_POINT ( 'NONE',  ( -107.6499999999999773, 2.000000000000021760, 0.000000000000000000 ) ) ;
#2340 = CARTESIAN_POINT ( 'NONE',  ( -105.4999999999999858, 36.14999999999990621, 43.00000000000000000 ) ) ;
#2341 = CARTESIAN_POINT ( 'NONE',  ( -113.4999999999999716, 0.5000000000000004441, 7.000000000000000000 ) ) ;
#2342 = LINE ( 'NONE', #4131, #5245 ) ;
#2343 = CARTESIAN_POINT ( 'NONE',  ( -112.9999999999999716, 35.64999999999992042, 48.00000000000000000 ) ) ;
#2344 = ADVANCED_FACE ( 'NONE', ( #3497, #855 ), #419, .T. ) ;
#2345 = CARTESIAN_POINT ( 'NONE',  ( -4.000000000000023093, 45.15000000000001990, 0.5000000000000143219 ) ) ;
#2346 = ORIENTED_EDGE ( 'NONE', *, *, #1957, .T. ) ;
#2347 = LINE ( 'NONE', #1976, #2000 ) ;
#2348 = FACE_OUTER_BOUND ( 'NONE', #3304, .T. ) ;
#2349 = ORIENTED_EDGE ( 'NONE', *, *, #1734, .F. ) ;
#2350 = EDGE_CURVE ( 'NONE', #1744, #3195, #1314, .T. ) ;
#2351 = EDGE_LOOP ( 'NONE', ( #520, #3448, #1399, #1951 ) ) ;
#2352 = LINE ( 'NONE', #1518, #307 ) ;
#2353 = EDGE_LOOP ( 'NONE', ( #4598, #2839, #447, #4636 ) ) ;
#2354 = CARTESIAN_POINT ( 'NONE',  ( -6.000000000000000000, 49.70000000000003126, 3.499999999999999556 ) ) ;
#2355 = VECTOR ( 'NONE', #1903, 1000.000000000000000 ) ;
#2356 = ORIENTED_EDGE ( 'NONE', *, *, #5503, .T. ) ;
#2357 = ORIENTED_EDGE ( 'NONE', *, *, #2895, .T. ) ;
#2358 = LINE ( 'NONE', #3227, #2142 ) ;
#2359 = DIRECTION ( 'NONE',  ( 0.000000000000000000, 1.000000000000000000, 0.000000000000000000 ) ) ;
#2360 = VECTOR ( 'NONE', #89, 1000.000000000000000 ) ;
#2361 = FACE_OUTER_BOUND ( 'NONE', #4522, .T. ) ;
#2362 = DIRECTION ( 'NONE',  ( 0.000000000000000000, 0.000000000000000000, 1.000000000000000000 ) ) ;
#2363 = ORIENTED_EDGE ( 'NONE', *, *, #435, .T. ) ;
#2364 = FACE_OUTER_BOUND ( 'NONE', #2588, .T. ) ;
#2365 = CARTESIAN_POINT ( 'NONE',  ( -112.4999999999999716, 0.000000000000000000, 7.499999999999992006 ) ) ;
#2366 = ORIENTED_EDGE ( 'NONE', *, *, #404, .F. ) ;
#2367 = VECTOR ( 'NONE', #2064, 1000.000000000000114 ) ;
#2368 = VERTEX_POINT ( 'NONE', #4361 ) ;
#2369 = EDGE_CURVE ( 'NONE', #5093, #4923, #2127, .T. ) ;
#2370 = PLANE ( 'NONE',  #5738 ) ;
#2371 = CARTESIAN_POINT ( 'NONE',  ( -15.64999999999997016, 4.500000000000033751, 7.000000000000000000 ) ) ;
#2372 = CARTESIAN_POINT ( 'NONE',  ( -1.500000000000001332, 44.65000000000000568, 7.000000000000000000 ) ) ;
#2373 = DIRECTION ( 'NONE',  ( 0.000000000000000000, -1.000000000000000000, 0.000000000000000000 ) ) ;
#2374 = ADVANCED_FACE ( 'NONE', ( #1859 ), #3602, .F. ) ;
#2375 = ADVANCED_FACE ( 'NONE', ( #5026 ), #1017, .F. ) ;
#2376 = CARTESIAN_POINT ( 'NONE',  ( -119.0000000000000000, 54.00000000000000000, 7.000000000000000000 ) ) ;
#2377 = ORIENTED_EDGE ( 'NONE', *, *, #4467, .T. ) ;
#2378 = PLANE ( 'NONE',  #1763 ) ;
#2379 = DIRECTION ( 'NONE',  ( 1.000000000000000000, 0.000000000000000000, 0.000000000000000000 ) ) ;
#2380 = LINE ( 'NONE', #5115, #1307 ) ;
#2381 = APPROVAL_ROLE ( '' ) ;
#2382 = VERTEX_POINT ( 'NONE', #2324 ) ;
#2383 = EDGE_CURVE ( 'NONE', #4016, #4074, #2426, .T. ) ;
#2384 = ORIENTED_EDGE ( 'NONE', *, *, #322, .F. ) ;
#2385 = DIRECTION ( 'NONE',  ( 0.000000000000000000, 1.000000000000000000, 0.000000000000000000 ) ) ;
#2386 = ORIENTED_EDGE ( 'NONE', *, *, #2124, .T. ) ;
#2387 = DIRECTION ( 'NONE',  ( 4.798681814596977572E-17, 1.000000000000000000, -0.000000000000000000 ) ) ;
#2388 = VECTOR ( 'NONE', #5365, 1000.000000000000000 ) ;
#2389 = ORIENTED_EDGE ( 'NONE', *, *, #712, .T. ) ;
#2390 = VERTEX_POINT ( 'NONE', #5383 ) ;
#2391 = EDGE_CURVE ( 'NONE', #3986, #2128, #3996, .T. ) ;
#2392 = CARTESIAN_POINT ( 'NONE',  ( -45.00000000000007816, 42.34999999999987352, 43.00000000000000000 ) ) ;
#2393 = LINE ( 'NONE', #2332, #2523 ) ;
#2394 = LINE ( 'NONE', #4746, #4067 ) ;
#2395 = ORIENTED_EDGE ( 'NONE', *, *, #5145, .T. ) ;
#2396 = CARTESIAN_POINT ( 'NONE',  ( -18.99999999999999645, 51.00000000000000711, 1.800000000000000488 ) ) ;
#2397 = DIRECTION ( 'NONE',  ( 1.749300984178293063E-16, -1.000000000000000000, 0.000000000000000000 ) ) ;
#2398 = EDGE_LOOP ( 'NONE', ( #5708, #268, #571, #2912 ) ) ;
#2399 = ORIENTED_EDGE ( 'NONE', *, *, #1807, .T. ) ;
#2400 = CC_DESIGN_SECURITY_CLASSIFICATION ( #2772, ( #1661 ) ) ;
#2401 = LINE ( 'NONE', #227, #2172 ) ;
#2402 = PLANE ( 'NONE',  #3058 ) ;
#2403 = DIRECTION ( 'NONE',  ( -0.7071067811865475727, -0.000000000000000000, -0.7071067811865475727 ) ) ;
#2404 = VERTEX_POINT ( 'NONE', #2712 ) ;
#2405 = ORIENTED_EDGE ( 'NONE', *, *, #4354, .F. ) ;
#2406 = DIRECTION ( 'NONE',  ( -1.000000000000000000, -1.521687259628775549E-16, 0.000000000000000000 ) ) ;
#2407 = ORIENTED_EDGE ( 'NONE', *, *, #4956, .F. ) ;
#2408 = CYLINDRICAL_SURFACE ( 'NONE', #5318, 1.700000000000000178 ) ;
#2409 = PLANE ( 'NONE',  #4341 ) ;
#2410 = DIRECTION ( 'NONE',  ( 0.000000000000000000, -0.7071067811865389130, -0.7071067811865561215 ) ) ;
#2411 = EDGE_LOOP ( 'NONE', ( #4220, #2234, #3951, #2664 ) ) ;
#2412 = EDGE_CURVE ( 'NONE', #4549, #684, #1455, .T. ) ;
#2413 = ORIENTED_EDGE ( 'NONE', *, *, #1403, .T. ) ;
#2414 = VECTOR ( 'NONE', #1374, 1000.000000000000000 ) ;
#2415 = DIRECTION ( 'NONE',  ( -0.5773502691896300609, 0.5773502691896306160, -0.5773502691896166272 ) ) ;
#2416 = LINE ( 'NONE', #2835, #5656 ) ;
#2417 = AXIS2_PLACEMENT_3D ( 'NONE', #4550, #2314, #3398 ) ;
#2418 = VECTOR ( 'NONE', #5487, 1000.000000000000000 ) ;
#2419 = ADVANCED_FACE ( 'NONE', ( #5411 ), #904, .F. ) ;
#2420 = ORIENTED_EDGE ( 'NONE', *, *, #338, .F. ) ;
#2421 = VECTOR ( 'NONE', #3981, 1000.000000000000114 ) ;
#2422 = ORIENTED_EDGE ( 'NONE', *, *, #2637, .T. ) ;
#2423 = DIRECTION ( 'NONE',  ( 0.000000000000000000, 0.000000000000000000, -1.000000000000000000 ) ) ;
#2424 = DIRECTION ( 'NONE',  ( -1.000000000000000000, 0.000000000000000000, 0.000000000000000000 ) ) ;
#2425 = ORIENTED_EDGE ( 'NONE', *, *, #813, .T. ) ;
#2426 = CIRCLE ( 'NONE', #4396, 1.699999999999999734 ) ;
#2427 = CARTESIAN_POINT ( 'NONE',  ( -110.6999999999999744, 38.99999999999990052, 40.00000000000000000 ) ) ;
#2428 = VECTOR ( 'NONE', #5669, 1000.000000000000000 ) ;
#2429 = CARTESIAN_POINT ( 'NONE',  ( -117.0000000000000000, 41.84999999999990195, 43.00000000000000000 ) ) ;
#2430 = EDGE_CURVE ( 'NONE', #2158, #3716, #13, .T. ) ;
#2431 = ORIENTED_EDGE ( 'NONE', *, *, #4823, .F. ) ;
#2432 = EDGE_LOOP ( 'NONE', ( #5034, #2915, #1776, #4063 ) ) ;
#2433 = AXIS2_PLACEMENT_3D ( 'NONE', #4224, #1598, #5107 ) ;
#2434 = CARTESIAN_POINT ( 'NONE',  ( -18.99999999999999645, 4.000000000000017764, 3.500000000000000000 ) ) ;
#2435 = DIRECTION ( 'NONE',  ( 0.000000000000000000, 1.000000000000000000, 0.000000000000000000 ) ) ;
#2436 = CARTESIAN_POINT ( 'NONE',  ( -1.047224407260559495E-30, 55.00000000000002842, 6.500000000000013323 ) ) ;
#2437 = FACE_OUTER_BOUND ( 'NONE', #5478, .T. ) ;
#2438 = VECTOR ( 'NONE', #3438, 1000.000000000000000 ) ;
#2439 = CARTESIAN_POINT ( 'NONE',  ( -107.1499999999999915, 2.500000000000022204, 0.5000000000000003331 ) ) ;
#2440 = DIRECTION ( 'NONE',  ( 0.7071067811865584529, -0.7071067811865364705, 0.000000000000000000 ) ) ;
#2441 = VECTOR ( 'NONE', #1779, 1000.000000000000000 ) ;
#2442 = CARTESIAN_POINT ( 'NONE',  ( -24.85000000000000142, 53.00000000000004263, 7.000000000000000000 ) ) ;
#2443 = LINE ( 'NONE', #3882, #5469 ) ;
#2444 = LINE ( 'NONE', #4702, #4198 ) ;
#2445 = VERTEX_POINT ( 'NONE', #1425 ) ;
#2446 = CARTESIAN_POINT ( 'NONE',  ( -4.000000000000023093, 45.15000000000001990, 0.5000000000000143219 ) ) ;
#2447 = CARTESIAN_POINT ( 'NONE',  ( -0.5000000000000004441, 0.5000000000000004441, 7.000000000000000000 ) ) ;
#2448 = EDGE_CURVE ( 'NONE', #5193, #5735, #3139, .T. ) ;
#2449 = ORIENTED_EDGE ( 'NONE', *, *, #891, .T. ) ;
#2450 = AXIS2_PLACEMENT_3D ( 'NONE', #3678, #1824, #1073 ) ;
#2451 = EDGE_CURVE ( 'NONE', #1070, #2752, #446, .T. ) ;
#2452 = ORIENTED_EDGE ( 'NONE', *, *, #596, .F. ) ;
#2453 = DIRECTION ( 'NONE',  ( -1.000000000000000000, 0.000000000000000000, 0.000000000000000000 ) ) ;
#2454 = EDGE_CURVE ( 'NONE', #1576, #3297, #2679, .T. ) ;
#2455 = FACE_OUTER_BOUND ( 'NONE', #3597, .T. ) ;
#2456 = ORIENTED_EDGE ( 'NONE', *, *, #2020, .T. ) ;
#2457 = VECTOR ( 'NONE', #2584, 1000.000000000000000 ) ;
#2458 = DIRECTION ( 'NONE',  ( -0.000000000000000000, -0.000000000000000000, 1.000000000000000000 ) ) ;
#2459 = EDGE_LOOP ( 'NONE', ( #182, #4085, #2389, #1712 ) ) ;
#2460 = ORIENTED_EDGE ( 'NONE', *, *, #3169, .T. ) ;
#2461 = AXIS2_PLACEMENT_3D ( 'NONE', #1364, #3160, #4931 ) ;
#2462 = EDGE_CURVE ( 'NONE', #1952, #4906, #1715, .T. ) ;
#2463 = PLANE ( 'NONE',  #5653 ) ;
#2464 = EDGE_CURVE ( 'NONE', #5529, #2382, #3272, .T. ) ;
#2465 = FACE_OUTER_BOUND ( 'NONE', #2926, .T. ) ;
#2466 = CARTESIAN_POINT ( 'NONE',  ( -49.00000000000007105, 38.99999999999990052, 45.00000000000000000 ) ) ;
#2467 = DIRECTION ( 'NONE',  ( -0.000000000000000000, -1.000000000000000000, -0.000000000000000000 ) ) ;
#2468 = ORIENTED_EDGE ( 'NONE', *, *, #5153, .T. ) ;
#2469 = AXIS2_PLACEMENT_3D ( 'NONE', #3985, #433, #27 ) ;
#2470 = FACE_OUTER_BOUND ( 'NONE', #2044, .T. ) ;
#2471 = ORIENTED_EDGE ( 'NONE', *, *, #3073, .T. ) ;
#2472 = ADVANCED_FACE ( 'NONE', ( #4982 ), #1876, .F. ) ;
#2473 = LINE ( 'NONE', #2529, #2081 ) ;
#2474 = CARTESIAN_POINT ( 'NONE',  ( -21.85000000000000142, 53.00000000000000711, 7.000000000000000000 ) ) ;
#2475 = LINE ( 'NONE', #4674, #1032 ) ;
#2476 = ORIENTED_EDGE ( 'NONE', *, *, #61, .F. ) ;
#2477 = ORIENTED_EDGE ( 'NONE', *, *, #2751, .F. ) ;
#2478 = DIRECTION ( 'NONE',  ( -1.000000000000000000, -2.551063935260020845E-16, 0.000000000000000000 ) ) ;
#2479 = ORIENTED_EDGE ( 'NONE', *, *, #2391, .T. ) ;
#2480 = LINE ( 'NONE', #4268, #2842 ) ;
#2481 = VECTOR ( 'NONE', #1967, 1000.000000000000000 ) ;
#2482 = ORIENTED_EDGE ( 'NONE', *, *, #5319, .F. ) ;
#2483 = EDGE_CURVE ( 'NONE', #684, #4901, #4545, .T. ) ;
#2484 = PLANE ( 'NONE',  #950 ) ;
#2485 = CARTESIAN_POINT ( 'NONE',  ( -112.8500000000000085, 2.000000000000020872, 6.500000000000013323 ) ) ;
#2486 = ORIENTED_EDGE ( 'NONE', *, *, #218, .F. ) ;
#2487 = CARTESIAN_POINT ( 'NONE',  ( -82.33333333333408177, 41.16666666666590402, -40.66666666666704089 ) ) ;
#2488 = VECTOR ( 'NONE', #5389, 1000.000000000000000 ) ;
#2489 = ORIENTED_EDGE ( 'NONE', *, *, #4277, .T. ) ;
#2490 = EDGE_CURVE ( 'NONE', #5128, #3054, #976, .T. ) ;
#2491 = LINE ( 'NONE', #4279, #1492 ) ;
#2492 = VERTEX_POINT ( 'NONE', #1473 ) ;
#2493 = CARTESIAN_POINT ( 'NONE',  ( -113.4999999999999716, 54.00000000000000000, 7.000000000000000000 ) ) ;
#2494 = AXIS2_PLACEMENT_3D ( 'NONE', #4773, #5272, #1240 ) ;
#2495 = DIRECTION ( 'NONE',  ( -1.000000000000000000, -1.521687259628775549E-16, 0.000000000000000000 ) ) ;
#2496 = PLANE ( 'NONE',  #2433 ) ;
#2497 = DIRECTION ( 'NONE',  ( 0.000000000000000000, 0.000000000000000000, -1.000000000000000000 ) ) ;
#2498 = FACE_BOUND ( 'NONE', #5629, .T. ) ;
#2499 = EDGE_CURVE ( 'NONE', #4053, #4624, #2725, .T. ) ;
#2500 = CARTESIAN_POINT ( 'NONE',  ( -0.5000000000000004441, 54.50000000000002842, 7.000000000000000000 ) ) ;
#2501 = LINE ( 'NONE', #2090, #2740 ) ;
#2502 = CARTESIAN_POINT ( 'NONE',  ( -110.0000000000000000, 6.000000000000025757, 3.500000000000000000 ) ) ;
#2503 = VERTEX_POINT ( 'NONE', #1540 ) ;
#2504 = ADVANCED_FACE ( 'NONE', ( #1443 ), #5428, .T. ) ;
#2505 = ORIENTED_EDGE ( 'NONE', *, *, #3084, .T. ) ;
#2506 = FACE_OUTER_BOUND ( 'NONE', #3401, .T. ) ;
#2507 = VERTEX_POINT ( 'NONE', #2372 ) ;
#2508 = CARTESIAN_POINT ( 'NONE',  ( -2.000000000000000000, 42.15000000000001990, 6.500000000000013323 ) ) ;
#2509 = AXIS2_PLACEMENT_3D ( 'NONE', #3201, #863, #2606 ) ;
#2510 = VERTEX_POINT ( 'NONE', #4194 ) ;
#2511 = DIRECTION ( 'NONE',  ( -1.000000000000000000, 0.000000000000000000, 0.000000000000000000 ) ) ;
#2512 = DIRECTION ( 'NONE',  ( 1.000000000000000000, 0.000000000000000000, 0.000000000000000000 ) ) ;
#2513 = VECTOR ( 'NONE', #722, 1000.000000000000114 ) ;
#2514 = AXIS2_PLACEMENT_3D ( 'NONE', #2941, #2877, #3416 ) ;
#2515 = PLANE ( 'NONE',  #3804 ) ;
#2516 = ORIENTED_EDGE ( 'NONE', *, *, #4886, .F. ) ;
#2517 = CARTESIAN_POINT ( 'NONE',  ( -107.1499999999999915, 2.500000000000011102, 7.000000000000000000 ) ) ;
#2518 = EDGE_CURVE ( 'NONE', #1324, #3112, #5075, .T. ) ;
#2519 = ORIENTED_EDGE ( 'NONE', *, *, #1111, .F. ) ;
#2520 = ORIENTED_EDGE ( 'NONE', *, *, #4795, .F. ) ;
#2521 = AXIS2_PLACEMENT_3D ( 'NONE', #3254, #2770, #4113 ) ;
#2522 = FACE_OUTER_BOUND ( 'NONE', #2074, .T. ) ;
#2523 = VECTOR ( 'NONE', #4972, 1000.000000000000000 ) ;
#2524 = LINE ( 'NONE', #827, #148 ) ;
#2525 = ADVANCED_FACE ( 'NONE', ( #4163 ), #3239, .T. ) ;
#2526 = CARTESIAN_POINT ( 'NONE',  ( -9.157222797720664020E-31, 48.00000000000002842, 3.499999999999999556 ) ) ;
#2527 = ADVANCED_FACE ( 'NONE', ( #3207 ), #514, .T. ) ;
#2528 = CARTESIAN_POINT ( 'NONE',  ( -110.0000000000000000, 0.000000000000000000, 1.800000000000001155 ) ) ;
#2529 = CARTESIAN_POINT ( 'NONE',  ( -16.14999999999999147, 53.00000000000000711, 6.499999999999985789 ) ) ;
#2530 = PLANE ( 'NONE',  #54 ) ;
#2531 = EDGE_CURVE ( 'NONE', #1576, #1528, #1969, .T. ) ;
#2532 = LINE ( 'NONE', #375, #554 ) ;
#2533 = VERTEX_POINT ( 'NONE', #577 ) ;
#2534 = ORIENTED_EDGE ( 'NONE', *, *, #457, .T. ) ;
#2535 = AXIS2_PLACEMENT_3D ( 'NONE', #3220, #5501, #213 ) ;
#2536 = CARTESIAN_POINT ( 'NONE',  ( -123.5000000000000000, 0.000000000000000000, 6.500000000000013323 ) ) ;
#2537 = ORIENTED_EDGE ( 'NONE', *, *, #2562, .F. ) ;
#2538 = CARTESIAN_POINT ( 'NONE',  ( -119.0000000000000000, 54.50000000000002132, 0.000000000000000000 ) ) ;
#2539 = ADVANCED_FACE ( 'NONE', ( #3674 ), #5463, .T. ) ;
#2540 = ORIENTED_EDGE ( 'NONE', *, *, #1524, .F. ) ;
#2541 = ORIENTED_EDGE ( 'NONE', *, *, #1807, .F. ) ;
#2542 = FACE_OUTER_BOUND ( 'NONE', #5481, .T. ) ;
#2543 = FACE_OUTER_BOUND ( 'NONE', #882, .T. ) ;
#2544 = ORIENTED_EDGE ( 'NONE', *, *, #4889, .T. ) ;
#2545 = DIRECTION ( 'NONE',  ( -0.7071067811865378028, 0.000000000000000000, 0.7071067811865573427 ) ) ;
#2546 = ORIENTED_EDGE ( 'NONE', *, *, #3074, .T. ) ;
#2547 = FACE_OUTER_BOUND ( 'NONE', #2640, .T. ) ;
#2548 = EDGE_LOOP ( 'NONE', ( #2471, #5422, #3166, #2955 ) ) ;
#2549 = AXIS2_PLACEMENT_3D ( 'NONE', #2434, #4826, #4221 ) ;
#2550 = LINE ( 'NONE', #1595, #2428 ) ;
#2551 = DIRECTION ( 'NONE',  ( -1.000000000000000000, 0.000000000000000000, 0.000000000000000000 ) ) ;
#2552 = DIRECTION ( 'NONE',  ( 0.000000000000000000, 1.000000000000000000, 0.000000000000000000 ) ) ;
#2553 = CARTESIAN_POINT ( 'NONE',  ( -119.0000000000000000, 44.65000000000000568, 0.000000000000000000 ) ) ;
#2554 = CARTESIAN_POINT ( 'NONE',  ( -21.85000000000000853, 53.50000000000002132, 0.000000000000000000 ) ) ;
#2555 = AXIS2_PLACEMENT_3D ( 'NONE', #5765, #411, #3515 ) ;
#2556 = ADVANCED_FACE ( 'NONE', ( #3303 ), #2757, .T. ) ;
#2557 = CARTESIAN_POINT ( 'NONE',  ( -112.8500000000000085, 4.500000000000011546, 0.000000000000000000 ) ) ;
#2558 = LINE ( 'NONE', #1229, #2850 ) ;
#2559 = DIRECTION ( 'NONE',  ( 1.000000000000000000, 0.000000000000000000, 0.000000000000000000 ) ) ;
#2560 = AXIS2_PLACEMENT_3D ( 'NONE', #920, #4840, #2256 ) ;
#2561 = ORIENTED_EDGE ( 'NONE', *, *, #3262, .T. ) ;
#2562 = EDGE_CURVE ( 'NONE', #3000, #5783, #756, .T. ) ;
#2563 = LINE ( 'NONE', #2897, #5167 ) ;
#2564 = ORIENTED_EDGE ( 'NONE', *, *, #1174, .T. ) ;
#2565 = LINE ( 'NONE', #4353, #2263 ) ;
#2566 = VERTEX_POINT ( 'NONE', #5015 ) ;
#2567 = EDGE_CURVE ( 'NONE', #1637, #2445, #1003, .T. ) ;
#2568 = DIRECTION ( 'NONE',  ( 0.000000000000000000, 0.000000000000000000, -1.000000000000000000 ) ) ;
#2569 = LINE ( 'NONE', #2024, #5178 ) ;
#2570 = DIRECTION ( 'NONE',  ( -0.7071067811865564545, 0.7071067811865386910, -0.000000000000000000 ) ) ;
#2571 = EDGE_LOOP ( 'NONE', ( #347, #1852, #2802, #502, #3578, #1218 ) ) ;
#2572 = CARTESIAN_POINT ( 'NONE',  ( -119.5000000000000000, 54.00000000000000000, 7.000000000000000000 ) ) ;
#2573 = ORIENTED_EDGE ( 'NONE', *, *, #5622, .T. ) ;
#2574 = EDGE_LOOP ( 'NONE', ( #2865, #3989, #1245, #4769 ) ) ;
#2575 = EDGE_CURVE ( 'NONE', #3787, #880, #2342, .T. ) ;
#2576 = ORIENTED_EDGE ( 'NONE', *, *, #2267, .F. ) ;
#2577 = ORIENTED_EDGE ( 'NONE', *, *, #1264, .T. ) ;
#2578 = PLANE ( 'NONE',  #1027 ) ;
#2579 = DIRECTION ( 'NONE',  ( 0.000000000000000000, -1.000000000000000000, 0.000000000000000000 ) ) ;
#2580 = VECTOR ( 'NONE', #2719, 1000.000000000000000 ) ;
#2581 = PLANE ( 'NONE',  #1938 ) ;
#2582 = DIRECTION ( 'NONE',  ( 0.000000000000000000, -0.000000000000000000, -1.000000000000000000 ) ) ;
#2583 = CARTESIAN_POINT ( 'NONE',  ( -42.66666666666607455, 6.483333333333507476, -38.16666666666650087 ) ) ;
#2584 = DIRECTION ( 'NONE',  ( 1.000000000000000000, 1.907754749525137334E-32, -0.000000000000000000 ) ) ;
#2585 = CARTESIAN_POINT ( 'NONE',  ( -24.85000000000000142, 49.00000000000001421, 6.500000000000013323 ) ) ;
#2586 = ORIENTED_EDGE ( 'NONE', *, *, #487, .T. ) ;
#2587 = DIRECTION ( 'NONE',  ( -0.000000000000000000, -0.000000000000000000, -1.000000000000000000 ) ) ;
#2588 = EDGE_LOOP ( 'NONE', ( #4885, #3407, #3709, #2452 ) ) ;
#2589 = DIRECTION ( 'NONE',  ( -1.000000000000000000, -0.000000000000000000, 0.000000000000000000 ) ) ;
#2590 = LINE ( 'NONE', #439, #468 ) ;
#2591 = EDGE_CURVE ( 'NONE', #3742, #2734, #4754, .T. ) ;
#2592 = DIRECTION ( 'NONE',  ( 0.7071067811865378028, 0.000000000000000000, -0.7071067811865573427 ) ) ;
#2593 = FACE_BOUND ( 'NONE', #1179, .T. ) ;
#2594 = ADVANCED_FACE ( 'NONE', ( #1101 ), #2975, .F. ) ;
#2595 = ORIENTED_EDGE ( 'NONE', *, *, #4523, .T. ) ;
#2596 = DIRECTION ( 'NONE',  ( -0.000000000000000000, 0.000000000000000000, 1.000000000000000000 ) ) ;
#2597 = ORIENTED_EDGE ( 'NONE', *, *, #1533, .T. ) ;
#2598 = ORIENTED_EDGE ( 'NONE', *, *, #5152, .T. ) ;
#2599 = CARTESIAN_POINT ( 'NONE',  ( -103.6500000000000057, 2.000000000000022204, 0.5000000000000005551 ) ) ;
#2600 = CIRCLE ( 'NONE', #3275, 0.5000000000000281997 ) ;
#2601 = VERTEX_POINT ( 'NONE', #1159 ) ;
#2602 = VECTOR ( 'NONE', #3148, 1000.000000000000000 ) ;
#2603 = DIRECTION ( 'NONE',  ( 0.000000000000000000, 0.000000000000000000, 1.000000000000000000 ) ) ;
#2604 = CARTESIAN_POINT ( 'NONE',  ( -9.157222797720664020E-31, 48.00000000000002842, 3.499999999999999556 ) ) ;
#2605 = ADVANCED_FACE ( 'NONE', ( #4284 ), #2496, .T. ) ;
#2606 = DIRECTION ( 'NONE',  ( 0.000000000000000000, 0.000000000000000000, 1.000000000000000000 ) ) ;
#2607 = CARTESIAN_POINT ( 'NONE',  ( -111.4999999999999716, 0.000000000000000000, 48.00000000000000000 ) ) ;
#2608 = EDGE_CURVE ( 'NONE', #5704, #1049, #3366, .T. ) ;
#2609 = VECTOR ( 'NONE', #5782, 1000.000000000000000 ) ;
#2610 = CARTESIAN_POINT ( 'NONE',  ( -54.49999999999858602, -54.49999999999995737, 48.00000000000000000 ) ) ;
#2611 = CARTESIAN_POINT ( 'NONE',  ( -111.4999999999999574, 6.000000000000023981, 0.000000000000000000 ) ) ;
#2612 = EDGE_LOOP ( 'NONE', ( #2214, #3873, #1964, #3689 ) ) ;
#2613 = AXIS2_PLACEMENT_3D ( 'NONE', #1530, #310, #2873 ) ;
#2614 = AXIS2_PLACEMENT_3D ( 'NONE', #663, #4601, #1566 ) ;
#2615 = FACE_OUTER_BOUND ( 'NONE', #2695, .T. ) ;
#2616 = ORIENTED_EDGE ( 'NONE', *, *, #5371, .F. ) ;
#2617 = CARTESIAN_POINT ( 'NONE',  ( -119.0000000000000000, 54.00000000000000000, 6.500000000000013323 ) ) ;
#2618 = EDGE_CURVE ( 'NONE', #3795, #1879, #2947, .T. ) ;
#2619 = AXIS2_PLACEMENT_3D ( 'NONE', #217, #1118, #3744 ) ;
#2620 = ORIENTED_EDGE ( 'NONE', *, *, #266, .F. ) ;
#2621 = ADVANCED_FACE ( 'NONE', ( #3847 ), #5640, .F. ) ;
#2622 = FACE_OUTER_BOUND ( 'NONE', #2748, .T. ) ;
#2623 = FACE_OUTER_BOUND ( 'NONE', #1186, .T. ) ;
#2624 = VERTEX_POINT ( 'NONE', #1626 ) ;
#2625 = CARTESIAN_POINT ( 'NONE',  ( -110.9999999999999716, 43.99999999999990052, 7.000000000000000000 ) ) ;
#2626 = ORIENTED_EDGE ( 'NONE', *, *, #4109, .T. ) ;
#2627 = EDGE_CURVE ( 'NONE', #1882, #2082, #1569, .T. ) ;
#2628 = VERTEX_POINT ( 'NONE', #666 ) ;
#2629 = VERTEX_POINT ( 'NONE', #4696 ) ;
#2630 = EDGE_CURVE ( 'NONE', #1110, #5637, #5583, .T. ) ;
#2631 = DIRECTION ( 'NONE',  ( 0.000000000000000000, 0.000000000000000000, 1.000000000000000000 ) ) ;
#2632 = DIRECTION ( 'NONE',  ( 0.000000000000000000, 0.000000000000000000, 1.000000000000000000 ) ) ;
#2633 = VECTOR ( 'NONE', #3801, 1000.000000000000000 ) ;
#2634 = CARTESIAN_POINT ( 'NONE',  ( -123.0000000000000000, 54.00000000000000000, 7.000000000000000000 ) ) ;
#2635 = CARTESIAN_POINT ( 'NONE',  ( -121.5000000000000000, 5.000000000000000000, 0.5000000000000004441 ) ) ;
#2636 = LINE ( 'NONE', #4430, #2609 ) ;
#2637 = EDGE_CURVE ( 'NONE', #2067, #3833, #4666, .T. ) ;
#2638 = CARTESIAN_POINT ( 'NONE',  ( -45.00000000000007816, 42.34999999999987352, 45.00000000000000000 ) ) ;
#2639 = CARTESIAN_POINT ( 'NONE',  ( -110.0000000000000000, 6.000000000000025757, 3.500000000000000000 ) ) ;
#2640 = EDGE_LOOP ( 'NONE', ( #184, #5570, #2644, #2162 ) ) ;
#2641 = VECTOR ( 'NONE', #55, 1000.000000000000000 ) ;
#2642 = EDGE_CURVE ( 'NONE', #1047, #5573, #5136, .T. ) ;
#2643 = FACE_OUTER_BOUND ( 'NONE', #646, .T. ) ;
#2644 = ORIENTED_EDGE ( 'NONE', *, *, #3934, .F. ) ;
#2645 = AXIS2_PLACEMENT_3D ( 'NONE', #2290, #1454, #4145 ) ;
#2646 = PLANE ( 'NONE',  #3036 ) ;
#2647 = VECTOR ( 'NONE', #4405, 1000.000000000000000 ) ;
#2648 = EDGE_LOOP ( 'NONE', ( #2519, #147, #442, #4904 ) ) ;
#2649 = CARTESIAN_POINT ( 'NONE',  ( -16.14999999999999147, 2.000000000000013767, 7.000000000000000000 ) ) ;
#2650 = LINE ( 'NONE', #5295, #231 ) ;
#2651 = LINE ( 'NONE', #2155, #2208 ) ;
#2652 = DIRECTION ( 'NONE',  ( -0.000000000000000000, 1.000000000000000000, 0.000000000000000000 ) ) ;
#2653 = ADVANCED_FACE ( 'NONE', ( #689 ), #256, .T. ) ;
#2654 = EDGE_LOOP ( 'NONE', ( #2126, #5439, #750, #1436 ) ) ;
#2655 = ORIENTED_EDGE ( 'NONE', *, *, #5228, .T. ) ;
#2656 = ORIENTED_EDGE ( 'NONE', *, *, #3816, .F. ) ;
#2657 = CARTESIAN_POINT ( 'NONE',  ( -122.0000000000000000, 8.000000000000000000, 7.000000000000000000 ) ) ;
#2658 = CARTESIAN_POINT ( 'NONE',  ( -113.3499999999999943, 2.000000000000020872, 0.000000000000000000 ) ) ;
#2659 = CARTESIAN_POINT ( 'NONE',  ( -49.00000000000007105, 38.99999999999990052, 40.00000000000000000 ) ) ;
#2660 = CARTESIAN_POINT ( 'NONE',  ( 0.000000000000000000, 0.000000000000000000, 7.000000000000000000 ) ) ;
#2661 = ADVANCED_FACE ( 'NONE', ( #3356 ), #126, .F. ) ;
#2662 = LINE ( 'NONE', #4868, #5420 ) ;
#2663 = ORIENTED_EDGE ( 'NONE', *, *, #1888, .F. ) ;
#2664 = ORIENTED_EDGE ( 'NONE', *, *, #5521, .T. ) ;
#2665 = CARTESIAN_POINT ( 'NONE',  ( -112.4999999999999716, 41.84999999999990195, 45.00000000000000000 ) ) ;
#2666 = DIRECTION ( 'NONE',  ( 0.000000000000000000, 1.000000000000000000, -0.000000000000000000 ) ) ;
#2667 = ORIENTED_EDGE ( 'NONE', *, *, #3861, .F. ) ;
#2668 = ADVANCED_FACE ( 'NONE', ( #1894, #593 ), #4655, .T. ) ;
#2669 = VECTOR ( 'NONE', #3261, 1000.000000000000227 ) ;
#2670 = CARTESIAN_POINT ( 'NONE',  ( -47.50000000000007105, 2.000000000000030642, 47.50000000000001421 ) ) ;
#2671 = ORIENTED_EDGE ( 'NONE', *, *, #111, .T. ) ;
#2672 = DIRECTION ( 'NONE',  ( -0.000000000000000000, -0.000000000000000000, -1.000000000000000000 ) ) ;
#2673 = VECTOR ( 'NONE', #1956, 1000.000000000000000 ) ;
#2674 = EDGE_CURVE ( 'NONE', #997, #3777, #3290, .T. ) ;
#2675 = DIRECTION ( 'NONE',  ( -1.000000000000000000, -0.000000000000000000, -0.000000000000000000 ) ) ;
#2676 = CARTESIAN_POINT ( 'NONE',  ( -104.9999999999999858, 43.99999999999990052, 40.00000000000000000 ) ) ;
#2677 = DIRECTION ( 'NONE',  ( -1.521687259628775549E-16, 1.000000000000000000, 0.000000000000000000 ) ) ;
#2678 = PERSON_AND_ORGANIZATION_ROLE ( 'design_supplier' ) ;
#2679 = LINE ( 'NONE', #1782, #1138 ) ;
#2680 = ORIENTED_EDGE ( 'NONE', *, *, #3755, .F. ) ;
#2681 = DIRECTION ( 'NONE',  ( -1.000000000000000000, 0.000000000000000000, 0.000000000000000000 ) ) ;
#2682 = ORIENTED_EDGE ( 'NONE', *, *, #4562, .F. ) ;
#2683 = AXIS2_PLACEMENT_3D ( 'NONE', #3452, #2948, #2497 ) ;
#2684 = FACE_OUTER_BOUND ( 'NONE', #3235, .T. ) ;
#2685 = DIRECTION ( 'NONE',  ( -0.000000000000000000, -0.000000000000000000, 1.000000000000000000 ) ) ;
#2686 = EDGE_CURVE ( 'NONE', #5596, #4388, #1864, .T. ) ;
#2687 = CARTESIAN_POINT ( 'NONE',  ( -119.0000000000000000, 55.00000000000000711, 6.500000000000013323 ) ) ;
#2688 = DIRECTION ( 'NONE',  ( 0.000000000000000000, 0.000000000000000000, -1.000000000000000000 ) ) ;
#2689 = AXIS2_PLACEMENT_3D ( 'NONE', #1789, #5754, #1732 ) ;
#2690 = VERTEX_POINT ( 'NONE', #2330 ) ;
#2691 = EDGE_CURVE ( 'NONE', #5591, #5292, #5571, .T. ) ;
#2692 = LINE ( 'NONE', #3237, #1890 ) ;
#2693 = VECTOR ( 'NONE', #4291, 1000.000000000000000 ) ;
#2694 = PLANE ( 'NONE',  #2469 ) ;
#2695 = EDGE_LOOP ( 'NONE', ( #5678, #4968, #2957, #260 ) ) ;
#2696 = VECTOR ( 'NONE', #1838, 1000.000000000000000 ) ;
#2697 = ADVANCED_FACE ( 'NONE', ( #96 ), #2870, .F. ) ;
#2698 = AXIS2_PLACEMENT_3D ( 'NONE', #2130, #394, #3923 ) ;
#2699 = EDGE_CURVE ( 'NONE', #672, #2986, #1986, .T. ) ;
#2700 = LINE ( 'NONE', #5703, #1620 ) ;
#2701 = VERTEX_POINT ( 'NONE', #3692 ) ;
#2702 = CARTESIAN_POINT ( 'NONE',  ( -113.3499999999999943, 2.500000000000007994, 0.000000000000000000 ) ) ;
#2703 = VECTOR ( 'NONE', #4856, 1000.000000000000000 ) ;
#2704 = CIRCLE ( 'NONE', #4771, 1.700000000000000178 ) ;
#2705 = ORIENTED_EDGE ( 'NONE', *, *, #2120, .T. ) ;
#2706 = VECTOR ( 'NONE', #2058, 1000.000000000000114 ) ;
#2707 = EDGE_CURVE ( 'NONE', #5292, #3641, #5451, .T. ) ;
#2708 = LINE ( 'NONE', #2264, #4118 ) ;
#2709 = LINE ( 'NONE', #5353, #5743 ) ;
#2710 = DATE_AND_TIME ( #4936, #361 ) ;
#2711 = AXIS2_PLACEMENT_3D ( 'NONE', #5216, #4745, #2102 ) ;
#2712 = CARTESIAN_POINT ( 'NONE',  ( -22.35000000000000853, 50.49999999999998579, 0.000000000000000000 ) ) ;
#2713 = ORIENTED_EDGE ( 'NONE', *, *, #2630, .T. ) ;
#2714 = VERTEX_POINT ( 'NONE', #2841 ) ;
#2715 = ORIENTED_EDGE ( 'NONE', *, *, #487, .F. ) ;
#2716 = VERTEX_POINT ( 'NONE', #1557 ) ;
#2717 = EDGE_CURVE ( 'NONE', #4509, #3616, #4184, .T. ) ;
#2718 = DIRECTION ( 'NONE',  ( -0.000000000000000000, -0.7071067811865358044, -0.7071067811865592301 ) ) ;
#2719 = DIRECTION ( 'NONE',  ( 0.000000000000000000, 0.000000000000000000, 1.000000000000000000 ) ) ;
#2720 = DIRECTION ( 'NONE',  ( 0.5773502691896205130, 0.5773502691896205130, 0.5773502691896363892 ) ) ;
#2721 = DIRECTION ( 'NONE',  ( 0.000000000000000000, 0.000000000000000000, -1.000000000000000000 ) ) ;
#2722 = ORIENTED_EDGE ( 'NONE', *, *, #3084, .F. ) ;
#2723 = CARTESIAN_POINT ( 'NONE',  ( -1.049265112238826045E-30, 55.00000000000002842, 6.500000000000013323 ) ) ;
#2724 = CARTESIAN_POINT ( 'NONE',  ( -108.9999999999999858, 38.99999999999990052, 40.00000000000000000 ) ) ;
#2725 = LINE ( 'NONE', #1509, #1601 ) ;
#2726 = ORIENTED_EDGE ( 'NONE', *, *, #3016, .F. ) ;
#2727 = EDGE_CURVE ( 'NONE', #2533, #2716, #5064, .T. ) ;
#2728 = VECTOR ( 'NONE', #2440, 1000.000000000000114 ) ;
#2729 = DIRECTION ( 'NONE',  ( 1.000000000000000000, 0.000000000000000000, -0.000000000000000000 ) ) ;
#2730 = ORIENTED_EDGE ( 'NONE', *, *, #1117, .T. ) ;
#2731 = LINE ( 'NONE', #4961, #3423 ) ;
#2732 = LINE ( 'NONE', #4521, #3731 ) ;
#2733 = VECTOR ( 'NONE', #4571, 1000.000000000000114 ) ;
#2734 = VERTEX_POINT ( 'NONE', #5482 ) ;
#2735 = EDGE_CURVE ( 'NONE', #1469, #5021, #5003, .T. ) ;
#2736 = ORIENTED_EDGE ( 'NONE', *, *, #3116, .T. ) ;
#2737 = VECTOR ( 'NONE', #7, 1000.000000000000000 ) ;
#2738 = FACE_OUTER_BOUND ( 'NONE', #4541, .T. ) ;
#2739 = CARTESIAN_POINT ( 'NONE',  ( -45.00000000000007816, 45.99999999999990052, 47.50000000000002842 ) ) ;
#2740 = VECTOR ( 'NONE', #374, 1000.000000000000114 ) ;
#2741 = CARTESIAN_POINT ( 'NONE',  ( -112.4999999999999716, 0.000000000000000000, 7.000000000000000000 ) ) ;
#2742 = EDGE_CURVE ( 'NONE', #4125, #4832, #2777, .T. ) ;
#2743 = ORIENTED_EDGE ( 'NONE', *, *, #1848, .T. ) ;
#2744 = ORIENTED_EDGE ( 'NONE', *, *, #2972, .F. ) ;
#2745 = ORIENTED_EDGE ( 'NONE', *, *, #4716, .F. ) ;
#2746 = DIRECTION ( 'NONE',  ( 0.7071067811865378028, 0.7071067811865573427, -0.000000000000000000 ) ) ;
#2747 = CARTESIAN_POINT ( 'NONE',  ( -50.09999999999996589, 19.05000000000049099, 34.45000000000049312 ) ) ;
#2748 = EDGE_LOOP ( 'NONE', ( #2456, #493, #1766, #1547 ) ) ;
#2749 = DIRECTION ( 'NONE',  ( 1.000000000000000000, 0.000000000000000000, 0.000000000000000000 ) ) ;
#2750 = DIRECTION ( 'NONE',  ( 0.000000000000000000, 0.000000000000000000, -1.000000000000000000 ) ) ;
#2751 = EDGE_CURVE ( 'NONE', #4125, #1355, #4117, .T. ) ;
#2752 = VERTEX_POINT ( 'NONE', #185 ) ;
#2753 = FACE_OUTER_BOUND ( 'NONE', #5076, .T. ) ;
#2754 = DIRECTION ( 'NONE',  ( -0.000000000000000000, -1.000000000000000000, -0.000000000000000000 ) ) ;
#2755 = ADVANCED_FACE ( 'NONE', ( #1022 ), #626, .F. ) ;
#2756 = PLANE ( 'NONE',  #511 ) ;
#2757 = PLANE ( 'NONE',  #1965 ) ;
#2758 = ORIENTED_EDGE ( 'NONE', *, *, #118, .T. ) ;
#2759 = AXIS2_PLACEMENT_3D ( 'NONE', #2191, #3979, #341 ) ;
#2760 = CARTESIAN_POINT ( 'NONE',  ( -47.00000000000008527, 2.500000000000030198, 0.5000000000000003331 ) ) ;
#2761 = ORIENTED_EDGE ( 'NONE', *, *, #3685, .F. ) ;
#2762 = PLANE ( 'NONE',  #2417 ) ;
#2763 = DIRECTION ( 'NONE',  ( -0.000000000000000000, -0.000000000000000000, -1.000000000000000000 ) ) ;
#2764 = ORIENTED_EDGE ( 'NONE', *, *, #4704, .F. ) ;
#2765 = ORIENTED_EDGE ( 'NONE', *, *, #4086, .T. ) ;
#2766 = CARTESIAN_POINT ( 'NONE',  ( -108.9999999999999858, 38.99999999999990052, 40.00000000000000000 ) ) ;
#2767 = AXIS2_PLACEMENT_3D ( 'NONE', #3110, #3022, #4801 ) ;
#2768 = DIRECTION ( 'NONE',  ( 1.000000000000000000, 0.000000000000000000, -0.000000000000000000 ) ) ;
#2769 = EDGE_CURVE ( 'NONE', #5776, #1355, #5507, .T. ) ;
#2770 = DIRECTION ( 'NONE',  ( -0.7071067811865573427, 0.7071067811865378028, 0.000000000000000000 ) ) ;
#2771 = ORIENTED_EDGE ( 'NONE', *, *, #4578, .F. ) ;
#2772 = SECURITY_CLASSIFICATION ( '', '', #934 ) ;
#2773 = ORIENTED_EDGE ( 'NONE', *, *, #3020, .T. ) ;
#2774 = CARTESIAN_POINT ( 'NONE',  ( -104.9999999999999858, 31.99999999999990408, 40.00000000000000000 ) ) ;
#2775 = VERTEX_POINT ( 'NONE', #2392 ) ;
#2776 = ORIENTED_EDGE ( 'NONE', *, *, #4386, .F. ) ;
#2777 = LINE ( 'NONE', #4563, #1511 ) ;
#2778 = ADVANCED_FACE ( 'NONE', ( #3322 ), #1694, .T. ) ;
#2779 = DIRECTION ( 'NONE',  ( 1.000000000000000000, 0.000000000000000000, 0.000000000000000000 ) ) ;
#2780 = DIRECTION ( 'NONE',  ( 0.000000000000000000, -1.000000000000000000, 0.000000000000000000 ) ) ;
#2781 = ORIENTED_EDGE ( 'NONE', *, *, #3863, .T. ) ;
#2782 = DIRECTION ( 'NONE',  ( -0.7071067811865370256, 0.000000000000000000, -0.7071067811865580088 ) ) ;
#2783 = LINE ( 'NONE', #3328, #5137 ) ;
#2784 = ORIENTED_EDGE ( 'NONE', *, *, #4354, .T. ) ;
#2785 = AXIS2_PLACEMENT_3D ( 'NONE', #3878, #2059, #1252 ) ;
#2786 = EDGE_CURVE ( 'NONE', #1355, #1258, #789, .T. ) ;
#2787 = DIRECTION ( 'NONE',  ( 0.000000000000000000, 0.000000000000000000, -1.000000000000000000 ) ) ;
#2788 = PLANE ( 'NONE',  #1265 ) ;
#2789 = CARTESIAN_POINT ( 'NONE',  ( -2.000000000000000000, 42.15000000000001990, 1.500000000000000444 ) ) ;
#2790 = ORIENTED_EDGE ( 'NONE', *, *, #2265, .T. ) ;
#2791 = VECTOR ( 'NONE', #1691, 1000.000000000000000 ) ;
#2792 = CARTESIAN_POINT ( 'NONE',  ( -22.35000000000000853, 51.00000000000000711, 0.000000000000000000 ) ) ;
#2793 = ORIENTED_EDGE ( 'NONE', *, *, #996, .F. ) ;
#2794 = CARTESIAN_POINT ( 'NONE',  ( -119.0000000000000000, 55.00000000000000711, 0.5000000000000004441 ) ) ;
#2795 = VERTEX_POINT ( 'NONE', #1616 ) ;
#2796 = DIRECTION ( 'NONE',  ( 1.075995380128692993E-16, -0.7071067811865549002, -0.7071067811865402453 ) ) ;
#2797 = CARTESIAN_POINT ( 'NONE',  ( -112.8500000000000085, 2.000000000000020872, 47.50000000000001421 ) ) ;
#2798 = VECTOR ( 'NONE', #3359, 1000.000000000000000 ) ;
#2799 = VECTOR ( 'NONE', #5032, 1000.000000000000000 ) ;
#2800 = CARTESIAN_POINT ( 'NONE',  ( -4.000000000000017764, 51.35000000000005116, 0.000000000000000000 ) ) ;
#2801 = DIRECTION ( 'NONE',  ( -1.000000000000000000, 0.000000000000000000, 0.000000000000000000 ) ) ;
#2802 = ORIENTED_EDGE ( 'NONE', *, *, #2691, .T. ) ;
#2803 = AXIS2_PLACEMENT_3D ( 'NONE', #3301, #3789, #197 ) ;
#2804 = ORIENTED_EDGE ( 'NONE', *, *, #5666, .T. ) ;
#2805 = ADVANCED_FACE ( 'NONE', ( #2542 ), #4334, .T. ) ;
#2806 = FACE_OUTER_BOUND ( 'NONE', #868, .T. ) ;
#2807 = CARTESIAN_POINT ( 'NONE',  ( -6.000000000000000000, 48.00000000000002842, 3.499999999999999556 ) ) ;
#2808 = VECTOR ( 'NONE', #3421, 999.9999999999998863 ) ;
#2809 = CARTESIAN_POINT ( 'NONE',  ( -112.4999999999999716, 0.000000000000000000, 7.499999999999985789 ) ) ;
#2810 = CARTESIAN_POINT ( 'NONE',  ( -112.4999999999999716, 36.14999999999990621, 43.00000000000000000 ) ) ;
#2811 = ORIENTED_EDGE ( 'NONE', *, *, #5697, .T. ) ;
#2812 = EDGE_CURVE ( 'NONE', #1850, #5704, #1645, .T. ) ;
#2813 = DIRECTION ( 'NONE',  ( -0.5773502691896205130, 0.5773502691896205130, -0.5773502691896363892 ) ) ;
#2814 = DIRECTION ( 'NONE',  ( -0.7071067811865573427, 0.000000000000000000, 0.7071067811865378028 ) ) ;
#2815 = VERTEX_POINT ( 'NONE', #1180 ) ;
#2816 = ADVANCED_FACE ( 'NONE', ( #2991 ), #246, .F. ) ;
#2817 = AXIS2_PLACEMENT_3D ( 'NONE', #815, #5739, #1723 ) ;
#2818 = ORIENTED_EDGE ( 'NONE', *, *, #4878, .T. ) ;
#2819 = CARTESIAN_POINT ( 'NONE',  ( -104.6499999999999773, 2.500000000000020428, 0.000000000000000000 ) ) ;
#2820 = DIRECTION ( 'NONE',  ( 4.798681814596977572E-17, 1.000000000000000000, 0.000000000000000000 ) ) ;
#2821 = EDGE_CURVE ( 'NONE', #4311, #3355, #2963, .T. ) ;
#2822 = LINE ( 'NONE', #4605, #460 ) ;
#2823 = EDGE_CURVE ( 'NONE', #5396, #529, #3018, .T. ) ;
#2824 = VECTOR ( 'NONE', #4234, 1000.000000000000000 ) ;
#2825 = CARTESIAN_POINT ( 'NONE',  ( -113.4999999999999574, 6.000000000000023981, 1.500000000000000444 ) ) ;
#2826 = ORIENTED_EDGE ( 'NONE', *, *, #134, .F. ) ;
#2827 = DIRECTION ( 'NONE',  ( 0.7071067811865573427, 0.7071067811865376918, -0.000000000000000000 ) ) ;
#2828 = FACE_OUTER_BOUND ( 'NONE', #3353, .T. ) ;
#2829 = DIRECTION ( 'NONE',  ( 0.7071067811865386910, 0.7071067811865564545, 0.000000000000000000 ) ) ;
#2830 = ORIENTED_EDGE ( 'NONE', *, *, #348, .T. ) ;
#2831 = EDGE_CURVE ( 'NONE', #2872, #3976, #1692, .T. ) ;
#2832 = LINE ( 'NONE', #4995, #2161 ) ;
#2833 = ORIENTED_EDGE ( 'NONE', *, *, #3582, .T. ) ;
#2834 = VECTOR ( 'NONE', #3152, 1000.000000000000000 ) ;
#2835 = CARTESIAN_POINT ( 'NONE',  ( -21.85000000000000142, 2.000000000000012879, 7.000000000000000000 ) ) ;
#2836 = ORIENTED_EDGE ( 'NONE', *, *, #1670, .T. ) ;
#2837 = VECTOR ( 'NONE', #2177, 1000.000000000000000 ) ;
#2838 = ORIENTED_EDGE ( 'NONE', *, *, #2462, .F. ) ;
#2839 = ORIENTED_EDGE ( 'NONE', *, *, #3710, .T. ) ;
#2840 = CARTESIAN_POINT ( 'NONE',  ( -121.5000000000000000, 8.000000000000000000, 6.500000000000013323 ) ) ;
#2841 = CARTESIAN_POINT ( 'NONE',  ( -24.85000000000000142, 6.000000000000023981, 1.500000000000000444 ) ) ;
#2842 = VECTOR ( 'NONE', #1236, 999.9999999999998863 ) ;
#2843 = DIRECTION ( 'NONE',  ( -1.000000000000000000, -1.521687259628775549E-16, 0.000000000000000000 ) ) ;
#2844 = DIRECTION ( 'NONE',  ( 0.000000000000000000, 0.000000000000000000, -1.000000000000000000 ) ) ;
#2845 = EDGE_CURVE ( 'NONE', #5783, #5297, #333, .T. ) ;
#2846 = ORIENTED_EDGE ( 'NONE', *, *, #4250, .T. ) ;
#2847 = DIRECTION ( 'NONE',  ( 0.000000000000000000, 0.000000000000000000, 1.000000000000000000 ) ) ;
#2848 = CARTESIAN_POINT ( 'NONE',  ( -104.1499999999999915, 2.500000000000022649, 0.000000000000000000 ) ) ;
#2849 = EDGE_LOOP ( 'NONE', ( #4025, #5138, #929, #389 ) ) ;
#2850 = VECTOR ( 'NONE', #5143, 1000.000000000000000 ) ;
#2851 = ORIENTED_EDGE ( 'NONE', *, *, #1268, .T. ) ;
#2852 = FACE_OUTER_BOUND ( 'NONE', #5062, .T. ) ;
#2853 = CARTESIAN_POINT ( 'NONE',  ( -2.000000000000001776, 6.000000000000023981, 1.500000000000000444 ) ) ;
#2854 = EDGE_CURVE ( 'NONE', #3808, #4040, #5684, .T. ) ;
#2855 = CARTESIAN_POINT ( 'NONE',  ( -1.500000000000001332, 54.00000000000000000, 0.000000000000000000 ) ) ;
#2856 = ORIENTED_EDGE ( 'NONE', *, *, #4209, .F. ) ;
#2857 = DIRECTION ( 'NONE',  ( 0.000000000000000000, 0.000000000000000000, -1.000000000000000000 ) ) ;
#2858 = ORIENTED_EDGE ( 'NONE', *, *, #5097, .T. ) ;
#2859 = DIRECTION ( 'NONE',  ( -0.000000000000000000, -0.000000000000000000, -1.000000000000000000 ) ) ;
#2860 = CARTESIAN_POINT ( 'NONE',  ( -21.85000000000000142, 53.00000000000000711, 7.000000000000000000 ) ) ;
#2861 = EDGE_CURVE ( 'NONE', #1004, #3277, #3463, .T. ) ;
#2862 = LINE ( 'NONE', #3311, #5135 ) ;
#2863 = DATE_TIME_ROLE ( 'classification_date' ) ;
#2864 = ORIENTED_EDGE ( 'NONE', *, *, #2412, .F. ) ;
#2865 = ORIENTED_EDGE ( 'NONE', *, *, #4051, .F. ) ;
#2866 = DIRECTION ( 'NONE',  ( -0.5773502691896303940, 0.5773502691896233996, 0.5773502691896235106 ) ) ;
#2867 = DIRECTION ( 'NONE',  ( -1.000000000000000000, -0.000000000000000000, -0.000000000000000000 ) ) ;
#2868 = EDGE_CURVE ( 'NONE', #2012, #679, #3806, .T. ) ;
#2869 = AXIS2_PLACEMENT_3D ( 'NONE', #506, #2272, #4059 ) ;
#2870 = PLANE ( 'NONE',  #2619 ) ;
#2871 = PLANE ( 'NONE',  #2027 ) ;
#2872 = VERTEX_POINT ( 'NONE', #2122 ) ;
#2873 = DIRECTION ( 'NONE',  ( 0.000000000000000000, -0.000000000000000000, 1.000000000000000000 ) ) ;
#2874 = VECTOR ( 'NONE', #852, 1000.000000000000000 ) ;
#2875 = DIRECTION ( 'NONE',  ( 1.000000000000000000, 1.749300984178293063E-16, 0.000000000000000000 ) ) ;
#2876 = ORIENTED_EDGE ( 'NONE', *, *, #2055, .F. ) ;
#2877 = DIRECTION ( 'NONE',  ( -0.7071067811865573427, -0.000000000000000000, -0.7071067811865378028 ) ) ;
#2878 = VERTEX_POINT ( 'NONE', #4272 ) ;
#2879 = EDGE_CURVE ( 'NONE', #3698, #3472, #5598, .T. ) ;
#2880 = DIRECTION ( 'NONE',  ( 0.000000000000000000, 1.000000000000000000, 0.000000000000000000 ) ) ;
#2881 = CARTESIAN_POINT ( 'NONE',  ( -113.4999999999999716, 0.000000000000000000, 6.500000000000013323 ) ) ;
#2882 = LINE ( 'NONE', #4665, #5202 ) ;
#2883 = CARTESIAN_POINT ( 'NONE',  ( -50.09999999999980957, -29.94999999999957296, 34.45000000000032259 ) ) ;
#2884 = DIRECTION ( 'NONE',  ( 1.000000000000000000, 0.000000000000000000, -0.000000000000000000 ) ) ;
#2885 = ADVANCED_FACE ( 'NONE', ( #5710 ), #1581, .T. ) ;
#2886 = DIRECTION ( 'NONE',  ( 0.7071067811865386910, 0.7071067811865563435, -0.000000000000000000 ) ) ;
#2887 = ORIENTED_EDGE ( 'NONE', *, *, #4528, .F. ) ;
#2888 = DIRECTION ( 'NONE',  ( 1.750036293545329014E-16, -1.000000000000000000, 0.000000000000000000 ) ) ;
#2889 = CARTESIAN_POINT ( 'NONE',  ( -117.0000000000000000, 6.000000000000023981, 1.500000000000000444 ) ) ;
#2890 = DIRECTION ( 'NONE',  ( 0.000000000000000000, 0.000000000000000000, 1.000000000000000000 ) ) ;
#2891 = DATE_TIME_ROLE ( 'creation_date' ) ;
#2892 = ORIENTED_EDGE ( 'NONE', *, *, #2448, .F. ) ;
#2893 = ADVANCED_FACE ( 'NONE', ( #4685 ), #680, .F. ) ;
#2894 = VECTOR ( 'NONE', #1870, 1000.000000000000000 ) ;
#2895 = EDGE_CURVE ( 'NONE', #176, #4248, #2045, .T. ) ;
#2896 = DIRECTION ( 'NONE',  ( 1.000000000000000000, 1.521687259628775549E-16, -0.000000000000000000 ) ) ;
#2897 = CARTESIAN_POINT ( 'NONE',  ( -110.9999999999999716, 43.99999999999990052, 0.5000000000000003331 ) ) ;
#2898 = CARTESIAN_POINT ( 'NONE',  ( -18.99999999999999645, 49.00000000000001421, 1.800000000000000488 ) ) ;
#2899 = VECTOR ( 'NONE', #3180, 1000.000000000000000 ) ;
#2900 = ORIENTED_EDGE ( 'NONE', *, *, #3710, .F. ) ;
#2901 = ADVANCED_FACE ( 'NONE', ( #3837 ), #2484, .T. ) ;
#2902 = EDGE_CURVE ( 'NONE', #3054, #5276, #3993, .T. ) ;
#2903 = AXIS2_PLACEMENT_3D ( 'NONE', #1373, #5391, #971 ) ;
#2904 = AXIS2_PLACEMENT_3D ( 'NONE', #2222, #4894, #889 ) ;
#2905 = ORIENTED_EDGE ( 'NONE', *, *, #2854, .T. ) ;
#2906 = DIRECTION ( 'NONE',  ( 0.000000000000000000, 0.000000000000000000, -1.000000000000000000 ) ) ;
#2907 = DIRECTION ( 'NONE',  ( 0.000000000000000000, 0.000000000000000000, 1.000000000000000000 ) ) ;
#2908 = ORIENTED_EDGE ( 'NONE', *, *, #5152, .F. ) ;
#2909 = AXIS2_PLACEMENT_3D ( 'NONE', #3894, #5246, #1242 ) ;
#2910 = DIRECTION ( 'NONE',  ( -0.000000000000000000, -1.000000000000000000, -0.000000000000000000 ) ) ;
#2911 = VECTOR ( 'NONE', #4449, 1000.000000000000000 ) ;
#2912 = ORIENTED_EDGE ( 'NONE', *, *, #3516, .T. ) ;
#2913 = ORIENTED_EDGE ( 'NONE', *, *, #774, .F. ) ;
#2914 = CARTESIAN_POINT ( 'NONE',  ( -110.9999999999999716, 6.000000000000025757, 7.000000000000000000 ) ) ;
#2915 = ORIENTED_EDGE ( 'NONE', *, *, #780, .T. ) ;
#2916 = CARTESIAN_POINT ( 'NONE',  ( -112.8500000000000085, 2.500000000000007550, 0.000000000000000000 ) ) ;
#2917 = LINE ( 'NONE', #4695, #441 ) ;
#2918 = DIRECTION ( 'NONE',  ( -0.7071067811865578978, -0.000000000000000000, 0.7071067811865370256 ) ) ;
#2919 = LINE ( 'NONE', #4667, #731 ) ;
#2920 = VECTOR ( 'NONE', #229, 1000.000000000000000 ) ;
#2921 = CARTESIAN_POINT ( 'NONE',  ( -47.30000000000006821, 38.99999999999990052, 43.00000000000000000 ) ) ;
#2922 = DIRECTION ( 'NONE',  ( -0.5773502691896390537, 0.5773502691896231775, 0.5773502691896151839 ) ) ;
#2923 = DIRECTION ( 'NONE',  ( -0.5773502691896300609, 0.5773502691896331696, 0.5773502691896141847 ) ) ;
#2924 = LINE ( 'NONE', #4261, #612 ) ;
#2925 = DIRECTION ( 'NONE',  ( 0.000000000000000000, 0.7071067811865573427, -0.7071067811865378028 ) ) ;
#2926 = EDGE_LOOP ( 'NONE', ( #2334, #3871 ) ) ;
#2927 = DIRECTION ( 'NONE',  ( 0.000000000000000000, 0.000000000000000000, 1.000000000000000000 ) ) ;
#2928 = VERTEX_POINT ( 'NONE', #471 ) ;
#2929 = LINE ( 'NONE', #727, #783 ) ;
#2930 = ADVANCED_FACE ( 'NONE', ( #4470, #2240 ), #5321, .T. ) ;
#2931 = ORIENTED_EDGE ( 'NONE', *, *, #1386, .F. ) ;
#2932 = CIRCLE ( 'NONE', #872, 1.699999999999993072 ) ;
#2933 = VERTEX_POINT ( 'NONE', #5380 ) ;
#2934 = CARTESIAN_POINT ( 'NONE',  ( -2.000000000000000000, 42.15000000000001990, 6.500000000000013323 ) ) ;
#2935 = FACE_OUTER_BOUND ( 'NONE', #1754, .T. ) ;
#2936 = ADVANCED_FACE ( 'NONE', ( #3162 ), #4880, .T. ) ;
#2937 = EDGE_LOOP ( 'NONE', ( #4278, #320 ) ) ;
#2938 = VECTOR ( 'NONE', #1280, 1000.000000000000000 ) ;
#2939 = DIRECTION ( 'NONE',  ( 1.000000000000000000, 1.521687259628775549E-16, 0.000000000000000000 ) ) ;
#2940 = ORIENTED_EDGE ( 'NONE', *, *, #688, .F. ) ;
#2941 = CARTESIAN_POINT ( 'NONE',  ( -46.50000000000009948, 54.00000000000000000, 0.000000000000000000 ) ) ;
#2942 = ORIENTED_EDGE ( 'NONE', *, *, #1181, .T. ) ;
#2943 = AXIS2_PLACEMENT_3D ( 'NONE', #925, #5736, #4440 ) ;
#2944 = DIRECTION ( 'NONE',  ( 0.000000000000000000, -1.000000000000000000, 0.000000000000000000 ) ) ;
#2945 = LINE ( 'NONE', #5134, #619 ) ;
#2946 = ADVANCED_FACE ( 'NONE', ( #5351 ), #5294, .T. ) ;
#2947 = LINE ( 'NONE', #5611, #854 ) ;
#2948 = DIRECTION ( 'NONE',  ( -0.000000000000000000, -1.000000000000000000, -0.000000000000000000 ) ) ;
#2949 = VECTOR ( 'NONE', #1107, 1000.000000000000000 ) ;
#2950 = PLANE ( 'NONE',  #664 ) ;
#2951 = CARTESIAN_POINT ( 'NONE',  ( -16.14999999999999147, 4.000000000000015987, 6.499999999999985789 ) ) ;
#2952 = DIRECTION ( 'NONE',  ( -0.000000000000000000, -1.000000000000000000, -0.000000000000000000 ) ) ;
#2953 = LINE ( 'NONE', #2889, #3511 ) ;
#2954 = ORIENTED_EDGE ( 'NONE', *, *, #4639, .T. ) ;
#2955 = ORIENTED_EDGE ( 'NONE', *, *, #4325, .T. ) ;
#2956 = LINE ( 'NONE', #4738, #1417 ) ;
#2957 = ORIENTED_EDGE ( 'NONE', *, *, #2061, .T. ) ;
#2958 = LINE ( 'NONE', #1613, #140 ) ;
#2959 = EDGE_LOOP ( 'NONE', ( #2856, #3553 ) ) ;
#2960 = ORIENTED_EDGE ( 'NONE', *, *, #2206, .T. ) ;
#2961 = EDGE_LOOP ( 'NONE', ( #1914, #3248, #210, #5559 ) ) ;
#2962 = EDGE_CURVE ( 'NONE', #2150, #1347, #1343, .T. ) ;
#2963 = LINE ( 'NONE', #2934, #1971 ) ;
#2964 = CARTESIAN_POINT ( 'NONE',  ( -45.50000000000007105, 41.84999999999990195, 43.00000000000000000 ) ) ;
#2965 = ORIENTED_EDGE ( 'NONE', *, *, #5284, .F. ) ;
#2966 = PLANE ( 'NONE',  #2613 ) ;
#2967 = ORIENTED_EDGE ( 'NONE', *, *, #457, .F. ) ;
#2968 = VECTOR ( 'NONE', #4944, 1000.000000000000000 ) ;
#2969 = VERTEX_POINT ( 'NONE', #2153 ) ;
#2970 = DIRECTION ( 'NONE',  ( 0.000000000000000000, 1.000000000000000000, 0.000000000000000000 ) ) ;
#2971 = ORIENTED_EDGE ( 'NONE', *, *, #4814, .F. ) ;
#2972 = EDGE_CURVE ( 'NONE', #3949, #1057, #2209, .T. ) ;
#2973 = CARTESIAN_POINT ( 'NONE',  ( -6.000000000000023981, 49.00000000000001421, 1.500000000000000444 ) ) ;
#2974 = CARTESIAN_POINT ( 'NONE',  ( -47.50000000000007105, 2.000000000000030642, 0.5000000000000005551 ) ) ;
#2975 = CYLINDRICAL_SURFACE ( 'NONE', #5714, 1.699999999999998845 ) ;
#2976 = DIRECTION ( 'NONE',  ( 0.000000000000000000, 0.7071067811865475727, -0.7071067811865475727 ) ) ;
#2977 = FACE_BOUND ( 'NONE', #2432, .T. ) ;
#2978 = EDGE_CURVE ( 'NONE', #3679, #3057, #3136, .T. ) ;
#2979 = LINE ( 'NONE', #4759, #2992 ) ;
#2980 = DIRECTION ( 'NONE',  ( 0.7071067811865573427, -0.7071067811865378028, -0.000000000000000000 ) ) ;
#2981 = CARTESIAN_POINT ( 'NONE',  ( -16.14999999999999147, 2.000000000000013767, 0.5000000000000283107 ) ) ;
#2982 = CARTESIAN_POINT ( 'NONE',  ( -15.64999999999997016, 1.500000000000003109, 0.000000000000000000 ) ) ;
#2983 = ORIENTED_EDGE ( 'NONE', *, *, #3251, .F. ) ;
#2984 = EDGE_LOOP ( 'NONE', ( #3179, #4225, #4843, #279 ) ) ;
#2985 = LINE ( 'NONE', #4705, #5346 ) ;
#2986 = VERTEX_POINT ( 'NONE', #2676 ) ;
#2987 = DIRECTION ( 'NONE',  ( -1.156482317317871725E-15, 1.000000000000000000, -0.000000000000000000 ) ) ;
#2988 = AXIS2_PLACEMENT_3D ( 'NONE', #52, #1817, #3120 ) ;
#2989 = ORIENTED_EDGE ( 'NONE', *, *, #3488, .T. ) ;
#2990 = ORIENTED_EDGE ( 'NONE', *, *, #3447, .T. ) ;
#2991 = FACE_OUTER_BOUND ( 'NONE', #2104, .T. ) ;
#2992 = VECTOR ( 'NONE', #747, 1000.000000000000000 ) ;
#2993 = DIRECTION ( 'NONE',  ( 0.000000000000000000, -0.000000000000000000, 1.000000000000000000 ) ) ;
#2994 = ORIENTED_EDGE ( 'NONE', *, *, #3956, .F. ) ;
#2995 = DIRECTION ( 'NONE',  ( 0.000000000000000000, -0.000000000000000000, 1.000000000000000000 ) ) ;
#2996 = VECTOR ( 'NONE', #3584, 1000.000000000000000 ) ;
#2997 = AXIS2_PLACEMENT_3D ( 'NONE', #23, #3957, #3931 ) ;
#2998 = ORIENTED_EDGE ( 'NONE', *, *, #4457, .F. ) ;
#2999 = DIRECTION ( 'NONE',  ( -1.000000000000000000, 0.000000000000000000, 0.000000000000000000 ) ) ;
#3000 = VERTEX_POINT ( 'NONE', #4022 ) ;
#3001 = FACE_BOUND ( 'NONE', #5663, .T. ) ;
#3002 = VECTOR ( 'NONE', #3953, 1000.000000000000000 ) ;
#3003 = CARTESIAN_POINT ( 'NONE',  ( -123.0000000000000000, 0.5000000000000004441, 7.000000000000000000 ) ) ;
#3004 = FACE_OUTER_BOUND ( 'NONE', #3682, .T. ) ;
#3005 = CARTESIAN_POINT ( 'NONE',  ( -45.00000000000007816, 45.99999999999990052, 47.50000000000002842 ) ) ;
#3006 = ADVANCED_FACE ( 'NONE', ( #4497 ), #37, .T. ) ;
#3007 = CARTESIAN_POINT ( 'NONE',  ( -112.4999999999999716, 0.000000000000000000, 7.000000000000000000 ) ) ;
#3008 = DIRECTION ( 'NONE',  ( -0.000000000000000000, -0.000000000000000000, 1.000000000000000000 ) ) ;
#3009 = CARTESIAN_POINT ( 'NONE',  ( -59.75000000000176215, 59.74999999999989342, 1.500000000000000444 ) ) ;
#3010 = FACE_BOUND ( 'NONE', #973, .T. ) ;
#3011 = ORIENTED_EDGE ( 'NONE', *, *, #572, .T. ) ;
#3012 = EDGE_CURVE ( 'NONE', #2194, #1850, #4934, .T. ) ;
#3013 = DIRECTION ( 'NONE',  ( 0.000000000000000000, -1.000000000000000000, 0.000000000000000000 ) ) ;
#3014 = ORIENTED_EDGE ( 'NONE', *, *, #50, .T. ) ;
#3015 = CARTESIAN_POINT ( 'NONE',  ( -104.9999999999999858, 35.64999999999992042, 43.00000000000000000 ) ) ;
#3016 = EDGE_CURVE ( 'NONE', #1168, #1974, #2708, .T. ) ;
#3017 = ORIENTED_EDGE ( 'NONE', *, *, #1774, .F. ) ;
#3018 = LINE ( 'NONE', #4772, #1141 ) ;
#3019 = AXIS2_PLACEMENT_3D ( 'NONE', #5289, #436, #3538 ) ;
#3020 = EDGE_CURVE ( 'NONE', #3158, #3054, #3945, .T. ) ;
#3021 = LINE ( 'NONE', #3494, #413 ) ;
#3022 = DIRECTION ( 'NONE',  ( -0.5773502691896421624, 0.5773502691896273964, -0.5773502691896078565 ) ) ;
#3023 = ORIENTED_EDGE ( 'NONE', *, *, #34, .T. ) ;
#3024 = CARTESIAN_POINT ( 'NONE',  ( -44.50000000000007816, 0.000000000000000000, 6.500000000000013323 ) ) ;
#3025 = ORIENTED_EDGE ( 'NONE', *, *, #4014, .F. ) ;
#3026 = VECTOR ( 'NONE', #610, 1000.000000000000000 ) ;
#3027 = ORIENTED_EDGE ( 'NONE', *, *, #3241, .F. ) ;
#3028 = ORIENTED_EDGE ( 'NONE', *, *, #1328, .F. ) ;
#3029 = ADVANCED_FACE ( 'NONE', ( #4824 ), #3077, .F. ) ;
#3030 = VECTOR ( 'NONE', #3519, 1000.000000000000000 ) ;
#3031 = PLANE ( 'NONE',  #106 ) ;
#3032 = CARTESIAN_POINT ( 'NONE',  ( -44.50000000000007816, 54.00000000000000000, 7.000000000000000000 ) ) ;
#3033 = LINE ( 'NONE', #4344, #287 ) ;
#3034 = LINE ( 'NONE', #5641, #272 ) ;
#3035 = LINE ( 'NONE', #801, #1686 ) ;
#3036 = AXIS2_PLACEMENT_3D ( 'NONE', #812, #5316, #2589 ) ;
#3037 = ADVANCED_FACE ( 'NONE', ( #3518, #4850 ), #849, .T. ) ;
#3038 = DIRECTION ( 'NONE',  ( 0.000000000000000000, 0.000000000000000000, -1.000000000000000000 ) ) ;
#3039 = CARTESIAN_POINT ( 'NONE',  ( -110.9999999999999858, 31.99999999999990408, 46.00000000000000000 ) ) ;
#3040 = CARTESIAN_POINT ( 'NONE',  ( -110.9999999999999716, 43.99999999999990052, 0.5000000000000004441 ) ) ;
#3041 = LINE ( 'NONE', #4374, #3087 ) ;
#3042 = AXIS2_PLACEMENT_3D ( 'NONE', #406, #837, #2170 ) ;
#3043 = EDGE_CURVE ( 'NONE', #4159, #4021, #3970, .T. ) ;
#3044 = LINE ( 'NONE', #4377, #1982 ) ;
#3045 = ORIENTED_EDGE ( 'NONE', *, *, #1021, .F. ) ;
#3046 = DIRECTION ( 'NONE',  ( -0.000000000000000000, 0.000000000000000000, 1.000000000000000000 ) ) ;
#3047 = EDGE_LOOP ( 'NONE', ( #245, #3332, #1379, #2188 ) ) ;
#3048 = EDGE_CURVE ( 'NONE', #4687, #195, #3185, .T. ) ;
#3049 = DIRECTION ( 'NONE',  ( 0.000000000000000000, -0.000000000000000000, -1.000000000000000000 ) ) ;
#3050 = CARTESIAN_POINT ( 'NONE',  ( -0.5000000000000004441, 54.00000000000000000, 7.000000000000000000 ) ) ;
#3051 = CARTESIAN_POINT ( 'NONE',  ( -110.9999999999999716, 2.500000000000009326, 47.50000000000001421 ) ) ;
#3052 = ORIENTED_EDGE ( 'NONE', *, *, #4750, .F. ) ;
#3053 = CARTESIAN_POINT ( 'NONE',  ( 0.000000000000000000, 0.5000000000000004441, 7.000000000000000000 ) ) ;
#3054 = VERTEX_POINT ( 'NONE', #5475 ) ;
#3055 = EDGE_CURVE ( 'NONE', #5687, #5290, #4176, .T. ) ;
#3056 = EDGE_LOOP ( 'NONE', ( #4939, #2075, #2092, #2023 ) ) ;
#3057 = VERTEX_POINT ( 'NONE', #1916 ) ;
#3058 = AXIS2_PLACEMENT_3D ( 'NONE', #5226, #4753, #228 ) ;
#3059 = CARTESIAN_POINT ( 'NONE',  ( -110.0000000000000000, 4.000000000000023981, 1.800000000000001155 ) ) ;
#3060 = LINE ( 'NONE', #2164, #3704 ) ;
#3061 = DIRECTION ( 'NONE',  ( 1.000000000000000000, 0.000000000000000000, -0.000000000000000000 ) ) ;
#3062 = DIRECTION ( 'NONE',  ( -1.000000000000000000, 0.000000000000000000, 0.000000000000000000 ) ) ;
#3063 = DIRECTION ( 'NONE',  ( 0.000000000000000000, 1.000000000000000000, 0.000000000000000000 ) ) ;
#3064 = AXIS2_PLACEMENT_3D ( 'NONE', #4474, #474, #5562 ) ;
#3065 = CARTESIAN_POINT ( 'NONE',  ( -113.9999999999999289, 3.000000000000077716, -2.500000000000039968 ) ) ;
#3066 = LINE ( 'NONE', #290, #377 ) ;
#3067 = PLANE ( 'NONE',  #4147 ) ;
#3068 = ORIENTED_EDGE ( 'NONE', *, *, #814, .F. ) ;
#3069 = EDGE_CURVE ( 'NONE', #3215, #2714, #2352, .T. ) ;
#3070 = FACE_OUTER_BOUND ( 'NONE', #3085, .T. ) ;
#3071 = ORIENTED_EDGE ( 'NONE', *, *, #3775, .T. ) ;
#3072 = CARTESIAN_POINT ( 'NONE',  ( -21.85000000000000142, 51.00000000000000711, 0.5000000000000281997 ) ) ;
#3073 = EDGE_CURVE ( 'NONE', #2285, #1468, #4649, .T. ) ;
#3074 = EDGE_CURVE ( 'NONE', #3777, #4249, #3737, .T. ) ;
#3075 = EDGE_LOOP ( 'NONE', ( #4714, #5101, #5027, #3140 ) ) ;
#3076 = CLOSED_SHELL ( 'NONE', ( #4789, #5209, #3453, #5390, #3305, #500, #5362, #3093, #259, #2893, #2594, #2099, #3246, #822, #1913, #282, #1067, #392, #4993, #3888, #1968, #5224, #2202, #3289, #3449, #4690, #5778, #371, #1375, #4437, #718, #2295, #3573, #1079, #2778, #3176, #3363, #2668, #4121, #317, #2946, #215, #2930, #2936, #5766, #3006, #4724, #881, #704, #4866, #2003, #5606, #2653, #5147, #5683, #4654, #2805, #4462, #579, #606, #1505, #2816, #4998, #324, #843, #5685, #3334, #4537, #2755, #4985, #292, #2661, #5339, #2539, #5077, #3037, #5306, #5680, #2621, #358, #2344, #3532, #5329, #4516, #1481, #4065, #2504, #2697, #5576, #3352, #5025, #1579, #3715, #1061, #4971, #3146, #1289, #5386, #5760, #5071, #5784, #744, #4472, #4099, #1907, #4932, #4282, #4817, #3329, #567, #649, #2310, #3753, #1321, #3761, #2375, #1257, #5539, #2901, #1680, #4637, #3983, #3872, #2043, #2026, #2525, #3209, #2374, #2199, #647, #77, #4781, #1699, #1071, #3635, #4350, #464, #947, #1123, #1568, #5557, #5009, #141, #758, #3550, #5174, #2605, #1409, #2419, #440, #4648, #42, #492, #3108, #3299, #851, #2472, #192, #2556, #4098, #5511, #4678, #4570, #3103, #5132, #4893, #3226, #1833, #5480, #735, #3347, #3321, #3155, #4312, #2527, #509, #4683, #5752, #1342, #1284, #2232, #4035, #4026, #3598, #3029, #5473, #4138, #3440, #5395, #3083, #2885, #5039, #155, #1881, #331 ) ) ;
#3077 = PLANE ( 'NONE',  #2817 ) ;
#3078 = DIRECTION ( 'NONE',  ( -1.000000000000000000, -2.551063935260009998E-16, 0.000000000000000000 ) ) ;
#3079 = CIRCLE ( 'NONE', #1212, 1.700000000000000178 ) ;
#3080 = CARTESIAN_POINT ( 'NONE',  ( -47.00000000000008527, 43.99999999999990052, 47.50000000000001421 ) ) ;
#3081 = ORIENTED_EDGE ( 'NONE', *, *, #2879, .F. ) ;
#3082 = LINE ( 'NONE', #3024, #4484 ) ;
#3083 = ADVANCED_FACE ( 'NONE', ( #3315 ), #4619, .F. ) ;
#3084 = EDGE_CURVE ( 'NONE', #2382, #84, #3712, .T. ) ;
#3085 = EDGE_LOOP ( 'NONE', ( #1560, #5429, #4167, #2309 ) ) ;
#3086 = PLANE ( 'NONE',  #2698 ) ;
#3087 = VECTOR ( 'NONE', #5309, 1000.000000000000000 ) ;
#3088 = ORIENTED_EDGE ( 'NONE', *, *, #982, .F. ) ;
#3089 = DIRECTION ( 'NONE',  ( 0.000000000000000000, 0.000000000000000000, -1.000000000000000000 ) ) ;
#3090 = CARTESIAN_POINT ( 'NONE',  ( -110.7666666666665662, 0.3833333333334229542, 4.116666666666680463 ) ) ;
#3091 = VECTOR ( 'NONE', #1677, 1000.000000000000000 ) ;
#3092 = FACE_OUTER_BOUND ( 'NONE', #5244, .T. ) ;
#3093 = ADVANCED_FACE ( 'NONE', ( #2738 ), #1885, .F. ) ;
#3094 = CARTESIAN_POINT ( 'NONE',  ( -45.50000000000005684, 45.49999999999992895, 48.00000000000000000 ) ) ;
#3095 = CARTESIAN_POINT ( 'NONE',  ( -107.2999999999999972, 38.99999999999990052, 46.00000000000000000 ) ) ;
#3096 = CARTESIAN_POINT ( 'NONE',  ( -107.6499999999999773, 1.500000000000037748, 0.000000000000000000 ) ) ;
#3097 = DIRECTION ( 'NONE',  ( -0.000000000000000000, 1.000000000000000000, 0.000000000000000000 ) ) ;
#3098 = ORIENTED_EDGE ( 'NONE', *, *, #1915, .T. ) ;
#3099 = DIRECTION ( 'NONE',  ( 0.000000000000000000, 1.000000000000000000, 0.000000000000000000 ) ) ;
#3100 = EDGE_LOOP ( 'NONE', ( #1901, #5414, #1697, #924 ) ) ;
#3101 = AXIS2_PLACEMENT_3D ( 'NONE', #306, #4304, #2077 ) ;
#3102 = CARTESIAN_POINT ( 'NONE',  ( -118.9999999999999858, 1.499999999999987566, 7.000000000000000000 ) ) ;
#3103 = ADVANCED_FACE ( 'NONE', ( #5090 ), #4964, .T. ) ;
#3104 = AXIS2_PLACEMENT_3D ( 'NONE', #3623, #4382, #4441 ) ;
#3105 = ORIENTED_EDGE ( 'NONE', *, *, #3043, .T. ) ;
#3106 = DIRECTION ( 'NONE',  ( -0.000000000000000000, 0.000000000000000000, -1.000000000000000000 ) ) ;
#3107 = CARTESIAN_POINT ( 'NONE',  ( -24.85000000000000142, 49.00000000000001421, 6.500000000000013323 ) ) ;
#3108 = ADVANCED_FACE ( 'NONE', ( #120 ), #179, .F. ) ;
#3109 = CIRCLE ( 'NONE', #585, 1.699999999999993072 ) ;
#3110 = CARTESIAN_POINT ( 'NONE',  ( -47.50000000000007105, 2.000000000000030642, 0.5000000000000005551 ) ) ;
#3111 = FACE_OUTER_BOUND ( 'NONE', #4617, .T. ) ;
#3112 = VERTEX_POINT ( 'NONE', #1048 ) ;
#3113 = EDGE_LOOP ( 'NONE', ( #3524, #4749, #2384, #4774 ) ) ;
#3114 = VECTOR ( 'NONE', #3458, 1000.000000000000000 ) ;
#3115 = ORIENTED_EDGE ( 'NONE', *, *, #1145, .F. ) ;
#3116 = EDGE_CURVE ( 'NONE', #305, #2269, #2832, .T. ) ;
#3117 = DIRECTION ( 'NONE',  ( -0.000000000000000000, -0.000000000000000000, -1.000000000000000000 ) ) ;
#3118 = DIRECTION ( 'NONE',  ( -1.000000000000000000, 0.000000000000000000, 0.000000000000000000 ) ) ;
#3119 = DIRECTION ( 'NONE',  ( 0.000000000000000000, 0.000000000000000000, -1.000000000000000000 ) ) ;
#3120 = DIRECTION ( 'NONE',  ( -1.000000000000000000, 0.000000000000000000, 0.000000000000000000 ) ) ;
#3121 = DIRECTION ( 'NONE',  ( 1.000000000000000000, 1.907754749525137334E-32, -0.000000000000000000 ) ) ;
#3122 = EDGE_LOOP ( 'NONE', ( #4895, #4647, #5538, #2302, #4660, #3115, #4684, #1840, #4115, #4855, #129, #3916, #3576 ) ) ;
#3123 = AXIS2_PLACEMENT_3D ( 'NONE', #4640, #2886, #3425 ) ;
#3124 = EDGE_CURVE ( 'NONE', #2292, #4016, #4206, .T. ) ;
#3125 = CARTESIAN_POINT ( 'NONE',  ( -113.4999999999999574, 6.000000000000023981, 6.500000000000013323 ) ) ;
#3126 = FACE_OUTER_BOUND ( 'NONE', #4009, .T. ) ;
#3127 = ORIENTED_EDGE ( 'NONE', *, *, #3012, .T. ) ;
#3128 = VECTOR ( 'NONE', #3300, 1000.000000000000000 ) ;
#3129 = DIRECTION ( 'NONE',  ( -1.000000000000000000, 0.000000000000000000, 0.000000000000000000 ) ) ;
#3130 = EDGE_LOOP ( 'NONE', ( #5173, #3855, #3862, #2561 ) ) ;
#3131 = VECTOR ( 'NONE', #4179, 1000.000000000000000 ) ;
#3132 = CARTESIAN_POINT ( 'NONE',  ( -6.000000000000000000, 48.00000000000002842, 3.499999999999999556 ) ) ;
#3133 = VECTOR ( 'NONE', #3206, 1000.000000000000000 ) ;
#3134 = ORIENTED_EDGE ( 'NONE', *, *, #1642, .F. ) ;
#3135 = CC_DESIGN_PERSON_AND_ORGANIZATION_ASSIGNMENT ( #4909, #2678, ( #1661 ) ) ;
#3136 = LINE ( 'NONE', #1290, #3196 ) ;
#3137 = LINE ( 'NONE', #932, #3770 ) ;
#3138 = DATE_AND_TIME ( #5355, #4651 ) ;
#3139 = LINE ( 'NONE', #4557, #751 ) ;
#3140 = ORIENTED_EDGE ( 'NONE', *, *, #3722, .F. ) ;
#3141 = EDGE_LOOP ( 'NONE', ( #2152, #1988, #5327, #3475 ) ) ;
#3142 = EDGE_CURVE ( 'NONE', #2690, #1643, #521, .T. ) ;
#3143 = DIRECTION ( 'NONE',  ( 0.000000000000000000, -1.000000000000000000, -0.000000000000000000 ) ) ;
#3144 = ORIENTED_EDGE ( 'NONE', *, *, #886, .T. ) ;
#3145 = CARTESIAN_POINT ( 'NONE',  ( -4.000000000000023093, 49.70000000000003126, 3.499999999999999556 ) ) ;
#3146 = ADVANCED_FACE ( 'NONE', ( #2289 ), #5022, .F. ) ;
#3147 = DIRECTION ( 'NONE',  ( 0.000000000000000000, -0.7071067811865378028, 0.7071067811865573427 ) ) ;
#3148 = DIRECTION ( 'NONE',  ( -0.5773502691896257311, 0.5773502691896177375, 0.5773502691896338357 ) ) ;
#3149 = DIRECTION ( 'NONE',  ( -1.000000000000000000, 0.000000000000000000, 0.000000000000000000 ) ) ;
#3150 = EDGE_LOOP ( 'NONE', ( #2540, #3404, #276, #4191 ) ) ;
#3151 = EDGE_CURVE ( 'NONE', #5361, #5615, #3109, .T. ) ;
#3152 = DIRECTION ( 'NONE',  ( 0.000000000000000000, 0.000000000000000000, 1.000000000000000000 ) ) ;
#3153 = FACE_OUTER_BOUND ( 'NONE', #5620, .T. ) ;
#3154 = EDGE_LOOP ( 'NONE', ( #5547, #2121, #1370, #1651 ) ) ;
#3155 = ADVANCED_FACE ( 'NONE', ( #5441 ), #1421, .T. ) ;
#3156 = CIRCLE ( 'NONE', #4174, 1.699999999999999734 ) ;
#3157 = CARTESIAN_POINT ( 'NONE',  ( -119.0000000000000000, 0.5000000000000004441, 7.000000000000000000 ) ) ;
#3158 = VERTEX_POINT ( 'NONE', #298 ) ;
#3159 = DIRECTION ( 'NONE',  ( -0.000000000000000000, -1.000000000000000000, -0.000000000000000000 ) ) ;
#3160 = DIRECTION ( 'NONE',  ( 0.7071067811865573427, 0.000000000000000000, 0.7071067811865378028 ) ) ;
#3161 = ORIENTED_EDGE ( 'NONE', *, *, #1315, .F. ) ;
#3162 = FACE_OUTER_BOUND ( 'NONE', #3130, .T. ) ;
#3163 = CARTESIAN_POINT ( 'NONE',  ( -119.5000000000000000, 54.00000000000000711, 7.000000000000000000 ) ) ;
#3164 = ORIENTED_EDGE ( 'NONE', *, *, #2518, .F. ) ;
#3165 = ORIENTED_EDGE ( 'NONE', *, *, #5622, .F. ) ;
#3166 = ORIENTED_EDGE ( 'NONE', *, *, #2861, .T. ) ;
#3167 = DIRECTION ( 'NONE',  ( -0.7071067811865365815, -0.7071067811865585639, -0.000000000000000000 ) ) ;
#3168 = CARTESIAN_POINT ( 'NONE',  ( -110.9999999999999716, 43.99999999999990052, 47.50000000000001421 ) ) ;
#3169 = EDGE_CURVE ( 'NONE', #4477, #3679, #2985, .T. ) ;
#3170 = LINE ( 'NONE', #4123, #2696 ) ;
#3171 = LINE ( 'NONE', #4867, #3729 ) ;
#3172 = ORIENTED_EDGE ( 'NONE', *, *, #1915, .F. ) ;
#3173 = CARTESIAN_POINT ( 'NONE',  ( -6.000000000000023981, 42.15000000000001990, 1.500000000000000444 ) ) ;
#3174 = VECTOR ( 'NONE', #5619, 1000.000000000000000 ) ;
#3175 = CARTESIAN_POINT ( 'NONE',  ( -53.00000000000015632, 43.99999999999990052, 46.00000000000000000 ) ) ;
#3176 = ADVANCED_FACE ( 'NONE', ( #2095, #2071 ), #1611, .T. ) ;
#3177 = ORIENTED_EDGE ( 'NONE', *, *, #5655, .F. ) ;
#3178 = FACE_BOUND ( 'NONE', #1025, .T. ) ;
#3179 = ORIENTED_EDGE ( 'NONE', *, *, #39, .T. ) ;
#3180 = DIRECTION ( 'NONE',  ( 0.000000000000000000, 0.000000000000000000, 1.000000000000000000 ) ) ;
#3181 = DIRECTION ( 'NONE',  ( -0.000000000000000000, 0.000000000000000000, -1.000000000000000000 ) ) ;
#3182 = EDGE_CURVE ( 'NONE', #5088, #299, #1705, .T. ) ;
#3183 = VECTOR ( 'NONE', #2718, 1000.000000000000000 ) ;
#3184 = VERTEX_POINT ( 'NONE', #349 ) ;
#3185 = LINE ( 'NONE', #1081, #1406 ) ;
#3186 = DIRECTION ( 'NONE',  ( -0.000000000000000000, 1.000000000000000000, 0.000000000000000000 ) ) ;
#3187 = EDGE_CURVE ( 'NONE', #3616, #2048, #4295, .T. ) ;
#3188 = APPROVAL_ROLE ( '' ) ;
#3189 = VECTOR ( 'NONE', #1148, 1000.000000000000000 ) ;
#3190 = CARTESIAN_POINT ( 'NONE',  ( -123.5000000000000000, 8.000000000000000000, 0.5000000000000004441 ) ) ;
#3191 = EDGE_LOOP ( 'NONE', ( #1832, #4580, #964, #2468 ) ) ;
#3192 = EDGE_LOOP ( 'NONE', ( #2942, #4148, #3811, #1074 ) ) ;
#3193 = FACE_OUTER_BOUND ( 'NONE', #4332, .T. ) ;
#3194 = VERTEX_POINT ( 'NONE', #1112 ) ;
#3195 = VERTEX_POINT ( 'NONE', #5176 ) ;
#3196 = VECTOR ( 'NONE', #1828, 1000.000000000000000 ) ;
#3197 = CARTESIAN_POINT ( 'NONE',  ( -119.0000000000000000, 54.00000000000000000, 7.000000000000000000 ) ) ;
#3198 = FACE_OUTER_BOUND ( 'NONE', #3829, .T. ) ;
#3199 = ORIENTED_EDGE ( 'NONE', *, *, #3987, .T. ) ;
#3200 = DIRECTION ( 'NONE',  ( 0.000000000000000000, -1.000000000000000000, 0.000000000000000000 ) ) ;
#3201 = CARTESIAN_POINT ( 'NONE',  ( 0.000000000000000000, 0.000000000000000000, 7.000000000000000000 ) ) ;
#3202 = ORIENTED_EDGE ( 'NONE', *, *, #69, .T. ) ;
#3203 = DIRECTION ( 'NONE',  ( 0.7071067811865578978, 0.000000000000000000, 0.7071067811865370256 ) ) ;
#3204 = DIRECTION ( 'NONE',  ( 0.000000000000000000, 0.000000000000000000, 1.000000000000000000 ) ) ;
#3205 = AXIS2_PLACEMENT_3D ( 'NONE', #5206, #725, #1639 ) ;
#3206 = DIRECTION ( 'NONE',  ( 0.000000000000000000, -1.000000000000000000, 0.000000000000000000 ) ) ;
#3207 = FACE_OUTER_BOUND ( 'NONE', #1701, .T. ) ;
#3208 = ORIENTED_EDGE ( 'NONE', *, *, #1169, .T. ) ;
#3209 = ADVANCED_FACE ( 'NONE', ( #3349 ), #3885, .T. ) ;
#3210 = LINE ( 'NONE', #4166, #3864 ) ;
#3211 = ORIENTED_EDGE ( 'NONE', *, *, #5379, .F. ) ;
#3212 = DIRECTION ( 'NONE',  ( -0.000000000000000000, -0.000000000000000000, -1.000000000000000000 ) ) ;
#3213 = CARTESIAN_POINT ( 'NONE',  ( -112.5000000000000000, -4.286263797015740046E-16, 48.00000000000000000 ) ) ;
#3214 = AXIS2_PLACEMENT_3D ( 'NONE', #3670, #3204, #575 ) ;
#3215 = VERTEX_POINT ( 'NONE', #4351 ) ;
#3216 = ORIENTED_EDGE ( 'NONE', *, *, #1767, .T. ) ;
#3217 = EDGE_CURVE ( 'NONE', #3456, #5276, #1554, .T. ) ;
#3218 = FACE_OUTER_BOUND ( 'NONE', #4751, .T. ) ;
#3219 = AXIS2_PLACEMENT_3D ( 'NONE', #2260, #1743, #5291 ) ;
#3220 = CARTESIAN_POINT ( 'NONE',  ( -18.99999999999999645, 55.00000000000002842, 3.500000000000000000 ) ) ;
#3221 = CARTESIAN_POINT ( 'NONE',  ( -107.6499999999999773, 2.000000000000021760, 0.5000000000000005551 ) ) ;
#3222 = AXIS2_PLACEMENT_3D ( 'NONE', #643, #1880, #3648 ) ;
#3223 = DIRECTION ( 'NONE',  ( 0.000000000000000000, -1.000000000000000000, 0.000000000000000000 ) ) ;
#3224 = ORIENTED_EDGE ( 'NONE', *, *, #2160, .T. ) ;
#3225 = EDGE_LOOP ( 'NONE', ( #339, #3314 ) ) ;
#3226 = ADVANCED_FACE ( 'NONE', ( #2506 ), #3431, .T. ) ;
#3227 = CARTESIAN_POINT ( 'NONE',  ( -123.5000000000000000, 8.000000000000000000, 0.5000000000000004441 ) ) ;
#3228 = ORIENTED_EDGE ( 'NONE', *, *, #2735, .T. ) ;
#3229 = CARTESIAN_POINT ( 'NONE',  ( -86.00000000000007105, 43.99999999999990052, 72.99999999999990052 ) ) ;
#3230 = DIRECTION ( 'NONE',  ( 0.000000000000000000, -1.000000000000000000, 0.000000000000000000 ) ) ;
#3231 = LINE ( 'NONE', #564, #4363 ) ;
#3232 = ORIENTED_EDGE ( 'NONE', *, *, #1841, .F. ) ;
#3233 = DIRECTION ( 'NONE',  ( 0.000000000000000000, -0.000000000000000000, -1.000000000000000000 ) ) ;
#3234 = CARTESIAN_POINT ( 'NONE',  ( -16.14999999999999147, 53.00000000000000711, 7.000000000000000000 ) ) ;
#3235 = EDGE_LOOP ( 'NONE', ( #1458, #5218, #312, #383 ) ) ;
#3236 = FACE_OUTER_BOUND ( 'NONE', #4533, .T. ) ;
#3237 = CARTESIAN_POINT ( 'NONE',  ( -107.1499999999999915, 4.000000000000023093, 7.000000000000000000 ) ) ;
#3238 = CARTESIAN_POINT ( 'NONE',  ( -53.00000000000015632, 31.99999999999990408, 46.00000000000000000 ) ) ;
#3239 = PLANE ( 'NONE',  #5625 ) ;
#3240 = LINE ( 'NONE', #638, #1114 ) ;
#3241 = EDGE_CURVE ( 'NONE', #1011, #4439, #4765, .T. ) ;
#3242 = DIRECTION ( 'NONE',  ( 1.000000000000000000, 0.000000000000000000, -0.000000000000000000 ) ) ;
#3243 = ORIENTED_EDGE ( 'NONE', *, *, #4, .F. ) ;
#3244 = PLANE ( 'NONE',  #4435 ) ;
#3245 = ORIENTED_EDGE ( 'NONE', *, *, #1847, .F. ) ;
#3246 = ADVANCED_FACE ( 'NONE', ( #5565, #700 ), #4326, .T. ) ;
#3247 = VECTOR ( 'NONE', #4686, 999.9999999999998863 ) ;
#3248 = ORIENTED_EDGE ( 'NONE', *, *, #960, .F. ) ;
#3249 = CARTESIAN_POINT ( 'NONE',  ( -112.8500000000000085, 2.000000000000020872, 6.500000000000013323 ) ) ;
#3250 = ORIENTED_EDGE ( 'NONE', *, *, #531, .F. ) ;
#3251 = EDGE_CURVE ( 'NONE', #4439, #2734, #4792, .T. ) ;
#3252 = LINE ( 'NONE', #3286, #47 ) ;
#3253 = EDGE_CURVE ( 'NONE', #4264, #4941, #2563, .T. ) ;
#3254 = CARTESIAN_POINT ( 'NONE',  ( -45.00000000000007816, 0.5000000000000004441, 48.00000000000000000 ) ) ;
#3255 = ORIENTED_EDGE ( 'NONE', *, *, #5317, .T. ) ;
#3256 = EDGE_LOOP ( 'NONE', ( #4585, #1139, #1018, #3386 ) ) ;
#3257 = CARTESIAN_POINT ( 'NONE',  ( -112.9999999999999716, 0.4999999999999866773, 7.499999999999985789 ) ) ;
#3258 = ORIENTED_EDGE ( 'NONE', *, *, #3899, .T. ) ;
#3259 = CARTESIAN_POINT ( 'NONE',  ( -44.83333333333342097, 0.6666666666666672958, 47.66666666666667140 ) ) ;
#3260 = CARTESIAN_POINT ( 'NONE',  ( -112.8500000000000085, 2.500000000000007550, 7.000000000000000000 ) ) ;
#3261 = DIRECTION ( 'NONE',  ( -0.5773502691896340577, -0.5773502691896295058, -0.5773502691896136296 ) ) ;
#3262 = EDGE_CURVE ( 'NONE', #195, #3499, #674, .T. ) ;
#3263 = VERTEX_POINT ( 'NONE', #5148 ) ;
#3264 = LINE ( 'NONE', #943, #3281 ) ;
#3265 = DIRECTION ( 'NONE',  ( 0.7071067811865573427, 0.7071067811865378028, -0.000000000000000000 ) ) ;
#3266 = ORIENTED_EDGE ( 'NONE', *, *, #1979, .T. ) ;
#3267 = ORIENTED_EDGE ( 'NONE', *, *, #2902, .F. ) ;
#3268 = LINE ( 'NONE', #974, #1803 ) ;
#3269 = LINE ( 'NONE', #5042, #3285 ) ;
#3270 = DIRECTION ( 'NONE',  ( 0.000000000000000000, 1.000000000000000000, 0.000000000000000000 ) ) ;
#3271 = EDGE_CURVE ( 'NONE', #4040, #2533, #240, .T. ) ;
#3272 = LINE ( 'NONE', #168, #847 ) ;
#3273 = AXIS2_PLACEMENT_3D ( 'NONE', #2660, #400, #4920 ) ;
#3274 = LINE ( 'NONE', #5046, #4663 ) ;
#3275 = AXIS2_PLACEMENT_3D ( 'NONE', #4231, #237, #4170 ) ;
#3276 = FACE_BOUND ( 'NONE', #3895, .T. ) ;
#3277 = VERTEX_POINT ( 'NONE', #5594 ) ;
#3278 = DIRECTION ( 'NONE',  ( 0.7071067811865425767, -0.000000000000000000, -0.7071067811865524577 ) ) ;
#3279 = DIRECTION ( 'NONE',  ( -1.000000000000000000, -1.521687259628775549E-16, 0.000000000000000000 ) ) ;
#3280 = ORIENTED_EDGE ( 'NONE', *, *, #5592, .T. ) ;
#3281 = VECTOR ( 'NONE', #2720, 1000.000000000000000 ) ;
#3282 = VECTOR ( 'NONE', #1103, 1000.000000000000000 ) ;
#3283 = EDGE_CURVE ( 'NONE', #5193, #4941, #2956, .T. ) ;
#3284 = DIRECTION ( 'NONE',  ( 0.000000000000000000, -1.000000000000000000, 0.000000000000000000 ) ) ;
#3285 = VECTOR ( 'NONE', #1128, 1000.000000000000000 ) ;
#3286 = CARTESIAN_POINT ( 'NONE',  ( 0.000000000000000000, 0.000000000000000000, 0.5000000000000004441 ) ) ;
#3287 = EDGE_LOOP ( 'NONE', ( #1760, #1146, #5010, #989 ) ) ;
#3288 = EDGE_LOOP ( 'NONE', ( #1792, #785, #3375, #2010 ) ) ;
#3289 = ADVANCED_FACE ( 'NONE', ( #1577 ), #3379, .T. ) ;
#3290 = LINE ( 'NONE', #1087, #3485 ) ;
#3291 = VECTOR ( 'NONE', #3890, 1000.000000000000000 ) ;
#3292 = FACE_OUTER_BOUND ( 'NONE', #1589, .T. ) ;
#3293 = CARTESIAN_POINT ( 'NONE',  ( -119.0000000000000000, 54.00000000000000000, 7.000000000000000000 ) ) ;
#3294 = ORIENTED_EDGE ( 'NONE', *, *, #118, .F. ) ;
#3295 = LINE ( 'NONE', #657, #4094 ) ;
#3296 = PLANE ( 'NONE',  #3827 ) ;
#3297 = VERTEX_POINT ( 'NONE', #3941 ) ;
#3298 = EDGE_LOOP ( 'NONE', ( #3028, #5000, #274, #3522 ) ) ;
#3299 = ADVANCED_FACE ( 'NONE', ( #2149 ), #4438, .F. ) ;
#3300 = DIRECTION ( 'NONE',  ( 0.000000000000000000, -0.000000000000000000, -1.000000000000000000 ) ) ;
#3301 = CARTESIAN_POINT ( 'NONE',  ( -110.0000000000000000, 4.000000000000023981, 3.500000000000000000 ) ) ;
#3302 = CARTESIAN_POINT ( 'NONE',  ( -110.6999999999999744, 38.99999999999990052, 40.00000000000000000 ) ) ;
#3303 = FACE_OUTER_BOUND ( 'NONE', #1105, .T. ) ;
#3304 = EDGE_LOOP ( 'NONE', ( #2776, #24, #917, #2900 ) ) ;
#3305 = ADVANCED_FACE ( 'NONE', ( #1742 ), #5314, .F. ) ;
#3306 = VECTOR ( 'NONE', #267, 1000.000000000000000 ) ;
#3307 = FACE_OUTER_BOUND ( 'NONE', #2961, .T. ) ;
#3308 = EDGE_LOOP ( 'NONE', ( #2363, #28, #5549, #3266 ) ) ;
#3309 = CARTESIAN_POINT ( 'NONE',  ( -123.5000000000000000, 7.500000000000000000, 7.000000000000000000 ) ) ;
#3310 = FACE_OUTER_BOUND ( 'NONE', #2338, .T. ) ;
#3311 = CARTESIAN_POINT ( 'NONE',  ( -110.4999999999999716, 1.500000000000020872, 48.00000000000000000 ) ) ;
#3312 = APPLICATION_PROTOCOL_DEFINITION ( 'international standard', 'config_control_design', 1994, #286 ) ;
#3313 = ORIENTED_EDGE ( 'NONE', *, *, #5140, .F. ) ;
#3314 = ORIENTED_EDGE ( 'NONE', *, *, #4403, .F. ) ;
#3315 = FACE_OUTER_BOUND ( 'NONE', #1983, .T. ) ;
#3316 = CIRCLE ( 'NONE', #779, 1.700000000000000178 ) ;
#3317 = LINE ( 'NONE', #2354, #5181 ) ;
#3318 = VECTOR ( 'NONE', #1485, 1000.000000000000114 ) ;
#3319 = ORIENTED_EDGE ( 'NONE', *, *, #5521, .F. ) ;
#3320 = ORIENTED_EDGE ( 'NONE', *, *, #3613, .F. ) ;
#3321 = ADVANCED_FACE ( 'NONE', ( #3070 ), #2203, .T. ) ;
#3322 = FACE_OUTER_BOUND ( 'NONE', #4645, .T. ) ;
#3323 = AXIS2_PLACEMENT_3D ( 'NONE', #5470, #5434, #956 ) ;
#3324 = DIRECTION ( 'NONE',  ( 0.000000000000000000, 0.000000000000000000, 1.000000000000000000 ) ) ;
#3325 = CYLINDRICAL_SURFACE ( 'NONE', #3617, 1.699999999999993072 ) ;
#3326 = ORIENTED_EDGE ( 'NONE', *, *, #5371, .T. ) ;
#3327 = DIRECTION ( 'NONE',  ( 1.000000000000000000, 0.000000000000000000, 0.000000000000000000 ) ) ;
#3328 = CARTESIAN_POINT ( 'NONE',  ( -112.9999999999999716, 35.64999999999992042, 43.00000000000000000 ) ) ;
#3329 = ADVANCED_FACE ( 'NONE', ( #4410 ), #30, .T. ) ;
#3330 = ORIENTED_EDGE ( 'NONE', *, *, #3020, .F. ) ;
#3331 = PLANE ( 'NONE',  #3644 ) ;
#3332 = ORIENTED_EDGE ( 'NONE', *, *, #3074, .F. ) ;
#3333 = FACE_OUTER_BOUND ( 'NONE', #981, .T. ) ;
#3334 = ADVANCED_FACE ( 'NONE', ( #4875 ), #1337, .F. ) ;
#3335 = CARTESIAN_POINT ( 'NONE',  ( -18.99999999999999645, 49.00000000000001421, 3.500000000000000000 ) ) ;
#3336 = DIRECTION ( 'NONE',  ( -4.798681814596977572E-17, -1.000000000000000000, 0.000000000000000000 ) ) ;
#3337 = CARTESIAN_POINT ( 'NONE',  ( -110.0000000000000000, 2.000000000000022649, 3.500000000000000000 ) ) ;
#3338 = EDGE_CURVE ( 'NONE', #5396, #2285, #5376, .T. ) ;
#3339 = LINE ( 'NONE', #691, #3282 ) ;
#3340 = FACE_OUTER_BOUND ( 'NONE', #1155, .T. ) ;
#3341 = VERTEX_POINT ( 'NONE', #4844 ) ;
#3342 = DIRECTION ( 'NONE',  ( 0.000000000000000000, -0.000000000000000000, 1.000000000000000000 ) ) ;
#3343 = CARTESIAN_POINT ( 'NONE',  ( -112.9999999999999716, 42.34999999999988773, 45.00000000000000000 ) ) ;
#3344 = CARTESIAN_POINT ( 'NONE',  ( -18.99999999999999645, 53.00000000000000711, 1.800000000000000488 ) ) ;
#3345 = APPROVAL_DATE_TIME ( #1551, #211 ) ;
#3346 = ORIENTED_EDGE ( 'NONE', *, *, #3785, .T. ) ;
#3347 = ADVANCED_FACE ( 'NONE', ( #869 ), #4903, .T. ) ;
#3348 = EDGE_CURVE ( 'NONE', #3498, #1052, #4928, .T. ) ;
#3349 = FACE_OUTER_BOUND ( 'NONE', #5287, .T. ) ;
#3350 = DIRECTION ( 'NONE',  ( -0.000000000000000000, 0.000000000000000000, 1.000000000000000000 ) ) ;
#3351 = VECTOR ( 'NONE', #2362, 1000.000000000000000 ) ;
#3352 = ADVANCED_FACE ( 'NONE', ( #2615 ), #465, .F. ) ;
#3353 = EDGE_LOOP ( 'NONE', ( #3942, #5485, #2990, #3577 ) ) ;
#3354 = FACE_OUTER_BOUND ( 'NONE', #201, .T. ) ;
#3355 = VERTEX_POINT ( 'NONE', #2174 ) ;
#3356 = FACE_OUTER_BOUND ( 'NONE', #3695, .T. ) ;
#3357 = DIRECTION ( 'NONE',  ( -0.5773502691896195138, 0.5773502691896224004, 0.5773502691896353900 ) ) ;
#3358 = ORIENTED_EDGE ( 'NONE', *, *, #4362, .F. ) ;
#3359 = DIRECTION ( 'NONE',  ( 0.000000000000000000, -1.000000000000000000, 0.000000000000000000 ) ) ;
#3360 = CARTESIAN_POINT ( 'NONE',  ( -119.0000000000000000, 55.00000000000000711, 6.500000000000013323 ) ) ;
#3361 = ORIENTED_EDGE ( 'NONE', *, *, #4528, .T. ) ;
#3362 = ORIENTED_EDGE ( 'NONE', *, *, #953, .F. ) ;
#3363 = ADVANCED_FACE ( 'NONE', ( #2643 ), #3565, .T. ) ;
#3364 = CARTESIAN_POINT ( 'NONE',  ( -123.5000000000000000, 8.000000000000000000, 0.5000000000000004441 ) ) ;
#3365 = PLANE ( 'NONE',  #5489 ) ;
#3366 = LINE ( 'NONE', #2883, #4407 ) ;
#3367 = ORIENTED_EDGE ( 'NONE', *, *, #982, .T. ) ;
#3368 = ORIENTED_EDGE ( 'NONE', *, *, #3722, .T. ) ;
#3369 = EDGE_CURVE ( 'NONE', #738, #5290, #896, .T. ) ;
#3370 = CARTESIAN_POINT ( 'NONE',  ( -88.48333333333363271, 21.66666666666631968, 16.16666666666678509 ) ) ;
#3371 = FACE_OUTER_BOUND ( 'NONE', #2459, .T. ) ;
#3372 = CIRCLE ( 'NONE', #2308, 1.699999999999993072 ) ;
#3373 = PLANE ( 'NONE',  #786 ) ;
#3374 = CARTESIAN_POINT ( 'NONE',  ( -45.00000000000007816, 42.34999999999987352, 43.00000000000000000 ) ) ;
#3375 = ORIENTED_EDGE ( 'NONE', *, *, #551, .T. ) ;
#3376 = VECTOR ( 'NONE', #174, 1000.000000000000000 ) ;
#3377 = VECTOR ( 'NONE', #5575, 1000.000000000000000 ) ;
#3378 = EDGE_CURVE ( 'NONE', #4832, #5573, #4015, .T. ) ;
#3379 = PLANE ( 'NONE',  #771 ) ;
#3380 = CARTESIAN_POINT ( 'NONE',  ( -120.0000000000000000, 5.000000000000000000, 7.000000000000000000 ) ) ;
#3381 = EDGE_LOOP ( 'NONE', ( #3161, #2758, #5567, #2726, #1046, #117 ) ) ;
#3382 = VECTOR ( 'NONE', #2247, 1000.000000000000000 ) ;
#3383 = EDGE_CURVE ( 'NONE', #1717, #5573, #2700, .T. ) ;
#3384 = CARTESIAN_POINT ( 'NONE',  ( -104.6499999999999773, 2.000000000000000000, 0.000000000000000000 ) ) ;
#3385 = CARTESIAN_POINT ( 'NONE',  ( -45.00000000000007816, 1.500000000000033529, 7.499999999999985789 ) ) ;
#3386 = ORIENTED_EDGE ( 'NONE', *, *, #2451, .T. ) ;
#3387 = DIRECTION ( 'NONE',  ( -0.000000000000000000, 1.000000000000000000, -0.000000000000000000 ) ) ;
#3388 = AXIS2_PLACEMENT_3D ( 'NONE', #5334, #2249, #4030 ) ;
#3389 = EDGE_LOOP ( 'NONE', ( #4149, #4390, #434, #2616 ) ) ;
#3390 = DIRECTION ( 'NONE',  ( -0.000000000000000000, -0.000000000000000000, -1.000000000000000000 ) ) ;
#3391 = EDGE_LOOP ( 'NONE', ( #909, #729, #3632, #1992 ) ) ;
#3392 = DIRECTION ( 'NONE',  ( -0.5773502691896270633, 0.5773502691896150729, 0.5773502691896351680 ) ) ;
#3393 = CARTESIAN_POINT ( 'NONE',  ( -112.3500000000000085, 2.000000000000020872, 6.500000000000013323 ) ) ;
#3394 = CARTESIAN_POINT ( 'NONE',  ( -110.0000000000000000, 55.00000000000002842, 3.500000000000000000 ) ) ;
#3395 = DIRECTION ( 'NONE',  ( 0.5773502691896310601, 0.5773502691896310601, 0.5773502691896151839 ) ) ;
#3396 = DIRECTION ( 'NONE',  ( 0.000000000000000000, -1.000000000000000000, 0.000000000000000000 ) ) ;
#3397 = CARTESIAN_POINT ( 'NONE',  ( -30.33333333333337123, 60.66666666666662167, 32.83333333333331439 ) ) ;
#3398 = DIRECTION ( 'NONE',  ( 1.000000000000000000, 0.000000000000000000, 0.000000000000000000 ) ) ;
#3399 = CARTESIAN_POINT ( 'NONE',  ( -117.0000000000000000, 49.00000000000000000, 6.500000000000013323 ) ) ;
#3400 = CARTESIAN_POINT ( 'NONE',  ( -110.9999999999999716, 43.99999999999990052, 47.50000000000001421 ) ) ;
#3401 = EDGE_LOOP ( 'NONE', ( #5070, #4097, #3177, #5400 ) ) ;
#3402 = EDGE_CURVE ( 'NONE', #326, #1408, #810, .T. ) ;
#3403 = DIRECTION ( 'NONE',  ( 1.000000000000000000, 0.000000000000000000, -0.000000000000000000 ) ) ;
#3404 = ORIENTED_EDGE ( 'NONE', *, *, #1813, .T. ) ;
#3405 = DIRECTION ( 'NONE',  ( -0.000000000000000000, 1.000000000000000000, -0.000000000000000000 ) ) ;
#3406 = EDGE_CURVE ( 'NONE', #3000, #1168, #3044, .T. ) ;
#3407 = ORIENTED_EDGE ( 'NONE', *, *, #2265, .F. ) ;
#3408 = ORIENTED_EDGE ( 'NONE', *, *, #1673, .T. ) ;
#3409 = DIRECTION ( 'NONE',  ( -1.000000000000000000, 0.000000000000000000, 0.000000000000000000 ) ) ;
#3410 = DIRECTION ( 'NONE',  ( 0.000000000000000000, -0.000000000000000000, 1.000000000000000000 ) ) ;
#3411 = EDGE_LOOP ( 'NONE', ( #794, #311, #4691, #2793, #1909, #1722, #1051, #4013 ) ) ;
#3412 = AXIS2_PLACEMENT_3D ( 'NONE', #2181, #3994, #1344 ) ;
#3413 = LINE ( 'NONE', #3840, #4945 ) ;
#3414 = EDGE_CURVE ( 'NONE', #2067, #4764, #1878, .T. ) ;
#3415 = ORIENTED_EDGE ( 'NONE', *, *, #985, .F. ) ;
#3416 = DIRECTION ( 'NONE',  ( 0.000000000000000000, -1.000000000000000000, 0.000000000000000000 ) ) ;
#3417 = ORIENTED_EDGE ( 'NONE', *, *, #1920, .T. ) ;
#3418 = VECTOR ( 'NONE', #3568, 1000.000000000000000 ) ;
#3419 = DIRECTION ( 'NONE',  ( 1.000000000000000000, 0.000000000000000000, 0.000000000000000000 ) ) ;
#3420 = FACE_OUTER_BOUND ( 'NONE', #5659, .T. ) ;
#3421 = DIRECTION ( 'NONE',  ( 0.7071067811865378028, 0.000000000000000000, 0.7071067811865573427 ) ) ;
#3422 = LINE ( 'NONE', #743, #1672 ) ;
#3423 = VECTOR ( 'NONE', #2379, 1000.000000000000000 ) ;
#3424 = PLANE ( 'NONE',  #1020 ) ;
#3425 = DIRECTION ( 'NONE',  ( 0.000000000000000000, 0.000000000000000000, 1.000000000000000000 ) ) ;
#3426 = CARTESIAN_POINT ( 'NONE',  ( -45.00000000000007816, 45.99999999999990052, 48.00000000000000000 ) ) ;
#3427 = CARTESIAN_POINT ( 'NONE',  ( -40.66666666666728247, 12.18333333333321988, 39.16666666666682772 ) ) ;
#3428 = APPROVAL_DATE_TIME ( #3486, #4777 ) ;
#3429 = ORIENTED_EDGE ( 'NONE', *, *, #596, .T. ) ;
#3430 = EDGE_LOOP ( 'NONE', ( #4079, #1200, #2851, #2431 ) ) ;
#3431 = PLANE ( 'NONE',  #1794 ) ;
#3432 = ORIENTED_EDGE ( 'NONE', *, *, #435, .F. ) ;
#3433 = LINE ( 'NONE', #3887, #1995 ) ;
#3434 = EDGE_CURVE ( 'NONE', #3698, #1383, #1908, .T. ) ;
#3435 = ORIENTED_EDGE ( 'NONE', *, *, #4395, .T. ) ;
#3436 = DIRECTION ( 'NONE',  ( -0.5773502691896296168, -0.5773502691896259531, -0.5773502691896217343 ) ) ;
#3437 = EDGE_CURVE ( 'NONE', #152, #4125, #4071, .T. ) ;
#3438 = DIRECTION ( 'NONE',  ( 0.000000000000000000, 1.000000000000000000, 0.000000000000000000 ) ) ;
#3439 = AXIS2_PLACEMENT_3D ( 'NONE', #1302, #2551, #2632 ) ;
#3440 = ADVANCED_FACE ( 'NONE', ( #3307 ), #3619, .F. ) ;
#3441 = PLANE ( 'NONE',  #1465 ) ;
#3442 = ORIENTED_EDGE ( 'NONE', *, *, #2070, .F. ) ;
#3443 = CARTESIAN_POINT ( 'NONE',  ( -110.0000000000000000, 6.000000000000025757, 3.500000000000000000 ) ) ;
#3444 = ORIENTED_EDGE ( 'NONE', *, *, #3800, .T. ) ;
#3445 = ORIENTED_EDGE ( 'NONE', *, *, #1574, .T. ) ;
#3446 = CARTESIAN_POINT ( 'NONE',  ( -121.5000000000000000, 5.000000000000000000, 7.000000000000000000 ) ) ;
#3447 = EDGE_CURVE ( 'NONE', #4311, #1637, #5467, .T. ) ;
#3448 = ORIENTED_EDGE ( 'NONE', *, *, #3703, .F. ) ;
#3449 = ADVANCED_FACE ( 'NONE', ( #1039, #3276, #1411, #1446 ), #3705, .T. ) ;
#3450 = DIRECTION ( 'NONE',  ( 1.000000000000000000, 0.000000000000000000, 0.000000000000000000 ) ) ;
#3451 = FACE_OUTER_BOUND ( 'NONE', #5050, .T. ) ;
#3452 = CARTESIAN_POINT ( 'NONE',  ( -18.99999999999999645, 49.00000000000001421, 3.500000000000000000 ) ) ;
#3453 = ADVANCED_FACE ( 'NONE', ( #5017 ), #2312, .F. ) ;
#3454 = DIRECTION ( 'NONE',  ( 0.000000000000000000, -0.000000000000000000, -1.000000000000000000 ) ) ;
#3455 = CARTESIAN_POINT ( 'NONE',  ( -47.00000000000015632, 31.99999999999990408, 46.00000000000000000 ) ) ;
#3456 = VERTEX_POINT ( 'NONE', #2760 ) ;
#3457 = VECTOR ( 'NONE', #3848, 1000.000000000000000 ) ;
#3458 = DIRECTION ( 'NONE',  ( -1.000000000000000000, 0.000000000000000000, 0.000000000000000000 ) ) ;
#3459 = ORIENTED_EDGE ( 'NONE', *, *, #2627, .T. ) ;
#3460 = FACE_OUTER_BOUND ( 'NONE', #3886, .T. ) ;
#3461 = ORIENTED_EDGE ( 'NONE', *, *, #4, .T. ) ;
#3462 = ORIENTED_EDGE ( 'NONE', *, *, #523, .F. ) ;
#3463 = LINE ( 'NONE', #5241, #5721 ) ;
#3464 = VECTOR ( 'NONE', #4991, 1000.000000000000000 ) ;
#3465 = DIRECTION ( 'NONE',  ( -0.5773502691896252870, 0.5773502691896108541, 0.5773502691896412742 ) ) ;
#3466 = LINE ( 'NONE', #3051, #170 ) ;
#3467 = ORIENTED_EDGE ( 'NONE', *, *, #2812, .T. ) ;
#3468 = CARTESIAN_POINT ( 'NONE',  ( -110.9999999999999716, 43.99999999999990052, 47.50000000000001421 ) ) ;
#3469 = VERTEX_POINT ( 'NONE', #4517 ) ;
#3470 = VECTOR ( 'NONE', #3200, 1000.000000000000000 ) ;
#3471 = VECTOR ( 'NONE', #1195, 1000.000000000000000 ) ;
#3472 = VERTEX_POINT ( 'NONE', #2825 ) ;
#3473 = EDGE_CURVE ( 'NONE', #248, #2404, #4608, .T. ) ;
#3474 = DIRECTION ( 'NONE',  ( 0.000000000000000000, -1.000000000000000000, 0.000000000000000000 ) ) ;
#3475 = ORIENTED_EDGE ( 'NONE', *, *, #233, .F. ) ;
#3476 = DIRECTION ( 'NONE',  ( -1.000000000000000000, 0.000000000000000000, 0.000000000000000000 ) ) ;
#3477 = VECTOR ( 'NONE', #3845, 1000.000000000000000 ) ;
#3478 = CARTESIAN_POINT ( 'NONE',  ( -121.5000000000000000, 8.000000000000000000, 6.500000000000013323 ) ) ;
#3479 = CARTESIAN_POINT ( 'NONE',  ( -5.500000000000018652, 53.99999999999998579, 7.000000000000000000 ) ) ;
#3480 = PLANE ( 'NONE',  #2785 ) ;
#3481 = DIRECTION ( 'NONE',  ( 1.000000000000000000, 1.521687259628775549E-16, -0.000000000000000000 ) ) ;
#3482 = EDGE_CURVE ( 'NONE', #2319, #3536, #516, .T. ) ;
#3483 = CYLINDRICAL_SURFACE ( 'NONE', #1426, 1.700000000000000178 ) ;
#3484 = CARTESIAN_POINT ( 'NONE',  ( -2.000000000000021760, 50.85000000000003695, 6.499999999999985789 ) ) ;
#3485 = VECTOR ( 'NONE', #1923, 1000.000000000000000 ) ;
#3486 = DATE_AND_TIME ( #645, #820 ) ;
#3487 = VERTEX_POINT ( 'NONE', #83 ) ;
#3488 = EDGE_CURVE ( 'NONE', #1918, #2194, #3210, .T. ) ;
#3489 = DIRECTION ( 'NONE',  ( -0.000000000000000000, -1.000000000000000000, -0.000000000000000000 ) ) ;
#3490 = ORIENTED_EDGE ( 'NONE', *, *, #4602, .T. ) ;
#3491 = CARTESIAN_POINT ( 'NONE',  ( -122.0000000000000000, 4.499999999999997335, 7.000000000000000000 ) ) ;
#3492 = ORIENTED_EDGE ( 'NONE', *, *, #2267, .T. ) ;
#3493 = CARTESIAN_POINT ( 'NONE',  ( -104.9999999999999858, 35.64999999999992042, 40.00000000000000000 ) ) ;
#3494 = CARTESIAN_POINT ( 'NONE',  ( -21.85000000000000142, 51.00000000000000711, 7.000000000000000000 ) ) ;
#3495 = CARTESIAN_POINT ( 'NONE',  ( -24.85000000000000142, 6.000000000000023981, 7.000000000000000000 ) ) ;
#3496 = ORIENTED_EDGE ( 'NONE', *, *, #5697, .F. ) ;
#3497 = FACE_BOUND ( 'NONE', #5038, .T. ) ;
#3498 = VERTEX_POINT ( 'NONE', #4987 ) ;
#3499 = VERTEX_POINT ( 'NONE', #2345 ) ;
#3500 = CONICAL_SURFACE ( 'NONE', #5358, 0.5000000000000004441, 0.7853981633974657095 ) ;
#3501 = CARTESIAN_POINT ( 'NONE',  ( -47.00000000000008527, 2.500000000000030198, 47.50000000000001421 ) ) ;
#3502 = DIRECTION ( 'NONE',  ( -0.7071067811865378028, -0.000000000000000000, -0.7071067811865573427 ) ) ;
#3503 = CARTESIAN_POINT ( 'NONE',  ( -112.3500000000000085, 1.500000000000036859, 0.000000000000000000 ) ) ;
#3504 = DIRECTION ( 'NONE',  ( 0.000000000000000000, -1.000000000000000000, 0.000000000000000000 ) ) ;
#3505 = CARTESIAN_POINT ( 'NONE',  ( -14.05000000000020322, 30.09999999999975984, -5.549999999999908340 ) ) ;
#3506 = AXIS2_PLACEMENT_3D ( 'NONE', #4905, #1287, #3967 ) ;
#3507 = EDGE_CURVE ( 'NONE', #84, #4311, #4134, .T. ) ;
#3508 = DIRECTION ( 'NONE',  ( 0.000000000000000000, -1.000000000000000000, 0.000000000000000000 ) ) ;
#3509 = FACE_OUTER_BOUND ( 'NONE', #5086, .T. ) ;
#3510 = EDGE_CURVE ( 'NONE', #3536, #3112, #1512, .T. ) ;
#3511 = VECTOR ( 'NONE', #1633, 1000.000000000000000 ) ;
#3512 = ORIENTED_EDGE ( 'NONE', *, *, #404, .T. ) ;
#3513 = DIRECTION ( 'NONE',  ( -0.000000000000000000, -1.000000000000000000, -0.000000000000000000 ) ) ;
#3514 = EDGE_LOOP ( 'NONE', ( #2954, #578, #4911, #3232 ) ) ;
#3515 = DIRECTION ( 'NONE',  ( 1.000000000000000000, 0.000000000000000000, 0.000000000000000000 ) ) ;
#3516 = EDGE_CURVE ( 'NONE', #3748, #587, #2932, .T. ) ;
#3517 = EDGE_LOOP ( 'NONE', ( #3594, #703, #4036, #4988 ) ) ;
#3518 = FACE_BOUND ( 'NONE', #3865, .T. ) ;
#3519 = DIRECTION ( 'NONE',  ( 1.000000000000000000, 0.000000000000000000, 0.000000000000000000 ) ) ;
#3520 = DESIGN_CONTEXT ( 'detailed design', #4942, 'design' ) ;
#3521 = CARTESIAN_POINT ( 'NONE',  ( -6.000000000000023981, 42.15000000000001990, 6.500000000000013323 ) ) ;
#3522 = ORIENTED_EDGE ( 'NONE', *, *, #1813, .F. ) ;
#3523 = DIRECTION ( 'NONE',  ( 1.000000000000000000, 0.000000000000000000, 0.000000000000000000 ) ) ;
#3524 = ORIENTED_EDGE ( 'NONE', *, *, #2098, .T. ) ;
#3525 = ORIENTED_EDGE ( 'NONE', *, *, #5500, .F. ) ;
#3526 = MANIFOLD_SOLID_BREP ( 'Chanfrein3', #3076 ) ;
#3527 = LINE ( 'NONE', #884, #3183 ) ;
#3528 = DIRECTION ( 'NONE',  ( 1.000000000000000000, 1.907754749525137334E-32, 0.000000000000000000 ) ) ;
#3529 = VECTOR ( 'NONE', #4031, 1000.000000000000000 ) ;
#3530 = CARTESIAN_POINT ( 'NONE',  ( -110.0000000000000000, 2.000000000000022649, 5.199999999999999289 ) ) ;
#3531 = CARTESIAN_POINT ( 'NONE',  ( -119.0000000000000000, 54.00000000000000000, 0.5000000000000004441 ) ) ;
#3532 = ADVANCED_FACE ( 'NONE', ( #3178, #5403 ), #4548, .F. ) ;
#3533 = LOCAL_TIME ( 14, 34, 24.00000000000000000, #175 ) ;
#3534 = DIRECTION ( 'NONE',  ( 0.000000000000000000, 1.000000000000000000, 0.000000000000000000 ) ) ;
#3535 = CARTESIAN_POINT ( 'NONE',  ( -16.14999999999999147, 53.00000000000000711, 0.5000000000000281997 ) ) ;
#3536 = VERTEX_POINT ( 'NONE', #1849 ) ;
#3537 = EDGE_CURVE ( 'NONE', #86, #5529, #3645, .T. ) ;
#3538 = DIRECTION ( 'NONE',  ( -1.907754749525137334E-32, 1.000000000000000000, 0.000000000000000000 ) ) ;
#3539 = ORIENTED_EDGE ( 'NONE', *, *, #538, .F. ) ;
#3540 = DIRECTION ( 'NONE',  ( 0.000000000000000000, -1.000000000000000000, 0.000000000000000000 ) ) ;
#3541 = ORIENTED_EDGE ( 'NONE', *, *, #3510, .T. ) ;
#3542 = EDGE_CURVE ( 'NONE', #4159, #2194, #4699, .T. ) ;
#3543 = CARTESIAN_POINT ( 'NONE',  ( -4.000000000000023093, 50.85000000000003695, 7.000000000000000000 ) ) ;
#3544 = CARTESIAN_POINT ( 'NONE',  ( -122.0000000000000000, 54.00000000000000000, 7.000000000000000000 ) ) ;
#3545 = CARTESIAN_POINT ( 'NONE',  ( -110.9999999999999858, 31.99999999999990408, 34.00000000000003553 ) ) ;
#3546 = FACE_OUTER_BOUND ( 'NONE', #4742, .T. ) ;
#3547 = ORIENTED_EDGE ( 'NONE', *, *, #558, .F. ) ;
#3548 = DIRECTION ( 'NONE',  ( 0.000000000000000000, -0.000000000000000000, 1.000000000000000000 ) ) ;
#3549 = ORIENTED_EDGE ( 'NONE', *, *, #5215, .T. ) ;
#3550 = ADVANCED_FACE ( 'NONE', ( #3340 ), #5229, .T. ) ;
#3551 = CARTESIAN_POINT ( 'NONE',  ( -6.000000000000023981, 49.00000000000001421, 7.000000000000000000 ) ) ;
#3552 = VECTOR ( 'NONE', #3159, 1000.000000000000000 ) ;
#3553 = ORIENTED_EDGE ( 'NONE', *, *, #4182, .F. ) ;
#3554 = LINE ( 'NONE', #2657, #3002 ) ;
#3555 = CARTESIAN_POINT ( 'NONE',  ( -120.0000000000000000, 5.000000000000000000, 6.500000000000013323 ) ) ;
#3556 = VECTOR ( 'NONE', #2675, 1000.000000000000000 ) ;
#3557 = PLANE ( 'NONE',  #2509 ) ;
#3558 = LINE ( 'NONE', #5340, #1390 ) ;
#3559 = EDGE_LOOP ( 'NONE', ( #1640, #461, #3997, #2715, #99, #4181, #1451, #3415, #3429, #2576 ) ) ;
#3560 = AXIS2_PLACEMENT_3D ( 'NONE', #254, #1248, #798 ) ;
#3561 = DIRECTION ( 'NONE',  ( -1.000000000000000000, 0.000000000000000000, 0.000000000000000000 ) ) ;
#3562 = CARTESIAN_POINT ( 'NONE',  ( -121.5000000000000000, 8.000000000000000000, 0.5000000000000004441 ) ) ;
#3563 = ORIENTED_EDGE ( 'NONE', *, *, #4762, .T. ) ;
#3564 = VECTOR ( 'NONE', #2859, 1000.000000000000000 ) ;
#3565 = PLANE ( 'NONE',  #1251 ) ;
#3566 = EDGE_LOOP ( 'NONE', ( #410, #1453, #3228, #330, #955, #5472, #5315 ) ) ;
#3567 = VECTOR ( 'NONE', #530, 1000.000000000000000 ) ;
#3568 = DIRECTION ( 'NONE',  ( -0.000000000000000000, 1.000000000000000000, 0.000000000000000000 ) ) ;
#3569 = LINE ( 'NONE', #4329, #2791 ) ;
#3570 = EDGE_CURVE ( 'NONE', #529, #5211, #1104, .T. ) ;
#3571 = ORIENTED_EDGE ( 'NONE', *, *, #4300, .F. ) ;
#3572 = DIRECTION ( 'NONE',  ( 1.000000000000000000, 0.000000000000000000, -0.000000000000000000 ) ) ;
#3573 = ADVANCED_FACE ( 'NONE', ( #1227 ), #2089, .F. ) ;
#3574 = CARTESIAN_POINT ( 'NONE',  ( -18.33333333333300885, 36.66666666666701957, -17.83333333333351334 ) ) ;
#3575 = EDGE_CURVE ( 'NONE', #3763, #1150, #1339, .T. ) ;
#3576 = ORIENTED_EDGE ( 'NONE', *, *, #3073, .F. ) ;
#3577 = ORIENTED_EDGE ( 'NONE', *, *, #5097, .F. ) ;
#3578 = ORIENTED_EDGE ( 'NONE', *, *, #2217, .T. ) ;
#3579 = ORIENTED_EDGE ( 'NONE', *, *, #558, .T. ) ;
#3580 = DIRECTION ( 'NONE',  ( 0.000000000000000000, -1.000000000000000000, 0.000000000000000000 ) ) ;
#3581 = DIRECTION ( 'NONE',  ( -0.000000000000000000, -1.000000000000000000, -0.000000000000000000 ) ) ;
#3582 = EDGE_CURVE ( 'NONE', #1685, #4294, #4199, .T. ) ;
#3583 = VECTOR ( 'NONE', #4228, 999.9999999999998863 ) ;
#3584 = DIRECTION ( 'NONE',  ( -1.266221515311539036E-16, -1.000000000000000000, 0.000000000000000000 ) ) ;
#3585 = DIRECTION ( 'NONE',  ( -0.7071067811865573427, -0.7071067811865378028, -0.000000000000000000 ) ) ;
#3586 = CARTESIAN_POINT ( 'NONE',  ( -21.85000000000000142, 51.00000000000000711, 7.000000000000000000 ) ) ;
#3587 = ORIENTED_EDGE ( 'NONE', *, *, #740, .T. ) ;
#3588 = VECTOR ( 'NONE', #3561, 1000.000000000000000 ) ;
#3589 = CARTESIAN_POINT ( 'NONE',  ( -3.900000000000032774, 47.05000000000001137, 4.599999999999996980 ) ) ;
#3590 = DIRECTION ( 'NONE',  ( 0.000000000000000000, 0.000000000000000000, 1.000000000000000000 ) ) ;
#3591 = ORIENTED_EDGE ( 'NONE', *, *, #1297, .T. ) ;
#3592 = AXIS2_PLACEMENT_3D ( 'NONE', #1520, #5534, #1981 ) ;
#3593 = CARTESIAN_POINT ( 'NONE',  ( -45.00000000000007816, 45.99999999999990052, 7.499999999999985789 ) ) ;
#3594 = ORIENTED_EDGE ( 'NONE', *, *, #1422, .F. ) ;
#3595 = VECTOR ( 'NONE', #4321, 1000.000000000000000 ) ;
#3596 = LINE ( 'NONE', #5349, #238 ) ;
#3597 = EDGE_LOOP ( 'NONE', ( #811, #3444, #4689, #359 ) ) ;
#3598 = ADVANCED_FACE ( 'NONE', ( #1632 ), #641, .T. ) ;
#3599 = CARTESIAN_POINT ( 'NONE',  ( -16.14999999999999147, 1.500000000000003109, 0.000000000000000000 ) ) ;
#3600 = CARTESIAN_POINT ( 'NONE',  ( -45.00000000000007816, 0.5000000000000004441, 47.50000000000002842 ) ) ;
#3601 = COORDINATED_UNIVERSAL_TIME_OFFSET ( 1, 0, .AHEAD. ) ;
#3602 = PLANE ( 'NONE',  #2521 ) ;
#3603 = EDGE_LOOP ( 'NONE', ( #2541, #3784, #2761, #1739, #3998, #3973 ) ) ;
#3604 = EDGE_CURVE ( 'NONE', #1523, #4764, #1973, .T. ) ;
#3605 = EDGE_LOOP ( 'NONE', ( #2159, #203, #449, #4955 ) ) ;
#3606 = ORIENTED_EDGE ( 'NONE', *, *, #18, .T. ) ;
#3607 = EDGE_CURVE ( 'NONE', #5021, #2969, #2033, .T. ) ;
#3608 = CARTESIAN_POINT ( 'NONE',  ( -1.500000000000001332, 51.35000000000005116, 0.000000000000000000 ) ) ;
#3609 = CARTESIAN_POINT ( 'NONE',  ( -21.85000000000000142, 4.000000000000015099, 6.499999999999985789 ) ) ;
#3610 = PLANE ( 'NONE',  #3643 ) ;
#3611 = LINE ( 'NONE', #5393, #2414 ) ;
#3612 = ORIENTED_EDGE ( 'NONE', *, *, #1038, .F. ) ;
#3613 = EDGE_CURVE ( 'NONE', #4796, #3792, #4671, .T. ) ;
#3614 = LINE ( 'NONE', #2339, #4707 ) ;
#3615 = LINE ( 'NONE', #3175, #3133 ) ;
#3616 = VERTEX_POINT ( 'NONE', #1546 ) ;
#3617 = AXIS2_PLACEMENT_3D ( 'NONE', #3867, #2016, #247 ) ;
#3618 = EDGE_CURVE ( 'NONE', #1528, #3767, #2473, .T. ) ;
#3619 = PLANE ( 'NONE',  #1886 ) ;
#3620 = ORIENTED_EDGE ( 'NONE', *, *, #142, .F. ) ;
#3621 = FACE_OUTER_BOUND ( 'NONE', #1234, .T. ) ;
#3622 = AXIS2_PLACEMENT_3D ( 'NONE', #3521, #5296, #3972 ) ;
#3623 = CARTESIAN_POINT ( 'NONE',  ( -4.000000000000023093, 45.15000000000001990, 7.000000000000000000 ) ) ;
#3624 = PLANE ( 'NONE',  #1259 ) ;
#3625 = APPROVAL_STATUS ( 'not_yet_approved' ) ;
#3626 = DIRECTION ( 'NONE',  ( 0.7071067811865378028, 0.7071067811865573427, 0.000000000000000000 ) ) ;
#3627 = EDGE_LOOP ( 'NONE', ( #5159, #2771 ) ) ;
#3628 = ORIENTED_EDGE ( 'NONE', *, *, #3665, .T. ) ;
#3629 = ORIENTED_EDGE ( 'NONE', *, *, #5505, .T. ) ;
#3630 = DIRECTION ( 'NONE',  ( 1.000000000000000000, 0.000000000000000000, 0.000000000000000000 ) ) ;
#3631 = LINE ( 'NONE', #2747, #3529 ) ;
#3632 = ORIENTED_EDGE ( 'NONE', *, *, #2225, .F. ) ;
#3633 = LINE ( 'NONE', #4975, #381 ) ;
#3634 = DIRECTION ( 'NONE',  ( -1.000000000000000000, -1.521687259628775549E-16, 0.000000000000000000 ) ) ;
#3635 = ADVANCED_FACE ( 'NONE', ( #318 ), #5110, .F. ) ;
#3636 = VERTEX_POINT ( 'NONE', #234 ) ;
#3637 = CARTESIAN_POINT ( 'NONE',  ( -105.5000000000000000, 41.84999999999990195, 45.00000000000000000 ) ) ;
#3638 = AXIS2_PLACEMENT_3D ( 'NONE', #5531, #2796, #2896 ) ;
#3639 = DIRECTION ( 'NONE',  ( 0.000000000000000000, 1.000000000000000000, 0.000000000000000000 ) ) ;
#3640 = DIRECTION ( 'NONE',  ( 1.236942588248789647E-16, -0.7071067811865573427, 0.7071067811865378028 ) ) ;
#3641 = VERTEX_POINT ( 'NONE', #3820 ) ;
#3642 = EDGE_CURVE ( 'NONE', #1469, #2002, #3881, .T. ) ;
#3643 = AXIS2_PLACEMENT_3D ( 'NONE', #1352, #3147, #4156 ) ;
#3644 = AXIS2_PLACEMENT_3D ( 'NONE', #1094, #4661, #796 ) ;
#3645 = LINE ( 'NONE', #543, #3676 ) ;
#3646 = ORIENTED_EDGE ( 'NONE', *, *, #653, .T. ) ;
#3647 = LINE ( 'NONE', #2235, #3552 ) ;
#3648 = DIRECTION ( 'NONE',  ( -4.798681814596977572E-17, -1.000000000000000000, 0.000000000000000000 ) ) ;
#3649 = CARTESIAN_POINT ( 'NONE',  ( -0.4999999999999865663, 54.00000000000000000, 0.000000000000000000 ) ) ;
#3650 = AXIS2_PLACEMENT_3D ( 'NONE', #1786, #3167, #4833 ) ;
#3651 = ORIENTED_EDGE ( 'NONE', *, *, #4422, .T. ) ;
#3652 = EDGE_CURVE ( 'NONE', #152, #857, #5617, .T. ) ;
#3653 = DIRECTION ( 'NONE',  ( 1.000000000000000000, 0.000000000000000000, 0.000000000000000000 ) ) ;
#3654 = LINE ( 'NONE', #4208, #697 ) ;
#3655 = VECTOR ( 'NONE', #4625, 1000.000000000000000 ) ;
#3656 = CARTESIAN_POINT ( 'NONE',  ( -21.85000000000000142, 53.00000000000000711, 0.5000000000000281997 ) ) ;
#3657 = ORIENTED_EDGE ( 'NONE', *, *, #1420, .F. ) ;
#3658 = VERTEX_POINT ( 'NONE', #5169 ) ;
#3659 = DIRECTION ( 'NONE',  ( 1.000000000000000000, 0.000000000000000000, -0.000000000000000000 ) ) ;
#3660 = ORIENTED_EDGE ( 'NONE', *, *, #3012, .F. ) ;
#3661 = CARTESIAN_POINT ( 'NONE',  ( -41.00000000000006395, 41.84999999999990195, 43.00000000000000000 ) ) ;
#3662 = DIRECTION ( 'NONE',  ( 0.5773502691896204020, -0.5773502691896285066, -0.5773502691896285066 ) ) ;
#3663 = DIRECTION ( 'NONE',  ( 0.000000000000000000, 0.7071067811865378028, -0.7071067811865573427 ) ) ;
#3664 = ORIENTED_EDGE ( 'NONE', *, *, #1642, .T. ) ;
#3665 = EDGE_CURVE ( 'NONE', #3616, #4884, #2004, .T. ) ;
#3666 = DIRECTION ( 'NONE',  ( -1.000000000000000000, -1.521687259628775549E-16, 0.000000000000000000 ) ) ;
#3667 = CARTESIAN_POINT ( 'NONE',  ( -24.85000000000000142, 49.00000000000001421, 6.500000000000013323 ) ) ;
#3668 = ORIENTED_EDGE ( 'NONE', *, *, #2106, .T. ) ;
#3669 = EDGE_CURVE ( 'NONE', #176, #4923, #1659, .T. ) ;
#3670 = CARTESIAN_POINT ( 'NONE',  ( -108.9999999999999858, 38.99999999999990052, 46.00000000000000000 ) ) ;
#3671 = VECTOR ( 'NONE', #2117, 1000.000000000000000 ) ;
#3672 = LINE ( 'NONE', #2340, #300 ) ;
#3673 = FACE_OUTER_BOUND ( 'NONE', #3391, .T. ) ;
#3674 = FACE_OUTER_BOUND ( 'NONE', #2229, .T. ) ;
#3675 = DIRECTION ( 'NONE',  ( 0.000000000000000000, 0.000000000000000000, 1.000000000000000000 ) ) ;
#3676 = VECTOR ( 'NONE', #4102, 1000.000000000000000 ) ;
#3677 = EDGE_CURVE ( 'NONE', #1258, #1621, #720, .T. ) ;
#3678 = CARTESIAN_POINT ( 'NONE',  ( -108.9999999999999858, 38.99999999999990052, 40.00000000000000000 ) ) ;
#3679 = VERTEX_POINT ( 'NONE', #2500 ) ;
#3680 = LINE ( 'NONE', #4990, #5279 ) ;
#3681 = VECTOR ( 'NONE', #3914, 1000.000000000000000 ) ;
#3682 = EDGE_LOOP ( 'NONE', ( #4029, #3606, #556, #1416, #3628, #132, #2171, #2262, #45, #959, #2876, #3549 ) ) ;
#3683 = ORIENTED_EDGE ( 'NONE', *, *, #3794, .F. ) ;
#3684 = VECTOR ( 'NONE', #1664, 1000.000000000000000 ) ;
#3685 = EDGE_CURVE ( 'NONE', #2933, #2072, #4372, .T. ) ;
#3686 = DIRECTION ( 'NONE',  ( 0.7071067811865573427, 0.000000000000000000, 0.7071067811865378028 ) ) ;
#3687 = CARTESIAN_POINT ( 'NONE',  ( -44.50000000000007816, 0.000000000000000000, 6.500000000000013323 ) ) ;
#3688 = VECTOR ( 'NONE', #2, 1000.000000000000000 ) ;
#3689 = ORIENTED_EDGE ( 'NONE', *, *, #4709, .F. ) ;
#3690 = ORIENTED_EDGE ( 'NONE', *, *, #2518, .T. ) ;
#3691 = ORIENTED_EDGE ( 'NONE', *, *, #780, .F. ) ;
#3692 = CARTESIAN_POINT ( 'NONE',  ( -0.4999999999999866773, 0.4999999999999866773, 0.000000000000000000 ) ) ;
#3693 = DIRECTION ( 'NONE',  ( 1.000000000000000000, 0.000000000000000000, 0.000000000000000000 ) ) ;
#3694 = CARTESIAN_POINT ( 'NONE',  ( -6.000000000000023981, 42.15000000000001990, 6.500000000000013323 ) ) ;
#3695 = EDGE_LOOP ( 'NONE', ( #4349, #2626, #5184, #1412 ) ) ;
#3696 = LINE ( 'NONE', #1026, #2141 ) ;
#3697 = LINE ( 'NONE', #570, #186 ) ;
#3698 = VERTEX_POINT ( 'NONE', #3125 ) ;
#3699 = LINE ( 'NONE', #1820, #2733 ) ;
#3700 = LINE ( 'NONE', #2853, #1721 ) ;
#3701 = CARTESIAN_POINT ( 'NONE',  ( -47.00000000000008527, 1.500000000000047073, 0.000000000000000000 ) ) ;
#3702 = CARTESIAN_POINT ( 'NONE',  ( -21.85000000000000142, 4.000000000000015099, 6.499999999999985789 ) ) ;
#3703 = EDGE_CURVE ( 'NONE', #2082, #1241, #4011, .T. ) ;
#3704 = VECTOR ( 'NONE', #4343, 1000.000000000000000 ) ;
#3705 = PLANE ( 'NONE',  #5266 ) ;
#3706 = ORIENTED_EDGE ( 'NONE', *, *, #5427, .F. ) ;
#3707 = LINE ( 'NONE', #3309, #1122 ) ;
#3708 = FACE_OUTER_BOUND ( 'NONE', #2014, .T. ) ;
#3709 = ORIENTED_EDGE ( 'NONE', *, *, #5188, .F. ) ;
#3710 = EDGE_CURVE ( 'NONE', #2150, #4180, #5757, .T. ) ;
#3711 = ORIENTED_EDGE ( 'NONE', *, *, #1553, .F. ) ;
#3712 = LINE ( 'NONE', #150, #1041 ) ;
#3713 = VERTEX_POINT ( 'NONE', #2169 ) ;
#3714 = CARTESIAN_POINT ( 'NONE',  ( -104.1499999999999915, 2.000000000000000000, 1.500000000000000444 ) ) ;
#3715 = ADVANCED_FACE ( 'NONE', ( #1683 ), #3483, .F. ) ;
#3716 = VERTEX_POINT ( 'NONE', #2638 ) ;
#3717 = ORIENTED_EDGE ( 'NONE', *, *, #2168, .T. ) ;
#3718 = DIRECTION ( 'NONE',  ( 0.000000000000000000, 0.000000000000000000, -1.000000000000000000 ) ) ;
#3719 = FACE_OUTER_BOUND ( 'NONE', #5647, .T. ) ;
#3720 = DIRECTION ( 'NONE',  ( 0.000000000000000000, 1.000000000000000000, 0.000000000000000000 ) ) ;
#3721 = DIRECTION ( 'NONE',  ( -0.7071067811865386910, -0.7071067811865564545, -0.000000000000000000 ) ) ;
#3722 = EDGE_CURVE ( 'NONE', #5239, #517, #5372, .T. ) ;
#3723 = ORIENTED_EDGE ( 'NONE', *, *, #3987, .F. ) ;
#3724 = ORIENTED_EDGE ( 'NONE', *, *, #3642, .T. ) ;
#3725 = AXIS2_PLACEMENT_3D ( 'NONE', #1656, #369, #5282 ) ;
#3726 = PLANE ( 'NONE',  #692 ) ;
#3727 = DIRECTION ( 'NONE',  ( 0.000000000000000000, -0.000000000000000000, -1.000000000000000000 ) ) ;
#3728 = DIRECTION ( 'NONE',  ( -1.075995380128699649E-16, 0.7071067811865593411, -0.7071067811865358044 ) ) ;
#3729 = VECTOR ( 'NONE', #4429, 1000.000000000000000 ) ;
#3730 = ORIENTED_EDGE ( 'NONE', *, *, #3124, .F. ) ;
#3731 = VECTOR ( 'NONE', #33, 1000.000000000000000 ) ;
#3732 = DIRECTION ( 'NONE',  ( 0.000000000000000000, -0.7071067811865561215, 0.7071067811865389130 ) ) ;
#3733 = LINE ( 'NONE', #1851, #4717 ) ;
#3734 = ORIENTED_EDGE ( 'NONE', *, *, #4489, .T. ) ;
#3735 = VECTOR ( 'NONE', #2910, 1000.000000000000000 ) ;
#3736 = ORIENTED_EDGE ( 'NONE', *, *, #1217, .F. ) ;
#3737 = LINE ( 'NONE', #1980, #4874 ) ;
#3738 = VECTOR ( 'NONE', #3662, 1000.000000000000114 ) ;
#3739 = LINE ( 'NONE', #4997, #5363 ) ;
#3740 = EDGE_CURVE ( 'NONE', #4264, #4155, #4404, .T. ) ;
#3741 = EDGE_LOOP ( 'NONE', ( #3657, #766, #5700, #2573 ) ) ;
#3742 = VERTEX_POINT ( 'NONE', #1333 ) ;
#3743 = EDGE_CURVE ( 'NONE', #1172, #4822, #3935, .T. ) ;
#3744 = DIRECTION ( 'NONE',  ( 0.000000000000000000, -1.000000000000000000, 0.000000000000000000 ) ) ;
#3745 = EDGE_CURVE ( 'NONE', #2021, #5682, #1735, .T. ) ;
#3746 = DIRECTION ( 'NONE',  ( 0.000000000000000000, 1.000000000000000000, -0.000000000000000000 ) ) ;
#3747 = CARTESIAN_POINT ( 'NONE',  ( -18.99999999999999645, 55.00000000000002842, 1.800000000000000488 ) ) ;
#3748 = VERTEX_POINT ( 'NONE', #3095 ) ;
#3749 = LINE ( 'NONE', #5513, #2798 ) ;
#3750 = CARTESIAN_POINT ( 'NONE',  ( -41.00000000000006395, 36.14999999999990621, 43.00000000000000000 ) ) ;
#3751 = ORIENTED_EDGE ( 'NONE', *, *, #802, .T. ) ;
#3752 = VECTOR ( 'NONE', #705, 1000.000000000000000 ) ;
#3753 = ADVANCED_FACE ( 'NONE', ( #4459 ), #345, .T. ) ;
#3754 = CARTESIAN_POINT ( 'NONE',  ( -105.4999999999999858, 36.14999999999990621, 43.00000000000000000 ) ) ;
#3755 = EDGE_CURVE ( 'NONE', #2368, #144, #2115, .T. ) ;
#3756 = CYLINDRICAL_SURFACE ( 'NONE', #4444, 1.700000000000000178 ) ;
#3757 = DIRECTION ( 'NONE',  ( 1.000000000000000000, 4.336808689942014285E-16, 0.000000000000000000 ) ) ;
#3758 = ORIENTED_EDGE ( 'NONE', *, *, #462, .T. ) ;
#3759 = DIRECTION ( 'NONE',  ( -1.000000000000000000, 0.000000000000000000, 0.000000000000000000 ) ) ;
#3760 = VERTEX_POINT ( 'NONE', #4787 ) ;
#3761 = ADVANCED_FACE ( 'NONE', ( #2144 ), #3500, .T. ) ;
#3762 = CARTESIAN_POINT ( 'NONE',  ( -35.32499999999848939, -35.32499999999946283, 45.00000000000000000 ) ) ;
#3763 = VERTEX_POINT ( 'NONE', #4838 ) ;
#3764 = DIRECTION ( 'NONE',  ( 1.000000000000000000, 0.000000000000000000, 0.000000000000000000 ) ) ;
#3765 = CARTESIAN_POINT ( 'NONE',  ( -8.832904490301390725E-31, 46.30000000000002558, 3.499999999999999556 ) ) ;
#3766 = CALENDAR_DATE ( 2023, 20, 1 ) ;
#3767 = VERTEX_POINT ( 'NONE', #4433 ) ;
#3768 = VECTOR ( 'NONE', #2980, 1000.000000000000000 ) ;
#3769 = DIRECTION ( 'NONE',  ( 1.000000000000000000, 0.000000000000000000, 0.000000000000000000 ) ) ;
#3770 = VECTOR ( 'NONE', #901, 1000.000000000000000 ) ;
#3771 = FACE_OUTER_BOUND ( 'NONE', #5543, .T. ) ;
#3772 = ORIENTED_EDGE ( 'NONE', *, *, #1250, .F. ) ;
#3773 = AXIS2_PLACEMENT_3D ( 'NONE', #2617, #3990, #438 ) ;
#3774 = EDGE_LOOP ( 'NONE', ( #1970, #4103, #4712, #4122 ) ) ;
#3775 = EDGE_CURVE ( 'NONE', #4615, #4566, #432, .T. ) ;
#3776 = CARTESIAN_POINT ( 'NONE',  ( -107.1499999999999915, 2.500000000000022204, 0.5000000000000003331 ) ) ;
#3777 = VERTEX_POINT ( 'NONE', #372 ) ;
#3778 = DIRECTION ( 'NONE',  ( 0.000000000000000000, -0.000000000000000000, -1.000000000000000000 ) ) ;
#3779 = AXIS2_PLACEMENT_3D ( 'NONE', #1843, #4129, #4634 ) ;
#3780 = DIRECTION ( 'NONE',  ( -0.5773502691896217343, -0.5773502691896258421, 0.5773502691896296168 ) ) ;
#3781 = EDGE_LOOP ( 'NONE', ( #4926, #1488, #2294, #2482 ) ) ;
#3782 = CARTESIAN_POINT ( 'NONE',  ( -107.6499999999999773, 2.000000000000019984, 0.5000000000000005551 ) ) ;
#3783 = CARTESIAN_POINT ( 'NONE',  ( -21.85000000000000142, 2.000000000000012879, 6.499999999999985789 ) ) ;
#3784 = ORIENTED_EDGE ( 'NONE', *, *, #5261, .T. ) ;
#3785 = EDGE_CURVE ( 'NONE', #2533, #2507, #5729, .T. ) ;
#3786 = LINE ( 'NONE', #3446, #4384 ) ;
#3787 = VERTEX_POINT ( 'NONE', #2196 ) ;
#3788 = DIRECTION ( 'NONE',  ( 0.000000000000000000, 0.000000000000000000, 1.000000000000000000 ) ) ;
#3789 = DIRECTION ( 'NONE',  ( 1.521687259628775549E-16, -1.000000000000000000, 0.000000000000000000 ) ) ;
#3790 = CARTESIAN_POINT ( 'NONE',  ( -112.8500000000000085, 2.000000000000020872, 7.000000000000000000 ) ) ;
#3791 = CARTESIAN_POINT ( 'NONE',  ( -113.3499999999999943, 2.500000000000007550, 0.000000000000000000 ) ) ;
#3792 = VERTEX_POINT ( 'NONE', #2665 ) ;
#3793 = CARTESIAN_POINT ( 'NONE',  ( -24.85000000000000142, 1.999999999999999556, 7.000000000000000000 ) ) ;
#3794 = EDGE_CURVE ( 'NONE', #2624, #2507, #5285, .T. ) ;
#3795 = VERTEX_POINT ( 'NONE', #834 ) ;
#3796 = CARTESIAN_POINT ( 'NONE',  ( -53.00000000000015632, 43.99999999999990052, 40.00000000000000000 ) ) ;
#3797 = CARTESIAN_POINT ( 'NONE',  ( -112.3500000000000085, 2.000000000000020872, 0.5000000000000005551 ) ) ;
#3798 = CARTESIAN_POINT ( 'NONE',  ( -53.00000000000015632, 43.99999999999990052, 46.00000000000000000 ) ) ;
#3799 = ORIENTED_EDGE ( 'NONE', *, *, #860, .F. ) ;
#3800 = EDGE_CURVE ( 'NONE', #880, #4884, #1, .T. ) ;
#3801 = DIRECTION ( 'NONE',  ( 1.000000000000000000, 0.000000000000000000, 0.000000000000000000 ) ) ;
#3802 = VERTEX_POINT ( 'NONE', #458 ) ;
#3803 = DIRECTION ( 'NONE',  ( 0.000000000000000000, -1.000000000000000000, 0.000000000000000000 ) ) ;
#3804 = AXIS2_PLACEMENT_3D ( 'NONE', #1119, #1149, #3410 ) ;
#3805 = EDGE_LOOP ( 'NONE', ( #2743, #2329, #3202, #4530 ) ) ;
#3806 = LINE ( 'NONE', #355, #3189 ) ;
#3807 = FACE_OUTER_BOUND ( 'NONE', #3411, .T. ) ;
#3808 = VERTEX_POINT ( 'NONE', #26 ) ;
#3809 = LINE ( 'NONE', #4629, #3735 ) ;
#3810 = EDGE_LOOP ( 'NONE', ( #2245, #1335 ) ) ;
#3811 = ORIENTED_EDGE ( 'NONE', *, *, #3652, .F. ) ;
#3812 = ORIENTED_EDGE ( 'NONE', *, *, #3911, .T. ) ;
#3813 = CARTESIAN_POINT ( 'NONE',  ( -110.9999999999999716, 6.000000000000025757, 2.125227291513229755 ) ) ;
#3814 = FACE_OUTER_BOUND ( 'NONE', #4974, .T. ) ;
#3815 = DIRECTION ( 'NONE',  ( 0.000000000000000000, 0.000000000000000000, 1.000000000000000000 ) ) ;
#3816 = EDGE_CURVE ( 'NONE', #587, #3748, #4613, .T. ) ;
#3817 = DIRECTION ( 'NONE',  ( -0.5773502691896243988, -0.5773502691896205130, 0.5773502691896325034 ) ) ;
#3818 = CARTESIAN_POINT ( 'NONE',  ( -112.9999999999999716, 35.64999999999992042, 48.00000000000000000 ) ) ;
#3819 = DIRECTION ( 'NONE',  ( 1.000000000000000000, 0.000000000000000000, -0.000000000000000000 ) ) ;
#3820 = CARTESIAN_POINT ( 'NONE',  ( -53.00000000000007816, 41.84999999999990195, 45.00000000000000000 ) ) ;
#3821 = CARTESIAN_POINT ( 'NONE',  ( -21.85000000000000142, 53.00000000000000711, 7.000000000000000000 ) ) ;
#3822 = DIRECTION ( 'NONE',  ( 0.000000000000000000, -0.000000000000000000, 1.000000000000000000 ) ) ;
#3823 = EDGE_CURVE ( 'NONE', #1621, #3194, #1470, .T. ) ;
#3824 = CARTESIAN_POINT ( 'NONE',  ( 0.000000000000000000, 0.000000000000000000, 0.5000000000000004441 ) ) ;
#3825 = ORIENTED_EDGE ( 'NONE', *, *, #1315, .T. ) ;
#3826 = VECTOR ( 'NONE', #2136, 1000.000000000000000 ) ;
#3827 = AXIS2_PLACEMENT_3D ( 'NONE', #5514, #2397, #2875 ) ;
#3828 = DIRECTION ( 'NONE',  ( -1.521687259628775549E-16, 1.000000000000000000, 0.000000000000000000 ) ) ;
#3829 = EDGE_LOOP ( 'NONE', ( #5260, #4994, #1202, #4043 ) ) ;
#3830 = DIRECTION ( 'NONE',  ( 1.000000000000000000, 0.000000000000000000, -0.000000000000000000 ) ) ;
#3831 = EDGE_CURVE ( 'NONE', #5088, #1444, #3268, .T. ) ;
#3832 = AXIS2_PLACEMENT_3D ( 'NONE', #535, #2782, #130 ) ;
#3833 = VERTEX_POINT ( 'NONE', #2723 ) ;
#3834 = LINE ( 'NONE', #5183, #288 ) ;
#3835 = AXIS2_PLACEMENT_3D ( 'NONE', #390, #2596, #4883 ) ;
#3836 = AXIS2_PLACEMENT_3D ( 'NONE', #5360, #3474, #4447 ) ;
#3837 = FACE_OUTER_BOUND ( 'NONE', #3918, .T. ) ;
#3838 = CARTESIAN_POINT ( 'NONE',  ( -120.0000000000000000, 54.00000000000000711, 6.500000000000013323 ) ) ;
#3839 = ORIENTED_EDGE ( 'NONE', *, *, #4956, .T. ) ;
#3840 = CARTESIAN_POINT ( 'NONE',  ( -70.66666666666628771, 20.33333333333370163, 24.16666666666685259 ) ) ;
#3841 = AXIS2_PLACEMENT_3D ( 'NONE', #1461, #994, #2779 ) ;
#3842 = VERTEX_POINT ( 'NONE', #1441 ) ;
#3843 = ORIENTED_EDGE ( 'NONE', *, *, #2845, .F. ) ;
#3844 = EDGE_CURVE ( 'NONE', #4796, #2238, #5461, .T. ) ;
#3845 = DIRECTION ( 'NONE',  ( -0.000000000000000000, 1.000000000000000000, 0.000000000000000000 ) ) ;
#3846 = CARTESIAN_POINT ( 'NONE',  ( -117.0000000000000000, 36.14999999999990621, 43.00000000000000000 ) ) ;
#3847 = FACE_OUTER_BOUND ( 'NONE', #4583, .T. ) ;
#3848 = DIRECTION ( 'NONE',  ( 0.000000000000000000, -1.000000000000000000, 0.000000000000000000 ) ) ;
#3849 = VECTOR ( 'NONE', #386, 1000.000000000000000 ) ;
#3850 = CARTESIAN_POINT ( 'NONE',  ( -16.81666666666665932, 51.66666666666666430, 5.833333333333325044 ) ) ;
#3851 = DIRECTION ( 'NONE',  ( 1.000000000000000000, 0.000000000000000000, 0.000000000000000000 ) ) ;
#3852 = AXIS2_PLACEMENT_3D ( 'NONE', #2320, #1452, #1013 ) ;
#3853 = CARTESIAN_POINT ( 'NONE',  ( -6.000000000000023981, 49.00000000000001421, 6.500000000000013323 ) ) ;
#3854 = CARTESIAN_POINT ( 'NONE',  ( -24.50000000000063949, 24.50000000000002487, 48.00000000000000000 ) ) ;
#3855 = ORIENTED_EDGE ( 'NONE', *, *, #1250, .T. ) ;
#3856 = EDGE_LOOP ( 'NONE', ( #5635, #1418 ) ) ;
#3857 = EDGE_CURVE ( 'NONE', #4561, #4055, #1842, .T. ) ;
#3858 = DIRECTION ( 'NONE',  ( -1.521687259628775549E-16, 1.000000000000000000, 0.000000000000000000 ) ) ;
#3859 = ORIENTED_EDGE ( 'NONE', *, *, #2630, .F. ) ;
#3860 = DIRECTION ( 'NONE',  ( 1.000000000000000000, 0.000000000000000000, 0.000000000000000000 ) ) ;
#3861 = EDGE_CURVE ( 'NONE', #5128, #4248, #4093, .T. ) ;
#3862 = ORIENTED_EDGE ( 'NONE', *, *, #4735, .T. ) ;
#3863 = EDGE_CURVE ( 'NONE', #3976, #4177, #603, .T. ) ;
#3864 = VECTOR ( 'NONE', #954, 1000.000000000000000 ) ;
#3865 = EDGE_LOOP ( 'NONE', ( #710, #2656 ) ) ;
#3866 = CARTESIAN_POINT ( 'NONE',  ( -6.000000000000000000, 49.70000000000003126, 3.499999999999999556 ) ) ;
#3867 = CARTESIAN_POINT ( 'NONE',  ( -108.9999999999999858, 38.99999999999990052, 40.00000000000000000 ) ) ;
#3868 = ORIENTED_EDGE ( 'NONE', *, *, #3187, .T. ) ;
#3869 = VECTOR ( 'NONE', #3788, 1000.000000000000000 ) ;
#3870 = DIRECTION ( 'NONE',  ( 0.000000000000000000, 0.000000000000000000, 1.000000000000000000 ) ) ;
#3871 = ORIENTED_EDGE ( 'NONE', *, *, #4554, .T. ) ;
#3872 = ADVANCED_FACE ( 'NONE', ( #4543 ), #2370, .T. ) ;
#3873 = ORIENTED_EDGE ( 'NONE', *, *, #653, .F. ) ;
#3874 = CIRCLE ( 'NONE', #1536, 1.699999999999999956 ) ;
#3875 = VERTEX_POINT ( 'NONE', #107 ) ;
#3876 = CARTESIAN_POINT ( 'NONE',  ( -16.14999999999999147, 4.000000000000015987, 0.5000000000000281997 ) ) ;
#3877 = CARTESIAN_POINT ( 'NONE',  ( -110.9999999999999716, 43.99999999999990052, 34.00000000000003553 ) ) ;
#3878 = CARTESIAN_POINT ( 'NONE',  ( -21.85000000000000142, 4.000000000000015099, 7.000000000000000000 ) ) ;
#3879 = VECTOR ( 'NONE', #1764, 1000.000000000000000 ) ;
#3880 = FACE_OUTER_BOUND ( 'NONE', #81, .T. ) ;
#3881 = LINE ( 'NONE', #4730, #2728 ) ;
#3882 = CARTESIAN_POINT ( 'NONE',  ( -119.0000000000000000, 5.500000000000025757, 7.000000000000000000 ) ) ;
#3883 = ORIENTED_EDGE ( 'NONE', *, *, #1078, .T. ) ;
#3884 = EDGE_CURVE ( 'NONE', #144, #2928, #165, .T. ) ;
#3885 = PLANE ( 'NONE',  #3205 ) ;
#3886 = EDGE_LOOP ( 'NONE', ( #489, #5301, #936, #1299 ) ) ;
#3887 = CARTESIAN_POINT ( 'NONE',  ( -47.00000000000016342, 43.99999999999990052, 46.00000000000000000 ) ) ;
#3888 = ADVANCED_FACE ( 'NONE', ( #1930 ), #3726, .T. ) ;
#3889 = EDGE_LOOP ( 'NONE', ( #5516, #3045, #2270, #1183 ) ) ;
#3890 = DIRECTION ( 'NONE',  ( 1.000000000000000000, 1.907754749525137334E-32, -0.000000000000000000 ) ) ;
#3891 = DIRECTION ( 'NONE',  ( -0.5773502691896138517, 0.5773502691896256200, -0.5773502691896379435 ) ) ;
#3892 = EDGE_CURVE ( 'NONE', #305, #123, #2692, .T. ) ;
#3893 = ORIENTED_EDGE ( 'NONE', *, *, #3124, .T. ) ;
#3894 = CARTESIAN_POINT ( 'NONE',  ( -18.99999999999999645, 53.00000000000000711, 3.500000000000000000 ) ) ;
#3895 = EDGE_LOOP ( 'NONE', ( #417, #5777, #3435, #2187 ) ) ;
#3896 = ORIENTED_EDGE ( 'NONE', *, *, #2575, .T. ) ;
#3897 = DIRECTION ( 'NONE',  ( 1.000000000000000000, 0.000000000000000000, -0.000000000000000000 ) ) ;
#3898 = PLANE ( 'NONE',  #1194 ) ;
#3899 = EDGE_CURVE ( 'NONE', #3469, #3767, #919, .T. ) ;
#3900 = FACE_OUTER_BOUND ( 'NONE', #2299, .T. ) ;
#3901 = PLANE ( 'NONE',  #5310 ) ;
#3902 = DIRECTION ( 'NONE',  ( 1.075995380128685474E-16, -0.7071067811865500152, -0.7071067811865451302 ) ) ;
#3903 = APPROVAL_PERSON_ORGANIZATION ( #497, #4777, #3188 ) ;
#3904 = CARTESIAN_POINT ( 'NONE',  ( -105.5000000000000000, 41.84999999999990195, 43.00000000000000000 ) ) ;
#3905 = CARTESIAN_POINT ( 'NONE',  ( -119.0000000000000000, 4.500000000000010658, 0.000000000000000000 ) ) ;
#3906 = FACE_OUTER_BOUND ( 'NONE', #3430, .T. ) ;
#3907 = DIRECTION ( 'NONE',  ( 0.000000000000000000, -0.7071067811865554553, 0.7071067811865395791 ) ) ;
#3908 = ORIENTED_EDGE ( 'NONE', *, *, #3434, .T. ) ;
#3909 = DIRECTION ( 'NONE',  ( -0.5773502691896343908, 0.5773502691896285066, -0.5773502691896144068 ) ) ;
#3910 = ORIENTED_EDGE ( 'NONE', *, *, #2742, .F. ) ;
#3911 = EDGE_CURVE ( 'NONE', #84, #5535, #4486, .T. ) ;
#3912 = DIRECTION ( 'NONE',  ( 0.000000000000000000, 0.000000000000000000, -1.000000000000000000 ) ) ;
#3913 = VECTOR ( 'NONE', #2007, 1000.000000000000000 ) ;
#3914 = DIRECTION ( 'NONE',  ( 0.000000000000000000, 1.000000000000000000, 0.000000000000000000 ) ) ;
#3915 = DIRECTION ( 'NONE',  ( 0.7071067811865573427, -0.000000000000000000, -0.7071067811865378028 ) ) ;
#3916 = ORIENTED_EDGE ( 'NONE', *, *, #1614, .T. ) ;
#3917 = PLANE ( 'NONE',  #1959 ) ;
#3918 = EDGE_LOOP ( 'NONE', ( #4141, #4327, #5359, #5221 ) ) ;
#3919 = CIRCLE ( 'NONE', #5518, 1.700000000000000178 ) ;
#3920 = EDGE_CURVE ( 'NONE', #2445, #1168, #1377, .T. ) ;
#3921 = AXIS2_PLACEMENT_3D ( 'NONE', #4756, #745, #2140 ) ;
#3922 = ORIENTED_EDGE ( 'NONE', *, *, #2845, .T. ) ;
#3923 = DIRECTION ( 'NONE',  ( 0.000000000000000000, 0.000000000000000000, 1.000000000000000000 ) ) ;
#3924 = EDGE_LOOP ( 'NONE', ( #1322, #1502, #5496, #4721 ) ) ;
#3925 = EDGE_CURVE ( 'NONE', #672, #1004, #4953, .T. ) ;
#3926 = VECTOR ( 'NONE', #1698, 1000.000000000000000 ) ;
#3927 = CARTESIAN_POINT ( 'NONE',  ( -46.50000000000009948, 44.49999999999988631, 0.000000000000000000 ) ) ;
#3928 = AXIS2_PLACEMENT_3D ( 'NONE', #2113, #3902, #3481 ) ;
#3929 = FACE_OUTER_BOUND ( 'NONE', #1652, .T. ) ;
#3930 = LINE ( 'NONE', #5725, #3457 ) ;
#3931 = DIRECTION ( 'NONE',  ( 0.000000000000000000, 0.000000000000000000, -1.000000000000000000 ) ) ;
#3932 = VECTOR ( 'NONE', #2213, 1000.000000000000000 ) ;
#3933 = ORIENTED_EDGE ( 'NONE', *, *, #3861, .T. ) ;
#3934 = EDGE_CURVE ( 'NONE', #698, #5067, #3699, .T. ) ;
#3935 = LINE ( 'NONE', #3984, #1341 ) ;
#3936 = LINE ( 'NONE', #3961, #329 ) ;
#3937 = AXIS2_PLACEMENT_3D ( 'NONE', #1211, #5631, #2568 ) ;
#3938 = ORIENTED_EDGE ( 'NONE', *, *, #2686, .F. ) ;
#3939 = EDGE_CURVE ( 'NONE', #1030, #4339, #3614, .T. ) ;
#3940 = VECTOR ( 'NONE', #2385, 1000.000000000000000 ) ;
#3941 = CARTESIAN_POINT ( 'NONE',  ( -22.35000000000000853, 50.49999999999998579, 7.000000000000000000 ) ) ;
#3942 = ORIENTED_EDGE ( 'NONE', *, *, #3911, .F. ) ;
#3943 = CARTESIAN_POINT ( 'NONE',  ( -50.70000000000007390, 38.99999999999990052, 40.00000000000000000 ) ) ;
#3944 = ORIENTED_EDGE ( 'NONE', *, *, #368, .T. ) ;
#3945 = LINE ( 'NONE', #930, #4587 ) ;
#3946 = DIRECTION ( 'NONE',  ( 0.000000000000000000, -0.7071067811865573427, 0.7071067811865378028 ) ) ;
#3947 = LINE ( 'NONE', #3080, #2874 ) ;
#3948 = ORIENTED_EDGE ( 'NONE', *, *, #1117, .F. ) ;
#3949 = VERTEX_POINT ( 'NONE', #512 ) ;
#3950 = CARTESIAN_POINT ( 'NONE',  ( -112.9999999999999716, 6.500000000000027534, 6.500000000000012434 ) ) ;
#3951 = ORIENTED_EDGE ( 'NONE', *, *, #4823, .T. ) ;
#3952 = VECTOR ( 'NONE', #1033, 1000.000000000000000 ) ;
#3953 = DIRECTION ( 'NONE',  ( 0.000000000000000000, 1.000000000000000000, 0.000000000000000000 ) ) ;
#3954 = CARTESIAN_POINT ( 'NONE',  ( -119.0000000000000000, 0.4999999999999865663, 0.000000000000000000 ) ) ;
#3955 = FACE_BOUND ( 'NONE', #2959, .T. ) ;
#3956 = EDGE_CURVE ( 'NONE', #1570, #84, #948, .T. ) ;
#3957 = DIRECTION ( 'NONE',  ( -0.000000000000000000, -1.000000000000000000, -0.000000000000000000 ) ) ;
#3958 = VECTOR ( 'NONE', #2323, 1000.000000000000000 ) ;
#3959 = DIRECTION ( 'NONE',  ( -0.5773502691896210681, -0.5773502691896190697, -0.5773502691896371664 ) ) ;
#3960 = DIRECTION ( 'NONE',  ( 1.000000000000000000, 0.000000000000000000, 0.000000000000000000 ) ) ;
#3961 = CARTESIAN_POINT ( 'NONE',  ( -112.8500000000000085, 2.000000000000020872, 0.5000000000000005551 ) ) ;
#3962 = VECTOR ( 'NONE', #4073, 1000.000000000000000 ) ;
#3963 = ORIENTED_EDGE ( 'NONE', *, *, #1741, .T. ) ;
#3964 = EDGE_CURVE ( 'NONE', #2503, #1430, #4066, .T. ) ;
#3965 = DIRECTION ( 'NONE',  ( 0.000000000000000000, -0.7071067811865378028, 0.7071067811865573427 ) ) ;
#3966 = ORIENTED_EDGE ( 'NONE', *, *, #4242, .T. ) ;
#3967 = DIRECTION ( 'NONE',  ( 0.000000000000000000, 0.7071067811865554553, -0.7071067811865394681 ) ) ;
#3968 = EDGE_CURVE ( 'NONE', #3833, #1523, #1565, .T. ) ;
#3969 = ORIENTED_EDGE ( 'NONE', *, *, #1734, .T. ) ;
#3970 = LINE ( 'NONE', #1746, #3940 ) ;
#3971 = CARTESIAN_POINT ( 'NONE',  ( -112.8500000000000085, 2.500000000000007550, 7.000000000000000000 ) ) ;
#3972 = DIRECTION ( 'NONE',  ( 1.266221515311539036E-16, 1.000000000000000000, -0.000000000000000000 ) ) ;
#3973 = ORIENTED_EDGE ( 'NONE', *, *, #4562, .T. ) ;
#3974 = LINE ( 'NONE', #1294, #1773 ) ;
#3975 = ORIENTED_EDGE ( 'NONE', *, *, #2076, .T. ) ;
#3976 = VERTEX_POINT ( 'NONE', #5103 ) ;
#3977 = VERTEX_POINT ( 'NONE', #3813 ) ;
#3978 = FACE_OUTER_BOUND ( 'NONE', #526, .T. ) ;
#3979 = DIRECTION ( 'NONE',  ( -0.000000000000000000, 1.000000000000000000, 0.000000000000000000 ) ) ;
#3980 = DIRECTION ( 'NONE',  ( 0.5773502691896195138, 0.5773502691896224004, 0.5773502691896353900 ) ) ;
#3981 = DIRECTION ( 'NONE',  ( -0.7071067811865573427, 0.7071067811865376918, -0.000000000000000000 ) ) ;
#3982 = ORIENTED_EDGE ( 'NONE', *, *, #1819, .F. ) ;
#3983 = ADVANCED_FACE ( 'NONE', ( #3333 ), #2463, .T. ) ;
#3984 = CARTESIAN_POINT ( 'NONE',  ( -8.283333333333402493, 46.71666666666665435, 4.216666666666713859 ) ) ;
#3985 = CARTESIAN_POINT ( 'NONE',  ( -113.4999999999999574, 6.000000000000023981, 6.500000000000013323 ) ) ;
#3986 = VERTEX_POINT ( 'NONE', #3364 ) ;
#3987 = EDGE_CURVE ( 'NONE', #1052, #1928, #4425, .T. ) ;
#3988 = CARTESIAN_POINT ( 'NONE',  ( -119.0000000000000000, 44.49999999999988631, 0.000000000000000000 ) ) ;
#3989 = ORIENTED_EDGE ( 'NONE', *, *, #2531, .T. ) ;
#3990 = DIRECTION ( 'NONE',  ( 0.000000000000000000, 0.000000000000000000, -1.000000000000000000 ) ) ;
#3991 = AXIS2_PLACEMENT_3D ( 'NONE', #5016, #4132, #139 ) ;
#3992 = EDGE_CURVE ( 'NONE', #548, #4832, #2569, .T. ) ;
#3993 = LINE ( 'NONE', #5769, #5726 ) ;
#3994 = DIRECTION ( 'NONE',  ( 1.000000000000000000, 0.000000000000000000, 0.000000000000000000 ) ) ;
#3995 = FACE_BOUND ( 'NONE', #2248, .T. ) ;
#3996 = LINE ( 'NONE', #1889, #2147 ) ;
#3997 = ORIENTED_EDGE ( 'NONE', *, *, #1420, .T. ) ;
#3998 = ORIENTED_EDGE ( 'NONE', *, *, #2499, .T. ) ;
#3999 = VECTOR ( 'NONE', #4229, 1000.000000000000000 ) ;
#4000 = ORIENTED_EDGE ( 'NONE', *, *, #4743, .F. ) ;
#4001 = LINE ( 'NONE', #4058, #1961 ) ;
#4002 = LINE ( 'NONE', #3032, #1736 ) ;
#4003 = VECTOR ( 'NONE', #4748, 1000.000000000000000 ) ;
#4004 = DIRECTION ( 'NONE',  ( 0.000000000000000000, 1.000000000000000000, 0.000000000000000000 ) ) ;
#4005 = VECTOR ( 'NONE', #5166, 1000.000000000000000 ) ;
#4006 = CARTESIAN_POINT ( 'NONE',  ( -104.1499999999999915, 6.000000000000023981, 7.000000000000000000 ) ) ;
#4007 = LINE ( 'NONE', #1708, #382 ) ;
#4008 = ORIENTED_EDGE ( 'NONE', *, *, #808, .F. ) ;
#4009 = EDGE_LOOP ( 'NONE', ( #304, #4110, #4424, #365 ) ) ;
#4010 = CIRCLE ( 'NONE', #3841, 1.700000000000000178 ) ;
#4011 = LINE ( 'NONE', #405, #4235 ) ;
#4012 = DIRECTION ( 'NONE',  ( -0.000000000000000000, 1.000000000000000000, 0.000000000000000000 ) ) ;
#4013 = ORIENTED_EDGE ( 'NONE', *, *, #5114, .T. ) ;
#4014 = EDGE_CURVE ( 'NONE', #2752, #5102, #2401, .T. ) ;
#4015 = LINE ( 'NONE', #3593, #3671 ) ;
#4016 = VERTEX_POINT ( 'NONE', #5242 ) ;
#4017 = VECTOR ( 'NONE', #156, 1000.000000000000000 ) ;
#4018 = DIRECTION ( 'NONE',  ( -1.907754749525137334E-32, 1.000000000000000000, 0.000000000000000000 ) ) ;
#4019 = EDGE_CURVE ( 'NONE', #4217, #2082, #1996, .T. ) ;
#4020 = EDGE_CURVE ( 'NONE', #2048, #5056, #4694, .T. ) ;
#4021 = VERTEX_POINT ( 'NONE', #196 ) ;
#4022 = CARTESIAN_POINT ( 'NONE',  ( -6.000000000000000000, 49.00000000000001421, 2.125227291513238193 ) ) ;
#4023 = CARTESIAN_POINT ( 'NONE',  ( -110.4999999999999716, 2.000000000000021316, 47.50000000000001421 ) ) ;
#4024 = PERSON_AND_ORGANIZATION ( #1005, #4547 ) ;
#4025 = ORIENTED_EDGE ( 'NONE', *, *, #3542, .T. ) ;
#4026 = ADVANCED_FACE ( 'NONE', ( #2852 ), #5607, .F. ) ;
#4027 = VERTEX_POINT ( 'NONE', #3754 ) ;
#4028 = VECTOR ( 'NONE', #2587, 1000.000000000000000 ) ;
#4029 = ORIENTED_EDGE ( 'NONE', *, *, #3283, .T. ) ;
#4030 = DIRECTION ( 'NONE',  ( -1.000000000000000000, 0.000000000000000000, 0.000000000000000000 ) ) ;
#4031 = DIRECTION ( 'NONE',  ( -0.5773502691896257311, -0.5773502691896177375, 0.5773502691896338357 ) ) ;
#4032 = VECTOR ( 'NONE', #2922, 1000.000000000000114 ) ;
#4033 = CARTESIAN_POINT ( 'NONE',  ( -18.99999999999999645, 6.000000000000025757, 3.500000000000000000 ) ) ;
#4034 = PLANE ( 'NONE',  #2988 ) ;
#4035 = ADVANCED_FACE ( 'NONE', ( #5580 ), #2123, .T. ) ;
#4036 = ORIENTED_EDGE ( 'NONE', *, *, #3048, .F. ) ;
#4037 = VECTOR ( 'NONE', #5381, 1000.000000000000000 ) ;
#4038 = CARTESIAN_POINT ( 'NONE',  ( -104.9999999999999858, 31.99999999999990408, 40.00000000000000000 ) ) ;
#4039 = DIRECTION ( 'NONE',  ( 1.000000000000000000, 0.000000000000000000, -0.000000000000000000 ) ) ;
#4040 = VERTEX_POINT ( 'NONE', #816 ) ;
#4041 = AXIS2_PLACEMENT_3D ( 'NONE', #1263, #3046, #1206 ) ;
#4042 = DIRECTION ( 'NONE',  ( 1.000000000000000000, 0.000000000000000000, 0.000000000000000000 ) ) ;
#4043 = ORIENTED_EDGE ( 'NONE', *, *, #4286, .F. ) ;
#4044 = AXIS2_PLACEMENT_3D ( 'NONE', #1256, #4373, #2145 ) ;
#4045 = DIRECTION ( 'NONE',  ( 0.000000000000000000, -0.000000000000000000, -1.000000000000000000 ) ) ;
#4046 = EDGE_CURVE ( 'NONE', #1090, #4959, #1239, .T. ) ;
#4047 = DIRECTION ( 'NONE',  ( -0.7071067811865475727, 0.000000000000000000, 0.7071067811865475727 ) ) ;
#4048 = ORIENTED_EDGE ( 'NONE', *, *, #5733, .F. ) ;
#4049 = DIRECTION ( 'NONE',  ( -0.7071067811865386910, -0.7071067811865564545, 0.000000000000000000 ) ) ;
#4050 = DIRECTION ( 'NONE',  ( 0.7071067811865517916, 0.000000000000000000, -0.7071067811865432429 ) ) ;
#4051 = EDGE_CURVE ( 'NONE', #1576, #4549, #3021, .T. ) ;
#4052 = PERSON_AND_ORGANIZATION ( #1005, #4547 ) ;
#4053 = VERTEX_POINT ( 'NONE', #4358 ) ;
#4054 = ORIENTED_EDGE ( 'NONE', *, *, #338, .T. ) ;
#4055 = VERTEX_POINT ( 'NONE', #356 ) ;
#4056 = VERTEX_POINT ( 'NONE', #5073 ) ;
#4057 = EDGE_CURVE ( 'NONE', #5773, #5268, #4633, .T. ) ;
#4058 = CARTESIAN_POINT ( 'NONE',  ( -110.9999999999999716, 6.000000000000023981, 0.5000000000000004441 ) ) ;
#4059 = DIRECTION ( 'NONE',  ( 1.000000000000000000, 0.000000000000000000, 0.000000000000000000 ) ) ;
#4060 = ORIENTED_EDGE ( 'NONE', *, *, #831, .T. ) ;
#4061 = DIRECTION ( 'NONE',  ( -0.000000000000000000, -1.000000000000000000, -0.000000000000000000 ) ) ;
#4062 = FACE_OUTER_BOUND ( 'NONE', #3559, .T. ) ;
#4063 = ORIENTED_EDGE ( 'NONE', *, *, #1801, .T. ) ;
#4064 = AXIS2_PLACEMENT_3D ( 'NONE', #5163, #315, #1158 ) ;
#4065 = ADVANCED_FACE ( 'NONE', ( #634, #5711 ), #4192, .F. ) ;
#4066 = LINE ( 'NONE', #78, #1058 ) ;
#4067 = VECTOR ( 'NONE', #308, 999.9999999999998863 ) ;
#4068 = CARTESIAN_POINT ( 'NONE',  ( -45.00000000000007816, 42.34999999999987352, 48.00000000000000000 ) ) ;
#4069 = DIRECTION ( 'NONE',  ( 4.336808689942014285E-16, -1.000000000000000000, 0.000000000000000000 ) ) ;
#4070 = VERTEX_POINT ( 'NONE', #1506 ) ;
#4071 = LINE ( 'NONE', #5495, #5643 ) ;
#4072 = ORIENTED_EDGE ( 'NONE', *, *, #5196, .T. ) ;
#4073 = DIRECTION ( 'NONE',  ( 0.000000000000000000, 1.000000000000000000, 0.000000000000000000 ) ) ;
#4074 = VERTEX_POINT ( 'NONE', #1966 ) ;
#4075 = CARTESIAN_POINT ( 'NONE',  ( -110.9999999999999716, 43.99999999999990052, 46.00000000000000000 ) ) ;
#4076 = LINE ( 'NONE', #4556, #3958 ) ;
#4077 = CARTESIAN_POINT ( 'NONE',  ( -104.1499999999999915, 6.000000000000023981, 0.5000000000000003331 ) ) ;
#4078 = ORIENTED_EDGE ( 'NONE', *, *, #2225, .T. ) ;
#4079 = ORIENTED_EDGE ( 'NONE', *, *, #4554, .F. ) ;
#4080 = EDGE_CURVE ( 'NONE', #4615, #3000, #3316, .T. ) ;
#4081 = VERTEX_POINT ( 'NONE', #3163 ) ;
#4082 = DIRECTION ( 'NONE',  ( -0.000000000000000000, 1.000000000000000000, -0.000000000000000000 ) ) ;
#4083 = CARTESIAN_POINT ( 'NONE',  ( -18.99999999999999645, 55.00000000000002842, 3.500000000000000000 ) ) ;
#4084 = CARTESIAN_POINT ( 'NONE',  ( -53.00000000000007816, 41.84999999999990195, 45.00000000000000000 ) ) ;
#4085 = ORIENTED_EDGE ( 'NONE', *, *, #4165, .F. ) ;
#4086 = EDGE_CURVE ( 'NONE', #1928, #1052, #5556, .T. ) ;
#4087 = LINE ( 'NONE', #1899, #5238 ) ;
#4088 = DIRECTION ( 'NONE',  ( -0.5773502691896205130, 0.5773502691896205130, -0.5773502691896363892 ) ) ;
#4089 = VECTOR ( 'NONE', #1940, 1000.000000000000000 ) ;
#4090 = CARTESIAN_POINT ( 'NONE',  ( -24.34999999999999787, 5.500000000000025757, 7.000000000000000000 ) ) ;
#4091 = ORIENTED_EDGE ( 'NONE', *, *, #4333, .T. ) ;
#4092 = EDGE_CURVE ( 'NONE', #857, #736, #4527, .T. ) ;
#4093 = LINE ( 'NONE', #2819, #4890 ) ;
#4094 = VECTOR ( 'NONE', #5544, 1000.000000000000000 ) ;
#4095 = FACE_OUTER_BOUND ( 'NONE', #3288, .T. ) ;
#4096 = DIRECTION ( 'NONE',  ( 0.000000000000000000, 1.000000000000000000, 0.000000000000000000 ) ) ;
#4097 = ORIENTED_EDGE ( 'NONE', *, *, #2369, .F. ) ;
#4098 = ADVANCED_FACE ( 'NONE', ( #522 ), #2241, .T. ) ;
#4099 = ADVANCED_FACE ( 'NONE', ( #2622 ), #1319, .T. ) ;
#4100 = AXIS2_PLACEMENT_3D ( 'NONE', #3190, #4967, #2801 ) ;
#4101 = VECTOR ( 'NONE', #1298, 1000.000000000000000 ) ;
#4102 = DIRECTION ( 'NONE',  ( 1.000000000000000000, 0.000000000000000000, 0.000000000000000000 ) ) ;
#4103 = ORIENTED_EDGE ( 'NONE', *, *, #1494, .F. ) ;
#4104 = CARTESIAN_POINT ( 'NONE',  ( -2.000000000000021760, 48.00000000000002842, 3.499999999999999556 ) ) ;
#4105 = DIRECTION ( 'NONE',  ( -0.000000000000000000, -1.000000000000000000, -0.000000000000000000 ) ) ;
#4106 = AXIS2_PLACEMENT_3D ( 'NONE', #2307, #3640, #951 ) ;
#4107 = AXIS2_PLACEMENT_3D ( 'NONE', #187, #4119, #3746 ) ;
#4108 = ORIENTED_EDGE ( 'NONE', *, *, #4602, .F. ) ;
#4109 = EDGE_CURVE ( 'NONE', #3194, #152, #1830, .T. ) ;
#4110 = ORIENTED_EDGE ( 'NONE', *, *, #1456, .T. ) ;
#4111 = DIRECTION ( 'NONE',  ( 1.000000000000000000, 1.521687259628775549E-16, 0.000000000000000000 ) ) ;
#4112 = LINE ( 'NONE', #5024, #3318 ) ;
#4113 = DIRECTION ( 'NONE',  ( 0.000000000000000000, 0.000000000000000000, -1.000000000000000000 ) ) ;
#4114 = ORIENTED_EDGE ( 'NONE', *, *, #640, .F. ) ;
#4115 = ORIENTED_EDGE ( 'NONE', *, *, #3253, .T. ) ;
#4116 = CARTESIAN_POINT ( 'NONE',  ( -112.8500000000000085, 4.000000000000022204, 7.000000000000000000 ) ) ;
#4117 = LINE ( 'NONE', #3259, #5628 ) ;
#4118 = VECTOR ( 'NONE', #1365, 1000.000000000000000 ) ;
#4119 = DIRECTION ( 'NONE',  ( 0.7071067811865352493, -0.000000000000000000, -0.7071067811865597852 ) ) ;
#4120 = PLANE ( 'NONE',  #1740 ) ;
#4121 = ADVANCED_FACE ( 'NONE', ( #473 ), #1780, .T. ) ;
#4122 = ORIENTED_EDGE ( 'NONE', *, *, #676, .F. ) ;
#4123 = CARTESIAN_POINT ( 'NONE',  ( -104.9999999999999858, 43.99999999999990052, 40.00000000000000000 ) ) ;
#4124 = DIRECTION ( 'NONE',  ( 0.000000000000000000, 0.000000000000000000, 1.000000000000000000 ) ) ;
#4125 = VERTEX_POINT ( 'NONE', #3600 ) ;
#4126 = DIRECTION ( 'NONE',  ( 0.000000000000000000, 0.000000000000000000, -1.000000000000000000 ) ) ;
#4127 = VECTOR ( 'NONE', #4463, 1000.000000000000000 ) ;
#4128 = CARTESIAN_POINT ( 'NONE',  ( -26.18333333333337265, 51.66666666666667140, 5.166666666666687391 ) ) ;
#4129 = DIRECTION ( 'NONE',  ( 0.000000000000000000, 0.7071067811865378028, 0.7071067811865573427 ) ) ;
#4130 = EDGE_CURVE ( 'NONE', #3355, #4822, #3137, .T. ) ;
#4131 = CARTESIAN_POINT ( 'NONE',  ( -47.00000000000008527, 43.99999999999990052, 48.00000000000000000 ) ) ;
#4132 = DIRECTION ( 'NONE',  ( 0.000000000000000000, -0.7071067811865555663, 0.7071067811865395791 ) ) ;
#4133 = AXIS2_PLACEMENT_3D ( 'NONE', #4958, #2284, #2729 ) ;
#4134 = LINE ( 'NONE', #143, #1156 ) ;
#4135 = VERTEX_POINT ( 'NONE', #11 ) ;
#4136 = DIRECTION ( 'NONE',  ( 0.000000000000000000, -0.7071067811865358044, -0.7071067811865592301 ) ) ;
#4137 = CARTESIAN_POINT ( 'NONE',  ( -112.8500000000000085, 2.500000000000007550, 0.5000000000000003331 ) ) ;
#4138 = ADVANCED_FACE ( 'NONE', ( #4935 ), #3624, .T. ) ;
#4139 = LINE ( 'NONE', #3649, #1221 ) ;
#4140 = VECTOR ( 'NONE', #5011, 1000.000000000000114 ) ;
#4141 = ORIENTED_EDGE ( 'NONE', *, *, #396, .T. ) ;
#4142 = ORIENTED_EDGE ( 'NONE', *, *, #2812, .F. ) ;
#4143 = VECTOR ( 'NONE', #5060, 1000.000000000000114 ) ;
#4144 = DIRECTION ( 'NONE',  ( -0.7071067811865376918, 0.7071067811865573427, 0.000000000000000000 ) ) ;
#4145 = DIRECTION ( 'NONE',  ( 0.000000000000000000, 1.000000000000000000, -0.000000000000000000 ) ) ;
#4146 = EDGE_CURVE ( 'NONE', #2815, #4477, #2650, .T. ) ;
#4147 = AXIS2_PLACEMENT_3D ( 'NONE', #2585, #5699, #2666 ) ;
#4148 = ORIENTED_EDGE ( 'NONE', *, *, #4092, .F. ) ;
#4149 = ORIENTED_EDGE ( 'NONE', *, *, #2642, .T. ) ;
#4150 = LINE ( 'NONE', #124, #746 ) ;
#4151 = DIRECTION ( 'NONE',  ( -0.000000000000000000, -0.000000000000000000, -1.000000000000000000 ) ) ;
#4152 = CARTESIAN_POINT ( 'NONE',  ( -104.1499999999999915, 6.000000000000023981, 7.000000000000000000 ) ) ;
#4153 = CIRCLE ( 'NONE', #2185, 1.700000000000000178 ) ;
#4154 = DIRECTION ( 'NONE',  ( 1.000000000000000000, 0.000000000000000000, 0.000000000000000000 ) ) ;
#4155 = VERTEX_POINT ( 'NONE', #40 ) ;
#4156 = DIRECTION ( 'NONE',  ( -1.000000000000000000, 0.000000000000000000, 0.000000000000000000 ) ) ;
#4157 = PLANE ( 'NONE',  #550 ) ;
#4158 = ORIENTED_EDGE ( 'NONE', *, *, #5140, .T. ) ;
#4159 = VERTEX_POINT ( 'NONE', #1747 ) ;
#4160 = PRODUCT_DEFINITION ( 'UNKNOWN', '', #1661, #3520 ) ;
#4161 = CARTESIAN_POINT ( 'NONE',  ( 0.000000000000000000, 45.49999999999992895, 48.00000000000000000 ) ) ;
#4162 = CARTESIAN_POINT ( 'NONE',  ( -123.0000000000000142, 54.00000000000000000, 0.000000000000000000 ) ) ;
#4163 = FACE_OUTER_BOUND ( 'NONE', #1587, .T. ) ;
#4164 = CARTESIAN_POINT ( 'NONE',  ( 0.000000000000000000, 0.000000000000000000, 0.5000000000000004441 ) ) ;
#4165 = EDGE_CURVE ( 'NONE', #5102, #5341, #496, .T. ) ;
#4166 = CARTESIAN_POINT ( 'NONE',  ( -22.35000000000000853, 2.000000000000012879, 0.000000000000000000 ) ) ;
#4167 = ORIENTED_EDGE ( 'NONE', *, *, #2120, .F. ) ;
#4168 = CARTESIAN_POINT ( 'NONE',  ( -1.049265112238826045E-30, 55.00000000000002842, 0.5000000000000004441 ) ) ;
#4169 = CARTESIAN_POINT ( 'NONE',  ( -42.66666666666607455, 89.51666666666655203, -38.16666666666650087 ) ) ;
#4170 = DIRECTION ( 'NONE',  ( 1.000000000000000000, 0.000000000000000000, 0.000000000000000000 ) ) ;
#4171 = DIRECTION ( 'NONE',  ( 1.000000000000000000, 0.000000000000000000, -0.000000000000000000 ) ) ;
#4172 = ORIENTED_EDGE ( 'NONE', *, *, #4713, .F. ) ;
#4173 = EDGE_CURVE ( 'NONE', #3833, #3679, #2709, .T. ) ;
#4174 = AXIS2_PLACEMENT_3D ( 'NONE', #4536, #3720, #5416 ) ;
#4175 = EDGE_CURVE ( 'NONE', #3194, #2969, #1291, .T. ) ;
#4176 = LINE ( 'NONE', #2797, #4409 ) ;
#4177 = VERTEX_POINT ( 'NONE', #4498 ) ;
#4178 = LOCAL_TIME ( 14, 34, 24.00000000000000000, #1941 ) ;
#4179 = DIRECTION ( 'NONE',  ( -1.000000000000000000, 0.000000000000000000, 0.000000000000000000 ) ) ;
#4180 = VERTEX_POINT ( 'NONE', #2210 ) ;
#4181 = ORIENTED_EDGE ( 'NONE', *, *, #5379, .T. ) ;
#4182 = EDGE_CURVE ( 'NONE', #2292, #2390, #1635, .T. ) ;
#4183 = ORIENTED_EDGE ( 'NONE', *, *, #3604, .F. ) ;
#4184 = LINE ( 'NONE', #3229, #4492 ) ;
#4185 = PLANE ( 'NONE',  #4107 ) ;
#4186 = CARTESIAN_POINT ( 'NONE',  ( -104.6499999999999773, 2.500000000000022649, 0.000000000000000000 ) ) ;
#4187 = ORIENTED_EDGE ( 'NONE', *, *, #3510, .F. ) ;
#4188 = DIRECTION ( 'NONE',  ( 1.000000000000000000, -0.000000000000000000, -0.000000000000000000 ) ) ;
#4189 = PLANE ( 'NONE',  #4849 ) ;
#4190 = ORIENTED_EDGE ( 'NONE', *, *, #1687, .T. ) ;
#4191 = ORIENTED_EDGE ( 'NONE', *, *, #2412, .T. ) ;
#4192 = PLANE ( 'NONE',  #44 ) ;
#4193 = LINE ( 'NONE', #2085, #1283 ) ;
#4194 = CARTESIAN_POINT ( 'NONE',  ( -16.14999999999999147, 51.00000000000000711, 0.5000000000000281997 ) ) ;
#4195 = VECTOR ( 'NONE', #103, 1000.000000000000000 ) ;
#4196 = ORIENTED_EDGE ( 'NONE', *, *, #1386, .T. ) ;
#4197 = ORIENTED_EDGE ( 'NONE', *, *, #3271, .T. ) ;
#4198 = VECTOR ( 'NONE', #263, 1000.000000000000000 ) ;
#4199 = LINE ( 'NONE', #205, #5648 ) ;
#4200 = ORIENTED_EDGE ( 'NONE', *, *, #2279, .F. ) ;
#4201 = CARTESIAN_POINT ( 'NONE',  ( -24.85000000000000142, 6.000000000000023981, 6.500000000000013323 ) ) ;
#4202 = CARTESIAN_POINT ( 'NONE',  ( -112.9999999999999716, 6.000000000000024869, 1.500000000000000444 ) ) ;
#4203 = DIRECTION ( 'NONE',  ( 0.000000000000000000, -1.000000000000000000, 0.000000000000000000 ) ) ;
#4204 = ORIENTED_EDGE ( 'NONE', *, *, #3182, .F. ) ;
#4205 = CONICAL_SURFACE ( 'NONE', #1682, 1.000000000000000888, 0.7853981633974309595 ) ;
#4206 = LINE ( 'NONE', #1389, #5444 ) ;
#4207 = VECTOR ( 'NONE', #65, 1000.000000000000000 ) ;
#4208 = CARTESIAN_POINT ( 'NONE',  ( -120.0000000000000000, 54.00000000000000711, 6.500000000000013323 ) ) ;
#4209 = EDGE_CURVE ( 'NONE', #2390, #2292, #5561, .T. ) ;
#4210 = VERTEX_POINT ( 'NONE', #4881 ) ;
#4211 = DIRECTION ( 'NONE',  ( 1.000000000000000000, 1.521687259628775549E-16, 0.000000000000000000 ) ) ;
#4212 = VECTOR ( 'NONE', #3409, 1000.000000000000000 ) ;
#4213 = CARTESIAN_POINT ( 'NONE',  ( -2.000000000000001776, 6.000000000000023981, 1.500000000000000444 ) ) ;
#4214 = ORIENTED_EDGE ( 'NONE', *, *, #3652, .T. ) ;
#4215 = CARTESIAN_POINT ( 'NONE',  ( -41.00000000000006395, 36.14999999999990621, 43.00000000000000000 ) ) ;
#4216 = LINE ( 'NONE', #1466, #4195 ) ;
#4217 = VERTEX_POINT ( 'NONE', #3971 ) ;
#4218 = DIRECTION ( 'NONE',  ( -0.7071067811865378028, 0.000000000000000000, 0.7071067811865573427 ) ) ;
#4219 = AXIS2_PLACEMENT_3D ( 'NONE', #62, #3572, #3106 ) ;
#4220 = ORIENTED_EDGE ( 'NONE', *, *, #4526, .F. ) ;
#4221 = DIRECTION ( 'NONE',  ( 1.000000000000000000, 0.000000000000000000, 0.000000000000000000 ) ) ;
#4222 = DIRECTION ( 'NONE',  ( -1.000000000000000000, 0.000000000000000000, 0.000000000000000000 ) ) ;
#4223 = EDGE_CURVE ( 'NONE', #363, #2319, #5771, .T. ) ;
#4224 = CARTESIAN_POINT ( 'NONE',  ( -22.35000000000000853, 54.00000000000000000, 0.000000000000000000 ) ) ;
#4225 = ORIENTED_EDGE ( 'NONE', *, *, #918, .T. ) ;
#4226 = DIRECTION ( 'NONE',  ( 0.7071067811865378028, 0.000000000000000000, -0.7071067811865573427 ) ) ;
#4227 = VECTOR ( 'NONE', #4266, 1000.000000000000000 ) ;
#4228 = DIRECTION ( 'NONE',  ( -0.5773502691896257311, -0.5773502691896257311, 0.5773502691896257311 ) ) ;
#4229 = DIRECTION ( 'NONE',  ( 0.000000000000000000, 0.000000000000000000, 1.000000000000000000 ) ) ;
#4230 = LINE ( 'NONE', #2981, #3595 ) ;
#4231 = CARTESIAN_POINT ( 'NONE',  ( -119.0000000000000000, 54.00000000000000000, 0.000000000000000000 ) ) ;
#4232 = PRODUCT ( 'MB_PSU_vent_right_v1', 'MB_PSU_vent_right_v1', '', ( #12 ) ) ;
#4233 = ORIENTED_EDGE ( 'NONE', *, *, #1189, .F. ) ;
#4234 = DIRECTION ( 'NONE',  ( -1.000000000000000000, 0.000000000000000000, 0.000000000000000000 ) ) ;
#4235 = VECTOR ( 'NONE', #3534, 1000.000000000000000 ) ;
#4236 = DIRECTION ( 'NONE',  ( 1.000000000000000000, -0.000000000000000000, -0.000000000000000000 ) ) ;
#4237 = ORIENTED_EDGE ( 'NONE', *, *, #2861, .F. ) ;
#4238 = VECTOR ( 'NONE', #4236, 1000.000000000000000 ) ;
#4239 = ORIENTED_EDGE ( 'NONE', *, *, #2206, .F. ) ;
#4240 = DIRECTION ( 'NONE',  ( -0.5773502691896430505, 0.5773502691896268413, -0.5773502691896076344 ) ) ;
#4241 = ORIENTED_EDGE ( 'NONE', *, *, #1254, .F. ) ;
#4242 = EDGE_CURVE ( 'NONE', #1523, #1430, #4442, .T. ) ;
#4243 = DIRECTION ( 'NONE',  ( -0.000000000000000000, -1.000000000000000000, -0.000000000000000000 ) ) ;
#4244 = VECTOR ( 'NONE', #3639, 1000.000000000000000 ) ;
#4245 = CARTESIAN_POINT ( 'NONE',  ( 0.000000000000000000, 0.000000000000000000, 46.00000000000000000 ) ) ;
#4246 = ORIENTED_EDGE ( 'NONE', *, *, #5702, .T. ) ;
#4247 = LINE ( 'NONE', #249, #2318 ) ;
#4248 = VERTEX_POINT ( 'NONE', #1917 ) ;
#4249 = VERTEX_POINT ( 'NONE', #1948 ) ;
#4250 = EDGE_CURVE ( 'NONE', #2002, #3215, #4586, .T. ) ;
#4251 = CARTESIAN_POINT ( 'NONE',  ( -47.00000000000008527, 43.99999999999990052, 47.50000000000001421 ) ) ;
#4252 = FACE_OUTER_BOUND ( 'NONE', #1522, .T. ) ;
#4253 = CARTESIAN_POINT ( 'NONE',  ( -49.00000000000007105, 38.99999999999990052, 40.00000000000000000 ) ) ;
#4254 = CARTESIAN_POINT ( 'NONE',  ( -46.50000000000008527, 2.500000000000030198, 48.00000000000000000 ) ) ;
#4255 = LINE ( 'NONE', #4812, #87 ) ;
#4256 = FACE_BOUND ( 'NONE', #43, .T. ) ;
#4257 = ORIENTED_EDGE ( 'NONE', *, *, #2902, .T. ) ;
#4258 = EDGE_CURVE ( 'NONE', #4488, #4159, #2416, .T. ) ;
#4259 = DIRECTION ( 'NONE',  ( -1.000000000000000000, -1.749300984178293063E-16, 0.000000000000000000 ) ) ;
#4260 = DIRECTION ( 'NONE',  ( 0.000000000000000000, 0.000000000000000000, -1.000000000000000000 ) ) ;
#4261 = CARTESIAN_POINT ( 'NONE',  ( -121.5000000000000000, 5.000000000000000000, 6.500000000000013323 ) ) ;
#4262 = AXIS2_PLACEMENT_3D ( 'NONE', #4544, #4573, #108 ) ;
#4263 = DIRECTION ( 'NONE',  ( -0.000000000000000000, 1.000000000000000000, 0.000000000000000000 ) ) ;
#4264 = VERTEX_POINT ( 'NONE', #4681 ) ;
#4265 = VECTOR ( 'NONE', #2110, 1000.000000000000000 ) ;
#4266 = DIRECTION ( 'NONE',  ( -0.7071067811865386910, -0.7071067811865564545, 0.000000000000000000 ) ) ;
#4267 = VERTEX_POINT ( 'NONE', #4621 ) ;
#4268 = CARTESIAN_POINT ( 'NONE',  ( -111.0999999999997954, -1.449999999999887157, 10.94999999999998508 ) ) ;
#4269 = ORIENTED_EDGE ( 'NONE', *, *, #1767, .F. ) ;
#4270 = CC_DESIGN_PERSON_AND_ORGANIZATION_ASSIGNMENT ( #4052, #1076, ( #1661 ) ) ;
#4271 = AXIS2_PLACEMENT_3D ( 'NONE', #2182, #791, #357 ) ;
#4272 = CARTESIAN_POINT ( 'NONE',  ( -110.0000000000000000, 0.000000000000000000, 5.199999999999999289 ) ) ;
#4273 = DIRECTION ( 'NONE',  ( -1.000000000000000000, 0.000000000000000000, 0.000000000000000000 ) ) ;
#4274 = VERTEX_POINT ( 'NONE', #5442 ) ;
#4275 = LINE ( 'NONE', #1499, #100 ) ;
#4276 = VERTEX_POINT ( 'NONE', #5504 ) ;
#4277 = EDGE_CURVE ( 'NONE', #5320, #838, #4112, .T. ) ;
#4278 = ORIENTED_EDGE ( 'NONE', *, *, #3575, .F. ) ;
#4279 = CARTESIAN_POINT ( 'NONE',  ( -4.000000000000023093, 50.85000000000003695, 6.499999999999985789 ) ) ;
#4280 = ORIENTED_EDGE ( 'NONE', *, *, #5649, .F. ) ;
#4281 = CARTESIAN_POINT ( 'NONE',  ( -22.35000000000000853, 53.50000000000002132, 7.000000000000000000 ) ) ;
#4282 = ADVANCED_FACE ( 'NONE', ( #180 ), #1858, .F. ) ;
#4283 = LINE ( 'NONE', #281, #5474 ) ;
#4284 = FACE_OUTER_BOUND ( 'NONE', #2849, .T. ) ;
#4285 = CARTESIAN_POINT ( 'NONE',  ( -104.6499999999999773, 5.500000000000039968, 0.000000000000000000 ) ) ;
#4286 = EDGE_CURVE ( 'NONE', #1295, #5072, #622, .T. ) ;
#4287 = DIRECTION ( 'NONE',  ( 0.000000000000000000, -0.7071067811865574537, -0.7071067811865376918 ) ) ;
#4288 = CARTESIAN_POINT ( 'NONE',  ( -118.9999999999999858, 1.499999999999987566, 0.000000000000000000 ) ) ;
#4289 = EDGE_CURVE ( 'NONE', #5596, #4081, #3654, .T. ) ;
#4290 = DIRECTION ( 'NONE',  ( 0.000000000000000000, -1.000000000000000000, 0.000000000000000000 ) ) ;
#4291 = DIRECTION ( 'NONE',  ( 0.000000000000000000, -1.000000000000000000, 0.000000000000000000 ) ) ;
#4292 = ORIENTED_EDGE ( 'NONE', *, *, #3677, .F. ) ;
#4293 = VECTOR ( 'NONE', #1226, 1000.000000000000000 ) ;
#4294 = VERTEX_POINT ( 'NONE', #151 ) ;
#4295 = LINE ( 'NONE', #5651, #1883 ) ;
#4296 = ORIENTED_EDGE ( 'NONE', *, *, #2821, .T. ) ;
#4297 = LINE ( 'NONE', #702, #2091 ) ;
#4298 = VECTOR ( 'NONE', #1303, 1000.000000000000114 ) ;
#4299 = VECTOR ( 'NONE', #559, 1000.000000000000000 ) ;
#4300 = EDGE_CURVE ( 'NONE', #1717, #1469, #3739, .T. ) ;
#4301 = ORIENTED_EDGE ( 'NONE', *, *, #4355, .T. ) ;
#4302 = AXIS2_PLACEMENT_3D ( 'NONE', #5601, #1960, #2939 ) ;
#4303 = VECTOR ( 'NONE', #2944, 1000.000000000000000 ) ;
#4304 = DIRECTION ( 'NONE',  ( -0.000000000000000000, -1.000000000000000000, -0.000000000000000000 ) ) ;
#4305 = LINE ( 'NONE', #4627, #5770 ) ;
#4306 = ORIENTED_EDGE ( 'NONE', *, *, #3992, .T. ) ;
#4307 = AXIS2_PLACEMENT_3D ( 'NONE', #607, #3728, #2280 ) ;
#4308 = DIRECTION ( 'NONE',  ( -0.7071067811865524577, -0.000000000000000000, -0.7071067811865425767 ) ) ;
#4309 = VECTOR ( 'NONE', #1910, 1000.000000000000227 ) ;
#4310 = ORIENTED_EDGE ( 'NONE', *, *, #1553, .T. ) ;
#4311 = VERTEX_POINT ( 'NONE', #1050 ) ;
#4312 = ADVANCED_FACE ( 'NONE', ( #214 ), #553, .T. ) ;
#4313 = ORIENTED_EDGE ( 'NONE', *, *, #3669, .F. ) ;
#4314 = DIRECTION ( 'NONE',  ( -1.075995380128677955E-16, 0.7071067811865450192, -0.7071067811865500152 ) ) ;
#4315 = PLANE ( 'NONE',  #4064 ) ;
#4316 = CARTESIAN_POINT ( 'NONE',  ( -21.85000000000000142, 53.00000000000000711, 6.499999999999985789 ) ) ;
#4317 = LINE ( 'NONE', #2088, #5413 ) ;
#4318 = EDGE_CURVE ( 'NONE', #2628, #456, #3317, .T. ) ;
#4319 = DIRECTION ( 'NONE',  ( -1.000000000000000000, 0.000000000000000000, 0.000000000000000000 ) ) ;
#4320 = LINE ( 'NONE', #4839, #1487 ) ;
#4321 = DIRECTION ( 'NONE',  ( 0.000000000000000000, -1.000000000000000000, 0.000000000000000000 ) ) ;
#4322 = DIRECTION ( 'NONE',  ( -1.000000000000000000, 0.000000000000000000, 0.000000000000000000 ) ) ;
#4323 = EDGE_LOOP ( 'NONE', ( #1272, #2781, #821, #1062 ) ) ;
#4324 = ORIENTED_EDGE ( 'NONE', *, *, #688, .T. ) ;
#4325 = EDGE_CURVE ( 'NONE', #3277, #2285, #986, .T. ) ;
#4326 = PLANE ( 'NONE',  #5546 ) ;
#4327 = ORIENTED_EDGE ( 'NONE', *, *, #2978, .F. ) ;
#4328 = DIRECTION ( 'NONE',  ( 0.000000000000000000, -1.000000000000000000, 0.000000000000000000 ) ) ;
#4329 = CARTESIAN_POINT ( 'NONE',  ( -46.50000000000009948, 43.99999999999990052, 0.000000000000000000 ) ) ;
#4330 = EDGE_LOOP ( 'NONE', ( #4491, #2730, #2101, #4553, #2276, #4876 ) ) ;
#4331 = VECTOR ( 'NONE', #5342, 1000.000000000000000 ) ;
#4332 = EDGE_LOOP ( 'NONE', ( #2505, #2994, #332, #2971 ) ) ;
#4333 = EDGE_CURVE ( 'NONE', #1347, #17, #4652, .T. ) ;
#4334 = PLANE ( 'NONE',  #3937 ) ;
#4335 = CARTESIAN_POINT ( 'NONE',  ( -113.3499999999999943, 4.500000000000011546, 0.000000000000000000 ) ) ;
#4336 = ORIENTED_EDGE ( 'NONE', *, *, #1038, .T. ) ;
#4337 = VECTOR ( 'NONE', #3540, 1000.000000000000000 ) ;
#4338 = DIRECTION ( 'NONE',  ( 0.000000000000000000, 1.000000000000000000, 0.000000000000000000 ) ) ;
#4339 = VERTEX_POINT ( 'NONE', #3221 ) ;
#4340 = ORIENTED_EDGE ( 'NONE', *, *, #3618, .T. ) ;
#4341 = AXIS2_PLACEMENT_3D ( 'NONE', #1911, #173, #3279 ) ;
#4342 = CARTESIAN_POINT ( 'NONE',  ( -121.5000000000000000, 5.000000000000000000, 0.5000000000000004441 ) ) ;
#4343 = DIRECTION ( 'NONE',  ( -1.000000000000000000, -1.521687259628775549E-16, 0.000000000000000000 ) ) ;
#4344 = CARTESIAN_POINT ( 'NONE',  ( -47.50000000000007105, 2.000000000000030642, 0.000000000000000000 ) ) ;
#4345 = DIRECTION ( 'NONE',  ( 0.000000000000000000, 1.000000000000000000, 0.000000000000000000 ) ) ;
#4346 = FACE_OUTER_BOUND ( 'NONE', #988, .T. ) ;
#4347 = DIRECTION ( 'NONE',  ( 1.000000000000000000, 0.000000000000000000, 0.000000000000000000 ) ) ;
#4348 = FACE_OUTER_BOUND ( 'NONE', #3154, .T. ) ;
#4349 = ORIENTED_EDGE ( 'NONE', *, *, #4175, .F. ) ;
#4350 = ADVANCED_FACE ( 'NONE', ( #3771 ), #1887, .F. ) ;
#4351 = CARTESIAN_POINT ( 'NONE',  ( -24.85000000000000142, 1.999999999999999556, 1.500000000000000444 ) ) ;
#4352 = ORIENTED_EDGE ( 'NONE', *, *, #5691, .F. ) ;
#4353 = CARTESIAN_POINT ( 'NONE',  ( -104.9999999999999858, 41.84999999999990195, 43.00000000000000000 ) ) ;
#4354 = EDGE_CURVE ( 'NONE', #72, #1523, #3252, .T. ) ;
#4355 = EDGE_CURVE ( 'NONE', #1150, #3763, #5465, .T. ) ;
#4356 = VERTEX_POINT ( 'NONE', #2898 ) ;
#4357 = DIRECTION ( 'NONE',  ( 0.000000000000000000, 0.000000000000000000, 1.000000000000000000 ) ) ;
#4358 = CARTESIAN_POINT ( 'NONE',  ( -111.4999999999999716, 44.49999999999990052, 48.00000000000000000 ) ) ;
#4359 = FACE_OUTER_BOUND ( 'NONE', #5652, .T. ) ;
#4360 = EDGE_LOOP ( 'NONE', ( #4559, #313, #952, #3717 ) ) ;
#4361 = CARTESIAN_POINT ( 'NONE',  ( -104.9999999999999858, 42.34999999999993037, 43.00000000000000000 ) ) ;
#4362 = EDGE_CURVE ( 'NONE', #4249, #420, #4076, .T. ) ;
#4363 = VECTOR ( 'NONE', #2250, 999.9999999999998863 ) ;
#4364 = ORIENTED_EDGE ( 'NONE', *, *, #1422, .T. ) ;
#4365 = DIRECTION ( 'NONE',  ( 0.000000000000000000, 0.000000000000000000, -1.000000000000000000 ) ) ;
#4366 = VERTEX_POINT ( 'NONE', #3687 ) ;
#4367 = CARTESIAN_POINT ( 'NONE',  ( -123.5000000000000000, -4.286263797015740046E-16, 7.000000000000000000 ) ) ;
#4368 = VECTOR ( 'NONE', #3891, 999.9999999999998863 ) ;
#4369 = LINE ( 'NONE', #367, #5013 ) ;
#4370 = CARTESIAN_POINT ( 'NONE',  ( -120.0000000000000000, 54.00000000000000711, 6.500000000000013323 ) ) ;
#4371 = CYLINDRICAL_SURFACE ( 'NONE', #2997, 1.699999999999999734 ) ;
#4372 = LINE ( 'NONE', #2610, #1529 ) ;
#4373 = DIRECTION ( 'NONE',  ( -0.000000000000000000, -1.000000000000000000, -0.000000000000000000 ) ) ;
#4374 = CARTESIAN_POINT ( 'NONE',  ( -1.500000000000001332, 50.85000000000003695, 0.000000000000000000 ) ) ;
#4375 = ORIENTED_EDGE ( 'NONE', *, *, #1360, .T. ) ;
#4376 = VECTOR ( 'NONE', #1510, 1000.000000000000114 ) ;
#4377 = CARTESIAN_POINT ( 'NONE',  ( -6.000000000000023981, 49.00000000000001421, 7.000000000000000000 ) ) ;
#4378 = ORIENTED_EDGE ( 'NONE', *, *, #1403, .F. ) ;
#4379 = LINE ( 'NONE', #1800, #3418 ) ;
#4380 = EDGE_CURVE ( 'NONE', #4210, #178, #5476, .T. ) ;
#4381 = VERTEX_POINT ( 'NONE', #3015 ) ;
#4382 = DIRECTION ( 'NONE',  ( 0.000000000000000000, 1.000000000000000000, 0.000000000000000000 ) ) ;
#4383 = VECTOR ( 'NONE', #3387, 1000.000000000000000 ) ;
#4384 = VECTOR ( 'NONE', #3390, 1000.000000000000000 ) ;
#4385 = CARTESIAN_POINT ( 'NONE',  ( -119.5000000000000142, 54.00000000000000000, 0.000000000000000000 ) ) ;
#4386 = EDGE_CURVE ( 'NONE', #4040, #2150, #2042, .T. ) ;
#4387 = FACE_OUTER_BOUND ( 'NONE', #5720, .T. ) ;
#4388 = VERTEX_POINT ( 'NONE', #4794 ) ;
#4389 = CARTESIAN_POINT ( 'NONE',  ( -110.9999999999999716, 4.000000000000023981, 7.000000000000000000 ) ) ;
#4390 = ORIENTED_EDGE ( 'NONE', *, *, #3378, .F. ) ;
#4391 = AXIS2_PLACEMENT_3D ( 'NONE', #591, #528, #3659 ) ;
#4392 = ORIENTED_EDGE ( 'NONE', *, *, #3414, .F. ) ;
#4393 = LINE ( 'NONE', #3950, #4101 ) ;
#4394 = EDGE_LOOP ( 'NONE', ( #4237, #5447, #1552, #5746 ) ) ;
#4395 = EDGE_CURVE ( 'NONE', #4276, #3297, #1690, .T. ) ;
#4396 = AXIS2_PLACEMENT_3D ( 'NONE', #5356, #92, #4529 ) ;
#4397 = LINE ( 'NONE', #1729, #4485 ) ;
#4398 = VECTOR ( 'NONE', #713, 1000.000000000000000 ) ;
#4399 = LINE ( 'NONE', #770, #4737 ) ;
#4400 = CARTESIAN_POINT ( 'NONE',  ( -113.3499999999999943, 2.500000000000007550, 0.000000000000000000 ) ) ;
#4401 = PLANE ( 'NONE',  #3273 ) ;
#4402 = DIRECTION ( 'NONE',  ( 0.000000000000000000, 1.000000000000000000, 0.000000000000000000 ) ) ;
#4403 = EDGE_CURVE ( 'NONE', #4566, #5297, #3874, .T. ) ;
#4404 = LINE ( 'NONE', #3065, #1714 ) ;
#4405 = DIRECTION ( 'NONE',  ( 0.000000000000000000, -1.000000000000000000, 0.000000000000000000 ) ) ;
#4406 = LINE ( 'NONE', #4841, #1582 ) ;
#4407 = VECTOR ( 'NONE', #3817, 999.9999999999998863 ) ;
#4408 = EDGE_LOOP ( 'NONE', ( #1010, #5151, #5219, #3933 ) ) ;
#4409 = VECTOR ( 'NONE', #4111, 1000.000000000000000 ) ;
#4410 = FACE_OUTER_BOUND ( 'NONE', #527, .T. ) ;
#4411 = ORIENTED_EDGE ( 'NONE', *, *, #4639, .F. ) ;
#4412 = LINE ( 'NONE', #3102, #2737 ) ;
#4413 = AXIS2_PLACEMENT_3D ( 'NONE', #1855, #552, #984 ) ;
#4414 = EDGE_LOOP ( 'NONE', ( #3966, #297, #125, #4183 ) ) ;
#4415 = CARTESIAN_POINT ( 'NONE',  ( 0.000000000000000000, 0.000000000000000000, 46.00000000000000000 ) ) ;
#4416 = VECTOR ( 'NONE', #3732, 1000.000000000000000 ) ;
#4417 = DIRECTION ( 'NONE',  ( -1.521687259628775549E-16, 1.000000000000000000, 0.000000000000000000 ) ) ;
#4418 = CARTESIAN_POINT ( 'NONE',  ( -54.56666666666548338, 18.28333333333406685, -32.21666666666681778 ) ) ;
#4419 = ORIENTED_EDGE ( 'NONE', *, *, #3542, .F. ) ;
#4420 = EDGE_LOOP ( 'NONE', ( #2068, #2833, #5126, #76 ) ) ;
#4421 = VECTOR ( 'NONE', #2062, 999.9999999999998863 ) ;
#4422 = EDGE_CURVE ( 'NONE', #3355, #2445, #2958, .T. ) ;
#4423 = ORIENTED_EDGE ( 'NONE', *, *, #266, .T. ) ;
#4424 = ORIENTED_EDGE ( 'NONE', *, *, #4318, .T. ) ;
#4425 = CIRCLE ( 'NONE', #2549, 1.700000000000000178 ) ;
#4426 = PLANE ( 'NONE',  #5048 ) ;
#4427 = DIRECTION ( 'NONE',  ( -1.907754749525136787E-32, 1.000000000000000000, 0.000000000000000000 ) ) ;
#4428 = CARTESIAN_POINT ( 'NONE',  ( -112.8333333333333428, 0.6666666666666609675, 47.66666666666666430 ) ) ;
#4429 = DIRECTION ( 'NONE',  ( -0.7071067811865573427, 0.7071067811865378028, 0.000000000000000000 ) ) ;
#4430 = CARTESIAN_POINT ( 'NONE',  ( -121.5000000000000000, 8.000000000000000000, 7.000000000000000000 ) ) ;
#4431 = EDGE_CURVE ( 'NONE', #4180, #3808, #1144, .T. ) ;
#4432 = VECTOR ( 'NONE', #32, 1000.000000000000000 ) ;
#4433 = CARTESIAN_POINT ( 'NONE',  ( -16.14999999999999147, 53.00000000000000711, 6.499999999999985789 ) ) ;
#4434 = DIRECTION ( 'NONE',  ( -1.000000000000000000, -1.521687259628775549E-16, 0.000000000000000000 ) ) ;
#4435 = AXIS2_PLACEMENT_3D ( 'NONE', #546, #4581, #582 ) ;
#4436 = ORIENTED_EDGE ( 'NONE', *, *, #5145, .F. ) ;
#4437 = ADVANCED_FACE ( 'NONE', ( #2119 ), #2011, .F. ) ;
#4438 = PLANE ( 'NONE',  #3019 ) ;
#4439 = VERTEX_POINT ( 'NONE', #5627 ) ;
#4440 = DIRECTION ( 'NONE',  ( 0.000000000000000000, 0.000000000000000000, 1.000000000000000000 ) ) ;
#4441 = DIRECTION ( 'NONE',  ( 0.000000000000000000, -0.000000000000000000, 1.000000000000000000 ) ) ;
#4442 = LINE ( 'NONE', #3574, #4143 ) ;
#4443 = DIRECTION ( 'NONE',  ( 0.000000000000000000, -1.000000000000000000, 0.000000000000000000 ) ) ;
#4444 = AXIS2_PLACEMENT_3D ( 'NONE', #4253, #5609, #5553 ) ;
#4445 = ORIENTED_EDGE ( 'NONE', *, *, #4182, .T. ) ;
#4446 = ORIENTED_EDGE ( 'NONE', *, *, #1574, .F. ) ;
#4447 = DIRECTION ( 'NONE',  ( 0.000000000000000000, 0.000000000000000000, -1.000000000000000000 ) ) ;
#4448 = ORIENTED_EDGE ( 'NONE', *, *, #5466, .T. ) ;
#4449 = DIRECTION ( 'NONE',  ( -0.5773502691896417183, 0.5773502691896258421, 0.5773502691896097438 ) ) ;
#4450 = DIRECTION ( 'NONE',  ( 0.000000000000000000, -1.000000000000000000, 0.000000000000000000 ) ) ;
#4451 = EDGE_CURVE ( 'NONE', #4381, #2368, #2565, .T. ) ;
#4452 = LINE ( 'NONE', #453, #3091 ) ;
#4453 = AXIS2_PLACEMENT_3D ( 'NONE', #1704, #3502, #71 ) ;
#4454 = LINE ( 'NONE', #2252, #2132 ) ;
#4455 = PLANE ( 'NONE',  #1596 ) ;
#4456 = VERTEX_POINT ( 'NONE', #3491 ) ;
#4457 = EDGE_CURVE ( 'NONE', #1084, #880, #3433, .T. ) ;
#4458 = AXIS2_PLACEMENT_3D ( 'NONE', #4853, #445, #416 ) ;
#4459 = FACE_OUTER_BOUND ( 'NONE', #1892, .T. ) ;
#4460 = DIRECTION ( 'NONE',  ( 0.000000000000000000, 1.000000000000000000, 0.000000000000000000 ) ) ;
#4461 = ORIENTED_EDGE ( 'NONE', *, *, #3665, .F. ) ;
#4462 = ADVANCED_FACE ( 'NONE', ( #5265 ), #5208, .T. ) ;
#4463 = DIRECTION ( 'NONE',  ( -0.000000000000000000, 0.7071067811865572317, -0.7071067811865379138 ) ) ;
#4464 = EDGE_LOOP ( 'NONE', ( #682, #5369, #4887, #1535 ) ) ;
#4465 = LINE ( 'NONE', #5433, #2899 ) ;
#4466 = CARTESIAN_POINT ( 'NONE',  ( -102.6666666666664156, 20.33333333333355952, -7.833333333333160731 ) ) ;
#4467 = EDGE_CURVE ( 'NONE', #977, #1570, #2929, .T. ) ;
#4468 = CARTESIAN_POINT ( 'NONE',  ( -4.000000000000023093, 50.85000000000003695, 6.499999999999985789 ) ) ;
#4469 = EDGE_LOOP ( 'NONE', ( #4873, #2486, #323, #3539 ) ) ;
#4470 = FACE_BOUND ( 'NONE', #3225, .T. ) ;
#4471 = CARTESIAN_POINT ( 'NONE',  ( -4.500000000000031974, 54.00000000000000000, 0.000000000000000000 ) ) ;
#4472 = ADVANCED_FACE ( 'NONE', ( #5679 ), #5705, .F. ) ;
#4473 = AXIS2_PLACEMENT_3D ( 'NONE', #3750, #5036, #2750 ) ;
#4474 = CARTESIAN_POINT ( 'NONE',  ( 0.000000000000000000, 0.000000000000000000, 0.000000000000000000 ) ) ;
#4475 = ORIENTED_EDGE ( 'NONE', *, *, #1031, .F. ) ;
#4476 = AXIS2_PLACEMENT_3D ( 'NONE', #519, #4047, #2316 ) ;
#4477 = VERTEX_POINT ( 'NONE', #2447 ) ;
#4478 = PLANE ( 'NONE',  #3650 ) ;
#4479 = DIRECTION ( 'NONE',  ( 1.075995380128693732E-16, -0.7071067811865554553, -0.7071067811865395791 ) ) ;
#4480 = CARTESIAN_POINT ( 'NONE',  ( -53.00000000000015632, 31.99999999999990408, 40.00000000000000000 ) ) ;
#4481 = FACE_OUTER_BOUND ( 'NONE', #3100, .T. ) ;
#4482 = ORIENTED_EDGE ( 'NONE', *, *, #3348, .T. ) ;
#4483 = EDGE_CURVE ( 'NONE', #1408, #2492, #4297, .T. ) ;
#4484 = VECTOR ( 'NONE', #5774, 1000.000000000000114 ) ;
#4485 = VECTOR ( 'NONE', #5779, 1000.000000000000000 ) ;
#4486 = LINE ( 'NONE', #1001, #1630 ) ;
#4487 = LINE ( 'NONE', #1737, #3879 ) ;
#4488 = VERTEX_POINT ( 'NONE', #301 ) ;
#4489 = EDGE_CURVE ( 'NONE', #1796, #5154, #4984, .T. ) ;
#4490 = DIRECTION ( 'NONE',  ( 1.000000000000000000, 0.000000000000000000, -0.000000000000000000 ) ) ;
#4491 = ORIENTED_EDGE ( 'NONE', *, *, #2106, .F. ) ;
#4492 = VECTOR ( 'NONE', #1525, 1000.000000000000114 ) ;
#4493 = FACE_BOUND ( 'NONE', #2937, .T. ) ;
#4494 = LINE ( 'NONE', #4846, #2837 ) ;
#4495 = ORIENTED_EDGE ( 'NONE', *, *, #2350, .T. ) ;
#4496 = EDGE_CURVE ( 'NONE', #1030, #2204, #2480, .T. ) ;
#4497 = FACE_OUTER_BOUND ( 'NONE', #795, .T. ) ;
#4498 = CARTESIAN_POINT ( 'NONE',  ( -50.70000000000007390, 38.99999999999990052, 46.00000000000000000 ) ) ;
#4499 = PERSON_AND_ORGANIZATION ( #1005, #4547 ) ;
#4500 = ORIENTED_EDGE ( 'NONE', *, *, #1360, .F. ) ;
#4501 = ORIENTED_EDGE ( 'NONE', *, *, #3794, .T. ) ;
#4502 = EDGE_CURVE ( 'NONE', #2503, #4764, #1173, .T. ) ;
#4503 = VECTOR ( 'NONE', #1260, 1000.000000000000000 ) ;
#4504 = ORIENTED_EDGE ( 'NONE', *, *, #1012, .F. ) ;
#4505 = CARTESIAN_POINT ( 'NONE',  ( -18.99999999999999645, 55.00000000000002842, 3.500000000000000000 ) ) ;
#4506 = DIRECTION ( 'NONE',  ( 1.000000000000000000, 0.000000000000000000, -0.000000000000000000 ) ) ;
#4507 = CARTESIAN_POINT ( 'NONE',  ( -110.0000000000000000, 55.00000000000002842, 3.500000000000000000 ) ) ;
#4508 = FACE_OUTER_BOUND ( 'NONE', #1937, .T. ) ;
#4509 = VERTEX_POINT ( 'NONE', #675 ) ;
#4510 = VECTOR ( 'NONE', #2880, 1000.000000000000000 ) ;
#4511 = CARTESIAN_POINT ( 'NONE',  ( -117.0000000000000000, 6.000000000000023981, 7.000000000000000000 ) ) ;
#4512 = LINE ( 'NONE', #3302, #4900 ) ;
#4513 = DIRECTION ( 'NONE',  ( 0.000000000000000000, -1.000000000000000000, 0.000000000000000000 ) ) ;
#4514 = ORIENTED_EDGE ( 'NONE', *, *, #1603, .T. ) ;
#4515 = AXIS2_PLACEMENT_3D ( 'NONE', #242, #3803, #4045 ) ;
#4516 = ADVANCED_FACE ( 'NONE', ( #3460 ), #5237, .F. ) ;
#4517 = CARTESIAN_POINT ( 'NONE',  ( -15.64999999999997016, 53.50000000000002132, 7.000000000000000000 ) ) ;
#4518 = ORIENTED_EDGE ( 'NONE', *, *, #3437, .F. ) ;
#4519 = VECTOR ( 'NONE', #4105, 1000.000000000000000 ) ;
#4520 = PLANE ( 'NONE',  #3323 ) ;
#4521 = CARTESIAN_POINT ( 'NONE',  ( -104.9999999999999858, 35.64999999999992042, 43.00000000000000000 ) ) ;
#4522 = EDGE_LOOP ( 'NONE', ( #4054, #95, #907, #5502 ) ) ;
#4523 = EDGE_CURVE ( 'NONE', #4074, #4016, #5274, .T. ) ;
#4524 = EDGE_LOOP ( 'NONE', ( #1286, #3224, #1000, #376 ) ) ;
#4525 = DIRECTION ( 'NONE',  ( -0.000000000000000000, -1.000000000000000000, -0.000000000000000000 ) ) ;
#4526 = EDGE_CURVE ( 'NONE', #2325, #2795, #60, .T. ) ;
#4527 = LINE ( 'NONE', #5324, #4037 ) ;
#4528 = EDGE_CURVE ( 'NONE', #3742, #5189, #1385, .T. ) ;
#4529 = DIRECTION ( 'NONE',  ( 0.000000000000000000, 0.000000000000000000, -1.000000000000000000 ) ) ;
#4530 = ORIENTED_EDGE ( 'NONE', *, *, #2195, .T. ) ;
#4531 = ORIENTED_EDGE ( 'NONE', *, *, #4704, .T. ) ;
#4532 = ORIENTED_EDGE ( 'NONE', *, *, #814, .T. ) ;
#4533 = EDGE_LOOP ( 'NONE', ( #2287, #3071, #114, #3843, #2537 ) ) ;
#4534 = CARTESIAN_POINT ( 'NONE',  ( -2.000000000000021760, 50.85000000000003695, 6.499999999999985789 ) ) ;
#4535 = DIRECTION ( 'NONE',  ( -0.000000000000000000, -0.000000000000000000, -1.000000000000000000 ) ) ;
#4536 = CARTESIAN_POINT ( 'NONE',  ( -18.99999999999999645, 51.00000000000000711, 3.500000000000000000 ) ) ;
#4537 = ADVANCED_FACE ( 'NONE', ( #3621 ), #5406, .T. ) ;
#4538 = ORIENTED_EDGE ( 'NONE', *, *, #933, .F. ) ;
#4539 = PLANE ( 'NONE',  #2903 ) ;
#4540 = FACE_OUTER_BOUND ( 'NONE', #4669, .T. ) ;
#4541 = EDGE_LOOP ( 'NONE', ( #4569, #478, #5488, #4500 ) ) ;
#4542 = CARTESIAN_POINT ( 'NONE',  ( 0.000000000000000000, 0.000000000000000000, 0.5000000000000004441 ) ) ;
#4543 = FACE_OUTER_BOUND ( 'NONE', #3192, .T. ) ;
#4544 = CARTESIAN_POINT ( 'NONE',  ( -119.0000000000000000, 54.00000000000000000, 0.5000000000000004441 ) ) ;
#4545 = LINE ( 'NONE', #1933, #1316 ) ;
#4546 = ORIENTED_EDGE ( 'NONE', *, *, #572, .F. ) ;
#4547 = ORGANIZATION ( 'UNSPECIFIED', 'UNSPECIFIED', '' ) ;
#4548 = PLANE ( 'NONE',  #4133 ) ;
#4549 = VERTEX_POINT ( 'NONE', #3072 ) ;
#4550 = CARTESIAN_POINT ( 'NONE',  ( 0.000000000000000000, 0.000000000000000000, 43.00000000000000000 ) ) ;
#4551 = FACE_OUTER_BOUND ( 'NONE', #1785, .T. ) ;
#4552 = ORIENTED_EDGE ( 'NONE', *, *, #4086, .F. ) ;
#4553 = ORIENTED_EDGE ( 'NONE', *, *, #5114, .F. ) ;
#4554 = EDGE_CURVE ( 'NONE', #2325, #1080, #5084, .T. ) ;
#4555 = DIRECTION ( 'NONE',  ( 0.000000000000000000, 0.000000000000000000, 1.000000000000000000 ) ) ;
#4556 = CARTESIAN_POINT ( 'NONE',  ( -24.34999999999999787, 54.00000000000000000, 7.000000000000000000 ) ) ;
#4557 = CARTESIAN_POINT ( 'NONE',  ( -110.9999999999999716, 43.99999999999990052, 34.00000000000003553 ) ) ;
#4558 = EDGE_LOOP ( 'NONE', ( #2564, #2838, #787, #395 ) ) ;
#4559 = ORIENTED_EDGE ( 'NONE', *, *, #3863, .F. ) ;
#4560 = CARTESIAN_POINT ( 'NONE',  ( -45.00000000000007816, 0.5000000000000004441, 7.499999999999985789 ) ) ;
#4561 = VERTEX_POINT ( 'NONE', #1772 ) ;
#4562 = EDGE_CURVE ( 'NONE', #4624, #5637, #4494, .T. ) ;
#4563 = CARTESIAN_POINT ( 'NONE',  ( -45.00000000000007816, 0.5000000000000004441, 48.00000000000000000 ) ) ;
#4564 = CARTESIAN_POINT ( 'NONE',  ( -113.4999999999999716, 5.500000000000025757, 7.000000000000000000 ) ) ;
#4565 = PLANE ( 'NONE',  #5210 ) ;
#4566 = VERTEX_POINT ( 'NONE', #1826 ) ;
#4567 = LINE ( 'NONE', #568, #1856 ) ;
#4568 = LINE ( 'NONE', #1092, #91 ) ;
#4569 = ORIENTED_EDGE ( 'NONE', *, *, #1348, .F. ) ;
#4570 = ADVANCED_FACE ( 'NONE', ( #4820 ), #2646, .T. ) ;
#4571 = DIRECTION ( 'NONE',  ( -0.7071067811865578978, -0.000000000000000000, -0.7071067811865370256 ) ) ;
#4572 = AXIS2_PLACEMENT_3D ( 'NONE', #5190, #5099, #3327 ) ;
#4573 = DIRECTION ( 'NONE',  ( -0.000000000000000000, -0.000000000000000000, 1.000000000000000000 ) ) ;
#4574 = DIRECTION ( 'NONE',  ( -1.000000000000000000, 0.000000000000000000, 0.000000000000000000 ) ) ;
#4575 = ORIENTED_EDGE ( 'NONE', *, *, #403, .T. ) ;
#4576 = AXIS2_PLACEMENT_3D ( 'NONE', #2572, #2545, #4338 ) ;
#4577 = VECTOR ( 'NONE', #4218, 1000.000000000000000 ) ;
#4578 = EDGE_CURVE ( 'NONE', #1685, #2216, #504, .T. ) ;
#4579 = DIRECTION ( 'NONE',  ( 0.000000000000000000, 0.000000000000000000, -1.000000000000000000 ) ) ;
#4580 = ORIENTED_EDGE ( 'NONE', *, *, #4578, .T. ) ;
#4581 = DIRECTION ( 'NONE',  ( 0.7071067811865425767, -0.000000000000000000, -0.7071067811865524577 ) ) ;
#4582 = VECTOR ( 'NONE', #2167, 1000.000000000000000 ) ;
#4583 = EDGE_LOOP ( 'NONE', ( #4962, #5131, #5214, #584 ) ) ;
#4584 = DIRECTION ( 'NONE',  ( -1.156482317317871725E-15, -1.000000000000000000, 0.000000000000000000 ) ) ;
#4585 = ORIENTED_EDGE ( 'NONE', *, *, #4014, .T. ) ;
#4586 = LINE ( 'NONE', #3714, #2360 ) ;
#4587 = VECTOR ( 'NONE', #4049, 1000.000000000000000 ) ;
#4588 = VERTEX_POINT ( 'NONE', #380 ) ;
#4589 = ORIENTED_EDGE ( 'NONE', *, *, #4496, .F. ) ;
#4590 = DIRECTION ( 'NONE',  ( 1.000000000000000000, 1.907754749525137334E-32, -0.000000000000000000 ) ) ;
#4591 = CARTESIAN_POINT ( 'NONE',  ( -119.5000000000000000, 5.000000000000000000, 7.000000000000000000 ) ) ;
#4592 = FACE_OUTER_BOUND ( 'NONE', #3924, .T. ) ;
#4593 = ORIENTED_EDGE ( 'NONE', *, *, #4362, .T. ) ;
#4594 = LINE ( 'NONE', #1437, #4676 ) ;
#4595 = FACE_OUTER_BOUND ( 'NONE', #879, .T. ) ;
#4596 = EDGE_CURVE ( 'NONE', #1952, #1882, #1313, .T. ) ;
#4597 = ORIENTED_EDGE ( 'NONE', *, *, #987, .T. ) ;
#4598 = ORIENTED_EDGE ( 'NONE', *, *, #2962, .F. ) ;
#4599 = DIRECTION ( 'NONE',  ( -0.7071067811865378028, 0.7071067811865573427, 0.000000000000000000 ) ) ;
#4600 = VECTOR ( 'NONE', #1198, 1000.000000000000000 ) ;
#4601 = DIRECTION ( 'NONE',  ( -0.000000000000000000, 1.000000000000000000, 0.000000000000000000 ) ) ;
#4602 = EDGE_CURVE ( 'NONE', #5596, #2067, #1718, .T. ) ;
#4603 = FACE_OUTER_BOUND ( 'NONE', #5018, .T. ) ;
#4604 = DIRECTION ( 'NONE',  ( 0.000000000000000000, -1.000000000000000000, 0.000000000000000000 ) ) ;
#4605 = CARTESIAN_POINT ( 'NONE',  ( -4.500000000000031974, 45.15000000000001990, 0.000000000000000000 ) ) ;
#4606 = EDGE_CURVE ( 'NONE', #3297, #1147, #4379, .T. ) ;
#4607 = VECTOR ( 'NONE', #2305, 1000.000000000000000 ) ;
#4608 = LINE ( 'NONE', #2792, #3026 ) ;
#4609 = ORIENTED_EDGE ( 'NONE', *, *, #3920, .T. ) ;
#4610 = CARTESIAN_POINT ( 'NONE',  ( -47.00000000000015632, 31.99999999999990408, 40.00000000000000000 ) ) ;
#4611 = CARTESIAN_POINT ( 'NONE',  ( -1.500000000000001332, 44.65000000000000568, 0.000000000000000000 ) ) ;
#4612 = CARTESIAN_POINT ( 'NONE',  ( -41.00000000000006395, 41.84999999999990195, 45.00000000000000000 ) ) ;
#4613 = CIRCLE ( 'NONE', #3214, 1.699999999999993072 ) ;
#4614 = APPLICATION_PROTOCOL_DEFINITION ( 'international standard', 'config_control_design', 1994, #4942 ) ;
#4615 = VERTEX_POINT ( 'NONE', #2205 ) ;
#4616 = EDGE_CURVE ( 'NONE', #5341, #1070, #4412, .T. ) ;
#4617 = EDGE_LOOP ( 'NONE', ( #2489, #5122, #1125, #2826 ) ) ;
#4618 = AXIS2_PLACEMENT_3D ( 'NONE', #2508, #5179, #4708 ) ;
#4619 = PLANE ( 'NONE',  #4872 ) ;
#4620 = ORIENTED_EDGE ( 'NONE', *, *, #4483, .F. ) ;
#4621 = CARTESIAN_POINT ( 'NONE',  ( -21.85000000000000142, 53.00000000000000711, 6.499999999999985789 ) ) ;
#4622 = VECTOR ( 'NONE', #5759, 1000.000000000000000 ) ;
#4623 = ORIENTED_EDGE ( 'NONE', *, *, #4173, .T. ) ;
#4624 = VERTEX_POINT ( 'NONE', #490 ) ;
#4625 = DIRECTION ( 'NONE',  ( 0.000000000000000000, 0.000000000000000000, 1.000000000000000000 ) ) ;
#4626 = PLANE ( 'NONE',  #3638 ) ;
#4627 = CARTESIAN_POINT ( 'NONE',  ( -112.4999999999999716, 0.000000000000000000, 7.499999999999985789 ) ) ;
#4628 = ORIENTED_EDGE ( 'NONE', *, *, #1279, .F. ) ;
#4629 = CARTESIAN_POINT ( 'NONE',  ( -18.99999999999999645, 55.00000000000002842, 1.800000000000000488 ) ) ;
#4630 = FACE_OUTER_BOUND ( 'NONE', #4394, .T. ) ;
#4631 = ORIENTED_EDGE ( 'NONE', *, *, #5500, .T. ) ;
#4632 = EDGE_CURVE ( 'NONE', #4180, #3499, #3596, .T. ) ;
#4633 = LINE ( 'NONE', #4385, #3681 ) ;
#4634 = DIRECTION ( 'NONE',  ( 1.000000000000000000, 0.000000000000000000, -0.000000000000000000 ) ) ;
#4635 = CARTESIAN_POINT ( 'NONE',  ( -6.000000000000000000, 48.00000000000002842, 3.499999999999999556 ) ) ;
#4636 = ORIENTED_EDGE ( 'NONE', *, *, #4743, .T. ) ;
#4637 = ADVANCED_FACE ( 'NONE', ( #5378 ), #2151, .F. ) ;
#4638 = VECTOR ( 'NONE', #4450, 1000.000000000000000 ) ;
#4639 = EDGE_CURVE ( 'NONE', #4561, #997, #898, .T. ) ;
#4640 = CARTESIAN_POINT ( 'NONE',  ( -110.9999999999999716, 2.500000000000009326, 48.00000000000000000 ) ) ;
#4641 = EDGE_LOOP ( 'NONE', ( #2317, #2356, #1175, #1912, #797, #4423, #5331, #940 ) ) ;
#4642 = CARTESIAN_POINT ( 'NONE',  ( -54.56666666666548338, 85.71666666666594381, -32.21666666666681778 ) ) ;
#4643 = DIRECTION ( 'NONE',  ( 0.5773502691896258421, 0.5773502691896414962, -0.5773502691896100769 ) ) ;
#4644 = CARTESIAN_POINT ( 'NONE',  ( -117.0000000000000000, 49.00000000000000000, 1.500000000000000444 ) ) ;
#4645 = EDGE_LOOP ( 'NONE', ( #5690, #1312, #5203, #1085 ) ) ;
#4646 = AXIS2_PLACEMENT_3D ( 'NONE', #4718, #5187, #2844 ) ;
#4647 = ORIENTED_EDGE ( 'NONE', *, *, #2823, .T. ) ;
#4648 = ADVANCED_FACE ( 'NONE', ( #467 ), #2236, .F. ) ;
#4649 = LINE ( 'NONE', #4075, #1875 ) ;
#4650 = ORIENTED_EDGE ( 'NONE', *, *, #4878, .F. ) ;
#4651 = LOCAL_TIME ( 14, 34, 24.00000000000000000, #5528 ) ;
#4652 = LINE ( 'NONE', #1555, #1262 ) ;
#4653 = ORIENTED_EDGE ( 'NONE', *, *, #3857, .F. ) ;
#4654 = ADVANCED_FACE ( 'NONE', ( #2828 ), #116, .T. ) ;
#4655 = PLANE ( 'NONE',  #1608 ) ;
#4656 = CARTESIAN_POINT ( 'NONE',  ( -46.50000000000008527, 2.500000000000030198, 48.00000000000000000 ) ) ;
#4657 = ORIENTED_EDGE ( 'NONE', *, *, #5350, .F. ) ;
#4658 = LINE ( 'NONE', #4215, #2321 ) ;
#4659 = CARTESIAN_POINT ( 'NONE',  ( -121.5000000000000000, 8.000000000000000000, 0.5000000000000004441 ) ) ;
#4660 = ORIENTED_EDGE ( 'NONE', *, *, #2288, .F. ) ;
#4661 = DIRECTION ( 'NONE',  ( 0.7071067811865370256, 0.000000000000000000, -0.7071067811865580088 ) ) ;
#4662 = ORIENTED_EDGE ( 'NONE', *, *, #1801, .F. ) ;
#4663 = VECTOR ( 'NONE', #608, 1000.000000000000000 ) ;
#4664 = DIRECTION ( 'NONE',  ( 0.000000000000000000, 1.000000000000000000, 0.000000000000000000 ) ) ;
#4665 = CARTESIAN_POINT ( 'NONE',  ( -119.0000000000000000, 44.65000000000000568, 7.000000000000000000 ) ) ;
#4666 = LINE ( 'NONE', #2436, #2920 ) ;
#4667 = CARTESIAN_POINT ( 'NONE',  ( -112.3500000000000085, 2.000000000000020872, 7.000000000000000000 ) ) ;
#4668 = LINE ( 'NONE', #5642, #4005 ) ;
#4669 = EDGE_LOOP ( 'NONE', ( #4392, #2422, #241, #5273 ) ) ;
#4670 = VECTOR ( 'NONE', #2829, 1000.000000000000000 ) ;
#4671 = LINE ( 'NONE', #3762, #3768 ) ;
#4672 = CARTESIAN_POINT ( 'NONE',  ( -86.28333333333287669, 22.28333333333274169, -24.21666666666626000 ) ) ;
#4673 = DIRECTION ( 'NONE',  ( 1.000000000000000000, 0.000000000000000000, 0.000000000000000000 ) ) ;
#4674 = CARTESIAN_POINT ( 'NONE',  ( -121.5000000000000000, 5.000000000000000000, 0.5000000000000004441 ) ) ;
#4675 = ORIENTED_EDGE ( 'NONE', *, *, #5630, .F. ) ;
#4676 = VECTOR ( 'NONE', #2300, 1000.000000000000114 ) ;
#4677 = CIRCLE ( 'NONE', #2904, 1.699999999999999956 ) ;
#4678 = ADVANCED_FACE ( 'NONE', ( #3310 ), #2409, .T. ) ;
#4679 = DIRECTION ( 'NONE',  ( 0.000000000000000000, 1.000000000000000000, 0.000000000000000000 ) ) ;
#4680 = CIRCLE ( 'NONE', #5240, 1.699999999999999734 ) ;
#4681 = CARTESIAN_POINT ( 'NONE',  ( -110.9999999999999716, 6.000000000000025757, 0.5000000000000004441 ) ) ;
#4682 = VERTEX_POINT ( 'NONE', #3765 ) ;
#4683 = ADVANCED_FACE ( 'NONE', ( #3708 ), #85, .T. ) ;
#4684 = ORIENTED_EDGE ( 'NONE', *, *, #1450, .F. ) ;
#4685 = FACE_OUTER_BOUND ( 'NONE', #4420, .T. ) ;
#4686 = DIRECTION ( 'NONE',  ( 0.7071067811865378028, 0.000000000000000000, 0.7071067811865573427 ) ) ;
#4687 = VERTEX_POINT ( 'NONE', #4611 ) ;
#4688 = DIRECTION ( 'NONE',  ( 0.7071067811865378028, 0.7071067811865573427, -0.000000000000000000 ) ) ;
#4689 = ORIENTED_EDGE ( 'NONE', *, *, #5121, .T. ) ;
#4690 = ADVANCED_FACE ( 'NONE', ( #5498 ), #4520, .T. ) ;
#4691 = ORIENTED_EDGE ( 'NONE', *, *, #2261, .T. ) ;
#4692 = LINE ( 'NONE', #737, #4577 ) ;
#4693 = ORIENTED_EDGE ( 'NONE', *, *, #2978, .T. ) ;
#4694 = LINE ( 'NONE', #686, #3869 ) ;
#4695 = CARTESIAN_POINT ( 'NONE',  ( -104.1499999999999915, 5.500000000000039968, 0.000000000000000000 ) ) ;
#4696 = CARTESIAN_POINT ( 'NONE',  ( -121.9999999999999858, 4.500000000000010658, 0.000000000000000000 ) ) ;
#4697 = LINE ( 'NONE', #2343, #181 ) ;
#4698 = EDGE_LOOP ( 'NONE', ( #4845, #1861, #1457, #1556 ) ) ;
#4699 = LINE ( 'NONE', #5558, #4421 ) ;
#4700 = LINE ( 'NONE', #3905, #742 ) ;
#4701 = DIRECTION ( 'NONE',  ( 0.000000000000000000, -1.000000000000000000, 0.000000000000000000 ) ) ;
#4702 = CARTESIAN_POINT ( 'NONE',  ( -16.14999999999999147, 4.000000000000015987, 0.5000000000000281997 ) ) ;
#4703 = ORIENTED_EDGE ( 'NONE', *, *, #2383, .F. ) ;
#4704 = EDGE_CURVE ( 'NONE', #2390, #4074, #208, .T. ) ;
#4705 = CARTESIAN_POINT ( 'NONE',  ( -0.5000000000000004441, 55.00000000000002842, 7.000000000000000000 ) ) ;
#4706 = ORIENTED_EDGE ( 'NONE', *, *, #623, .T. ) ;
#4707 = VECTOR ( 'NONE', #4126, 1000.000000000000000 ) ;
#4708 = DIRECTION ( 'NONE',  ( -1.000000000000000000, 0.000000000000000000, 0.000000000000000000 ) ) ;
#4709 = EDGE_CURVE ( 'NONE', #2128, #223, #2731, .T. ) ;
#4710 = ORIENTED_EDGE ( 'NONE', *, *, #2279, .T. ) ;
#4711 = AXIS2_PLACEMENT_3D ( 'NONE', #588, #121, #2387 ) ;
#4712 = ORIENTED_EDGE ( 'NONE', *, *, #2020, .F. ) ;
#4713 = EDGE_CURVE ( 'NONE', #2969, #3487, #1075, .T. ) ;
#4714 = ORIENTED_EDGE ( 'NONE', *, *, #1232, .T. ) ;
#4715 = CARTESIAN_POINT ( 'NONE',  ( -49.00000000000007105, 38.99999999999990052, 45.00000000000000000 ) ) ;
#4716 = EDGE_CURVE ( 'NONE', #1528, #2510, #2347, .T. ) ;
#4717 = VECTOR ( 'NONE', #2763, 1000.000000000000000 ) ;
#4718 = CARTESIAN_POINT ( 'NONE',  ( -18.99999999999999645, 53.00000000000000711, 3.500000000000000000 ) ) ;
#4719 = ORIENTED_EDGE ( 'NONE', *, *, #5592, .F. ) ;
#4720 = CARTESIAN_POINT ( 'NONE',  ( -112.9999999999999716, 35.64999999999992042, 45.00000000000000000 ) ) ;
#4721 = ORIENTED_EDGE ( 'NONE', *, *, #2273, .F. ) ;
#4722 = ORIENTED_EDGE ( 'NONE', *, *, #2038, .T. ) ;
#4723 = VERTEX_POINT ( 'NONE', #5560 ) ;
#4724 = ADVANCED_FACE ( 'NONE', ( #5019 ), #5082, .T. ) ;
#4725 = CARTESIAN_POINT ( 'NONE',  ( -110.9999999999999716, 6.000000000000025757, 1.500000000000000444 ) ) ;
#4726 = CARTESIAN_POINT ( 'NONE',  ( -2.282530889443220763E-16, 1.500000000000037748, 48.00000000000000000 ) ) ;
#4727 = DIRECTION ( 'NONE',  ( 0.000000000000000000, -0.000000000000000000, 1.000000000000000000 ) ) ;
#4728 = CARTESIAN_POINT ( 'NONE',  ( -120.0000000000000000, 5.000000000000000000, 0.5000000000000004441 ) ) ;
#4729 = LINE ( 'NONE', #2439, #4768 ) ;
#4730 = CARTESIAN_POINT ( 'NONE',  ( -21.24999999999932854, -21.24999999999999289, 1.500000000000000444 ) ) ;
#4731 = LINE ( 'NONE', #4610, #3999 ) ;
#4732 = DIRECTION ( 'NONE',  ( 0.000000000000000000, 0.7071067811865359154, 0.7071067811865592301 ) ) ;
#4733 = DIRECTION ( 'NONE',  ( -1.000000000000000000, 0.000000000000000000, 0.000000000000000000 ) ) ;
#4734 = VERTEX_POINT ( 'NONE', #518 ) ;
#4735 = EDGE_CURVE ( 'NONE', #2624, #195, #1515, .T. ) ;
#4736 = ORIENTED_EDGE ( 'NONE', *, *, #831, .F. ) ;
#4737 = VECTOR ( 'NONE', #4865, 1000.000000000000000 ) ;
#4738 = CARTESIAN_POINT ( 'NONE',  ( -110.9999999999999716, 43.99999999999990052, 48.00000000000000000 ) ) ;
#4739 = ORIENTED_EDGE ( 'NONE', *, *, #4258, .T. ) ;
#4740 = DIRECTION ( 'NONE',  ( -0.5773502691896210681, -0.5773502691896280625, 0.5773502691896280625 ) ) ;
#4741 = AXIS2_PLACEMENT_3D ( 'NONE', #3293, #2907, #1056 ) ;
#4742 = EDGE_LOOP ( 'NONE', ( #407, #3172, #3320, #1783 ) ) ;
#4743 = EDGE_CURVE ( 'NONE', #3499, #1347, #1043, .T. ) ;
#4744 = ORIENTED_EDGE ( 'NONE', *, *, #1111, .T. ) ;
#4745 = DIRECTION ( 'NONE',  ( 1.000000000000000000, 0.000000000000000000, -0.000000000000000000 ) ) ;
#4746 = CARTESIAN_POINT ( 'NONE',  ( -47.00000000000008527, 2.500000000000030198, 0.5000000000000003331 ) ) ;
#4747 = EDGE_LOOP ( 'NONE', ( #4628, #3629, #2096, #3216 ) ) ;
#4748 = DIRECTION ( 'NONE',  ( 0.5773502691896205130, 0.5773502691896205130, -0.5773502691896363892 ) ) ;
#4749 = ORIENTED_EDGE ( 'NONE', *, *, #4046, .F. ) ;
#4750 = EDGE_CURVE ( 'NONE', #1347, #5072, #1414, .T. ) ;
#4751 = EDGE_LOOP ( 'NONE', ( #1367, #3081, #212, #4819 ) ) ;
#4752 = DIRECTION ( 'NONE',  ( 0.000000000000000000, 0.000000000000000000, 1.000000000000000000 ) ) ;
#4753 = DIRECTION ( 'NONE',  ( -0.7071067811865524577, -0.000000000000000000, -0.7071067811865425767 ) ) ;
#4754 = LINE ( 'NONE', #1192, #2706 ) ;
#4755 = CARTESIAN_POINT ( 'NONE',  ( -121.9999999999999858, 7.500000000000013323, 0.000000000000000000 ) ) ;
#4756 = CARTESIAN_POINT ( 'NONE',  ( -119.0000000000000000, 54.00000000000000000, 0.000000000000000000 ) ) ;
#4757 = AXIS2_PLACEMENT_3D ( 'NONE', #667, #1877, #3675 ) ;
#4758 = EDGE_CURVE ( 'NONE', #517, #5211, #3680, .T. ) ;
#4759 = CARTESIAN_POINT ( 'NONE',  ( -104.1499999999999915, 2.500000000000020428, 0.5000000000000003331 ) ) ;
#4760 = CARTESIAN_POINT ( 'NONE',  ( -110.9999999999999716, 2.500000000000009326, 7.000000000000000000 ) ) ;
#4761 = CARTESIAN_POINT ( 'NONE',  ( -115.2333333333332916, 6.383333333333309767, -1.883333333333339965 ) ) ;
#4762 = EDGE_CURVE ( 'NONE', #5320, #2601, #3733, .T. ) ;
#4763 = VECTOR ( 'NONE', #1163, 1000.000000000000227 ) ;
#4764 = VERTEX_POINT ( 'NONE', #2794 ) ;
#4765 = LINE ( 'NONE', #2536, #3114 ) ;
#4766 = ORIENTED_EDGE ( 'NONE', *, *, #913, .T. ) ;
#4767 = DIRECTION ( 'NONE',  ( -1.266221515311539036E-16, -1.000000000000000000, 0.000000000000000000 ) ) ;
#4768 = VECTOR ( 'NONE', #4226, 999.9999999999998863 ) ;
#4769 = ORIENTED_EDGE ( 'NONE', *, *, #1847, .T. ) ;
#4770 = VECTOR ( 'NONE', #3523, 1000.000000000000000 ) ;
#4771 = AXIS2_PLACEMENT_3D ( 'NONE', #861, #2631, #1326 ) ;
#4772 = CARTESIAN_POINT ( 'NONE',  ( -110.9999999999999716, 43.99999999999990052, 47.50000000000001421 ) ) ;
#4773 = CARTESIAN_POINT ( 'NONE',  ( -18.99999999999999645, 55.00000000000002842, 3.500000000000000000 ) ) ;
#4774 = ORIENTED_EDGE ( 'NONE', *, *, #4952, .F. ) ;
#4775 = VECTOR ( 'NONE', #4574, 1000.000000000000000 ) ;
#4776 = LINE ( 'NONE', #2625, #3926 ) ;
#4777 = APPROVAL ( #1392, 'UNSPECIFIED' ) ;
#4778 = ORIENTED_EDGE ( 'NONE', *, *, #1985, .F. ) ;
#4779 = CARTESIAN_POINT ( 'NONE',  ( -22.35000000000000853, 1.500000000000002220, 7.000000000000000000 ) ) ;
#4780 = DIRECTION ( 'NONE',  ( -1.000000000000000000, -1.521687259628775549E-16, 0.000000000000000000 ) ) ;
#4781 = ADVANCED_FACE ( 'NONE', ( #4551 ), #3244, .F. ) ;
#4782 = LINE ( 'NONE', #2220, #4851 ) ;
#4783 = CARTESIAN_POINT ( 'NONE',  ( -47.00000000000008527, 43.99999999999990052, 47.50000000000001421 ) ) ;
#4784 = DIRECTION ( 'NONE',  ( 1.000000000000000000, 0.000000000000000000, 0.000000000000000000 ) ) ;
#4785 = EDGE_CURVE ( 'NONE', #693, #1241, #2315, .T. ) ;
#4786 = DIRECTION ( 'NONE',  ( -0.000000000000000000, 0.000000000000000000, -1.000000000000000000 ) ) ;
#4787 = CARTESIAN_POINT ( 'NONE',  ( -110.0000000000000000, 6.000000000000025757, 5.199999999999999289 ) ) ;
#4788 = DIRECTION ( 'NONE',  ( 0.000000000000000000, -0.000000000000000000, -1.000000000000000000 ) ) ;
#4789 = ADVANCED_FACE ( 'NONE', ( #3906 ), #721, .F. ) ;
#4790 = FACE_OUTER_BOUND ( 'NONE', #1296, .T. ) ;
#4791 = ORIENTED_EDGE ( 'NONE', *, *, #5325, .F. ) ;
#4792 = LINE ( 'NONE', #781, #3306 ) ;
#4793 = ORIENTED_EDGE ( 'NONE', *, *, #3069, .T. ) ;
#4794 = CARTESIAN_POINT ( 'NONE',  ( -120.0000000000000000, 54.00000000000000711, 0.5000000000000004441 ) ) ;
#4795 = EDGE_CURVE ( 'NONE', #679, #857, #2558, .T. ) ;
#4796 = VERTEX_POINT ( 'NONE', #3343 ) ;
#4797 = AXIS2_PLACEMENT_3D ( 'NONE', #4471, #4050, #3186 ) ;
#4798 = DIRECTION ( 'NONE',  ( -0.000000000000000000, 1.000000000000000000, -0.000000000000000000 ) ) ;
#4799 = DIRECTION ( 'NONE',  ( -0.000000000000000000, -0.000000000000000000, -1.000000000000000000 ) ) ;
#4800 = EDGE_CURVE ( 'NONE', #4381, #4986, #1166, .T. ) ;
#4801 = DIRECTION ( 'NONE',  ( -0.7071067811865384689, -0.7071067811865565655, 0.000000000000000000 ) ) ;
#4802 = VERTEX_POINT ( 'NONE', #5618 ) ;
#4803 = VECTOR ( 'NONE', #2097, 1000.000000000000000 ) ;
#4804 = CARTESIAN_POINT ( 'NONE',  ( -110.9999999999999716, 43.99999999999990052, 46.00000000000000000 ) ) ;
#4805 = ORIENTED_EDGE ( 'NONE', *, *, #5319, .T. ) ;
#4806 = FACE_BOUND ( 'NONE', #243, .T. ) ;
#4807 = ORIENTED_EDGE ( 'NONE', *, *, #4080, .T. ) ;
#4808 = VECTOR ( 'NONE', #1334, 1000.000000000000000 ) ;
#4809 = PLANE ( 'NONE',  #4951 ) ;
#4810 = LINE ( 'NONE', #3954, #5767 ) ;
#4811 = PLANE ( 'NONE',  #2230 ) ;
#4812 = CARTESIAN_POINT ( 'NONE',  ( -6.000000000000023981, 49.00000000000001421, 6.500000000000013323 ) ) ;
#4813 = DIRECTION ( 'NONE',  ( -0.5773502691896293948, -0.5773502691896319483, -0.5773502691896159611 ) ) ;
#4814 = EDGE_CURVE ( 'NONE', #2382, #977, #2443, .T. ) ;
#4815 = CARTESIAN_POINT ( 'NONE',  ( -6.000000000000000000, 46.30000000000002558, 3.499999999999999556 ) ) ;
#4816 = CYLINDRICAL_SURFACE ( 'NONE', #5089, 1.700000000000000178 ) ;
#4817 = ADVANCED_FACE ( 'NONE', ( #1199 ), #3373, .T. ) ;
#4818 = CARTESIAN_POINT ( 'NONE',  ( -18.99999999999999645, 55.00000000000002842, 3.500000000000000000 ) ) ;
#4819 = ORIENTED_EDGE ( 'NONE', *, *, #2211, .F. ) ;
#4820 = FACE_OUTER_BOUND ( 'NONE', #5454, .T. ) ;
#4821 = CIRCLE ( 'NONE', #2283, 1.699999999999999734 ) ;
#4822 = VERTEX_POINT ( 'NONE', #3853 ) ;
#4823 = EDGE_CURVE ( 'NONE', #1080, #807, #236, .T. ) ;
#4824 = FACE_OUTER_BOUND ( 'NONE', #2654, .T. ) ;
#4825 = AXIS2_PLACEMENT_3D ( 'NONE', #969, #5033, #4506 ) ;
#4826 = DIRECTION ( 'NONE',  ( 1.521687259628775549E-16, -1.000000000000000000, 0.000000000000000000 ) ) ;
#4827 = DIRECTION ( 'NONE',  ( -0.000000000000000000, 1.000000000000000000, 0.000000000000000000 ) ) ;
#4828 = ORIENTED_EDGE ( 'NONE', *, *, #1486, .T. ) ;
#4829 = CARTESIAN_POINT ( 'NONE',  ( -121.5000000000000000, 8.000000000000000000, 7.000000000000000000 ) ) ;
#4830 = ORIENTED_EDGE ( 'NONE', *, *, #3892, .F. ) ;
#4831 = EDGE_CURVE ( 'NONE', #4055, #3472, #2953, .T. ) ;
#4832 = VERTEX_POINT ( 'NONE', #776 ) ;
#4833 = DIRECTION ( 'NONE',  ( 0.000000000000000000, 0.000000000000000000, -1.000000000000000000 ) ) ;
#4834 = FACE_OUTER_BOUND ( 'NONE', #5387, .T. ) ;
#4835 = DIRECTION ( 'NONE',  ( 1.000000000000000000, 0.000000000000000000, 0.000000000000000000 ) ) ;
#4836 = DIRECTION ( 'NONE',  ( 1.000000000000000000, 1.907754749525137334E-32, 0.000000000000000000 ) ) ;
#4837 = LINE ( 'NONE', #2607, #296 ) ;
#4838 = CARTESIAN_POINT ( 'NONE',  ( -107.2999999999999972, 38.99999999999990052, 43.00000000000000000 ) ) ;
#4839 = CARTESIAN_POINT ( 'NONE',  ( -21.85000000000000142, 2.000000000000012879, 6.499999999999985789 ) ) ;
#4840 = DIRECTION ( 'NONE',  ( -1.000000000000000000, 0.000000000000000000, 0.000000000000000000 ) ) ;
#4841 = CARTESIAN_POINT ( 'NONE',  ( -117.0000000000000000, 6.000000000000023981, 6.500000000000013323 ) ) ;
#4842 = PRODUCT_DEFINITION_SHAPE ( 'NONE', 'NONE',  #4160 ) ;
#4843 = ORIENTED_EDGE ( 'NONE', *, *, #5312, .T. ) ;
#4844 = CARTESIAN_POINT ( 'NONE',  ( -123.0000000000000142, 0.4999999999999866773, 0.000000000000000000 ) ) ;
#4845 = ORIENTED_EDGE ( 'NONE', *, *, #1356, .T. ) ;
#4846 = CARTESIAN_POINT ( 'NONE',  ( -46.50000000000008527, 0.000000000000000000, 48.00000000000000000 ) ) ;
#4847 = EDGE_CURVE ( 'NONE', #152, #5021, #262, .T. ) ;
#4848 = VECTOR ( 'NONE', #4322, 1000.000000000000000 ) ;
#4849 = AXIS2_PLACEMENT_3D ( 'NONE', #4659, #2814, #1900 ) ;
#4850 = FACE_OUTER_BOUND ( 'NONE', #2548, .T. ) ;
#4851 = VECTOR ( 'NONE', #4004, 1000.000000000000000 ) ;
#4852 = CARTESIAN_POINT ( 'NONE',  ( -18.99999999999999645, 2.000000000000015543, 3.500000000000000000 ) ) ;
#4853 = CARTESIAN_POINT ( 'NONE',  ( -2.000000000000021760, 50.85000000000003695, 7.000000000000000000 ) ) ;
#4854 = EDGE_CURVE ( 'NONE', #1049, #4734, #4230, .T. ) ;
#4855 = ORIENTED_EDGE ( 'NONE', *, *, #3283, .F. ) ;
#4856 = DIRECTION ( 'NONE',  ( -0.7071067811865573427, 0.7071067811865378028, -0.000000000000000000 ) ) ;
#4857 = ORIENTED_EDGE ( 'NONE', *, *, #1609, .F. ) ;
#4858 = VECTOR ( 'NONE', #3759, 1000.000000000000000 ) ;
#4859 = EDGE_LOOP ( 'NONE', ( #5384, #1942, #4072, #2836, #701, #1014, #3944, #5458 ) ) ;
#4860 = LINE ( 'NONE', #858, #5621 ) ;
#4861 = ORIENTED_EDGE ( 'NONE', *, *, #3048, .T. ) ;
#4862 = AXIS2_PLACEMENT_3D ( 'NONE', #1905, #2403, #4604 ) ;
#4863 = DIRECTION ( 'NONE',  ( -1.000000000000000000, 0.000000000000000000, 0.000000000000000000 ) ) ;
#4864 = AXIS2_PLACEMENT_3D ( 'NONE', #3260, #2746, #3324 ) ;
#4865 = DIRECTION ( 'NONE',  ( 1.000000000000000000, 0.000000000000000000, -0.000000000000000000 ) ) ;
#4866 = ADVANCED_FACE ( 'NONE', ( #3010, #4348 ), #2006, .T. ) ;
#4867 = CARTESIAN_POINT ( 'NONE',  ( -112.8500000000000085, 2.500000000000007550, 0.5000000000000003331 ) ) ;
#4868 = CARTESIAN_POINT ( 'NONE',  ( -47.00000000000008527, 1.999999999999999556, 0.5000000000000003331 ) ) ;
#4869 = DIRECTION ( 'NONE',  ( -0.7071067811865376918, -0.7071067811865574537, 0.000000000000000000 ) ) ;
#4870 = DIRECTION ( 'NONE',  ( 0.7071067811865364705, 0.7071067811865584529, -0.000000000000000000 ) ) ;
#4871 = LINE ( 'NONE', #5343, #2647 ) ;
#4872 = AXIS2_PLACEMENT_3D ( 'NONE', #5533, #4144, #586 ) ;
#4873 = ORIENTED_EDGE ( 'NONE', *, *, #1328, .T. ) ;
#4874 = VECTOR ( 'NONE', #5408, 1000.000000000000000 ) ;
#4875 = FACE_OUTER_BOUND ( 'NONE', #1274, .T. ) ;
#4876 = ORIENTED_EDGE ( 'NONE', *, *, #3116, .F. ) ;
#4877 = DIRECTION ( 'NONE',  ( -0.5773502691896318373, -0.5773502691896298389, 0.5773502691896157391 ) ) ;
#4878 = EDGE_CURVE ( 'NONE', #3536, #4561, #1137, .T. ) ;
#4879 = EDGE_CURVE ( 'NONE', #5682, #1241, #1660, .T. ) ;
#4880 = PLANE ( 'NONE',  #3104 ) ;
#4881 = CARTESIAN_POINT ( 'NONE',  ( -53.00000000000015632, 36.14999999999990621, 45.00000000000000000 ) ) ;
#4882 = PLANE ( 'NONE',  #3622 ) ;
#4883 = DIRECTION ( 'NONE',  ( 1.000000000000000000, 0.000000000000000000, 0.000000000000000000 ) ) ;
#4884 = VERTEX_POINT ( 'NONE', #3798 ) ;
#4885 = ORIENTED_EDGE ( 'NONE', *, *, #4146, .T. ) ;
#4886 = EDGE_CURVE ( 'NONE', #5056, #1084, #346, .T. ) ;
#4887 = ORIENTED_EDGE ( 'NONE', *, *, #1279, .T. ) ;
#4888 = ORIENTED_EDGE ( 'NONE', *, *, #4785, .T. ) ;
#4889 = EDGE_CURVE ( 'NONE', #5357, #5098, #2924, .T. ) ;
#4890 = VECTOR ( 'NONE', #4599, 1000.000000000000000 ) ;
#4891 = DIRECTION ( 'NONE',  ( -0.5773502691896194028, -0.5773502691896226224, 0.5773502691896352790 ) ) ;
#4892 = CARTESIAN_POINT ( 'NONE',  ( -18.99999999999999645, 55.00000000000002842, 3.500000000000000000 ) ) ;
#4893 = ADVANCED_FACE ( 'NONE', ( #695 ), #2530, .T. ) ;
#4894 = DIRECTION ( 'NONE',  ( 1.000000000000000000, 0.000000000000000000, -0.000000000000000000 ) ) ;
#4895 = ORIENTED_EDGE ( 'NONE', *, *, #3338, .F. ) ;
#4896 = VECTOR ( 'NONE', #1366, 1000.000000000000000 ) ;
#4897 = EDGE_CURVE ( 'NONE', #4992, #1383, #2501, .T. ) ;
#4898 = CARTESIAN_POINT ( 'NONE',  ( -4.000000000000023093, 50.85000000000003695, 6.499999999999985789 ) ) ;
#4899 = CARTESIAN_POINT ( 'NONE',  ( -6.000000000000000000, 48.00000000000002842, 3.499999999999999556 ) ) ;
#4900 = VECTOR ( 'NONE', #1873, 1000.000000000000000 ) ;
#4901 = VERTEX_POINT ( 'NONE', #3535 ) ;
#4902 = EDGE_CURVE ( 'NONE', #4339, #3636, #3936, .T. ) ;
#4903 = PLANE ( 'NONE',  #408 ) ;
#4904 = ORIENTED_EDGE ( 'NONE', *, *, #1264, .F. ) ;
#4905 = CARTESIAN_POINT ( 'NONE',  ( -44.50000000000007816, 1.500000000000033529, 7.000000000000000000 ) ) ;
#4906 = VERTEX_POINT ( 'NONE', #3096 ) ;
#4907 = DIRECTION ( 'NONE',  ( 0.000000000000000000, 0.000000000000000000, 1.000000000000000000 ) ) ;
#4908 = DIRECTION ( 'NONE',  ( 1.521687259628775549E-16, -1.000000000000000000, 0.000000000000000000 ) ) ;
#4909 = PERSON_AND_ORGANIZATION ( #1005, #4547 ) ;
#4910 = DIRECTION ( 'NONE',  ( -0.5773502691896204020, -0.5773502691896285066, 0.5773502691896285066 ) ) ;
#4911 = ORIENTED_EDGE ( 'NONE', *, *, #3434, .F. ) ;
#4912 = EDGE_CURVE ( 'NONE', #3713, #4155, #866, .T. ) ;
#4913 = EDGE_LOOP ( 'NONE', ( #1216, #5377, #3587, #3098 ) ) ;
#4914 = CARTESIAN_POINT ( 'NONE',  ( -110.6999999999999744, 38.99999999999990052, 46.00000000000000000 ) ) ;
#4915 = EDGE_LOOP ( 'NONE', ( #5450, #589, #5332, #5385 ) ) ;
#4916 = ORIENTED_EDGE ( 'NONE', *, *, #2707, .T. ) ;
#4917 = FACE_OUTER_BOUND ( 'NONE', #5177, .T. ) ;
#4918 = PLANE ( 'NONE',  #1099 ) ;
#4919 = DIRECTION ( 'NONE',  ( -0.000000000000000000, -0.000000000000000000, 1.000000000000000000 ) ) ;
#4920 = DIRECTION ( 'NONE',  ( 1.000000000000000000, 0.000000000000000000, 0.000000000000000000 ) ) ;
#4921 = EDGE_CURVE ( 'NONE', #922, #3760, #145, .T. ) ;
#4922 = FACE_BOUND ( 'NONE', #3627, .T. ) ;
#4923 = VERTEX_POINT ( 'NONE', #5373 ) ;
#4924 = DIRECTION ( 'NONE',  ( -0.000000000000000000, 0.000000000000000000, -1.000000000000000000 ) ) ;
#4925 = PLANE ( 'NONE',  #2560 ) ;
#4926 = ORIENTED_EDGE ( 'NONE', *, *, #673, .T. ) ;
#4927 = EDGE_CURVE ( 'NONE', #1796, #3748, #485, .T. ) ;
#4928 = LINE ( 'NONE', #1798, #2255 ) ;
#4929 = ORIENTED_EDGE ( 'NONE', *, *, #2430, .T. ) ;
#4930 = CARTESIAN_POINT ( 'NONE',  ( -45.00000000000007816, 2.500000000000030198, 1.500000000000000444 ) ) ;
#4931 = DIRECTION ( 'NONE',  ( 0.000000000000000000, -1.000000000000000000, 0.000000000000000000 ) ) ;
#4932 = ADVANCED_FACE ( 'NONE', ( #5731 ), #2694, .F. ) ;
#4933 = ORIENTED_EDGE ( 'NONE', *, *, #4386, .T. ) ;
#4934 = LINE ( 'NONE', #3599, #5438 ) ;
#4935 = FACE_OUTER_BOUND ( 'NONE', #5412, .T. ) ;
#4936 = CALENDAR_DATE ( 2023, 20, 1 ) ;
#4937 = EDGE_LOOP ( 'NONE', ( #4364, #270, #3052, #4000 ) ) ;
#4938 = ORIENTED_EDGE ( 'NONE', *, *, #4242, .F. ) ;
#4939 = ORIENTED_EDGE ( 'NONE', *, *, #2618, .F. ) ;
#4940 = PLANE ( 'NONE',  #102 ) ;
#4941 = VERTEX_POINT ( 'NONE', #3040 ) ;
#4942 = APPLICATION_CONTEXT ( 'configuration controlled 3d designs of mechanical parts and assemblies' ) ;
#4943 = CARTESIAN_POINT ( 'NONE',  ( -16.14999999999999147, 4.000000000000015987, 7.000000000000000000 ) ) ;
#4944 = DIRECTION ( 'NONE',  ( -0.000000000000000000, -0.000000000000000000, 1.000000000000000000 ) ) ;
#4945 = VECTOR ( 'NONE', #1619, 1000.000000000000000 ) ;
#4946 = LINE ( 'NONE', #481, #3470 ) ;
#4947 = VECTOR ( 'NONE', #5548, 1000.000000000000000 ) ;
#4948 = LINE ( 'NONE', #944, #5313 ) ;
#4949 = EDGE_LOOP ( 'NONE', ( #1402, #4200, #2118, #1503 ) ) ;
#4950 = AXIS2_PLACEMENT_3D ( 'NONE', #2741, #3626, #5445 ) ;
#4951 = AXIS2_PLACEMENT_3D ( 'NONE', #739, #2084, #3897 ) ;
#4952 = EDGE_CURVE ( 'NONE', #223, #2629, #806, .T. ) ;
#4953 = LINE ( 'NONE', #4038, #2641 ) ;
#4954 = DIRECTION ( 'NONE',  ( 0.000000000000000000, 0.000000000000000000, 1.000000000000000000 ) ) ;
#4955 = ORIENTED_EDGE ( 'NONE', *, *, #2531, .F. ) ;
#4956 = EDGE_CURVE ( 'NONE', #2624, #2716, #1795, .T. ) ;
#4957 = EDGE_CURVE ( 'NONE', #1077, #3713, #4487, .T. ) ;
#4958 = CARTESIAN_POINT ( 'NONE',  ( 0.000000000000000000, 0.000000000000000000, 45.00000000000000000 ) ) ;
#4959 = VERTEX_POINT ( 'NONE', #3562 ) ;
#4960 = VECTOR ( 'NONE', #5540, 1000.000000000000000 ) ;
#4961 = CARTESIAN_POINT ( 'NONE',  ( -119.0000000000000000, 7.500000000000013323, 0.000000000000000000 ) ) ;
#4962 = ORIENTED_EDGE ( 'NONE', *, *, #2691, .F. ) ;
#4963 = EDGE_CURVE ( 'NONE', #4992, #698, #4871, .T. ) ;
#4964 = PLANE ( 'NONE',  #5061 ) ;
#4965 = DIRECTION ( 'NONE',  ( 0.7071067811865378028, 0.000000000000000000, 0.7071067811865573427 ) ) ;
#4966 = PERSON_AND_ORGANIZATION_ROLE ( 'creator' ) ;
#4967 = DIRECTION ( 'NONE',  ( 0.000000000000000000, -0.7071067811865573427, 0.7071067811865378028 ) ) ;
#4968 = ORIENTED_EDGE ( 'NONE', *, *, #3151, .F. ) ;
#4969 = VERTEX_POINT ( 'NONE', #1358 ) ;
#4970 = ORIENTED_EDGE ( 'NONE', *, *, #3537, .F. ) ;
#4971 = ADVANCED_FACE ( 'NONE', ( #5308 ), #3067, .F. ) ;
#4972 = DIRECTION ( 'NONE',  ( 0.000000000000000000, 0.000000000000000000, -1.000000000000000000 ) ) ;
#4973 = CARTESIAN_POINT ( 'NONE',  ( -1.500000000000001776, 42.65000000000001990, 7.000000000000000000 ) ) ;
#4974 = EDGE_LOOP ( 'NONE', ( #3014, #67, #437, #3025 ) ) ;
#4975 = CARTESIAN_POINT ( 'NONE',  ( -121.6666666666666430, 1.833333333333359683, 8.333333333333323267 ) ) ;
#4976 = FACE_OUTER_BOUND ( 'NONE', #230, .T. ) ;
#4977 = ORIENTED_EDGE ( 'NONE', *, *, #1745, .T. ) ;
#4978 = VECTOR ( 'NONE', #3508, 1000.000000000000000 ) ;
#4979 = DIRECTION ( 'NONE',  ( 1.000000000000000000, 0.000000000000000000, 0.000000000000000000 ) ) ;
#4980 = LINE ( 'NONE', #4068, #2268 ) ;
#4981 = CARTESIAN_POINT ( 'NONE',  ( -104.9999999999999858, 41.84999999999990195, 45.00000000000000000 ) ) ;
#4982 = FACE_OUTER_BOUND ( 'NONE', #4414, .T. ) ;
#4983 = ORIENTED_EDGE ( 'NONE', *, *, #3151, .T. ) ;
#4984 = CIRCLE ( 'NONE', #4041, 1.699999999999993072 ) ;
#4985 = ADVANCED_FACE ( 'NONE', ( #3126 ), #4816, .F. ) ;
#4986 = VERTEX_POINT ( 'NONE', #459 ) ;
#4987 = CARTESIAN_POINT ( 'NONE',  ( -18.99999999999999645, 6.000000000000025757, 1.800000000000000488 ) ) ;
#4988 = ORIENTED_EDGE ( 'NONE', *, *, #2195, .F. ) ;
#4989 = VECTOR ( 'NONE', #3270, 1000.000000000000000 ) ;
#4990 = CARTESIAN_POINT ( 'NONE',  ( -111.2833333333333599, 2.783333333333386950, 7.283333333333357196 ) ) ;
#4991 = DIRECTION ( 'NONE',  ( 0.000000000000000000, -1.000000000000000000, 0.000000000000000000 ) ) ;
#4992 = VERTEX_POINT ( 'NONE', #2228 ) ;
#4993 = ADVANCED_FACE ( 'NONE', ( #3153, #1710 ), #4925, .T. ) ;
#4994 = ORIENTED_EDGE ( 'NONE', *, *, #4333, .F. ) ;
#4995 = CARTESIAN_POINT ( 'NONE',  ( -112.8500000000000085, 4.000000000000022204, 7.000000000000000000 ) ) ;
#4996 = ORIENTED_EDGE ( 'NONE', *, *, #134, .T. ) ;
#4997 = CARTESIAN_POINT ( 'NONE',  ( -45.00000000000007816, 2.500000000000015987, 48.00000000000000000 ) ) ;
#4998 = ADVANCED_FACE ( 'NONE', ( #1684 ), #5259, .F. ) ;
#4999 = ORIENTED_EDGE ( 'NONE', *, *, #5443, .F. ) ;
#5000 = ORIENTED_EDGE ( 'NONE', *, *, #4606, .F. ) ;
#5001 = CARTESIAN_POINT ( 'NONE',  ( -21.85000000000000142, 53.00000000000000711, 0.5000000000000281997 ) ) ;
#5002 = EDGE_LOOP ( 'NONE', ( #3280, #1428, #3250, #2131 ) ) ;
#5003 = LINE ( 'NONE', #993, #4017 ) ;
#5004 = LINE ( 'NONE', #1865, #752 ) ;
#5005 = CYLINDRICAL_SURFACE ( 'NONE', #5587, 1.699999999999993072 ) ;
#5006 = ORIENTED_EDGE ( 'NONE', *, *, #4380, .F. ) ;
#5007 = DIRECTION ( 'NONE',  ( -0.5773502691896310601, -0.5773502691896310601, 0.5773502691896151839 ) ) ;
#5008 = LINE ( 'NONE', #999, #5231 ) ;
#5009 = ADVANCED_FACE ( 'NONE', ( #3509 ), #5286, .T. ) ;
#5010 = ORIENTED_EDGE ( 'NONE', *, *, #2173, .F. ) ;
#5011 = DIRECTION ( 'NONE',  ( -0.5773502691896310601, -0.5773502691896231775, -0.5773502691896231775 ) ) ;
#5012 = DIRECTION ( 'NONE',  ( 1.000000000000000000, 1.907754749525137334E-32, 0.000000000000000000 ) ) ;
#5013 = VECTOR ( 'NONE', #2135, 1000.000000000000000 ) ;
#5014 = DIRECTION ( 'NONE',  ( 1.000000000000000000, 0.000000000000000000, 0.000000000000000000 ) ) ;
#5015 = CARTESIAN_POINT ( 'NONE',  ( -103.6500000000000057, 2.000000000000022204, 0.5000000000000005551 ) ) ;
#5016 = CARTESIAN_POINT ( 'NONE',  ( -121.5000000000000000, 5.000000000000000000, 0.5000000000000004441 ) ) ;
#5017 = FACE_OUTER_BOUND ( 'NONE', #5404, .T. ) ;
#5018 = EDGE_LOOP ( 'NONE', ( #4983, #2386 ) ) ;
#5019 = FACE_OUTER_BOUND ( 'NONE', #3150, .T. ) ;
#5020 = EDGE_LOOP ( 'NONE', ( #1612, #970, #4482, #3199 ) ) ;
#5021 = VERTEX_POINT ( 'NONE', #2278 ) ;
#5022 = PLANE ( 'NONE',  #4413 ) ;
#5023 = ORIENTED_EDGE ( 'NONE', *, *, #4800, .T. ) ;
#5024 = CARTESIAN_POINT ( 'NONE',  ( -119.3333333333333144, 4.333333333333326820, 7.166666666666665186 ) ) ;
#5025 = ADVANCED_FACE ( 'NONE', ( #4603 ), #1035, .T. ) ;
#5026 = FACE_OUTER_BOUND ( 'NONE', #3741, .T. ) ;
#5027 = ORIENTED_EDGE ( 'NONE', *, *, #4758, .F. ) ;
#5028 = VERTEX_POINT ( 'NONE', #1002 ) ;
#5029 = DIRECTION ( 'NONE',  ( -0.5773502691896177375, -0.5773502691896337247, -0.5773502691896257311 ) ) ;
#5030 = VECTOR ( 'NONE', #3634, 1000.000000000000000 ) ;
#5031 = EDGE_CURVE ( 'NONE', #1300, #1427, #1932, .T. ) ;
#5032 = DIRECTION ( 'NONE',  ( -0.000000000000000000, -0.000000000000000000, -1.000000000000000000 ) ) ;
#5033 = DIRECTION ( 'NONE',  ( 0.000000000000000000, -0.7071067811865475727, -0.7071067811865475727 ) ) ;
#5034 = ORIENTED_EDGE ( 'NONE', *, *, #5180, .T. ) ;
#5035 = CARTESIAN_POINT ( 'NONE',  ( -106.6500000000000057, 4.500000000000012434, 0.000000000000000000 ) ) ;
#5036 = DIRECTION ( 'NONE',  ( 0.000000000000000000, -1.000000000000000000, -0.000000000000000000 ) ) ;
#5037 = ORIENTED_EDGE ( 'NONE', *, *, #1494, .T. ) ;
#5038 = EDGE_LOOP ( 'NONE', ( #3319, #172 ) ) ;
#5039 = ADVANCED_FACE ( 'NONE', ( #1405 ), #2756, .T. ) ;
#5040 = CARTESIAN_POINT ( 'NONE',  ( -112.9999999999999716, 45.99999999999990052, 45.00000000000000000 ) ) ;
#5041 = AXIS2_PLACEMENT_3D ( 'NONE', #427, #3061, #829 ) ;
#5042 = CARTESIAN_POINT ( 'NONE',  ( 0.000000000000000000, 0.000000000000000000, 7.000000000000000000 ) ) ;
#5043 = AXIS2_PLACEMENT_3D ( 'NONE', #5568, #1209, #5537 ) ;
#5044 = CARTESIAN_POINT ( 'NONE',  ( -104.1499999999999915, 2.500000000000022649, 7.000000000000000000 ) ) ;
#5045 = CARTESIAN_POINT ( 'NONE',  ( -21.85000000000000142, 51.00000000000000711, 6.499999999999985789 ) ) ;
#5046 = CARTESIAN_POINT ( 'NONE',  ( -106.6500000000000057, 4.000000000000023093, 0.000000000000000000 ) ) ;
#5047 = VECTOR ( 'NONE', #2995, 1000.000000000000000 ) ;
#5048 = AXIS2_PLACEMENT_3D ( 'NONE', #1755, #425, #2190 ) ;
#5049 = DIRECTION ( 'NONE',  ( -0.000000000000000000, -0.000000000000000000, -1.000000000000000000 ) ) ;
#5050 = EDGE_LOOP ( 'NONE', ( #4336, #1929, #5775, #4142 ) ) ;
#5051 = DIRECTION ( 'NONE',  ( 0.000000000000000000, 1.000000000000000000, -0.000000000000000000 ) ) ;
#5052 = DIRECTION ( 'NONE',  ( -0.7071067811865571207, 0.7071067811865379138, 0.000000000000000000 ) ) ;
#5053 = PLANE ( 'NONE',  #1949 ) ;
#5054 = AXIS2_PLACEMENT_3D ( 'NONE', #5522, #4069, #3757 ) ;
#5055 = ORIENTED_EDGE ( 'NONE', *, *, #5215, .F. ) ;
#5056 = VERTEX_POINT ( 'NONE', #3238 ) ;
#5057 = AXIS2_PLACEMENT_3D ( 'NONE', #2807, #4590, #2359 ) ;
#5058 = CARTESIAN_POINT ( 'NONE',  ( -120.0000000000000000, 5.000000000000000000, 0.5000000000000004441 ) ) ;
#5059 = ORIENTED_EDGE ( 'NONE', *, *, #5188, .T. ) ;
#5060 = DIRECTION ( 'NONE',  ( -0.5773502691896204020, -0.5773502691896205130, -0.5773502691896362782 ) ) ;
#5061 = AXIS2_PLACEMENT_3D ( 'NONE', #650, #1483, #3284 ) ;
#5062 = EDGE_LOOP ( 'NONE', ( #2713, #2682, #629, #5394 ) ) ;
#5063 = VERTEX_POINT ( 'NONE', #5044 ) ;
#5064 = LINE ( 'NONE', #4534, #3567 ) ;
#5065 = DIRECTION ( 'NONE',  ( 0.000000000000000000, -1.000000000000000000, 0.000000000000000000 ) ) ;
#5066 = PLANE ( 'NONE',  #5392 ) ;
#5067 = VERTEX_POINT ( 'NONE', #2341 ) ;
#5068 = EDGE_CURVE ( 'NONE', #3716, #2775, #4980, .T. ) ;
#5069 = DIRECTION ( 'NONE',  ( -1.000000000000000000, -0.000000000000000000, -0.000000000000000000 ) ) ;
#5070 = ORIENTED_EDGE ( 'NONE', *, *, #3669, .T. ) ;
#5071 = ADVANCED_FACE ( 'NONE', ( #5492 ), #2306, .T. ) ;
#5072 = VERTEX_POINT ( 'NONE', #1472 ) ;
#5073 = CARTESIAN_POINT ( 'NONE',  ( -112.4999999999999716, 36.14999999999990621, 45.00000000000000000 ) ) ;
#5074 = DIRECTION ( 'NONE',  ( 0.000000000000000000, -1.000000000000000000, 0.000000000000000000 ) ) ;
#5075 = LINE ( 'NONE', #200, #1777 ) ;
#5076 = EDGE_LOOP ( 'NONE', ( #5311, #1439, #3442, #3017 ) ) ;
#5077 = ADVANCED_FACE ( 'NONE', ( #4095 ), #2788, .T. ) ;
#5078 = VECTOR ( 'NONE', #1066, 1000.000000000000000 ) ;
#5079 = CARTESIAN_POINT ( 'NONE',  ( -117.0000000000000000, 53.00000000000002842, 7.000000000000000000 ) ) ;
#5080 = ORIENTED_EDGE ( 'NONE', *, *, #2674, .F. ) ;
#5081 = FACE_OUTER_BOUND ( 'NONE', #1615, .T. ) ;
#5082 = PLANE ( 'NONE',  #1072 ) ;
#5083 = LINE ( 'NONE', #3854, #4670 ) ;
#5084 = CIRCLE ( 'NONE', #2555, 1.700000000000000178 ) ;
#5085 = APPROVAL_DATE_TIME ( #3138, #5569 ) ;
#5086 = EDGE_LOOP ( 'NONE', ( #159, #164, #1247, #1210 ) ) ;
#5087 = EDGE_CURVE ( 'NONE', #3341, #2128, #137, .T. ) ;
#5088 = VERTEX_POINT ( 'NONE', #1378 ) ;
#5089 = AXIS2_PLACEMENT_3D ( 'NONE', #4899, #893, #4460 ) ;
#5090 = FACE_OUTER_BOUND ( 'NONE', #1751, .T. ) ;
#5091 = DIRECTION ( 'NONE',  ( 1.000000000000000000, 1.907754749525137334E-32, -0.000000000000000000 ) ) ;
#5092 = ORIENTED_EDGE ( 'NONE', *, *, #3570, .F. ) ;
#5093 = VERTEX_POINT ( 'NONE', #167 ) ;
#5094 = CARTESIAN_POINT ( 'NONE',  ( -120.0000000000000000, 54.00000000000000711, 7.000000000000000000 ) ) ;
#5095 = CARTESIAN_POINT ( 'NONE',  ( -21.85000000000000142, 4.000000000000015099, 6.499999999999985789 ) ) ;
#5096 = LINE ( 'NONE', #273, #5681 ) ;
#5097 = EDGE_CURVE ( 'NONE', #5535, #1637, #3700, .T. ) ;
#5098 = VERTEX_POINT ( 'NONE', #79 ) ;
#5099 = DIRECTION ( 'NONE',  ( 0.000000000000000000, 0.000000000000000000, 1.000000000000000000 ) ) ;
#5100 = LINE ( 'NONE', #2848, #2894 ) ;
#5101 = ORIENTED_EDGE ( 'NONE', *, *, #149, .F. ) ;
#5102 = VERTEX_POINT ( 'NONE', #2371 ) ;
#5103 = CARTESIAN_POINT ( 'NONE',  ( -50.70000000000007390, 38.99999999999990052, 45.00000000000000000 ) ) ;
#5104 = CARTESIAN_POINT ( 'NONE',  ( -110.0000000000000000, 6.000000000000025757, 3.500000000000000000 ) ) ;
#5105 = FACE_OUTER_BOUND ( 'NONE', #4323, .T. ) ;
#5106 = EDGE_CURVE ( 'NONE', #5615, #1150, #4512, .T. ) ;
#5107 = DIRECTION ( 'NONE',  ( 0.000000000000000000, 1.000000000000000000, 0.000000000000000000 ) ) ;
#5108 = EDGE_LOOP ( 'NONE', ( #2179, #2830, #4597, #2744, #5512, #685 ) ) ;
#5109 = ORIENTED_EDGE ( 'NONE', *, *, #5087, .F. ) ;
#5110 = PLANE ( 'NONE',  #5352 ) ;
#5111 = ORIENTED_EDGE ( 'NONE', *, *, #1947, .T. ) ;
#5112 = LINE ( 'NONE', #2005, #283 ) ;
#5113 = CARTESIAN_POINT ( 'NONE',  ( -104.9999999999999858, 35.64999999999992042, 45.00000000000000000 ) ) ;
#5114 = EDGE_CURVE ( 'NONE', #549, #277, #5426, .T. ) ;
#5115 = CARTESIAN_POINT ( 'NONE',  ( -45.16666666666671404, 0.6666666666666609675, 47.66666666666666430 ) ) ;
#5116 = PERSON_AND_ORGANIZATION ( #1005, #4547 ) ;
#5117 = ORIENTED_EDGE ( 'NONE', *, *, #860, .T. ) ;
#5118 = VECTOR ( 'NONE', #5156, 1000.000000000000000 ) ;
#5119 = DIRECTION ( 'NONE',  ( 0.7071067811865573427, 0.000000000000000000, -0.7071067811865378028 ) ) ;
#5120 = DIRECTION ( 'NONE',  ( 1.000000000000000000, 0.000000000000000000, 0.000000000000000000 ) ) ;
#5121 = EDGE_CURVE ( 'NONE', #4884, #5056, #3615, .T. ) ;
#5122 = ORIENTED_EDGE ( 'NONE', *, *, #1297, .F. ) ;
#5123 = PLANE ( 'NONE',  #1857 ) ;
#5124 = CARTESIAN_POINT ( 'NONE',  ( -104.9999999999999858, 43.99999999999990052, 40.00000000000000000 ) ) ;
#5125 = PLANE ( 'NONE',  #2114 ) ;
#5126 = ORIENTED_EDGE ( 'NONE', *, *, #82, .T. ) ;
#5127 = FACE_OUTER_BOUND ( 'NONE', #3075, .T. ) ;
#5128 = VERTEX_POINT ( 'NONE', #1508 ) ;
#5129 = EDGE_LOOP ( 'NONE', ( #5676, #5536, #2722, #5431 ) ) ;
#5130 = CARTESIAN_POINT ( 'NONE',  ( -110.9999999999999716, 2.500000000000009326, 47.50000000000001421 ) ) ;
#5131 = ORIENTED_EDGE ( 'NONE', *, *, #5247, .T. ) ;
#5132 = ADVANCED_FACE ( 'NONE', ( #3673 ), #1068, .T. ) ;
#5133 = CARTESIAN_POINT ( 'NONE',  ( -1.049265112238826045E-30, 55.00000000000002842, 7.000000000000000000 ) ) ;
#5134 = CARTESIAN_POINT ( 'NONE',  ( -45.50000000000007105, 41.84999999999990195, 43.00000000000000000 ) ) ;
#5135 = VECTOR ( 'NONE', #2925, 1000.000000000000000 ) ;
#5136 = LINE ( 'NONE', #1131, #5250 ) ;
#5137 = VECTOR ( 'NONE', #3265, 1000.000000000000000 ) ;
#5138 = ORIENTED_EDGE ( 'NONE', *, *, #3488, .F. ) ;
#5139 = FACE_BOUND ( 'NONE', #423, .T. ) ;
#5140 = EDGE_CURVE ( 'NONE', #3833, #2815, #949, .T. ) ;
#5141 = AXIS2_PLACEMENT_3D ( 'NONE', #4507, #4061, #73 ) ;
#5142 = DIRECTION ( 'NONE',  ( 0.5773502691896210681, 0.5773502691896190697, 0.5773502691896371664 ) ) ;
#5143 = DIRECTION ( 'NONE',  ( 0.000000000000000000, 1.000000000000000000, 0.000000000000000000 ) ) ;
#5144 = ORIENTED_EDGE ( 'NONE', *, *, #987, .F. ) ;
#5145 = EDGE_CURVE ( 'NONE', #4764, #4388, #1088, .T. ) ;
#5146 = VECTOR ( 'NONE', #4784, 1000.000000000000000 ) ;
#5147 = ADVANCED_FACE ( 'NONE', ( #3420 ), #4315, .T. ) ;
#5148 = CARTESIAN_POINT ( 'NONE',  ( -104.9999999999999858, 42.34999999999993037, 45.00000000000000000 ) ) ;
#5149 = CIRCLE ( 'NONE', #1602, 1.700000000000000178 ) ;
#5150 = DIRECTION ( 'NONE',  ( 0.000000000000000000, 0.000000000000000000, -1.000000000000000000 ) ) ;
#5151 = ORIENTED_EDGE ( 'NONE', *, *, #1431, .T. ) ;
#5152 = EDGE_CURVE ( 'NONE', #3842, #1030, #1654, .T. ) ;
#5153 = EDGE_CURVE ( 'NONE', #4356, #4294, #4821, .T. ) ;
#5154 = VERTEX_POINT ( 'NONE', #5195 ) ;
#5155 = CARTESIAN_POINT ( 'NONE',  ( -18.99999999999999645, 55.00000000000002842, 3.500000000000000000 ) ) ;
#5156 = DIRECTION ( 'NONE',  ( 1.000000000000000000, 0.000000000000000000, 0.000000000000000000 ) ) ;
#5157 = ORIENTED_EDGE ( 'NONE', *, *, #4713, .T. ) ;
#5158 = DIRECTION ( 'NONE',  ( 0.000000000000000000, -1.000000000000000000, 0.000000000000000000 ) ) ;
#5159 = ORIENTED_EDGE ( 'NONE', *, *, #5402, .F. ) ;
#5160 = DIRECTION ( 'NONE',  ( 1.000000000000000000, 1.907754749525137334E-32, -0.000000000000000000 ) ) ;
#5161 = ORIENTED_EDGE ( 'NONE', *, *, #1178, .F. ) ;
#5162 = LINE ( 'NONE', #1157, #4303 ) ;
#5163 = CARTESIAN_POINT ( 'NONE',  ( -24.85000000000000142, 1.999999999999999556, 7.000000000000000000 ) ) ;
#5164 = CARTESIAN_POINT ( 'NONE',  ( -41.00000000000006395, 41.84999999999990195, 43.00000000000000000 ) ) ;
#5165 = DIRECTION ( 'NONE',  ( -1.000000000000000000, 0.000000000000000000, 0.000000000000000000 ) ) ;
#5166 = DIRECTION ( 'NONE',  ( 0.000000000000000000, 0.000000000000000000, -1.000000000000000000 ) ) ;
#5167 = VECTOR ( 'NONE', #4679, 1000.000000000000000 ) ;
#5168 = CARTESIAN_POINT ( 'NONE',  ( -16.14999999999999147, 2.000000000000013767, 7.000000000000000000 ) ) ;
#5169 = CARTESIAN_POINT ( 'NONE',  ( -123.5000000000000000, -4.286263797015740046E-16, 0.5000000000000004441 ) ) ;
#5170 = LINE ( 'NONE', #3821, #3564 ) ;
#5171 = CARTESIAN_POINT ( 'NONE',  ( -49.00000000000007105, 38.99999999999990052, 40.00000000000000000 ) ) ;
#5172 = DIRECTION ( 'NONE',  ( -0.5773502691896310601, 0.5773502691896310601, 0.5773502691896151839 ) ) ;
#5173 = ORIENTED_EDGE ( 'NONE', *, *, #4632, .F. ) ;
#5174 = ADVANCED_FACE ( 'NONE', ( #3451 ), #2402, .T. ) ;
#5175 = AXIS2_PLACEMENT_3D ( 'NONE', #1164, #694, #3851 ) ;
#5176 = CARTESIAN_POINT ( 'NONE',  ( -18.99999999999999645, 53.00000000000000711, 5.200000000000000178 ) ) ;
#5177 = EDGE_LOOP ( 'NONE', ( #2281, #3571, #3432, #216 ) ) ;
#5178 = VECTOR ( 'NONE', #1127, 1000.000000000000114 ) ;
#5179 = DIRECTION ( 'NONE',  ( 0.000000000000000000, 0.7071067811865378028, -0.7071067811865573427 ) ) ;
#5180 = EDGE_CURVE ( 'NONE', #4802, #510, #4193, .T. ) ;
#5181 = VECTOR ( 'NONE', #5091, 1000.000000000000000 ) ;
#5182 = EDGE_LOOP ( 'NONE', ( #1580, #2804, #1325, #2041 ) ) ;
#5183 = CARTESIAN_POINT ( 'NONE',  ( -16.81666666666666288, 3.333333333333348136, 5.833333333333323267 ) ) ;
#5184 = ORIENTED_EDGE ( 'NONE', *, *, #4847, .T. ) ;
#5185 = CARTESIAN_POINT ( 'NONE',  ( -15.64999999999997016, 4.000000000000015987, 0.000000000000000000 ) ) ;
#5186 = AXIS2_PLACEMENT_3D ( 'NONE', #2474, #4290, #4788 ) ;
#5187 = DIRECTION ( 'NONE',  ( 0.000000000000000000, -1.000000000000000000, 0.000000000000000000 ) ) ;
#5188 = EDGE_CURVE ( 'NONE', #4366, #548, #741, .T. ) ;
#5189 = VERTEX_POINT ( 'NONE', #3003 ) ;
#5190 = CARTESIAN_POINT ( 'NONE',  ( -108.9999999999999858, 38.99999999999990052, 40.00000000000000000 ) ) ;
#5191 = ORIENTED_EDGE ( 'NONE', *, *, #4709, .T. ) ;
#5192 = CARTESIAN_POINT ( 'NONE',  ( -15.64999999999997016, 53.50000000000002132, 0.000000000000000000 ) ) ;
#5193 = VERTEX_POINT ( 'NONE', #3877 ) ;
#5194 = DIRECTION ( 'NONE',  ( 0.7071067811865474617, -0.000000000000000000, -0.7071067811865474617 ) ) ;
#5195 = CARTESIAN_POINT ( 'NONE',  ( -110.6999999999999744, 38.99999999999990052, 45.00000000000000000 ) ) ;
#5196 = EDGE_CURVE ( 'NONE', #5299, #4027, #1191, .T. ) ;
#5197 = DIRECTION ( 'NONE',  ( 0.7071067811865573427, -0.000000000000000000, 0.7071067811865378028 ) ) ;
#5198 = CARTESIAN_POINT ( 'NONE',  ( -2.000000000000001776, 6.000000000000023981, 6.500000000000013323 ) ) ;
#5199 = CARTESIAN_POINT ( 'NONE',  ( -1.049265112238826045E-30, 55.00000000000002842, 0.5000000000000004441 ) ) ;
#5200 = CARTESIAN_POINT ( 'NONE',  ( -24.85000000000000142, 1.999999999999999556, 6.500000000000013323 ) ) ;
#5201 = DIRECTION ( 'NONE',  ( 1.000000000000000000, 0.000000000000000000, -0.000000000000000000 ) ) ;
#5202 = VECTOR ( 'NONE', #4222, 1000.000000000000000 ) ;
#5203 = ORIENTED_EDGE ( 'NONE', *, *, #3703, .T. ) ;
#5204 = CARTESIAN_POINT ( 'NONE',  ( -107.1499999999999915, 1.500000000000037748, 0.000000000000000000 ) ) ;
#5205 = ORIENTED_EDGE ( 'NONE', *, *, #1450, .T. ) ;
#5206 = CARTESIAN_POINT ( 'NONE',  ( -44.50000000000007816, 0.5000000000000004441, 7.000000000000000000 ) ) ;
#5207 = ORIENTED_EDGE ( 'NONE', *, *, #5401, .T. ) ;
#5208 = PLANE ( 'NONE',  #1345 ) ;
#5209 = ADVANCED_FACE ( 'NONE', ( #5105 ), #3756, .F. ) ;
#5210 = AXIS2_PLACEMENT_3D ( 'NONE', #3168, #3663, #1435 ) ;
#5211 = VERTEX_POINT ( 'NONE', #1597 ) ;
#5212 = PLANE ( 'NONE',  #5043 ) ;
#5213 = VECTOR ( 'NONE', #388, 1000.000000000000227 ) ;
#5214 = ORIENTED_EDGE ( 'NONE', *, *, #1827, .T. ) ;
#5215 = EDGE_CURVE ( 'NONE', #2986, #5193, #1100, .T. ) ;
#5216 = CARTESIAN_POINT ( 'NONE',  ( -112.8500000000000085, 4.000000000000022204, 7.000000000000000000 ) ) ;
#5217 = CARTESIAN_POINT ( 'NONE',  ( -54.56666666666531995, 36.71666666666601486, -32.21666666666664725 ) ) ;
#5218 = ORIENTED_EDGE ( 'NONE', *, *, #1920, .F. ) ;
#5219 = ORIENTED_EDGE ( 'NONE', *, *, #615, .F. ) ;
#5220 = EDGE_CURVE ( 'NONE', #2507, #3808, #2882, .T. ) ;
#5221 = ORIENTED_EDGE ( 'NONE', *, *, #2637, .F. ) ;
#5222 = DIRECTION ( 'NONE',  ( 0.7071067811865491270, 0.000000000000000000, 0.7071067811865459074 ) ) ;
#5223 = ORIENTED_EDGE ( 'NONE', *, *, #302, .F. ) ;
#5224 = ADVANCED_FACE ( 'NONE', ( #1997 ), #3365, .T. ) ;
#5225 = CARTESIAN_POINT ( 'NONE',  ( -104.1499999999999915, 2.500000000000011546, 7.000000000000000000 ) ) ;
#5226 = CARTESIAN_POINT ( 'NONE',  ( -15.64999999999997016, 54.00000000000000000, 0.000000000000000000 ) ) ;
#5227 = CARTESIAN_POINT ( 'NONE',  ( -107.1499999999999915, 4.000000000000023093, 0.5000000000000004441 ) ) ;
#5228 = EDGE_CURVE ( 'NONE', #3976, #2872, #4153, .T. ) ;
#5229 = PLANE ( 'NONE',  #495 ) ;
#5230 = LINE ( 'NONE', #3009, #835 ) ;
#5231 = VECTOR ( 'NONE', #3721, 1000.000000000000000 ) ;
#5232 = CARTESIAN_POINT ( 'NONE',  ( -112.8500000000000085, 4.000000000000022204, 7.000000000000000000 ) ) ;
#5233 = ORIENTED_EDGE ( 'NONE', *, *, #2769, .F. ) ;
#5234 = VECTOR ( 'NONE', #4136, 1000.000000000000000 ) ;
#5235 = DIRECTION ( 'NONE',  ( -0.000000000000000000, 0.000000000000000000, 1.000000000000000000 ) ) ;
#5236 = ORIENTED_EDGE ( 'NONE', *, *, #5068, .F. ) ;
#5237 = PLANE ( 'NONE',  #4515 ) ;
#5238 = VECTOR ( 'NONE', #2749, 1000.000000000000000 ) ;
#5239 = VERTEX_POINT ( 'NONE', #3393 ) ;
#5240 = AXIS2_PLACEMENT_3D ( 'NONE', #4505, #3580, #3089 ) ;
#5241 = CARTESIAN_POINT ( 'NONE',  ( -104.9999999999999858, 43.99999999999990052, 46.00000000000000000 ) ) ;
#5242 = CARTESIAN_POINT ( 'NONE',  ( -18.99999999999999645, 0.000000000000000000, 5.200000000000000178 ) ) ;
#5243 = PLANE ( 'NONE',  #4271 ) ;
#5244 = EDGE_LOOP ( 'NONE', ( #4292, #5523, #2477, #1810, #2259, #2663 ) ) ;
#5245 = VECTOR ( 'NONE', #138, 1000.000000000000000 ) ;
#5246 = DIRECTION ( 'NONE',  ( 0.000000000000000000, -1.000000000000000000, 0.000000000000000000 ) ) ;
#5247 = EDGE_CURVE ( 'NONE', #5591, #1618, #2945, .T. ) ;
#5248 = EDGE_LOOP ( 'NONE', ( #690, #5264, #1394, #4653 ) ) ;
#5249 = ORIENTED_EDGE ( 'NONE', *, *, #623, .F. ) ;
#5250 = VECTOR ( 'NONE', #2918, 1000.000000000000114 ) ;
#5251 = CARTESIAN_POINT ( 'NONE',  ( -47.00000000000008527, 31.99999999999990408, 33.99999999999992895 ) ) ;
#5252 = FACE_OUTER_BOUND ( 'NONE', #4913, .T. ) ;
#5253 = LINE ( 'NONE', #1731, #1490 ) ;
#5254 = LINE ( 'NONE', #4728, #1008 ) ;
#5255 = EDGE_CURVE ( 'NONE', #4155, #176, #2917, .T. ) ;
#5256 = AXIS2_PLACEMENT_3D ( 'NONE', #5155, #4243, #2015 ) ;
#5257 = CARTESIAN_POINT ( 'NONE',  ( -119.5000000000000000, 4.499999999999997335, 7.000000000000000000 ) ) ;
#5258 = DIRECTION ( 'NONE',  ( -0.5773502691896340577, -0.5773502691896295058, -0.5773502691896136296 ) ) ;
#5259 = CYLINDRICAL_SURFACE ( 'NONE', #4044, 1.699999999999998845 ) ;
#5260 = ORIENTED_EDGE ( 'NONE', *, *, #1819, .T. ) ;
#5261 = EDGE_CURVE ( 'NONE', #738, #2072, #2028, .T. ) ;
#5262 = AXIS2_PLACEMENT_3D ( 'NONE', #2233, #1361, #409 ) ;
#5263 = DIRECTION ( 'NONE',  ( -0.7071067811865378028, 0.000000000000000000, -0.7071067811865572317 ) ) ;
#5264 = ORIENTED_EDGE ( 'NONE', *, *, #2879, .T. ) ;
#5265 = FACE_OUTER_BOUND ( 'NONE', #1728, .T. ) ;
#5266 = AXIS2_PLACEMENT_3D ( 'NONE', #2376, #58, #3242 ) ;
#5267 = EDGE_CURVE ( 'NONE', #1241, #123, #4283, .T. ) ;
#5268 = VERTEX_POINT ( 'NONE', #1625 ) ;
#5269 = VECTOR ( 'NONE', #4869, 999.9999999999998863 ) ;
#5270 = DIRECTION ( 'NONE',  ( 0.7071067811865378028, 0.7071067811865573427, 0.000000000000000000 ) ) ;
#5271 = DIRECTION ( 'NONE',  ( 1.000000000000000000, 1.521687259628775549E-16, 0.000000000000000000 ) ) ;
#5272 = DIRECTION ( 'NONE',  ( -0.000000000000000000, -1.000000000000000000, -0.000000000000000000 ) ) ;
#5273 = ORIENTED_EDGE ( 'NONE', *, *, #3604, .T. ) ;
#5274 = CIRCLE ( 'NONE', #3219, 1.699999999999999734 ) ;
#5275 = LINE ( 'NONE', #1649, #5047 ) ;
#5276 = VERTEX_POINT ( 'NONE', #2974 ) ;
#5277 = EDGE_LOOP ( 'NONE', ( #2931, #5144 ) ) ;
#5278 = ORIENTED_EDGE ( 'NONE', *, *, #2350, .F. ) ;
#5279 = VECTOR ( 'NONE', #980, 1000.000000000000000 ) ;
#5280 = CARTESIAN_POINT ( 'NONE',  ( -112.9999999999999716, 0.5000000000000004441, 7.000000000000000000 ) ) ;
#5281 = CARTESIAN_POINT ( 'NONE',  ( -112.4999999999999716, 36.14999999999990621, 43.00000000000000000 ) ) ;
#5282 = DIRECTION ( 'NONE',  ( -0.000000000000000000, 1.000000000000000000, 0.000000000000000000 ) ) ;
#5283 = DIRECTION ( 'NONE',  ( 0.000000000000000000, 1.000000000000000000, 0.000000000000000000 ) ) ;
#5284 = EDGE_CURVE ( 'NONE', #17, #195, #2524, .T. ) ;
#5285 = LINE ( 'NONE', #3589, #2938 ) ;
#5286 = PLANE ( 'NONE',  #3042 ) ;
#5287 = EDGE_LOOP ( 'NONE', ( #5059, #4306, #2940, #3492 ) ) ;
#5288 = EDGE_CURVE ( 'NONE', #2701, #3341, #4810, .T. ) ;
#5289 = CARTESIAN_POINT ( 'NONE',  ( 0.000000000000000000, 0.000000000000000000, 0.5000000000000004441 ) ) ;
#5290 = VERTEX_POINT ( 'NONE', #399 ) ;
#5291 = DIRECTION ( 'NONE',  ( 0.000000000000000000, 0.000000000000000000, -1.000000000000000000 ) ) ;
#5292 = VERTEX_POINT ( 'NONE', #426 ) ;
#5293 = EDGE_CURVE ( 'NONE', #4734, #4159, #3060, .T. ) ;
#5294 = PLANE ( 'NONE',  #2069 ) ;
#5295 = CARTESIAN_POINT ( 'NONE',  ( -40.00000000000073186, 40.00000000000073186, 46.49999999999963052 ) ) ;
#5296 = DIRECTION ( 'NONE',  ( 0.7071067811865350272, -8.953538199610792515E-17, -0.7071067811865600072 ) ) ;
#5297 = VERTEX_POINT ( 'NONE', #3145 ) ;
#5298 = CARTESIAN_POINT ( 'NONE',  ( -50.70000000000007390, 38.99999999999990052, 40.00000000000000000 ) ) ;
#5299 = VERTEX_POINT ( 'NONE', #5281 ) ;
#5300 = DIRECTION ( 'NONE',  ( -0.000000000000000000, 0.7071067811865356934, 0.7071067811865594521 ) ) ;
#5301 = ORIENTED_EDGE ( 'NONE', *, *, #1021, .T. ) ;
#5302 = CARTESIAN_POINT ( 'NONE',  ( -5.500000000000019540, 49.50000000000001421, 7.000000000000000000 ) ) ;
#5303 = LINE ( 'NONE', #862, #4265 ) ;
#5304 = LINE ( 'NONE', #2635, #1583 ) ;
#5305 = DIRECTION ( 'NONE',  ( -0.000000000000000000, -0.000000000000000000, 1.000000000000000000 ) ) ;
#5306 = ADVANCED_FACE ( 'NONE', ( #21 ), #3898, .T. ) ;
#5307 = CARTESIAN_POINT ( 'NONE',  ( -49.00000000000007105, 38.99999999999990052, 40.00000000000000000 ) ) ;
#5308 = FACE_OUTER_BOUND ( 'NONE', #239, .T. ) ;
#5309 = DIRECTION ( 'NONE',  ( 0.000000000000000000, 1.000000000000000000, 0.000000000000000000 ) ) ;
#5310 = AXIS2_PLACEMENT_3D ( 'NONE', #2553, #2976, #5165 ) ;
#5311 = ORIENTED_EDGE ( 'NONE', *, *, #2133, .T. ) ;
#5312 = EDGE_CURVE ( 'NONE', #4682, #456, #524, .T. ) ;
#5313 = VECTOR ( 'NONE', #2721, 1000.000000000000000 ) ;
#5314 = CYLINDRICAL_SURFACE ( 'NONE', #1521, 1.700000000000000178 ) ;
#5315 = ORIENTED_EDGE ( 'NONE', *, *, #3378, .T. ) ;
#5316 = DIRECTION ( 'NONE',  ( -0.000000000000000000, 0.7071067811865585639, -0.7071067811865365815 ) ) ;
#5317 = EDGE_CURVE ( 'NONE', #420, #363, #5303, .T. ) ;
#5318 = AXIS2_PLACEMENT_3D ( 'NONE', #207, #1975, #3764 ) ;
#5319 = EDGE_CURVE ( 'NONE', #5098, #5320, #4399, .T. ) ;
#5320 = VERTEX_POINT ( 'NONE', #3555 ) ;
#5321 = PLANE ( 'NONE',  #4219 ) ;
#5322 = VECTOR ( 'NONE', #5007, 1000.000000000000114 ) ;
#5323 = VECTOR ( 'NONE', #5300, 1000.000000000000114 ) ;
#5324 = CARTESIAN_POINT ( 'NONE',  ( -112.9999999999999716, 45.49999999999992895, 48.00000000000000000 ) ) ;
#5325 = EDGE_CURVE ( 'NONE', #2021, #123, #1276, .T. ) ;
#5326 = PLANE ( 'NONE',  #4458 ) ;
#5327 = ORIENTED_EDGE ( 'NONE', *, *, #1979, .F. ) ;
#5328 = PLANE ( 'NONE',  #4576 ) ;
#5329 = ADVANCED_FACE ( 'NONE', ( #5252 ), #1351, .F. ) ;
#5330 = VECTOR ( 'NONE', #5222, 1000.000000000000114 ) ;
#5331 = ORIENTED_EDGE ( 'NONE', *, *, #3844, .F. ) ;
#5332 = ORIENTED_EDGE ( 'NONE', *, *, #1687, .F. ) ;
#5333 = VECTOR ( 'NONE', #637, 1000.000000000000000 ) ;
#5334 = CARTESIAN_POINT ( 'NONE',  ( -6.000000000000023981, 49.00000000000001421, 6.500000000000013323 ) ) ;
#5335 = VECTOR ( 'NONE', #3230, 1000.000000000000000 ) ;
#5336 = FACE_OUTER_BOUND ( 'NONE', #1884, .T. ) ;
#5337 = CARTESIAN_POINT ( 'NONE',  ( -22.35000000000000853, 4.500000000000032863, 0.000000000000000000 ) ) ;
#5338 = FACE_OUTER_BOUND ( 'NONE', #3287, .T. ) ;
#5339 = ADVANCED_FACE ( 'NONE', ( #4834 ), #1787, .T. ) ;
#5340 = CARTESIAN_POINT ( 'NONE',  ( -6.000000000000000000, 46.30000000000002558, 3.499999999999999556 ) ) ;
#5341 = VERTEX_POINT ( 'NONE', #885 ) ;
#5342 = DIRECTION ( 'NONE',  ( 0.000000000000000000, -1.000000000000000000, 0.000000000000000000 ) ) ;
#5343 = CARTESIAN_POINT ( 'NONE',  ( -112.9999999999999716, 45.99999999999990052, 7.499999999999985789 ) ) ;
#5344 = ORIENTED_EDGE ( 'NONE', *, *, #2217, .F. ) ;
#5345 = ORIENTED_EDGE ( 'NONE', *, *, #2304, .T. ) ;
#5346 = VECTOR ( 'NONE', #1662, 1000.000000000000000 ) ;
#5347 = CARTESIAN_POINT ( 'NONE',  ( -107.1499999999999915, 4.000000000000023093, 7.000000000000000000 ) ) ;
#5348 = ORIENTED_EDGE ( 'NONE', *, *, #2962, .T. ) ;
#5349 = CARTESIAN_POINT ( 'NONE',  ( -4.000000000000023093, 45.15000000000001990, 7.000000000000000000 ) ) ;
#5350 = EDGE_CURVE ( 'NONE', #363, #1974, #5693, .T. ) ;
#5351 = FACE_OUTER_BOUND ( 'NONE', #4464, .T. ) ;
#5352 = AXIS2_PLACEMENT_3D ( 'NONE', #669, #261, #4319 ) ;
#5353 = CARTESIAN_POINT ( 'NONE',  ( -0.6666666666666795082, 54.33333333333334991, 7.166666666666674068 ) ) ;
#5354 = EDGE_CURVE ( 'NONE', #5682, #1882, #451, .T. ) ;
#5355 = CALENDAR_DATE ( 2023, 20, 1 ) ;
#5356 = CARTESIAN_POINT ( 'NONE',  ( -18.99999999999999645, 0.000000000000000000, 3.500000000000000000 ) ) ;
#5357 = VERTEX_POINT ( 'NONE', #3478 ) ;
#5358 = AXIS2_PLACEMENT_3D ( 'NONE', #775, #3038, #865 ) ;
#5359 = ORIENTED_EDGE ( 'NONE', *, *, #4173, .F. ) ;
#5360 = CARTESIAN_POINT ( 'NONE',  ( -110.0000000000000000, 0.000000000000000000, 3.500000000000000000 ) ) ;
#5361 = VERTEX_POINT ( 'NONE', #1756 ) ;
#5362 = ADVANCED_FACE ( 'NONE', ( #5336 ), #1249, .F. ) ;
#5363 = VECTOR ( 'NONE', #1424, 1000.000000000000000 ) ;
#5364 = LINE ( 'NONE', #1350, #385 ) ;
#5365 = DIRECTION ( 'NONE',  ( 0.000000000000000000, 0.000000000000000000, -1.000000000000000000 ) ) ;
#5366 = DIRECTION ( 'NONE',  ( 0.000000000000000000, 0.000000000000000000, 1.000000000000000000 ) ) ;
#5367 = DIRECTION ( 'NONE',  ( -0.000000000000000000, -0.000000000000000000, -1.000000000000000000 ) ) ;
#5368 = DIRECTION ( 'NONE',  ( 0.000000000000000000, -0.000000000000000000, 1.000000000000000000 ) ) ;
#5369 = ORIENTED_EDGE ( 'NONE', *, *, #5031, .T. ) ;
#5370 = VECTOR ( 'NONE', #1641, 1000.000000000000227 ) ;
#5371 = EDGE_CURVE ( 'NONE', #1047, #548, #4002, .T. ) ;
#5372 = LINE ( 'NONE', #804, #2087 ) ;
#5373 = CARTESIAN_POINT ( 'NONE',  ( -104.1499999999999915, 6.000000000000023981, 0.5000000000000004441 ) ) ;
#5374 = AXIS2_PLACEMENT_3D ( 'NONE', #4137, #4643, #5052 ) ;
#5375 = EDGE_LOOP ( 'NONE', ( #2479, #5109, #966, #1846 ) ) ;
#5376 = LINE ( 'NONE', #1716, #4028 ) ;
#5377 = ORIENTED_EDGE ( 'NONE', *, *, #3884, .T. ) ;
#5378 = FACE_OUTER_BOUND ( 'NONE', #3308, .T. ) ;
#5379 = EDGE_CURVE ( 'NONE', #4439, #3658, #4369, .T. ) ;
#5380 = CARTESIAN_POINT ( 'NONE',  ( -111.4999999999999716, 2.500000000000009326, 48.00000000000000000 ) ) ;
#5381 = DIRECTION ( 'NONE',  ( -1.000000000000000000, 0.000000000000000000, -0.000000000000000000 ) ) ;
#5382 = APPROVAL_ROLE ( '' ) ;
#5383 = CARTESIAN_POINT ( 'NONE',  ( -18.99999999999999645, 2.000000000000015543, 1.800000000000000488 ) ) ;
#5384 = ORIENTED_EDGE ( 'NONE', *, *, #4483, .T. ) ;
#5385 = ORIENTED_EDGE ( 'NONE', *, *, #1181, .F. ) ;
#5386 = ADVANCED_FACE ( 'NONE', ( #3929 ), #5723, .F. ) ;
#5387 = EDGE_LOOP ( 'NONE', ( #2597, #4246, #3896, #2998, #3711, #2577, #3883, #5117 ) ) ;
#5388 = LINE ( 'NONE', #4591, #848 ) ;
#5389 = DIRECTION ( 'NONE',  ( -1.000000000000000000, -1.521687259628775549E-16, 0.000000000000000000 ) ) ;
#5390 = ADVANCED_FACE ( 'NONE', ( #533 ), #5005, .F. ) ;
#5391 = DIRECTION ( 'NONE',  ( 1.000000000000000000, 0.000000000000000000, 0.000000000000000000 ) ) ;
#5392 = AXIS2_PLACEMENT_3D ( 'NONE', #2078, #1527, #4273 ) ;
#5393 = CARTESIAN_POINT ( 'NONE',  ( -110.0000000000000000, 55.00000000000002842, 5.199999999999999289 ) ) ;
#5394 = ORIENTED_EDGE ( 'NONE', *, *, #5702, .F. ) ;
#5395 = ADVANCED_FACE ( 'NONE', ( #1836 ), #4918, .F. ) ;
#5396 = VERTEX_POINT ( 'NONE', #1866 ) ;
#5397 = DIRECTION ( 'NONE',  ( 0.5773502691896323924, -0.5773502691896204020, 0.5773502691896245098 ) ) ;
#5398 = CARTESIAN_POINT ( 'NONE',  ( -50.70000000000007390, 38.99999999999990052, 40.00000000000000000 ) ) ;
#5399 = CARTESIAN_POINT ( 'NONE',  ( -105.5000000000000000, 41.84999999999990195, 43.00000000000000000 ) ) ;
#5400 = ORIENTED_EDGE ( 'NONE', *, *, #2895, .F. ) ;
#5401 = EDGE_CURVE ( 'NONE', #510, #4901, #3631, .T. ) ;
#5402 = EDGE_CURVE ( 'NONE', #2216, #1685, #3156, .T. ) ;
#5403 = FACE_OUTER_BOUND ( 'NONE', #2052, .T. ) ;
#5404 = EDGE_LOOP ( 'NONE', ( #611, #1064, #4301, #723 ) ) ;
#5405 = DIRECTION ( 'NONE',  ( -1.000000000000000000, 0.000000000000000000, 0.000000000000000000 ) ) ;
#5406 = PLANE ( 'NONE',  #1433 ) ;
#5407 = EDGE_CURVE ( 'NONE', #3875, #3698, #995, .T. ) ;
#5408 = DIRECTION ( 'NONE',  ( 1.000000000000000000, 1.750036293545329014E-16, 0.000000000000000000 ) ) ;
#5409 = DIRECTION ( 'NONE',  ( 1.000000000000000000, 0.000000000000000000, 0.000000000000000000 ) ) ;
#5410 = VECTOR ( 'NONE', #5069, 1000.000000000000000 ) ;
#5411 = FACE_OUTER_BOUND ( 'NONE', #2612, .T. ) ;
#5412 = EDGE_LOOP ( 'NONE', ( #3963, #2811, #4048, #1863 ) ) ;
#5413 = VECTOR ( 'NONE', #5397, 1000.000000000000114 ) ;
#5414 = ORIENTED_EDGE ( 'NONE', *, *, #5550, .T. ) ;
#5415 = LINE ( 'NONE', #5750, #1860 ) ;
#5416 = DIRECTION ( 'NONE',  ( 0.000000000000000000, 0.000000000000000000, 1.000000000000000000 ) ) ;
#5417 = ORIENTED_EDGE ( 'NONE', *, *, #4146, .F. ) ;
#5418 = AXIS2_PLACEMENT_3D ( 'NONE', #4033, #1869, #5366 ) ;
#5419 = PLANE ( 'NONE',  #3832 ) ;
#5420 = VECTOR ( 'NONE', #1253, 1000.000000000000000 ) ;
#5421 = CARTESIAN_POINT ( 'NONE',  ( -22.35000000000000853, 53.50000000000002132, 0.000000000000000000 ) ) ;
#5422 = ORIENTED_EDGE ( 'NONE', *, *, #1610, .T. ) ;
#5423 = VECTOR ( 'NONE', #3548, 1000.000000000000000 ) ;
#5424 = VECTOR ( 'NONE', #2218, 1000.000000000000114 ) ;
#5425 = DIRECTION ( 'NONE',  ( 1.000000000000000000, 0.000000000000000000, -0.000000000000000000 ) ) ;
#5426 = LINE ( 'NONE', #5520, #5661 ) ;
#5427 = EDGE_CURVE ( 'NONE', #5299, #4056, #158, .T. ) ;
#5428 = PLANE ( 'NONE',  #4862 ) ;
#5429 = ORIENTED_EDGE ( 'NONE', *, *, #4957, .F. ) ;
#5430 = DIRECTION ( 'NONE',  ( 0.000000000000000000, -1.000000000000000000, 0.000000000000000000 ) ) ;
#5431 = ORIENTED_EDGE ( 'NONE', *, *, #2464, .F. ) ;
#5432 = AXIS2_PLACEMENT_3D ( 'NONE', #5164, #1998, #4727 ) ;
#5433 = CARTESIAN_POINT ( 'NONE',  ( -110.9999999999999716, 6.000000000000025757, 1.500000000000000444 ) ) ;
#5434 = DIRECTION ( 'NONE',  ( 0.000000000000000000, 0.000000000000000000, 1.000000000000000000 ) ) ;
#5435 = EDGE_CURVE ( 'NONE', #3641, #4210, #1925, .T. ) ;
#5436 = DIRECTION ( 'NONE',  ( 1.907754749525137334E-32, -1.000000000000000000, 0.000000000000000000 ) ) ;
#5437 = ORIENTED_EDGE ( 'NONE', *, *, #104, .T. ) ;
#5438 = VECTOR ( 'NONE', #494, 1000.000000000000000 ) ;
#5439 = ORIENTED_EDGE ( 'NONE', *, *, #3055, .F. ) ;
#5440 = LINE ( 'NONE', #5168, #4293 ) ;
#5441 = FACE_OUTER_BOUND ( 'NONE', #2351, .T. ) ;
#5442 = CARTESIAN_POINT ( 'NONE',  ( -53.00000000000007816, 36.14999999999990621, 43.00000000000000000 ) ) ;
#5443 = EDGE_CURVE ( 'NONE', #2878, #1444, #719, .T. ) ;
#5444 = VECTOR ( 'NONE', #4525, 1000.000000000000000 ) ;
#5445 = DIRECTION ( 'NONE',  ( 0.000000000000000000, 0.000000000000000000, -1.000000000000000000 ) ) ;
#5446 = ORIENTED_EDGE ( 'NONE', *, *, #2464, .T. ) ;
#5447 = ORIENTED_EDGE ( 'NONE', *, *, #3925, .F. ) ;
#5448 = DIRECTION ( 'NONE',  ( -0.5773502691896299499, -0.5773502691896331696, 0.5773502691896140737 ) ) ;
#5449 = AXIS2_PLACEMENT_3D ( 'NONE', #3157, #3965, #3129 ) ;
#5450 = ORIENTED_EDGE ( 'NONE', *, *, #3823, .F. ) ;
#5451 = LINE ( 'NONE', #1460, #115 ) ;
#5452 = LINE ( 'NONE', #1434, #2799 ) ;
#5453 = DIRECTION ( 'NONE',  ( 0.000000000000000000, -1.000000000000000000, 0.000000000000000000 ) ) ;
#5454 = EDGE_LOOP ( 'NONE', ( #767, #3736, #4313, #823 ) ) ;
#5455 = VECTOR ( 'NONE', #4579, 1000.000000000000000 ) ;
#5456 = CARTESIAN_POINT ( 'NONE',  ( -110.0000000000000000, 4.000000000000023981, 5.199999999999999289 ) ) ;
#5457 = DIRECTION ( 'NONE',  ( -0.7071067811865524577, -0.000000000000000000, -0.7071067811865425767 ) ) ;
#5458 = ORIENTED_EDGE ( 'NONE', *, *, #3402, .T. ) ;
#5459 = DIRECTION ( 'NONE',  ( 1.000000000000000000, -0.000000000000000000, 0.000000000000000000 ) ) ;
#5460 = AXIS2_PLACEMENT_3D ( 'NONE', #4251, #2592, #1593 ) ;
#5461 = LINE ( 'NONE', #5040, #602 ) ;
#5462 = DIRECTION ( 'NONE',  ( 1.907754749525137334E-32, -1.000000000000000000, -0.000000000000000000 ) ) ;
#5463 = PLANE ( 'NONE',  #5054 ) ;
#5464 = ORIENTED_EDGE ( 'NONE', *, *, #5503, .F. ) ;
#5465 = CIRCLE ( 'NONE', #1167, 1.699999999999993072 ) ;
#5466 = EDGE_CURVE ( 'NONE', #2002, #2690, #1815, .T. ) ;
#5467 = LINE ( 'NONE', #1936, #5455 ) ;
#5468 = ORIENTED_EDGE ( 'NONE', *, *, #4223, .T. ) ;
#5469 = VECTOR ( 'NONE', #1573, 1000.000000000000000 ) ;
#5470 = CARTESIAN_POINT ( 'NONE',  ( -119.0000000000000000, 54.00000000000000000, 7.000000000000000000 ) ) ;
#5471 = ORIENTED_EDGE ( 'NONE', *, *, #3892, .T. ) ;
#5472 = ORIENTED_EDGE ( 'NONE', *, *, #2742, .T. ) ;
#5473 = ADVANCED_FACE ( 'NONE', ( #4592 ), #4565, .F. ) ;
#5474 = VECTOR ( 'NONE', #2057, 1000.000000000000000 ) ;
#5475 = CARTESIAN_POINT ( 'NONE',  ( -47.50000000000007105, 1.500000000000047073, 0.000000000000000000 ) ) ;
#5476 = LINE ( 'NONE', #5654, #4238 ) ;
#5477 = DIRECTION ( 'NONE',  ( 0.5773502691896205130, -0.5773502691896205130, -0.5773502691896363892 ) ) ;
#5478 = EDGE_LOOP ( 'NONE', ( #1037, #945, #4719, #4857 ) ) ;
#5479 = ORIENTED_EDGE ( 'NONE', *, *, #3743, .T. ) ;
#5480 = ADVANCED_FACE ( 'NONE', ( #912 ), #4120, .T. ) ;
#5481 = EDGE_LOOP ( 'NONE', ( #2313, #4296, #3651, #728 ) ) ;
#5482 = CARTESIAN_POINT ( 'NONE',  ( -123.5000000000000000, 8.000000000000000000, 6.500000000000013323 ) ) ;
#5483 = CARTESIAN_POINT ( 'NONE',  ( -112.9999999999999716, 42.34999999999988773, 43.00000000000000000 ) ) ;
#5484 = DIRECTION ( 'NONE',  ( 0.000000000000000000, 0.000000000000000000, -1.000000000000000000 ) ) ;
#5485 = ORIENTED_EDGE ( 'NONE', *, *, #3507, .T. ) ;
#5486 = CARTESIAN_POINT ( 'NONE',  ( -110.4999999999999716, 1.500000000000020872, 48.00000000000000000 ) ) ;
#5487 = DIRECTION ( 'NONE',  ( -0.000000000000000000, -0.000000000000000000, -1.000000000000000000 ) ) ;
#5488 = ORIENTED_EDGE ( 'NONE', *, *, #5564, .T. ) ;
#5489 = AXIS2_PLACEMENT_3D ( 'NONE', #3790, #5582, #1567 ) ;
#5490 = DIRECTION ( 'NONE',  ( 0.000000000000000000, 1.000000000000000000, 0.000000000000000000 ) ) ;
#5491 = CIRCLE ( 'NONE', #4741, 0.5000000000000004441 ) ;
#5492 = FACE_OUTER_BOUND ( 'NONE', #3774, .T. ) ;
#5493 = DIRECTION ( 'NONE',  ( 1.000000000000000000, 1.521687259628775549E-16, 0.000000000000000000 ) ) ;
#5494 = ORIENTED_EDGE ( 'NONE', *, *, #1985, .T. ) ;
#5495 = CARTESIAN_POINT ( 'NONE',  ( -45.00000000000007816, -4.286263797015740046E-16, 47.50000000000002842 ) ) ;
#5496 = ORIENTED_EDGE ( 'NONE', *, *, #1784, .F. ) ;
#5497 = CARTESIAN_POINT ( 'NONE',  ( -16.14999999999999147, 51.00000000000000711, 6.499999999999985789 ) ) ;
#5498 = FACE_OUTER_BOUND ( 'NONE', #4330, .T. ) ;
#5499 = ORIENTED_EDGE ( 'NONE', *, *, #1178, .T. ) ;
#5500 = EDGE_CURVE ( 'NONE', #4274, #4210, #49, .T. ) ;
#5501 = DIRECTION ( 'NONE',  ( -0.000000000000000000, -1.000000000000000000, -0.000000000000000000 ) ) ;
#5502 = ORIENTED_EDGE ( 'NONE', *, *, #34, .F. ) ;
#5503 = EDGE_CURVE ( 'NONE', #2928, #3263, #3231, .T. ) ;
#5504 = CARTESIAN_POINT ( 'NONE',  ( -15.64999999999997016, 50.49999999999998579, 7.000000000000000000 ) ) ;
#5505 = EDGE_CURVE ( 'NONE', #1427, #1369, #128, .T. ) ;
#5506 = ORIENTED_EDGE ( 'NONE', *, *, #2483, .F. ) ;
#5507 = LINE ( 'NONE', #1054, #3655 ) ;
#5508 = EDGE_CURVE ( 'NONE', #86, #3355, #1897, .T. ) ;
#5509 = CYLINDRICAL_SURFACE ( 'NONE', #574, 1.000000000000000888 ) ;
#5510 = CARTESIAN_POINT ( 'NONE',  ( -108.9999999999999858, 38.99999999999990052, 40.00000000000000000 ) ) ;
#5511 = ADVANCED_FACE ( 'NONE', ( #3198 ), #1372, .T. ) ;
#5512 = ORIENTED_EDGE ( 'NONE', *, *, #996, .T. ) ;
#5513 = CARTESIAN_POINT ( 'NONE',  ( -107.1499999999999915, 2.000000000000021760, 0.5000000000000003331 ) ) ;
#5514 = CARTESIAN_POINT ( 'NONE',  ( -1.049265112238826045E-30, 55.00000000000002842, 7.000000000000000000 ) ) ;
#5515 = VECTOR ( 'NONE', #3342, 1000.000000000000000 ) ;
#5516 = ORIENTED_EDGE ( 'NONE', *, *, #1670, .F. ) ;
#5517 = DIRECTION ( 'NONE',  ( 1.000000000000000000, 0.000000000000000000, 0.000000000000000000 ) ) ;
#5518 = AXIS2_PLACEMENT_3D ( 'NONE', #2659, #2111, #4835 ) ;
#5519 = CARTESIAN_POINT ( 'NONE',  ( -33.14999999999967883, 18.99999999999934985, 17.49999999999996092 ) ) ;
#5520 = CARTESIAN_POINT ( 'NONE',  ( -117.0000000000000000, 6.000000000000023981, 7.000000000000000000 ) ) ;
#5521 = EDGE_CURVE ( 'NONE', #807, #2795, #1658, .T. ) ;
#5522 = CARTESIAN_POINT ( 'NONE',  ( -110.9999999999999716, 6.000000000000025757, 1.500000000000000444 ) ) ;
#5523 = ORIENTED_EDGE ( 'NONE', *, *, #2786, .F. ) ;
#5524 = VECTOR ( 'NONE', #3117, 1000.000000000000000 ) ;
#5525 = DIRECTION ( 'NONE',  ( 4.798681814596977572E-17, 1.000000000000000000, 0.000000000000000000 ) ) ;
#5526 = ORIENTED_EDGE ( 'NONE', *, *, #348, .F. ) ;
#5527 = LINE ( 'NONE', #209, #3913 ) ;
#5528 = COORDINATED_UNIVERSAL_TIME_OFFSET ( 1, 0, .AHEAD. ) ;
#5529 = VERTEX_POINT ( 'NONE', #4973 ) ;
#5530 = ORIENTED_EDGE ( 'NONE', *, *, #2751, .T. ) ;
#5531 = CARTESIAN_POINT ( 'NONE',  ( -118.9999999999999858, 4.500000000000017764, 0.000000000000000000 ) ) ;
#5532 = AXIS2_PLACEMENT_3D ( 'NONE', #3493, #5270, #2906 ) ;
#5533 = CARTESIAN_POINT ( 'NONE',  ( -45.00000000000007816, 42.34999999999987352, 48.00000000000000000 ) ) ;
#5534 = DIRECTION ( 'NONE',  ( -1.075995380128699649E-16, 0.7071067811865593411, -0.7071067811865358044 ) ) ;
#5535 = VERTEX_POINT ( 'NONE', #4213 ) ;
#5536 = ORIENTED_EDGE ( 'NONE', *, *, #3507, .F. ) ;
#5537 = DIRECTION ( 'NONE',  ( 0.000000000000000000, -0.000000000000000000, -1.000000000000000000 ) ) ;
#5538 = ORIENTED_EDGE ( 'NONE', *, *, #3570, .T. ) ;
#5539 = ADVANCED_FACE ( 'NONE', ( #1584 ), #5125, .F. ) ;
#5540 = DIRECTION ( 'NONE',  ( -1.000000000000000000, 0.000000000000000000, 0.000000000000000000 ) ) ;
#5541 = LINE ( 'NONE', #1924, #3738 ) ;
#5542 = FACE_BOUND ( 'NONE', #3810, .T. ) ;
#5543 = EDGE_LOOP ( 'NONE', ( #4501, #220, #1463, #2407 ) ) ;
#5544 = DIRECTION ( 'NONE',  ( 0.000000000000000000, -1.000000000000000000, 0.000000000000000000 ) ) ;
#5545 = DIRECTION ( 'NONE',  ( -0.000000000000000000, 0.000000000000000000, -1.000000000000000000 ) ) ;
#5546 = AXIS2_PLACEMENT_3D ( 'NONE', #325, #5235, #3769 ) ;
#5547 = ORIENTED_EDGE ( 'NONE', *, *, #470, .F. ) ;
#5548 = DIRECTION ( 'NONE',  ( 1.000000000000000000, 0.000000000000000000, 0.000000000000000000 ) ) ;
#5549 = ORIENTED_EDGE ( 'NONE', *, *, #2642, .F. ) ;
#5550 = EDGE_CURVE ( 'NONE', #4488, #1300, #5096, .T. ) ;
#5551 = CARTESIAN_POINT ( 'NONE',  ( -47.00000000000008527, 2.500000000000030198, 47.50000000000001421 ) ) ;
#5552 = VECTOR ( 'NONE', #580, 1000.000000000000000 ) ;
#5553 = DIRECTION ( 'NONE',  ( 1.000000000000000000, 0.000000000000000000, 0.000000000000000000 ) ) ;
#5554 = DIRECTION ( 'NONE',  ( 1.000000000000000000, 0.000000000000000000, 0.000000000000000000 ) ) ;
#5555 = ORIENTED_EDGE ( 'NONE', *, *, #985, .T. ) ;
#5556 = CIRCLE ( 'NONE', #133, 1.700000000000000178 ) ;
#5557 = ADVANCED_FACE ( 'NONE', ( #2935 ), #5066, .T. ) ;
#5558 = CARTESIAN_POINT ( 'NONE',  ( -54.56666666666562548, -30.71666666666583723, -32.21666666666694567 ) ) ;
#5559 = ORIENTED_EDGE ( 'NONE', *, *, #2823, .F. ) ;
#5560 = CARTESIAN_POINT ( 'NONE',  ( -47.00000000000015632, 31.99999999999990408, 33.99999999999992895 ) ) ;
#5561 = CIRCLE ( 'NONE', #1804, 1.700000000000000178 ) ;
#5562 = DIRECTION ( 'NONE',  ( 1.000000000000000000, 0.000000000000000000, 0.000000000000000000 ) ) ;
#5563 = ORIENTED_EDGE ( 'NONE', *, *, #3968, .F. ) ;
#5564 = EDGE_CURVE ( 'NONE', #3195, #1744, #635, .T. ) ;
#5565 = FACE_OUTER_BOUND ( 'NONE', #625, .T. ) ;
#5566 = CARTESIAN_POINT ( 'NONE',  ( -108.9999999999999858, 38.99999999999990052, 43.00000000000000000 ) ) ;
#5567 = ORIENTED_EDGE ( 'NONE', *, *, #5350, .T. ) ;
#5568 = CARTESIAN_POINT ( 'NONE',  ( -121.5000000000000000, 5.000000000000000000, 7.000000000000000000 ) ) ;
#5569 = APPROVAL ( #3625, 'UNSPECIFIED' ) ;
#5570 = ORIENTED_EDGE ( 'NONE', *, *, #1152, .F. ) ;
#5571 = LINE ( 'NONE', #3661, #4960 ) ;
#5572 = DIRECTION ( 'NONE',  ( 1.000000000000000000, 1.521687259628775549E-16, 0.000000000000000000 ) ) ;
#5573 = VERTEX_POINT ( 'NONE', #3385 ) ;
#5574 = PLANE ( 'NONE',  #4302 ) ;
#5575 = DIRECTION ( 'NONE',  ( 0.000000000000000000, 1.000000000000000000, 0.000000000000000000 ) ) ;
#5576 = ADVANCED_FACE ( 'NONE', ( #1182 ), #3325, .F. ) ;
#5577 = ORIENTED_EDGE ( 'NONE', *, *, #2727, .F. ) ;
#5578 = CARTESIAN_POINT ( 'NONE',  ( -110.4999999999999716, 2.000000000000021316, 6.500000000000013323 ) ) ;
#5579 = ORIENTED_EDGE ( 'NONE', *, *, #3823, .T. ) ;
#5580 = FACE_OUTER_BOUND ( 'NONE', #3, .T. ) ;
#5581 = EDGE_CURVE ( 'NONE', #4488, #1070, #1089, .T. ) ;
#5582 = DIRECTION ( 'NONE',  ( -1.521687259628775549E-16, 1.000000000000000000, 0.000000000000000000 ) ) ;
#5583 = LINE ( 'NONE', #4254, #2066 ) ;
#5584 = VERTEX_POINT ( 'NONE', #5662 ) ;
#5585 = EDGE_CURVE ( 'NONE', #4056, #1693, #1559, .T. ) ;
#5586 = ORIENTED_EDGE ( 'NONE', *, *, #1867, .T. ) ;
#5587 = AXIS2_PLACEMENT_3D ( 'NONE', #5510, #2685, #4154 ) ;
#5588 = CARTESIAN_POINT ( 'NONE',  ( -123.5000000000000000, 8.000000000000000000, 7.000000000000000000 ) ) ;
#5589 = DIRECTION ( 'NONE',  ( 1.000000000000000000, 1.750036293545329014E-16, 0.000000000000000000 ) ) ;
#5590 = DIRECTION ( 'NONE',  ( -0.000000000000000000, -0.000000000000000000, -1.000000000000000000 ) ) ;
#5591 = VERTEX_POINT ( 'NONE', #2964 ) ;
#5592 = EDGE_CURVE ( 'NONE', #5773, #2601, #706, .T. ) ;
#5593 = AXIS2_PLACEMENT_3D ( 'NONE', #1269, #2410, #4171 ) ;
#5594 = CARTESIAN_POINT ( 'NONE',  ( -104.9999999999999858, 43.99999999999990052, 46.00000000000000000 ) ) ;
#5595 = CARTESIAN_POINT ( 'NONE',  ( -119.0000000000000000, 50.49999999999998579, 7.000000000000000000 ) ) ;
#5596 = VERTEX_POINT ( 'NONE', #3838 ) ;
#5597 = CARTESIAN_POINT ( 'NONE',  ( -47.50000000000007105, 1.500000000000030642, 48.00000000000000000 ) ) ;
#5598 = LINE ( 'NONE', #730, #2243 ) ;
#5599 = CARTESIAN_POINT ( 'NONE',  ( -117.0000000000000000, 36.14999999999990621, 45.00000000000000000 ) ) ;
#5600 = ORIENTED_EDGE ( 'NONE', *, *, #4130, .T. ) ;
#5601 = CARTESIAN_POINT ( 'NONE',  ( -112.8500000000000085, 2.000000000000020872, 6.500000000000013323 ) ) ;
#5602 = ORIENTED_EDGE ( 'NONE', *, *, #4380, .T. ) ;
#5603 = CARTESIAN_POINT ( 'NONE',  ( -6.000000000000000000, 48.00000000000002842, 3.499999999999999556 ) ) ;
#5604 = ORIENTED_EDGE ( 'NONE', *, *, #965, .F. ) ;
#5605 = AXIS2_PLACEMENT_3D ( 'NONE', #3818, #1193, #5613 ) ;
#5606 = ADVANCED_FACE ( 'NONE', ( #3807 ), #2515, .T. ) ;
#5607 = PLANE ( 'NONE',  #5460 ) ;
#5608 = CARTESIAN_POINT ( 'NONE',  ( -21.85000000000000142, 4.000000000000015099, 6.499999999999985789 ) ) ;
#5609 = DIRECTION ( 'NONE',  ( -0.000000000000000000, -0.000000000000000000, 1.000000000000000000 ) ) ;
#5610 = AXIS2_PLACEMENT_3D ( 'NONE', #1765, #5761, #3097 ) ;
#5611 = CARTESIAN_POINT ( 'NONE',  ( -45.00000000000007816, 35.64999999999993463, 43.00000000000000000 ) ) ;
#5612 = AXIS2_PLACEMENT_3D ( 'NONE', #3783, #5457, #131 ) ;
#5613 = DIRECTION ( 'NONE',  ( 0.000000000000000000, 0.000000000000000000, -1.000000000000000000 ) ) ;
#5614 = DIRECTION ( 'NONE',  ( 0.7071067811865585639, -0.7071067811865365815, 0.000000000000000000 ) ) ;
#5615 = VERTEX_POINT ( 'NONE', #5632 ) ;
#5616 = AXIS2_PLACEMENT_3D ( 'NONE', #1059, #4308, #5158 ) ;
#5617 = LINE ( 'NONE', #3397, #3583 ) ;
#5618 = CARTESIAN_POINT ( 'NONE',  ( -15.64999999999997016, 50.49999999999998579, 0.000000000000000000 ) ) ;
#5619 = DIRECTION ( 'NONE',  ( 1.000000000000000000, 0.000000000000000000, 0.000000000000000000 ) ) ;
#5620 = EDGE_LOOP ( 'NONE', ( #391, #4461, #3868, #707 ) ) ;
#5621 = VECTOR ( 'NONE', #94, 1000.000000000000000 ) ;
#5622 = EDGE_CURVE ( 'NONE', #698, #1359, #4305, .T. ) ;
#5623 = DIRECTION ( 'NONE',  ( -0.000000000000000000, -0.000000000000000000, -1.000000000000000000 ) ) ;
#5624 = ORIENTED_EDGE ( 'NONE', *, *, #1096, .T. ) ;
#5625 = AXIS2_PLACEMENT_3D ( 'NONE', #541, #1036, #4513 ) ;
#5626 = AXIS2_PLACEMENT_3D ( 'NONE', #4083, #97, #1023 ) ;
#5627 = CARTESIAN_POINT ( 'NONE',  ( -123.5000000000000000, -4.286263797015740046E-16, 6.500000000000013323 ) ) ;
#5628 = VECTOR ( 'NONE', #5029, 1000.000000000000114 ) ;
#5629 = EDGE_LOOP ( 'NONE', ( #542, #1935, #2175, #1261, #350, #1288 ) ) ;
#5630 = EDGE_CURVE ( 'NONE', #3456, #3158, #2394, .T. ) ;
#5631 = DIRECTION ( 'NONE',  ( 0.000000000000000000, -1.000000000000000000, -0.000000000000000000 ) ) ;
#5632 = CARTESIAN_POINT ( 'NONE',  ( -110.6999999999999744, 38.99999999999990052, 40.00000000000000000 ) ) ;
#5633 = EDGE_LOOP ( 'NONE', ( #515, #3724, #2846, #4793, #5716, #2858, #1591, #4609, #93, #3512, #3690, #3969, #1812, #5768, #4172, #1868 ) ) ;
#5634 = DIRECTION ( 'NONE',  ( 1.000000000000000000, 0.000000000000000000, 0.000000000000000000 ) ) ;
#5635 = ORIENTED_EDGE ( 'NONE', *, *, #39, .F. ) ;
#5636 = CARTESIAN_POINT ( 'NONE',  ( -119.0000000000000000, 53.50000000000002132, 7.000000000000000000 ) ) ;
#5637 = VERTEX_POINT ( 'NONE', #4656 ) ;
#5638 = CARTESIAN_POINT ( 'NONE',  ( -2.000000000000021760, 46.30000000000002558, 3.499999999999999556 ) ) ;
#5639 = DIRECTION ( 'NONE',  ( 1.000000000000000000, 0.000000000000000000, 0.000000000000000000 ) ) ;
#5640 = PLANE ( 'NONE',  #5432 ) ;
#5641 = CARTESIAN_POINT ( 'NONE',  ( -21.85000000000000142, 53.00000000000000711, 6.499999999999985789 ) ) ;
#5642 = CARTESIAN_POINT ( 'NONE',  ( -45.50000000000007105, 36.14999999999990621, 43.00000000000000000 ) ) ;
#5643 = VECTOR ( 'NONE', #5430, 1000.000000000000000 ) ;
#5644 = DIRECTION ( 'NONE',  ( 0.000000000000000000, -1.000000000000000000, 0.000000000000000000 ) ) ;
#5645 = CARTESIAN_POINT ( 'NONE',  ( -47.30000000000006821, 38.99999999999990052, 40.00000000000000000 ) ) ;
#5646 = CARTESIAN_POINT ( 'NONE',  ( -21.85000000000000142, 53.00000000000000711, 6.499999999999985789 ) ) ;
#5647 = EDGE_LOOP ( 'NONE', ( #3938, #3490, #2050, #2395 ) ) ;
#5648 = VECTOR ( 'NONE', #2952, 1000.000000000000000 ) ;
#5649 = EDGE_CURVE ( 'NONE', #3057, #4081, #5491, .T. ) ;
#5650 = ORIENTED_EDGE ( 'NONE', *, *, #4735, .F. ) ;
#5651 = CARTESIAN_POINT ( 'NONE',  ( -53.00000000000015632, 43.99999999999990052, 40.00000000000000000 ) ) ;
#5652 = EDGE_LOOP ( 'NONE', ( #2773, #4257, #2215, #656 ) ) ;
#5653 = AXIS2_PLACEMENT_3D ( 'NONE', #3050, #662, #790 ) ;
#5654 = CARTESIAN_POINT ( 'NONE',  ( -41.00000000000006395, 36.14999999999990621, 45.00000000000000000 ) ) ;
#5655 = EDGE_CURVE ( 'NONE', #4248, #5093, #628, .T. ) ;
#5656 = VECTOR ( 'NONE', #651, 1000.000000000000000 ) ;
#5657 = ORIENTED_EDGE ( 'NONE', *, *, #4912, .T. ) ;
#5658 = DIRECTION ( 'NONE',  ( 0.000000000000000000, 0.000000000000000000, 1.000000000000000000 ) ) ;
#5659 = EDGE_LOOP ( 'NONE', ( #3068, #600, #652, #1771 ) ) ;
#5660 = CARTESIAN_POINT ( 'NONE',  ( -112.5000000000000000, 0.000000000000000000, 47.00000000000001421 ) ) ;
#5661 = VECTOR ( 'NONE', #5014, 1000.000000000000000 ) ;
#5662 = CARTESIAN_POINT ( 'NONE',  ( -122.0000000000000000, 7.500000000000000000, 7.000000000000000000 ) ) ;
#5663 = EDGE_LOOP ( 'NONE', ( #3758, #4929, #501, #5223 ) ) ;
#5664 = DIRECTION ( 'NONE',  ( 1.000000000000000000, 0.000000000000000000, -0.000000000000000000 ) ) ;
#5665 = ORIENTED_EDGE ( 'NONE', *, *, #352, .F. ) ;
#5666 = EDGE_CURVE ( 'NONE', #299, #2878, #188, .T. ) ;
#5667 = VERTEX_POINT ( 'NONE', #3747 ) ;
#5668 = EDGE_LOOP ( 'NONE', ( #2620, #3706, #1497, #3243 ) ) ;
#5669 = DIRECTION ( 'NONE',  ( -0.000000000000000000, -0.000000000000000000, -1.000000000000000000 ) ) ;
#5670 = DIRECTION ( 'NONE',  ( -0.7071067811865491270, 0.000000000000000000, -0.7071067811865459074 ) ) ;
#5671 = DIRECTION ( 'NONE',  ( 0.000000000000000000, 0.7071067811865475727, -0.7071067811865475727 ) ) ;
#5672 = CARTESIAN_POINT ( 'NONE',  ( -119.0000000000000000, 53.50000000000002132, 0.000000000000000000 ) ) ;
#5673 = DIRECTION ( 'NONE',  ( 0.000000000000000000, 0.000000000000000000, 1.000000000000000000 ) ) ;
#5674 = DIRECTION ( 'NONE',  ( -0.000000000000000000, -0.000000000000000000, -1.000000000000000000 ) ) ;
#5675 = SHAPE_DEFINITION_REPRESENTATION ( #4842, #1702 ) ;
#5676 = ORIENTED_EDGE ( 'NONE', *, *, #933, .T. ) ;
#5677 = CARTESIAN_POINT ( 'NONE',  ( -47.50000000000007105, 2.000000000000031974, 0.5000000000000005551 ) ) ;
#5678 = ORIENTED_EDGE ( 'NONE', *, *, #5106, .F. ) ;
#5679 = FACE_OUTER_BOUND ( 'NONE', #1476, .T. ) ;
#5680 = ADVANCED_FACE ( 'NONE', ( #5542, #2455 ), #2871, .F. ) ;
#5681 = VECTOR ( 'NONE', #5572, 1000.000000000000000 ) ;
#5682 = VERTEX_POINT ( 'NONE', #4335 ) ;
#5683 = ADVANCED_FACE ( 'NONE', ( #2593, #4387 ), #3441, .T. ) ;
#5684 = LINE ( 'NONE', #1666, #759 ) ;
#5685 = ADVANCED_FACE ( 'NONE', ( #876 ), #334, .F. ) ;
#5686 = CARTESIAN_POINT ( 'NONE',  ( -110.9999999999999716, 2.500000000000009326, 47.50000000000001421 ) ) ;
#5687 = VERTEX_POINT ( 'NONE', #2103 ) ;
#5688 = LINE ( 'NONE', #3468, #566 ) ;
#5689 = ORIENTED_EDGE ( 'NONE', *, *, #3618, .F. ) ;
#5690 = ORIENTED_EDGE ( 'NONE', *, *, #2173, .T. ) ;
#5691 = EDGE_CURVE ( 'NONE', #4549, #2404, #817, .T. ) ;
#5692 = CARTESIAN_POINT ( 'NONE',  ( -110.6999999999999744, 38.99999999999990052, 43.00000000000000000 ) ) ;
#5693 = LINE ( 'NONE', #799, #2388 ) ;
#5694 = PLANE ( 'NONE',  #1225 ) ;
#5695 = CARTESIAN_POINT ( 'NONE',  ( -45.50000000000007105, 36.14999999999990621, 45.00000000000000000 ) ) ;
#5696 = CARTESIAN_POINT ( 'NONE',  ( -47.00000000000016342, 43.99999999999990052, 46.00000000000000000 ) ) ;
#5697 = EDGE_CURVE ( 'NONE', #5687, #529, #1748, .T. ) ;
#5698 = DIRECTION ( 'NONE',  ( 1.000000000000000000, 1.521687259628775549E-16, 0.000000000000000000 ) ) ;
#5699 = DIRECTION ( 'NONE',  ( 0.7071067811865352493, -0.000000000000000000, -0.7071067811865597852 ) ) ;
#5700 = ORIENTED_EDGE ( 'NONE', *, *, #2239, .F. ) ;
#5701 = AXIS2_PLACEMENT_3D ( 'NONE', #235, #3278, #5051 ) ;
#5702 = EDGE_CURVE ( 'NONE', #1110, #3787, #3947, .T. ) ;
#5703 = CARTESIAN_POINT ( 'NONE',  ( -45.00000000000007816, 1.500000000000033751, 7.499999999999985789 ) ) ;
#5704 = VERTEX_POINT ( 'NONE', #1667 ) ;
#5705 = PLANE ( 'NONE',  #4618 ) ;
#5706 = VECTOR ( 'NONE', #2458, 1000.000000000000000 ) ;
#5707 = VECTOR ( 'NONE', #3149, 1000.000000000000000 ) ;
#5708 = ORIENTED_EDGE ( 'NONE', *, *, #2160, .F. ) ;
#5709 = VECTOR ( 'NONE', #2109, 1000.000000000000000 ) ;
#5710 = FACE_OUTER_BOUND ( 'NONE', #3889, .T. ) ;
#5711 = FACE_OUTER_BOUND ( 'NONE', #4641, .T. ) ;
#5712 = FACE_OUTER_BOUND ( 'NONE', #3514, .T. ) ;
#5713 = ORIENTED_EDGE ( 'NONE', *, *, #3142, .T. ) ;
#5714 = AXIS2_PLACEMENT_3D ( 'NONE', #3394, #2467, #715 ) ;
#5715 = CARTESIAN_POINT ( 'NONE',  ( -110.9999999999999716, 6.000000000000025757, 1.500000000000000444 ) ) ;
#5716 = ORIENTED_EDGE ( 'NONE', *, *, #1994, .T. ) ;
#5717 = ORIENTED_EDGE ( 'NONE', *, *, #1096, .F. ) ;
#5718 = EDGE_CURVE ( 'NONE', #4021, #1918, #1646, .T. ) ;
#5719 = LINE ( 'NONE', #2599, #5323 ) ;
#5720 = EDGE_LOOP ( 'NONE', ( #5665, #1811, #3812, #1663 ) ) ;
#5721 = VECTOR ( 'NONE', #4798, 1000.000000000000000 ) ;
#5722 = LINE ( 'NONE', #5280, #1500 ) ;
#5723 = PLANE ( 'NONE',  #4453 ) ;
#5724 = FACE_OUTER_BOUND ( 'NONE', #1668, .T. ) ;
#5725 = CARTESIAN_POINT ( 'NONE',  ( -24.34999999999999787, 54.00000000000000000, 7.000000000000000000 ) ) ;
#5726 = VECTOR ( 'NONE', #10, 1000.000000000000114 ) ;
#5727 = CARTESIAN_POINT ( 'NONE',  ( -119.0000000000000000, 5.500000000000025757, 7.000000000000000000 ) ) ;
#5728 = EDGE_CURVE ( 'NONE', #1369, #4021, #2651, .T. ) ;
#5729 = LINE ( 'NONE', #1709, #4978 ) ;
#5730 = AXIS2_PLACEMENT_3D ( 'NONE', #5058, #3686, #961 ) ;
#5731 = FACE_OUTER_BOUND ( 'NONE', #1338, .T. ) ;
#5732 = LINE ( 'NONE', #4981, #3826 ) ;
#5733 = EDGE_CURVE ( 'NONE', #2933, #529, #3466, .T. ) ;
#5734 = CARTESIAN_POINT ( 'NONE',  ( -6.000000000000000000, 48.00000000000002842, 3.499999999999999556 ) ) ;
#5735 = VERTEX_POINT ( 'NONE', #3545 ) ;
#5736 = DIRECTION ( 'NONE',  ( 0.000000000000000000, 1.000000000000000000, 0.000000000000000000 ) ) ;
#5737 = ORIENTED_EDGE ( 'NONE', *, *, #4879, .F. ) ;
#5738 = AXIS2_PLACEMENT_3D ( 'NONE', #4161, #2254, #4979 ) ;
#5739 = DIRECTION ( 'NONE',  ( 1.075995380128666985E-16, -0.7071067811865378028, -0.7071067811865573427 ) ) ;
#5740 = CARTESIAN_POINT ( 'NONE',  ( -15.64999999999997016, 54.00000000000000000, 7.000000000000000000 ) ) ;
#5741 = LINE ( 'NONE', #1725, #354 ) ;
#5742 = ORIENTED_EDGE ( 'NONE', *, *, #3831, .T. ) ;
#5743 = VECTOR ( 'NONE', #1806, 1000.000000000000000 ) ;
#5744 = CARTESIAN_POINT ( 'NONE',  ( -34.67499999999858318, -34.67499999999954952, 45.00000000000000000 ) ) ;
#5745 = ORIENTED_EDGE ( 'NONE', *, *, #1790, .T. ) ;
#5746 = ORIENTED_EDGE ( 'NONE', *, *, #2055, .T. ) ;
#5747 = CARTESIAN_POINT ( 'NONE',  ( -45.00000000000007816, 0.000000000000000000, 6.500000000000013323 ) ) ;
#5748 = ORIENTED_EDGE ( 'NONE', *, *, #452, .F. ) ;
#5749 = VECTOR ( 'NONE', #1009, 1000.000000000000000 ) ;
#5750 = CARTESIAN_POINT ( 'NONE',  ( -113.4999999999999716, 0.5000000000000004441, 7.000000000000000000 ) ) ;
#5751 = DIRECTION ( 'NONE',  ( 0.000000000000000000, -1.000000000000000000, 0.000000000000000000 ) ) ;
#5752 = ADVANCED_FACE ( 'NONE', ( #4359 ), #1320, .T. ) ;
#5753 = FACE_BOUND ( 'NONE', #68, .T. ) ;
#5754 = DIRECTION ( 'NONE',  ( -1.521687259628775549E-16, 1.000000000000000000, 0.000000000000000000 ) ) ;
#5755 = CARTESIAN_POINT ( 'NONE',  ( -6.000000000000000000, 48.00000000000002842, 3.499999999999999556 ) ) ;
#5756 = EDGE_CURVE ( 'NONE', #3469, #4276, #5741, .T. ) ;
#5757 = LINE ( 'NONE', #4898, #4331 ) ;
#5758 = DIRECTION ( 'NONE',  ( 0.000000000000000000, 0.000000000000000000, 1.000000000000000000 ) ) ;
#5759 = DIRECTION ( 'NONE',  ( 0.000000000000000000, -1.000000000000000000, 0.000000000000000000 ) ) ;
#5760 = ADVANCED_FACE ( 'NONE', ( #5772 ), #4882, .F. ) ;
#5761 = DIRECTION ( 'NONE',  ( 0.7071067811865573427, 0.000000000000000000, -0.7071067811865378028 ) ) ;
#5762 = ORIENTED_EDGE ( 'NONE', *, *, #1152, .T. ) ;
#5763 = DIRECTION ( 'NONE',  ( 0.000000000000000000, 0.000000000000000000, -1.000000000000000000 ) ) ;
#5764 = ORIENTED_EDGE ( 'NONE', *, *, #3740, .T. ) ;
#5765 = CARTESIAN_POINT ( 'NONE',  ( -49.00000000000007105, 38.99999999999990052, 40.00000000000000000 ) ) ;
#5766 = ADVANCED_FACE ( 'NONE', ( #1292, #2623 ), #5326, .T. ) ;
#5767 = VECTOR ( 'NONE', #3118, 1000.000000000000000 ) ;
#5768 = ORIENTED_EDGE ( 'NONE', *, *, #1627, .T. ) ;
#5769 = CARTESIAN_POINT ( 'NONE',  ( -47.50000000000007105, 1.500000000000047073, 0.000000000000000000 ) ) ;
#5770 = VECTOR ( 'NONE', #1617, 999.9999999999998863 ) ;
#5771 = LINE ( 'NONE', #3107, #877 ) ;
#5772 = FACE_OUTER_BOUND ( 'NONE', #1665, .T. ) ;
#5773 = VERTEX_POINT ( 'NONE', #2212 ) ;
#5774 = DIRECTION ( 'NONE',  ( 0.7071067811865578978, 0.000000000000000000, -0.7071067811865370256 ) ) ;
#5775 = ORIENTED_EDGE ( 'NONE', *, *, #2608, .F. ) ;
#5776 = VERTEX_POINT ( 'NONE', #763 ) ;
#5777 = ORIENTED_EDGE ( 'NONE', *, *, #5756, .T. ) ;
#5778 = ADVANCED_FACE ( 'NONE', ( #3995, #2543 ), #5243, .F. ) ;
#5779 = DIRECTION ( 'NONE',  ( 0.000000000000000000, 1.000000000000000000, 0.000000000000000000 ) ) ;
#5780 = CARTESIAN_POINT ( 'NONE',  ( -47.00000000000015632, 31.99999999999990408, 40.00000000000000000 ) ) ;
#5781 = FACE_OUTER_BOUND ( 'NONE', #3191, .T. ) ;
#5782 = DIRECTION ( 'NONE',  ( -0.000000000000000000, -0.000000000000000000, -1.000000000000000000 ) ) ;
#5783 = VERTEX_POINT ( 'NONE', #2125 ) ;
#5784 = ADVANCED_FACE ( 'NONE', ( #5712 ), #1696, .F. ) ;
ENDSEC;
END-ISO-10303-21;
