ISO-10303-21;
HEADER;
FILE_DESCRIPTION (( 'STEP AP203' ),
    '1' );
FILE_NAME ('0MB_front_top_slot_tool-box-_v1.step',
    '2023-02-03T14:56:57',
    ( '' ),
    ( '' ),
    'SwSTEP 2.0',
    'SolidWorks 2023',
    '' );
FILE_SCHEMA (( 'CONFIG_CONTROL_DESIGN' ));
ENDSEC;

DATA;
#1 = VECTOR ( 'NONE', #7496, 999.9999999999998863 ) ;
#2 = ORIENTED_EDGE ( 'NONE', *, *, #9751, .F. ) ;
#3 = FACE_OUTER_BOUND ( 'NONE', #6677, .T. ) ;
#4 = CARTESIAN_POINT ( 'NONE',  ( 37.20000000000000284, -11.48653876656275408, 31.79571058475159262 ) ) ;
#5 = LINE ( 'NONE', #8530, #9357 ) ;
#6 = EDGE_LOOP ( 'NONE', ( #1883, #2338, #3225, #4191 ) ) ;
#7 = CIRCLE ( 'NONE', #1635, 1.500000000000001332 ) ;
#8 = VERTEX_POINT ( 'NONE', #5541 ) ;
#9 = DIRECTION ( 'NONE',  ( 0.000000000000000000, 0.000000000000000000, -1.000000000000000000 ) ) ;
#10 = LINE ( 'NONE', #5763, #938 ) ;
#11 = ORIENTED_EDGE ( 'NONE', *, *, #1498, .F. ) ;
#12 = EDGE_CURVE ( 'NONE', #1478, #5998, #8289, .T. ) ;
#13 = EDGE_CURVE ( 'NONE', #9426, #4237, #3542, .T. ) ;
#14 = CARTESIAN_POINT ( 'NONE',  ( 77.80000000000005400, 19.80000000000003268, 9.000000000000028422 ) ) ;
#15 = EDGE_CURVE ( 'NONE', #1526, #2632, #10363, .T. ) ;
#16 = VECTOR ( 'NONE', #10403, 1000.000000000000000 ) ;
#17 = EDGE_CURVE ( 'NONE', #12035, #6940, #4682, .T. ) ;
#18 = VECTOR ( 'NONE', #1399, 1000.000000000000000 ) ;
#19 = LINE ( 'NONE', #5768, #3547 ) ;
#20 = DIRECTION ( 'NONE',  ( -1.000000000000000000, 0.000000000000000000, 0.000000000000000000 ) ) ;
#21 = DIRECTION ( 'NONE',  ( -1.000000000000000000, 0.000000000000000000, 0.000000000000000000 ) ) ;
#22 = ORIENTED_EDGE ( 'NONE', *, *, #9746, .F. ) ;
#23 = FACE_OUTER_BOUND ( 'NONE', #10118, .T. ) ;
#24 = DIRECTION ( 'NONE',  ( 0.000000000000000000, 0.000000000000000000, -1.000000000000000000 ) ) ;
#25 = VECTOR ( 'NONE', #12152, 1000.000000000000114 ) ;
#26 = DIRECTION ( 'NONE',  ( -1.000000000000000000, -1.114860845743448580E-16, 1.304303365396091250E-16 ) ) ;
#27 = VECTOR ( 'NONE', #7902, 999.9999999999998863 ) ;
#28 = ADVANCED_FACE ( 'NONE', ( #9368 ), #797, .F. ) ;
#29 = CARTESIAN_POINT ( 'NONE',  ( 64.29711431702999391, -20.79999999999998650, 49.38768405169852826 ) ) ;
#30 = EDGE_CURVE ( 'NONE', #7067, #5774, #2530, .T. ) ;
#31 = DIRECTION ( 'NONE',  ( 0.7071067811865513475, -0.4999999999999975575, -0.4999999999999972800 ) ) ;
#32 = CARTESIAN_POINT ( 'NONE',  ( -81.80000000000005400, 8.799999999999988276, 14.00000000000001776 ) ) ;
#33 = DIRECTION ( 'NONE',  ( 1.000000000000000000, 0.000000000000000000, 0.000000000000000000 ) ) ;
#34 = AXIS2_PLACEMENT_3D ( 'NONE', #2329, #6139, #3229 ) ;
#35 = DIRECTION ( 'NONE',  ( -0.7071067811865474617, -7.883256641045619150E-17, -0.7071067811865474617 ) ) ;
#36 = VECTOR ( 'NONE', #9006, 1000.000000000000000 ) ;
#37 = DIRECTION ( 'NONE',  ( -0.000000000000000000, -0.000000000000000000, -1.000000000000000000 ) ) ;
#38 = ORIENTED_EDGE ( 'NONE', *, *, #3734, .T. ) ;
#39 = DIRECTION ( 'NONE',  ( 0.000000000000000000, -0.7071067811865462405, -0.7071067811865489050 ) ) ;
#40 = EDGE_CURVE ( 'NONE', #1526, #9077, #6525, .T. ) ;
#41 = ORIENTED_EDGE ( 'NONE', *, *, #6868, .F. ) ;
#42 = PLANE ( 'NONE',  #2921 ) ;
#43 = VERTEX_POINT ( 'NONE', #12044 ) ;
#44 = ORIENTED_EDGE ( 'NONE', *, *, #4611, .F. ) ;
#45 = EDGE_LOOP ( 'NONE', ( #4522, #6476, #9018, #11201 ) ) ;
#46 = CARTESIAN_POINT ( 'NONE',  ( 1.199999999999957767, -21.79999999999997229, 19.88675134594813443 ) ) ;
#47 = DIRECTION ( 'NONE',  ( -0.8660254037844387076, -1.088633767200839799E-16, 0.4999999999999999445 ) ) ;
#48 = DIRECTION ( 'NONE',  ( -0.8660254037844382635, -1.088633767200839183E-16, 0.5000000000000008882 ) ) ;
#49 = LINE ( 'NONE', #4125, #8607 ) ;
#50 = LINE ( 'NONE', #171, #1973 ) ;
#51 = AXIS2_PLACEMENT_3D ( 'NONE', #6720, #3814, #5740 ) ;
#52 = DIRECTION ( 'NONE',  ( 0.8660254037844397068, 1.088633767200841032E-16, 0.4999999999999980571 ) ) ;
#53 = PLANE ( 'NONE',  #2814 ) ;
#54 = EDGE_CURVE ( 'NONE', #10527, #3448, #12284, .T. ) ;
#55 = DIRECTION ( 'NONE',  ( 0.8660254037844387076, 9.654978140984308979E-17, -0.4999999999999999445 ) ) ;
#56 = VERTEX_POINT ( 'NONE', #9172 ) ;
#57 = EDGE_CURVE ( 'NONE', #3644, #6665, #603, .T. ) ;
#58 = DIRECTION ( 'NONE',  ( 1.000000000000000000, 0.000000000000000000, 0.000000000000000000 ) ) ;
#59 = DIRECTION ( 'NONE',  ( -0.8660254037844397068, -9.654978140984320072E-17, -0.4999999999999980571 ) ) ;
#60 = ORIENTED_EDGE ( 'NONE', *, *, #3134, .F. ) ;
#61 = CARTESIAN_POINT ( 'NONE',  ( -61.30000000000001847, 21.79999999999996163, 21.25000000000000000 ) ) ;
#62 = AXIS2_PLACEMENT_3D ( 'NONE', #3090, #5041, #5892 ) ;
#63 = VERTEX_POINT ( 'NONE', #8613 ) ;
#64 = LINE ( 'NONE', #1365, #4674 ) ;
#65 = AXIS2_PLACEMENT_3D ( 'NONE', #8945, #5131, #3126 ) ;
#66 = DIRECTION ( 'NONE',  ( -1.051347561198065328E-16, -1.367847971865934978E-32, -1.000000000000000000 ) ) ;
#67 = EDGE_LOOP ( 'NONE', ( #4560, #11908, #2041, #6478 ) ) ;
#68 = AXIS2_PLACEMENT_3D ( 'NONE', #905, #5713, #11281 ) ;
#69 = DIRECTION ( 'NONE',  ( 0.000000000000000000, 0.000000000000000000, -1.000000000000000000 ) ) ;
#70 = EDGE_LOOP ( 'NONE', ( #9649, #1405, #8462, #6903 ) ) ;
#71 = DIRECTION ( 'NONE',  ( -0.7071067811865475727, -0.7071067811865475727, 0.000000000000000000 ) ) ;
#72 = EDGE_CURVE ( 'NONE', #11736, #11392, #3792, .T. ) ;
#73 = CARTESIAN_POINT ( 'NONE',  ( 52.19999999999992468, 21.79999999999997584, 10.00000000000000355 ) ) ;
#74 = ORIENTED_EDGE ( 'NONE', *, *, #1866, .F. ) ;
#75 = AXIS2_PLACEMENT_3D ( 'NONE', #8090, #6383, #4289 ) ;
#76 = LINE ( 'NONE', #5081, #2060 ) ;
#77 = DIRECTION ( 'NONE',  ( -1.000000000000000000, -1.257045997084642365E-16, 0.000000000000000000 ) ) ;
#78 = PLANE ( 'NONE',  #191 ) ;
#79 = ADVANCED_FACE ( 'NONE', ( #7598, #146 ), #8730, .F. ) ;
#80 = CARTESIAN_POINT ( 'NONE',  ( 53.00288568297001035, 20.80000000000000426, -16.94986187818960133 ) ) ;
#81 = ADVANCED_FACE ( 'NONE', ( #1097 ), #913, .F. ) ;
#82 = LINE ( 'NONE', #3900, #11817 ) ;
#83 = VERTEX_POINT ( 'NONE', #5834 ) ;
#84 = CARTESIAN_POINT ( 'NONE',  ( 86.34999999999998010, 29.85000000000004405, 3.000000000000000000 ) ) ;
#85 = EDGE_CURVE ( 'NONE', #3907, #6011, #1902, .T. ) ;
#86 = DIRECTION ( 'NONE',  ( -0.000000000000000000, -0.000000000000000000, -1.000000000000000000 ) ) ;
#87 = DIRECTION ( 'NONE',  ( -0.5773502691896262862, -6.436652093989544660E-17, -0.8164965809277257014 ) ) ;
#88 = DIRECTION ( 'NONE',  ( 0.7071067811865524577, 0.7071067811865426878, 0.000000000000000000 ) ) ;
#89 = LINE ( 'NONE', #10551, #2042 ) ;
#90 = ADVANCED_FACE ( 'NONE', ( #10547 ), #5776, .T. ) ;
#91 = FACE_OUTER_BOUND ( 'NONE', #5752, .T. ) ;
#92 = ORIENTED_EDGE ( 'NONE', *, *, #5276, .T. ) ;
#93 = EDGE_LOOP ( 'NONE', ( #5564, #7420, #11656, #9454 ) ) ;
#94 = ADVANCED_FACE ( 'NONE', ( #1158 ), #10487, .F. ) ;
#95 = CARTESIAN_POINT ( 'NONE',  ( -77.83253374752474940, 19.15662166996715499, 29.96746625247527263 ) ) ;
#96 = LINE ( 'NONE', #2968, #9365 ) ;
#97 = EDGE_LOOP ( 'NONE', ( #12148, #8074, #7464, #2269, #11186 ) ) ;
#98 = FACE_OUTER_BOUND ( 'NONE', #4336, .T. ) ;
#99 = FACE_OUTER_BOUND ( 'NONE', #10982, .T. ) ;
#100 = ORIENTED_EDGE ( 'NONE', *, *, #12063, .T. ) ;
#101 = ORIENTED_EDGE ( 'NONE', *, *, #7969, .T. ) ;
#102 = ORIENTED_EDGE ( 'NONE', *, *, #12079, .F. ) ;
#103 = CARTESIAN_POINT ( 'NONE',  ( -40.55000000000001137, -57.98150098949685116, 15.12361162513371404 ) ) ;
#104 = LINE ( 'NONE', #2744, #2386 ) ;
#105 = CARTESIAN_POINT ( 'NONE',  ( 16.69999999999995666, -23.80000000000000071, 15.55662432702593634 ) ) ;
#106 = EDGE_CURVE ( 'NONE', #7797, #4207, #11426, .T. ) ;
#107 = FACE_OUTER_BOUND ( 'NONE', #5206, .T. ) ;
#108 = CARTESIAN_POINT ( 'NONE',  ( 1.199999999999951550, 29.80000000000002203, 19.88675134594813443 ) ) ;
#109 = DIRECTION ( 'NONE',  ( -0.8660254037844389297, -9.654978140984311444E-17, 0.4999999999999994449 ) ) ;
#110 = DIRECTION ( 'NONE',  ( 0.7071067811865465735, -0.5000000000000013323, -0.5000000000000001110 ) ) ;
#111 = VECTOR ( 'NONE', #11168, 1000.000000000000000 ) ;
#112 = AXIS2_PLACEMENT_3D ( 'NONE', #10812, #6030, #9941 ) ;
#113 = ORIENTED_EDGE ( 'NONE', *, *, #3134, .T. ) ;
#114 = VERTEX_POINT ( 'NONE', #11541 ) ;
#115 = ORIENTED_EDGE ( 'NONE', *, *, #4076, .F. ) ;
#116 = DIRECTION ( 'NONE',  ( -1.000000000000000000, 0.000000000000000000, 0.000000000000000000 ) ) ;
#117 = VECTOR ( 'NONE', #10195, 1000.000000000000000 ) ;
#118 = FACE_OUTER_BOUND ( 'NONE', #7858, .T. ) ;
#119 = EDGE_LOOP ( 'NONE', ( #7953, #7123, #10705, #4211 ) ) ;
#120 = FACE_OUTER_BOUND ( 'NONE', #1525, .T. ) ;
#121 = ADVANCED_FACE ( 'NONE', ( #5723 ), #9553, .T. ) ;
#122 = PLANE ( 'NONE',  #2158 ) ;
#123 = AXIS2_PLACEMENT_3D ( 'NONE', #11926, #2217, #2410 ) ;
#124 = ORIENTED_EDGE ( 'NONE', *, *, #5576, .F. ) ;
#125 = AXIS2_PLACEMENT_3D ( 'NONE', #2644, #11028, #10103 ) ;
#126 = ORIENTED_EDGE ( 'NONE', *, *, #276, .F. ) ;
#127 = DIRECTION ( 'NONE',  ( 0.8660254037844383745, 9.654978140984305281E-17, 0.5000000000000004441 ) ) ;
#128 = CARTESIAN_POINT ( 'NONE',  ( -86.34999999999998010, -29.85000000000000142, 1.000000000000000000 ) ) ;
#129 = VERTEX_POINT ( 'NONE', #7666 ) ;
#130 = CARTESIAN_POINT ( 'NONE',  ( -20.80000000000002203, -57.98150098949684406, 18.87638837486628063 ) ) ;
#131 = CARTESIAN_POINT ( 'NONE',  ( -93.34999999999999432, 30.34999999999997300, 1.000000000000000000 ) ) ;
#132 = VECTOR ( 'NONE', #3715, 1000.000000000000114 ) ;
#133 = VECTOR ( 'NONE', #9759, 1000.000000000000000 ) ;
#134 = VECTOR ( 'NONE', #7371, 1000.000000000000000 ) ;
#135 = LINE ( 'NONE', #7006, #5380 ) ;
#136 = VECTOR ( 'NONE', #11349, 1000.000000000000114 ) ;
#137 = CARTESIAN_POINT ( 'NONE',  ( -93.34999999999999432, -32.99999999999997868, 0.4999999999999831246 ) ) ;
#138 = VERTEX_POINT ( 'NONE', #6645 ) ;
#139 = DIRECTION ( 'NONE',  ( 0.000000000000000000, 0.000000000000000000, 1.000000000000000000 ) ) ;
#140 = ORIENTED_EDGE ( 'NONE', *, *, #6990, .F. ) ;
#141 = CARTESIAN_POINT ( 'NONE',  ( 56.50288568297001746, 20.80000000000000426, -10.88768405169851583 ) ) ;
#142 = DIRECTION ( 'NONE',  ( 0.7071067811865475727, 0.7071067811865475727, 0.000000000000000000 ) ) ;
#143 = DIRECTION ( 'NONE',  ( -2.775557561562891967E-17, -0.7071067811865489050, 0.7071067811865462405 ) ) ;
#144 = AXIS2_PLACEMENT_3D ( 'NONE', #9168, #4494, #11097 ) ;
#145 = LINE ( 'NONE', #3086, #11920 ) ;
#146 = FACE_OUTER_BOUND ( 'NONE', #9897, .T. ) ;
#147 = EDGE_CURVE ( 'NONE', #12018, #3772, #6823, .T. ) ;
#148 = EDGE_CURVE ( 'NONE', #1761, #9195, #11483, .T. ) ;
#149 = FACE_OUTER_BOUND ( 'NONE', #11039, .T. ) ;
#150 = ORIENTED_EDGE ( 'NONE', *, *, #4474, .T. ) ;
#151 = EDGE_CURVE ( 'NONE', #10937, #11861, #7781, .T. ) ;
#152 = CARTESIAN_POINT ( 'NONE',  ( -1.300000000000047118, 21.80000000000000071, 15.55662432702593634 ) ) ;
#153 = CARTESIAN_POINT ( 'NONE',  ( -76.80000000000003979, 21.80000000000001847, 20.25000000000004619 ) ) ;
#154 = EDGE_LOOP ( 'NONE', ( #10737, #3343, #10142, #9873 ) ) ;
#155 = ORIENTED_EDGE ( 'NONE', *, *, #3533, .F. ) ;
#156 = DIRECTION ( 'NONE',  ( -1.000000000000000000, 0.000000000000000000, 0.000000000000000000 ) ) ;
#157 = DIRECTION ( 'NONE',  ( 0.000000000000000000, -0.7071067811865487940, 0.7071067811865463515 ) ) ;
#158 = ORIENTED_EDGE ( 'NONE', *, *, #8286, .F. ) ;
#159 = ADVANCED_FACE ( 'NONE', ( #6759 ), #9494, .F. ) ;
#160 = EDGE_LOOP ( 'NONE', ( #944, #6083, #4287, #10095 ) ) ;
#161 = VECTOR ( 'NONE', #7026, 1000.000000000000114 ) ;
#162 = ORIENTED_EDGE ( 'NONE', *, *, #11609, .T. ) ;
#163 = LINE ( 'NONE', #2088, #9518 ) ;
#164 = CARTESIAN_POINT ( 'NONE',  ( -83.80000000000002558, 29.80000000000000782, 6.000000000000000000 ) ) ;
#165 = EDGE_CURVE ( 'NONE', #749, #1802, #9310, .T. ) ;
#166 = CARTESIAN_POINT ( 'NONE',  ( 93.35000000000000853, -30.35000000000010090, 5.000000000000000000 ) ) ;
#167 = FACE_OUTER_BOUND ( 'NONE', #1126, .T. ) ;
#168 = EDGE_CURVE ( 'NONE', #9081, #10916, #3969, .T. ) ;
#169 = DIRECTION ( 'NONE',  ( -1.000000000000000000, 0.000000000000000000, 0.000000000000000000 ) ) ;
#170 = CARTESIAN_POINT ( 'NONE',  ( 84.29999999999992610, -32.79999999999998295, 6.000000000000000000 ) ) ;
#171 = CARTESIAN_POINT ( 'NONE',  ( 34.69999999999996021, -57.98150098949683695, 15.55662432702593634 ) ) ;
#172 = CARTESIAN_POINT ( 'NONE',  ( -47.05000000000003979, -21.80000000000000782, 18.87638837486628418 ) ) ;
#173 = DIRECTION ( 'NONE',  ( 0.7071067811865573427, 8.888657488019682944E-17, -0.7071067811865376918 ) ) ;
#174 = CARTESIAN_POINT ( 'NONE',  ( 73.29711431702999391, -20.79999999999998650, 33.79922678357860377 ) ) ;
#175 = LINE ( 'NONE', #4001, #3603 ) ;
#176 = DIRECTION ( 'NONE',  ( 0.000000000000000000, 1.000000000000000000, 0.000000000000000000 ) ) ;
#177 = AXIS2_PLACEMENT_3D ( 'NONE', #4349, #8152, #1221 ) ;
#178 = AXIS2_PLACEMENT_3D ( 'NONE', #7306, #10210, #2561 ) ;
#179 = LINE ( 'NONE', #2930, #6181 ) ;
#180 = EDGE_LOOP ( 'NONE', ( #4492, #9370, #10759, #4164 ) ) ;
#181 = CARTESIAN_POINT ( 'NONE',  ( 49.17211431703024260, -20.79999999999999005, 75.58495251617760857 ) ) ;
#182 = VERTEX_POINT ( 'NONE', #11598 ) ;
#183 = EDGE_LOOP ( 'NONE', ( #626, #6952, #7045, #11131 ) ) ;
#184 = EDGE_CURVE ( 'NONE', #6998, #1268, #3025, .T. ) ;
#185 = CARTESIAN_POINT ( 'NONE',  ( -43.80000000000001847, 21.79999999999995808, 13.24722325026742809 ) ) ;
#186 = ORIENTED_EDGE ( 'NONE', *, *, #1176, .T. ) ;
#187 = DIRECTION ( 'NONE',  ( -0.8660254037844387076, -9.654978140984308979E-17, -0.4999999999999998335 ) ) ;
#188 = PLANE ( 'NONE',  #470 ) ;
#189 = ORIENTED_EDGE ( 'NONE', *, *, #11635, .T. ) ;
#190 = CONICAL_SURFACE ( 'NONE', #7161, 1.700000000000021050, 0.7853981633974399523 ) ;
#191 = AXIS2_PLACEMENT_3D ( 'NONE', #8906, #11711, #4091 ) ;
#192 = CARTESIAN_POINT ( 'NONE',  ( -60.80000000000001847, -24.30000000000001492, 20.25000000000001776 ) ) ;
#193 = DIRECTION ( 'NONE',  ( -0.000000000000000000, -0.000000000000000000, 1.000000000000000000 ) ) ;
#194 = CARTESIAN_POINT ( 'NONE',  ( -76.80000000000003979, 29.79999999999997584, 13.75000000000001954 ) ) ;
#195 = VERTEX_POINT ( 'NONE', #185 ) ;
#196 = EDGE_LOOP ( 'NONE', ( #7698, #1881, #3011, #3424 ) ) ;
#197 = LINE ( 'NONE', #128, #8323 ) ;
#198 = ORIENTED_EDGE ( 'NONE', *, *, #2834, .F. ) ;
#199 = AXIS2_PLACEMENT_3D ( 'NONE', #5885, #3444, #9865 ) ;
#200 = ORIENTED_EDGE ( 'NONE', *, *, #10111, .F. ) ;
#201 = VECTOR ( 'NONE', #2999, 1000.000000000000000 ) ;
#202 = VECTOR ( 'NONE', #1057, 1000.000000000000000 ) ;
#203 = EDGE_CURVE ( 'NONE', #6331, #11890, #11571, .T. ) ;
#204 = FACE_OUTER_BOUND ( 'NONE', #5083, .T. ) ;
#205 = ORIENTED_EDGE ( 'NONE', *, *, #2682, .T. ) ;
#206 = DIRECTION ( 'NONE',  ( 1.000000000000000000, 1.301042606982605321E-16, 0.000000000000000000 ) ) ;
#207 = CARTESIAN_POINT ( 'NONE',  ( -24.05000000000003624, 30.80000000000001492, 21.90747728811185269 ) ) ;
#208 = DIRECTION ( 'NONE',  ( 0.8660254037844381525, 0.000000000000000000, -0.5000000000000007772 ) ) ;
#209 = CARTESIAN_POINT ( 'NONE',  ( 52.19999999999992468, -24.79999999999999005, 10.99999999999997691 ) ) ;
#210 = CARTESIAN_POINT ( 'NONE',  ( -83.80000000000002558, 29.80000000000000782, 6.000000000000000000 ) ) ;
#211 = ORIENTED_EDGE ( 'NONE', *, *, #3075, .T. ) ;
#212 = FACE_OUTER_BOUND ( 'NONE', #536, .T. ) ;
#213 = EDGE_CURVE ( 'NONE', #525, #7086, #7942, .T. ) ;
#214 = ORIENTED_EDGE ( 'NONE', *, *, #7325, .T. ) ;
#215 = DIRECTION ( 'NONE',  ( 0.000000000000000000, 0.000000000000000000, -1.000000000000000000 ) ) ;
#216 = LINE ( 'NONE', #5035, #1012 ) ;
#217 = DIRECTION ( 'NONE',  ( -0.000000000000000000, -0.000000000000000000, -1.000000000000000000 ) ) ;
#218 = EDGE_CURVE ( 'NONE', #3080, #9768, #3192, .T. ) ;
#219 = CARTESIAN_POINT ( 'NONE',  ( 16.69999999999994955, 29.79999999999999361, 15.55662432702593634 ) ) ;
#220 = AXIS2_PLACEMENT_3D ( 'NONE', #11242, #11305, #2669 ) ;
#221 = ORIENTED_EDGE ( 'NONE', *, *, #6432, .F. ) ;
#222 = DIRECTION ( 'NONE',  ( 7.511572993685781598E-17, 8.374358620604178149E-33, -1.000000000000000000 ) ) ;
#223 = VECTOR ( 'NONE', #9222, 1000.000000000000114 ) ;
#224 = LINE ( 'NONE', #8734, #2984 ) ;
#225 = AXIS2_PLACEMENT_3D ( 'NONE', #1838, #6455, #9544 ) ;
#226 = MANIFOLD_SOLID_BREP ( 'Chanfrein6', #11089 ) ;
#227 = VECTOR ( 'NONE', #11931, 1000.000000000000000 ) ;
#228 = VECTOR ( 'NONE', #6640, 1000.000000000000000 ) ;
#229 = LINE ( 'NONE', #5044, #4017 ) ;
#230 = ORIENTED_EDGE ( 'NONE', *, *, #7171, .T. ) ;
#231 = ORIENTED_EDGE ( 'NONE', *, *, #2362, .T. ) ;
#232 = ORIENTED_EDGE ( 'NONE', *, *, #7988, .T. ) ;
#233 = ADVANCED_FACE ( 'NONE', ( #5127 ), #10826, .T. ) ;
#234 = CARTESIAN_POINT ( 'NONE',  ( -24.05000000000002913, -57.98150098949684406, 13.24722325026742809 ) ) ;
#235 = CARTESIAN_POINT ( 'NONE',  ( -62.09038568297005867, 30.80000000000001137, -9.870104202251775760 ) ) ;
#236 = ORIENTED_EDGE ( 'NONE', *, *, #11119, .T. ) ;
#237 = ORIENTED_EDGE ( 'NONE', *, *, #10050, .F. ) ;
#238 = VECTOR ( 'NONE', #967, 1000.000000000000000 ) ;
#239 = CIRCLE ( 'NONE', #4039, 1.500000000000015099 ) ;
#240 = VERTEX_POINT ( 'NONE', #5922 ) ;
#241 = DIRECTION ( 'NONE',  ( 1.301042606982605321E-16, -1.000000000000000000, 0.000000000000000000 ) ) ;
#242 = CARTESIAN_POINT ( 'NONE',  ( -15.21346123343739976, 3.536538766562631775, 33.50444585207479520 ) ) ;
#243 = PLANE ( 'NONE',  #9720 ) ;
#244 = FACE_OUTER_BOUND ( 'NONE', #1299, .T. ) ;
#245 = DIRECTION ( 'NONE',  ( 0.8660254037844383745, 9.654978140984305281E-17, 0.5000000000000003331 ) ) ;
#246 = CARTESIAN_POINT ( 'NONE',  ( 1.199999999999958433, -21.79999999999997229, 19.88675134594813443 ) ) ;
#247 = ADVANCED_FACE ( 'NONE', ( #9707, #11632, #4944, #6792, #8943, #2238 ), #10878, .F. ) ;
#248 = EDGE_CURVE ( 'NONE', #6556, #8807, #5005, .T. ) ;
#249 = CARTESIAN_POINT ( 'NONE',  ( -84.80000000000003979, -32.79999999999998295, 6.000000000000000000 ) ) ;
#250 = DIRECTION ( 'NONE',  ( 5.065170283537999523E-15, 0.6546536707079769757, 0.7559289460184545062 ) ) ;
#251 = ORIENTED_EDGE ( 'NONE', *, *, #8802, .T. ) ;
#252 = EDGE_CURVE ( 'NONE', #138, #9923, #3057, .T. ) ;
#253 = PLANE ( 'NONE',  #10785 ) ;
#254 = EDGE_LOOP ( 'NONE', ( #7165, #6297, #9708, #2047 ) ) ;
#255 = ORIENTED_EDGE ( 'NONE', *, *, #3346, .T. ) ;
#256 = CARTESIAN_POINT ( 'NONE',  ( -48.05000000000006821, 30.80000000000001137, 19.45373864405592457 ) ) ;
#257 = ORIENTED_EDGE ( 'NONE', *, *, #151, .T. ) ;
#258 = DIRECTION ( 'NONE',  ( 1.301042606982605321E-16, -1.000000000000000000, 0.000000000000000000 ) ) ;
#259 = EDGE_LOOP ( 'NONE', ( #2263, #8699, #660, #9473 ) ) ;
#260 = CARTESIAN_POINT ( 'NONE',  ( 77.80000000000005400, 29.80000000000005400, 21.00000000000002842 ) ) ;
#261 = EDGE_CURVE ( 'NONE', #7071, #7644, #9771, .T. ) ;
#262 = VERTEX_POINT ( 'NONE', #10639 ) ;
#263 = ORIENTED_EDGE ( 'NONE', *, *, #6648, .T. ) ;
#264 = EDGE_CURVE ( 'NONE', #266, #985, #6042, .T. ) ;
#265 = DIRECTION ( 'NONE',  ( -0.7071067811865504593, -0.7071067811865445751, -5.311484201212974233E-17 ) ) ;
#266 = VERTEX_POINT ( 'NONE', #1298 ) ;
#267 = LINE ( 'NONE', #1422, #7984 ) ;
#268 = VERTEX_POINT ( 'NONE', #10697 ) ;
#269 = DIRECTION ( 'NONE',  ( 0.000000000000000000, -0.000000000000000000, 1.000000000000000000 ) ) ;
#270 = DIRECTION ( 'NONE',  ( 1.000000000000000000, 1.114860845743448580E-16, 0.000000000000000000 ) ) ;
#271 = ORIENTED_EDGE ( 'NONE', *, *, #12090, .F. ) ;
#272 = DIRECTION ( 'NONE',  ( 0.6546536707079717576, 0.6546536707079806394, 0.3779644730092305283 ) ) ;
#273 = VECTOR ( 'NONE', #11484, 1000.000000000000114 ) ;
#274 = FACE_OUTER_BOUND ( 'NONE', #5040, .T. ) ;
#275 = DIRECTION ( 'NONE',  ( 0.8660254037844384856, 9.654978140984306513E-17, -0.5000000000000002220 ) ) ;
#276 = EDGE_CURVE ( 'NONE', #10582, #2026, #2307, .T. ) ;
#277 = LINE ( 'NONE', #5152, #4359 ) ;
#278 = ORIENTED_EDGE ( 'NONE', *, *, #7514, .F. ) ;
#279 = CARTESIAN_POINT ( 'NONE',  ( -43.80000000000001137, 30.80000000000001137, 21.90747728811185269 ) ) ;
#280 = ORIENTED_EDGE ( 'NONE', *, *, #2668, .F. ) ;
#281 = ORIENTED_EDGE ( 'NONE', *, *, #11238, .T. ) ;
#282 = DIRECTION ( 'NONE',  ( 0.3535533905932727872, -0.7071067811865493491, -0.6123724356957930270 ) ) ;
#283 = CARTESIAN_POINT ( 'NONE',  ( 89.34999999999998010, -27.00000000000000355, 0.000000000000000000 ) ) ;
#284 = DIRECTION ( 'NONE',  ( -0.7071067811865475727, -0.7071067811865475727, 0.000000000000000000 ) ) ;
#285 = EDGE_LOOP ( 'NONE', ( #9246, #3462, #74, #9072 ) ) ;
#286 = VECTOR ( 'NONE', #326, 1000.000000000000000 ) ;
#287 = VERTEX_POINT ( 'NONE', #2104 ) ;
#288 = DIRECTION ( 'NONE',  ( -0.8660254037844383745, -9.654978140984304048E-17, 0.5000000000000004441 ) ) ;
#289 = EDGE_CURVE ( 'NONE', #3298, #12334, #4131, .T. ) ;
#290 = EDGE_CURVE ( 'NONE', #348, #4941, #3122, .T. ) ;
#291 = LINE ( 'NONE', #3913, #5617 ) ;
#292 = ORIENTED_EDGE ( 'NONE', *, *, #3520, .F. ) ;
#293 = VERTEX_POINT ( 'NONE', #256 ) ;
#294 = PERSON_AND_ORGANIZATION_ROLE ( 'creator' ) ;
#295 = CARTESIAN_POINT ( 'NONE',  ( -82.80000000000003979, 29.80000000000000782, 25.00000000000000000 ) ) ;
#296 = VERTEX_POINT ( 'NONE', #9842 ) ;
#297 = ORIENTED_EDGE ( 'NONE', *, *, #6801, .T. ) ;
#298 = ORIENTED_EDGE ( 'NONE', *, *, #8879, .F. ) ;
#299 = LINE ( 'NONE', #3927, #7079 ) ;
#300 = DIRECTION ( 'NONE',  ( -1.000000000000000000, -4.956352788505159323E-16, 0.000000000000000000 ) ) ;
#301 = DIRECTION ( 'NONE',  ( -0.3535533905932781717, 0.7071067811865391350, 0.6123724356958019088 ) ) ;
#302 = DIRECTION ( 'NONE',  ( 1.000000000000000000, 3.469446951953611724E-16, 0.000000000000000000 ) ) ;
#303 = LINE ( 'NONE', #3929, #7652 ) ;
#304 = EDGE_CURVE ( 'NONE', #11285, #6007, #12105, .T. ) ;
#305 = PLANE ( 'NONE',  #9619 ) ;
#306 = ORIENTED_EDGE ( 'NONE', *, *, #7246, .T. ) ;
#307 = CARTESIAN_POINT ( 'NONE',  ( -21.80000000000002913, -24.79999999999999716, 15.12361162513371404 ) ) ;
#308 = ORIENTED_EDGE ( 'NONE', *, *, #4303, .T. ) ;
#309 = ORIENTED_EDGE ( 'NONE', *, *, #10310, .T. ) ;
#310 = LINE ( 'NONE', #5860, #11710 ) ;
#311 = ORIENTED_EDGE ( 'NONE', *, *, #1662, .T. ) ;
#312 = EDGE_CURVE ( 'NONE', #5900, #10656, #310, .T. ) ;
#313 = DIRECTION ( 'NONE',  ( -0.8660254037844383745, -9.654978140984305281E-17, -0.5000000000000003331 ) ) ;
#314 = ORIENTED_EDGE ( 'NONE', *, *, #4958, .T. ) ;
#315 = VECTOR ( 'NONE', #4802, 1000.000000000000114 ) ;
#316 = EDGE_CURVE ( 'NONE', #5998, #11380, #2173, .T. ) ;
#317 = CARTESIAN_POINT ( 'NONE',  ( 51.19999999999996021, -57.98150098949683695, 22.00000000000000711 ) ) ;
#318 = EDGE_CURVE ( 'NONE', #5998, #6497, #8885, .T. ) ;
#319 = AXIS2_PLACEMENT_3D ( 'NONE', #8292, #2663, #9437 ) ;
#320 = DIRECTION ( 'NONE',  ( 1.000000000000000000, 0.000000000000000000, 0.000000000000000000 ) ) ;
#321 = ORIENTED_EDGE ( 'NONE', *, *, #1053, .F. ) ;
#322 = ORIENTED_EDGE ( 'NONE', *, *, #5917, .T. ) ;
#323 = VECTOR ( 'NONE', #10758, 1000.000000000000000 ) ;
#324 = ORIENTED_EDGE ( 'NONE', *, *, #630, .F. ) ;
#325 = EDGE_LOOP ( 'NONE', ( #8161, #2864, #9315, #3325 ) ) ;
#326 = DIRECTION ( 'NONE',  ( 0.000000000000000000, 0.000000000000000000, 1.000000000000000000 ) ) ;
#327 = EDGE_CURVE ( 'NONE', #8378, #10656, #6168, .T. ) ;
#328 = ORIENTED_EDGE ( 'NONE', *, *, #12088, .F. ) ;
#329 = ADVANCED_FACE ( 'NONE', ( #2431 ), #11062, .T. ) ;
#330 = DIRECTION ( 'NONE',  ( 0.5000000000000004441, 6.505213034913031534E-17, -0.8660254037844384856 ) ) ;
#331 = VECTOR ( 'NONE', #8442, 1000.000000000000000 ) ;
#332 = EDGE_CURVE ( 'NONE', #10006, #1802, #6233, .T. ) ;
#333 = CARTESIAN_POINT ( 'NONE',  ( -39.55000000000000426, 30.80000000000001492, 19.45373864405593167 ) ) ;
#334 = EDGE_CURVE ( 'NONE', #1188, #9034, #4451, .T. ) ;
#335 = CARTESIAN_POINT ( 'NONE',  ( -47.05000000000003979, 29.79999999999997939, 15.12361162513371760 ) ) ;
#336 = VECTOR ( 'NONE', #3135, 1000.000000000000000 ) ;
#337 = PLANE ( 'NONE',  #3560 ) ;
#338 = VERTEX_POINT ( 'NONE', #6285 ) ;
#339 = CARTESIAN_POINT ( 'NONE',  ( 53.42211431702995128, 20.80000000000000426, 68.22373658401009777 ) ) ;
#340 = ORIENTED_EDGE ( 'NONE', *, *, #5667, .F. ) ;
#341 = ORIENTED_EDGE ( 'NONE', *, *, #9084, .T. ) ;
#342 = DIRECTION ( 'NONE',  ( -4.460489939442534521E-16, 0.7071067811865467956, 0.7071067811865483499 ) ) ;
#343 = ORIENTED_EDGE ( 'NONE', *, *, #54, .T. ) ;
#344 = ORIENTED_EDGE ( 'NONE', *, *, #633, .T. ) ;
#345 = VERTEX_POINT ( 'NONE', #1358 ) ;
#346 = VECTOR ( 'NONE', #5629, 1000.000000000000000 ) ;
#347 = EDGE_CURVE ( 'NONE', #9637, #3036, #1611, .T. ) ;
#348 = VERTEX_POINT ( 'NONE', #7166 ) ;
#349 = DIRECTION ( 'NONE',  ( -1.000000000000000000, 0.000000000000000000, 0.000000000000000000 ) ) ;
#350 = VECTOR ( 'NONE', #11414, 1000.000000000000114 ) ;
#351 = CARTESIAN_POINT ( 'NONE',  ( -4.754395909420707333, 44.34560409057948505, 5.859677784127173439 ) ) ;
#352 = ORIENTED_EDGE ( 'NONE', *, *, #10213, .F. ) ;
#353 = ORIENTED_EDGE ( 'NONE', *, *, #10764, .T. ) ;
#354 = ORIENTED_EDGE ( 'NONE', *, *, #9805, .T. ) ;
#355 = DIRECTION ( 'NONE',  ( 0.000000000000000000, 0.000000000000000000, -1.000000000000000000 ) ) ;
#356 = ORIENTED_EDGE ( 'NONE', *, *, #6443, .T. ) ;
#357 = APPROVAL ( #11176, 'UNSPECIFIED' ) ;
#358 = ADVANCED_FACE ( 'NONE', ( #10081 ), #5315, .F. ) ;
#359 = ORIENTED_EDGE ( 'NONE', *, *, #8644, .F. ) ;
#360 = VECTOR ( 'NONE', #5461, 1000.000000000000000 ) ;
#361 = AXIS2_PLACEMENT_3D ( 'NONE', #4257, #6225, #7937 ) ;
#362 = ORIENTED_EDGE ( 'NONE', *, *, #5364, .F. ) ;
#363 = CARTESIAN_POINT ( 'NONE',  ( 19.19999999999996021, -57.98150098949683695, 19.88675134594813443 ) ) ;
#364 = CARTESIAN_POINT ( 'NONE',  ( 93.35000000000000853, -23.64999999999997726, 3.000000000000000000 ) ) ;
#365 = DIRECTION ( 'NONE',  ( -0.8660254037844389297, -9.654978140984311444E-17, 0.4999999999999993894 ) ) ;
#366 = DIRECTION ( 'NONE',  ( -0.7071067811865475727, -9.199760500100244829E-17, -0.7071067811865475727 ) ) ;
#367 = PLANE ( 'NONE',  #9609 ) ;
#368 = FACE_OUTER_BOUND ( 'NONE', #2998, .T. ) ;
#369 = CARTESIAN_POINT ( 'NONE',  ( -77.80000000000005400, -21.50710678118655039, 25.29289321881345742 ) ) ;
#370 = ORIENTED_EDGE ( 'NONE', *, *, #9986, .T. ) ;
#371 = DIRECTION ( 'NONE',  ( -1.000000000000000000, -1.114860845743448580E-16, 1.304303365396091250E-16 ) ) ;
#372 = ORIENTED_EDGE ( 'NONE', *, *, #9957, .F. ) ;
#373 = DIRECTION ( 'NONE',  ( 1.000000000000000000, 1.114860845743448580E-16, 0.000000000000000000 ) ) ;
#374 = ADVANCED_FACE ( 'NONE', ( #8245 ), #4387, .F. ) ;
#375 = ORIENTED_EDGE ( 'NONE', *, *, #5824, .F. ) ;
#376 = VECTOR ( 'NONE', #9299, 999.9999999999998863 ) ;
#377 = ORIENTED_EDGE ( 'NONE', *, *, #11264, .T. ) ;
#378 = DIRECTION ( 'NONE',  ( 0.000000000000000000, 0.000000000000000000, -1.000000000000000000 ) ) ;
#379 = AXIS2_PLACEMENT_3D ( 'NONE', #9848, #2112, #9962 ) ;
#380 = DIRECTION ( 'NONE',  ( 0.000000000000000000, -0.000000000000000000, 1.000000000000000000 ) ) ;
#381 = LINE ( 'NONE', #7054, #11398 ) ;
#382 = ORIENTED_EDGE ( 'NONE', *, *, #12088, .T. ) ;
#383 = ADVANCED_FACE ( 'NONE', ( #9261 ), #683, .F. ) ;
#384 = ORIENTED_EDGE ( 'NONE', *, *, #9574, .T. ) ;
#385 = ADVANCED_FACE ( 'NONE', ( #2675 ), #1864, .T. ) ;
#386 = DIRECTION ( 'NONE',  ( 0.000000000000000000, -1.000000000000000000, 0.000000000000000000 ) ) ;
#387 = ORIENTED_EDGE ( 'NONE', *, *, #4266, .F. ) ;
#388 = VERTEX_POINT ( 'NONE', #3689 ) ;
#389 = DIRECTION ( 'NONE',  ( 0.8660254037844385966, 9.654978140984307746E-17, 0.4999999999999999445 ) ) ;
#390 = PLANE ( 'NONE',  #12084 ) ;
#391 = VECTOR ( 'NONE', #8624, 1000.000000000000114 ) ;
#392 = VECTOR ( 'NONE', #6726, 1000.000000000000000 ) ;
#393 = ORIENTED_EDGE ( 'NONE', *, *, #1854, .F. ) ;
#394 = CARTESIAN_POINT ( 'NONE',  ( -84.33950428677972866, 11.33950428677966649, 12.94810288271128940 ) ) ;
#395 = CARTESIAN_POINT ( 'NONE',  ( 3.997406270729164140E-15, -31.80000000000000782, 6.000000000000000000 ) ) ;
#396 = CARTESIAN_POINT ( 'NONE',  ( -81.80000000000002558, -30.80000000000002913, 6.999999999999999112 ) ) ;
#397 = DIRECTION ( 'NONE',  ( 0.000000000000000000, -1.000000000000000000, 0.000000000000000000 ) ) ;
#398 = VERTEX_POINT ( 'NONE', #2738 ) ;
#399 = VECTOR ( 'NONE', #4964, 1000.000000000000000 ) ;
#400 = CARTESIAN_POINT ( 'NONE',  ( 93.34999999999999432, 30.35000000000004761, 1.000000000000000000 ) ) ;
#401 = VECTOR ( 'NONE', #7052, 1000.000000000000000 ) ;
#402 = AXIS2_PLACEMENT_3D ( 'NONE', #2854, #979, #4809 ) ;
#403 = ORIENTED_EDGE ( 'NONE', *, *, #8776, .F. ) ;
#404 = ADVANCED_FACE ( 'NONE', ( #5496, #10382 ), #4701, .T. ) ;
#405 = EDGE_CURVE ( 'NONE', #2851, #7400, #7996, .T. ) ;
#406 = PLANE ( 'NONE',  #4590 ) ;
#407 = LINE ( 'NONE', #1331, #4603 ) ;
#408 = EDGE_LOOP ( 'NONE', ( #5791, #1155, #1972, #5009 ) ) ;
#409 = CARTESIAN_POINT ( 'NONE',  ( 34.69999999999996021, -57.98150098949683695, 15.55662432702593634 ) ) ;
#410 = EDGE_CURVE ( 'NONE', #3080, #6998, #6835, .T. ) ;
#411 = ORIENTED_EDGE ( 'NONE', *, *, #426, .F. ) ;
#412 = CARTESIAN_POINT ( 'NONE',  ( -93.34999999999999432, 33.00000000000000000, 4.500000000000018652 ) ) ;
#413 = CARTESIAN_POINT ( 'NONE',  ( 91.34999999999998010, -34.49999999999999289, 0.000000000000000000 ) ) ;
#414 = VECTOR ( 'NONE', #193, 1000.000000000000000 ) ;
#415 = ORIENTED_EDGE ( 'NONE', *, *, #11095, .T. ) ;
#416 = DIRECTION ( 'NONE',  ( -0.8660254037844385966, -9.654978140984307746E-17, 0.4999999999999999445 ) ) ;
#417 = DIRECTION ( 'NONE',  ( -0.8660254037844389297, -1.088633767200840046E-16, 0.4999999999999993894 ) ) ;
#418 = ORIENTED_EDGE ( 'NONE', *, *, #8673, .F. ) ;
#419 = EDGE_CURVE ( 'NONE', #6556, #2254, #11102, .T. ) ;
#420 = ORIENTED_EDGE ( 'NONE', *, *, #2430, .T. ) ;
#421 = DIRECTION ( 'NONE',  ( 0.8660254037844383745, 9.654978140984305281E-17, 0.5000000000000003331 ) ) ;
#422 = VECTOR ( 'NONE', #9256, 1000.000000000000000 ) ;
#423 = CARTESIAN_POINT ( 'NONE',  ( 52.19999999999991758, 21.79999999999997584, 22.00000000000000711 ) ) ;
#424 = VECTOR ( 'NONE', #3470, 1000.000000000000000 ) ;
#425 = ORIENTED_EDGE ( 'NONE', *, *, #1853, .T. ) ;
#426 = EDGE_CURVE ( 'NONE', #5727, #9470, #4497, .T. ) ;
#427 = DIRECTION ( 'NONE',  ( 0.000000000000000000, 0.000000000000000000, 1.000000000000000000 ) ) ;
#428 = PLANE ( 'NONE',  #8784 ) ;
#429 = ORIENTED_EDGE ( 'NONE', *, *, #10553, .T. ) ;
#430 = ORIENTED_EDGE ( 'NONE', *, *, #2492, .T. ) ;
#431 = VERTEX_POINT ( 'NONE', #4557 ) ;
#432 = DIRECTION ( 'NONE',  ( 0.8660254037844383745, 9.654978140984305281E-17, -0.5000000000000004441 ) ) ;
#433 = DIRECTION ( 'NONE',  ( 0.000000000000000000, -0.000000000000000000, 1.000000000000000000 ) ) ;
#434 = FACE_OUTER_BOUND ( 'NONE', #12002, .T. ) ;
#435 = AXIS2_PLACEMENT_3D ( 'NONE', #7641, #10524, #1757 ) ;
#436 = PLANE ( 'NONE',  #8598 ) ;
#437 = VECTOR ( 'NONE', #2334, 1000.000000000000114 ) ;
#438 = CARTESIAN_POINT ( 'NONE',  ( -1.300000000000048228, 29.80000000000002203, 15.55662432702593634 ) ) ;
#439 = CARTESIAN_POINT ( 'NONE',  ( -20.80000000000002558, -23.79999999999999361, 18.87638837486628063 ) ) ;
#440 = CARTESIAN_POINT ( 'NONE',  ( -61.30000000000006821, 29.79999999999998295, 12.74999999999998934 ) ) ;
#441 = ORIENTED_EDGE ( 'NONE', *, *, #1019, .F. ) ;
#442 = VECTOR ( 'NONE', #11892, 1000.000000000000114 ) ;
#443 = VERTEX_POINT ( 'NONE', #4745 ) ;
#444 = EDGE_LOOP ( 'NONE', ( #5237, #10503, #6300, #777 ) ) ;
#445 = ORIENTED_EDGE ( 'NONE', *, *, #7512, .F. ) ;
#446 = CARTESIAN_POINT ( 'NONE',  ( 77.80000000000005400, -20.79999999999998650, 6.999999999999999112 ) ) ;
#447 = AXIS2_PLACEMENT_3D ( 'NONE', #8475, #781, #7393 ) ;
#448 = CARTESIAN_POINT ( 'NONE',  ( -61.30000000000000426, -23.80000000000002913, 12.74999999999998934 ) ) ;
#449 = CYLINDRICAL_SURFACE ( 'NONE', #379, 2.000000000000001776 ) ;
#450 = EDGE_CURVE ( 'NONE', #10721, #867, #6900, .T. ) ;
#451 = EDGE_CURVE ( 'NONE', #11006, #8022, #3226, .T. ) ;
#452 = ORIENTED_EDGE ( 'NONE', *, *, #3401, .T. ) ;
#453 = ORIENTED_EDGE ( 'NONE', *, *, #8779, .T. ) ;
#454 = DIRECTION ( 'NONE',  ( -0.7071067811865474617, -7.883256641045617917E-17, 0.7071067811865474617 ) ) ;
#455 = DIRECTION ( 'NONE',  ( -0.7071067811865495711, -4.038221641405486726E-15, -0.7071067811865455743 ) ) ;
#456 = ORIENTED_EDGE ( 'NONE', *, *, #1320, .T. ) ;
#457 = LINE ( 'NONE', #3270, #9392 ) ;
#458 = DIRECTION ( 'NONE',  ( 0.3535533905932741194, -0.7071067811865466846, 0.6123724356957952475 ) ) ;
#459 = ORIENTED_EDGE ( 'NONE', *, *, #6692, .T. ) ;
#460 = DIRECTION ( 'NONE',  ( 0.000000000000000000, -0.000000000000000000, -1.000000000000000000 ) ) ;
#461 = DIRECTION ( 'NONE',  ( -1.000000000000000000, 0.000000000000000000, 0.000000000000000000 ) ) ;
#462 = LINE ( 'NONE', #1445, #5571 ) ;
#463 = ADVANCED_FACE ( 'NONE', ( #1818 ), #5638, .F. ) ;
#464 = EDGE_LOOP ( 'NONE', ( #12229, #4083, #2156, #321 ) ) ;
#465 = CARTESIAN_POINT ( 'NONE',  ( -3.997406270729164929E-15, 31.80000000000001492, 6.000000000000000000 ) ) ;
#466 = DIRECTION ( 'NONE',  ( 7.464231612344530020E-15, 0.6546536707079742001, -0.7559289460184569487 ) ) ;
#467 = ORIENTED_EDGE ( 'NONE', *, *, #4539, .F. ) ;
#468 = DIRECTION ( 'NONE',  ( -1.000000000000000000, 0.000000000000000000, 0.000000000000000000 ) ) ;
#469 = VERTEX_POINT ( 'NONE', #10580 ) ;
#470 = AXIS2_PLACEMENT_3D ( 'NONE', #4072, #8824, #10495 ) ;
#471 = ORIENTED_EDGE ( 'NONE', *, *, #4379, .T. ) ;
#472 = DIRECTION ( 'NONE',  ( 0.8660254037844383745, 1.088633767200839183E-16, 0.5000000000000004441 ) ) ;
#473 = CARTESIAN_POINT ( 'NONE',  ( 91.05000000000001137, 27.00000000000000355, 0.5000000000000004441 ) ) ;
#474 = VERTEX_POINT ( 'NONE', #4591 ) ;
#475 = EDGE_CURVE ( 'NONE', #4108, #8322, #4837, .T. ) ;
#476 = CARTESIAN_POINT ( 'NONE',  ( -93.34999999999999432, 23.65000000000000568, 5.000000000000000000 ) ) ;
#477 = VECTOR ( 'NONE', #4544, 1000.000000000000000 ) ;
#478 = EDGE_CURVE ( 'NONE', #388, #9814, #11330, .T. ) ;
#479 = DIRECTION ( 'NONE',  ( -0.000000000000000000, -0.000000000000000000, -1.000000000000000000 ) ) ;
#480 = VERTEX_POINT ( 'NONE', #7564 ) ;
#481 = VECTOR ( 'NONE', #5229, 1000.000000000000000 ) ;
#482 = EDGE_LOOP ( 'NONE', ( #9556, #585, #10696, #3311 ) ) ;
#483 = FACE_OUTER_BOUND ( 'NONE', #6014, .T. ) ;
#484 = DIRECTION ( 'NONE',  ( -1.000000000000000000, -1.301042606982605321E-16, 0.000000000000000000 ) ) ;
#485 = ORIENTED_EDGE ( 'NONE', *, *, #8978, .F. ) ;
#486 = VERTEX_POINT ( 'NONE', #8581 ) ;
#487 = EDGE_CURVE ( 'NONE', #6254, #10083, #1988, .T. ) ;
#488 = ORIENTED_EDGE ( 'NONE', *, *, #12173, .T. ) ;
#489 = CARTESIAN_POINT ( 'NONE',  ( -84.80000000000003979, 32.80000000000001137, 5.000000000000000000 ) ) ;
#490 = LINE ( 'NONE', #4308, #2772 ) ;
#491 = DIRECTION ( 'NONE',  ( -0.8660254037844397068, -1.088633767200841032E-16, -0.4999999999999980571 ) ) ;
#492 = DIRECTION ( 'NONE',  ( 0.6546536707079807504, -0.6546536707079760875, 0.3779644730092228677 ) ) ;
#493 = CARTESIAN_POINT ( 'NONE',  ( -60.30000000000002558, -57.98150098949685116, 20.25000000000001776 ) ) ;
#494 = DIRECTION ( 'NONE',  ( -0.7071067811865451302, 0.000000000000000000, -0.7071067811865499042 ) ) ;
#495 = EDGE_CURVE ( 'NONE', #2172, #1796, #5580, .T. ) ;
#496 = DIRECTION ( 'NONE',  ( -1.000000000000000000, 0.000000000000000000, 0.000000000000000000 ) ) ;
#497 = VERTEX_POINT ( 'NONE', #9465 ) ;
#498 = VECTOR ( 'NONE', #1598, 1000.000000000000000 ) ;
#499 = CARTESIAN_POINT ( 'NONE',  ( -86.34999999999998010, 24.15000000000000568, 3.000000000000000000 ) ) ;
#500 = ORIENTED_EDGE ( 'NONE', *, *, #6945, .T. ) ;
#501 = EDGE_LOOP ( 'NONE', ( #7760, #8724, #6889, #8953, #2676, #875 ) ) ;
#502 = CARTESIAN_POINT ( 'NONE',  ( -86.34999999999998010, -29.85000000000000142, 3.000000000000000000 ) ) ;
#503 = VECTOR ( 'NONE', #612, 1000.000000000000000 ) ;
#504 = EDGE_CURVE ( 'NONE', #4031, #6540, #6619, .T. ) ;
#505 = VERTEX_POINT ( 'NONE', #11393 ) ;
#506 = DIRECTION ( 'NONE',  ( -1.301042606982605321E-16, 1.000000000000000000, -0.000000000000000000 ) ) ;
#507 = VERTEX_POINT ( 'NONE', #10460 ) ;
#508 = VERTEX_POINT ( 'NONE', #3826 ) ;
#509 = CARTESIAN_POINT ( 'NONE',  ( -77.80000000000005400, 20.79999999999999005, 6.999999999999999112 ) ) ;
#510 = DIRECTION ( 'NONE',  ( -0.4999999999999996114, -6.505213034913022906E-17, 0.8660254037844388186 ) ) ;
#511 = ORIENTED_EDGE ( 'NONE', *, *, #7497, .F. ) ;
#512 = EDGE_CURVE ( 'NONE', #8826, #6981, #7637, .T. ) ;
#513 = DIRECTION ( 'NONE',  ( 0.7071067811865451302, 0.7071067811865500152, 0.000000000000000000 ) ) ;
#514 = FACE_OUTER_BOUND ( 'NONE', #1177, .T. ) ;
#515 = CARTESIAN_POINT ( 'NONE',  ( -42.38406532401710791, -23.63406532401709370, 16.18250973366633261 ) ) ;
#516 = CARTESIAN_POINT ( 'NONE',  ( -40.55000000000001847, -23.80000000000001137, 15.12361162513371227 ) ) ;
#517 = VECTOR ( 'NONE', #7271, 1000.000000000000114 ) ;
#518 = VECTOR ( 'NONE', #8111, 1000.000000000000000 ) ;
#519 = EDGE_LOOP ( 'NONE', ( #8465, #11045, #4435, #9532 ) ) ;
#520 = ORIENTED_EDGE ( 'NONE', *, *, #3838, .T. ) ;
#521 = CARTESIAN_POINT ( 'NONE',  ( 37.19999999999995310, -23.79999999999999361, 19.88675134594813443 ) ) ;
#522 = AXIS2_PLACEMENT_3D ( 'NONE', #4212, #7063, #10898 ) ;
#523 = PLANE ( 'NONE',  #177 ) ;
#524 = ORIENTED_EDGE ( 'NONE', *, *, #8667, .T. ) ;
#525 = VERTEX_POINT ( 'NONE', #5750 ) ;
#526 = DIRECTION ( 'NONE',  ( 0.000000000000000000, 0.000000000000000000, 1.000000000000000000 ) ) ;
#527 = DIRECTION ( 'NONE',  ( -0.4999999999999994449, -6.505213034913021674E-17, -0.8660254037844390407 ) ) ;
#528 = AXIS2_PLACEMENT_3D ( 'NONE', #8395, #7444, #12263 ) ;
#529 = ADVANCED_FACE ( 'NONE', ( #9583 ), #11513, .F. ) ;
#530 = DIRECTION ( 'NONE',  ( -0.7071067811865486830, -0.7071067811865463515, -2.407380598172882155E-15 ) ) ;
#531 = VERTEX_POINT ( 'NONE', #6102 ) ;
#532 = AXIS2_PLACEMENT_3D ( 'NONE', #5991, #4145, #11830 ) ;
#533 = CYLINDRICAL_SURFACE ( 'NONE', #6798, 1.700000000000021050 ) ;
#534 = DIRECTION ( 'NONE',  ( 0.000000000000000000, -1.000000000000000000, 0.000000000000000000 ) ) ;
#535 = LINE ( 'NONE', #1516, #10427 ) ;
#536 = EDGE_LOOP ( 'NONE', ( #11567, #1694, #3922, #10821 ) ) ;
#537 = AXIS2_PLACEMENT_3D ( 'NONE', #729, #7269, #8428 ) ;
#538 = EDGE_LOOP ( 'NONE', ( #3402, #11954, #2325, #3071 ) ) ;
#539 = DIRECTION ( 'NONE',  ( -1.000000000000000000, 0.000000000000000000, 0.000000000000000000 ) ) ;
#540 = VECTOR ( 'NONE', #4648, 1000.000000000000000 ) ;
#541 = EDGE_CURVE ( 'NONE', #3288, #6589, #4261, .T. ) ;
#542 = ORIENTED_EDGE ( 'NONE', *, *, #10875, .F. ) ;
#543 = CARTESIAN_POINT ( 'NONE',  ( -75.80000000000001137, 21.80000000000002203, 12.74999999999999467 ) ) ;
#544 = CARTESIAN_POINT ( 'NONE',  ( 51.19999999999996021, -57.98150098949683695, 22.00000000000000711 ) ) ;
#545 = AXIS2_PLACEMENT_3D ( 'NONE', #1871, #1678, #12192 ) ;
#546 = ORIENTED_EDGE ( 'NONE', *, *, #7073, .F. ) ;
#547 = VERTEX_POINT ( 'NONE', #6231 ) ;
#548 = VERTEX_POINT ( 'NONE', #7229 ) ;
#549 = LINE ( 'NONE', #3483, #6000 ) ;
#550 = CARTESIAN_POINT ( 'NONE',  ( -92.84999999999999432, 24.15000000000000568, 1.000000000000000000 ) ) ;
#551 = DIRECTION ( 'NONE',  ( 0.6546536707079760875, 0.6546536707079764206, 0.3779644730092300842 ) ) ;
#552 = LINE ( 'NONE', #5117, #6573 ) ;
#553 = CARTESIAN_POINT ( 'NONE',  ( -91.05000000000001137, 27.00000000000000355, 3.000000000000000000 ) ) ;
#554 = PLANE ( 'NONE',  #3403 ) ;
#555 = CARTESIAN_POINT ( 'NONE',  ( -78.80000000000008242, -8.800000000000009592, 26.00000000000000355 ) ) ;
#556 = EDGE_CURVE ( 'NONE', #5809, #11094, #620, .T. ) ;
#557 = DIRECTION ( 'NONE',  ( 0.000000000000000000, 0.000000000000000000, 1.000000000000000000 ) ) ;
#558 = VECTOR ( 'NONE', #10269, 1000.000000000000114 ) ;
#559 = ORIENTED_EDGE ( 'NONE', *, *, #3809, .T. ) ;
#560 = DIRECTION ( 'NONE',  ( -1.000000000000000000, 0.000000000000000000, 0.000000000000000000 ) ) ;
#561 = EDGE_CURVE ( 'NONE', #7677, #8231, #9193, .T. ) ;
#562 = VERTEX_POINT ( 'NONE', #499 ) ;
#563 = EDGE_CURVE ( 'NONE', #8762, #3557, #10876, .T. ) ;
#564 = LINE ( 'NONE', #7291, #2389 ) ;
#565 = VERTEX_POINT ( 'NONE', #7044 ) ;
#566 = CARTESIAN_POINT ( 'NONE',  ( -61.30000000000000426, -24.80000000000000071, 20.25000000000001776 ) ) ;
#567 = LINE ( 'NONE', #6114, #5927 ) ;
#568 = DIRECTION ( 'NONE',  ( -0.7071067811865561215, -0.7071067811865389130, 0.000000000000000000 ) ) ;
#569 = ADVANCED_FACE ( 'NONE', ( #8941 ), #12003, .F. ) ;
#570 = FACE_OUTER_BOUND ( 'NONE', #11885, .T. ) ;
#571 = ORIENTED_EDGE ( 'NONE', *, *, #5329, .T. ) ;
#572 = ORIENTED_EDGE ( 'NONE', *, *, #3630, .F. ) ;
#573 = ADVANCED_FACE ( 'NONE', ( #4319 ), #8007, .F. ) ;
#574 = DIRECTION ( 'NONE',  ( -1.000000000000000000, -1.301042606982605321E-16, 0.000000000000000000 ) ) ;
#575 = CARTESIAN_POINT ( 'NONE',  ( 89.34999999999998010, 27.00000000000000355, 1.000000000000000000 ) ) ;
#576 = ORIENTED_EDGE ( 'NONE', *, *, #6963, .T. ) ;
#577 = VECTOR ( 'NONE', #7066, 1000.000000000000000 ) ;
#578 = CARTESIAN_POINT ( 'NONE',  ( 37.19999999999994600, 29.79999999999999361, 14.11324865405187090 ) ) ;
#579 = CARTESIAN_POINT ( 'NONE',  ( 87.64999999999996305, -27.00000000000000355, 4.499999999999970690 ) ) ;
#580 = FACE_OUTER_BOUND ( 'NONE', #8799, .T. ) ;
#581 = VECTOR ( 'NONE', #472, 1000.000000000000000 ) ;
#582 = EDGE_LOOP ( 'NONE', ( #5132, #3979, #7389, #8164 ) ) ;
#583 = EDGE_CURVE ( 'NONE', #9359, #11690, #4384, .T. ) ;
#584 = VECTOR ( 'NONE', #3458, 1000.000000000000114 ) ;
#585 = ORIENTED_EDGE ( 'NONE', *, *, #9887, .F. ) ;
#586 = VECTOR ( 'NONE', #7294, 1000.000000000000114 ) ;
#587 = PLANE ( 'NONE',  #75 ) ;
#588 = LINE ( 'NONE', #4419, #25 ) ;
#589 = CARTESIAN_POINT ( 'NONE',  ( -48.05000000000002558, -20.80000000000000071, 14.54626135594405412 ) ) ;
#590 = VERTEX_POINT ( 'NONE', #7164 ) ;
#591 = VECTOR ( 'NONE', #10067, 1000.000000000000114 ) ;
#592 = VECTOR ( 'NONE', #10856, 1000.000000000000114 ) ;
#593 = CARTESIAN_POINT ( 'NONE',  ( -61.30000000000000426, 29.80000000000003979, 21.24999999999999289 ) ) ;
#594 = EDGE_LOOP ( 'NONE', ( #7817, #2913, #9055, #9404 ) ) ;
#595 = CARTESIAN_POINT ( 'NONE',  ( -60.30000000000003979, 29.79999999999997939, 12.74999999999998934 ) ) ;
#596 = EDGE_CURVE ( 'NONE', #7644, #5316, #6040, .T. ) ;
#597 = VERTEX_POINT ( 'NONE', #8243 ) ;
#598 = EDGE_CURVE ( 'NONE', #5582, #5355, #3326, .T. ) ;
#599 = FACE_OUTER_BOUND ( 'NONE', #8047, .T. ) ;
#600 = CARTESIAN_POINT ( 'NONE',  ( -47.05000000000003979, 29.79999999999997939, 15.12361162513371760 ) ) ;
#601 = ORIENTED_EDGE ( 'NONE', *, *, #5743, .F. ) ;
#602 = DIRECTION ( 'NONE',  ( 0.000000000000000000, -0.7071067811865465735, 0.7071067811865483499 ) ) ;
#603 = LINE ( 'NONE', #10174, #8297 ) ;
#604 = VECTOR ( 'NONE', #9208, 1000.000000000000114 ) ;
#605 = VECTOR ( 'NONE', #1474, 1000.000000000000114 ) ;
#606 = VECTOR ( 'NONE', #9656, 1000.000000000000000 ) ;
#607 = ORIENTED_EDGE ( 'NONE', *, *, #10995, .T. ) ;
#608 = ORIENTED_EDGE ( 'NONE', *, *, #3698, .F. ) ;
#609 = CARTESIAN_POINT ( 'NONE',  ( -82.80000000000005400, -9.507106781186564604, 13.29289321881343788 ) ) ;
#610 = DIRECTION ( 'NONE',  ( 1.000000000000000000, 1.257045997084642365E-16, -1.304303365396091250E-16 ) ) ;
#611 = CARTESIAN_POINT ( 'NONE',  ( 76.80000000000005400, 19.80000000000000782, 6.000000000000000000 ) ) ;
#612 = DIRECTION ( 'NONE',  ( 0.000000000000000000, 0.000000000000000000, 1.000000000000000000 ) ) ;
#613 = AXIS2_PLACEMENT_3D ( 'NONE', #2541, #8240, #3487 ) ;
#614 = VECTOR ( 'NONE', #1790, 1000.000000000000114 ) ;
#615 = DIRECTION ( 'NONE',  ( -0.4999999999999980571, -6.505213034912999487E-17, 0.8660254037844397068 ) ) ;
#616 = EDGE_CURVE ( 'NONE', #1201, #7968, #1510, .T. ) ;
#617 = LINE ( 'NONE', #12122, #6987 ) ;
#618 = FACE_OUTER_BOUND ( 'NONE', #4922, .T. ) ;
#619 = ORIENTED_EDGE ( 'NONE', *, *, #598, .F. ) ;
#620 = LINE ( 'NONE', #5311, #7511 ) ;
#621 = EDGE_LOOP ( 'NONE', ( #3141, #8370, #2119, #3413 ) ) ;
#622 = CARTESIAN_POINT ( 'NONE',  ( -89.34999999999998010, -27.00000000000000355, 5.000000000000000000 ) ) ;
#623 = ORIENTED_EDGE ( 'NONE', *, *, #5450, .T. ) ;
#624 = VECTOR ( 'NONE', #4552, 1000.000000000000000 ) ;
#625 = FACE_OUTER_BOUND ( 'NONE', #1448, .T. ) ;
#626 = ORIENTED_EDGE ( 'NONE', *, *, #4049, .T. ) ;
#627 = DIRECTION ( 'NONE',  ( 0.7071067811865474617, 0.7071067811865474617, 0.000000000000000000 ) ) ;
#628 = CARTESIAN_POINT ( 'NONE',  ( -61.30000000000006821, 30.80000000000001137, 11.74999999999996092 ) ) ;
#629 = EDGE_CURVE ( 'NONE', #4306, #11006, #11005, .T. ) ;
#630 = EDGE_CURVE ( 'NONE', #6011, #6657, #9009, .T. ) ;
#631 = DIRECTION ( 'NONE',  ( 0.7071067811865475727, -0.7071067811865475727, 0.000000000000000000 ) ) ;
#632 = CARTESIAN_POINT ( 'NONE',  ( -43.80000000000001847, -24.80000000000000071, 19.59807621135335154 ) ) ;
#633 = EDGE_CURVE ( 'NONE', #11402, #3193, #2427, .T. ) ;
#634 = AXIS2_PLACEMENT_3D ( 'NONE', #8434, #10549, #1959 ) ;
#635 = AXIS2_PLACEMENT_3D ( 'NONE', #10541, #7773, #1952 ) ;
#636 = VERTEX_POINT ( 'NONE', #1421 ) ;
#637 = DIRECTION ( 'NONE',  ( 0.000000000000000000, 0.000000000000000000, -1.000000000000000000 ) ) ;
#638 = ORIENTED_EDGE ( 'NONE', *, *, #6710, .T. ) ;
#639 = CARTESIAN_POINT ( 'NONE',  ( -75.80000000000005400, 29.80000000000003268, 21.25000000000000000 ) ) ;
#640 = CARTESIAN_POINT ( 'NONE',  ( -82.80000000000003979, 30.80000000000000782, 11.74999999999996270 ) ) ;
#641 = VERTEX_POINT ( 'NONE', #3435 ) ;
#642 = VECTOR ( 'NONE', #6194, 1000.000000000000114 ) ;
#643 = CARTESIAN_POINT ( 'NONE',  ( 1.199999999999952216, 29.80000000000002203, 14.11324865405187090 ) ) ;
#644 = EDGE_CURVE ( 'NONE', #3801, #4670, #4124, .T. ) ;
#645 = DIRECTION ( 'NONE',  ( 0.000000000000000000, -0.000000000000000000, -1.000000000000000000 ) ) ;
#646 = ADVANCED_FACE ( 'NONE', ( #3492 ), #10822, .F. ) ;
#647 = ORIENTED_EDGE ( 'NONE', *, *, #9339, .T. ) ;
#648 = EDGE_LOOP ( 'NONE', ( #8972, #4113, #3599, #6983 ) ) ;
#649 = LINE ( 'NONE', #2573, #4752 ) ;
#650 = DIRECTION ( 'NONE',  ( 0.000000000000000000, 0.000000000000000000, -1.000000000000000000 ) ) ;
#651 = EDGE_LOOP ( 'NONE', ( #7307, #1360, #2079, #2571, #7513, #9617 ) ) ;
#652 = DIRECTION ( 'NONE',  ( -1.000000000000000000, 0.000000000000000000, 1.051347561198065328E-16 ) ) ;
#653 = CARTESIAN_POINT ( 'NONE',  ( -61.30000000000000426, -24.80000000000000071, 12.74999999999998934 ) ) ;
#654 = CARTESIAN_POINT ( 'NONE',  ( 4.699999999999940670, -20.79999999999999361, 26.00000000000000355 ) ) ;
#655 = CARTESIAN_POINT ( 'NONE',  ( -48.05000000000002558, -20.80000000000000071, 19.45373864405590680 ) ) ;
#656 = EDGE_CURVE ( 'NONE', #10646, #8979, #12182, .T. ) ;
#657 = DIRECTION ( 'NONE',  ( 0.3535533905932750076, -0.7071067811865459074, 0.6123724356957958026 ) ) ;
#658 = CARTESIAN_POINT ( 'NONE',  ( 33.69999999999991047, 30.80000000000002203, 14.97927405783629773 ) ) ;
#659 = PLANE ( 'NONE',  #3371 ) ;
#660 = ORIENTED_EDGE ( 'NONE', *, *, #5238, .F. ) ;
#661 = CARTESIAN_POINT ( 'NONE',  ( -89.34999999999998010, -27.00000000000000355, 4.499999999999968914 ) ) ;
#662 = DIRECTION ( 'NONE',  ( -1.301042606982605321E-16, 1.000000000000000000, -0.000000000000000000 ) ) ;
#663 = DIRECTION ( 'NONE',  ( -0.6785983445458512175, 0.6785983445458512175, 0.2810846377147996900 ) ) ;
#664 = ORIENTED_EDGE ( 'NONE', *, *, #10253, .F. ) ;
#665 = CARTESIAN_POINT ( 'NONE',  ( -40.55000000000001847, -23.80000000000002558, 18.87638837486628063 ) ) ;
#666 = CARTESIAN_POINT ( 'NONE',  ( -61.29999999999999716, -57.98150098949685116, 12.74999999999998934 ) ) ;
#667 = ORIENTED_EDGE ( 'NONE', *, *, #10253, .T. ) ;
#668 = CC_DESIGN_DATE_AND_TIME_ASSIGNMENT ( #5167, #7147, ( #2183 ) ) ;
#669 = EDGE_LOOP ( 'NONE', ( #2103, #4324, #5990, #3008 ) ) ;
#670 = LINE ( 'NONE', #7412, #10113 ) ;
#671 = EDGE_CURVE ( 'NONE', #8944, #3907, #11122, .T. ) ;
#672 = DIRECTION ( 'NONE',  ( -1.000000000000000000, -1.301042606982605321E-16, 0.000000000000000000 ) ) ;
#673 = FACE_OUTER_BOUND ( 'NONE', #8739, .T. ) ;
#674 = CARTESIAN_POINT ( 'NONE',  ( 16.69999999999996021, -57.98150098949683695, 18.44337567297407077 ) ) ;
#675 = VECTOR ( 'NONE', #6206, 1000.000000000000000 ) ;
#676 = CARTESIAN_POINT ( 'NONE',  ( 0.000000000000000000, -20.79999999999999361, 26.00000000000000355 ) ) ;
#677 = ORIENTED_EDGE ( 'NONE', *, *, #9519, .T. ) ;
#678 = CARTESIAN_POINT ( 'NONE',  ( -93.34999999999999432, -23.65000000000003055, 5.000000000000000000 ) ) ;
#679 = VECTOR ( 'NONE', #10412, 1000.000000000000000 ) ;
#680 = ORIENTED_EDGE ( 'NONE', *, *, #12033, .F. ) ;
#681 = DIRECTION ( 'NONE',  ( -0.000000000000000000, -0.7071067811865549002, 0.7071067811865402453 ) ) ;
#682 = ORIENTED_EDGE ( 'NONE', *, *, #563, .F. ) ;
#683 = PLANE ( 'NONE',  #4535 ) ;
#684 = EDGE_LOOP ( 'NONE', ( #8923, #11924, #3868, #186 ) ) ;
#685 = CARTESIAN_POINT ( 'NONE',  ( 78.80000000000008242, -20.79999999999994387, 26.00000000000000355 ) ) ;
#686 = ORIENTED_EDGE ( 'NONE', *, *, #912, .T. ) ;
#687 = DIRECTION ( 'NONE',  ( -0.000000000000000000, -0.000000000000000000, -1.000000000000000000 ) ) ;
#688 = ADVANCED_FACE ( 'NONE', ( #2807 ), #11181, .F. ) ;
#689 = LINE ( 'NONE', #10084, #8389 ) ;
#690 = LINE ( 'NONE', #628, #7310 ) ;
#691 = CIRCLE ( 'NONE', #2876, 1.700000000000021050 ) ;
#692 = LINE ( 'NONE', #6545, #5772 ) ;
#693 = FACE_OUTER_BOUND ( 'NONE', #7880, .T. ) ;
#694 = CARTESIAN_POINT ( 'NONE',  ( -61.30000000000000426, -20.80000000000000071, 11.75000000000001599 ) ) ;
#695 = ORIENTED_EDGE ( 'NONE', *, *, #3367, .T. ) ;
#696 = FACE_OUTER_BOUND ( 'NONE', #872, .T. ) ;
#697 = VERTEX_POINT ( 'NONE', #8371 ) ;
#698 = ORIENTED_EDGE ( 'NONE', *, *, #716, .T. ) ;
#699 = ADVANCED_FACE ( 'NONE', ( #8501 ), #12299, .F. ) ;
#700 = DIRECTION ( 'NONE',  ( 0.6546536707079743111, -0.6546536707079795292, 0.3779644730092279192 ) ) ;
#701 = CARTESIAN_POINT ( 'NONE',  ( -27.30000000000004334, 29.80000000000000071, 18.87638837486628418 ) ) ;
#702 = ORIENTED_EDGE ( 'NONE', *, *, #5686, .T. ) ;
#703 = DIRECTION ( 'NONE',  ( 0.000000000000000000, -1.000000000000000000, 0.000000000000000000 ) ) ;
#704 = CARTESIAN_POINT ( 'NONE',  ( -40.55000000000001137, -57.98150098949685116, 18.87638837486628063 ) ) ;
#705 = DIRECTION ( 'NONE',  ( -0.7071067811865474617, -0.7071067811865474617, -0.000000000000000000 ) ) ;
#706 = ORIENTED_EDGE ( 'NONE', *, *, #10781, .T. ) ;
#707 = ORIENTED_EDGE ( 'NONE', *, *, #9886, .F. ) ;
#708 = LINE ( 'NONE', #4540, #4135 ) ;
#709 = LINE ( 'NONE', #6257, #2574 ) ;
#710 = ORIENTED_EDGE ( 'NONE', *, *, #3507, .F. ) ;
#711 = EDGE_CURVE ( 'NONE', #1280, #1831, #2612, .T. ) ;
#712 = CARTESIAN_POINT ( 'NONE',  ( -60.30000000000003268, -24.80000000000000071, 20.25000000000001776 ) ) ;
#713 = LINE ( 'NONE', #8341, #1624 ) ;
#714 = ADVANCED_FACE ( 'NONE', ( #3622 ), #12366, .F. ) ;
#715 = DIRECTION ( 'NONE',  ( -0.000000000000000000, 0.000000000000000000, 1.000000000000000000 ) ) ;
#716 = EDGE_CURVE ( 'NONE', #2667, #2553, #4640, .T. ) ;
#717 = LINE ( 'NONE', #8476, #8676 ) ;
#718 = ORIENTED_EDGE ( 'NONE', *, *, #5133, .F. ) ;
#719 = AXIS2_PLACEMENT_3D ( 'NONE', #4864, #8672, #4914 ) ;
#720 = CARTESIAN_POINT ( 'NONE',  ( -51.65288568297007998, 30.80000000000001137, -27.94838450625190873 ) ) ;
#721 = AXIS2_PLACEMENT_3D ( 'NONE', #1658, #861, #4686 ) ;
#722 = ORIENTED_EDGE ( 'NONE', *, *, #10435, .F. ) ;
#723 = ORIENTED_EDGE ( 'NONE', *, *, #5039, .F. ) ;
#724 = LINE ( 'NONE', #9362, #4969 ) ;
#725 = CARTESIAN_POINT ( 'NONE',  ( -40.55000000000002558, 29.79999999999997939, 18.87638837486628063 ) ) ;
#726 = ADVANCED_FACE ( 'NONE', ( #928, #7426, #9316 ), #11246, .F. ) ;
#727 = PLANE ( 'NONE',  #3347 ) ;
#728 = VECTOR ( 'NONE', #2756, 1000.000000000000000 ) ;
#729 = CARTESIAN_POINT ( 'NONE',  ( 77.80000000000005400, -9.799999999999991829, 26.00000000000000355 ) ) ;
#730 = DIRECTION ( 'NONE',  ( -1.000000000000000000, 0.000000000000000000, 0.000000000000000000 ) ) ;
#731 = CARTESIAN_POINT ( 'NONE',  ( -92.84999999999999432, -32.99999999999997868, 0.000000000000000000 ) ) ;
#732 = AXIS2_PLACEMENT_3D ( 'NONE', #12206, #2639, #9712 ) ;
#733 = DIRECTION ( 'NONE',  ( 1.301042606982605321E-16, -1.000000000000000000, 0.000000000000000000 ) ) ;
#734 = ORIENTED_EDGE ( 'NONE', *, *, #8117, .T. ) ;
#735 = CARTESIAN_POINT ( 'NONE',  ( 3.699999999999956213, 29.80000000000002203, 18.44337567297406721 ) ) ;
#736 = EDGE_LOOP ( 'NONE', ( #1037, #3618, #2145, #7546 ) ) ;
#737 = LINE ( 'NONE', #8027, #6293 ) ;
#738 = FACE_OUTER_BOUND ( 'NONE', #7429, .T. ) ;
#739 = CARTESIAN_POINT ( 'NONE',  ( 22.69999999999993534, -20.79999999999999361, 14.97927405783632615 ) ) ;
#740 = AXIS2_PLACEMENT_3D ( 'NONE', #4815, #2971, #7614 ) ;
#741 = PLANE ( 'NONE',  #2816 ) ;
#742 = ORIENTED_EDGE ( 'NONE', *, *, #3584, .F. ) ;
#743 = APPLICATION_CONTEXT ( 'configuration controlled 3d designs of mechanical parts and assemblies' ) ;
#744 = CARTESIAN_POINT ( 'NONE',  ( 78.09289321881348656, -20.79999999999998650, 24.99999999999999645 ) ) ;
#745 = LINE ( 'NONE', #12178, #3739 ) ;
#746 = ORIENTED_EDGE ( 'NONE', *, *, #10841, .T. ) ;
#747 = CARTESIAN_POINT ( 'NONE',  ( 19.50082448084854292, -5.999175519151446423, 27.56598594041006223 ) ) ;
#748 = CARTESIAN_POINT ( 'NONE',  ( -76.80000000000002558, -23.80000000000002558, 13.74999999999996447 ) ) ;
#749 = VERTEX_POINT ( 'NONE', #2672 ) ;
#750 = VERTEX_POINT ( 'NONE', #11308 ) ;
#751 = CARTESIAN_POINT ( 'NONE',  ( 3.699999999999963318, -23.79999999999996874, 15.55662432702593811 ) ) ;
#752 = CARTESIAN_POINT ( 'NONE',  ( -60.30000000000003268, -20.80000000000000071, 20.25000000000001776 ) ) ;
#753 = LINE ( 'NONE', #11382, #10254 ) ;
#754 = DIRECTION ( 'NONE',  ( 0.7071067811865474617, -0.7071067811865474617, -0.000000000000000000 ) ) ;
#756 = CARTESIAN_POINT ( 'NONE',  ( -60.30000000000003268, 21.80000000000001847, 20.25000000000004619 ) ) ;
#755 = AXIS2_PLACEMENT_3D ( 'NONE', #8095, #657, #7263 ) ;
#757 = LINE ( 'NONE', #882, #7203 ) ;
#758 = CARTESIAN_POINT ( 'NONE',  ( -92.84999999999999432, -29.85000000000000142, 1.000000000000000000 ) ) ;
#759 = DIRECTION ( 'NONE',  ( 0.6785983445458467767, -0.2810846377148213948, -0.6785983445458467767 ) ) ;
#760 = DIRECTION ( 'NONE',  ( -0.7071067811865474617, 0.7071067811865474617, 2.407380598172878210E-15 ) ) ;
#761 = EDGE_LOOP ( 'NONE', ( #9534, #2324, #8962, #6169 ) ) ;
#762 = EDGE_CURVE ( 'NONE', #10006, #9014, #7286, .T. ) ;
#763 = CARTESIAN_POINT ( 'NONE',  ( 16.69999999999995666, -23.79999999999999361, 15.55662432702594167 ) ) ;
#764 = ORIENTED_EDGE ( 'NONE', *, *, #4216, .F. ) ;
#765 = FACE_OUTER_BOUND ( 'NONE', #1024, .T. ) ;
#766 = DIRECTION ( 'NONE',  ( -0.000000000000000000, -0.000000000000000000, -1.000000000000000000 ) ) ;
#767 = ORIENTED_EDGE ( 'NONE', *, *, #12311, .T. ) ;
#768 = CARTESIAN_POINT ( 'NONE',  ( -61.30000000000006821, 21.80000000000001847, 12.74999999999998934 ) ) ;
#769 = CARTESIAN_POINT ( 'NONE',  ( 93.34999999999999432, -24.15000000000000568, 1.000000000000000000 ) ) ;
#770 = LINE ( 'NONE', #3517, #10380 ) ;
#771 = EDGE_CURVE ( 'NONE', #2085, #2616, #6475, .T. ) ;
#772 = ORIENTED_EDGE ( 'NONE', *, *, #9751, .T. ) ;
#773 = ORIENTED_EDGE ( 'NONE', *, *, #8574, .T. ) ;
#774 = PLANE ( 'NONE',  #5724 ) ;
#775 = ADVANCED_FACE ( 'NONE', ( #8305 ), #10193, .F. ) ;
#776 = LINE ( 'NONE', #5466, #5188 ) ;
#777 = ORIENTED_EDGE ( 'NONE', *, *, #10419, .F. ) ;
#778 = CARTESIAN_POINT ( 'NONE',  ( 34.69999999999996021, -57.98150098949683695, 15.55662432702593634 ) ) ;
#779 = DIRECTION ( 'NONE',  ( 0.000000000000000000, -0.000000000000000000, 1.000000000000000000 ) ) ;
#780 = AXIS2_PLACEMENT_3D ( 'NONE', #10499, #4924, #2912 ) ;
#781 = DIRECTION ( 'NONE',  ( -0.000000000000000000, 0.000000000000000000, 1.000000000000000000 ) ) ;
#782 = CARTESIAN_POINT ( 'NONE',  ( 0.000000000000000000, 0.000000000000000000, 26.00000000000000355 ) ) ;
#783 = VECTOR ( 'NONE', #7742, 1000.000000000000000 ) ;
#784 = PLANE ( 'NONE',  #8137 ) ;
#785 = CARTESIAN_POINT ( 'NONE',  ( -67.02788568297003735, 30.80000000000001137, -1.318103339880454694 ) ) ;
#786 = EDGE_CURVE ( 'NONE', #10175, #1633, #5623, .T. ) ;
#787 = EDGE_CURVE ( 'NONE', #1735, #3732, #2736, .T. ) ;
#788 = VECTOR ( 'NONE', #10711, 999.9999999999998863 ) ;
#789 = DIRECTION ( 'NONE',  ( -1.531740654011652933E-16, 0.7071067811865486830, -0.7071067811865464625 ) ) ;
#790 = ORIENTED_EDGE ( 'NONE', *, *, #1016, .F. ) ;
#791 = VERTEX_POINT ( 'NONE', #5557 ) ;
#792 = ORIENTED_EDGE ( 'NONE', *, *, #7051, .F. ) ;
#793 = FACE_OUTER_BOUND ( 'NONE', #11232, .T. ) ;
#794 = ADVANCED_FACE ( 'NONE', ( #871 ), #9382, .F. ) ;
#795 = PLANE ( 'NONE',  #1815 ) ;
#796 = DIRECTION ( 'NONE',  ( 1.000000000000000000, 1.261617073437676865E-15, -0.000000000000000000 ) ) ;
#797 = PLANE ( 'NONE',  #2505 ) ;
#798 = VERTEX_POINT ( 'NONE', #8741 ) ;
#799 = CONICAL_SURFACE ( 'NONE', #7772, 2.200000000000007283, 0.7853981633974407295 ) ;
#800 = VECTOR ( 'NONE', #3566, 1000.000000000000114 ) ;
#801 = ORIENTED_EDGE ( 'NONE', *, *, #671, .F. ) ;
#802 = PLANE ( 'NONE',  #319 ) ;
#803 = CARTESIAN_POINT ( 'NONE',  ( 87.14999999999997726, 27.00000000000000355, 0.000000000000000000 ) ) ;
#804 = DIRECTION ( 'NONE',  ( 1.000000000000000000, 0.000000000000000000, 0.000000000000000000 ) ) ;
#805 = ADVANCED_FACE ( 'NONE', ( #7676 ), #3870, .F. ) ;
#806 = FACE_OUTER_BOUND ( 'NONE', #1237, .T. ) ;
#807 = CARTESIAN_POINT ( 'NONE',  ( 91.34999999999998010, -32.99999999999997868, 5.000000000000000000 ) ) ;
#808 = ORIENTED_EDGE ( 'NONE', *, *, #8512, .T. ) ;
#809 = EDGE_CURVE ( 'NONE', #11644, #4180, #1916, .T. ) ;
#810 = CARTESIAN_POINT ( 'NONE',  ( 77.80000000000005400, 8.800000000000007816, 13.99999999999998934 ) ) ;
#811 = AXIS2_PLACEMENT_3D ( 'NONE', #7713, #11421, #10666 ) ;
#812 = VECTOR ( 'NONE', #1289, 1000.000000000000000 ) ;
#813 = ORIENTED_EDGE ( 'NONE', *, *, #11378, .T. ) ;
#814 = CARTESIAN_POINT ( 'NONE',  ( 34.69999999999995310, -23.80000000000000071, 18.44337567297407077 ) ) ;
#815 = CARTESIAN_POINT ( 'NONE',  ( 34.69999999999996021, -57.98150098949683695, 18.44337567297407077 ) ) ;
#816 = DIRECTION ( 'NONE',  ( -0.000000000000000000, -0.000000000000000000, -1.000000000000000000 ) ) ;
#817 = ORIENTED_EDGE ( 'NONE', *, *, #10976, .F. ) ;
#818 = EDGE_LOOP ( 'NONE', ( #4619, #12337, #5260, #6172 ) ) ;
#819 = EDGE_LOOP ( 'NONE', ( #4082, #3498, #7785, #5500, #10500, #6178 ) ) ;
#820 = LINE ( 'NONE', #9455, #5537 ) ;
#821 = CARTESIAN_POINT ( 'NONE',  ( 37.19999999999994600, 29.79999999999999361, 19.88675134594813443 ) ) ;
#822 =( GEOMETRIC_REPRESENTATION_CONTEXT ( 3 ) GLOBAL_UNCERTAINTY_ASSIGNED_CONTEXT ( ( #7262 ) ) GLOBAL_UNIT_ASSIGNED_CONTEXT ( ( #3938, #10634, #2169 ) ) REPRESENTATION_CONTEXT ( 'NONE', 'WORKASPACE' ) );
#823 = CARTESIAN_POINT ( 'NONE',  ( -92.84999999999999432, -29.85000000000000142, 1.000000000000000000 ) ) ;
#824 = AXIS2_PLACEMENT_3D ( 'NONE', #12118, #11002, #10076 ) ;
#825 = DIRECTION ( 'NONE',  ( 1.301042606982605321E-16, -1.000000000000000000, 0.000000000000000000 ) ) ;
#826 = PLANE ( 'NONE',  #7571 ) ;
#827 = CYLINDRICAL_SURFACE ( 'NONE', #1541, 1.700000000000021050 ) ;
#828 = PLANE ( 'NONE',  #1022 ) ;
#829 = ORIENTED_EDGE ( 'NONE', *, *, #6230, .F. ) ;
#830 = LINE ( 'NONE', #4773, #10622 ) ;
#831 = LINE ( 'NONE', #1750, #4934 ) ;
#832 = AXIS2_PLACEMENT_3D ( 'NONE', #600, #7334, #8987 ) ;
#833 = ORIENTED_EDGE ( 'NONE', *, *, #6637, .F. ) ;
#834 = CARTESIAN_POINT ( 'NONE',  ( 52.19999999999991758, 20.80000000000000426, 22.99999999999997513 ) ) ;
#835 = DIRECTION ( 'NONE',  ( -8.888657488019595430E-17, 0.7071067811865505703, -0.7071067811865444641 ) ) ;
#836 = ORIENTED_EDGE ( 'NONE', *, *, #7300, .F. ) ;
#837 = FACE_OUTER_BOUND ( 'NONE', #736, .T. ) ;
#838 = ADVANCED_FACE ( 'NONE', ( #7860 ), #42, .F. ) ;
#839 = EDGE_CURVE ( 'NONE', #4988, #3811, #7729, .T. ) ;
#840 = AXIS2_PLACEMENT_3D ( 'NONE', #9665, #6632, #9415 ) ;
#841 = CARTESIAN_POINT ( 'NONE',  ( 91.05000000000001137, 27.00000000000000355, 1.000000000000000000 ) ) ;
#842 = ORIENTED_EDGE ( 'NONE', *, *, #2842, .T. ) ;
#843 = ORIENTED_EDGE ( 'NONE', *, *, #4723, .F. ) ;
#844 = CARTESIAN_POINT ( 'NONE',  ( 1.199999999999952660, 21.80000000000000071, 14.11324865405187090 ) ) ;
#845 = ORIENTED_EDGE ( 'NONE', *, *, #1444, .T. ) ;
#846 = VECTOR ( 'NONE', #9179, 1000.000000000000000 ) ;
#847 = CARTESIAN_POINT ( 'NONE',  ( 77.80000000000005400, -20.79999999999998650, 6.999999999999999112 ) ) ;
#848 = LINE ( 'NONE', #6261, #4665 ) ;
#849 = CARTESIAN_POINT ( 'NONE',  ( -82.80000000000005400, 9.799999999999990052, 13.58578643762693083 ) ) ;
#850 = ADVANCED_FACE ( 'NONE', ( #6772 ), #1970, .F. ) ;
#851 = DIRECTION ( 'NONE',  ( -0.7071067811865474617, -0.7071067811865474617, -0.000000000000000000 ) ) ;
#852 = DIRECTION ( 'NONE',  ( 0.000000000000000000, 1.000000000000000000, 0.000000000000000000 ) ) ;
#853 = CARTESIAN_POINT ( 'NONE',  ( -89.34999999999998010, 27.00000000000000355, 5.000000000000000000 ) ) ;
#854 = PLANE ( 'NONE',  #6392 ) ;
#855 = LINE ( 'NONE', #12232, #4153 ) ;
#856 = FACE_OUTER_BOUND ( 'NONE', #3095, .T. ) ;
#857 = CARTESIAN_POINT ( 'NONE',  ( -77.79999999999999716, -20.80000000000000426, 13.74999999999996447 ) ) ;
#858 = ADVANCED_FACE ( 'NONE', ( #11552 ), #10559, .T. ) ;
#859 = EDGE_CURVE ( 'NONE', #1311, #6355, #4925, .T. ) ;
#860 = ORIENTED_EDGE ( 'NONE', *, *, #1681, .F. ) ;
#861 = DIRECTION ( 'NONE',  ( 1.114860845743448580E-16, -1.000000000000000000, 0.000000000000000000 ) ) ;
#862 = EDGE_CURVE ( 'NONE', #5272, #6254, #7794, .T. ) ;
#863 = CARTESIAN_POINT ( 'NONE',  ( 3.624999999999961808, 120.7250000000000227, 5.000000000000000000 ) ) ;
#864 = PLANE ( 'NONE',  #4906 ) ;
#865 = DIRECTION ( 'NONE',  ( 1.000000000000000000, 1.257045997084642365E-16, 0.000000000000000000 ) ) ;
#866 = CARTESIAN_POINT ( 'NONE',  ( -81.80000000000002558, -30.80000000000002913, 6.999999999999999112 ) ) ;
#867 = VERTEX_POINT ( 'NONE', #1049 ) ;
#868 = VECTOR ( 'NONE', #998, 1000.000000000000114 ) ;
#869 = DIRECTION ( 'NONE',  ( 0.000000000000000000, 0.000000000000000000, 1.000000000000000000 ) ) ;
#870 = EDGE_LOOP ( 'NONE', ( #5589, #11180, #6062, #1141 ) ) ;
#871 = FACE_OUTER_BOUND ( 'NONE', #5088, .T. ) ;
#872 = EDGE_LOOP ( 'NONE', ( #8439, #11774, #1204, #11499 ) ) ;
#873 = ADVANCED_FACE ( 'NONE', ( #99 ), #989, .T. ) ;
#874 = VECTOR ( 'NONE', #981, 1000.000000000000000 ) ;
#875 = ORIENTED_EDGE ( 'NONE', *, *, #11708, .T. ) ;
#876 = ORIENTED_EDGE ( 'NONE', *, *, #4991, .F. ) ;
#877 = LINE ( 'NONE', #10385, #2527 ) ;
#878 = EDGE_CURVE ( 'NONE', #2175, #2919, #8623, .T. ) ;
#879 = VECTOR ( 'NONE', #7799, 1000.000000000000227 ) ;
#880 = LINE ( 'NONE', #6609, #4805 ) ;
#881 = CARTESIAN_POINT ( 'NONE',  ( 77.80000000000005400, -57.98150098949682985, 22.00000000000000355 ) ) ;
#882 = CARTESIAN_POINT ( 'NONE',  ( -24.05000000000004690, 28.87142857142856656, 19.68055482123752853 ) ) ;
#883 = CARTESIAN_POINT ( 'NONE',  ( 92.85000000000000853, 29.85000000000004761, 1.000000000000000000 ) ) ;
#884 = CARTESIAN_POINT ( 'NONE',  ( 3.699999999999963318, -23.79999999999996874, 15.55662432702593811 ) ) ;
#885 = VECTOR ( 'NONE', #1027, 1000.000000000000114 ) ;
#886 = CARTESIAN_POINT ( 'NONE',  ( 91.34999999999998010, -32.99999999999997868, 5.000000000000000000 ) ) ;
#887 = ORIENTED_EDGE ( 'NONE', *, *, #982, .T. ) ;
#888 = ORIENTED_EDGE ( 'NONE', *, *, #12243, .T. ) ;
#889 = VERTEX_POINT ( 'NONE', #10676 ) ;
#890 = EDGE_CURVE ( 'NONE', #7956, #11163, #3034, .T. ) ;
#891 = DIRECTION ( 'NONE',  ( 0.8660254037844383745, 9.654978140984305281E-17, -0.5000000000000004441 ) ) ;
#892 = CARTESIAN_POINT ( 'NONE',  ( 19.19999999999994955, 21.80000000000003979, 14.11324865405187090 ) ) ;
#893 = CARTESIAN_POINT ( 'NONE',  ( -92.84999999999999432, -29.85000000000000142, 3.000000000000000000 ) ) ;
#894 = CARTESIAN_POINT ( 'NONE',  ( -82.80000000000005400, 8.799999999999988276, 25.00000000000000000 ) ) ;
#895 = DIRECTION ( 'NONE',  ( -0.8660254037844385966, -9.654978140984307746E-17, -0.4999999999999999445 ) ) ;
#896 = ORIENTED_EDGE ( 'NONE', *, *, #7978, .F. ) ;
#897 = ORIENTED_EDGE ( 'NONE', *, *, #5999, .T. ) ;
#898 = DIRECTION ( 'NONE',  ( 0.8660254037844383745, 9.654978140984305281E-17, 0.5000000000000004441 ) ) ;
#899 = EDGE_LOOP ( 'NONE', ( #7058, #5374, #3952, #140 ) ) ;
#900 = ADVANCED_FACE ( 'NONE', ( #6832 ), #2084, .T. ) ;
#901 = ADVANCED_FACE ( 'NONE', ( #5903 ), #5844, .F. ) ;
#902 = LINE ( 'NONE', #2837, #4884 ) ;
#903 = PLANE ( 'NONE',  #840 ) ;
#904 = CARTESIAN_POINT ( 'NONE',  ( -61.30000000000006821, 30.80000000000001137, 11.74999999999996092 ) ) ;
#905 = CARTESIAN_POINT ( 'NONE',  ( -77.80000000000005400, -21.50710678118655039, 25.29289321881345742 ) ) ;
#906 = CARTESIAN_POINT ( 'NONE',  ( 65.29711431702999391, -20.79999999999998650, 47.65563324412963198 ) ) ;
#907 = DIRECTION ( 'NONE',  ( 0.000000000000000000, 1.000000000000000000, 0.000000000000000000 ) ) ;
#908 = DIRECTION ( 'NONE',  ( -1.000000000000000000, 0.000000000000000000, 0.000000000000000000 ) ) ;
#909 = ORIENTED_EDGE ( 'NONE', *, *, #10296, .F. ) ;
#910 = CARTESIAN_POINT ( 'NONE',  ( -60.30000000000003979, 29.79999999999998295, 20.25000000000004619 ) ) ;
#911 = DIRECTION ( 'NONE',  ( 0.000000000000000000, 0.000000000000000000, 1.000000000000000000 ) ) ;
#912 = EDGE_CURVE ( 'NONE', #4340, #798, #4980, .T. ) ;
#913 = PLANE ( 'NONE',  #4110 ) ;
#914 = AXIS2_PLACEMENT_3D ( 'NONE', #782, #7460, #11347 ) ;
#915 = DIRECTION ( 'NONE',  ( -0.000000000000000000, -0.000000000000000000, -1.000000000000000000 ) ) ;
#916 = PLANE ( 'NONE',  #4528 ) ;
#918 = VECTOR ( 'NONE', #5666, 1000.000000000000000 ) ;
#917 = DIRECTION ( 'NONE',  ( -0.7071067811865511255, -0.7071067811865439090, -0.000000000000000000 ) ) ;
#919 = DIRECTION ( 'NONE',  ( 0.7071067811865474617, -0.7071067811865474617, 0.000000000000000000 ) ) ;
#920 = ADVANCED_FACE ( 'NONE', ( #10742 ), #2155, .F. ) ;
#921 = VECTOR ( 'NONE', #1654, 1000.000000000000114 ) ;
#922 = EDGE_CURVE ( 'NONE', #1268, #9768, #7027, .T. ) ;
#923 = ORIENTED_EDGE ( 'NONE', *, *, #6065, .F. ) ;
#924 = CARTESIAN_POINT ( 'NONE',  ( 21.69999999999996376, -23.80000000000000071, 18.44337567297406721 ) ) ;
#925 = VECTOR ( 'NONE', #8377, 1000.000000000000114 ) ;
#926 = ORIENTED_EDGE ( 'NONE', *, *, #616, .T. ) ;
#927 = ADVANCED_FACE ( 'NONE', ( #483 ), #6084, .F. ) ;
#928 = FACE_BOUND ( 'NONE', #2213, .T. ) ;
#929 = LINE ( 'NONE', #6662, #5377 ) ;
#930 = AXIS2_PLACEMENT_3D ( 'NONE', #704, #12082, #1443 ) ;
#931 = ORIENTED_EDGE ( 'NONE', *, *, #9053, .F. ) ;
#932 = ORIENTED_EDGE ( 'NONE', *, *, #2869, .F. ) ;
#933 = ORIENTED_EDGE ( 'NONE', *, *, #2903, .F. ) ;
#934 = VECTOR ( 'NONE', #9891, 1000.000000000000114 ) ;
#935 = LINE ( 'NONE', #752, #9945 ) ;
#936 = LINE ( 'NONE', #1925, #1197 ) ;
#937 = DIRECTION ( 'NONE',  ( 0.7071067811865474617, -2.431458933595086125E-15, -0.7071067811865474617 ) ) ;
#938 = VECTOR ( 'NONE', #4850, 1000.000000000000114 ) ;
#939 = PLANE ( 'NONE',  #2577 ) ;
#940 = LINE ( 'NONE', #5119, #12352 ) ;
#941 = ADVANCED_FACE ( 'NONE', ( #9937 ), #9999, .F. ) ;
#942 = ADVANCED_FACE ( 'NONE', ( #5239 ), #5172, .F. ) ;
#943 = CARTESIAN_POINT ( 'NONE',  ( -39.55000000000005400, 20.79999999999999361, 14.54626135594413050 ) ) ;
#944 = ORIENTED_EDGE ( 'NONE', *, *, #563, .T. ) ;
#945 = AXIS2_PLACEMENT_3D ( 'NONE', #8499, #11306, #6345 ) ;
#946 = ADVANCED_FACE ( 'NONE', ( #7922 ), #1464, .F. ) ;
#947 = LINE ( 'NONE', #8518, #3330 ) ;
#948 = VECTOR ( 'NONE', #9960, 1000.000000000000114 ) ;
#949 = ADVANCED_FACE ( 'NONE', ( #10808 ), #4243, .F. ) ;
#950 = ORIENTED_EDGE ( 'NONE', *, *, #12090, .T. ) ;
#951 = DIRECTION ( 'NONE',  ( 0.7071067811865573427, 7.883256641045732548E-17, -0.7071067811865376918 ) ) ;
#952 = ORIENTED_EDGE ( 'NONE', *, *, #4584, .T. ) ;
#953 = VECTOR ( 'NONE', #12097, 1000.000000000000000 ) ;
#954 = FACE_OUTER_BOUND ( 'NONE', #10145, .T. ) ;
#955 = CARTESIAN_POINT ( 'NONE',  ( 76.80000000000008242, 29.80000000000004334, 10.00000000000000000 ) ) ;
#956 = DIRECTION ( 'NONE',  ( -0.7071067811865474617, -8.888657488019557220E-17, 0.7071067811865474617 ) ) ;
#957 = VECTOR ( 'NONE', #1162, 1000.000000000000000 ) ;
#958 = CARTESIAN_POINT ( 'NONE',  ( 64.29711431702999391, -20.79999999999998650, 49.38768405169852826 ) ) ;
#959 = EDGE_CURVE ( 'NONE', #2548, #2085, #11865, .T. ) ;
#960 = ORIENTED_EDGE ( 'NONE', *, *, #9085, .F. ) ;
#961 = ORIENTED_EDGE ( 'NONE', *, *, #4004, .T. ) ;
#962 = DIRECTION ( 'NONE',  ( 0.7071067811865475727, 0.7071067811865475727, 0.000000000000000000 ) ) ;
#963 = EDGE_CURVE ( 'NONE', #4965, #2976, #11229, .T. ) ;
#964 = LINE ( 'NONE', #10708, #6516 ) ;
#965 = VERTEX_POINT ( 'NONE', #8355 ) ;
#966 = DIRECTION ( 'NONE',  ( -0.7071067811865474617, 0.7071067811865474617, 0.000000000000000000 ) ) ;
#967 = DIRECTION ( 'NONE',  ( 1.000000000000000000, 1.114860845743448580E-16, 0.000000000000000000 ) ) ;
#968 = FACE_OUTER_BOUND ( 'NONE', #4898, .T. ) ;
#969 = DIRECTION ( 'NONE',  ( -1.301042606982605321E-16, 1.000000000000000000, -0.000000000000000000 ) ) ;
#970 = CARTESIAN_POINT ( 'NONE',  ( 77.80000000000005400, -20.79999999999998650, 22.99999999999997868 ) ) ;
#971 = EDGE_CURVE ( 'NONE', #11690, #547, #11291, .T. ) ;
#972 = AXIS2_PLACEMENT_3D ( 'NONE', #8209, #7126, #11078 ) ;
#973 = FACE_OUTER_BOUND ( 'NONE', #196, .T. ) ;
#974 = DIRECTION ( 'NONE',  ( 0.000000000000000000, 0.000000000000000000, 1.000000000000000000 ) ) ;
#975 = CARTESIAN_POINT ( 'NONE',  ( 77.80000000000005400, 20.80000000000000426, 6.999999999999999112 ) ) ;
#976 = FACE_OUTER_BOUND ( 'NONE', #5732, .T. ) ;
#977 = CARTESIAN_POINT ( 'NONE',  ( -75.80000000000005400, -20.80000000000000426, 22.24999999999996447 ) ) ;
#978 = VECTOR ( 'NONE', #7712, 1000.000000000000000 ) ;
#979 = DIRECTION ( 'NONE',  ( -0.7071067811865475727, 1.199927858111877688E-32, 0.7071067811865475727 ) ) ;
#980 = VECTOR ( 'NONE', #2778, 1000.000000000000000 ) ;
#981 = DIRECTION ( 'NONE',  ( 0.000000000000000000, 0.000000000000000000, -1.000000000000000000 ) ) ;
#982 = EDGE_CURVE ( 'NONE', #9034, #8747, #9243, .T. ) ;
#983 = ADVANCED_FACE ( 'NONE', ( #3667 ), #1714, .F. ) ;
#984 = DIRECTION ( 'NONE',  ( 0.000000000000000000, 0.000000000000000000, 1.000000000000000000 ) ) ;
#985 = VERTEX_POINT ( 'NONE', #3601 ) ;
#986 = DIRECTION ( 'NONE',  ( 0.000000000000000000, -0.7071067811865610064, 0.7071067811865340280 ) ) ;
#987 = VERTEX_POINT ( 'NONE', #12233 ) ;
#988 = CARTESIAN_POINT ( 'NONE',  ( -21.80000000000002913, -24.79999999999999716, 26.00000000000000355 ) ) ;
#989 = PLANE ( 'NONE',  #740 ) ;
#990 = FACE_OUTER_BOUND ( 'NONE', #3169, .T. ) ;
#991 = VECTOR ( 'NONE', #4839, 1000.000000000000000 ) ;
#992 = ORIENTED_EDGE ( 'NONE', *, *, #4646, .T. ) ;
#993 = CIRCLE ( 'NONE', #11165, 2.200000000000035261 ) ;
#994 = AXIS2_PLACEMENT_3D ( 'NONE', #1745, #6292, #6485 ) ;
#995 = ORIENTED_EDGE ( 'NONE', *, *, #9841, .F. ) ;
#996 = ORIENTED_EDGE ( 'NONE', *, *, #2178, .F. ) ;
#997 = DIRECTION ( 'NONE',  ( 0.7071067811865422437, 8.659560562354868763E-17, -0.7071067811865529018 ) ) ;
#998 = DIRECTION ( 'NONE',  ( 0.8660254037844381525, 1.088633767200839060E-16, -0.5000000000000007772 ) ) ;
#999 = DIRECTION ( 'NONE',  ( 0.6546536707079713135, -0.6546536707079781969, 0.3779644730092352467 ) ) ;
#1000 = CARTESIAN_POINT ( 'NONE',  ( 43.30000000000002558, 43.30000000000002558, 6.000000000000000000 ) ) ;
#1001 = CARTESIAN_POINT ( 'NONE',  ( 77.80000000000005400, -24.79999999999998650, 26.00000000000000355 ) ) ;
#1002 = ADVANCED_FACE ( 'NONE', ( #856 ), #2721, .F. ) ;
#1003 = VECTOR ( 'NONE', #602, 1000.000000000000114 ) ;
#1004 = PLANE ( 'NONE',  #2955 ) ;
#1005 = VECTOR ( 'NONE', #9440, 1000.000000000000000 ) ;
#1006 = DIRECTION ( 'NONE',  ( -0.000000000000000000, -0.000000000000000000, -1.000000000000000000 ) ) ;
#1007 = LINE ( 'NONE', #2099, #4997 ) ;
#1008 = ORIENTED_EDGE ( 'NONE', *, *, #12264, .T. ) ;
#1009 = CARTESIAN_POINT ( 'NONE',  ( -81.80000000000003979, -20.79999999999999361, 26.00000000000000355 ) ) ;
#1010 = VERTEX_POINT ( 'NONE', #10243 ) ;
#1011 = CARTESIAN_POINT ( 'NONE',  ( -83.80000000000003979, 9.799999999999990052, 6.000000000000000000 ) ) ;
#1012 = VECTOR ( 'NONE', #8854, 999.9999999999998863 ) ;
#1013 = VECTOR ( 'NONE', #8878, 1000.000000000000000 ) ;
#1014 = EDGE_CURVE ( 'NONE', #4784, #4943, #10173, .T. ) ;
#1015 = EDGE_LOOP ( 'NONE', ( #4875, #4109, #5336, #314, #3956, #1508 ) ) ;
#1016 = EDGE_CURVE ( 'NONE', #11767, #9773, #8484, .T. ) ;
#1017 = FACE_OUTER_BOUND ( 'NONE', #3471, .T. ) ;
#1018 = CARTESIAN_POINT ( 'NONE',  ( -86.34999999999998010, 24.15000000000000568, 1.000000000000000000 ) ) ;
#1019 = EDGE_CURVE ( 'NONE', #266, #7997, #1781, .T. ) ;
#1020 = LINE ( 'NONE', #6685, #606 ) ;
#1021 = ORIENTED_EDGE ( 'NONE', *, *, #9469, .F. ) ;
#1022 = AXIS2_PLACEMENT_3D ( 'NONE', #4657, #8455, #2686 ) ;
#1023 = VECTOR ( 'NONE', #2798, 1000.000000000000114 ) ;
#1024 = EDGE_LOOP ( 'NONE', ( #7749, #546, #1649, #1709 ) ) ;
#1025 = LINE ( 'NONE', #6805, #10538 ) ;
#1026 = ORIENTED_EDGE ( 'NONE', *, *, #11550, .F. ) ;
#1027 = DIRECTION ( 'NONE',  ( -6.417278182441487379E-16, -0.6546536707079698703, -0.7559289460184607234 ) ) ;
#1028 = CARTESIAN_POINT ( 'NONE',  ( -86.34999999999998010, 29.85000000000000142, 1.000000000000000000 ) ) ;
#1029 = ADVANCED_FACE ( 'NONE', ( #4432 ), #2594, .F. ) ;
#1030 = PLANE ( 'NONE',  #6629 ) ;
#1031 = VECTOR ( 'NONE', #3558, 1000.000000000000114 ) ;
#1032 = CARTESIAN_POINT ( 'NONE',  ( -86.34999999999998010, 29.85000000000000142, 3.000000000000000000 ) ) ;
#1033 = EDGE_CURVE ( 'NONE', #5298, #2123, #2787, .T. ) ;
#1034 = CARTESIAN_POINT ( 'NONE',  ( 37.19999999999996021, -57.98150098949683695, 14.11324865405187090 ) ) ;
#1035 = CARTESIAN_POINT ( 'NONE',  ( -1.300000000000048228, 29.80000000000002203, 15.55662432702593634 ) ) ;
#1036 = ORIENTED_EDGE ( 'NONE', *, *, #5305, .T. ) ;
#1037 = ORIENTED_EDGE ( 'NONE', *, *, #2361, .T. ) ;
#1038 = CARTESIAN_POINT ( 'NONE',  ( 81.80000000000003979, 31.80000000000002913, 6.000000000000000000 ) ) ;
#1039 = VECTOR ( 'NONE', #9233, 1000.000000000000000 ) ;
#1040 = DIRECTION ( 'NONE',  ( 0.5773502691896250649, 0.5773502691896270633, -0.5773502691896250649 ) ) ;
#1041 = ADVANCED_FACE ( 'NONE', ( #6582 ), #9171, .F. ) ;
#1042 = PLANE ( 'NONE',  #1532 ) ;
#1043 = VECTOR ( 'NONE', #5996, 1000.000000000000000 ) ;
#1044 = DIRECTION ( 'NONE',  ( -0.5000000000000000000, -6.505213034913027837E-17, -0.8660254037844387076 ) ) ;
#1045 = ORIENTED_EDGE ( 'NONE', *, *, #787, .F. ) ;
#1046 = PLANE ( 'NONE',  #832 ) ;
#1047 = CARTESIAN_POINT ( 'NONE',  ( -82.80000000000005400, -9.800000000000009592, 13.58578643762688287 ) ) ;
#1048 = ORIENTED_EDGE ( 'NONE', *, *, #9674, .T. ) ;
#1049 = CARTESIAN_POINT ( 'NONE',  ( 82.80000000000005400, -29.80000000000000782, 25.00000000000000000 ) ) ;
#1050 = DIRECTION ( 'NONE',  ( 0.8660254037844387076, 1.088633767200839799E-16, 0.4999999999999998335 ) ) ;
#1051 = VECTOR ( 'NONE', #5712, 1000.000000000000000 ) ;
#1052 = ORIENTED_EDGE ( 'NONE', *, *, #9107, .T. ) ;
#1053 = EDGE_CURVE ( 'NONE', #11285, #641, #145, .T. ) ;
#1054 = ORIENTED_EDGE ( 'NONE', *, *, #347, .F. ) ;
#1055 = ORIENTED_EDGE ( 'NONE', *, *, #1257, .T. ) ;
#1056 = CARTESIAN_POINT ( 'NONE',  ( -0.3000000000000236366, -24.79999999999999716, 18.44337567297407077 ) ) ;
#1057 = DIRECTION ( 'NONE',  ( -0.7071067811865432429, -0.000000000000000000, 0.7071067811865517916 ) ) ;
#1058 = DIRECTION ( 'NONE',  ( -0.3535533905932718990, -0.7071067811865507924, 0.6123724356957920278 ) ) ;
#1059 = PLANE ( 'NONE',  #9787 ) ;
#1060 = LINE ( 'NONE', #8753, #6922 ) ;
#1061 = LINE ( 'NONE', #174, #7555 ) ;
#1062 = CARTESIAN_POINT ( 'NONE',  ( 41.37788568297014535, 20.80000000000000426, -37.08495251617770805 ) ) ;
#1063 = LINE ( 'NONE', #9645, #10832 ) ;
#1064 = ORIENTED_EDGE ( 'NONE', *, *, #8589, .T. ) ;
#1065 = VECTOR ( 'NONE', #4882, 1000.000000000000114 ) ;
#1066 = CARTESIAN_POINT ( 'NONE',  ( -82.80000000000005400, 8.799999999999988276, 6.999999999999999112 ) ) ;
#1067 = EDGE_LOOP ( 'NONE', ( #12369, #12260, #5858, #1828 ) ) ;
#1068 = FACE_OUTER_BOUND ( 'NONE', #4270, .T. ) ;
#1069 = VERTEX_POINT ( 'NONE', #5888 ) ;
#1070 = ORIENTED_EDGE ( 'NONE', *, *, #2698, .F. ) ;
#1071 = CARTESIAN_POINT ( 'NONE',  ( 89.34999999999998010, 27.00000000000000355, 0.5000000000000004441 ) ) ;
#1072 = EDGE_CURVE ( 'NONE', #8740, #2387, #7665, .T. ) ;
#1073 = EDGE_LOOP ( 'NONE', ( #9298, #7919, #11379, #3751 ) ) ;
#1074 = AXIS2_PLACEMENT_3D ( 'NONE', #8473, #9291, #7519 ) ;
#1075 = FACE_OUTER_BOUND ( 'NONE', #6718, .T. ) ;
#1076 = ORIENTED_EDGE ( 'NONE', *, *, #3899, .F. ) ;
#1077 = EDGE_CURVE ( 'NONE', #9301, #2667, #5363, .T. ) ;
#1078 = ADVANCED_FACE ( 'NONE', ( #7480 ), #10375, .F. ) ;
#1079 = LINE ( 'NONE', #8535, #3142 ) ;
#1080 = CARTESIAN_POINT ( 'NONE',  ( -91.04999999999999716, -27.00000000000000355, 5.000000000000000000 ) ) ;
#1081 = VERTEX_POINT ( 'NONE', #9447 ) ;
#1082 = EDGE_CURVE ( 'NONE', #2050, #9582, #745, .T. ) ;
#1083 = PLANE ( 'NONE',  #3063 ) ;
#1084 = CARTESIAN_POINT ( 'NONE',  ( 77.80000000000005400, -21.79999999999995808, 22.00000000000000355 ) ) ;
#1085 = EDGE_LOOP ( 'NONE', ( #961, #1992, #6851, #2883 ) ) ;
#1086 = CARTESIAN_POINT ( 'NONE',  ( -60.30000000000003268, -21.79999999999996518, 20.25000000000001776 ) ) ;
#1087 = DIRECTION ( 'NONE',  ( 0.6546536707079751993, -0.6546536707079797512, -0.3779644730092259208 ) ) ;
#1088 = CARTESIAN_POINT ( 'NONE',  ( 3.745997071312236456E-15, -29.80000000000001847, 26.00000000000000355 ) ) ;
#1089 = DIRECTION ( 'NONE',  ( 0.7071067811865475727, 0.7071067811865475727, 0.000000000000000000 ) ) ;
#1090 = ORIENTED_EDGE ( 'NONE', *, *, #912, .F. ) ;
#1091 = DIRECTION ( 'NONE',  ( -1.000000000000000000, 0.000000000000000000, 0.000000000000000000 ) ) ;
#1092 = EDGE_CURVE ( 'NONE', #3811, #7067, #12320, .T. ) ;
#1093 = ORIENTED_EDGE ( 'NONE', *, *, #2742, .F. ) ;
#1094 = EDGE_CURVE ( 'NONE', #6078, #11380, #12058, .T. ) ;
#1095 = DIRECTION ( 'NONE',  ( 6.308085367188384325E-16, -1.000000000000000000, 0.000000000000000000 ) ) ;
#1096 = EDGE_CURVE ( 'NONE', #10159, #10216, #9257, .T. ) ;
#1097 = FACE_OUTER_BOUND ( 'NONE', #9735, .T. ) ;
#1098 = EDGE_CURVE ( 'NONE', #2694, #497, #12117, .T. ) ;
#1099 = CARTESIAN_POINT ( 'NONE',  ( 3.699999999999962874, -21.79999999999995808, 15.55662432702593811 ) ) ;
#1100 = ORIENTED_EDGE ( 'NONE', *, *, #2786, .F. ) ;
#1101 = DIRECTION ( 'NONE',  ( 0.8660254037844385966, 9.654978140984307746E-17, -0.4999999999999999445 ) ) ;
#1102 = FACE_OUTER_BOUND ( 'NONE', #594, .T. ) ;
#1103 = ADVANCED_FACE ( 'NONE', ( #6412 ), #7545, .F. ) ;
#1104 = EDGE_LOOP ( 'NONE', ( #7119, #11556, #341, #7352 ) ) ;
#1105 = CARTESIAN_POINT ( 'NONE',  ( -43.79999999999923688, 5.763461233438245124, 52.58032027557909771 ) ) ;
#1106 = CARTESIAN_POINT ( 'NONE',  ( 77.80000000000005400, 19.80000000000003268, 22.99999999999997158 ) ) ;
#1107 = VERTEX_POINT ( 'NONE', #3488 ) ;
#1108 = VERTEX_POINT ( 'NONE', #6600 ) ;
#1109 = EDGE_LOOP ( 'NONE', ( #5881, #3530, #9968, #8067 ) ) ;
#1110 = CARTESIAN_POINT ( 'NONE',  ( 1.199999999999956213, -20.79999999999999361, 12.95854811567264342 ) ) ;
#1111 = CARTESIAN_POINT ( 'NONE',  ( 92.84999999999999432, -32.99999999999997868, 5.000000000000000000 ) ) ;
#1112 = CARTESIAN_POINT ( 'NONE',  ( -76.80000000000003979, 29.79999999999997939, 12.74999999999999112 ) ) ;
#1113 = LINE ( 'NONE', #7868, #8456 ) ;
#1114 = LINE ( 'NONE', #8751, #12166 ) ;
#1115 = CARTESIAN_POINT ( 'NONE',  ( 53.42211431702997260, -20.79999999999999005, 68.22373658401006935 ) ) ;
#1116 = AXIS2_PLACEMENT_3D ( 'NONE', #8999, #5753, #7038 ) ;
#1117 = FACE_OUTER_BOUND ( 'NONE', #9647, .T. ) ;
#1118 = CARTESIAN_POINT ( 'NONE',  ( -59.65288568297002314, 30.80000000000001137, -14.09197804570091250 ) ) ;
#1119 = ADVANCED_FACE ( 'NONE', ( #9314 ), #7422, .F. ) ;
#1120 = LINE ( 'NONE', #2293, #9012 ) ;
#1121 = LINE ( 'NONE', #11509, #6770 ) ;
#1122 = ORIENTED_EDGE ( 'NONE', *, *, #11790, .F. ) ;
#1123 = PLANE ( 'NONE',  #3726 ) ;
#1124 = LINE ( 'NONE', #4940, #7376 ) ;
#1125 = ORIENTED_EDGE ( 'NONE', *, *, #6409, .F. ) ;
#1126 = EDGE_LOOP ( 'NONE', ( #7888, #1563, #9413, #5031 ) ) ;
#1127 = DIRECTION ( 'NONE',  ( -0.3535533905932758958, 0.7071067811865437980, 0.6123724356957975790 ) ) ;
#1128 = VECTOR ( 'NONE', #10605, 1000.000000000000000 ) ;
#1129 = ORIENTED_EDGE ( 'NONE', *, *, #9730, .F. ) ;
#1130 = DIRECTION ( 'NONE',  ( -1.000000000000000000, -1.301042606982605321E-16, 0.000000000000000000 ) ) ;
#1131 = DIRECTION ( 'NONE',  ( -0.3535533905932740639, -0.7071067811865476838, 0.6123724356957943593 ) ) ;
#1132 = ORIENTED_EDGE ( 'NONE', *, *, #8615, .F. ) ;
#1133 = CARTESIAN_POINT ( 'NONE',  ( -2.430396643720717703E-15, 21.80000000000000071, 26.00000000000000355 ) ) ;
#1134 = ADVANCED_FACE ( 'NONE', ( #618 ), #4446, .F. ) ;
#1135 = AXIS2_PLACEMENT_3D ( 'NONE', #6472, #12296, #3683 ) ;
#1136 = EDGE_CURVE ( 'NONE', #547, #2149, #5434, .T. ) ;
#1137 = ORIENTED_EDGE ( 'NONE', *, *, #12311, .F. ) ;
#1138 = VECTOR ( 'NONE', #4763, 1000.000000000000114 ) ;
#1139 = EDGE_LOOP ( 'NONE', ( #3175, #2938, #10663, #8136 ) ) ;
#1140 = CARTESIAN_POINT ( 'NONE',  ( 87.14999999999994884, -27.00000000000000355, 5.000000000000000000 ) ) ;
#1141 = ORIENTED_EDGE ( 'NONE', *, *, #7405, .T. ) ;
#1142 = ORIENTED_EDGE ( 'NONE', *, *, #9663, .T. ) ;
#1143 = ORIENTED_EDGE ( 'NONE', *, *, #4853, .T. ) ;
#1144 = LINE ( 'NONE', #1086, #1645 ) ;
#1145 = CARTESIAN_POINT ( 'NONE',  ( 91.05000000000001137, -27.00000000000000355, 5.000000000000000000 ) ) ;
#1146 = CARTESIAN_POINT ( 'NONE',  ( -84.80000000000003979, 32.30000000000003979, 5.000000000000000000 ) ) ;
#1147 = ADVANCED_FACE ( 'NONE', ( #1730 ), #4507, .F. ) ;
#1148 = ORIENTED_EDGE ( 'NONE', *, *, #11161, .F. ) ;
#1149 = CARTESIAN_POINT ( 'NONE',  ( -75.80000000000005400, -20.80000000000000071, 21.24999999999999289 ) ) ;
#1150 = ORIENTED_EDGE ( 'NONE', *, *, #1456, .T. ) ;
#1151 = ORIENTED_EDGE ( 'NONE', *, *, #2631, .F. ) ;
#1152 = DIRECTION ( 'NONE',  ( 0.8660254037844383745, 9.654978140984305281E-17, -0.5000000000000004441 ) ) ;
#1153 = LINE ( 'NONE', #12013, #1203 ) ;
#1154 = FACE_OUTER_BOUND ( 'NONE', #1719, .T. ) ;
#1155 = ORIENTED_EDGE ( 'NONE', *, *, #2970, .T. ) ;
#1156 = AXIS2_PLACEMENT_3D ( 'NONE', #10014, #5185, #11000 ) ;
#1157 = DIRECTION ( 'NONE',  ( -0.8660254037844388186, -9.654978140984311444E-17, -0.4999999999999996114 ) ) ;
#1158 = FACE_OUTER_BOUND ( 'NONE', #119, .T. ) ;
#1159 = EDGE_CURVE ( 'NONE', #6078, #10838, #12123, .T. ) ;
#1160 = ORIENTED_EDGE ( 'NONE', *, *, #5941, .F. ) ;
#1161 = ADVANCED_FACE ( 'NONE', ( #5553 ), #9380, .F. ) ;
#1162 = DIRECTION ( 'NONE',  ( 0.000000000000000000, 0.000000000000000000, 1.000000000000000000 ) ) ;
#1163 = FACE_OUTER_BOUND ( 'NONE', #3597, .T. ) ;
#1164 = VECTOR ( 'NONE', #1361, 1000.000000000000114 ) ;
#1165 = EDGE_CURVE ( 'NONE', #12262, #3038, #2081, .T. ) ;
#1166 = PLANE ( 'NONE',  #5408 ) ;
#1167 = AXIS2_PLACEMENT_3D ( 'NONE', #11243, #2607, #8301 ) ;
#1168 = ORIENTED_EDGE ( 'NONE', *, *, #7954, .T. ) ;
#1169 = ORIENTED_EDGE ( 'NONE', *, *, #4537, .T. ) ;
#1170 = ORIENTED_EDGE ( 'NONE', *, *, #1737, .F. ) ;
#1171 = DIRECTION ( 'NONE',  ( 0.000000000000000000, -0.000000000000000000, 1.000000000000000000 ) ) ;
#1172 = ORIENTED_EDGE ( 'NONE', *, *, #8052, .F. ) ;
#1173 = CARTESIAN_POINT ( 'NONE',  ( -75.80000000000001137, 20.79999999999999005, 11.74999999999996447 ) ) ;
#1174 = ORIENTED_EDGE ( 'NONE', *, *, #3245, .F. ) ;
#1175 = AXIS2_PLACEMENT_3D ( 'NONE', #7314, #10158, #7383 ) ;
#1176 = EDGE_CURVE ( 'NONE', #9894, #11021, #96, .T. ) ;
#1177 = EDGE_LOOP ( 'NONE', ( #4368, #10429, #11530 ) ) ;
#1178 = CARTESIAN_POINT ( 'NONE',  ( 52.19999999999992468, -20.79999999999999005, 22.99999999999998224 ) ) ;
#1179 = LINE ( 'NONE', #164, #6403 ) ;
#1180 = CARTESIAN_POINT ( 'NONE',  ( 89.34999999999998010, -27.00000000000000355, 4.499999999999970690 ) ) ;
#1181 = FACE_OUTER_BOUND ( 'NONE', #4499, .T. ) ;
#1182 = CARTESIAN_POINT ( 'NONE',  ( 61.00288568297004588, 20.80000000000000426, -3.093455417638543814 ) ) ;
#1183 = CIRCLE ( 'NONE', #10567, 1.700000000000021050 ) ;
#1184 = ADVANCED_FACE ( 'NONE', ( #7728 ), #7612, .F. ) ;
#1185 = VECTOR ( 'NONE', #937, 1000.000000000000114 ) ;
#1186 = LINE ( 'NONE', #8815, #2193 ) ;
#1187 = CIRCLE ( 'NONE', #4394, 1.700000000000021050 ) ;
#1188 = VERTEX_POINT ( 'NONE', #7791 ) ;
#1189 = VECTOR ( 'NONE', #7556, 1000.000000000000000 ) ;
#1190 = VERTEX_POINT ( 'NONE', #1047 ) ;
#1191 = CARTESIAN_POINT ( 'NONE',  ( -59.30000000000001137, 30.80000000000001137, 20.25000000000004974 ) ) ;
#1192 = ORIENTED_EDGE ( 'NONE', *, *, #2841, .T. ) ;
#1193 = DIRECTION ( 'NONE',  ( -1.000000000000000000, 0.000000000000000000, 0.000000000000000000 ) ) ;
#1194 = EDGE_CURVE ( 'NONE', #10481, #10699, #6146, .T. ) ;
#1195 = ORIENTED_EDGE ( 'NONE', *, *, #1444, .F. ) ;
#1196 = CONICAL_SURFACE ( 'NONE', #1583, 2.200000000000007283, 0.7853981633974410625 ) ;
#1197 = VECTOR ( 'NONE', #3694, 999.9999999999998863 ) ;
#1198 = DIRECTION ( 'NONE',  ( 0.7071067811865549002, 0.7071067811865401342, 0.000000000000000000 ) ) ;
#1199 = CARTESIAN_POINT ( 'NONE',  ( -20.80000000000002558, -23.79999999999999361, 15.12361162513371404 ) ) ;
#1200 = ORIENTED_EDGE ( 'NONE', *, *, #4278, .T. ) ;
#1201 = VERTEX_POINT ( 'NONE', #2337 ) ;
#1202 = ORIENTED_EDGE ( 'NONE', *, *, #6333, .T. ) ;
#1203 = VECTOR ( 'NONE', #5946, 1000.000000000000114 ) ;
#1204 = ORIENTED_EDGE ( 'NONE', *, *, #2131, .F. ) ;
#1205 = AXIS2_PLACEMENT_3D ( 'NONE', #7095, #6341, #494 ) ;
#1206 = VECTOR ( 'NONE', #10800, 1000.000000000000114 ) ;
#1207 = ADVANCED_FACE ( 'NONE', ( #10985 ), #4299, .T. ) ;
#1208 = LINE ( 'NONE', #1440, #5065 ) ;
#1209 = EDGE_LOOP ( 'NONE', ( #7928, #5383, #8995, #4182 ) ) ;
#1210 = EDGE_CURVE ( 'NONE', #11894, #11585, #11863, .T. ) ;
#1211 = PLANE ( 'NONE',  #4128 ) ;
#1212 = DIRECTION ( 'NONE',  ( -0.000000000000000000, 0.7071067811865466846, -0.7071067811865483499 ) ) ;
#1213 = VECTOR ( 'NONE', #5218, 1000.000000000000000 ) ;
#1214 = VECTOR ( 'NONE', #919, 1000.000000000000114 ) ;
#1215 = LINE ( 'NONE', #8846, #7144 ) ;
#1216 = DIRECTION ( 'NONE',  ( -0.7071067811865525687, 0.7071067811865424657, -0.000000000000000000 ) ) ;
#1217 = ORIENTED_EDGE ( 'NONE', *, *, #9875, .F. ) ;
#1218 = LINE ( 'NONE', #11655, #9028 ) ;
#1219 = DIRECTION ( 'NONE',  ( -1.000000000000000000, 0.000000000000000000, 0.000000000000000000 ) ) ;
#1220 = DIRECTION ( 'NONE',  ( 8.888657488019533800E-17, -0.7071067811865456854, -0.7071067811865493491 ) ) ;
#1221 = DIRECTION ( 'NONE',  ( -0.000000000000000000, 0.000000000000000000, 1.000000000000000000 ) ) ;
#1222 = EDGE_LOOP ( 'NONE', ( #9949, #2523, #485, #5252 ) ) ;
#1223 = VECTOR ( 'NONE', #3791, 999.9999999999998863 ) ;
#1224 = EDGE_CURVE ( 'NONE', #6353, #4601, #5169, .T. ) ;
#1225 = ORIENTED_EDGE ( 'NONE', *, *, #3045, .T. ) ;
#1226 = DIRECTION ( 'NONE',  ( -0.7071067811865422437, 0.000000000000000000, -0.7071067811865526798 ) ) ;
#1227 = VECTOR ( 'NONE', #11431, 1000.000000000000114 ) ;
#1228 = LINE ( 'NONE', #4045, #9620 ) ;
#1229 = ORIENTED_EDGE ( 'NONE', *, *, #5653, .T. ) ;
#1230 = FACE_OUTER_BOUND ( 'NONE', #2947, .T. ) ;
#1231 = EDGE_CURVE ( 'NONE', #8486, #10646, #10861, .T. ) ;
#1232 = EDGE_CURVE ( 'NONE', #6419, #4168, #6898, .T. ) ;
#1233 = DIRECTION ( 'NONE',  ( 0.6785983445458517727, -0.6785983445458517727, 0.2810846377147971920 ) ) ;
#1234 = EDGE_LOOP ( 'NONE', ( #10333, #8498, #6446, #38 ) ) ;
#1235 = EDGE_CURVE ( 'NONE', #1107, #5809, #11963, .T. ) ;
#1236 = ORIENTED_EDGE ( 'NONE', *, *, #10741, .F. ) ;
#1237 = EDGE_LOOP ( 'NONE', ( #4094, #12355, #429, #7200, #2620, #6838, #10902, #7727 ) ) ;
#1238 = CARTESIAN_POINT ( 'NONE',  ( -60.30000000000002558, -57.98150098949685116, 12.74999999999998934 ) ) ;
#1239 = CARTESIAN_POINT ( 'NONE',  ( -89.34999999999998010, 27.00000000000000355, 0.000000000000000000 ) ) ;
#1240 = DIRECTION ( 'NONE',  ( -0.3535533905932754517, -0.7071067811865441310, 0.6123724356957975790 ) ) ;
#1241 = FACE_OUTER_BOUND ( 'NONE', #1390, .T. ) ;
#1242 = CARTESIAN_POINT ( 'NONE',  ( 63.00288568297005298, -24.79999999999998650, 0.3706461974991928643 ) ) ;
#1243 = EDGE_CURVE ( 'NONE', #7386, #9177, #11922, .T. ) ;
#1244 = LINE ( 'NONE', #8816, #5205 ) ;
#1245 = EDGE_LOOP ( 'NONE', ( #952, #11958, #11539, #7451 ) ) ;
#1246 = CARTESIAN_POINT ( 'NONE',  ( -1.300000000000036904, -57.98150098949683695, 15.55662432702593634 ) ) ;
#1247 = ORIENTED_EDGE ( 'NONE', *, *, #5366, .F. ) ;
#1248 = CARTESIAN_POINT ( 'NONE',  ( 52.42211431702999391, -24.79999999999999005, 69.95578739157889459 ) ) ;
#1249 = ADVANCED_FACE ( 'NONE', ( #6212 ), #7920, .F. ) ;
#1250 = ORIENTED_EDGE ( 'NONE', *, *, #6712, .F. ) ;
#1251 = ORIENTED_EDGE ( 'NONE', *, *, #11533, .F. ) ;
#1252 = DIRECTION ( 'NONE',  ( 0.000000000000000000, 0.000000000000000000, -1.000000000000000000 ) ) ;
#1253 = LINE ( 'NONE', #4844, #5547 ) ;
#1254 = DIRECTION ( 'NONE',  ( 0.7071067811865487940, 0.000000000000000000, -0.7071067811865462405 ) ) ;
#1255 = CARTESIAN_POINT ( 'NONE',  ( 37.19999999999996021, -57.98150098949683695, 19.88675134594813443 ) ) ;
#1256 = ORIENTED_EDGE ( 'NONE', *, *, #10207, .T. ) ;
#1257 = EDGE_CURVE ( 'NONE', #8886, #5079, #10806, .T. ) ;
#1258 = ORIENTED_EDGE ( 'NONE', *, *, #4049, .F. ) ;
#1259 = ORIENTED_EDGE ( 'NONE', *, *, #8497, .T. ) ;
#1260 = ORIENTED_EDGE ( 'NONE', *, *, #2880, .F. ) ;
#1261 = DIRECTION ( 'NONE',  ( 1.000000000000000000, 0.000000000000000000, 0.000000000000000000 ) ) ;
#1262 = CARTESIAN_POINT ( 'NONE',  ( 91.05000000000001137, -27.00000000000000355, 0.5000000000000004441 ) ) ;
#1263 = EDGE_LOOP ( 'NONE', ( #8680, #7568, #2857, #10651 ) ) ;
#1264 = DIRECTION ( 'NONE',  ( 0.000000000000000000, -1.000000000000000000, 0.000000000000000000 ) ) ;
#1265 = VECTOR ( 'NONE', #5284, 1000.000000000000000 ) ;
#1266 = LINE ( 'NONE', #11769, #11766 ) ;
#1267 = PLANE ( 'NONE',  #5177 ) ;
#1268 = VERTEX_POINT ( 'NONE', #1341 ) ;
#1269 = CARTESIAN_POINT ( 'NONE',  ( -40.55000000000001847, -21.80000000000000071, 15.12361162513371404 ) ) ;
#1270 = ORIENTED_EDGE ( 'NONE', *, *, #332, .F. ) ;
#1271 = EDGE_CURVE ( 'NONE', #5534, #12078, #1462, .T. ) ;
#1272 = ADVANCED_FACE ( 'NONE', ( #1230 ), #5107, .F. ) ;
#1273 = ORIENTED_EDGE ( 'NONE', *, *, #4380, .F. ) ;
#1274 = VERTEX_POINT ( 'NONE', #295 ) ;
#1275 = FACE_OUTER_BOUND ( 'NONE', #899, .T. ) ;
#1276 = ORIENTED_EDGE ( 'NONE', *, *, #8016, .T. ) ;
#1277 = DIRECTION ( 'NONE',  ( 0.6546536707079769757, 0.6546536707079769757, 0.3779644730092276972 ) ) ;
#1278 = CARTESIAN_POINT ( 'NONE',  ( -43.80000000000002558, 29.79999999999997939, 13.24722325026742809 ) ) ;
#1279 = CARTESIAN_POINT ( 'NONE',  ( -43.79999999999964189, 48.57774694772346180, 44.16750206738711881 ) ) ;
#1280 = VERTEX_POINT ( 'NONE', #9874 ) ;
#1281 = DIRECTION ( 'NONE',  ( -0.6785983445458497743, 0.2810846377148161213, -0.6785983445458461105 ) ) ;
#1282 = VERTEX_POINT ( 'NONE', #8927 ) ;
#1283 = ORIENTED_EDGE ( 'NONE', *, *, #1257, .F. ) ;
#1284 = ORIENTED_EDGE ( 'NONE', *, *, #10134, .T. ) ;
#1285 = LINE ( 'NONE', #489, #2304 ) ;
#1286 = DIRECTION ( 'NONE',  ( -1.000000000000000000, 0.000000000000000000, 0.000000000000000000 ) ) ;
#1287 = LINE ( 'NONE', #8934, #5269 ) ;
#1288 = FACE_OUTER_BOUND ( 'NONE', #3358, .T. ) ;
#1289 = DIRECTION ( 'NONE',  ( -1.000000000000000000, -3.469446951953611724E-16, 0.000000000000000000 ) ) ;
#1290 = CARTESIAN_POINT ( 'NONE',  ( -27.30000000000004334, 29.80000000000000071, 18.87638837486628418 ) ) ;
#1291 = EDGE_CURVE ( 'NONE', #5830, #1372, #4396, .T. ) ;
#1292 = FACE_OUTER_BOUND ( 'NONE', #4011, .T. ) ;
#1293 = EDGE_CURVE ( 'NONE', #1526, #10407, #8835, .T. ) ;
#1294 = CARTESIAN_POINT ( 'NONE',  ( -49.66977960973140682, -19.18022039026859460, 20.38891883776217995 ) ) ;
#1295 = EDGE_LOOP ( 'NONE', ( #4848, #362, #9290 ) ) ;
#1296 = CARTESIAN_POINT ( 'NONE',  ( 77.13333333333339681, -24.46666666666666146, 21.33333333333335702 ) ) ;
#1297 = ORIENTED_EDGE ( 'NONE', *, *, #7143, .T. ) ;
#1298 = CARTESIAN_POINT ( 'NONE',  ( 81.80000000000005400, -8.799999999999988276, 14.00000000000001954 ) ) ;
#1299 = EDGE_LOOP ( 'NONE', ( #6131, #2412, #8856, #200 ) ) ;
#1300 = CARTESIAN_POINT ( 'NONE',  ( -76.80000000000005400, 9.799999999999990052, 6.000000000000000000 ) ) ;
#1301 = ORIENTED_EDGE ( 'NONE', *, *, #4454, .T. ) ;
#1302 = ADVANCED_FACE ( 'NONE', ( #7531 ), #9493, .F. ) ;
#1303 = EDGE_CURVE ( 'NONE', #10080, #6147, #12350, .T. ) ;
#1304 = CARTESIAN_POINT ( 'NONE',  ( -78.80000000000008242, -8.800000000000009592, 13.99999999999999112 ) ) ;
#1305 = CARTESIAN_POINT ( 'NONE',  ( 39.69999999999996732, -57.98150098949683695, 15.55662432702593811 ) ) ;
#1306 = ADVANCED_FACE ( 'NONE', ( #2848 ), #5932, .F. ) ;
#1307 = ORIENTED_EDGE ( 'NONE', *, *, #6111, .F. ) ;
#1308 = ORIENTED_EDGE ( 'NONE', *, *, #2264, .T. ) ;
#1309 = VECTOR ( 'NONE', #8009, 1000.000000000000000 ) ;
#1310 = DIRECTION ( 'NONE',  ( 0.8660254037844388186, 1.088633767200840169E-16, 0.4999999999999996114 ) ) ;
#1311 = VERTEX_POINT ( 'NONE', #3855 ) ;
#1312 = AXIS2_PLACEMENT_3D ( 'NONE', #3378, #10885, #9199 ) ;
#1313 = ORIENTED_EDGE ( 'NONE', *, *, #3908, .T. ) ;
#1314 = VECTOR ( 'NONE', #2265, 1000.000000000000000 ) ;
#1315 = CARTESIAN_POINT ( 'NONE',  ( -1.300000000000047118, 21.80000000000000071, 15.55662432702593634 ) ) ;
#1317 = AXIS2_PLACEMENT_3D ( 'NONE', #3646, #12208, #5641 ) ;
#1316 = DIRECTION ( 'NONE',  ( -1.000000000000000000, 0.000000000000000000, 0.000000000000000000 ) ) ;
#1318 = ORIENTED_EDGE ( 'NONE', *, *, #8333, .T. ) ;
#1319 = LINE ( 'NONE', #1145, #7507 ) ;
#1320 = EDGE_CURVE ( 'NONE', #3294, #2616, #6864, .T. ) ;
#1321 = VECTOR ( 'NONE', #681, 1000.000000000000114 ) ;
#1322 = DIRECTION ( 'NONE',  ( -0.6546536707079771977, 0.6546536707079771977, 0.3779644730092269200 ) ) ;
#1323 = CARTESIAN_POINT ( 'NONE',  ( -28.30000000000008242, 30.80000000000001492, 26.00000000000000355 ) ) ;
#1324 = CARTESIAN_POINT ( 'NONE',  ( -1.300000000000037126, -57.98150098949683695, 18.44337567297407077 ) ) ;
#1325 = EDGE_CURVE ( 'NONE', #6913, #6587, #7774, .T. ) ;
#1326 = ORIENTED_EDGE ( 'NONE', *, *, #3606, .F. ) ;
#1327 = CARTESIAN_POINT ( 'NONE',  ( 91.34999999999998010, -34.99999999999998579, 4.500000000000018652 ) ) ;
#1328 = ORIENTED_EDGE ( 'NONE', *, *, #2061, .T. ) ;
#1329 = CARTESIAN_POINT ( 'NONE',  ( -89.34999999999998010, -27.00000000000000355, 5.000000000000000000 ) ) ;
#1330 = ORIENTED_EDGE ( 'NONE', *, *, #1243, .T. ) ;
#1331 = CARTESIAN_POINT ( 'NONE',  ( -77.80000000000005400, -8.800000000000009592, 6.999999999999999112 ) ) ;
#1332 = ORIENTED_EDGE ( 'NONE', *, *, #1853, .F. ) ;
#1333 = DIRECTION ( 'NONE',  ( 0.7071067811865573427, 7.883256641045732548E-17, 0.7071067811865376918 ) ) ;
#1334 = PLANE ( 'NONE',  #3948 ) ;
#1335 = CARTESIAN_POINT ( 'NONE',  ( 81.80000000000003979, 29.80000000000002913, 26.00000000000000355 ) ) ;
#1336 = VECTOR ( 'NONE', #9679, 1000.000000000000000 ) ;
#1337 = ORIENTED_EDGE ( 'NONE', *, *, #12235, .T. ) ;
#1338 = ORIENTED_EDGE ( 'NONE', *, *, #3427, .F. ) ;
#1339 = CALENDAR_DATE ( 2023, 3, 2 ) ;
#1340 = CARTESIAN_POINT ( 'NONE',  ( 72.29711431702997970, -24.79999999999998650, 35.53127759114750717 ) ) ;
#1341 = CARTESIAN_POINT ( 'NONE',  ( -75.80000000000001137, 21.80000000000001847, 12.74999999999999112 ) ) ;
#1342 = DIRECTION ( 'NONE',  ( -0.7071067811865340280, 0.000000000000000000, -0.7071067811865610064 ) ) ;
#1343 = DIRECTION ( 'NONE',  ( 0.3535533905932756737, 0.7071067811865434649, 0.6123724356957981341 ) ) ;
#1344 = VERTEX_POINT ( 'NONE', #9213 ) ;
#1345 = ORIENTED_EDGE ( 'NONE', *, *, #7005, .T. ) ;
#1346 = EDGE_CURVE ( 'NONE', #3223, #2487, #993, .T. ) ;
#1347 = EDGE_LOOP ( 'NONE', ( #12251, #10543 ) ) ;
#1348 = CARTESIAN_POINT ( 'NONE',  ( -27.30000000000004334, 21.79999999999999361, 18.87638837486628418 ) ) ;
#1349 = ADVANCED_FACE ( 'NONE', ( #12077 ), #3509, .F. ) ;
#1350 = DIRECTION ( 'NONE',  ( -0.7071067811865475727, 0.000000000000000000, -0.7071067811865475727 ) ) ;
#1351 = CARTESIAN_POINT ( 'NONE',  ( -47.05000000000003979, -23.80000000000003624, 18.87638837486628418 ) ) ;
#1352 = CARTESIAN_POINT ( 'NONE',  ( 34.69999999999994600, 29.79999999999999361, 15.55662432702593634 ) ) ;
#1353 = LINE ( 'NONE', #5186, #9418 ) ;
#1354 = CARTESIAN_POINT ( 'NONE',  ( -28.30000000000003268, 20.79999999999999716, 26.00000000000000355 ) ) ;
#1355 = ORIENTED_EDGE ( 'NONE', *, *, #10038, .F. ) ;
#1356 = CARTESIAN_POINT ( 'NONE',  ( -89.34999999999998010, -27.00000000000000355, 0.5000000000000013323 ) ) ;
#1357 = ORIENTED_EDGE ( 'NONE', *, *, #10764, .F. ) ;
#1358 = CARTESIAN_POINT ( 'NONE',  ( 84.29999999999995453, 32.80000000000001137, 6.000000000000000000 ) ) ;
#1359 = VECTOR ( 'NONE', #4097, 1000.000000000000000 ) ;
#1360 = ORIENTED_EDGE ( 'NONE', *, *, #4599, .T. ) ;
#1361 = DIRECTION ( 'NONE',  ( -0.7071067811865474617, -7.883256641045619150E-17, 0.7071067811865474617 ) ) ;
#1362 = AXIS2_PLACEMENT_3D ( 'NONE', #3341, #9037, #2323 ) ;
#1363 = EDGE_LOOP ( 'NONE', ( #6989, #4577, #2733, #10212, #9726 ) ) ;
#1364 = EDGE_CURVE ( 'NONE', #6418, #10411, #9021, .T. ) ;
#1365 = CARTESIAN_POINT ( 'NONE',  ( 77.80000000000005400, -24.79999999999998650, 21.00000000000003197 ) ) ;
#1366 = CARTESIAN_POINT ( 'NONE',  ( -77.80000000000006821, 30.80000000000000782, 26.00000000000000355 ) ) ;
#1367 = DIRECTION ( 'NONE',  ( -0.3535533905932703447, 0.7071067811865542341, 0.6123724356957886972 ) ) ;
#1368 = VECTOR ( 'NONE', #8968, 1000.000000000000000 ) ;
#1369 = LINE ( 'NONE', #11013, #1951 ) ;
#1370 = LINE ( 'NONE', #7114, #4788 ) ;
#1371 = ORIENTED_EDGE ( 'NONE', *, *, #2681, .F. ) ;
#1372 = VERTEX_POINT ( 'NONE', #6368 ) ;
#1373 = CARTESIAN_POINT ( 'NONE',  ( -82.30000000000003979, 29.80000000000000782, 25.50000000000000355 ) ) ;
#1374 = ORIENTED_EDGE ( 'NONE', *, *, #11298, .T. ) ;
#1375 = ORIENTED_EDGE ( 'NONE', *, *, #7721, .F. ) ;
#1376 = ADVANCED_FACE ( 'NONE', ( #6180 ), #1630, .F. ) ;
#1377 = EDGE_CURVE ( 'NONE', #8826, #1274, #5268, .T. ) ;
#1378 = CARTESIAN_POINT ( 'NONE',  ( 19.19999999999995666, -21.79999999999997229, 14.11324865405187090 ) ) ;
#1379 = VECTOR ( 'NONE', #4816, 1000.000000000000000 ) ;
#1380 = VECTOR ( 'NONE', #6239, 1000.000000000000000 ) ;
#1381 = ORIENTED_EDGE ( 'NONE', *, *, #10841, .F. ) ;
#1382 = EDGE_CURVE ( 'NONE', #9296, #4147, #4271, .T. ) ;
#1383 = LINE ( 'NONE', #2319, #1368 ) ;
#1384 = ORIENTED_EDGE ( 'NONE', *, *, #4958, .F. ) ;
#1385 = VECTOR ( 'NONE', #6185, 1000.000000000000114 ) ;
#1386 = CARTESIAN_POINT ( 'NONE',  ( -23.55000000000003624, -24.79999999999999716, 19.88675134594814153 ) ) ;
#1387 = VECTOR ( 'NONE', #5748, 999.9999999999998863 ) ;
#1388 = VECTOR ( 'NONE', #6953, 1000.000000000000000 ) ;
#1389 = ORIENTED_EDGE ( 'NONE', *, *, #9063, .F. ) ;
#1390 = EDGE_LOOP ( 'NONE', ( #7733, #1332, #9670, #6532 ) ) ;
#1391 = FACE_OUTER_BOUND ( 'NONE', #3372, .T. ) ;
#1392 = ORIENTED_EDGE ( 'NONE', *, *, #11549, .T. ) ;
#1393 = EDGE_CURVE ( 'NONE', #1344, #2776, #7783, .T. ) ;
#1394 = CARTESIAN_POINT ( 'NONE',  ( -76.80000000000002558, -57.98150098949685116, 13.75000000000001954 ) ) ;
#1395 = ADVANCED_FACE ( 'NONE', ( #7815 ), #253, .F. ) ;
#1396 = CC_DESIGN_APPROVAL ( #8851, ( #9402 ) ) ;
#1397 = VECTOR ( 'NONE', #6161, 1000.000000000000000 ) ;
#1398 = CARTESIAN_POINT ( 'NONE',  ( 3.699999999999962874, -21.79999999999996518, 18.44337567297406721 ) ) ;
#1399 = DIRECTION ( 'NONE',  ( 0.000000000000000000, 0.000000000000000000, 1.000000000000000000 ) ) ;
#1400 = CARTESIAN_POINT ( 'NONE',  ( 86.34999999999998010, 24.15000000000000568, 3.000000000000000000 ) ) ;
#1401 = EDGE_LOOP ( 'NONE', ( #9733, #1036, #4455, #742 ) ) ;
#1402 = PLANE ( 'NONE',  #11209 ) ;
#1403 = VECTOR ( 'NONE', #1006, 1000.000000000000000 ) ;
#1404 = CARTESIAN_POINT ( 'NONE',  ( -60.30000000000003979, 30.80000000000001137, 20.25000000000004619 ) ) ;
#1405 = ORIENTED_EDGE ( 'NONE', *, *, #6912, .F. ) ;
#1406 = DIRECTION ( 'NONE',  ( -0.000000000000000000, -0.000000000000000000, -1.000000000000000000 ) ) ;
#1407 = ORIENTED_EDGE ( 'NONE', *, *, #3300, .T. ) ;
#1408 = ORIENTED_EDGE ( 'NONE', *, *, #1608, .T. ) ;
#1409 = EDGE_LOOP ( 'NONE', ( #12081, #10152, #3762, #6396 ) ) ;
#1410 = FACE_OUTER_BOUND ( 'NONE', #9963, .T. ) ;
#1411 = CARTESIAN_POINT ( 'NONE',  ( 19.19999999999996021, -57.98150098949683695, 19.88675134594813443 ) ) ;
#1412 = DIRECTION ( 'NONE',  ( -1.261617073437676865E-15, 1.000000000000000000, 0.000000000000000000 ) ) ;
#1413 = VECTOR ( 'NONE', #6559, 1000.000000000000114 ) ;
#1414 = DIRECTION ( 'NONE',  ( -1.000000000000000000, 0.000000000000000000, 0.000000000000000000 ) ) ;
#1415 = CARTESIAN_POINT ( 'NONE',  ( -91.34999999999998010, 35.00000000000000000, 4.500000000000018652 ) ) ;
#1416 = CARTESIAN_POINT ( 'NONE',  ( 91.05000000000001137, -27.00000000000000355, 5.000000000000000000 ) ) ;
#1417 = CARTESIAN_POINT ( 'NONE',  ( -82.80000000000003979, 30.80000000000000782, 23.00000000000000000 ) ) ;
#1418 = DIRECTION ( 'NONE',  ( -6.308085367188384325E-16, 1.000000000000000000, 0.000000000000000000 ) ) ;
#1419 = VERTEX_POINT ( 'NONE', #9703 ) ;
#1420 = ADVANCED_FACE ( 'NONE', ( #3939 ), #5594, .F. ) ;
#1421 = CARTESIAN_POINT ( 'NONE',  ( -43.80000000000004690, 20.79999999999999361, 12.09252271188822192 ) ) ;
#1422 = CARTESIAN_POINT ( 'NONE',  ( 1.199999999999923350, 3.772253052277199536, 40.70340045224861569 ) ) ;
#1423 = AXIS2_PLACEMENT_3D ( 'NONE', #3361, #5483, #7157 ) ;
#1424 = ORIENTED_EDGE ( 'NONE', *, *, #561, .T. ) ;
#1425 = ORIENTED_EDGE ( 'NONE', *, *, #8559, .T. ) ;
#1426 = CARTESIAN_POINT ( 'NONE',  ( 1.199999999999951550, 29.80000000000002203, 14.11324865405187090 ) ) ;
#1427 = EDGE_LOOP ( 'NONE', ( #3177, #9507, #5002 ) ) ;
#1428 = FACE_OUTER_BOUND ( 'NONE', #4947, .T. ) ;
#1429 = CARTESIAN_POINT ( 'NONE',  ( 2.699999999999951328, -24.79999999999999361, 16.13397459621555186 ) ) ;
#1430 = CARTESIAN_POINT ( 'NONE',  ( 81.80000000000005400, -31.80000000000000071, 6.000000000000000000 ) ) ;
#1431 = PLANE ( 'NONE',  #10948 ) ;
#1432 = ORIENTED_EDGE ( 'NONE', *, *, #6204, .T. ) ;
#1433 = ORIENTED_EDGE ( 'NONE', *, *, #3233, .T. ) ;
#1434 = ADVANCED_FACE ( 'NONE', ( #4007 ), #3882, .F. ) ;
#1435 = FACE_OUTER_BOUND ( 'NONE', #1594, .T. ) ;
#1436 = CARTESIAN_POINT ( 'NONE',  ( -89.34999999999998010, -27.00000000000000355, 0.000000000000000000 ) ) ;
#1437 = EDGE_LOOP ( 'NONE', ( #7218, #1934, #1669, #4910 ) ) ;
#1438 = PLANE ( 'NONE',  #6760 ) ;
#1439 = DIRECTION ( 'NONE',  ( -0.8660254037844387076, -9.654978140984308979E-17, 0.4999999999999998335 ) ) ;
#1440 = CARTESIAN_POINT ( 'NONE',  ( -44.30000000000001137, -24.80000000000000071, 14.11324865405183360 ) ) ;
#1441 = ORIENTED_EDGE ( 'NONE', *, *, #7492, .T. ) ;
#1443 = DIRECTION ( 'NONE',  ( -1.301042606982605321E-16, 1.000000000000000000, 0.000000000000000000 ) ) ;
#1442 = AXIS2_PLACEMENT_3D ( 'NONE', #881, #3756, #6670 ) ;
#1444 = EDGE_CURVE ( 'NONE', #8226, #10037, #11629, .T. ) ;
#1445 = CARTESIAN_POINT ( 'NONE',  ( -81.80000000000005400, 8.799999999999988276, 6.999999999999999112 ) ) ;
#1446 = EDGE_CURVE ( 'NONE', #12334, #8764, #2102, .T. ) ;
#1447 = ORIENTED_EDGE ( 'NONE', *, *, #487, .T. ) ;
#1448 = EDGE_LOOP ( 'NONE', ( #1664, #359, #682, #8859 ) ) ;
#1449 = DIRECTION ( 'NONE',  ( -1.000000000000000000, -1.114860845743448580E-16, 1.304303365396091250E-16 ) ) ;
#1450 = LINE ( 'NONE', #10053, #2363 ) ;
#1451 = VERTEX_POINT ( 'NONE', #9838 ) ;
#1452 = ORIENTED_EDGE ( 'NONE', *, *, #10781, .F. ) ;
#1453 = FACE_OUTER_BOUND ( 'NONE', #1595, .T. ) ;
#1454 = DIRECTION ( 'NONE',  ( -1.000000000000000000, 0.000000000000000000, 0.000000000000000000 ) ) ;
#1455 = EDGE_CURVE ( 'NONE', #129, #11198, #1124, .T. ) ;
#1456 = EDGE_CURVE ( 'NONE', #11894, #7694, #9769, .T. ) ;
#1457 = CARTESIAN_POINT ( 'NONE',  ( 83.80000000000003979, 9.800000000000009592, 6.000000000000000000 ) ) ;
#1458 = ORIENTED_EDGE ( 'NONE', *, *, #10799, .F. ) ;
#1459 = CARTESIAN_POINT ( 'NONE',  ( 34.69999999999994600, 29.79999999999999361, 18.44337567297407077 ) ) ;
#1460 = EDGE_LOOP ( 'NONE', ( #11836, #1432, #8787, #11726 ) ) ;
#1461 = EDGE_CURVE ( 'NONE', #2763, #11861, #9648, .T. ) ;
#1462 = LINE ( 'NONE', #423, #9990 ) ;
#1463 = EDGE_LOOP ( 'NONE', ( #1100, #8872, #7518, #926 ) ) ;
#1464 = PLANE ( 'NONE',  #123 ) ;
#1465 = CARTESIAN_POINT ( 'NONE',  ( 53.00288568297001035, 20.80000000000000426, -16.94986187818960133 ) ) ;
#1466 = ORIENTED_EDGE ( 'NONE', *, *, #8671, .F. ) ;
#1467 = ORIENTED_EDGE ( 'NONE', *, *, #3906, .F. ) ;
#1468 = ORIENTED_EDGE ( 'NONE', *, *, #2842, .F. ) ;
#1469 = PLANE ( 'NONE',  #112 ) ;
#1470 = DIRECTION ( 'NONE',  ( -0.7071067811865482389, 0.000000000000000000, 0.7071067811865469066 ) ) ;
#1471 = CARTESIAN_POINT ( 'NONE',  ( 77.80000000000003979, 29.80000000000004334, 22.00000000000000355 ) ) ;
#1472 = LINE ( 'NONE', #9182, #3292 ) ;
#1473 = ADVANCED_FACE ( 'NONE', ( #10693 ), #7940, .F. ) ;
#1474 = DIRECTION ( 'NONE',  ( 0.7071067811865474617, 2.307555223660273227E-15, 0.7071067811865474617 ) ) ;
#1475 = CARTESIAN_POINT ( 'NONE',  ( -43.80000000000002558, 29.79999999999997939, 13.24722325026742809 ) ) ;
#1476 = EDGE_CURVE ( 'NONE', #63, #7551, #3189, .T. ) ;
#1477 = CARTESIAN_POINT ( 'NONE',  ( -76.80000000000002558, -21.79999999999997229, 12.74999999999999112 ) ) ;
#1478 = VERTEX_POINT ( 'NONE', #9580 ) ;
#1479 = ORIENTED_EDGE ( 'NONE', *, *, #6585, .T. ) ;
#1480 = DIRECTION ( 'NONE',  ( 0.000000000000000000, 0.000000000000000000, -1.000000000000000000 ) ) ;
#1481 = AXIS2_PLACEMENT_3D ( 'NONE', #1494, #10959, #2370 ) ;
#1482 = EDGE_LOOP ( 'NONE', ( #11611, #4551, #10001, #1751 ) ) ;
#1483 = CARTESIAN_POINT ( 'NONE',  ( -40.55000000000002558, 29.79999999999997939, 15.12361162513371404 ) ) ;
#1484 = ADVANCED_FACE ( 'NONE', ( #2053 ), #2111, .F. ) ;
#1485 = LINE ( 'NONE', #7113, #7328 ) ;
#1486 = CARTESIAN_POINT ( 'NONE',  ( -76.30000000000003979, -24.30000000000001492, 13.74999999999996625 ) ) ;
#1487 = VECTOR ( 'NONE', #7344, 1000.000000000000000 ) ;
#1488 = CARTESIAN_POINT ( 'NONE',  ( -31.49999999999999289, 31.49999999999999289, 3.000000000000000000 ) ) ;
#1489 = VERTEX_POINT ( 'NONE', #8890 ) ;
#1490 = LINE ( 'NONE', #8134, #11117 ) ;
#1491 = DIRECTION ( 'NONE',  ( -1.000000000000000000, 0.000000000000000000, 0.000000000000000000 ) ) ;
#1492 = ORIENTED_EDGE ( 'NONE', *, *, #8460, .T. ) ;
#1493 = CARTESIAN_POINT ( 'NONE',  ( -77.80000000000005400, -20.80000000000000426, 20.25000000000001776 ) ) ;
#1494 = CARTESIAN_POINT ( 'NONE',  ( -76.80000000000003979, 29.79999999999997584, 13.75000000000001954 ) ) ;
#1495 = PLANE ( 'NONE',  #8472 ) ;
#1496 = ORIENTED_EDGE ( 'NONE', *, *, #9157, .F. ) ;
#1497 = ADVANCED_FACE ( 'NONE', ( #5986 ), #1994, .F. ) ;
#1498 = EDGE_CURVE ( 'NONE', #10974, #469, #4893, .T. ) ;
#1499 = CARTESIAN_POINT ( 'NONE',  ( -61.30000000000000426, -24.80000000000000426, 21.24999999999999289 ) ) ;
#1500 = PLANE ( 'NONE',  #10224 ) ;
#1501 = CARTESIAN_POINT ( 'NONE',  ( 50.01346123343707006, 11.48653876656283934, 9.602144707624260533 ) ) ;
#1502 = FACE_OUTER_BOUND ( 'NONE', #8197, .T. ) ;
#1503 = VERTEX_POINT ( 'NONE', #6796 ) ;
#1504 = ORIENTED_EDGE ( 'NONE', *, *, #878, .F. ) ;
#1505 = CARTESIAN_POINT ( 'NONE',  ( -81.80000000000002558, -29.80000000000002913, 26.00000000000000355 ) ) ;
#1506 = AXIS2_PLACEMENT_3D ( 'NONE', #11901, #7188, #11208 ) ;
#1507 = CARTESIAN_POINT ( 'NONE',  ( 1.199999999999958877, -21.79999999999995808, 14.11324865405187090 ) ) ;
#1508 = ORIENTED_EDGE ( 'NONE', *, *, #7563, .T. ) ;
#1509 = DIRECTION ( 'NONE',  ( -0.3535533905932728982, -0.7071067811865491270, -0.6123724356957932491 ) ) ;
#1510 = CIRCLE ( 'NONE', #6298, 1.700000000000007061 ) ;
#1511 = PLANE ( 'NONE',  #4247 ) ;
#1512 = CARTESIAN_POINT ( 'NONE',  ( 77.80000000000005400, -24.79999999999998650, 13.74999999999994849 ) ) ;
#1513 = ORIENTED_EDGE ( 'NONE', *, *, #8513, .T. ) ;
#1514 = EDGE_CURVE ( 'NONE', #597, #398, #8948, .T. ) ;
#1515 = CARTESIAN_POINT ( 'NONE',  ( 3.699999999999963318, -21.79999999999995808, 15.55662432702593811 ) ) ;
#1516 = CARTESIAN_POINT ( 'NONE',  ( -92.84999999999999432, 29.85000000000000142, 1.000000000000000000 ) ) ;
#1517 = ORIENTED_EDGE ( 'NONE', *, *, #9185, .F. ) ;
#1518 = VECTOR ( 'NONE', #3559, 1000.000000000000000 ) ;
#1519 = ORIENTED_EDGE ( 'NONE', *, *, #4736, .F. ) ;
#1520 = AXIS2_PLACEMENT_3D ( 'NONE', #11276, #4479, #12091 ) ;
#1521 = PLANE ( 'NONE',  #144 ) ;
#1522 = LINE ( 'NONE', #11989, #1003 ) ;
#1523 = ADVANCED_FACE ( 'NONE', ( #7947 ), #10829, .F. ) ;
#1524 = EDGE_CURVE ( 'NONE', #338, #10279, #6739, .T. ) ;
#1525 = EDGE_LOOP ( 'NONE', ( #8300, #7885, #11783, #9500 ) ) ;
#1526 = VERTEX_POINT ( 'NONE', #4013 ) ;
#1527 = LINE ( 'NONE', #609, #2714 ) ;
#1528 = CARTESIAN_POINT ( 'NONE',  ( 91.34999999999998010, -34.49999999999997158, 5.000000000000000000 ) ) ;
#1529 = ADVANCED_FACE ( 'NONE', ( #120 ), #7755, .F. ) ;
#1530 = LINE ( 'NONE', #5357, #11304 ) ;
#1531 = CARTESIAN_POINT ( 'NONE',  ( 35.41428571428567551, 29.08571428571427120, 15.96901737644709840 ) ) ;
#1532 = AXIS2_PLACEMENT_3D ( 'NONE', #4868, #11432, #3909 ) ;
#1533 = CARTESIAN_POINT ( 'NONE',  ( -78.80000000000005400, 8.799999999999988276, 6.999999999999999112 ) ) ;
#1534 = DIRECTION ( 'NONE',  ( -1.301042606982605321E-16, 1.000000000000000000, 0.000000000000000000 ) ) ;
#1535 = VECTOR ( 'NONE', #3567, 1000.000000000000000 ) ;
#1536 = FACE_OUTER_BOUND ( 'NONE', #7272, .T. ) ;
#1537 = APPLICATION_PROTOCOL_DEFINITION ( 'international standard', 'config_control_design', 1994, #1770 ) ;
#1538 = DIRECTION ( 'NONE',  ( 0.8660254037844387076, 0.000000000000000000, -0.4999999999999998335 ) ) ;
#1539 = VECTOR ( 'NONE', #5449, 1000.000000000000114 ) ;
#1540 = ORIENTED_EDGE ( 'NONE', *, *, #3235, .T. ) ;
#1541 = AXIS2_PLACEMENT_3D ( 'NONE', #8386, #1875, #2747 ) ;
#1542 = DIRECTION ( 'NONE',  ( -0.3535533905932731202, 0.7071067811865489050, -0.6123724356957933601 ) ) ;
#1543 = CIRCLE ( 'NONE', #11738, 1.700000000000021050 ) ;
#1544 = ORIENTED_EDGE ( 'NONE', *, *, #1893, .T. ) ;
#1545 = ORIENTED_EDGE ( 'NONE', *, *, #1576, .T. ) ;
#1546 = CARTESIAN_POINT ( 'NONE',  ( 52.19999999999991758, 29.80000000000003979, 22.00000000000000711 ) ) ;
#1547 = ORIENTED_EDGE ( 'NONE', *, *, #1019, .T. ) ;
#1548 = EDGE_CURVE ( 'NONE', #4979, #4382, #6859, .T. ) ;
#1549 = DIRECTION ( 'NONE',  ( 2.685571392110949412E-17, -0.7071067811865340280, -0.7071067811865610064 ) ) ;
#1550 = PLANE ( 'NONE',  #11519 ) ;
#1551 = CARTESIAN_POINT ( 'NONE',  ( 19.19999999999994955, 20.80000000000000071, 21.04145188432741165 ) ) ;
#1552 = VECTOR ( 'NONE', #5476, 1000.000000000000000 ) ;
#1553 = DIRECTION ( 'NONE',  ( 0.5000000000000004441, 6.505213034913031534E-17, -0.8660254037844384856 ) ) ;
#1554 = VECTOR ( 'NONE', #3556, 1000.000000000000114 ) ;
#1555 = LINE ( 'NONE', #8914, #2596 ) ;
#1556 = ORIENTED_EDGE ( 'NONE', *, *, #5299, .T. ) ;
#1557 = LINE ( 'NONE', #4588, #3742 ) ;
#1558 = CARTESIAN_POINT ( 'NONE',  ( 89.34999999999998010, 27.00000000000000355, 0.000000000000000000 ) ) ;
#1559 = EDGE_LOOP ( 'NONE', ( #3766, #12028 ) ) ;
#1560 = AXIS2_PLACEMENT_3D ( 'NONE', #661, #3537, #4493 ) ;
#1561 = ADVANCED_FACE ( 'NONE', ( #2242 ), #7882, .F. ) ;
#1562 = DIRECTION ( 'NONE',  ( -1.000000000000000000, -1.257045997084642365E-16, 1.304303365396091250E-16 ) ) ;
#1563 = ORIENTED_EDGE ( 'NONE', *, *, #7478, .T. ) ;
#1564 = LINE ( 'NONE', #4596, #7960 ) ;
#1565 = DIRECTION ( 'NONE',  ( 0.6546536707079761985, -0.6546536707079785300, -0.3779644730092262539 ) ) ;
#1566 = LINE ( 'NONE', #9031, #5344 ) ;
#1567 = ORIENTED_EDGE ( 'NONE', *, *, #8601, .F. ) ;
#1568 = ORIENTED_EDGE ( 'NONE', *, *, #9131, .T. ) ;
#1569 = CARTESIAN_POINT ( 'NONE',  ( 76.80000000000005400, 0.000000000000000000, 6.000000000000000000 ) ) ;
#1570 = VECTOR ( 'NONE', #1050, 1000.000000000000000 ) ;
#1571 = ORIENTED_EDGE ( 'NONE', *, *, #3805, .T. ) ;
#1572 = AXIS2_PLACEMENT_3D ( 'NONE', #5046, #2216, #8867 ) ;
#1573 = VECTOR ( 'NONE', #7897, 1000.000000000000000 ) ;
#1574 = EDGE_CURVE ( 'NONE', #2487, #3223, #8398, .T. ) ;
#1575 = CARTESIAN_POINT ( 'NONE',  ( -93.34999999999999432, -32.99999999999997868, 5.000000000000000000 ) ) ;
#1576 = EDGE_CURVE ( 'NONE', #2172, #11957, #5073, .T. ) ;
#1577 = CARTESIAN_POINT ( 'NONE',  ( -26.60000000000008313, 20.79999999999999716, -47.82194795587555802 ) ) ;
#1578 = DIRECTION ( 'NONE',  ( -0.7071067811865474617, -8.888657488019555987E-17, 0.7071067811865474617 ) ) ;
#1579 = DIRECTION ( 'NONE',  ( 0.000000000000000000, 0.7071067811865451302, 0.7071067811865499042 ) ) ;
#1580 = CARTESIAN_POINT ( 'NONE',  ( -78.80000000000008242, -8.800000000000009592, 6.999999999999999112 ) ) ;
#1581 = EDGE_LOOP ( 'NONE', ( #7550, #8031, #1967, #1389 ) ) ;
#1582 = DIRECTION ( 'NONE',  ( 1.000000000000000000, 0.000000000000000000, 0.000000000000000000 ) ) ;
#1583 = AXIS2_PLACEMENT_3D ( 'NONE', #3477, #7270, #730 ) ;
#1584 = VECTOR ( 'NONE', #11757, 1000.000000000000000 ) ;
#1585 = VECTOR ( 'NONE', #4057, 1000.000000000000000 ) ;
#1586 = CARTESIAN_POINT ( 'NONE',  ( -82.80000000000003979, 30.80000000000000782, 25.00000000000000000 ) ) ;
#1587 = VERTEX_POINT ( 'NONE', #9898 ) ;
#1588 = VERTEX_POINT ( 'NONE', #3198 ) ;
#1589 = PLANE ( 'NONE',  #3376 ) ;
#1590 = LINE ( 'NONE', #10899, #3164 ) ;
#1591 = EDGE_LOOP ( 'NONE', ( #8898, #4229, #2356, #10520 ) ) ;
#1592 = CC_DESIGN_APPROVAL ( #357, ( #6381 ) ) ;
#1593 = VECTOR ( 'NONE', #11683, 1000.000000000000000 ) ;
#1594 = EDGE_LOOP ( 'NONE', ( #4386, #10602, #10154, #2634 ) ) ;
#1595 = EDGE_LOOP ( 'NONE', ( #1247, #12305, #2132, #11371 ) ) ;
#1596 = PLANE ( 'NONE',  #5710 ) ;
#1597 = PLANE ( 'NONE',  #5024 ) ;
#1598 = DIRECTION ( 'NONE',  ( 1.261617073437676865E-15, -1.000000000000000000, 0.000000000000000000 ) ) ;
#1599 = LINE ( 'NONE', #674, #4312 ) ;
#1600 = VECTOR ( 'NONE', #5802, 1000.000000000000000 ) ;
#1601 = VECTOR ( 'NONE', #5785, 1000.000000000000000 ) ;
#1602 = DIRECTION ( 'NONE',  ( 0.000000000000000000, 0.7071067811865463515, -0.7071067811865487940 ) ) ;
#1603 = ADVANCED_FACE ( 'NONE', ( #10643 ), #9713, .F. ) ;
#1604 = ADVANCED_FACE ( 'NONE', ( #1075 ), #8705, .T. ) ;
#1605 = CARTESIAN_POINT ( 'NONE',  ( -41.54999999999999005, -24.80000000000000071, 18.29903810567667577 ) ) ;
#1606 = ORIENTED_EDGE ( 'NONE', *, *, #10100, .T. ) ;
#1607 = LINE ( 'NONE', #6414, #2007 ) ;
#1608 = EDGE_CURVE ( 'NONE', #8882, #1503, #8013, .T. ) ;
#1609 = DIRECTION ( 'NONE',  ( -0.000000000000000000, -0.000000000000000000, -1.000000000000000000 ) ) ;
#1610 = VERTEX_POINT ( 'NONE', #7111 ) ;
#1611 = LINE ( 'NONE', #5257, #11314 ) ;
#1612 = EDGE_LOOP ( 'NONE', ( #5948, #3496, #1338, #7110 ) ) ;
#1613 = VECTOR ( 'NONE', #9996, 1000.000000000000114 ) ;
#1614 = CARTESIAN_POINT ( 'NONE',  ( 16.69999999999996021, -57.98150098949683695, 18.44337567297407077 ) ) ;
#1615 = VERTEX_POINT ( 'NONE', #7176 ) ;
#1616 = DIRECTION ( 'NONE',  ( 0.000000000000000000, 0.000000000000000000, -1.000000000000000000 ) ) ;
#1617 = DIRECTION ( 'NONE',  ( -0.7071067811865474617, -0.7071067811865474617, -0.000000000000000000 ) ) ;
#1618 = CARTESIAN_POINT ( 'NONE',  ( 93.34999999999999432, 23.64999999999997726, 1.000000000000000000 ) ) ;
#1619 = CARTESIAN_POINT ( 'NONE',  ( -76.80000000000003979, 29.80000000000003624, 21.24999999999999289 ) ) ;
#1620 = CIRCLE ( 'NONE', #3831, 1.700000000000007061 ) ;
#1621 = DIRECTION ( 'NONE',  ( 0.7071067811865475727, 0.7071067811865475727, 0.000000000000000000 ) ) ;
#1622 = EDGE_CURVE ( 'NONE', #5155, #2976, #4329, .T. ) ;
#1623 = EDGE_CURVE ( 'NONE', #9067, #11222, #9269, .T. ) ;
#1624 = VECTOR ( 'NONE', #1578, 1000.000000000000114 ) ;
#1625 = LINE ( 'NONE', #465, #5439 ) ;
#1626 = CARTESIAN_POINT ( 'NONE',  ( 33.69999999999997442, 20.80000000000000426, 26.00000000000000355 ) ) ;
#1627 = VERTEX_POINT ( 'NONE', #2555 ) ;
#1628 = EDGE_CURVE ( 'NONE', #1831, #6940, #10946, .T. ) ;
#1629 = LINE ( 'NONE', #4660, #9120 ) ;
#1630 = PLANE ( 'NONE',  #3384 ) ;
#1631 = ORIENTED_EDGE ( 'NONE', *, *, #4985, .T. ) ;
#1632 = CARTESIAN_POINT ( 'NONE',  ( 93.35000000000000853, -30.35000000000010090, 1.000000000000000000 ) ) ;
#1633 = VERTEX_POINT ( 'NONE', #1618 ) ;
#1634 = AXIS2_PLACEMENT_3D ( 'NONE', #9987, #7979, #10854 ) ;
#1635 = AXIS2_PLACEMENT_3D ( 'NONE', #886, #1984, #2871 ) ;
#1636 = DIRECTION ( 'NONE',  ( -1.000000000000000000, -3.469446951953611724E-16, 0.000000000000000000 ) ) ;
#1637 = PLANE ( 'NONE',  #8775 ) ;
#1638 = ADVANCED_FACE ( 'NONE', ( #9134 ), #11822, .T. ) ;
#1639 = EDGE_LOOP ( 'NONE', ( #6689, #4787, #3774, #11927 ) ) ;
#1640 = VERTEX_POINT ( 'NONE', #3262 ) ;
#1641 = CARTESIAN_POINT ( 'NONE',  ( 60.79711431702996549, 20.80000000000000426, 55.44986187818960843 ) ) ;
#1642 = PLANE ( 'NONE',  #8629 ) ;
#1643 = DIRECTION ( 'NONE',  ( 0.000000000000000000, 0.000000000000000000, -1.000000000000000000 ) ) ;
#1644 = FACE_OUTER_BOUND ( 'NONE', #3419, .T. ) ;
#1645 = VECTOR ( 'NONE', #9605, 1000.000000000000114 ) ;
#1646 = EDGE_CURVE ( 'NONE', #5316, #2783, #5197, .T. ) ;
#1647 = DIRECTION ( 'NONE',  ( 0.6546536707079723127, 0.6546536707079768647, -0.3779644730092360239 ) ) ;
#1648 = ORIENTED_EDGE ( 'NONE', *, *, #1692, .F. ) ;
#1649 = ORIENTED_EDGE ( 'NONE', *, *, #2378, .F. ) ;
#1650 = DIRECTION ( 'NONE',  ( 1.000000000000000000, 1.301042606982605321E-16, 0.000000000000000000 ) ) ;
#1651 = DIRECTION ( 'NONE',  ( -0.7071067811865512365, 0.7071067811865439090, 0.000000000000000000 ) ) ;
#1652 = CARTESIAN_POINT ( 'NONE',  ( 22.71263675258852643, -22.78736324741145580, 19.02802177467238209 ) ) ;
#1653 = DIRECTION ( 'NONE',  ( 0.6785983445458469987, -0.6785983445458469987, -0.2810846377148203956 ) ) ;
#1654 = DIRECTION ( 'NONE',  ( 0.6546536707079722017, 0.6546536707079857464, 0.3779644730092208138 ) ) ;
#1655 = VECTOR ( 'NONE', #11601, 1000.000000000000000 ) ;
#1656 = ORIENTED_EDGE ( 'NONE', *, *, #8042, .F. ) ;
#1657 = ORIENTED_EDGE ( 'NONE', *, *, #2320, .F. ) ;
#1658 = CARTESIAN_POINT ( 'NONE',  ( 77.80000000000005400, -24.79999999999998650, 26.00000000000000355 ) ) ;
#1659 = AXIS2_PLACEMENT_3D ( 'NONE', #8703, #7752, #10701 ) ;
#1660 = LINE ( 'NONE', #8110, #227 ) ;
#1661 = CARTESIAN_POINT ( 'NONE',  ( -93.34999999999999432, 24.15000000000000568, 1.000000000000000000 ) ) ;
#1662 = EDGE_CURVE ( 'NONE', #1503, #8944, #9073, .T. ) ;
#1663 = CARTESIAN_POINT ( 'NONE',  ( 86.34999999999998010, -29.85000000000004405, 3.000000000000000000 ) ) ;
#1664 = ORIENTED_EDGE ( 'NONE', *, *, #9280, .T. ) ;
#1665 = COORDINATED_UNIVERSAL_TIME_OFFSET ( 1, 0, .AHEAD. ) ;
#1666 = CARTESIAN_POINT ( 'NONE',  ( -43.80000000000001137, -57.98150098949685116, 20.75277674973256836 ) ) ;
#1667 = VERTEX_POINT ( 'NONE', #6782 ) ;
#1668 = CARTESIAN_POINT ( 'NONE',  ( 58.49999999999998579, 58.49999999999998579, 1.000000000000000000 ) ) ;
#1669 = ORIENTED_EDGE ( 'NONE', *, *, #6278, .F. ) ;
#1670 = ORIENTED_EDGE ( 'NONE', *, *, #11998, .T. ) ;
#1671 = FACE_OUTER_BOUND ( 'NONE', #11693, .T. ) ;
#1672 = ORIENTED_EDGE ( 'NONE', *, *, #7073, .T. ) ;
#1673 = EDGE_CURVE ( 'NONE', #9077, #10733, #9694, .T. ) ;
#1674 = DIRECTION ( 'NONE',  ( 0.000000000000000000, 0.000000000000000000, 1.000000000000000000 ) ) ;
#1675 = DIRECTION ( 'NONE',  ( 1.535230552743394157E-15, 0.6546536707079705364, -0.7559289460184601683 ) ) ;
#1676 = CARTESIAN_POINT ( 'NONE',  ( 82.80000000000005400, -9.799999999999990052, 6.999999999999999112 ) ) ;
#1678 = DIRECTION ( 'NONE',  ( -0.3535533905932766174, -0.7071067811865425767, 0.6123724356957988002 ) ) ;
#1677 = VECTOR ( 'NONE', #551, 1000.000000000000114 ) ;
#1679 = LINE ( 'NONE', #5504, #442 ) ;
#1680 = CARTESIAN_POINT ( 'NONE',  ( 1.200000000000200906, -9.713461233436664344, -2.152485243598447617 ) ) ;
#1681 = EDGE_CURVE ( 'NONE', #182, #129, #9833, .T. ) ;
#1682 = LINE ( 'NONE', #9332, #12147 ) ;
#1683 = LINE ( 'NONE', #2322, #7017 ) ;
#1684 = CARTESIAN_POINT ( 'NONE',  ( -82.80000000000002558, -30.80000000000002913, 6.999999999999999112 ) ) ;
#1685 = ORIENTED_EDGE ( 'NONE', *, *, #10738, .F. ) ;
#1686 = DIRECTION ( 'NONE',  ( -3.341600559406910108E-18, -0.7071067811865423547, -0.7071067811865527908 ) ) ;
#1687 = EDGE_CURVE ( 'NONE', #11578, #10159, #3996, .T. ) ;
#1688 = ORIENTED_EDGE ( 'NONE', *, *, #10534, .F. ) ;
#1689 = EDGE_CURVE ( 'NONE', #3149, #7424, #2091, .T. ) ;
#1690 = DIRECTION ( 'NONE',  ( -0.7071067811865475727, -0.7071067811865475727, -0.000000000000000000 ) ) ;
#1691 = DIRECTION ( 'NONE',  ( 0.000000000000000000, 0.000000000000000000, 1.000000000000000000 ) ) ;
#1692 = EDGE_CURVE ( 'NONE', #508, #4008, #3110, .T. ) ;
#1693 = CARTESIAN_POINT ( 'NONE',  ( 38.69999999999996021, -24.79999999999999005, 16.13397459621558028 ) ) ;
#1694 = ORIENTED_EDGE ( 'NONE', *, *, #11898, .T. ) ;
#1695 = EDGE_LOOP ( 'NONE', ( #4877, #1688, #1740, #3147 ) ) ;
#1696 = DIRECTION ( 'NONE',  ( 0.000000000000000000, -0.000000000000000000, -1.000000000000000000 ) ) ;
#1697 = DIRECTION ( 'NONE',  ( 0.000000000000000000, 0.000000000000000000, -1.000000000000000000 ) ) ;
#1698 = EDGE_LOOP ( 'NONE', ( #8616, #829, #10756, #5983 ) ) ;
#1699 = PLANE ( 'NONE',  #4275 ) ;
#1700 = CARTESIAN_POINT ( 'NONE',  ( -89.34999999999998010, 27.00000000000000355, 5.000000000000000000 ) ) ;
#1701 = EDGE_CURVE ( 'NONE', #8185, #10931, #49, .T. ) ;
#1702 = CARTESIAN_POINT ( 'NONE',  ( 1.199999999999955325, -23.79999999999996163, 14.11324865405187268 ) ) ;
#1703 = DIRECTION ( 'NONE',  ( -0.8660254037844383745, -9.654978140984305281E-17, 0.5000000000000004441 ) ) ;
#1704 = EDGE_CURVE ( 'NONE', #8761, #6819, #7686, .T. ) ;
#1705 = DIRECTION ( 'NONE',  ( 1.301042606982605321E-16, -1.000000000000000000, 0.000000000000000000 ) ) ;
#1706 = AXIS2_PLACEMENT_3D ( 'NONE', #6107, #3479, #10304 ) ;
#1707 = VECTOR ( 'NONE', #2475, 1000.000000000000000 ) ;
#1708 = DIRECTION ( 'NONE',  ( 0.5773502691896245098, 0.5773502691896245098, -0.5773502691896283956 ) ) ;
#1709 = ORIENTED_EDGE ( 'NONE', *, *, #6184, .F. ) ;
#1710 = EDGE_LOOP ( 'NONE', ( #8308, #8018, #2251, #221 ) ) ;
#1711 = CARTESIAN_POINT ( 'NONE',  ( 82.80000000000005400, 9.800000000000009592, 26.00000000000000355 ) ) ;
#1712 = CARTESIAN_POINT ( 'NONE',  ( -91.34999999999998010, 33.00000000000000000, 0.4999999999999831246 ) ) ;
#1713 = VECTOR ( 'NONE', #9950, 1000.000000000000000 ) ;
#1714 = PLANE ( 'NONE',  #537 ) ;
#1715 = VERTEX_POINT ( 'NONE', #3431 ) ;
#1716 = EDGE_CURVE ( 'NONE', #9939, #7850, #5304, .T. ) ;
#1717 = EDGE_LOOP ( 'NONE', ( #706, #8622, #11608, #2342 ) ) ;
#1718 = VECTOR ( 'NONE', #3074, 999.9999999999998863 ) ;
#1719 = EDGE_LOOP ( 'NONE', ( #12240, #280, #2559, #7961 ) ) ;
#1720 = CARTESIAN_POINT ( 'NONE',  ( 34.69999999999996021, -57.98150098949683695, 18.44337567297407077 ) ) ;
#1721 = DIRECTION ( 'NONE',  ( -0.000000000000000000, 0.000000000000000000, -1.000000000000000000 ) ) ;
#1722 = CARTESIAN_POINT ( 'NONE',  ( 87.64999999999996305, 27.00000000000000355, 4.499999999999970690 ) ) ;
#1723 = LINE ( 'NONE', #3799, #1005 ) ;
#1724 = LINE ( 'NONE', #12239, #2288 ) ;
#1725 = VECTOR ( 'NONE', #6464, 1000.000000000000000 ) ;
#1726 = VECTOR ( 'NONE', #10507, 1000.000000000000000 ) ;
#1727 = DIRECTION ( 'NONE',  ( 0.000000000000000000, -1.000000000000000000, 0.000000000000000000 ) ) ;
#1728 = ORIENTED_EDGE ( 'NONE', *, *, #1072, .T. ) ;
#1729 = CARTESIAN_POINT ( 'NONE',  ( -76.80000000000002558, -21.79999999999996874, 20.25000000000001776 ) ) ;
#1730 = FACE_OUTER_BOUND ( 'NONE', #7182, .T. ) ;
#1731 = ORIENTED_EDGE ( 'NONE', *, *, #5722, .F. ) ;
#1732 = LINE ( 'NONE', #5556, #7403 ) ;
#1733 = DIRECTION ( 'NONE',  ( 0.6785983445458444452, 0.2810846377148273900, 0.6785983445458465546 ) ) ;
#1734 = DIRECTION ( 'NONE',  ( -1.301042606982605321E-16, 1.000000000000000000, -0.000000000000000000 ) ) ;
#1735 = VERTEX_POINT ( 'NONE', #8002 ) ;
#1736 = EDGE_CURVE ( 'NONE', #8244, #10407, #4255, .T. ) ;
#1737 = EDGE_CURVE ( 'NONE', #1987, #2910, #552, .T. ) ;
#1738 = ORIENTED_EDGE ( 'NONE', *, *, #6459, .T. ) ;
#1739 = AXIS2_PLACEMENT_3D ( 'NONE', #10151, #6367, #7442 ) ;
#1740 = ORIENTED_EDGE ( 'NONE', *, *, #7325, .F. ) ;
#1741 = LINE ( 'NONE', #12253, #1726 ) ;
#1742 = LINE ( 'NONE', #2679, #10393 ) ;
#1744 = DIRECTION ( 'NONE',  ( 0.8660254037844383745, 1.088633767200839429E-16, -0.5000000000000003331 ) ) ;
#1743 = VECTOR ( 'NONE', #5531, 1000.000000000000000 ) ;
#1745 = CARTESIAN_POINT ( 'NONE',  ( -24.05000000000002913, -57.98150098949684406, 20.75277674973256836 ) ) ;
#1746 = DIRECTION ( 'NONE',  ( 1.301042606982605321E-16, -1.000000000000000000, 0.000000000000000000 ) ) ;
#1747 = DIRECTION ( 'NONE',  ( -0.000000000000000000, -0.000000000000000000, -1.000000000000000000 ) ) ;
#1748 = ORIENTED_EDGE ( 'NONE', *, *, #6840, .T. ) ;
#1749 = DIRECTION ( 'NONE',  ( 0.000000000000000000, 0.000000000000000000, -1.000000000000000000 ) ) ;
#1750 = CARTESIAN_POINT ( 'NONE',  ( 13.50082448084834219, -36.60082448084839513, 24.10188432527229807 ) ) ;
#1751 = ORIENTED_EDGE ( 'NONE', *, *, #5047, .F. ) ;
#1752 = DIRECTION ( 'NONE',  ( -0.6546536707079794182, 0.6546536707079854134, 0.3779644730092088789 ) ) ;
#1753 = EDGE_CURVE ( 'NONE', #2393, #5079, #11114, .T. ) ;
#1754 = PLANE ( 'NONE',  #6173 ) ;
#1755 = ORIENTED_EDGE ( 'NONE', *, *, #7696, .T. ) ;
#1756 = PLANE ( 'NONE',  #10914 ) ;
#1757 = DIRECTION ( 'NONE',  ( -0.8660254037844385966, -1.088633767200839676E-16, 0.4999999999999999445 ) ) ;
#1758 = LINE ( 'NONE', #8267, #10973 ) ;
#1759 = EDGE_LOOP ( 'NONE', ( #1318, #10891, #328, #4703 ) ) ;
#1760 = EDGE_CURVE ( 'NONE', #7549, #5534, #4442, .T. ) ;
#1761 = VERTEX_POINT ( 'NONE', #7279 ) ;
#1762 = ADVANCED_FACE ( 'NONE', ( #2537 ), #8938, .T. ) ;
#1763 = DIRECTION ( 'NONE',  ( 0.6546536707079770867, 0.6546536707079770867, 0.3779644730092274196 ) ) ;
#1764 = VERTEX_POINT ( 'NONE', #3250 ) ;
#1765 = ADVANCED_FACE ( 'NONE', ( #1292 ), #367, .F. ) ;
#1766 = LINE ( 'NONE', #9479, #6248 ) ;
#1767 = VECTOR ( 'NONE', #4344, 1000.000000000000000 ) ;
#1768 = FACE_OUTER_BOUND ( 'NONE', #11061, .T. ) ;
#1769 = DIRECTION ( 'NONE',  ( -1.436634599695655999E-14, -0.7071067811865567876, 0.7071067811865383579 ) ) ;
#1770 = APPLICATION_CONTEXT ( 'configuration controlled 3d designs of mechanical parts and assemblies' ) ;
#1771 = CARTESIAN_POINT ( 'NONE',  ( -31.49999999999742428, -31.49999999999917577, 3.000000000000000000 ) ) ;
#1772 = AXIS2_PLACEMENT_3D ( 'NONE', #11147, #6318, #6508 ) ;
#1773 = CARTESIAN_POINT ( 'NONE',  ( 51.19999999999995310, -21.79999999999995808, 22.00000000000000711 ) ) ;
#1774 = VECTOR ( 'NONE', #10893, 1000.000000000000000 ) ;
#1775 = VERTEX_POINT ( 'NONE', #5184 ) ;
#1776 = EDGE_CURVE ( 'NONE', #8185, #1268, #9003, .T. ) ;
#1777 = PLANE ( 'NONE',  #10713 ) ;
#1778 = DIRECTION ( 'NONE',  ( 1.301042606982605321E-16, -1.000000000000000000, 0.000000000000000000 ) ) ;
#1779 = DIRECTION ( 'NONE',  ( -2.961955078188872995E-15, -0.6546536707079891881, -0.7559289460184439591 ) ) ;
#1780 = EDGE_CURVE ( 'NONE', #7332, #3407, #6160, .T. ) ;
#1781 = LINE ( 'NONE', #11159, #3334 ) ;
#1782 = CARTESIAN_POINT ( 'NONE',  ( 52.19999999999992468, -24.79999999999998295, 10.00000000000000355 ) ) ;
#1783 = ORIENTED_EDGE ( 'NONE', *, *, #11637, .T. ) ;
#1784 = AXIS2_PLACEMENT_3D ( 'NONE', #5209, #8960, #269 ) ;
#1785 = VECTOR ( 'NONE', #3931, 1000.000000000000114 ) ;
#1786 = DIRECTION ( 'NONE',  ( -0.5773502691896338357, -6.436652093989627244E-17, 0.8164965809277203723 ) ) ;
#1787 = CARTESIAN_POINT ( 'NONE',  ( 91.34999999999998010, -32.99999999999997868, 0.4999999999999831246 ) ) ;
#1788 = DIRECTION ( 'NONE',  ( 0.000000000000000000, 0.7071067811865574537, 0.7071067811865376918 ) ) ;
#1789 = CARTESIAN_POINT ( 'NONE',  ( -20.80000000000003268, 21.79999999999999361, 15.12361162513371404 ) ) ;
#1790 = DIRECTION ( 'NONE',  ( -0.6546536707079848583, -0.6546536707079690931, 0.3779644730092278082 ) ) ;
#1791 = EDGE_CURVE ( 'NONE', #11987, #1081, #11299, .T. ) ;
#1792 = ORIENTED_EDGE ( 'NONE', *, *, #10221, .T. ) ;
#1793 = CARTESIAN_POINT ( 'NONE',  ( -93.34999999999999432, -30.35000000000000142, 5.000000000000000000 ) ) ;
#1794 = AXIS2_PLACEMENT_3D ( 'NONE', #8696, #4005, #11566 ) ;
#1795 = AXIS2_PLACEMENT_3D ( 'NONE', #6404, #7277, #1414 ) ;
#1796 = VERTEX_POINT ( 'NONE', #5826 ) ;
#1797 = DIRECTION ( 'NONE',  ( 0.000000000000000000, -1.000000000000000000, 1.696954250811116188E-32 ) ) ;
#1798 = CARTESIAN_POINT ( 'NONE',  ( -91.05000000000001137, 27.00000000000000355, 5.000000000000000000 ) ) ;
#1799 = DIRECTION ( 'NONE',  ( -0.7071067811865469066, 0.000000000000000000, -0.7071067811865481278 ) ) ;
#1800 = ORIENTED_EDGE ( 'NONE', *, *, #1979, .T. ) ;
#1801 = ORIENTED_EDGE ( 'NONE', *, *, #5957, .T. ) ;
#1802 = VERTEX_POINT ( 'NONE', #6406 ) ;
#1803 = FACE_OUTER_BOUND ( 'NONE', #3564, .T. ) ;
#1804 = CARTESIAN_POINT ( 'NONE',  ( 82.80000000000003979, 29.80000000000002913, 6.999999999999999112 ) ) ;
#1805 = VECTOR ( 'NONE', #8755, 1000.000000000000114 ) ;
#1806 = DIRECTION ( 'NONE',  ( 0.000000000000000000, 1.000000000000000000, 0.000000000000000000 ) ) ;
#1807 = PLANE ( 'NONE',  #9176 ) ;
#1808 = CARTESIAN_POINT ( 'NONE',  ( -93.34999999999999432, 24.15000000000000568, 1.000000000000000000 ) ) ;
#1809 = CARTESIAN_POINT ( 'NONE',  ( 77.80000000000005400, -20.79999999999998650, 6.999999999999999112 ) ) ;
#1810 = EDGE_CURVE ( 'NONE', #9397, #1587, #11590, .T. ) ;
#1811 = ADVANCED_FACE ( 'NONE', ( #5485 ), #11236, .F. ) ;
#1812 = CARTESIAN_POINT ( 'NONE',  ( 19.69999999999996376, -24.79999999999999361, 19.02072594216368984 ) ) ;
#1813 = ORIENTED_EDGE ( 'NONE', *, *, #2580, .F. ) ;
#1814 = FACE_OUTER_BOUND ( 'NONE', #10943, .T. ) ;
#1815 = AXIS2_PLACEMENT_3D ( 'NONE', #725, #4622, #24 ) ;
#1816 = ORIENTED_EDGE ( 'NONE', *, *, #982, .F. ) ;
#1817 = VECTOR ( 'NONE', #6596, 1000.000000000000000 ) ;
#1818 = FACE_OUTER_BOUND ( 'NONE', #10747, .T. ) ;
#1819 = CARTESIAN_POINT ( 'NONE',  ( 54.00288568297001746, -24.79999999999999005, -15.21781107062071570 ) ) ;
#1820 = LINE ( 'NONE', #892, #6313 ) ;
#1821 = ORIENTED_EDGE ( 'NONE', *, *, #10919, .F. ) ;
#1822 = DIRECTION ( 'NONE',  ( -0.7071067811865462405, -0.7071067811865487940, -0.000000000000000000 ) ) ;
#1823 = DIRECTION ( 'NONE',  ( 7.511572993685781598E-17, 8.374358620604178149E-33, -1.000000000000000000 ) ) ;
#1824 = AXIS2_PLACEMENT_3D ( 'NONE', #2535, #6338, #10181 ) ;
#1825 = FACE_OUTER_BOUND ( 'NONE', #11968, .T. ) ;
#1826 = ADVANCED_FACE ( 'NONE', ( #4690, #9669, #806, #3677, #8492 ), #3961, .T. ) ;
#1827 = ORIENTED_EDGE ( 'NONE', *, *, #1760, .F. ) ;
#1828 = ORIENTED_EDGE ( 'NONE', *, *, #1096, .F. ) ;
#1829 = DIRECTION ( 'NONE',  ( -0.7071067811865469066, 0.000000000000000000, -0.7071067811865481278 ) ) ;
#1830 = LINE ( 'NONE', #8537, #5320 ) ;
#1831 = VERTEX_POINT ( 'NONE', #7769 ) ;
#1832 = VECTOR ( 'NONE', #5528, 1000.000000000000000 ) ;
#1833 = LINE ( 'NONE', #1890, #8470 ) ;
#1834 = PLANE ( 'NONE',  #7014 ) ;
#1835 = DIRECTION ( 'NONE',  ( 1.000000000000000000, 1.114860845743448580E-16, -1.304303365396091250E-16 ) ) ;
#1836 = ADVANCED_FACE ( 'NONE', ( #3015 ), #8845, .F. ) ;
#1837 = EDGE_CURVE ( 'NONE', #1190, #548, #8331, .T. ) ;
#1838 = CARTESIAN_POINT ( 'NONE',  ( -60.30000000000003979, 29.79999999999998295, 20.25000000000004619 ) ) ;
#1839 = PLANE ( 'NONE',  #7973 ) ;
#1840 = ORIENTED_EDGE ( 'NONE', *, *, #1136, .T. ) ;
#1841 = ORIENTED_EDGE ( 'NONE', *, *, #8752, .T. ) ;
#1842 = PLANE ( 'NONE',  #2371 ) ;
#1843 = CARTESIAN_POINT ( 'NONE',  ( -82.80000000000005400, 9.799999999999990052, 26.00000000000000355 ) ) ;
#1844 = DIRECTION ( 'NONE',  ( 0.000000000000000000, -1.000000000000000000, 0.000000000000000000 ) ) ;
#1845 = CARTESIAN_POINT ( 'NONE',  ( 0.8170326620091233893, -2.182967337990851409, 2.643011998642211147 ) ) ;
#1846 = VERTEX_POINT ( 'NONE', #7195 ) ;
#1847 = EDGE_CURVE ( 'NONE', #5656, #9258, #8403, .T. ) ;
#1848 = DIRECTION ( 'NONE',  ( -0.7071067811865475727, 0.7071067811865475727, 0.000000000000000000 ) ) ;
#1849 = DIRECTION ( 'NONE',  ( -0.000000000000000000, -0.000000000000000000, 1.000000000000000000 ) ) ;
#1850 = PLANE ( 'NONE',  #402 ) ;
#1851 = LINE ( 'NONE', #1789, #5095 ) ;
#1852 = VECTOR ( 'NONE', #2981, 1000.000000000000000 ) ;
#1853 = EDGE_CURVE ( 'NONE', #10068, #4222, #3398, .T. ) ;
#1854 = EDGE_CURVE ( 'NONE', #11223, #5166, #4894, .T. ) ;
#1855 = CARTESIAN_POINT ( 'NONE',  ( -58.55000000000001847, -58.55000000000001847, 6.000000000000000000 ) ) ;
#1856 = ORIENTED_EDGE ( 'NONE', *, *, #9825, .F. ) ;
#1857 = VECTOR ( 'NONE', #11543, 1000.000000000000114 ) ;
#1858 = DIRECTION ( 'NONE',  ( -0.7071067811865500152, 0.7071067811865451302, 0.000000000000000000 ) ) ;
#1859 = ORIENTED_EDGE ( 'NONE', *, *, #3879, .F. ) ;
#1860 = DIRECTION ( 'NONE',  ( -1.000000000000000000, 0.000000000000000000, 0.000000000000000000 ) ) ;
#1861 = CARTESIAN_POINT ( 'NONE',  ( -82.80000000000003979, 29.80000000000000782, 6.999999999999999112 ) ) ;
#1862 = CARTESIAN_POINT ( 'NONE',  ( -28.30000000000003268, -20.79999999999999716, 26.00000000000000355 ) ) ;
#1863 = ORIENTED_EDGE ( 'NONE', *, *, #10707, .T. ) ;
#1864 = CYLINDRICAL_SURFACE ( 'NONE', #2909, 2.000000000000001776 ) ;
#1865 = ORIENTED_EDGE ( 'NONE', *, *, #2892, .F. ) ;
#1866 = EDGE_CURVE ( 'NONE', #11198, #10608, #6923, .T. ) ;
#1867 = EDGE_LOOP ( 'NONE', ( #5387, #11303, #9323, #1910 ) ) ;
#1868 = CARTESIAN_POINT ( 'NONE',  ( 19.19999999999994955, 21.80000000000002913, 14.11324865405187090 ) ) ;
#1869 = PLANE ( 'NONE',  #51 ) ;
#1870 = DIRECTION ( 'NONE',  ( -0.000000000000000000, 1.000000000000000000, -0.000000000000000000 ) ) ;
#1871 = CARTESIAN_POINT ( 'NONE',  ( -1.300000000000048006, 29.80000000000002203, 18.44337567297407077 ) ) ;
#1872 = AXIS2_PLACEMENT_3D ( 'NONE', #12037, #4295, #1582 ) ;
#1873 = EDGE_CURVE ( 'NONE', #6078, #3050, #9779, .T. ) ;
#1874 = DIRECTION ( 'NONE',  ( -1.301042606982605321E-16, 1.000000000000000000, -0.000000000000000000 ) ) ;
#1875 = DIRECTION ( 'NONE',  ( -0.000000000000000000, -0.000000000000000000, -1.000000000000000000 ) ) ;
#1876 = CARTESIAN_POINT ( 'NONE',  ( 37.19999999999993179, -24.79999999999999005, 15.26794919243112503 ) ) ;
#1877 = AXIS2_PLACEMENT_3D ( 'NONE', #10107, #1509, #6320 ) ;
#1878 = CIRCLE ( 'NONE', #3282, 1.500000000000015099 ) ;
#1879 = LINE ( 'NONE', #5691, #11999 ) ;
#1880 = ORIENTED_EDGE ( 'NONE', *, *, #4863, .T. ) ;
#1881 = ORIENTED_EDGE ( 'NONE', *, *, #9662, .F. ) ;
#1882 = DIRECTION ( 'NONE',  ( 0.8660254037844381525, 9.654978140984304048E-17, -0.5000000000000007772 ) ) ;
#1883 = ORIENTED_EDGE ( 'NONE', *, *, #5066, .F. ) ;
#1884 = CARTESIAN_POINT ( 'NONE',  ( 34.69999999999995310, 21.79999999999998650, 18.44337567297407077 ) ) ;
#1885 = CARTESIAN_POINT ( 'NONE',  ( 61.00288568297004588, 20.80000000000000426, -3.093455417638547367 ) ) ;
#1886 = ORIENTED_EDGE ( 'NONE', *, *, #10024, .T. ) ;
#1887 = ORIENTED_EDGE ( 'NONE', *, *, #9237, .F. ) ;
#1888 = DIRECTION ( 'NONE',  ( 0.000000000000000000, 1.000000000000000000, 0.000000000000000000 ) ) ;
#1889 = ORIENTED_EDGE ( 'NONE', *, *, #11060, .T. ) ;
#1890 = CARTESIAN_POINT ( 'NONE',  ( 92.84999999999999432, -32.99999999999997868, 5.000000000000000000 ) ) ;
#1891 = DIRECTION ( 'NONE',  ( -0.7071067811865474617, 0.7071067811865474617, -0.000000000000000000 ) ) ;
#1892 = EDGE_CURVE ( 'NONE', #9244, #965, #11826, .T. ) ;
#1893 = EDGE_CURVE ( 'NONE', #9923, #6418, #4332, .T. ) ;
#1894 = PLANE ( 'NONE',  #11625 ) ;
#1895 = LINE ( 'NONE', #9356, #2464 ) ;
#1896 = PLANE ( 'NONE',  #4440 ) ;
#1897 = ORIENTED_EDGE ( 'NONE', *, *, #11810, .T. ) ;
#1898 = VERTEX_POINT ( 'NONE', #1876 ) ;
#1899 = DIRECTION ( 'NONE',  ( 0.7071067811865487940, 0.7071067811865463515, 0.000000000000000000 ) ) ;
#1900 = CARTESIAN_POINT ( 'NONE',  ( 77.80000000000005400, 20.50710678118654329, 24.29289321881353203 ) ) ;
#1901 = EDGE_CURVE ( 'NONE', #2688, #11760, #12196, .T. ) ;
#1902 = LINE ( 'NONE', #2074, #2902 ) ;
#1903 = EDGE_CURVE ( 'NONE', #3668, #10025, #2748, .T. ) ;
#1904 = VECTOR ( 'NONE', #1087, 1000.000000000000114 ) ;
#1905 = CARTESIAN_POINT ( 'NONE',  ( 51.19999999999995310, -21.79999999999996163, 10.99999999999997691 ) ) ;
#1906 = DIRECTION ( 'NONE',  ( 0.000000000000000000, 0.000000000000000000, -1.000000000000000000 ) ) ;
#1907 = CARTESIAN_POINT ( 'NONE',  ( 50.19999999999998153, 20.80000000000000426, 21.00000000000003197 ) ) ;
#1908 = CARTESIAN_POINT ( 'NONE',  ( -76.80000000000005400, 0.000000000000000000, 6.000000000000000000 ) ) ;
#1909 = AXIS2_PLACEMENT_3D ( 'NONE', #9954, #11946, #4263 ) ;
#1910 = ORIENTED_EDGE ( 'NONE', *, *, #9606, .F. ) ;
#1911 = LINE ( 'NONE', #1966, #4430 ) ;
#1912 = EDGE_CURVE ( 'NONE', #1268, #4260, #5916, .T. ) ;
#1913 = VECTOR ( 'NONE', #10143, 1000.000000000000114 ) ;
#1914 = ORIENTED_EDGE ( 'NONE', *, *, #4986, .T. ) ;
#1915 = ADVANCED_FACE ( 'NONE', ( #368 ), #10570, .T. ) ;
#1916 = LINE ( 'NONE', #2914, #5526 ) ;
#1917 = CYLINDRICAL_SURFACE ( 'NONE', #3785, 1.700000000000021050 ) ;
#1918 = ORIENTED_EDGE ( 'NONE', *, *, #1692, .T. ) ;
#1919 = DIRECTION ( 'NONE',  ( -1.000000000000000000, 0.000000000000000000, 0.000000000000000000 ) ) ;
#1920 = EDGE_CURVE ( 'NONE', #636, #9843, #8693, .T. ) ;
#1921 = ORIENTED_EDGE ( 'NONE', *, *, #4736, .T. ) ;
#1922 = ORIENTED_EDGE ( 'NONE', *, *, #1548, .F. ) ;
#1923 = AXIS2_PLACEMENT_3D ( 'NONE', #5962, #9818, #11988 ) ;
#1924 = DIRECTION ( 'NONE',  ( -1.301042606982605321E-16, 1.000000000000000000, -0.000000000000000000 ) ) ;
#1925 = CARTESIAN_POINT ( 'NONE',  ( -78.80000000000005400, 8.799999999999988276, 6.999999999999999112 ) ) ;
#1926 = LINE ( 'NONE', #7436, #6110 ) ;
#1927 = FACE_OUTER_BOUND ( 'NONE', #4365, .T. ) ;
#1928 = FACE_OUTER_BOUND ( 'NONE', #5717, .T. ) ;
#1929 = EDGE_CURVE ( 'NONE', #7338, #4556, #7743, .T. ) ;
#1930 = CARTESIAN_POINT ( 'NONE',  ( 19.19999999999994955, 29.79999999999999361, 19.88675134594813443 ) ) ;
#1931 = ORIENTED_EDGE ( 'NONE', *, *, #5686, .F. ) ;
#1932 = DIRECTION ( 'NONE',  ( -0.5000000000000004441, -6.505213034913032767E-17, 0.8660254037844383745 ) ) ;
#1933 = VECTOR ( 'NONE', #2057, 1000.000000000000000 ) ;
#1934 = ORIENTED_EDGE ( 'NONE', *, *, #9008, .F. ) ;
#1935 = DIRECTION ( 'NONE',  ( -6.308085367188384325E-16, -1.000000000000000000, 0.000000000000000000 ) ) ;
#1936 = DIRECTION ( 'NONE',  ( 0.000000000000000000, 0.000000000000000000, -1.000000000000000000 ) ) ;
#1937 = EDGE_LOOP ( 'NONE', ( #2366, #4647, #6413, #7481, #12176, #8897, #4146, #11064 ) ) ;
#1938 = DIRECTION ( 'NONE',  ( 0.8660254037844385966, 9.654978140984307746E-17, 0.5000000000000001110 ) ) ;
#1939 = EDGE_LOOP ( 'NONE', ( #7917, #8394, #9837, #9704 ) ) ;
#1940 = EDGE_CURVE ( 'NONE', #2910, #8886, #175, .T. ) ;
#1941 = DIRECTION ( 'NONE',  ( 0.000000000000000000, 0.000000000000000000, -1.000000000000000000 ) ) ;
#1942 = DIRECTION ( 'NONE',  ( -7.511572993685781598E-17, -9.442392763521815118E-33, 1.000000000000000000 ) ) ;
#1943 = ORIENTED_EDGE ( 'NONE', *, *, #9821, .T. ) ;
#1944 = VECTOR ( 'NONE', #6487, 1000.000000000000114 ) ;
#1945 = CARTESIAN_POINT ( 'NONE',  ( -93.34999999999999432, 30.34999999999997300, 5.000000000000000000 ) ) ;
#1946 = VECTOR ( 'NONE', #3600, 1000.000000000000000 ) ;
#1947 = LINE ( 'NONE', #5766, #4449 ) ;
#1948 = CARTESIAN_POINT ( 'NONE',  ( 77.80000000000005400, 8.800000000000007816, 6.999999999999999112 ) ) ;
#1949 = CARTESIAN_POINT ( 'NONE',  ( 93.34999999999999432, -29.85000000000004761, 1.000000000000000000 ) ) ;
#1950 = DIRECTION ( 'NONE',  ( -0.000000000000000000, 0.7071067811865482389, -0.7071067811865469066 ) ) ;
#1951 = VECTOR ( 'NONE', #7053, 1000.000000000000114 ) ;
#1952 = DIRECTION ( 'NONE',  ( -0.000000000000000000, 0.000000000000000000, 1.000000000000000000 ) ) ;
#1953 = EDGE_CURVE ( 'NONE', #6657, #8944, #10689, .T. ) ;
#1954 = LINE ( 'NONE', #11540, #4176 ) ;
#1955 = LINE ( 'NONE', #7906, #10217 ) ;
#1956 = CARTESIAN_POINT ( 'NONE',  ( -27.30000000000004334, 21.79999999999997939, 18.87638837486628418 ) ) ;
#1957 = CARTESIAN_POINT ( 'NONE',  ( 52.19999999999992468, -21.79999999999996163, 22.00000000000000711 ) ) ;
#1958 = CARTESIAN_POINT ( 'NONE',  ( -27.30000000000003624, -21.79999999999999361, 18.87638837486628418 ) ) ;
#1959 = DIRECTION ( 'NONE',  ( 1.000000000000000000, 1.114860845743448580E-16, 0.000000000000000000 ) ) ;
#1960 = CARTESIAN_POINT ( 'NONE',  ( -91.04999999999999716, -27.00000000000000355, 1.000000000000000000 ) ) ;
#1961 = LINE ( 'NONE', #4750, #8795 ) ;
#1962 = VECTOR ( 'NONE', #10116, 1000.000000000000000 ) ;
#1963 = LINE ( 'NONE', #5840, #3418 ) ;
#1964 = EDGE_LOOP ( 'NONE', ( #6871, #7154, #3061, #2413 ) ) ;
#1965 = EDGE_CURVE ( 'NONE', #4034, #6143, #9765, .T. ) ;
#1966 = CARTESIAN_POINT ( 'NONE',  ( 91.34999999999998010, 35.00000000000000711, 4.500000000000018652 ) ) ;
#1967 = ORIENTED_EDGE ( 'NONE', *, *, #7299, .F. ) ;
#1968 = CARTESIAN_POINT ( 'NONE',  ( 83.80000000000002558, 29.80000000000002913, 6.000000000000000000 ) ) ;
#1969 = CARTESIAN_POINT ( 'NONE',  ( 82.80000000000005400, -8.799999999999988276, 25.00000000000000000 ) ) ;
#1970 = PLANE ( 'NONE',  #9740 ) ;
#1971 = AXIS2_PLACEMENT_3D ( 'NONE', #1819, #11515, #891 ) ;
#1972 = ORIENTED_EDGE ( 'NONE', *, *, #2227, .T. ) ;
#1973 = VECTOR ( 'NONE', #9695, 1000.000000000000000 ) ;
#1974 = ORIENTED_EDGE ( 'NONE', *, *, #8367, .T. ) ;
#1975 = ORIENTED_EDGE ( 'NONE', *, *, #4277, .T. ) ;
#1976 = CARTESIAN_POINT ( 'NONE',  ( -1.300000000000041123, -21.79999999999997229, 18.44337567297407077 ) ) ;
#1977 = DIRECTION ( 'NONE',  ( 0.000000000000000000, -0.7071067811865573427, -0.7071067811865376918 ) ) ;
#1978 = ADVANCED_FACE ( 'NONE', ( #6279 ), #554, .F. ) ;
#1979 = EDGE_CURVE ( 'NONE', #6700, #7620, #5308, .T. ) ;
#1980 = VECTOR ( 'NONE', #11129, 1000.000000000000000 ) ;
#1981 = DIRECTION ( 'NONE',  ( 7.511572993685781598E-17, 8.374358620604178149E-33, -1.000000000000000000 ) ) ;
#1982 = CONICAL_SURFACE ( 'NONE', #8994, 2.000000000000001776, 0.7853981633974657095 ) ;
#1983 = ADVANCED_FACE ( 'NONE', ( #6098 ), #7096, .F. ) ;
#1984 = DIRECTION ( 'NONE',  ( 0.000000000000000000, 0.000000000000000000, 1.000000000000000000 ) ) ;
#1985 = FACE_OUTER_BOUND ( 'NONE', #4870, .T. ) ;
#1986 = ORIENTED_EDGE ( 'NONE', *, *, #1210, .F. ) ;
#1987 = VERTEX_POINT ( 'NONE', #439 ) ;
#1988 = LINE ( 'NONE', #3884, #12307 ) ;
#1989 = CARTESIAN_POINT ( 'NONE',  ( 1.199999999999962652, -57.98150098949683695, 19.88675134594813443 ) ) ;
#1990 = VECTOR ( 'NONE', #9646, 1000.000000000000000 ) ;
#1991 = AXIS2_PLACEMENT_3D ( 'NONE', #9308, #12172, #7418 ) ;
#1992 = ORIENTED_EDGE ( 'NONE', *, *, #2520, .F. ) ;
#1993 = EDGE_CURVE ( 'NONE', #1489, #9739, #8800, .T. ) ;
#1994 = PLANE ( 'NONE',  #4000 ) ;
#1995 = DIRECTION ( 'NONE',  ( -1.000000000000000000, 0.000000000000000000, 0.000000000000000000 ) ) ;
#1996 = ADVANCED_FACE ( 'NONE', ( #3308 ), #4377, .F. ) ;
#1997 = EDGE_LOOP ( 'NONE', ( #7265, #11266, #9219, #2935 ) ) ;
#1998 = VECTOR ( 'NONE', #3701, 999.9999999999998863 ) ;
#1999 = ADVANCED_FACE ( 'NONE', ( #10018 ), #10934, .F. ) ;
#2000 = CIRCLE ( 'NONE', #9013, 1.700000000000021050 ) ;
#2001 = ORIENTED_EDGE ( 'NONE', *, *, #11875, .F. ) ;
#2002 = DIRECTION ( 'NONE',  ( 0.000000000000000000, 0.000000000000000000, 1.000000000000000000 ) ) ;
#2003 = CARTESIAN_POINT ( 'NONE',  ( -25.93333333333335133, 31.06666666666678367, -44.86666666666660319 ) ) ;
#2004 = ORIENTED_EDGE ( 'NONE', *, *, #9887, .T. ) ;
#2005 = DIRECTION ( 'NONE',  ( -0.000000000000000000, -0.000000000000000000, -1.000000000000000000 ) ) ;
#2006 = DIRECTION ( 'NONE',  ( 0.7071067811865376918, 9.199760500100116639E-17, -0.7071067811865573427 ) ) ;
#2007 = VECTOR ( 'NONE', #9449, 1000.000000000000000 ) ;
#2008 = AXIS2_PLACEMENT_3D ( 'NONE', #11154, #6752, #1091 ) ;
#2009 = EDGE_CURVE ( 'NONE', #5155, #5411, #3432, .T. ) ;
#2010 = LINE ( 'NONE', #5029, #12370 ) ;
#2011 = DIRECTION ( 'NONE',  ( -1.000000000000000000, 0.000000000000000000, 0.000000000000000000 ) ) ;
#2012 = CARTESIAN_POINT ( 'NONE',  ( -91.34999999999998010, -34.49999999999997158, 0.000000000000000000 ) ) ;
#2013 = VECTOR ( 'NONE', #5331, 1000.000000000000000 ) ;
#2014 = VERTEX_POINT ( 'NONE', #8062 ) ;
#2015 = EDGE_LOOP ( 'NONE', ( #842, #10766, #8349, #9568 ) ) ;
#2016 = CARTESIAN_POINT ( 'NONE',  ( 76.80000000000008242, 20.80000000000000426, 6.999999999999999112 ) ) ;
#2017 = CARTESIAN_POINT ( 'NONE',  ( -84.30000000000003979, -32.79999999999998295, 6.000000000000000000 ) ) ;
#2018 = DIRECTION ( 'NONE',  ( 0.6546536707079845252, 0.6546536707079709805, -0.3779644730092251437 ) ) ;
#2019 = VECTOR ( 'NONE', #5247, 1000.000000000000114 ) ;
#2020 = CARTESIAN_POINT ( 'NONE',  ( 4.699999999999940670, 30.80000000000001847, 26.00000000000000355 ) ) ;
#2021 = ORIENTED_EDGE ( 'NONE', *, *, #2373, .T. ) ;
#2022 = VECTOR ( 'NONE', #8415, 1000.000000000000000 ) ;
#2023 = CARTESIAN_POINT ( 'NONE',  ( 4.712636752588433176, -22.78736324741148067, 19.02802177467231104 ) ) ;
#2024 = PLANE ( 'NONE',  #2458 ) ;
#2025 = CARTESIAN_POINT ( 'NONE',  ( 1.199999999999951994, 29.80000000000002203, 14.11324865405187090 ) ) ;
#2026 = VERTEX_POINT ( 'NONE', #3486 ) ;
#2027 = CARTESIAN_POINT ( 'NONE',  ( -61.30000000000000426, -23.80000000000002913, 21.24999999999999289 ) ) ;
#2028 = CARTESIAN_POINT ( 'NONE',  ( 89.34999999999998010, -27.00000000000000355, 0.5000000000000004441 ) ) ;
#2029 = ORIENTED_EDGE ( 'NONE', *, *, #2791, .F. ) ;
#2030 = ORIENTED_EDGE ( 'NONE', *, *, #3441, .T. ) ;
#2031 = ORIENTED_EDGE ( 'NONE', *, *, #4664, .F. ) ;
#2032 = DIRECTION ( 'NONE',  ( -1.301042606982605321E-16, 1.000000000000000000, -0.000000000000000000 ) ) ;
#2033 = ADVANCED_FACE ( 'NONE', ( #1536 ), #7159, .F. ) ;
#2034 = CARTESIAN_POINT ( 'NONE',  ( -93.34999999999999432, 33.00000000000000000, 4.500000000000018652 ) ) ;
#2035 = LINE ( 'NONE', #5851, #3796 ) ;
#2036 = CARTESIAN_POINT ( 'NONE',  ( 54.10961431703002944, -20.79999999999999005, 67.03295165380643539 ) ) ;
#2037 = DIRECTION ( 'NONE',  ( -0.7071067811865475727, -0.7071067811865475727, -0.000000000000000000 ) ) ;
#2038 = CARTESIAN_POINT ( 'NONE',  ( -60.30000000000004690, 29.79999999999998650, 20.25000000000005684 ) ) ;
#2039 = CARTESIAN_POINT ( 'NONE',  ( 3.699999999999962874, -21.79999999999996518, 18.44337567297406721 ) ) ;
#2040 = DIRECTION ( 'NONE',  ( -0.8660254037844387076, -1.088633767200839799E-16, -0.4999999999999998335 ) ) ;
#2041 = ORIENTED_EDGE ( 'NONE', *, *, #8679, .T. ) ;
#2042 = VECTOR ( 'NONE', #11364, 1000.000000000000000 ) ;
#2043 = EDGE_LOOP ( 'NONE', ( #6243, #11661, #3269, #4151 ) ) ;
#2044 = ORIENTED_EDGE ( 'NONE', *, *, #7440, .F. ) ;
#2045 = CARTESIAN_POINT ( 'NONE',  ( -43.80000000000001847, 21.79999999999995808, 20.75277674973256836 ) ) ;
#2046 = EDGE_CURVE ( 'NONE', #6711, #6768, #4444, .T. ) ;
#2047 = ORIENTED_EDGE ( 'NONE', *, *, #11967, .F. ) ;
#2048 = VECTOR ( 'NONE', #4559, 999.9999999999998863 ) ;
#2049 = CARTESIAN_POINT ( 'NONE',  ( -78.80000000000008242, -20.79999999999999361, 26.00000000000000355 ) ) ;
#2050 = VERTEX_POINT ( 'NONE', #1475 ) ;
#2051 = ADVANCED_FACE ( 'NONE', ( #7224 ), #11054, .T. ) ;
#2052 = VECTOR ( 'NONE', #4086, 1000.000000000000114 ) ;
#2053 = FACE_OUTER_BOUND ( 'NONE', #6656, .T. ) ;
#2054 = LINE ( 'NONE', #3771, #8769 ) ;
#2055 = ORIENTED_EDGE ( 'NONE', *, *, #11162, .T. ) ;
#2056 = ORIENTED_EDGE ( 'NONE', *, *, #2137, .T. ) ;
#2057 = DIRECTION ( 'NONE',  ( 1.000000000000000000, 0.000000000000000000, 0.000000000000000000 ) ) ;
#2058 = VERTEX_POINT ( 'NONE', #7280 ) ;
#2059 = EDGE_CURVE ( 'NONE', #9564, #9426, #11116, .T. ) ;
#2060 = VECTOR ( 'NONE', #4150, 1000.000000000000000 ) ;
#2061 = EDGE_CURVE ( 'NONE', #9600, #3732, #5430, .T. ) ;
#2062 = EDGE_CURVE ( 'NONE', #10279, #531, #8296, .T. ) ;
#2063 = CARTESIAN_POINT ( 'NONE',  ( 15.69999999999990870, 30.80000000000002203, 14.97927405783627819 ) ) ;
#2064 = CARTESIAN_POINT ( 'NONE',  ( -43.80000000000001847, 21.79999999999995808, 20.75277674973256836 ) ) ;
#2065 = LINE ( 'NONE', #3278, #8348 ) ;
#2066 = CARTESIAN_POINT ( 'NONE',  ( 77.80000000000005400, -24.79999999999998650, 26.00000000000000355 ) ) ;
#2067 = ORIENTED_EDGE ( 'NONE', *, *, #184, .F. ) ;
#2068 = DIRECTION ( 'NONE',  ( 0.000000000000000000, 0.000000000000000000, -1.000000000000000000 ) ) ;
#2069 = AXIS2_PLACEMENT_3D ( 'NONE', #8057, #301, #6157 ) ;
#2070 = CARTESIAN_POINT ( 'NONE',  ( 20.69999999999993889, -24.79999999999999361, 15.55662432702593811 ) ) ;
#2071 = CARTESIAN_POINT ( 'NONE',  ( -60.30000000000002558, -57.98150098949685116, 20.25000000000004619 ) ) ;
#2072 = CARTESIAN_POINT ( 'NONE',  ( 22.69999999999993534, -20.79999999999999361, 26.00000000000000355 ) ) ;
#2073 = EDGE_CURVE ( 'NONE', #9993, #398, #1353, .T. ) ;
#2074 = CARTESIAN_POINT ( 'NONE',  ( 56.50288568297001746, -20.79999999999999005, -10.88768405169852826 ) ) ;
#2075 = EDGE_CURVE ( 'NONE', #2605, #9470, #6407, .T. ) ;
#2076 = LINE ( 'NONE', #8793, #9482 ) ;
#2077 = ORIENTED_EDGE ( 'NONE', *, *, #11377, .F. ) ;
#2078 = PLANE ( 'NONE',  #3616 ) ;
#2079 = ORIENTED_EDGE ( 'NONE', *, *, #4909, .F. ) ;
#2080 = ORIENTED_EDGE ( 'NONE', *, *, #290, .F. ) ;
#2081 = LINE ( 'NONE', #3980, #9375 ) ;
#2082 = EDGE_CURVE ( 'NONE', #9902, #11690, #6531, .T. ) ;
#2083 = PLANE ( 'NONE',  #10032 ) ;
#2084 = PLANE ( 'NONE',  #10729 ) ;
#2085 = VERTEX_POINT ( 'NONE', #9309 ) ;
#2086 = ORIENTED_EDGE ( 'NONE', *, *, #8117, .F. ) ;
#2087 = ORIENTED_EDGE ( 'NONE', *, *, #2204, .F. ) ;
#2088 = CARTESIAN_POINT ( 'NONE',  ( 76.80000000000008242, 20.80000000000000426, 9.000000000000028422 ) ) ;
#2089 = DIRECTION ( 'NONE',  ( 0.7071067811865475727, 0.000000000000000000, -0.7071067811865475727 ) ) ;
#2090 = LINE ( 'NONE', #4058, #2244 ) ;
#2091 = LINE ( 'NONE', #5913, #1593 ) ;
#2092 = DIRECTION ( 'NONE',  ( 0.000000000000000000, 0.000000000000000000, -1.000000000000000000 ) ) ;
#2093 = AXIS2_PLACEMENT_3D ( 'NONE', #3484, #7414, #11234 ) ;
#2094 = LINE ( 'NONE', #11563, #5361 ) ;
#2095 = DIRECTION ( 'NONE',  ( 0.8660254037844383745, 9.654978140984304048E-17, -0.5000000000000004441 ) ) ;
#2096 = FACE_OUTER_BOUND ( 'NONE', #11059, .T. ) ;
#2097 = VECTOR ( 'NONE', #272, 1000.000000000000000 ) ;
#2098 = EDGE_CURVE ( 'NONE', #6711, #5053, #5618, .T. ) ;
#2099 = CARTESIAN_POINT ( 'NONE',  ( -75.80000000000006821, 30.80000000000000782, 21.24999999999999289 ) ) ;
#2100 = VERTEX_POINT ( 'NONE', #11301 ) ;
#2101 = EDGE_CURVE ( 'NONE', #3889, #11458, #8438, .T. ) ;
#2102 = LINE ( 'NONE', #7748, #4983 ) ;
#2103 = ORIENTED_EDGE ( 'NONE', *, *, #1498, .T. ) ;
#2104 = CARTESIAN_POINT ( 'NONE',  ( 82.80000000000005400, -29.80000000000000782, 6.999999999999999112 ) ) ;
#2105 = VECTOR ( 'NONE', #1752, 1000.000000000000000 ) ;
#2106 = EDGE_LOOP ( 'NONE', ( #1556, #4593, #5089, #11353 ) ) ;
#2107 = CARTESIAN_POINT ( 'NONE',  ( 68.79711431703002233, 20.80000000000000426, 41.59345541763853049 ) ) ;
#2108 = PLANE ( 'NONE',  #11647 ) ;
#2109 = VECTOR ( 'NONE', #11072, 1000.000000000000000 ) ;
#2110 = EDGE_LOOP ( 'NONE', ( #1169, #10120, #6607, #3390 ) ) ;
#2111 = PLANE ( 'NONE',  #6968 ) ;
#2112 = DIRECTION ( 'NONE',  ( -0.000000000000000000, -0.000000000000000000, -1.000000000000000000 ) ) ;
#2113 = VECTOR ( 'NONE', #9259, 1000.000000000000000 ) ;
#2114 = ORIENTED_EDGE ( 'NONE', *, *, #10919, .T. ) ;
#2115 = VECTOR ( 'NONE', #9511, 1000.000000000000000 ) ;
#2116 = EDGE_LOOP ( 'NONE', ( #5109, #10319, #11444, #6494 ) ) ;
#2117 = EDGE_CURVE ( 'NONE', #4159, #6830, #4567, .T. ) ;
#2118 = DIRECTION ( 'NONE',  ( 0.7071067811865574537, 8.888657488019681712E-17, 0.7071067811865376918 ) ) ;
#2119 = ORIENTED_EDGE ( 'NONE', *, *, #11982, .T. ) ;
#2120 = VERTEX_POINT ( 'NONE', #5486 ) ;
#2121 = FACE_OUTER_BOUND ( 'NONE', #10532, .T. ) ;
#2122 = VECTOR ( 'NONE', #5034, 1000.000000000000114 ) ;
#2123 = VERTEX_POINT ( 'NONE', #3800 ) ;
#2124 = LINE ( 'NONE', #6873, #2894 ) ;
#2125 = FACE_OUTER_BOUND ( 'NONE', #6477, .T. ) ;
#2126 = CARTESIAN_POINT ( 'NONE',  ( 0.000000000000000000, -7.800000000000008704, 6.000000000000000000 ) ) ;
#2127 = VECTOR ( 'NONE', #5945, 1000.000000000000000 ) ;
#2128 = ADVANCED_FACE ( 'NONE', ( #10436 ), #5549, .F. ) ;
#2129 = DIRECTION ( 'NONE',  ( 0.000000000000000000, 1.000000000000000000, 0.000000000000000000 ) ) ;
#2130 = CARTESIAN_POINT ( 'NONE',  ( -81.80000000000005400, 8.799999999999988276, 26.00000000000000355 ) ) ;
#2131 = EDGE_CURVE ( 'NONE', #1587, #3743, #5672, .T. ) ;
#2132 = ORIENTED_EDGE ( 'NONE', *, *, #5731, .T. ) ;
#2133 = CARTESIAN_POINT ( 'NONE',  ( 76.80000000000008242, 21.79999999999997939, 10.00000000000000000 ) ) ;
#2134 = VERTEX_POINT ( 'NONE', #12175 ) ;
#2135 = CARTESIAN_POINT ( 'NONE',  ( 37.20000000000002416, -17.42774694772269584, 6.755204623898388050 ) ) ;
#2136 = CARTESIAN_POINT ( 'NONE',  ( -80.16793141152587054, 7.432068588474168180, 14.56661574305018725 ) ) ;
#2137 = EDGE_CURVE ( 'NONE', #4943, #7679, #3617, .T. ) ;
#2138 = VECTOR ( 'NONE', #3263, 1000.000000000000000 ) ;
#2139 = CARTESIAN_POINT ( 'NONE',  ( 92.84999999999998010, -24.15000000000000568, 3.000000000000000000 ) ) ;
#2140 = PLANE ( 'NONE',  #6190 ) ;
#2141 = EDGE_LOOP ( 'NONE', ( #6009, #6064, #10894, #11570 ) ) ;
#2142 = VECTOR ( 'NONE', #9763, 1000.000000000000000 ) ;
#2143 = ORIENTED_EDGE ( 'NONE', *, *, #6957, .F. ) ;
#2144 = DIRECTION ( 'NONE',  ( -0.8660254037844385966, -1.088633767200839676E-16, -0.5000000000000001110 ) ) ;
#2145 = ORIENTED_EDGE ( 'NONE', *, *, #10679, .F. ) ;
#2146 = LINE ( 'NONE', #5043, #5196 ) ;
#2147 = ADVANCED_FACE ( 'NONE', ( #8493 ), #6586, .T. ) ;
#2148 = FACE_OUTER_BOUND ( 'NONE', #1427, .T. ) ;
#2149 = VERTEX_POINT ( 'NONE', #12362 ) ;
#2150 = ORIENTED_EDGE ( 'NONE', *, *, #9574, .F. ) ;
#2151 = PERSON_AND_ORGANIZATION_ROLE ( 'design_supplier' ) ;
#2152 = ADVANCED_FACE ( 'NONE', ( #3741 ), #741, .T. ) ;
#2153 = EDGE_CURVE ( 'NONE', #8762, #7726, #7542, .T. ) ;
#2154 = DIRECTION ( 'NONE',  ( -1.692317240274030911E-14, 0.6546536707079748663, -0.7559289460184565046 ) ) ;
#2155 = PLANE ( 'NONE',  #1923 ) ;
#2156 = ORIENTED_EDGE ( 'NONE', *, *, #3231, .F. ) ;
#2157 = ORIENTED_EDGE ( 'NONE', *, *, #1953, .T. ) ;
#2158 = AXIS2_PLACEMENT_3D ( 'NONE', #1305, #5012, #10833 ) ;
#2159 = ORIENTED_EDGE ( 'NONE', *, *, #6038, .F. ) ;
#2160 = FACE_OUTER_BOUND ( 'NONE', #6541, .T. ) ;
#2161 = LINE ( 'NONE', #6907, #4061 ) ;
#2162 = DIRECTION ( 'NONE',  ( 0.000000000000000000, 0.000000000000000000, -1.000000000000000000 ) ) ;
#2163 = DIRECTION ( 'NONE',  ( 0.7071067811865385799, 0.5000000000000069944, -0.5000000000000058842 ) ) ;
#2164 = EDGE_CURVE ( 'NONE', #7731, #7877, #7419, .T. ) ;
#2165 = PLANE ( 'NONE',  #5759 ) ;
#2166 = LINE ( 'NONE', #6099, #7394 ) ;
#2167 = VECTOR ( 'NONE', #12212, 1000.000000000000000 ) ;
#2168 = CIRCLE ( 'NONE', #6753, 1.700000000000007061 ) ;
#2169 =( NAMED_UNIT ( * ) SI_UNIT ( $, .STERADIAN. ) SOLID_ANGLE_UNIT ( ) );
#2170 = ORIENTED_EDGE ( 'NONE', *, *, #6140, .F. ) ;
#2171 = ORIENTED_EDGE ( 'NONE', *, *, #8805, .F. ) ;
#2172 = VERTEX_POINT ( 'NONE', #8560 ) ;
#2173 = LINE ( 'NONE', #11691, #323 ) ;
#2174 = CARTESIAN_POINT ( 'NONE',  ( 41.37788568297011693, -20.79999999999999005, -37.08495251617775068 ) ) ;
#2175 = VERTEX_POINT ( 'NONE', #6469 ) ;
#2176 = VECTOR ( 'NONE', #895, 1000.000000000000114 ) ;
#2177 = EDGE_CURVE ( 'NONE', #8118, #1489, #7608, .T. ) ;
#2178 = EDGE_CURVE ( 'NONE', #636, #195, #10496, .T. ) ;
#2179 = FACE_OUTER_BOUND ( 'NONE', #6087, .T. ) ;
#2180 = ORIENTED_EDGE ( 'NONE', *, *, #9453, .T. ) ;
#2181 = ORIENTED_EDGE ( 'NONE', *, *, #2075, .F. ) ;
#2182 = ORIENTED_EDGE ( 'NONE', *, *, #5146, .F. ) ;
#2183 = SECURITY_CLASSIFICATION ( '', '', #11793 ) ;
#2184 = ORIENTED_EDGE ( 'NONE', *, *, #3065, .T. ) ;
#2185 = VECTOR ( 'NONE', #7345, 999.9999999999998863 ) ;
#2186 = CIRCLE ( 'NONE', #3968, 2.000000000000001776 ) ;
#2187 = DIRECTION ( 'NONE',  ( 0.000000000000000000, 0.000000000000000000, 1.000000000000000000 ) ) ;
#2188 = FACE_OUTER_BOUND ( 'NONE', #10712, .T. ) ;
#2189 = EDGE_LOOP ( 'NONE', ( #4536, #10847, #6305, #9041 ) ) ;
#2190 = CARTESIAN_POINT ( 'NONE',  ( -40.55000000000001137, -57.98150098949685116, 15.12361162513371404 ) ) ;
#2191 = EDGE_CURVE ( 'NONE', #9843, #798, #229, .T. ) ;
#2192 = LINE ( 'NONE', #3897, #11376 ) ;
#2193 = VECTOR ( 'NONE', #6847, 1000.000000000000000 ) ;
#2194 = FACE_OUTER_BOUND ( 'NONE', #7699, .T. ) ;
#2195 = ORIENTED_EDGE ( 'NONE', *, *, #11259, .F. ) ;
#2196 = FACE_OUTER_BOUND ( 'NONE', #3478, .T. ) ;
#2197 = ORIENTED_EDGE ( 'NONE', *, *, #7581, .F. ) ;
#2198 = CARTESIAN_POINT ( 'NONE',  ( 78.80000000000003979, 30.80000000000002913, 21.00000000000003197 ) ) ;
#2199 = CARTESIAN_POINT ( 'NONE',  ( 16.69999999999995666, -21.79999999999996518, 15.55662432702593634 ) ) ;
#2200 = CARTESIAN_POINT ( 'NONE',  ( -23.75164896169721729, -27.34835103830279834, 17.17225305227708532 ) ) ;
#2201 = ORIENTED_EDGE ( 'NONE', *, *, #10339, .F. ) ;
#2202 = AXIS2_PLACEMENT_3D ( 'NONE', #2072, #6623, #7509 ) ;
#2203 = VECTOR ( 'NONE', #4360, 1000.000000000000114 ) ;
#2204 = EDGE_CURVE ( 'NONE', #8146, #2457, #2000, .T. ) ;
#2205 = EDGE_CURVE ( 'NONE', #6011, #4724, #5103, .T. ) ;
#2206 = LINE ( 'NONE', #11854, #5437 ) ;
#2207 = ORIENTED_EDGE ( 'NONE', *, *, #1893, .F. ) ;
#2208 = EDGE_CURVE ( 'NONE', #531, #8226, #1228, .T. ) ;
#2209 = LINE ( 'NONE', #6017, #8131 ) ;
#2210 = CARTESIAN_POINT ( 'NONE',  ( 37.19999999999995310, 21.79999999999998650, 14.11324865405187090 ) ) ;
#2211 = VECTOR ( 'NONE', #7322, 1000.000000000000000 ) ;
#2212 = CARTESIAN_POINT ( 'NONE',  ( -82.80000000000002558, -29.80000000000002913, 25.00000000000000000 ) ) ;
#2213 = EDGE_LOOP ( 'NONE', ( #6604, #500, #4511, #11583 ) ) ;
#2214 = ORIENTED_EDGE ( 'NONE', *, *, #12317, .F. ) ;
#2215 = ORIENTED_EDGE ( 'NONE', *, *, #11261, .F. ) ;
#2216 = DIRECTION ( 'NONE',  ( -0.4999999999999994449, -6.505213034913021674E-17, -0.8660254037844390407 ) ) ;
#2217 = DIRECTION ( 'NONE',  ( 0.5000000000000004441, 6.505213034913032767E-17, -0.8660254037844384856 ) ) ;
#2218 = CARTESIAN_POINT ( 'NONE',  ( 37.19999999999995310, -21.80000000000002203, 14.11324865405187090 ) ) ;
#2219 = VERTEX_POINT ( 'NONE', #6019 ) ;
#2220 = ADVANCED_FACE ( 'NONE', ( #7855 ), #3093, .F. ) ;
#2221 = ADVANCED_FACE ( 'NONE', ( #91 ), #1166, .T. ) ;
#2222 = ORIENTED_EDGE ( 'NONE', *, *, #8273, .F. ) ;
#2223 = AXIS2_PLACEMENT_3D ( 'NONE', #10752, #5122, #2040 ) ;
#2224 = ORIENTED_EDGE ( 'NONE', *, *, #12312, .F. ) ;
#2225 = DIRECTION ( 'NONE',  ( -1.000000000000000000, 0.000000000000000000, 0.000000000000000000 ) ) ;
#2226 = CARTESIAN_POINT ( 'NONE',  ( -89.34999999999998010, -27.00000000000000355, 4.499999999999968914 ) ) ;
#2227 = EDGE_CURVE ( 'NONE', #11455, #1478, #2908, .T. ) ;
#2228 = DIRECTION ( 'NONE',  ( -1.000000000000000000, -1.257045997084642365E-16, 0.000000000000000000 ) ) ;
#2229 = CARTESIAN_POINT ( 'NONE',  ( 50.19999999999998153, 20.80000000000000426, 21.00000000000003197 ) ) ;
#2230 = PLANE ( 'NONE',  #6969 ) ;
#2231 = EDGE_CURVE ( 'NONE', #10037, #11631, #291, .T. ) ;
#2232 = FACE_OUTER_BOUND ( 'NONE', #3032, .T. ) ;
#2233 = CARTESIAN_POINT ( 'NONE',  ( 76.80000000000008242, 20.79999999999999361, 26.00000000000000355 ) ) ;
#2234 = ORIENTED_EDGE ( 'NONE', *, *, #12250, .T. ) ;
#2235 = DIRECTION ( 'NONE',  ( 0.5000000000000004441, 6.505213034913031534E-17, 0.8660254037844384856 ) ) ;
#2236 = ORIENTED_EDGE ( 'NONE', *, *, #1716, .F. ) ;
#2237 = ADVANCED_FACE ( 'NONE', ( #10552 ), #8797, .F. ) ;
#2238 = FACE_OUTER_BOUND ( 'NONE', #4224, .T. ) ;
#2239 = LINE ( 'NONE', #9895, #5120 ) ;
#2240 = VERTEX_POINT ( 'NONE', #11546 ) ;
#2241 = ADVANCED_FACE ( 'NONE', ( #6829 ), #11606, .F. ) ;
#2242 = FACE_OUTER_BOUND ( 'NONE', #10926, .T. ) ;
#2243 = PLANE ( 'NONE',  #2326 ) ;
#2244 = VECTOR ( 'NONE', #2925, 1000.000000000000114 ) ;
#2245 = LINE ( 'NONE', #9715, #8576 ) ;
#2246 = ORIENTED_EDGE ( 'NONE', *, *, #3075, .F. ) ;
#2247 = EDGE_LOOP ( 'NONE', ( #6186, #7875, #10593, #1297, #5555, #1975 ) ) ;
#2248 = LINE ( 'NONE', #6052, #4137 ) ;
#2249 = AXIS2_PLACEMENT_3D ( 'NONE', #4041, #6824, #4103 ) ;
#2250 = ORIENTED_EDGE ( 'NONE', *, *, #11773, .T. ) ;
#2251 = ORIENTED_EDGE ( 'NONE', *, *, #9519, .F. ) ;
#2252 = ADVANCED_FACE ( 'NONE', ( #2148 ), #2078, .T. ) ;
#2253 = CARTESIAN_POINT ( 'NONE',  ( 40.69999999999993889, 20.80000000000000426, 26.00000000000000355 ) ) ;
#2254 = VERTEX_POINT ( 'NONE', #6767 ) ;
#2255 = CARTESIAN_POINT ( 'NONE',  ( -26.30000000000003268, -24.79999999999999716, 26.00000000000000355 ) ) ;
#2256 = VECTOR ( 'NONE', #10912, 1000.000000000000114 ) ;
#2257 = CARTESIAN_POINT ( 'NONE',  ( -28.30000000000008242, 30.80000000000001492, 14.54626135594406655 ) ) ;
#2258 = DIRECTION ( 'NONE',  ( -1.301042606982605321E-16, 1.000000000000000000, -0.000000000000000000 ) ) ;
#2259 = ORIENTED_EDGE ( 'NONE', *, *, #3466, .F. ) ;
#2260 = DIRECTION ( 'NONE',  ( 4.491067419747323904E-18, -0.7071067811865484609, -0.7071067811865465735 ) ) ;
#2261 = DIRECTION ( 'NONE',  ( 0.8660254037844387076, 9.654978140984308979E-17, -0.4999999999999999445 ) ) ;
#2262 = PLANE ( 'NONE',  #8586 ) ;
#2263 = ORIENTED_EDGE ( 'NONE', *, *, #3466, .T. ) ;
#2264 = EDGE_CURVE ( 'NONE', #5980, #7694, #6958, .T. ) ;
#2265 = DIRECTION ( 'NONE',  ( -0.000000000000000000, -0.000000000000000000, -1.000000000000000000 ) ) ;
#2266 = EDGE_CURVE ( 'NONE', #2297, #2058, #1963, .T. ) ;
#2267 = VERTEX_POINT ( 'NONE', #3864 ) ;
#2268 = CARTESIAN_POINT ( 'NONE',  ( -24.05000000000003268, -21.80000000000000782, 20.75277674973256836 ) ) ;
#2269 = ORIENTED_EDGE ( 'NONE', *, *, #12279, .T. ) ;
#2270 = FACE_OUTER_BOUND ( 'NONE', #8445, .T. ) ;
#2271 = CARTESIAN_POINT ( 'NONE',  ( 19.19999999999994955, 21.80000000000003979, 19.88675134594813443 ) ) ;
#2272 = ORIENTED_EDGE ( 'NONE', *, *, #8430, .F. ) ;
#2273 = LINE ( 'NONE', #4239, #1613 ) ;
#2274 = DIRECTION ( 'NONE',  ( -0.8660254037844383745, -9.654978140984305281E-17, 0.5000000000000004441 ) ) ;
#2275 = VECTOR ( 'NONE', #6159, 1000.000000000000000 ) ;
#2276 = ORIENTED_EDGE ( 'NONE', *, *, #304, .F. ) ;
#2277 = EDGE_CURVE ( 'NONE', #11861, #2100, #9681, .T. ) ;
#2278 = DIRECTION ( 'NONE',  ( -0.7071067811865474617, -7.883256641045617917E-17, 0.7071067811865474617 ) ) ;
#2279 = LINE ( 'NONE', #6085, #9794 ) ;
#2280 = ORIENTED_EDGE ( 'NONE', *, *, #6769, .F. ) ;
#2281 = ORIENTED_EDGE ( 'NONE', *, *, #10170, .T. ) ;
#2282 = VERTEX_POINT ( 'NONE', #4919 ) ;
#2283 = PLANE ( 'NONE',  #4730 ) ;
#2284 = CARTESIAN_POINT ( 'NONE',  ( -24.05000000000003979, 29.80000000000000071, 13.24722325026742809 ) ) ;
#2285 = PLANE ( 'NONE',  #8251 ) ;
#2286 = PLANE ( 'NONE',  #4126 ) ;
#2287 = CARTESIAN_POINT ( 'NONE',  ( -82.80000000000003979, 29.80000000000000782, 26.00000000000000355 ) ) ;
#2289 = CARTESIAN_POINT ( 'NONE',  ( 52.19999999999991758, 30.80000000000002558, 22.99999999999998224 ) ) ;
#2288 = VECTOR ( 'NONE', #4566, 999.9999999999998863 ) ;
#2290 = DIRECTION ( 'NONE',  ( 0.8660254037844397068, 0.000000000000000000, 0.4999999999999980571 ) ) ;
#2291 = ADVANCED_FACE ( 'NONE', ( #1102 ), #5897, .F. ) ;
#2292 = EDGE_CURVE ( 'NONE', #2910, #8920, #9931, .T. ) ;
#2293 = CARTESIAN_POINT ( 'NONE',  ( -91.54999999999999716, 27.00000000000000355, 0.000000000000000000 ) ) ;
#2294 = ORIENTED_EDGE ( 'NONE', *, *, #4471, .T. ) ;
#2295 = EDGE_CURVE ( 'NONE', #12018, #4237, #10857, .T. ) ;
#2296 = DIRECTION ( 'NONE',  ( 0.6546536707079743111, 0.6546536707079765316, -0.3779644730092329707 ) ) ;
#2297 = VERTEX_POINT ( 'NONE', #11983 ) ;
#2298 = DIRECTION ( 'NONE',  ( -1.301042606982605321E-16, 1.000000000000000000, -0.000000000000000000 ) ) ;
#2299 = CYLINDRICAL_SURFACE ( 'NONE', #1706, 1.700000000000007061 ) ;
#2300 = VERTEX_POINT ( 'NONE', #5232 ) ;
#2301 = AXIS2_PLACEMENT_3D ( 'NONE', #1957, #1040, #9741 ) ;
#2302 = VECTOR ( 'NONE', #7341, 1000.000000000000000 ) ;
#2303 = CARTESIAN_POINT ( 'NONE',  ( 81.80000000000005400, 7.800000000000008704, 6.000000000000000000 ) ) ;
#2304 = VECTOR ( 'NONE', #3178, 1000.000000000000000 ) ;
#2305 = ORIENTED_EDGE ( 'NONE', *, *, #10172, .F. ) ;
#2306 = ORIENTED_EDGE ( 'NONE', *, *, #1094, .F. ) ;
#2307 = CIRCLE ( 'NONE', #7293, 1.700000000000021050 ) ;
#2308 = EDGE_CURVE ( 'NONE', #6216, #114, #9164, .T. ) ;
#2309 = ORIENTED_EDGE ( 'NONE', *, *, #10534, .T. ) ;
#2310 = ORIENTED_EDGE ( 'NONE', *, *, #1456, .F. ) ;
#2311 = AXIS2_PLACEMENT_3D ( 'NONE', #4714, #11568, #3053 ) ;
#2312 = DIRECTION ( 'NONE',  ( -1.301042606982605321E-16, 1.000000000000000000, -0.000000000000000000 ) ) ;
#2313 = LINE ( 'NONE', #7062, #1043 ) ;
#2314 = ORIENTED_EDGE ( 'NONE', *, *, #7497, .T. ) ;
#2315 = CARTESIAN_POINT ( 'NONE',  ( 40.69999999999998863, 30.80000000000002203, 14.97927405783628174 ) ) ;
#2316 = AXIS2_PLACEMENT_3D ( 'NONE', #815, #4698, #6537 ) ;
#2317 = PLANE ( 'NONE',  #972 ) ;
#2318 = LINE ( 'NONE', #3276, #10610 ) ;
#2319 = CARTESIAN_POINT ( 'NONE',  ( 21.69999999999996376, -21.79999999999996518, 15.55662432702593811 ) ) ;
#2320 = EDGE_CURVE ( 'NONE', #4556, #3351, #11918, .T. ) ;
#2321 = ORIENTED_EDGE ( 'NONE', *, *, #3006, .F. ) ;
#2322 = CARTESIAN_POINT ( 'NONE',  ( 40.71263675258853709, -22.78736324741141317, 19.02802177467240696 ) ) ;
#2323 = DIRECTION ( 'NONE',  ( -0.8660254037844383745, -9.654978140984305281E-17, -0.5000000000000004441 ) ) ;
#2324 = ORIENTED_EDGE ( 'NONE', *, *, #4474, .F. ) ;
#2325 = ORIENTED_EDGE ( 'NONE', *, *, #1514, .F. ) ;
#2326 = AXIS2_PLACEMENT_3D ( 'NONE', #8073, #1553, #8130 ) ;
#2327 = DIRECTION ( 'NONE',  ( 0.000000000000000000, 0.000000000000000000, 1.000000000000000000 ) ) ;
#2328 = FACE_OUTER_BOUND ( 'NONE', #1759, .T. ) ;
#2329 = CARTESIAN_POINT ( 'NONE',  ( 82.80000000000005400, 8.800000000000009592, 6.999999999999999112 ) ) ;
#2330 = FACE_OUTER_BOUND ( 'NONE', #9111, .T. ) ;
#2331 = PLANE ( 'NONE',  #3721 ) ;
#2332 = ADVANCED_FACE ( 'NONE', ( #4172 ), #7024, .F. ) ;
#2333 = AXIS2_PLACEMENT_3D ( 'NONE', #6688, #3005, #10529 ) ;
#2334 = DIRECTION ( 'NONE',  ( 0.8660254037844383745, 9.654978140984305281E-17, -0.5000000000000003331 ) ) ;
#2335 = ORIENTED_EDGE ( 'NONE', *, *, #9548, .T. ) ;
#2336 = ORIENTED_EDGE ( 'NONE', *, *, #11498, .T. ) ;
#2337 = CARTESIAN_POINT ( 'NONE',  ( -91.04999999999999716, -27.00000000000000355, 0.5000000000000013323 ) ) ;
#2338 = ORIENTED_EDGE ( 'NONE', *, *, #2519, .T. ) ;
#2339 = CARTESIAN_POINT ( 'NONE',  ( -89.34999999999998010, 27.00000000000000355, 0.000000000000000000 ) ) ;
#2340 = ORIENTED_EDGE ( 'NONE', *, *, #12174, .F. ) ;
#2341 = EDGE_LOOP ( 'NONE', ( #4012, #1492, #1568, #1447, #2473, #3340 ) ) ;
#2342 = ORIENTED_EDGE ( 'NONE', *, *, #3809, .F. ) ;
#2343 = CARTESIAN_POINT ( 'NONE',  ( -60.30000000000003268, 20.80000000000000071, 13.75000000000001776 ) ) ;
#2344 = LINE ( 'NONE', #6154, #4568 ) ;
#2345 = CARTESIAN_POINT ( 'NONE',  ( 1.199999999999955769, 20.80000000000000071, 21.04145188432738323 ) ) ;
#2346 = DIRECTION ( 'NONE',  ( 0.7071067811865455743, -4.460489939442526632E-16, -0.7071067811865495711 ) ) ;
#2347 = LINE ( 'NONE', #6158, #7995 ) ;
#2348 = CARTESIAN_POINT ( 'NONE',  ( 91.34999999999998010, -34.49999999999997158, 5.000000000000000000 ) ) ;
#2349 = DIRECTION ( 'NONE',  ( 1.301042606982605321E-16, -1.000000000000000000, 0.000000000000000000 ) ) ;
#2350 = EDGE_CURVE ( 'NONE', #8022, #9585, #6208, .T. ) ;
#2351 = DIRECTION ( 'NONE',  ( 0.000000000000000000, -0.000000000000000000, 1.000000000000000000 ) ) ;
#2352 = CARTESIAN_POINT ( 'NONE',  ( 93.35000000000000853, 23.64999999999997726, 3.000000000000000000 ) ) ;
#2353 = VECTOR ( 'NONE', #5801, 1000.000000000000000 ) ;
#2354 = CARTESIAN_POINT ( 'NONE',  ( -39.55000000000000426, 30.80000000000001492, 26.00000000000000355 ) ) ;
#2355 = DIRECTION ( 'NONE',  ( 1.710607418500573299E-16, -0.7071067811865489050, 0.7071067811865462405 ) ) ;
#2356 = ORIENTED_EDGE ( 'NONE', *, *, #504, .F. ) ;
#2357 = VERTEX_POINT ( 'NONE', #11860 ) ;
#2358 = CARTESIAN_POINT ( 'NONE',  ( 77.80000000000005400, -19.29999999999997229, 24.49999999999999645 ) ) ;
#2359 = EDGE_CURVE ( 'NONE', #2860, #10923, #3348, .T. ) ;
#2360 = VERTEX_POINT ( 'NONE', #3293 ) ;
#2361 = EDGE_CURVE ( 'NONE', #5201, #11437, #7986, .T. ) ;
#2362 = EDGE_CURVE ( 'NONE', #11163, #1451, #6142, .T. ) ;
#2363 = VECTOR ( 'NONE', #10907, 1000.000000000000000 ) ;
#2364 = DIRECTION ( 'NONE',  ( 0.000000000000000000, -1.000000000000000000, 0.000000000000000000 ) ) ;
#2365 = ORIENTED_EDGE ( 'NONE', *, *, #5731, .F. ) ;
#2366 = ORIENTED_EDGE ( 'NONE', *, *, #1866, .T. ) ;
#2367 = LINE ( 'NONE', #5267, #336 ) ;
#2368 = ORIENTED_EDGE ( 'NONE', *, *, #30, .F. ) ;
#2369 = CARTESIAN_POINT ( 'NONE',  ( -77.80000000000005400, 9.799999999999990052, 6.999999999999999112 ) ) ;
#2370 = DIRECTION ( 'NONE',  ( 0.7071067811865489050, 0.000000000000000000, -0.7071067811865462405 ) ) ;
#2371 = AXIS2_PLACEMENT_3D ( 'NONE', #4740, #9550, #3022 ) ;
#2372 = VECTOR ( 'NONE', #1617, 1000.000000000000114 ) ;
#2373 = EDGE_CURVE ( 'NONE', #4810, #9302, #9992, .T. ) ;
#2374 = ORIENTED_EDGE ( 'NONE', *, *, #7658, .T. ) ;
#2375 = EDGE_CURVE ( 'NONE', #11240, #2694, #8922, .T. ) ;
#2376 = DIRECTION ( 'NONE',  ( -0.3535533905932703447, -0.7071067811865550112, -0.6123724356957879200 ) ) ;
#2377 = EDGE_CURVE ( 'NONE', #2548, #63, #4296, .T. ) ;
#2378 = EDGE_CURVE ( 'NONE', #11437, #12138, #7145, .T. ) ;
#2379 = LINE ( 'NONE', #10044, #5657 ) ;
#2380 = FACE_OUTER_BOUND ( 'NONE', #4496, .T. ) ;
#2381 = CARTESIAN_POINT ( 'NONE',  ( -41.47857142857145618, 28.87142857142853813, 15.65972258938123574 ) ) ;
#2382 = VERTEX_POINT ( 'NONE', #4425 ) ;
#2383 = AXIS2_PLACEMENT_3D ( 'NONE', #10728, #7302, #12074 ) ;
#2384 = CARTESIAN_POINT ( 'NONE',  ( -91.04999999999999716, -27.00000000000000355, 3.000000000000000000 ) ) ;
#2385 = AXIS2_PLACEMENT_3D ( 'NONE', #317, #3128, #4075 ) ;
#2386 = VECTOR ( 'NONE', #7739, 1000.000000000000000 ) ;
#2387 = VERTEX_POINT ( 'NONE', #1457 ) ;
#2388 = DIRECTION ( 'NONE',  ( -0.000000000000000000, -0.000000000000000000, -1.000000000000000000 ) ) ;
#2389 = VECTOR ( 'NONE', #11126, 1000.000000000000000 ) ;
#2390 = LINE ( 'NONE', #7561, #11423 ) ;
#2391 = VERTEX_POINT ( 'NONE', #5290 ) ;
#2392 = PLANE ( 'NONE',  #11765 ) ;
#2393 = VERTEX_POINT ( 'NONE', #9099 ) ;
#2394 = DIRECTION ( 'NONE',  ( 0.7071067811865566766, 0.000000000000000000, 0.7071067811865383579 ) ) ;
#2395 = EDGE_CURVE ( 'NONE', #11518, #3460, #535, .T. ) ;
#2396 = CIRCLE ( 'NONE', #199, 1.700000000000021050 ) ;
#2397 = DIRECTION ( 'NONE',  ( -0.5000000000000004441, -6.505213034913032767E-17, -0.8660254037844383745 ) ) ;
#2398 = VECTOR ( 'NONE', #9900, 1000.000000000000000 ) ;
#2399 = CARTESIAN_POINT ( 'NONE',  ( 93.35000000000000853, 33.00000000000000000, 0.4999999999999831246 ) ) ;
#2400 = DIRECTION ( 'NONE',  ( -0.000000000000000000, -0.000000000000000000, -1.000000000000000000 ) ) ;
#2401 = CONICAL_SURFACE ( 'NONE', #6198, 1.500000000000001332, 0.7853981633974675969 ) ;
#2402 = DIRECTION ( 'NONE',  ( 0.000000000000000000, -0.7071067811865531239, 0.7071067811865420216 ) ) ;
#2403 = ORIENTED_EDGE ( 'NONE', *, *, #1524, .F. ) ;
#2404 = FACE_BOUND ( 'NONE', #9823, .T. ) ;
#2405 = ORIENTED_EDGE ( 'NONE', *, *, #9063, .T. ) ;
#2406 = CARTESIAN_POINT ( 'NONE',  ( -24.05000000000003979, 21.79999999999999361, 13.24722325026742809 ) ) ;
#2407 = AXIS2_PLACEMENT_3D ( 'NONE', #6709, #1858, #869 ) ;
#2408 = DIRECTION ( 'NONE',  ( 0.8660254037844383745, 9.654978140984306513E-17, -0.5000000000000004441 ) ) ;
#2409 = ORIENTED_EDGE ( 'NONE', *, *, #6827, .F. ) ;
#2410 = DIRECTION ( 'NONE',  ( -0.8660254037844383745, 0.000000000000000000, -0.5000000000000003331 ) ) ;
#2411 = DIRECTION ( 'NONE',  ( 1.301042606982605321E-16, -1.000000000000000000, 0.000000000000000000 ) ) ;
#2412 = ORIENTED_EDGE ( 'NONE', *, *, #6213, .F. ) ;
#2413 = ORIENTED_EDGE ( 'NONE', *, *, #9825, .T. ) ;
#2414 = EDGE_CURVE ( 'NONE', #4973, #3889, #8158, .T. ) ;
#2415 = ORIENTED_EDGE ( 'NONE', *, *, #8052, .T. ) ;
#2416 = ORIENTED_EDGE ( 'NONE', *, *, #10024, .F. ) ;
#2417 = DIRECTION ( 'NONE',  ( -0.3535533905932738419, -0.7071067811865479058, -0.6123724356957940262 ) ) ;
#2418 = CARTESIAN_POINT ( 'NONE',  ( 93.34999999999999432, -32.99999999999997868, 0.4999999999999831246 ) ) ;
#2419 = LINE ( 'NONE', #6222, #2019 ) ;
#2420 = DIRECTION ( 'NONE',  ( -1.000000000000000000, -1.301042606982605321E-16, 0.000000000000000000 ) ) ;
#2421 = VECTOR ( 'NONE', #2579, 1000.000000000000000 ) ;
#2422 = CARTESIAN_POINT ( 'NONE',  ( 27.64368162370569237, -32.74368162370569735, 21.87496185839800233 ) ) ;
#2423 = CARTESIAN_POINT ( 'NONE',  ( 21.69999999999996732, -57.98150098949683695, 15.55662432702593811 ) ) ;
#2424 = LINE ( 'NONE', #555, #6778 ) ;
#2425 = VECTOR ( 'NONE', #4215, 1000.000000000000000 ) ;
#2426 = ORIENTED_EDGE ( 'NONE', *, *, #9114, .F. ) ;
#2427 = LINE ( 'NONE', #11814, #7918 ) ;
#2428 = VECTOR ( 'NONE', #3208, 1000.000000000000000 ) ;
#2429 = EDGE_LOOP ( 'NONE', ( #7828, #10981, #9051, #11671 ) ) ;
#2430 = EDGE_CURVE ( 'NONE', #10080, #5819, #8224, .T. ) ;
#2431 = FACE_OUTER_BOUND ( 'NONE', #3405, .T. ) ;
#2432 = EDGE_CURVE ( 'NONE', #8806, #6856, #6327, .T. ) ;
#2433 = EDGE_LOOP ( 'NONE', ( #7217, #7254, #1656, #11042 ) ) ;
#2434 = DIRECTION ( 'NONE',  ( -1.000000000000000000, 0.000000000000000000, 0.000000000000000000 ) ) ;
#2435 = ORIENTED_EDGE ( 'NONE', *, *, #495, .T. ) ;
#2436 = CARTESIAN_POINT ( 'NONE',  ( -46.55000000000006111, -24.80000000000000071, 15.98963702891812666 ) ) ;
#2437 = VECTOR ( 'NONE', #8600, 1000.000000000000000 ) ;
#2438 = LINE ( 'NONE', #6177, #6729 ) ;
#2439 = PLANE ( 'NONE',  #7559 ) ;
#2440 = LINE ( 'NONE', #7242, #7782 ) ;
#2441 = ORIENTED_EDGE ( 'NONE', *, *, #6230, .T. ) ;
#2442 = CARTESIAN_POINT ( 'NONE',  ( 21.69999999999996732, -57.98150098949683695, 15.55662432702593811 ) ) ;
#2443 = DIRECTION ( 'NONE',  ( -1.000000000000000000, 0.000000000000000000, 0.000000000000000000 ) ) ;
#2444 = VERTEX_POINT ( 'NONE', #4734 ) ;
#2445 = EDGE_CURVE ( 'NONE', #4008, #5992, #5598, .T. ) ;
#2446 = FACE_OUTER_BOUND ( 'NONE', #9906, .T. ) ;
#2447 = CARTESIAN_POINT ( 'NONE',  ( -75.80000000000001137, 29.79999999999997939, 12.74999999999999112 ) ) ;
#2448 = ORIENTED_EDGE ( 'NONE', *, *, #3252, .F. ) ;
#2449 = CARTESIAN_POINT ( 'NONE',  ( 78.80000000000005400, 7.800000000000006928, 6.000000000000000000 ) ) ;
#2450 = CARTESIAN_POINT ( 'NONE',  ( -93.34999999999999432, -32.99999999999997868, 0.4999999999999831246 ) ) ;
#2451 = ORIENTED_EDGE ( 'NONE', *, *, #7988, .F. ) ;
#2452 = AXIS2_PLACEMENT_3D ( 'NONE', #2743, #9760, #300 ) ;
#2453 = EDGE_CURVE ( 'NONE', #138, #10159, #3534, .T. ) ;
#2454 = ORIENTED_EDGE ( 'NONE', *, *, #12328, .F. ) ;
#2455 = ADVANCED_FACE ( 'NONE', ( #5655 ), #10235, .T. ) ;
#2456 = DIRECTION ( 'NONE',  ( 0.000000000000000000, 0.000000000000000000, 1.000000000000000000 ) ) ;
#2457 = VERTEX_POINT ( 'NONE', #2713 ) ;
#2458 = AXIS2_PLACEMENT_3D ( 'NONE', #11488, #7605, #6529 ) ;
#2459 = EDGE_CURVE ( 'NONE', #10407, #2120, #9358, .T. ) ;
#2460 = DIRECTION ( 'NONE',  ( 0.8660254037844383745, 9.654978140984305281E-17, 0.5000000000000004441 ) ) ;
#2461 = CARTESIAN_POINT ( 'NONE',  ( 84.79999999999995453, 32.80000000000001137, 5.000000000000000000 ) ) ;
#2462 = LINE ( 'NONE', #5230, #9953 ) ;
#2463 = VECTOR ( 'NONE', #4418, 1000.000000000000000 ) ;
#2464 = VECTOR ( 'NONE', #8419, 1000.000000000000000 ) ;
#2465 = CARTESIAN_POINT ( 'NONE',  ( -43.80000000000002558, 29.79999999999997939, 13.24722325026742809 ) ) ;
#2466 = ORIENTED_EDGE ( 'NONE', *, *, #8279, .T. ) ;
#2467 = EDGE_CURVE ( 'NONE', #6070, #3746, #9424, .T. ) ;
#2468 = VERTEX_POINT ( 'NONE', #6520 ) ;
#2469 = ORIENTED_EDGE ( 'NONE', *, *, #10488, .F. ) ;
#2470 = ADVANCED_FACE ( 'NONE', ( #8478 ), #2780, .F. ) ;
#2471 = LINE ( 'NONE', #4433, #4405 ) ;
#2472 = EDGE_LOOP ( 'NONE', ( #11701, #10381, #12124, #11828 ) ) ;
#2473 = ORIENTED_EDGE ( 'NONE', *, *, #3152, .T. ) ;
#2474 = ORIENTED_EDGE ( 'NONE', *, *, #7670, .T. ) ;
#2475 = DIRECTION ( 'NONE',  ( 0.000000000000000000, 0.000000000000000000, -1.000000000000000000 ) ) ;
#2476 = LINE ( 'NONE', #4990, #7410 ) ;
#2477 = DIRECTION ( 'NONE',  ( 0.8660254037844383745, 0.000000000000000000, -0.5000000000000003331 ) ) ;
#2478 = CARTESIAN_POINT ( 'NONE',  ( -91.34999999999998010, -34.99999999999998579, 0.4999999999999831246 ) ) ;
#2479 = EDGE_CURVE ( 'NONE', #1802, #749, #10033, .T. ) ;
#2480 = DIRECTION ( 'NONE',  ( 0.7071067811865475727, 0.000000000000000000, 0.7071067811865475727 ) ) ;
#2481 = VERTEX_POINT ( 'NONE', #658 ) ;
#2482 = CARTESIAN_POINT ( 'NONE',  ( 44.01346123343694217, 31.11346123343700043, 13.06624632276198028 ) ) ;
#2483 = LINE ( 'NONE', #3493, #9384 ) ;
#2484 = ORIENTED_EDGE ( 'NONE', *, *, #5285, .T. ) ;
#2485 = VERTEX_POINT ( 'NONE', #7528 ) ;
#2486 = CARTESIAN_POINT ( 'NONE',  ( -93.34999999999999432, 33.00000000000000000, 0.4999999999999831246 ) ) ;
#2487 = VERTEX_POINT ( 'NONE', #9489 ) ;
#2488 = CARTESIAN_POINT ( 'NONE',  ( 19.19999999999998863, -7.629395909419915078, 36.24955551850014501 ) ) ;
#2489 = DIRECTION ( 'NONE',  ( 0.000000000000000000, 0.000000000000000000, 1.000000000000000000 ) ) ;
#2490 = CARTESIAN_POINT ( 'NONE',  ( 39.69999999999996732, -57.98150098949683695, 18.44337567297406721 ) ) ;
#2491 = EDGE_CURVE ( 'NONE', #3448, #4943, #3660, .T. ) ;
#2492 = EDGE_CURVE ( 'NONE', #7968, #2776, #12346, .T. ) ;
#2493 = CARTESIAN_POINT ( 'NONE',  ( -60.30000000000003268, 21.80000000000002203, 13.75000000000001954 ) ) ;
#2494 = ORIENTED_EDGE ( 'NONE', *, *, #10992, .F. ) ;
#2495 = DIRECTION ( 'NONE',  ( 0.7071067811865475727, 0.7071067811865475727, 0.000000000000000000 ) ) ;
#2496 = ORIENTED_EDGE ( 'NONE', *, *, #1791, .T. ) ;
#2497 = VECTOR ( 'NONE', #5351, 1000.000000000000000 ) ;
#2498 = LINE ( 'NONE', #8203, #11978 ) ;
#2499 = CARTESIAN_POINT ( 'NONE',  ( -20.80000000000002203, -57.98150098949684406, 18.87638837486628063 ) ) ;
#2500 = ORIENTED_EDGE ( 'NONE', *, *, #106, .F. ) ;
#2501 = CARTESIAN_POINT ( 'NONE',  ( -40.55000000000001847, 21.79999999999995808, 15.12361162513371404 ) ) ;
#2502 = LINE ( 'NONE', #6310, #7133 ) ;
#2503 = CARTESIAN_POINT ( 'NONE',  ( -75.80000000000005400, -20.80000000000000426, 11.75000000000001776 ) ) ;
#2504 = PLANE ( 'NONE',  #9785 ) ;
#2505 = AXIS2_PLACEMENT_3D ( 'NONE', #5477, #12234, #4625 ) ;
#2506 = EDGE_CURVE ( 'NONE', #2457, #4670, #4490, .T. ) ;
#2507 = EDGE_LOOP ( 'NONE', ( #4887, #1545, #9717, #8709 ) ) ;
#2508 = ORIENTED_EDGE ( 'NONE', *, *, #5445, .T. ) ;
#2509 = CARTESIAN_POINT ( 'NONE',  ( 91.34999999999998010, 35.00000000000000711, 0.4999999999999831246 ) ) ;
#2510 = LINE ( 'NONE', #1569, #3114 ) ;
#2511 = AXIS2_PLACEMENT_3D ( 'NONE', #9083, #513, #3396 ) ;
#2512 = ORIENTED_EDGE ( 'NONE', *, *, #8042, .T. ) ;
#2513 = DIRECTION ( 'NONE',  ( 0.7071067811865475727, 9.199760500100244829E-17, 0.7071067811865475727 ) ) ;
#2514 = FACE_OUTER_BOUND ( 'NONE', #11132, .T. ) ;
#2515 = VECTOR ( 'NONE', #8182, 999.9999999999998863 ) ;
#2516 = CARTESIAN_POINT ( 'NONE',  ( -60.30000000000003268, -23.80000000000002913, 12.74999999999998934 ) ) ;
#2517 = VECTOR ( 'NONE', #5521, 999.9999999999998863 ) ;
#2518 = DIRECTION ( 'NONE',  ( 1.000000000000000000, 1.114860845743448580E-16, -1.051347561198065328E-16 ) ) ;
#2519 = EDGE_CURVE ( 'NONE', #262, #10006, #5228, .T. ) ;
#2520 = EDGE_CURVE ( 'NONE', #6999, #4988, #239, .T. ) ;
#2521 = EDGE_CURVE ( 'NONE', #497, #2694, #2630, .T. ) ;
#2522 = DIRECTION ( 'NONE',  ( -0.7071067811865474617, 0.7071067811865474617, -0.000000000000000000 ) ) ;
#2523 = ORIENTED_EDGE ( 'NONE', *, *, #4352, .F. ) ;
#2524 = CARTESIAN_POINT ( 'NONE',  ( 77.80000000000005400, 20.80000000000000426, 26.00000000000000355 ) ) ;
#2525 = AXIS2_PLACEMENT_3D ( 'NONE', #1666, #9189, #11370 ) ;
#2526 = ORIENTED_EDGE ( 'NONE', *, *, #10420, .F. ) ;
#2527 = VECTOR ( 'NONE', #8312, 999.9999999999998863 ) ;
#2528 = DIRECTION ( 'NONE',  ( 0.000000000000000000, 0.000000000000000000, 1.000000000000000000 ) ) ;
#2529 = VECTOR ( 'NONE', #12141, 1000.000000000000000 ) ;
#2530 = LINE ( 'NONE', #731, #9524 ) ;
#2531 = ORIENTED_EDGE ( 'NONE', *, *, #1687, .F. ) ;
#2532 = EDGE_CURVE ( 'NONE', #867, #10828, #1218, .T. ) ;
#2533 = ORIENTED_EDGE ( 'NONE', *, *, #4203, .T. ) ;
#2534 = CARTESIAN_POINT ( 'NONE',  ( -81.80000000000003979, 20.79999999999994387, 26.00000000000000355 ) ) ;
#2535 = CARTESIAN_POINT ( 'NONE',  ( 56.50288568297001035, -20.79999999999999005, -10.88768405169853537 ) ) ;
#2536 = CARTESIAN_POINT ( 'NONE',  ( -89.34999999999998010, 27.00000000000000355, 0.000000000000000000 ) ) ;
#2537 = FACE_OUTER_BOUND ( 'NONE', #7501, .T. ) ;
#2538 = ADVANCED_FACE ( 'NONE', ( #10601 ), #4858, .F. ) ;
#2539 = ADVANCED_FACE ( 'NONE', ( #7710 ), #8785, .F. ) ;
#2540 = DIRECTION ( 'NONE',  ( -0.7071067811865474617, 0.7071067811865474617, -0.000000000000000000 ) ) ;
#2541 = CARTESIAN_POINT ( 'NONE',  ( -93.34999999999999432, 33.00000000000000000, 5.000000000000000000 ) ) ;
#2542 = CARTESIAN_POINT ( 'NONE',  ( -89.34999999999998010, -27.00000000000000355, 3.000000000000000000 ) ) ;
#2543 = ORIENTED_EDGE ( 'NONE', *, *, #9185, .T. ) ;
#2544 = LINE ( 'NONE', #10441, #5806 ) ;
#2545 = DIRECTION ( 'NONE',  ( 0.4999999999999998335, 6.505213034913022906E-17, -0.8660254037844387076 ) ) ;
#2546 = AXIS2_PLACEMENT_3D ( 'NONE', #3540, #796, #10242 ) ;
#2547 = VECTOR ( 'NONE', #173, 1000.000000000000114 ) ;
#2548 = VERTEX_POINT ( 'NONE', #11538 ) ;
#2549 = DIRECTION ( 'NONE',  ( 0.6546536707079840811, 0.6546536707079704254, 0.3779644730092268090 ) ) ;
#2550 = ORIENTED_EDGE ( 'NONE', *, *, #7392, .T. ) ;
#2551 = DIRECTION ( 'NONE',  ( 0.6546536707079696482, -0.6546536707079833040, -0.3779644730092296401 ) ) ;
#2552 = ADVANCED_FACE ( 'NONE', ( #5771 ), #2956, .F. ) ;
#2553 = VERTEX_POINT ( 'NONE', #9611 ) ;
#2554 = LINE ( 'NONE', #10146, #7775 ) ;
#2555 = CARTESIAN_POINT ( 'NONE',  ( 21.69999999999995666, 21.80000000000003979, 15.55662432702593811 ) ) ;
#2556 = CARTESIAN_POINT ( 'NONE',  ( 15.69999999999998508, -20.79999999999999361, 14.97927405783631549 ) ) ;
#2557 = VECTOR ( 'NONE', #7382, 1000.000000000000114 ) ;
#2558 = CARTESIAN_POINT ( 'NONE',  ( 52.19999999999992468, -24.79999999999999005, 26.00000000000000355 ) ) ;
#2559 = ORIENTED_EDGE ( 'NONE', *, *, #8277, .F. ) ;
#2560 = CARTESIAN_POINT ( 'NONE',  ( -60.30000000000003268, 21.80000000000001847, 13.75000000000001776 ) ) ;
#2561 = DIRECTION ( 'NONE',  ( -0.7071067811865474617, -0.7071067811865474617, 0.000000000000000000 ) ) ;
#2562 = ORIENTED_EDGE ( 'NONE', *, *, #6467, .F. ) ;
#2563 = CARTESIAN_POINT ( 'NONE',  ( -7.216449660063498580E-15, 20.79999999999996518, 26.00000000000000355 ) ) ;
#2564 = EDGE_CURVE ( 'NONE', #7694, #11082, #5943, .T. ) ;
#2565 = ORIENTED_EDGE ( 'NONE', *, *, #4918, .F. ) ;
#2566 = ADVANCED_FACE ( 'NONE', ( #973 ), #1896, .F. ) ;
#2567 = VECTOR ( 'NONE', #4846, 1000.000000000000000 ) ;
#2568 = DIRECTION ( 'NONE',  ( 0.7071067811865474617, 7.883256641045617917E-17, -0.7071067811865474617 ) ) ;
#2569 = PLANE ( 'NONE',  #12218 ) ;
#2570 = CARTESIAN_POINT ( 'NONE',  ( -20.80000000000003268, 29.80000000000000071, 15.12361162513371404 ) ) ;
#2571 = ORIENTED_EDGE ( 'NONE', *, *, #4923, .F. ) ;
#2572 = ORIENTED_EDGE ( 'NONE', *, *, #9959, .F. ) ;
#2573 = CARTESIAN_POINT ( 'NONE',  ( 20.98571428571423780, 29.08571428571427830, 18.03098262355290515 ) ) ;
#2574 = VECTOR ( 'NONE', #8468, 1000.000000000000000 ) ;
#2575 = CARTESIAN_POINT ( 'NONE',  ( 84.79999999999995453, 32.30000000000001137, 5.000000000000000000 ) ) ;
#2576 = VERTEX_POINT ( 'NONE', #279 ) ;
#2577 = AXIS2_PLACEMENT_3D ( 'NONE', #10628, #8510, #11384 ) ;
#2578 = DIRECTION ( 'NONE',  ( 0.6546536707079714246, -0.6546536707079759765, -0.3779644730092390215 ) ) ;
#2579 = DIRECTION ( 'NONE',  ( 0.000000000000000000, 0.000000000000000000, -1.000000000000000000 ) ) ;
#2580 = EDGE_CURVE ( 'NONE', #4928, #7863, #6799, .T. ) ;
#2581 = FACE_OUTER_BOUND ( 'NONE', #7516, .T. ) ;
#2582 = CARTESIAN_POINT ( 'NONE',  ( -78.09289321881350077, -21.80000000000081783, 26.00000000000079226 ) ) ;
#2583 = AXIS2_PLACEMENT_3D ( 'NONE', #7446, #1686, #1562 ) ;
#2584 = VECTOR ( 'NONE', #455, 1000.000000000000114 ) ;
#2585 = AXIS2_PLACEMENT_3D ( 'NONE', #5782, #917, #8490 ) ;
#2586 = DIRECTION ( 'NONE',  ( 0.8660254037844389297, 1.088633767200840046E-16, -0.4999999999999994449 ) ) ;
#2587 = EDGE_LOOP ( 'NONE', ( #11443, #3861, #5930, #1307 ) ) ;
#2588 = DIRECTION ( 'NONE',  ( -1.000000000000000000, -1.114860845743448580E-16, 0.000000000000000000 ) ) ;
#2589 = ORIENTED_EDGE ( 'NONE', *, *, #12357, .F. ) ;
#2590 = FACE_OUTER_BOUND ( 'NONE', #11405, .T. ) ;
#2591 = EDGE_CURVE ( 'NONE', #12262, #7726, #82, .T. ) ;
#2592 = LINE ( 'NONE', #11289, #5559 ) ;
#2593 = EDGE_CURVE ( 'NONE', #4890, #3709, #11594, .T. ) ;
#2594 = PLANE ( 'NONE',  #4751 ) ;
#2595 = ORIENTED_EDGE ( 'NONE', *, *, #11417, .T. ) ;
#2596 = VECTOR ( 'NONE', #342, 1000.000000000000000 ) ;
#2597 = VECTOR ( 'NONE', #109, 1000.000000000000114 ) ;
#2598 = EDGE_CURVE ( 'NONE', #8226, #6738, #9734, .T. ) ;
#2599 = EDGE_LOOP ( 'NONE', ( #2276, #1200, #1496, #1859 ) ) ;
#2600 = ORIENTED_EDGE ( 'NONE', *, *, #3401, .F. ) ;
#2601 = FACE_OUTER_BOUND ( 'NONE', #183, .T. ) ;
#2602 = CARTESIAN_POINT ( 'NONE',  ( -92.84999999999999432, 33.00000000000000000, 0.000000000000000000 ) ) ;
#2603 = VECTOR ( 'NONE', #11747, 1000.000000000000000 ) ;
#2604 = VECTOR ( 'NONE', #4977, 1000.000000000000114 ) ;
#2605 = VERTEX_POINT ( 'NONE', #4961 ) ;
#2606 = LINE ( 'NONE', #4506, #11403 ) ;
#2607 = DIRECTION ( 'NONE',  ( 7.883256641045633941E-17, -0.7071067811865487940, 0.7071067811865463515 ) ) ;
#2608 = ADVANCED_FACE ( 'NONE', ( #212 ), #4032, .F. ) ;
#2609 = ORIENTED_EDGE ( 'NONE', *, *, #7813, .T. ) ;
#2610 = EDGE_CURVE ( 'NONE', #3050, #7178, #10722, .T. ) ;
#2611 = DIRECTION ( 'NONE',  ( 1.301042606982605321E-16, -1.000000000000000000, 0.000000000000000000 ) ) ;
#2612 = LINE ( 'NONE', #9505, #2113 ) ;
#2613 = ORIENTED_EDGE ( 'NONE', *, *, #12269, .F. ) ;
#2614 = DIRECTION ( 'NONE',  ( 0.7071067811865469066, 0.7071067811865482389, 0.000000000000000000 ) ) ;
#2615 = ADVANCED_FACE ( 'NONE', ( #4095 ), #11715, .F. ) ;
#2616 = VERTEX_POINT ( 'NONE', #12137 ) ;
#2617 = VECTOR ( 'NONE', #1797, 1000.000000000000000 ) ;
#2618 = VECTOR ( 'NONE', #5532, 1000.000000000000000 ) ;
#2619 = LINE ( 'NONE', #9198, #12109 ) ;
#2620 = ORIENTED_EDGE ( 'NONE', *, *, #2520, .T. ) ;
#2621 = DIRECTION ( 'NONE',  ( -0.4999999999999996114, -6.505213034913022906E-17, 0.8660254037844388186 ) ) ;
#2622 = CARTESIAN_POINT ( 'NONE',  ( -76.80000000000002558, -21.79999999999996874, 13.74999999999996447 ) ) ;
#2623 = FACE_OUTER_BOUND ( 'NONE', #4300, .T. ) ;
#2624 = CARTESIAN_POINT ( 'NONE',  ( 65.50288568297001746, 20.80000000000000426, 4.700773216421365142 ) ) ;
#2625 = DIRECTION ( 'NONE',  ( 0.000000000000000000, 0.000000000000000000, 1.000000000000000000 ) ) ;
#2626 = DIRECTION ( 'NONE',  ( 0.000000000000000000, 0.000000000000000000, 1.000000000000000000 ) ) ;
#2627 = CARTESIAN_POINT ( 'NONE',  ( 15.69999999999993001, 20.80000000000000071, 26.00000000000000355 ) ) ;
#2628 = AXIS2_PLACEMENT_3D ( 'NONE', #3409, #527, #10108 ) ;
#2629 = DIRECTION ( 'NONE',  ( -1.000000000000000000, 0.000000000000000000, 0.000000000000000000 ) ) ;
#2630 = CIRCLE ( 'NONE', #9635, 1.700000000000007061 ) ;
#2631 = EDGE_CURVE ( 'NONE', #8807, #8486, #4220, .T. ) ;
#2632 = VERTEX_POINT ( 'NONE', #9333 ) ;
#2633 = PLANE ( 'NONE',  #1739 ) ;
#2634 = ORIENTED_EDGE ( 'NONE', *, *, #5502, .F. ) ;
#2635 = ADVANCED_FACE ( 'NONE', ( #8032 ), #8911, .T. ) ;
#2636 = CARTESIAN_POINT ( 'NONE',  ( 58.35961431703001523, -20.79999999999999005, 59.67173572163869721 ) ) ;
#2637 = LINE ( 'NONE', #11396, #5140 ) ;
#2638 = VERTEX_POINT ( 'NONE', #10903 ) ;
#2639 = DIRECTION ( 'NONE',  ( -0.7071067811865476838, 0.5000000000000004441, -0.4999999999999992784 ) ) ;
#2640 = VECTOR ( 'NONE', #10356, 1000.000000000000000 ) ;
#2641 = LINE ( 'NONE', #8332, #584 ) ;
#2642 = EDGE_LOOP ( 'NONE', ( #5578, #1256, #9100, #6560, #5421, #8651 ) ) ;
#2643 = ORIENTED_EDGE ( 'NONE', *, *, #11674, .T. ) ;
#2644 = CARTESIAN_POINT ( 'NONE',  ( -76.80000000000002558, -57.98150098949685116, 21.24999999999999289 ) ) ;
#2645 = EDGE_LOOP ( 'NONE', ( #7844, #8400, #6717, #9209, #5967, #1841 ) ) ;
#2646 = CARTESIAN_POINT ( 'NONE',  ( 51.19999999999994600, 29.80000000000004690, 22.00000000000000711 ) ) ;
#2647 = DIRECTION ( 'NONE',  ( 1.000000000000000000, 1.114860845743448580E-16, 0.000000000000000000 ) ) ;
#2648 = LINE ( 'NONE', #9234, #10631 ) ;
#2649 = DIRECTION ( 'NONE',  ( -0.000000000000000000, -0.000000000000000000, -1.000000000000000000 ) ) ;
#2650 = LINE ( 'NONE', #1499, #10940 ) ;
#2651 = CARTESIAN_POINT ( 'NONE',  ( 52.19999999999992468, -24.79999999999999005, 22.00000000000000711 ) ) ;
#2652 = CARTESIAN_POINT ( 'NONE',  ( -40.55000000000001137, -57.98150098949685116, 18.87638837486628063 ) ) ;
#2653 = ORIENTED_EDGE ( 'NONE', *, *, #4074, .F. ) ;
#2654 = EDGE_CURVE ( 'NONE', #10287, #2297, #7416, .T. ) ;
#2655 = ORIENTED_EDGE ( 'NONE', *, *, #9157, .T. ) ;
#2656 = ADVANCED_FACE ( 'NONE', ( #10784 ), #4520, .F. ) ;
#2657 = DIRECTION ( 'NONE',  ( -1.000000000000000000, 0.000000000000000000, 0.000000000000000000 ) ) ;
#2658 = DIRECTION ( 'NONE',  ( 0.000000000000000000, 0.7071067811865547892, -0.7071067811865402453 ) ) ;
#2659 = ORIENTED_EDGE ( 'NONE', *, *, #8603, .F. ) ;
#2660 = ORIENTED_EDGE ( 'NONE', *, *, #12065, .F. ) ;
#2661 = VECTOR ( 'NONE', #2949, 999.9999999999998863 ) ;
#2662 = ORIENTED_EDGE ( 'NONE', *, *, #10669, .F. ) ;
#2663 = DIRECTION ( 'NONE',  ( 0.7071067811865475727, 9.199760500100244829E-17, -0.7071067811865475727 ) ) ;
#2664 = LINE ( 'NONE', #6339, #5318 ) ;
#2665 = LINE ( 'NONE', #5548, #5499 ) ;
#2666 = DIRECTION ( 'NONE',  ( -1.710607418500574038E-16, 0.7071067811865451302, -0.7071067811865500152 ) ) ;
#2667 = VERTEX_POINT ( 'NONE', #1327 ) ;
#2668 = EDGE_CURVE ( 'NONE', #474, #9880, #1625, .T. ) ;
#2669 = DIRECTION ( 'NONE',  ( 1.000000000000000000, 0.000000000000000000, -1.304303365396091250E-16 ) ) ;
#2670 = CARTESIAN_POINT ( 'NONE',  ( 2.531318376294250605, -1.531318376294377837, 1.653268680031377835 ) ) ;
#2671 = ORIENTED_EDGE ( 'NONE', *, *, #1382, .T. ) ;
#2672 = CARTESIAN_POINT ( 'NONE',  ( -87.14999999999994884, 27.00000000000000355, 5.000000000000000000 ) ) ;
#2673 = DIRECTION ( 'NONE',  ( -0.000000000000000000, -0.000000000000000000, -1.000000000000000000 ) ) ;
#2674 = ORIENTED_EDGE ( 'NONE', *, *, #151, .F. ) ;
#2675 = FACE_OUTER_BOUND ( 'NONE', #6552, .T. ) ;
#2676 = ORIENTED_EDGE ( 'NONE', *, *, #9592, .T. ) ;
#2677 = VERTEX_POINT ( 'NONE', #400 ) ;
#2678 = CARTESIAN_POINT ( 'NONE',  ( 91.34999999999998010, -32.99999999999997868, 4.500000000000018652 ) ) ;
#2679 = CARTESIAN_POINT ( 'NONE',  ( -28.30000000000003268, -20.79999999999999716, 26.00000000000000355 ) ) ;
#2680 = LINE ( 'NONE', #10511, #6439 ) ;
#2681 = EDGE_CURVE ( 'NONE', #2863, #636, #9862, .T. ) ;
#2682 = EDGE_CURVE ( 'NONE', #3020, #2485, #3280, .T. ) ;
#2683 = LINE ( 'NONE', #1680, #4189 ) ;
#2684 = PLANE ( 'NONE',  #8356 ) ;
#2685 = ADVANCED_FACE ( 'NONE', ( #2196 ), #6430, .F. ) ;
#2686 = DIRECTION ( 'NONE',  ( 0.000000000000000000, -0.000000000000000000, 1.000000000000000000 ) ) ;
#2687 = CARTESIAN_POINT ( 'NONE',  ( 37.19999999999994600, 29.79999999999999361, 14.11324865405187090 ) ) ;
#2688 = VERTEX_POINT ( 'NONE', #11905 ) ;
#2689 = PLANE ( 'NONE',  #9543 ) ;
#2690 = ORIENTED_EDGE ( 'NONE', *, *, #11790, .T. ) ;
#2691 = CARTESIAN_POINT ( 'NONE',  ( -76.80000000000003979, 29.79999999999997584, 20.25000000000004619 ) ) ;
#2692 = DIRECTION ( 'NONE',  ( -1.301042606982605321E-16, 1.000000000000000000, 0.000000000000000000 ) ) ;
#2693 = LINE ( 'NONE', #9341, #6642 ) ;
#2694 = VERTEX_POINT ( 'NONE', #2384 ) ;
#2695 = EDGE_LOOP ( 'NONE', ( #4073, #4491, #3641, #10516 ) ) ;
#2696 = PLANE ( 'NONE',  #6996 ) ;
#2697 = CARTESIAN_POINT ( 'NONE',  ( 76.80000000000008242, 20.80000000000000426, 25.00000000000000000 ) ) ;
#2698 = EDGE_CURVE ( 'NONE', #590, #8050, #7068, .T. ) ;
#2699 = EDGE_LOOP ( 'NONE', ( #5933, #8077, #2811, #7250, #2572 ) ) ;
#2700 = ORIENTED_EDGE ( 'NONE', *, *, #4309, .T. ) ;
#2701 = CARTESIAN_POINT ( 'NONE',  ( 86.34999999999998010, 29.85000000000004405, 1.000000000000000000 ) ) ;
#2702 = PLANE ( 'NONE',  #1772 ) ;
#2703 = ORIENTED_EDGE ( 'NONE', *, *, #5285, .F. ) ;
#2704 = CARTESIAN_POINT ( 'NONE',  ( 38.69999999999996021, -24.79999999999999005, 15.55662432702593811 ) ) ;
#2705 = DIRECTION ( 'NONE',  ( 0.7071067811865459074, 8.920979878885057209E-16, -0.7071067811865491270 ) ) ;
#2706 = LINE ( 'NONE', #9354, #2640 ) ;
#2707 = LINE ( 'NONE', #9542, #4518 ) ;
#2708 = ADVANCED_FACE ( 'NONE', ( #8390 ), #3573, .T. ) ;
#2709 = AXIS2_PLACEMENT_3D ( 'NONE', #6974, #10522, #11806 ) ;
#2710 = CARTESIAN_POINT ( 'NONE',  ( -37.00000000000003553, -37.00000000000003553, 6.000000000000000000 ) ) ;
#2711 = LINE ( 'NONE', #1034, #5923 ) ;
#2712 = VECTOR ( 'NONE', #4630, 1000.000000000000000 ) ;
#2713 = CARTESIAN_POINT ( 'NONE',  ( 87.64999999999996305, -27.00000000000000355, 0.5000000000000004441 ) ) ;
#2714 = VECTOR ( 'NONE', #11995, 1000.000000000000000 ) ;
#2715 = ORIENTED_EDGE ( 'NONE', *, *, #10272, .T. ) ;
#2716 = CARTESIAN_POINT ( 'NONE',  ( 82.80000000000005400, 8.800000000000009592, 25.00000000000000000 ) ) ;
#2717 = FACE_OUTER_BOUND ( 'NONE', #5300, .T. ) ;
#2718 = DIRECTION ( 'NONE',  ( 1.301042606982605321E-16, -1.000000000000000000, 0.000000000000000000 ) ) ;
#2719 = CARTESIAN_POINT ( 'NONE',  ( -43.30000000000001847, 43.30000000000001847, 6.000000000000000000 ) ) ;
#2720 = VECTOR ( 'NONE', #3943, 1000.000000000000114 ) ;
#2721 = PLANE ( 'NONE',  #11722 ) ;
#2722 = ORIENTED_EDGE ( 'NONE', *, *, #1461, .F. ) ;
#2723 = ORIENTED_EDGE ( 'NONE', *, *, #218, .F. ) ;
#2724 = VECTOR ( 'NONE', #1264, 1000.000000000000000 ) ;
#2725 = ORIENTED_EDGE ( 'NONE', *, *, #9251, .T. ) ;
#2726 = CARTESIAN_POINT ( 'NONE',  ( -81.80000000000002558, -30.80000000000002913, 25.00000000000000000 ) ) ;
#2727 = ADVANCED_FACE ( 'NONE', ( #11195 ), #10273, .F. ) ;
#2728 = DIRECTION ( 'NONE',  ( 0.000000000000000000, 0.000000000000000000, -1.000000000000000000 ) ) ;
#2729 = VECTOR ( 'NONE', #5493, 1000.000000000000114 ) ;
#2730 = ORIENTED_EDGE ( 'NONE', *, *, #890, .T. ) ;
#2731 = CARTESIAN_POINT ( 'NONE',  ( 0.000000000000000000, 0.000000000000000000, 0.000000000000000000 ) ) ;
#2732 = DIRECTION ( 'NONE',  ( 0.7071067811865523467, -0.7071067811865426878, 0.000000000000000000 ) ) ;
#2733 = ORIENTED_EDGE ( 'NONE', *, *, #12333, .F. ) ;
#2734 = DIRECTION ( 'NONE',  ( 0.4999999999999998335, 6.505213034913022906E-17, 0.8660254037844387076 ) ) ;
#2735 = ORIENTED_EDGE ( 'NONE', *, *, #4454, .F. ) ;
#2736 = LINE ( 'NONE', #12125, #8122 ) ;
#2737 = ORIENTED_EDGE ( 'NONE', *, *, #5744, .T. ) ;
#2738 = CARTESIAN_POINT ( 'NONE',  ( 77.80000000000005400, 9.800000000000007816, 13.58578643762697347 ) ) ;
#2739 = ORIENTED_EDGE ( 'NONE', *, *, #12317, .T. ) ;
#2740 = ORIENTED_EDGE ( 'NONE', *, *, #4278, .F. ) ;
#2741 = CARTESIAN_POINT ( 'NONE',  ( 77.80000000000005400, 21.79999999999997939, 10.99999999999997335 ) ) ;
#2742 = EDGE_CURVE ( 'NONE', #5656, #8628, #1683, .T. ) ;
#2743 = CARTESIAN_POINT ( 'NONE',  ( 93.34999999999999432, 29.85000000000004761, 1.000000000000000000 ) ) ;
#2744 = CARTESIAN_POINT ( 'NONE',  ( -74.13461431703004223, 30.80000000000000782, 41.00888827008398607 ) ) ;
#2745 = DIRECTION ( 'NONE',  ( 0.7071067811865475727, 9.199760500100244829E-17, 0.7071067811865475727 ) ) ;
#2746 = LINE ( 'NONE', #4582, #7368 ) ;
#2747 = DIRECTION ( 'NONE',  ( -1.000000000000000000, 0.000000000000000000, 0.000000000000000000 ) ) ;
#2748 = LINE ( 'NONE', #1809, #10599 ) ;
#2749 = LINE ( 'NONE', #10332, #4823 ) ;
#2750 = AXIS2_PLACEMENT_3D ( 'NONE', #6546, #3569, #4655 ) ;
#2751 = ORIENTED_EDGE ( 'NONE', *, *, #1701, .T. ) ;
#2752 = CARTESIAN_POINT ( 'NONE',  ( 77.80000000000005400, 29.80000000000005400, 26.00000000000000355 ) ) ;
#2753 = LINE ( 'NONE', #9399, #11724 ) ;
#2754 = EDGE_LOOP ( 'NONE', ( #1571, #6149, #5280, #10028 ) ) ;
#2755 = EDGE_CURVE ( 'NONE', #5241, #1640, #6132, .T. ) ;
#2756 = DIRECTION ( 'NONE',  ( -0.7071067811865463515, 0.7071067811865487940, 0.000000000000000000 ) ) ;
#2757 = EDGE_CURVE ( 'NONE', #1489, #2360, #9035, .T. ) ;
#2758 = FACE_OUTER_BOUND ( 'NONE', #6826, .T. ) ;
#2759 = ORIENTED_EDGE ( 'NONE', *, *, #8905, .T. ) ;
#2760 = AXIS2_PLACEMENT_3D ( 'NONE', #7234, #2434, #12129 ) ;
#2761 = PLANE ( 'NONE',  #1317 ) ;
#2762 = LINE ( 'NONE', #3768, #12210 ) ;
#2763 = VERTEX_POINT ( 'NONE', #5570 ) ;
#2764 = ORIENTED_EDGE ( 'NONE', *, *, #11637, .F. ) ;
#2765 = PLANE ( 'NONE',  #4942 ) ;
#2766 = DIRECTION ( 'NONE',  ( 0.4999999999999998335, 6.505213034913022906E-17, -0.8660254037844387076 ) ) ;
#2767 = ORIENTED_EDGE ( 'NONE', *, *, #6650, .T. ) ;
#2768 = ADVANCED_FACE ( 'NONE', ( #1928 ), #7498, .F. ) ;
#2769 = CARTESIAN_POINT ( 'NONE',  ( 16.69999999999994955, 29.79999999999999361, 15.55662432702593634 ) ) ;
#2770 = VECTOR ( 'NONE', #5987, 1000.000000000000000 ) ;
#2771 = DIRECTION ( 'NONE',  ( 1.000000000000000000, 0.000000000000000000, 0.000000000000000000 ) ) ;
#2772 = VECTOR ( 'NONE', #6221, 1000.000000000000000 ) ;
#2773 = ADVANCED_FACE ( 'NONE', ( #11262 ), #53, .F. ) ;
#2774 = DIRECTION ( 'NONE',  ( 0.000000000000000000, 0.000000000000000000, 1.000000000000000000 ) ) ;
#2775 = CARTESIAN_POINT ( 'NONE',  ( -26.30000000000003268, -24.79999999999999716, 15.70096189432332601 ) ) ;
#2776 = VERTEX_POINT ( 'NONE', #6548 ) ;
#2777 = LINE ( 'NONE', #2651, #3787 ) ;
#2778 = DIRECTION ( 'NONE',  ( 1.000000000000000000, 1.114860845743448580E-16, 0.000000000000000000 ) ) ;
#2779 = AXIS2_PLACEMENT_3D ( 'NONE', #7615, #1799, #12183 ) ;
#2780 = PLANE ( 'NONE',  #9625 ) ;
#2781 = AXIS2_PLACEMENT_3D ( 'NONE', #6081, #539, #10064 ) ;
#2782 = VECTOR ( 'NONE', #7365, 1000.000000000000114 ) ;
#2783 = VERTEX_POINT ( 'NONE', #9577 ) ;
#2784 = CARTESIAN_POINT ( 'NONE',  ( 76.80000000000008242, 29.80000000000004334, 10.00000000000000000 ) ) ;
#2785 = CARTESIAN_POINT ( 'NONE',  ( 65.29711431702999391, -20.79999999999998650, 47.65563324412963198 ) ) ;
#2786 = EDGE_CURVE ( 'NONE', #5582, #7968, #3819, .T. ) ;
#2787 = LINE ( 'NONE', #7533, #10334 ) ;
#2788 = ORIENTED_EDGE ( 'NONE', *, *, #6184, .T. ) ;
#2789 = DIRECTION ( 'NONE',  ( -0.6546536707079736450, 0.6546536707079803064, 0.3779644730092279747 ) ) ;
#2790 = ORIENTED_EDGE ( 'NONE', *, *, #9596, .T. ) ;
#2791 = EDGE_CURVE ( 'NONE', #5401, #8, #3760, .T. ) ;
#2792 = VECTOR ( 'NONE', #8610, 1000.000000000000000 ) ;
#2793 = DIRECTION ( 'NONE',  ( 0.000000000000000000, 0.000000000000000000, -1.000000000000000000 ) ) ;
#2794 = VECTOR ( 'NONE', #11560, 1000.000000000000000 ) ;
#2795 = DIRECTION ( 'NONE',  ( -1.000000000000000000, 0.000000000000000000, 0.000000000000000000 ) ) ;
#2796 = CARTESIAN_POINT ( 'NONE',  ( -41.54999999999999005, -24.80000000000000071, 15.12361162513371404 ) ) ;
#2797 = DIRECTION ( 'NONE',  ( 0.000000000000000000, 0.000000000000000000, 1.000000000000000000 ) ) ;
#2798 = DIRECTION ( 'NONE',  ( 0.8660254037844385966, 9.654978140984307746E-17, 0.4999999999999999445 ) ) ;
#2799 = EDGE_LOOP ( 'NONE', ( #11479, #1374, #11313, #7771, #5492, #677, #2280, #12004 ) ) ;
#2800 = CARTESIAN_POINT ( 'NONE',  ( 76.80000000000008242, -24.79999999999998650, 10.99999999999997335 ) ) ;
#2801 = CARTESIAN_POINT ( 'NONE',  ( -40.55000000000002558, 29.79999999999997939, 18.87638837486628063 ) ) ;
#2802 = VECTOR ( 'NONE', #2540, 1000.000000000000114 ) ;
#2803 = VECTOR ( 'NONE', #1938, 1000.000000000000114 ) ;
#2804 = EDGE_LOOP ( 'NONE', ( #1731, #5265, #1150, #10140 ) ) ;
#2805 = DIRECTION ( 'NONE',  ( -1.301042606982605321E-16, 1.000000000000000000, -0.000000000000000000 ) ) ;
#2806 = EDGE_CURVE ( 'NONE', #6265, #6118, #7439, .T. ) ;
#2807 = FACE_OUTER_BOUND ( 'NONE', #6106, .T. ) ;
#2808 = DIRECTION ( 'NONE',  ( 0.000000000000000000, 0.000000000000000000, -1.000000000000000000 ) ) ;
#2809 = EDGE_LOOP ( 'NONE', ( #6209, #722, #792, #7702 ) ) ;
#2810 = ORIENTED_EDGE ( 'NONE', *, *, #11436, .T. ) ;
#2811 = ORIENTED_EDGE ( 'NONE', *, *, #11624, .T. ) ;
#2812 = CARTESIAN_POINT ( 'NONE',  ( 76.80000000000008242, -24.79999999999998650, 21.00000000000003197 ) ) ;
#2813 = FACE_OUTER_BOUND ( 'NONE', #11491, .T. ) ;
#2814 = AXIS2_PLACEMENT_3D ( 'NONE', #4711, #110, #9396 ) ;
#2815 = DIRECTION ( 'NONE',  ( 0.8660254037844381525, 1.088633767200839060E-16, -0.5000000000000007772 ) ) ;
#2816 = AXIS2_PLACEMENT_3D ( 'NONE', #11435, #2666, #8363 ) ;
#2817 = CARTESIAN_POINT ( 'NONE',  ( 81.80000000000003979, 30.80000000000002913, 6.999999999999999112 ) ) ;
#2818 = LINE ( 'NONE', #12314, #1189 ) ;
#2819 = CARTESIAN_POINT ( 'NONE',  ( 34.69999999999995310, -23.79999999999999716, 15.55662432702594167 ) ) ;
#2820 = ADVANCED_FACE ( 'NONE', ( #11508 ), #8637, .F. ) ;
#2821 = ORIENTED_EDGE ( 'NONE', *, *, #8905, .F. ) ;
#2822 = ADVANCED_FACE ( 'NONE', ( #8695 ), #828, .F. ) ;
#2823 = VECTOR ( 'NONE', #6684, 1000.000000000000000 ) ;
#2824 = ORIENTED_EDGE ( 'NONE', *, *, #6769, .T. ) ;
#2825 = CARTESIAN_POINT ( 'NONE',  ( 1.199999999999949996, -24.79999999999999361, 15.26794919243111437 ) ) ;
#2826 = EDGE_LOOP ( 'NONE', ( #4293, #7356, #7243, #4663 ) ) ;
#2827 = CARTESIAN_POINT ( 'NONE',  ( -43.30000000000002558, -24.80000000000000071, 19.88675134594815930 ) ) ;
#2828 = LINE ( 'NONE', #768, #3921 ) ;
#2829 = CARTESIAN_POINT ( 'NONE',  ( 39.69999999999996732, -57.98150098949683695, 15.55662432702593811 ) ) ;
#2830 = VECTOR ( 'NONE', #491, 1000.000000000000000 ) ;
#2831 = ORIENTED_EDGE ( 'NONE', *, *, #3441, .F. ) ;
#2832 = VERTEX_POINT ( 'NONE', #6730 ) ;
#2833 = LINE ( 'NONE', #2945, #5138 ) ;
#2834 = EDGE_CURVE ( 'NONE', #7228, #2393, #2749, .T. ) ;
#2835 = DIRECTION ( 'NONE',  ( 0.000000000000000000, -1.000000000000000000, 0.000000000000000000 ) ) ;
#2836 = ORIENTED_EDGE ( 'NONE', *, *, #4277, .F. ) ;
#2837 = CARTESIAN_POINT ( 'NONE',  ( -83.80000000000005400, -9.800000000000011369, 6.000000000000000000 ) ) ;
#2838 = VECTOR ( 'NONE', #7673, 1000.000000000000000 ) ;
#2839 = CARTESIAN_POINT ( 'NONE',  ( 77.80000000000005400, 20.80000000000000426, 6.999999999999999112 ) ) ;
#2840 = CARTESIAN_POINT ( 'NONE',  ( 18.69999999999994245, -24.79999999999999361, 14.97927405783632082 ) ) ;
#2841 = EDGE_CURVE ( 'NONE', #9301, #4748, #7, .T. ) ;
#2842 = EDGE_CURVE ( 'NONE', #11675, #12142, #5634, .T. ) ;
#2843 = ORIENTED_EDGE ( 'NONE', *, *, #2519, .F. ) ;
#2844 = CARTESIAN_POINT ( 'NONE',  ( 31.97307753312567868, -19.07307753312571919, 20.01776509328317033 ) ) ;
#2845 = CARTESIAN_POINT ( 'NONE',  ( 49.17211431703026392, 20.80000000000000426, 75.58495251617758015 ) ) ;
#2846 = EDGE_CURVE ( 'NONE', #10582, #4928, #1063, .T. ) ;
#2847 = LINE ( 'NONE', #3854, #12006 ) ;
#2848 = FACE_OUTER_BOUND ( 'NONE', #8107, .T. ) ;
#2849 = CARTESIAN_POINT ( 'NONE',  ( -22.63406532401718252, -23.63406532401716476, 16.18250973366640366 ) ) ;
#2850 = VECTOR ( 'NONE', #4992, 999.9999999999998863 ) ;
#2851 = VERTEX_POINT ( 'NONE', #12258 ) ;
#2852 = PLANE ( 'NONE',  #6507 ) ;
#2853 = LINE ( 'NONE', #10493, #8552 ) ;
#2854 = CARTESIAN_POINT ( 'NONE',  ( 76.80000000000008242, -57.98150098949682985, 10.00000000000000000 ) ) ;
#2855 = EDGE_CURVE ( 'NONE', #7071, #2832, #12318, .T. ) ;
#2856 = CARTESIAN_POINT ( 'NONE',  ( 93.35000000000000853, 33.00000000000000000, 5.000000000000000000 ) ) ;
#2857 = ORIENTED_EDGE ( 'NONE', *, *, #10863, .F. ) ;
#2858 = ADVANCED_FACE ( 'NONE', ( #6673 ), #4885, .F. ) ;
#2859 = PLANE ( 'NONE',  #3002 ) ;
#2860 = VERTEX_POINT ( 'NONE', #7558 ) ;
#2861 = DIRECTION ( 'NONE',  ( 0.6546536707079867456, -0.6546536707079708695, -0.3779644730092214799 ) ) ;
#2862 = FACE_OUTER_BOUND ( 'NONE', #10851, .T. ) ;
#2863 = VERTEX_POINT ( 'NONE', #943 ) ;
#2864 = ORIENTED_EDGE ( 'NONE', *, *, #11022, .T. ) ;
#2865 = ORIENTED_EDGE ( 'NONE', *, *, #6936, .T. ) ;
#2866 = CARTESIAN_POINT ( 'NONE',  ( -24.05000000000050164, -1.531318376293635319, 47.69346263993649870 ) ) ;
#2867 = FACE_OUTER_BOUND ( 'NONE', #5847, .T. ) ;
#2868 = DIRECTION ( 'NONE',  ( 6.308085367188384325E-16, 1.000000000000000000, 0.000000000000000000 ) ) ;
#2869 = EDGE_CURVE ( 'NONE', #3623, #11006, #11389, .T. ) ;
#2870 = DIRECTION ( 'NONE',  ( 1.000000000000000000, 0.000000000000000000, -0.000000000000000000 ) ) ;
#2871 = DIRECTION ( 'NONE',  ( -1.000000000000000000, 0.000000000000000000, 0.000000000000000000 ) ) ;
#2872 = DIRECTION ( 'NONE',  ( 0.3535533905932750631, 0.7071067811865447972, 0.6123724356957970238 ) ) ;
#2873 = VERTEX_POINT ( 'NONE', #10455 ) ;
#2874 = EDGE_LOOP ( 'NONE', ( #11719, #8187, #12272, #9361 ) ) ;
#2875 = VECTOR ( 'NONE', #5341, 1000.000000000000000 ) ;
#2876 = AXIS2_PLACEMENT_3D ( 'NONE', #575, #3332, #1316 ) ;
#2877 = ORIENTED_EDGE ( 'NONE', *, *, #561, .F. ) ;
#2878 = CARTESIAN_POINT ( 'NONE',  ( 77.80000000000005400, -24.79999999999998650, 20.25000000000001776 ) ) ;
#2879 = CC_DESIGN_PERSON_AND_ORGANIZATION_ASSIGNMENT ( #7990, #294, ( #9402 ) ) ;
#2880 = EDGE_CURVE ( 'NONE', #1451, #8807, #1879, .T. ) ;
#2881 = DIRECTION ( 'NONE',  ( 0.8660254037844384856, 9.654978140984306513E-17, -0.5000000000000002220 ) ) ;
#2882 = DIRECTION ( 'NONE',  ( -1.000000000000000000, 0.000000000000000000, 1.051347561198065328E-16 ) ) ;
#2883 = ORIENTED_EDGE ( 'NONE', *, *, #3981, .F. ) ;
#2884 = VERTEX_POINT ( 'NONE', #4062 ) ;
#2885 = PLANE ( 'NONE',  #2333 ) ;
#2886 = CARTESIAN_POINT ( 'NONE',  ( -58.44711431703003512, 30.80000000000001137, 68.18043531382075173 ) ) ;
#2887 = ORIENTED_EDGE ( 'NONE', *, *, #1716, .T. ) ;
#2888 = DIRECTION ( 'NONE',  ( -0.7071067811865455743, -4.460489939442526632E-16, -0.7071067811865495711 ) ) ;
#2889 = FACE_BOUND ( 'NONE', #4661, .T. ) ;
#2890 = PLANE ( 'NONE',  #7240 ) ;
#2891 = VECTOR ( 'NONE', #5484, 1000.000000000000000 ) ;
#2892 = EDGE_CURVE ( 'NONE', #4222, #8228, #3115, .T. ) ;
#2893 = LINE ( 'NONE', #7398, #9908 ) ;
#2894 = VECTOR ( 'NONE', #10539, 1000.000000000000000 ) ;
#2895 = DIRECTION ( 'NONE',  ( 0.000000000000000000, 0.000000000000000000, 1.000000000000000000 ) ) ;
#2896 = ORIENTED_EDGE ( 'NONE', *, *, #6637, .T. ) ;
#2897 = DIRECTION ( 'NONE',  ( 0.5773502691896258421, -0.5773502691896258421, 0.5773502691896258421 ) ) ;
#2898 = FACE_OUTER_BOUND ( 'NONE', #1409, .T. ) ;
#2899 = LINE ( 'NONE', #1956, #8595 ) ;
#2900 = DIRECTION ( 'NONE',  ( -0.6546536707079800843, -0.6546536707079800843, 0.3779644730092172611 ) ) ;
#2901 = EDGE_CURVE ( 'NONE', #4928, #3473, #1120, .T. ) ;
#2902 = VECTOR ( 'NONE', #9675, 1000.000000000000000 ) ;
#2903 = EDGE_CURVE ( 'NONE', #9743, #10828, #2166, .T. ) ;
#2904 = AXIS2_PLACEMENT_3D ( 'NONE', #6454, #8343, #8416 ) ;
#2905 = DIRECTION ( 'NONE',  ( -0.7071067811865475727, 0.7071067811865475727, 0.000000000000000000 ) ) ;
#2906 = FACE_OUTER_BOUND ( 'NONE', #2043, .T. ) ;
#2907 = ADVANCED_FACE ( 'NONE', ( #9766 ), #9888, .T. ) ;
#2908 = LINE ( 'NONE', #10802, #11009 ) ;
#2909 = AXIS2_PLACEMENT_3D ( 'NONE', #12249, #10260, #1919 ) ;
#2910 = VERTEX_POINT ( 'NONE', #9948 ) ;
#2911 = CARTESIAN_POINT ( 'NONE',  ( 89.34999999999998010, -27.00000000000000355, 3.000000000000000000 ) ) ;
#2912 = DIRECTION ( 'NONE',  ( -0.8660254037844385966, 0.000000000000000000, 0.4999999999999999445 ) ) ;
#2913 = ORIENTED_EDGE ( 'NONE', *, *, #10724, .T. ) ;
#2914 = CARTESIAN_POINT ( 'NONE',  ( 78.26049571322035092, 19.33950428677972511, 23.77653000745752365 ) ) ;
#2915 = VECTOR ( 'NONE', #6003, 1000.000000000000000 ) ;
#2916 = VERTEX_POINT ( 'NONE', #4003 ) ;
#2917 = EDGE_CURVE ( 'NONE', #9034, #8848, #6787, .T. ) ;
#2918 = ADVANCED_FACE ( 'NONE', ( #2096 ), #4127, .F. ) ;
#2919 = VERTEX_POINT ( 'NONE', #8757 ) ;
#2920 = ORIENTED_EDGE ( 'NONE', *, *, #7740, .F. ) ;
#2921 = AXIS2_PLACEMENT_3D ( 'NONE', #5735, #9630, #5048 ) ;
#2922 = LINE ( 'NONE', #103, #9344 ) ;
#2923 = CARTESIAN_POINT ( 'NONE',  ( -60.30000000000002558, -57.98150098949685116, 12.74999999999998934 ) ) ;
#2924 = CARTESIAN_POINT ( 'NONE',  ( 37.00000000000003553, 37.00000000000003553, 6.000000000000000000 ) ) ;
#2925 = DIRECTION ( 'NONE',  ( -0.6546536707079780859, -0.6546536707079756434, -0.3779644730092280303 ) ) ;
#2926 = PLANE ( 'NONE',  #5560 ) ;
#2927 = AXIS2_PLACEMENT_3D ( 'NONE', #6610, #6483, #4651 ) ;
#2928 = DIRECTION ( 'NONE',  ( 1.301042606982605321E-16, -1.000000000000000000, 0.000000000000000000 ) ) ;
#2929 = ORIENTED_EDGE ( 'NONE', *, *, #711, .T. ) ;
#2930 = CARTESIAN_POINT ( 'NONE',  ( 15.69999999999998508, -20.79999999999999361, 26.00000000000000355 ) ) ;
#2931 = VERTEX_POINT ( 'NONE', #5854 ) ;
#2932 = LINE ( 'NONE', #8314, #8818 ) ;
#2933 = DIRECTION ( 'NONE',  ( 0.000000000000000000, 0.000000000000000000, -1.000000000000000000 ) ) ;
#2934 = VECTOR ( 'NONE', #3629, 999.9999999999998863 ) ;
#2935 = ORIENTED_EDGE ( 'NONE', *, *, #2117, .F. ) ;
#2936 = CARTESIAN_POINT ( 'NONE',  ( 19.19999999999996021, -57.98150098949683695, 14.11324865405187090 ) ) ;
#2937 = CARTESIAN_POINT ( 'NONE',  ( 87.64999999999996305, 27.00000000000000355, 3.000000000000000000 ) ) ;
#2938 = ORIENTED_EDGE ( 'NONE', *, *, #11425, .T. ) ;
#2939 = DIRECTION ( 'NONE',  ( 0.8660254037844388186, 9.654978140984310211E-17, 0.4999999999999996114 ) ) ;
#2940 = DIRECTION ( 'NONE',  ( 1.301042606982605321E-16, -1.000000000000000000, 0.000000000000000000 ) ) ;
#2941 = DIRECTION ( 'NONE',  ( -4.956352788505159323E-16, -1.000000000000000000, 0.000000000000000000 ) ) ;
#2942 = CARTESIAN_POINT ( 'NONE',  ( -19.79999999999999716, 30.80000000000001492, 26.00000000000000355 ) ) ;
#2943 = VERTEX_POINT ( 'NONE', #2233 ) ;
#2944 = ORIENTED_EDGE ( 'NONE', *, *, #8896, .T. ) ;
#2945 = CARTESIAN_POINT ( 'NONE',  ( -82.80000000000002558, -29.80000000000002913, 6.999999999999999112 ) ) ;
#2946 = LINE ( 'NONE', #2003, #11713 ) ;
#2947 = EDGE_LOOP ( 'NONE', ( #8831, #9239, #9106, #7886 ) ) ;
#2948 = EDGE_CURVE ( 'NONE', #262, #749, #9835, .T. ) ;
#2949 = DIRECTION ( 'NONE',  ( 0.7071067811865482389, -0.000000000000000000, 0.7071067811865469066 ) ) ;
#2950 = VECTOR ( 'NONE', #11080, 1000.000000000000000 ) ;
#2951 = LINE ( 'NONE', #6748, #10830 ) ;
#2952 = LINE ( 'NONE', #4790, #10443 ) ;
#2953 = AXIS2_PLACEMENT_3D ( 'NONE', #1329, #2388, #1219 ) ;
#2954 = CARTESIAN_POINT ( 'NONE',  ( 13.97307753312571599, -19.07307753312572274, 20.01776509328315257 ) ) ;
#2955 = AXIS2_PLACEMENT_3D ( 'NONE', #9764, #8692, #7869 ) ;
#2956 = PLANE ( 'NONE',  #11023 ) ;
#2957 = ORIENTED_EDGE ( 'NONE', *, *, #10048, .T. ) ;
#2958 = CARTESIAN_POINT ( 'NONE',  ( -43.80000000000002558, -24.80000000000000071, 14.40192378864663780 ) ) ;
#2959 = CARTESIAN_POINT ( 'NONE',  ( 39.69999999999996732, -57.98150098949683695, 18.44337567297406721 ) ) ;
#2960 = LINE ( 'NONE', #4862, #4225 ) ;
#2961 = CARTESIAN_POINT ( 'NONE',  ( 48.29917551915119134, -15.20082448084875715, 10.59188802623500791 ) ) ;
#2962 = VECTOR ( 'NONE', #9089, 1000.000000000000000 ) ;
#2963 = DIRECTION ( 'NONE',  ( -0.000000000000000000, 0.000000000000000000, 1.000000000000000000 ) ) ;
#2964 = AXIS2_PLACEMENT_3D ( 'NONE', #5074, #6860, #6924 ) ;
#2965 = DIRECTION ( 'NONE',  ( -0.7071067811865474617, 0.7071067811865474617, -2.407380598172877816E-15 ) ) ;
#2966 = EDGE_CURVE ( 'NONE', #9917, #10557, #4187, .T. ) ;
#2967 = ORIENTED_EDGE ( 'NONE', *, *, #478, .T. ) ;
#2968 = CARTESIAN_POINT ( 'NONE',  ( 86.34999999999998010, 24.15000000000000568, 1.000000000000000000 ) ) ;
#2969 = DIRECTION ( 'NONE',  ( -0.000000000000000000, 0.000000000000000000, 1.000000000000000000 ) ) ;
#2970 = EDGE_CURVE ( 'NONE', #3050, #11455, #1186, .T. ) ;
#2971 = DIRECTION ( 'NONE',  ( -0.7071067811865475727, -1.199927858111877688E-32, -0.7071067811865475727 ) ) ;
#2972 = VECTOR ( 'NONE', #7016, 1000.000000000000000 ) ;
#2973 = ORIENTED_EDGE ( 'NONE', *, *, #1873, .F. ) ;
#2974 = VECTOR ( 'NONE', #9054, 1000.000000000000000 ) ;
#2975 = AXIS2_PLACEMENT_3D ( 'NONE', #8313, #1549, #4580 ) ;
#2976 = VERTEX_POINT ( 'NONE', #3936 ) ;
#2977 = VERTEX_POINT ( 'NONE', #7872 ) ;
#2978 = CARTESIAN_POINT ( 'NONE',  ( 75.80000000000008242, 21.80000000000000782, 26.00000000000000355 ) ) ;
#2979 = CARTESIAN_POINT ( 'NONE',  ( 0.3043959094199064075, -0.6956040905799938390, 31.06101703425435190 ) ) ;
#2980 = FACE_OUTER_BOUND ( 'NONE', #8561, .T. ) ;
#2981 = DIRECTION ( 'NONE',  ( 0.000000000000000000, 0.000000000000000000, 1.000000000000000000 ) ) ;
#2982 = CARTESIAN_POINT ( 'NONE',  ( 19.19999999999995310, 7.629395909419933730, 36.24955551849984658 ) ) ;
#2983 = VECTOR ( 'NONE', #389, 1000.000000000000114 ) ;
#2984 = VECTOR ( 'NONE', #9870, 1000.000000000000000 ) ;
#2985 = ADVANCED_FACE ( 'NONE', ( #7938 ), #7744, .F. ) ;
#2986 = ADVANCED_FACE ( 'NONE', ( #10632 ), #11686, .F. ) ;
#2987 = DIRECTION ( 'NONE',  ( 0.000000000000000000, -0.7071067811865466846, 0.7071067811865483499 ) ) ;
#2988 = ORIENTED_EDGE ( 'NONE', *, *, #2855, .T. ) ;
#2989 = DIRECTION ( 'NONE',  ( -6.308085367188384325E-16, -1.000000000000000000, 0.000000000000000000 ) ) ;
#2990 = EDGE_LOOP ( 'NONE', ( #2259, #2314, #12237 ) ) ;
#2991 = EDGE_CURVE ( 'NONE', #4979, #7484, #11812, .T. ) ;
#2992 = ORIENTED_EDGE ( 'NONE', *, *, #4782, .F. ) ;
#2993 = ORIENTED_EDGE ( 'NONE', *, *, #11034, .T. ) ;
#2994 = DIRECTION ( 'NONE',  ( 0.7071067811865487940, -0.7071067811865463515, -0.000000000000000000 ) ) ;
#2995 = LOCAL_TIME ( 15, 56, 57.00000000000000000, #10983 ) ;
#2996 = AXIS2_PLACEMENT_3D ( 'NONE', #9947, #9065, #8115 ) ;
#2997 = FACE_OUTER_BOUND ( 'NONE', #8035, .T. ) ;
#2998 = EDGE_LOOP ( 'NONE', ( #9464, #6505, #5804, #9866 ) ) ;
#2999 = DIRECTION ( 'NONE',  ( 0.7071067811865524577, 0.7071067811865426878, -0.000000000000000000 ) ) ;
#3000 = EDGE_CURVE ( 'NONE', #5855, #240, #6037, .T. ) ;
#3001 = VERTEX_POINT ( 'NONE', #6911 ) ;
#3002 = AXIS2_PLACEMENT_3D ( 'NONE', #9313, #2732, #4756 ) ;
#3003 = VECTOR ( 'NONE', #9376, 1000.000000000000000 ) ;
#3004 = ORIENTED_EDGE ( 'NONE', *, *, #3698, .T. ) ;
#3005 = DIRECTION ( 'NONE',  ( -0.000000000000000000, 0.000000000000000000, -1.000000000000000000 ) ) ;
#3006 = EDGE_CURVE ( 'NONE', #10839, #8772, #3253, .T. ) ;
#3007 = ORIENTED_EDGE ( 'NONE', *, *, #10945, .F. ) ;
#3008 = ORIENTED_EDGE ( 'NONE', *, *, #3700, .F. ) ;
#3009 = CARTESIAN_POINT ( 'NONE',  ( 2.207424474572027445E-15, -19.79999999999999005, 6.000000000000000000 ) ) ;
#3010 = CARTESIAN_POINT ( 'NONE',  ( 77.30000000000006821, 20.30000000000001847, 6.999999999999999112 ) ) ;
#3011 = ORIENTED_EDGE ( 'NONE', *, *, #10268, .F. ) ;
#3012 = CARTESIAN_POINT ( 'NONE',  ( 56.80000000000003268, -56.80000000000003268, 6.000000000000000000 ) ) ;
#3013 = AXIS2_PLACEMENT_3D ( 'NONE', #3747, #7547, #1860 ) ;
#3014 = DIRECTION ( 'NONE',  ( 1.301042606982605321E-16, -1.000000000000000000, 0.000000000000000000 ) ) ;
#3015 = FACE_OUTER_BOUND ( 'NONE', #4015, .T. ) ;
#3016 = ADVANCED_FACE ( 'NONE', ( #8880 ), #305, .F. ) ;
#3017 = PLANE ( 'NONE',  #8141 ) ;
#3018 = ORIENTED_EDGE ( 'NONE', *, *, #1760, .T. ) ;
#3019 = CARTESIAN_POINT ( 'NONE',  ( -89.34999999999998010, 27.00000000000000355, 0.5000000000000004441 ) ) ;
#3020 = VERTEX_POINT ( 'NONE', #6411 ) ;
#3021 = DIRECTION ( 'NONE',  ( -1.301042606982605321E-16, 1.000000000000000000, -0.000000000000000000 ) ) ;
#3022 = DIRECTION ( 'NONE',  ( 0.000000000000000000, 0.000000000000000000, 1.000000000000000000 ) ) ;
#3023 = CYLINDRICAL_SURFACE ( 'NONE', #3417, 1.700000000000007061 ) ;
#3024 = VECTOR ( 'NONE', #3973, 1000.000000000000000 ) ;
#3025 = LINE ( 'NONE', #10668, #8114 ) ;
#3026 = ORIENTED_EDGE ( 'NONE', *, *, #85, .F. ) ;
#3027 = VECTOR ( 'NONE', #5821, 1000.000000000000000 ) ;
#3028 = CARTESIAN_POINT ( 'NONE',  ( -61.30000000000000426, -24.80000000000000071, 13.74999999999996270 ) ) ;
#3029 = EDGE_CURVE ( 'NONE', #2391, #7069, #2606, .T. ) ;
#3030 = ADVANCED_FACE ( 'NONE', ( #8299 ), #10936, .F. ) ;
#3031 = DIRECTION ( 'NONE',  ( 9.231746929353468474E-15, 0.6546536707079770867, 0.7559289460184545062 ) ) ;
#3032 = EDGE_LOOP ( 'NONE', ( #2087, #3316, #2660, #7690 ) ) ;
#3033 = EDGE_LOOP ( 'NONE', ( #992, #8996, #352, #9872 ) ) ;
#3034 = LINE ( 'NONE', #1105, #7714 ) ;
#3035 = LINE ( 'NONE', #235, #1570 ) ;
#3036 = VERTEX_POINT ( 'NONE', #4259 ) ;
#3037 = EDGE_LOOP ( 'NONE', ( #3416, #4333, #5764, #4867 ) ) ;
#3038 = VERTEX_POINT ( 'NONE', #9121 ) ;
#3039 = CARTESIAN_POINT ( 'NONE',  ( 21.69999999999996376, -23.79999999999999361, 15.55662432702593811 ) ) ;
#3040 = DIRECTION ( 'NONE',  ( -8.925718999449438587E-15, -0.6546536707079774198, -0.7559289460184542842 ) ) ;
#3041 = LINE ( 'NONE', #242, #2850 ) ;
#3042 = DIRECTION ( 'NONE',  ( 0.000000000000000000, 0.7071067811865482389, 0.7071067811865469066 ) ) ;
#3043 = FACE_OUTER_BOUND ( 'NONE', #4951, .T. ) ;
#3044 = CARTESIAN_POINT ( 'NONE',  ( 92.84999999999998010, 24.15000000000000568, 1.000000000000000000 ) ) ;
#3045 = EDGE_CURVE ( 'NONE', #7649, #9564, #12001, .T. ) ;
#3046 = PLANE ( 'NONE',  #4165 ) ;
#3047 = PLANE ( 'NONE',  #3773 ) ;
#3048 = DIRECTION ( 'NONE',  ( -0.8660254037844388186, -9.654978140984311444E-17, -0.4999999999999996114 ) ) ;
#3049 = CARTESIAN_POINT ( 'NONE',  ( -87.64999999999996305, 27.00000000000000355, 4.499999999999970690 ) ) ;
#3050 = VERTEX_POINT ( 'NONE', #10184 ) ;
#3051 = DIRECTION ( 'NONE',  ( -0.000000000000000000, -0.000000000000000000, -1.000000000000000000 ) ) ;
#3052 = ORIENTED_EDGE ( 'NONE', *, *, #8603, .T. ) ;
#3053 = DIRECTION ( 'NONE',  ( -1.301042606982605321E-16, 1.000000000000000000, 0.000000000000000000 ) ) ;
#3054 = DIRECTION ( 'NONE',  ( 1.000000000000000000, 0.000000000000000000, 0.000000000000000000 ) ) ;
#3055 = ORIENTED_EDGE ( 'NONE', *, *, #1689, .F. ) ;
#3056 = ORIENTED_EDGE ( 'NONE', *, *, #6887, .F. ) ;
#3057 = LINE ( 'NONE', #2045, #2720 ) ;
#3058 = ORIENTED_EDGE ( 'NONE', *, *, #11169, .T. ) ;
#3059 = DIRECTION ( 'NONE',  ( 1.000000000000000000, 1.301042606982605321E-16, 0.000000000000000000 ) ) ;
#3060 = EDGE_CURVE ( 'NONE', #6497, #5141, #617, .T. ) ;
#3061 = ORIENTED_EDGE ( 'NONE', *, *, #6742, .T. ) ;
#3062 = EDGE_CURVE ( 'NONE', #6449, #10715, #3555, .T. ) ;
#3063 = AXIS2_PLACEMENT_3D ( 'NONE', #8840, #5874, #270 ) ;
#3064 = DIRECTION ( 'NONE',  ( 1.000000000000000000, 1.114860845743448580E-16, 0.000000000000000000 ) ) ;
#3065 = EDGE_CURVE ( 'NONE', #5340, #9853, #11056, .T. ) ;
#3066 = DIRECTION ( 'NONE',  ( -1.301042606982605321E-16, 1.000000000000000000, -0.000000000000000000 ) ) ;
#3067 = EDGE_LOOP ( 'NONE', ( #92, #9128, #4427 ) ) ;
#3068 = ORIENTED_EDGE ( 'NONE', *, *, #6432, .T. ) ;
#3069 = CARTESIAN_POINT ( 'NONE',  ( -20.80000000000003268, 21.79999999999999361, 15.12361162513371404 ) ) ;
#3070 = ORIENTED_EDGE ( 'NONE', *, *, #10612, .F. ) ;
#3071 = ORIENTED_EDGE ( 'NONE', *, *, #3712, .F. ) ;
#3072 = CARTESIAN_POINT ( 'NONE',  ( 49.17211431703024971, -20.79999999999999005, 75.58495251617759436 ) ) ;
#3073 = EDGE_LOOP ( 'NONE', ( #8272, #6804, #8423, #9546 ) ) ;
#3074 = DIRECTION ( 'NONE',  ( -0.000000000000000000, -0.7071067811865482389, 0.7071067811865469066 ) ) ;
#3075 = EDGE_CURVE ( 'NONE', #1010, #4147, #5794, .T. ) ;
#3076 = LINE ( 'NONE', #2126, #3187 ) ;
#3077 = ADVANCED_FACE ( 'NONE', ( #3309 ), #9066, .T. ) ;
#3078 = CARTESIAN_POINT ( 'NONE',  ( -61.30000000000000426, -21.79999999999996874, 21.24999999999999289 ) ) ;
#3079 = CARTESIAN_POINT ( 'NONE',  ( 77.80000000000005400, -20.79999999999998650, 24.58578643762690419 ) ) ;
#3080 = VERTEX_POINT ( 'NONE', #5251 ) ;
#3081 = DIRECTION ( 'NONE',  ( -0.5000000000000004441, -6.505213034913032767E-17, -0.8660254037844383745 ) ) ;
#3082 = ORIENTED_EDGE ( 'NONE', *, *, #10048, .F. ) ;
#3083 = CARTESIAN_POINT ( 'NONE',  ( 1.199999999999951106, -5.999175519151382474, -4.131971880820152876 ) ) ;
#3084 = DIRECTION ( 'NONE',  ( 0.000000000000000000, 0.000000000000000000, 1.000000000000000000 ) ) ;
#3085 = EDGE_LOOP ( 'NONE', ( #8931, #8592, #7766, #10178 ) ) ;
#3086 = CARTESIAN_POINT ( 'NONE',  ( 87.64999999999996305, -27.00000000000000355, 5.000000000000000000 ) ) ;
#3087 = DIRECTION ( 'NONE',  ( 0.7071067811865475727, 0.000000000000000000, 0.7071067811865475727 ) ) ;
#3088 = EDGE_CURVE ( 'NONE', #6086, #11252, #10077, .T. ) ;
#3089 = DIRECTION ( 'NONE',  ( 0.8660254037844383745, 1.088633767200839306E-16, 0.5000000000000004441 ) ) ;
#3090 = CARTESIAN_POINT ( 'NONE',  ( 91.34999999999998010, 33.00000000000000000, 5.000000000000000000 ) ) ;
#3091 = EDGE_LOOP ( 'NONE', ( #8075, #7889, #2896, #1738 ) ) ;
#3092 = DIRECTION ( 'NONE',  ( -0.000000000000000000, -0.000000000000000000, -1.000000000000000000 ) ) ;
#3093 = PLANE ( 'NONE',  #11600 ) ;
#3094 = EDGE_LOOP ( 'NONE', ( #1125, #6315, #698, #11073 ) ) ;
#3095 = EDGE_LOOP ( 'NONE', ( #2508, #6970, #933, #707 ) ) ;
#3096 = ORIENTED_EDGE ( 'NONE', *, *, #3006, .T. ) ;
#3097 = CALENDAR_DATE ( 2023, 3, 2 ) ;
#3098 = CARTESIAN_POINT ( 'NONE',  ( -59.30000000000000426, 20.79999999999999361, 26.00000000000000355 ) ) ;
#3099 = CARTESIAN_POINT ( 'NONE',  ( -47.05000000000003979, 21.79999999999995808, 15.12361162513371760 ) ) ;
#3100 = DIRECTION ( 'NONE',  ( -0.000000000000000000, -0.000000000000000000, -1.000000000000000000 ) ) ;
#3101 = ORIENTED_EDGE ( 'NONE', *, *, #4853, .F. ) ;
#3102 = ADVANCED_FACE ( 'NONE', ( #11177, #11882, #5362 ), #4317, .F. ) ;
#3103 = ADVANCED_FACE ( 'NONE', ( #4381 ), #3433, .F. ) ;
#3104 = VERTEX_POINT ( 'NONE', #1605 ) ;
#3105 = ORIENTED_EDGE ( 'NONE', *, *, #9453, .F. ) ;
#3106 = LINE ( 'NONE', #6719, #8097 ) ;
#3107 = FACE_OUTER_BOUND ( 'NONE', #7214, .T. ) ;
#3108 = LINE ( 'NONE', #10749, #4198 ) ;
#3109 = LINE ( 'NONE', #11502, #3863 ) ;
#3110 = LINE ( 'NONE', #5973, #1013 ) ;
#3111 = DIRECTION ( 'NONE',  ( -0.000000000000000000, -0.000000000000000000, 1.000000000000000000 ) ) ;
#3112 = DIRECTION ( 'NONE',  ( 0.8660254037844383745, 9.654978140984305281E-17, 0.5000000000000003331 ) ) ;
#3113 = VECTOR ( 'NONE', #10827, 1000.000000000000000 ) ;
#3114 = VECTOR ( 'NONE', #9228, 1000.000000000000000 ) ;
#3115 = LINE ( 'NONE', #5976, #3815 ) ;
#3116 = CIRCLE ( 'NONE', #1506, 1.700000000000007061 ) ;
#3117 = ORIENTED_EDGE ( 'NONE', *, *, #8347, .F. ) ;
#3118 = VECTOR ( 'NONE', #1924, 1000.000000000000000 ) ;
#3119 = ORIENTED_EDGE ( 'NONE', *, *, #541, .T. ) ;
#3120 = ORIENTED_EDGE ( 'NONE', *, *, #332, .T. ) ;
#3121 = DIRECTION ( 'NONE',  ( 1.000000000000000000, 0.000000000000000000, 0.000000000000000000 ) ) ;
#3122 = CIRCLE ( 'NONE', #8919, 1.700000000000021050 ) ;
#3123 = ADVANCED_FACE ( 'NONE', ( #7227 ), #8178, .T. ) ;
#3124 = ORIENTED_EDGE ( 'NONE', *, *, #8259, .T. ) ;
#3125 = DIRECTION ( 'NONE',  ( 8.638307760631304233E-16, 0.6546536707079755324, 0.7559289460184558385 ) ) ;
#3126 = DIRECTION ( 'NONE',  ( 0.000000000000000000, 0.000000000000000000, -1.000000000000000000 ) ) ;
#3127 = VERTEX_POINT ( 'NONE', #5433 ) ;
#3128 = DIRECTION ( 'NONE',  ( -1.000000000000000000, -1.301042606982605321E-16, 0.000000000000000000 ) ) ;
#3129 = DIRECTION ( 'NONE',  ( 0.000000000000000000, 0.000000000000000000, -1.000000000000000000 ) ) ;
#3130 = AXIS2_PLACEMENT_3D ( 'NONE', #3173, #8990, #427 ) ;
#3131 = ORIENTED_EDGE ( 'NONE', *, *, #1965, .F. ) ;
#3132 = AXIS2_PLACEMENT_3D ( 'NONE', #4400, #5577, #5454 ) ;
#3133 = ORIENTED_EDGE ( 'NONE', *, *, #8650, .F. ) ;
#3134 = EDGE_CURVE ( 'NONE', #9426, #8050, #7160, .T. ) ;
#3135 = DIRECTION ( 'NONE',  ( 0.000000000000000000, 0.000000000000000000, 1.000000000000000000 ) ) ;
#3136 = EDGE_LOOP ( 'NONE', ( #7678, #6273, #3650, #7163 ) ) ;
#3137 = ORIENTED_EDGE ( 'NONE', *, *, #5999, .F. ) ;
#3138 = EDGE_CURVE ( 'NONE', #8747, #4953, #2424, .T. ) ;
#3139 = FACE_OUTER_BOUND ( 'NONE', #4754, .T. ) ;
#3140 = DIRECTION ( 'NONE',  ( -0.8660254037844397068, -9.654978140984320072E-17, -0.4999999999999980571 ) ) ;
#3141 = ORIENTED_EDGE ( 'NONE', *, *, #11721, .F. ) ;
#3142 = VECTOR ( 'NONE', #11407, 1000.000000000000114 ) ;
#3143 = DIRECTION ( 'NONE',  ( -0.6785983445458488861, 0.6785983445458488861, -0.2810846377148115138 ) ) ;
#3144 = PLANE ( 'NONE',  #6364 ) ;
#3145 = CARTESIAN_POINT ( 'NONE',  ( -60.30000000000003268, 21.80000000000001847, 13.75000000000001776 ) ) ;
#3146 = PLANE ( 'NONE',  #8950 ) ;
#3147 = ORIENTED_EDGE ( 'NONE', *, *, #11228, .F. ) ;
#3148 = DIRECTION ( 'NONE',  ( 1.000000000000000000, 1.114860845743448580E-16, 0.000000000000000000 ) ) ;
#3149 = VERTEX_POINT ( 'NONE', #924 ) ;
#3150 = ADVANCED_FACE ( 'NONE', ( #10374 ), #2859, .F. ) ;
#3151 = ORIENTED_EDGE ( 'NONE', *, *, #2869, .T. ) ;
#3152 = EDGE_CURVE ( 'NONE', #10083, #6764, #4571, .T. ) ;
#3153 = DIRECTION ( 'NONE',  ( 0.6546536707079748663, 0.6546536707079770867, 0.3779644730092314164 ) ) ;
#3154 = DIRECTION ( 'NONE',  ( -0.7071067811865376918, -9.199760500100116639E-17, -0.7071067811865573427 ) ) ;
#3155 = ORIENTED_EDGE ( 'NONE', *, *, #10144, .F. ) ;
#3156 = AXIS2_PLACEMENT_3D ( 'NONE', #1712, #9300, #10362 ) ;
#3157 = CONICAL_SURFACE ( 'NONE', #361, 2.200000000000007283, 0.7853981633974407295 ) ;
#3158 = DIRECTION ( 'NONE',  ( 0.8660254037844383745, 0.000000000000000000, -0.5000000000000004441 ) ) ;
#3159 = ORIENTED_EDGE ( 'NONE', *, *, #1077, .F. ) ;
#3160 = ADVANCED_FACE ( 'NONE', ( #6471 ), #3682, .T. ) ;
#3161 = EDGE_LOOP ( 'NONE', ( #278, #12297, #9425, #6121 ) ) ;
#3162 = EDGE_CURVE ( 'NONE', #791, #9993, #5733, .T. ) ;
#3163 = PLANE ( 'NONE',  #6763 ) ;
#3164 = VECTOR ( 'NONE', #4279, 1000.000000000000114 ) ;
#3165 = DIRECTION ( 'NONE',  ( 0.7071067811865475727, 0.000000000000000000, 0.7071067811865475727 ) ) ;
#3166 = AXIS2_PLACEMENT_3D ( 'NONE', #11986, #8099, #5961 ) ;
#3167 = ORIENTED_EDGE ( 'NONE', *, *, #6755, .F. ) ;
#3168 = EDGE_CURVE ( 'NONE', #5534, #5952, #8440, .T. ) ;
#3169 = EDGE_LOOP ( 'NONE', ( #2496, #6015, #9705, #5070, #3881 ) ) ;
#3170 = CARTESIAN_POINT ( 'NONE',  ( 50.19999999999999574, 30.80000000000002558, 10.99999999999997691 ) ) ;
#3171 = VECTOR ( 'NONE', #6820, 1000.000000000000227 ) ;
#3172 = ADVANCED_FACE ( 'NONE', ( #12241 ), #10556, .F. ) ;
#3173 = CARTESIAN_POINT ( 'NONE',  ( 93.35000000000000853, -30.35000000000010090, 5.000000000000000000 ) ) ;
#3174 = ORIENTED_EDGE ( 'NONE', *, *, #11204, .T. ) ;
#3175 = ORIENTED_EDGE ( 'NONE', *, *, #5968, .T. ) ;
#3176 = VECTOR ( 'NONE', #6295, 1000.000000000000114 ) ;
#3177 = ORIENTED_EDGE ( 'NONE', *, *, #8891, .F. ) ;
#3178 = DIRECTION ( 'NONE',  ( -1.000000000000000000, -0.000000000000000000, -0.000000000000000000 ) ) ;
#3179 = DIRECTION ( 'NONE',  ( 0.6546536707079747552, -0.6546536707079770867, -0.3779644730092314164 ) ) ;
#3180 = CARTESIAN_POINT ( 'NONE',  ( -27.30000000000003624, -23.79999999999999361, 15.12361162513371227 ) ) ;
#3181 = DIRECTION ( 'NONE',  ( 0.000000000000000000, 0.000000000000000000, 1.000000000000000000 ) ) ;
#3182 = CARTESIAN_POINT ( 'NONE',  ( 0.4269224668742360174, 23.52692246687428579, 16.55366347814542749 ) ) ;
#3183 = CARTESIAN_POINT ( 'NONE',  ( 77.80000000000005400, -23.80000000000000782, 10.00000000000000000 ) ) ;
#3184 = DIRECTION ( 'NONE',  ( 0.000000000000000000, 0.000000000000000000, 1.000000000000000000 ) ) ;
#3185 = DIRECTION ( 'NONE',  ( 0.6546536707079742001, -0.6546536707079833040, -0.3779644730092215354 ) ) ;
#3186 = VECTOR ( 'NONE', #8837, 1000.000000000000000 ) ;
#3187 = VECTOR ( 'NONE', #6875, 1000.000000000000000 ) ;
#3188 = VERTEX_POINT ( 'NONE', #744 ) ;
#3189 = LINE ( 'NONE', #1191, #1387 ) ;
#3190 = ORIENTED_EDGE ( 'NONE', *, *, #9590, .F. ) ;
#3191 = ORIENTED_EDGE ( 'NONE', *, *, #2948, .F. ) ;
#3192 = LINE ( 'NONE', #7820, #6094 ) ;
#3193 = VERTEX_POINT ( 'NONE', #8563 ) ;
#3194 = PLANE ( 'NONE',  #7754 ) ;
#3195 = ORIENTED_EDGE ( 'NONE', *, *, #8191, .T. ) ;
#3196 = VECTOR ( 'NONE', #5511, 1000.000000000000114 ) ;
#3197 = AXIS2_PLACEMENT_3D ( 'NONE', #12289, #3910, #1788 ) ;
#3198 = CARTESIAN_POINT ( 'NONE',  ( 50.19999999999998153, 20.80000000000000426, 10.99999999999997691 ) ) ;
#3199 = CARTESIAN_POINT ( 'NONE',  ( -28.30000000000003268, 20.79999999999999716, 19.45373864405591391 ) ) ;
#3200 = CARTESIAN_POINT ( 'NONE',  ( 93.35000000000000853, 23.64999999999997726, 5.000000000000000000 ) ) ;
#3201 = ADVANCED_FACE ( 'NONE', ( #9562 ), #7479, .F. ) ;
#3202 = VERTEX_POINT ( 'NONE', #1729 ) ;
#3203 = ORIENTED_EDGE ( 'NONE', *, *, #6539, .T. ) ;
#3204 = VERTEX_POINT ( 'NONE', #5621 ) ;
#3205 = ORIENTED_EDGE ( 'NONE', *, *, #10129, .F. ) ;
#3206 = VECTOR ( 'NONE', #380, 1000.000000000000000 ) ;
#3207 = DIRECTION ( 'NONE',  ( 1.000000000000000000, 0.000000000000000000, 0.000000000000000000 ) ) ;
#3208 = DIRECTION ( 'NONE',  ( 0.8660254037844387076, 9.654978140984307746E-17, 0.4999999999999998335 ) ) ;
#3209 = VERTEX_POINT ( 'NONE', #10498 ) ;
#3210 = LINE ( 'NONE', #8781, #2724 ) ;
#3211 = DIRECTION ( 'NONE',  ( 0.000000000000000000, 0.000000000000000000, 1.000000000000000000 ) ) ;
#3212 = CARTESIAN_POINT ( 'NONE',  ( -48.04999999999999716, 20.79999999999999361, 14.54626135594409853 ) ) ;
#3213 = VECTOR ( 'NONE', #2987, 1000.000000000000000 ) ;
#3214 = VECTOR ( 'NONE', #10251, 1000.000000000000114 ) ;
#3215 = CARTESIAN_POINT ( 'NONE',  ( 77.80000000000005400, -20.79999999999998650, 6.999999999999999112 ) ) ;
#3216 = DIRECTION ( 'NONE',  ( -0.7071067811865475727, -0.7071067811865475727, 0.000000000000000000 ) ) ;
#3217 = LINE ( 'NONE', #1324, #6732 ) ;
#3218 = EDGE_CURVE ( 'NONE', #11569, #2873, #6533, .T. ) ;
#3219 = ORIENTED_EDGE ( 'NONE', *, *, #8889, .T. ) ;
#3220 = DIRECTION ( 'NONE',  ( 0.000000000000000000, 0.000000000000000000, -1.000000000000000000 ) ) ;
#3221 = VERTEX_POINT ( 'NONE', #2800 ) ;
#3222 = ORIENTED_EDGE ( 'NONE', *, *, #11141, .T. ) ;
#3223 = VERTEX_POINT ( 'NONE', #9446 ) ;
#3224 = DIRECTION ( 'NONE',  ( -1.301042606982605321E-16, 1.000000000000000000, -0.000000000000000000 ) ) ;
#3225 = ORIENTED_EDGE ( 'NONE', *, *, #762, .T. ) ;
#3226 = LINE ( 'NONE', #409, #5899 ) ;
#3227 = EDGE_LOOP ( 'NONE', ( #3649, #344, #7198, #10986, #11928, #7560, #6380, #4819, #9216, #6960, #5862, #3246, #9711, #10459, #4346, #6904, #7340, #4047, #7994 ) ) ;
#3228 = VECTOR ( 'NONE', #5536, 1000.000000000000000 ) ;
#3229 = DIRECTION ( 'NONE',  ( -6.308085367188384325E-16, 1.000000000000000000, -0.000000000000000000 ) ) ;
#3230 = LINE ( 'NONE', #4866, #10264 ) ;
#3231 = EDGE_CURVE ( 'NONE', #641, #3989, #7606, .T. ) ;
#3232 = ORIENTED_EDGE ( 'NONE', *, *, #6291, .F. ) ;
#3233 = EDGE_CURVE ( 'NONE', #5727, #11916, #12295, .T. ) ;
#3234 = DIRECTION ( 'NONE',  ( -0.5773502691896261751, 0.5773502691896260641, -0.5773502691896251759 ) ) ;
#3235 = EDGE_CURVE ( 'NONE', #8761, #10647, #8368, .T. ) ;
#3236 = VECTOR ( 'NONE', #10328, 1000.000000000000000 ) ;
#3237 = CARTESIAN_POINT ( 'NONE',  ( 34.69999999999995310, -21.80000000000002913, 15.55662432702593634 ) ) ;
#3238 = ORIENTED_EDGE ( 'NONE', *, *, #11334, .T. ) ;
#3239 = PERSON_AND_ORGANIZATION ( #6357, #11785 ) ;
#3240 = CARTESIAN_POINT ( 'NONE',  ( 1.199999999999953770, 21.80000000000000071, 14.11324865405187090 ) ) ;
#3241 = ORIENTED_EDGE ( 'NONE', *, *, #3045, .F. ) ;
#3242 = VERTEX_POINT ( 'NONE', #5674 ) ;
#3243 = VECTOR ( 'NONE', #12095, 1000.000000000000000 ) ;
#3244 = AXIS2_PLACEMENT_3D ( 'NONE', #6227, #10255, #496 ) ;
#3245 = EDGE_CURVE ( 'NONE', #9378, #7400, #7610, .T. ) ;
#3246 = ORIENTED_EDGE ( 'NONE', *, *, #11161, .T. ) ;
#3247 = CARTESIAN_POINT ( 'NONE',  ( 82.80000000000005400, -29.80000000000000782, 6.999999999999999112 ) ) ;
#3248 = DIRECTION ( 'NONE',  ( 0.3535533905932746190, 0.7071067811865462405, -0.6123724356957955806 ) ) ;
#3249 = PLANE ( 'NONE',  #7871 ) ;
#3250 = CARTESIAN_POINT ( 'NONE',  ( 39.69999999999996021, -21.80000000000001492, 18.44337567297406721 ) ) ;
#3251 = VECTOR ( 'NONE', #4707, 1000.000000000000000 ) ;
#3252 = EDGE_CURVE ( 'NONE', #8231, #9939, #1911, .T. ) ;
#3253 = LINE ( 'NONE', #7042, #2603 ) ;
#3254 = ORIENTED_EDGE ( 'NONE', *, *, #11694, .F. ) ;
#3255 = DIRECTION ( 'NONE',  ( 0.000000000000000000, 0.7071067811865597852, 0.7071067811865352493 ) ) ;
#3256 = ORIENTED_EDGE ( 'NONE', *, *, #1736, .F. ) ;
#3257 = DIRECTION ( 'NONE',  ( 1.000000000000000000, 0.000000000000000000, 0.000000000000000000 ) ) ;
#3258 = EDGE_LOOP ( 'NONE', ( #9822, #9045, #3691, #6249, #6950, #11452, #10555, #12014, #11788, #5619, #8200, #4161 ) ) ;
#3259 = DIRECTION ( 'NONE',  ( 1.301042606982605321E-16, -1.000000000000000000, 0.000000000000000000 ) ) ;
#3260 = EDGE_CURVE ( 'NONE', #6663, #8577, #4811, .T. ) ;
#3261 = ORIENTED_EDGE ( 'NONE', *, *, #9395, .F. ) ;
#3262 = CARTESIAN_POINT ( 'NONE',  ( -24.05000000000005045, -24.79999999999999716, 19.59807621135332312 ) ) ;
#3263 = DIRECTION ( 'NONE',  ( -0.8660254037844383745, -1.088633767200839306E-16, -0.5000000000000004441 ) ) ;
#3264 = LINE ( 'NONE', #5136, #5975 ) ;
#3265 = EDGE_LOOP ( 'NONE', ( #8411, #4859, #3279, #4302 ) ) ;
#3266 = ORIENTED_EDGE ( 'NONE', *, *, #3300, .F. ) ;
#3267 = DIRECTION ( 'NONE',  ( 0.000000000000000000, 0.7071067811865462405, 0.7071067811865487940 ) ) ;
#3268 = ORIENTED_EDGE ( 'NONE', *, *, #3423, .T. ) ;
#3269 = ORIENTED_EDGE ( 'NONE', *, *, #2846, .T. ) ;
#3270 = CARTESIAN_POINT ( 'NONE',  ( 1.199999999999962652, -57.98150098949683695, 19.88675134594813443 ) ) ;
#3271 = PLANE ( 'NONE',  #12277 ) ;
#3272 = ORIENTED_EDGE ( 'NONE', *, *, #6024, .F. ) ;
#3273 = DIRECTION ( 'NONE',  ( -0.000000000000000000, -0.000000000000000000, -1.000000000000000000 ) ) ;
#3274 = LINE ( 'NONE', #9150, #4065 ) ;
#3275 = DIRECTION ( 'NONE',  ( -0.7071067811865411334, 8.659560562354853972E-17, 0.7071067811865539010 ) ) ;
#3276 = CARTESIAN_POINT ( 'NONE',  ( 62.00288568297005298, 20.80000000000000426, -1.361404610069671950 ) ) ;
#3277 = LINE ( 'NONE', #11903, #12159 ) ;
#3278 = CARTESIAN_POINT ( 'NONE',  ( 91.05000000000001137, 27.00000000000000355, 4.499999999999970690 ) ) ;
#3279 = ORIENTED_EDGE ( 'NONE', *, *, #5527, .T. ) ;
#3280 = LINE ( 'NONE', #4284, #10805 ) ;
#3281 = ORIENTED_EDGE ( 'NONE', *, *, #10307, .T. ) ;
#3282 = AXIS2_PLACEMENT_3D ( 'NONE', #3454, #11461, #6793 ) ;
#3283 = CARTESIAN_POINT ( 'NONE',  ( -74.82211431702998539, 30.80000000000000782, 39.81810333988046580 ) ) ;
#3284 = CARTESIAN_POINT ( 'NONE',  ( 93.35000000000000853, 23.64999999999997726, 5.000000000000000000 ) ) ;
#3285 = VERTEX_POINT ( 'NONE', #3867 ) ;
#3286 = DIRECTION ( 'NONE',  ( -0.8660254037844383745, -9.654978140984305281E-17, 0.5000000000000003331 ) ) ;
#3287 = ORIENTED_EDGE ( 'NONE', *, *, #10612, .T. ) ;
#3288 = VERTEX_POINT ( 'NONE', #11492 ) ;
#3289 = LINE ( 'NONE', #9231, #12059 ) ;
#3290 = EDGE_CURVE ( 'NONE', #6981, #8049, #5843, .T. ) ;
#3291 = LINE ( 'NONE', #7076, #2256 ) ;
#3292 = VECTOR ( 'NONE', #11809, 1000.000000000000000 ) ;
#3293 = CARTESIAN_POINT ( 'NONE',  ( 92.85000000000000853, 33.00000000000000000, 0.000000000000000000 ) ) ;
#3294 = VERTEX_POINT ( 'NONE', #7859 ) ;
#3295 = APPROVAL_STATUS ( 'not_yet_approved' ) ;
#3296 = EDGE_CURVE ( 'NONE', #3294, #11890, #11669, .T. ) ;
#3297 = ADVANCED_FACE ( 'NONE', ( #3917 ), #1046, .F. ) ;
#3298 = VERTEX_POINT ( 'NONE', #4429 ) ;
#3299 = ORIENTED_EDGE ( 'NONE', *, *, #7721, .T. ) ;
#3300 = EDGE_CURVE ( 'NONE', #338, #531, #2273, .T. ) ;
#3301 = VERTEX_POINT ( 'NONE', #2406 ) ;
#3302 = CARTESIAN_POINT ( 'NONE',  ( 92.84999999999998010, 24.15000000000000568, 1.000000000000000000 ) ) ;
#3303 = DIRECTION ( 'NONE',  ( 1.000000000000000000, 3.469446951953611724E-16, 0.000000000000000000 ) ) ;
#3304 = DIRECTION ( 'NONE',  ( 0.000000000000000000, 0.000000000000000000, 1.000000000000000000 ) ) ;
#3305 = PLANE ( 'NONE',  #1116 ) ;
#3306 = LINE ( 'NONE', #7867, #10990 ) ;
#3307 = CARTESIAN_POINT ( 'NONE',  ( 47.78653876656274235, -13.71346123343715817, 23.11214100666147075 ) ) ;
#3308 = FACE_OUTER_BOUND ( 'NONE', #11762, .T. ) ;
#3309 = FACE_OUTER_BOUND ( 'NONE', #5455, .T. ) ;
#3310 = ADVANCED_FACE ( 'NONE', ( #6211 ), #1402, .T. ) ;
#3311 = ORIENTED_EDGE ( 'NONE', *, *, #11572, .F. ) ;
#3312 = DIRECTION ( 'NONE',  ( -1.000000000000000000, 0.000000000000000000, 0.000000000000000000 ) ) ;
#3313 = EDGE_LOOP ( 'NONE', ( #12205, #1236, #7083, #7010 ) ) ;
#3314 = CARTESIAN_POINT ( 'NONE',  ( -91.05000000000001137, 27.00000000000000355, 4.499999999999970690 ) ) ;
#3315 = EDGE_CURVE ( 'NONE', #9410, #2832, #5235, .T. ) ;
#3316 = ORIENTED_EDGE ( 'NONE', *, *, #3630, .T. ) ;
#3317 = ADVANCED_FACE ( 'NONE', ( #976 ), #7402, .F. ) ;
#3318 = EDGE_LOOP ( 'NONE', ( #12040, #3254, #8675, #5297 ) ) ;
#3319 = VECTOR ( 'NONE', #9369, 1000.000000000000000 ) ;
#3320 = CARTESIAN_POINT ( 'NONE',  ( -26.30000000000003268, -24.79999999999999716, 18.87638837486628418 ) ) ;
#3321 = CARTESIAN_POINT ( 'NONE',  ( -47.05000000000003979, -23.80000000000004334, 15.12361162513371760 ) ) ;
#3322 = LINE ( 'NONE', #1255, #11153 ) ;
#3323 = ORIENTED_EDGE ( 'NONE', *, *, #5810, .F. ) ;
#3324 = EDGE_CURVE ( 'NONE', #7228, #8764, #11288, .T. ) ;
#3325 = ORIENTED_EDGE ( 'NONE', *, *, #9224, .T. ) ;
#3326 = CIRCLE ( 'NONE', #11113, 1.700000000000007061 ) ;
#3327 = CARTESIAN_POINT ( 'NONE',  ( -27.30000000000004334, 29.80000000000000071, 18.87638837486628418 ) ) ;
#3328 = VERTEX_POINT ( 'NONE', #11225 ) ;
#3329 = ORIENTED_EDGE ( 'NONE', *, *, #3088, .T. ) ;
#3330 = VECTOR ( 'NONE', #8759, 1000.000000000000000 ) ;
#3331 = CARTESIAN_POINT ( 'NONE',  ( 1.199999999999944222, 29.08571428571429607, 19.06196524710580675 ) ) ;
#3332 = DIRECTION ( 'NONE',  ( -0.000000000000000000, -0.000000000000000000, -1.000000000000000000 ) ) ;
#3333 = ORIENTED_EDGE ( 'NONE', *, *, #9348, .T. ) ;
#3334 = VECTOR ( 'NONE', #1653, 1000.000000000000000 ) ;
#3335 = LINE ( 'NONE', #7190, #11048 ) ;
#3336 = CARTESIAN_POINT ( 'NONE',  ( 37.19999999999996021, -23.79999999999999361, 19.88675134594813088 ) ) ;
#3337 = CARTESIAN_POINT ( 'NONE',  ( 84.79999999999995453, -32.29999999999995453, 6.000000000000000000 ) ) ;
#3338 = ORIENTED_EDGE ( 'NONE', *, *, #839, .F. ) ;
#3339 = DIRECTION ( 'NONE',  ( -0.8660254037844383745, -9.654978140984305281E-17, -0.5000000000000003331 ) ) ;
#3340 = ORIENTED_EDGE ( 'NONE', *, *, #11796, .T. ) ;
#3341 = CARTESIAN_POINT ( 'NONE',  ( 66.29711431702997970, -24.79999999999998650, 45.92358243656075700 ) ) ;
#3342 = LINE ( 'NONE', #2200, #3976 ) ;
#3343 = ORIENTED_EDGE ( 'NONE', *, *, #3450, .F. ) ;
#3344 = CARTESIAN_POINT ( 'NONE',  ( 16.69999999999994955, 29.79999999999999361, 18.44337567297407077 ) ) ;
#3345 = CARTESIAN_POINT ( 'NONE',  ( 87.64999999999996305, 27.00000000000000355, 5.000000000000000000 ) ) ;
#3346 = EDGE_CURVE ( 'NONE', #195, #7186, #2847, .T. ) ;
#3347 = AXIS2_PLACEMENT_3D ( 'NONE', #11226, #7404, #2658 ) ;
#3348 = LINE ( 'NONE', #10167, #7396 ) ;
#3349 = EDGE_LOOP ( 'NONE', ( #8006, #8697, #3261, #1251, #3481, #11093 ) ) ;
#3350 = ADVANCED_FACE ( 'NONE', ( #6462 ), #854, .T. ) ;
#3351 = VERTEX_POINT ( 'NONE', #8425 ) ;
#3352 = EDGE_CURVE ( 'NONE', #3369, #5550, #10425, .T. ) ;
#3353 = VECTOR ( 'NONE', #6275, 1000.000000000000000 ) ;
#3354 = EDGE_LOOP ( 'NONE', ( #10960, #8127, #7842, #1657 ) ) ;
#3355 = VERTEX_POINT ( 'NONE', #9551 ) ;
#3356 = ORIENTED_EDGE ( 'NONE', *, *, #7778, .F. ) ;
#3357 = VECTOR ( 'NONE', #10171, 1000.000000000000000 ) ;
#3358 = EDGE_LOOP ( 'NONE', ( #11737, #11311, #6879, #7776 ) ) ;
#3359 = CARTESIAN_POINT ( 'NONE',  ( 19.19999999999994955, -23.79999999999999716, 14.11324865405187268 ) ) ;
#3360 = DIRECTION ( 'NONE',  ( 0.000000000000000000, 0.000000000000000000, -1.000000000000000000 ) ) ;
#3361 = CARTESIAN_POINT ( 'NONE',  ( 77.80000000000005400, -24.79999999999998650, 26.00000000000000355 ) ) ;
#3362 = LINE ( 'NONE', #4562, #518 ) ;
#3363 = DIRECTION ( 'NONE',  ( -0.000000000000000000, -0.7071067811865303643, -0.7071067811865646702 ) ) ;
#3364 = CARTESIAN_POINT ( 'NONE',  ( 51.19999999999995310, -20.79999999999998650, 10.99999999999997691 ) ) ;
#3365 = DIRECTION ( 'NONE',  ( 0.000000000000000000, 0.000000000000000000, -1.000000000000000000 ) ) ;
#3366 = CARTESIAN_POINT ( 'NONE',  ( -47.05000000000003268, -57.98150098949685116, 18.87638837486628418 ) ) ;
#3367 = EDGE_CURVE ( 'NONE', #1108, #2860, #9492, .T. ) ;
#3368 = DIRECTION ( 'NONE',  ( 0.000000000000000000, 0.000000000000000000, 1.000000000000000000 ) ) ;
#3369 = VERTEX_POINT ( 'NONE', #4800 ) ;
#3370 = DIRECTION ( 'NONE',  ( -0.5773502691896270633, -0.5773502691896270633, -0.5773502691896231775 ) ) ;
#3371 = AXIS2_PLACEMENT_3D ( 'NONE', #2524, #4236, #2588 ) ;
#3372 = EDGE_LOOP ( 'NONE', ( #3510, #10661, #8838, #6951 ) ) ;
#3373 = VECTOR ( 'NONE', #2154, 1000.000000000000000 ) ;
#3374 = ORIENTED_EDGE ( 'NONE', *, *, #2277, .F. ) ;
#3375 = FACE_OUTER_BOUND ( 'NONE', #12214, .T. ) ;
#3376 = AXIS2_PLACEMENT_3D ( 'NONE', #5535, #5415, #11354 ) ;
#3377 = VERTEX_POINT ( 'NONE', #9364 ) ;
#3378 = CARTESIAN_POINT ( 'NONE',  ( 56.50288568297001746, 20.80000000000000426, -10.88768405169851583 ) ) ;
#3379 = FACE_OUTER_BOUND ( 'NONE', #67, .T. ) ;
#3380 = EDGE_CURVE ( 'NONE', #2638, #1069, #6521, .T. ) ;
#3381 = ADVANCED_FACE ( 'NONE', ( #6644 ), #795, .F. ) ;
#3382 = AXIS2_PLACEMENT_3D ( 'NONE', #10461, #10581, #7566 ) ;
#3383 = DIRECTION ( 'NONE',  ( 0.7071067811865475727, 0.7071067811865475727, 0.000000000000000000 ) ) ;
#3384 = AXIS2_PLACEMENT_3D ( 'NONE', #8955, #386, #10036 ) ;
#3385 = ADVANCED_FACE ( 'NONE', ( #10485, #2590 ), #12231, .F. ) ;
#3386 = DIRECTION ( 'NONE',  ( 0.000000000000000000, 0.000000000000000000, 1.000000000000000000 ) ) ;
#3387 = EDGE_LOOP ( 'NONE', ( #10792, #9683, #9026, #10007 ) ) ;
#3388 = DIRECTION ( 'NONE',  ( -1.000000000000000000, 0.000000000000000000, 0.000000000000000000 ) ) ;
#3389 = PLANE ( 'NONE',  #532 ) ;
#3390 = ORIENTED_EDGE ( 'NONE', *, *, #9352, .T. ) ;
#3391 = LINE ( 'NONE', #11899, #7993 ) ;
#3392 = DIRECTION ( 'NONE',  ( -1.301042606982605321E-16, 1.000000000000000000, 0.000000000000000000 ) ) ;
#3393 = AXIS2_PLACEMENT_3D ( 'NONE', #4466, #11205, #8261 ) ;
#3394 = VECTOR ( 'NONE', #754, 1000.000000000000114 ) ;
#3395 = VERTEX_POINT ( 'NONE', #10241 ) ;
#3396 = DIRECTION ( 'NONE',  ( 0.000000000000000000, 0.000000000000000000, -1.000000000000000000 ) ) ;
#3397 = EDGE_CURVE ( 'NONE', #398, #11644, #7468, .T. ) ;
#3398 = LINE ( 'NONE', #1885, #11190 ) ;
#3399 = DIRECTION ( 'NONE',  ( 0.000000000000000000, 0.000000000000000000, 1.000000000000000000 ) ) ;
#3400 = CARTESIAN_POINT ( 'NONE',  ( 89.34999999999998010, -27.00000000000000355, 5.000000000000000000 ) ) ;
#3401 = EDGE_CURVE ( 'NONE', #9564, #7789, #10360, .T. ) ;
#3402 = ORIENTED_EDGE ( 'NONE', *, *, #9352, .F. ) ;
#3403 = AXIS2_PLACEMENT_3D ( 'NONE', #4258, #5360, #10183 ) ;
#3404 = AXIS2_PLACEMENT_3D ( 'NONE', #2287, #3994, #5057 ) ;
#3405 = EDGE_LOOP ( 'NONE', ( #845, #11497, #2426 ) ) ;
#3406 = FACE_OUTER_BOUND ( 'NONE', #8656, .T. ) ;
#3407 = VERTEX_POINT ( 'NONE', #4679 ) ;
#3408 = CARTESIAN_POINT ( 'NONE',  ( -29.91977960973147788, -19.18022039026853776, 20.38891883776228653 ) ) ;
#3409 = CARTESIAN_POINT ( 'NONE',  ( -43.80000000000001137, -57.98150098949685116, 13.24722325026742809 ) ) ;
#3410 = EDGE_CURVE ( 'NONE', #480, #5023, #6580, .T. ) ;
#3411 = DIRECTION ( 'NONE',  ( -0.8660254037844388186, -9.654978140984310211E-17, -0.4999999999999996114 ) ) ;
#3412 = DIRECTION ( 'NONE',  ( -0.7071067811865474617, -0.7071067811865474617, -0.000000000000000000 ) ) ;
#3413 = ORIENTED_EDGE ( 'NONE', *, *, #8977, .T. ) ;
#3414 = DIRECTION ( 'NONE',  ( 1.000000000000000000, 0.000000000000000000, 0.000000000000000000 ) ) ;
#3415 = ORIENTED_EDGE ( 'NONE', *, *, #11505, .F. ) ;
#3416 = ORIENTED_EDGE ( 'NONE', *, *, #11982, .F. ) ;
#3417 = AXIS2_PLACEMENT_3D ( 'NONE', #10604, #217, #9738 ) ;
#3418 = VECTOR ( 'NONE', #37, 1000.000000000000000 ) ;
#3419 = EDGE_LOOP ( 'NONE', ( #4288, #3621, #8306, #5144 ) ) ;
#3420 = PLANE ( 'NONE',  #5391 ) ;
#3421 = ORIENTED_EDGE ( 'NONE', *, *, #1965, .T. ) ;
#3422 = ORIENTED_EDGE ( 'NONE', *, *, #5870, .F. ) ;
#3423 = EDGE_CURVE ( 'NONE', #6143, #2134, #11157, .T. ) ;
#3424 = ORIENTED_EDGE ( 'NONE', *, *, #5305, .F. ) ;
#3425 = DIRECTION ( 'NONE',  ( 1.301042606982605321E-16, -1.000000000000000000, 0.000000000000000000 ) ) ;
#3426 = CARTESIAN_POINT ( 'NONE',  ( 19.19999999999995666, -21.79999999999995808, 19.88675134594813443 ) ) ;
#3427 = EDGE_CURVE ( 'NONE', #2149, #9902, #7595, .T. ) ;
#3428 = LINE ( 'NONE', #12115, #9230 ) ;
#3429 = VECTOR ( 'NONE', #6424, 999.9999999999998863 ) ;
#3430 = FACE_OUTER_BOUND ( 'NONE', #669, .T. ) ;
#3431 = CARTESIAN_POINT ( 'NONE',  ( -84.30000000000006821, 32.80000000000001137, 5.000000000000000000 ) ) ;
#3432 = LINE ( 'NONE', #2352, #2802 ) ;
#3433 = PLANE ( 'NONE',  #6385 ) ;
#3434 = EDGE_LOOP ( 'NONE', ( #10506, #2236, #2448, #2877 ) ) ;
#3435 = CARTESIAN_POINT ( 'NONE',  ( 87.64999999999996305, -27.00000000000000355, 3.000000000000000000 ) ) ;
#3436 = VECTOR ( 'NONE', #10109, 1000.000000000000000 ) ;
#3437 = ORIENTED_EDGE ( 'NONE', *, *, #2668, .T. ) ;
#3438 = AXIS2_PLACEMENT_3D ( 'NONE', #9980, #7967, #5154 ) ;
#3439 = ORIENTED_EDGE ( 'NONE', *, *, #8766, .F. ) ;
#3440 = ORIENTED_EDGE ( 'NONE', *, *, #7894, .T. ) ;
#3441 = EDGE_CURVE ( 'NONE', #2677, #1419, #1955, .T. ) ;
#3442 = CARTESIAN_POINT ( 'NONE',  ( 82.80000000000005400, -29.80000000000000782, 26.00000000000000355 ) ) ;
#3443 = FACE_OUTER_BOUND ( 'NONE', #2754, .T. ) ;
#3444 = DIRECTION ( 'NONE',  ( -0.000000000000000000, -0.000000000000000000, -1.000000000000000000 ) ) ;
#3445 = ORIENTED_EDGE ( 'NONE', *, *, #2266, .F. ) ;
#3446 = LINE ( 'NONE', #8321, #10732 ) ;
#3447 = DIRECTION ( 'NONE',  ( -0.7071067811865574537, -7.883256641045731316E-17, 0.7071067811865376918 ) ) ;
#3448 = VERTEX_POINT ( 'NONE', #2139 ) ;
#3449 = ORIENTED_EDGE ( 'NONE', *, *, #2791, .T. ) ;
#3450 = EDGE_CURVE ( 'NONE', #56, #7178, #2960, .T. ) ;
#3451 = ADVANCED_FACE ( 'NONE', ( #2898 ), #3023, .F. ) ;
#3452 = DIRECTION ( 'NONE',  ( 0.000000000000000000, 0.000000000000000000, -1.000000000000000000 ) ) ;
#3453 = DIRECTION ( 'NONE',  ( 0.8660254037844388186, 0.000000000000000000, 0.4999999999999996114 ) ) ;
#3454 = CARTESIAN_POINT ( 'NONE',  ( 91.34999999999998010, 33.00000000000000000, 5.000000000000000000 ) ) ;
#3455 = ORIENTED_EDGE ( 'NONE', *, *, #5902, .T. ) ;
#3456 = EDGE_CURVE ( 'NONE', #10407, #3209, #5947, .T. ) ;
#3457 = LINE ( 'NONE', #4410, #12301 ) ;
#3458 = DIRECTION ( 'NONE',  ( 0.7071067811865474617, 8.888657488019557220E-17, 0.7071067811865474617 ) ) ;
#3459 = CARTESIAN_POINT ( 'NONE',  ( 3.699999999999967759, -57.98150098949683695, 18.44337567297406721 ) ) ;
#3460 = VERTEX_POINT ( 'NONE', #6757 ) ;
#3461 = FACE_OUTER_BOUND ( 'NONE', #7349, .T. ) ;
#3462 = ORIENTED_EDGE ( 'NONE', *, *, #7118, .T. ) ;
#3463 = EDGE_CURVE ( 'NONE', #11380, #5520, #7664, .T. ) ;
#3464 = CARTESIAN_POINT ( 'NONE',  ( -93.34999999999999432, 23.65000000000000568, 3.000000000000000000 ) ) ;
#3465 = CARTESIAN_POINT ( 'NONE',  ( -82.80000000000005400, -8.800000000000009592, 6.999999999999999112 ) ) ;
#3466 = EDGE_CURVE ( 'NONE', #9077, #9933, #5832, .T. ) ;
#3467 = LINE ( 'NONE', #8220, #9644 ) ;
#3468 = ADVANCED_FACE ( 'NONE', ( #1154 ), #11481, .F. ) ;
#3469 = FACE_OUTER_BOUND ( 'NONE', #2809, .T. ) ;
#3470 = DIRECTION ( 'NONE',  ( 0.000000000000000000, 0.000000000000000000, 1.000000000000000000 ) ) ;
#3471 = EDGE_LOOP ( 'NONE', ( #1816, #10469, #7152, #11155, #11167 ) ) ;
#3472 = ORIENTED_EDGE ( 'NONE', *, *, #5743, .T. ) ;
#3473 = VERTEX_POINT ( 'NONE', #10667 ) ;
#3474 = ADVANCED_FACE ( 'NONE', ( #8855 ), #8789, .F. ) ;
#3475 = LINE ( 'NONE', #7267, #3357 ) ;
#3476 = DIRECTION ( 'NONE',  ( 0.7071067811865474617, 0.7071067811865474617, -0.000000000000000000 ) ) ;
#3477 = CARTESIAN_POINT ( 'NONE',  ( -89.34999999999998010, -27.00000000000000355, 0.000000000000000000 ) ) ;
#3478 = EDGE_LOOP ( 'NONE', ( #9700, #3241, #11312, #60 ) ) ;
#3479 = DIRECTION ( 'NONE',  ( -0.000000000000000000, -0.000000000000000000, -1.000000000000000000 ) ) ;
#3480 = EDGE_LOOP ( 'NONE', ( #4500, #8864, #1827, #2150 ) ) ;
#3481 = ORIENTED_EDGE ( 'NONE', *, *, #4543, .F. ) ;
#3482 = CARTESIAN_POINT ( 'NONE',  ( 16.69999999999994955, 21.80000000000003979, 15.55662432702593634 ) ) ;
#3483 = CARTESIAN_POINT ( 'NONE',  ( -82.80000000000002558, -30.80000000000002913, 25.00000000000000000 ) ) ;
#3484 = CARTESIAN_POINT ( 'NONE',  ( 77.80000000000005400, -24.79999999999998650, 10.99999999999997335 ) ) ;
#3485 = LINE ( 'NONE', #3307, #8887 ) ;
#3486 = CARTESIAN_POINT ( 'NONE',  ( -87.64999999999996305, 27.00000000000000355, 1.000000000000000000 ) ) ;
#3487 = DIRECTION ( 'NONE',  ( -0.000000000000000000, 0.000000000000000000, -1.000000000000000000 ) ) ;
#3488 = CARTESIAN_POINT ( 'NONE',  ( -92.84999999999999432, 33.00000000000000000, 0.000000000000000000 ) ) ;
#3489 = EDGE_CURVE ( 'NONE', #8166, #10037, #2762, .T. ) ;
#3490 = ORIENTED_EDGE ( 'NONE', *, *, #1689, .T. ) ;
#3491 = EDGE_CURVE ( 'NONE', #1633, #2677, #4778, .T. ) ;
#3492 = FACE_OUTER_BOUND ( 'NONE', #9849, .T. ) ;
#3493 = CARTESIAN_POINT ( 'NONE',  ( -43.80000000000001137, -57.98150098949685116, 20.75277674973256836 ) ) ;
#3494 = ORIENTED_EDGE ( 'NONE', *, *, #6562, .F. ) ;
#3495 = CARTESIAN_POINT ( 'NONE',  ( 3.699999999999967759, -57.98150098949683695, 15.55662432702593811 ) ) ;
#3496 = ORIENTED_EDGE ( 'NONE', *, *, #2082, .F. ) ;
#3497 = DIRECTION ( 'NONE',  ( 0.000000000000000000, 1.000000000000000000, 0.000000000000000000 ) ) ;
#3498 = ORIENTED_EDGE ( 'NONE', *, *, #10355, .T. ) ;
#3499 = LINE ( 'NONE', #12132, #11576 ) ;
#3500 = CARTESIAN_POINT ( 'NONE',  ( -66.34038568297009419, 30.80000000000001137, -2.508888270083990513 ) ) ;
#3501 = CARTESIAN_POINT ( 'NONE',  ( -81.80000000000003979, 30.80000000000000782, 26.00000000000000355 ) ) ;
#3502 = LINE ( 'NONE', #7557, #1539 ) ;
#3503 = CARTESIAN_POINT ( 'NONE',  ( -77.80000000000005400, 20.79999999999999005, 26.00000000000000355 ) ) ;
#3504 = DIRECTION ( 'NONE',  ( 1.000000000000000000, 1.257045997084642365E-16, 0.000000000000000000 ) ) ;
#3505 = AXIS2_PLACEMENT_3D ( 'NONE', #1238, #10748, #5054 ) ;
#3506 = ORIENTED_EDGE ( 'NONE', *, *, #8644, .T. ) ;
#3507 = EDGE_CURVE ( 'NONE', #10527, #4784, #11521, .T. ) ;
#3508 = LINE ( 'NONE', #11199, #12324 ) ;
#3509 = PLANE ( 'NONE',  #178 ) ;
#3510 = ORIENTED_EDGE ( 'NONE', *, *, #106, .T. ) ;
#3511 = VECTOR ( 'NONE', #12108, 1000.000000000000000 ) ;
#3512 = DIRECTION ( 'NONE',  ( 0.7071067811865573427, 8.888657488019682944E-17, 0.7071067811865376918 ) ) ;
#3513 = PLANE ( 'NONE',  #1481 ) ;
#3514 = ORIENTED_EDGE ( 'NONE', *, *, #12167, .F. ) ;
#3515 = PLANE ( 'NONE',  #2511 ) ;
#3516 = EDGE_CURVE ( 'NONE', #4108, #10101, #10283, .T. ) ;
#3517 = CARTESIAN_POINT ( 'NONE',  ( -81.80000000000003979, 30.80000000000000782, 25.00000000000000000 ) ) ;
#3518 = LINE ( 'NONE', #2381, #11343 ) ;
#3519 = VECTOR ( 'NONE', #2298, 1000.000000000000000 ) ;
#3520 = EDGE_CURVE ( 'NONE', #2884, #3923, #3647, .T. ) ;
#3521 = ORIENTED_EDGE ( 'NONE', *, *, #11348, .F. ) ;
#3522 = ORIENTED_EDGE ( 'NONE', *, *, #11091, .T. ) ;
#3523 = LINE ( 'NONE', #2509, #10731 ) ;
#3524 = CARTESIAN_POINT ( 'NONE',  ( -93.34999999999999432, -30.35000000000000142, 3.000000000000000000 ) ) ;
#3525 = ORIENTED_EDGE ( 'NONE', *, *, #6977, .F. ) ;
#3526 = DIRECTION ( 'NONE',  ( 1.301042606982605321E-16, -1.000000000000000000, 0.000000000000000000 ) ) ;
#3527 = AXIS2_PLACEMENT_3D ( 'NONE', #9685, #9753, #1171 ) ;
#3528 = PLANE ( 'NONE',  #10233 ) ;
#3529 = VECTOR ( 'NONE', #6506, 1000.000000000000000 ) ;
#3530 = ORIENTED_EDGE ( 'NONE', *, *, #11748, .F. ) ;
#3531 = VECTOR ( 'NONE', #12310, 1000.000000000000114 ) ;
#3532 = EDGE_CURVE ( 'NONE', #10216, #2050, #12209, .T. ) ;
#3533 = EDGE_CURVE ( 'NONE', #8049, #1274, #7448, .T. ) ;
#3534 = LINE ( 'NONE', #2652, #228 ) ;
#3535 = ORIENTED_EDGE ( 'NONE', *, *, #276, .T. ) ;
#3536 = ORIENTED_EDGE ( 'NONE', *, *, #6307, .T. ) ;
#3537 = DIRECTION ( 'NONE',  ( 0.000000000000000000, 0.000000000000000000, 1.000000000000000000 ) ) ;
#3538 = EDGE_CURVE ( 'NONE', #6118, #7731, #9343, .T. ) ;
#3539 = VECTOR ( 'NONE', #3692, 1000.000000000000000 ) ;
#3540 = CARTESIAN_POINT ( 'NONE',  ( -82.80000000000005400, -8.800000000000009592, 26.00000000000000355 ) ) ;
#3541 = CARTESIAN_POINT ( 'NONE',  ( 83.80000000000005400, 0.000000000000000000, 6.000000000000000000 ) ) ;
#3542 = LINE ( 'NONE', #857, #517 ) ;
#3543 = PLANE ( 'NONE',  #5891 ) ;
#3544 = ORIENTED_EDGE ( 'NONE', *, *, #5744, .F. ) ;
#3545 = ORIENTED_EDGE ( 'NONE', *, *, #2277, .T. ) ;
#3546 = LINE ( 'NONE', #1720, #2302 ) ;
#3547 = VECTOR ( 'NONE', #10478, 1000.000000000000000 ) ;
#3548 = CARTESIAN_POINT ( 'NONE',  ( -75.80000000000005400, -23.80000000000002913, 12.74999999999999112 ) ) ;
#3549 = EDGE_CURVE ( 'NONE', #11969, #525, #5755, .T. ) ;
#3550 = CARTESIAN_POINT ( 'NONE',  ( -92.84999999999999432, -24.15000000000000568, 1.000000000000000000 ) ) ;
#3551 = VECTOR ( 'NONE', #3303, 1000.000000000000000 ) ;
#3552 = ORIENTED_EDGE ( 'NONE', *, *, #11660, .F. ) ;
#3553 = PERSON_AND_ORGANIZATION_ROLE ( 'creator' ) ;
#3554 = ADVANCED_FACE ( 'NONE', ( #7573 ), #2696, .F. ) ;
#3555 = LINE ( 'NONE', #5490, #10234 ) ;
#3556 = DIRECTION ( 'NONE',  ( 0.6546536707079764206, -0.6546536707079787520, -0.3779644730092256433 ) ) ;
#3557 = VERTEX_POINT ( 'NONE', #1884 ) ;
#3558 = DIRECTION ( 'NONE',  ( -0.8660254037844385966, -9.654978140984307746E-17, 0.4999999999999999445 ) ) ;
#3559 = DIRECTION ( 'NONE',  ( 0.6546536707079780859, 0.6546536707079751993, 0.3779644730092289184 ) ) ;
#3560 = AXIS2_PLACEMENT_3D ( 'NONE', #10780, #5878, #4217 ) ;
#3561 = ORIENTED_EDGE ( 'NONE', *, *, #7300, .T. ) ;
#3562 = ORIENTED_EDGE ( 'NONE', *, *, #12011, .F. ) ;
#3563 = DIRECTION ( 'NONE',  ( 0.8660254037844383745, 0.000000000000000000, 0.5000000000000004441 ) ) ;
#3564 = EDGE_LOOP ( 'NONE', ( #1055, #5147, #8469, #8020 ) ) ;
#3565 = DIRECTION ( 'NONE',  ( 0.000000000000000000, 0.000000000000000000, 1.000000000000000000 ) ) ;
#3566 = DIRECTION ( 'NONE',  ( 0.8660254037844385966, 1.088633767200839676E-16, 0.4999999999999999445 ) ) ;
#3567 = DIRECTION ( 'NONE',  ( 1.000000000000000000, -0.000000000000000000, -0.000000000000000000 ) ) ;
#3568 = DIRECTION ( 'NONE',  ( -1.000000000000000000, -1.257045997084642365E-16, 0.000000000000000000 ) ) ;
#3569 = DIRECTION ( 'NONE',  ( -0.000000000000000000, 1.000000000000000000, 0.000000000000000000 ) ) ;
#3570 = PLANE ( 'NONE',  #9555 ) ;
#3571 = AXIS2_PLACEMENT_3D ( 'NONE', #7822, #7108, #258 ) ;
#3572 = DIRECTION ( 'NONE',  ( -0.000000000000000000, -0.000000000000000000, -1.000000000000000000 ) ) ;
#3573 = PLANE ( 'NONE',  #5407 ) ;
#3574 = VERTEX_POINT ( 'NONE', #8463 ) ;
#3575 = LINE ( 'NONE', #763, #2109 ) ;
#3576 = ORIENTED_EDGE ( 'NONE', *, *, #2362, .F. ) ;
#3577 = ORIENTED_EDGE ( 'NONE', *, *, #10510, .T. ) ;
#3578 = CARTESIAN_POINT ( 'NONE',  ( -60.30000000000003268, 21.80000000000001847, 20.25000000000004619 ) ) ;
#3579 = CARTESIAN_POINT ( 'NONE',  ( -27.30000000000003268, -57.98150098949684406, 15.12361162513371227 ) ) ;
#3580 = VERTEX_POINT ( 'NONE', #9528 ) ;
#3581 = AXIS2_PLACEMENT_3D ( 'NONE', #5292, #9101, #3414 ) ;
#3582 = LINE ( 'NONE', #4473, #9331 ) ;
#3583 = ADVANCED_FACE ( 'NONE', ( #5643 ), #3832, .F. ) ;
#3584 = EDGE_CURVE ( 'NONE', #7029, #562, #9591, .T. ) ;
#3585 = DIRECTION ( 'NONE',  ( -0.3535533905932727317, 0.7071067811865497932, 0.6123724356957926940 ) ) ;
#3586 = ORIENTED_EDGE ( 'NONE', *, *, #11870, .F. ) ;
#3587 = EDGE_LOOP ( 'NONE', ( #5323, #11832, #297, #2086 ) ) ;
#3588 = AXIS2_PLACEMENT_3D ( 'NONE', #1989, #8523, #3158 ) ;
#3589 = VERTEX_POINT ( 'NONE', #8647 ) ;
#3590 = VECTOR ( 'NONE', #11839, 1000.000000000000000 ) ;
#3591 = DIRECTION ( 'NONE',  ( -0.6546536707079844142, 0.6546536707079730899, -0.3779644730092218685 ) ) ;
#3592 = CARTESIAN_POINT ( 'NONE',  ( 34.69999999999995310, -23.79999999999999361, 18.44337567297407077 ) ) ;
#3593 = DIRECTION ( 'NONE',  ( -1.439410157257233406E-14, 0.7071067811865567876, -0.7071067811865383579 ) ) ;
#3594 = EDGE_CURVE ( 'NONE', #1898, #4306, #9406, .T. ) ;
#3595 = DIRECTION ( 'NONE',  ( -1.000000000000000000, 0.000000000000000000, 0.000000000000000000 ) ) ;
#3596 = VECTOR ( 'NONE', #5145, 1000.000000000000000 ) ;
#3597 = EDGE_LOOP ( 'NONE', ( #8124, #3415, #9169, #4847 ) ) ;
#3598 = ORIENTED_EDGE ( 'NONE', *, *, #7492, .F. ) ;
#3599 = ORIENTED_EDGE ( 'NONE', *, *, #6409, .T. ) ;
#3600 = DIRECTION ( 'NONE',  ( 0.000000000000000000, 0.000000000000000000, -1.000000000000000000 ) ) ;
#3601 = CARTESIAN_POINT ( 'NONE',  ( 81.80000000000005400, -8.799999999999988276, 6.999999999999999112 ) ) ;
#3602 = LOCAL_TIME ( 15, 56, 57.00000000000000000, #11241 ) ;
#3603 = VECTOR ( 'NONE', #3048, 1000.000000000000114 ) ;
#3604 = EDGE_CURVE ( 'NONE', #7951, #10308, #6347, .T. ) ;
#3605 = DIRECTION ( 'NONE',  ( -0.000000000000000000, -1.000000000000000000, -0.000000000000000000 ) ) ;
#3606 = EDGE_CURVE ( 'NONE', #9258, #2357, #2544, .T. ) ;
#3607 = LINE ( 'NONE', #4498, #3319 ) ;
#3608 = EDGE_LOOP ( 'NONE', ( #370, #6627, #4246, #843 ) ) ;
#3609 = CARTESIAN_POINT ( 'NONE',  ( -82.80000000000003979, -15.50710678118656638, 19.29289321881346098 ) ) ;
#3610 = ORIENTED_EDGE ( 'NONE', *, *, #7841, .F. ) ;
#3611 = FACE_OUTER_BOUND ( 'NONE', #8743, .T. ) ;
#3612 = EDGE_CURVE ( 'NONE', #2120, #5819, #1732, .T. ) ;
#3613 = DIRECTION ( 'NONE',  ( 0.000000000000000000, 0.000000000000000000, 1.000000000000000000 ) ) ;
#3614 = LINE ( 'NONE', #11172, #7064 ) ;
#3615 = VECTOR ( 'NONE', #10820, 1000.000000000000000 ) ;
#3616 = AXIS2_PLACEMENT_3D ( 'NONE', #2212, #9871, #3165 ) ;
#3617 = LINE ( 'NONE', #1663, #4635 ) ;
#3618 = ORIENTED_EDGE ( 'NONE', *, *, #2378, .T. ) ;
#3619 = CARTESIAN_POINT ( 'NONE',  ( 70.79711431702999391, -24.79999999999998650, 38.12935380250081607 ) ) ;
#3620 = DIRECTION ( 'NONE',  ( 0.000000000000000000, 0.000000000000000000, 1.000000000000000000 ) ) ;
#3621 = ORIENTED_EDGE ( 'NONE', *, *, #1628, .F. ) ;
#3622 = FACE_OUTER_BOUND ( 'NONE', #45, .T. ) ;
#3623 = VERTEX_POINT ( 'NONE', #814 ) ;
#3624 = EDGE_CURVE ( 'NONE', #195, #2050, #12298, .T. ) ;
#3625 = ORIENTED_EDGE ( 'NONE', *, *, #10843, .F. ) ;
#3626 = AXIS2_PLACEMENT_3D ( 'NONE', #2911, #12364, #4693 ) ;
#3627 = DIRECTION ( 'NONE',  ( -0.000000000000000000, -0.000000000000000000, 1.000000000000000000 ) ) ;
#3628 = ORIENTED_EDGE ( 'NONE', *, *, #9184, .F. ) ;
#3629 = DIRECTION ( 'NONE',  ( 0.000000000000000000, 0.7071067811865482389, 0.7071067811865469066 ) ) ;
#3630 = EDGE_CURVE ( 'NONE', #8146, #3801, #1607, .T. ) ;
#3631 = DIRECTION ( 'NONE',  ( -0.6546536707079821937, 0.6546536707079707584, -0.3779644730092293625 ) ) ;
#3632 = PLANE ( 'NONE',  #11529 ) ;
#3633 = DIRECTION ( 'NONE',  ( -4.058070618517644351E-15, -0.6546536707079725348, -0.7559289460184583920 ) ) ;
#3634 = DIRECTION ( 'NONE',  ( -0.7071067811865474617, -7.883256641045617917E-17, -0.7071067811865474617 ) ) ;
#3635 = FACE_OUTER_BOUND ( 'NONE', #11667, .T. ) ;
#3636 = VECTOR ( 'NONE', #9292, 999.9999999999998863 ) ;
#3637 = DIRECTION ( 'NONE',  ( -0.6546536707079758655, -0.6546536707079758655, -0.3779644730092316940 ) ) ;
#3638 = FACE_BOUND ( 'NONE', #3808, .T. ) ;
#3639 = ORIENTED_EDGE ( 'NONE', *, *, #8877, .F. ) ;
#3640 = FACE_OUTER_BOUND ( 'NONE', #5013, .T. ) ;
#3641 = ORIENTED_EDGE ( 'NONE', *, *, #5479, .F. ) ;
#3642 = EDGE_CURVE ( 'NONE', #10850, #10256, #9017, .T. ) ;
#3643 = LINE ( 'NONE', #1632, #10977 ) ;
#3644 = VERTEX_POINT ( 'NONE', #10675 ) ;
#3645 = AXIS2_PLACEMENT_3D ( 'NONE', #10293, #5406, #11280 ) ;
#3646 = CARTESIAN_POINT ( 'NONE',  ( 93.34999999999999432, 24.15000000000000568, 1.000000000000000000 ) ) ;
#3647 = LINE ( 'NONE', #8529, #9828 ) ;
#3648 = PLANE ( 'NONE',  #5583 ) ;
#3649 = ORIENTED_EDGE ( 'NONE', *, *, #11300, .T. ) ;
#3650 = ORIENTED_EDGE ( 'NONE', *, *, #4634, .F. ) ;
#3651 = CARTESIAN_POINT ( 'NONE',  ( -81.80000000000002558, -31.80000000000002203, 6.000000000000000000 ) ) ;
#3652 = VERTEX_POINT ( 'NONE', #1968 ) ;
#3653 = ADVANCED_FACE ( 'NONE', ( #98 ), #11551, .T. ) ;
#3654 = DIRECTION ( 'NONE',  ( -6.308085367188384325E-16, 1.000000000000000000, 0.000000000000000000 ) ) ;
#3655 = CARTESIAN_POINT ( 'NONE',  ( -76.80000000000002558, -21.79999999999997229, 21.24999999999999289 ) ) ;
#3656 = CARTESIAN_POINT ( 'NONE',  ( -75.80000000000005400, -21.79999999999996874, 21.24999999999999289 ) ) ;
#3657 = DIRECTION ( 'NONE',  ( 8.888657488019557220E-17, -0.7071067811865475727, -0.7071067811865475727 ) ) ;
#3658 = LINE ( 'NONE', #2710, #350 ) ;
#3659 = CARTESIAN_POINT ( 'NONE',  ( 0.000000000000000000, -20.79999999999999361, 26.00000000000000355 ) ) ;
#3660 = LINE ( 'NONE', #12227, #6595 ) ;
#3661 = ORIENTED_EDGE ( 'NONE', *, *, #1224, .T. ) ;
#3662 = ORIENTED_EDGE ( 'NONE', *, *, #671, .T. ) ;
#3663 = DIRECTION ( 'NONE',  ( 0.000000000000000000, 0.000000000000000000, -1.000000000000000000 ) ) ;
#3664 = CARTESIAN_POINT ( 'NONE',  ( 0.000000000000000000, 0.000000000000000000, 3.000000000000000000 ) ) ;
#3665 = LINE ( 'NONE', #7469, #8557 ) ;
#3666 = ADVANCED_FACE ( 'NONE', ( #10618 ), #2083, .F. ) ;
#3667 = FACE_OUTER_BOUND ( 'NONE', #1363, .T. ) ;
#3668 = VERTEX_POINT ( 'NONE', #8046 ) ;
#3669 = AXIS2_PLACEMENT_3D ( 'NONE', #10795, #7719, #4972 ) ;
#3670 = ORIENTED_EDGE ( 'NONE', *, *, #10945, .T. ) ;
#3671 = AXIS2_PLACEMENT_3D ( 'NONE', #11851, #8275, #2394 ) ;
#3672 = CARTESIAN_POINT ( 'NONE',  ( 84.79999999999995453, -32.29999999999995453, 6.000000000000000000 ) ) ;
#3673 = DIRECTION ( 'NONE',  ( -1.000000000000000000, 0.000000000000000000, 0.000000000000000000 ) ) ;
#3674 = FACE_OUTER_BOUND ( 'NONE', #7485, .T. ) ;
#3675 = DIRECTION ( 'NONE',  ( 0.7071067811865474617, 7.883256641045619150E-17, -0.7071067811865474617 ) ) ;
#3676 = LINE ( 'NONE', #6530, #1487 ) ;
#3677 = FACE_BOUND ( 'NONE', #1559, .T. ) ;
#3678 = DIRECTION ( 'NONE',  ( 0.000000000000000000, 0.000000000000000000, -1.000000000000000000 ) ) ;
#3679 = EDGE_CURVE ( 'NONE', #9743, #5676, #5106, .T. ) ;
#3680 = EDGE_CURVE ( 'NONE', #965, #3080, #10984, .T. ) ;
#3681 = ORIENTED_EDGE ( 'NONE', *, *, #10654, .T. ) ;
#3682 = PLANE ( 'NONE',  #10026 ) ;
#3683 = DIRECTION ( 'NONE',  ( -0.8660254037844387076, -1.088633767200839799E-16, -0.4999999999999998335 ) ) ;
#3684 = ORIENTED_EDGE ( 'NONE', *, *, #6263, .T. ) ;
#3685 = ADVANCED_FACE ( 'NONE', ( #9919 ), #2140, .F. ) ;
#3686 = CARTESIAN_POINT ( 'NONE',  ( 91.34999999999998010, -34.99999999999998579, 5.000000000000000000 ) ) ;
#3687 = CARTESIAN_POINT ( 'NONE',  ( -93.34999999999999432, 30.34999999999997300, 1.000000000000000000 ) ) ;
#3688 = EDGE_LOOP ( 'NONE', ( #1519, #7796 ) ) ;
#3689 = CARTESIAN_POINT ( 'NONE',  ( -0.3000000000000235811, -24.79999999999999716, 17.86602540378445170 ) ) ;
#3690 = ORIENTED_EDGE ( 'NONE', *, *, #11264, .F. ) ;
#3691 = ORIENTED_EDGE ( 'NONE', *, *, #4584, .F. ) ;
#3692 = DIRECTION ( 'NONE',  ( 0.000000000000000000, 0.000000000000000000, -1.000000000000000000 ) ) ;
#3693 = DIRECTION ( 'NONE',  ( 4.460489939442533535E-16, 0.7071067811865466846, 0.7071067811865483499 ) ) ;
#3694 = DIRECTION ( 'NONE',  ( 0.000000000000000000, -0.7071067811865482389, -0.7071067811865469066 ) ) ;
#3695 = FACE_OUTER_BOUND ( 'NONE', #5281, .T. ) ;
#3696 = PLANE ( 'NONE',  #994 ) ;
#3697 = CARTESIAN_POINT ( 'NONE',  ( -27.30000000000003624, -23.79999999999999361, 18.87638837486628418 ) ) ;
#3698 = EDGE_CURVE ( 'NONE', #11714, #1526, #3703, .T. ) ;
#3699 = AXIS2_PLACEMENT_3D ( 'NONE', #10367, #8489, #5668 ) ;
#3700 = EDGE_CURVE ( 'NONE', #10974, #7951, #7441, .T. ) ;
#3701 = DIRECTION ( 'NONE',  ( -0.000000000000000000, -0.7071067811865482389, -0.7071067811865469066 ) ) ;
#3702 = EDGE_LOOP ( 'NONE', ( #10082, #5978, #7861, #11248 ) ) ;
#3703 = LINE ( 'NONE', #6617, #9027 ) ;
#3704 = EDGE_CURVE ( 'NONE', #508, #3764, #830, .T. ) ;
#3705 = CARTESIAN_POINT ( 'NONE',  ( 4.699999999999954881, 20.80000000000000071, 19.02072594216369339 ) ) ;
#3706 = ADVANCED_FACE ( 'NONE', ( #7631 ), #8150, .F. ) ;
#3707 = ORIENTED_EDGE ( 'NONE', *, *, #3489, .T. ) ;
#3708 = LINE ( 'NONE', #12080, #10783 ) ;
#3709 = VERTEX_POINT ( 'NONE', #10335 ) ;
#3710 = DIRECTION ( 'NONE',  ( 0.000000000000000000, -0.7071067811865463515, -0.7071067811865487940 ) ) ;
#3711 = CARTESIAN_POINT ( 'NONE',  ( -19.80000000000003979, 20.79999999999999716, 14.54626135594409497 ) ) ;
#3712 = EDGE_CURVE ( 'NONE', #6626, #597, #2390, .T. ) ;
#3713 = EDGE_LOOP ( 'NONE', ( #6377, #10049 ) ) ;
#3714 = EDGE_LOOP ( 'NONE', ( #6942, #1090, #403, #22 ) ) ;
#3715 = DIRECTION ( 'NONE',  ( -5.316945199793084766E-15, -0.6546536707079791961, -0.7559289460184526188 ) ) ;
#3716 = EDGE_CURVE ( 'NONE', #10063, #10481, #8579, .T. ) ;
#3717 = FACE_OUTER_BOUND ( 'NONE', #5856, .T. ) ;
#3718 = ORIENTED_EDGE ( 'NONE', *, *, #6204, .F. ) ;
#3719 = DIRECTION ( 'NONE',  ( 0.000000000000000000, 0.000000000000000000, 1.000000000000000000 ) ) ;
#3720 = DIRECTION ( 'NONE',  ( 0.7071067811865340280, 0.000000000000000000, -0.7071067811865610064 ) ) ;
#3721 = AXIS2_PLACEMENT_3D ( 'NONE', #6141, #7140, #11977 ) ;
#3722 = CARTESIAN_POINT ( 'NONE',  ( 78.09289321881347234, -21.80000000000001492, 26.00000000000000355 ) ) ;
#3723 = CARTESIAN_POINT ( 'NONE',  ( 1.199999999999951550, 30.80000000000001847, 12.95854811567262566 ) ) ;
#3724 = LINE ( 'NONE', #6638, #7321 ) ;
#3725 = DIRECTION ( 'NONE',  ( 0.000000000000000000, 0.000000000000000000, 1.000000000000000000 ) ) ;
#3726 = AXIS2_PLACEMENT_3D ( 'NONE', #10458, #5693, #58 ) ;
#3727 = EDGE_CURVE ( 'NONE', #8740, #10923, #5575, .T. ) ;
#3728 = ORIENTED_EDGE ( 'NONE', *, *, #9737, .F. ) ;
#3729 = DIRECTION ( 'NONE',  ( 3.653718467762349318E-16, 0.6546536707079765316, -0.7559289460184549503 ) ) ;
#3730 = CARTESIAN_POINT ( 'NONE',  ( 34.69999999999995310, 21.79999999999998650, 15.55662432702593634 ) ) ;
#3731 = DIRECTION ( 'NONE',  ( -0.000000000000000000, -0.7071067811865469066, -0.7071067811865481278 ) ) ;
#3732 = VERTEX_POINT ( 'NONE', #1009 ) ;
#3733 = ORIENTED_EDGE ( 'NONE', *, *, #9844, .F. ) ;
#3734 = EDGE_CURVE ( 'NONE', #11145, #2553, #7812, .T. ) ;
#3735 = DIRECTION ( 'NONE',  ( -1.000000000000000000, 0.000000000000000000, 0.000000000000000000 ) ) ;
#3736 = CARTESIAN_POINT ( 'NONE',  ( 34.69999999999995310, -21.80000000000002203, 18.44337567297407077 ) ) ;
#3737 = LINE ( 'NONE', #7604, #5779 ) ;
#3738 = PLANE ( 'NONE',  #9979 ) ;
#3739 = VECTOR ( 'NONE', #4694, 999.9999999999998863 ) ;
#3740 = EDGE_CURVE ( 'NONE', #2485, #4009, #2932, .T. ) ;
#3741 = FACE_OUTER_BOUND ( 'NONE', #4436, .T. ) ;
#3742 = VECTOR ( 'NONE', #6551, 1000.000000000000000 ) ;
#3743 = VERTEX_POINT ( 'NONE', #1430 ) ;
#3744 = CARTESIAN_POINT ( 'NONE',  ( -77.80000000000005400, 20.79999999999999005, 6.999999999999999112 ) ) ;
#3745 = DIRECTION ( 'NONE',  ( 1.000000000000000000, 0.000000000000000000, 0.000000000000000000 ) ) ;
#3746 = VERTEX_POINT ( 'NONE', #10085 ) ;
#3747 = CARTESIAN_POINT ( 'NONE',  ( 89.34999999999998010, 27.00000000000000355, 1.000000000000000000 ) ) ;
#3748 = CARTESIAN_POINT ( 'NONE',  ( 46.31538568297006009, -20.79999999999999005, -28.53295165380643894 ) ) ;
#3749 = DIRECTION ( 'NONE',  ( -1.000000000000000000, -3.469446951953611724E-16, 0.000000000000000000 ) ) ;
#3750 = ORIENTED_EDGE ( 'NONE', *, *, #11609, .F. ) ;
#3751 = ORIENTED_EDGE ( 'NONE', *, *, #8401, .F. ) ;
#3752 = CIRCLE ( 'NONE', #10735, 1.700000000000007061 ) ;
#3753 = ORIENTED_EDGE ( 'NONE', *, *, #5118, .T. ) ;
#3754 = CARTESIAN_POINT ( 'NONE',  ( -40.55000000000001847, -23.80000000000002913, 15.12361162513371404 ) ) ;
#3755 = CARTESIAN_POINT ( 'NONE',  ( -26.80000000000004690, -24.79999999999999716, 15.98963702891814620 ) ) ;
#3756 = DIRECTION ( 'NONE',  ( 1.304303365396091250E-16, 1.696954250811116188E-32, 1.000000000000000000 ) ) ;
#3757 = CARTESIAN_POINT ( 'NONE',  ( 3.699999999999957101, 21.80000000000000071, 18.44337567297406721 ) ) ;
#3758 = EDGE_CURVE ( 'NONE', #11198, #8952, #8193, .T. ) ;
#3759 = LINE ( 'NONE', #9460, #7536 ) ;
#3760 = LINE ( 'NONE', #1812, #7599 ) ;
#3761 = AXIS2_PLACEMENT_3D ( 'NONE', #4462, #12076, #3388 ) ;
#3762 = ORIENTED_EDGE ( 'NONE', *, *, #2375, .T. ) ;
#3763 = DIRECTION ( 'NONE',  ( -1.000000000000000000, -1.114860845743448580E-16, 1.304303365396091250E-16 ) ) ;
#3764 = VERTEX_POINT ( 'NONE', #11192 ) ;
#3765 = EDGE_CURVE ( 'NONE', #7726, #697, #4330, .T. ) ;
#3766 = ORIENTED_EDGE ( 'NONE', *, *, #10797, .T. ) ;
#3767 = EDGE_CURVE ( 'NONE', #3351, #5064, #1679, .T. ) ;
#3768 = CARTESIAN_POINT ( 'NONE',  ( -75.80000000000005400, -24.80000000000000426, 21.24999999999999289 ) ) ;
#3769 = EDGE_CURVE ( 'NONE', #5091, #5241, #10029, .T. ) ;
#3770 = CARTESIAN_POINT ( 'NONE',  ( 21.69999999999996376, -23.79999999999999361, 18.44337567297406721 ) ) ;
#3771 = CARTESIAN_POINT ( 'NONE',  ( 19.97307753312566447, -23.52692246687426447, 16.55366347814543460 ) ) ;
#3772 = VERTEX_POINT ( 'NONE', #7112 ) ;
#3773 = AXIS2_PLACEMENT_3D ( 'NONE', #6672, #8754, #52 ) ;
#3774 = ORIENTED_EDGE ( 'NONE', *, *, #5644, .T. ) ;
#3775 = FACE_OUTER_BOUND ( 'NONE', #3978, .T. ) ;
#3776 = ORIENTED_EDGE ( 'NONE', *, *, #9156, .F. ) ;
#3777 = CARTESIAN_POINT ( 'NONE',  ( 34.69999999999995310, -21.80000000000002913, 15.55662432702593634 ) ) ;
#3778 = AXIS2_PLACEMENT_3D ( 'NONE', #5397, #11211, #4534 ) ;
#3779 = DIRECTION ( 'NONE',  ( 0.000000000000000000, -1.000000000000000000, 0.000000000000000000 ) ) ;
#3780 = EDGE_CURVE ( 'NONE', #10733, #3288, #10147, .T. ) ;
#3781 = FACE_OUTER_BOUND ( 'NONE', #3608, .T. ) ;
#3782 = EDGE_CURVE ( 'NONE', #10937, #7797, #6725, .T. ) ;
#3783 = CARTESIAN_POINT ( 'NONE',  ( -76.80000000000003979, 21.80000000000001847, 13.75000000000001954 ) ) ;
#3784 = CARTESIAN_POINT ( 'NONE',  ( 76.80000000000005400, -7.799999999999989164, 6.000000000000000000 ) ) ;
#3785 = AXIS2_PLACEMENT_3D ( 'NONE', #11247, #2673, #9383 ) ;
#3786 = VECTOR ( 'NONE', #5661, 1000.000000000000114 ) ;
#3787 = VECTOR ( 'NONE', #9791, 1000.000000000000000 ) ;
#3788 = ORIENTED_EDGE ( 'NONE', *, *, #959, .F. ) ;
#3789 = LINE ( 'NONE', #6756, #3171 ) ;
#3790 = PLANE ( 'NONE',  #811 ) ;
#3791 = DIRECTION ( 'NONE',  ( -0.000000000000000000, -0.7071067811865482389, -0.7071067811865469066 ) ) ;
#3792 = LINE ( 'NONE', #2961, #11302 ) ;
#3793 = EDGE_CURVE ( 'NONE', #5141, #1478, #757, .T. ) ;
#3794 = AXIS2_PLACEMENT_3D ( 'NONE', #9024, #6929, #3207 ) ;
#3795 = PLANE ( 'NONE',  #2249 ) ;
#3796 = VECTOR ( 'NONE', #9692, 1000.000000000000000 ) ;
#3797 = FACE_OUTER_BOUND ( 'NONE', #4677, .T. ) ;
#3798 = CARTESIAN_POINT ( 'NONE',  ( 87.64999999999996305, 27.00000000000000355, 5.000000000000000000 ) ) ;
#3799 = CARTESIAN_POINT ( 'NONE',  ( -82.80000000000005400, 8.799999999999988276, 6.999999999999999112 ) ) ;
#3800 = CARTESIAN_POINT ( 'NONE',  ( 16.69999999999995666, -21.79999999999996518, 18.44337567297407077 ) ) ;
#3801 = VERTEX_POINT ( 'NONE', #11320 ) ;
#3802 = DIRECTION ( 'NONE',  ( 0.000000000000000000, 1.000000000000000000, 0.000000000000000000 ) ) ;
#3803 = CONICAL_SURFACE ( 'NONE', #2383, 1.700000000000021050, 0.7853981633974399523 ) ;
#3804 = VECTOR ( 'NONE', #4597, 1000.000000000000114 ) ;
#3805 = EDGE_CURVE ( 'NONE', #10063, #2977, #6544, .T. ) ;
#3806 = ORIENTED_EDGE ( 'NONE', *, *, #1325, .T. ) ;
#3807 = DIRECTION ( 'NONE',  ( 0.6546536707079751993, -0.6546536707079777528, 0.3779644730092295846 ) ) ;
#3808 = EDGE_LOOP ( 'NONE', ( #5509, #7675, #8620, #292, #3124, #836, #11555, #8640 ) ) ;
#3809 = EDGE_CURVE ( 'NONE', #3746, #5340, #10298, .T. ) ;
#3810 = EDGE_CURVE ( 'NONE', #507, #6657, #9610, .T. ) ;
#3811 = VERTEX_POINT ( 'NONE', #12083 ) ;
#3812 = ORIENTED_EDGE ( 'NONE', *, *, #10508, .F. ) ;
#3813 = CARTESIAN_POINT ( 'NONE',  ( -27.30000000000003268, -57.98150098949684406, 18.87638837486628418 ) ) ;
#3814 = DIRECTION ( 'NONE',  ( -0.7071067811865475727, 0.7071067811865475727, -0.000000000000000000 ) ) ;
#3815 = VECTOR ( 'NONE', #10690, 1000.000000000000000 ) ;
#3816 = CARTESIAN_POINT ( 'NONE',  ( -24.05000000000003979, 29.80000000000000071, 13.24722325026742809 ) ) ;
#3817 = DIRECTION ( 'NONE',  ( 0.3535533905932733978, -0.7071067811865481278, -0.6123724356957940262 ) ) ;
#3818 = DIRECTION ( 'NONE',  ( -0.000000000000000000, 0.000000000000000000, 1.000000000000000000 ) ) ;
#3819 = LINE ( 'NONE', #4771, #1403 ) ;
#3820 = ORIENTED_EDGE ( 'NONE', *, *, #9085, .T. ) ;
#3821 = ORIENTED_EDGE ( 'NONE', *, *, #451, .T. ) ;
#3822 = VECTOR ( 'NONE', #6441, 1000.000000000000000 ) ;
#3823 = ORIENTED_EDGE ( 'NONE', *, *, #9504, .F. ) ;
#3824 = ORIENTED_EDGE ( 'NONE', *, *, #10133, .T. ) ;
#3825 = CIRCLE ( 'NONE', #6387, 1.700000000000021050 ) ;
#3826 = CARTESIAN_POINT ( 'NONE',  ( -92.84999999999999432, -29.85000000000000142, 1.000000000000000000 ) ) ;
#3827 = ADVANCED_FACE ( 'NONE', ( #8404 ), #2569, .F. ) ;
#3828 = LINE ( 'NONE', #61, #8982 ) ;
#3829 = PLANE ( 'NONE',  #10739 ) ;
#3830 = ORIENTED_EDGE ( 'NONE', *, *, #862, .F. ) ;
#3831 = AXIS2_PLACEMENT_3D ( 'NONE', #2226, #9882, #1286 ) ;
#3832 = PLANE ( 'NONE',  #435 ) ;
#3833 = VECTOR ( 'NONE', #9149, 1000.000000000000114 ) ;
#3834 = AXIS2_PLACEMENT_3D ( 'NONE', #7843, #3081, #6880 ) ;
#3835 = CARTESIAN_POINT ( 'NONE',  ( -89.34999999999998010, 27.00000000000000355, 0.000000000000000000 ) ) ;
#3836 = ORIENTED_EDGE ( 'NONE', *, *, #3245, .T. ) ;
#3837 = ADVANCED_FACE ( 'NONE', ( #8892 ), #3935, .T. ) ;
#3838 = EDGE_CURVE ( 'NONE', #10446, #5734, #1179, .T. ) ;
#3839 = CARTESIAN_POINT ( 'NONE',  ( 3.699999999999956213, 29.80000000000002203, 18.44337567297406721 ) ) ;
#3840 = ORIENTED_EDGE ( 'NONE', *, *, #7633, .F. ) ;
#3841 = ADVANCED_FACE ( 'NONE', ( #3992, #11677, #9570, #3875, #6031, #11874 ), #7035, .F. ) ;
#3842 = CARTESIAN_POINT ( 'NONE',  ( -91.34999999999998010, 35.00000000000000000, 0.4999999999999831246 ) ) ;
#3843 = AXIS2_PLACEMENT_3D ( 'NONE', #11451, #11325, #3880 ) ;
#3844 = DIRECTION ( 'NONE',  ( 0.7071067811865426878, 0.7071067811865524577, 0.000000000000000000 ) ) ;
#3845 = DIRECTION ( 'NONE',  ( -1.301042606982605321E-16, 1.000000000000000000, 0.000000000000000000 ) ) ;
#3846 = PLANE ( 'NONE',  #11673 ) ;
#3847 = LINE ( 'NONE', #7397, #4565 ) ;
#3848 = CARTESIAN_POINT ( 'NONE',  ( 81.80000000000005400, -7.799999999999987388, 6.000000000000000000 ) ) ;
#3849 = DIRECTION ( 'NONE',  ( -0.7071067811865474617, -0.7071067811865474617, 0.000000000000000000 ) ) ;
#3850 = EDGE_CURVE ( 'NONE', #10256, #348, #5837, .T. ) ;
#3851 = ORIENTED_EDGE ( 'NONE', *, *, #8889, .F. ) ;
#3852 = EDGE_CURVE ( 'NONE', #6981, #4248, #9497, .T. ) ;
#3853 = DIRECTION ( 'NONE',  ( 0.000000000000000000, 0.000000000000000000, -1.000000000000000000 ) ) ;
#3854 = CARTESIAN_POINT ( 'NONE',  ( -40.55000000000001847, 21.79999999999995808, 15.12361162513371404 ) ) ;
#3855 = CARTESIAN_POINT ( 'NONE',  ( -28.30000000000008242, 30.80000000000001492, 19.45373864405591391 ) ) ;
#3856 = ADVANCED_FACE ( 'NONE', ( #2906 ), #533, .F. ) ;
#3857 = DIRECTION ( 'NONE',  ( 0.3535533905932727872, -0.7071067811865497932, -0.6123724356957925830 ) ) ;
#3858 = ADVANCED_FACE ( 'NONE', ( #738 ), #4310, .F. ) ;
#3859 = VECTOR ( 'NONE', #7653, 1000.000000000000114 ) ;
#3860 = CARTESIAN_POINT ( 'NONE',  ( 58.54999999999998295, 58.54999999999998295, 6.000000000000000000 ) ) ;
#3861 = ORIENTED_EDGE ( 'NONE', *, *, #4233, .F. ) ;
#3862 = CARTESIAN_POINT ( 'NONE',  ( 3.699999999999957101, 21.80000000000000071, 15.55662432702593811 ) ) ;
#3863 = VECTOR ( 'NONE', #8633, 999.9999999999998863 ) ;
#3864 = CARTESIAN_POINT ( 'NONE',  ( -24.05000000000004334, -20.79999999999999716, 21.90747728811183137 ) ) ;
#3865 = EDGE_CURVE ( 'NONE', #6819, #338, #11170, .T. ) ;
#3866 = ORIENTED_EDGE ( 'NONE', *, *, #2598, .F. ) ;
#3867 = CARTESIAN_POINT ( 'NONE',  ( 1.199999999999958433, -23.79999999999997229, 14.11324865405187090 ) ) ;
#3868 = ORIENTED_EDGE ( 'NONE', *, *, #7359, .F. ) ;
#3869 = DIRECTION ( 'NONE',  ( -0.7071067811865475727, 0.7071067811865475727, -0.000000000000000000 ) ) ;
#3870 = PLANE ( 'NONE',  #8541 ) ;
#3871 = ORIENTED_EDGE ( 'NONE', *, *, #2414, .T. ) ;
#3872 = ORIENTED_EDGE ( 'NONE', *, *, #2009, .F. ) ;
#3873 = ORIENTED_EDGE ( 'NONE', *, *, #3604, .F. ) ;
#3874 = DIRECTION ( 'NONE',  ( 0.7071067811865475727, 9.199760500100244829E-17, -0.7071067811865475727 ) ) ;
#3875 = FACE_BOUND ( 'NONE', #6200, .T. ) ;
#3876 = DIRECTION ( 'NONE',  ( -1.261617073437676865E-15, 1.000000000000000000, 0.000000000000000000 ) ) ;
#3877 = CARTESIAN_POINT ( 'NONE',  ( -47.05000000000003979, -21.80000000000000782, 18.87638837486628418 ) ) ;
#3878 = FACE_OUTER_BOUND ( 'NONE', #5969, .T. ) ;
#3879 = EDGE_CURVE ( 'NONE', #6007, #1282, #1660, .T. ) ;
#3880 = DIRECTION ( 'NONE',  ( 1.000000000000000000, 1.257045997084642365E-16, -1.304303365396091250E-16 ) ) ;
#3881 = ORIENTED_EDGE ( 'NONE', *, *, #8520, .F. ) ;
#3882 = PLANE ( 'NONE',  #9796 ) ;
#3883 = VERTEX_POINT ( 'NONE', #2345 ) ;
#3884 = CARTESIAN_POINT ( 'NONE',  ( 4.699999999999953992, 20.80000000000000071, 26.00000000000000355 ) ) ;
#3885 = CARTESIAN_POINT ( 'NONE',  ( 16.69999999999994955, 21.80000000000003979, 18.44337567297407077 ) ) ;
#3886 = ORIENTED_EDGE ( 'NONE', *, *, #10267, .T. ) ;
#3887 = DIRECTION ( 'NONE',  ( -1.000000000000000000, 0.000000000000000000, 0.000000000000000000 ) ) ;
#3888 = ORIENTED_EDGE ( 'NONE', *, *, #3604, .T. ) ;
#3889 = VERTEX_POINT ( 'NONE', #10130 ) ;
#3890 = LINE ( 'NONE', #12271, #7320 ) ;
#3891 = CARTESIAN_POINT ( 'NONE',  ( 77.80000000000005400, 20.80000000000000426, 6.999999999999999112 ) ) ;
#3892 = ORIENTED_EDGE ( 'NONE', *, *, #3850, .F. ) ;
#3893 = FACE_OUTER_BOUND ( 'NONE', #501, .T. ) ;
#3894 = CARTESIAN_POINT ( 'NONE',  ( 93.34999999999999432, 29.85000000000004761, 3.000000000000000000 ) ) ;
#3895 = VECTOR ( 'NONE', #11235, 1000.000000000000000 ) ;
#3896 = ADVANCED_FACE ( 'NONE', ( #10996 ), #8235, .F. ) ;
#3897 = CARTESIAN_POINT ( 'NONE',  ( -60.30000000000003268, -24.80000000000000426, 13.74999999999996270 ) ) ;
#3898 = LINE ( 'NONE', #6061, #6326 ) ;
#3899 = EDGE_CURVE ( 'NONE', #10220, #10993, #3428, .T. ) ;
#3900 = CARTESIAN_POINT ( 'NONE',  ( 37.19999999999987494, 11.48653876656297790, 31.79571058475141854 ) ) ;
#3901 = VERTEX_POINT ( 'NONE', #7221 ) ;
#3902 = ORIENTED_EDGE ( 'NONE', *, *, #289, .F. ) ;
#3903 = CARTESIAN_POINT ( 'NONE',  ( 61.00288568297002456, -20.79999999999999005, -3.093455417638582006 ) ) ;
#3904 = DIRECTION ( 'NONE',  ( -1.000000000000000000, 0.000000000000000000, 0.000000000000000000 ) ) ;
#3905 = AXIS2_PLACEMENT_3D ( 'NONE', #8553, #86, #3904 ) ;
#3906 = EDGE_CURVE ( 'NONE', #2576, #293, #10928, .T. ) ;
#3907 = VERTEX_POINT ( 'NONE', #6401 ) ;
#3908 = EDGE_CURVE ( 'NONE', #10828, #6881, #549, .T. ) ;
#3909 = DIRECTION ( 'NONE',  ( 0.000000000000000000, 0.000000000000000000, -1.000000000000000000 ) ) ;
#3910 = DIRECTION ( 'NONE',  ( 0.5773502691895978645, 0.5773502691896317263, -0.5773502691896478245 ) ) ;
#3911 = AXIS2_PLACEMENT_3D ( 'NONE', #3247, #4183, #9112 ) ;
#3912 = EDGE_CURVE ( 'NONE', #12244, #4716, #7091, .T. ) ;
#3913 = CARTESIAN_POINT ( 'NONE',  ( -76.80000000000002558, -23.80000000000002913, 20.25000000000001421 ) ) ;
#3914 = EDGE_LOOP ( 'NONE', ( #3945, #9433 ) ) ;
#3915 = AXIS2_PLACEMENT_3D ( 'NONE', #3495, #8184, #5440 ) ;
#3916 = ORIENTED_EDGE ( 'NONE', *, *, #10875, .T. ) ;
#3917 = FACE_OUTER_BOUND ( 'NONE', #6210, .T. ) ;
#3918 = VECTOR ( 'NONE', #11287, 1000.000000000000000 ) ;
#3919 = DIRECTION ( 'NONE',  ( -0.8660254037844383745, -9.654978140984306513E-17, -0.5000000000000004441 ) ) ;
#3920 = LINE ( 'NONE', #1106, #9188 ) ;
#3921 = VECTOR ( 'NONE', #3710, 1000.000000000000000 ) ;
#3922 = ORIENTED_EDGE ( 'NONE', *, *, #9141, .F. ) ;
#3923 = VERTEX_POINT ( 'NONE', #11109 ) ;
#3924 = EDGE_CURVE ( 'NONE', #4382, #9311, #2419, .T. ) ;
#3925 = ORIENTED_EDGE ( 'NONE', *, *, #2901, .T. ) ;
#3926 = AXIS2_PLACEMENT_3D ( 'NONE', #5349, #7149, #11735 ) ;
#3927 = CARTESIAN_POINT ( 'NONE',  ( 39.69999999999996021, -21.80000000000001492, 18.44337567297406721 ) ) ;
#3928 = CARTESIAN_POINT ( 'NONE',  ( -39.55000000000005400, 20.79999999999999361, 19.45373864405587838 ) ) ;
#3929 = CARTESIAN_POINT ( 'NONE',  ( -54.94711431702990723, 30.80000000000001137, 74.24261314031194559 ) ) ;
#3930 = AXIS2_PLACEMENT_3D ( 'NONE', #9851, #10836, #7887 ) ;
#3931 = DIRECTION ( 'NONE',  ( 3.653718467762314313E-16, -0.6546536707079854134, 0.7559289460184472897 ) ) ;
#3932 = LINE ( 'NONE', #172, #10166 ) ;
#3933 = EDGE_CURVE ( 'NONE', #5952, #12217, #8172, .T. ) ;
#3934 = CARTESIAN_POINT ( 'NONE',  ( 86.34999999999998010, 29.85000000000004405, 1.000000000000000000 ) ) ;
#3935 = PLANE ( 'NONE',  #5627 ) ;
#3936 = CARTESIAN_POINT ( 'NONE',  ( 93.35000000000000853, 30.35000000000004761, 3.000000000000000000 ) ) ;
#3937 = ORIENTED_EDGE ( 'NONE', *, *, #7514, .T. ) ;
#3938 =( LENGTH_UNIT ( ) NAMED_UNIT ( * ) SI_UNIT ( .MILLI., .METRE. ) );
#3939 = FACE_OUTER_BOUND ( 'NONE', #11278, .T. ) ;
#3940 = ORIENTED_EDGE ( 'NONE', *, *, #148, .T. ) ;
#3941 = VECTOR ( 'NONE', #7798, 1000.000000000000000 ) ;
#3942 = EDGE_LOOP ( 'NONE', ( #4320, #638, #10402, #773 ) ) ;
#3943 = DIRECTION ( 'NONE',  ( -0.8660254037844383745, -9.654978140984305281E-17, 0.5000000000000003331 ) ) ;
#3944 = ADVANCED_FACE ( 'NONE', ( #6156 ), #10010, .F. ) ;
#3945 = ORIENTED_EDGE ( 'NONE', *, *, #3231, .T. ) ;
#3946 = DIRECTION ( 'NONE',  ( 0.7071067811865401342, -0.7071067811865549002, 0.000000000000000000 ) ) ;
#3947 = VECTOR ( 'NONE', #9210, 1000.000000000000000 ) ;
#3948 = AXIS2_PLACEMENT_3D ( 'NONE', #8980, #8733, #3974 ) ;
#3949 = EDGE_LOOP ( 'NONE', ( #11268, #9803, #8774, #6836 ) ) ;
#3950 = ORIENTED_EDGE ( 'NONE', *, *, #2901, .F. ) ;
#3951 = CARTESIAN_POINT ( 'NONE',  ( -39.55000000000005400, 20.79999999999999361, 26.00000000000000355 ) ) ;
#3952 = ORIENTED_EDGE ( 'NONE', *, *, #7585, .F. ) ;
#3953 = AXIS2_PLACEMENT_3D ( 'NONE', #3400, #10967, #6129 ) ;
#3954 = FACE_OUTER_BOUND ( 'NONE', #1717, .T. ) ;
#3955 = ADVANCED_FACE ( 'NONE', ( #10248 ), #6276, .F. ) ;
#3956 = ORIENTED_EDGE ( 'NONE', *, *, #7732, .T. ) ;
#3957 = ADVANCED_FACE ( 'NONE', ( #8056 ), #1597, .F. ) ;
#3958 = LINE ( 'NONE', #3894, #1051 ) ;
#3959 = CARTESIAN_POINT ( 'NONE',  ( 93.35000000000000853, 23.64999999999997726, 3.000000000000000000 ) ) ;
#3960 = CARTESIAN_POINT ( 'NONE',  ( 37.19999999999996021, -57.98150098949683695, 19.88675134594813443 ) ) ;
#3961 = PLANE ( 'NONE',  #9201 ) ;
#3962 = DIRECTION ( 'NONE',  ( 0.8660254037844383745, 9.654978140984305281E-17, -0.5000000000000004441 ) ) ;
#3963 = EDGE_LOOP ( 'NONE', ( #12323, #9632, #5533, #9901 ) ) ;
#3964 = DIRECTION ( 'NONE',  ( -5.958673018037238040E-15, -0.6546536707079765316, 0.7559289460184550613 ) ) ;
#3965 = CARTESIAN_POINT ( 'NONE',  ( 89.34999999999998010, -27.00000000000000355, 5.000000000000000000 ) ) ;
#3966 = CARTESIAN_POINT ( 'NONE',  ( 17.69999999999997442, -24.79999999999999361, 16.13397459621556251 ) ) ;
#3967 = CARTESIAN_POINT ( 'NONE',  ( -82.80000000000003979, 30.80000000000000782, 6.999999999999999112 ) ) ;
#3968 = AXIS2_PLACEMENT_3D ( 'NONE', #4268, #4077, #7884 ) ;
#3969 = LINE ( 'NONE', #2020, #1128 ) ;
#3970 = CIRCLE ( 'NONE', #6343, 2.200000000000035261 ) ;
#3971 = EDGE_CURVE ( 'NONE', #2444, #7292, #4502, .T. ) ;
#3972 = ORIENTED_EDGE ( 'NONE', *, *, #4119, .F. ) ;
#3973 = DIRECTION ( 'NONE',  ( -0.000000000000000000, -0.000000000000000000, -1.000000000000000000 ) ) ;
#3974 = DIRECTION ( 'NONE',  ( 0.000000000000000000, 0.000000000000000000, 1.000000000000000000 ) ) ;
#3975 = CARTESIAN_POINT ( 'NONE',  ( 77.80000000000005400, -23.80000000000000782, 10.00000000000000000 ) ) ;
#3976 = VECTOR ( 'NONE', #9983, 1000.000000000000114 ) ;
#3977 = CARTESIAN_POINT ( 'NONE',  ( 89.34999999999998010, -27.00000000000000355, 0.5000000000000004441 ) ) ;
#3978 = EDGE_LOOP ( 'NONE', ( #10680, #5223, #1045, #2703 ) ) ;
#3979 = ORIENTED_EDGE ( 'NONE', *, *, #4512, .F. ) ;
#3980 = CARTESIAN_POINT ( 'NONE',  ( 37.19999999999996021, -57.98150098949683695, 19.88675134594813443 ) ) ;
#3981 = EDGE_CURVE ( 'NONE', #2553, #9351, #7816, .T. ) ;
#3982 = EDGE_CURVE ( 'NONE', #9585, #10101, #4687, .T. ) ;
#3983 = CARTESIAN_POINT ( 'NONE',  ( -26.37142857142861629, 28.87142857142859143, 18.34027741061879269 ) ) ;
#3984 = VECTOR ( 'NONE', #7308, 1000.000000000000000 ) ;
#3985 = EDGE_LOOP ( 'NONE', ( #3281, #393, #5921, #8956 ) ) ;
#3986 = AXIS2_PLACEMENT_3D ( 'NONE', #1558, #5386, #1491 ) ;
#3987 = VECTOR ( 'NONE', #7768, 1000.000000000000000 ) ;
#3988 = ADVANCED_FACE ( 'NONE', ( #6651 ), #5729, .F. ) ;
#3989 = VERTEX_POINT ( 'NONE', #5781 ) ;
#3990 = ORIENTED_EDGE ( 'NONE', *, *, #3734, .F. ) ;
#3991 = DIRECTION ( 'NONE',  ( 0.7071067811865489050, 0.7071067811865462405, 0.000000000000000000 ) ) ;
#3992 = FACE_OUTER_BOUND ( 'NONE', #10245, .T. ) ;
#3993 = DIRECTION ( 'NONE',  ( -0.8660254037844383745, -9.654978140984305281E-17, -0.5000000000000003331 ) ) ;
#3994 = DIRECTION ( 'NONE',  ( 0.7071067811865475727, -0.7071067811865475727, 0.000000000000000000 ) ) ;
#3995 = CARTESIAN_POINT ( 'NONE',  ( 39.69999999999995310, 29.79999999999999361, 15.55662432702593811 ) ) ;
#3996 = LINE ( 'NONE', #6844, #8004 ) ;
#3997 = CARTESIAN_POINT ( 'NONE',  ( 45.62788568297001746, -20.79999999999999005, -29.72373658401004803 ) ) ;
#3998 = CARTESIAN_POINT ( 'NONE',  ( 76.80000000000005400, -19.79999999999998295, 6.000000000000000000 ) ) ;
#3999 = DIRECTION ( 'NONE',  ( 9.453849887172479150E-15, -0.6546536707079751993, -0.7559289460184561715 ) ) ;
#4000 = AXIS2_PLACEMENT_3D ( 'NONE', #1133, #8768, #3064 ) ;
#4001 = CARTESIAN_POINT ( 'NONE',  ( -27.30000000000003624, -23.80000000000000071, 18.87638837486628418 ) ) ;
#4002 = AXIS2_PLACEMENT_3D ( 'NONE', #5741, #12374, #7489 ) ;
#4003 = CARTESIAN_POINT ( 'NONE',  ( 39.69999999999995310, 29.79999999999999361, 18.44337567297406721 ) ) ;
#4004 = EDGE_CURVE ( 'NONE', #2553, #4988, #9622, .T. ) ;
#4005 = DIRECTION ( 'NONE',  ( -0.3535533905932697896, -0.7071067811865545671, -0.6123724356957886972 ) ) ;
#4006 = ORIENTED_EDGE ( 'NONE', *, *, #7584, .F. ) ;
#4007 = FACE_OUTER_BOUND ( 'NONE', #6745, .T. ) ;
#4008 = VERTEX_POINT ( 'NONE', #893 ) ;
#4009 = VERTEX_POINT ( 'NONE', #11852 ) ;
#4010 = CARTESIAN_POINT ( 'NONE',  ( 38.98571428571423070, 29.08571428571427475, 15.96901737644710728 ) ) ;
#4011 = EDGE_LOOP ( 'NONE', ( #8242, #5194, #6389, #8884 ) ) ;
#4012 = ORIENTED_EDGE ( 'NONE', *, *, #3029, .T. ) ;
#4013 = CARTESIAN_POINT ( 'NONE',  ( 52.19999999999992468, -21.79999999999996163, 10.00000000000000355 ) ) ;
#4014 = CYLINDRICAL_SURFACE ( 'NONE', #2964, 1.700000000000021050 ) ;
#4015 = EDGE_LOOP ( 'NONE', ( #695, #4987, #11784, #11207, #8334 ) ) ;
#4016 = VECTOR ( 'NONE', #8611, 1000.000000000000000 ) ;
#4017 = VECTOR ( 'NONE', #8862, 1000.000000000000000 ) ;
#4018 = EDGE_CURVE ( 'NONE', #3989, #641, #11815, .T. ) ;
#4019 = VERTEX_POINT ( 'NONE', #11033 ) ;
#4020 = CARTESIAN_POINT ( 'NONE',  ( -61.30000000000000426, -20.80000000000000071, 22.24999999999996447 ) ) ;
#4021 = ORIENTED_EDGE ( 'NONE', *, *, #2991, .T. ) ;
#4022 = VERTEX_POINT ( 'NONE', #9159 ) ;
#4023 = VECTOR ( 'NONE', #11678, 1000.000000000000000 ) ;
#4024 = DIRECTION ( 'NONE',  ( 1.000000000000000000, 1.301042606982605321E-16, 0.000000000000000000 ) ) ;
#4025 = ORIENTED_EDGE ( 'NONE', *, *, #12022, .T. ) ;
#4026 = CARTESIAN_POINT ( 'NONE',  ( -77.80000000000005400, -20.80000000000000426, 26.00000000000000355 ) ) ;
#4027 = VECTOR ( 'NONE', #3304, 1000.000000000000000 ) ;
#4028 = LINE ( 'NONE', #11649, #1718 ) ;
#4029 = ORIENTED_EDGE ( 'NONE', *, *, #8195, .F. ) ;
#4030 = CARTESIAN_POINT ( 'NONE',  ( 91.34999999999998010, 34.50000000000001421, 5.000000000000000000 ) ) ;
#4031 = VERTEX_POINT ( 'NONE', #5405 ) ;
#4032 = PLANE ( 'NONE',  #3834 ) ;
#4033 = EDGE_CURVE ( 'NONE', #11380, #9378, #7205, .T. ) ;
#4034 = VERTEX_POINT ( 'NONE', #10354 ) ;
#4035 = EDGE_CURVE ( 'NONE', #9258, #3623, #6321, .T. ) ;
#4036 = LINE ( 'NONE', #1038, #4378 ) ;
#4037 = DIRECTION ( 'NONE',  ( -0.7071067811865474617, 0.7071067811865474617, -0.000000000000000000 ) ) ;
#4038 = ORIENTED_EDGE ( 'NONE', *, *, #5264, .T. ) ;
#4039 = AXIS2_PLACEMENT_3D ( 'NONE', #4911, #9795, #21 ) ;
#4040 = DIRECTION ( 'NONE',  ( 0.000000000000000000, 0.000000000000000000, 1.000000000000000000 ) ) ;
#4041 = CARTESIAN_POINT ( 'NONE',  ( -77.80000000000005400, 8.799999999999988276, 6.999999999999999112 ) ) ;
#4042 = ORIENTED_EDGE ( 'NONE', *, *, #5299, .F. ) ;
#4043 = LINE ( 'NONE', #2210, #8399 ) ;
#4044 = VECTOR ( 'NONE', #5409, 1000.000000000000000 ) ;
#4045 = CARTESIAN_POINT ( 'NONE',  ( -76.80000000000003979, -23.80000000000002913, 21.24999999999999289 ) ) ;
#4046 = ORIENTED_EDGE ( 'NONE', *, *, #11489, .T. ) ;
#4047 = ORIENTED_EDGE ( 'NONE', *, *, #10587, .F. ) ;
#4048 = ORIENTED_EDGE ( 'NONE', *, *, #8123, .T. ) ;
#4049 = EDGE_CURVE ( 'NONE', #2120, #8577, #588, .T. ) ;
#4050 = CALENDAR_DATE ( 2023, 3, 2 ) ;
#4051 = DIRECTION ( 'NONE',  ( -0.000000000000000000, -0.000000000000000000, 1.000000000000000000 ) ) ;
#4052 = FACE_OUTER_BOUND ( 'NONE', #9855, .T. ) ;
#4053 = ORIENTED_EDGE ( 'NONE', *, *, #2137, .F. ) ;
#4054 = ORIENTED_EDGE ( 'NONE', *, *, #6653, .T. ) ;
#4055 = ORIENTED_EDGE ( 'NONE', *, *, #11348, .T. ) ;
#4056 = FACE_OUTER_BOUND ( 'NONE', #7372, .T. ) ;
#4057 = DIRECTION ( 'NONE',  ( -1.301042606982605321E-16, 1.000000000000000000, -0.000000000000000000 ) ) ;
#4058 = CARTESIAN_POINT ( 'NONE',  ( -39.64450610455428148, -22.89450610455430279, 19.39917551915143434 ) ) ;
#4059 = EDGE_CURVE ( 'NONE', #6738, #11252, #8219, .T. ) ;
#4060 = EDGE_CURVE ( 'NONE', #2100, #3298, #7391, .T. ) ;
#4061 = VECTOR ( 'NONE', #2228, 1000.000000000000000 ) ;
#4062 = CARTESIAN_POINT ( 'NONE',  ( -75.80000000000001137, 30.80000000000000782, 11.74999999999996270 ) ) ;
#4063 = LINE ( 'NONE', #7689, #12189 ) ;
#4064 = ORIENTED_EDGE ( 'NONE', *, *, #4366, .T. ) ;
#4065 = VECTOR ( 'NONE', #5213, 1000.000000000000000 ) ;
#4066 = CARTESIAN_POINT ( 'NONE',  ( 91.34999999999998010, -34.99999999999998579, 0.4999999999999831246 ) ) ;
#4067 = DIRECTION ( 'NONE',  ( -0.3535533905932759513, -0.7071067811865402453, 0.6123724356958015758 ) ) ;
#4068 = EDGE_LOOP ( 'NONE', ( #5403, #2114, #1479, #2533 ) ) ;
#4069 = CARTESIAN_POINT ( 'NONE',  ( 89.34999999999998010, -27.00000000000000355, 4.499999999999970690 ) ) ;
#4070 = VECTOR ( 'NONE', #9434, 1000.000000000000114 ) ;
#4071 = CARTESIAN_POINT ( 'NONE',  ( 1.199999999999923350, 5.999175519151429548, -4.131971880820105802 ) ) ;
#4072 = CARTESIAN_POINT ( 'NONE',  ( 77.80000000000005400, 8.800000000000007816, 6.999999999999999112 ) ) ;
#4073 = ORIENTED_EDGE ( 'NONE', *, *, #7779, .T. ) ;
#4074 = EDGE_CURVE ( 'NONE', #10279, #10647, #10229, .T. ) ;
#4075 = DIRECTION ( 'NONE',  ( 1.301042606982605321E-16, -1.000000000000000000, 0.000000000000000000 ) ) ;
#4076 = EDGE_CURVE ( 'NONE', #4034, #10699, #713, .T. ) ;
#4077 = DIRECTION ( 'NONE',  ( -0.000000000000000000, -0.000000000000000000, 1.000000000000000000 ) ) ;
#4078 = ORIENTED_EDGE ( 'NONE', *, *, #3352, .T. ) ;
#4079 = ADVANCED_FACE ( 'NONE', ( #7457 ), #4545, .F. ) ;
#4080 = ORIENTED_EDGE ( 'NONE', *, *, #11204, .F. ) ;
#4081 = DIRECTION ( 'NONE',  ( 1.000000000000000000, 0.000000000000000000, 0.000000000000000000 ) ) ;
#4082 = ORIENTED_EDGE ( 'NONE', *, *, #11228, .T. ) ;
#4083 = ORIENTED_EDGE ( 'NONE', *, *, #6992, .T. ) ;
#4084 = AXIS2_PLACEMENT_3D ( 'NONE', #9116, #6224, #10012 ) ;
#4085 = CARTESIAN_POINT ( 'NONE',  ( 39.69999999999996021, 21.79999999999998650, 15.55662432702593811 ) ) ;
#4086 = DIRECTION ( 'NONE',  ( 0.8660254037844385966, 9.654978140984307746E-17, -0.4999999999999999445 ) ) ;
#4087 = ORIENTED_EDGE ( 'NONE', *, *, #4059, .F. ) ;
#4088 = FACE_OUTER_BOUND ( 'NONE', #5702, .T. ) ;
#4089 = CARTESIAN_POINT ( 'NONE',  ( 92.85000000000000853, -32.99999999999997868, 0.000000000000000000 ) ) ;
#4090 = ADVANCED_FACE ( 'NONE', ( #4484 ), #1642, .F. ) ;
#4091 = DIRECTION ( 'NONE',  ( 1.301042606982605321E-16, -1.000000000000000000, 0.000000000000000000 ) ) ;
#4092 = LINE ( 'NONE', #10779, #1767 ) ;
#4093 = ADVANCED_FACE ( 'NONE', ( #2514 ), #8414, .F. ) ;
#4094 = ORIENTED_EDGE ( 'NONE', *, *, #1235, .T. ) ;
#4095 = FACE_OUTER_BOUND ( 'NONE', #8819, .T. ) ;
#4096 = ORIENTED_EDGE ( 'NONE', *, *, #2395, .T. ) ;
#4097 = DIRECTION ( 'NONE',  ( 3.356998883401268381E-16, 0.6546536707079748663, -0.7559289460184565046 ) ) ;
#4098 = DIRECTION ( 'NONE',  ( -0.000000000000000000, -0.000000000000000000, -1.000000000000000000 ) ) ;
#4099 = EDGE_LOOP ( 'NONE', ( #4269, #2181, #1943, #6902 ) ) ;
#4100 = DIRECTION ( 'NONE',  ( -1.000000000000000000, -1.257045997084642365E-16, 0.000000000000000000 ) ) ;
#4101 = ORIENTED_EDGE ( 'NONE', *, *, #3852, .F. ) ;
#4102 = FACE_OUTER_BOUND ( 'NONE', #1695, .T. ) ;
#4103 = DIRECTION ( 'NONE',  ( 1.000000000000000000, 0.000000000000000000, 0.000000000000000000 ) ) ;
#4104 = ORIENTED_EDGE ( 'NONE', *, *, #7841, .T. ) ;
#4105 = LINE ( 'NONE', #6892, #5966 ) ;
#4106 = AXIS2_PLACEMENT_3D ( 'NONE', #7588, #8477, #7656 ) ;
#4107 = DIRECTION ( 'NONE',  ( 0.3535533905932738974, -0.7071067811865479058, 0.6123724356957941373 ) ) ;
#4108 = VERTEX_POINT ( 'NONE', #5525 ) ;
#4109 = ORIENTED_EDGE ( 'NONE', *, *, #3324, .T. ) ;
#4110 = AXIS2_PLACEMENT_3D ( 'NONE', #29, #3857, #6703 ) ;
#4111 = CARTESIAN_POINT ( 'NONE',  ( 92.85000000000000853, 33.00000000000000000, 5.000000000000000000 ) ) ;
#4112 = ORIENTED_EDGE ( 'NONE', *, *, #9930, .T. ) ;
#4113 = ORIENTED_EDGE ( 'NONE', *, *, #7031, .T. ) ;
#4114 = VECTOR ( 'NONE', #5544, 1000.000000000000000 ) ;
#4115 = VECTOR ( 'NONE', #7089, 1000.000000000000000 ) ;
#4116 = EDGE_CURVE ( 'NONE', #8952, #11593, #10163, .T. ) ;
#4117 = EDGE_LOOP ( 'NONE', ( #11697, #4173, #4576, #8798 ) ) ;
#4118 = LINE ( 'NONE', #11676, #9714 ) ;
#4119 = EDGE_CURVE ( 'NONE', #6193, #6998, #12220, .T. ) ;
#4120 = DIRECTION ( 'NONE',  ( 0.000000000000000000, 0.000000000000000000, 1.000000000000000000 ) ) ;
#4121 = LINE ( 'NONE', #7932, #9105 ) ;
#4122 = FACE_OUTER_BOUND ( 'NONE', #1295, .T. ) ;
#4123 = CARTESIAN_POINT ( 'NONE',  ( 77.80000000000005400, 21.50710678118650776, 25.29289321881350006 ) ) ;
#4124 = CIRCLE ( 'NONE', #11098, 2.200000000000007283 ) ;
#4125 = CARTESIAN_POINT ( 'NONE',  ( -76.80000000000003979, 29.79999999999997229, 13.75000000000002132 ) ) ;
#4126 = AXIS2_PLACEMENT_3D ( 'NONE', #7640, #8646, #10814 ) ;
#4127 = PLANE ( 'NONE',  #9815 ) ;
#4128 = AXIS2_PLACEMENT_3D ( 'NONE', #1905, #5728, #7895 ) ;
#4129 = DIRECTION ( 'NONE',  ( 7.883256641045518077E-17, -0.7071067811865383579, -0.7071067811865567876 ) ) ;
#4130 = ORIENTED_EDGE ( 'NONE', *, *, #2205, .F. ) ;
#4131 = LINE ( 'NONE', #6917, #1309 ) ;
#4132 = AXIS2_PLACEMENT_3D ( 'NONE', #5125, #2355, #371 ) ;
#4133 = ORIENTED_EDGE ( 'NONE', *, *, #1901, .T. ) ;
#4134 = LINE ( 'NONE', #6986, #3113 ) ;
#4135 = VECTOR ( 'NONE', #6256, 1000.000000000000000 ) ;
#4136 = LINE ( 'NONE', #7945, #11465 ) ;
#4137 = VECTOR ( 'NONE', #4204, 1000.000000000000000 ) ;
#4138 = ORIENTED_EDGE ( 'NONE', *, *, #3152, .F. ) ;
#4139 = ADVANCED_FACE ( 'NONE', ( #1768 ), #9092, .F. ) ;
#4140 = DIRECTION ( 'NONE',  ( 0.6546536707079760875, -0.6546536707079785300, 0.3779644730092265315 ) ) ;
#4141 = CARTESIAN_POINT ( 'NONE',  ( -93.34999999999999432, 29.85000000000000142, 3.000000000000000000 ) ) ;
#4142 = AXIS2_PLACEMENT_3D ( 'NONE', #6758, #8729, #4801 ) ;
#4143 = EDGE_LOOP ( 'NONE', ( #1355, #7833, #2671, #2246 ) ) ;
#4144 = ORIENTED_EDGE ( 'NONE', *, *, #1940, .F. ) ;
#4145 = DIRECTION ( 'NONE',  ( 1.454507588948649815E-17, -0.7071067811865475727, -0.7071067811865475727 ) ) ;
#4146 = ORIENTED_EDGE ( 'NONE', *, *, #7853, .T. ) ;
#4147 = VERTEX_POINT ( 'NONE', #6260 ) ;
#4148 = EDGE_CURVE ( 'NONE', #7903, #11544, #4355, .T. ) ;
#4149 = CARTESIAN_POINT ( 'NONE',  ( 40.69999999999998153, -20.79999999999999005, 26.00000000000000355 ) ) ;
#4150 = DIRECTION ( 'NONE',  ( 0.000000000000000000, 0.000000000000000000, 1.000000000000000000 ) ) ;
#4151 = ORIENTED_EDGE ( 'NONE', *, *, #2580, .T. ) ;
#4152 = ADVANCED_FACE ( 'NONE', ( #2889, #3893 ), #903, .T. ) ;
#4153 = VECTOR ( 'NONE', #5604, 999.9999999999998863 ) ;
#4154 = DIRECTION ( 'NONE',  ( -0.8660254037844383745, 0.000000000000000000, -0.5000000000000003331 ) ) ;
#4155 = DIRECTION ( 'NONE',  ( 0.5773502691896253980, 0.5773502691896255090, -0.5773502691896265082 ) ) ;
#4156 = VECTOR ( 'NONE', #3153, 1000.000000000000000 ) ;
#4157 = CARTESIAN_POINT ( 'NONE',  ( -46.05000000000004690, -24.80000000000000071, 15.70096189432330647 ) ) ;
#4158 = LINE ( 'NONE', #11772, #5158 ) ;
#4159 = VERTEX_POINT ( 'NONE', #131 ) ;
#4160 = DIRECTION ( 'NONE',  ( -0.8660254037844383745, -1.088633767200839306E-16, 0.5000000000000004441 ) ) ;
#4161 = ORIENTED_EDGE ( 'NONE', *, *, #5513, .T. ) ;
#4162 = VECTOR ( 'NONE', #10270, 1000.000000000000000 ) ;
#4163 = CARTESIAN_POINT ( 'NONE',  ( 76.80000000000008242, 29.80000000000004334, 22.00000000000000355 ) ) ;
#4164 = ORIENTED_EDGE ( 'NONE', *, *, #2375, .F. ) ;
#4165 = AXIS2_PLACEMENT_3D ( 'NONE', #6845, #10687, #2092 ) ;
#4166 = ORIENTED_EDGE ( 'NONE', *, *, #11967, .T. ) ;
#4167 = ADVANCED_FACE ( 'NONE', ( #3954 ), #1834, .F. ) ;
#4168 = VERTEX_POINT ( 'NONE', #10413 ) ;
#4169 = EDGE_CURVE ( 'NONE', #4180, #9993, #5651, .T. ) ;
#4170 = ORIENTED_EDGE ( 'NONE', *, *, #9508, .F. ) ;
#4171 = LINE ( 'NONE', #2023, #1206 ) ;
#4172 = FACE_OUTER_BOUND ( 'NONE', #6681, .T. ) ;
#4173 = ORIENTED_EDGE ( 'NONE', *, *, #2373, .F. ) ;
#4174 = ORIENTED_EDGE ( 'NONE', *, *, #2073, .F. ) ;
#4175 = APPROVAL_DATE_TIME ( #11668, #8851 ) ;
#4176 = VECTOR ( 'NONE', #3853, 1000.000000000000000 ) ;
#4177 = ADVANCED_FACE ( 'NONE', ( #10475 ), #9480, .F. ) ;
#4178 = DIRECTION ( 'NONE',  ( -0.7071067811865482389, 0.000000000000000000, 0.7071067811865469066 ) ) ;
#4179 = ORIENTED_EDGE ( 'NONE', *, *, #4513, .F. ) ;
#4180 = VERTEX_POINT ( 'NONE', #11587 ) ;
#4181 = AXIS2_PLACEMENT_3D ( 'NONE', #7697, #66, #2882 ) ;
#4182 = ORIENTED_EDGE ( 'NONE', *, *, #6262, .T. ) ;
#4183 = DIRECTION ( 'NONE',  ( -0.5773502691896253980, 0.5773502691896255090, -0.5773502691896265082 ) ) ;
#4184 = LINE ( 'NONE', #11933, #12276 ) ;
#4185 = CARTESIAN_POINT ( 'NONE',  ( 34.69999999999994600, 29.79999999999999361, 15.55662432702593634 ) ) ;
#4186 = LINE ( 'NONE', #10016, #10965 ) ;
#4187 = LINE ( 'NONE', #5000, #36 ) ;
#4188 = AXIS2_PLACEMENT_3D ( 'NONE', #2028, #3100, #4981 ) ;
#4189 = VECTOR ( 'NONE', #9205, 1000.000000000000000 ) ;
#4190 = APPROVAL ( #8986, 'UNSPECIFIED' ) ;
#4191 = ORIENTED_EDGE ( 'NONE', *, *, #11034, .F. ) ;
#4192 = CARTESIAN_POINT ( 'NONE',  ( -93.34999999999999432, -24.15000000000000568, 1.000000000000000000 ) ) ;
#4193 = EDGE_LOOP ( 'NONE', ( #8564, #6867, #1283, #5365 ) ) ;
#4194 = CARTESIAN_POINT ( 'NONE',  ( -89.34999999999998010, 27.00000000000000355, 1.000000000000000000 ) ) ;
#4195 = ORIENTED_EDGE ( 'NONE', *, *, #213, .F. ) ;
#4196 = ORIENTED_EDGE ( 'NONE', *, *, #4765, .F. ) ;
#4197 = VECTOR ( 'NONE', #3084, 1000.000000000000000 ) ;
#4198 = VECTOR ( 'NONE', #2162, 1000.000000000000000 ) ;
#4199 = DIRECTION ( 'NONE',  ( 0.3535533905932748966, 0.7071067811865464625, 0.6123724356957952475 ) ) ;
#4200 = FACE_OUTER_BOUND ( 'NONE', #7452, .T. ) ;
#4201 = ORIENTED_EDGE ( 'NONE', *, *, #3680, .T. ) ;
#4202 = VERTEX_POINT ( 'NONE', #7520 ) ;
#4203 = EDGE_CURVE ( 'NONE', #8577, #10677, #9538, .T. ) ;
#4204 = DIRECTION ( 'NONE',  ( 0.000000000000000000, -0.000000000000000000, 1.000000000000000000 ) ) ;
#4205 = ORIENTED_EDGE ( 'NONE', *, *, #1325, .F. ) ;
#4206 = AXIS2_PLACEMENT_3D ( 'NONE', #2071, #3154, #4398 ) ;
#4207 = VERTEX_POINT ( 'NONE', #5591 ) ;
#4208 = VECTOR ( 'NONE', #2095, 1000.000000000000000 ) ;
#4209 = DIRECTION ( 'NONE',  ( 0.7071067811865487940, 0.7071067811865462405, 0.000000000000000000 ) ) ;
#4210 = FACE_OUTER_BOUND ( 'NONE', #1222, .T. ) ;
#4211 = ORIENTED_EDGE ( 'NONE', *, *, #10004, .F. ) ;
#4212 = CARTESIAN_POINT ( 'NONE',  ( 65.50288568297003167, -20.79999999999998650, 4.700773216421403333 ) ) ;
#4213 = VECTOR ( 'NONE', #11844, 1000.000000000000000 ) ;
#4214 = VECTOR ( 'NONE', #5165, 1000.000000000000114 ) ;
#4215 = DIRECTION ( 'NONE',  ( -0.000000000000000000, 1.000000000000000000, -0.000000000000000000 ) ) ;
#4216 = EDGE_CURVE ( 'NONE', #9923, #4340, #4729, .T. ) ;
#4217 = DIRECTION ( 'NONE',  ( -0.8660254037844387076, 0.000000000000000000, -0.4999999999999998335 ) ) ;
#4218 = EDGE_CURVE ( 'NONE', #965, #11957, #11474, .T. ) ;
#4219 = EDGE_LOOP ( 'NONE', ( #8094, #1384, #2500, #3586 ) ) ;
#4220 = LINE ( 'NONE', #1269, #10228 ) ;
#4221 = EDGE_CURVE ( 'NONE', #3355, #9102, #8540, .T. ) ;
#4222 = VERTEX_POINT ( 'NONE', #10536 ) ;
#4223 = CARTESIAN_POINT ( 'NONE',  ( 15.72774694772270010, 38.82774694772275126, 8.612401389013438546 ) ) ;
#4224 = EDGE_LOOP ( 'NONE', ( #7167, #236, #10859, #4038, #377, #3562, #6229, #9283, #9958, #6735, #6236, #2836, #8406, #113, #1070, #230, #11275, #11974, #4318, #4950 ) ) ;
#4225 = VECTOR ( 'NONE', #8670, 1000.000000000000000 ) ;
#4226 = DIRECTION ( 'NONE',  ( 0.7071067811865610064, 0.000000000000000000, 0.7071067811865340280 ) ) ;
#4227 = VECTOR ( 'NONE', #7330, 1000.000000000000000 ) ;
#4228 = LINE ( 'NONE', #11855, #1265 ) ;
#4229 = ORIENTED_EDGE ( 'NONE', *, *, #5780, .F. ) ;
#4230 = LINE ( 'NONE', #6891, #10545 ) ;
#4231 = CARTESIAN_POINT ( 'NONE',  ( 76.80000000000008242, -24.79999999999998650, 26.00000000000000355 ) ) ;
#4232 = ADVANCED_FACE ( 'NONE', ( #6570 ), #12340, .F. ) ;
#4233 = EDGE_CURVE ( 'NONE', #11916, #9102, #10653, .T. ) ;
#4234 = AXIS2_PLACEMENT_3D ( 'NONE', #11971, #7199, #6197 ) ;
#4235 = VERTEX_POINT ( 'NONE', #14 ) ;
#4236 = DIRECTION ( 'NONE',  ( -1.114860845743448580E-16, 1.000000000000000000, 0.000000000000000000 ) ) ;
#4237 = VERTEX_POINT ( 'NONE', #4672 ) ;
#4238 = PERSON_AND_ORGANIZATION_ROLE ( 'classification_officer' ) ;
#4239 = CARTESIAN_POINT ( 'NONE',  ( -61.30000000000000426, -23.80000000000002558, 21.24999999999999289 ) ) ;
#4240 = EDGE_CURVE ( 'NONE', #9102, #8686, #1947, .T. ) ;
#4241 = DIRECTION ( 'NONE',  ( 0.7071067811865376918, -0.7071067811865574537, 0.000000000000000000 ) ) ;
#4242 = ORIENTED_EDGE ( 'NONE', *, *, #4512, .T. ) ;
#4243 = PLANE ( 'NONE',  #11327 ) ;
#4244 = DIRECTION ( 'NONE',  ( -0.5773502691896253980, -0.5773502691896255090, -0.5773502691896265082 ) ) ;
#4245 = ORIENTED_EDGE ( 'NONE', *, *, #3758, .F. ) ;
#4246 = ORIENTED_EDGE ( 'NONE', *, *, #11378, .F. ) ;
#4247 = AXIS2_PLACEMENT_3D ( 'NONE', #3656, #11087, #1579 ) ;
#4248 = VERTEX_POINT ( 'NONE', #11344 ) ;
#4249 = FACE_OUTER_BOUND ( 'NONE', #4538, .T. ) ;
#4250 = CARTESIAN_POINT ( 'NONE',  ( -82.80000000000002558, -29.80000000000002913, 25.00000000000000000 ) ) ;
#4251 = CARTESIAN_POINT ( 'NONE',  ( -82.80000000000002558, -29.80000000000002913, 6.999999999999999112 ) ) ;
#4252 = LINE ( 'NONE', #7933, #9797 ) ;
#4253 = LINE ( 'NONE', #8058, #7683 ) ;
#4254 = EDGE_CURVE ( 'NONE', #7332, #6985, #4855, .T. ) ;
#4255 = LINE ( 'NONE', #3364, #6771 ) ;
#4256 = PLANE ( 'NONE',  #12048 ) ;
#4257 = CARTESIAN_POINT ( 'NONE',  ( 89.34999999999998010, 27.00000000000000355, 0.000000000000000000 ) ) ;
#4258 = CARTESIAN_POINT ( 'NONE',  ( 84.79999999999995453, 32.80000000000001137, 6.000000000000000000 ) ) ;
#4259 = CARTESIAN_POINT ( 'NONE',  ( 22.69999999999993534, -20.79999999999999361, 19.02072594216367563 ) ) ;
#4260 = VERTEX_POINT ( 'NONE', #7705 ) ;
#4261 = LINE ( 'NONE', #1296, #10911 ) ;
#4262 = ORIENTED_EDGE ( 'NONE', *, *, #5366, .T. ) ;
#4263 = DIRECTION ( 'NONE',  ( -0.7071067811865463515, 0.000000000000000000, -0.7071067811865487940 ) ) ;
#4264 = ORIENTED_EDGE ( 'NONE', *, *, #6501, .F. ) ;
#4265 = CARTESIAN_POINT ( 'NONE',  ( -78.80000000000005400, 20.79999999999996874, 26.00000000000002487 ) ) ;
#4266 = EDGE_CURVE ( 'NONE', #5637, #10025, #11532, .T. ) ;
#4267 = CARTESIAN_POINT ( 'NONE',  ( -24.05000000000003268, -20.79999999999999716, 12.09252271188817929 ) ) ;
#4268 = CARTESIAN_POINT ( 'NONE',  ( -91.34999999999998010, -32.99999999999997868, 0.4999999999999831246 ) ) ;
#4269 = ORIENTED_EDGE ( 'NONE', *, *, #426, .T. ) ;
#4270 = EDGE_LOOP ( 'NONE', ( #4297, #4684, #4550, #10561 ) ) ;
#4271 = LINE ( 'NONE', #8135, #10392 ) ;
#4272 = ORIENTED_EDGE ( 'NONE', *, *, #57, .T. ) ;
#4273 = CARTESIAN_POINT ( 'NONE',  ( -76.80000000000005400, -7.800000000000008704, 6.000000000000000000 ) ) ;
#4274 = DIRECTION ( 'NONE',  ( -0.7071067811865524577, -0.7071067811865425767, -0.000000000000000000 ) ) ;
#4275 = AXIS2_PLACEMENT_3D ( 'NONE', #778, #10352, #12273 ) ;
#4276 = ORIENTED_EDGE ( 'NONE', *, *, #15, .F. ) ;
#4277 = EDGE_CURVE ( 'NONE', #4237, #3395, #2951, .T. ) ;
#4278 = EDGE_CURVE ( 'NONE', #11285, #8466, #2313, .T. ) ;
#4279 = DIRECTION ( 'NONE',  ( 0.7071067811865474617, -0.7071067811865474617, -0.000000000000000000 ) ) ;
#4280 = CARTESIAN_POINT ( 'NONE',  ( 93.34999999999999432, 24.15000000000000568, 3.000000000000000000 ) ) ;
#4281 = CARTESIAN_POINT ( 'NONE',  ( -43.80000000000001847, -21.79999999999999361, 20.75277674973256836 ) ) ;
#4282 = DIRECTION ( 'NONE',  ( 0.7071067811865422437, 8.659560562354868763E-17, -0.7071067811865529018 ) ) ;
#4283 = EDGE_LOOP ( 'NONE', ( #11027, #8630, #1132, #10305 ) ) ;
#4284 = CARTESIAN_POINT ( 'NONE',  ( 21.69999999999995666, 29.79999999999999361, 18.44337567297406721 ) ) ;
#4285 = VECTOR ( 'NONE', #6388, 1000.000000000000114 ) ;
#4286 = CARTESIAN_POINT ( 'NONE',  ( 81.80000000000005400, 8.800000000000009592, 26.00000000000000355 ) ) ;
#4287 = ORIENTED_EDGE ( 'NONE', *, *, #2591, .T. ) ;
#4288 = ORIENTED_EDGE ( 'NONE', *, *, #17, .T. ) ;
#4289 = DIRECTION ( 'NONE',  ( -0.000000000000000000, 0.000000000000000000, -1.000000000000000000 ) ) ;
#4290 = EDGE_CURVE ( 'NONE', #3298, #10937, #7835, .T. ) ;
#4291 = DIRECTION ( 'NONE',  ( 0.6546536707079759765, -0.6546536707079815276, -0.3779644730092218685 ) ) ;
#4292 = PLANE ( 'NONE',  #7458 ) ;
#4293 = ORIENTED_EDGE ( 'NONE', *, *, #7657, .T. ) ;
#4294 = EDGE_CURVE ( 'NONE', #12142, #4237, #8961, .T. ) ;
#4295 = DIRECTION ( 'NONE',  ( 0.000000000000000000, 0.000000000000000000, 1.000000000000000000 ) ) ;
#4296 = LINE ( 'NONE', #593, #2203 ) ;
#4297 = ORIENTED_EDGE ( 'NONE', *, *, #8766, .T. ) ;
#4298 = COORDINATED_UNIVERSAL_TIME_OFFSET ( 1, 0, .AHEAD. ) ;
#4299 = PLANE ( 'NONE',  #3166 ) ;
#4300 = EDGE_LOOP ( 'NONE', ( #5435, #11646, #158, #8700 ) ) ;
#4301 = CARTESIAN_POINT ( 'NONE',  ( 50.56538568297006719, 20.80000000000000426, -21.17173572163871142 ) ) ;
#4302 = ORIENTED_EDGE ( 'NONE', *, *, #2208, .T. ) ;
#4303 = EDGE_CURVE ( 'NONE', #486, #12150, #8841, .T. ) ;
#4304 = EDGE_CURVE ( 'NONE', #8686, #2134, #8024, .T. ) ;
#4305 = ORIENTED_EDGE ( 'NONE', *, *, #7806, .F. ) ;
#4306 = VERTEX_POINT ( 'NONE', #5283 ) ;
#4307 = DIRECTION ( 'NONE',  ( 0.8660254037844389297, 9.654978140984311444E-17, -0.4999999999999993894 ) ) ;
#4308 = CARTESIAN_POINT ( 'NONE',  ( -20.80000000000002203, -57.98150098949684406, 18.87638837486628063 ) ) ;
#4309 = EDGE_CURVE ( 'NONE', #7649, #7901, #2206, .T. ) ;
#4310 = PLANE ( 'NONE',  #8217 ) ;
#4311 = LINE ( 'NONE', #11051, #9082 ) ;
#4313 = LINE ( 'NONE', #2348, #2275 ) ;
#4312 = VECTOR ( 'NONE', #7475, 1000.000000000000000 ) ;
#4314 = CARTESIAN_POINT ( 'NONE',  ( -27.30000000000003624, -21.80000000000000071, 15.12361162513371227 ) ) ;
#4315 = FACE_OUTER_BOUND ( 'NONE', #11813, .T. ) ;
#4316 = DIRECTION ( 'NONE',  ( -0.8660254037844387076, 0.000000000000000000, -0.4999999999999998335 ) ) ;
#4317 = PLANE ( 'NONE',  #613 ) ;
#4318 = ORIENTED_EDGE ( 'NONE', *, *, #147, .F. ) ;
#4319 = FACE_OUTER_BOUND ( 'NONE', #3313, .T. ) ;
#4320 = ORIENTED_EDGE ( 'NONE', *, *, #8805, .T. ) ;
#4321 = ADVANCED_FACE ( 'NONE', ( #1275 ), #7075, .F. ) ;
#4322 = ORIENTED_EDGE ( 'NONE', *, *, #6712, .T. ) ;
#4323 = PLANE ( 'NONE',  #10753 ) ;
#4324 = ORIENTED_EDGE ( 'NONE', *, *, #7793, .F. ) ;
#4325 = VECTOR ( 'NONE', #8485, 1000.000000000000000 ) ;
#4326 = EDGE_CURVE ( 'NONE', #4556, #11082, #9093, .T. ) ;
#4327 = AXIS2_PLACEMENT_3D ( 'NONE', #9588, #2420, #7343 ) ;
#4328 = AXIS2_PLACEMENT_3D ( 'NONE', #5442, #3627, #9263 ) ;
#4329 = LINE ( 'NONE', #7296, #1980 ) ;
#4330 = LINE ( 'NONE', #2624, #3429 ) ;
#4331 = CARTESIAN_POINT ( 'NONE',  ( -75.80000000000005400, -24.80000000000000426, 26.00000000000000355 ) ) ;
#4332 = LINE ( 'NONE', #8511, #4626 ) ;
#4333 = ORIENTED_EDGE ( 'NONE', *, *, #878, .T. ) ;
#4334 = VECTOR ( 'NONE', #11612, 1000.000000000000000 ) ;
#4335 = ORIENTED_EDGE ( 'NONE', *, *, #9504, .T. ) ;
#4336 = EDGE_LOOP ( 'NONE', ( #257, #2722, #2159, #4478 ) ) ;
#4337 = EDGE_CURVE ( 'NONE', #6819, #10647, #11914, .T. ) ;
#4338 = PLANE ( 'NONE',  #8992 ) ;
#4339 = CARTESIAN_POINT ( 'NONE',  ( 51.19999999999995310, -23.80000000000001847, 10.99999999999997691 ) ) ;
#4340 = VERTEX_POINT ( 'NONE', #7021 ) ;
#4341 = VECTOR ( 'NONE', #3919, 1000.000000000000114 ) ;
#4342 = CARTESIAN_POINT ( 'NONE',  ( -75.80000000000005400, -21.79999999999997229, 12.74999999999999112 ) ) ;
#4343 = DIRECTION ( 'NONE',  ( 0.000000000000000000, -0.7071067811865465735, 0.7071067811865483499 ) ) ;
#4344 = DIRECTION ( 'NONE',  ( -1.000000000000000000, -1.114860845743448580E-16, 1.304303365396091250E-16 ) ) ;
#4345 = DIRECTION ( 'NONE',  ( -0.6546536707079714246, -0.6546536707079804174, 0.3779644730092314719 ) ) ;
#4346 = ORIENTED_EDGE ( 'NONE', *, *, #4304, .T. ) ;
#4347 = CARTESIAN_POINT ( 'NONE',  ( -77.80000000000005400, 20.79999999999999005, 24.58578643762694682 ) ) ;
#4348 = DIRECTION ( 'NONE',  ( 0.000000000000000000, 0.000000000000000000, -1.000000000000000000 ) ) ;
#4349 = CARTESIAN_POINT ( 'NONE',  ( -19.80000000000002558, -20.79999999999999716, 26.00000000000000355 ) ) ;
#4350 = EDGE_LOOP ( 'NONE', ( #11358, #4589, #1863, #12322 ) ) ;
#4351 = ADVANCED_FACE ( 'NONE', ( #4102 ), #10793, .F. ) ;
#4352 = EDGE_CURVE ( 'NONE', #8920, #4776, #4357, .T. ) ;
#4353 = LINE ( 'NONE', #4483, #2463 ) ;
#4354 = AXIS2_PLACEMENT_3D ( 'NONE', #906, #4793, #4732 ) ;
#4355 = LINE ( 'NONE', #8714, #6202 ) ;
#4356 = AXIS2_PLACEMENT_3D ( 'NONE', #1684, #835, #7374 ) ;
#4357 = LINE ( 'NONE', #2268, #8636 ) ;
#4358 = LINE ( 'NONE', #1398, #4044 ) ;
#4359 = VECTOR ( 'NONE', #6877, 1000.000000000000000 ) ;
#4360 = DIRECTION ( 'NONE',  ( 0.000000000000000000, 0.7071067811865573427, 0.7071067811865376918 ) ) ;
#4361 = ORIENTED_EDGE ( 'NONE', *, *, #312, .F. ) ;
#4362 = CARTESIAN_POINT ( 'NONE',  ( 19.19999999999996021, -57.98150098949683695, 14.11324865405187090 ) ) ;
#4363 = ORIENTED_EDGE ( 'NONE', *, *, #3532, .T. ) ;
#4364 = DIRECTION ( 'NONE',  ( -0.000000000000000000, -0.000000000000000000, -1.000000000000000000 ) ) ;
#4365 = EDGE_LOOP ( 'NONE', ( #7957, #7011, #1326, #5792 ) ) ;
#4366 = EDGE_CURVE ( 'NONE', #7877, #10674, #9925, .T. ) ;
#4367 = DIRECTION ( 'NONE',  ( 0.8660254037844387076, 9.654978140984308979E-17, -0.4999999999999998335 ) ) ;
#4368 = ORIENTED_EDGE ( 'NONE', *, *, #11060, .F. ) ;
#4369 = EDGE_LOOP ( 'NONE', ( #10123, #6788, #5045, #10514, #11849, #8918 ) ) ;
#4370 = ORIENTED_EDGE ( 'NONE', *, *, #7762, .F. ) ;
#4371 = LINE ( 'NONE', #3302, #4115 ) ;
#4372 = DIRECTION ( 'NONE',  ( 0.6546536707079734230, 0.6546536707079779749, 0.3779644730092322491 ) ) ;
#4373 = CARTESIAN_POINT ( 'NONE',  ( -24.05000000000003979, 29.80000000000000071, 20.75277674973256836 ) ) ;
#4374 = LINE ( 'NONE', #5115, #8681 ) ;
#4375 = DIRECTION ( 'NONE',  ( 0.7071067811865474617, 7.883256641045617917E-17, 0.7071067811865474617 ) ) ;
#4376 = CARTESIAN_POINT ( 'NONE',  ( 81.80000000000005400, -20.79999999999994387, 26.00000000000000355 ) ) ;
#4377 = PLANE ( 'NONE',  #8408 ) ;
#4378 = VECTOR ( 'NONE', #12347, 999.9999999999998863 ) ;
#4379 = EDGE_CURVE ( 'NONE', #1419, #1761, #12153, .T. ) ;
#4380 = EDGE_CURVE ( 'NONE', #4724, #8863, #5469, .T. ) ;
#4381 = FACE_OUTER_BOUND ( 'NONE', #4401, .T. ) ;
#4382 = VERTEX_POINT ( 'NONE', #589 ) ;
#4383 = EDGE_CURVE ( 'NONE', #10200, #7997, #5592, .T. ) ;
#4384 = LINE ( 'NONE', #4192, #6503 ) ;
#4385 = AXIS2_PLACEMENT_3D ( 'NONE', #10525, #10645, #8648 ) ;
#4386 = ORIENTED_EDGE ( 'NONE', *, *, #4629, .F. ) ;
#4387 = PLANE ( 'NONE',  #3915 ) ;
#4388 = ORIENTED_EDGE ( 'NONE', *, *, #8273, .T. ) ;
#4389 = CARTESIAN_POINT ( 'NONE',  ( 19.19999999999994955, 29.79999999999999361, 14.11324865405187090 ) ) ;
#4390 = VERTEX_POINT ( 'NONE', #7459 ) ;
#4391 = CARTESIAN_POINT ( 'NONE',  ( 19.19999999999996021, -13.57060409057994299, 2.301359690149818782 ) ) ;
#4392 = PLANE ( 'NONE',  #8786 ) ;
#4393 = FACE_OUTER_BOUND ( 'NONE', #10347, .T. ) ;
#4394 = AXIS2_PLACEMENT_3D ( 'NONE', #11309, #8372, #11373 ) ;
#4395 = FACE_OUTER_BOUND ( 'NONE', #2429, .T. ) ;
#4396 = CIRCLE ( 'NONE', #10978, 1.700000000000021050 ) ;
#4397 = AXIS2_PLACEMENT_3D ( 'NONE', #6784, #2037, #5853 ) ;
#4398 = DIRECTION ( 'NONE',  ( 1.301042606982605321E-16, -1.000000000000000000, 0.000000000000000000 ) ) ;
#4399 = ORIENTED_EDGE ( 'NONE', *, *, #3767, .T. ) ;
#4400 = CARTESIAN_POINT ( 'NONE',  ( 17.69999999999997442, -24.79999999999999361, 26.00000000000000355 ) ) ;
#4401 = EDGE_LOOP ( 'NONE', ( #2992, #1129, #375, #4138 ) ) ;
#4402 = EDGE_LOOP ( 'NONE', ( #2180, #6566, #3232, #1840 ) ) ;
#4403 = DIRECTION ( 'NONE',  ( 1.000000000000000000, 3.469446951953611724E-16, 0.000000000000000000 ) ) ;
#4404 = DIRECTION ( 'NONE',  ( -6.308085367188384325E-16, 1.000000000000000000, -0.000000000000000000 ) ) ;
#4405 = VECTOR ( 'NONE', #8227, 1000.000000000000000 ) ;
#4406 = VECTOR ( 'NONE', #9654, 1000.000000000000000 ) ;
#4407 = VECTOR ( 'NONE', #3675, 1000.000000000000114 ) ;
#4408 = ORIENTED_EDGE ( 'NONE', *, *, #8574, .F. ) ;
#4409 = DIRECTION ( 'NONE',  ( 0.5773502691896233996, -0.5773502691896263972, 0.5773502691896273964 ) ) ;
#4410 = CARTESIAN_POINT ( 'NONE',  ( 84.79999999999995453, 32.30000000000001137, 6.000000000000000000 ) ) ;
#4411 = CARTESIAN_POINT ( 'NONE',  ( 76.80000000000008242, 20.80000000000000426, 26.00000000000000355 ) ) ;
#4412 = EDGE_CURVE ( 'NONE', #798, #9582, #2706, .T. ) ;
#4413 = ORIENTED_EDGE ( 'NONE', *, *, #1082, .F. ) ;
#4414 = AXIS2_PLACEMENT_3D ( 'NONE', #5216, #11652, #9030 ) ;
#4415 = EDGE_LOOP ( 'NONE', ( #8265, #7273, #8459, #3004 ) ) ;
#4416 = DIRECTION ( 'NONE',  ( -0.8660254037844383745, -9.654978140984306513E-17, 0.5000000000000004441 ) ) ;
#4417 = ORIENTED_EDGE ( 'NONE', *, *, #11091, .F. ) ;
#4418 = DIRECTION ( 'NONE',  ( 1.000000000000000000, 0.000000000000000000, 0.000000000000000000 ) ) ;
#4419 = CARTESIAN_POINT ( 'NONE',  ( 52.19999999999992468, -21.79999999999996518, 22.00000000000000355 ) ) ;
#4420 = DIRECTION ( 'NONE',  ( -0.7071067811865462405, 0.7071067811865487940, -0.000000000000000000 ) ) ;
#4421 = AXIS2_PLACEMENT_3D ( 'NONE', #1354, #5063, #5918 ) ;
#4422 = CARTESIAN_POINT ( 'NONE',  ( -81.80000000000003979, 30.80000000000000782, 25.00000000000000000 ) ) ;
#4423 = EDGE_LOOP ( 'NONE', ( #3662, #5872, #5293, #11816 ) ) ;
#4424 = EDGE_CURVE ( 'NONE', #63, #4022, #8342, .T. ) ;
#4425 = CARTESIAN_POINT ( 'NONE',  ( -76.80000000000005400, -19.80000000000000071, 6.000000000000000000 ) ) ;
#4426 = VERTEX_POINT ( 'NONE', #3722 ) ;
#4427 = ORIENTED_EDGE ( 'NONE', *, *, #8732, .F. ) ;
#4428 = ORIENTED_EDGE ( 'NONE', *, *, #3260, .T. ) ;
#4429 = CARTESIAN_POINT ( 'NONE',  ( -24.05000000000003268, -23.79999999999997939, 13.24722325026742809 ) ) ;
#4430 = VECTOR ( 'NONE', #986, 1000.000000000000000 ) ;
#4431 = AXIS2_PLACEMENT_3D ( 'NONE', #10299, #1708, #8421 ) ;
#4432 = FACE_OUTER_BOUND ( 'NONE', #2699, .T. ) ;
#4433 = CARTESIAN_POINT ( 'NONE',  ( -81.80000000000002558, -31.80000000000002203, 6.000000000000000000 ) ) ;
#4434 = ORIENTED_EDGE ( 'NONE', *, *, #4695, .T. ) ;
#4435 = ORIENTED_EDGE ( 'NONE', *, *, #11489, .F. ) ;
#4436 = EDGE_LOOP ( 'NONE', ( #7575, #1821, #3119, #11496 ) ) ;
#4437 = PLANE ( 'NONE',  #7289 ) ;
#4438 = PLANE ( 'NONE',  #2093 ) ;
#4439 = VECTOR ( 'NONE', #4348, 1000.000000000000000 ) ;
#4440 = AXIS2_PLACEMENT_3D ( 'NONE', #5828, #5880, #139 ) ;
#4441 = LINE ( 'NONE', #9002, #9896 ) ;
#4442 = LINE ( 'NONE', #12053, #5787 ) ;
#4443 = ADVANCED_FACE ( 'NONE', ( #5339 ), #3528, .T. ) ;
#4444 = LINE ( 'NONE', #2423, #10017 ) ;
#4445 = DIRECTION ( 'NONE',  ( 0.000000000000000000, 0.000000000000000000, 1.000000000000000000 ) ) ;
#4446 = PLANE ( 'NONE',  #5721 ) ;
#4447 = ORIENTED_EDGE ( 'NONE', *, *, #12093, .T. ) ;
#4448 = DIRECTION ( 'NONE',  ( 1.000000000000000000, 3.797971485444570149E-17, 0.000000000000000000 ) ) ;
#4449 = VECTOR ( 'NONE', #9604, 1000.000000000000000 ) ;
#4450 = ORIENTED_EDGE ( 'NONE', *, *, #9420, .F. ) ;
#4451 = LINE ( 'NONE', #9196, #9728 ) ;
#4452 = ORIENTED_EDGE ( 'NONE', *, *, #4792, .T. ) ;
#4453 = DIRECTION ( 'NONE',  ( -0.7071067811865474617, 0.7071067811865474617, 0.000000000000000000 ) ) ;
#4454 = EDGE_CURVE ( 'NONE', #3127, #9902, #3467, .T. ) ;
#4455 = ORIENTED_EDGE ( 'NONE', *, *, #8352, .T. ) ;
#4456 = ADVANCED_FACE ( 'NONE', ( #7323 ), #1511, .T. ) ;
#4457 = PLANE ( 'NONE',  #1312 ) ;
#4458 = LINE ( 'NONE', #6358, #2372 ) ;
#4459 = DIRECTION ( 'NONE',  ( 1.000000000000000000, 0.000000000000000000, 0.000000000000000000 ) ) ;
#4460 = DIRECTION ( 'NONE',  ( 0.000000000000000000, 0.000000000000000000, -1.000000000000000000 ) ) ;
#4461 = ORIENTED_EDGE ( 'NONE', *, *, #11152, .F. ) ;
#4462 = CARTESIAN_POINT ( 'NONE',  ( 89.34999999999998010, 27.00000000000000355, 0.000000000000000000 ) ) ;
#4463 = CARTESIAN_POINT ( 'NONE',  ( 16.69999999999995666, -23.79999999999999716, 18.44337567297407077 ) ) ;
#4464 = CARTESIAN_POINT ( 'NONE',  ( 89.34999999999998010, 27.00000000000000355, 5.000000000000000000 ) ) ;
#4465 = ORIENTED_EDGE ( 'NONE', *, *, #512, .T. ) ;
#4466 = CARTESIAN_POINT ( 'NONE',  ( 89.34999999999998010, -27.00000000000000355, 0.000000000000000000 ) ) ;
#4467 = CONICAL_SURFACE ( 'NONE', #7028, 1.700000000000021050, 0.7853981633974399523 ) ;
#4468 = PLANE ( 'NONE',  #125 ) ;
#4469 = EDGE_CURVE ( 'NONE', #2026, #10582, #7428, .T. ) ;
#4470 = EDGE_LOOP ( 'NONE', ( #7462, #1225, #452, #150 ) ) ;
#4471 = EDGE_CURVE ( 'NONE', #9582, #9526, #4610, .T. ) ;
#4472 = DIRECTION ( 'NONE',  ( 0.8660254037844397068, 9.654978140984320072E-17, 0.4999999999999980571 ) ) ;
#4473 = CARTESIAN_POINT ( 'NONE',  ( -77.80000000000005400, -20.80000000000000426, 26.00000000000000355 ) ) ;
#4474 = EDGE_CURVE ( 'NONE', #7789, #8761, #11150, .T. ) ;
#4475 = ADVANCED_FACE ( 'NONE', ( #2581 ), #6322, .T. ) ;
#4476 = CARTESIAN_POINT ( 'NONE',  ( -2.300000000000011369, -20.79999999999999716, 14.97927405783631727 ) ) ;
#4477 = ORIENTED_EDGE ( 'NONE', *, *, #11300, .F. ) ;
#4478 = ORIENTED_EDGE ( 'NONE', *, *, #9367, .F. ) ;
#4479 = DIRECTION ( 'NONE',  ( 0.3535533905932745080, 0.7071067811865457964, -0.6123724356957961357 ) ) ;
#4480 = CARTESIAN_POINT ( 'NONE',  ( -48.05000000000006821, 30.80000000000001137, 14.54626135594407899 ) ) ;
#4481 = DIRECTION ( 'NONE',  ( 0.8660254037844383745, 9.654978140984305281E-17, -0.5000000000000003331 ) ) ;
#4482 = ORIENTED_EDGE ( 'NONE', *, *, #2445, .T. ) ;
#4483 = CARTESIAN_POINT ( 'NONE',  ( -84.80000000000003979, -32.79999999999998295, 6.000000000000000000 ) ) ;
#4484 = FACE_OUTER_BOUND ( 'NONE', #10868, .T. ) ;
#4485 = EDGE_CURVE ( 'NONE', #3188, #4426, #2648, .T. ) ;
#4486 = DIRECTION ( 'NONE',  ( 0.000000000000000000, 0.000000000000000000, 1.000000000000000000 ) ) ;
#4487 = EDGE_CURVE ( 'NONE', #3709, #3907, #6453, .T. ) ;
#4488 = LINE ( 'NONE', #3345, #4532 ) ;
#4489 = VECTOR ( 'NONE', #4671, 1000.000000000000000 ) ;
#4490 = LINE ( 'NONE', #12098, #4227 ) ;
#4491 = ORIENTED_EDGE ( 'NONE', *, *, #9125, .T. ) ;
#4492 = ORIENTED_EDGE ( 'NONE', *, *, #8444, .T. ) ;
#4493 = DIRECTION ( 'NONE',  ( 1.000000000000000000, 0.000000000000000000, 0.000000000000000000 ) ) ;
#4494 = DIRECTION ( 'NONE',  ( 0.000000000000000000, -1.000000000000000000, 0.000000000000000000 ) ) ;
#4495 = DIRECTION ( 'NONE',  ( 1.000000000000000000, 1.257045997084642365E-16, 0.000000000000000000 ) ) ;
#4496 = EDGE_LOOP ( 'NONE', ( #2234, #11607, #5178, #306 ) ) ;
#4497 = LINE ( 'NONE', #11800, #10132 ) ;
#4498 = CARTESIAN_POINT ( 'NONE',  ( -83.80000000000003979, 5.286175537703868338E-14, 6.000000000000000000 ) ) ;
#4499 = EDGE_LOOP ( 'NONE', ( #10262, #9427, #10313, #8079 ) ) ;
#4500 = ORIENTED_EDGE ( 'NONE', *, *, #6394, .T. ) ;
#4501 = LINE ( 'NONE', #11233, #8915 ) ;
#4502 = LINE ( 'NONE', #8293, #12012 ) ;
#4503 = DIRECTION ( 'NONE',  ( -0.000000000000000000, 0.000000000000000000, 1.000000000000000000 ) ) ;
#4504 = DIRECTION ( 'NONE',  ( -1.000000000000000000, 0.000000000000000000, 0.000000000000000000 ) ) ;
#4505 = ORIENTED_EDGE ( 'NONE', *, *, #3427, .T. ) ;
#4506 = CARTESIAN_POINT ( 'NONE',  ( -2.300000000000052225, 20.79999999999999716, 25.99999999999999645 ) ) ;
#4507 = PLANE ( 'NONE',  #1167 ) ;
#4508 = ORIENTED_EDGE ( 'NONE', *, *, #4218, .F. ) ;
#4509 = CARTESIAN_POINT ( 'NONE',  ( -61.30000000000000426, 20.79999999999999361, 22.24999999999993605 ) ) ;
#4510 = DIRECTION ( 'NONE',  ( -1.301042606982605321E-16, 1.000000000000000000, -0.000000000000000000 ) ) ;
#4511 = ORIENTED_EDGE ( 'NONE', *, *, #3491, .F. ) ;
#4512 = EDGE_CURVE ( 'NONE', #9652, #3285, #8278, .T. ) ;
#4513 = EDGE_CURVE ( 'NONE', #3407, #11458, #848, .T. ) ;
#4514 = EDGE_LOOP ( 'NONE', ( #6995, #813, #6928 ) ) ;
#4515 = ORIENTED_EDGE ( 'NONE', *, *, #9662, .T. ) ;
#4516 = LINE ( 'NONE', #4391, #11642 ) ;
#4517 = FACE_OUTER_BOUND ( 'NONE', #11761, .T. ) ;
#4518 = VECTOR ( 'NONE', #1703, 1000.000000000000000 ) ;
#4519 = CARTESIAN_POINT ( 'NONE',  ( 49.17211431703024971, 20.80000000000000426, 75.58495251617758015 ) ) ;
#4520 = CYLINDRICAL_SURFACE ( 'NONE', #11434, 1.700000000000021050 ) ;
#4521 = FACE_OUTER_BOUND ( 'NONE', #9409, .T. ) ;
#4522 = ORIENTED_EDGE ( 'NONE', *, *, #2834, .T. ) ;
#4523 = DIRECTION ( 'NONE',  ( 0.6546536707079753103, -0.6546536707079763096, 0.3779644730092318605 ) ) ;
#4524 = EDGE_LOOP ( 'NONE', ( #4851, #5898, #8088, #3950 ) ) ;
#4525 = AXIS2_PLACEMENT_3D ( 'NONE', #11659, #8791, #3087 ) ;
#4526 = ADVANCED_FACE ( 'NONE', ( #11535 ), #1894, .T. ) ;
#4527 = CARTESIAN_POINT ( 'NONE',  ( 76.80000000000005400, 19.80000000000000782, 6.000000000000000000 ) ) ;
#4528 = AXIS2_PLACEMENT_3D ( 'NONE', #12288, #8617, #1906 ) ;
#4529 = CARTESIAN_POINT ( 'NONE',  ( 37.19999999999995310, -23.79999999999998650, 14.11324865405187090 ) ) ;
#4530 = ORIENTED_EDGE ( 'NONE', *, *, #1776, .F. ) ;
#4531 = LINE ( 'NONE', #643, #6893 ) ;
#4532 = VECTOR ( 'NONE', #2400, 1000.000000000000000 ) ;
#4533 = DIRECTION ( 'NONE',  ( 6.308085367188384325E-16, -1.000000000000000000, 0.000000000000000000 ) ) ;
#4534 = DIRECTION ( 'NONE',  ( 1.301042606982605321E-16, -1.000000000000000000, 0.000000000000000000 ) ) ;
#4535 = AXIS2_PLACEMENT_3D ( 'NONE', #8307, #6664, #8375 ) ;
#4536 = ORIENTED_EDGE ( 'NONE', *, *, #6130, .T. ) ;
#4537 = EDGE_CURVE ( 'NONE', #6626, #10923, #12341, .T. ) ;
#4538 = EDGE_LOOP ( 'NONE', ( #11842, #5393, #1008, #3892 ) ) ;
#4539 = EDGE_CURVE ( 'NONE', #5920, #6119, #2952, .T. ) ;
#4540 = CARTESIAN_POINT ( 'NONE',  ( -2.706168622523809995E-15, 7.799999999999979394, 6.000000000000000000 ) ) ;
#4541 = VECTOR ( 'NONE', #7175, 1000.000000000000000 ) ;
#4542 = ORIENTED_EDGE ( 'NONE', *, *, #11332, .F. ) ;
#4543 = EDGE_CURVE ( 'NONE', #4965, #9195, #3958, .T. ) ;
#4544 = DIRECTION ( 'NONE',  ( 1.000000000000000000, 1.114860845743448580E-16, 0.000000000000000000 ) ) ;
#4545 = PLANE ( 'NONE',  #10041 ) ;
#4546 = AXIS2_PLACEMENT_3D ( 'NONE', #10501, #5789, #9565 ) ;
#4547 = LINE ( 'NONE', #7524, #9097 ) ;
#4548 = PLANE ( 'NONE',  #7116 ) ;
#4549 = FACE_OUTER_BOUND ( 'NONE', #4143, .T. ) ;
#4550 = ORIENTED_EDGE ( 'NONE', *, *, #248, .F. ) ;
#4551 = ORIENTED_EDGE ( 'NONE', *, *, #6517, .F. ) ;
#4552 = DIRECTION ( 'NONE',  ( 0.000000000000000000, 0.7071067811865467956, 0.7071067811865483499 ) ) ;
#4553 = VECTOR ( 'NONE', #6480, 1000.000000000000000 ) ;
#4554 = CARTESIAN_POINT ( 'NONE',  ( 38.69999999999996021, -24.79999999999999005, 17.86602540378444104 ) ) ;
#4555 = ADVANCED_FACE ( 'NONE', ( #6811 ), #8602, .T. ) ;
#4556 = VERTEX_POINT ( 'NONE', #9541 ) ;
#4557 = CARTESIAN_POINT ( 'NONE',  ( -28.30000000000003268, 20.79999999999999716, 14.54626135594408076 ) ) ;
#4558 = ORIENTED_EDGE ( 'NONE', *, *, #1271, .T. ) ;
#4559 = DIRECTION ( 'NONE',  ( 0.7071067811865482389, 0.000000000000000000, -0.7071067811865469066 ) ) ;
#4560 = ORIENTED_EDGE ( 'NONE', *, *, #13, .T. ) ;
#4561 = DIRECTION ( 'NONE',  ( -1.301042606982605321E-16, 1.000000000000000000, -0.000000000000000000 ) ) ;
#4562 = CARTESIAN_POINT ( 'NONE',  ( 21.69999999999996376, -21.79999999999996518, 18.44337567297406721 ) ) ;
#4563 = VECTOR ( 'NONE', #7645, 1000.000000000000000 ) ;
#4564 = LINE ( 'NONE', #1515, #4285 ) ;
#4565 = VECTOR ( 'NONE', #8344, 999.9999999999998863 ) ;
#4566 = DIRECTION ( 'NONE',  ( -0.6546536707079749773, -0.6546536707079844142, 0.3779644730092184268 ) ) ;
#4567 = LINE ( 'NONE', #9444, #10807 ) ;
#4568 = VECTOR ( 'NONE', #4372, 1000.000000000000114 ) ;
#4569 = ADVANCED_FACE ( 'NONE', ( #968 ), #6749, .F. ) ;
#4570 = ORIENTED_EDGE ( 'NONE', *, *, #4933, .F. ) ;
#4571 = LINE ( 'NONE', #6599, #8638 ) ;
#4572 = DIRECTION ( 'NONE',  ( 0.000000000000000000, 0.000000000000000000, -1.000000000000000000 ) ) ;
#4573 = ORIENTED_EDGE ( 'NONE', *, *, #1291, .T. ) ;
#4574 = DIRECTION ( 'NONE',  ( -0.3535533905932712329, -0.7071067811865520136, 0.6123724356957908066 ) ) ;
#4575 = CARTESIAN_POINT ( 'NONE',  ( -92.84999999999999432, -24.15000000000000568, 1.000000000000000000 ) ) ;
#4576 = ORIENTED_EDGE ( 'NONE', *, *, #8100, .F. ) ;
#4577 = ORIENTED_EDGE ( 'NONE', *, *, #7478, .F. ) ;
#4578 = LINE ( 'NONE', #6235, #8526 ) ;
#4579 = ORIENTED_EDGE ( 'NONE', *, *, #6803, .T. ) ;
#4580 = DIRECTION ( 'NONE',  ( -1.000000000000000000, -3.797971485444570149E-17, 0.000000000000000000 ) ) ;
#4581 = LINE ( 'NONE', #7554, #3531 ) ;
#4582 = CARTESIAN_POINT ( 'NONE',  ( -75.80000000000005400, -21.79999999999996518, 21.24999999999999289 ) ) ;
#4583 = FACE_OUTER_BOUND ( 'NONE', #2642, .T. ) ;
#4584 = EDGE_CURVE ( 'NONE', #3743, #9773, #5823, .T. ) ;
#4585 = DIRECTION ( 'NONE',  ( 0.8660254037844383745, 9.654978140984305281E-17, -0.5000000000000004441 ) ) ;
#4586 = CARTESIAN_POINT ( 'NONE',  ( 51.19999999999994600, 29.80000000000004690, 22.00000000000000711 ) ) ;
#4587 = EDGE_LOOP ( 'NONE', ( #9597, #10261, #2466, #1122, #1143, #6021, #3888, #8715, #10169, #488 ) ) ;
#4588 = CARTESIAN_POINT ( 'NONE',  ( -93.34999999999999432, -29.85000000000000142, 1.000000000000000000 ) ) ;
#4589 = ORIENTED_EDGE ( 'NONE', *, *, #6201, .T. ) ;
#4590 = AXIS2_PLACEMENT_3D ( 'NONE', #10788, #10051, #8087 ) ;
#4591 = CARTESIAN_POINT ( 'NONE',  ( -81.80000000000003979, 31.80000000000000782, 6.000000000000000000 ) ) ;
#4592 = CARTESIAN_POINT ( 'NONE',  ( 40.69999999999993889, 20.80000000000000426, 26.00000000000000355 ) ) ;
#4593 = ORIENTED_EDGE ( 'NONE', *, *, #147, .T. ) ;
#4594 = VECTOR ( 'NONE', #2258, 1000.000000000000000 ) ;
#4595 = LINE ( 'NONE', #1366, #4541 ) ;
#4596 = CARTESIAN_POINT ( 'NONE',  ( 50.19999999999998153, 20.80000000000000426, 21.00000000000003197 ) ) ;
#4597 = DIRECTION ( 'NONE',  ( 0.6785983445458447783, 0.6785983445458458885, 0.2810846377148282227 ) ) ;
#4598 = FACE_OUTER_BOUND ( 'NONE', #8255, .T. ) ;
#4599 = EDGE_CURVE ( 'NONE', #6366, #10842, #10537, .T. ) ;
#4600 = VERTEX_POINT ( 'NONE', #2063 ) ;
#4601 = VERTEX_POINT ( 'NONE', #9667 ) ;
#4602 = CARTESIAN_POINT ( 'NONE',  ( -77.80000000000005400, 9.799999999999990052, 6.999999999999999112 ) ) ;
#4603 = VECTOR ( 'NONE', #468, 1000.000000000000000 ) ;
#4604 = LINE ( 'NONE', #8337, #6163 ) ;
#4605 = ORIENTED_EDGE ( 'NONE', *, *, #8460, .F. ) ;
#4606 = AXIS2_PLACEMENT_3D ( 'NONE', #8551, #4742, #10486 ) ;
#4607 = VECTOR ( 'NONE', #10202, 1000.000000000000000 ) ;
#4608 = LINE ( 'NONE', #2646, #11868 ) ;
#4609 = CARTESIAN_POINT ( 'NONE',  ( -20.80000000000003268, 29.80000000000000071, 15.12361162513371404 ) ) ;
#4610 = LINE ( 'NONE', #11218, #2022 ) ;
#4611 = EDGE_CURVE ( 'NONE', #9967, #11252, #1144, .T. ) ;
#4612 = ADVANCED_FACE ( 'NONE', ( #4955 ), #1030, .F. ) ;
#4613 = LINE ( 'NONE', #1949, #8340 ) ;
#4614 = DIRECTION ( 'NONE',  ( 0.7071067811865671127, -0.7071067811865279218, -0.000000000000000000 ) ) ;
#4615 = VECTOR ( 'NONE', #7121, 1000.000000000000000 ) ;
#4616 = VECTOR ( 'NONE', #5795, 1000.000000000000000 ) ;
#4617 = ADVANCED_FACE ( 'NONE', ( #4905 ), #6571, .F. ) ;
#4618 = DIRECTION ( 'NONE',  ( -0.000000000000000000, -0.000000000000000000, -1.000000000000000000 ) ) ;
#4619 = ORIENTED_EDGE ( 'NONE', *, *, #9841, .T. ) ;
#4620 = ORIENTED_EDGE ( 'NONE', *, *, #7581, .T. ) ;
#4621 = PLANE ( 'NONE',  #4783 ) ;
#4622 = DIRECTION ( 'NONE',  ( 0.7071067811865524577, -0.7071067811865426878, 0.000000000000000000 ) ) ;
#4623 = CARTESIAN_POINT ( 'NONE',  ( 19.19999999999996021, -57.98150098949683695, 19.88675134594813443 ) ) ;
#4624 = DIRECTION ( 'NONE',  ( 1.301042606982605321E-16, -1.000000000000000000, 0.000000000000000000 ) ) ;
#4625 = DIRECTION ( 'NONE',  ( 1.000000000000000000, 1.114860845743448580E-16, -1.304303365396091250E-16 ) ) ;
#4626 = VECTOR ( 'NONE', #8388, 1000.000000000000114 ) ;
#4627 = ORIENTED_EDGE ( 'NONE', *, *, #10947, .T. ) ;
#4628 = CARTESIAN_POINT ( 'NONE',  ( 77.80000000000005400, 30.80000000000002913, 21.00000000000002842 ) ) ;
#4629 = EDGE_CURVE ( 'NONE', #5681, #2931, #5652, .T. ) ;
#4630 = DIRECTION ( 'NONE',  ( 0.000000000000000000, 0.000000000000000000, 1.000000000000000000 ) ) ;
#4631 = EDGE_CURVE ( 'NONE', #4159, #1610, #6932, .T. ) ;
#4632 = EDGE_CURVE ( 'NONE', #10080, #6589, #64, .T. ) ;
#4633 = VECTOR ( 'NONE', #6946, 1000.000000000000000 ) ;
#4634 = EDGE_CURVE ( 'NONE', #43, #11163, #9774, .T. ) ;
#4635 = VECTOR ( 'NONE', #4753, 1000.000000000000000 ) ;
#4636 = EDGE_LOOP ( 'NONE', ( #7150, #7170, #5859, #4620 ) ) ;
#4637 = DIRECTION ( 'NONE',  ( -1.301042606982605321E-16, 1.000000000000000000, 0.000000000000000000 ) ) ;
#4638 = DIRECTION ( 'NONE',  ( 0.3535533905932746745, -0.7071067811865460184, -0.6123724356957959136 ) ) ;
#4639 = EDGE_LOOP ( 'NONE', ( #11070, #6641, #5488, #6461 ) ) ;
#4640 = LINE ( 'NONE', #3686, #331 ) ;
#4641 = CARTESIAN_POINT ( 'NONE',  ( 82.80000000000005400, -8.799999999999988276, 6.999999999999999112 ) ) ;
#4642 = ORIENTED_EDGE ( 'NONE', *, *, #5824, .T. ) ;
#4643 = ORIENTED_EDGE ( 'NONE', *, *, #11298, .F. ) ;
#4644 = VECTOR ( 'NONE', #10439, 1000.000000000000000 ) ;
#4645 = VECTOR ( 'NONE', #1647, 1000.000000000000227 ) ;
#4646 = EDGE_CURVE ( 'NONE', #486, #11630, #4516, .T. ) ;
#4647 = ORIENTED_EDGE ( 'NONE', *, *, #4852, .T. ) ;
#4648 = DIRECTION ( 'NONE',  ( -1.301042606982605321E-16, 1.000000000000000000, 0.000000000000000000 ) ) ;
#4649 = LINE ( 'NONE', #8689, #7648 ) ;
#4650 = CARTESIAN_POINT ( 'NONE',  ( -89.34999999999998010, -27.00000000000000355, 5.000000000000000000 ) ) ;
#4651 = DIRECTION ( 'NONE',  ( 1.000000000000000000, 0.000000000000000000, 0.000000000000000000 ) ) ;
#4652 = CARTESIAN_POINT ( 'NONE',  ( 3.699999999999967759, -57.98150098949683695, 18.44337567297406721 ) ) ;
#4653 = DIRECTION ( 'NONE',  ( -1.301042606982605321E-16, 1.000000000000000000, -0.000000000000000000 ) ) ;
#4654 = CARTESIAN_POINT ( 'NONE',  ( -91.04999999999999716, -27.00000000000000355, 4.499999999999968914 ) ) ;
#4655 = DIRECTION ( 'NONE',  ( 0.000000000000000000, -0.000000000000000000, 1.000000000000000000 ) ) ;
#4656 = FACE_OUTER_BOUND ( 'NONE', #8065, .T. ) ;
#4657 = CARTESIAN_POINT ( 'NONE',  ( 93.34999999999999432, -24.15000000000000568, 1.000000000000000000 ) ) ;
#4658 = ORIENTED_EDGE ( 'NONE', *, *, #17, .F. ) ;
#4659 = DIRECTION ( 'NONE',  ( -0.000000000000000000, 0.7071067811865482389, 0.7071067811865469066 ) ) ;
#4660 = CARTESIAN_POINT ( 'NONE',  ( -82.80000000000005400, 9.799999999999990052, 6.999999999999999112 ) ) ;
#4661 = EDGE_LOOP ( 'NONE', ( #126, #6740 ) ) ;
#4662 = LINE ( 'NONE', #10340, #6966 ) ;
#4663 = ORIENTED_EDGE ( 'NONE', *, *, #6710, .F. ) ;
#4664 = EDGE_CURVE ( 'NONE', #3377, #11969, #753, .T. ) ;
#4665 = VECTOR ( 'NONE', #8542, 1000.000000000000000 ) ;
#4666 = LINE ( 'NONE', #8590, #6948 ) ;
#4667 = ORIENTED_EDGE ( 'NONE', *, *, #487, .F. ) ;
#4668 = ORIENTED_EDGE ( 'NONE', *, *, #9339, .F. ) ;
#4669 = DIRECTION ( 'NONE',  ( 1.000000000000000000, 1.114860845743448580E-16, 0.000000000000000000 ) ) ;
#4670 = VERTEX_POINT ( 'NONE', #9639 ) ;
#4671 = DIRECTION ( 'NONE',  ( 0.8660254037844384856, 9.654978140984306513E-17, -0.5000000000000002220 ) ) ;
#4672 = CARTESIAN_POINT ( 'NONE',  ( -77.80000000000005400, -20.80000000000000426, 13.75000000000002487 ) ) ;
#4673 = ADVANCED_FACE ( 'NONE', ( #2813 ), #1869, .T. ) ;
#4674 = VECTOR ( 'NONE', #11634, 1000.000000000000000 ) ;
#4675 = CARTESIAN_POINT ( 'NONE',  ( -91.34999999999998010, -32.99999999999997868, 5.000000000000000000 ) ) ;
#4676 = CARTESIAN_POINT ( 'NONE',  ( -93.34999999999999432, -29.85000000000000142, 3.000000000000000000 ) ) ;
#4677 = EDGE_LOOP ( 'NONE', ( #5879, #255, #2767, #4363 ) ) ;
#4678 = ORIENTED_EDGE ( 'NONE', *, *, #9271, .T. ) ;
#4679 = CARTESIAN_POINT ( 'NONE',  ( 82.80000000000003979, 29.80000000000002913, 6.999999999999999112 ) ) ;
#4680 = LINE ( 'NONE', #4623, #5343 ) ;
#4681 = CARTESIAN_POINT ( 'NONE',  ( 86.34999999999998010, -24.15000000000000568, 1.000000000000000000 ) ) ;
#4682 = LINE ( 'NONE', #10244, #921 ) ;
#4683 = EDGE_CURVE ( 'NONE', #3038, #2916, #6481, .T. ) ;
#4684 = ORIENTED_EDGE ( 'NONE', *, *, #2880, .T. ) ;
#4685 = DIRECTION ( 'NONE',  ( 0.000000000000000000, 1.000000000000000000, -1.696954250811116188E-32 ) ) ;
#4686 = DIRECTION ( 'NONE',  ( 1.000000000000000000, 1.114860845743448580E-16, 0.000000000000000000 ) ) ;
#4687 = LINE ( 'NONE', #3736, #1227 ) ;
#4688 = CARTESIAN_POINT ( 'NONE',  ( 84.79999999999995453, 32.30000000000001137, 6.000000000000000000 ) ) ;
#4689 = CARTESIAN_POINT ( 'NONE',  ( -84.80000000000003979, -32.29999999999998295, 6.000000000000000000 ) ) ;
#4690 = FACE_BOUND ( 'NONE', #8767, .T. ) ;
#4691 = CARTESIAN_POINT ( 'NONE',  ( 81.80000000000005400, -30.80000000000000782, 6.999999999999999112 ) ) ;
#4692 = ORIENTED_EDGE ( 'NONE', *, *, #10038, .T. ) ;
#4693 = DIRECTION ( 'NONE',  ( 1.000000000000000000, 0.000000000000000000, 0.000000000000000000 ) ) ;
#4694 = DIRECTION ( 'NONE',  ( -0.8660254037844390407, -1.088633767200840415E-16, 0.4999999999999994449 ) ) ;
#4695 = EDGE_CURVE ( 'NONE', #5023, #8049, #4649, .T. ) ;
#4696 = EDGE_LOOP ( 'NONE', ( #384, #12120, #5068, #1276 ) ) ;
#4697 = ADVANCED_FACE ( 'NONE', ( #4822 ), #7681, .F. ) ;
#4698 = DIRECTION ( 'NONE',  ( -0.5000000000000000000, -6.505213034913027837E-17, 0.8660254037844387076 ) ) ;
#4699 = LINE ( 'NONE', #8502, #4976 ) ;
#4700 = ORIENTED_EDGE ( 'NONE', *, *, #8673, .T. ) ;
#4701 = PLANE ( 'NONE',  #5324 ) ;
#4702 = EDGE_CURVE ( 'NONE', #2357, #8628, #7738, .T. ) ;
#4703 = ORIENTED_EDGE ( 'NONE', *, *, #4865, .F. ) ;
#4704 = ORIENTED_EDGE ( 'NONE', *, *, #3810, .F. ) ;
#4705 = CARTESIAN_POINT ( 'NONE',  ( -48.05000000000006821, 30.80000000000001137, 26.00000000000000355 ) ) ;
#4706 = CARTESIAN_POINT ( 'NONE',  ( 77.80000000000005400, 21.79999999999997939, 10.99999999999997335 ) ) ;
#4707 = DIRECTION ( 'NONE',  ( 0.000000000000000000, 0.000000000000000000, 1.000000000000000000 ) ) ;
#4708 = DIRECTION ( 'NONE',  ( -0.8660254037844383745, -9.654978140984305281E-17, 0.5000000000000003331 ) ) ;
#4709 = CARTESIAN_POINT ( 'NONE',  ( 19.19999999999994955, -20.79999999999999361, 12.95854811567264520 ) ) ;
#4710 = LINE ( 'NONE', #12316, #1944 ) ;
#4711 = CARTESIAN_POINT ( 'NONE',  ( 77.80000000000005400, -21.50710678118652908, 25.29289321881345742 ) ) ;
#4712 = ADVANCED_FACE ( 'NONE', ( #7488 ), #11316, .F. ) ;
#4713 = EDGE_LOOP ( 'NONE', ( #7050, #12185, #11015, #8165 ) ) ;
#4714 = CARTESIAN_POINT ( 'NONE',  ( -40.55000000000001137, -57.98150098949685116, 18.87638837486628063 ) ) ;
#4715 = EDGE_LOOP ( 'NONE', ( #4642, #1986, #4006, #6561 ) ) ;
#4716 = VERTEX_POINT ( 'NONE', #364 ) ;
#4717 = CARTESIAN_POINT ( 'NONE',  ( 19.20000000000008455, 9.856318376294021633, 0.3218730529284171693 ) ) ;
#4718 = ADVANCED_FACE ( 'NONE', ( #10625 ), #11617, .F. ) ;
#4719 = LINE ( 'NONE', #3885, #991 ) ;
#4720 = ORIENTED_EDGE ( 'NONE', *, *, #2467, .F. ) ;
#4721 = CARTESIAN_POINT ( 'NONE',  ( 91.34999999999998010, 34.50000000000001421, 0.000000000000000000 ) ) ;
#4722 = ORIENTED_EDGE ( 'NONE', *, *, #5381, .T. ) ;
#4723 = EDGE_CURVE ( 'NONE', #10715, #8826, #2161, .T. ) ;
#4724 = VERTEX_POINT ( 'NONE', #9691 ) ;
#4725 = CARTESIAN_POINT ( 'NONE',  ( -77.80000000000005400, 20.79999999999999005, 6.999999999999999112 ) ) ;
#4726 = LINE ( 'NONE', #10410, #10327 ) ;
#4727 = VERTEX_POINT ( 'NONE', #2034 ) ;
#4728 = PLANE ( 'NONE',  #1074 ) ;
#4729 = LINE ( 'NONE', #11411, #2437 ) ;
#4730 = AXIS2_PLACEMENT_3D ( 'NONE', #6972, #2417, #432 ) ;
#4731 = DIRECTION ( 'NONE',  ( 0.000000000000000000, -0.7071067811865474617, 0.7071067811865474617 ) ) ;
#4732 = DIRECTION ( 'NONE',  ( -0.8660254037844383745, -9.654978140984305281E-17, -0.5000000000000004441 ) ) ;
#4733 = CARTESIAN_POINT ( 'NONE',  ( 93.35000000000000853, 33.00000000000000000, 0.4999999999999831246 ) ) ;
#4734 = CARTESIAN_POINT ( 'NONE',  ( 2.699999999999951772, -24.79999999999999361, 17.86602540378444814 ) ) ;
#4735 = EDGE_LOOP ( 'NONE', ( #3776, #5626, #2526, #7613 ) ) ;
#4736 = EDGE_CURVE ( 'NONE', #1372, #5830, #11043, .T. ) ;
#4737 = ORIENTED_EDGE ( 'NONE', *, *, #11674, .F. ) ;
#4738 = ADVANCED_FACE ( 'NONE', ( #9883 ), #4467, .F. ) ;
#4739 = CARTESIAN_POINT ( 'NONE',  ( 54.10961431703004365, 20.80000000000000426, 67.03295165380642118 ) ) ;
#4740 = CARTESIAN_POINT ( 'NONE',  ( -59.30000000000006111, -20.80000000000000071, 26.00000000000000355 ) ) ;
#4741 = DIRECTION ( 'NONE',  ( 0.000000000000000000, -0.000000000000000000, 1.000000000000000000 ) ) ;
#4742 = DIRECTION ( 'NONE',  ( -0.4999999999999999445, -6.505213034913024139E-17, -0.8660254037844387076 ) ) ;
#4743 = VECTOR ( 'NONE', #1935, 1000.000000000000000 ) ;
#4744 = CARTESIAN_POINT ( 'NONE',  ( 0.000000000000000000, 0.000000000000000000, 3.000000000000000000 ) ) ;
#4745 = CARTESIAN_POINT ( 'NONE',  ( 78.80000000000005400, -8.799999999999990052, 6.999999999999999112 ) ) ;
#4746 = VECTOR ( 'NONE', #8654, 1000.000000000000000 ) ;
#4747 = LINE ( 'NONE', #3860, #273 ) ;
#4748 = VERTEX_POINT ( 'NONE', #1111 ) ;
#4749 = DIRECTION ( 'NONE',  ( -0.000000000000000000, -0.000000000000000000, 1.000000000000000000 ) ) ;
#4750 = CARTESIAN_POINT ( 'NONE',  ( 77.80000000000005400, 29.80000000000005400, 10.99999999999997335 ) ) ;
#4751 = AXIS2_PLACEMENT_3D ( 'NONE', #12283, #3731, #6395 ) ;
#4752 = VECTOR ( 'NONE', #1763, 1000.000000000000114 ) ;
#4753 = DIRECTION ( 'NONE',  ( -0.000000000000000000, -1.000000000000000000, -0.000000000000000000 ) ) ;
#4754 = EDGE_LOOP ( 'NONE', ( #10056, #4262, #5219, #2365 ) ) ;
#4755 = EDGE_CURVE ( 'NONE', #1451, #8516, #3041, .T. ) ;
#4756 = DIRECTION ( 'NONE',  ( 0.000000000000000000, 0.000000000000000000, -1.000000000000000000 ) ) ;
#4757 = ORIENTED_EDGE ( 'NONE', *, *, #3315, .F. ) ;
#4758 = DIRECTION ( 'NONE',  ( -0.8660254037844388186, -9.654978140984310211E-17, -0.4999999999999996114 ) ) ;
#4759 = PLANE ( 'NONE',  #2779 ) ;
#4760 = EDGE_LOOP ( 'NONE', ( #647, #5420, #9627, #12248 ) ) ;
#4761 = EDGE_LOOP ( 'NONE', ( #11871, #3449, #8429, #3820, #772, #308 ) ) ;
#4762 = ORIENTED_EDGE ( 'NONE', *, *, #5799, .F. ) ;
#4763 = DIRECTION ( 'NONE',  ( 0.7071067811865474617, 0.7071067811865474617, -0.000000000000000000 ) ) ;
#4764 = CARTESIAN_POINT ( 'NONE',  ( 40.69999999999998153, -20.79999999999999005, 14.97927405783630483 ) ) ;
#4765 = EDGE_CURVE ( 'NONE', #5841, #12244, #10683, .T. ) ;
#4766 = ADVANCED_FACE ( 'NONE', ( #6032 ), #8809, .F. ) ;
#4767 = CARTESIAN_POINT ( 'NONE',  ( 77.80000000000005400, -23.80000000000001137, 22.00000000000000355 ) ) ;
#4768 = DIRECTION ( 'NONE',  ( 0.3535533905932729537, -0.7071067811865497932, 0.6123724356957924719 ) ) ;
#4769 = CARTESIAN_POINT ( 'NONE',  ( -47.05000000000003268, -57.98150098949685116, 18.87638837486628418 ) ) ;
#4770 = EDGE_CURVE ( 'NONE', #9067, #7611, #11741, .T. ) ;
#4771 = CARTESIAN_POINT ( 'NONE',  ( -87.64999999999997726, -27.00000000000000355, 5.000000000000000000 ) ) ;
#4772 = VECTOR ( 'NONE', #5306, 1000.000000000000000 ) ;
#4773 = CARTESIAN_POINT ( 'NONE',  ( -93.34999999999999432, -29.85000000000000142, 1.000000000000000000 ) ) ;
#4774 = ORIENTED_EDGE ( 'NONE', *, *, #11621, .T. ) ;
#4775 = DIRECTION ( 'NONE',  ( 0.7071067811865474617, 7.883256641045619150E-17, -0.7071067811865474617 ) ) ;
#4776 = VERTEX_POINT ( 'NONE', #7999 ) ;
#4777 = PLANE ( 'NONE',  #4327 ) ;
#4778 = LINE ( 'NONE', #10463, #3822 ) ;
#4779 = EDGE_CURVE ( 'NONE', #7146, #3473, #8857, .T. ) ;
#4780 = CARTESIAN_POINT ( 'NONE',  ( -47.05000000000003979, -23.80000000000002913, 18.87638837486628418 ) ) ;
#4781 = ORIENTED_EDGE ( 'NONE', *, *, #2892, .T. ) ;
#4782 = EDGE_CURVE ( 'NONE', #10638, #10083, #1287, .T. ) ;
#4783 = AXIS2_PLACEMENT_3D ( 'NONE', #12230, #3663, #7466 ) ;
#4784 = VERTEX_POINT ( 'NONE', #7931 ) ;
#4785 = LINE ( 'NONE', #11527, #132 ) ;
#4786 = FACE_OUTER_BOUND ( 'NONE', #3354, .T. ) ;
#4787 = ORIENTED_EDGE ( 'NONE', *, *, #8861, .F. ) ;
#4788 = VECTOR ( 'NONE', #11827, 1000.000000000000000 ) ;
#4789 = CARTESIAN_POINT ( 'NONE',  ( -77.80000000000005400, 20.79999999999999005, 20.25000000000004619 ) ) ;
#4790 = CARTESIAN_POINT ( 'NONE',  ( 19.19999999999994955, 29.79999999999999361, 14.11324865405187090 ) ) ;
#4791 = CARTESIAN_POINT ( 'NONE',  ( 39.69999999999996732, -57.98150098949683695, 15.55662432702593811 ) ) ;
#4792 = EDGE_CURVE ( 'NONE', #1274, #4973, #10813, .T. ) ;
#4793 = DIRECTION ( 'NONE',  ( -0.3535533905932742860, -0.7071067811865470176, 0.6123724356957948034 ) ) ;
#4794 = FACE_OUTER_BOUND ( 'NONE', #11125, .T. ) ;
#4795 = VECTOR ( 'NONE', #5332, 1000.000000000000000 ) ;
#4796 = DIRECTION ( 'NONE',  ( -1.000000000000000000, -1.301042606982605321E-16, -7.511572993685781598E-17 ) ) ;
#4797 = VECTOR ( 'NONE', #10204, 1000.000000000000114 ) ;
#4798 = CARTESIAN_POINT ( 'NONE',  ( 4.699999999999941558, 30.80000000000001847, 14.97927405783631194 ) ) ;
#4799 = LINE ( 'NONE', #7846, #4197 ) ;
#4800 = CARTESIAN_POINT ( 'NONE',  ( 19.19999999999995666, -21.79999999999996518, 14.11324865405187090 ) ) ;
#4801 = DIRECTION ( 'NONE',  ( -1.000000000000000000, 0.000000000000000000, 1.304303365396091250E-16 ) ) ;
#4802 = DIRECTION ( 'NONE',  ( 0.7071067811865474617, 7.883256641045619150E-17, 0.7071067811865474617 ) ) ;
#4803 = AXIS2_PLACEMENT_3D ( 'NONE', #2339, #1406, #5240 ) ;
#4804 = VECTOR ( 'NONE', #2940, 1000.000000000000000 ) ;
#4805 = VECTOR ( 'NONE', #8000, 1000.000000000000000 ) ;
#4806 = ADVANCED_FACE ( 'NONE', ( #10870 ), #2285, .T. ) ;
#4807 = EDGE_CURVE ( 'NONE', #1627, #6216, #5180, .T. ) ;
#4808 = FACE_OUTER_BOUND ( 'NONE', #11929, .T. ) ;
#4809 = DIRECTION ( 'NONE',  ( 0.000000000000000000, -1.000000000000000000, 1.696954250811116188E-32 ) ) ;
#4810 = VERTEX_POINT ( 'NONE', #4251 ) ;
#4811 = LINE ( 'NONE', #8621, #10614 ) ;
#4812 = CC_DESIGN_APPROVAL ( #4190, ( #2183 ) ) ;
#4813 = VECTOR ( 'NONE', #5428, 1000.000000000000114 ) ;
#4814 = ORIENTED_EDGE ( 'NONE', *, *, #8601, .T. ) ;
#4815 = CARTESIAN_POINT ( 'NONE',  ( 77.80000000000005400, 20.80000000000000426, 21.00000000000002842 ) ) ;
#4816 = DIRECTION ( 'NONE',  ( 0.000000000000000000, 0.000000000000000000, -1.000000000000000000 ) ) ;
#4817 = ORIENTED_EDGE ( 'NONE', *, *, #4471, .F. ) ;
#4818 = ORIENTED_EDGE ( 'NONE', *, *, #8362, .T. ) ;
#4819 = ORIENTED_EDGE ( 'NONE', *, *, #3296, .T. ) ;
#4820 = LINE ( 'NONE', #10564, #3118 ) ;
#4821 = EDGE_CURVE ( 'NONE', #4776, #9889, #11559, .T. ) ;
#4822 = FACE_OUTER_BOUND ( 'NONE', #11574, .T. ) ;
#4823 = VECTOR ( 'NONE', #10573, 1000.000000000000227 ) ;
#4824 = FACE_OUTER_BOUND ( 'NONE', #7746, .T. ) ;
#4825 = VECTOR ( 'NONE', #3031, 1000.000000000000227 ) ;
#4826 = PLANE ( 'NONE',  #5256 ) ;
#4827 = DIRECTION ( 'NONE',  ( 0.000000000000000000, 0.000000000000000000, 1.000000000000000000 ) ) ;
#4828 = FACE_OUTER_BOUND ( 'NONE', #9103, .T. ) ;
#4829 = FACE_OUTER_BOUND ( 'NONE', #1964, .T. ) ;
#4830 = DIRECTION ( 'NONE',  ( -0.7071067811865597852, 0.000000000000000000, -0.7071067811865352493 ) ) ;
#4831 = LINE ( 'NONE', #9836, #1990 ) ;
#4832 = ORIENTED_EDGE ( 'NONE', *, *, #10489, .T. ) ;
#4833 = VECTOR ( 'NONE', #5584, 1000.000000000000000 ) ;
#4834 = VERTEX_POINT ( 'NONE', #735 ) ;
#4835 = VECTOR ( 'NONE', #2586, 1000.000000000000114 ) ;
#4836 = ADVANCED_FACE ( 'NONE', ( #10365 ), #11361, .F. ) ;
#4837 = LINE ( 'NONE', #7502, #8532 ) ;
#4838 = EDGE_CURVE ( 'NONE', #5079, #8920, #10306, .T. ) ;
#4839 = DIRECTION ( 'NONE',  ( -0.8660254037844383745, -9.654978140984304048E-17, -0.5000000000000004441 ) ) ;
#4840 = ORIENTED_EDGE ( 'NONE', *, *, #4779, .F. ) ;
#4841 = CARTESIAN_POINT ( 'NONE',  ( -24.05000000000003979, 29.80000000000000071, 13.24722325026742809 ) ) ;
#4842 = PLANE ( 'NONE',  #8316 ) ;
#4843 = DIRECTION ( 'NONE',  ( -3.243401952880107747E-15, -0.6546536707079799733, -0.7559289460184520637 ) ) ;
#4844 = CARTESIAN_POINT ( 'NONE',  ( 76.80000000000008242, 29.80000000000004334, 22.00000000000000355 ) ) ;
#4845 = AXIS2_PLACEMENT_3D ( 'NONE', #1411, #9115, #2477 ) ;
#4846 = DIRECTION ( 'NONE',  ( 0.000000000000000000, 0.000000000000000000, 1.000000000000000000 ) ) ;
#4847 = ORIENTED_EDGE ( 'NONE', *, *, #3780, .F. ) ;
#4848 = ORIENTED_EDGE ( 'NONE', *, *, #9986, .F. ) ;
#4849 = FACE_OUTER_BOUND ( 'NONE', #2116, .T. ) ;
#4850 = DIRECTION ( 'NONE',  ( -0.7071067811865474617, -0.7071067811865474617, 0.000000000000000000 ) ) ;
#4851 = ORIENTED_EDGE ( 'NONE', *, *, #9442, .F. ) ;
#4852 = EDGE_CURVE ( 'NONE', #10608, #345, #4747, .T. ) ;
#4853 = EDGE_CURVE ( 'NONE', #5855, #10974, #6647, .T. ) ;
#4854 = VECTOR ( 'NONE', #77, 1000.000000000000000 ) ;
#4855 = LINE ( 'NONE', #8659, #4854 ) ;
#4856 = ADVANCED_FACE ( 'NONE', ( #11428 ), #8487, .F. ) ;
#4857 = CARTESIAN_POINT ( 'NONE',  ( 77.80000000000005400, -20.79999999999998650, 6.999999999999999112 ) ) ;
#4858 = PLANE ( 'NONE',  #5426 ) ;
#4859 = ORIENTED_EDGE ( 'NONE', *, *, #4059, .T. ) ;
#4860 = CARTESIAN_POINT ( 'NONE',  ( -89.34999999999998010, 27.00000000000000355, 4.499999999999970690 ) ) ;
#4861 = DIRECTION ( 'NONE',  ( -1.301042606982605321E-16, 1.000000000000000000, -0.000000000000000000 ) ) ;
#4862 = CARTESIAN_POINT ( 'NONE',  ( 50.56538568297006009, 20.80000000000000426, -21.17173572163871142 ) ) ;
#4863 = EDGE_CURVE ( 'NONE', #10200, #11767, #5726, .T. ) ;
#4864 = CARTESIAN_POINT ( 'NONE',  ( 1.199999999999962652, -57.98150098949683695, 19.88675134594813443 ) ) ;
#4865 = EDGE_CURVE ( 'NONE', #268, #1108, #9554, .T. ) ;
#4866 = CARTESIAN_POINT ( 'NONE',  ( 33.69999999999993179, -20.79999999999999005, 26.00000000000000355 ) ) ;
#4867 = ORIENTED_EDGE ( 'NONE', *, *, #11780, .T. ) ;
#4868 = CARTESIAN_POINT ( 'NONE',  ( 35.69999999999994600, -24.79999999999999005, 26.00000000000000355 ) ) ;
#4869 = DIRECTION ( 'NONE',  ( -0.8660254037844385966, 0.000000000000000000, 0.4999999999999999445 ) ) ;
#4870 = EDGE_LOOP ( 'NONE', ( #5600, #2613, #10031, #6535 ) ) ;
#4871 = EDGE_LOOP ( 'NONE', ( #9371, #6897, #1887, #4627 ) ) ;
#4872 = DIRECTION ( 'NONE',  ( 0.000000000000000000, -1.000000000000000000, 0.000000000000000000 ) ) ;
#4873 = CARTESIAN_POINT ( 'NONE',  ( -1.300000000000046452, 21.79999999999998650, 18.44337567297407077 ) ) ;
#4874 = CARTESIAN_POINT ( 'NONE',  ( 81.80000000000005400, 0.000000000000000000, 26.00000000000000355 ) ) ;
#4875 = ORIENTED_EDGE ( 'NONE', *, *, #10296, .T. ) ;
#4876 = ORIENTED_EDGE ( 'NONE', *, *, #9348, .F. ) ;
#4877 = ORIENTED_EDGE ( 'NONE', *, *, #859, .T. ) ;
#4878 = CARTESIAN_POINT ( 'NONE',  ( -75.80000000000006821, 29.80000000000003624, 21.24999999999999289 ) ) ;
#4879 = DIRECTION ( 'NONE',  ( -0.7071067811865432429, -0.000000000000000000, -0.7071067811865517916 ) ) ;
#4880 = DIRECTION ( 'NONE',  ( 1.000000000000000000, 1.301042606982605321E-16, -0.000000000000000000 ) ) ;
#4881 = LINE ( 'NONE', #10565, #6567 ) ;
#4882 = DIRECTION ( 'NONE',  ( 0.7071067811865474617, -0.7071067811865474617, -0.000000000000000000 ) ) ;
#4883 = LINE ( 'NONE', #2038, #2547 ) ;
#4884 = VECTOR ( 'NONE', #7456, 999.9999999999998863 ) ;
#4885 = PLANE ( 'NONE',  #8011 ) ;
#4886 = PLANE ( 'NONE',  #1794 ) ;
#4887 = ORIENTED_EDGE ( 'NONE', *, *, #8162, .T. ) ;
#4888 = ADVANCED_FACE ( 'NONE', ( #12353 ), #3795, .F. ) ;
#4889 = EDGE_LOOP ( 'NONE', ( #7981, #4461, #5176, #3190 ) ) ;
#4890 = VERTEX_POINT ( 'NONE', #1099 ) ;
#4891 = DIRECTION ( 'NONE',  ( -0.000000000000000000, -0.000000000000000000, -1.000000000000000000 ) ) ;
#4892 = ORIENTED_EDGE ( 'NONE', *, *, #7793, .T. ) ;
#4893 = LINE ( 'NONE', #5926, #201 ) ;
#4894 = LINE ( 'NONE', #11271, #414 ) ;
#4895 = PLANE ( 'NONE',  #4181 ) ;
#4896 = ORIENTED_EDGE ( 'NONE', *, *, #9663, .F. ) ;
#4897 = VECTOR ( 'NONE', #6405, 1000.000000000000000 ) ;
#4898 = EDGE_LOOP ( 'NONE', ( #7015, #8547, #8183, #10034 ) ) ;
#4899 = FACE_OUTER_BOUND ( 'NONE', #4099, .T. ) ;
#4900 = EDGE_CURVE ( 'NONE', #7850, #6167, #6445, .T. ) ;
#4901 = LINE ( 'NONE', #1080, #4746 ) ;
#4902 = ORIENTED_EDGE ( 'NONE', *, *, #9184, .T. ) ;
#4903 = LINE ( 'NONE', #8901, #286 ) ;
#4904 = CARTESIAN_POINT ( 'NONE',  ( -92.84999999999999432, 33.00000000000000000, 5.000000000000000000 ) ) ;
#4905 = FACE_OUTER_BOUND ( 'NONE', #6282, .T. ) ;
#4906 = AXIS2_PLACEMENT_3D ( 'NONE', #8491, #4503, #10434 ) ;
#4907 = CARTESIAN_POINT ( 'NONE',  ( 76.80000000000008242, 20.80000000000000426, 22.99999999999997158 ) ) ;
#4908 = ADVANCED_FACE ( 'NONE', ( #149 ), #7911, .T. ) ;
#4909 = EDGE_CURVE ( 'NONE', #5739, #10842, #5098, .T. ) ;
#4910 = ORIENTED_EDGE ( 'NONE', *, *, #7171, .F. ) ;
#4911 = CARTESIAN_POINT ( 'NONE',  ( 91.34999999999998010, -32.99999999999997868, 0.000000000000000000 ) ) ;
#4912 = PLANE ( 'NONE',  #7348 ) ;
#4913 = EDGE_CURVE ( 'NONE', #1280, #10068, #10670, .T. ) ;
#4914 = DIRECTION ( 'NONE',  ( 0.8660254037844383745, 0.000000000000000000, -0.5000000000000004441 ) ) ;
#4915 = ORIENTED_EDGE ( 'NONE', *, *, #6990, .T. ) ;
#4916 = DIRECTION ( 'NONE',  ( 0.000000000000000000, -0.7071067811865474617, -0.7071067811865474617 ) ) ;
#4917 = LINE ( 'NONE', #7023, #12180 ) ;
#4918 = EDGE_CURVE ( 'NONE', #8322, #1615, #3230, .T. ) ;
#4919 = CARTESIAN_POINT ( 'NONE',  ( -93.34999999999999432, -32.99999999999997868, 4.500000000000018652 ) ) ;
#4920 = ORIENTED_EDGE ( 'NONE', *, *, #10640, .F. ) ;
#4921 = VECTOR ( 'NONE', #2614, 999.9999999999998863 ) ;
#4922 = EDGE_LOOP ( 'NONE', ( #5599, #1160, #10710, #4570 ) ) ;
#4923 = EDGE_CURVE ( 'NONE', #3188, #5739, #2076, .T. ) ;
#4924 = DIRECTION ( 'NONE',  ( -0.5000000000000000000, -6.505213034913027837E-17, -0.8660254037844387076 ) ) ;
#4925 = LINE ( 'NONE', #3983, #11524 ) ;
#4926 = ORIENTED_EDGE ( 'NONE', *, *, #12008, .T. ) ;
#4927 = ORIENTED_EDGE ( 'NONE', *, *, #5799, .T. ) ;
#4928 = VERTEX_POINT ( 'NONE', #6761 ) ;
#4929 = VECTOR ( 'NONE', #11610, 1000.000000000000000 ) ;
#4930 = CARTESIAN_POINT ( 'NONE',  ( -21.30000000000002558, -24.79999999999999716, 18.01036297108183959 ) ) ;
#4931 = DIRECTION ( 'NONE',  ( 0.7071067811865475727, 0.000000000000000000, -0.7071067811865475727 ) ) ;
#4932 = CARTESIAN_POINT ( 'NONE',  ( 78.80000000000005400, -8.799999999999990052, 26.00000000000000355 ) ) ;
#4933 = EDGE_CURVE ( 'NONE', #10127, #5980, #10607, .T. ) ;
#4934 = VECTOR ( 'NONE', #4523, 1000.000000000000114 ) ;
#4935 = DIRECTION ( 'NONE',  ( 1.000000000000000000, 1.114860845743448580E-16, -1.304303365396091250E-16 ) ) ;
#4936 = CARTESIAN_POINT ( 'NONE',  ( 3.699999999999956213, 29.80000000000002203, 15.55662432702593811 ) ) ;
#4937 = LINE ( 'NONE', #6910, #4948 ) ;
#4938 = DIRECTION ( 'NONE',  ( 0.000000000000000000, 0.000000000000000000, -1.000000000000000000 ) ) ;
#4939 = ORIENTED_EDGE ( 'NONE', *, *, #10890, .F. ) ;
#4940 = CARTESIAN_POINT ( 'NONE',  ( 58.54999999999995453, -58.54999999999995453, 6.000000000000000000 ) ) ;
#4941 = VERTEX_POINT ( 'NONE', #473 ) ;
#4942 = AXIS2_PLACEMENT_3D ( 'NONE', #4725, #1829, #1888 ) ;
#4943 = VERTEX_POINT ( 'NONE', #7207 ) ;
#4944 = FACE_BOUND ( 'NONE', #9520, .T. ) ;
#4945 = EDGE_LOOP ( 'NONE', ( #8422, #5244, #5964, #6079 ) ) ;
#4946 = LINE ( 'NONE', #10882, #7141 ) ;
#4947 = EDGE_LOOP ( 'NONE', ( #7856, #10437, #2764, #4920 ) ) ;
#4948 = VECTOR ( 'NONE', #9834, 1000.000000000000000 ) ;
#4949 = LINE ( 'NONE', #5199, #5765 ) ;
#4950 = ORIENTED_EDGE ( 'NONE', *, *, #7143, .F. ) ;
#4951 = EDGE_LOOP ( 'NONE', ( #4174, #4954, #5310, #9781 ) ) ;
#4952 = ORIENTED_EDGE ( 'NONE', *, *, #3594, .F. ) ;
#4953 = VERTEX_POINT ( 'NONE', #1580 ) ;
#4954 = ORIENTED_EDGE ( 'NONE', *, *, #4169, .F. ) ;
#4955 = FACE_OUTER_BOUND ( 'NONE', #2247, .T. ) ;
#4956 = AXIS2_PLACEMENT_3D ( 'NONE', #5901, #6659, #9563 ) ;
#4957 = DIRECTION ( 'NONE',  ( -1.301042606982605321E-16, 1.000000000000000000, -0.000000000000000000 ) ) ;
#4958 = EDGE_CURVE ( 'NONE', #4207, #9889, #11088, .T. ) ;
#4959 = CARTESIAN_POINT ( 'NONE',  ( -81.80000000000005400, 8.799999999999988276, 6.999999999999999112 ) ) ;
#4960 = ORIENTED_EDGE ( 'NONE', *, *, #3315, .T. ) ;
#4961 = CARTESIAN_POINT ( 'NONE',  ( -76.80000000000005400, 19.79999999999999005, 6.000000000000000000 ) ) ;
#4962 = ORIENTED_EDGE ( 'NONE', *, *, #5747, .T. ) ;
#4963 = DIRECTION ( 'NONE',  ( -0.000000000000000000, -0.000000000000000000, -1.000000000000000000 ) ) ;
#4964 = DIRECTION ( 'NONE',  ( -0.8660254037844387076, -9.654978140984308979E-17, 0.4999999999999998890 ) ) ;
#4965 = VERTEX_POINT ( 'NONE', #9044 ) ;
#4966 = AXIS2_PLACEMENT_3D ( 'NONE', #3145, #7840, #6937 ) ;
#4967 = VECTOR ( 'NONE', #2274, 1000.000000000000114 ) ;
#4968 = DIRECTION ( 'NONE',  ( -0.7071067811865425767, -0.7071067811865524577, 0.000000000000000000 ) ) ;
#4969 = VECTOR ( 'NONE', #8424, 1000.000000000000000 ) ;
#4970 = ADVANCED_FACE ( 'NONE', ( #9926 ), #4292, .T. ) ;
#4971 = ADVANCED_FACE ( 'NONE', ( #8093 ), #7138, .F. ) ;
#4972 = DIRECTION ( 'NONE',  ( -1.000000000000000000, 0.000000000000000000, 0.000000000000000000 ) ) ;
#4973 = VERTEX_POINT ( 'NONE', #4422 ) ;
#4974 = FACE_OUTER_BOUND ( 'NONE', #12268, .T. ) ;
#4975 = LINE ( 'NONE', #1278, #6574 ) ;
#4976 = VECTOR ( 'NONE', #12300, 1000.000000000000000 ) ;
#4977 = DIRECTION ( 'NONE',  ( -0.8660254037844383745, -9.654978140984305281E-17, -0.5000000000000004441 ) ) ;
#4978 = ORIENTED_EDGE ( 'NONE', *, *, #4683, .T. ) ;
#4979 = VERTEX_POINT ( 'NONE', #655 ) ;
#4980 = LINE ( 'NONE', #3099, #9127 ) ;
#4981 = DIRECTION ( 'NONE',  ( -1.000000000000000000, 0.000000000000000000, 0.000000000000000000 ) ) ;
#4982 = EDGE_LOOP ( 'NONE', ( #6774, #2030, #471, #9191, #8538, #10280 ) ) ;
#4983 = VECTOR ( 'NONE', #5805, 1000.000000000000000 ) ;
#4984 = VECTOR ( 'NONE', #1870, 1000.000000000000000 ) ;
#4985 = EDGE_CURVE ( 'NONE', #2123, #9347, #8039, .T. ) ;
#4986 = EDGE_CURVE ( 'NONE', #11957, #3589, #6073, .T. ) ;
#4987 = ORIENTED_EDGE ( 'NONE', *, *, #8250, .T. ) ;
#4988 = VERTEX_POINT ( 'NONE', #413 ) ;
#4989 = FACE_OUTER_BOUND ( 'NONE', #3480, .T. ) ;
#4990 = CARTESIAN_POINT ( 'NONE',  ( 37.19999999999993889, 29.08571428571426409, 19.06196524710579610 ) ) ;
#4991 = EDGE_CURVE ( 'NONE', #6216, #4222, #4228, .T. ) ;
#4992 = DIRECTION ( 'NONE',  ( 0.6546536707079759765, 0.6546536707079759765, 0.3779644730092313054 ) ) ;
#4993 = DIRECTION ( 'NONE',  ( -0.5773502691896348349, 0.8164965809277194841, -0.000000000000000000 ) ) ;
#4994 = EDGE_CURVE ( 'NONE', #6738, #3772, #3291, .T. ) ;
#4995 = DIRECTION ( 'NONE',  ( -7.511572993685781598E-17, -8.374358620604178149E-33, 1.000000000000000000 ) ) ;
#4996 = LINE ( 'NONE', #11684, #11138 ) ;
#4997 = VECTOR ( 'NONE', #9579, 1000.000000000000000 ) ;
#4998 = VECTOR ( 'NONE', #11811, 1000.000000000000000 ) ;
#4999 = VECTOR ( 'NONE', #288, 1000.000000000000000 ) ;
#5000 = CARTESIAN_POINT ( 'NONE',  ( -84.80000000000003979, 32.80000000000001137, 5.000000000000000000 ) ) ;
#5001 = LINE ( 'NONE', #10513, #7172 ) ;
#5002 = ORIENTED_EDGE ( 'NONE', *, *, #6495, .F. ) ;
#5003 = ORIENTED_EDGE ( 'NONE', *, *, #4913, .T. ) ;
#5004 = ORIENTED_EDGE ( 'NONE', *, *, #4337, .T. ) ;
#5005 = LINE ( 'NONE', #5069, #3519 ) ;
#5006 = VECTOR ( 'NONE', #12379, 1000.000000000000000 ) ;
#5007 = VECTOR ( 'NONE', #4504, 1000.000000000000000 ) ;
#5008 = LINE ( 'NONE', #8070, #1164 ) ;
#5009 = ORIENTED_EDGE ( 'NONE', *, *, #12, .T. ) ;
#5010 = ADVANCED_FACE ( 'NONE', ( #2330 ), #9094, .F. ) ;
#5011 = DIRECTION ( 'NONE',  ( -0.000000000000000000, 0.000000000000000000, 1.000000000000000000 ) ) ;
#5012 = DIRECTION ( 'NONE',  ( 0.5000000000000004441, 6.505213034913032767E-17, -0.8660254037844384856 ) ) ;
#5013 = EDGE_LOOP ( 'NONE', ( #4962, #8280, #4704, #1974 ) ) ;
#5014 = VECTOR ( 'NONE', #7544, 1000.000000000000000 ) ;
#5015 = ORIENTED_EDGE ( 'NONE', *, *, #8752, .F. ) ;
#5016 = CARTESIAN_POINT ( 'NONE',  ( 19.19999999999992824, 30.80000000000002203, 12.95854811567257414 ) ) ;
#5017 = ORIENTED_EDGE ( 'NONE', *, *, #1854, .T. ) ;
#5018 = CARTESIAN_POINT ( 'NONE',  ( -28.30000000000003268, 20.79999999999999716, 26.00000000000000355 ) ) ;
#5019 = EDGE_LOOP ( 'NONE', ( #2730, #8008, #8842, #7303 ) ) ;
#5020 = DIRECTION ( 'NONE',  ( -1.000000000000000000, 0.000000000000000000, 1.304303365396091250E-16 ) ) ;
#5021 = LINE ( 'NONE', #7891, #5846 ) ;
#5022 = CARTESIAN_POINT ( 'NONE',  ( -77.79999999999999716, -20.80000000000000426, 13.74999999999996447 ) ) ;
#5023 = VERTEX_POINT ( 'NONE', #849 ) ;
#5024 = AXIS2_PLACEMENT_3D ( 'NONE', #9248, #672, #11876 ) ;
#5025 = CARTESIAN_POINT ( 'NONE',  ( -42.38406532401715765, 23.63406532401711502, 16.18250973366638945 ) ) ;
#5026 = VECTOR ( 'NONE', #5345, 1000.000000000000000 ) ;
#5027 = LINE ( 'NONE', #5148, #2915 ) ;
#5028 = ORIENTED_EDGE ( 'NONE', *, *, #12063, .F. ) ;
#5029 = CARTESIAN_POINT ( 'NONE',  ( -61.30000000000006821, 30.80000000000001137, 12.74999999999998934 ) ) ;
#5030 = CARTESIAN_POINT ( 'NONE',  ( -77.80000000000005400, 9.799999999999990052, 6.999999999999999112 ) ) ;
#5031 = ORIENTED_EDGE ( 'NONE', *, *, #264, .T. ) ;
#5032 = DIRECTION ( 'NONE',  ( -1.301042606982605321E-16, 1.000000000000000000, 0.000000000000000000 ) ) ;
#5033 = ORIENTED_EDGE ( 'NONE', *, *, #3642, .T. ) ;
#5034 = DIRECTION ( 'NONE',  ( 0.7071067811865474617, 8.888657488019557220E-17, -0.7071067811865474617 ) ) ;
#5035 = CARTESIAN_POINT ( 'NONE',  ( -43.80000000000001847, -21.80000000000000782, 13.24722325026742809 ) ) ;
#5036 = VECTOR ( 'NONE', #8204, 1000.000000000000000 ) ;
#5037 = ORIENTED_EDGE ( 'NONE', *, *, #11721, .T. ) ;
#5038 = DIRECTION ( 'NONE',  ( -1.257045997084642365E-16, 1.000000000000000000, 0.000000000000000000 ) ) ;
#5039 = EDGE_CURVE ( 'NONE', #2240, #4019, #6635, .T. ) ;
#5040 = EDGE_LOOP ( 'NONE', ( #11439, #6667, #237, #3866 ) ) ;
#5041 = DIRECTION ( 'NONE',  ( -0.000000000000000000, -0.000000000000000000, -1.000000000000000000 ) ) ;
#5042 = VERTEX_POINT ( 'NONE', #7395 ) ;
#5043 = CARTESIAN_POINT ( 'NONE',  ( 77.80000000000005400, -8.799999999999990052, 6.999999999999999112 ) ) ;
#5044 = CARTESIAN_POINT ( 'NONE',  ( -22.49917551915209302, 46.35082448084805407, 29.29803674797892299 ) ) ;
#5045 = ORIENTED_EDGE ( 'NONE', *, *, #3765, .T. ) ;
#5046 = CARTESIAN_POINT ( 'NONE',  ( -43.80000000000001137, -57.98150098949685116, 13.24722325026742809 ) ) ;
#5047 = EDGE_CURVE ( 'NONE', #7549, #9892, #717, .T. ) ;
#5048 = DIRECTION ( 'NONE',  ( -7.511572993685781598E-17, -8.374358620604178149E-33, 1.000000000000000000 ) ) ;
#5049 = LINE ( 'NONE', #7730, #1379 ) ;
#5050 = VECTOR ( 'NONE', #703, 1000.000000000000000 ) ;
#5051 = ORIENTED_EDGE ( 'NONE', *, *, #2521, .T. ) ;
#5052 = ORIENTED_EDGE ( 'NONE', *, *, #6869, .F. ) ;
#5053 = VERTEX_POINT ( 'NONE', #12342 ) ;
#5054 = DIRECTION ( 'NONE',  ( -1.301042606982605321E-16, 1.000000000000000000, 0.000000000000000000 ) ) ;
#5055 = DIRECTION ( 'NONE',  ( 0.000000000000000000, 0.000000000000000000, 1.000000000000000000 ) ) ;
#5056 = PLANE ( 'NONE',  #2069 ) ;
#5057 = DIRECTION ( 'NONE',  ( 0.000000000000000000, 0.000000000000000000, -1.000000000000000000 ) ) ;
#5058 = DIRECTION ( 'NONE',  ( 0.8660254037844383745, 9.654978140984305281E-17, -0.5000000000000003331 ) ) ;
#5059 = DIRECTION ( 'NONE',  ( 0.000000000000000000, -0.000000000000000000, 1.000000000000000000 ) ) ;
#5060 = CARTESIAN_POINT ( 'NONE',  ( -0.3000000000000224709, -24.79999999999999716, 25.99999999999999645 ) ) ;
#5061 = ADVANCED_FACE ( 'NONE', ( #3781 ), #10294, .F. ) ;
#5062 = ADVANCED_FACE ( 'NONE', ( #1644 ), #3846, .F. ) ;
#5063 = DIRECTION ( 'NONE',  ( -0.7071067811865500152, 0.7071067811865451302, 0.000000000000000000 ) ) ;
#5064 = VERTEX_POINT ( 'NONE', #3723 ) ;
#5065 = VECTOR ( 'NONE', #9080, 1000.000000000000000 ) ;
#5066 = EDGE_CURVE ( 'NONE', #262, #3328, #4547, .T. ) ;
#5067 = DIRECTION ( 'NONE',  ( -1.301042606982605321E-16, 1.000000000000000000, -0.000000000000000000 ) ) ;
#5068 = ORIENTED_EDGE ( 'NONE', *, *, #12033, .T. ) ;
#5069 = CARTESIAN_POINT ( 'NONE',  ( -40.55000000000001137, -57.98150098949685116, 15.12361162513371404 ) ) ;
#5070 = ORIENTED_EDGE ( 'NONE', *, *, #6151, .F. ) ;
#5071 = DIRECTION ( 'NONE',  ( -1.301042606982605321E-16, 1.000000000000000000, 0.000000000000000000 ) ) ;
#5072 = EDGE_LOOP ( 'NONE', ( #3753, #4133, #7635, #10745 ) ) ;
#5073 = LINE ( 'NONE', #10760, #4804 ) ;
#5074 = CARTESIAN_POINT ( 'NONE',  ( 89.34999999999998010, -27.00000000000000355, 5.000000000000000000 ) ) ;
#5075 = ORIENTED_EDGE ( 'NONE', *, *, #5780, .T. ) ;
#5076 = ORIENTED_EDGE ( 'NONE', *, *, #6692, .F. ) ;
#5077 = EDGE_CURVE ( 'NONE', #8231, #8118, #6075, .T. ) ;
#5078 = ORIENTED_EDGE ( 'NONE', *, *, #11750, .T. ) ;
#5079 = VERTEX_POINT ( 'NONE', #12154 ) ;
#5080 = FACE_OUTER_BOUND ( 'NONE', #10576, .T. ) ;
#5081 = CARTESIAN_POINT ( 'NONE',  ( -39.55000000000001847, -20.80000000000000071, 26.00000000000000355 ) ) ;
#5082 = CARTESIAN_POINT ( 'NONE',  ( -20.80000000000002913, -23.79999999999998295, 15.12361162513371227 ) ) ;
#5083 = EDGE_LOOP ( 'NONE', ( #3333, #9057, #11845, #7311 ) ) ;
#5084 = LINE ( 'NONE', #10716, #11310 ) ;
#5085 = DIRECTION ( 'NONE',  ( -1.301042606982605321E-16, 1.000000000000000000, 0.000000000000000000 ) ) ;
#5086 = LINE ( 'NONE', #10966, #5949 ) ;
#5087 = FACE_OUTER_BOUND ( 'NONE', #9754, .T. ) ;
#5088 = EDGE_LOOP ( 'NONE', ( #8568, #9153, #7088, #667 ) ) ;
#5089 = ORIENTED_EDGE ( 'NONE', *, *, #4994, .F. ) ;
#5090 = DIRECTION ( 'NONE',  ( 0.000000000000000000, 0.000000000000000000, 1.000000000000000000 ) ) ;
#5091 = VERTEX_POINT ( 'NONE', #2775 ) ;
#5092 = DIRECTION ( 'NONE',  ( -0.3535533905932733978, 0.7071067811865487940, -0.6123724356957932491 ) ) ;
#5093 = EDGE_LOOP ( 'NONE', ( #9723, #4170, #10953, #5328 ) ) ;
#5094 = ORIENTED_EDGE ( 'NONE', *, *, #7806, .T. ) ;
#5095 = VECTOR ( 'NONE', #12116, 1000.000000000000000 ) ;
#5096 = AXIS2_PLACEMENT_3D ( 'NONE', #5271, #510, #3453 ) ;
#5097 = CARTESIAN_POINT ( 'NONE',  ( -0.5857142857143443626, 29.08571428571431028, 18.03098262355291936 ) ) ;
#5098 = LINE ( 'NONE', #7980, #1857 ) ;
#5099 = ORIENTED_EDGE ( 'NONE', *, *, #3290, .F. ) ;
#5100 = DIRECTION ( 'NONE',  ( -5.568720116048173953E-15, -0.6546536707079798623, 0.7559289460184519527 ) ) ;
#5101 = CC_DESIGN_PERSON_AND_ORGANIZATION_ASSIGNMENT ( #5294, #2151, ( #9402 ) ) ;
#5102 = EDGE_CURVE ( 'NONE', #4031, #12035, #2707, .T. ) ;
#5103 = LINE ( 'NONE', #6707, #2604 ) ;
#5104 = AXIS2_PLACEMENT_3D ( 'NONE', #8748, #3874, #241 ) ;
#5105 = EDGE_LOOP ( 'NONE', ( #710, #343, #5959, #10246 ) ) ;
#5106 = LINE ( 'NONE', #8926, #11604 ) ;
#5107 = PLANE ( 'NONE',  #1572 ) ;
#5108 = CONICAL_SURFACE ( 'NONE', #9907, 1.500000000000015099, 0.7853981633974639331 ) ;
#5109 = ORIENTED_EDGE ( 'NONE', *, *, #6736, .T. ) ;
#5110 = ORIENTED_EDGE ( 'NONE', *, *, #6066, .F. ) ;
#5111 = EDGE_LOOP ( 'NONE', ( #1755, #8201, #2821, #7639 ) ) ;
#5112 = DIRECTION ( 'NONE',  ( 1.000000000000000000, 3.797971485444570149E-17, 0.000000000000000000 ) ) ;
#5113 = DIRECTION ( 'NONE',  ( 0.3535533905932747856, -0.7071067811865460184, 0.6123724356957956916 ) ) ;
#5114 = DIRECTION ( 'NONE',  ( -6.308085367188384325E-16, -1.000000000000000000, 0.000000000000000000 ) ) ;
#5115 = CARTESIAN_POINT ( 'NONE',  ( 83.80000000000003979, 9.800000000000009592, 6.000000000000000000 ) ) ;
#5116 = AXIS2_PLACEMENT_3D ( 'NONE', #1248, #1127, #9893 ) ;
#5117 = CARTESIAN_POINT ( 'NONE',  ( -24.05000000000003268, -23.79999999999999005, 20.75277674973256836 ) ) ;
#5118 = EDGE_CURVE ( 'NONE', #11736, #2688, #12224, .T. ) ;
#5119 = CARTESIAN_POINT ( 'NONE',  ( 39.69999999999996021, 21.79999999999998650, 18.44337567297406721 ) ) ;
#5120 = VECTOR ( 'NONE', #2789, 1000.000000000000114 ) ;
#5121 = VECTOR ( 'NONE', #7432, 999.9999999999998863 ) ;
#5122 = DIRECTION ( 'NONE',  ( 0.3535533905932715659, -0.7071067811865519026, -0.6123724356957908066 ) ) ;
#5123 = VECTOR ( 'NONE', #6057, 1000.000000000000000 ) ;
#5124 = ORIENTED_EDGE ( 'NONE', *, *, #633, .F. ) ;
#5125 = CARTESIAN_POINT ( 'NONE',  ( 77.80000000000005400, -20.79999999999998650, 22.99999999999997868 ) ) ;
#5126 = ORIENTED_EDGE ( 'NONE', *, *, #7976, .F. ) ;
#5127 = FACE_OUTER_BOUND ( 'NONE', #4889, .T. ) ;
#5128 = VECTOR ( 'NONE', #5491, 1000.000000000000000 ) ;
#5129 = LINE ( 'NONE', #9709, #12339 ) ;
#5130 = ADVANCED_FACE ( 'NONE', ( #5530 ), #9355, .F. ) ;
#5131 = DIRECTION ( 'NONE',  ( -0.7071067811865475727, 0.7071067811865475727, 0.000000000000000000 ) ) ;
#5132 = ORIENTED_EDGE ( 'NONE', *, *, #9975, .T. ) ;
#5133 = EDGE_CURVE ( 'NONE', #3557, #11026, #6515, .T. ) ;
#5134 = CARTESIAN_POINT ( 'NONE',  ( 22.69999999999997797, 20.80000000000000071, 26.00000000000000355 ) ) ;
#5135 = CARTESIAN_POINT ( 'NONE',  ( -55.15288568297003735, 30.80000000000001137, -21.88620667976081435 ) ) ;
#5136 = CARTESIAN_POINT ( 'NONE',  ( -81.80000000000005400, 8.799999999999988276, 26.00000000000000355 ) ) ;
#5137 = ORIENTED_EDGE ( 'NONE', *, *, #3352, .F. ) ;
#5138 = VECTOR ( 'NONE', #5761, 999.9999999999998863 ) ;
#5139 = VECTOR ( 'NONE', #12131, 1000.000000000000114 ) ;
#5140 = VECTOR ( 'NONE', #766, 1000.000000000000000 ) ;
#5141 = VERTEX_POINT ( 'NONE', #207 ) ;
#5142 = CARTESIAN_POINT ( 'NONE',  ( -87.64999999999996305, 27.00000000000000355, 5.000000000000000000 ) ) ;
#5143 = ORIENTED_EDGE ( 'NONE', *, *, #1293, .T. ) ;
#5144 = ORIENTED_EDGE ( 'NONE', *, *, #8896, .F. ) ;
#5145 = DIRECTION ( 'NONE',  ( -0.000000000000000000, -0.000000000000000000, -1.000000000000000000 ) ) ;
#5146 = EDGE_CURVE ( 'NONE', #7186, #2863, #8717, .T. ) ;
#5147 = ORIENTED_EDGE ( 'NONE', *, *, #4838, .T. ) ;
#5148 = CARTESIAN_POINT ( 'NONE',  ( 58.35961431703001523, 20.80000000000000426, 59.67173572163870432 ) ) ;
#5149 = CARTESIAN_POINT ( 'NONE',  ( -84.30000000000006821, 32.80000000000001137, 6.000000000000000000 ) ) ;
#5150 = LINE ( 'NONE', #7297, #10979 ) ;
#5151 = ADVANCED_FACE ( 'NONE', ( #4088 ), #5108, .T. ) ;
#5152 = CARTESIAN_POINT ( 'NONE',  ( -77.80000000000005400, 9.507106781186537958, 13.29289321881347163 ) ) ;
#5153 = ORIENTED_EDGE ( 'NONE', *, *, #3971, .T. ) ;
#5154 = DIRECTION ( 'NONE',  ( -1.000000000000000000, 0.000000000000000000, 0.000000000000000000 ) ) ;
#5155 = VERTEX_POINT ( 'NONE', #3959 ) ;
#5156 = CARTESIAN_POINT ( 'NONE',  ( -77.80000000000005400, -8.800000000000009592, 13.99999999999999112 ) ) ;
#5157 = ORIENTED_EDGE ( 'NONE', *, *, #1165, .T. ) ;
#5158 = VECTOR ( 'NONE', #3962, 1000.000000000000000 ) ;
#5159 = DIRECTION ( 'NONE',  ( 0.000000000000000000, 0.000000000000000000, -1.000000000000000000 ) ) ;
#5160 = EDGE_LOOP ( 'NONE', ( #2944, #5003, #425, #4781, #10824, #8873 ) ) ;
#5161 = CARTESIAN_POINT ( 'NONE',  ( 89.34999999999998010, -27.00000000000000355, 3.000000000000000000 ) ) ;
#5162 = EDGE_CURVE ( 'NONE', #4168, #9652, #2124, .T. ) ;
#5163 = ORIENTED_EDGE ( 'NONE', *, *, #5286, .T. ) ;
#5164 = CARTESIAN_POINT ( 'NONE',  ( -81.80000000000005400, -8.800000000000009592, 6.999999999999999112 ) ) ;
#5165 = DIRECTION ( 'NONE',  ( -0.8660254037844383745, -9.654978140984305281E-17, 0.5000000000000003331 ) ) ;
#5166 = VERTEX_POINT ( 'NONE', #1032 ) ;
#5167 = DATE_AND_TIME ( #1339, #8407 ) ;
#5168 = DIRECTION ( 'NONE',  ( -0.3535533905932716769, 0.7071067811865522357, 0.6123724356957902515 ) ) ;
#5169 = LINE ( 'NONE', #5236, #161 ) ;
#5170 = AXIS2_PLACEMENT_3D ( 'NONE', #8973, #282, #5222 ) ;
#5171 = EDGE_LOOP ( 'NONE', ( #5333, #7909, #9276, #1151 ) ) ;
#5172 = PLANE ( 'NONE',  #3130 ) ;
#5173 = FACE_OUTER_BOUND ( 'NONE', #7081, .T. ) ;
#5174 = ORIENTED_EDGE ( 'NONE', *, *, #3780, .T. ) ;
#5175 = EDGE_CURVE ( 'NONE', #9509, #8870, #6498, .T. ) ;
#5176 = ORIENTED_EDGE ( 'NONE', *, *, #4770, .F. ) ;
#5177 = AXIS2_PLACEMENT_3D ( 'NONE', #11841, #3216, #9086 ) ;
#5178 = ORIENTED_EDGE ( 'NONE', *, *, #11081, .T. ) ;
#5179 = DIRECTION ( 'NONE',  ( 0.000000000000000000, 0.000000000000000000, 1.000000000000000000 ) ) ;
#5180 = LINE ( 'NONE', #8998, #11460 ) ;
#5181 = FACE_OUTER_BOUND ( 'NONE', #4283, .T. ) ;
#5182 = LINE ( 'NONE', #1351, #11388 ) ;
#5183 = CARTESIAN_POINT ( 'NONE',  ( -46.05000000000004690, -24.80000000000000071, 18.87638837486628418 ) ) ;
#5184 = CARTESIAN_POINT ( 'NONE',  ( 37.19999999999996021, 30.80000000000002203, 12.95854811567257592 ) ) ;
#5185 = DIRECTION ( 'NONE',  ( 0.3535533905932693455, 0.7071067811865535679, -0.6123724356957901405 ) ) ;
#5186 = CARTESIAN_POINT ( 'NONE',  ( 81.08892283796642175, 6.511077162033630295, 14.94810288271113841 ) ) ;
#5187 = DIRECTION ( 'NONE',  ( 0.000000000000000000, -0.000000000000000000, 1.000000000000000000 ) ) ;
#5188 = VECTOR ( 'NONE', #4481, 1000.000000000000114 ) ;
#5189 = AXIS2_PLACEMENT_3D ( 'NONE', #1001, #9458, #9642 ) ;
#5190 = EDGE_LOOP ( 'NONE', ( #572, #6144, #9475, #11121 ) ) ;
#5191 = DIRECTION ( 'NONE',  ( -0.000000000000000000, -0.000000000000000000, -1.000000000000000000 ) ) ;
#5192 = VERTEX_POINT ( 'NONE', #2229 ) ;
#5193 = EDGE_CURVE ( 'NONE', #9378, #3242, #11680, .T. ) ;
#5194 = ORIENTED_EDGE ( 'NONE', *, *, #7737, .F. ) ;
#5195 = AXIS2_PLACEMENT_3D ( 'NONE', #10119, #4244, #4178 ) ;
#5196 = VECTOR ( 'NONE', #3234, 1000.000000000000000 ) ;
#5197 = LINE ( 'NONE', #4265, #10400 ) ;
#5198 = CARTESIAN_POINT ( 'NONE',  ( 50.19999999999999574, 30.80000000000002558, 10.99999999999997691 ) ) ;
#5199 = CARTESIAN_POINT ( 'NONE',  ( 3.199999999999964206, -24.79999999999999361, 17.57735026918962618 ) ) ;
#5200 = ORIENTED_EDGE ( 'NONE', *, *, #2117, .T. ) ;
#5201 = VERTEX_POINT ( 'NONE', #6682 ) ;
#5202 = ADVANCED_FACE ( 'NONE', ( #5181 ), #3305, .T. ) ;
#5203 = CARTESIAN_POINT ( 'NONE',  ( -61.30000000000000426, 20.79999999999999361, 22.24999999999993960 ) ) ;
#5204 = ORIENTED_EDGE ( 'NONE', *, *, #3679, .T. ) ;
#5205 = VECTOR ( 'NONE', #250, 1000.000000000000114 ) ;
#5206 = EDGE_LOOP ( 'NONE', ( #10692, #10641, #3707, #2415 ) ) ;
#5207 = VECTOR ( 'NONE', #7870, 1000.000000000000000 ) ;
#5208 = ADVANCED_FACE ( 'NONE', ( #1288 ), #8103, .T. ) ;
#5209 = CARTESIAN_POINT ( 'NONE',  ( -93.34999999999999432, 29.85000000000000142, 1.000000000000000000 ) ) ;
#5210 = CARTESIAN_POINT ( 'NONE',  ( 77.80000000000005400, 20.80000000000000426, 9.000000000000028422 ) ) ;
#5211 = CARTESIAN_POINT ( 'NONE',  ( 34.69999999999995310, -21.80000000000002203, 18.44337567297407077 ) ) ;
#5212 = ORIENTED_EDGE ( 'NONE', *, *, #959, .T. ) ;
#5213 = DIRECTION ( 'NONE',  ( -0.000000000000000000, 0.7071067811865561215, -0.7071067811865389130 ) ) ;
#5214 = VECTOR ( 'NONE', #4445, 1000.000000000000000 ) ;
#5215 = DIRECTION ( 'NONE',  ( -0.000000000000000000, -0.000000000000000000, -1.000000000000000000 ) ) ;
#5216 = CARTESIAN_POINT ( 'NONE',  ( 0.000000000000000000, 0.000000000000000000, 1.000000000000000000 ) ) ;
#5217 = ORIENTED_EDGE ( 'NONE', *, *, #10881, .T. ) ;
#5218 = DIRECTION ( 'NONE',  ( 0.8660254037844388186, 9.654978140984310211E-17, 0.4999999999999996669 ) ) ;
#5219 = ORIENTED_EDGE ( 'NONE', *, *, #1346, .F. ) ;
#5220 = ADVANCED_FACE ( 'NONE', ( #9827 ), #2286, .F. ) ;
#5221 = ADVANCED_FACE ( 'NONE', ( #434 ), #6033, .F. ) ;
#5222 = DIRECTION ( 'NONE',  ( 0.8660254037844387076, 9.654978140984308979E-17, 0.4999999999999998335 ) ) ;
#5223 = ORIENTED_EDGE ( 'NONE', *, *, #5286, .F. ) ;
#5224 = LINE ( 'NONE', #1575, #1314 ) ;
#5225 = ADVANCED_FACE ( 'NONE', ( #8935 ), #243, .F. ) ;
#5226 = VECTOR ( 'NONE', #1281, 1000.000000000000000 ) ;
#5227 = CARTESIAN_POINT ( 'NONE',  ( -60.30000000000003268, -21.79999999999996874, 13.74999999999996270 ) ) ;
#5228 = CIRCLE ( 'NONE', #2008, 1.700000000000021050 ) ;
#5229 = DIRECTION ( 'NONE',  ( 0.000000000000000000, 0.000000000000000000, 1.000000000000000000 ) ) ;
#5230 = CARTESIAN_POINT ( 'NONE',  ( 68.79711431703002233, 20.80000000000000426, 41.59345541763853760 ) ) ;
#5231 = VECTOR ( 'NONE', #8083, 1000.000000000000000 ) ;
#5232 = CARTESIAN_POINT ( 'NONE',  ( 40.69999999999998863, 30.80000000000002203, 19.02072594216371471 ) ) ;
#5233 = ADVANCED_FACE ( 'NONE', ( #3107 ), #5056, .T. ) ;
#5234 = EDGE_LOOP ( 'NONE', ( #5942, #6621, #8519, #9109, #9569 ) ) ;
#5235 = LINE ( 'NONE', #6391, #9417 ) ;
#5236 = CARTESIAN_POINT ( 'NONE',  ( 77.80000000000005400, 19.80000000000003268, 22.99999999999997158 ) ) ;
#5237 = ORIENTED_EDGE ( 'NONE', *, *, #4060, .T. ) ;
#5238 = EDGE_CURVE ( 'NONE', #10733, #3221, #4121, .T. ) ;
#5239 = FACE_OUTER_BOUND ( 'NONE', #6335, .T. ) ;
#5240 = DIRECTION ( 'NONE',  ( -1.000000000000000000, 0.000000000000000000, 0.000000000000000000 ) ) ;
#5241 = VERTEX_POINT ( 'NONE', #10929 ) ;
#5242 = ORIENTED_EDGE ( 'NONE', *, *, #213, .T. ) ;
#5243 = VECTOR ( 'NONE', #4486, 1000.000000000000000 ) ;
#5244 = ORIENTED_EDGE ( 'NONE', *, *, #3296, .F. ) ;
#5245 = CYLINDRICAL_SURFACE ( 'NONE', #7704, 1.700000000000021050 ) ;
#5246 = LINE ( 'NONE', #11108, #6722 ) ;
#5247 = DIRECTION ( 'NONE',  ( 0.6546536707079668727, -0.6546536707079759765, 0.3779644730092470706 ) ) ;
#5248 = LINE ( 'NONE', #550, #7504 ) ;
#5249 = LINE ( 'NONE', #1531, #5595 ) ;
#5250 = FACE_OUTER_BOUND ( 'NONE', #7136, .T. ) ;
#5251 = CARTESIAN_POINT ( 'NONE',  ( -77.80000000000005400, 20.79999999999999005, 13.75000000000001421 ) ) ;
#5252 = ORIENTED_EDGE ( 'NONE', *, *, #7732, .F. ) ;
#5253 = CARTESIAN_POINT ( 'NONE',  ( 89.34999999999998010, -27.00000000000000355, 0.000000000000000000 ) ) ;
#5254 = DIRECTION ( 'NONE',  ( -1.792096372221771060E-15, -0.6546536707079761985, 0.7559289460184552834 ) ) ;
#5255 = EDGE_LOOP ( 'NONE', ( #3219, #1217, #10091, #7370 ) ) ;
#5256 = AXIS2_PLACEMENT_3D ( 'NONE', #9389, #2745, #825 ) ;
#5257 = CARTESIAN_POINT ( 'NONE',  ( 22.69999999999993534, -20.79999999999999361, 26.00000000000000355 ) ) ;
#5258 = VERTEX_POINT ( 'NONE', #3180 ) ;
#5259 = CARTESIAN_POINT ( 'NONE',  ( 35.87060409057956178, 7.629395909420130018, 7.375222240750045621 ) ) ;
#5260 = ORIENTED_EDGE ( 'NONE', *, *, #11505, .T. ) ;
#5261 = DIRECTION ( 'NONE',  ( -0.000000000000000000, 0.7071067811865466846, 0.7071067811865483499 ) ) ;
#5262 = LINE ( 'NONE', #6294, #11351 ) ;
#5263 = ADVANCED_FACE ( 'NONE', ( #954 ), #4777, .F. ) ;
#5264 = EDGE_CURVE ( 'NONE', #5739, #9784, #1530, .T. ) ;
#5265 = ORIENTED_EDGE ( 'NONE', *, *, #5388, .T. ) ;
#5266 = ORIENTED_EDGE ( 'NONE', *, *, #512, .F. ) ;
#5267 = CARTESIAN_POINT ( 'NONE',  ( 81.80000000000005400, -30.80000000000000782, 26.00000000000000355 ) ) ;
#5268 = LINE ( 'NONE', #1373, #2584 ) ;
#5269 = VECTOR ( 'NONE', #3179, 1000.000000000000114 ) ;
#5270 = ORIENTED_EDGE ( 'NONE', *, *, #3450, .T. ) ;
#5271 = CARTESIAN_POINT ( 'NONE',  ( -27.30000000000003268, -57.98150098949684406, 18.87638837486628418 ) ) ;
#5272 = VERTEX_POINT ( 'NONE', #9180 ) ;
#5273 = PLANE ( 'NONE',  #10124 ) ;
#5274 = CARTESIAN_POINT ( 'NONE',  ( -77.80000000000005400, 8.799999999999988276, 14.00000000000001954 ) ) ;
#5275 = CARTESIAN_POINT ( 'NONE',  ( -78.80000000000005400, 7.799999999999987388, 6.000000000000000000 ) ) ;
#5276 = EDGE_CURVE ( 'NONE', #12100, #3355, #12051, .T. ) ;
#5277 = VERTEX_POINT ( 'NONE', #11171 ) ;
#5278 = LINE ( 'NONE', #3083, #1359 ) ;
#5279 = FACE_OUTER_BOUND ( 'NONE', #4219, .T. ) ;
#5280 = ORIENTED_EDGE ( 'NONE', *, *, #1194, .F. ) ;
#5281 = EDGE_LOOP ( 'NONE', ( #746, #445, #5137, #4080 ) ) ;
#5282 = DIRECTION ( 'NONE',  ( 1.000000000000000000, 0.000000000000000000, 0.000000000000000000 ) ) ;
#5283 = CARTESIAN_POINT ( 'NONE',  ( 35.69999999999994600, -24.79999999999999005, 16.13397459621555896 ) ) ;
#5284 = DIRECTION ( 'NONE',  ( 0.6546536707079715356, -0.6546536707079851913, 0.3779644730092230342 ) ) ;
#5285 = EDGE_CURVE ( 'NONE', #9302, #1735, #9306, .T. ) ;
#5286 = EDGE_CURVE ( 'NONE', #3732, #8335, #6402, .T. ) ;
#5287 = FACE_OUTER_BOUND ( 'NONE', #11510, .T. ) ;
#5288 = VECTOR ( 'NONE', #6652, 1000.000000000000114 ) ;
#5289 = EDGE_CURVE ( 'NONE', #7424, #6768, #3362, .T. ) ;
#5290 = CARTESIAN_POINT ( 'NONE',  ( -2.300000000000049560, 20.79999999999999716, 14.97927405783630839 ) ) ;
#5291 = ORIENTED_EDGE ( 'NONE', *, *, #9271, .F. ) ;
#5292 = CARTESIAN_POINT ( 'NONE',  ( -89.34999999999998010, 27.00000000000000355, 3.000000000000000000 ) ) ;
#5293 = ORIENTED_EDGE ( 'NONE', *, *, #2593, .F. ) ;
#5294 = PERSON_AND_ORGANIZATION ( #6357, #11785 ) ;
#5295 = ORIENTED_EDGE ( 'NONE', *, *, #3716, .T. ) ;
#5296 = DIRECTION ( 'NONE',  ( 0.000000000000000000, 0.000000000000000000, 1.000000000000000000 ) ) ;
#5297 = ORIENTED_EDGE ( 'NONE', *, *, #2459, .F. ) ;
#5298 = VERTEX_POINT ( 'NONE', #12170 ) ;
#5299 = EDGE_CURVE ( 'NONE', #3202, #12018, #4311, .T. ) ;
#5300 = EDGE_LOOP ( 'NONE', ( #11792, #3174, #12270, #8888 ) ) ;
#5301 = LINE ( 'NONE', #11047, #1707 ) ;
#5302 = LINE ( 'NONE', #9113, #9000 ) ;
#5303 = LINE ( 'NONE', #2422, #9488 ) ;
#5304 = LINE ( 'NONE', #10999, #7183 ) ;
#5305 = EDGE_CURVE ( 'NONE', #9964, #2014, #5248, .T. ) ;
#5306 = DIRECTION ( 'NONE',  ( -0.000000000000000000, -0.000000000000000000, -1.000000000000000000 ) ) ;
#5307 = ADVANCED_FACE ( 'NONE', ( #8173 ), #4438, .T. ) ;
#5308 = LINE ( 'NONE', #1417, #1397 ) ;
#5309 = DIRECTION ( 'NONE',  ( -1.000000000000000000, -1.114860845743448580E-16, 1.051347561198065328E-16 ) ) ;
#5310 = ORIENTED_EDGE ( 'NONE', *, *, #809, .F. ) ;
#5311 = CARTESIAN_POINT ( 'NONE',  ( -91.34999999999998010, 34.50000000000000000, 0.000000000000000000 ) ) ;
#5312 = LINE ( 'NONE', #5018, #3186 ) ;
#5313 = AXIS2_PLACEMENT_3D ( 'NONE', #9372, #12169, #3735 ) ;
#5314 = ORIENTED_EDGE ( 'NONE', *, *, #629, .F. ) ;
#5315 = CYLINDRICAL_SURFACE ( 'NONE', #10322, 1.700000000000007061 ) ;
#5316 = VERTEX_POINT ( 'NONE', #11110 ) ;
#5317 = ORIENTED_EDGE ( 'NONE', *, *, #1810, .T. ) ;
#5318 = VECTOR ( 'NONE', #10011, 1000.000000000000227 ) ;
#5319 = LINE ( 'NONE', #823, #586 ) ;
#5320 = VECTOR ( 'NONE', #12336, 999.9999999999998863 ) ;
#5321 = VECTOR ( 'NONE', #460, 1000.000000000000000 ) ;
#5322 = LINE ( 'NONE', #9135, #11951 ) ;
#5323 = ORIENTED_EDGE ( 'NONE', *, *, #10357, .T. ) ;
#5324 = AXIS2_PLACEMENT_3D ( 'NONE', #8504, #12304, #9878 ) ;
#5325 = DIRECTION ( 'NONE',  ( 1.000000000000000000, 1.257045997084642365E-16, -1.304303365396091250E-16 ) ) ;
#5326 = ORIENTED_EDGE ( 'NONE', *, *, #9606, .T. ) ;
#5327 = DIRECTION ( 'NONE',  ( -2.453269466693399607E-16, 0.7071067811865483499, -0.7071067811865467956 ) ) ;
#5328 = ORIENTED_EDGE ( 'NONE', *, *, #419, .F. ) ;
#5329 = EDGE_CURVE ( 'NONE', #5937, #4426, #2664, .T. ) ;
#5330 = VECTOR ( 'NONE', #3476, 1000.000000000000114 ) ;
#5331 = DIRECTION ( 'NONE',  ( -1.000000000000000000, -1.114860845743448580E-16, 0.000000000000000000 ) ) ;
#5332 = DIRECTION ( 'NONE',  ( 5.089751338750811224E-15, 0.6546536707079775308, 0.7559289460184540621 ) ) ;
#5333 = ORIENTED_EDGE ( 'NONE', *, *, #9408, .T. ) ;
#5334 = EDGE_LOOP ( 'NONE', ( #10562, #10723, #11244, #1260 ) ) ;
#5335 = DIRECTION ( 'NONE',  ( -0.5773502691896253980, 0.5773502691896255090, -0.5773502691896265082 ) ) ;
#5336 = ORIENTED_EDGE ( 'NONE', *, *, #12101, .T. ) ;
#5337 = CARTESIAN_POINT ( 'NONE',  ( -91.34999999999998010, 34.50000000000000000, 5.000000000000000000 ) ) ;
#5338 = ADVANCED_FACE ( 'NONE', ( #4808 ), #916, .F. ) ;
#5339 = FACE_OUTER_BOUND ( 'NONE', #5093, .T. ) ;
#5340 = VERTEX_POINT ( 'NONE', #8435 ) ;
#5341 = DIRECTION ( 'NONE',  ( 0.8660254037844387076, 1.088633767200839799E-16, 0.4999999999999998335 ) ) ;
#5342 = VECTOR ( 'NONE', #7949, 1000.000000000000000 ) ;
#5343 = VECTOR ( 'NONE', #662, 1000.000000000000000 ) ;
#5344 = VECTOR ( 'NONE', #10099, 1000.000000000000000 ) ;
#5345 = DIRECTION ( 'NONE',  ( 1.000000000000000000, 1.257045997084642365E-16, 0.000000000000000000 ) ) ;
#5346 = ORIENTED_EDGE ( 'NONE', *, *, #8304, .F. ) ;
#5347 = ORIENTED_EDGE ( 'NONE', *, *, #7658, .F. ) ;
#5348 = ADVANCED_FACE ( 'NONE', ( #3674 ), #7473, .F. ) ;
#5349 = CARTESIAN_POINT ( 'NONE',  ( 53.00288568297002456, -20.79999999999999005, -16.94986187818956580 ) ) ;
#5350 = DIRECTION ( 'NONE',  ( -0.8660254037844383745, -9.654978140984305281E-17, 0.5000000000000004441 ) ) ;
#5351 = DIRECTION ( 'NONE',  ( 0.000000000000000000, 0.000000000000000000, 1.000000000000000000 ) ) ;
#5352 = FACE_OUTER_BOUND ( 'NONE', #482, .T. ) ;
#5353 = ORIENTED_EDGE ( 'NONE', *, *, #12243, .F. ) ;
#5354 = VECTOR ( 'NONE', #11158, 1000.000000000000000 ) ;
#5355 = VERTEX_POINT ( 'NONE', #1960 ) ;
#5356 = DIRECTION ( 'NONE',  ( 0.8660254037844383745, 9.654978140984304048E-17, -0.5000000000000004441 ) ) ;
#5357 = CARTESIAN_POINT ( 'NONE',  ( 77.80000000000005400, -20.79999999999998650, 26.00000000000000355 ) ) ;
#5358 = LINE ( 'NONE', #5183, #503 ) ;
#5359 = DIRECTION ( 'NONE',  ( -0.8660254037844387076, -9.654978140984307746E-17, 0.4999999999999998335 ) ) ;
#5360 = DIRECTION ( 'NONE',  ( -1.000000000000000000, 0.000000000000000000, 0.000000000000000000 ) ) ;
#5361 = VECTOR ( 'NONE', #3999, 1000.000000000000000 ) ;
#5362 = FACE_BOUND ( 'NONE', #4402, .T. ) ;
#5363 = LINE ( 'NONE', #7351, #6308 ) ;
#5364 = EDGE_CURVE ( 'NONE', #11458, #10715, #6591, .T. ) ;
#5365 = ORIENTED_EDGE ( 'NONE', *, *, #7628, .T. ) ;
#5366 = EDGE_CURVE ( 'NONE', #10287, #2487, #5611, .T. ) ;
#5367 = DIRECTION ( 'NONE',  ( -1.000000000000000000, -1.114860845743448580E-16, 0.000000000000000000 ) ) ;
#5368 = VECTOR ( 'NONE', #3399, 1000.000000000000000 ) ;
#5369 = ORIENTED_EDGE ( 'NONE', *, *, #7327, .T. ) ;
#5370 = EDGE_CURVE ( 'NONE', #3764, #5992, #9439, .T. ) ;
#5371 = EDGE_LOOP ( 'NONE', ( #888, #8506, #6195, #8357 ) ) ;
#5372 = ADVANCED_FACE ( 'NONE', ( #7603 ), #1042, .T. ) ;
#5373 = LINE ( 'NONE', #2358, #5121 ) ;
#5374 = ORIENTED_EDGE ( 'NONE', *, *, #8250, .F. ) ;
#5375 = CARTESIAN_POINT ( 'NONE',  ( 16.69999999999994955, 29.79999999999999361, 15.55662432702593634 ) ) ;
#5376 = CARTESIAN_POINT ( 'NONE',  ( 37.19999999999995310, -21.80000000000001492, 19.88675134594813443 ) ) ;
#5377 = VECTOR ( 'NONE', #1734, 1000.000000000000000 ) ;
#5378 = PLANE ( 'NONE',  #10344 ) ;
#5379 = AXIS2_PLACEMENT_3D ( 'NONE', #5720, #8612, #26 ) ;
#5380 = VECTOR ( 'NONE', #5877, 1000.000000000000000 ) ;
#5381 = EDGE_CURVE ( 'NONE', #10674, #182, #2853, .T. ) ;
#5382 = CARTESIAN_POINT ( 'NONE',  ( 46.31538568297006009, 20.80000000000000426, -28.53295165380643894 ) ) ;
#5383 = ORIENTED_EDGE ( 'NONE', *, *, #12259, .T. ) ;
#5384 = CARTESIAN_POINT ( 'NONE',  ( 40.69999999999998863, 30.80000000000002203, 26.00000000000000355 ) ) ;
#5385 = DIRECTION ( 'NONE',  ( -0.7071067811865432429, 0.000000000000000000, -0.7071067811865517916 ) ) ;
#5386 = DIRECTION ( 'NONE',  ( 0.000000000000000000, 0.000000000000000000, 1.000000000000000000 ) ) ;
#5387 = ORIENTED_EDGE ( 'NONE', *, *, #72, .F. ) ;
#5388 = EDGE_CURVE ( 'NONE', #2919, #11894, #7668, .T. ) ;
#5389 = DIRECTION ( 'NONE',  ( 0.000000000000000000, -0.7071067811865474617, 0.7071067811865474617 ) ) ;
#5390 = FACE_OUTER_BOUND ( 'NONE', #3265, .T. ) ;
#5391 = AXIS2_PLACEMENT_3D ( 'NONE', #544, #484, #2411 ) ;
#5392 = VECTOR ( 'NONE', #999, 1000.000000000000227 ) ;
#5393 = ORIENTED_EDGE ( 'NONE', *, *, #10517, .T. ) ;
#5394 = CARTESIAN_POINT ( 'NONE',  ( -93.34999999999999432, 29.85000000000000142, 1.000000000000000000 ) ) ;
#5395 = LINE ( 'NONE', #11077, #5321 ) ;
#5396 = LINE ( 'NONE', #515, #223 ) ;
#5397 = CARTESIAN_POINT ( 'NONE',  ( -76.80000000000002558, -57.98150098949685116, 12.74999999999999112 ) ) ;
#5398 = EDGE_LOOP ( 'NONE', ( #6919, #8591, #5760, #9059, #10834, #6026 ) ) ;
#5399 = APPROVAL_PERSON_ORGANIZATION ( #9254, #357, #7225 ) ;
#5400 = AXIS2_PLACEMENT_3D ( 'NONE', #5060, #10630, #1981 ) ;
#5401 = VERTEX_POINT ( 'NONE', #5838 ) ;
#5402 = CARTESIAN_POINT ( 'NONE',  ( 77.80000000000005400, 19.80000000000003268, 22.00000000000000355 ) ) ;
#5403 = ORIENTED_EDGE ( 'NONE', *, *, #5573, .F. ) ;
#5404 = DIRECTION ( 'NONE',  ( 0.5773502691896251759, 6.436652093989532334E-17, -0.8164965809277264785 ) ) ;
#5405 = CARTESIAN_POINT ( 'NONE',  ( 19.19999999999995310, 20.80000000000000071, 12.95854811567259546 ) ) ;
#5406 = DIRECTION ( 'NONE',  ( 0.5773502691896310601, 0.5773502691896150729, 0.5773502691896310601 ) ) ;
#5407 = AXIS2_PLACEMENT_3D ( 'NONE', #10047, #7369, #12198 ) ;
#5408 = AXIS2_PLACEMENT_3D ( 'NONE', #153, #7915, #5958 ) ;
#5409 = DIRECTION ( 'NONE',  ( 0.000000000000000000, 0.000000000000000000, -1.000000000000000000 ) ) ;
#5410 = DIRECTION ( 'NONE',  ( 0.7071067811865422437, 8.659560562354868763E-17, -0.7071067811865526798 ) ) ;
#5411 = VERTEX_POINT ( 'NONE', #9744 ) ;
#5412 = EDGE_CURVE ( 'NONE', #10647, #8166, #2209, .T. ) ;
#5413 = ORIENTED_EDGE ( 'NONE', *, *, #9684, .F. ) ;
#5414 = EDGE_CURVE ( 'NONE', #2085, #3589, #9927, .T. ) ;
#5415 = DIRECTION ( 'NONE',  ( -0.5773502691896271743, 0.5773502691896250649, 0.5773502691896250649 ) ) ;
#5416 = AXIS2_PLACEMENT_3D ( 'NONE', #3664, #4741, #11356 ) ;
#5417 = LINE ( 'NONE', #7532, #7124 ) ;
#5418 = EDGE_LOOP ( 'NONE', ( #1517, #3120, #9165, #3191 ) ) ;
#5419 = DIRECTION ( 'NONE',  ( -0.7071067811865475727, -9.199760500100244829E-17, 0.7071067811865475727 ) ) ;
#5420 = ORIENTED_EDGE ( 'NONE', *, *, #7807, .F. ) ;
#5421 = ORIENTED_EDGE ( 'NONE', *, *, #583, .T. ) ;
#5422 = FACE_OUTER_BOUND ( 'NONE', #7245, .T. ) ;
#5423 = CARTESIAN_POINT ( 'NONE',  ( -60.30000000000003268, -23.80000000000002558, 21.24999999999999289 ) ) ;
#5424 = VECTOR ( 'NONE', #5894, 1000.000000000000000 ) ;
#5425 = CARTESIAN_POINT ( 'NONE',  ( 39.69999999999996021, -23.79999999999999005, 15.55662432702593634 ) ) ;
#5426 = AXIS2_PLACEMENT_3D ( 'NONE', #2133, #7659, #6699 ) ;
#5427 = LINE ( 'NONE', #1661, #6071 ) ;
#5428 = DIRECTION ( 'NONE',  ( 0.7071067811865474617, -0.7071067811865474617, -0.000000000000000000 ) ) ;
#5429 = PRODUCT ( '0MB_front_top_slot_tool-box-_v1', '0MB_front_top_slot_tool-box-_v1', '', ( #11118 ) ) ;
#5430 = LINE ( 'NONE', #676, #5007 ) ;
#5431 = EDGE_CURVE ( 'NONE', #7424, #3036, #4230, .T. ) ;
#5432 = APPLICATION_PROTOCOL_DEFINITION ( 'international standard', 'config_control_design', 1994, #743 ) ;
#5433 = CARTESIAN_POINT ( 'NONE',  ( -86.34999999999998010, -24.15000000000000568, 3.000000000000000000 ) ) ;
#5434 = LINE ( 'NONE', #678, #8964 ) ;
#5435 = ORIENTED_EDGE ( 'NONE', *, *, #7894, .F. ) ;
#5436 = CARTESIAN_POINT ( 'NONE',  ( 54.10961431703004365, -20.79999999999999005, 67.03295165380643539 ) ) ;
#5437 = VECTOR ( 'NONE', #5951, 1000.000000000000114 ) ;
#5438 = ORIENTED_EDGE ( 'NONE', *, *, #11259, .T. ) ;
#5439 = VECTOR ( 'NONE', #9274, 1000.000000000000000 ) ;
#5440 = DIRECTION ( 'NONE',  ( -0.8660254037844385966, 0.000000000000000000, -0.5000000000000001110 ) ) ;
#5441 = ORIENTED_EDGE ( 'NONE', *, *, #5039, .T. ) ;
#5442 = CARTESIAN_POINT ( 'NONE',  ( -91.34999999999998010, -32.99999999999997868, 0.4999999999999831246 ) ) ;
#5443 = ORIENTED_EDGE ( 'NONE', *, *, #5527, .F. ) ;
#5444 = CARTESIAN_POINT ( 'NONE',  ( 78.80000000000005400, 8.800000000000007816, 6.999999999999999112 ) ) ;
#5445 = EDGE_CURVE ( 'NONE', #8335, #6881, #10609, .T. ) ;
#5446 = CARTESIAN_POINT ( 'NONE',  ( 67.79711431703000812, -24.79999999999998650, 43.32550622520744099 ) ) ;
#5447 = ADVANCED_FACE ( 'NONE', ( #7982 ), #1334, .F. ) ;
#5448 = CARTESIAN_POINT ( 'NONE',  ( 81.80000000000003979, 30.80000000000002913, 25.00000000000000000 ) ) ;
#5449 = DIRECTION ( 'NONE',  ( -0.7071067811865474617, 0.7071067811865474617, 0.000000000000000000 ) ) ;
#5450 = EDGE_CURVE ( 'NONE', #6331, #7386, #7786, .T. ) ;
#5451 = CARTESIAN_POINT ( 'NONE',  ( 58.50288568297003167, -24.79999999999999005, -7.423582436560750786 ) ) ;
#5452 = DIRECTION ( 'NONE',  ( 1.257045997084642365E-16, -1.000000000000000000, 0.000000000000000000 ) ) ;
#5453 = EDGE_LOOP ( 'NONE', ( #9879, #10359, #3628, #7966 ) ) ;
#5454 = DIRECTION ( 'NONE',  ( 0.000000000000000000, 0.000000000000000000, -1.000000000000000000 ) ) ;
#5455 = EDGE_LOOP ( 'NONE', ( #3561, #9016, #3851, #8269 ) ) ;
#5456 = LINE ( 'NONE', #11134, #9599 ) ;
#5457 = LINE ( 'NONE', #7567, #2529 ) ;
#5458 = ORIENTED_EDGE ( 'NONE', *, *, #5573, .T. ) ;
#5459 = DIRECTION ( 'NONE',  ( 0.000000000000000000, -0.7071067811865481278, -0.7071067811865469066 ) ) ;
#5460 = ADVANCED_FACE ( 'NONE', ( #4974 ), #4548, .T. ) ;
#5461 = DIRECTION ( 'NONE',  ( 0.000000000000000000, 0.000000000000000000, 1.000000000000000000 ) ) ;
#5462 = LINE ( 'NONE', #6502, #10761 ) ;
#5463 = ORIENTED_EDGE ( 'NONE', *, *, #1993, .F. ) ;
#5464 = EDGE_LOOP ( 'NONE', ( #9938, #9095, #6041, #453 ) ) ;
#5465 = LINE ( 'NONE', #5587, #11115 ) ;
#5466 = CARTESIAN_POINT ( 'NONE',  ( 19.19999999999995666, -21.79999999999995808, 19.88675134594813443 ) ) ;
#5467 = ORIENTED_EDGE ( 'NONE', *, *, #5631, .F. ) ;
#5468 = DIRECTION ( 'NONE',  ( -0.3535533905932735643, 0.7071067811865487940, 0.6123724356957933601 ) ) ;
#5469 = LINE ( 'NONE', #9294, #1832 ) ;
#5470 = DIRECTION ( 'NONE',  ( -0.7071067811865549002, 0.7071067811865401342, 0.000000000000000000 ) ) ;
#5471 = EDGE_CURVE ( 'NONE', #287, #1587, #11857, .T. ) ;
#5472 = DIRECTION ( 'NONE',  ( 0.3535533905932751186, 0.7071067811865442421, -0.6123724356957975790 ) ) ;
#5473 = ORIENTED_EDGE ( 'NONE', *, *, #2046, .F. ) ;
#5474 = CARTESIAN_POINT ( 'NONE',  ( 65.50288568297003167, -20.79999999999998650, 4.700773216421403333 ) ) ;
#5475 = DIRECTION ( 'NONE',  ( 0.7071067811865475727, 9.199760500100244829E-17, 0.7071067811865475727 ) ) ;
#5476 = DIRECTION ( 'NONE',  ( 6.730369402342459799E-16, 0.7071067811865472397, -0.7071067811865479058 ) ) ;
#5477 = CARTESIAN_POINT ( 'NONE',  ( 77.80000000000005400, 20.80000000000000426, 22.99999999999997158 ) ) ;
#5478 = ORIENTED_EDGE ( 'NONE', *, *, #7628, .F. ) ;
#5479 = EDGE_CURVE ( 'NONE', #987, #9087, #4613, .T. ) ;
#5480 = ORIENTED_EDGE ( 'NONE', *, *, #9875, .T. ) ;
#5481 = CARTESIAN_POINT ( 'NONE',  ( -47.05000000000003268, -57.98150098949685116, 18.87638837486628418 ) ) ;
#5482 = EDGE_CURVE ( 'NONE', #11408, #2832, #3658, .T. ) ;
#5483 = DIRECTION ( 'NONE',  ( 1.114860845743448580E-16, -1.000000000000000000, 0.000000000000000000 ) ) ;
#5484 = DIRECTION ( 'NONE',  ( 1.000000000000000000, -4.956352788505159323E-16, -0.000000000000000000 ) ) ;
#5485 = FACE_OUTER_BOUND ( 'NONE', #10350, .T. ) ;
#5486 = CARTESIAN_POINT ( 'NONE',  ( 51.19999999999995310, -21.79999999999996163, 21.00000000000003197 ) ) ;
#5487 = AXIS2_PLACEMENT_3D ( 'NONE', #2536, #8937, #10932 ) ;
#5488 = ORIENTED_EDGE ( 'NONE', *, *, #11466, .T. ) ;
#5489 = CALENDAR_DATE ( 2023, 3, 2 ) ;
#5490 = CARTESIAN_POINT ( 'NONE',  ( 81.80000000000005400, 5.160013830360102328E-14, 26.00000000000000355 ) ) ;
#5491 = DIRECTION ( 'NONE',  ( -1.301042606982605321E-16, 1.000000000000000000, -0.000000000000000000 ) ) ;
#5492 = ORIENTED_EDGE ( 'NONE', *, *, #2966, .F. ) ;
#5493 = DIRECTION ( 'NONE',  ( 0.7071067811865474617, -0.7071067811865474617, -0.000000000000000000 ) ) ;
#5494 = DIRECTION ( 'NONE',  ( -3.469446951953611724E-16, 1.000000000000000000, 0.000000000000000000 ) ) ;
#5495 = VERTEX_POINT ( 'NONE', #12344 ) ;
#5496 = FACE_BOUND ( 'NONE', #7939, .T. ) ;
#5497 = EDGE_LOOP ( 'NONE', ( #7059, #11076, #8929, #1728 ) ) ;
#5498 = DIRECTION ( 'NONE',  ( -0.7071067811865451302, -0.7071067811865500152, 0.000000000000000000 ) ) ;
#5499 = VECTOR ( 'NONE', #2728, 1000.000000000000000 ) ;
#5500 = ORIENTED_EDGE ( 'NONE', *, *, #10866, .T. ) ;
#5501 = LINE ( 'NONE', #6356, #540 ) ;
#5502 = EDGE_CURVE ( 'NONE', #2931, #8185, #3724, .T. ) ;
#5503 = LINE ( 'NONE', #11255, #1535 ) ;
#5504 = CARTESIAN_POINT ( 'NONE',  ( -67.44711431702998539, 30.80000000000001137, 52.59197804570091250 ) ) ;
#5505 = CARTESIAN_POINT ( 'NONE',  ( 78.80000000000005400, 8.800000000000007816, 13.99999999999998934 ) ) ;
#5506 = FACE_OUTER_BOUND ( 'NONE', #10065, .T. ) ;
#5507 = DIRECTION ( 'NONE',  ( 1.000000000000000000, 1.114860845743448580E-16, -1.051347561198065328E-16 ) ) ;
#5508 = CARTESIAN_POINT ( 'NONE',  ( -1.300000000000037126, -57.98150098949683695, 18.44337567297407077 ) ) ;
#5509 = ORIENTED_EDGE ( 'NONE', *, *, #4424, .T. ) ;
#5510 = ADVANCED_FACE ( 'NONE', ( #9486 ), #11219, .F. ) ;
#5511 = DIRECTION ( 'NONE',  ( -0.6785983445458497743, -0.6785983445458497743, 0.2810846377148069064 ) ) ;
#5512 = ORIENTED_EDGE ( 'NONE', *, *, #11620, .T. ) ;
#5513 = EDGE_CURVE ( 'NONE', #11106, #6630, #19, .T. ) ;
#5514 = VECTOR ( 'NONE', #6089, 1000.000000000000114 ) ;
#5515 = DIRECTION ( 'NONE',  ( 0.000000000000000000, 0.000000000000000000, -1.000000000000000000 ) ) ;
#5516 = DIRECTION ( 'NONE',  ( 6.308085367188384325E-16, 1.000000000000000000, 0.000000000000000000 ) ) ;
#5517 = CARTESIAN_POINT ( 'NONE',  ( -93.34999999999999432, -29.85000000000000142, 1.000000000000000000 ) ) ;
#5518 = VECTOR ( 'NONE', #4448, 1000.000000000000000 ) ;
#5519 = ORIENTED_EDGE ( 'NONE', *, *, #8430, .T. ) ;
#5520 = VERTEX_POINT ( 'NONE', #9607 ) ;
#5521 = DIRECTION ( 'NONE',  ( 0.000000000000000000, 0.7071067811865482389, -0.7071067811865469066 ) ) ;
#5522 = EDGE_LOOP ( 'NONE', ( #2740, #4737, #8262, #3552 ) ) ;
#5523 = EDGE_CURVE ( 'NONE', #3193, #3644, #3847, .T. ) ;
#5524 = DIRECTION ( 'NONE',  ( 0.000000000000000000, 0.000000000000000000, 1.000000000000000000 ) ) ;
#5525 = CARTESIAN_POINT ( 'NONE',  ( 37.19999999999996021, -20.79999999999999005, 21.04145188432741165 ) ) ;
#5526 = VECTOR ( 'NONE', #1233, 1000.000000000000114 ) ;
#5527 = EDGE_CURVE ( 'NONE', #11252, #531, #2650, .T. ) ;
#5528 = DIRECTION ( 'NONE',  ( 0.6546536707079764206, -0.6546536707079775308, -0.3779644730092279192 ) ) ;
#5529 = EDGE_CURVE ( 'NONE', #12217, #6700, #1253, .T. ) ;
#5530 = FACE_OUTER_BOUND ( 'NONE', #10236, .T. ) ;
#5531 = DIRECTION ( 'NONE',  ( 1.301042606982605321E-16, -1.000000000000000000, 0.000000000000000000 ) ) ;
#5532 = DIRECTION ( 'NONE',  ( 0.000000000000000000, 0.000000000000000000, 1.000000000000000000 ) ) ;
#5533 = ORIENTED_EDGE ( 'NONE', *, *, #11550, .T. ) ;
#5534 = VERTEX_POINT ( 'NONE', #6113 ) ;
#5535 = CARTESIAN_POINT ( 'NONE',  ( -61.30000000000000426, -21.79999999999997229, 12.74999999999998934 ) ) ;
#5536 = DIRECTION ( 'NONE',  ( 0.000000000000000000, 0.000000000000000000, -1.000000000000000000 ) ) ;
#5537 = VECTOR ( 'NONE', #687, 1000.000000000000000 ) ;
#5538 = ADVANCED_FACE ( 'NONE', ( #9391 ), #12315, .F. ) ;
#5539 = LINE ( 'NONE', #2719, #11944 ) ;
#5540 = VECTOR ( 'NONE', #10336, 1000.000000000000000 ) ;
#5541 = CARTESIAN_POINT ( 'NONE',  ( 19.19999999999995310, -24.79999999999999361, 18.73205080756886787 ) ) ;
#5542 = DIRECTION ( 'NONE',  ( 0.8660254037844385966, 0.000000000000000000, 0.4999999999999999445 ) ) ;
#5543 = DIRECTION ( 'NONE',  ( 0.8660254037844388186, 9.654978140984311444E-17, 0.4999999999999996114 ) ) ;
#5544 = DIRECTION ( 'NONE',  ( -1.301042606982605321E-16, 1.000000000000000000, 0.000000000000000000 ) ) ;
#5545 = LINE ( 'NONE', #12359, #10401 ) ;
#5546 = CIRCLE ( 'NONE', #11137, 2.200000000000007283 ) ;
#5547 = VECTOR ( 'NONE', #9655, 999.9999999999998863 ) ;
#5548 = CARTESIAN_POINT ( 'NONE',  ( -27.30000000000004334, 21.79999999999999361, 15.12361162513371227 ) ) ;
#5549 = PLANE ( 'NONE',  #8417 ) ;
#5550 = VERTEX_POINT ( 'NONE', #4709 ) ;
#5551 = DATE_AND_TIME ( #5489, #11188 ) ;
#5552 = DIRECTION ( 'NONE',  ( 0.3535533905932737864, 0.7071067811865473507, -0.6123724356957946924 ) ) ;
#5553 = FACE_OUTER_BOUND ( 'NONE', #6179, .T. ) ;
#5554 = ADVANCED_FACE ( 'NONE', ( #6360 ), #8384, .F. ) ;
#5555 = ORIENTED_EDGE ( 'NONE', *, *, #2295, .T. ) ;
#5556 = CARTESIAN_POINT ( 'NONE',  ( 51.19999999999995310, -24.79999999999999005, 21.00000000000003197 ) ) ;
#5557 = CARTESIAN_POINT ( 'NONE',  ( 81.80000000000005400, 8.800000000000009592, 13.99999999999998934 ) ) ;
#5558 = LINE ( 'NONE', #4641, #12368 ) ;
#5559 = VECTOR ( 'NONE', #1779, 1000.000000000000114 ) ;
#5560 = AXIS2_PLACEMENT_3D ( 'NONE', #1115, #6727, #245 ) ;
#5561 = ORIENTED_EDGE ( 'NONE', *, *, #2361, .F. ) ;
#5562 = ORIENTED_EDGE ( 'NONE', *, *, #5684, .F. ) ;
#5563 = VECTOR ( 'NONE', #4241, 999.9999999999998863 ) ;
#5564 = ORIENTED_EDGE ( 'NONE', *, *, #11853, .T. ) ;
#5565 = LINE ( 'NONE', #8507, #5911 ) ;
#5566 = DIRECTION ( 'NONE',  ( -0.7071067811865499042, 0.7071067811865451302, 0.000000000000000000 ) ) ;
#5567 = FACE_OUTER_BOUND ( 'NONE', #10809, .T. ) ;
#5568 = CARTESIAN_POINT ( 'NONE',  ( -75.80000000000005400, -24.80000000000000426, 20.25000000000001776 ) ) ;
#5569 = PLANE ( 'NONE',  #9755 ) ;
#5570 = CARTESIAN_POINT ( 'NONE',  ( -21.80000000000002913, -24.79999999999999716, 18.29903810567665090 ) ) ;
#5571 = VECTOR ( 'NONE', #5940, 1000.000000000000114 ) ;
#5572 = VECTOR ( 'NONE', #2408, 1000.000000000000114 ) ;
#5573 = EDGE_CURVE ( 'NONE', #3288, #10677, #6612, .T. ) ;
#5574 = ORIENTED_EDGE ( 'NONE', *, *, #3982, .T. ) ;
#5575 = LINE ( 'NONE', #9398, #11215 ) ;
#5576 = EDGE_CURVE ( 'NONE', #6985, #4973, #5689, .T. ) ;
#5577 = DIRECTION ( 'NONE',  ( 0.7071067811865414665, 0.7071067811865536790, 0.000000000000000000 ) ) ;
#5578 = ORIENTED_EDGE ( 'NONE', *, *, #6291, .T. ) ;
#5579 = VECTOR ( 'NONE', #9241, 1000.000000000000114 ) ;
#5580 = LINE ( 'NONE', #2691, #728 ) ;
#5581 = PLANE ( 'NONE',  #6565 ) ;
#5582 = VERTEX_POINT ( 'NONE', #12194 ) ;
#5583 = AXIS2_PLACEMENT_3D ( 'NONE', #9407, #7450, #11272 ) ;
#5584 = DIRECTION ( 'NONE',  ( -0.000000000000000000, -0.000000000000000000, 1.000000000000000000 ) ) ;
#5585 = CARTESIAN_POINT ( 'NONE',  ( 69.79711431703000812, 20.80000000000000426, 39.86140461006967683 ) ) ;
#5586 = EDGE_LOOP ( 'NONE', ( #189, #8229, #5270, #11628, #9225, #11548 ) ) ;
#5587 = CARTESIAN_POINT ( 'NONE',  ( 84.33950428677972866, 21.85189711728871842, 23.46049571322032889 ) ) ;
#5588 = AXIS2_PLACEMENT_3D ( 'NONE', #2017, #142, #8549 ) ;
#5589 = ORIENTED_EDGE ( 'NONE', *, *, #6539, .F. ) ;
#5590 = VECTOR ( 'NONE', #8128, 1000.000000000000000 ) ;
#5591 = CARTESIAN_POINT ( 'NONE',  ( -19.80000000000002558, -20.79999999999999716, 14.54626135594409142 ) ) ;
#5592 = LINE ( 'NONE', #12223, #3436 ) ;
#5593 = PLANE ( 'NONE',  #9142 ) ;
#5594 = CONICAL_SURFACE ( 'NONE', #12377, 1.700000000000021050, 0.7853981633974399523 ) ;
#5595 = VECTOR ( 'NONE', #492, 1000.000000000000000 ) ;
#5596 = EDGE_CURVE ( 'NONE', #9351, #6999, #10205, .T. ) ;
#5597 = ADVANCED_FACE ( 'NONE', ( #11257 ), #8635, .F. ) ;
#5598 = LINE ( 'NONE', #4676, #7607 ) ;
#5599 = ORIENTED_EDGE ( 'NONE', *, *, #10853, .T. ) ;
#5600 = ORIENTED_EDGE ( 'NONE', *, *, #3924, .T. ) ;
#5601 = LINE ( 'NONE', #2959, #8179 ) ;
#5602 = ADVANCED_FACE ( 'NONE', ( #11506 ), #2926, .F. ) ;
#5603 = CARTESIAN_POINT ( 'NONE',  ( 21.69999999999996732, -57.98150098949683695, 15.55662432702593811 ) ) ;
#5604 = DIRECTION ( 'NONE',  ( 0.5773502691896260641, 0.5773502691896260641, 0.5773502691896250649 ) ) ;
#5605 = EDGE_LOOP ( 'NONE', ( #4892, #6538, #1800, #3521, #5295, #6598, #2788, #5561 ) ) ;
#5606 = AXIS2_PLACEMENT_3D ( 'NONE', #9183, #8238, #12055 ) ;
#5607 = ORIENTED_EDGE ( 'NONE', *, *, #7569, .F. ) ;
#5608 = DIRECTION ( 'NONE',  ( -8.920979878885067069E-16, 0.7071067811865466846, -0.7071067811865483499 ) ) ;
#5609 = EDGE_LOOP ( 'NONE', ( #3490, #5807, #5473, #6165 ) ) ;
#5610 = FACE_OUTER_BOUND ( 'NONE', #4761, .T. ) ;
#5611 = LINE ( 'NONE', #1722, #9312 ) ;
#5612 = DIRECTION ( 'NONE',  ( 0.8660254037844383745, 9.654978140984305281E-17, -0.5000000000000003331 ) ) ;
#5613 = LINE ( 'NONE', #5149, #9471 ) ;
#5614 = FACE_OUTER_BOUND ( 'NONE', #1937, .T. ) ;
#5615 = EDGE_CURVE ( 'NONE', #6167, #2219, #4937, .T. ) ;
#5616 = VECTOR ( 'NONE', #4843, 1000.000000000000000 ) ;
#5617 = VECTOR ( 'NONE', #2965, 1000.000000000000114 ) ;
#5618 = LINE ( 'NONE', #10371, #614 ) ;
#5619 = ORIENTED_EDGE ( 'NONE', *, *, #8101, .T. ) ;
#5620 = EDGE_CURVE ( 'NONE', #2360, #6999, #1060, .T. ) ;
#5621 = CARTESIAN_POINT ( 'NONE',  ( 1.199999999999958211, -21.79999999999995808, 14.11324865405187090 ) ) ;
#5622 = ORIENTED_EDGE ( 'NONE', *, *, #8746, .F. ) ;
#5623 = LINE ( 'NONE', #1668, #2729 ) ;
#5624 = VECTOR ( 'NONE', #4614, 1000.000000000000000 ) ;
#5625 = EDGE_LOOP ( 'NONE', ( #5004, #2653, #2403, #6124 ) ) ;
#5626 = ORIENTED_EDGE ( 'NONE', *, *, #1780, .T. ) ;
#5627 = AXIS2_PLACEMENT_3D ( 'NONE', #6188, #10042, #4931 ) ;
#5628 = ORIENTED_EDGE ( 'NONE', *, *, #5680, .T. ) ;
#5629 = DIRECTION ( 'NONE',  ( -1.301042606982605321E-16, 1.000000000000000000, -0.000000000000000000 ) ) ;
#5630 = PLANE ( 'NONE',  #10531 ) ;
#5631 = EDGE_CURVE ( 'NONE', #2548, #9177, #4883, .T. ) ;
#5632 = CARTESIAN_POINT ( 'NONE',  ( 52.19999999999992468, 21.79999999999997584, 10.00000000000000355 ) ) ;
#5633 = VECTOR ( 'NONE', #9970, 1000.000000000000114 ) ;
#5634 = LINE ( 'NONE', #10512, #1600 ) ;
#5635 = ORIENTED_EDGE ( 'NONE', *, *, #10238, .F. ) ;
#5636 = FACE_OUTER_BOUND ( 'NONE', #11615, .T. ) ;
#5637 = VERTEX_POINT ( 'NONE', #3998 ) ;
#5638 = PLANE ( 'NONE',  #528 ) ;
#5639 = LINE ( 'NONE', #6680, #7764 ) ;
#5640 = ORIENTED_EDGE ( 'NONE', *, *, #3000, .T. ) ;
#5641 = DIRECTION ( 'NONE',  ( 0.000000000000000000, 0.000000000000000000, -1.000000000000000000 ) ) ;
#5642 = ADVANCED_FACE ( 'NONE', ( #7804 ), #3046, .F. ) ;
#5643 = FACE_OUTER_BOUND ( 'NONE', #5645, .T. ) ;
#5644 = EDGE_CURVE ( 'NONE', #4600, #7972, #5914, .T. ) ;
#5645 = EDGE_LOOP ( 'NONE', ( #309, #8169, #10078, #4417 ) ) ;
#5646 = ORIENTED_EDGE ( 'NONE', *, *, #10995, .F. ) ;
#5647 = LINE ( 'NONE', #10408, #10345 ) ;
#5648 = AXIS2_PLACEMENT_3D ( 'NONE', #5971, #5850, #6973 ) ;
#5649 = ORIENTED_EDGE ( 'NONE', *, *, #8030, .T. ) ;
#5650 = CARTESIAN_POINT ( 'NONE',  ( -82.80000000000003979, 21.21421356237303257, 25.00000000000000000 ) ) ;
#5651 = LINE ( 'NONE', #5711, #3027 ) ;
#5652 = LINE ( 'NONE', #904, #10453 ) ;
#5653 = EDGE_CURVE ( 'NONE', #9359, #3127, #4996, .T. ) ;
#5654 = DIRECTION ( 'NONE',  ( -0.8660254037844387076, -9.654978140984308979E-17, -0.4999999999999998335 ) ) ;
#5655 = FACE_OUTER_BOUND ( 'NONE', #7758, .T. ) ;
#5656 = VERTEX_POINT ( 'NONE', #10751 ) ;
#5657 = VECTOR ( 'NONE', #7449, 1000.000000000000000 ) ;
#5658 = LINE ( 'NONE', #4739, #9573 ) ;
#5659 = FACE_OUTER_BOUND ( 'NONE', #1437, .T. ) ;
#5660 = DIRECTION ( 'NONE',  ( 0.000000000000000000, 0.000000000000000000, 1.000000000000000000 ) ) ;
#5661 = DIRECTION ( 'NONE',  ( -0.7071067811865474617, -7.883256641045617917E-17, 0.7071067811865474617 ) ) ;
#5662 = DIRECTION ( 'NONE',  ( -0.6546536707079746442, -0.6546536707079747552, 0.3779644730092356353 ) ) ;
#5663 = ADVANCED_FACE ( 'NONE', ( #11935 ), #6097, .T. ) ;
#5664 = ADVANCED_FACE ( 'NONE', ( #4315 ), #3157, .F. ) ;
#5665 = AXIS2_PLACEMENT_3D ( 'NONE', #1641, #5468, #2460 ) ;
#5666 = DIRECTION ( 'NONE',  ( 0.000000000000000000, 0.000000000000000000, -1.000000000000000000 ) ) ;
#5667 = EDGE_CURVE ( 'NONE', #5830, #8146, #11879, .T. ) ;
#5668 = DIRECTION ( 'NONE',  ( 0.000000000000000000, 0.000000000000000000, -1.000000000000000000 ) ) ;
#5669 = LINE ( 'NONE', #7540, #4407 ) ;
#5670 = CARTESIAN_POINT ( 'NONE',  ( -47.05000000000003979, 29.79999999999997939, 18.87638837486628418 ) ) ;
#5671 = CARTESIAN_POINT ( 'NONE',  ( 19.19999999999994955, 29.79999999999999361, 14.11324865405187090 ) ) ;
#5672 = LINE ( 'NONE', #4691, #3003 ) ;
#5673 = EDGE_LOOP ( 'NONE', ( #1921, #9166, #12030, #1137 ) ) ;
#5674 = CARTESIAN_POINT ( 'NONE',  ( -24.05000000000005045, 30.80000000000001492, 12.09252271188813843 ) ) ;
#5675 = VECTOR ( 'NONE', #9664, 1000.000000000000000 ) ;
#5676 = VERTEX_POINT ( 'NONE', #4376 ) ;
#5677 = DIRECTION ( 'NONE',  ( 0.7071067811865474617, 0.7071067811865474617, 0.000000000000000000 ) ) ;
#5678 = PLANE ( 'NONE',  #6557 ) ;
#5679 = EDGE_LOOP ( 'NONE', ( #559, #2184, #8023, #8722, #7477, #6438 ) ) ;
#5680 = EDGE_CURVE ( 'NONE', #2297, #10287, #1543, .T. ) ;
#5681 = VERTEX_POINT ( 'NONE', #10819 ) ;
#5682 = ORIENTED_EDGE ( 'NONE', *, *, #6648, .F. ) ;
#5683 = LINE ( 'NONE', #2741, #2934 ) ;
#5684 = EDGE_CURVE ( 'NONE', #6086, #3772, #3898, .T. ) ;
#5685 = LINE ( 'NONE', #11317, #5392 ) ;
#5686 = EDGE_CURVE ( 'NONE', #5042, #5774, #11592, .T. ) ;
#5687 = PLANE ( 'NONE',  #545 ) ;
#5688 = FACE_OUTER_BOUND ( 'NONE', #12306, .T. ) ;
#5689 = LINE ( 'NONE', #3501, #7745 ) ;
#5690 = FACE_OUTER_BOUND ( 'NONE', #6444, .T. ) ;
#5691 = CARTESIAN_POINT ( 'NONE',  ( -40.55000000000001847, -21.80000000000000071, 18.87638837486628063 ) ) ;
#5692 = ORIENTED_EDGE ( 'NONE', *, *, #9752, .F. ) ;
#5693 = DIRECTION ( 'NONE',  ( 0.000000000000000000, 0.7071067811865291430, -0.7071067811865658914 ) ) ;
#5694 = ORIENTED_EDGE ( 'NONE', *, *, #7991, .F. ) ;
#5695 = ORIENTED_EDGE ( 'NONE', *, *, #4807, .T. ) ;
#5696 = ADVANCED_FACE ( 'NONE', ( #5087 ), #3146, .F. ) ;
#5697 = CARTESIAN_POINT ( 'NONE',  ( 77.80000000000005400, -24.79999999999998650, 26.00000000000000355 ) ) ;
#5698 = DIRECTION ( 'NONE',  ( 0.8660254037844383745, 9.654978140984304048E-17, -0.5000000000000004441 ) ) ;
#5699 = ORIENTED_EDGE ( 'NONE', *, *, #3971, .F. ) ;
#5700 = DIRECTION ( 'NONE',  ( -0.7071067811865482389, -0.7071067811865469066, -5.311484201212957593E-17 ) ) ;
#5701 = ORIENTED_EDGE ( 'NONE', *, *, #2698, .T. ) ;
#5702 = EDGE_LOOP ( 'NONE', ( #9922, #9629, #7048, #7130 ) ) ;
#5703 = VECTOR ( 'NONE', #7849, 1000.000000000000114 ) ;
#5704 = FACE_OUTER_BOUND ( 'NONE', #538, .T. ) ;
#5705 = FACE_OUTER_BOUND ( 'NONE', #3949, .T. ) ;
#5706 = EDGE_LOOP ( 'NONE', ( #4452, #124, #11847, #10637 ) ) ;
#5707 = ADVANCED_FACE ( 'NONE', ( #9731 ), #337, .F. ) ;
#5708 = ADVANCED_FACE ( 'NONE', ( #7009 ), #3017, .T. ) ;
#5710 = AXIS2_PLACEMENT_3D ( 'NONE', #3672, #1848, #7472 ) ;
#5709 = FACE_OUTER_BOUND ( 'NONE', #8326, .T. ) ;
#5711 = CARTESIAN_POINT ( 'NONE',  ( 78.80000000000002558, 9.800000000000004263, 14.99999999999999289 ) ) ;
#5712 = DIRECTION ( 'NONE',  ( -1.000000000000000000, -4.956352788505159323E-16, 0.000000000000000000 ) ) ;
#5713 = DIRECTION ( 'NONE',  ( -0.7071067811865394681, -0.5000000000000062172, -0.5000000000000051070 ) ) ;
#5714 = LINE ( 'NONE', #2840, #10474 ) ;
#5715 = CARTESIAN_POINT ( 'NONE',  ( 1.973077533125654925, -23.52692246687426803, 16.55366347814543460 ) ) ;
#5716 = EDGE_CURVE ( 'NONE', #10054, #5550, #4158, .T. ) ;
#5717 = EDGE_LOOP ( 'NONE', ( #10383, #10321, #2957, #1792 ) ) ;
#5718 = FACE_OUTER_BOUND ( 'NONE', #11802, .T. ) ;
#5719 = CARTESIAN_POINT ( 'NONE',  ( -58.49999999999742073, -58.50000000000066791, 3.000000000000000000 ) ) ;
#5720 = CARTESIAN_POINT ( 'NONE',  ( 77.80000000000005400, 20.80000000000000426, 9.000000000000028422 ) ) ;
#5721 = AXIS2_PLACEMENT_3D ( 'NONE', #8241, #4638, #10315 ) ;
#5722 = EDGE_CURVE ( 'NONE', #2919, #11082, #3217, .T. ) ;
#5723 = FACE_OUTER_BOUND ( 'NONE', #4514, .T. ) ;
#5724 = AXIS2_PLACEMENT_3D ( 'NONE', #4602, #5335, #8410 ) ;
#5725 = VECTOR ( 'NONE', #10892, 1000.000000000000000 ) ;
#5726 = LINE ( 'NONE', #6588, #2048 ) ;
#5727 = VERTEX_POINT ( 'NONE', #5030 ) ;
#5728 = DIRECTION ( 'NONE',  ( 0.5773502691896258421, 0.5773502691896258421, 0.5773502691896258421 ) ) ;
#5729 = PLANE ( 'NONE',  #634 ) ;
#5730 = CARTESIAN_POINT ( 'NONE',  ( 45.62788568297000324, 20.80000000000000426, -29.72373658401009067 ) ) ;
#5731 = EDGE_CURVE ( 'NONE', #2297, #3223, #2065, .T. ) ;
#5732 = EDGE_LOOP ( 'NONE', ( #8925, #3625, #4508, #4201 ) ) ;
#5733 = LINE ( 'NONE', #810, #2838 ) ;
#5734 = VERTEX_POINT ( 'NONE', #210 ) ;
#5735 = CARTESIAN_POINT ( 'NONE',  ( -2.300000000000052225, 20.79999999999999716, 25.99999999999999645 ) ) ;
#5736 = FACE_OUTER_BOUND ( 'NONE', #2110, .T. ) ;
#5737 = EDGE_LOOP ( 'NONE', ( #8985, #4322, #4205, #6287 ) ) ;
#5738 = ORIENTED_EDGE ( 'NONE', *, *, #3793, .F. ) ;
#5739 = VERTEX_POINT ( 'NONE', #3079 ) ;
#5740 = DIRECTION ( 'NONE',  ( -0.000000000000000000, 0.000000000000000000, 1.000000000000000000 ) ) ;
#5741 = CARTESIAN_POINT ( 'NONE',  ( -76.80000000000002558, -57.98150098949685116, 21.24999999999999289 ) ) ;
#5742 = LINE ( 'NONE', #10326, #3251 ) ;
#5743 = EDGE_CURVE ( 'NONE', #9244, #9140, #277, .T. ) ;
#5744 = EDGE_CURVE ( 'NONE', #3811, #11145, #8969, .T. ) ;
#5745 = CARTESIAN_POINT ( 'NONE',  ( 93.35000000000000853, 33.00000000000000000, 0.4999999999999831246 ) ) ;
#5746 = ORIENTED_EDGE ( 'NONE', *, *, #5193, .T. ) ;
#5747 = EDGE_CURVE ( 'NONE', #9814, #8863, #7900, .T. ) ;
#5748 = DIRECTION ( 'NONE',  ( 0.7071067811865574537, 8.888657488019681712E-17, -0.7071067811865376918 ) ) ;
#5749 = ORIENTED_EDGE ( 'NONE', *, *, #3060, .F. ) ;
#5750 = CARTESIAN_POINT ( 'NONE',  ( 39.69999999999995310, 29.79999999999999361, 15.55662432702593811 ) ) ;
#5751 = FACE_OUTER_BOUND ( 'NONE', #582, .T. ) ;
#5752 = EDGE_LOOP ( 'NONE', ( #5815, #1914, #7380, #6431 ) ) ;
#5753 = DIRECTION ( 'NONE',  ( -0.3535533905932795595, 0.7071067811865368036, -0.6123724356958036852 ) ) ;
#5754 = DIRECTION ( 'NONE',  ( -7.883256641045621615E-17, 0.7071067811865476838, -0.7071067811865474617 ) ) ;
#5755 = LINE ( 'NONE', #2829, #16 ) ;
#5756 = CARTESIAN_POINT ( 'NONE',  ( -91.34999999999998010, -32.99999999999997868, 4.500000000000018652 ) ) ;
#5757 = EDGE_CURVE ( 'NONE', #7863, #7146, #6314, .T. ) ;
#5758 = VERTEX_POINT ( 'NONE', #12086 ) ;
#5759 = AXIS2_PLACEMENT_3D ( 'NONE', #11507, #2870, #6846 ) ;
#5760 = ORIENTED_EDGE ( 'NONE', *, *, #656, .T. ) ;
#5761 = DIRECTION ( 'NONE',  ( 0.7071067811865482389, -0.000000000000000000, 0.7071067811865469066 ) ) ;
#5762 = ADVANCED_FACE ( 'NONE', ( #580 ), #12027, .F. ) ;
#5763 = CARTESIAN_POINT ( 'NONE',  ( -56.80000000000002558, 56.80000000000002558, 6.000000000000000000 ) ) ;
#5764 = ORIENTED_EDGE ( 'NONE', *, *, #5722, .T. ) ;
#5765 = VECTOR ( 'NONE', #8015, 1000.000000000000000 ) ;
#5766 = CARTESIAN_POINT ( 'NONE',  ( 76.80000000000008242, 20.80000000000000426, 10.00000000000000178 ) ) ;
#5767 = DIRECTION ( 'NONE',  ( -0.6785983445458475538, -0.6785983445458475538, -0.2810846377148174535 ) ) ;
#5768 = CARTESIAN_POINT ( 'NONE',  ( 2.706168622523822617E-15, -7.800000000000015810, 6.000000000000000000 ) ) ;
#5769 = CARTESIAN_POINT ( 'NONE',  ( 91.34999999999998010, 35.00000000000000711, 0.4999999999999831246 ) ) ;
#5770 = EDGE_CURVE ( 'NONE', #5340, #10216, #3518, .T. ) ;
#5771 = FACE_OUTER_BOUND ( 'NONE', #9612, .T. ) ;
#5772 = VECTOR ( 'NONE', #1322, 1000.000000000000114 ) ;
#5773 = ORIENTED_EDGE ( 'NONE', *, *, #1393, .F. ) ;
#5774 = VERTEX_POINT ( 'NONE', #2450 ) ;
#5775 = DIRECTION ( 'NONE',  ( 0.6546536707079742001, -0.6546536707079808615, -0.3779644730092259208 ) ) ;
#5776 = PLANE ( 'NONE',  #2301 ) ;
#5777 = VECTOR ( 'NONE', #10924, 1000.000000000000000 ) ;
#5778 = AXIS2_PLACEMENT_3D ( 'NONE', #5865, #9776, #5011 ) ;
#5779 = VECTOR ( 'NONE', #9558, 1000.000000000000000 ) ;
#5780 = EDGE_CURVE ( 'NONE', #6540, #1627, #1566, .T. ) ;
#5781 = CARTESIAN_POINT ( 'NONE',  ( 91.05000000000001137, -27.00000000000000355, 3.000000000000000000 ) ) ;
#5782 = CARTESIAN_POINT ( 'NONE',  ( 33.69999999999993179, -20.79999999999999005, 26.00000000000000355 ) ) ;
#5783 = ADVANCED_FACE ( 'NONE', ( #1502 ), #9152, .F. ) ;
#5784 = EDGE_CURVE ( 'NONE', #4382, #10646, #10700, .T. ) ;
#5785 = DIRECTION ( 'NONE',  ( -0.8660254037844387076, -9.654978140984308979E-17, -0.4999999999999998335 ) ) ;
#5786 = ORIENTED_EDGE ( 'NONE', *, *, #3765, .F. ) ;
#5787 = VECTOR ( 'NONE', #4375, 1000.000000000000114 ) ;
#5788 = EDGE_LOOP ( 'NONE', ( #2929, #10194, #3824, #12203 ) ) ;
#5789 = DIRECTION ( 'NONE',  ( 0.7071067811865414665, 0.7071067811865536790, 0.000000000000000000 ) ) ;
#5790 = EDGE_LOOP ( 'NONE', ( #7360, #3056, #4264, #6810 ) ) ;
#5791 = ORIENTED_EDGE ( 'NONE', *, *, #8192, .F. ) ;
#5792 = ORIENTED_EDGE ( 'NONE', *, *, #1847, .F. ) ;
#5793 = CARTESIAN_POINT ( 'NONE',  ( 4.699999999999953992, 20.80000000000000071, 26.00000000000000355 ) ) ;
#5794 = CIRCLE ( 'NONE', #11795, 2.200000000000035261 ) ;
#5795 = DIRECTION ( 'NONE',  ( 1.000000000000000000, 1.114860845743448580E-16, -1.304303365396091250E-16 ) ) ;
#5796 = AXIS2_PLACEMENT_3D ( 'NONE', #2465, #7211, #417 ) ;
#5797 = CARTESIAN_POINT ( 'NONE',  ( 51.19999999999995310, 21.79999999999998295, 21.00000000000003197 ) ) ;
#5798 = CARTESIAN_POINT ( 'NONE',  ( -20.80000000000002203, -57.98150098949684406, 15.12361162513371404 ) ) ;
#5799 = EDGE_CURVE ( 'NONE', #10308, #5495, #5129, .T. ) ;
#5800 = DIRECTION ( 'NONE',  ( 1.301042606982605321E-16, -1.000000000000000000, 0.000000000000000000 ) ) ;
#5801 = DIRECTION ( 'NONE',  ( 0.5773502691896252870, -0.5773502691896252870, -0.5773502691896268413 ) ) ;
#5802 = DIRECTION ( 'NONE',  ( -1.301042606982605321E-16, 1.000000000000000000, 0.000000000000000000 ) ) ;
#5803 = DIRECTION ( 'NONE',  ( -0.000000000000000000, -0.000000000000000000, -1.000000000000000000 ) ) ;
#5804 = ORIENTED_EDGE ( 'NONE', *, *, #478, .F. ) ;
#5805 = DIRECTION ( 'NONE',  ( 5.065170283538004256E-15, 0.6546536707079766426, -0.7559289460184548393 ) ) ;
#5806 = VECTOR ( 'NONE', #10192, 1000.000000000000114 ) ;
#5807 = ORIENTED_EDGE ( 'NONE', *, *, #5289, .T. ) ;
#5808 = ADVANCED_FACE ( 'NONE', ( #11754 ), #3194, .F. ) ;
#5809 = VERTEX_POINT ( 'NONE', #6988 ) ;
#5810 = EDGE_CURVE ( 'NONE', #2667, #3001, #4946, .T. ) ;
#5811 = CARTESIAN_POINT ( 'NONE',  ( 89.34999999999998010, 27.00000000000000355, 5.000000000000000000 ) ) ;
#5812 = EDGE_CURVE ( 'NONE', #2632, #3209, #5008, .T. ) ;
#5813 = VECTOR ( 'NONE', #6676, 1000.000000000000000 ) ;
#5814 = CARTESIAN_POINT ( 'NONE',  ( 1.199999999999962652, -24.79999999999999361, 18.73205080756887853 ) ) ;
#5815 = ORIENTED_EDGE ( 'NONE', *, *, #4218, .T. ) ;
#5816 = ORIENTED_EDGE ( 'NONE', *, *, #9590, .T. ) ;
#5817 = FACE_OUTER_BOUND ( 'NONE', #5788, .T. ) ;
#5818 = DIRECTION ( 'NONE',  ( -0.5773502691896256200, -0.5773502691896268413, 0.5773502691896248429 ) ) ;
#5819 = VERTEX_POINT ( 'NONE', #5863 ) ;
#5820 = LINE ( 'NONE', #7703, #2661 ) ;
#5821 = DIRECTION ( 'NONE',  ( -0.000000000000000000, -0.7071067811865467956, -0.7071067811865483499 ) ) ;
#5822 = ADVANCED_FACE ( 'NONE', ( #8823 ), #11889, .F. ) ;
#5823 = LINE ( 'NONE', #3012, #3859 ) ;
#5824 = EDGE_CURVE ( 'NONE', #6764, #11585, #6855, .T. ) ;
#5825 = LINE ( 'NONE', #7839, #8587 ) ;
#5826 = CARTESIAN_POINT ( 'NONE',  ( -77.80000000000006821, 30.80000000000000782, 20.25000000000004619 ) ) ;
#5827 = CARTESIAN_POINT ( 'NONE',  ( -1.300000000000037126, -57.98150098949683695, 18.44337567297407077 ) ) ;
#5828 = CARTESIAN_POINT ( 'NONE',  ( -92.84999999999999432, 24.15000000000000568, 1.000000000000000000 ) ) ;
#5829 = ORIENTED_EDGE ( 'NONE', *, *, #6884, .T. ) ;
#5830 = VERTEX_POINT ( 'NONE', #7878 ) ;
#5831 = LINE ( 'NONE', #3903, #978 ) ;
#5832 = LINE ( 'NONE', #8727, #11599 ) ;
#5833 = CONICAL_SURFACE ( 'NONE', #9462, 2.200000000000007283, 0.7853981633974407295 ) ;
#5834 = CARTESIAN_POINT ( 'NONE',  ( 16.69999999999995666, -21.79999999999996518, 15.55662432702593634 ) ) ;
#5835 = PLANE ( 'NONE',  #65 ) ;
#5836 = ORIENTED_EDGE ( 'NONE', *, *, #4755, .F. ) ;
#5837 = LINE ( 'NONE', #3798, #3024 ) ;
#5838 = CARTESIAN_POINT ( 'NONE',  ( 17.69999999999997442, -24.79999999999999361, 17.86602540378444104 ) ) ;
#5839 = DIRECTION ( 'NONE',  ( 1.000000000000000000, 0.000000000000000000, 0.000000000000000000 ) ) ;
#5840 = CARTESIAN_POINT ( 'NONE',  ( 91.05000000000001137, 27.00000000000000355, 5.000000000000000000 ) ) ;
#5841 = VERTEX_POINT ( 'NONE', #11692 ) ;
#5842 = VECTOR ( 'NONE', #5543, 1000.000000000000114 ) ;
#5843 = LINE ( 'NONE', #95, #5226 ) ;
#5844 = PLANE ( 'NONE',  #3527 ) ;
#5845 = ORIENTED_EDGE ( 'NONE', *, *, #10644, .F. ) ;
#5846 = VECTOR ( 'NONE', #7763, 1000.000000000000114 ) ;
#5847 = EDGE_LOOP ( 'NONE', ( #5212, #11731, #2739, #3536 ) ) ;
#5848 = ORIENTED_EDGE ( 'NONE', *, *, #3924, .F. ) ;
#5849 = DIRECTION ( 'NONE',  ( 0.000000000000000000, 1.000000000000000000, -1.696954250811116188E-32 ) ) ;
#5850 = DIRECTION ( 'NONE',  ( 0.000000000000000000, -0.000000000000000000, 1.000000000000000000 ) ) ;
#5851 = CARTESIAN_POINT ( 'NONE',  ( -63.94711431702998539, 30.80000000000001137, 58.65415587219197846 ) ) ;
#5852 = CARTESIAN_POINT ( 'NONE',  ( 89.34999999999998010, 27.00000000000000355, 3.000000000000000000 ) ) ;
#5853 = DIRECTION ( 'NONE',  ( 0.000000000000000000, 0.000000000000000000, -1.000000000000000000 ) ) ;
#5854 = CARTESIAN_POINT ( 'NONE',  ( -61.30000000000006821, 29.79999999999998295, 12.74999999999998934 ) ) ;
#5855 = VERTEX_POINT ( 'NONE', #8309 ) ;
#5856 = EDGE_LOOP ( 'NONE', ( #251, #9262, #12236, #9090 ) ) ;
#5857 = ORIENTED_EDGE ( 'NONE', *, *, #7926, .F. ) ;
#5858 = ORIENTED_EDGE ( 'NONE', *, *, #5770, .T. ) ;
#5859 = ORIENTED_EDGE ( 'NONE', *, *, #3549, .T. ) ;
#5860 = CARTESIAN_POINT ( 'NONE',  ( -81.80000000000005400, -8.800000000000009592, 6.999999999999999112 ) ) ;
#5861 = ADVANCED_FACE ( 'NONE', ( #625 ), #4323, .F. ) ;
#5862 = ORIENTED_EDGE ( 'NONE', *, *, #410, .F. ) ;
#5863 = CARTESIAN_POINT ( 'NONE',  ( 51.19999999999995310, -23.80000000000001847, 21.00000000000003197 ) ) ;
#5864 = ORIENTED_EDGE ( 'NONE', *, *, #6992, .F. ) ;
#5865 = CARTESIAN_POINT ( 'NONE',  ( 20.69999999999993889, -24.79999999999999361, 26.00000000000000355 ) ) ;
#5866 = DIRECTION ( 'NONE',  ( 0.000000000000000000, 0.000000000000000000, -1.000000000000000000 ) ) ;
#5867 = ORIENTED_EDGE ( 'NONE', *, *, #787, .T. ) ;
#5868 = ADVANCED_FACE ( 'NONE', ( #8126 ), #12067, .F. ) ;
#5869 = ORIENTED_EDGE ( 'NONE', *, *, #2682, .F. ) ;
#5870 = EDGE_CURVE ( 'NONE', #8882, #4890, #564, .T. ) ;
#5871 = CARTESIAN_POINT ( 'NONE',  ( 78.80000000000005400, 8.800000000000007816, 26.00000000000000355 ) ) ;
#5872 = ORIENTED_EDGE ( 'NONE', *, *, #4487, .F. ) ;
#5873 = ORIENTED_EDGE ( 'NONE', *, *, #9869, .T. ) ;
#5874 = DIRECTION ( 'NONE',  ( 1.114860845743448580E-16, -1.000000000000000000, 0.000000000000000000 ) ) ;
#5875 = EDGE_LOOP ( 'NONE', ( #11231, #8596, #6390, #3690 ) ) ;
#5876 = CARTESIAN_POINT ( 'NONE',  ( -75.80000000000005400, -57.98150098949685116, 21.24999999999999289 ) ) ;
#5877 = DIRECTION ( 'NONE',  ( 0.000000000000000000, 0.000000000000000000, -1.000000000000000000 ) ) ;
#5878 = DIRECTION ( 'NONE',  ( 0.4999999999999998335, 6.505213034913022906E-17, -0.8660254037844387076 ) ) ;
#5879 = ORIENTED_EDGE ( 'NONE', *, *, #3624, .F. ) ;
#5880 = DIRECTION ( 'NONE',  ( 0.7071067811865475727, -0.7071067811865475727, 0.000000000000000000 ) ) ;
#5881 = ORIENTED_EDGE ( 'NONE', *, *, #3463, .T. ) ;
#5882 = FACE_BOUND ( 'NONE', #10804, .T. ) ;
#5883 = ADVANCED_FACE ( 'NONE', ( #7168 ), #6170, .F. ) ;
#5884 = DIRECTION ( 'NONE',  ( 0.8660254037844388186, 9.654978140984310211E-17, 0.4999999999999996669 ) ) ;
#5885 = CARTESIAN_POINT ( 'NONE',  ( 89.34999999999998010, 27.00000000000000355, 0.5000000000000004441 ) ) ;
#5886 = DIRECTION ( 'NONE',  ( 0.7071067811865671127, -0.7071067811865279218, -0.000000000000000000 ) ) ;
#5887 = EDGE_CURVE ( 'NONE', #2120, #12041, #9129, .T. ) ;
#5888 = CARTESIAN_POINT ( 'NONE',  ( 15.69999999999998508, -20.79999999999999361, 19.02072594216367918 ) ) ;
#5889 = DIRECTION ( 'NONE',  ( 1.000000000000000000, 1.114860845743448580E-16, 0.000000000000000000 ) ) ;
#5890 = VECTOR ( 'NONE', #8236, 999.9999999999998863 ) ;
#5891 = AXIS2_PLACEMENT_3D ( 'NONE', #7407, #11230, #5542 ) ;
#5892 = DIRECTION ( 'NONE',  ( -1.000000000000000000, 0.000000000000000000, 0.000000000000000000 ) ) ;
#5893 = EDGE_LOOP ( 'NONE', ( #10889, #10431, #2004, #11044 ) ) ;
#5894 = DIRECTION ( 'NONE',  ( -4.460489939442532549E-16, -0.7071067811865466846, -0.7071067811865483499 ) ) ;
#5896 = AXIS2_PLACEMENT_3D ( 'NONE', #11964, #7251, #12144 ) ;
#5895 = CARTESIAN_POINT ( 'NONE',  ( 76.80000000000008242, 29.80000000000004334, 10.00000000000000000 ) ) ;
#5897 = PLANE ( 'NONE',  #11797 ) ;
#5898 = ORIENTED_EDGE ( 'NONE', *, *, #5757, .T. ) ;
#5899 = VECTOR ( 'NONE', #11133, 1000.000000000000000 ) ;
#5900 = VERTEX_POINT ( 'NONE', #8247 ) ;
#5901 = CARTESIAN_POINT ( 'NONE',  ( -20.80000000000002203, -57.98150098949684406, 18.87638837486628063 ) ) ;
#5902 = EDGE_CURVE ( 'NONE', #1627, #8228, #11063, .T. ) ;
#5903 = FACE_OUTER_BOUND ( 'NONE', #6148, .T. ) ;
#5904 = AXIS2_PLACEMENT_3D ( 'NONE', #9973, #4749, #8554 ) ;
#5905 = ORIENTED_EDGE ( 'NONE', *, *, #9029, .T. ) ;
#5906 = ORIENTED_EDGE ( 'NONE', *, *, #1623, .F. ) ;
#5907 = ORIENTED_EDGE ( 'NONE', *, *, #4254, .T. ) ;
#5908 = AXIS2_PLACEMENT_3D ( 'NONE', #9450, #8565, #10378 ) ;
#5909 = LINE ( 'NONE', #4930, #133 ) ;
#5910 = DIRECTION ( 'NONE',  ( -0.3535533905932721210, 0.7071067811865501263, -0.6123724356957925830 ) ) ;
#5911 = VECTOR ( 'NONE', #3565, 1000.000000000000000 ) ;
#5912 = PLANE ( 'NONE',  #10472 ) ;
#5913 = CARTESIAN_POINT ( 'NONE',  ( 21.69999999999996732, -57.98150098949683695, 18.44337567297406721 ) ) ;
#5914 = LINE ( 'NONE', #7624, #2142 ) ;
#5915 = CARTESIAN_POINT ( 'NONE',  ( -24.05000000000003268, -21.80000000000000782, 20.75277674973256836 ) ) ;
#5916 = LINE ( 'NONE', #9697, #7385 ) ;
#5917 = EDGE_CURVE ( 'NONE', #9140, #5727, #4578, .T. ) ;
#5918 = DIRECTION ( 'NONE',  ( 0.000000000000000000, 0.000000000000000000, 1.000000000000000000 ) ) ;
#5919 = DIRECTION ( 'NONE',  ( -0.7071067811865500152, -0.7071067811865450192, 0.000000000000000000 ) ) ;
#5920 = VERTEX_POINT ( 'NONE', #4389 ) ;
#5921 = ORIENTED_EDGE ( 'NONE', *, *, #9435, .F. ) ;
#5922 = CARTESIAN_POINT ( 'NONE',  ( 76.80000000000008242, 21.79999999999997939, 22.00000000000000355 ) ) ;
#5923 = VECTOR ( 'NONE', #10418, 1000.000000000000000 ) ;
#5924 = FACE_OUTER_BOUND ( 'NONE', #6435, .T. ) ;
#5925 = EDGE_LOOP ( 'NONE', ( #6219, #4179, #8817, #11512 ) ) ;
#5926 = CARTESIAN_POINT ( 'NONE',  ( 78.80000000000003979, 30.80000000000002913, 21.00000000000002842 ) ) ;
#5927 = VECTOR ( 'NONE', #4140, 1000.000000000000114 ) ;
#5928 = CARTESIAN_POINT ( 'NONE',  ( 0.000000000000000000, 20.79999999999994387, 26.00000000000000355 ) ) ;
#5929 = ADVANCED_FACE ( 'NONE', ( #3375 ), #9071, .T. ) ;
#5930 = ORIENTED_EDGE ( 'NONE', *, *, #9821, .F. ) ;
#5931 = ORIENTED_EDGE ( 'NONE', *, *, #3367, .F. ) ;
#5932 = PLANE ( 'NONE',  #5379 ) ;
#5933 = ORIENTED_EDGE ( 'NONE', *, *, #312, .T. ) ;
#5934 = CARTESIAN_POINT ( 'NONE',  ( -76.80000000000002558, -23.80000000000002558, 20.25000000000001776 ) ) ;
#5935 = VERTEX_POINT ( 'NONE', #6354 ) ;
#5936 = AXIS2_PLACEMENT_3D ( 'NONE', #1808, #7298, #12195 ) ;
#5937 = VERTEX_POINT ( 'NONE', #685 ) ;
#5938 = PLANE ( 'NONE',  #11917 ) ;
#5939 = PLANE ( 'NONE',  #10775 ) ;
#5940 = DIRECTION ( 'NONE',  ( -0.7071067811865474617, 0.7071067811865474617, -0.000000000000000000 ) ) ;
#5941 = EDGE_CURVE ( 'NONE', #5064, #9081, #11185, .T. ) ;
#5942 = ORIENTED_EDGE ( 'NONE', *, *, #9737, .T. ) ;
#5943 = LINE ( 'NONE', #1035, #7619 ) ;
#5944 = ORIENTED_EDGE ( 'NONE', *, *, #8320, .T. ) ;
#5945 = DIRECTION ( 'NONE',  ( -0.8660254037844384856, -1.088633767200839429E-16, 0.5000000000000002220 ) ) ;
#5946 = DIRECTION ( 'NONE',  ( 0.7071067811865474617, 7.883256641045619150E-17, 0.7071067811865474617 ) ) ;
#5947 = LINE ( 'NONE', #11718, #11807 ) ;
#5948 = ORIENTED_EDGE ( 'NONE', *, *, #971, .F. ) ;
#5949 = VECTOR ( 'NONE', #10719, 1000.000000000000000 ) ;
#5950 = ORIENTED_EDGE ( 'NONE', *, *, #7440, .T. ) ;
#5951 = DIRECTION ( 'NONE',  ( 0.7071067811865474617, 7.883256641045617917E-17, 0.7071067811865474617 ) ) ;
#5952 = VERTEX_POINT ( 'NONE', #1546 ) ;
#5953 = ADVANCED_FACE ( 'NONE', ( #1671 ), #11517, .T. ) ;
#5954 = CARTESIAN_POINT ( 'NONE',  ( -15.21346123343734291, -3.536538766562877800, 33.50444585207462467 ) ) ;
#5955 = VECTOR ( 'NONE', #7483, 1000.000000000000000 ) ;
#5956 = VECTOR ( 'NONE', #9270, 1000.000000000000114 ) ;
#5957 = EDGE_CURVE ( 'NONE', #10677, #9784, #5373, .T. ) ;
#5958 = DIRECTION ( 'NONE',  ( -0.7071067811865783259, 0.000000000000000000, -0.7071067811865168196 ) ) ;
#5959 = ORIENTED_EDGE ( 'NONE', *, *, #2491, .T. ) ;
#5960 = ORIENTED_EDGE ( 'NONE', *, *, #9438, .T. ) ;
#5961 = DIRECTION ( 'NONE',  ( -0.8660254037844383745, -9.654978140984305281E-17, -0.5000000000000004441 ) ) ;
#5962 = CARTESIAN_POINT ( 'NONE',  ( 78.80000000000005400, 8.800000000000007816, 6.999999999999999112 ) ) ;
#5963 = VECTOR ( 'NONE', #6370, 1000.000000000000114 ) ;
#5964 = ORIENTED_EDGE ( 'NONE', *, *, #12106, .F. ) ;
#5965 = AXIS2_PLACEMENT_3D ( 'NONE', #8828, #3946, #1252 ) ;
#5966 = VECTOR ( 'NONE', #1226, 1000.000000000000114 ) ;
#5967 = ORIENTED_EDGE ( 'NONE', *, *, #7445, .T. ) ;
#5968 = EDGE_CURVE ( 'NONE', #9892, #1588, #2619, .T. ) ;
#5969 = EDGE_LOOP ( 'NONE', ( #281, #7734, #9023, #9075 ) ) ;
#5970 = PLANE ( 'NONE',  #7107 ) ;
#5971 = CARTESIAN_POINT ( 'NONE',  ( 89.34999999999998010, -27.00000000000000355, 1.000000000000000000 ) ) ;
#5972 = CARTESIAN_POINT ( 'NONE',  ( -75.80000000000006821, 30.80000000000000782, 22.24999999999993605 ) ) ;
#5973 = CARTESIAN_POINT ( 'NONE',  ( -92.84999999999999432, -29.85000000000000142, 1.000000000000000000 ) ) ;
#5974 = EDGE_CURVE ( 'NONE', #3285, #8882, #9322, .T. ) ;
#5975 = VECTOR ( 'NONE', #3129, 1000.000000000000000 ) ;
#5976 = CARTESIAN_POINT ( 'NONE',  ( 22.69999999999997797, 20.80000000000000071, 26.00000000000000355 ) ) ;
#5977 = DIRECTION ( 'NONE',  ( -0.8660254037844385966, -9.654978140984307746E-17, -0.5000000000000001110 ) ) ;
#5978 = ORIENTED_EDGE ( 'NONE', *, *, #11891, .F. ) ;
#5979 = CARTESIAN_POINT ( 'NONE',  ( 16.69999999999996021, -57.98150098949683695, 18.44337567297407077 ) ) ;
#5980 = VERTEX_POINT ( 'NONE', #1426 ) ;
#5981 = ORIENTED_EDGE ( 'NONE', *, *, #1912, .T. ) ;
#5982 = DIRECTION ( 'NONE',  ( -0.000000000000000000, 0.000000000000000000, 1.000000000000000000 ) ) ;
#5983 = ORIENTED_EDGE ( 'NONE', *, *, #7295, .F. ) ;
#5984 = VECTOR ( 'NONE', #10019, 1000.000000000000000 ) ;
#5985 = ORIENTED_EDGE ( 'NONE', *, *, #4326, .F. ) ;
#5986 = FACE_OUTER_BOUND ( 'NONE', #10635, .T. ) ;
#5987 = DIRECTION ( 'NONE',  ( 8.920979878885065097E-16, -0.7071067811865466846, 0.7071067811865483499 ) ) ;
#5988 = ORIENTED_EDGE ( 'NONE', *, *, #2208, .F. ) ;
#5989 = VECTOR ( 'NONE', #3802, 1000.000000000000000 ) ;
#5990 = ORIENTED_EDGE ( 'NONE', *, *, #10571, .F. ) ;
#5991 = CARTESIAN_POINT ( 'NONE',  ( -76.80000000000003979, 29.79999999999997939, 12.74999999999999112 ) ) ;
#5992 = VERTEX_POINT ( 'NONE', #502 ) ;
#5993 = ORIENTED_EDGE ( 'NONE', *, *, #2320, .T. ) ;
#5994 = PLANE ( 'NONE',  #10390 ) ;
#5995 = LINE ( 'NONE', #9854, #5675 ) ;
#5996 = DIRECTION ( 'NONE',  ( -0.7071067811865415775, 8.659560562354860135E-17, 0.7071067811865535679 ) ) ;
#5997 = ADVANCED_FACE ( 'NONE', ( #9702 ), #1123, .F. ) ;
#5998 = VERTEX_POINT ( 'NONE', #9522 ) ;
#5999 = EDGE_CURVE ( 'NONE', #5819, #8244, #947, .T. ) ;
#6000 = VECTOR ( 'NONE', #7342, 1000.000000000000000 ) ;
#6001 = CARTESIAN_POINT ( 'NONE',  ( 34.69999999999996021, -57.98150098949683695, 18.44337567297407077 ) ) ;
#6002 = VECTOR ( 'NONE', #5032, 1000.000000000000000 ) ;
#6003 = DIRECTION ( 'NONE',  ( -0.8660254037844387076, -9.654978140984308979E-17, -0.4999999999999998335 ) ) ;
#6004 = DIRECTION ( 'NONE',  ( 0.000000000000000000, -1.000000000000000000, 0.000000000000000000 ) ) ;
#6005 = CARTESIAN_POINT ( 'NONE',  ( 1.199999999999962652, -57.98150098949683695, 19.88675134594813443 ) ) ;
#6006 = DIRECTION ( 'NONE',  ( -0.7071067811865512365, 0.7071067811865439090, 0.000000000000000000 ) ) ;
#6007 = VERTEX_POINT ( 'NONE', #7747 ) ;
#6008 = CARTESIAN_POINT ( 'NONE',  ( -89.34999999999998010, 27.00000000000000355, 5.000000000000000000 ) ) ;
#6009 = ORIENTED_EDGE ( 'NONE', *, *, #8657, .T. ) ;
#6010 = LINE ( 'NONE', #3283, #2127 ) ;
#6011 = VERTEX_POINT ( 'NONE', #10578 ) ;
#6012 = LINE ( 'NONE', #7388, #11575 ) ;
#6013 = AXIS2_PLACEMENT_3D ( 'NONE', #8086, #2260, #5507 ) ;
#6014 = EDGE_LOOP ( 'NONE', ( #10706, #8711, #4678, #2416 ) ) ;
#6015 = ORIENTED_EDGE ( 'NONE', *, *, #12036, .T. ) ;
#6016 = ADVANCED_FACE ( 'NONE', ( #1068 ), #7814, .F. ) ;
#6017 = CARTESIAN_POINT ( 'NONE',  ( -76.80000000000003979, -24.80000000000000426, 13.74999999999996447 ) ) ;
#6018 = DIRECTION ( 'NONE',  ( 2.465190328815662439E-32, 0.7071067811865465735, -0.7071067811865483499 ) ) ;
#6019 = CARTESIAN_POINT ( 'NONE',  ( -92.84999999999999432, -32.99999999999997868, 5.000000000000000000 ) ) ;
#6020 = ORIENTED_EDGE ( 'NONE', *, *, #3594, .T. ) ;
#6021 = ORIENTED_EDGE ( 'NONE', *, *, #3700, .T. ) ;
#6022 = APPROVAL_ROLE ( '' ) ;
#6023 = ADVANCED_FACE ( 'NONE', ( #12321 ), #6849, .T. ) ;
#6024 = EDGE_CURVE ( 'NONE', #2282, #5774, #5224, .T. ) ;
#6025 = CARTESIAN_POINT ( 'NONE',  ( 83.80000000000005400, -9.799999999999990052, 6.000000000000000000 ) ) ;
#6026 = ORIENTED_EDGE ( 'NONE', *, *, #8092, .T. ) ;
#6027 = ADVANCED_FACE ( 'NONE', ( #9042 ), #12103, .F. ) ;
#6028 = ORIENTED_EDGE ( 'NONE', *, *, #3410, .F. ) ;
#6029 = EDGE_LOOP ( 'NONE', ( #356, #9801, #3437, #5126, #4915, #10301, #5944, #2044, #3222, #11123, #9756, #8993, #4960, #7711 ) ) ;
#6030 = DIRECTION ( 'NONE',  ( 0.7071067811865500152, 0.7071067811865451302, 0.000000000000000000 ) ) ;
#6031 = FACE_BOUND ( 'NONE', #1347, .T. ) ;
#6032 = FACE_OUTER_BOUND ( 'NONE', #7288, .T. ) ;
#6033 = PLANE ( 'NONE',  #6858 ) ;
#6034 = PLANE ( 'NONE',  #11179 ) ;
#6035 = CARTESIAN_POINT ( 'NONE',  ( 51.19999999999995310, -23.80000000000002203, 10.99999999999997868 ) ) ;
#6036 = AXIS2_PLACEMENT_3D ( 'NONE', #3609, #31, #5608 ) ;
#6037 = LINE ( 'NONE', #9698, #6584 ) ;
#6038 = EDGE_CURVE ( 'NONE', #1987, #2763, #7401, .T. ) ;
#6039 = ORIENTED_EDGE ( 'NONE', *, *, #8497, .F. ) ;
#6040 = LINE ( 'NONE', #8120, #1713 ) ;
#6041 = ORIENTED_EDGE ( 'NONE', *, *, #1701, .F. ) ;
#6042 = LINE ( 'NONE', #6104, #9531 ) ;
#6043 = ADVANCED_FACE ( 'NONE', ( #2717 ), #1777, .F. ) ;
#6044 = DIRECTION ( 'NONE',  ( 0.000000000000000000, 0.000000000000000000, -1.000000000000000000 ) ) ;
#6045 = ORIENTED_EDGE ( 'NONE', *, *, #6625, .F. ) ;
#6046 = DIRECTION ( 'NONE',  ( -1.000000000000000000, 0.000000000000000000, 0.000000000000000000 ) ) ;
#6047 = DIRECTION ( 'NONE',  ( 1.000000000000000000, -4.956352788505159323E-16, 0.000000000000000000 ) ) ;
#6048 = DIRECTION ( 'NONE',  ( -0.000000000000000000, -1.000000000000000000, -0.000000000000000000 ) ) ;
#6049 = ORIENTED_EDGE ( 'NONE', *, *, #1929, .F. ) ;
#6050 = EDGE_CURVE ( 'NONE', #10842, #3668, #4726, .T. ) ;
#6051 = ORIENTED_EDGE ( 'NONE', *, *, #2532, .F. ) ;
#6052 = CARTESIAN_POINT ( 'NONE',  ( -40.55000000000001847, 21.79999999999995808, 18.87638837486628063 ) ) ;
#6053 = ORIENTED_EDGE ( 'NONE', *, *, #3769, .T. ) ;
#6054 = ORIENTED_EDGE ( 'NONE', *, *, #922, .F. ) ;
#6055 = LINE ( 'NONE', #1378, #11385 ) ;
#6056 = ORIENTED_EDGE ( 'NONE', *, *, #2062, .F. ) ;
#6057 = DIRECTION ( 'NONE',  ( -1.000000000000000000, -1.257045997084642365E-16, 1.304303365396091250E-16 ) ) ;
#6058 = LINE ( 'NONE', #11537, #9589 ) ;
#6059 = LINE ( 'NONE', #7065, #2425 ) ;
#6060 = DIRECTION ( 'NONE',  ( 0.8660254037844383745, 9.654978140984305281E-17, 0.5000000000000003331 ) ) ;
#6061 = CARTESIAN_POINT ( 'NONE',  ( 77.80000000000005400, -20.79999999999998650, 22.24999999999996447 ) ) ;
#6062 = ORIENTED_EDGE ( 'NONE', *, *, #8536, .T. ) ;
#6063 = DIRECTION ( 'NONE',  ( -0.3535533905932749521, -0.7071067811865457964, -0.6123724356957959136 ) ) ;
#6064 = ORIENTED_EDGE ( 'NONE', *, *, #10904, .T. ) ;
#6065 = EDGE_CURVE ( 'NONE', #5495, #8686, #1830, .T. ) ;
#6066 = EDGE_CURVE ( 'NONE', #5637, #11106, #2510, .T. ) ;
#6067 = ORIENTED_EDGE ( 'NONE', *, *, #6408, .T. ) ;
#6068 = LINE ( 'NONE', #9921, #6150 ) ;
#6069 = EDGE_LOOP ( 'NONE', ( #10650, #9613, #10440, #11175 ) ) ;
#6070 = VERTEX_POINT ( 'NONE', #4480 ) ;
#6071 = VECTOR ( 'NONE', #804, 1000.000000000000000 ) ;
#6072 = DIRECTION ( 'NONE',  ( 0.8660254037844387076, 9.654978140984307746E-17, -0.4999999999999998335 ) ) ;
#6073 = LINE ( 'NONE', #10058, #10860 ) ;
#6074 = ORIENTED_EDGE ( 'NONE', *, *, #10396, .T. ) ;
#6075 = CIRCLE ( 'NONE', #2904, 2.000000000000015543 ) ;
#6076 = CARTESIAN_POINT ( 'NONE',  ( 1.199999999999959099, -23.79999999999997229, 19.88675134594813443 ) ) ;
#6077 = VECTOR ( 'NONE', #7865, 1000.000000000000000 ) ;
#6078 = VERTEX_POINT ( 'NONE', #3069 ) ;
#6079 = ORIENTED_EDGE ( 'NONE', *, *, #5450, .F. ) ;
#6080 = EDGE_CURVE ( 'NONE', #3764, #9359, #197, .T. ) ;
#6081 = CARTESIAN_POINT ( 'NONE',  ( -77.80000000000005400, 20.79999999999999005, 26.00000000000000355 ) ) ;
#6082 = VECTOR ( 'NONE', #2900, 1000.000000000000000 ) ;
#6083 = ORIENTED_EDGE ( 'NONE', *, *, #10801, .F. ) ;
#6084 = PLANE ( 'NONE',  #3926 ) ;
#6085 = CARTESIAN_POINT ( 'NONE',  ( -20.80000000000002558, -21.80000000000000071, 18.87638837486628063 ) ) ;
#6086 = VERTEX_POINT ( 'NONE', #4020 ) ;
#6087 = EDGE_LOOP ( 'NONE', ( #5346, #8500, #8546, #10161 ) ) ;
#6088 = ORIENTED_EDGE ( 'NONE', *, *, #9319, .F. ) ;
#6089 = DIRECTION ( 'NONE',  ( -0.6546536707079817496, 0.6546536707079703143, 0.3779644730092309168 ) ) ;
#6090 = CARTESIAN_POINT ( 'NONE',  ( 51.19999999999995310, 21.79999999999998295, 21.00000000000003197 ) ) ;
#6091 = CARTESIAN_POINT ( 'NONE',  ( 69.79711431702999391, -20.79999999999998650, 39.86140461006970526 ) ) ;
#6092 = CARTESIAN_POINT ( 'NONE',  ( 7.216449660063501736E-15, -20.79999999999997229, 26.00000000000000355 ) ) ;
#6093 = FACE_OUTER_BOUND ( 'NONE', #7836, .T. ) ;
#6094 = VECTOR ( 'NONE', #6984, 1000.000000000000000 ) ;
#6095 = DIRECTION ( 'NONE',  ( 0.000000000000000000, 0.000000000000000000, 1.000000000000000000 ) ) ;
#6096 = ADVANCED_FACE ( 'NONE', ( #5705 ), #11470, .F. ) ;
#6097 = PLANE ( 'NONE',  #1156 ) ;
#6098 = FACE_OUTER_BOUND ( 'NONE', #3136, .T. ) ;
#6099 = CARTESIAN_POINT ( 'NONE',  ( 81.80000000000005400, -30.80000000000000782, 25.00000000000000000 ) ) ;
#6100 = VECTOR ( 'NONE', #7237, 1000.000000000000000 ) ;
#6101 = EDGE_LOOP ( 'NONE', ( #6286, #897, #6834, #6734 ) ) ;
#6102 = CARTESIAN_POINT ( 'NONE',  ( -61.30000000000000426, -23.80000000000002913, 21.24999999999999289 ) ) ;
#6103 = ORIENTED_EDGE ( 'NONE', *, *, #2479, .T. ) ;
#6104 = CARTESIAN_POINT ( 'NONE',  ( 81.80000000000005400, -8.799999999999988276, 26.00000000000000355 ) ) ;
#6105 = VECTOR ( 'NONE', #3807, 1000.000000000000000 ) ;
#6106 = EDGE_LOOP ( 'NONE', ( #12046, #10925, #7470, #8744 ) ) ;
#6107 = CARTESIAN_POINT ( 'NONE',  ( -89.34999999999998010, -27.00000000000000355, 5.000000000000000000 ) ) ;
#6108 = DIRECTION ( 'NONE',  ( -0.7071067811865474617, 0.000000000000000000, -0.7071067811865474617 ) ) ;
#6109 = ORIENTED_EDGE ( 'NONE', *, *, #11485, .F. ) ;
#6110 = VECTOR ( 'NONE', #8381, 1000.000000000000000 ) ;
#6111 = EDGE_CURVE ( 'NONE', #12100, #2605, #10591, .T. ) ;
#6112 = EDGE_CURVE ( 'NONE', #2481, #1775, #7701, .T. ) ;
#6113 = CARTESIAN_POINT ( 'NONE',  ( 52.19999999999991758, 21.79999999999997584, 22.00000000000000711 ) ) ;
#6114 = CARTESIAN_POINT ( 'NONE',  ( 42.42692246687420266, 19.07307753312572984, 20.01776509328315257 ) ) ;
#6115 = LINE ( 'NONE', #9015, #7590 ) ;
#6116 = EDGE_CURVE ( 'NONE', #1796, #4022, #964, .T. ) ;
#6117 = VECTOR ( 'NONE', #9899, 999.9999999999998863 ) ;
#6118 = VERTEX_POINT ( 'NONE', #10530 ) ;
#6119 = VERTEX_POINT ( 'NONE', #5016 ) ;
#6120 = LINE ( 'NONE', #2442, #10922 ) ;
#6121 = ORIENTED_EDGE ( 'NONE', *, *, #6307, .F. ) ;
#6122 = ORIENTED_EDGE ( 'NONE', *, *, #771, .F. ) ;
#6123 = LINE ( 'NONE', #2499, #8268 ) ;
#6124 = ORIENTED_EDGE ( 'NONE', *, *, #3865, .F. ) ;
#6125 = FACE_OUTER_BOUND ( 'NONE', #1085, .T. ) ;
#6126 = ADVANCED_FACE ( 'NONE', ( #4786 ), #8594, .F. ) ;
#6127 = DIRECTION ( 'NONE',  ( 1.000000000000000000, -0.000000000000000000, -0.000000000000000000 ) ) ;
#6128 = CARTESIAN_POINT ( 'NONE',  ( -91.04999999999999716, -27.00000000000000355, 4.499999999999968914 ) ) ;
#6129 = DIRECTION ( 'NONE',  ( -1.000000000000000000, 0.000000000000000000, 0.000000000000000000 ) ) ;
#6130 = EDGE_CURVE ( 'NONE', #474, #5734, #10, .T. ) ;
#6131 = ORIENTED_EDGE ( 'NONE', *, *, #3793, .T. ) ;
#6132 = LINE ( 'NONE', #1386, #1213 ) ;
#6133 = ORIENTED_EDGE ( 'NONE', *, *, #3516, .F. ) ;
#6134 = ORIENTED_EDGE ( 'NONE', *, *, #11898, .F. ) ;
#6135 = AXIS2_PLACEMENT_3D ( 'NONE', #3459, #3059, #5071 ) ;
#6136 = CARTESIAN_POINT ( 'NONE',  ( -82.80000000000002558, -30.80000000000002913, 26.00000000000000355 ) ) ;
#6137 = ORIENTED_EDGE ( 'NONE', *, *, #2295, .F. ) ;
#6138 = FACE_OUTER_BOUND ( 'NONE', #6465, .T. ) ;
#6139 = DIRECTION ( 'NONE',  ( -0.7071067811865537900, -4.460489939442578894E-16, -0.7071067811865412445 ) ) ;
#6140 = EDGE_CURVE ( 'NONE', #5355, #1201, #4901, .T. ) ;
#6141 = CARTESIAN_POINT ( 'NONE',  ( 82.80000000000005400, -8.799999999999988276, 6.999999999999999112 ) ) ;
#6142 = LINE ( 'NONE', #11038, #437 ) ;
#6143 = VERTEX_POINT ( 'NONE', #73 ) ;
#6144 = ORIENTED_EDGE ( 'NONE', *, *, #11750, .F. ) ;
#6145 = CARTESIAN_POINT ( 'NONE',  ( -77.80000000000005400, 20.79999999999999005, 26.00000000000000355 ) ) ;
#6146 = LINE ( 'NONE', #3170, #5563 ) ;
#6147 = VERTEX_POINT ( 'NONE', #11582 ) ;
#6148 = EDGE_LOOP ( 'NONE', ( #9318, #11525, #7857, #9687 ) ) ;
#6149 = ORIENTED_EDGE ( 'NONE', *, *, #8016, .F. ) ;
#6150 = VECTOR ( 'NONE', #5159, 1000.000000000000000 ) ;
#6151 = EDGE_CURVE ( 'NONE', #2382, #3395, #2946, .T. ) ;
#6152 = ORIENTED_EDGE ( 'NONE', *, *, #6742, .F. ) ;
#6153 = LINE ( 'NONE', #3359, #10908 ) ;
#6154 = CARTESIAN_POINT ( 'NONE',  ( -25.46593467598288285, 23.63406532401716476, 16.18250973366640366 ) ) ;
#6155 = ADVANCED_FACE ( 'NONE', ( #9660 ), #9020, .T. ) ;
#6156 = FACE_OUTER_BOUND ( 'NONE', #10865, .T. ) ;
#6157 = DIRECTION ( 'NONE',  ( 0.8660254037844385966, 9.654978140984307746E-17, 0.5000000000000001110 ) ) ;
#6158 = CARTESIAN_POINT ( 'NONE',  ( -27.30000000000004334, 29.80000000000000071, 15.12361162513371227 ) ) ;
#6159 = DIRECTION ( 'NONE',  ( 1.000000000000000000, 0.000000000000000000, 0.000000000000000000 ) ) ;
#6160 = LINE ( 'NONE', #10013, #4813 ) ;
#6161 = DIRECTION ( 'NONE',  ( -1.000000000000000000, -1.257045997084642365E-16, 1.304303365396091250E-16 ) ) ;
#6162 = DIRECTION ( 'NONE',  ( -0.000000000000000000, -0.000000000000000000, -1.000000000000000000 ) ) ;
#6163 = VECTOR ( 'NONE', #6448, 1000.000000000000000 ) ;
#6164 = VECTOR ( 'NONE', #8634, 1000.000000000000114 ) ;
#6165 = ORIENTED_EDGE ( 'NONE', *, *, #8694, .T. ) ;
#6166 = DIRECTION ( 'NONE',  ( -1.000000000000000000, 0.000000000000000000, 0.000000000000000000 ) ) ;
#6167 = VERTEX_POINT ( 'NONE', #10035 ) ;
#6168 = LINE ( 'NONE', #11887, #4921 ) ;
#6169 = ORIENTED_EDGE ( 'NONE', *, *, #5412, .F. ) ;
#6170 = PLANE ( 'NONE',  #9405 ) ;
#6171 = CARTESIAN_POINT ( 'NONE',  ( 36.69999999999993889, -24.79999999999999005, 14.97927405783631549 ) ) ;
#6172 = ORIENTED_EDGE ( 'NONE', *, *, #9266, .T. ) ;
#6173 = AXIS2_PLACEMENT_3D ( 'NONE', #6555, #574, #9615 ) ;
#6174 = DIRECTION ( 'NONE',  ( 7.883256641045605591E-17, -0.7071067811865462405, -0.7071067811865487940 ) ) ;
#6175 = DIRECTION ( 'NONE',  ( 0.8660254037844387076, 9.654978140984308979E-17, 0.4999999999999998335 ) ) ;
#6176 = DIRECTION ( 'NONE',  ( 0.6546536707079768647, 0.6546536707079769757, -0.3779644730092279747 ) ) ;
#6177 = CARTESIAN_POINT ( 'NONE',  ( -75.80000000000001137, 29.79999999999997939, 12.74999999999999112 ) ) ;
#6178 = ORIENTED_EDGE ( 'NONE', *, *, #10111, .T. ) ;
#6179 = EDGE_LOOP ( 'NONE', ( #11778, #12327, #3577, #3522 ) ) ;
#6180 = FACE_OUTER_BOUND ( 'NONE', #4639, .T. ) ;
#6181 = VECTOR ( 'NONE', #6733, 1000.000000000000000 ) ;
#6182 = ORIENTED_EDGE ( 'NONE', *, *, #616, .F. ) ;
#6183 = EDGE_CURVE ( 'NONE', #6143, #9892, #1490, .T. ) ;
#6184 = EDGE_CURVE ( 'NONE', #889, #11437, #8076, .T. ) ;
#6185 = DIRECTION ( 'NONE',  ( -0.7071067811865474617, -0.7071067811865474617, -0.000000000000000000 ) ) ;
#6186 = ORIENTED_EDGE ( 'NONE', *, *, #11345, .T. ) ;
#6187 = ADVANCED_FACE ( 'NONE', ( #1435 ), #3389, .F. ) ;
#6188 = CARTESIAN_POINT ( 'NONE',  ( -75.80000000000001137, 21.80000000000001847, 12.74999999999999112 ) ) ;
#6189 = DIRECTION ( 'NONE',  ( -0.000000000000000000, -0.000000000000000000, -1.000000000000000000 ) ) ;
#6190 = AXIS2_PLACEMENT_3D ( 'NONE', #3284, #284, #2456 ) ;
#6191 = DIRECTION ( 'NONE',  ( -0.8660254037844381525, -9.654978140984304048E-17, 0.5000000000000007772 ) ) ;
#6192 = PLANE ( 'NONE',  #4966 ) ;
#6193 = VERTEX_POINT ( 'NONE', #7955 ) ;
#6194 = DIRECTION ( 'NONE',  ( -0.7071067811865474617, -7.883256641045619150E-17, -0.7071067811865474617 ) ) ;
#6195 = ORIENTED_EDGE ( 'NONE', *, *, #12008, .F. ) ;
#6196 = LINE ( 'NONE', #8148, #11144 ) ;
#6197 = DIRECTION ( 'NONE',  ( -1.301042606982605321E-16, 1.000000000000000000, 0.000000000000000000 ) ) ;
#6198 = AXIS2_PLACEMENT_3D ( 'NONE', #10072, #3360, #7156 ) ;
#6199 = LINE ( 'NONE', #9802, #10772 ) ;
#6200 = EDGE_LOOP ( 'NONE', ( #2655, #11004 ) ) ;
#6201 = EDGE_CURVE ( 'NONE', #4727, #7677, #9533, .T. ) ;
#6202 = VECTOR ( 'NONE', #8474, 1000.000000000000114 ) ;
#6203 = DIRECTION ( 'NONE',  ( 9.705624803427571493E-15, -0.6546536707079740891, -0.7559289460184569487 ) ) ;
#6204 = EDGE_CURVE ( 'NONE', #7186, #138, #2248, .T. ) ;
#6205 = CARTESIAN_POINT ( 'NONE',  ( -60.30000000000003268, -23.80000000000002913, 13.74999999999996625 ) ) ;
#6206 = DIRECTION ( 'NONE',  ( 0.8660254037844383745, 9.654978140984304048E-17, 0.5000000000000004441 ) ) ;
#6207 = VECTOR ( 'NONE', #1749, 1000.000000000000000 ) ;
#6208 = LINE ( 'NONE', #3237, #424 ) ;
#6209 = ORIENTED_EDGE ( 'NONE', *, *, #11998, .F. ) ;
#6210 = EDGE_LOOP ( 'NONE', ( #12075, #9905, #2562, #4817 ) ) ;
#6211 = FACE_OUTER_BOUND ( 'NONE', #1867, .T. ) ;
#6212 = FACE_OUTER_BOUND ( 'NONE', #6460, .T. ) ;
#6213 = EDGE_CURVE ( 'NONE', #6355, #1478, #9904, .T. ) ;
#6214 = ORIENTED_EDGE ( 'NONE', *, *, #8101, .F. ) ;
#6215 = CARTESIAN_POINT ( 'NONE',  ( 92.85000000000000853, 29.85000000000004761, 1.000000000000000000 ) ) ;
#6216 = VERTEX_POINT ( 'NONE', #7180 ) ;
#6217 = ORIENTED_EDGE ( 'NONE', *, *, #11639, .F. ) ;
#6218 = VECTOR ( 'NONE', #4291, 1000.000000000000000 ) ;
#6219 = ORIENTED_EDGE ( 'NONE', *, *, #2101, .T. ) ;
#6220 = FACE_OUTER_BOUND ( 'NONE', #11947, .T. ) ;
#6221 = DIRECTION ( 'NONE',  ( -1.301042606982605321E-16, 1.000000000000000000, -0.000000000000000000 ) ) ;
#6222 = CARTESIAN_POINT ( 'NONE',  ( -22.49917551915305580, -46.35082448084731510, 29.29803674797892299 ) ) ;
#6223 = DIRECTION ( 'NONE',  ( -0.7071067811865500152, 0.7071067811865451302, 0.000000000000000000 ) ) ;
#6224 = DIRECTION ( 'NONE',  ( 0.7071067811865441310, 0.5000000000000027756, -0.5000000000000019984 ) ) ;
#6225 = DIRECTION ( 'NONE',  ( -0.000000000000000000, -0.000000000000000000, -1.000000000000000000 ) ) ;
#6226 = DIRECTION ( 'NONE',  ( -1.301042606982605321E-16, 1.000000000000000000, -0.000000000000000000 ) ) ;
#6227 = CARTESIAN_POINT ( 'NONE',  ( 89.34999999999998010, -27.00000000000000355, 5.000000000000000000 ) ) ;
#6228 = EDGE_CURVE ( 'NONE', #2026, #7863, #10955, .T. ) ;
#6229 = ORIENTED_EDGE ( 'NONE', *, *, #11694, .T. ) ;
#6230 = EDGE_CURVE ( 'NONE', #1587, #10828, #2367, .T. ) ;
#6231 = CARTESIAN_POINT ( 'NONE',  ( -93.34999999999999432, -23.65000000000003055, 1.000000000000000000 ) ) ;
#6232 = EDGE_LOOP ( 'NONE', ( #7757, #11984, #2055, #3836 ) ) ;
#6233 = LINE ( 'NONE', #3314, #117 ) ;
#6234 = ORIENTED_EDGE ( 'NONE', *, *, #7853, .F. ) ;
#6235 = CARTESIAN_POINT ( 'NONE',  ( -77.80000000000005400, 9.799999999999990052, 26.00000000000000355 ) ) ;
#6236 = ORIENTED_EDGE ( 'NONE', *, *, #9420, .T. ) ;
#6237 = DIRECTION ( 'NONE',  ( -0.000000000000000000, -0.000000000000000000, 1.000000000000000000 ) ) ;
#6238 = VECTOR ( 'NONE', #7362, 1000.000000000000000 ) ;
#6239 = DIRECTION ( 'NONE',  ( 0.6546536707079715356, 0.6546536707079805284, 0.3779644730092311944 ) ) ;
#6240 = DIRECTION ( 'NONE',  ( -0.8660254037844389297, -9.654978140984311444E-17, 0.4999999999999994449 ) ) ;
#6241 = DIRECTION ( 'NONE',  ( 0.000000000000000000, 0.7071067811865474617, -0.7071067811865474617 ) ) ;
#6242 = LINE ( 'NONE', #2136, #9004 ) ;
#6243 = ORIENTED_EDGE ( 'NONE', *, *, #6228, .F. ) ;
#6244 = EDGE_CURVE ( 'NONE', #1627, #2485, #6120, .T. ) ;
#6245 = EDGE_LOOP ( 'NONE', ( #6350, #9281, #2469, #8970 ) ) ;
#6246 = CARTESIAN_POINT ( 'NONE',  ( 77.80000000000005400, -57.98150098949682985, 10.00000000000000000 ) ) ;
#6247 = CARTESIAN_POINT ( 'NONE',  ( -48.05000000000002558, -20.80000000000000071, 26.00000000000000355 ) ) ;
#6248 = VECTOR ( 'NONE', #966, 1000.000000000000114 ) ;
#6249 = ORIENTED_EDGE ( 'NONE', *, *, #10088, .T. ) ;
#6250 = DIRECTION ( 'NONE',  ( -0.7071067811865479058, -0.5000000000000004441, -0.4999999999999991673 ) ) ;
#6251 = EDGE_CURVE ( 'NONE', #345, #6265, #11699, .T. ) ;
#6252 = LINE ( 'NONE', #10098, #4795 ) ;
#6253 = EDGE_CURVE ( 'NONE', #11368, #2468, #831, .T. ) ;
#6254 = VERTEX_POINT ( 'NONE', #3705 ) ;
#6255 = ORIENTED_EDGE ( 'NONE', *, *, #2757, .T. ) ;
#6256 = DIRECTION ( 'NONE',  ( -1.000000000000000000, -3.469446951953611724E-16, 0.000000000000000000 ) ) ;
#6257 = CARTESIAN_POINT ( 'NONE',  ( -1.300000000000036904, -57.98150098949683695, 15.55662432702593634 ) ) ;
#6258 = ORIENTED_EDGE ( 'NONE', *, *, #1159, .F. ) ;
#6259 = PLANE ( 'NONE',  #6450 ) ;
#6260 = CARTESIAN_POINT ( 'NONE',  ( -87.14999999999994884, -27.00000000000000355, 5.000000000000000000 ) ) ;
#6261 = CARTESIAN_POINT ( 'NONE',  ( 82.80000000000003979, 29.80000000000002913, 26.00000000000000355 ) ) ;
#6262 = EDGE_CURVE ( 'NONE', #5298, #7486, #3575, .T. ) ;
#6263 = EDGE_CURVE ( 'NONE', #480, #11408, #1629, .T. ) ;
#6264 = DIRECTION ( 'NONE',  ( 7.511572993685781598E-17, 9.442392763521815118E-33, -1.000000000000000000 ) ) ;
#6265 = VERTEX_POINT ( 'NONE', #12201 ) ;
#6266 = FACE_BOUND ( 'NONE', #5586, .T. ) ;
#6267 = ORIENTED_EDGE ( 'NONE', *, *, #6654, .F. ) ;
#6268 = ADVANCED_FACE ( 'NONE', ( #8393 ), #9336, .F. ) ;
#6269 = EDGE_CURVE ( 'NONE', #8089, #5298, #8458, .T. ) ;
#6270 = ORIENTED_EDGE ( 'NONE', *, *, #7019, .F. ) ;
#6271 = FACE_OUTER_BOUND ( 'NONE', #12102, .T. ) ;
#6272 = EDGE_LOOP ( 'NONE', ( #7832, #3323, #3159, #1375 ) ) ;
#6273 = ORIENTED_EDGE ( 'NONE', *, *, #11096, .T. ) ;
#6274 = CARTESIAN_POINT ( 'NONE',  ( 89.34999999999998010, 27.00000000000000355, 5.000000000000000000 ) ) ;
#6275 = DIRECTION ( 'NONE',  ( 0.000000000000000000, 0.000000000000000000, 1.000000000000000000 ) ) ;
#6276 = PLANE ( 'NONE',  #1824 ) ;
#6277 = DIRECTION ( 'NONE',  ( -0.7071067811865432429, 0.000000000000000000, 0.7071067811865517916 ) ) ;
#6278 = EDGE_CURVE ( 'NONE', #3901, #9967, #3508, .T. ) ;
#6279 = FACE_OUTER_BOUND ( 'NONE', #285, .T. ) ;
#6280 = EDGE_CURVE ( 'NONE', #2219, #2282, #8256, .T. ) ;
#6281 = DIRECTION ( 'NONE',  ( -0.8660254037844385966, -9.654978140984307746E-17, -0.5000000000000001110 ) ) ;
#6282 = EDGE_LOOP ( 'NONE', ( #9386, #11633, #4276, #608 ) ) ;
#6283 = DIRECTION ( 'NONE',  ( -0.8660254037844383745, 0.000000000000000000, 0.5000000000000004441 ) ) ;
#6284 = ORIENTED_EDGE ( 'NONE', *, *, #4933, .T. ) ;
#6285 = CARTESIAN_POINT ( 'NONE',  ( -60.30000000000003268, -23.80000000000002558, 20.25000000000001776 ) ) ;
#6286 = ORIENTED_EDGE ( 'NONE', *, *, #3612, .T. ) ;
#6287 = ORIENTED_EDGE ( 'NONE', *, *, #10572, .F. ) ;
#6288 = VECTOR ( 'NONE', #7337, 999.9999999999998863 ) ;
#6289 = LINE ( 'NONE', #8249, #11516 ) ;
#6290 = CARTESIAN_POINT ( 'NONE',  ( 93.34999999999999432, -32.99999999999997868, 4.500000000000018652 ) ) ;
#6291 = EDGE_CURVE ( 'NONE', #547, #2873, #1557, .T. ) ;
#6292 = DIRECTION ( 'NONE',  ( 0.4999999999999998335, 6.505213034913022906E-17, 0.8660254037844387076 ) ) ;
#6293 = VECTOR ( 'NONE', #6649, 1000.000000000000000 ) ;
#6294 = CARTESIAN_POINT ( 'NONE',  ( -40.55000000000001137, -57.98150098949685116, 18.87638837486628063 ) ) ;
#6295 = DIRECTION ( 'NONE',  ( -0.7071067811865474617, -7.883256641045617917E-17, -0.7071067811865474617 ) ) ;
#6296 = CARTESIAN_POINT ( 'NONE',  ( 37.19999999999995310, 21.79999999999998650, 19.88675134594813443 ) ) ;
#6297 = ORIENTED_EDGE ( 'NONE', *, *, #4035, .F. ) ;
#6298 = AXIS2_PLACEMENT_3D ( 'NONE', #1356, #5191, #6166 ) ;
#6299 = FACE_BOUND ( 'NONE', #9819, .T. ) ;
#6300 = ORIENTED_EDGE ( 'NONE', *, *, #11498, .F. ) ;
#6301 = AXIS2_PLACEMENT_3D ( 'NONE', #8021, #8954, #3267 ) ;
#6302 = PLANE ( 'NONE',  #2583 ) ;
#6303 = DIRECTION ( 'NONE',  ( 0.000000000000000000, 0.000000000000000000, -1.000000000000000000 ) ) ;
#6304 = DIRECTION ( 'NONE',  ( -1.000000000000000000, -0.000000000000000000, -0.000000000000000000 ) ) ;
#6305 = ORIENTED_EDGE ( 'NONE', *, *, #10196, .T. ) ;
#6306 = PLANE ( 'NONE',  #930 ) ;
#6307 = EDGE_CURVE ( 'NONE', #6687, #2548, #9212, .T. ) ;
#6308 = VECTOR ( 'NONE', #10186, 1000.000000000000000 ) ;
#6309 = ADVANCED_FACE ( 'NONE', ( #3640 ), #2689, .F. ) ;
#6310 = CARTESIAN_POINT ( 'NONE',  ( 37.19999999999995310, 21.79999999999998650, 19.88675134594813443 ) ) ;
#6311 = VECTOR ( 'NONE', #1674, 1000.000000000000000 ) ;
#6312 = DIRECTION ( 'NONE',  ( 0.000000000000000000, -1.000000000000000000, 0.000000000000000000 ) ) ;
#6313 = VECTOR ( 'NONE', #5698, 1000.000000000000000 ) ;
#6314 = LINE ( 'NONE', #8211, #9961 ) ;
#6315 = ORIENTED_EDGE ( 'NONE', *, *, #6493, .T. ) ;
#6316 = EDGE_LOOP ( 'NONE', ( #2967, #9155, #11333, #1567 ) ) ;
#6317 = LINE ( 'NONE', #5402, #8543 ) ;
#6318 = DIRECTION ( 'NONE',  ( 1.000000000000000000, 1.301042606982605321E-16, 0.000000000000000000 ) ) ;
#6319 = ORIENTED_EDGE ( 'NONE', *, *, #5576, .T. ) ;
#6320 = DIRECTION ( 'NONE',  ( 0.8660254037844385966, 9.654978140984307746E-17, -0.4999999999999999445 ) ) ;
#6321 = LINE ( 'NONE', #3592, #7003 ) ;
#6322 = PLANE ( 'NONE',  #3645 ) ;
#6323 = CARTESIAN_POINT ( 'NONE',  ( 1.199999999999963096, -57.98150098949683695, 14.11324865405187090 ) ) ;
#6324 = EDGE_CURVE ( 'NONE', #889, #4034, #2753, .T. ) ;
#6325 = CARTESIAN_POINT ( 'NONE',  ( 3.699999999999958433, 21.80000000000000071, 15.55662432702593811 ) ) ;
#6326 = VECTOR ( 'NONE', #6938, 1000.000000000000000 ) ;
#6327 = LINE ( 'NONE', #351, #4645 ) ;
#6328 = ORIENTED_EDGE ( 'NONE', *, *, #5615, .T. ) ;
#6329 = ORIENTED_EDGE ( 'NONE', *, *, #4900, .T. ) ;
#6330 = LINE ( 'NONE', #12282, #1552 ) ;
#6331 = VERTEX_POINT ( 'NONE', #2560 ) ;
#6332 = ADVANCED_FACE ( 'NONE', ( #6299, #1814 ), #2633, .F. ) ;
#6333 = EDGE_CURVE ( 'NONE', #10974, #12217, #3446, .T. ) ;
#6334 = ORIENTED_EDGE ( 'NONE', *, *, #1053, .T. ) ;
#6335 = EDGE_LOOP ( 'NONE', ( #271, #11471, #3155, #4196 ) ) ;
#6336 = CYLINDRICAL_SURFACE ( 'NONE', #7914, 1.700000000000021050 ) ;
#6337 = ADVANCED_FACE ( 'NONE', ( #5636 ), #10209, .T. ) ;
#6338 = DIRECTION ( 'NONE',  ( 0.3535533905932731202, -0.7071067811865496822, 0.6123724356957925830 ) ) ;
#6339 = CARTESIAN_POINT ( 'NONE',  ( 78.13333333333338260, -21.74280904158204564, 26.00000000000000355 ) ) ;
#6340 = DIRECTION ( 'NONE',  ( 0.7071067811865474617, 0.7071067811865474617, -0.000000000000000000 ) ) ;
#6341 = DIRECTION ( 'NONE',  ( 0.5773502691896303940, 0.5773502691896204020, -0.5773502691896265082 ) ) ;
#6342 = CARTESIAN_POINT ( 'NONE',  ( -75.80000000000005400, -21.79999999999997229, 12.74999999999999112 ) ) ;
#6343 = AXIS2_PLACEMENT_3D ( 'NONE', #3965, #4963, #6579 ) ;
#6344 = DIRECTION ( 'NONE',  ( 0.000000000000000000, 0.000000000000000000, -1.000000000000000000 ) ) ;
#6345 = DIRECTION ( 'NONE',  ( -1.000000000000000000, 0.000000000000000000, 0.000000000000000000 ) ) ;
#6346 = ORIENTED_EDGE ( 'NONE', *, *, #405, .T. ) ;
#6347 = LINE ( 'NONE', #6474, #2617 ) ;
#6348 = DIRECTION ( 'NONE',  ( -0.3535533905932740639, -0.7071067811865466846, -0.6123724356957952475 ) ) ;
#6349 = VECTOR ( 'NONE', #2068, 1000.000000000000000 ) ;
#6350 = ORIENTED_EDGE ( 'NONE', *, *, #10963, .F. ) ;
#6351 = ADVANCED_FACE ( 'NONE', ( #696 ), #6433, .F. ) ;
#6352 = CARTESIAN_POINT ( 'NONE',  ( -21.72857142857148816, 28.87142857142856656, 18.34027741061876426 ) ) ;
#6353 = VERTEX_POINT ( 'NONE', #9468 ) ;
#6354 = CARTESIAN_POINT ( 'NONE',  ( 40.69999999999993889, 20.80000000000000426, 14.97927405783632793 ) ) ;
#6355 = VERTEX_POINT ( 'NONE', #701 ) ;
#6356 = CARTESIAN_POINT ( 'NONE',  ( 52.19999999999992468, -20.79999999999998650, 22.00000000000000711 ) ) ;
#6357 = PERSON ( 'UNSPECIFIED', 'UNSPECIFIED', 'UNSPECIFIED', ('UNSPECIFIED'), ('UNSPECIFIED'), ('UNSPECIFIED') ) ;
#6358 = CARTESIAN_POINT ( 'NONE',  ( -58.50000000000000000, 58.50000000000000000, 3.000000000000000000 ) ) ;
#6359 = DIRECTION ( 'NONE',  ( -1.301042606982605321E-16, 1.000000000000000000, -0.000000000000000000 ) ) ;
#6360 = FACE_OUTER_BOUND ( 'NONE', #1234, .T. ) ;
#6361 = CIRCLE ( 'NONE', #4188, 1.700000000000021050 ) ;
#6362 = PLANE ( 'NONE',  #8756 ) ;
#6363 = VECTOR ( 'NONE', #3447, 999.9999999999998863 ) ;
#6364 = AXIS2_PLACEMENT_3D ( 'NONE', #4857, #6934, #6004 ) ;
#6365 = FACE_BOUND ( 'NONE', #5679, .T. ) ;
#6366 = VERTEX_POINT ( 'NONE', #10215 ) ;
#6367 = DIRECTION ( 'NONE',  ( -0.000000000000000000, 0.000000000000000000, 1.000000000000000000 ) ) ;
#6368 = CARTESIAN_POINT ( 'NONE',  ( 87.64999999999996305, -27.00000000000000355, 1.000000000000000000 ) ) ;
#6369 = VERTEX_POINT ( 'NONE', #4529 ) ;
#6370 = DIRECTION ( 'NONE',  ( 0.7071067811865474617, 7.883256641045619150E-17, 0.7071067811865474617 ) ) ;
#6371 = VECTOR ( 'NONE', #9143, 1000.000000000000000 ) ;
#6372 = VECTOR ( 'NONE', #35, 1000.000000000000114 ) ;
#6373 = ORIENTED_EDGE ( 'NONE', *, *, #7750, .T. ) ;
#6374 = DIRECTION ( 'NONE',  ( 2.453269466693400100E-16, -0.7071067811865484609, -0.7071067811865465735 ) ) ;
#6375 = CARTESIAN_POINT ( 'NONE',  ( 45.62788568297003167, -20.79999999999999005, -29.72373658401004093 ) ) ;
#6376 = AXIS2_PLACEMENT_3D ( 'NONE', #8082, #7313, #4533 ) ;
#6377 = ORIENTED_EDGE ( 'NONE', *, *, #12065, .T. ) ;
#6378 = LINE ( 'NONE', #10223, #9934 ) ;
#6379 = CARTESIAN_POINT ( 'NONE',  ( 77.80000000000005400, 20.80000000000000426, 22.24999999999993605 ) ) ;
#6380 = ORIENTED_EDGE ( 'NONE', *, *, #1320, .F. ) ;
#6381 = PRODUCT_DEFINITION ( 'UNKNOWN', '', #9402, #7139 ) ;
#6382 = EDGE_CURVE ( 'NONE', #6940, #6540, #1820, .T. ) ;
#6383 = DIRECTION ( 'NONE',  ( 1.000000000000000000, 0.000000000000000000, -0.000000000000000000 ) ) ;
#6384 = DIRECTION ( 'NONE',  ( 1.000000000000000000, 0.000000000000000000, 0.000000000000000000 ) ) ;
#6385 = AXIS2_PLACEMENT_3D ( 'NONE', #8116, #7283, #6281 ) ;
#6386 = VECTOR ( 'NONE', #8984, 1000.000000000000000 ) ;
#6387 = AXIS2_PLACEMENT_3D ( 'NONE', #8281, #10232, #1454 ) ;
#6388 = DIRECTION ( 'NONE',  ( -0.8660254037844385966, -9.654978140984306513E-17, -0.5000000000000001110 ) ) ;
#6389 = ORIENTED_EDGE ( 'NONE', *, *, #10554, .F. ) ;
#6390 = ORIENTED_EDGE ( 'NONE', *, *, #3260, .F. ) ;
#6391 = CARTESIAN_POINT ( 'NONE',  ( 0.000000000000000000, 7.799999999999987388, 6.000000000000000000 ) ) ;
#6392 = AXIS2_PLACEMENT_3D ( 'NONE', #12349, #5475, #2718 ) ;
#6393 = LINE ( 'NONE', #1652, #5354 ) ;
#6394 = EDGE_CURVE ( 'NONE', #2977, #5952, #8524, .T. ) ;
#6395 = DIRECTION ( 'NONE',  ( -1.000000000000000000, 0.000000000000000000, 0.000000000000000000 ) ) ;
#6396 = ORIENTED_EDGE ( 'NONE', *, *, #2521, .F. ) ;
#6397 = CARTESIAN_POINT ( 'NONE',  ( 81.80000000000003979, 20.79999999999999361, 26.00000000000000355 ) ) ;
#6398 = EDGE_LOOP ( 'NONE', ( #9337, #6137, #4042, #3494 ) ) ;
#6399 = ORIENTED_EDGE ( 'NONE', *, *, #40, .F. ) ;
#6400 = CARTESIAN_POINT ( 'NONE',  ( -76.80000000000003979, 30.80000000000000782, 13.75000000000001954 ) ) ;
#6401 = CARTESIAN_POINT ( 'NONE',  ( 4.699999999999939782, -20.79999999999999361, 19.02072594216368273 ) ) ;
#6402 = LINE ( 'NONE', #10249, #498 ) ;
#6403 = VECTOR ( 'NONE', #4879, 1000.000000000000000 ) ;
#6404 = CARTESIAN_POINT ( 'NONE',  ( 91.34999999999998010, 33.00000000000000000, 0.000000000000000000 ) ) ;
#6405 = DIRECTION ( 'NONE',  ( 0.000000000000000000, 1.000000000000000000, 0.000000000000000000 ) ) ;
#6406 = CARTESIAN_POINT ( 'NONE',  ( -91.55000000000002558, 27.00000000000000355, 5.000000000000000000 ) ) ;
#6407 = LINE ( 'NONE', #1908, #10027 ) ;
#6408 = EDGE_CURVE ( 'NONE', #7611, #8486, #5457, .T. ) ;
#6409 = EDGE_CURVE ( 'NONE', #10197, #9351, #2637, .T. ) ;
#6410 = ORIENTED_EDGE ( 'NONE', *, *, #8667, .F. ) ;
#6411 = CARTESIAN_POINT ( 'NONE',  ( 21.69999999999995666, 29.79999999999999361, 18.44337567297406721 ) ) ;
#6412 = FACE_OUTER_BOUND ( 'NONE', #8205, .T. ) ;
#6413 = ORIENTED_EDGE ( 'NONE', *, *, #6251, .T. ) ;
#6414 = CARTESIAN_POINT ( 'NONE',  ( 91.54999999999999716, -27.00000000000000355, 0.000000000000000000 ) ) ;
#6415 = DIRECTION ( 'NONE',  ( 0.8660254037844387076, 9.654978140984308979E-17, -0.4999999999999999445 ) ) ;
#6416 = PLANE ( 'NONE',  #12165 ) ;
#6417 = VECTOR ( 'NONE', #12274, 1000.000000000000114 ) ;
#6418 = VERTEX_POINT ( 'NONE', #8583 ) ;
#6419 = VERTEX_POINT ( 'NONE', #2825 ) ;
#6420 = CARTESIAN_POINT ( 'NONE',  ( 33.69999999999997442, 20.80000000000000426, 26.00000000000000355 ) ) ;
#6421 = ORIENTED_EDGE ( 'NONE', *, *, #10419, .T. ) ;
#6422 = DIRECTION ( 'NONE',  ( 0.5773502691896251759, 0.5773502691896290617, 0.5773502691896231775 ) ) ;
#6423 = DIRECTION ( 'NONE',  ( 0.8660254037844383745, 1.088633767200839306E-16, -0.5000000000000003331 ) ) ;
#6424 = DIRECTION ( 'NONE',  ( 0.8660254037844382635, 9.654978140984304048E-17, -0.5000000000000008882 ) ) ;
#6425 = CARTESIAN_POINT ( 'NONE',  ( -91.05000000000001137, 27.00000000000000355, 4.499999999999970690 ) ) ;
#6426 = VECTOR ( 'NONE', #8780, 1000.000000000000000 ) ;
#6427 = DIRECTION ( 'NONE',  ( 1.000000000000000000, 0.000000000000000000, -0.000000000000000000 ) ) ;
#6428 = ADVANCED_FACE ( 'NONE', ( #12386 ), #3829, .F. ) ;
#6429 = ADVANCED_FACE ( 'NONE', ( #7049 ), #2299, .F. ) ;
#6430 = PLANE ( 'NONE',  #6013 ) ;
#6431 = ORIENTED_EDGE ( 'NONE', *, *, #6939, .T. ) ;
#6432 = EDGE_CURVE ( 'NONE', #6118, #9917, #12045, .T. ) ;
#6433 = PLANE ( 'NONE',  #4356 ) ;
#6434 = ADVANCED_FACE ( 'NONE', ( #5352 ), #11103, .T. ) ;
#6435 = EDGE_LOOP ( 'NONE', ( #12187, #11641, #1273, #4130 ) ) ;
#6436 = LINE ( 'NONE', #7247, #5963 ) ;
#6437 = DIRECTION ( 'NONE',  ( 0.8660254037844387076, 9.654978140984308979E-17, 0.4999999999999998335 ) ) ;
#6438 = ORIENTED_EDGE ( 'NONE', *, *, #2467, .T. ) ;
#6440 = PLANE ( 'NONE',  #9527 ) ;
#6439 = VECTOR ( 'NONE', #1744, 1000.000000000000114 ) ;
#6441 = DIRECTION ( 'NONE',  ( -0.000000000000000000, 1.000000000000000000, -0.000000000000000000 ) ) ;
#6442 = LINE ( 'NONE', #6375, #8385 ) ;
#6443 = EDGE_CURVE ( 'NONE', #11408, #5734, #3607, .T. ) ;
#6444 = EDGE_LOOP ( 'NONE', ( #11707, #3137, #10482, #995 ) ) ;
#6445 = CIRCLE ( 'NONE', #3669, 1.500000000000001332 ) ;
#6446 = ORIENTED_EDGE ( 'NONE', *, *, #6554, .T. ) ;
#6447 = DIRECTION ( 'NONE',  ( 0.8660254037844383745, 9.654978140984305281E-17, 0.5000000000000003331 ) ) ;
#6448 = DIRECTION ( 'NONE',  ( -1.301042606982605321E-16, 1.000000000000000000, -0.000000000000000000 ) ) ;
#6449 = VERTEX_POINT ( 'NONE', #6397 ) ;
#6450 = AXIS2_PLACEMENT_3D ( 'NONE', #1394, #2513, #3526 ) ;
#6451 = DIRECTION ( 'NONE',  ( 0.7071067811865708874, 0.000000000000000000, -0.7071067811865242581 ) ) ;
#6452 = DIRECTION ( 'NONE',  ( 0.3535533905932752297, 0.7071067811865450192, -0.6123724356957965798 ) ) ;
#6453 = LINE ( 'NONE', #654, #5243 ) ;
#6454 = CARTESIAN_POINT ( 'NONE',  ( 91.34999999999998010, 33.00000000000000000, 4.500000000000018652 ) ) ;
#6455 = DIRECTION ( 'NONE',  ( -0.5773502691896098549, 0.5773502691896137407, -0.5773502691896538197 ) ) ;
#6456 = AXIS2_PLACEMENT_3D ( 'NONE', #1945, #12219, #3719 ) ;
#6457 = ADVANCED_FACE ( 'NONE', ( #12110 ), #3543, .F. ) ;
#6458 = VECTOR ( 'NONE', #9249, 999.9999999999998863 ) ;
#6459 = EDGE_CURVE ( 'NONE', #240, #5534, #4134, .T. ) ;
#6460 = EDGE_LOOP ( 'NONE', ( #322, #1433, #1148, #6947, #8778, #3472 ) ) ;
#6461 = ORIENTED_EDGE ( 'NONE', *, *, #6912, .T. ) ;
#6462 = FACE_OUTER_BOUND ( 'NONE', #7811, .T. ) ;
#6463 = LINE ( 'NONE', #10302, #9757 ) ;
#6464 = DIRECTION ( 'NONE',  ( -0.7071067811865671127, 0.7071067811865279218, -0.000000000000000000 ) ) ;
#6465 = EDGE_LOOP ( 'NONE', ( #4046, #1504, #1783, #4605 ) ) ;
#6466 = LINE ( 'NONE', #10179, #2712 ) ;
#6467 = EDGE_CURVE ( 'NONE', #9526, #293, #2239, .T. ) ;
#6468 = ADVANCED_FACE ( 'NONE', ( #6496 ), #9586, .F. ) ;
#6469 = CARTESIAN_POINT ( 'NONE',  ( 1.199999999999952216, 21.80000000000000071, 19.88675134594813443 ) ) ;
#6470 = ORIENTED_EDGE ( 'NONE', *, *, #1912, .F. ) ;
#6471 = FACE_OUTER_BOUND ( 'NONE', #254, .T. ) ;
#6472 = CARTESIAN_POINT ( 'NONE',  ( 21.69999999999995666, 29.79999999999999361, 15.55662432702593811 ) ) ;
#6473 = ORIENTED_EDGE ( 'NONE', *, *, #7633, .T. ) ;
#6474 = CARTESIAN_POINT ( 'NONE',  ( 77.80000000000005400, 20.80000000000000426, 10.99999999999997335 ) ) ;
#6475 = LINE ( 'NONE', #4509, #1321 ) ;
#6476 = ORIENTED_EDGE ( 'NONE', *, *, #11022, .F. ) ;
#6477 = EDGE_LOOP ( 'NONE', ( #10168, #524, #5157, #4978 ) ) ;
#6478 = ORIENTED_EDGE ( 'NONE', *, *, #2059, .T. ) ;
#6479 = ADVANCED_FACE ( 'NONE', ( #1428 ), #4457, .F. ) ;
#6480 = DIRECTION ( 'NONE',  ( -0.7071067811865610064, 0.000000000000000000, 0.7071067811865340280 ) ) ;
#6481 = LINE ( 'NONE', #821, #868 ) ;
#6482 = DIRECTION ( 'NONE',  ( 0.000000000000000000, 0.000000000000000000, -1.000000000000000000 ) ) ;
#6483 = DIRECTION ( 'NONE',  ( -0.000000000000000000, 0.000000000000000000, 1.000000000000000000 ) ) ;
#6484 = VECTOR ( 'NONE', #1849, 1000.000000000000000 ) ;
#6485 = DIRECTION ( 'NONE',  ( 0.8660254037844387076, 0.000000000000000000, -0.4999999999999998335 ) ) ;
#6486 = EDGE_CURVE ( 'NONE', #987, #7679, #6289, .T. ) ;
#6487 = DIRECTION ( 'NONE',  ( -0.7071067811865474617, -8.888657488019555987E-17, -0.7071067811865474617 ) ) ;
#6488 = CARTESIAN_POINT ( 'NONE',  ( -58.55000000000003268, 58.55000000000003268, 6.000000000000000000 ) ) ;
#6489 = ORIENTED_EDGE ( 'NONE', *, *, #10863, .T. ) ;
#6490 = DIRECTION ( 'NONE',  ( -0.8660254037844383745, -9.654978140984304048E-17, -0.5000000000000004441 ) ) ;
#6491 = VERTEX_POINT ( 'NONE', #11187 ) ;
#6492 = LINE ( 'NONE', #4592, #3984 ) ;
#6493 = EDGE_CURVE ( 'NONE', #10197, #2667, #7724, .T. ) ;
#6494 = ORIENTED_EDGE ( 'NONE', *, *, #7185, .F. ) ;
#6495 = EDGE_CURVE ( 'NONE', #9302, #8335, #877, .T. ) ;
#6496 = FACE_OUTER_BOUND ( 'NONE', #6678, .T. ) ;
#6497 = VERTEX_POINT ( 'NONE', #11315 ) ;
#6498 = LINE ( 'NONE', #2827, #11495 ) ;
#6499 = CARTESIAN_POINT ( 'NONE',  ( 54.10961431703004365, 20.80000000000000426, 67.03295165380643539 ) ) ;
#6500 = CARTESIAN_POINT ( 'NONE',  ( -2.300000000000010481, -20.79999999999999716, 25.99999999999999645 ) ) ;
#6501 = EDGE_CURVE ( 'NONE', #10674, #10557, #12373, .T. ) ;
#6502 = CARTESIAN_POINT ( 'NONE',  ( 120.7249999999999375, 3.625000000000041300, 5.000000000000000000 ) ) ;
#6503 = VECTOR ( 'NONE', #10139, 1000.000000000000000 ) ;
#6504 = ORIENTED_EDGE ( 'NONE', *, *, #11533, .T. ) ;
#6505 = ORIENTED_EDGE ( 'NONE', *, *, #6936, .F. ) ;
#6506 = DIRECTION ( 'NONE',  ( 0.000000000000000000, -1.000000000000000000, 0.000000000000000000 ) ) ;
#6507 = AXIS2_PLACEMENT_3D ( 'NONE', #2255, #7838, #9857 ) ;
#6508 = DIRECTION ( 'NONE',  ( -1.301042606982605321E-16, 1.000000000000000000, 0.000000000000000000 ) ) ;
#6509 = ORIENTED_EDGE ( 'NONE', *, *, #3507, .T. ) ;
#6510 = FACE_OUTER_BOUND ( 'NONE', #5334, .T. ) ;
#6511 = DIRECTION ( 'NONE',  ( -1.000000000000000000, -1.114860845743448580E-16, 1.051347561198065328E-16 ) ) ;
#6512 = ADVANCED_FACE ( 'NONE', ( #1803 ), #7361, .F. ) ;
#6513 = VECTOR ( 'NONE', #12242, 1000.000000000000114 ) ;
#6514 = DIRECTION ( 'NONE',  ( 1.000000000000000000, 1.114860845743448580E-16, -1.051347561198065328E-16 ) ) ;
#6515 = LINE ( 'NONE', #6001, #9515 ) ;
#6516 = VECTOR ( 'NONE', #2118, 999.9999999999998863 ) ;
#6517 = EDGE_CURVE ( 'NONE', #1588, #5192, #7552, .T. ) ;
#6519 = CIRCLE ( 'NONE', #2927, 1.700000000000021050 ) ;
#6518 = PLANE ( 'NONE',  #4106 ) ;
#6520 = CARTESIAN_POINT ( 'NONE',  ( -1.300000000000041567, -21.79999999999996518, 15.55662432702593634 ) ) ;
#6521 = LINE ( 'NONE', #2785, #4016 ) ;
#6522 = CARTESIAN_POINT ( 'NONE',  ( 89.34999999999998010, -27.00000000000000355, 1.000000000000000000 ) ) ;
#6523 = DIRECTION ( 'NONE',  ( 0.8660254037844383745, 9.654978140984305281E-17, 0.5000000000000004441 ) ) ;
#6524 = CARTESIAN_POINT ( 'NONE',  ( 3.745997071312236456E-15, -29.80000000000001847, 26.00000000000000355 ) ) ;
#6525 = LINE ( 'NONE', #1782, #4325 ) ;
#6526 = EDGE_CURVE ( 'NONE', #293, #6070, #12308, .T. ) ;
#6527 = VERTEX_POINT ( 'NONE', #10447 ) ;
#6528 = LINE ( 'NONE', #7538, #918 ) ;
#6529 = DIRECTION ( 'NONE',  ( 1.000000000000000000, 1.114860845743448580E-16, 0.000000000000000000 ) ) ;
#6530 = CARTESIAN_POINT ( 'NONE',  ( 78.80000000000003979, 30.80000000000002913, 26.00000000000000355 ) ) ;
#6531 = LINE ( 'NONE', #3550, #1817 ) ;
#6532 = ORIENTED_EDGE ( 'NONE', *, *, #2308, .F. ) ;
#6533 = LINE ( 'NONE', #1793, #5014 ) ;
#6534 = CARTESIAN_POINT ( 'NONE',  ( -20.80000000000002203, -57.98150098949684406, 15.12361162513371404 ) ) ;
#6535 = ORIENTED_EDGE ( 'NONE', *, *, #5784, .F. ) ;
#6536 = CARTESIAN_POINT ( 'NONE',  ( 35.19999999999994600, -24.79999999999999005, 16.42264973081037027 ) ) ;
#6537 = DIRECTION ( 'NONE',  ( 0.8660254037844385966, 0.000000000000000000, 0.4999999999999999445 ) ) ;
#6538 = ORIENTED_EDGE ( 'NONE', *, *, #9251, .F. ) ;
#6539 = EDGE_CURVE ( 'NONE', #6216, #3020, #12188, .T. ) ;
#6540 = VERTEX_POINT ( 'NONE', #1868 ) ;
#6541 = EDGE_LOOP ( 'NONE', ( #11202, #12029, #4658, #10957 ) ) ;
#6542 = CARTESIAN_POINT ( 'NONE',  ( 77.80000000000005400, 20.80000000000000426, 22.99999999999997158 ) ) ;
#6543 = CARTESIAN_POINT ( 'NONE',  ( 68.79711431702999391, -20.79999999999998650, 41.59345541763857312 ) ) ;
#6544 = LINE ( 'NONE', #12313, #11014 ) ;
#6545 = CARTESIAN_POINT ( 'NONE',  ( 45.72774694772281379, -34.82774694772286495, 12.07650300415119915 ) ) ;
#6546 = CARTESIAN_POINT ( 'NONE',  ( -93.34999999999999432, -24.15000000000000568, 1.000000000000000000 ) ) ;
#6547 = CARTESIAN_POINT ( 'NONE',  ( 0.000000000000000000, 0.000000000000000000, 1.000000000000000000 ) ) ;
#6548 = CARTESIAN_POINT ( 'NONE',  ( -87.14999999999997726, -27.00000000000000355, 0.000000000000000000 ) ) ;
#6549 = VECTOR ( 'NONE', #760, 1000.000000000000114 ) ;
#6550 = ORIENTED_EDGE ( 'NONE', *, *, #10976, .T. ) ;
#6551 = DIRECTION ( 'NONE',  ( -0.000000000000000000, -1.000000000000000000, -0.000000000000000000 ) ) ;
#6552 = EDGE_LOOP ( 'NONE', ( #9560, #3916, #6918, #6550 ) ) ;
#6553 = AXIS2_PLACEMENT_3D ( 'NONE', #7777, #974, #10423 ) ;
#6554 = EDGE_CURVE ( 'NONE', #3001, #11145, #820, .T. ) ;
#6555 = CARTESIAN_POINT ( 'NONE',  ( -47.05000000000003268, -57.98150098949685116, 15.12361162513371760 ) ) ;
#6556 = VERTEX_POINT ( 'NONE', #3754 ) ;
#6557 = AXIS2_PLACEMENT_3D ( 'NONE', #10379, #5494, #3749 ) ;
#6558 = CIRCLE ( 'NONE', #9602, 2.200000000000035261 ) ;
#6559 = DIRECTION ( 'NONE',  ( -0.8660254037844383745, -1.088633767200839429E-16, -0.5000000000000003331 ) ) ;
#6560 = ORIENTED_EDGE ( 'NONE', *, *, #6080, .T. ) ;
#6561 = ORIENTED_EDGE ( 'NONE', *, *, #11796, .F. ) ;
#6562 = EDGE_CURVE ( 'NONE', #12142, #3202, #5565, .T. ) ;
#6563 = CARTESIAN_POINT ( 'NONE',  ( -82.80000000000005400, -9.800000000000009592, 6.999999999999999112 ) ) ;
#6564 = DIRECTION ( 'NONE',  ( -0.8660254037844387076, 0.000000000000000000, -0.4999999999999998335 ) ) ;
#6565 = AXIS2_PLACEMENT_3D ( 'NONE', #2563, #5327, #4403 ) ;
#6566 = ORIENTED_EDGE ( 'NONE', *, *, #3218, .T. ) ;
#6567 = VECTOR ( 'NONE', #3876, 1000.000000000000000 ) ;
#6568 = EDGE_CURVE ( 'NONE', #4235, #10308, #5683, .T. ) ;
#6569 = CARTESIAN_POINT ( 'NONE',  ( 81.80000000000005400, 5.160013830360102328E-14, 26.00000000000000355 ) ) ;
#6570 = FACE_OUTER_BOUND ( 'NONE', #2874, .T. ) ;
#6571 = PLANE ( 'NONE',  #9861 ) ;
#6572 = DIRECTION ( 'NONE',  ( -0.5773502691896265082, 0.5773502691896253980, 0.5773502691896255090 ) ) ;
#6573 = VECTOR ( 'NONE', #5359, 1000.000000000000000 ) ;
#6574 = VECTOR ( 'NONE', #5100, 1000.000000000000227 ) ;
#6575 = FACE_OUTER_BOUND ( 'NONE', #1482, .T. ) ;
#6576 = DIRECTION ( 'NONE',  ( -1.000000000000000000, -1.114860845743448580E-16, 1.051347561198065328E-16 ) ) ;
#6577 = ORIENTED_EDGE ( 'NONE', *, *, #8930, .F. ) ;
#6578 = EDGE_LOOP ( 'NONE', ( #12365, #2810, #6373, #4104 ) ) ;
#6579 = DIRECTION ( 'NONE',  ( -1.000000000000000000, 0.000000000000000000, 0.000000000000000000 ) ) ;
#6580 = LINE ( 'NONE', #1843, #6789 ) ;
#6581 = EDGE_CURVE ( 'NONE', #1610, #9964, #7621, .T. ) ;
#6582 = FACE_OUTER_BOUND ( 'NONE', #4415, .T. ) ;
#6583 = ORIENTED_EDGE ( 'NONE', *, *, #2855, .F. ) ;
#6584 = VECTOR ( 'NONE', #6980, 1000.000000000000114 ) ;
#6585 = EDGE_CURVE ( 'NONE', #6147, #8577, #5501, .T. ) ;
#6586 = CONICAL_SURFACE ( 'NONE', #7194, 1.500000000000001332, 0.7853981633974675969 ) ;
#6587 = VERTEX_POINT ( 'NONE', #10201 ) ;
#6588 = CARTESIAN_POINT ( 'NONE',  ( 82.80000000000005400, -9.799999999999990052, 6.999999999999999112 ) ) ;
#6589 = VERTEX_POINT ( 'NONE', #2812 ) ;
#6590 = CARTESIAN_POINT ( 'NONE',  ( 21.69999999999995666, 29.79999999999999361, 15.55662432702593811 ) ) ;
#6591 = LINE ( 'NONE', #9623, #5288 ) ;
#6592 = DIRECTION ( 'NONE',  ( 0.3535533905932751741, 0.7071067811865452413, 0.6123724356957964687 ) ) ;
#6593 = LINE ( 'NONE', #2602, #4897 ) ;
#6594 = AXIS2_PLACEMENT_3D ( 'NONE', #3967, #1220, #6822 ) ;
#6595 = VECTOR ( 'NONE', #908, 1000.000000000000000 ) ;
#6596 = DIRECTION ( 'NONE',  ( 0.000000000000000000, 0.000000000000000000, -1.000000000000000000 ) ) ;
#6597 = EDGE_CURVE ( 'NONE', #7677, #7850, #8447, .T. ) ;
#6598 = ORIENTED_EDGE ( 'NONE', *, *, #8736, .F. ) ;
#6599 = CARTESIAN_POINT ( 'NONE',  ( 64.29711431703000812, 20.80000000000000426, 49.38768405169850695 ) ) ;
#6600 = CARTESIAN_POINT ( 'NONE',  ( 82.80000000000005400, 9.800000000000009592, 13.58578643762690774 ) ) ;
#6601 = ORIENTED_EDGE ( 'NONE', *, *, #6797, .T. ) ;
#6602 = DIRECTION ( 'NONE',  ( -0.7071067811865500152, -0.7071067811865451302, -0.000000000000000000 ) ) ;
#6603 = ORIENTED_EDGE ( 'NONE', *, *, #10707, .F. ) ;
#6604 = ORIENTED_EDGE ( 'NONE', *, *, #1622, .T. ) ;
#6605 = AXIS2_PLACEMENT_3D ( 'NONE', #1787, #6706, #12287 ) ;
#6606 = VECTOR ( 'NONE', #479, 1000.000000000000000 ) ;
#6607 = ORIENTED_EDGE ( 'NONE', *, *, #3162, .T. ) ;
#6608 = DIRECTION ( 'NONE',  ( -1.000000000000000000, 0.000000000000000000, 0.000000000000000000 ) ) ;
#6609 = CARTESIAN_POINT ( 'NONE',  ( 77.80000000000005400, -8.799999999999990052, 6.999999999999999112 ) ) ;
#6610 = CARTESIAN_POINT ( 'NONE',  ( -89.34999999999998010, 27.00000000000000355, 3.000000000000000000 ) ) ;
#6611 = LINE ( 'NONE', #2982, #1785 ) ;
#6612 = LINE ( 'NONE', #10452, #7134 ) ;
#6613 = CARTESIAN_POINT ( 'NONE',  ( -62.94711431702999960, 30.80000000000001137, 60.38620667976082501 ) ) ;
#6614 = DIRECTION ( 'NONE',  ( -1.000000000000000000, -1.301042606982605321E-16, 0.000000000000000000 ) ) ;
#6615 = AXIS2_PLACEMENT_3D ( 'NONE', #5451, #11776, #4585 ) ;
#6616 = EDGE_LOOP ( 'NONE', ( #3455, #1865, #876, #12363 ) ) ;
#6617 = CARTESIAN_POINT ( 'NONE',  ( 77.80000000000005400, -21.79999999999996518, 10.00000000000000000 ) ) ;
#6618 = EDGE_LOOP ( 'NONE', ( #4927, #7977, #10956, #11399 ) ) ;
#6619 = LINE ( 'NONE', #4717, #10717 ) ;
#6620 = LINE ( 'NONE', #10399, #7570 ) ;
#6621 = ORIENTED_EDGE ( 'NONE', *, *, #5513, .F. ) ;
#6622 = CARTESIAN_POINT ( 'NONE',  ( 50.19999999999998153, -20.79999999999999005, 26.00000000000000355 ) ) ;
#6623 = DIRECTION ( 'NONE',  ( 0.7071067811865475727, -0.7071067811865475727, 0.000000000000000000 ) ) ;
#6624 = DIRECTION ( 'NONE',  ( 0.000000000000000000, 0.000000000000000000, 1.000000000000000000 ) ) ;
#6625 = EDGE_CURVE ( 'NONE', #338, #9967, #935, .T. ) ;
#6626 = VERTEX_POINT ( 'NONE', #5444 ) ;
#6627 = ORIENTED_EDGE ( 'NONE', *, *, #2414, .F. ) ;
#6628 = PLANE ( 'NONE',  #9147 ) ;
#6629 = AXIS2_PLACEMENT_3D ( 'NONE', #4026, #11346, #2774 ) ;
#6630 = VERTEX_POINT ( 'NONE', #9267 ) ;
#6631 = DIRECTION ( 'NONE',  ( -0.8660254037844385966, -1.088633767200839676E-16, -0.4999999999999999445 ) ) ;
#6632 = DIRECTION ( 'NONE',  ( -0.000000000000000000, 0.000000000000000000, 1.000000000000000000 ) ) ;
#6633 = VECTOR ( 'NONE', #1977, 1000.000000000000114 ) ;
#6634 = CARTESIAN_POINT ( 'NONE',  ( 82.80000000000005400, 15.50710678118656105, 19.29289321881346453 ) ) ;
#6635 = LINE ( 'NONE', #2582, #7056 ) ;
#6636 = EDGE_CURVE ( 'NONE', #8118, #4390, #7434, .T. ) ;
#6637 = EDGE_CURVE ( 'NONE', #12217, #240, #1741, .T. ) ;
#6638 = CARTESIAN_POINT ( 'NONE',  ( -76.80000000000003979, 29.79999999999997939, 12.74999999999999112 ) ) ;
#6639 = CARTESIAN_POINT ( 'NONE',  ( 83.80000000000005400, -29.80000000000000782, 6.000000000000000000 ) ) ;
#6640 = DIRECTION ( 'NONE',  ( -1.301042606982605321E-16, 1.000000000000000000, -0.000000000000000000 ) ) ;
#6641 = ORIENTED_EDGE ( 'NONE', *, *, #3138, .T. ) ;
#6642 = VECTOR ( 'NONE', #6304, 1000.000000000000000 ) ;
#6643 = DIRECTION ( 'NONE',  ( 0.000000000000000000, 0.000000000000000000, 1.000000000000000000 ) ) ;
#6644 = FACE_OUTER_BOUND ( 'NONE', #1067, .T. ) ;
#6645 = CARTESIAN_POINT ( 'NONE',  ( -40.55000000000001847, 21.79999999999995808, 18.87638837486628063 ) ) ;
#6646 = CARTESIAN_POINT ( 'NONE',  ( 16.69999999999994955, 29.79999999999999361, 18.44337567297407077 ) ) ;
#6647 = LINE ( 'NONE', #4628, #10075 ) ;
#6648 = EDGE_CURVE ( 'NONE', #5495, #12138, #8688, .T. ) ;
#6649 = DIRECTION ( 'NONE',  ( 6.308085367188384325E-16, -1.000000000000000000, 0.000000000000000000 ) ) ;
#6650 = EDGE_CURVE ( 'NONE', #7186, #10216, #2922, .T. ) ;
#6651 = FACE_OUTER_BOUND ( 'NONE', #10384, .T. ) ;
#6652 = DIRECTION ( 'NONE',  ( -0.7071067811865495711, 4.038221641405486726E-15, 0.7071067811865455743 ) ) ;
#6653 = EDGE_CURVE ( 'NONE', #4168, #388, #8874, .T. ) ;
#6654 = EDGE_CURVE ( 'NONE', #1640, #2763, #5909, .T. ) ;
#6655 = DIRECTION ( 'NONE',  ( -0.000000000000000000, -0.000000000000000000, -1.000000000000000000 ) ) ;
#6656 = EDGE_LOOP ( 'NONE', ( #101, #9716, #4361, #2474 ) ) ;
#6657 = VERTEX_POINT ( 'NONE', #46 ) ;
#6658 = DIRECTION ( 'NONE',  ( -0.8660254037844387076, -1.088633767200840046E-16, 0.4999999999999999445 ) ) ;
#6659 = DIRECTION ( 'NONE',  ( 1.000000000000000000, 1.301042606982605321E-16, 0.000000000000000000 ) ) ;
#6660 = ORIENTED_EDGE ( 'NONE', *, *, #1662, .F. ) ;
#6661 = CARTESIAN_POINT ( 'NONE',  ( 6.426922466874229301, 19.07307753312571919, 20.01776509328318454 ) ) ;
#6662 = CARTESIAN_POINT ( 'NONE',  ( 3.699999999999967759, -57.98150098949683695, 18.44337567297406721 ) ) ;
#6663 = VERTEX_POINT ( 'NONE', #1178 ) ;
#6664 = DIRECTION ( 'NONE',  ( -0.5000000000000004441, -6.505213034913032767E-17, 0.8660254037844383745 ) ) ;
#6665 = VERTEX_POINT ( 'NONE', #2978 ) ;
#6666 = ADVANCED_FACE ( 'NONE', ( #4056 ), #5970, .F. ) ;
#6667 = ORIENTED_EDGE ( 'NONE', *, *, #9732, .F. ) ;
#6668 = CARTESIAN_POINT ( 'NONE',  ( -75.80000000000005400, -21.79999999999996874, 21.24999999999999289 ) ) ;
#6669 = CARTESIAN_POINT ( 'NONE',  ( 51.19999999999995310, -21.79999999999996163, 10.99999999999997691 ) ) ;
#6670 = DIRECTION ( 'NONE',  ( 1.000000000000000000, 0.000000000000000000, -1.304303365396091250E-16 ) ) ;
#6671 = ADVANCED_FACE ( 'NONE', ( #6906 ), #11500, .F. ) ;
#6672 = CARTESIAN_POINT ( 'NONE',  ( -47.05000000000003979, 29.79999999999997939, 18.87638837486628418 ) ) ;
#6673 = FACE_OUTER_BOUND ( 'NONE', #11910, .T. ) ;
#6674 = ORIENTED_EDGE ( 'NONE', *, *, #9211, .T. ) ;
#6675 = ORIENTED_EDGE ( 'NONE', *, *, #6957, .T. ) ;
#6676 = DIRECTION ( 'NONE',  ( 1.000000000000000000, 0.000000000000000000, 0.000000000000000000 ) ) ;
#6677 = EDGE_LOOP ( 'NONE', ( #6056, #1172, #1195, #5988 ) ) ;
#6678 = EDGE_LOOP ( 'NONE', ( #5857, #8480, #11251, #6790, #5353, #601 ) ) ;
#6679 = CARTESIAN_POINT ( 'NONE',  ( -81.80000000000005400, 5.160013830360102328E-14, 26.00000000000000355 ) ) ;
#6680 = CARTESIAN_POINT ( 'NONE',  ( 52.19999999999992468, 20.80000000000000426, 9.000000000000031974 ) ) ;
#6681 = EDGE_LOOP ( 'NONE', ( #3058, #4413, #1452, #4720 ) ) ;
#6682 = CARTESIAN_POINT ( 'NONE',  ( 78.80000000000003979, 30.80000000000002913, 10.99999999999997335 ) ) ;
#6683 = FACE_OUTER_BOUND ( 'NONE', #3702, .T. ) ;
#6684 = DIRECTION ( 'NONE',  ( 0.000000000000000000, -1.000000000000000000, 0.000000000000000000 ) ) ;
#6685 = CARTESIAN_POINT ( 'NONE',  ( 1.199999999999963096, -57.98150098949683695, 14.11324865405187090 ) ) ;
#6686 = EDGE_LOOP ( 'NONE', ( #11781, #2340, #12181, #5869 ) ) ;
#6687 = VERTEX_POINT ( 'NONE', #4878 ) ;
#6688 = CARTESIAN_POINT ( 'NONE',  ( 0.000000000000000000, 0.000000000000000000, 1.000000000000000000 ) ) ;
#6689 = ORIENTED_EDGE ( 'NONE', *, *, #4539, .T. ) ;
#6690 = DIRECTION ( 'NONE',  ( 0.000000000000000000, 1.000000000000000000, 0.000000000000000000 ) ) ;
#6691 = DIRECTION ( 'NONE',  ( 1.000000000000000000, 1.114860845743448580E-16, -1.304303365396091250E-16 ) ) ;
#6692 = EDGE_CURVE ( 'NONE', #5166, #11518, #3106, .T. ) ;
#6693 = ADVANCED_FACE ( 'NONE', ( #4989 ), #7680, .T. ) ;
#6694 = CARTESIAN_POINT ( 'NONE',  ( 39.69999999999996732, -57.98150098949683695, 18.44337567297406721 ) ) ;
#6695 = DIRECTION ( 'NONE',  ( -1.000000000000000000, 0.000000000000000000, 0.000000000000000000 ) ) ;
#6696 = VECTOR ( 'NONE', #2994, 1000.000000000000000 ) ;
#6697 = LINE ( 'NONE', #8345, #10584 ) ;
#6698 = AXIS2_PLACEMENT_3D ( 'NONE', #12381, #7634, #11456 ) ;
#6699 = DIRECTION ( 'NONE',  ( -0.7071067811865474617, 0.000000000000000000, -0.7071067811865474617 ) ) ;
#6700 = VERTEX_POINT ( 'NONE', #10624 ) ;
#6701 = DIRECTION ( 'NONE',  ( 0.000000000000000000, 0.000000000000000000, -1.000000000000000000 ) ) ;
#6702 = VECTOR ( 'NONE', #1609, 1000.000000000000000 ) ;
#6703 = DIRECTION ( 'NONE',  ( 0.8660254037844385966, 9.654978140984307746E-17, 0.5000000000000001110 ) ) ;
#6704 = EDGE_CURVE ( 'NONE', #11455, #56, #10682, .T. ) ;
#6705 = ORIENTED_EDGE ( 'NONE', *, *, #6050, .T. ) ;
#6706 = DIRECTION ( 'NONE',  ( -0.000000000000000000, -0.000000000000000000, 1.000000000000000000 ) ) ;
#6707 = CARTESIAN_POINT ( 'NONE',  ( 60.79711431702998681, -20.79999999999999005, 55.44986187818958001 ) ) ;
#6708 = ORIENTED_EDGE ( 'NONE', *, *, #10881, .F. ) ;
#6709 = CARTESIAN_POINT ( 'NONE',  ( -48.04999999999999716, 20.79999999999999361, 26.00000000000000355 ) ) ;
#6710 = EDGE_CURVE ( 'NONE', #1764, #2688, #299, .T. ) ;
#6711 = VERTEX_POINT ( 'NONE', #3039 ) ;
#6712 = EDGE_CURVE ( 'NONE', #4941, #6587, #4118, .T. ) ;
#6713 = CARTESIAN_POINT ( 'NONE',  ( -91.34999999999998010, -34.49999999999997158, 0.000000000000000000 ) ) ;
#6714 = ORIENTED_EDGE ( 'NONE', *, *, #148, .F. ) ;
#6715 = CARTESIAN_POINT ( 'NONE',  ( -27.30000000000003268, -57.98150098949684406, 15.12361162513371227 ) ) ;
#6716 = ADVANCED_FACE ( 'NONE', ( #2160 ), #9824, .F. ) ;
#6717 = ORIENTED_EDGE ( 'NONE', *, *, #9684, .T. ) ;
#6718 = EDGE_LOOP ( 'NONE', ( #9682, #960, #2659, #8258 ) ) ;
#6719 = CARTESIAN_POINT ( 'NONE',  ( -93.34999999999999432, 29.85000000000000142, 3.000000000000000000 ) ) ;
#6720 = CARTESIAN_POINT ( 'NONE',  ( 38.69999999999996021, -24.79999999999999005, 26.00000000000000355 ) ) ;
#6721 = LINE ( 'NONE', #6542, #4616 ) ;
#6722 = VECTOR ( 'NONE', #10009, 1000.000000000000000 ) ;
#6723 = DIRECTION ( 'NONE',  ( 0.8660254037844387076, 9.654978140984308979E-17, 0.4999999999999998335 ) ) ;
#6724 = DIRECTION ( 'NONE',  ( -1.301042606982605321E-16, 1.000000000000000000, -0.000000000000000000 ) ) ;
#6725 = LINE ( 'NONE', #5798, #10226 ) ;
#6726 = DIRECTION ( 'NONE',  ( 0.000000000000000000, 0.000000000000000000, 1.000000000000000000 ) ) ;
#6727 = DIRECTION ( 'NONE',  ( 0.3535533905932752852, -0.7071067811865450192, -0.6123724356957964687 ) ) ;
#6728 = CARTESIAN_POINT ( 'NONE',  ( 77.46666666666672540, 20.13333333333335418, 25.33333333333336412 ) ) ;
#6729 = VECTOR ( 'NONE', #6241, 1000.000000000000114 ) ;
#6730 = CARTESIAN_POINT ( 'NONE',  ( -81.80000000000005400, 7.799999999999987388, 6.000000000000000000 ) ) ;
#6731 = VERTEX_POINT ( 'NONE', #1110 ) ;
#6732 = VECTOR ( 'NONE', #10660, 1000.000000000000000 ) ;
#6733 = DIRECTION ( 'NONE',  ( 0.000000000000000000, 0.000000000000000000, -1.000000000000000000 ) ) ;
#6734 = ORIENTED_EDGE ( 'NONE', *, *, #2459, .T. ) ;
#6735 = ORIENTED_EDGE ( 'NONE', *, *, #10129, .T. ) ;
#6736 = EDGE_CURVE ( 'NONE', #4235, #8686, #163, .T. ) ;
#6737 = PLANE ( 'NONE',  #3588 ) ;
#6738 = VERTEX_POINT ( 'NONE', #6668 ) ;
#6739 = LINE ( 'NONE', #192, #11979 ) ;
#6740 = ORIENTED_EDGE ( 'NONE', *, *, #4469, .F. ) ;
#6741 = VECTOR ( 'NONE', #1152, 1000.000000000000000 ) ;
#6742 = EDGE_CURVE ( 'NONE', #4340, #9526, #4820, .T. ) ;
#6743 = ORIENTED_EDGE ( 'NONE', *, *, #4485, .F. ) ;
#6744 = LINE ( 'NONE', #3951, #4563 ) ;
#6745 = EDGE_LOOP ( 'NONE', ( #12213, #1631, #11906, #10880 ) ) ;
#6746 = DIRECTION ( 'NONE',  ( 1.301042606982605321E-16, -1.000000000000000000, 0.000000000000000000 ) ) ;
#6747 = VECTOR ( 'NONE', #6060, 1000.000000000000114 ) ;
#6748 = CARTESIAN_POINT ( 'NONE',  ( -77.80000000000005400, -20.80000000000000426, 26.00000000000000355 ) ) ;
#6749 = PLANE ( 'NONE',  #7226 ) ;
#6750 = FACE_OUTER_BOUND ( 'NONE', #12160, .T. ) ;
#6751 = VECTOR ( 'NONE', #7135, 1000.000000000000000 ) ;
#6752 = DIRECTION ( 'NONE',  ( 0.000000000000000000, 0.000000000000000000, 1.000000000000000000 ) ) ;
#6753 = AXIS2_PLACEMENT_3D ( 'NONE', #8966, #2489, #4459 ) ;
#6754 = EDGE_CURVE ( 'NONE', #11850, #7551, #8631, .T. ) ;
#6755 = EDGE_CURVE ( 'NONE', #5809, #10810, #8932, .T. ) ;
#6756 = CARTESIAN_POINT ( 'NONE',  ( -43.80000000000030980, 2.049175519150872038, 50.60083363835618542 ) ) ;
#6757 = CARTESIAN_POINT ( 'NONE',  ( -92.84999999999999432, 29.85000000000000142, 1.000000000000000000 ) ) ;
#6758 = CARTESIAN_POINT ( 'NONE',  ( 77.80000000000005400, -57.98150098949682985, 10.00000000000000000 ) ) ;
#6759 = FACE_OUTER_BOUND ( 'NONE', #11148, .T. ) ;
#6760 = AXIS2_PLACEMENT_3D ( 'NONE', #11267, #12140, #3452 ) ;
#6761 = CARTESIAN_POINT ( 'NONE',  ( -91.05000000000001137, 27.00000000000000355, 0.5000000000000004441 ) ) ;
#6762 = AXIS2_PLACEMENT_3D ( 'NONE', #8698, #4129, #11751 ) ;
#6763 = AXIS2_PLACEMENT_3D ( 'NONE', #4231, #8041, #2963 ) ;
#6764 = VERTEX_POINT ( 'NONE', #11930 ) ;
#6765 = CARTESIAN_POINT ( 'NONE',  ( -84.30000000000003979, -32.79999999999998295, 5.000000000000000000 ) ) ;
#6766 = CARTESIAN_POINT ( 'NONE',  ( -46.05000000000004690, -24.80000000000000071, 18.29903810567668287 ) ) ;
#6767 = CARTESIAN_POINT ( 'NONE',  ( -40.55000000000001847, -23.80000000000002913, 18.87638837486628063 ) ) ;
#6768 = VERTEX_POINT ( 'NONE', #8054 ) ;
#6769 = EDGE_CURVE ( 'NONE', #1667, #1715, #1285, .T. ) ;
#6770 = VECTOR ( 'NONE', #5919, 1000.000000000000227 ) ;
#6771 = VECTOR ( 'NONE', #1534, 1000.000000000000000 ) ;
#6772 = FACE_OUTER_BOUND ( 'NONE', #10811, .T. ) ;
#6773 = EDGE_LOOP ( 'NONE', ( #10941, #5682, #4762, #3873 ) ) ;
#6774 = ORIENTED_EDGE ( 'NONE', *, *, #3491, .T. ) ;
#6775 = ORIENTED_EDGE ( 'NONE', *, *, #5077, .T. ) ;
#6776 = DIRECTION ( 'NONE',  ( 0.000000000000000000, 0.000000000000000000, -1.000000000000000000 ) ) ;
#6777 = DIRECTION ( 'NONE',  ( 0.8660254037844383745, 1.088633767200839306E-16, -0.5000000000000003331 ) ) ;
#6778 = VECTOR ( 'NONE', #9501, 1000.000000000000000 ) ;
#6779 = PLANE ( 'NONE',  #10188 ) ;
#6780 = LINE ( 'NONE', #2036, #10852 ) ;
#6781 = ADVANCED_FACE ( 'NONE', ( #7998 ), #4437, .F. ) ;
#6782 = CARTESIAN_POINT ( 'NONE',  ( 84.29999999999995453, 32.80000000000001137, 5.000000000000000000 ) ) ;
#6783 = ADVANCED_FACE ( 'NONE', ( #9881 ), #9178, .F. ) ;
#6784 = CARTESIAN_POINT ( 'NONE',  ( 15.69999999999998508, -20.79999999999999361, 26.00000000000000355 ) ) ;
#6785 = CARTESIAN_POINT ( 'NONE',  ( 16.69999999999996021, -57.98150098949683695, 15.55662432702593634 ) ) ;
#6786 = EDGE_CURVE ( 'NONE', #5411, #10175, #4371, .T. ) ;
#6787 = LINE ( 'NONE', #369, #3213 ) ;
#6788 = ORIENTED_EDGE ( 'NONE', *, *, #2153, .T. ) ;
#6789 = VECTOR ( 'NONE', #911, 1000.000000000000000 ) ;
#6790 = ORIENTED_EDGE ( 'NONE', *, *, #1646, .F. ) ;
#6791 = ORIENTED_EDGE ( 'NONE', *, *, #6244, .T. ) ;
#6792 = FACE_BOUND ( 'NONE', #9463, .T. ) ;
#6793 = DIRECTION ( 'NONE',  ( -1.000000000000000000, 0.000000000000000000, 0.000000000000000000 ) ) ;
#6794 = ORIENTED_EDGE ( 'NONE', *, *, #10238, .T. ) ;
#6795 = ADVANCED_FACE ( 'NONE', ( #10927 ), #8108, .T. ) ;
#6796 = CARTESIAN_POINT ( 'NONE',  ( 3.699999999999963318, -23.79999999999997229, 18.44337567297406721 ) ) ;
#6797 = EDGE_CURVE ( 'NONE', #1735, #1190, #1527, .T. ) ;
#6798 = AXIS2_PLACEMENT_3D ( 'NONE', #9485, #7654, #11522 ) ;
#6799 = CIRCLE ( 'NONE', #12020, 1.700000000000021050 ) ;
#6800 = LINE ( 'NONE', #9472, #2176 ) ;
#6801 = EDGE_CURVE ( 'NONE', #11760, #8105, #10994, .T. ) ;
#6802 = EDGE_LOOP ( 'NONE', ( #4054, #4814, #10798, #5153, #11831, #11418 ) ) ;
#6803 = EDGE_CURVE ( 'NONE', #10694, #6331, #10869, .T. ) ;
#6804 = ORIENTED_EDGE ( 'NONE', *, *, #3456, .F. ) ;
#6805 = CARTESIAN_POINT ( 'NONE',  ( -18.55796733799096287, -52.29203266200860156, 2.426505647695726076 ) ) ;
#6806 = ORIENTED_EDGE ( 'NONE', *, *, #6116, .T. ) ;
#6807 = ORIENTED_EDGE ( 'NONE', *, *, #7192, .T. ) ;
#6808 = CARTESIAN_POINT ( 'NONE',  ( 37.19999999999993179, -20.79999999999999005, 12.95854811567258658 ) ) ;
#6809 = CARTESIAN_POINT ( 'NONE',  ( -40.55000000000002558, 29.79999999999997939, 15.12361162513371404 ) ) ;
#6810 = ORIENTED_EDGE ( 'NONE', *, *, #4366, .F. ) ;
#6811 = FACE_OUTER_BOUND ( 'NONE', #10617, .T. ) ;
#6812 = EDGE_CURVE ( 'NONE', #7486, #11630, #6153, .T. ) ;
#6813 = CARTESIAN_POINT ( 'NONE',  ( 51.19999999999995310, 21.79999999999998295, 10.99999999999997691 ) ) ;
#6814 = LINE ( 'NONE', #10659, #980 ) ;
#6815 = CARTESIAN_POINT ( 'NONE',  ( 2.699999999999952216, -24.79999999999999361, 26.00000000000000355 ) ) ;
#6816 = ORIENTED_EDGE ( 'NONE', *, *, #6112, .T. ) ;
#6817 = DIRECTION ( 'NONE',  ( 0.6546536707079780859, 0.6546536707079750883, -0.3779644730092292515 ) ) ;
#6818 = ORIENTED_EDGE ( 'NONE', *, *, #450, .T. ) ;
#6819 = VERTEX_POINT ( 'NONE', #11740 ) ;
#6820 = DIRECTION ( 'NONE',  ( 7.385397543482817062E-15, -0.6546536707079733119, -0.7559289460184577258 ) ) ;
#6821 = CARTESIAN_POINT ( 'NONE',  ( -76.80000000000002558, -21.79999999999996874, 13.74999999999996447 ) ) ;
#6822 = DIRECTION ( 'NONE',  ( -1.000000000000000000, -1.257045997084642365E-16, 0.000000000000000000 ) ) ;
#6823 = LINE ( 'NONE', #977, #315 ) ;
#6824 = DIRECTION ( 'NONE',  ( 0.000000000000000000, 0.7071067811865469066, -0.7071067811865481278 ) ) ;
#6825 = ADVANCED_FACE ( 'NONE', ( #1410 ), #2283, .F. ) ;
#6826 = EDGE_LOOP ( 'NONE', ( #353, #3670, #3525, #3096 ) ) ;
#6827 = EDGE_CURVE ( 'NONE', #5401, #5298, #7219, .T. ) ;
#6828 = CARTESIAN_POINT ( 'NONE',  ( -43.80000000000005400, -20.80000000000000071, 12.09252271188816508 ) ) ;
#6829 = FACE_OUTER_BOUND ( 'NONE', #10445, .T. ) ;
#6830 = VERTEX_POINT ( 'NONE', #10071 ) ;
#6831 = ORIENTED_EDGE ( 'NONE', *, *, #5747, .F. ) ;
#6832 = FACE_OUTER_BOUND ( 'NONE', #11993, .T. ) ;
#6833 = CARTESIAN_POINT ( 'NONE',  ( 73.29711431702997970, 20.80000000000000426, 33.79922678357863930 ) ) ;
#6834 = ORIENTED_EDGE ( 'NONE', *, *, #1736, .T. ) ;
#6835 = LINE ( 'NONE', #1173, #8311 ) ;
#6836 = ORIENTED_EDGE ( 'NONE', *, *, #11141, .F. ) ;
#6837 = ADVANCED_FACE ( 'NONE', ( #6220 ), #1469, .F. ) ;
#6838 = ORIENTED_EDGE ( 'NONE', *, *, #839, .T. ) ;
#6839 = DIRECTION ( 'NONE',  ( -0.3535533905932785603, 0.7071067811865386910, -0.6123724356958020199 ) ) ;
#6840 = EDGE_CURVE ( 'NONE', #1274, #10446, #5301, .T. ) ;
#6841 = DIRECTION ( 'NONE',  ( 0.000000000000000000, 0.000000000000000000, 1.000000000000000000 ) ) ;
#6842 = LINE ( 'NONE', #9944, #10786 ) ;
#6843 = DIRECTION ( 'NONE',  ( -0.000000000000000000, -0.000000000000000000, -1.000000000000000000 ) ) ;
#6844 = CARTESIAN_POINT ( 'NONE',  ( -43.80000000000002558, 29.79999999999997939, 20.75277674973256836 ) ) ;
#6845 = CARTESIAN_POINT ( 'NONE',  ( -84.80000000000003979, 32.30000000000003979, 6.000000000000000000 ) ) ;
#6846 = DIRECTION ( 'NONE',  ( -0.000000000000000000, 0.000000000000000000, -1.000000000000000000 ) ) ;
#6847 = DIRECTION ( 'NONE',  ( -0.8660254037844387076, -9.654978140984307746E-17, 0.4999999999999998335 ) ) ;
#6848 = CARTESIAN_POINT ( 'NONE',  ( 47.31538568297006009, -24.79999999999999005, -26.80090084623756042 ) ) ;
#6849 = PLANE ( 'NONE',  #6698 ) ;
#6850 = DIRECTION ( 'NONE',  ( 0.000000000000000000, 0.000000000000000000, 1.000000000000000000 ) ) ;
#6851 = ORIENTED_EDGE ( 'NONE', *, *, #5596, .F. ) ;
#6852 = ORIENTED_EDGE ( 'NONE', *, *, #9730, .T. ) ;
#6853 = CARTESIAN_POINT ( 'NONE',  ( -77.80000000000005400, 8.799999999999988276, 6.999999999999999112 ) ) ;
#6854 = ORIENTED_EDGE ( 'NONE', *, *, #3062, .F. ) ;
#6855 = LINE ( 'NONE', #4071, #8151 ) ;
#6856 = VERTEX_POINT ( 'NONE', #1348 ) ;
#6857 = ADVANCED_FACE ( 'NONE', ( #4249 ), #5245, .F. ) ;
#6858 = AXIS2_PLACEMENT_3D ( 'NONE', #9884, #2346, #5114 ) ;
#6859 = LINE ( 'NONE', #10585, #1584 ) ;
#6860 = DIRECTION ( 'NONE',  ( -0.000000000000000000, -0.000000000000000000, -1.000000000000000000 ) ) ;
#6861 = VERTEX_POINT ( 'NONE', #9496 ) ;
#6862 = ORIENTED_EDGE ( 'NONE', *, *, #3489, .F. ) ;
#6863 = DIRECTION ( 'NONE',  ( 0.8660254037844385966, 1.088633767200839676E-16, -0.4999999999999999445 ) ) ;
#6864 = LINE ( 'NONE', #5203, #6363 ) ;
#6865 = ORIENTED_EDGE ( 'NONE', *, *, #10310, .F. ) ;
#6866 = LINE ( 'NONE', #9194, #788 ) ;
#6867 = ORIENTED_EDGE ( 'NONE', *, *, #1753, .T. ) ;
#6868 = EDGE_CURVE ( 'NONE', #8848, #4019, #8360, .T. ) ;
#6869 = EDGE_CURVE ( 'NONE', #9768, #10931, #10366, .T. ) ;
#6870 = CARTESIAN_POINT ( 'NONE',  ( 93.35000000000000853, 33.00000000000000000, 4.500000000000018652 ) ) ;
#6871 = ORIENTED_EDGE ( 'NONE', *, *, #11621, .F. ) ;
#6872 = ADVANCED_FACE ( 'NONE', ( #5422 ), #11696, .F. ) ;
#6873 = CARTESIAN_POINT ( 'NONE',  ( 2.141208181159837576, -27.24120818115987319, 17.54340679675601322 ) ) ;
#6874 = CARTESIAN_POINT ( 'NONE',  ( -92.84999999999999432, -32.99999999999997868, 0.000000000000000000 ) ) ;
#6875 = DIRECTION ( 'NONE',  ( 1.000000000000000000, 0.000000000000000000, 0.000000000000000000 ) ) ;
#6876 = CARTESIAN_POINT ( 'NONE',  ( 50.19999999999998153, 20.80000000000000426, 26.00000000000000355 ) ) ;
#6877 = DIRECTION ( 'NONE',  ( 0.000000000000000000, -0.7071067811865466846, -0.7071067811865483499 ) ) ;
#6878 = VECTOR ( 'NONE', #969, 1000.000000000000000 ) ;
#6879 = ORIENTED_EDGE ( 'NONE', *, *, #6597, .F. ) ;
#6880 = DIRECTION ( 'NONE',  ( -0.8660254037844383745, 0.000000000000000000, 0.5000000000000004441 ) ) ;
#6881 = VERTEX_POINT ( 'NONE', #2726 ) ;
#6882 = PLANE ( 'NONE',  #1362 ) ;
#6883 = LINE ( 'NONE', #1488, #604 ) ;
#6884 = EDGE_CURVE ( 'NONE', #2485, #5920, #7274, .T. ) ;
#6885 = CARTESIAN_POINT ( 'NONE',  ( -59.30000000000000426, 20.79999999999999361, 13.75000000000001776 ) ) ;
#6886 = CARTESIAN_POINT ( 'NONE',  ( 86.34999999999998010, 29.85000000000004405, 1.000000000000000000 ) ) ;
#6887 = EDGE_CURVE ( 'NONE', #10557, #7731, #9247, .T. ) ;
#6888 = CARTESIAN_POINT ( 'NONE',  ( 3.699999999999956213, 29.80000000000002203, 15.55662432702593811 ) ) ;
#6889 = ORIENTED_EDGE ( 'NONE', *, *, #7761, .T. ) ;
#6890 = VECTOR ( 'NONE', #2551, 1000.000000000000114 ) ;
#6891 = CARTESIAN_POINT ( 'NONE',  ( 33.64368162370566750, -9.856318376294270323, 25.33906347353574162 ) ) ;
#6893 = VECTOR ( 'NONE', #7312, 1000.000000000000000 ) ;
#6892 = CARTESIAN_POINT ( 'NONE',  ( -91.54999999999999716, -27.00000000000000355, 0.000000000000000000 ) ) ;
#6894 = DIRECTION ( 'NONE',  ( -0.8660254037844383745, -9.654978140984305281E-17, 0.5000000000000003331 ) ) ;
#6895 = EDGE_LOOP ( 'NONE', ( #5867, #8012, #8359, #7443 ) ) ;
#6896 = AXIS2_PLACEMENT_3D ( 'NONE', #9123, #1542, #7103 ) ;
#6897 = ORIENTED_EDGE ( 'NONE', *, *, #9914, .T. ) ;
#6898 = LINE ( 'NONE', #6964, #4967 ) ;
#6899 = ADVANCED_FACE ( 'NONE', ( #2601 ), #802, .T. ) ;
#6900 = LINE ( 'NONE', #1969, #9924 ) ;
#6901 = DIRECTION ( 'NONE',  ( 0.000000000000000000, 0.000000000000000000, -1.000000000000000000 ) ) ;
#6902 = ORIENTED_EDGE ( 'NONE', *, *, #3233, .F. ) ;
#6903 = ORIENTED_EDGE ( 'NONE', *, *, #10533, .F. ) ;
#6904 = ORIENTED_EDGE ( 'NONE', *, *, #11425, .F. ) ;
#6905 = AXIS2_PLACEMENT_3D ( 'NONE', #9068, #2235, #7354 ) ;
#6906 = FACE_OUTER_BOUND ( 'NONE', #5893, .T. ) ;
#6907 = CARTESIAN_POINT ( 'NONE',  ( -3.745997071312236456E-15, 29.80000000000001847, 26.00000000000000355 ) ) ;
#6908 = PLANE ( 'NONE',  #3404 ) ;
#6909 = CARTESIAN_POINT ( 'NONE',  ( 48.80000000000003979, 48.80000000000003979, 26.00000000000000355 ) ) ;
#6910 = CARTESIAN_POINT ( 'NONE',  ( -92.84999999999999432, 33.00000000000000000, 5.000000000000000000 ) ) ;
#6911 = CARTESIAN_POINT ( 'NONE',  ( -91.34999999999998010, -34.99999999999998579, 4.500000000000018652 ) ) ;
#6912 = EDGE_CURVE ( 'NONE', #10656, #548, #6466, .T. ) ;
#6913 = VERTEX_POINT ( 'NONE', #12238 ) ;
#6914 = ADVANCED_FACE ( 'NONE', ( #3611 ), #1596, .F. ) ;
#6915 = EDGE_LOOP ( 'NONE', ( #8913, #10623, #198, #909 ) ) ;
#6916 = ORIENTED_EDGE ( 'NONE', *, *, #4383, .F. ) ;
#6917 = CARTESIAN_POINT ( 'NONE',  ( -24.05000000000002913, -57.98150098949684406, 13.24722325026742809 ) ) ;
#6918 = ORIENTED_EDGE ( 'NONE', *, *, #6024, .T. ) ;
#6919 = ORIENTED_EDGE ( 'NONE', *, *, #1548, .T. ) ;
#6920 = VECTOR ( 'NONE', #8253, 1000.000000000000114 ) ;
#6921 = DIRECTION ( 'NONE',  ( 0.8660254037844381525, 9.654978140984302816E-17, -0.5000000000000007772 ) ) ;
#6922 = VECTOR ( 'NONE', #10568, 1000.000000000000000 ) ;
#6923 = LINE ( 'NONE', #7825, #2398 ) ;
#6924 = DIRECTION ( 'NONE',  ( -1.000000000000000000, 0.000000000000000000, 0.000000000000000000 ) ) ;
#6925 = ORIENTED_EDGE ( 'NONE', *, *, #11332, .T. ) ;
#6926 = ORIENTED_EDGE ( 'NONE', *, *, #4352, .T. ) ;
#6927 = ORIENTED_EDGE ( 'NONE', *, *, #2755, .T. ) ;
#6928 = ORIENTED_EDGE ( 'NONE', *, *, #4792, .F. ) ;
#6929 = DIRECTION ( 'NONE',  ( -0.000000000000000000, -0.000000000000000000, 1.000000000000000000 ) ) ;
#6930 = PLANE ( 'NONE',  #7862 ) ;
#6931 = ORIENTED_EDGE ( 'NONE', *, *, #1953, .F. ) ;
#6932 = LINE ( 'NONE', #5394, #5050 ) ;
#6933 = CARTESIAN_POINT ( 'NONE',  ( -81.80000000000005400, 8.799999999999988276, 6.999999999999999112 ) ) ;
#6934 = DIRECTION ( 'NONE',  ( 0.7071067811865469066, 0.000000000000000000, -0.7071067811865481278 ) ) ;
#6935 = CONICAL_SURFACE ( 'NONE', #1560, 1.700000000000007061, 0.7853981633974391752 ) ;
#6936 = EDGE_CURVE ( 'NONE', #9814, #9652, #670, .T. ) ;
#6937 = DIRECTION ( 'NONE',  ( 0.000000000000000000, -0.7071067811865487940, -0.7071067811865462405 ) ) ;
#6938 = DIRECTION ( 'NONE',  ( -1.000000000000000000, -1.114860845743448580E-16, 0.000000000000000000 ) ) ;
#6939 = EDGE_CURVE ( 'NONE', #505, #965, #4501, .T. ) ;
#6940 = VERTEX_POINT ( 'NONE', #3482 ) ;
#6941 = DIRECTION ( 'NONE',  ( -0.000000000000000000, -0.000000000000000000, -1.000000000000000000 ) ) ;
#6942 = ORIENTED_EDGE ( 'NONE', *, *, #2191, .T. ) ;
#6943 = LINE ( 'NONE', #4286, #2962 ) ;
#6944 = DIRECTION ( 'NONE',  ( -1.000000000000000000, 0.000000000000000000, 0.000000000000000000 ) ) ;
#6945 = EDGE_CURVE ( 'NONE', #2976, #2677, #6528, .T. ) ;
#6946 = DIRECTION ( 'NONE',  ( -0.000000000000000000, -0.000000000000000000, -1.000000000000000000 ) ) ;
#6947 = ORIENTED_EDGE ( 'NONE', *, *, #3680, .F. ) ;
#6948 = VECTOR ( 'NONE', #7510, 1000.000000000000000 ) ;
#6949 = CARTESIAN_POINT ( 'NONE',  ( 82.80000000000003979, 29.80000000000002913, 25.00000000000000000 ) ) ;
#6950 = ORIENTED_EDGE ( 'NONE', *, *, #4148, .F. ) ;
#6951 = ORIENTED_EDGE ( 'NONE', *, *, #6963, .F. ) ;
#6952 = ORIENTED_EDGE ( 'NONE', *, *, #6585, .F. ) ;
#6953 = DIRECTION ( 'NONE',  ( 0.6546536707079751993, -0.6546536707079797512, 0.3779644730092263094 ) ) ;
#6954 = VECTOR ( 'NONE', #4669, 1000.000000000000000 ) ;
#6955 = AXIS2_PLACEMENT_3D ( 'NONE', #3960, #11589, #9729 ) ;
#6956 = ADVANCED_FACE ( 'NONE', ( #5610 ), #10309, .F. ) ;
#6957 = EDGE_CURVE ( 'NONE', #3623, #9585, #3546, .T. ) ;
#6958 = LINE ( 'NONE', #2025, #8812 ) ;
#6959 = ORIENTED_EDGE ( 'NONE', *, *, #2377, .T. ) ;
#6960 = ORIENTED_EDGE ( 'NONE', *, *, #4119, .T. ) ;
#6961 = PERSON_AND_ORGANIZATION ( #6357, #11785 ) ;
#6962 = ADVANCED_FACE ( 'NONE', ( #12286 ), #6336, .F. ) ;
#6963 = EDGE_CURVE ( 'NONE', #7797, #12334, #10432, .T. ) ;
#6964 = CARTESIAN_POINT ( 'NONE',  ( -0.8000000000000533351, -24.79999999999999716, 16.42264973081036672 ) ) ;
#6965 = DIRECTION ( 'NONE',  ( 0.000000000000000000, 1.000000000000000000, 0.000000000000000000 ) ) ;
#6966 = VECTOR ( 'NONE', #9279, 1000.000000000000000 ) ;
#6967 = ORIENTED_EDGE ( 'NONE', *, *, #2903, .T. ) ;
#6968 = AXIS2_PLACEMENT_3D ( 'NONE', #6991, #7824, #11636 ) ;
#6969 = AXIS2_PLACEMENT_3D ( 'NONE', #7092, #8936, #2089 ) ;
#6970 = ORIENTED_EDGE ( 'NONE', *, *, #3908, .F. ) ;
#6971 = ORIENTED_EDGE ( 'NONE', *, *, #1608, .F. ) ;
#6972 = CARTESIAN_POINT ( 'NONE',  ( 57.50288568297003167, -20.79999999999999005, -9.155633244129615989 ) ) ;
#6973 = DIRECTION ( 'NONE',  ( 1.000000000000000000, 0.000000000000000000, 0.000000000000000000 ) ) ;
#6974 = CARTESIAN_POINT ( 'NONE',  ( -91.34999999999998010, 33.00000000000000000, 5.000000000000000000 ) ) ;
#6975 = FACE_OUTER_BOUND ( 'NONE', #93, .T. ) ;
#6976 = LINE ( 'NONE', #9761, #11638 ) ;
#6977 = EDGE_CURVE ( 'NONE', #10839, #7484, #11107, .T. ) ;
#6978 = DIRECTION ( 'NONE',  ( -1.000000000000000000, 0.000000000000000000, 0.000000000000000000 ) ) ;
#6979 = AXIS2_PLACEMENT_3D ( 'NONE', #5446, #1367, #6175 ) ;
#6980 = DIRECTION ( 'NONE',  ( -0.7071067811865474617, -0.000000000000000000, 0.7071067811865474617 ) ) ;
#6981 = VERTEX_POINT ( 'NONE', #2534 ) ;
#6982 = ORIENTED_EDGE ( 'NONE', *, *, #7657, .F. ) ;
#6983 = ORIENTED_EDGE ( 'NONE', *, *, #9752, .T. ) ;
#6984 = DIRECTION ( 'NONE',  ( 0.7071067811865426878, 0.7071067811865524577, -0.000000000000000000 ) ) ;
#6985 = VERTEX_POINT ( 'NONE', #9304 ) ;
#6986 = CARTESIAN_POINT ( 'NONE',  ( 77.80000000000003979, 21.79999999999997939, 22.00000000000000355 ) ) ;
#6987 = VECTOR ( 'NONE', #7099, 1000.000000000000000 ) ;
#6988 = CARTESIAN_POINT ( 'NONE',  ( -91.34999999999998010, 34.50000000000000000, 0.000000000000000000 ) ) ;
#6989 = ORIENTED_EDGE ( 'NONE', *, *, #4599, .F. ) ;
#6990 = EDGE_CURVE ( 'NONE', #3652, #2387, #737, .T. ) ;
#6991 = CARTESIAN_POINT ( 'NONE',  ( -82.80000000000005400, -9.800000000000009592, 6.999999999999999112 ) ) ;
#6992 = EDGE_CURVE ( 'NONE', #6007, #3989, #1319, .T. ) ;
#6993 = CARTESIAN_POINT ( 'NONE',  ( -40.55000000000001847, -21.80000000000000071, 15.12361162513371404 ) ) ;
#6994 = CARTESIAN_POINT ( 'NONE',  ( 16.69999999999994955, 29.79999999999999361, 18.44337567297407077 ) ) ;
#6995 = ORIENTED_EDGE ( 'NONE', *, *, #1377, .F. ) ;
#6996 = AXIS2_PLACEMENT_3D ( 'NONE', #6500, #5700, #1823 ) ;
#6997 = VECTOR ( 'NONE', #2402, 999.9999999999998863 ) ;
#6998 = VERTEX_POINT ( 'NONE', #9910 ) ;
#6999 = VERTEX_POINT ( 'NONE', #4089 ) ;
#7000 = CARTESIAN_POINT ( 'NONE',  ( 37.69999999999995310, -24.79999999999999005, 19.02072594216370760 ) ) ;
#7001 = LINE ( 'NONE', #3009, #7455 ) ;
#7002 = ORIENTED_EDGE ( 'NONE', *, *, #2266, .T. ) ;
#7003 = VECTOR ( 'NONE', #12032, 1000.000000000000114 ) ;
#7004 = LINE ( 'NONE', #7962, #5123 ) ;
#7005 = EDGE_CURVE ( 'NONE', #11585, #5980, #5084, .T. ) ;
#7006 = CARTESIAN_POINT ( 'NONE',  ( 81.80000000000003979, 30.80000000000002913, 26.00000000000000355 ) ) ;
#7007 = CARTESIAN_POINT ( 'NONE',  ( 82.80000000000005400, -15.50710678118653085, 19.29289321881347519 ) ) ;
#7008 = CARTESIAN_POINT ( 'NONE',  ( -91.34999999999998010, -34.99999999999998579, 0.4999999999999831246 ) ) ;
#7009 = FACE_OUTER_BOUND ( 'NONE', #8085, .T. ) ;
#7010 = ORIENTED_EDGE ( 'NONE', *, *, #9419, .F. ) ;
#7011 = ORIENTED_EDGE ( 'NONE', *, *, #4702, .F. ) ;
#7012 = ORIENTED_EDGE ( 'NONE', *, *, #8320, .F. ) ;
#7013 = FACE_OUTER_BOUND ( 'NONE', #70, .T. ) ;
#7014 = AXIS2_PLACEMENT_3D ( 'NONE', #6809, #7765, #7651 ) ;
#7015 = ORIENTED_EDGE ( 'NONE', *, *, #3549, .F. ) ;
#7016 = DIRECTION ( 'NONE',  ( 0.6546536707079764206, 0.6546536707079766426, -0.3779644730092294735 ) ) ;
#7017 = VECTOR ( 'NONE', #3637, 1000.000000000000114 ) ;
#7018 = ORIENTED_EDGE ( 'NONE', *, *, #10517, .F. ) ;
#7019 = EDGE_CURVE ( 'NONE', #10838, #296, #5027, .T. ) ;
#7020 = ADVANCED_FACE ( 'NONE', ( #2125 ), #5938, .F. ) ;
#7021 = CARTESIAN_POINT ( 'NONE',  ( -47.05000000000003979, 21.79999999999995808, 18.87638837486628418 ) ) ;
#7022 = ADVANCED_FACE ( 'NONE', ( #9789 ), #1211, .T. ) ;
#7023 = CARTESIAN_POINT ( 'NONE',  ( -91.34999999999998010, 35.00000000000000000, 5.000000000000000000 ) ) ;
#7024 = PLANE ( 'NONE',  #5796 ) ;
#7025 = EDGE_LOOP ( 'NONE', ( #9581, #372, #7316, #5906 ) ) ;
#7026 = DIRECTION ( 'NONE',  ( -0.7071067811865474617, 0.7071067811865474617, 0.000000000000000000 ) ) ;
#7027 = LINE ( 'NONE', #543, #10526 ) ;
#7028 = AXIS2_PLACEMENT_3D ( 'NONE', #1180, #4120, #11679 ) ;
#7029 = VERTEX_POINT ( 'NONE', #9557 ) ;
#7030 = ADVANCED_FACE ( 'NONE', ( #8843 ), #2852, .T. ) ;
#7031 = EDGE_CURVE ( 'NONE', #8118, #10197, #3210, .T. ) ;
#7032 = ORIENTED_EDGE ( 'NONE', *, *, #2948, .T. ) ;
#7033 = ORIENTED_EDGE ( 'NONE', *, *, #4683, .F. ) ;
#7034 = CARTESIAN_POINT ( 'NONE',  ( 37.19999999999980389, -13.71346123343728962, 4.775717986677237903 ) ) ;
#7035 = PLANE ( 'NONE',  #7415 ) ;
#7036 = EDGE_CURVE ( 'NONE', #4202, #11714, #4028, .T. ) ;
#7037 = DIRECTION ( 'NONE',  ( 0.7071067811865474617, 0.7071067811865474617, 0.000000000000000000 ) ) ;
#7038 = DIRECTION ( 'NONE',  ( -0.8660254037844383745, -9.654978140984305281E-17, 0.5000000000000004441 ) ) ;
#7039 = LINE ( 'NONE', #6092, #812 ) ;
#7040 = DIRECTION ( 'NONE',  ( -1.000000000000000000, 0.000000000000000000, 0.000000000000000000 ) ) ;
#7041 = CARTESIAN_POINT ( 'NONE',  ( -61.30000000000000426, -23.80000000000002913, 21.24999999999999289 ) ) ;
#7042 = CARTESIAN_POINT ( 'NONE',  ( -47.05000000000003979, -23.80000000000003268, 15.12361162513372292 ) ) ;
#7043 = EDGE_LOOP ( 'NONE', ( #4335, #2021, #2484, #6601, #8895 ) ) ;
#7044 = CARTESIAN_POINT ( 'NONE',  ( 19.19999999999993534, 30.80000000000002203, 21.04145188432742586 ) ) ;
#7045 = ORIENTED_EDGE ( 'NONE', *, *, #9029, .F. ) ;
#7046 = EDGE_CURVE ( 'NONE', #4248, #5023, #10491, .T. ) ;
#7047 = CARTESIAN_POINT ( 'NONE',  ( -59.30000000000000426, 20.79999999999999361, 13.75000000000001776 ) ) ;
#7048 = ORIENTED_EDGE ( 'NONE', *, *, #6636, .F. ) ;
#7049 = FACE_OUTER_BOUND ( 'NONE', #1463, .T. ) ;
#7050 = ORIENTED_EDGE ( 'NONE', *, *, #4380, .T. ) ;
#7051 = EDGE_CURVE ( 'NONE', #4834, #10916, #10844, .T. ) ;
#7052 = DIRECTION ( 'NONE',  ( 0.000000000000000000, 0.000000000000000000, 1.000000000000000000 ) ) ;
#7053 = DIRECTION ( 'NONE',  ( 1.829590109625963609E-14, 0.7071067811865474617, 0.7071067811865474617 ) ) ;
#7054 = CARTESIAN_POINT ( 'NONE',  ( -47.05000000000003979, -21.80000000000000071, 15.12361162513371760 ) ) ;
#7055 = ORIENTED_EDGE ( 'NONE', *, *, #4909, .T. ) ;
#7056 = VECTOR ( 'NONE', #3593, 999.9999999999998863 ) ;
#7057 = ORIENTED_EDGE ( 'NONE', *, *, #6887, .T. ) ;
#7058 = ORIENTED_EDGE ( 'NONE', *, *, #10420, .T. ) ;
#7059 = ORIENTED_EDGE ( 'NONE', *, *, #7585, .T. ) ;
#7060 = LINE ( 'NONE', #11959, #3596 ) ;
#7061 = CARTESIAN_POINT ( 'NONE',  ( 50.56538568297007430, -20.79999999999999005, -21.17173572163869721 ) ) ;
#7062 = CARTESIAN_POINT ( 'NONE',  ( 87.64999999999996305, -27.00000000000000355, 4.499999999999970690 ) ) ;
#7063 = DIRECTION ( 'NONE',  ( 0.3535533905932753407, -0.7071067811865456854, 0.6123724356957958026 ) ) ;
#7064 = VECTOR ( 'NONE', #9374, 1000.000000000000000 ) ;
#7065 = CARTESIAN_POINT ( 'NONE',  ( -86.34999999999998010, 29.85000000000000142, 1.000000000000000000 ) ) ;
#7066 = DIRECTION ( 'NONE',  ( 0.000000000000000000, 0.000000000000000000, -1.000000000000000000 ) ) ;
#7067 = VERTEX_POINT ( 'NONE', #6874 ) ;
#7068 = LINE ( 'NONE', #694, #642 ) ;
#7069 = VERTEX_POINT ( 'NONE', #11709 ) ;
#7070 = CARTESIAN_POINT ( 'NONE',  ( 81.80000000000003979, 30.80000000000002913, 6.999999999999999112 ) ) ;
#7071 = VERTEX_POINT ( 'NONE', #6933 ) ;
#7072 = ADVANCED_FACE ( 'NONE', ( #3797 ), #10777, .F. ) ;
#7073 = EDGE_CURVE ( 'NONE', #12138, #4034, #7004, .T. ) ;
#7074 = CARTESIAN_POINT ( 'NONE',  ( -87.64999999999996305, 27.00000000000000355, 0.5000000000000004441 ) ) ;
#7075 = PLANE ( 'NONE',  #34 ) ;
#7076 = CARTESIAN_POINT ( 'NONE',  ( -75.80000000000005400, -20.80000000000000426, 22.24999999999996447 ) ) ;
#7077 = PLANE ( 'NONE',  #9636 ) ;
#7078 = CARTESIAN_POINT ( 'NONE',  ( 76.80000000000008242, 30.80000000000002913, 9.000000000000030198 ) ) ;
#7079 = VECTOR ( 'NONE', #11616, 1000.000000000000000 ) ;
#7080 = ORIENTED_EDGE ( 'NONE', *, *, #8418, .F. ) ;
#7081 = EDGE_LOOP ( 'NONE', ( #1880, #6074, #3728, #7197 ) ) ;
#7082 = APPROVAL_ROLE ( '' ) ;
#7083 = ORIENTED_EDGE ( 'NONE', *, *, #9280, .F. ) ;
#7084 = ADVANCED_FACE ( 'NONE', ( #8965 ), #7602, .F. ) ;
#7085 = CARTESIAN_POINT ( 'NONE',  ( -59.30000000000000426, 30.80000000000001137, 13.75000000000001776 ) ) ;
#7086 = VERTEX_POINT ( 'NONE', #2315 ) ;
#7087 = ORIENTED_EDGE ( 'NONE', *, *, #6269, .F. ) ;
#7088 = ORIENTED_EDGE ( 'NONE', *, *, #5133, .T. ) ;
#7089 = DIRECTION ( 'NONE',  ( 0.000000000000000000, 0.000000000000000000, -1.000000000000000000 ) ) ;
#7090 = CARTESIAN_POINT ( 'NONE',  ( 1.199999999999951106, 29.80000000000002203, 19.88675134594813443 ) ) ;
#7091 = LINE ( 'NONE', #11050, #846 ) ;
#7092 = CARTESIAN_POINT ( 'NONE',  ( 81.80000000000003979, 30.80000000000002913, 25.00000000000000000 ) ) ;
#7093 = DIRECTION ( 'NONE',  ( 0.7071067811865474617, 0.000000000000000000, -0.7071067811865474617 ) ) ;
#7094 = VECTOR ( 'NONE', #2296, 1000.000000000000114 ) ;
#7095 = CARTESIAN_POINT ( 'NONE',  ( 52.19999999999991758, 29.80000000000003979, 22.00000000000000711 ) ) ;
#7096 = PLANE ( 'NONE',  #11001 ) ;
#7097 = ADVANCED_FACE ( 'NONE', ( #6125 ), #9929, .T. ) ;
#7098 = ADVANCED_FACE ( 'NONE', ( #12356 ), #11430, .F. ) ;
#7099 = DIRECTION ( 'NONE',  ( -0.8660254037844387076, -1.088633767200839799E-16, 0.4999999999999998335 ) ) ;
#7100 = VECTOR ( 'NONE', #4561, 1000.000000000000000 ) ;
#7101 = EDGE_LOOP ( 'NONE', ( #8098, #1425, #411, #4926 ) ) ;
#7102 = EDGE_CURVE ( 'NONE', #7968, #1201, #3116, .T. ) ;
#7103 = DIRECTION ( 'NONE',  ( -0.8660254037844385966, -9.654978140984307746E-17, 0.4999999999999999445 ) ) ;
#7104 = ORIENTED_EDGE ( 'NONE', *, *, #8513, .F. ) ;
#7105 = VECTOR ( 'NONE', #4624, 1000.000000000000000 ) ;
#7106 = ORIENTED_EDGE ( 'NONE', *, *, #3850, .T. ) ;
#7107 = AXIS2_PLACEMENT_3D ( 'NONE', #5793, #3991, #6776 ) ;
#7108 = DIRECTION ( 'NONE',  ( -1.000000000000000000, -1.301042606982605321E-16, -7.511572993685781598E-17 ) ) ;
#7109 = VECTOR ( 'NONE', #7305, 1000.000000000000000 ) ;
#7110 = ORIENTED_EDGE ( 'NONE', *, *, #1136, .F. ) ;
#7111 = CARTESIAN_POINT ( 'NONE',  ( -93.34999999999999432, 23.65000000000000568, 1.000000000000000000 ) ) ;
#7112 = CARTESIAN_POINT ( 'NONE',  ( -75.80000000000005400, -20.80000000000000426, 22.24999999999996447 ) ) ;
#7113 = CARTESIAN_POINT ( 'NONE',  ( -20.27225305227718621, 48.57774694772297863, 3.416248966306809187 ) ) ;
#7114 = CARTESIAN_POINT ( 'NONE',  ( 51.19999999999995310, -23.80000000000001137, 22.00000000000000711 ) ) ;
#7115 = ORIENTED_EDGE ( 'NONE', *, *, #10508, .T. ) ;
#7116 = AXIS2_PLACEMENT_3D ( 'NONE', #2399, #7208, #534 ) ;
#7117 = VERTEX_POINT ( 'NONE', #578 ) ;
#7118 = EDGE_CURVE ( 'NONE', #11593, #10608, #3457, .T. ) ;
#7119 = ORIENTED_EDGE ( 'NONE', *, *, #8402, .T. ) ;
#7120 = ORIENTED_EDGE ( 'NONE', *, *, #4004, .F. ) ;
#7121 = DIRECTION ( 'NONE',  ( -6.348625920026254794E-15, -0.6546536707079806394, -0.7559289460184513976 ) ) ;
#7122 = FACE_OUTER_BOUND ( 'NONE', #5464, .T. ) ;
#7123 = ORIENTED_EDGE ( 'NONE', *, *, #10221, .F. ) ;
#7124 = VECTOR ( 'NONE', #8354, 1000.000000000000000 ) ;
#7125 = CYLINDRICAL_SURFACE ( 'NONE', #5896, 1.700000000000021050 ) ;
#7126 = DIRECTION ( 'NONE',  ( 0.5773502691896270633, 0.5773502691896250649, 0.5773502691896250649 ) ) ;
#7127 = CARTESIAN_POINT ( 'NONE',  ( -86.34999999999998010, 29.85000000000000142, 1.000000000000000000 ) ) ;
#7128 = ADVANCED_FACE ( 'NONE', ( #11024 ), #7125, .F. ) ;
#7129 = EDGE_LOOP ( 'NONE', ( #801, #6931, #324, #3026 ) ) ;
#7130 = ORIENTED_EDGE ( 'NONE', *, *, #5077, .F. ) ;
#7131 = LINE ( 'NONE', #2198, #2122 ) ;
#7132 = ORIENTED_EDGE ( 'NONE', *, *, #12357, .T. ) ;
#7133 = VECTOR ( 'NONE', #10157, 1000.000000000000114 ) ;
#7134 = VECTOR ( 'NONE', #1874, 1000.000000000000000 ) ;
#7135 = DIRECTION ( 'NONE',  ( 1.000000000000000000, 1.114860845743448580E-16, -1.304303365396091250E-16 ) ) ;
#7136 = EDGE_LOOP ( 'NONE', ( #1407, #5443, #44, #6045 ) ) ;
#7137 = FACE_OUTER_BOUND ( 'NONE', #11698, .T. ) ;
#7138 = PLANE ( 'NONE',  #12054 ) ;
#7139 = DESIGN_CONTEXT ( 'detailed design', #1770, 'design' ) ;
#7140 = DIRECTION ( 'NONE',  ( -0.7071067811865469066, 0.000000000000000000, -0.7071067811865481278 ) ) ;
#7141 = VECTOR ( 'NONE', #9956, 1000.000000000000000 ) ;
#7142 = CC_DESIGN_PERSON_AND_ORGANIZATION_ASSIGNMENT ( #3239, #4238, ( #2183 ) ) ;
#7143 = EDGE_CURVE ( 'NONE', #8848, #12018, #3582, .T. ) ;
#7144 = VECTOR ( 'NONE', #275, 1000.000000000000000 ) ;
#7145 = LINE ( 'NONE', #10980, #6997 ) ;
#7146 = VERTEX_POINT ( 'NONE', #8206 ) ;
#7147 = DATE_TIME_ROLE ( 'classification_date' ) ;
#7148 = EDGE_LOOP ( 'NONE', ( #3272, #10150, #11949, #702 ) ) ;
#7149 = DIRECTION ( 'NONE',  ( -0.3535533905932730092, -0.7071067811865495711, -0.6123724356957925830 ) ) ;
#7150 = ORIENTED_EDGE ( 'NONE', *, *, #10510, .F. ) ;
#7151 = DIRECTION ( 'NONE',  ( 0.000000000000000000, 0.000000000000000000, 1.000000000000000000 ) ) ;
#7152 = ORIENTED_EDGE ( 'NONE', *, *, #12036, .F. ) ;
#7153 = VECTOR ( 'NONE', #9412, 1000.000000000000000 ) ;
#7154 = ORIENTED_EDGE ( 'NONE', *, *, #4216, .T. ) ;
#7155 = CARTESIAN_POINT ( 'NONE',  ( 31.58488980486584552, -38.68488980486564088, 9.849580537276796832 ) ) ;
#7156 = DIRECTION ( 'NONE',  ( -1.000000000000000000, 0.000000000000000000, 0.000000000000000000 ) ) ;
#7157 = DIRECTION ( 'NONE',  ( 1.000000000000000000, 1.114860845743448580E-16, 0.000000000000000000 ) ) ;
#7158 = CARTESIAN_POINT ( 'NONE',  ( 37.19999999999994600, 20.80000000000000426, 21.04145188432736902 ) ) ;
#7159 = PLANE ( 'NONE',  #824 ) ;
#7160 = LINE ( 'NONE', #11003, #422 ) ;
#7161 = AXIS2_PLACEMENT_3D ( 'NONE', #8839, #2187, #1261 ) ;
#7162 = VECTOR ( 'NONE', #3568, 1000.000000000000000 ) ;
#7163 = ORIENTED_EDGE ( 'NONE', *, *, #10465, .T. ) ;
#7164 = CARTESIAN_POINT ( 'NONE',  ( -59.30000000000006111, -20.80000000000000071, 13.74999999999996270 ) ) ;
#7165 = ORIENTED_EDGE ( 'NONE', *, *, #10089, .T. ) ;
#7166 = CARTESIAN_POINT ( 'NONE',  ( 87.64999999999996305, 27.00000000000000355, 0.5000000000000004441 ) ) ;
#7167 = ORIENTED_EDGE ( 'NONE', *, *, #6868, .T. ) ;
#7168 = FACE_OUTER_BOUND ( 'NONE', #6578, .T. ) ;
#7169 = ADVANCED_FACE ( 'NONE', ( #10096 ), #5273, .F. ) ;
#7170 = ORIENTED_EDGE ( 'NONE', *, *, #4664, .T. ) ;
#7171 = EDGE_CURVE ( 'NONE', #590, #3901, #8266, .T. ) ;
#7172 = VECTOR ( 'NONE', #5803, 1000.000000000000000 ) ;
#7173 = CARTESIAN_POINT ( 'NONE',  ( 84.29999999999995453, 32.80000000000001137, 6.000000000000000000 ) ) ;
#7174 = CIRCLE ( 'NONE', #1795, 1.500000000000015099 ) ;
#7175 = DIRECTION ( 'NONE',  ( 0.000000000000000000, 0.000000000000000000, -1.000000000000000000 ) ) ;
#7176 = CARTESIAN_POINT ( 'NONE',  ( 33.69999999999993179, -20.79999999999999005, 14.97927405783627819 ) ) ;
#7177 = FACE_OUTER_BOUND ( 'NONE', #5190, .T. ) ;
#7178 = VERTEX_POINT ( 'NONE', #11139 ) ;
#7179 = CARTESIAN_POINT ( 'NONE',  ( -89.34999999999998010, -27.00000000000000355, 0.000000000000000000 ) ) ;
#7180 = CARTESIAN_POINT ( 'NONE',  ( 21.69999999999995666, 21.80000000000003979, 18.44337567297406721 ) ) ;
#7181 = DIRECTION ( 'NONE',  ( 0.7071067811865411334, 0.000000000000000000, 0.7071067811865539010 ) ) ;
#7182 = EDGE_LOOP ( 'NONE', ( #3329, #4087, #10316, #5562 ) ) ;
#7183 = VECTOR ( 'NONE', #7223, 1000.000000000000000 ) ;
#7184 = DIRECTION ( 'NONE',  ( -0.8660254037844383745, -9.654978140984305281E-17, 0.5000000000000003331 ) ) ;
#7185 = EDGE_CURVE ( 'NONE', #4235, #3355, #5395, .T. ) ;
#7186 = VERTEX_POINT ( 'NONE', #2501 ) ;
#7187 = ADVANCED_FACE ( 'NONE', ( #10043 ), #6306, .F. ) ;
#7188 = DIRECTION ( 'NONE',  ( -0.000000000000000000, -0.000000000000000000, -1.000000000000000000 ) ) ;
#7189 = ADVANCED_FACE ( 'NONE', ( #10156 ), #3515, .F. ) ;
#7190 = CARTESIAN_POINT ( 'NONE',  ( 51.19999999999995310, 20.80000000000001137, 21.00000000000003197 ) ) ;
#7191 = AXIS2_PLACEMENT_3D ( 'NONE', #7529, #1651, #5660 ) ;
#7192 = EDGE_CURVE ( 'NONE', #5980, #5064, #4531, .T. ) ;
#7193 = DIRECTION ( 'NONE',  ( -1.000000000000000000, 0.000000000000000000, 0.000000000000000000 ) ) ;
#7194 = AXIS2_PLACEMENT_3D ( 'NONE', #807, #3678, #7476 ) ;
#7195 = CARTESIAN_POINT ( 'NONE',  ( -83.80000000000005400, -9.800000000000011369, 6.000000000000000000 ) ) ;
#7196 = DIRECTION ( 'NONE',  ( 0.8660254037844385966, 9.654978140984307746E-17, 0.4999999999999999445 ) ) ;
#7197 = ORIENTED_EDGE ( 'NONE', *, *, #8652, .T. ) ;
#7198 = ORIENTED_EDGE ( 'NONE', *, *, #7926, .T. ) ;
#7199 = DIRECTION ( 'NONE',  ( 1.000000000000000000, 1.301042606982605321E-16, 0.000000000000000000 ) ) ;
#7200 = ORIENTED_EDGE ( 'NONE', *, *, #5620, .T. ) ;
#7201 = CARTESIAN_POINT ( 'NONE',  ( 39.69999999999996021, 21.79999999999998650, 18.44337567297406721 ) ) ;
#7202 = EDGE_LOOP ( 'NONE', ( #4558, #10855, #1466, #3018 ) ) ;
#7203 = VECTOR ( 'NONE', #3633, 1000.000000000000227 ) ;
#7204 = PLANE ( 'NONE',  #3671 ) ;
#7205 = LINE ( 'NONE', #4609, #2211 ) ;
#7206 = ADVANCED_FACE ( 'NONE', ( #8327 ), #6440, .F. ) ;
#7207 = CARTESIAN_POINT ( 'NONE',  ( 86.34999999999998010, -24.15000000000000568, 3.000000000000000000 ) ) ;
#7208 = DIRECTION ( 'NONE',  ( 0.7071067811865352493, 0.000000000000000000, -0.7071067811865597852 ) ) ;
#7209 = VECTOR ( 'NONE', #1643, 1000.000000000000000 ) ;
#7210 = AXIS2_PLACEMENT_3D ( 'NONE', #9545, #4796, #8608 ) ;
#7211 = DIRECTION ( 'NONE',  ( -0.3535533905932752852, -0.7071067811865435759, -0.6123724356957982451 ) ) ;
#7212 = ORIENTED_EDGE ( 'NONE', *, *, #9443, .T. ) ;
#7213 = EDGE_LOOP ( 'NONE', ( #9122, #12228, #3872, #4939 ) ) ;
#7214 = EDGE_LOOP ( 'NONE', ( #3356, #8037, #10754, #8409 ) ) ;
#7215 = DIRECTION ( 'NONE',  ( 0.000000000000000000, 0.000000000000000000, -1.000000000000000000 ) ) ;
#7216 = VERTEX_POINT ( 'NONE', #11464 ) ;
#7217 = ORIENTED_EDGE ( 'NONE', *, *, #1077, .T. ) ;
#7218 = ORIENTED_EDGE ( 'NONE', *, *, #7347, .T. ) ;
#7219 = LINE ( 'NONE', #7155, #5514 ) ;
#7220 = DIRECTION ( 'NONE',  ( 0.000000000000000000, 0.000000000000000000, -1.000000000000000000 ) ) ;
#7221 = CARTESIAN_POINT ( 'NONE',  ( -59.30000000000006111, -20.80000000000000071, 20.25000000000001776 ) ) ;
#7222 = DIRECTION ( 'NONE',  ( 0.6546536707079769757, -0.6546536707079770867, 0.3779644730092277527 ) ) ;
#7223 = DIRECTION ( 'NONE',  ( -1.000000000000000000, -3.797971485444570149E-17, 0.000000000000000000 ) ) ;
#7224 = FACE_OUTER_BOUND ( 'NONE', #5255, .T. ) ;
#7225 = APPROVAL_ROLE ( '' ) ;
#7226 = AXIS2_PLACEMENT_3D ( 'NONE', #6694, #206, #3845 ) ;
#7227 = FACE_OUTER_BOUND ( 'NONE', #5625, .T. ) ;
#7228 = VERTEX_POINT ( 'NONE', #7572 ) ;
#7229 = CARTESIAN_POINT ( 'NONE',  ( -81.80000000000005400, -8.800000000000009592, 13.99999999999999112 ) ) ;
#7230 = ORIENTED_EDGE ( 'NONE', *, *, #11409, .F. ) ;
#7231 = VECTOR ( 'NONE', #1806, 1000.000000000000000 ) ;
#7232 = ADVANCED_FACE ( 'NONE', ( #837 ), #8588, .T. ) ;
#7233 = ADVANCED_FACE ( 'NONE', ( #6683 ), #11269, .F. ) ;
#7234 = CARTESIAN_POINT ( 'NONE',  ( 82.80000000000005400, -8.799999999999988276, 26.00000000000000355 ) ) ;
#7235 = ORIENTED_EDGE ( 'NONE', *, *, #4076, .T. ) ;
#7236 = CARTESIAN_POINT ( 'NONE',  ( 20.14120818115998901, -27.24120818115996912, 17.54340679675621217 ) ) ;
#7237 = DIRECTION ( 'NONE',  ( 0.000000000000000000, 0.000000000000000000, -1.000000000000000000 ) ) ;
#7238 = CARTESIAN_POINT ( 'NONE',  ( 4.699999999999954881, 20.80000000000000071, 14.97927405783630306 ) ) ;
#7239 = CARTESIAN_POINT ( 'NONE',  ( -78.13333333333336839, 21.74280904158202432, 26.00000000000000355 ) ) ;
#7240 = AXIS2_PLACEMENT_3D ( 'NONE', #6634, #8777, #9539 ) ;
#7241 = CARTESIAN_POINT ( 'NONE',  ( -82.80000000000003979, 30.80000000000000782, 26.00000000000000355 ) ) ;
#7242 = CARTESIAN_POINT ( 'NONE',  ( 77.80000000000005400, -20.79999999999998650, 9.000000000000028422 ) ) ;
#7243 = ORIENTED_EDGE ( 'NONE', *, *, #11702, .F. ) ;
#7244 = VECTOR ( 'NONE', #7037, 1000.000000000000114 ) ;
#7245 = EDGE_LOOP ( 'NONE', ( #10138, #430, #5773, #2662 ) ) ;
#7246 = EDGE_CURVE ( 'NONE', #4260, #6193, #2828, .T. ) ;
#7247 = CARTESIAN_POINT ( 'NONE',  ( 52.19999999999991758, -20.79999999999999005, 22.99999999999997868 ) ) ;
#7248 = LINE ( 'NONE', #640, #8091 ) ;
#7249 = VECTOR ( 'NONE', #6203, 1000.000000000000227 ) ;
#7250 = ORIENTED_EDGE ( 'NONE', *, *, #1791, .F. ) ;
#7251 = DIRECTION ( 'NONE',  ( -0.000000000000000000, -0.000000000000000000, -1.000000000000000000 ) ) ;
#7252 = FACE_OUTER_BOUND ( 'NONE', #7987, .T. ) ;
#7253 = ADVANCED_FACE ( 'NONE', ( #3 ), #1756, .T. ) ;
#7254 = ORIENTED_EDGE ( 'NONE', *, *, #6493, .F. ) ;
#7255 = ADVANCED_FACE ( 'NONE', ( #11335 ), #2761, .F. ) ;
#7256 = PLANE ( 'NONE',  #7523 ) ;
#7257 = ORIENTED_EDGE ( 'NONE', *, *, #12331, .F. ) ;
#7258 = ADVANCED_FACE ( 'NONE', ( #1017 ), #4842, .F. ) ;
#7259 = CARTESIAN_POINT ( 'NONE',  ( 19.19999999999996021, 29.08571428571429607, 19.06196524710582452 ) ) ;
#7260 = DIRECTION ( 'NONE',  ( 1.261617073437676865E-15, -1.000000000000000000, 0.000000000000000000 ) ) ;
#7261 = DIRECTION ( 'NONE',  ( -1.000000000000000000, -0.000000000000000000, -0.000000000000000000 ) ) ;
#7262 = UNCERTAINTY_MEASURE_WITH_UNIT (LENGTH_MEASURE( 1.000000000000000082E-05 ), #3938, 'distance_accuracy_value', 'NONE');
#7263 = DIRECTION ( 'NONE',  ( 0.8660254037844383745, 1.088633767200839306E-16, -0.5000000000000004441 ) ) ;
#7264 = CARTESIAN_POINT ( 'NONE',  ( -24.05000000000002913, -57.98150098949684406, 20.75277674973256836 ) ) ;
#7265 = ORIENTED_EDGE ( 'NONE', *, *, #11708, .F. ) ;
#7266 = ORIENTED_EDGE ( 'NONE', *, *, #3810, .T. ) ;
#7267 = CARTESIAN_POINT ( 'NONE',  ( 77.80000000000005400, -57.98150098949682985, 10.00000000000000000 ) ) ;
#7268 = EDGE_CURVE ( 'NONE', #1796, #3923, #4595, .T. ) ;
#7269 = DIRECTION ( 'NONE',  ( 0.7071067811865475727, -0.7071067811865475727, 0.000000000000000000 ) ) ;
#7270 = DIRECTION ( 'NONE',  ( -0.000000000000000000, -0.000000000000000000, -1.000000000000000000 ) ) ;
#7271 = DIRECTION ( 'NONE',  ( -0.7071067811865474617, -7.883256641045619150E-17, 0.7071067811865474617 ) ) ;
#7272 = EDGE_LOOP ( 'NONE', ( #12089, #664, #3639, #8527 ) ) ;
#7273 = ORIENTED_EDGE ( 'NONE', *, *, #1673, .T. ) ;
#7274 = LINE ( 'NONE', #6590, #10906 ) ;
#7275 = CARTESIAN_POINT ( 'NONE',  ( 17.69999999999997442, -24.79999999999999361, 18.44337567297407077 ) ) ;
#7276 = DIRECTION ( 'NONE',  ( 0.3535533905932710108, -0.7071067811865529018, 0.6123724356957899184 ) ) ;
#7277 = DIRECTION ( 'NONE',  ( -0.000000000000000000, -0.000000000000000000, -1.000000000000000000 ) ) ;
#7278 = DIRECTION ( 'NONE',  ( 1.301042606982605321E-16, -1.000000000000000000, 0.000000000000000000 ) ) ;
#7279 = CARTESIAN_POINT ( 'NONE',  ( 86.34999999999998010, 29.85000000000004405, 1.000000000000000000 ) ) ;
#7280 = CARTESIAN_POINT ( 'NONE',  ( 91.05000000000001137, 27.00000000000000355, 3.000000000000000000 ) ) ;
#7281 = ADVANCED_FACE ( 'NONE', ( #4393 ), #1550, .F. ) ;
#7282 = APPROVAL_DATE_TIME ( #11055, #357 ) ;
#7283 = DIRECTION ( 'NONE',  ( 0.3535533905932731757, 0.7071067811865489050, -0.6123724356957934711 ) ) ;
#7284 = CARTESIAN_POINT ( 'NONE',  ( -24.05000000000002913, -57.98150098949684406, 20.75277674973256836 ) ) ;
#7285 = ORIENTED_EDGE ( 'NONE', *, *, #3767, .F. ) ;
#7286 = LINE ( 'NONE', #1798, #6702 ) ;
#7287 = CARTESIAN_POINT ( 'NONE',  ( 19.19999999999995666, -23.79999999999999361, 14.11324865405187090 ) ) ;
#7288 = EDGE_LOOP ( 'NONE', ( #10695, #2031, #2454, #11896 ) ) ;
#7289 = AXIS2_PLACEMENT_3D ( 'NONE', #363, #10008, #11803 ) ;
#7290 = ORIENTED_EDGE ( 'NONE', *, *, #7663, .T. ) ;
#7291 = CARTESIAN_POINT ( 'NONE',  ( 3.699999999999967759, -57.98150098949683695, 15.55662432702593811 ) ) ;
#7292 = VERTEX_POINT ( 'NONE', #1429 ) ;
#7293 = AXIS2_PLACEMENT_3D ( 'NONE', #4194, #5982, #3257 ) ;
#7294 = DIRECTION ( 'NONE',  ( 0.7071067811865474617, 0.7071067811865474617, -0.000000000000000000 ) ) ;
#7295 = EDGE_CURVE ( 'NONE', #867, #287, #9133, .T. ) ;
#7296 = CARTESIAN_POINT ( 'NONE',  ( 93.34999999999999432, 29.85000000000004761, 3.000000000000000000 ) ) ;
#7297 = CARTESIAN_POINT ( 'NONE',  ( 15.69999999999990870, 30.80000000000002203, 26.00000000000000355 ) ) ;
#7298 = DIRECTION ( 'NONE',  ( 0.000000000000000000, -1.000000000000000000, 0.000000000000000000 ) ) ;
#7299 = EDGE_CURVE ( 'NONE', #2638, #9347, #11065, .T. ) ;
#7300 = EDGE_CURVE ( 'NONE', #11850, #5681, #690, .T. ) ;
#7301 = LINE ( 'NONE', #1626, #11363 ) ;
#7302 = DIRECTION ( 'NONE',  ( 0.000000000000000000, 0.000000000000000000, 1.000000000000000000 ) ) ;
#7303 = ORIENTED_EDGE ( 'NONE', *, *, #8092, .F. ) ;
#7304 = AXIS2_PLACEMENT_3D ( 'NONE', #10317, #2545, #12246 ) ;
#7305 = DIRECTION ( 'NONE',  ( -1.000000000000000000, -0.000000000000000000, -0.000000000000000000 ) ) ;
#7306 = CARTESIAN_POINT ( 'NONE',  ( 82.80000000000005400, 9.800000000000009592, 6.999999999999999112 ) ) ;
#7307 = ORIENTED_EDGE ( 'NONE', *, *, #10110, .F. ) ;
#7308 = DIRECTION ( 'NONE',  ( 0.000000000000000000, 0.000000000000000000, -1.000000000000000000 ) ) ;
#7310 = VECTOR ( 'NONE', #11191, 1000.000000000000114 ) ;
#7309 = PLANE ( 'NONE',  #5096 ) ;
#7311 = ORIENTED_EDGE ( 'NONE', *, *, #9367, .T. ) ;
#7312 = DIRECTION ( 'NONE',  ( 5.874748045952190824E-16, 0.6546536707079788631, -0.7559289460184529519 ) ) ;
#7313 = DIRECTION ( 'NONE',  ( -1.000000000000000000, -6.308085367188384325E-16, 0.000000000000000000 ) ) ;
#7314 = CARTESIAN_POINT ( 'NONE',  ( 84.29999999999995453, 32.80000000000001137, 6.000000000000000000 ) ) ;
#7315 = ORIENTED_EDGE ( 'NONE', *, *, #8418, .T. ) ;
#7316 = ORIENTED_EDGE ( 'NONE', *, *, #8060, .F. ) ;
#7317 = LINE ( 'NONE', #9288, #2517 ) ;
#7318 = ORIENTED_EDGE ( 'NONE', *, *, #963, .F. ) ;
#7319 = CARTESIAN_POINT ( 'NONE',  ( -28.30000000000003268, -20.79999999999999716, 19.45373864405593167 ) ) ;
#7320 = VECTOR ( 'NONE', #127, 1000.000000000000114 ) ;
#7321 = VECTOR ( 'NONE', #8604, 1000.000000000000000 ) ;
#7322 = DIRECTION ( 'NONE',  ( -0.8660254037844387076, -1.088633767200839799E-16, -0.4999999999999998335 ) ) ;
#7323 = FACE_OUTER_BOUND ( 'NONE', #2106, .T. ) ;
#7324 = AXIS2_PLACEMENT_3D ( 'NONE', #7070, #8109, #1470 ) ;
#7325 = EDGE_CURVE ( 'NONE', #9936, #7400, #4581, .T. ) ;
#7326 = ADVANCED_FACE ( 'NONE', ( #11383 ), #5630, .F. ) ;
#7327 = EDGE_CURVE ( 'NONE', #9014, #3328, #6519, .T. ) ;
#7328 = VECTOR ( 'NONE', #10949, 1000.000000000000114 ) ;
#7329 = VECTOR ( 'NONE', #397, 1000.000000000000000 ) ;
#7330 = DIRECTION ( 'NONE',  ( -0.7071067811865422437, 0.000000000000000000, -0.7071067811865529018 ) ) ;
#7331 = FACE_OUTER_BOUND ( 'NONE', #3227, .T. ) ;
#7332 = VERTEX_POINT ( 'NONE', #2817 ) ;
#7333 = LINE ( 'NONE', #5474, #376 ) ;
#7334 = DIRECTION ( 'NONE',  ( -0.7071067811865511255, -0.7071067811865439090, 0.000000000000000000 ) ) ;
#7335 = FACE_OUTER_BOUND ( 'NONE', #7043, .T. ) ;
#7336 = CARTESIAN_POINT ( 'NONE',  ( -93.34999999999999432, -23.65000000000003055, 1.000000000000000000 ) ) ;
#7337 = DIRECTION ( 'NONE',  ( 0.000000000000000000, 0.7071067811865482389, -0.7071067811865469066 ) ) ;
#7338 = VERTEX_POINT ( 'NONE', #7363 ) ;
#7339 = ADVANCED_FACE ( 'NONE', ( #12375 ), #5687, .F. ) ;
#7340 = ORIENTED_EDGE ( 'NONE', *, *, #6517, .T. ) ;
#7341 = DIRECTION ( 'NONE',  ( -1.301042606982605321E-16, 1.000000000000000000, -0.000000000000000000 ) ) ;
#7342 = DIRECTION ( 'NONE',  ( -1.000000000000000000, -1.257045997084642365E-16, 0.000000000000000000 ) ) ;
#7343 = DIRECTION ( 'NONE',  ( 1.301042606982605321E-16, -1.000000000000000000, 0.000000000000000000 ) ) ;
#7344 = DIRECTION ( 'NONE',  ( 0.000000000000000000, 0.000000000000000000, 1.000000000000000000 ) ) ;
#7345 = DIRECTION ( 'NONE',  ( -0.5773502691896260641, -0.5773502691896260641, 0.5773502691896250649 ) ) ;
#7346 = ADVANCED_FACE ( 'NONE', ( #2623 ), #3632, .F. ) ;
#7347 = EDGE_CURVE ( 'NONE', #590, #7901, #1926, .T. ) ;
#7348 = AXIS2_PLACEMENT_3D ( 'NONE', #10603, #1899, #215 ) ;
#7349 = EDGE_LOOP ( 'NONE', ( #7409, #5695, #3203, #205 ) ) ;
#7350 = CARTESIAN_POINT ( 'NONE',  ( -61.30000000000000426, -21.79999999999996874, 21.24999999999999289 ) ) ;
#7351 = CARTESIAN_POINT ( 'NONE',  ( 91.34999999999998010, -34.49999999999997158, 5.000000000000000000 ) ) ;
#7352 = ORIENTED_EDGE ( 'NONE', *, *, #5175, .F. ) ;
#7353 = CARTESIAN_POINT ( 'NONE',  ( -43.80000000000001137, -57.98150098949685116, 13.24722325026742809 ) ) ;
#7354 = DIRECTION ( 'NONE',  ( 0.8660254037844383745, 0.000000000000000000, -0.5000000000000003331 ) ) ;
#7355 = VECTOR ( 'NONE', #9994, 1000.000000000000000 ) ;
#7356 = ORIENTED_EDGE ( 'NONE', *, *, #7392, .F. ) ;
#7357 = ORIENTED_EDGE ( 'NONE', *, *, #2755, .F. ) ;
#7358 = DIRECTION ( 'NONE',  ( -0.7071067811865352493, 0.000000000000000000, -0.7071067811865597852 ) ) ;
#7359 = EDGE_CURVE ( 'NONE', #9894, #10175, #5503, .T. ) ;
#7360 = ORIENTED_EDGE ( 'NONE', *, *, #2164, .F. ) ;
#7361 = PLANE ( 'NONE',  #11923 ) ;
#7362 = DIRECTION ( 'NONE',  ( -1.301042606982605321E-16, 1.000000000000000000, -0.000000000000000000 ) ) ;
#7363 = CARTESIAN_POINT ( 'NONE',  ( 1.199999999999961764, 30.80000000000001847, 21.04145188432737257 ) ) ;
#7364 = CARTESIAN_POINT ( 'NONE',  ( 84.79999999999995453, -32.29999999999995453, 6.000000000000000000 ) ) ;
#7365 = DIRECTION ( 'NONE',  ( -2.465190328815662439E-32, -0.7071067811865465735, 0.7071067811865483499 ) ) ;
#7366 = AXIS2_PLACEMENT_3D ( 'NONE', #4874, #7923, #8684 ) ;
#7367 = CARTESIAN_POINT ( 'NONE',  ( -47.15288568297000893, 30.80000000000001137, -35.74261314031191006 ) ) ;
#7368 = VECTOR ( 'NONE', #3634, 1000.000000000000114 ) ;
#7369 = DIRECTION ( 'NONE',  ( -0.3535533905932739529, 0.7071067811865470176, -0.6123724356957950254 ) ) ;
#7370 = ORIENTED_EDGE ( 'NONE', *, *, #6803, .F. ) ;
#7371 = DIRECTION ( 'NONE',  ( 1.000000000000000000, 1.257045997084642365E-16, 0.000000000000000000 ) ) ;
#7372 = EDGE_LOOP ( 'NONE', ( #11756, #4667, #3830, #9758 ) ) ;
#7373 = LINE ( 'NONE', #9401, #10592 ) ;
#7374 = DIRECTION ( 'NONE',  ( 1.000000000000000000, 1.257045997084642365E-16, 0.000000000000000000 ) ) ;
#7375 = CONICAL_SURFACE ( 'NONE', #4803, 2.200000000000007283, 0.7853981633974407295 ) ;
#7376 = VECTOR ( 'NONE', #8760, 1000.000000000000114 ) ;
#7377 = VECTOR ( 'NONE', #6018, 1000.000000000000114 ) ;
#7378 = EDGE_CURVE ( 'NONE', #11675, #7789, #12255, .T. ) ;
#7379 = CARTESIAN_POINT ( 'NONE',  ( 57.35961431703002233, -24.79999999999999005, 61.40378652920756508 ) ) ;
#7380 = ORIENTED_EDGE ( 'NONE', *, *, #9561, .F. ) ;
#7381 = DIRECTION ( 'NONE',  ( 0.000000000000000000, 0.000000000000000000, 1.000000000000000000 ) ) ;
#7382 = DIRECTION ( 'NONE',  ( -0.8660254037844383745, -9.654978140984305281E-17, 0.5000000000000003331 ) ) ;
#7383 = DIRECTION ( 'NONE',  ( 0.000000000000000000, 0.000000000000000000, -1.000000000000000000 ) ) ;
#7384 = VECTOR ( 'NONE', #3051, 1000.000000000000000 ) ;
#7385 = VECTOR ( 'NONE', #11623, 1000.000000000000000 ) ;
#7386 = VERTEX_POINT ( 'NONE', #756 ) ;
#7387 = DIRECTION ( 'NONE',  ( 0.000000000000000000, -0.7071067811865549002, -0.7071067811865401342 ) ) ;
#7388 = CARTESIAN_POINT ( 'NONE',  ( -43.80000000000001847, 21.79999999999995808, 13.24722325026742809 ) ) ;
#7389 = ORIENTED_EDGE ( 'NONE', *, *, #5162, .F. ) ;
#7390 = LINE ( 'NONE', #11279, #8674 ) ;
#7391 = LINE ( 'NONE', #11217, #3636 ) ;
#7392 = EDGE_CURVE ( 'NONE', #7399, #6527, #5742, .T. ) ;
#7393 = DIRECTION ( 'NONE',  ( 1.000000000000000000, 0.000000000000000000, 0.000000000000000000 ) ) ;
#7394 = VECTOR ( 'NONE', #7808, 1000.000000000000114 ) ;
#7395 = CARTESIAN_POINT ( 'NONE',  ( -93.34999999999999432, 33.00000000000000000, 0.4999999999999831246 ) ) ;
#7396 = VECTOR ( 'NONE', #3412, 1000.000000000000114 ) ;
#7397 = CARTESIAN_POINT ( 'NONE',  ( -78.09289321881345813, 21.80000000000011084, 26.00000000000012434 ) ) ;
#7398 = CARTESIAN_POINT ( 'NONE',  ( -77.80000000000005400, 20.79999999999999005, 6.999999999999999112 ) ) ;
#7399 = VERTEX_POINT ( 'NONE', #4764 ) ;
#7400 = VERTEX_POINT ( 'NONE', #8572 ) ;
#7401 = LINE ( 'NONE', #11224, #3918 ) ;
#7402 = PLANE ( 'NONE',  #7191 ) ;
#7403 = VECTOR ( 'NONE', #2611, 1000.000000000000000 ) ;
#7404 = DIRECTION ( 'NONE',  ( -0.5773502691895964212, -0.5773502691896346128, -0.5773502691896464922 ) ) ;
#7405 = EDGE_CURVE ( 'NONE', #12319, #3020, #2680, .T. ) ;
#7406 = EDGE_LOOP ( 'NONE', ( #7829, #211 ) ) ;
#7407 = CARTESIAN_POINT ( 'NONE',  ( 34.69999999999996021, -57.98150098949683695, 18.44337567297407077 ) ) ;
#7408 = ADVANCED_FACE ( 'NONE', ( #5567 ), #4826, .T. ) ;
#7409 = ORIENTED_EDGE ( 'NONE', *, *, #6244, .F. ) ;
#7410 = VECTOR ( 'NONE', #3040, 1000.000000000000227 ) ;
#7411 = ORIENTED_EDGE ( 'NONE', *, *, #8959, .T. ) ;
#7412 = CARTESIAN_POINT ( 'NONE',  ( -1.300000000000041345, -23.79999999999996874, 15.55662432702594167 ) ) ;
#7413 = CARTESIAN_POINT ( 'NONE',  ( 91.34999999999998010, -34.99999999999998579, 0.4999999999999831246 ) ) ;
#7414 = DIRECTION ( 'NONE',  ( 1.339560902914526737E-17, 0.7071067811865462405, 0.7071067811865489050 ) ) ;
#7415 = AXIS2_PLACEMENT_3D ( 'NONE', #12114, #1721, #3673 ) ;
#7416 = CIRCLE ( 'NONE', #3438, 1.700000000000021050 ) ;
#7417 = CARTESIAN_POINT ( 'NONE',  ( 93.34999999999999432, -29.85000000000004761, 3.000000000000000000 ) ) ;
#7418 = DIRECTION ( 'NONE',  ( 0.000000000000000000, 0.000000000000000000, -1.000000000000000000 ) ) ;
#7419 = LINE ( 'NONE', #1855, #1214 ) ;
#7420 = ORIENTED_EDGE ( 'NONE', *, *, #7268, .F. ) ;
#7421 = DIRECTION ( 'NONE',  ( -0.8660254037844385966, -9.654978140984307746E-17, -0.4999999999999999445 ) ) ;
#7422 = PLANE ( 'NONE',  #9540 ) ;
#7423 = ADVANCED_FACE ( 'NONE', ( #3695 ), #7490, .F. ) ;
#7424 = VERTEX_POINT ( 'NONE', #10387 ) ;
#7425 = EDGE_CURVE ( 'NONE', #2282, #4727, #8509, .T. ) ;
#7426 = FACE_OUTER_BOUND ( 'NONE', #648, .T. ) ;
#7427 = CARTESIAN_POINT ( 'NONE',  ( 37.97307753312574619, -23.52692246687425381, 16.55366347814536709 ) ) ;
#7428 = CIRCLE ( 'NONE', #447, 1.700000000000021050 ) ;
#7429 = EDGE_LOOP ( 'NONE', ( #5738, #5749, #9876, #11184 ) ) ;
#7430 = ADVANCED_FACE ( 'NONE', ( #11446 ), #9457, .F. ) ;
#7431 = ORIENTED_EDGE ( 'NONE', *, *, #9592, .F. ) ;
#7432 = DIRECTION ( 'NONE',  ( -0.000000000000000000, 0.7071067811865462405, 0.7071067811865489050 ) ) ;
#7433 = ORIENTED_EDGE ( 'NONE', *, *, #11283, .T. ) ;
#7434 = LINE ( 'NONE', #11253, #4553 ) ;
#7435 = CARTESIAN_POINT ( 'NONE',  ( 34.69999999999994600, 29.79999999999999361, 18.44337567297407077 ) ) ;
#7436 = CARTESIAN_POINT ( 'NONE',  ( -60.30000000000003268, -21.79999999999996874, 13.74999999999996270 ) ) ;
#7437 = LINE ( 'NONE', #4654, #10177 ) ;
#7438 = PLANE ( 'NONE',  #5936 ) ;
#7439 = LINE ( 'NONE', #6488, #11200 ) ;
#7440 = EDGE_CURVE ( 'NONE', #9174, #11341, #9572, .T. ) ;
#7441 = LINE ( 'NONE', #2752, #4439 ) ;
#7442 = DIRECTION ( 'NONE',  ( 1.000000000000000000, 0.000000000000000000, 0.000000000000000000 ) ) ;
#7443 = ORIENTED_EDGE ( 'NONE', *, *, #6797, .F. ) ;
#7444 = DIRECTION ( 'NONE',  ( 0.3535533905932717880, -0.7071067811865521247, -0.6123724356957904735 ) ) ;
#7445 = EDGE_CURVE ( 'NONE', #3580, #565, #6976, .T. ) ;
#7446 = CARTESIAN_POINT ( 'NONE',  ( 77.80000000000003979, 29.80000000000004334, 10.00000000000000000 ) ) ;
#7447 = ORIENTED_EDGE ( 'NONE', *, *, #10267, .F. ) ;
#7448 = LINE ( 'NONE', #894, #8208 ) ;
#7449 = DIRECTION ( 'NONE',  ( 7.511572993685781598E-17, 8.374358620604178149E-33, -1.000000000000000000 ) ) ;
#7450 = DIRECTION ( 'NONE',  ( -0.5000000000000004441, -6.505213034913032767E-17, -0.8660254037844383745 ) ) ;
#7451 = ORIENTED_EDGE ( 'NONE', *, *, #2131, .T. ) ;
#7452 = EDGE_LOOP ( 'NONE', ( #5864, #2643, #6334, #11104 ) ) ;
#7453 = PLANE ( 'NONE',  #11972 ) ;
#7454 = ORIENTED_EDGE ( 'NONE', *, *, #5175, .T. ) ;
#7455 = VECTOR ( 'NONE', #7834, 1000.000000000000000 ) ;
#7456 = DIRECTION ( 'NONE',  ( 0.7071067811865482389, 1.226634733346699508E-15, 0.7071067811865469066 ) ) ;
#7457 = FACE_OUTER_BOUND ( 'NONE', #10991, .T. ) ;
#7458 = AXIS2_PLACEMENT_3D ( 'NONE', #1512, #11915, #2518 ) ;
#7459 = CARTESIAN_POINT ( 'NONE',  ( 92.85000000000000853, 33.00000000000000000, 5.000000000000000000 ) ) ;
#7460 = DIRECTION ( 'NONE',  ( 0.000000000000000000, 0.000000000000000000, -1.000000000000000000 ) ) ;
#7461 = LINE ( 'NONE', #10540, #9253 ) ;
#7462 = ORIENTED_EDGE ( 'NONE', *, *, #11572, .T. ) ;
#7463 = ADVANCED_FACE ( 'NONE', ( #2232 ), #5833, .F. ) ;
#7464 = ORIENTED_EDGE ( 'NONE', *, *, #3162, .F. ) ;
#7465 = EDGE_CURVE ( 'NONE', #2468, #8863, #1113, .T. ) ;
#7466 = DIRECTION ( 'NONE',  ( -1.000000000000000000, 0.000000000000000000, -0.000000000000000000 ) ) ;
#7467 = DIRECTION ( 'NONE',  ( -1.301042606982605321E-16, 1.000000000000000000, 0.000000000000000000 ) ) ;
#7468 = LINE ( 'NONE', #1900, #624 ) ;
#7469 = CARTESIAN_POINT ( 'NONE',  ( 1.699999999999965539, -24.79999999999999361, 19.02072594216369694 ) ) ;
#7470 = ORIENTED_EDGE ( 'NONE', *, *, #7854, .F. ) ;
#7471 = ORIENTED_EDGE ( 'NONE', *, *, #347, .T. ) ;
#7472 = DIRECTION ( 'NONE',  ( 0.000000000000000000, 0.000000000000000000, -1.000000000000000000 ) ) ;
#7473 = PLANE ( 'NONE',  #3699 ) ;
#7474 = LINE ( 'NONE', #803, #11777 ) ;
#7475 = DIRECTION ( 'NONE',  ( -1.301042606982605321E-16, 1.000000000000000000, -0.000000000000000000 ) ) ;
#7476 = DIRECTION ( 'NONE',  ( -1.000000000000000000, 0.000000000000000000, 0.000000000000000000 ) ) ;
#7477 = ORIENTED_EDGE ( 'NONE', *, *, #6526, .T. ) ;
#7478 = EDGE_CURVE ( 'NONE', #443, #6366, #7684, .T. ) ;
#7479 = PLANE ( 'NONE',  #220 ) ;
#7480 = FACE_OUTER_BOUND ( 'NONE', #9079, .T. ) ;
#7481 = ORIENTED_EDGE ( 'NONE', *, *, #2806, .T. ) ;
#7482 = CARTESIAN_POINT ( 'NONE',  ( 53.42211431702997970, -20.79999999999999005, 68.22373658401005514 ) ) ;
#7483 = DIRECTION ( 'NONE',  ( -0.7071067811865671127, 0.7071067811865279218, -0.000000000000000000 ) ) ;
#7484 = VERTEX_POINT ( 'NONE', #3877 ) ;
#7485 = EDGE_LOOP ( 'NONE', ( #382, #10422, #9952, #5931 ) ) ;
#7486 = VERTEX_POINT ( 'NONE', #105 ) ;
#7487 = CARTESIAN_POINT ( 'NONE',  ( 50.19999999999998153, 20.80000000000000426, 26.00000000000000355 ) ) ;
#7488 = FACE_OUTER_BOUND ( 'NONE', #11482, .T. ) ;
#7489 = DIRECTION ( 'NONE',  ( 1.000000000000000000, 0.000000000000000000, 0.000000000000000000 ) ) ;
#7490 = PLANE ( 'NONE',  #9048 ) ;
#7491 = ADVANCED_FACE ( 'NONE', ( #3043 ), #8750, .F. ) ;
#7492 = EDGE_CURVE ( 'NONE', #2300, #9770, #303, .T. ) ;
#7493 = LINE ( 'NONE', #395, #7162 ) ;
#7494 = DIRECTION ( 'NONE',  ( 0.000000000000000000, 1.000000000000000000, 0.000000000000000000 ) ) ;
#7495 = LINE ( 'NONE', #7367, #6920 ) ;
#7496 = DIRECTION ( 'NONE',  ( -0.8660254037844384856, -9.654978140984306513E-17, -0.5000000000000004441 ) ) ;
#7497 = EDGE_CURVE ( 'NONE', #9077, #8244, #10685, .T. ) ;
#7498 = PLANE ( 'NONE',  #8199 ) ;
#7499 = EDGE_LOOP ( 'NONE', ( #2306, #9297, #10897, #7578 ) ) ;
#7500 = CARTESIAN_POINT ( 'NONE',  ( -92.84999999999999432, -32.99999999999997868, 5.000000000000000000 ) ) ;
#7501 = EDGE_LOOP ( 'NONE', ( #9750, #11791, #11547, #4055 ) ) ;
#7502 = CARTESIAN_POINT ( 'NONE',  ( 69.79711431702999391, -20.79999999999998650, 39.86140461006970526 ) ) ;
#7503 = LINE ( 'NONE', #10214, #3196 ) ;
#7504 = VECTOR ( 'NONE', #3613, 1000.000000000000000 ) ;
#7505 = AXIS2_PLACEMENT_3D ( 'NONE', #2486, #7358, #3497 ) ;
#7506 = EDGE_LOOP ( 'NONE', ( #1026, #10020, #6346, #2309 ) ) ;
#7507 = VECTOR ( 'NONE', #3273, 1000.000000000000000 ) ;
#7508 = DIRECTION ( 'NONE',  ( -1.000000000000000000, -1.114860845743448580E-16, 0.000000000000000000 ) ) ;
#7509 = DIRECTION ( 'NONE',  ( -0.000000000000000000, 0.000000000000000000, 1.000000000000000000 ) ) ;
#7510 = DIRECTION ( 'NONE',  ( 0.6546536707079716466, 0.6546536707079805284, -0.3779644730092310279 ) ) ;
#7511 = VECTOR ( 'NONE', #3255, 1000.000000000000000 ) ;
#7512 = EDGE_CURVE ( 'NONE', #5550, #9637, #9885, .T. ) ;
#7513 = ORIENTED_EDGE ( 'NONE', *, *, #4485, .T. ) ;
#7514 = EDGE_CURVE ( 'NONE', #4022, #6687, #11682, .T. ) ;
#7515 = VECTOR ( 'NONE', #1310, 1000.000000000000114 ) ;
#7516 = EDGE_LOOP ( 'NONE', ( #7823, #11360, #115, #10190 ) ) ;
#7517 = DIRECTION ( 'NONE',  ( -0.3535533905932781717, 0.7071067811865394681, 0.6123724356958012427 ) ) ;
#7518 = ORIENTED_EDGE ( 'NONE', *, *, #6140, .T. ) ;
#7519 = DIRECTION ( 'NONE',  ( -0.000000000000000000, 0.000000000000000000, 1.000000000000000000 ) ) ;
#7520 = CARTESIAN_POINT ( 'NONE',  ( 77.80000000000005400, -20.79999999999998650, 9.000000000000028422 ) ) ;
#7521 = VECTOR ( 'NONE', #8288, 1000.000000000000000 ) ;
#7522 = CARTESIAN_POINT ( 'NONE',  ( -41.54999999999999005, -24.80000000000000071, 26.00000000000000355 ) ) ;
#7523 = AXIS2_PLACEMENT_3D ( 'NONE', #11083, #8270, #6447 ) ;
#7524 = CARTESIAN_POINT ( 'NONE',  ( -87.64999999999996305, 27.00000000000000355, 5.000000000000000000 ) ) ;
#7525 = ADVANCED_FACE ( 'NONE', ( #244 ), #9641, .F. ) ;
#7527 = VECTOR ( 'NONE', #9203, 1000.000000000000227 ) ;
#7526 = LINE ( 'NONE', #9421, #1743 ) ;
#7528 = CARTESIAN_POINT ( 'NONE',  ( 21.69999999999995666, 29.79999999999999361, 15.55662432702593811 ) ) ;
#7529 = CARTESIAN_POINT ( 'NONE',  ( -77.80000000000005400, 20.79999999999999005, 26.00000000000000355 ) ) ;
#7530 = AXIS2_PLACEMENT_3D ( 'NONE', #8593, #9659, #9598 ) ;
#7531 = FACE_OUTER_BOUND ( 'NONE', #325, .T. ) ;
#7532 = CARTESIAN_POINT ( 'NONE',  ( -76.80000000000005400, 0.000000000000000000, 6.000000000000000000 ) ) ;
#7533 = CARTESIAN_POINT ( 'NONE',  ( 16.69999999999996021, -57.98150098949683695, 18.44337567297407077 ) ) ;
#7534 = ORIENTED_EDGE ( 'NONE', *, *, #3000, .F. ) ;
#7535 = EDGE_LOOP ( 'NONE', ( #1301, #8505, #10589, #1229 ) ) ;
#7536 = VECTOR ( 'NONE', #12257, 1000.000000000000000 ) ;
#7537 = EDGE_CURVE ( 'NONE', #2254, #3104, #2090, .T. ) ;
#7538 = CARTESIAN_POINT ( 'NONE',  ( 93.35000000000000853, 30.35000000000004761, 5.000000000000000000 ) ) ;
#7539 = EDGE_CURVE ( 'NONE', #5952, #7620, #3109, .T. ) ;
#7540 = CARTESIAN_POINT ( 'NONE',  ( -59.30000000000006111, -20.80000000000000071, 20.25000000000001776 ) ) ;
#7541 = CARTESIAN_POINT ( 'NONE',  ( -77.80000000000005400, 8.799999999999988276, 26.00000000000000355 ) ) ;
#7542 = LINE ( 'NONE', #11367, #1023 ) ;
#7543 = ORIENTED_EDGE ( 'NONE', *, *, #10669, .T. ) ;
#7544 = DIRECTION ( 'NONE',  ( 0.000000000000000000, 0.000000000000000000, -1.000000000000000000 ) ) ;
#7545 = PLANE ( 'NONE',  #2525 ) ;
#7546 = ORIENTED_EDGE ( 'NONE', *, *, #10571, .T. ) ;
#7547 = DIRECTION ( 'NONE',  ( -0.000000000000000000, -0.000000000000000000, -1.000000000000000000 ) ) ;
#7548 = DIRECTION ( 'NONE',  ( -1.000000000000000000, 0.000000000000000000, 0.000000000000000000 ) ) ;
#7549 = VERTEX_POINT ( 'NONE', #5797 ) ;
#7550 = ORIENTED_EDGE ( 'NONE', *, *, #5431, .F. ) ;
#7551 = VERTEX_POINT ( 'NONE', #7934 ) ;
#7552 = LINE ( 'NONE', #7487, #6311 ) ;
#7553 = CARTESIAN_POINT ( 'NONE',  ( 37.19999999999994600, 29.79999999999999361, 19.88675134594813443 ) ) ;
#7554 = CARTESIAN_POINT ( 'NONE',  ( -26.37142857142859143, 28.87142857142857011, 15.65972258938123218 ) ) ;
#7555 = VECTOR ( 'NONE', #3112, 1000.000000000000114 ) ;
#7556 = DIRECTION ( 'NONE',  ( -0.000000000000000000, -0.000000000000000000, -1.000000000000000000 ) ) ;
#7557 = CARTESIAN_POINT ( 'NONE',  ( -82.80000000000002558, -29.80000000000002913, 25.00000000000000000 ) ) ;
#7558 = CARTESIAN_POINT ( 'NONE',  ( 82.80000000000005400, 9.800000000000009592, 6.999999999999999112 ) ) ;
#7559 = AXIS2_PLACEMENT_3D ( 'NONE', #7241, #5452, #3504 ) ;
#7560 = ORIENTED_EDGE ( 'NONE', *, *, #11595, .T. ) ;
#7561 = CARTESIAN_POINT ( 'NONE',  ( 78.80000000000005400, 8.800000000000007816, 6.999999999999999112 ) ) ;
#7562 = ORIENTED_EDGE ( 'NONE', *, *, #9442, .T. ) ;
#7563 = EDGE_CURVE ( 'NONE', #2267, #7927, #6780, .T. ) ;
#7564 = CARTESIAN_POINT ( 'NONE',  ( -82.80000000000005400, 9.799999999999990052, 6.999999999999999112 ) ) ;
#7565 = EDGE_CURVE ( 'NONE', #6665, #2943, #10627, .T. ) ;
#7566 = DIRECTION ( 'NONE',  ( -1.000000000000000000, -3.469446951953611724E-16, 0.000000000000000000 ) ) ;
#7567 = CARTESIAN_POINT ( 'NONE',  ( -43.80000000000001137, -57.98150098949685116, 13.24722325026742809 ) ) ;
#7568 = ORIENTED_EDGE ( 'NONE', *, *, #9651, .T. ) ;
#7569 = EDGE_CURVE ( 'NONE', #2058, #11429, #8051, .T. ) ;
#7570 = VECTOR ( 'NONE', #1882, 1000.000000000000114 ) ;
#7571 = AXIS2_PLACEMENT_3D ( 'NONE', #1619, #8452, #12256 ) ;
#7572 = CARTESIAN_POINT ( 'NONE',  ( -28.30000000000003268, -20.79999999999999716, 14.54626135594408964 ) ) ;
#7573 = FACE_OUTER_BOUND ( 'NONE', #4713, .T. ) ;
#7574 = ORIENTED_EDGE ( 'NONE', *, *, #6486, .F. ) ;
#7575 = ORIENTED_EDGE ( 'NONE', *, *, #1303, .T. ) ;
#7576 = CARTESIAN_POINT ( 'NONE',  ( -89.34999999999998010, -27.00000000000000355, 4.499999999999968914 ) ) ;
#7577 = VECTOR ( 'NONE', #5350, 1000.000000000000114 ) ;
#7578 = ORIENTED_EDGE ( 'NONE', *, *, #316, .T. ) ;
#7579 = AXIS2_PLACEMENT_3D ( 'NONE', #1436, #11016, #2443 ) ;
#7580 = VECTOR ( 'NONE', #11603, 1000.000000000000114 ) ;
#7581 = EDGE_CURVE ( 'NONE', #525, #7117, #11744, .T. ) ;
#7582 = ADVANCED_FACE ( 'NONE', ( #1241 ), #5912, .F. ) ;
#7583 = CARTESIAN_POINT ( 'NONE',  ( -50.65288568297008709, 30.80000000000001137, -29.68043531382075173 ) ) ;
#7584 = EDGE_CURVE ( 'NONE', #2391, #11894, #8876, .T. ) ;
#7585 = EDGE_CURVE ( 'NONE', #2387, #2860, #4374, .T. ) ;
#7586 = DIRECTION ( 'NONE',  ( 0.000000000000000000, 0.000000000000000000, 1.000000000000000000 ) ) ;
#7587 = CARTESIAN_POINT ( 'NONE',  ( 82.80000000000005400, -29.80000000000000782, 6.999999999999999112 ) ) ;
#7588 = CARTESIAN_POINT ( 'NONE',  ( 77.80000000000005400, 29.80000000000005400, 21.00000000000002842 ) ) ;
#7589 = VECTOR ( 'NONE', #2349, 1000.000000000000000 ) ;
#7590 = VECTOR ( 'NONE', #10763, 1000.000000000000000 ) ;
#7591 = DIRECTION ( 'NONE',  ( -1.000000000000000000, 0.000000000000000000, 0.000000000000000000 ) ) ;
#7592 = ORIENTED_EDGE ( 'NONE', *, *, #4631, .F. ) ;
#7593 = DIRECTION ( 'NONE',  ( 0.7071067811865482389, -0.000000000000000000, -0.7071067811865469066 ) ) ;
#7594 = CARTESIAN_POINT ( 'NONE',  ( 21.69999999999996732, -57.98150098949683695, 18.44337567297406721 ) ) ;
#7595 = LINE ( 'NONE', #5719, #9624 ) ;
#7596 = CARTESIAN_POINT ( 'NONE',  ( 52.19999999999992468, -23.80000000000001137, 22.00000000000000711 ) ) ;
#7597 = ADVANCED_FACE ( 'NONE', ( #9062 ), #3249, .T. ) ;
#7598 = FACE_BOUND ( 'NONE', #8338, .T. ) ;
#7599 = VECTOR ( 'NONE', #9517, 1000.000000000000000 ) ;
#7600 = AXIS2_PLACEMENT_3D ( 'NONE', #7788, #4107, #6894 ) ;
#7601 = ADVANCED_FACE ( 'NONE', ( #3430 ), #11997, .F. ) ;
#7602 = PLANE ( 'NONE',  #522 ) ;
#7603 = FACE_OUTER_BOUND ( 'NONE', #7616, .T. ) ;
#7604 = CARTESIAN_POINT ( 'NONE',  ( 1.199999999999953326, 21.80000000000000071, 19.88675134594813443 ) ) ;
#7605 = DIRECTION ( 'NONE',  ( -7.883256641045620382E-17, 0.7071067811865475727, -0.7071067811865475727 ) ) ;
#7606 = CIRCLE ( 'NONE', #3626, 1.700000000000021050 ) ;
#7607 = VECTOR ( 'NONE', #11221, 1000.000000000000000 ) ;
#7608 = LINE ( 'NONE', #2856, #8202 ) ;
#7609 = VERTEX_POINT ( 'NONE', #1352 ) ;
#7610 = LINE ( 'NONE', #11438, #9221 ) ;
#7611 = VERTEX_POINT ( 'NONE', #10131 ) ;
#7612 = PLANE ( 'NONE',  #4956 ) ;
#7613 = ORIENTED_EDGE ( 'NONE', *, *, #7976, .T. ) ;
#7614 = DIRECTION ( 'NONE',  ( 0.000000000000000000, -1.000000000000000000, 1.696954250811116188E-32 ) ) ;
#7615 = CARTESIAN_POINT ( 'NONE',  ( -77.80000000000005400, -20.80000000000000426, 6.999999999999999112 ) ) ;
#7616 = EDGE_LOOP ( 'NONE', ( #10621, #932, #8133, #7447 ) ) ;
#7617 = ORIENTED_EDGE ( 'NONE', *, *, #9830, .T. ) ;
#7618 = AXIS2_PLACEMENT_3D ( 'NONE', #5161, #779, #6384 ) ;
#7619 = VECTOR ( 'NONE', #8663, 1000.000000000000000 ) ;
#7620 = VERTEX_POINT ( 'NONE', #2289 ) ;
#7621 = LINE ( 'NONE', #11381, #1138 ) ;
#7622 = DIRECTION ( 'NONE',  ( -0.000000000000000000, -0.000000000000000000, -1.000000000000000000 ) ) ;
#7623 = CARTESIAN_POINT ( 'NONE',  ( -93.34999999999999432, 33.00000000000000000, 4.500000000000018652 ) ) ;
#7624 = CARTESIAN_POINT ( 'NONE',  ( 17.41428571428566840, 29.08571428571428896, 15.96901737644710195 ) ) ;
#7625 = FACE_OUTER_BOUND ( 'NONE', #4587, .T. ) ;
#7626 = DIRECTION ( 'NONE',  ( -0.7071067811865474617, -0.7071067811865474617, -0.000000000000000000 ) ) ;
#7627 = AXIS2_PLACEMENT_3D ( 'NONE', #1242, #8005, #8939 ) ;
#7628 = EDGE_CURVE ( 'NONE', #8886, #5258, #1472, .T. ) ;
#7629 = ORIENTED_EDGE ( 'NONE', *, *, #1271, .F. ) ;
#7630 = PRODUCT_DEFINITION_SHAPE ( 'NONE', 'NONE',  #6381 ) ;
#7631 = FACE_OUTER_BOUND ( 'NONE', #9920, .T. ) ;
#7632 = DIRECTION ( 'NONE',  ( 0.000000000000000000, 0.000000000000000000, 1.000000000000000000 ) ) ;
#7633 = EDGE_CURVE ( 'NONE', #10054, #83, #5303, .T. ) ;
#7634 = DIRECTION ( 'NONE',  ( 0.5773502691896237327, 0.5773502691896257311, 0.5773502691896279515 ) ) ;
#7635 = ORIENTED_EDGE ( 'NONE', *, *, #9809, .F. ) ;
#7636 = EDGE_LOOP ( 'NONE', ( #10803, #6854, #9940, #931 ) ) ;
#7637 = LINE ( 'NONE', #6679, #4743 ) ;
#7638 = PLANE ( 'NONE',  #9175 ) ;
#7639 = ORIENTED_EDGE ( 'NONE', *, *, #3679, .F. ) ;
#7640 = CARTESIAN_POINT ( 'NONE',  ( 77.80000000000005400, 20.80000000000000426, 22.24999999999993605 ) ) ;
#7641 = CARTESIAN_POINT ( 'NONE',  ( 37.19999999999994600, 29.79999999999999361, 14.11324865405187090 ) ) ;
#7642 = FACE_OUTER_BOUND ( 'NONE', #5737, .T. ) ;
#7643 = ORIENTED_EDGE ( 'NONE', *, *, #7565, .F. ) ;
#7644 = VERTEX_POINT ( 'NONE', #1533 ) ;
#7645 = DIRECTION ( 'NONE',  ( 0.000000000000000000, 0.000000000000000000, -1.000000000000000000 ) ) ;
#7646 = ADVANCED_FACE ( 'NONE', ( #6093 ), #11053, .F. ) ;
#7647 = DIRECTION ( 'NONE',  ( 0.000000000000000000, 1.000000000000000000, 0.000000000000000000 ) ) ;
#7648 = VECTOR ( 'NONE', #3693, 1000.000000000000000 ) ;
#7649 = VERTEX_POINT ( 'NONE', #8175 ) ;
#7650 = CARTESIAN_POINT ( 'NONE',  ( -61.30000000000000426, -20.80000000000000071, 11.75000000000001599 ) ) ;
#7651 = DIRECTION ( 'NONE',  ( -0.8660254037844383745, -1.088633767200839306E-16, -0.5000000000000003331 ) ) ;
#7652 = VECTOR ( 'NONE', #48, 999.9999999999998863 ) ;
#7653 = DIRECTION ( 'NONE',  ( 0.7071067811865474617, 0.7071067811865474617, 0.000000000000000000 ) ) ;
#7654 = DIRECTION ( 'NONE',  ( -0.000000000000000000, -0.000000000000000000, -1.000000000000000000 ) ) ;
#7655 = VECTOR ( 'NONE', #8358, 1000.000000000000000 ) ;
#7656 = DIRECTION ( 'NONE',  ( -0.7071067811865524577, -0.7071067811865425767, 0.000000000000000000 ) ) ;
#7657 = EDGE_CURVE ( 'NONE', #1764, #6527, #3485, .T. ) ;
#7658 = EDGE_CURVE ( 'NONE', #6540, #5920, #10182, .T. ) ;
#7659 = DIRECTION ( 'NONE',  ( 0.5773502691896260641, 0.5773502691896250649, -0.5773502691896260641 ) ) ;
#7660 = ORIENTED_EDGE ( 'NONE', *, *, #4383, .T. ) ;
#7661 = AXIS2_PLACEMENT_3D ( 'NONE', #9976, #5215, #461 ) ;
#7662 = PLANE ( 'NONE',  #8156 ) ;
#7663 = EDGE_CURVE ( 'NONE', #11222, #9509, #5358, .T. ) ;
#7664 = LINE ( 'NONE', #9800, #10415 ) ;
#7665 = LINE ( 'NONE', #11597, #6513 ) ;
#7666 = CARTESIAN_POINT ( 'NONE',  ( 84.29999999999992610, -32.79999999999998295, 6.000000000000000000 ) ) ;
#7667 = FACE_OUTER_BOUND ( 'NONE', #5371, .T. ) ;
#7668 = LINE ( 'NONE', #152, #11728 ) ;
#7669 = DIRECTION ( 'NONE',  ( 0.7071067811865474617, 0.7071067811865474617, -0.000000000000000000 ) ) ;
#7670 = EDGE_CURVE ( 'NONE', #5900, #1846, #4441, .T. ) ;
#7671 = CARTESIAN_POINT ( 'NONE',  ( 37.19999999999996021, -57.98150098949683695, 14.11324865405187090 ) ) ;
#7672 = ORIENTED_EDGE ( 'NONE', *, *, #1903, .F. ) ;
#7673 = DIRECTION ( 'NONE',  ( -1.000000000000000000, -3.469446951953611724E-16, 0.000000000000000000 ) ) ;
#7674 = AXIS2_PLACEMENT_3D ( 'NONE', #130, #4024, #3392 ) ;
#7675 = ORIENTED_EDGE ( 'NONE', *, *, #6116, .F. ) ;
#7676 = FACE_OUTER_BOUND ( 'NONE', #6232, .T. ) ;
#7677 = VERTEX_POINT ( 'NONE', #1415 ) ;
#7678 = ORIENTED_EDGE ( 'NONE', *, *, #6977, .T. ) ;
#7679 = VERTEX_POINT ( 'NONE', #11878 ) ;
#7680 = PLANE ( 'NONE',  #5104 ) ;
#7681 = PLANE ( 'NONE',  #11448 ) ;
#7682 = DIRECTION ( 'NONE',  ( -0.3535533905932698451, -0.7071067811865552333, -0.6123724356957880310 ) ) ;
#7684 = LINE ( 'NONE', #4932, #1852 ) ;
#7683 = VECTOR ( 'NONE', #7093, 1000.000000000000114 ) ;
#7685 = ADVANCED_FACE ( 'NONE', ( #5250 ), #12052, .T. ) ;
#7686 = LINE ( 'NONE', #9118, #605 ) ;
#7687 = DIRECTION ( 'NONE',  ( -1.000000000000000000, -1.301042606982605321E-16, 0.000000000000000000 ) ) ;
#7688 = CARTESIAN_POINT ( 'NONE',  ( 16.69999999999996021, -57.98150098949683695, 15.55662432702593634 ) ) ;
#7689 = CARTESIAN_POINT ( 'NONE',  ( 78.46666666666671119, -9.133333333333323978, 7.333333333333333037 ) ) ;
#7690 = ORIENTED_EDGE ( 'NONE', *, *, #2506, .F. ) ;
#7691 = ORIENTED_EDGE ( 'NONE', *, *, #10191, .F. ) ;
#7692 = DIRECTION ( 'NONE',  ( 0.000000000000000000, 0.000000000000000000, -1.000000000000000000 ) ) ;
#7693 = CARTESIAN_POINT ( 'NONE',  ( 76.80000000000008242, 30.80000000000002913, 9.000000000000028422 ) ) ;
#7694 = VERTEX_POINT ( 'NONE', #438 ) ;
#7695 = VECTOR ( 'NONE', #11463, 1000.000000000000000 ) ;
#7696 = EDGE_CURVE ( 'NONE', #9743, #867, #4253, .T. ) ;
#7697 = CARTESIAN_POINT ( 'NONE',  ( -76.80000000000002558, -57.98150098949685116, 12.74999999999999112 ) ) ;
#7698 = ORIENTED_EDGE ( 'NONE', *, *, #6581, .F. ) ;
#7699 = EDGE_LOOP ( 'NONE', ( #354, #5960, #6509, #607, #8104, #950 ) ) ;
#7700 = PLANE ( 'NONE',  #9951 ) ;
#7701 = LINE ( 'NONE', #2886, #10135 ) ;
#7702 = ORIENTED_EDGE ( 'NONE', *, *, #8977, .F. ) ;
#7704 = AXIS2_PLACEMENT_3D ( 'NONE', #6274, #10128, #2225 ) ;
#7703 = CARTESIAN_POINT ( 'NONE',  ( 77.80000000000005400, 9.800000000000007816, 6.999999999999999112 ) ) ;
#7705 = CARTESIAN_POINT ( 'NONE',  ( -61.30000000000006821, 21.80000000000001847, 12.74999999999998934 ) ) ;
#7706 = DIRECTION ( 'NONE',  ( -0.3535533905932706222, 0.7071067811865544561, -0.6123724356957884751 ) ) ;
#7707 = AXIS2_PLACEMENT_3D ( 'NONE', #2936, #10938, #6283 ) ;
#7708 = CARTESIAN_POINT ( 'NONE',  ( -92.84999999999999432, -24.15000000000000568, 3.000000000000000000 ) ) ;
#7709 = DIRECTION ( 'NONE',  ( -0.8660254037844383745, -9.654978140984305281E-17, 0.5000000000000004441 ) ) ;
#7710 = FACE_OUTER_BOUND ( 'NONE', #4423, .T. ) ;
#7711 = ORIENTED_EDGE ( 'NONE', *, *, #5482, .F. ) ;
#7712 = DIRECTION ( 'NONE',  ( -0.8660254037844384856, -9.654978140984306513E-17, 0.5000000000000002220 ) ) ;
#7713 = CARTESIAN_POINT ( 'NONE',  ( 39.69999999999995310, 29.79999999999999361, 18.44337567297406721 ) ) ;
#7714 = VECTOR ( 'NONE', #10619, 1000.000000000000227 ) ;
#7715 = DIRECTION ( 'NONE',  ( 0.000000000000000000, 0.000000000000000000, 1.000000000000000000 ) ) ;
#7716 = EDGE_CURVE ( 'NONE', #3448, #4716, #4184, .T. ) ;
#7717 = AXIS2_PLACEMENT_3D ( 'NONE', #8834, #265, #1942 ) ;
#7718 = ADVANCED_FACE ( 'NONE', ( #11111 ), #10883, .F. ) ;
#7719 = DIRECTION ( 'NONE',  ( 0.000000000000000000, 0.000000000000000000, 1.000000000000000000 ) ) ;
#7720 = ORIENTED_EDGE ( 'NONE', *, *, #9762, .T. ) ;
#7721 = EDGE_CURVE ( 'NONE', #8376, #9301, #4313, .T. ) ;
#7722 = CARTESIAN_POINT ( 'NONE',  ( -86.34999999999998010, -29.85000000000000142, 1.000000000000000000 ) ) ;
#7723 = DIRECTION ( 'NONE',  ( -1.301042606982605321E-16, 1.000000000000000000, -0.000000000000000000 ) ) ;
#7724 = CIRCLE ( 'NONE', #8329, 2.000000000000001776 ) ;
#7725 = DIRECTION ( 'NONE',  ( -1.000000000000000000, -1.114860845743448580E-16, 0.000000000000000000 ) ) ;
#7726 = VERTEX_POINT ( 'NONE', #7158 ) ;
#7727 = ORIENTED_EDGE ( 'NONE', *, *, #7740, .T. ) ;
#7728 = FACE_OUTER_BOUND ( 'NONE', #7499, .T. ) ;
#7729 = LINE ( 'NONE', #6713, #4929 ) ;
#7730 = CARTESIAN_POINT ( 'NONE',  ( 33.69999999999991047, 30.80000000000002203, 26.00000000000000355 ) ) ;
#7731 = VERTEX_POINT ( 'NONE', #4689 ) ;
#7732 = EDGE_CURVE ( 'NONE', #9889, #2267, #3614, .T. ) ;
#7733 = ORIENTED_EDGE ( 'NONE', *, *, #4991, .T. ) ;
#7734 = ORIENTED_EDGE ( 'NONE', *, *, #11035, .F. ) ;
#7735 = CARTESIAN_POINT ( 'NONE',  ( -59.30000000000000426, 30.80000000000001137, 26.00000000000000355 ) ) ;
#7736 = CARTESIAN_POINT ( 'NONE',  ( -20.80000000000002558, -23.79999999999999361, 18.87638837486628063 ) ) ;
#7737 = EDGE_CURVE ( 'NONE', #7609, #11026, #11365, .T. ) ;
#7738 = LINE ( 'NONE', #10324, #8239 ) ;
#7739 = DIRECTION ( 'NONE',  ( 0.8660254037844387076, 1.088633767200839799E-16, -0.4999999999999998890 ) ) ;
#7740 = EDGE_CURVE ( 'NONE', #7067, #1107, #6593, .T. ) ;
#7741 = DIRECTION ( 'NONE',  ( -0.7071067811865474617, -4.999702984597266613E-15, 0.7071067811865474617 ) ) ;
#7742 = DIRECTION ( 'NONE',  ( 0.8660254037844383745, 1.088633767200839183E-16, -0.5000000000000004441 ) ) ;
#7743 = LINE ( 'NONE', #1118, #1805 ) ;
#7744 = PLANE ( 'NONE',  #4421 ) ;
#7745 = VECTOR ( 'NONE', #2626, 1000.000000000000000 ) ;
#7746 = EDGE_LOOP ( 'NONE', ( #5746, #9124, #214, #1174 ) ) ;
#7747 = CARTESIAN_POINT ( 'NONE',  ( 91.05000000000001137, -27.00000000000000355, 4.499999999999970690 ) ) ;
#7748 = CARTESIAN_POINT ( 'NONE',  ( -24.04999999999986926, -0.6956040905797371554, -11.12203406850904841 ) ) ;
#7749 = ORIENTED_EDGE ( 'NONE', *, *, #6324, .T. ) ;
#7750 = EDGE_CURVE ( 'NONE', #1831, #10993, #1599, .T. ) ;
#7751 = DIRECTION ( 'NONE',  ( 0.000000000000000000, 0.7071067811865474617, 0.7071067811865474617 ) ) ;
#7752 = DIRECTION ( 'NONE',  ( -2.685571392110954035E-17, 0.7071067811865352493, -0.7071067811865597852 ) ) ;
#7753 = ORIENTED_EDGE ( 'NONE', *, *, #5620, .F. ) ;
#7754 = AXIS2_PLACEMENT_3D ( 'NONE', #2107, #11820, #187 ) ;
#7755 = PLANE ( 'NONE',  #5965 ) ;
#7756 = DIRECTION ( 'NONE',  ( 0.5773502691896251759, 0.5773502691896251759, 0.5773502691896271743 ) ) ;
#7757 = ORIENTED_EDGE ( 'NONE', *, *, #405, .F. ) ;
#7758 = EDGE_LOOP ( 'NONE', ( #420, #5905, #10858 ) ) ;
#7759 = FACE_BOUND ( 'NONE', #10702, .T. ) ;
#7760 = ORIENTED_EDGE ( 'NONE', *, *, #4631, .T. ) ;
#7761 = EDGE_CURVE ( 'NONE', #9964, #7029, #5427, .T. ) ;
#7762 = EDGE_CURVE ( 'NONE', #3301, #6078, #1851, .T. ) ;
#7763 = DIRECTION ( 'NONE',  ( -0.7071067811865474617, 0.7071067811865474617, -0.000000000000000000 ) ) ;
#7764 = VECTOR ( 'NONE', #4775, 1000.000000000000114 ) ;
#7765 = DIRECTION ( 'NONE',  ( 0.3535533905932747301, -0.7071067811865461294, -0.6123724356957955806 ) ) ;
#7766 = ORIENTED_EDGE ( 'NONE', *, *, #10286, .F. ) ;
#7767 = CARTESIAN_POINT ( 'NONE',  ( 60.00288568297002456, -24.79999999999999005, -4.825506225207453426 ) ) ;
#7768 = DIRECTION ( 'NONE',  ( 1.540743955509789025E-33, -0.7071067811865487940, 0.7071067811865463515 ) ) ;
#7769 = CARTESIAN_POINT ( 'NONE',  ( 16.69999999999994955, 21.80000000000003979, 18.44337567297407077 ) ) ;
#7770 = FACE_OUTER_BOUND ( 'NONE', #4715, .T. ) ;
#7771 = ORIENTED_EDGE ( 'NONE', *, *, #6501, .T. ) ;
#7772 = AXIS2_PLACEMENT_3D ( 'NONE', #283, #4098, #6944 ) ;
#7773 = DIRECTION ( 'NONE',  ( 0.7071067811865460184, -0.7071067811865491270, 0.000000000000000000 ) ) ;
#7774 = CIRCLE ( 'NONE', #3986, 2.200000000000007283 ) ;
#7775 = VECTOR ( 'NONE', #10265, 1000.000000000000000 ) ;
#7776 = ORIENTED_EDGE ( 'NONE', *, *, #6201, .F. ) ;
#7777 = CARTESIAN_POINT ( 'NONE',  ( 89.34999999999998010, -27.00000000000000355, 4.499999999999970690 ) ) ;
#7778 = EDGE_CURVE ( 'NONE', #8882, #7292, #1724, .T. ) ;
#7779 = EDGE_CURVE ( 'NONE', #7679, #6861, #11297, .T. ) ;
#7780 = DIRECTION ( 'NONE',  ( -0.000000000000000000, -0.000000000000000000, -1.000000000000000000 ) ) ;
#7781 = LINE ( 'NONE', #1845, #6082 ) ;
#7782 = VECTOR ( 'NONE', #11069, 1000.000000000000000 ) ;
#7783 = CIRCLE ( 'NONE', #7579, 2.200000000000007283 ) ;
#7784 = AXIS2_PLACEMENT_3D ( 'NONE', #5730, #6592, #5612 ) ;
#7785 = ORIENTED_EDGE ( 'NONE', *, *, #11748, .T. ) ;
#7786 = LINE ( 'NONE', #11602, #957 ) ;
#7787 = LINE ( 'NONE', #7983, #7580 ) ;
#7788 = CARTESIAN_POINT ( 'NONE',  ( 61.00288568297001746, -20.79999999999999005, -3.093455417638585558 ) ) ;
#7789 = VERTEX_POINT ( 'NONE', #3548 ) ;
#7790 = ORIENTED_EDGE ( 'NONE', *, *, #3533, .T. ) ;
#7791 = CARTESIAN_POINT ( 'NONE',  ( -77.80000000000005400, -9.800000000000038014, 6.999999999999999112 ) ) ;
#7792 = VECTOR ( 'NONE', #4935, 1000.000000000000000 ) ;
#7793 = EDGE_CURVE ( 'NONE', #5201, #469, #3676, .T. ) ;
#7794 = LINE ( 'NONE', #6661, #6105 ) ;
#7795 = LINE ( 'NONE', #6833, #591 ) ;
#7796 = ORIENTED_EDGE ( 'NONE', *, *, #1291, .F. ) ;
#7797 = VERTEX_POINT ( 'NONE', #9307 ) ;
#7798 = DIRECTION ( 'NONE',  ( -7.511572993685781598E-17, -8.374358620604178149E-33, 1.000000000000000000 ) ) ;
#7799 = DIRECTION ( 'NONE',  ( -9.088478040396205466E-15, 0.6546536707079783080, -0.7559289460184533960 ) ) ;
#7800 = CARTESIAN_POINT ( 'NONE',  ( 77.80000000000005400, -8.799999999999990052, 26.00000000000000355 ) ) ;
#7801 = VECTOR ( 'NONE', #10873, 1000.000000000000000 ) ;
#7802 = DIRECTION ( 'NONE',  ( -0.8660254037844388186, -9.654978140984310211E-17, -0.4999999999999996669 ) ) ;
#7803 = CARTESIAN_POINT ( 'NONE',  ( 31.49999999999962697, 31.49999999999984013, 3.000000000000000000 ) ) ;
#7804 = FACE_OUTER_BOUND ( 'NONE', #1710, .T. ) ;
#7805 = LINE ( 'NONE', #6728, #2353 ) ;
#7806 = EDGE_CURVE ( 'NONE', #1107, #5042, #8361, .T. ) ;
#7807 = EDGE_CURVE ( 'NONE', #6856, #2851, #2665, .T. ) ;
#7808 = DIRECTION ( 'NONE',  ( -0.000000000000000000, -0.7071067811865474617, -0.7071067811865474617 ) ) ;
#7809 = ORIENTED_EDGE ( 'NONE', *, *, #6443, .F. ) ;
#7810 = FACE_OUTER_BOUND ( 'NONE', #10918, .T. ) ;
#7811 = EDGE_LOOP ( 'NONE', ( #9706, #2600, #8804, #1468 ) ) ;
#7812 = LINE ( 'NONE', #4066, #5813 ) ;
#7813 = EDGE_CURVE ( 'NONE', #5920, #7972, #10312, .T. ) ;
#7814 = PLANE ( 'NONE',  #2311 ) ;
#7815 = FACE_OUTER_BOUND ( 'NONE', #5019, .T. ) ;
#7816 = CIRCLE ( 'NONE', #6605, 2.000000000000001776 ) ;
#7817 = ORIENTED_EDGE ( 'NONE', *, *, #9809, .T. ) ;
#7818 = ORIENTED_EDGE ( 'NONE', *, *, #4412, .T. ) ;
#7819 = VECTOR ( 'NONE', #10915, 1000.000000000000114 ) ;
#7820 = CARTESIAN_POINT ( 'NONE',  ( -76.80000000000003979, 21.80000000000001847, 13.75000000000001954 ) ) ;
#7821 = EDGE_LOOP ( 'NONE', ( #3445, #5628, #12371, #1142 ) ) ;
#7822 = CARTESIAN_POINT ( 'NONE',  ( -1.300000000000036904, -57.98150098949683695, 15.55662432702593634 ) ) ;
#7823 = ORIENTED_EDGE ( 'NONE', *, *, #8736, .T. ) ;
#7824 = DIRECTION ( 'NONE',  ( 0.5773502691896258421, -0.5773502691896258421, -0.5773502691896258421 ) ) ;
#7825 = CARTESIAN_POINT ( 'NONE',  ( 84.79999999999995453, 32.80000000000001137, 6.000000000000000000 ) ) ;
#7826 = LINE ( 'NONE', #3200, #10961 ) ;
#7827 = ADVANCED_FACE ( 'NONE', ( #12171, #5614, #9441 ), #864, .T. ) ;
#7828 = ORIENTED_EDGE ( 'NONE', *, *, #248, .T. ) ;
#7829 = ORIENTED_EDGE ( 'NONE', *, *, #10342, .T. ) ;
#7830 = ADVANCED_FACE ( 'NONE', ( #12290 ), #3738, .F. ) ;
#7831 = DIRECTION ( 'NONE',  ( 0.7071067811865469066, 0.000000000000000000, -0.7071067811865481278 ) ) ;
#7832 = ORIENTED_EDGE ( 'NONE', *, *, #10172, .T. ) ;
#7833 = ORIENTED_EDGE ( 'NONE', *, *, #9377, .F. ) ;
#7834 = DIRECTION ( 'NONE',  ( 1.000000000000000000, 1.114860845743448580E-16, 0.000000000000000000 ) ) ;
#7835 = LINE ( 'NONE', #5082, #2428 ) ;
#7836 = EDGE_LOOP ( 'NONE', ( #10563, #8318, #10372, #4101 ) ) ;
#7837 = CARTESIAN_POINT ( 'NONE',  ( 91.34999999999998010, 33.00000000000000000, 5.000000000000000000 ) ) ;
#7838 = DIRECTION ( 'NONE',  ( 0.7071067811865463515, 0.7071067811865487940, 0.000000000000000000 ) ) ;
#7839 = CARTESIAN_POINT ( 'NONE',  ( -43.80000000000001847, -23.80000000000003979, 13.24722325026742986 ) ) ;
#7840 = DIRECTION ( 'NONE',  ( -0.5773502691896237327, -0.5773502691896257311, 0.5773502691896278405 ) ) ;
#7841 = EDGE_CURVE ( 'NONE', #10993, #12319, #11085, .T. ) ;
#7842 = ORIENTED_EDGE ( 'NONE', *, *, #12022, .F. ) ;
#7843 = CARTESIAN_POINT ( 'NONE',  ( 19.19999999999996021, -57.98150098949683695, 14.11324865405187090 ) ) ;
#7844 = ORIENTED_EDGE ( 'NONE', *, *, #10004, .T. ) ;
#7845 = CARTESIAN_POINT ( 'NONE',  ( -76.80000000000002558, -23.80000000000002203, 20.25000000000002132 ) ) ;
#7846 = CARTESIAN_POINT ( 'NONE',  ( 22.69999999999998508, 30.80000000000002203, 26.00000000000000355 ) ) ;
#7847 = ORIENTED_EDGE ( 'NONE', *, *, #11162, .F. ) ;
#7848 = VECTOR ( 'NONE', #12133, 1000.000000000000114 ) ;
#7849 = DIRECTION ( 'NONE',  ( 0.6546536707079744222, 0.6546536707079767536, -0.3779644730092323601 ) ) ;
#7850 = VERTEX_POINT ( 'NONE', #5337 ) ;
#7851 = DIRECTION ( 'NONE',  ( -1.000000000000000000, -1.114860845743448580E-16, 1.051347561198065328E-16 ) ) ;
#7852 = FACE_OUTER_BOUND ( 'NONE', #3094, .T. ) ;
#7853 = EDGE_CURVE ( 'NONE', #7877, #129, #4353, .T. ) ;
#7854 = EDGE_CURVE ( 'NONE', #7927, #5079, #9043, .T. ) ;
#7855 = FACE_OUTER_BOUND ( 'NONE', #3942, .T. ) ;
#7856 = ORIENTED_EDGE ( 'NONE', *, *, #862, .T. ) ;
#7857 = ORIENTED_EDGE ( 'NONE', *, *, #7716, .F. ) ;
#7858 = EDGE_LOOP ( 'NONE', ( #4388, #3167, #11945, #5694 ) ) ;
#7859 = CARTESIAN_POINT ( 'NONE',  ( -59.30000000000000426, 20.79999999999999361, 20.25000000000004619 ) ) ;
#7860 = FACE_OUTER_BOUND ( 'NONE', #519, .T. ) ;
#7861 = ORIENTED_EDGE ( 'NONE', *, *, #6704, .T. ) ;
#7862 = AXIS2_PLACEMENT_3D ( 'NONE', #8658, #10771, #6746 ) ;
#7863 = VERTEX_POINT ( 'NONE', #7074 ) ;
#7864 = EDGE_LOOP ( 'NONE', ( #7975, #2321, #10376, #10954 ) ) ;
#7865 = DIRECTION ( 'NONE',  ( -1.300837067317988202E-14, -0.6546536707079778639, 0.7559289460184538401 ) ) ;
#7866 = CARTESIAN_POINT ( 'NONE',  ( -43.80000000000002558, 29.79999999999997939, 20.75277674973256836 ) ) ;
#7867 = CARTESIAN_POINT ( 'NONE',  ( 91.05000000000001137, 27.00000000000000355, 5.000000000000000000 ) ) ;
#7868 = CARTESIAN_POINT ( 'NONE',  ( -1.300000000000041567, -21.79999999999996518, 15.55662432702593634 ) ) ;
#7869 = DIRECTION ( 'NONE',  ( 0.000000000000000000, 0.000000000000000000, -1.000000000000000000 ) ) ;
#7870 = DIRECTION ( 'NONE',  ( 1.301042606982605321E-16, -1.000000000000000000, 0.000000000000000000 ) ) ;
#7871 = AXIS2_PLACEMENT_3D ( 'NONE', #2478, #3363, #7040 ) ;
#7872 = CARTESIAN_POINT ( 'NONE',  ( 51.19999999999994600, 29.80000000000004690, 21.00000000000003197 ) ) ;
#7873 = ORIENTED_EDGE ( 'NONE', *, *, #6459, .F. ) ;
#7874 = ORIENTED_EDGE ( 'NONE', *, *, #5757, .F. ) ;
#7875 = ORIENTED_EDGE ( 'NONE', *, *, #334, .T. ) ;
#7876 = DIRECTION ( 'NONE',  ( -0.000000000000000000, -0.7071067811865482389, 0.7071067811865469066 ) ) ;
#7877 = VERTEX_POINT ( 'NONE', #11912 ) ;
#7878 = CARTESIAN_POINT ( 'NONE',  ( 91.05000000000001137, -27.00000000000000355, 1.000000000000000000 ) ) ;
#7879 = ADVANCED_FACE ( 'NONE', ( #7137 ), #587, .F. ) ;
#7880 = EDGE_LOOP ( 'NONE', ( #9342, #764, #1544, #3514 ) ) ;
#7881 = ADVANCED_FACE ( 'NONE', ( #9158 ), #9985, .F. ) ;
#7882 = PLANE ( 'NONE',  #8597 ) ;
#7883 = ADVANCED_FACE ( 'NONE', ( #10975 ), #7204, .T. ) ;
#7884 = DIRECTION ( 'NONE',  ( -1.000000000000000000, 0.000000000000000000, 0.000000000000000000 ) ) ;
#7885 = ORIENTED_EDGE ( 'NONE', *, *, #10866, .F. ) ;
#7886 = ORIENTED_EDGE ( 'NONE', *, *, #1082, .T. ) ;
#7887 = DIRECTION ( 'NONE',  ( -1.000000000000000000, 0.000000000000000000, 0.000000000000000000 ) ) ;
#7888 = ORIENTED_EDGE ( 'NONE', *, *, #10438, .T. ) ;
#7889 = ORIENTED_EDGE ( 'NONE', *, *, #3933, .T. ) ;
#7890 = DIRECTION ( 'NONE',  ( -0.8660254037844383745, -9.654978140984304048E-17, 0.5000000000000004441 ) ) ;
#7891 = CARTESIAN_POINT ( 'NONE',  ( -81.80000000000002558, -30.80000000000002913, 6.999999999999999112 ) ) ;
#7892 = ADVANCED_FACE ( 'NONE', ( #8218 ), #6259, .T. ) ;
#7893 = EDGE_LOOP ( 'NONE', ( #2988, #4757, #2201, #10457 ) ) ;
#7894 = EDGE_CURVE ( 'NONE', #565, #12319, #10057, .T. ) ;
#7895 = DIRECTION ( 'NONE',  ( 0.7071067811865475727, 0.000000000000000000, -0.7071067811865475727 ) ) ;
#7896 = ADVANCED_FACE ( 'NONE', ( #1453 ), #10278, .F. ) ;
#7897 = DIRECTION ( 'NONE',  ( 0.6546536707079774198, -0.6546536707079775308, -0.3779644730092261984 ) ) ;
#7898 = ADVANCED_FACE ( 'NONE', ( #6138 ), #9091, .F. ) ;
#7899 = LINE ( 'NONE', #516, #6747 ) ;
#7900 = LINE ( 'NONE', #5827, #2950 ) ;
#7901 = VERTEX_POINT ( 'NONE', #5227 ) ;
#7902 = DIRECTION ( 'NONE',  ( 0.6546536707079777528, -0.6546536707079798623, 0.3779644730092215354 ) ) ;
#7903 = VERTEX_POINT ( 'NONE', #8154 ) ;
#7904 = PLANE ( 'NONE',  #5170 ) ;
#7905 = LINE ( 'NONE', #5382, #399 ) ;
#7906 = CARTESIAN_POINT ( 'NONE',  ( 31.49999999999997868, -31.49999999999997868, 1.000000000000000000 ) ) ;
#7907 = CARTESIAN_POINT ( 'NONE',  ( 44.62788568297003167, -24.79999999999999005, -31.45578739157890880 ) ) ;
#7908 = ORIENTED_EDGE ( 'NONE', *, *, #290, .T. ) ;
#7909 = ORIENTED_EDGE ( 'NONE', *, *, #656, .F. ) ;
#7910 = ADVANCED_FACE ( 'NONE', ( #12094 ), #11032, .F. ) ;
#7911 = CYLINDRICAL_SURFACE ( 'NONE', #62, 2.000000000000015543 ) ;
#7912 = ORIENTED_EDGE ( 'NONE', *, *, #7246, .F. ) ;
#7914 = AXIS2_PLACEMENT_3D ( 'NONE', #11362, #915, #2795 ) ;
#7913 = CARTESIAN_POINT ( 'NONE',  ( 77.80000000000005400, -21.79999999999995808, 22.00000000000000355 ) ) ;
#7915 = DIRECTION ( 'NONE',  ( 0.5773502691896117422, -0.5773502691896037486, -0.5773502691896620354 ) ) ;
#7916 = VERTEX_POINT ( 'NONE', #3464 ) ;
#7917 = ORIENTED_EDGE ( 'NONE', *, *, #7539, .T. ) ;
#7918 = VECTOR ( 'NONE', #5367, 1000.000000000000000 ) ;
#7919 = ORIENTED_EDGE ( 'NONE', *, *, #168, .F. ) ;
#7920 = PLANE ( 'NONE',  #2781 ) ;
#7921 = VECTOR ( 'NONE', #5325, 1000.000000000000000 ) ;
#7922 = FACE_OUTER_BOUND ( 'NONE', #5072, .T. ) ;
#7923 = DIRECTION ( 'NONE',  ( -0.7071067811865475727, 0.000000000000000000, -0.7071067811865475727 ) ) ;
#7924 = ORIENTED_EDGE ( 'NONE', *, *, #1681, .T. ) ;
#7925 = EDGE_CURVE ( 'NONE', #11006, #6369, #3289, .T. ) ;
#7926 = EDGE_CURVE ( 'NONE', #3193, #9244, #10162, .T. ) ;
#7927 = VERTEX_POINT ( 'NONE', #7319 ) ;
#7928 = ORIENTED_EDGE ( 'NONE', *, *, #9141, .T. ) ;
#7929 = VECTOR ( 'NONE', #4572, 1000.000000000000000 ) ;
#7930 = DIRECTION ( 'NONE',  ( -0.7071067811865474617, 0.7071067811865474617, -0.000000000000000000 ) ) ;
#7931 = CARTESIAN_POINT ( 'NONE',  ( 86.34999999999998010, -24.15000000000000568, 1.000000000000000000 ) ) ;
#7932 = CARTESIAN_POINT ( 'NONE',  ( 71.80000000000006821, -29.79999999999998650, 15.99999999999995914 ) ) ;
#7933 = CARTESIAN_POINT ( 'NONE',  ( -78.13333333333338260, -21.74280904158207406, 26.00000000000000355 ) ) ;
#7934 = CARTESIAN_POINT ( 'NONE',  ( -59.30000000000000426, 30.80000000000001137, 20.25000000000004619 ) ) ;
#7935 = VECTOR ( 'NONE', #11206, 1000.000000000000114 ) ;
#7936 = DIRECTION ( 'NONE',  ( -0.7071067811865474617, -8.888657488019555987E-17, 0.7071067811865474617 ) ) ;
#7937 = DIRECTION ( 'NONE',  ( -1.000000000000000000, 0.000000000000000000, 0.000000000000000000 ) ) ;
#7938 = FACE_OUTER_BOUND ( 'NONE', #4760, .T. ) ;
#7939 = EDGE_LOOP ( 'NONE', ( #4896, #5607 ) ) ;
#7940 = PLANE ( 'NONE',  #6762 ) ;
#7941 = ORIENTED_EDGE ( 'NONE', *, *, #6884, .F. ) ;
#7942 = LINE ( 'NONE', #4010, #11514 ) ;
#7943 = EDGE_CURVE ( 'NONE', #4727, #6167, #11149, .T. ) ;
#7944 = DIRECTION ( 'NONE',  ( 0.8660254037844389297, 9.654978140984311444E-17, -0.4999999999999994449 ) ) ;
#7945 = CARTESIAN_POINT ( 'NONE',  ( -19.80000000000003979, 20.79999999999999716, 26.00000000000000355 ) ) ;
#7946 = ORIENTED_EDGE ( 'NONE', *, *, #12019, .T. ) ;
#7947 = FACE_OUTER_BOUND ( 'NONE', #6101, .T. ) ;
#7948 = VECTOR ( 'NONE', #12104, 999.9999999999998863 ) ;
#7949 = DIRECTION ( 'NONE',  ( -1.301042606982605321E-16, 1.000000000000000000, -0.000000000000000000 ) ) ;
#7950 = LINE ( 'NONE', #10888, #2770 ) ;
#7951 = VERTEX_POINT ( 'NONE', #8038 ) ;
#7952 = ADVANCED_FACE ( 'NONE', ( #9353 ), #10291, .F. ) ;
#7953 = ORIENTED_EDGE ( 'NONE', *, *, #3899, .T. ) ;
#7954 = EDGE_CURVE ( 'NONE', #8870, #3104, #9537, .T. ) ;
#7955 = CARTESIAN_POINT ( 'NONE',  ( -61.30000000000006821, 20.79999999999999361, 11.74999999999996092 ) ) ;
#7956 = VERTEX_POINT ( 'NONE', #8599 ) ;
#7957 = ORIENTED_EDGE ( 'NONE', *, *, #2742, .T. ) ;
#7958 = PLANE ( 'NONE',  #1784 ) ;
#7959 = CARTESIAN_POINT ( 'NONE',  ( -75.80000000000005400, -24.80000000000000426, 13.74999999999996447 ) ) ;
#7960 = VECTOR ( 'NONE', #11142, 1000.000000000000114 ) ;
#7961 = ORIENTED_EDGE ( 'NONE', *, *, #4254, .F. ) ;
#7962 = CARTESIAN_POINT ( 'NONE',  ( 77.80000000000003979, 29.80000000000004334, 10.00000000000000000 ) ) ;
#7963 = FACE_OUTER_BOUND ( 'NONE', #8112, .T. ) ;
#7964 = VECTOR ( 'NONE', #5775, 1000.000000000000114 ) ;
#7965 = CARTESIAN_POINT ( 'NONE',  ( -60.30000000000003979, 29.79999999999998295, 13.75000000000001776 ) ) ;
#7966 = ORIENTED_EDGE ( 'NONE', *, *, #475, .F. ) ;
#7967 = DIRECTION ( 'NONE',  ( 0.000000000000000000, 0.000000000000000000, 1.000000000000000000 ) ) ;
#7968 = VERTEX_POINT ( 'NONE', #11410 ) ;
#7969 = EDGE_CURVE ( 'NONE', #1846, #8378, #902, .T. ) ;
#7970 = ADVANCED_FACE ( 'NONE', ( #5709 ), #1699, .F. ) ;
#7971 = LINE ( 'NONE', #11197, #8003 ) ;
#7972 = VERTEX_POINT ( 'NONE', #2769 ) ;
#7973 = AXIS2_PLACEMENT_3D ( 'NONE', #6876, #6006, #9859 ) ;
#7974 = LINE ( 'NONE', #11782, #10583 ) ;
#7975 = ORIENTED_EDGE ( 'NONE', *, *, #8060, .T. ) ;
#7976 = EDGE_CURVE ( 'NONE', #3652, #9880, #1766, .T. ) ;
#7977 = ORIENTED_EDGE ( 'NONE', *, *, #6065, .T. ) ;
#7978 = EDGE_CURVE ( 'NONE', #4748, #4390, #7390, .T. ) ;
#7979 = DIRECTION ( 'NONE',  ( -0.7071067811865390240, -0.7071067811865560104, 0.000000000000000000 ) ) ;
#7980 = CARTESIAN_POINT ( 'NONE',  ( 77.80000000000005400, -9.507106781186557498, 13.29289321881345209 ) ) ;
#7981 = ORIENTED_EDGE ( 'NONE', *, *, #9046, .F. ) ;
#7982 = FACE_OUTER_BOUND ( 'NONE', #1612, .T. ) ;
#7983 = CARTESIAN_POINT ( 'NONE',  ( 51.19999999999995310, -23.80000000000001847, 10.99999999999997335 ) ) ;
#7984 = VECTOR ( 'NONE', #5254, 1000.000000000000000 ) ;
#7985 = VECTOR ( 'NONE', #11193, 1000.000000000000000 ) ;
#7986 = LINE ( 'NONE', #7078, #7819 ) ;
#7987 = EDGE_LOOP ( 'NONE', ( #12383, #1918, #4482, #11467 ) ) ;
#7988 = EDGE_CURVE ( 'NONE', #8628, #11392, #10535, .T. ) ;
#7989 = ORIENTED_EDGE ( 'NONE', *, *, #10134, .F. ) ;
#7990 = PERSON_AND_ORGANIZATION ( #6357, #11785 ) ;
#7991 = EDGE_CURVE ( 'NONE', #9739, #11094, #9414, .T. ) ;
#7992 = LINE ( 'NONE', #10864, #5777 ) ;
#7993 = VECTOR ( 'NONE', #11019, 1000.000000000000000 ) ;
#7994 = ORIENTED_EDGE ( 'NONE', *, *, #10409, .T. ) ;
#7995 = VECTOR ( 'NONE', #3181, 1000.000000000000000 ) ;
#7996 = LINE ( 'NONE', #6715, #4334 ) ;
#7997 = VERTEX_POINT ( 'NONE', #11216 ) ;
#7998 = FACE_OUTER_BOUND ( 'NONE', #870, .T. ) ;
#7999 = CARTESIAN_POINT ( 'NONE',  ( -20.80000000000002558, -21.80000000000000071, 18.87638837486628063 ) ) ;
#8000 = DIRECTION ( 'NONE',  ( -1.000000000000000000, -3.469446951953611724E-16, 0.000000000000000000 ) ) ;
#8001 = CARTESIAN_POINT ( 'NONE',  ( 77.80000000000005400, 29.80000000000005400, 26.00000000000000355 ) ) ;
#8002 = CARTESIAN_POINT ( 'NONE',  ( -82.80000000000003979, -21.21421356237310363, 25.00000000000000000 ) ) ;
#8003 = VECTOR ( 'NONE', #5977, 1000.000000000000114 ) ;
#8004 = VECTOR ( 'NONE', #10686, 1000.000000000000114 ) ;
#8005 = DIRECTION ( 'NONE',  ( 0.3535533905932732313, 0.7071067811865483499, 0.6123724356957938042 ) ) ;
#8006 = ORIENTED_EDGE ( 'NONE', *, *, #1622, .F. ) ;
#8007 = PLANE ( 'NONE',  #6896 ) ;
#8008 = ORIENTED_EDGE ( 'NONE', *, *, #11096, .F. ) ;
#8009 = DIRECTION ( 'NONE',  ( -1.301042606982605321E-16, 1.000000000000000000, -0.000000000000000000 ) ) ;
#8010 = EDGE_LOOP ( 'NONE', ( #9850, #734, #7411, #2550, #9523, #8025 ) ) ;
#8011 = AXIS2_PLACEMENT_3D ( 'NONE', #9461, #10394, #8514 ) ;
#8012 = ORIENTED_EDGE ( 'NONE', *, *, #10947, .F. ) ;
#8013 = LINE ( 'NONE', #9204, #401 ) ;
#8014 = DIRECTION ( 'NONE',  ( 1.000000000000000000, 3.797971485444570149E-17, 0.000000000000000000 ) ) ;
#8015 = DIRECTION ( 'NONE',  ( 0.8660254037844383745, 9.654978140984305281E-17, -0.5000000000000004441 ) ) ;
#8016 = EDGE_CURVE ( 'NONE', #10699, #2977, #4608, .T. ) ;
#8017 = ADVANCED_FACE ( 'NONE', ( #12338 ), #8413, .F. ) ;
#8018 = ORIENTED_EDGE ( 'NONE', *, *, #9548, .F. ) ;
#8019 = VECTOR ( 'NONE', #355, 1000.000000000000000 ) ;
#8020 = ORIENTED_EDGE ( 'NONE', *, *, #1940, .T. ) ;
#8021 = CARTESIAN_POINT ( 'NONE',  ( -60.30000000000003268, -21.79999999999996874, 20.25000000000001776 ) ) ;
#8022 = VERTEX_POINT ( 'NONE', #3777 ) ;
#8023 = ORIENTED_EDGE ( 'NONE', *, *, #9282, .T. ) ;
#8024 = LINE ( 'NONE', #5210, #5036 ) ;
#8025 = ORIENTED_EDGE ( 'NONE', *, *, #475, .T. ) ;
#8026 = VECTOR ( 'NONE', #6511, 1000.000000000000000 ) ;
#8027 = CARTESIAN_POINT ( 'NONE',  ( 83.80000000000003979, 5.286175537703868338E-14, 6.000000000000000000 ) ) ;
#8028 = CARTESIAN_POINT ( 'NONE',  ( 77.80000000000005400, -20.79999999999998650, 6.999999999999999112 ) ) ;
#8029 = DIRECTION ( 'NONE',  ( -0.000000000000000000, 0.000000000000000000, 1.000000000000000000 ) ) ;
#8030 = EDGE_CURVE ( 'NONE', #9770, #9567, #8539, .T. ) ;
#8031 = ORIENTED_EDGE ( 'NONE', *, *, #11549, .F. ) ;
#8032 = FACE_OUTER_BOUND ( 'NONE', #3033, .T. ) ;
#8033 = LINE ( 'NONE', #2135, #8364 ) ;
#8034 = VECTOR ( 'NONE', #530, 1000.000000000000114 ) ;
#8035 = EDGE_LOOP ( 'NONE', ( #8503, #9146, #9287, #7012 ) ) ;
#8036 = FACE_OUTER_BOUND ( 'NONE', #6069, .T. ) ;
#8037 = ORIENTED_EDGE ( 'NONE', *, *, #5974, .F. ) ;
#8038 = CARTESIAN_POINT ( 'NONE',  ( 77.80000000000005400, 29.80000000000005400, 10.99999999999997335 ) ) ;
#8039 = LINE ( 'NONE', #12096, #675 ) ;
#8040 = ADVANCED_FACE ( 'NONE', ( #6510 ), #4728, .F. ) ;
#8041 = DIRECTION ( 'NONE',  ( -0.7071067811865475727, 0.7071067811865475727, -0.000000000000000000 ) ) ;
#8042 = EDGE_CURVE ( 'NONE', #4748, #10197, #1833, .T. ) ;
#8043 = DIRECTION ( 'NONE',  ( -1.301042606982605321E-16, 1.000000000000000000, -0.000000000000000000 ) ) ;
#8044 = LINE ( 'NONE', #4362, #7355 ) ;
#8045 = ORIENTED_EDGE ( 'NONE', *, *, #12186, .F. ) ;
#8046 = CARTESIAN_POINT ( 'NONE',  ( 77.80000000000005400, -9.799999999999991829, 6.999999999999999112 ) ) ;
#8047 = EDGE_LOOP ( 'NONE', ( #10776, #4692, #9011, #11274 ) ) ;
#8048 = DIRECTION ( 'NONE',  ( -0.7071067811865475727, 0.7071067811865475727, 0.000000000000000000 ) ) ;
#8049 = VERTEX_POINT ( 'NONE', #5650 ) ;
#8050 = VERTEX_POINT ( 'NONE', #7650 ) ;
#8051 = CIRCLE ( 'NONE', #11249, 1.700000000000021050 ) ;
#8052 = EDGE_CURVE ( 'NONE', #10037, #10279, #11473, .T. ) ;
#8053 = ORIENTED_EDGE ( 'NONE', *, *, #4986, .F. ) ;
#8054 = CARTESIAN_POINT ( 'NONE',  ( 21.69999999999996376, -21.79999999999996518, 15.55662432702593811 ) ) ;
#8055 = CARTESIAN_POINT ( 'NONE',  ( -47.05000000000003979, -21.80000000000000071, 15.12361162513371760 ) ) ;
#8056 = FACE_OUTER_BOUND ( 'NONE', #4193, .T. ) ;
#8057 = CARTESIAN_POINT ( 'NONE',  ( 63.29711431703000102, -24.79999999999998650, 51.11973485926738903 ) ) ;
#8058 = CARTESIAN_POINT ( 'NONE',  ( 82.30000000000005400, -29.80000000000000782, 25.50000000000000355 ) ) ;
#8059 = CARTESIAN_POINT ( 'NONE',  ( -75.80000000000001137, 20.79999999999998650, 12.74999999999999112 ) ) ;
#8060 = EDGE_CURVE ( 'NONE', #11222, #8772, #8339, .T. ) ;
#8061 = AXIS2_PLACEMENT_3D ( 'NONE', #8749, #3248, #3993 ) ;
#8062 = CARTESIAN_POINT ( 'NONE',  ( -92.84999999999999432, 24.15000000000000568, 3.000000000000000000 ) ) ;
#8063 = DIRECTION ( 'NONE',  ( -0.5773502691896258421, 0.5773502691896258421, 0.5773502691896258421 ) ) ;
#8064 = VECTOR ( 'NONE', #3591, 999.9999999999998863 ) ;
#8065 = EDGE_LOOP ( 'NONE', ( #5143, #3256, #511, #6399 ) ) ;
#8066 = CARTESIAN_POINT ( 'NONE',  ( -89.34999999999998010, -27.00000000000000355, 1.000000000000000000 ) ) ;
#8067 = ORIENTED_EDGE ( 'NONE', *, *, #4033, .F. ) ;
#8068 = ORIENTED_EDGE ( 'NONE', *, *, #2681, .T. ) ;
#8069 = VECTOR ( 'NONE', #2144, 1000.000000000000114 ) ;
#8070 = CARTESIAN_POINT ( 'NONE',  ( 50.19999999999998153, -20.79999999999999005, 10.99999999999997868 ) ) ;
#8071 = ORIENTED_EDGE ( 'NONE', *, *, #1576, .F. ) ;
#8072 = DIRECTION ( 'NONE',  ( -1.000000000000000000, -1.114860845743448580E-16, 0.000000000000000000 ) ) ;
#8073 = CARTESIAN_POINT ( 'NONE',  ( -40.55000000000001137, -57.98150098949685116, 15.12361162513371404 ) ) ;
#8074 = ORIENTED_EDGE ( 'NONE', *, *, #4169, .T. ) ;
#8075 = ORIENTED_EDGE ( 'NONE', *, *, #3168, .T. ) ;
#8076 = LINE ( 'NONE', #11956, #7921 ) ;
#8077 = ORIENTED_EDGE ( 'NONE', *, *, #11466, .F. ) ;
#8078 = LINE ( 'NONE', #3331, #4615 ) ;
#8079 = ORIENTED_EDGE ( 'NONE', *, *, #1920, .F. ) ;
#8080 = EDGE_CURVE ( 'NONE', #9174, #597, #5820, .T. ) ;
#8081 = AXIS2_PLACEMENT_3D ( 'NONE', #493, #366, #7278 ) ;
#8082 = CARTESIAN_POINT ( 'NONE',  ( 82.80000000000005400, 8.800000000000009592, 26.00000000000000355 ) ) ;
#8083 = DIRECTION ( 'NONE',  ( -1.301042606982605321E-16, 1.000000000000000000, -0.000000000000000000 ) ) ;
#8084 = LINE ( 'NONE', #335, #10368 ) ;
#8085 = EDGE_LOOP ( 'NONE', ( #11375, #5699, #1685, #6971 ) ) ;
#8086 = CARTESIAN_POINT ( 'NONE',  ( 77.80000000000005400, -20.79999999999998650, 11.75000000000000178 ) ) ;
#8087 = DIRECTION ( 'NONE',  ( 0.000000000000000000, 0.000000000000000000, -1.000000000000000000 ) ) ;
#8088 = ORIENTED_EDGE ( 'NONE', *, *, #10797, .F. ) ;
#8089 = VERTEX_POINT ( 'NONE', #11705 ) ;
#8090 = CARTESIAN_POINT ( 'NONE',  ( -84.80000000000003979, 32.80000000000001137, 6.000000000000000000 ) ) ;
#8091 = VECTOR ( 'NONE', #11075, 1000.000000000000000 ) ;
#8092 = EDGE_CURVE ( 'NONE', #7956, #4979, #10652, .T. ) ;
#8093 = FACE_OUTER_BOUND ( 'NONE', #9452, .T. ) ;
#8094 = ORIENTED_EDGE ( 'NONE', *, *, #4821, .T. ) ;
#8095 = CARTESIAN_POINT ( 'NONE',  ( 1.199999999999951550, 29.80000000000002203, 19.88675134594813443 ) ) ;
#8096 = CARTESIAN_POINT ( 'NONE',  ( -77.80000000000005400, -20.80000000000000426, 26.00000000000000355 ) ) ;
#8097 = VECTOR ( 'NONE', #8808, 1000.000000000000000 ) ;
#8098 = ORIENTED_EDGE ( 'NONE', *, *, #10339, .T. ) ;
#8099 = DIRECTION ( 'NONE',  ( 0.3535533905932802257, 0.7071067811865353603, -0.6123724356958050175 ) ) ;
#8100 = EDGE_CURVE ( 'NONE', #9397, #4810, #5021, .T. ) ;
#8101 = EDGE_CURVE ( 'NONE', #2382, #5637, #7001, .T. ) ;
#8102 = ORIENTED_EDGE ( 'NONE', *, *, #9295, .T. ) ;
#8103 = CONICAL_SURFACE ( 'NONE', #2709, 1.500000000000001332, 0.7853981633974675969 ) ;
#8104 = ORIENTED_EDGE ( 'NONE', *, *, #5479, .T. ) ;
#8105 = VERTEX_POINT ( 'NONE', #6808 ) ;
#8106 = VECTOR ( 'NONE', #5179, 1000.000000000000000 ) ;
#8107 = EDGE_LOOP ( 'NONE', ( #3268, #8910, #923, #11864 ) ) ;
#8108 = PLANE ( 'NONE',  #12099 ) ;
#8109 = DIRECTION ( 'NONE',  ( -0.5773502691896253980, -0.5773502691896255090, -0.5773502691896265082 ) ) ;
#8110 = CARTESIAN_POINT ( 'NONE',  ( 91.05000000000001137, -27.00000000000000355, 4.499999999999970690 ) ) ;
#8111 = DIRECTION ( 'NONE',  ( 0.000000000000000000, 0.000000000000000000, -1.000000000000000000 ) ) ;
#8112 = EDGE_LOOP ( 'NONE', ( #10725, #5110, #8682, #7672, #1064 ) ) ;
#8113 = DIRECTION ( 'NONE',  ( -1.301042606982605321E-16, 1.000000000000000000, -0.000000000000000000 ) ) ;
#8114 = VECTOR ( 'NONE', #7751, 1000.000000000000114 ) ;
#8115 = DIRECTION ( 'NONE',  ( -1.000000000000000000, 0.000000000000000000, 0.000000000000000000 ) ) ;
#8116 = CARTESIAN_POINT ( 'NONE',  ( 64.29711431703000812, 20.80000000000000426, 49.38768405169850695 ) ) ;
#8117 = EDGE_CURVE ( 'NONE', #1615, #8105, #11645, .T. ) ;
#8118 = VERTEX_POINT ( 'NONE', #6870 ) ;
#8119 = ADVANCED_FACE ( 'NONE', ( #2121 ), #1083, .F. ) ;
#8120 = CARTESIAN_POINT ( 'NONE',  ( -78.80000000000005400, 8.799999999999988276, 26.00000000000000355 ) ) ;
#8121 = ORIENTED_EDGE ( 'NONE', *, *, #4543, .T. ) ;
#8122 = VECTOR ( 'NONE', #1733, 1000.000000000000114 ) ;
#8123 = EDGE_CURVE ( 'NONE', #8089, #8, #11531, .T. ) ;
#8124 = ORIENTED_EDGE ( 'NONE', *, *, #5238, .T. ) ;
#8125 = ADVANCED_FACE ( 'NONE', ( #2188 ), #6930, .F. ) ;
#8126 = FACE_OUTER_BOUND ( 'NONE', #8284, .T. ) ;
#8127 = ORIENTED_EDGE ( 'NONE', *, *, #2564, .F. ) ;
#8128 = DIRECTION ( 'NONE',  ( 0.000000000000000000, 0.000000000000000000, -1.000000000000000000 ) ) ;
#8129 = DIRECTION ( 'NONE',  ( 0.000000000000000000, 0.000000000000000000, 1.000000000000000000 ) ) ;
#8130 = DIRECTION ( 'NONE',  ( -0.8660254037844383745, 0.000000000000000000, -0.5000000000000003331 ) ) ;
#8131 = VECTOR ( 'NONE', #7851, 1000.000000000000000 ) ;
#8132 = EDGE_CURVE ( 'NONE', #4716, #11739, #5995, .T. ) ;
#8133 = ORIENTED_EDGE ( 'NONE', *, *, #10089, .F. ) ;
#8134 = CARTESIAN_POINT ( 'NONE',  ( 52.19999999999992468, 21.79999999999997229, 10.00000000000000178 ) ) ;
#8135 = CARTESIAN_POINT ( 'NONE',  ( -87.64999999999997726, -27.00000000000000355, 4.499999999999968914 ) ) ;
#8136 = ORIENTED_EDGE ( 'NONE', *, *, #6183, .T. ) ;
#8137 = AXIS2_PLACEMENT_3D ( 'NONE', #3659, #12157, #20 ) ;
#8138 = DIRECTION ( 'NONE',  ( -0.000000000000000000, 0.000000000000000000, 1.000000000000000000 ) ) ;
#8139 = LINE ( 'NONE', #9144, #11895 ) ;
#8140 = ORIENTED_EDGE ( 'NONE', *, *, #7295, .T. ) ;
#8141 = AXIS2_PLACEMENT_3D ( 'NONE', #6815, #1216, #8029 ) ;
#8142 = CARTESIAN_POINT ( 'NONE',  ( -59.30000000000006111, -20.80000000000000071, 26.00000000000000355 ) ) ;
#8143 = LINE ( 'NONE', #10900, #10271 ) ;
#8144 = PLANE ( 'NONE',  #1175 ) ;
#8145 = ORIENTED_EDGE ( 'NONE', *, *, #3062, .T. ) ;
#8146 = VERTEX_POINT ( 'NONE', #1262 ) ;
#8147 = EDGE_CURVE ( 'NONE', #8979, #8516, #76, .T. ) ;
#8148 = CARTESIAN_POINT ( 'NONE',  ( 51.19999999999995310, -24.79999999999999005, 10.99999999999997691 ) ) ;
#8149 = AXIS2_PLACEMENT_3D ( 'NONE', #6547, #11324, #6427 ) ;
#8150 = PLANE ( 'NONE',  #4234 ) ;
#8151 = VECTOR ( 'NONE', #3125, 999.9999999999998863 ) ;
#8152 = DIRECTION ( 'NONE',  ( 0.7071067811865487940, -0.7071067811865463515, 0.000000000000000000 ) ) ;
#8153 = ORIENTED_EDGE ( 'NONE', *, *, #9957, .T. ) ;
#8154 = CARTESIAN_POINT ( 'NONE',  ( -83.80000000000002558, -29.80000000000002913, 6.000000000000000000 ) ) ;
#8155 = DIRECTION ( 'NONE',  ( -1.000000000000000000, 0.000000000000000000, 0.000000000000000000 ) ) ;
#8156 = AXIS2_PLACEMENT_3D ( 'NONE', #11480, #2897, #8668 ) ;
#8157 = AXIS2_PLACEMENT_3D ( 'NONE', #5756, #10586, #1995 ) ;
#8158 = LINE ( 'NONE', #1586, #5026 ) ;
#8159 = ORIENTED_EDGE ( 'NONE', *, *, #6280, .T. ) ;
#8160 = LINE ( 'NONE', #595, #6349 ) ;
#8161 = ORIENTED_EDGE ( 'NONE', *, *, #289, .T. ) ;
#8162 = EDGE_CURVE ( 'NONE', #10931, #2172, #4903, .T. ) ;
#8163 = CARTESIAN_POINT ( 'NONE',  ( -91.34999999999998010, 33.00000000000000000, 0.000000000000000000 ) ) ;
#8164 = ORIENTED_EDGE ( 'NONE', *, *, #1232, .F. ) ;
#8165 = ORIENTED_EDGE ( 'NONE', *, *, #9443, .F. ) ;
#8166 = VERTEX_POINT ( 'NONE', #7959 ) ;
#8167 = CIRCLE ( 'NONE', #11164, 2.200000000000035261 ) ;
#8168 = AXIS2_PLACEMENT_3D ( 'NONE', #4675, #3725, #3595 ) ;
#8169 = ORIENTED_EDGE ( 'NONE', *, *, #6112, .F. ) ;
#8170 = DIRECTION ( 'NONE',  ( 0.3535533905932725096, 0.7071067811865490160, 0.6123724356957934711 ) ) ;
#8171 = FACE_OUTER_BOUND ( 'NONE', #10060, .T. ) ;
#8172 = LINE ( 'NONE', #1471, #9839 ) ;
#8173 = FACE_OUTER_BOUND ( 'NONE', #259, .T. ) ;
#8174 = DIRECTION ( 'NONE',  ( -0.7071067811865475727, -0.7071067811865475727, 0.000000000000000000 ) ) ;
#8175 = CARTESIAN_POINT ( 'NONE',  ( -61.30000000000000426, -21.79999999999997229, 12.74999999999998934 ) ) ;
#8176 = CARTESIAN_POINT ( 'NONE',  ( 21.69999999999996732, -57.98150098949683695, 15.55662432702593811 ) ) ;
#8177 = ADVANCED_FACE ( 'NONE', ( #204 ), #8712, .F. ) ;
#8178 = PLANE ( 'NONE',  #12202 ) ;
#8179 = VECTOR ( 'NONE', #4861, 1000.000000000000000 ) ;
#8180 = CIRCLE ( 'NONE', #10003, 2.200000000000007283 ) ;
#8181 = ORIENTED_EDGE ( 'NONE', *, *, #2445, .F. ) ;
#8182 = DIRECTION ( 'NONE',  ( -4.136904687379358886E-15, -0.6546536707079758655, -0.7559289460184555054 ) ) ;
#8183 = ORIENTED_EDGE ( 'NONE', *, *, #12158, .T. ) ;
#8184 = DIRECTION ( 'NONE',  ( 0.5000000000000001110, 6.505213034913026604E-17, -0.8660254037844385966 ) ) ;
#8185 = VERTEX_POINT ( 'NONE', #2447 ) ;
#8186 = DIRECTION ( 'NONE',  ( -0.5000000000000004441, -6.505213034913032767E-17, 0.8660254037844383745 ) ) ;
#8187 = ORIENTED_EDGE ( 'NONE', *, *, #7425, .F. ) ;
#8188 = AXIS2_PLACEMENT_3D ( 'NONE', #2731, #12056, #10373 ) ;
#8189 = PLANE ( 'NONE',  #2975 ) ;
#8190 = AXIS2_PLACEMENT_3D ( 'NONE', #3816, #7682, #47 ) ;
#8191 = EDGE_CURVE ( 'NONE', #2254, #43, #11960, .T. ) ;
#8192 = EDGE_CURVE ( 'NONE', #3050, #5998, #6123, .T. ) ;
#8193 = LINE ( 'NONE', #7364, #10823 ) ;
#8194 = DIRECTION ( 'NONE',  ( 0.000000000000000000, 1.000000000000000000, 0.000000000000000000 ) ) ;
#8195 = EDGE_CURVE ( 'NONE', #10256, #10850, #691, .T. ) ;
#8196 = PLANE ( 'NONE',  #4206 ) ;
#8197 = EDGE_LOOP ( 'NONE', ( #8310, #415, #5037, #9916 ) ) ;
#8198 = CARTESIAN_POINT ( 'NONE',  ( -81.80000000000002558, -30.80000000000002913, 26.00000000000000355 ) ) ;
#8199 = AXIS2_PLACEMENT_3D ( 'NONE', #7688, #6614, #2928 ) ;
#8200 = ORIENTED_EDGE ( 'NONE', *, *, #6066, .T. ) ;
#8201 = ORIENTED_EDGE ( 'NONE', *, *, #450, .F. ) ;
#8202 = VECTOR ( 'NONE', #6655, 1000.000000000000000 ) ;
#8203 = CARTESIAN_POINT ( 'NONE',  ( -61.30000000000000426, -20.80000000000000071, 11.75000000000001599 ) ) ;
#8204 = DIRECTION ( 'NONE',  ( -1.000000000000000000, -1.114860845743448580E-16, 1.304303365396091250E-16 ) ) ;
#8205 = EDGE_LOOP ( 'NONE', ( #10471, #11821, #4774, #12092 ) ) ;
#8206 = CARTESIAN_POINT ( 'NONE',  ( -87.14999999999997726, 27.00000000000000355, 0.000000000000000000 ) ) ;
#8207 = ADVANCED_FACE ( 'NONE', ( #4210 ), #390, .F. ) ;
#8208 = VECTOR ( 'NONE', #5516, 1000.000000000000000 ) ;
#8209 = CARTESIAN_POINT ( 'NONE',  ( -75.80000000000005400, -23.80000000000002913, 12.74999999999999112 ) ) ;
#8210 = DIRECTION ( 'NONE',  ( -0.7071067811865475727, -0.7071067811865475727, 0.000000000000000000 ) ) ;
#8211 = CARTESIAN_POINT ( 'NONE',  ( -87.14999999999997726, 27.00000000000000355, 0.000000000000000000 ) ) ;
#8212 = ADVANCED_FACE ( 'NONE', ( #11834 ), #3271, .F. ) ;
#8213 = EDGE_LOOP ( 'NONE', ( #2751, #5052, #6054, #4530 ) ) ;
#8214 = VECTOR ( 'NONE', #6127, 1000.000000000000000 ) ;
#8215 = DIRECTION ( 'NONE',  ( 1.000000000000000000, -0.000000000000000000, 0.000000000000000000 ) ) ;
#8216 = ORIENTED_EDGE ( 'NONE', *, *, #1847, .T. ) ;
#8217 = AXIS2_PLACEMENT_3D ( 'NONE', #4373, #7276, #9061 ) ;
#8218 = FACE_OUTER_BOUND ( 'NONE', #8213, .T. ) ;
#8219 = LINE ( 'NONE', #3655, #9634 ) ;
#8220 = CARTESIAN_POINT ( 'NONE',  ( -93.34999999999999432, -24.15000000000000568, 3.000000000000000000 ) ) ;
#8221 = ORIENTED_EDGE ( 'NONE', *, *, #5146, .T. ) ;
#8222 = LINE ( 'NONE', #476, #953 ) ;
#8223 = VECTOR ( 'NONE', #1891, 1000.000000000000114 ) ;
#8224 = LINE ( 'NONE', #12038, #9831 ) ;
#8225 = ORIENTED_EDGE ( 'NONE', *, *, #8558, .F. ) ;
#8226 = VERTEX_POINT ( 'NONE', #10896 ) ;
#8227 = DIRECTION ( 'NONE',  ( -0.000000000000000000, -0.7071067811865456854, -0.7071067811865493491 ) ) ;
#8228 = VERTEX_POINT ( 'NONE', #10094 ) ;
#8229 = ORIENTED_EDGE ( 'NONE', *, *, #9108, .T. ) ;
#8230 = ADVANCED_FACE ( 'NONE', ( #7122 ), #3513, .T. ) ;
#8231 = VERTEX_POINT ( 'NONE', #10153 ) ;
#8232 = CARTESIAN_POINT ( 'NONE',  ( -20.80000000000002558, -21.79999999999999361, 15.12361162513371404 ) ) ;
#8233 = CARTESIAN_POINT ( 'NONE',  ( -7.216449660063498580E-15, 20.79999999999996518, 26.00000000000000355 ) ) ;
#8234 = ADVANCED_FACE ( 'NONE', ( #10040 ), #7309, .F. ) ;
#8235 = PLANE ( 'NONE',  #1423 ) ;
#8236 = DIRECTION ( 'NONE',  ( 0.7071067811865482389, 1.708661233319824618E-14, 0.7071067811865469066 ) ) ;
#8237 = DIRECTION ( 'NONE',  ( -0.7071067811865469066, -0.7071067811865482389, 0.000000000000000000 ) ) ;
#8238 = DIRECTION ( 'NONE',  ( -0.7071067811865475727, -9.199760500100244829E-17, 0.7071067811865475727 ) ) ;
#8239 = VECTOR ( 'NONE', #12254, 999.9999999999998863 ) ;
#8240 = DIRECTION ( 'NONE',  ( 1.000000000000000000, 0.000000000000000000, -0.000000000000000000 ) ) ;
#8241 = CARTESIAN_POINT ( 'NONE',  ( 3.699999999999956213, 29.80000000000002203, 15.55662432702593811 ) ) ;
#8242 = ORIENTED_EDGE ( 'NONE', *, *, #8877, .T. ) ;
#8243 = CARTESIAN_POINT ( 'NONE',  ( 77.80000000000005400, 9.800000000000007816, 6.999999999999999112 ) ) ;
#8244 = VERTEX_POINT ( 'NONE', #4339 ) ;
#8245 = FACE_OUTER_BOUND ( 'NONE', #1263, .T. ) ;
#8246 = ORIENTED_EDGE ( 'NONE', *, *, #10100, .F. ) ;
#8247 = CARTESIAN_POINT ( 'NONE',  ( -81.80000000000005400, -7.800000000000008704, 6.000000000000000000 ) ) ;
#8248 = EDGE_LOOP ( 'NONE', ( #2831, #12060, #7318, #7989 ) ) ;
#8249 = CARTESIAN_POINT ( 'NONE',  ( 86.34999999999998010, -29.85000000000004405, 1.000000000000000000 ) ) ;
#8250 = EDGE_CURVE ( 'NONE', #2860, #3407, #8139, .T. ) ;
#8251 = AXIS2_PLACEMENT_3D ( 'NONE', #6090, #9942, #1350 ) ;
#8252 = LINE ( 'NONE', #8315, #2782 ) ;
#8253 = DIRECTION ( 'NONE',  ( 0.8660254037844383745, 1.088633767200839306E-16, 0.5000000000000003331 ) ) ;
#8254 = FACE_BOUND ( 'NONE', #8625, .T. ) ;
#8255 = EDGE_LOOP ( 'NONE', ( #2310, #9490, #1345, #1308 ) ) ;
#8256 = LINE ( 'NONE', #7500, #5540 ) ;
#8257 = DIRECTION ( 'NONE',  ( -1.000000000000000000, 0.000000000000000000, 0.000000000000000000 ) ) ;
#8258 = ORIENTED_EDGE ( 'NONE', *, *, #8694, .F. ) ;
#8259 = EDGE_CURVE ( 'NONE', #2884, #5681, #7248, .T. ) ;
#8260 = ADVANCED_FACE ( 'NONE', ( #5390 ), #4468, .F. ) ;
#8261 = DIRECTION ( 'NONE',  ( -1.000000000000000000, 0.000000000000000000, 0.000000000000000000 ) ) ;
#8262 = ORIENTED_EDGE ( 'NONE', *, *, #3879, .T. ) ;
#8263 = ADVANCED_FACE ( 'NONE', ( #9227 ), #7256, .F. ) ;
#8264 = VECTOR ( 'NONE', #907, 1000.000000000000000 ) ;
#8265 = ORIENTED_EDGE ( 'NONE', *, *, #40, .T. ) ;
#8266 = LINE ( 'NONE', #8142, #10714 ) ;
#8267 = CARTESIAN_POINT ( 'NONE',  ( -3.040110195133754800, -48.05988980486618090, 4.869934465516450928 ) ) ;
#8268 = VECTOR ( 'NONE', #9025, 1000.000000000000000 ) ;
#8269 = ORIENTED_EDGE ( 'NONE', *, *, #11238, .F. ) ;
#8270 = DIRECTION ( 'NONE',  ( 0.3535533905932764509, -0.7071067811865426878, -0.6123724356957984671 ) ) ;
#8271 = LINE ( 'NONE', #11277, #7153 ) ;
#8272 = ORIENTED_EDGE ( 'NONE', *, *, #5812, .T. ) ;
#8273 = EDGE_CURVE ( 'NONE', #9739, #10810, #3523, .T. ) ;
#8274 = ADVANCED_FACE ( 'NONE', ( #10289 ), #11146, .F. ) ;
#8275 = DIRECTION ( 'NONE',  ( -0.5773502691896208461, -0.5773502691896207351, 0.5773502691896357231 ) ) ;
#8276 = DIRECTION ( 'NONE',  ( -0.000000000000000000, -0.000000000000000000, -1.000000000000000000 ) ) ;
#8277 = EDGE_CURVE ( 'NONE', #6985, #474, #7317, .T. ) ;
#8278 = LINE ( 'NONE', #1702, #12226 ) ;
#8279 = EDGE_CURVE ( 'NONE', #11644, #6353, #6317, .T. ) ;
#8280 = ORIENTED_EDGE ( 'NONE', *, *, #10377, .T. ) ;
#8281 = CARTESIAN_POINT ( 'NONE',  ( 89.34999999999998010, 27.00000000000000355, 3.000000000000000000 ) ) ;
#8282 = CARTESIAN_POINT ( 'NONE',  ( 77.80000000000005400, 20.80000000000000426, 11.74999999999994671 ) ) ;
#8283 = ORIENTED_EDGE ( 'NONE', *, *, #8652, .F. ) ;
#8284 = EDGE_LOOP ( 'NONE', ( #8140, #11763, #7660, #1897, #6818 ) ) ;
#8285 = CARTESIAN_POINT ( 'NONE',  ( -77.80000000000005400, -9.800000000000038014, 13.58578643762691840 ) ) ;
#8286 = EDGE_CURVE ( 'NONE', #3020, #3580, #649, .T. ) ;
#8287 = DIRECTION ( 'NONE',  ( 0.7071067811865474617, 0.7071067811865474617, 0.000000000000000000 ) ) ;
#8288 = DIRECTION ( 'NONE',  ( -0.000000000000000000, -0.000000000000000000, 1.000000000000000000 ) ) ;
#8289 = LINE ( 'NONE', #9432, #3511 ) ;
#8290 = ORIENTED_EDGE ( 'NONE', *, *, #12354, .T. ) ;
#8291 = ORIENTED_EDGE ( 'NONE', *, *, #1094, .T. ) ;
#8292 = CARTESIAN_POINT ( 'NONE',  ( 52.19999999999993179, -57.98150098949682985, 22.00000000000000711 ) ) ;
#8293 = CARTESIAN_POINT ( 'NONE',  ( 2.699999999999951328, -24.79999999999999361, 15.55662432702593811 ) ) ;
#8294 = PLANE ( 'NONE',  #3197 ) ;
#8295 = DIRECTION ( 'NONE',  ( 0.000000000000000000, 1.000000000000000000, -0.000000000000000000 ) ) ;
#8296 = LINE ( 'NONE', #7041, #7801 ) ;
#8297 = VECTOR ( 'NONE', #5889, 1000.000000000000000 ) ;
#8298 = ORIENTED_EDGE ( 'NONE', *, *, #4765, .T. ) ;
#8299 = FACE_OUTER_BOUND ( 'NONE', #5673, .T. ) ;
#8300 = ORIENTED_EDGE ( 'NONE', *, *, #318, .T. ) ;
#8301 = DIRECTION ( 'NONE',  ( -1.000000000000000000, -1.114860845743448580E-16, 0.000000000000000000 ) ) ;
#8302 = CC_DESIGN_DATE_AND_TIME_ASSIGNMENT ( #5551, #8562, ( #6381 ) ) ;
#8303 = ORIENTED_EDGE ( 'NONE', *, *, #10799, .T. ) ;
#8304 = EDGE_CURVE ( 'NONE', #6981, #2783, #6378, .T. ) ;
#8305 = FACE_OUTER_BOUND ( 'NONE', #8567, .T. ) ;
#8306 = ORIENTED_EDGE ( 'NONE', *, *, #711, .F. ) ;
#8307 = CARTESIAN_POINT ( 'NONE',  ( -1.300000000000037126, -57.98150098949683695, 18.44337567297407077 ) ) ;
#8308 = ORIENTED_EDGE ( 'NONE', *, *, #2806, .F. ) ;
#8309 = CARTESIAN_POINT ( 'NONE',  ( 77.80000000000005400, 21.79999999999997939, 21.00000000000002842 ) ) ;
#8310 = ORIENTED_EDGE ( 'NONE', *, *, #9974, .F. ) ;
#8311 = VECTOR ( 'NONE', #10005, 1000.000000000000114 ) ;
#8312 = DIRECTION ( 'NONE',  ( 0.7071067811865464625, 1.922962686383566084E-15, 0.7071067811865486830 ) ) ;
#8313 = CARTESIAN_POINT ( 'NONE',  ( 91.34999999999998010, 34.50000000000000711, 5.000000000000000000 ) ) ;
#8314 = CARTESIAN_POINT ( 'NONE',  ( 20.98571428571423780, 29.08571428571427830, 15.96901737644710195 ) ) ;
#8315 = CARTESIAN_POINT ( 'NONE',  ( 78.80000000000008242, -20.79999999999996518, 26.00000000000002132 ) ) ;
#8316 = AXIS2_PLACEMENT_3D ( 'NONE', #10281, #1690, #5515 ) ;
#8317 = DIRECTION ( 'NONE',  ( -0.3535533905932737864, 0.7071067811865449082, 0.6123724356957976900 ) ) ;
#8318 = ORIENTED_EDGE ( 'NONE', *, *, #4695, .F. ) ;
#8319 = AXIS2_PLACEMENT_3D ( 'NONE', #5436, #4574, #4758 ) ;
#8320 = EDGE_CURVE ( 'NONE', #8740, #11341, #708, .T. ) ;
#8321 = CARTESIAN_POINT ( 'NONE',  ( 77.80000000000005400, 29.80000000000005400, 21.00000000000002487 ) ) ;
#8322 = VERTEX_POINT ( 'NONE', #8336 ) ;
#8323 = VECTOR ( 'NONE', #7647, 1000.000000000000000 ) ;
#8324 = DIRECTION ( 'NONE',  ( 0.8660254037844387076, 9.654978140984308979E-17, 0.4999999999999998335 ) ) ;
#8325 = FACE_OUTER_BOUND ( 'NONE', #11160, .T. ) ;
#8326 = EDGE_LOOP ( 'NONE', ( #718, #3506, #2281, #9138 ) ) ;
#8327 = FACE_OUTER_BOUND ( 'NONE', #3318, .T. ) ;
#8328 = LINE ( 'NONE', #11270, #2557 ) ;
#8329 = AXIS2_PLACEMENT_3D ( 'NONE', #2678, #1616, #6608 ) ;
#8330 = CARTESIAN_POINT ( 'NONE',  ( 20.69999999999993889, -24.79999999999999361, 17.86602540378443749 ) ) ;
#8331 = LINE ( 'NONE', #10284, #3804 ) ;
#8332 = CARTESIAN_POINT ( 'NONE',  ( 52.19999999999991758, 30.80000000000002558, 22.99999999999997868 ) ) ;
#8333 = EDGE_CURVE ( 'NONE', #268, #6449, #5465, .T. ) ;
#8334 = ORIENTED_EDGE ( 'NONE', *, *, #4865, .T. ) ;
#8335 = VERTEX_POINT ( 'NONE', #1505 ) ;
#8336 = CARTESIAN_POINT ( 'NONE',  ( 33.69999999999993179, -20.79999999999999005, 19.02072594216370760 ) ) ;
#8337 = CARTESIAN_POINT ( 'NONE',  ( -27.30000000000003268, -57.98150098949684406, 18.87638837486628418 ) ) ;
#8338 = EDGE_LOOP ( 'NONE', ( #12285, #5051 ) ) ;
#8339 = LINE ( 'NONE', #12151, #8064 ) ;
#8340 = VECTOR ( 'NONE', #10417, 1000.000000000000000 ) ;
#8341 = CARTESIAN_POINT ( 'NONE',  ( 51.19999999999994600, 29.80000000000004334, 10.99999999999998046 ) ) ;
#8342 = LINE ( 'NONE', #12034, #3243 ) ;
#8343 = DIRECTION ( 'NONE',  ( 0.000000000000000000, 0.000000000000000000, -1.000000000000000000 ) ) ;
#8344 = DIRECTION ( 'NONE',  ( 2.119624819223096882E-15, 0.7071067811865482389, 0.7071067811865469066 ) ) ;
#8345 = CARTESIAN_POINT ( 'NONE',  ( -47.05000000000003979, 29.79999999999997939, 18.87638837486628418 ) ) ;
#8346 = ADVANCED_FACE ( 'NONE', ( #9350 ), #774, .F. ) ;
#8347 = EDGE_CURVE ( 'NONE', #1761, #9894, #12215, .T. ) ;
#8348 = VECTOR ( 'NONE', #8847, 1000.000000000000000 ) ;
#8349 = ORIENTED_EDGE ( 'NONE', *, *, #9732, .T. ) ;
#8350 = ORIENTED_EDGE ( 'NONE', *, *, #8802, .F. ) ;
#8351 = LINE ( 'NONE', #9167, #5579 ) ;
#8352 = EDGE_CURVE ( 'NONE', #2014, #562, #10349, .T. ) ;
#8353 = CARTESIAN_POINT ( 'NONE',  ( -75.80000000000005400, -24.80000000000000426, 12.74999999999999112 ) ) ;
#8354 = DIRECTION ( 'NONE',  ( 0.000000000000000000, -1.000000000000000000, 0.000000000000000000 ) ) ;
#8355 = CARTESIAN_POINT ( 'NONE',  ( -77.80000000000005400, 20.79999999999999005, 20.25000000000004619 ) ) ;
#8356 = AXIS2_PLACEMENT_3D ( 'NONE', #3934, #10688, #3818 ) ;
#8357 = ORIENTED_EDGE ( 'NONE', *, *, #5917, .F. ) ;
#8358 = DIRECTION ( 'NONE',  ( 4.460489939442534521E-16, -0.7071067811865467956, -0.7071067811865483499 ) ) ;
#8359 = ORIENTED_EDGE ( 'NONE', *, *, #1837, .F. ) ;
#8360 = LINE ( 'NONE', #12047, #8713 ) ;
#8361 = LINE ( 'NONE', #9250, #3895 ) ;
#8362 = EDGE_CURVE ( 'NONE', #4426, #2240, #5647, .T. ) ;
#8363 = DIRECTION ( 'NONE',  ( -1.000000000000000000, -1.114860845743448580E-16, 1.304303365396091250E-16 ) ) ;
#8364 = VECTOR ( 'NONE', #466, 1000.000000000000114 ) ;
#8365 = ORIENTED_EDGE ( 'NONE', *, *, #3782, .T. ) ;
#8366 = PERSON_AND_ORGANIZATION_ROLE ( 'design_owner' ) ;
#8367 = EDGE_CURVE ( 'NONE', #507, #9814, #1079, .T. ) ;
#8368 = LINE ( 'NONE', #11369, #4644 ) ;
#8369 = DIRECTION ( 'NONE',  ( 0.000000000000000000, 0.000000000000000000, 1.000000000000000000 ) ) ;
#8370 = ORIENTED_EDGE ( 'NONE', *, *, #10640, .T. ) ;
#8371 = CARTESIAN_POINT ( 'NONE',  ( 40.69999999999993889, 20.80000000000000426, 19.02072594216367918 ) ) ;
#8372 = DIRECTION ( 'NONE',  ( 0.000000000000000000, 0.000000000000000000, 1.000000000000000000 ) ) ;
#8373 = AXIS2_PLACEMENT_3D ( 'NONE', #4586, #568, #3386 ) ;
#8374 = ORIENTED_EDGE ( 'NONE', *, *, #7031, .F. ) ;
#8375 = DIRECTION ( 'NONE',  ( 0.8660254037844383745, 0.000000000000000000, 0.5000000000000004441 ) ) ;
#8376 = VERTEX_POINT ( 'NONE', #12335 ) ;
#8377 = DIRECTION ( 'NONE',  ( 0.8660254037844385966, 9.654978140984306513E-17, 0.5000000000000001110 ) ) ;
#8378 = VERTEX_POINT ( 'NONE', #6563 ) ;
#8379 = DIRECTION ( 'NONE',  ( -1.301042606982605321E-16, 1.000000000000000000, 0.000000000000000000 ) ) ;
#8380 = CARTESIAN_POINT ( 'NONE',  ( 87.64999999999996305, 27.00000000000000355, 4.499999999999970690 ) ) ;
#8381 = DIRECTION ( 'NONE',  ( -0.7071067811865487940, -0.7071067811865463515, -0.000000000000000000 ) ) ;
#8382 = ADVANCED_FACE ( 'NONE', ( #5817 ), #8653, .F. ) ;
#8383 = PLANE ( 'NONE',  #11166 ) ;
#8384 = PLANE ( 'NONE',  #10746 ) ;
#8385 = VECTOR ( 'NONE', #10285, 1000.000000000000000 ) ;
#8386 = CARTESIAN_POINT ( 'NONE',  ( -89.34999999999998010, 27.00000000000000355, 5.000000000000000000 ) ) ;
#8387 = AXIS2_PLACEMENT_3D ( 'NONE', #8163, #4364, #10921 ) ;
#8388 = DIRECTION ( 'NONE',  ( 1.342799553360502225E-15, -0.6546536707079798623, 0.7559289460184520637 ) ) ;
#8389 = VECTOR ( 'NONE', #627, 1000.000000000000114 ) ;
#8390 = FACE_OUTER_BOUND ( 'NONE', #11391, .T. ) ;
#8391 = DIRECTION ( 'NONE',  ( 0.000000000000000000, 0.000000000000000000, 1.000000000000000000 ) ) ;
#8392 = EDGE_LOOP ( 'NONE', ( #11700, #4515, #7592, #5200 ) ) ;
#8393 = FACE_OUTER_BOUND ( 'NONE', #4117, .T. ) ;
#8394 = ORIENTED_EDGE ( 'NONE', *, *, #1979, .F. ) ;
#8395 = CARTESIAN_POINT ( 'NONE',  ( 39.69999999999995310, 29.79999999999999361, 15.55662432702593811 ) ) ;
#8396 = CARTESIAN_POINT ( 'NONE',  ( 15.69999999999993001, 20.80000000000000071, 14.97927405783630306 ) ) ;
#8397 = VECTOR ( 'NONE', #8324, 1000.000000000000000 ) ;
#8398 = CIRCLE ( 'NONE', #10187, 2.200000000000035261 ) ;
#8399 = VECTOR ( 'NONE', #1101, 1000.000000000000114 ) ;
#8400 = ORIENTED_EDGE ( 'NONE', *, *, #8861, .T. ) ;
#8401 = EDGE_CURVE ( 'NONE', #4834, #10127, #11339, .T. ) ;
#8402 = EDGE_CURVE ( 'NONE', #9509, #10839, #1025, .T. ) ;
#8403 = LINE ( 'NONE', #3336, #9005 ) ;
#8404 = FACE_OUTER_BOUND ( 'NONE', #11468, .T. ) ;
#8405 = LINE ( 'NONE', #4411, #5368 ) ;
#8406 = ORIENTED_EDGE ( 'NONE', *, *, #13, .F. ) ;
#8407 = LOCAL_TIME ( 15, 56, 57.00000000000000000, #11733 ) ;
#8408 = AXIS2_PLACEMENT_3D ( 'NONE', #8176, #12000, #4316 ) ;
#8409 = ORIENTED_EDGE ( 'NONE', *, *, #12280, .F. ) ;
#8410 = DIRECTION ( 'NONE',  ( -0.7071067811865482389, 0.000000000000000000, 0.7071067811865469066 ) ) ;
#8411 = ORIENTED_EDGE ( 'NONE', *, *, #2598, .T. ) ;
#8412 = ORIENTED_EDGE ( 'NONE', *, *, #1455, .F. ) ;
#8413 = PLANE ( 'NONE',  #6456 ) ;
#8414 = CYLINDRICAL_SURFACE ( 'NONE', #11614, 1.700000000000021050 ) ;
#8415 = DIRECTION ( 'NONE',  ( 0.000000000000000000, 0.000000000000000000, 1.000000000000000000 ) ) ;
#8416 = DIRECTION ( 'NONE',  ( -1.000000000000000000, 0.000000000000000000, 0.000000000000000000 ) ) ;
#8417 = AXIS2_PLACEMENT_3D ( 'NONE', #866, #9559, #11174 ) ;
#8418 = EDGE_CURVE ( 'NONE', #7903, #4810, #2833, .T. ) ;
#8419 = DIRECTION ( 'NONE',  ( 0.000000000000000000, 0.000000000000000000, 1.000000000000000000 ) ) ;
#8420 = DIRECTION ( 'NONE',  ( 0.8660254037844384856, 1.088633767200839429E-16, 0.5000000000000002220 ) ) ;
#8421 = DIRECTION ( 'NONE',  ( -0.7071067811865499042, 0.000000000000000000, -0.7071067811865450192 ) ) ;
#8422 = ORIENTED_EDGE ( 'NONE', *, *, #203, .T. ) ;
#8423 = ORIENTED_EDGE ( 'NONE', *, *, #1293, .F. ) ;
#8424 = DIRECTION ( 'NONE',  ( -0.6546536707079807504, -0.6546536707079785300, 0.3779644730092186489 ) ) ;
#8425 = CARTESIAN_POINT ( 'NONE',  ( -2.300000000000037126, 30.80000000000001847, 14.97927405783631372 ) ) ;
#8426 = AXIS2_PLACEMENT_3D ( 'NONE', #988, #3869, #2969 ) ;
#8427 = LINE ( 'NONE', #12163, #7948 ) ;
#8428 = DIRECTION ( 'NONE',  ( 0.000000000000000000, 0.000000000000000000, -1.000000000000000000 ) ) ;
#8429 = ORIENTED_EDGE ( 'NONE', *, *, #11261, .T. ) ;
#8430 = EDGE_CURVE ( 'NONE', #2910, #1640, #4785, .T. ) ;
#8431 = ADVANCED_FACE ( 'NONE', ( #4899 ), #2765, .F. ) ;
#8432 = CARTESIAN_POINT ( 'NONE',  ( -84.80000000000003979, -32.29999999999998295, 6.000000000000000000 ) ) ;
#8433 = ADVANCED_FACE ( 'NONE', ( #3775 ), #9476, .F. ) ;
#8434 = CARTESIAN_POINT ( 'NONE',  ( 77.80000000000005400, -24.79999999999998650, 26.00000000000000355 ) ) ;
#8435 = CARTESIAN_POINT ( 'NONE',  ( -39.55000000000000426, 30.80000000000001492, 14.54626135594406477 ) ) ;
#8436 = FACE_OUTER_BOUND ( 'NONE', #11799, .T. ) ;
#8437 = CARTESIAN_POINT ( 'NONE',  ( 34.69999999999994600, 29.79999999999999361, 15.55662432702593634 ) ) ;
#8438 = LINE ( 'NONE', #12292, #3214 ) ;
#8439 = ORIENTED_EDGE ( 'NONE', *, *, #11875, .T. ) ;
#8440 = LINE ( 'NONE', #10314, #9847 ) ;
#8441 = ORIENTED_EDGE ( 'NONE', *, *, #11409, .T. ) ;
#8442 = DIRECTION ( 'NONE',  ( -0.000000000000000000, -0.000000000000000000, -1.000000000000000000 ) ) ;
#8443 = EDGE_LOOP ( 'NONE', ( #8664, #11136, #10768, #8298 ) ) ;
#8444 = EDGE_CURVE ( 'NONE', #11240, #9296, #3752, .T. ) ;
#8445 = EDGE_LOOP ( 'NONE', ( #5094, #12293, #8580, #9995 ) ) ;
#8446 = ORIENTED_EDGE ( 'NONE', *, *, #1364, .T. ) ;
#8447 = LINE ( 'NONE', #9325, #2115 ) ;
#8448 = ADVANCED_FACE ( 'NONE', ( #4849 ), #6628, .T. ) ;
#8449 = DIRECTION ( 'NONE',  ( -1.301042606982605321E-16, 1.000000000000000000, 0.000000000000000000 ) ) ;
#8450 = DIRECTION ( 'NONE',  ( 0.8660254037844383745, 9.654978140984306513E-17, 0.5000000000000004441 ) ) ;
#8451 = CARTESIAN_POINT ( 'NONE',  ( 19.19999999999994955, 29.79999999999999361, 19.88675134594813443 ) ) ;
#8452 = DIRECTION ( 'NONE',  ( 8.888657488019430262E-17, -0.7071067811865374697, 0.7071067811865575647 ) ) ;
#8453 = CARTESIAN_POINT ( 'NONE',  ( -91.34999999999998010, -34.99999999999998579, 5.000000000000000000 ) ) ;
#8454 = DIRECTION ( 'NONE',  ( 0.8660254037844383745, 1.088633767200839306E-16, -0.5000000000000004441 ) ) ;
#8455 = DIRECTION ( 'NONE',  ( 0.000000000000000000, 1.000000000000000000, 0.000000000000000000 ) ) ;
#8456 = VECTOR ( 'NONE', #4995, 1000.000000000000000 ) ;
#8457 = ORIENTED_EDGE ( 'NONE', *, *, #2098, .F. ) ;
#8458 = LINE ( 'NONE', #4463, #9346 ) ;
#8459 = ORIENTED_EDGE ( 'NONE', *, *, #8650, .T. ) ;
#8460 = EDGE_CURVE ( 'NONE', #7069, #3883, #3890, .T. ) ;
#8461 = LINE ( 'NONE', #3578, #6371 ) ;
#8462 = ORIENTED_EDGE ( 'NONE', *, *, #327, .F. ) ;
#8463 = CARTESIAN_POINT ( 'NONE',  ( -41.54999999999999005, -24.80000000000000071, 15.70096189432331890 ) ) ;
#8464 = LINE ( 'NONE', #958, #2803 ) ;
#8465 = ORIENTED_EDGE ( 'NONE', *, *, #7584, .T. ) ;
#8466 = VERTEX_POINT ( 'NONE', #1140 ) ;
#8467 = DIRECTION ( 'NONE',  ( -1.000000000000000000, 0.000000000000000000, 0.000000000000000000 ) ) ;
#8468 = DIRECTION ( 'NONE',  ( -1.301042606982605321E-16, 1.000000000000000000, -0.000000000000000000 ) ) ;
#8469 = ORIENTED_EDGE ( 'NONE', *, *, #2292, .F. ) ;
#8470 = VECTOR ( 'NONE', #6451, 1000.000000000000000 ) ;
#8471 = ADVANCED_FACE ( 'NONE', ( #5704 ), #7700, .F. ) ;
#8472 = AXIS2_PLACEMENT_3D ( 'NONE', #7379, #9145, #6437 ) ;
#8473 = CARTESIAN_POINT ( 'NONE',  ( -39.55000000000001847, -20.80000000000000071, 26.00000000000000355 ) ) ;
#8474 = DIRECTION ( 'NONE',  ( 0.7071067811865474617, -0.7071067811865474617, 0.000000000000000000 ) ) ;
#8475 = CARTESIAN_POINT ( 'NONE',  ( -89.34999999999998010, 27.00000000000000355, 1.000000000000000000 ) ) ;
#8476 = CARTESIAN_POINT ( 'NONE',  ( 51.19999999999995310, 21.79999999999998650, 22.00000000000000711 ) ) ;
#8477 = DIRECTION ( 'NONE',  ( -0.5773502691896257311, 0.5773502691896338357, -0.5773502691896178485 ) ) ;
#8478 = FACE_OUTER_BOUND ( 'NONE', #8645, .T. ) ;
#8479 = ORIENTED_EDGE ( 'NONE', *, *, #8304, .T. ) ;
#8480 = ORIENTED_EDGE ( 'NONE', *, *, #5523, .T. ) ;
#8481 = CARTESIAN_POINT ( 'NONE',  ( 19.19999999999995310, -9.856318376294234795, 0.3218730529284691833 ) ) ;
#8482 = PLANE ( 'NONE',  #2546 ) ;
#8483 = EDGE_CURVE ( 'NONE', #10411, #2863, #6744, .T. ) ;
#8484 = LINE ( 'NONE', #3541, #10141 ) ;
#8485 = DIRECTION ( 'NONE',  ( 1.301042606982605321E-16, -1.000000000000000000, 0.000000000000000000 ) ) ;
#8486 = VERTEX_POINT ( 'NONE', #11581 ) ;
#8487 = PLANE ( 'NONE',  #9064 ) ;
#8488 = DIRECTION ( 'NONE',  ( 0.000000000000000000, 0.000000000000000000, 1.000000000000000000 ) ) ;
#8489 = DIRECTION ( 'NONE',  ( -0.7071067811865475727, 0.7071067811865475727, 0.000000000000000000 ) ) ;
#8490 = DIRECTION ( 'NONE',  ( 0.000000000000000000, 0.000000000000000000, -1.000000000000000000 ) ) ;
#8491 = CARTESIAN_POINT ( 'NONE',  ( 0.000000000000000000, 0.000000000000000000, 6.000000000000000000 ) ) ;
#8492 = FACE_BOUND ( 'NONE', #3713, .T. ) ;
#8493 = FACE_OUTER_BOUND ( 'NONE', #2433, .T. ) ;
#8494 = ORIENTED_EDGE ( 'NONE', *, *, #1224, .F. ) ;
#8495 = FACE_BOUND ( 'NONE', #5160, .T. ) ;
#8496 = ADVANCED_FACE ( 'NONE', ( #7759, #11469 ), #2885, .F. ) ;
#8497 = EDGE_CURVE ( 'NONE', #7086, #2300, #10590, .T. ) ;
#8498 = ORIENTED_EDGE ( 'NONE', *, *, #5810, .T. ) ;
#8499 = CARTESIAN_POINT ( 'NONE',  ( -91.34999999999998010, -32.99999999999997868, 0.000000000000000000 ) ) ;
#8500 = ORIENTED_EDGE ( 'NONE', *, *, #3852, .T. ) ;
#8501 = FACE_OUTER_BOUND ( 'NONE', #2189, .T. ) ;
#8502 = CARTESIAN_POINT ( 'NONE',  ( 21.69999999999996376, -23.79999999999999361, 15.55662432702593811 ) ) ;
#8503 = ORIENTED_EDGE ( 'NONE', *, *, #3727, .T. ) ;
#8504 = CARTESIAN_POINT ( 'NONE',  ( 0.000000000000000000, 0.000000000000000000, 3.000000000000000000 ) ) ;
#8505 = ORIENTED_EDGE ( 'NONE', *, *, #2082, .T. ) ;
#8506 = ORIENTED_EDGE ( 'NONE', *, *, #596, .F. ) ;
#8507 = CARTESIAN_POINT ( 'NONE',  ( -76.80000000000002558, -21.79999999999997229, 12.74999999999999112 ) ) ;
#8508 = CARTESIAN_POINT ( 'NONE',  ( 37.19999999999994600, 29.79999999999999361, 14.11324865405187090 ) ) ;
#8509 = LINE ( 'NONE', #7623, #7231 ) ;
#8510 = DIRECTION ( 'NONE',  ( -0.3535533905932731757, 0.7071067811865500152, -0.6123724356957921389 ) ) ;
#8511 = CARTESIAN_POINT ( 'NONE',  ( -43.79999999999999005, -5.763461233437194409, 52.58032027557784716 ) ) ;
#8512 = EDGE_CURVE ( 'NONE', #6587, #6913, #10939, .T. ) ;
#8513 = EDGE_CURVE ( 'NONE', #2776, #1344, #5546, .T. ) ;
#8514 = DIRECTION ( 'NONE',  ( -0.8660254037844387076, -9.654978140984308979E-17, 0.4999999999999999445 ) ) ;
#8515 = VECTOR ( 'NONE', #8488, 1000.000000000000000 ) ;
#8516 = VERTEX_POINT ( 'NONE', #8641 ) ;
#8517 = ADVANCED_FACE ( 'NONE', ( #4052 ), #1521, .F. ) ;
#8518 = CARTESIAN_POINT ( 'NONE',  ( 51.19999999999995310, -23.80000000000001847, 10.00000000000000355 ) ) ;
#8519 = ORIENTED_EDGE ( 'NONE', *, *, #10698, .F. ) ;
#8520 = EDGE_CURVE ( 'NONE', #11987, #2382, #5417, .T. ) ;
#8521 = ORIENTED_EDGE ( 'NONE', *, *, #5289, .F. ) ;
#8522 = DIRECTION ( 'NONE',  ( -8.194975305896911728E-15, 0.6546536707079840811, 0.7559289460184484000 ) ) ;
#8523 = DIRECTION ( 'NONE',  ( 0.5000000000000004441, 6.505213034913032767E-17, 0.8660254037844383745 ) ) ;
#8524 = LINE ( 'NONE', #12326, #7935 ) ;
#8525 = AXIS2_PLACEMENT_3D ( 'NONE', #666, #5419, #733 ) ;
#8526 = VECTOR ( 'NONE', #1480, 1000.000000000000000 ) ;
#8527 = ORIENTED_EDGE ( 'NONE', *, *, #8030, .F. ) ;
#8528 = DIRECTION ( 'NONE',  ( -0.3535533905932721210, 0.7071067811865504593, 0.6123724356957922499 ) ) ;
#8529 = CARTESIAN_POINT ( 'NONE',  ( -77.80000000000006821, 30.80000000000000782, 13.75000000000002132 ) ) ;
#8530 = CARTESIAN_POINT ( 'NONE',  ( -76.80000000000002558, -21.79999999999996518, 13.74999999999996092 ) ) ;
#8531 = EDGE_CURVE ( 'NONE', #11094, #5042, #8745, .T. ) ;
#8532 = VECTOR ( 'NONE', #12204, 1000.000000000000114 ) ;
#8533 = ORIENTED_EDGE ( 'NONE', *, *, #10409, .F. ) ;
#8534 = ORIENTED_EDGE ( 'NONE', *, *, #5716, .T. ) ;
#8535 = CARTESIAN_POINT ( 'NONE',  ( -1.300000000000041789, -23.79999999999996163, 18.44337567297407077 ) ) ;
#8536 = EDGE_CURVE ( 'NONE', #114, #12319, #4680, .T. ) ;
#8537 = CARTESIAN_POINT ( 'NONE',  ( 76.80000000000008242, 21.79999999999997939, 10.00000000000000000 ) ) ;
#8538 = ORIENTED_EDGE ( 'NONE', *, *, #7359, .T. ) ;
#8539 = LINE ( 'NONE', #7583, #11859 ) ;
#8540 = LINE ( 'NONE', #3010, #8223 ) ;
#8541 = AXIS2_PLACEMENT_3D ( 'NONE', #234, #11494, #8868 ) ;
#8542 = DIRECTION ( 'NONE',  ( 0.000000000000000000, 0.000000000000000000, 1.000000000000000000 ) ) ;
#8543 = VECTOR ( 'NONE', #1696, 1000.000000000000000 ) ;
#8544 = LINE ( 'NONE', #3848, #11936 ) ;
#8545 = ADVANCED_FACE ( 'NONE', ( #9242 ), #727, .T. ) ;
#8546 = ORIENTED_EDGE ( 'NONE', *, *, #8657, .F. ) ;
#8547 = ORIENTED_EDGE ( 'NONE', *, *, #8988, .T. ) ;
#8548 = LINE ( 'NONE', #2070, #10165 ) ;
#8549 = DIRECTION ( 'NONE',  ( -0.000000000000000000, 0.000000000000000000, -1.000000000000000000 ) ) ;
#8550 = CARTESIAN_POINT ( 'NONE',  ( 52.19999999999992468, 20.80000000000000426, 9.000000000000031974 ) ) ;
#8551 = CARTESIAN_POINT ( 'NONE',  ( -24.05000000000002913, -57.98150098949684406, 13.24722325026742809 ) ) ;
#8552 = VECTOR ( 'NONE', #33, 1000.000000000000000 ) ;
#8553 = CARTESIAN_POINT ( 'NONE',  ( -89.34999999999998010, 27.00000000000000355, 5.000000000000000000 ) ) ;
#8554 = DIRECTION ( 'NONE',  ( 1.000000000000000000, 0.000000000000000000, 0.000000000000000000 ) ) ;
#8555 = DIRECTION ( 'NONE',  ( -0.7071067811865415775, 8.659560562354860135E-17, 0.7071067811865535679 ) ) ;
#8556 = PLANE ( 'NONE',  #7784 ) ;
#8557 = VECTOR ( 'NONE', #6523, 1000.000000000000114 ) ;
#8558 = EDGE_CURVE ( 'NONE', #2916, #2300, #8427, .T. ) ;
#8559 = EDGE_CURVE ( 'NONE', #9410, #9470, #5539, .T. ) ;
#8560 = CARTESIAN_POINT ( 'NONE',  ( -76.80000000000003979, 29.79999999999997584, 20.25000000000004619 ) ) ;
#8561 = EDGE_LOOP ( 'NONE', ( #8642, #3598, #8225, #7033 ) ) ;
#8562 = DATE_TIME_ROLE ( 'creation_date' ) ;
#8563 = CARTESIAN_POINT ( 'NONE',  ( -78.09289321881344392, 20.79999999999999005, 24.99999999999998579 ) ) ;
#8564 = ORIENTED_EDGE ( 'NONE', *, *, #10629, .T. ) ;
#8565 = DIRECTION ( 'NONE',  ( -1.000000000000000000, 0.000000000000000000, 0.000000000000000000 ) ) ;
#8566 = VECTOR ( 'NONE', #7193, 1000.000000000000000 ) ;
#8567 = EDGE_LOOP ( 'NONE', ( #7847, #11040, #8291, #9321 ) ) ;
#8568 = ORIENTED_EDGE ( 'NONE', *, *, #1165, .F. ) ;
#8569 = ORIENTED_EDGE ( 'NONE', *, *, #1176, .F. ) ;
#8570 = CARTESIAN_POINT ( 'NONE',  ( 21.69999999999996732, -57.98150098949683695, 18.44337567297406721 ) ) ;
#8571 = LINE ( 'NONE', #9571, #4984 ) ;
#8572 = CARTESIAN_POINT ( 'NONE',  ( -27.30000000000004334, 29.80000000000000071, 15.12361162513371227 ) ) ;
#8573 = VECTOR ( 'NONE', #1095, 1000.000000000000000 ) ;
#8574 = EDGE_CURVE ( 'NONE', #11736, #5656, #6463, .T. ) ;
#8575 = CARTESIAN_POINT ( 'NONE',  ( -81.80000000000005400, 7.799999999999987388, 6.000000000000000000 ) ) ;
#8576 = VECTOR ( 'NONE', #6048, 1000.000000000000000 ) ;
#8577 = VERTEX_POINT ( 'NONE', #9366 ) ;
#8578 = EDGE_LOOP ( 'NONE', ( #1670, #8833, #5985, #6049 ) ) ;
#8579 = LINE ( 'NONE', #11029, #6207 ) ;
#8580 = ORIENTED_EDGE ( 'NONE', *, *, #556, .F. ) ;
#8581 = CARTESIAN_POINT ( 'NONE',  ( 19.19999999999994600, -24.79999999999999361, 15.26794919243113569 ) ) ;
#8582 = FACE_OUTER_BOUND ( 'NONE', #6802, .T. ) ;
#8583 = CARTESIAN_POINT ( 'NONE',  ( -43.80000000000001847, 20.79999999999999361, 21.90747728811176742 ) ) ;
#8584 = EDGE_LOOP ( 'NONE', ( #11613, #9381, #8957, #12382 ) ) ;
#8585 = ADVANCED_FACE ( 'NONE', ( #7335 ), #8482, .F. ) ;
#8586 = AXIS2_PLACEMENT_3D ( 'NONE', #6136, #5038, #4100 ) ;
#8587 = VECTOR ( 'NONE', #11651, 999.9999999999998863 ) ;
#8588 = PLANE ( 'NONE',  #12111 ) ;
#8589 = EDGE_CURVE ( 'NONE', #3668, #6491, #855, .T. ) ;
#8590 = CARTESIAN_POINT ( 'NONE',  ( 2.985714285714240912, 29.08571428571429607, 15.96901737644710728 ) ) ;
#8591 = ORIENTED_EDGE ( 'NONE', *, *, #5784, .T. ) ;
#8592 = ORIENTED_EDGE ( 'NONE', *, *, #7118, .F. ) ;
#8593 = CARTESIAN_POINT ( 'NONE',  ( -81.80000000000006821, -1.032002766072020592E-13, 26.00000000000000355 ) ) ;
#8594 = PLANE ( 'NONE',  #7717 ) ;
#8595 = VECTOR ( 'NONE', #1157, 1000.000000000000114 ) ;
#8596 = ORIENTED_EDGE ( 'NONE', *, *, #4203, .F. ) ;
#8597 = AXIS2_PLACEMENT_3D ( 'NONE', #11695, #4199, #6921 ) ;
#8598 = AXIS2_PLACEMENT_3D ( 'NONE', #11743, #5910, #365 ) ;
#8599 = CARTESIAN_POINT ( 'NONE',  ( -43.79999999999999716, -20.80000000000000071, 21.90747728811181716 ) ) ;
#8600 = DIRECTION ( 'NONE',  ( -0.8660254037844397068, -9.654978140984318839E-17, -0.4999999999999980571 ) ) ;
#8601 = EDGE_CURVE ( 'NONE', #388, #10877, #3665, .T. ) ;
#8602 = PLANE ( 'NONE',  #8849 ) ;
#8603 = EDGE_CURVE ( 'NONE', #3149, #9445, #6393, .T. ) ;
#8604 = DIRECTION ( 'NONE',  ( -1.000000000000000000, -1.257045997084642365E-16, 1.051347561198065328E-16 ) ) ;
#8605 = FACE_OUTER_BOUND ( 'NONE', #2507, .T. ) ;
#8606 = AXIS2_PLACEMENT_3D ( 'NONE', #6848, #2872, #55 ) ;
#8607 = VECTOR ( 'NONE', #7936, 1000.000000000000114 ) ;
#8608 = DIRECTION ( 'NONE',  ( 1.301042606982605321E-16, -1.000000000000000000, 0.000000000000000000 ) ) ;
#8609 = DIRECTION ( 'NONE',  ( -1.000000000000000000, 0.000000000000000000, 0.000000000000000000 ) ) ;
#8610 = DIRECTION ( 'NONE',  ( 0.000000000000000000, -1.000000000000000000, 0.000000000000000000 ) ) ;
#8611 = DIRECTION ( 'NONE',  ( -0.8660254037844383745, -9.654978140984305281E-17, -0.5000000000000004441 ) ) ;
#8612 = DIRECTION ( 'NONE',  ( -1.710607418500573792E-16, 0.7071067811865469066, -0.7071067811865482389 ) ) ;
#8613 = CARTESIAN_POINT ( 'NONE',  ( -61.30000000000000426, 30.80000000000001137, 22.24999999999993605 ) ) ;
#8614 = AXIS2_PLACEMENT_3D ( 'NONE', #10848, #6063, #4160 ) ;
#8615 = EDGE_CURVE ( 'NONE', #507, #10877, #2592, .T. ) ;
#8616 = ORIENTED_EDGE ( 'NONE', *, *, #2532, .T. ) ;
#8617 = DIRECTION ( 'NONE',  ( 1.000000000000000000, 0.000000000000000000, 0.000000000000000000 ) ) ;
#8618 = LINE ( 'NONE', #11487, #7377 ) ;
#8619 = VECTOR ( 'NONE', #12281, 1000.000000000000000 ) ;
#8620 = ORIENTED_EDGE ( 'NONE', *, *, #7268, .T. ) ;
#8621 = CARTESIAN_POINT ( 'NONE',  ( 52.19999999999992468, -20.79999999999999005, 22.99999999999998224 ) ) ;
#8622 = ORIENTED_EDGE ( 'NONE', *, *, #3532, .F. ) ;
#8623 = LINE ( 'NONE', #4873, #4341 ) ;
#8624 = DIRECTION ( 'NONE',  ( 0.8660254037844383745, 1.088633767200839553E-16, 0.5000000000000004441 ) ) ;
#8625 = EDGE_LOOP ( 'NONE', ( #5993, #4399, #8903, #11352, #9503, #10160 ) ) ;
#8626 = CC_DESIGN_PERSON_AND_ORGANIZATION_ASSIGNMENT ( #10136, #8366, ( #5429 ) ) ;
#8627 = EDGE_CURVE ( 'NONE', #8166, #7789, #6330, .T. ) ;
#8628 = VERTEX_POINT ( 'NONE', #4554 ) ;
#8629 = AXIS2_PLACEMENT_3D ( 'NONE', #11086, #6452, #10292 ) ;
#8630 = ORIENTED_EDGE ( 'NONE', *, *, #10935, .F. ) ;
#8631 = LINE ( 'NONE', #7735, #8106 ) ;
#8632 = DIRECTION ( 'NONE',  ( -0.7071067811865474617, 0.7071067811865474617, 0.000000000000000000 ) ) ;
#8633 = DIRECTION ( 'NONE',  ( -0.000000000000000000, 0.7071067811865512365, 0.7071067811865439090 ) ) ;
#8634 = DIRECTION ( 'NONE',  ( -0.7071067811865500152, 0.7071067811865451302, 0.000000000000000000 ) ) ;
#8635 = PLANE ( 'NONE',  #10353 ) ;
#8636 = VECTOR ( 'NONE', #6072, 1000.000000000000000 ) ;
#8637 = PLANE ( 'NONE',  #3843 ) ;
#8638 = VECTOR ( 'NONE', #9379, 1000.000000000000114 ) ;
#8639 = PLANE ( 'NONE',  #8606 ) ;
#8640 = ORIENTED_EDGE ( 'NONE', *, *, #1476, .F. ) ;
#8641 = CARTESIAN_POINT ( 'NONE',  ( -39.55000000000001847, -20.80000000000000071, 19.45373864405591391 ) ) ;
#8642 = ORIENTED_EDGE ( 'NONE', *, *, #9360, .F. ) ;
#8643 = CARTESIAN_POINT ( 'NONE',  ( 17.44203266200911884, -42.54203266200930500, 7.622658070402861696 ) ) ;
#8644 = EDGE_CURVE ( 'NONE', #3557, #5758, #9430, .T. ) ;
#8645 = EDGE_LOOP ( 'NONE', ( #7912, #6470, #2067, #3972 ) ) ;
#8646 = DIRECTION ( 'NONE',  ( -7.883256641045525472E-17, 0.7071067811865390240, 0.7071067811865561215 ) ) ;
#8647 = CARTESIAN_POINT ( 'NONE',  ( -75.80000000000006821, 21.79999999999995808, 21.24999999999999289 ) ) ;
#8648 = DIRECTION ( 'NONE',  ( -1.000000000000000000, 0.000000000000000000, 0.000000000000000000 ) ) ;
#8649 = ORIENTED_EDGE ( 'NONE', *, *, #9844, .T. ) ;
#8650 = EDGE_CURVE ( 'NONE', #10733, #11714, #3475, .T. ) ;
#8651 = ORIENTED_EDGE ( 'NONE', *, *, #971, .T. ) ;
#8652 = EDGE_CURVE ( 'NONE', #985, #10200, #1590, .T. ) ;
#8653 = PLANE ( 'NONE',  #8737 ) ;
#8654 = DIRECTION ( 'NONE',  ( -0.000000000000000000, -0.000000000000000000, -1.000000000000000000 ) ) ;
#8655 = VECTOR ( 'NONE', #6841, 1000.000000000000000 ) ;
#8656 = EDGE_LOOP ( 'NONE', ( #4447, #5317, #2441, #1313 ) ) ;
#8657 = EDGE_CURVE ( 'NONE', #5316, #4248, #11840, .T. ) ;
#8658 = CARTESIAN_POINT ( 'NONE',  ( -47.05000000000003268, -57.98150098949685116, 15.12361162513371760 ) ) ;
#8659 = CARTESIAN_POINT ( 'NONE',  ( -82.80000000000003979, 30.80000000000000782, 6.999999999999999112 ) ) ;
#8660 = CARTESIAN_POINT ( 'NONE',  ( 77.80000000000005400, -20.79999999999998650, 9.000000000000028422 ) ) ;
#8661 = DIRECTION ( 'NONE',  ( 1.000000000000000000, 1.257045997084642365E-16, 0.000000000000000000 ) ) ;
#8662 = DIRECTION ( 'NONE',  ( 0.8660254037844397068, 9.654978140984318839E-17, 0.4999999999999980571 ) ) ;
#8663 = DIRECTION ( 'NONE',  ( -7.511572993685781598E-17, -9.442392763521815118E-33, 1.000000000000000000 ) ) ;
#8664 = ORIENTED_EDGE ( 'NONE', *, *, #3912, .T. ) ;
#8665 = ADVANCED_FACE ( 'NONE', ( #514 ), #2317, .T. ) ;
#8666 = VECTOR ( 'NONE', #3605, 1000.000000000000000 ) ;
#8667 = EDGE_CURVE ( 'NONE', #11526, #12262, #2502, .T. ) ;
#8668 = DIRECTION ( 'NONE',  ( 0.7071067811865475727, 0.000000000000000000, -0.7071067811865475727 ) ) ;
#8669 = DIRECTION ( 'NONE',  ( 0.8660254037844397068, 9.654978140984320072E-17, 0.4999999999999980571 ) ) ;
#8670 = DIRECTION ( 'NONE',  ( 0.8660254037844387076, 9.654978140984308979E-17, -0.4999999999999998335 ) ) ;
#8671 = EDGE_CURVE ( 'NONE', #7549, #5192, #1564, .T. ) ;
#8672 = DIRECTION ( 'NONE',  ( 0.5000000000000004441, 6.505213034913032767E-17, 0.8660254037844383745 ) ) ;
#8673 = EDGE_CURVE ( 'NONE', #3149, #8089, #8328, .T. ) ;
#8674 = VECTOR ( 'NONE', #6690, 1000.000000000000000 ) ;
#8675 = ORIENTED_EDGE ( 'NONE', *, *, #5887, .F. ) ;
#8676 = VECTOR ( 'NONE', #9484, 1000.000000000000000 ) ;
#8677 = DIRECTION ( 'NONE',  ( -1.000000000000000000, 0.000000000000000000, 0.000000000000000000 ) ) ;
#8678 = ORIENTED_EDGE ( 'NONE', *, *, #1920, .T. ) ;
#8679 = EDGE_CURVE ( 'NONE', #12142, #9564, #5, .T. ) ;
#8680 = ORIENTED_EDGE ( 'NONE', *, *, #5870, .T. ) ;
#8681 = VECTOR ( 'NONE', #6277, 1000.000000000000000 ) ;
#8682 = ORIENTED_EDGE ( 'NONE', *, *, #4266, .T. ) ;
#8683 = CARTESIAN_POINT ( 'NONE',  ( 86.34999999999998010, -29.85000000000004405, 1.000000000000000000 ) ) ;
#8684 = DIRECTION ( 'NONE',  ( 0.000000000000000000, 1.000000000000000000, 0.000000000000000000 ) ) ;
#8685 = EDGE_LOOP ( 'NONE', ( #6794, #11084, #7691, #2531 ) ) ;
#8686 = VERTEX_POINT ( 'NONE', #12330 ) ;
#8687 = EDGE_LOOP ( 'NONE', ( #7433, #102, #5622, #11493 ) ) ;
#8688 = LINE ( 'NONE', #11557, #11536 ) ;
#8689 = CARTESIAN_POINT ( 'NONE',  ( -82.80000000000003979, 21.50710678118649000, 25.29289321881345742 ) ) ;
#8690 = PLANE ( 'NONE',  #4002 ) ;
#8691 = DIRECTION ( 'NONE',  ( -1.000000000000000000, 0.000000000000000000, 0.000000000000000000 ) ) ;
#8692 = DIRECTION ( 'NONE',  ( 0.7071067811865462405, -0.7071067811865487940, 0.000000000000000000 ) ) ;
#8693 = LINE ( 'NONE', #1062, #2597 ) ;
#8694 = EDGE_CURVE ( 'NONE', #6711, #3149, #11210, .T. ) ;
#8695 = FACE_OUTER_BOUND ( 'NONE', #5105, .T. ) ;
#8696 = CARTESIAN_POINT ( 'NONE',  ( 41.37788568297012404, -20.79999999999999005, -37.08495251617775068 ) ) ;
#8697 = ORIENTED_EDGE ( 'NONE', *, *, #2009, .T. ) ;
#8698 = CARTESIAN_POINT ( 'NONE',  ( 2.430396643720720070E-15, -21.80000000000002203, 26.00000000000000355 ) ) ;
#8699 = ORIENTED_EDGE ( 'NONE', *, *, #9266, .F. ) ;
#8700 = ORIENTED_EDGE ( 'NONE', *, *, #7405, .F. ) ;
#8701 = VECTOR ( 'NONE', #10369, 1000.000000000000000 ) ;
#8702 = DIRECTION ( 'NONE',  ( 0.000000000000000000, 0.000000000000000000, 1.000000000000000000 ) ) ;
#8703 = CARTESIAN_POINT ( 'NONE',  ( -91.34999999999998010, 35.00000000000000000, 0.4999999999999831246 ) ) ;
#8704 = EDGE_LOOP ( 'NONE', ( #1606, #11580, #9436, #2170 ) ) ;
#8705 = PLANE ( 'NONE',  #5778 ) ;
#8706 = FACE_OUTER_BOUND ( 'NONE', #4636, .T. ) ;
#8707 = ADVANCED_FACE ( 'NONE', ( #9285 ), #12211, .F. ) ;
#8708 = ORIENTED_EDGE ( 'NONE', *, *, #2966, .T. ) ;
#8709 = ORIENTED_EDGE ( 'NONE', *, *, #6869, .T. ) ;
#8710 = CARTESIAN_POINT ( 'NONE',  ( 77.80000000000005400, 19.80000000000003268, 26.00000000000000355 ) ) ;
#8711 = ORIENTED_EDGE ( 'NONE', *, *, #11620, .F. ) ;
#8713 = VECTOR ( 'NONE', #1786, 1000.000000000000227 ) ;
#8712 = PLANE ( 'NONE',  #7674 ) ;
#8714 = CARTESIAN_POINT ( 'NONE',  ( -56.80000000000002558, -56.80000000000002558, 6.000000000000000000 ) ) ;
#8715 = ORIENTED_EDGE ( 'NONE', *, *, #6568, .F. ) ;
#8716 = DIRECTION ( 'NONE',  ( -1.339560902914510713E-17, -0.7071067811865469066, -0.7071067811865482389 ) ) ;
#8717 = LINE ( 'NONE', #5025, #1904 ) ;
#8718 = VECTOR ( 'NONE', #3121, 1000.000000000000000 ) ;
#8719 = EDGE_CURVE ( 'NONE', #2783, #3644, #10086, .T. ) ;
#8720 = FACE_OUTER_BOUND ( 'NONE', #10989, .T. ) ;
#8721 = ADVANCED_FACE ( 'NONE', ( #4395 ), #2243, .F. ) ;
#8722 = ORIENTED_EDGE ( 'NONE', *, *, #3906, .T. ) ;
#8723 = DIRECTION ( 'NONE',  ( 1.000000000000000000, 0.000000000000000000, 0.000000000000000000 ) ) ;
#8724 = ORIENTED_EDGE ( 'NONE', *, *, #6581, .T. ) ;
#8725 = DIRECTION ( 'NONE',  ( -0.7071067811865474617, 2.307555223660279538E-15, -0.7071067811865474617 ) ) ;
#8726 = PLANE ( 'NONE',  #5588 ) ;
#8727 = CARTESIAN_POINT ( 'NONE',  ( 52.19999999999992468, -24.30000000000000071, 10.49999999999999112 ) ) ;
#8728 = VECTOR ( 'NONE', #663, 1000.000000000000114 ) ;
#8729 = DIRECTION ( 'NONE',  ( -1.304303365396091250E-16, -1.696954250811116188E-32, -1.000000000000000000 ) ) ;
#8730 = PLANE ( 'NONE',  #9513 ) ;
#8731 = ADVANCED_FACE ( 'NONE', ( #11952 ), #5378, .F. ) ;
#8732 = EDGE_CURVE ( 'NONE', #12100, #9102, #1369, .T. ) ;
#8733 = DIRECTION ( 'NONE',  ( 0.7071067811865279218, 0.7071067811865671127, -0.000000000000000000 ) ) ;
#8734 = CARTESIAN_POINT ( 'NONE',  ( -47.05000000000003268, -57.98150098949685116, 15.12361162513371760 ) ) ;
#8735 = FACE_OUTER_BOUND ( 'NONE', #9955, .T. ) ;
#8736 = EDGE_CURVE ( 'NONE', #889, #10481, #11825, .T. ) ;
#8737 = AXIS2_PLACEMENT_3D ( 'NONE', #9535, #7517, #898 ) ;
#8738 = DIRECTION ( 'NONE',  ( -1.301042606982605321E-16, 1.000000000000000000, 0.000000000000000000 ) ) ;
#8739 = EDGE_LOOP ( 'NONE', ( #6806, #3937, #5028, #2435 ) ) ;
#8740 = VERTEX_POINT ( 'NONE', #2303 ) ;
#8741 = CARTESIAN_POINT ( 'NONE',  ( -47.05000000000003979, 21.79999999999995808, 15.12361162513371760 ) ) ;
#8742 = LINE ( 'NONE', #10743, #391 ) ;
#8743 = EDGE_LOOP ( 'NONE', ( #8412, #860, #4643, #4245 ) ) ;
#8744 = ORIENTED_EDGE ( 'NONE', *, *, #7563, .F. ) ;
#8745 = CIRCLE ( 'NONE', #3156, 2.000000000000001776 ) ;
#8746 = EDGE_CURVE ( 'NONE', #11526, #697, #567, .T. ) ;
#8747 = VERTEX_POINT ( 'NONE', #1304 ) ;
#8748 = CARTESIAN_POINT ( 'NONE',  ( 52.19999999999993179, -57.98150098949682985, 22.00000000000000711 ) ) ;
#8749 = CARTESIAN_POINT ( 'NONE',  ( 73.29711431702997970, 20.80000000000000426, 33.79922678357863930 ) ) ;
#8750 = PLANE ( 'NONE',  #10456 ) ;
#8751 = CARTESIAN_POINT ( 'NONE',  ( -91.34999999999998010, -34.49999999999997868, 5.000000000000000000 ) ) ;
#8752 = EDGE_CURVE ( 'NONE', #565, #10220, #8949, .T. ) ;
#8753 = CARTESIAN_POINT ( 'NONE',  ( 92.85000000000000853, -32.99999999999997868, 0.000000000000000000 ) ) ;
#8754 = DIRECTION ( 'NONE',  ( -0.3535533905932737864, -0.7071067811865446862, 0.6123724356957978010 ) ) ;
#8755 = DIRECTION ( 'NONE',  ( -0.8660254037844383745, -1.088633767200839306E-16, -0.5000000000000004441 ) ) ;
#8756 = AXIS2_PLACEMENT_3D ( 'NONE', #2558, #1621, #4460 ) ;
#8757 = CARTESIAN_POINT ( 'NONE',  ( -1.300000000000047340, 21.80000000000000071, 18.44337567297407077 ) ) ;
#8758 = EDGE_LOOP ( 'NONE', ( #459, #4096, #7431, #5017 ) ) ;
#8759 = DIRECTION ( 'NONE',  ( 0.000000000000000000, 0.000000000000000000, -1.000000000000000000 ) ) ;
#8760 = DIRECTION ( 'NONE',  ( 0.7071067811865474617, 0.7071067811865474617, -0.000000000000000000 ) ) ;
#8761 = VERTEX_POINT ( 'NONE', #448 ) ;
#8762 = VERTEX_POINT ( 'NONE', #9074 ) ;
#8763 = CARTESIAN_POINT ( 'NONE',  ( 77.80000000000005400, -20.79999999999998650, 26.00000000000000355 ) ) ;
#8764 = VERTEX_POINT ( 'NONE', #4267 ) ;
#8765 = DIRECTION ( 'NONE',  ( -0.8660254037844383745, -9.654978140984305281E-17, -0.5000000000000004441 ) ) ;
#8766 = EDGE_CURVE ( 'NONE', #2254, #1451, #5262, .T. ) ;
#8767 = EDGE_LOOP ( 'NONE', ( #3806, #808 ) ) ;
#8768 = DIRECTION ( 'NONE',  ( -7.883256641045612987E-17, 0.7071067811865469066, -0.7071067811865481278 ) ) ;
#8769 = VECTOR ( 'NONE', #11401, 1000.000000000000000 ) ;
#8770 = CARTESIAN_POINT ( 'NONE',  ( 4.699999999999941558, 30.80000000000001847, 19.02072594216369339 ) ) ;
#8771 = ORIENTED_EDGE ( 'NONE', *, *, #7569, .T. ) ;
#8772 = VERTEX_POINT ( 'NONE', #3321 ) ;
#8773 = ORIENTED_EDGE ( 'NONE', *, *, #10357, .F. ) ;
#8774 = ORIENTED_EDGE ( 'NONE', *, *, #5276, .F. ) ;
#8775 = AXIS2_PLACEMENT_3D ( 'NONE', #5585, #3585, #7196 ) ;
#8776 = EDGE_CURVE ( 'NONE', #9788, #4340, #1485, .T. ) ;
#8777 = DIRECTION ( 'NONE',  ( -0.7071067811865423547, 0.5000000000000041078, -0.5000000000000034417 ) ) ;
#8778 = ORIENTED_EDGE ( 'NONE', *, *, #1892, .F. ) ;
#8779 = EDGE_CURVE ( 'NONE', #8185, #2884, #2438, .T. ) ;
#8780 = DIRECTION ( 'NONE',  ( 1.000000000000000000, 3.469446951953611724E-16, 0.000000000000000000 ) ) ;
#8781 = CARTESIAN_POINT ( 'NONE',  ( 93.35000000000000853, 33.00000000000000000, 4.500000000000018652 ) ) ;
#8782 = LINE ( 'NONE', #2954, #1573 ) ;
#8783 = EDGE_LOOP ( 'NONE', ( #3082, #9022, #2374, #2609 ) ) ;
#8784 = AXIS2_PLACEMENT_3D ( 'NONE', #4301, #1343, #4367 ) ;
#8785 = PLANE ( 'NONE',  #635 ) ;
#8786 = AXIS2_PLACEMENT_3D ( 'NONE', #2622, #6422, #5566 ) ;
#8787 = ORIENTED_EDGE ( 'NONE', *, *, #2453, .T. ) ;
#8788 = LINE ( 'NONE', #11658, #12155 ) ;
#8789 = PLANE ( 'NONE',  #2202 ) ;
#8790 = ORIENTED_EDGE ( 'NONE', *, *, #410, .T. ) ;
#8791 = DIRECTION ( 'NONE',  ( -0.5773502691896258421, 0.5773502691896258421, 0.5773502691896258421 ) ) ;
#8792 = APPROVAL_PERSON_ORGANIZATION ( #6961, #4190, #7082 ) ;
#8793 = CARTESIAN_POINT ( 'NONE',  ( 78.46666666666671119, -20.79999999999998650, 25.52859547920897398 ) ) ;
#8794 = VECTOR ( 'NONE', #1602, 1000.000000000000000 ) ;
#8795 = VECTOR ( 'NONE', #88, 1000.000000000000000 ) ;
#8796 = LINE ( 'NONE', #5954, #1388 ) ;
#8797 = PLANE ( 'NONE',  #7600 ) ;
#8798 = ORIENTED_EDGE ( 'NONE', *, *, #12093, .F. ) ;
#8799 = EDGE_LOOP ( 'NONE', ( #340, #4573, #767, #5078 ) ) ;
#8800 = CIRCLE ( 'NONE', #12191, 2.000000000000015543 ) ;
#8801 = ADVANCED_FACE ( 'NONE', ( #10030 ), #1431, .T. ) ;
#8802 = EDGE_CURVE ( 'NONE', #5992, #3127, #5322, .T. ) ;
#8803 = DIRECTION ( 'NONE',  ( -0.5773502691896263972, 0.5773502691896263972, -0.5773502691896245098 ) ) ;
#8804 = ORIENTED_EDGE ( 'NONE', *, *, #8679, .F. ) ;
#8805 = EDGE_CURVE ( 'NONE', #5656, #1764, #11067, .T. ) ;
#8806 = VERTEX_POINT ( 'NONE', #3199 ) ;
#8807 = VERTEX_POINT ( 'NONE', #6993 ) ;
#8808 = DIRECTION ( 'NONE',  ( -1.000000000000000000, -0.000000000000000000, -0.000000000000000000 ) ) ;
#8809 = PLANE ( 'NONE',  #8061 ) ;
#8810 = VECTOR ( 'NONE', #1778, 1000.000000000000000 ) ;
#8811 = LINE ( 'NONE', #11877, #1585 ) ;
#8812 = VECTOR ( 'NONE', #9748, 1000.000000000000114 ) ;
#8813 = DIRECTION ( 'NONE',  ( 0.000000000000000000, 0.7071067811865467956, 0.7071067811865483499 ) ) ;
#8814 = CARTESIAN_POINT ( 'NONE',  ( 52.19999999999992468, 20.80000000000000071, 10.00000000000000355 ) ) ;
#8815 = CARTESIAN_POINT ( 'NONE',  ( -24.05000000000003979, 21.79999999999999361, 20.75277674973256836 ) ) ;
#8816 = CARTESIAN_POINT ( 'NONE',  ( 37.19999999999988916, 13.71346123343719547, 4.775717986677126881 ) ) ;
#8817 = ORIENTED_EDGE ( 'NONE', *, *, #1780, .F. ) ;
#8818 = VECTOR ( 'NONE', #6176, 1000.000000000000114 ) ;
#8819 = EDGE_LOOP ( 'NONE', ( #162, #10681, #6831, #2865 ) ) ;
#8820 = DIRECTION ( 'NONE',  ( 0.000000000000000000, 0.000000000000000000, -1.000000000000000000 ) ) ;
#8821 = ADVANCED_FACE ( 'NONE', ( #5506 ), #827, .F. ) ;
#8822 = ADVANCED_FACE ( 'NONE', ( #12072, #4583 ), #10454, .T. ) ;
#8823 = FACE_OUTER_BOUND ( 'NONE', #2804, .T. ) ;
#8824 = DIRECTION ( 'NONE',  ( -2.453269466693394677E-16, 0.7071067811865469066, -0.7071067811865481278 ) ) ;
#8825 = LINE ( 'NONE', #6171, #11869 ) ;
#8826 = VERTEX_POINT ( 'NONE', #10330 ) ;
#8827 = CARTESIAN_POINT ( 'NONE',  ( -43.80000000000001137, -57.98150098949685116, 20.75277674973256836 ) ) ;
#8828 = CARTESIAN_POINT ( 'NONE',  ( -20.80000000000003268, 29.80000000000000071, 18.87638837486628063 ) ) ;
#8829 = VECTOR ( 'NONE', #3844, 1000.000000000000000 ) ;
#8830 = DIRECTION ( 'NONE',  ( 0.000000000000000000, 0.7071067811865483499, -0.7071067811865466846 ) ) ;
#8831 = ORIENTED_EDGE ( 'NONE', *, *, #4412, .F. ) ;
#8832 = ADVANCED_FACE ( 'NONE', ( #9273 ), #7438, .F. ) ;
#8833 = ORIENTED_EDGE ( 'NONE', *, *, #11780, .F. ) ;
#8834 = CARTESIAN_POINT ( 'NONE',  ( -1.300000000000048228, 29.80000000000002203, 15.55662432702593634 ) ) ;
#8835 = LINE ( 'NONE', #10837, #3786 ) ;
#8836 = ORIENTED_EDGE ( 'NONE', *, *, #12106, .T. ) ;
#8837 = DIRECTION ( 'NONE',  ( 0.000000000000000000, 0.000000000000000000, 1.000000000000000000 ) ) ;
#8838 = ORIENTED_EDGE ( 'NONE', *, *, #1446, .F. ) ;
#8839 = CARTESIAN_POINT ( 'NONE',  ( 89.34999999999998010, 27.00000000000000355, 4.499999999999970690 ) ) ;
#8840 = CARTESIAN_POINT ( 'NONE',  ( 77.80000000000005400, -24.79999999999998650, 26.00000000000000355 ) ) ;
#8841 = LINE ( 'NONE', #10773, #10052 ) ;
#8842 = ORIENTED_EDGE ( 'NONE', *, *, #2991, .F. ) ;
#8843 = FACE_OUTER_BOUND ( 'NONE', #10867, .T. ) ;
#8844 = CARTESIAN_POINT ( 'NONE',  ( -19.80000000000002558, -20.79999999999999716, 19.45373864405591391 ) ) ;
#8845 = PLANE ( 'NONE',  #6376 ) ;
#8846 = CARTESIAN_POINT ( 'NONE',  ( 21.19999999999995666, -24.79999999999999361, 17.57735026918961552 ) ) ;
#8847 = DIRECTION ( 'NONE',  ( 0.7071067811865415775, 0.000000000000000000, 0.7071067811865535679 ) ) ;
#8848 = VERTEX_POINT ( 'NONE', #10391 ) ;
#8849 = AXIS2_PLACEMENT_3D ( 'NONE', #7767, #7706, #9727 ) ;
#8850 = CARTESIAN_POINT ( 'NONE',  ( -18.18022039026864434, 19.18022039026859815, 20.38891883776216929 ) ) ;
#8851 = APPROVAL ( #3295, 'UNSPECIFIED' ) ;
#8852 = ADVANCED_FACE ( 'NONE', ( #4656 ), #5569, .T. ) ;
#8853 = CARTESIAN_POINT ( 'NONE',  ( 36.42692246687425950, 23.52692246687430355, 16.55366347814544525 ) ) ;
#8854 = DIRECTION ( 'NONE',  ( -0.8660254037844390407, -9.654978140984313909E-17, 0.4999999999999994449 ) ) ;
#8855 = FACE_OUTER_BOUND ( 'NONE', #10497, .T. ) ;
#8856 = ORIENTED_EDGE ( 'NONE', *, *, #859, .F. ) ;
#8857 = CIRCLE ( 'NONE', #9474, 2.200000000000007283 ) ;
#8858 = DIRECTION ( 'NONE',  ( 0.000000000000000000, 0.000000000000000000, -1.000000000000000000 ) ) ;
#8859 = ORIENTED_EDGE ( 'NONE', *, *, #11090, .F. ) ;
#8860 = CARTESIAN_POINT ( 'NONE',  ( 51.19999999999994600, 29.80000000000004690, 10.99999999999997691 ) ) ;
#8861 = EDGE_CURVE ( 'NONE', #4600, #6119, #9393, .T. ) ;
#8862 = DIRECTION ( 'NONE',  ( 0.6546536707079724238, 0.6546536707079769757, 0.3779644730092356908 ) ) ;
#8863 = VERTEX_POINT ( 'NONE', #11258 ) ;
#8864 = ORIENTED_EDGE ( 'NONE', *, *, #3168, .F. ) ;
#8865 = ADVANCED_FACE ( 'NONE', ( #5690 ), #6362, .T. ) ;
#8866 = PERSON_AND_ORGANIZATION ( #6357, #11785 ) ;
#8867 = DIRECTION ( 'NONE',  ( -0.8660254037844389297, 0.000000000000000000, 0.4999999999999993894 ) ) ;
#8868 = DIRECTION ( 'NONE',  ( -0.8660254037844387076, 0.000000000000000000, 0.4999999999999999445 ) ) ;
#8869 = PLANE ( 'NONE',  #7366 ) ;
#8870 = VERTEX_POINT ( 'NONE', #632 ) ;
#8871 = VECTOR ( 'NONE', #5404, 1000.000000000000114 ) ;
#8872 = ORIENTED_EDGE ( 'NONE', *, *, #598, .T. ) ;
#8873 = ORIENTED_EDGE ( 'NONE', *, *, #5102, .T. ) ;
#8874 = LINE ( 'NONE', #1056, #3941 ) ;
#8875 = DIRECTION ( 'NONE',  ( -1.000000000000000000, 0.000000000000000000, 0.000000000000000000 ) ) ;
#8876 = LINE ( 'NONE', #3182, #1677 ) ;
#8877 = EDGE_CURVE ( 'NONE', #9567, #11026, #3759, .T. ) ;
#8878 = DIRECTION ( 'NONE',  ( 0.000000000000000000, 0.000000000000000000, 1.000000000000000000 ) ) ;
#8879 = EDGE_CURVE ( 'NONE', #1775, #7086, #7495, .T. ) ;
#8880 = FACE_OUTER_BOUND ( 'NONE', #6686, .T. ) ;
#8881 = FACE_OUTER_BOUND ( 'NONE', #444, .T. ) ;
#8882 = VERTEX_POINT ( 'NONE', #884 ) ;
#8883 = DIRECTION ( 'NONE',  ( -3.568369616610829130E-16, -0.7071067811865473507, -0.7071067811865477948 ) ) ;
#8884 = ORIENTED_EDGE ( 'NONE', *, *, #11773, .F. ) ;
#8885 = LINE ( 'NONE', #6352, #9324 ) ;
#8886 = VERTEX_POINT ( 'NONE', #3697 ) ;
#8887 = VECTOR ( 'NONE', #10074, 1000.000000000000000 ) ;
#8888 = ORIENTED_EDGE ( 'NONE', *, *, #11639, .T. ) ;
#8889 = EDGE_CURVE ( 'NONE', #10694, #2931, #4710, .T. ) ;
#8890 = CARTESIAN_POINT ( 'NONE',  ( 93.35000000000000853, 33.00000000000000000, 0.4999999999999831246 ) ) ;
#8891 = EDGE_CURVE ( 'NONE', #6881, #9302, #3502, .T. ) ;
#8892 = FACE_OUTER_BOUND ( 'NONE', #9226, .T. ) ;
#8893 = PLANE ( 'NONE',  #9778 ) ;
#8894 = ADVANCED_FACE ( 'NONE', ( #693 ), #3570, .F. ) ;
#8895 = ORIENTED_EDGE ( 'NONE', *, *, #10533, .T. ) ;
#8896 = EDGE_CURVE ( 'NONE', #12035, #1280, #11194, .T. ) ;
#8897 = ORIENTED_EDGE ( 'NONE', *, *, #2164, .T. ) ;
#8898 = ORIENTED_EDGE ( 'NONE', *, *, #5902, .F. ) ;
#8899 = ORIENTED_EDGE ( 'NONE', *, *, #9561, .T. ) ;
#8900 = FACE_OUTER_BOUND ( 'NONE', #2826, .T. ) ;
#8901 = CARTESIAN_POINT ( 'NONE',  ( -76.80000000000003979, 29.79999999999997939, 12.74999999999999112 ) ) ;
#8902 = DIRECTION ( 'NONE',  ( -0.8660254037844383745, -9.654978140984305281E-17, 0.5000000000000004441 ) ) ;
#8903 = ORIENTED_EDGE ( 'NONE', *, *, #5941, .T. ) ;
#8904 = DIRECTION ( 'NONE',  ( 0.5000000000000008882, 6.505213034913037697E-17, 0.8660254037844382635 ) ) ;
#8905 = EDGE_CURVE ( 'NONE', #5676, #10721, #1682, .T. ) ;
#8906 = CARTESIAN_POINT ( 'NONE',  ( -75.80000000000005400, -57.98150098949685116, 21.24999999999999289 ) ) ;
#8907 = LINE ( 'NONE', #10846, #4594 ) ;
#8908 = DIRECTION ( 'NONE',  ( 0.000000000000000000, 0.000000000000000000, -1.000000000000000000 ) ) ;
#8909 = ADVANCED_FACE ( 'NONE', ( #3635 ), #2684, .F. ) ;
#8910 = ORIENTED_EDGE ( 'NONE', *, *, #4304, .F. ) ;
#8911 = PLANE ( 'NONE',  #6615 ) ;
#8912 = ORIENTED_EDGE ( 'NONE', *, *, #12259, .F. ) ;
#8913 = ORIENTED_EDGE ( 'NONE', *, *, #7854, .T. ) ;
#8914 = CARTESIAN_POINT ( 'NONE',  ( 81.80000000000003979, 20.79999999999999361, 26.00000000000000355 ) ) ;
#8915 = VECTOR ( 'NONE', #11294, 999.9999999999998863 ) ;
#8916 = ORIENTED_EDGE ( 'NONE', *, *, #11725, .F. ) ;
#8917 = ORIENTED_EDGE ( 'NONE', *, *, #2757, .F. ) ;
#8918 = ORIENTED_EDGE ( 'NONE', *, *, #9419, .T. ) ;
#8919 = AXIS2_PLACEMENT_3D ( 'NONE', #1071, #4891, #1193 ) ;
#8920 = VERTEX_POINT ( 'NONE', #5915 ) ;
#8921 = DIRECTION ( 'NONE',  ( -0.000000000000000000, -0.000000000000000000, 1.000000000000000000 ) ) ;
#8922 = LINE ( 'NONE', #9047, #6606 ) ;
#8923 = ORIENTED_EDGE ( 'NONE', *, *, #9395, .T. ) ;
#8924 = AXIS2_PLACEMENT_3D ( 'NONE', #4111, #1342, #6965 ) ;
#8925 = ORIENTED_EDGE ( 'NONE', *, *, #218, .T. ) ;
#8926 = CARTESIAN_POINT ( 'NONE',  ( 81.80000000000005400, 0.000000000000000000, 26.00000000000000355 ) ) ;
#8927 = CARTESIAN_POINT ( 'NONE',  ( 91.55000000000002558, -27.00000000000000355, 5.000000000000000000 ) ) ;
#8928 = ORIENTED_EDGE ( 'NONE', *, *, #11035, .T. ) ;
#8929 = ORIENTED_EDGE ( 'NONE', *, *, #3727, .F. ) ;
#8930 = EDGE_CURVE ( 'NONE', #2943, #4180, #7805, .T. ) ;
#8931 = ORIENTED_EDGE ( 'NONE', *, *, #4852, .F. ) ;
#8932 = LINE ( 'NONE', #11873, #9110 ) ;
#8933 = ADVANCED_FACE ( 'NONE', ( #3878 ), #1004, .F. ) ;
#8934 = CARTESIAN_POINT ( 'NONE',  ( 21.72774694772255799, 3.772253052277321217, 5.148299773875673502 ) ) ;
#8935 = FACE_OUTER_BOUND ( 'NONE', #5453, .T. ) ;
#8936 = DIRECTION ( 'NONE',  ( 0.5773502691896258421, 0.5773502691896258421, 0.5773502691896258421 ) ) ;
#8937 = DIRECTION ( 'NONE',  ( -0.000000000000000000, -0.000000000000000000, -1.000000000000000000 ) ) ;
#8938 = PLANE ( 'NONE',  #1205 ) ;
#8939 = DIRECTION ( 'NONE',  ( 0.8660254037844385966, 9.654978140984307746E-17, -0.4999999999999999445 ) ) ;
#8940 = ORIENTED_EDGE ( 'NONE', *, *, #3218, .F. ) ;
#8941 = FACE_OUTER_BOUND ( 'NONE', #5875, .T. ) ;
#8942 = ORIENTED_EDGE ( 'NONE', *, *, #165, .T. ) ;
#8943 = FACE_BOUND ( 'NONE', #1015, .T. ) ;
#8944 = VERTEX_POINT ( 'NONE', #2039 ) ;
#8945 = CARTESIAN_POINT ( 'NONE',  ( -77.80000000000005400, 9.799999999999990052, 26.00000000000000355 ) ) ;
#8946 = EDGE_LOOP ( 'NONE', ( #6743, #12130, #723, #10348 ) ) ;
#8947 = ADVANCED_FACE ( 'NONE', ( #4829 ), #9643, .F. ) ;
#8948 = LINE ( 'NONE', #9845, #4406 ) ;
#8949 = LINE ( 'NONE', #5135, #2138 ) ;
#8950 = AXIS2_PLACEMENT_3D ( 'NONE', #2130, #1089, #8908 ) ;
#8951 = DIRECTION ( 'NONE',  ( 0.000000000000000000, 0.000000000000000000, 1.000000000000000000 ) ) ;
#8952 = VERTEX_POINT ( 'NONE', #12376 ) ;
#8953 = ORIENTED_EDGE ( 'NONE', *, *, #9435, .T. ) ;
#8954 = DIRECTION ( 'NONE',  ( -0.5773502691896250649, 0.5773502691896270633, -0.5773502691896250649 ) ) ;
#8955 = CARTESIAN_POINT ( 'NONE',  ( -77.80000000000005400, -8.800000000000009592, 26.00000000000000355 ) ) ;
#8956 = ORIENTED_EDGE ( 'NONE', *, *, #3584, .T. ) ;
#8957 = ORIENTED_EDGE ( 'NONE', *, *, #3088, .F. ) ;
#8958 = ADVANCED_FACE ( 'NONE', ( #1117 ), #3047, .F. ) ;
#8959 = EDGE_CURVE ( 'NONE', #8105, #7399, #1061, .T. ) ;
#8960 = DIRECTION ( 'NONE',  ( -0.000000000000000000, 1.000000000000000000, 0.000000000000000000 ) ) ;
#8961 = LINE ( 'NONE', #5022, #5633 ) ;
#8962 = ORIENTED_EDGE ( 'NONE', *, *, #8627, .F. ) ;
#8963 = ADVANCED_FACE ( 'NONE', ( #7625 ), #2165, .F. ) ;
#8964 = VECTOR ( 'NONE', #3620, 1000.000000000000000 ) ;
#8965 = FACE_OUTER_BOUND ( 'NONE', #9510, .T. ) ;
#8966 = CARTESIAN_POINT ( 'NONE',  ( -89.34999999999998010, -27.00000000000000355, 1.000000000000000000 ) ) ;
#8967 = CONICAL_SURFACE ( 'NONE', #6553, 1.700000000000021050, 0.7853981633974399523 ) ;
#8968 = DIRECTION ( 'NONE',  ( -0.8660254037844387076, -9.654978140984307746E-17, -0.4999999999999998335 ) ) ;
#8969 = LINE ( 'NONE', #2012, #9148 ) ;
#8970 = ORIENTED_EDGE ( 'NONE', *, *, #10644, .T. ) ;
#8971 = DIRECTION ( 'NONE',  ( -0.000000000000000000, -0.000000000000000000, -1.000000000000000000 ) ) ;
#8972 = ORIENTED_EDGE ( 'NONE', *, *, #2177, .F. ) ;
#8973 = CARTESIAN_POINT ( 'NONE',  ( 58.35961431703002233, -20.79999999999999005, 59.67173572163869011 ) ) ;
#8974 = ORIENTED_EDGE ( 'NONE', *, *, #5529, .T. ) ;
#8975 = VECTOR ( 'NONE', #5866, 1000.000000000000000 ) ;
#8976 = ORIENTED_EDGE ( 'NONE', *, *, #7991, .T. ) ;
#8977 = EDGE_CURVE ( 'NONE', #9334, #4834, #10569, .T. ) ;
#8978 = EDGE_CURVE ( 'NONE', #2267, #8920, #2094, .T. ) ;
#8979 = VERTEX_POINT ( 'NONE', #9516 ) ;
#8980 = CARTESIAN_POINT ( 'NONE',  ( -93.34999999999999432, -23.65000000000003055, 5.000000000000000000 ) ) ;
#8981 = CARTESIAN_POINT ( 'NONE',  ( 82.80000000000005400, -21.21421356237303968, 25.00000000000000000 ) ) ;
#8982 = VECTOR ( 'NONE', #951, 1000.000000000000114 ) ;
#8983 = VECTOR ( 'NONE', #8661, 1000.000000000000000 ) ;
#8984 = DIRECTION ( 'NONE',  ( -0.000000000000000000, -0.000000000000000000, -1.000000000000000000 ) ) ;
#8985 = ORIENTED_EDGE ( 'NONE', *, *, #12264, .F. ) ;
#8986 = APPROVAL_STATUS ( 'not_yet_approved' ) ;
#8987 = DIRECTION ( 'NONE',  ( 0.000000000000000000, 0.000000000000000000, 1.000000000000000000 ) ) ;
#8988 = EDGE_CURVE ( 'NONE', #11969, #11526, #940, .T. ) ;
#8989 = ORIENTED_EDGE ( 'NONE', *, *, #5596, .T. ) ;
#8990 = DIRECTION ( 'NONE',  ( -0.7071067811865451302, -0.7071067811865500152, 0.000000000000000000 ) ) ;
#8991 = PLANE ( 'NONE',  #5195 ) ;
#8992 = AXIS2_PLACEMENT_3D ( 'NONE', #4149, #10770, #8138 ) ;
#8993 = ORIENTED_EDGE ( 'NONE', *, *, #8559, .F. ) ;
#8994 = AXIS2_PLACEMENT_3D ( 'NONE', #9928, #8921, #5839 ) ;
#8995 = ORIENTED_EDGE ( 'NONE', *, *, #1033, .F. ) ;
#8996 = ORIENTED_EDGE ( 'NONE', *, *, #6812, .F. ) ;
#8997 = CARTESIAN_POINT ( 'NONE',  ( 42.37788568297011693, -24.79999999999999005, -35.35290170860887571 ) ) ;
#8998 = CARTESIAN_POINT ( 'NONE',  ( 21.69999999999995666, 21.80000000000003979, 18.44337567297406721 ) ) ;
#8999 = CARTESIAN_POINT ( 'NONE',  ( 55.50288568297001746, -24.79999999999999005, -12.61973485926739436 ) ) ;
#9000 = VECTOR ( 'NONE', #7220, 1000.000000000000000 ) ;
#9001 = FACE_OUTER_BOUND ( 'NONE', #5706, .T. ) ;
#9002 = CARTESIAN_POINT ( 'NONE',  ( -37.00000000000009237, 37.00000000000002842, 6.000000000000000000 ) ) ;
#9003 = LINE ( 'NONE', #8059, #7589 ) ;
#9004 = VECTOR ( 'NONE', #10090, 1000.000000000000114 ) ;
#9005 = VECTOR ( 'NONE', #6191, 1000.000000000000114 ) ;
#9006 = DIRECTION ( 'NONE',  ( 0.000000000000000000, -1.000000000000000000, 0.000000000000000000 ) ) ;
#9007 = ORIENTED_EDGE ( 'NONE', *, *, #1524, .T. ) ;
#9008 = EDGE_CURVE ( 'NONE', #9967, #7901, #4186, .T. ) ;
#9009 = LINE ( 'NONE', #11884, #2515 ) ;
#9010 = ORIENTED_EDGE ( 'NONE', *, *, #8483, .T. ) ;
#9011 = ORIENTED_EDGE ( 'NONE', *, *, #10342, .F. ) ;
#9012 = VECTOR ( 'NONE', #11626, 1000.000000000000000 ) ;
#9013 = AXIS2_PLACEMENT_3D ( 'NONE', #3977, #11490, #8677 ) ;
#9014 = VERTEX_POINT ( 'NONE', #553 ) ;
#9015 = CARTESIAN_POINT ( 'NONE',  ( 77.80000000000005400, -8.799999999999990052, 14.00000000000001954 ) ) ;
#9016 = ORIENTED_EDGE ( 'NONE', *, *, #4629, .T. ) ;
#9017 = CIRCLE ( 'NONE', #3013, 1.700000000000021050 ) ;
#9018 = ORIENTED_EDGE ( 'NONE', *, *, #1446, .T. ) ;
#9019 = ADVANCED_FACE ( 'NONE', ( #12042 ), #1589, .T. ) ;
#9020 = PLANE ( 'NONE',  #6301 ) ;
#9021 = LINE ( 'NONE', #9966, #1774 ) ;
#9022 = ORIENTED_EDGE ( 'NONE', *, *, #6382, .T. ) ;
#9023 = ORIENTED_EDGE ( 'NONE', *, *, #12354, .F. ) ;
#9024 = CARTESIAN_POINT ( 'NONE',  ( 91.34999999999998010, 33.00000000000000000, 0.4999999999999831246 ) ) ;
#9025 = DIRECTION ( 'NONE',  ( -1.301042606982605321E-16, 1.000000000000000000, -0.000000000000000000 ) ) ;
#9026 = ORIENTED_EDGE ( 'NONE', *, *, #9930, .F. ) ;
#9027 = VECTOR ( 'NONE', #3763, 1000.000000000000000 ) ;
#9028 = VECTOR ( 'NONE', #3849, 1000.000000000000114 ) ;
#9029 = EDGE_CURVE ( 'NONE', #5819, #6147, #8351, .T. ) ;
#9030 = DIRECTION ( 'NONE',  ( 1.000000000000000000, 0.000000000000000000, -0.000000000000000000 ) ) ;
#9031 = CARTESIAN_POINT ( 'NONE',  ( 21.69999999999995666, 21.80000000000002913, 15.55662432702593811 ) ) ;
#9032 = ADVANCED_FACE ( 'NONE', ( #599 ), #6935, .F. ) ;
#9033 = CONICAL_SURFACE ( 'NONE', #1872, 1.700000000000007061, 0.7853981633974391752 ) ;
#9034 = VERTEX_POINT ( 'NONE', #8285 ) ;
#9035 = LINE ( 'NONE', #5745, #10606 ) ;
#9036 = ORIENTED_EDGE ( 'NONE', *, *, #1377, .T. ) ;
#9037 = DIRECTION ( 'NONE',  ( 0.3535533905932707333, 0.7071067811865542341, -0.6123724356957885862 ) ) ;
#9038 = EDGE_CURVE ( 'NONE', #6527, #4108, #7333, .T. ) ;
#9039 = VECTOR ( 'NONE', #6514, 1000.000000000000000 ) ;
#9040 = LINE ( 'NONE', #11909, #6751 ) ;
#9041 = ORIENTED_EDGE ( 'NONE', *, *, #8277, .T. ) ;
#9042 = FACE_OUTER_BOUND ( 'NONE', #5609, .T. ) ;
#9043 = LINE ( 'NONE', #3408, #11657 ) ;
#9044 = CARTESIAN_POINT ( 'NONE',  ( 92.85000000000000853, 29.85000000000004761, 3.000000000000000000 ) ) ;
#9045 = ORIENTED_EDGE ( 'NONE', *, *, #1016, .T. ) ;
#9046 = EDGE_CURVE ( 'NONE', #6556, #3574, #724, .T. ) ;
#9047 = CARTESIAN_POINT ( 'NONE',  ( -91.04999999999999716, -27.00000000000000355, 5.000000000000000000 ) ) ;
#9048 = AXIS2_PLACEMENT_3D ( 'NONE', #6543, #3817, #11318 ) ;
#9049 = ORIENTED_EDGE ( 'NONE', *, *, #7969, .F. ) ;
#9050 = LINE ( 'NONE', #10061, #1962 ) ;
#9051 = ORIENTED_EDGE ( 'NONE', *, *, #6408, .F. ) ;
#9052 = ADVANCED_FACE ( 'NONE', ( #793 ), #4621, .F. ) ;
#9053 = EDGE_CURVE ( 'NONE', #11458, #268, #11286, .T. ) ;
#9054 = DIRECTION ( 'NONE',  ( -1.301042606982605321E-16, 1.000000000000000000, 0.000000000000000000 ) ) ;
#9055 = ORIENTED_EDGE ( 'NONE', *, *, #451, .F. ) ;
#9056 = FACE_OUTER_BOUND ( 'NONE', #4696, .T. ) ;
#9057 = ORIENTED_EDGE ( 'NONE', *, *, #11870, .T. ) ;
#9058 = ORIENTED_EDGE ( 'NONE', *, *, #1993, .T. ) ;
#9059 = ORIENTED_EDGE ( 'NONE', *, *, #8147, .T. ) ;
#9060 = DIRECTION ( 'NONE',  ( -1.161131810617043199E-14, 0.6546536707079787520, -0.7559289460184530629 ) ) ;
#9061 = DIRECTION ( 'NONE',  ( 0.8660254037844387076, 1.088633767200839799E-16, -0.4999999999999998335 ) ) ;
#9062 = FACE_OUTER_BOUND ( 'NONE', #10942, .T. ) ;
#9063 = EDGE_CURVE ( 'NONE', #3036, #2638, #5831, .T. ) ;
#9064 = AXIS2_PLACEMENT_3D ( 'NONE', #10490, #2905, #2793 ) ;
#9065 = DIRECTION ( 'NONE',  ( -0.000000000000000000, -0.000000000000000000, -1.000000000000000000 ) ) ;
#9066 = PLANE ( 'NONE',  #9214 ) ;
#9067 = VERTEX_POINT ( 'NONE', #2958 ) ;
#9068 = CARTESIAN_POINT ( 'NONE',  ( -43.80000000000001137, -57.98150098949685116, 20.75277674973256836 ) ) ;
#9069 = ORIENTED_EDGE ( 'NONE', *, *, #4723, .T. ) ;
#9070 = ORIENTED_EDGE ( 'NONE', *, *, #2491, .F. ) ;
#9071 = PLANE ( 'NONE',  #7505 ) ;
#9072 = ORIENTED_EDGE ( 'NONE', *, *, #3758, .T. ) ;
#9073 = LINE ( 'NONE', #4652, #11397 ) ;
#9074 = CARTESIAN_POINT ( 'NONE',  ( 33.69999999999997442, 20.80000000000000426, 19.02072594216369339 ) ) ;
#9075 = ORIENTED_EDGE ( 'NONE', *, *, #6754, .F. ) ;
#9076 = AXIS2_PLACEMENT_3D ( 'NONE', #10476, #3657, #10231 ) ;
#9077 = VERTEX_POINT ( 'NONE', #10665 ) ;
#9078 = DIRECTION ( 'NONE',  ( -0.000000000000000000, -0.000000000000000000, -1.000000000000000000 ) ) ;
#9079 = EDGE_LOOP ( 'NONE', ( #10548, #5413, #467, #7941 ) ) ;
#9080 = DIRECTION ( 'NONE',  ( -0.8660254037844384856, -9.654978140984306513E-17, -0.5000000000000002220 ) ) ;
#9081 = VERTEX_POINT ( 'NONE', #4798 ) ;
#9082 = VECTOR ( 'NONE', #6223, 1000.000000000000114 ) ;
#9083 = CARTESIAN_POINT ( 'NONE',  ( -59.30000000000000426, 20.79999999999999361, 26.00000000000000355 ) ) ;
#9084 = EDGE_CURVE ( 'NONE', #43, #8870, #3789, .T. ) ;
#9085 = EDGE_CURVE ( 'NONE', #9445, #5053, #8548, .T. ) ;
#9086 = DIRECTION ( 'NONE',  ( 0.000000000000000000, 0.000000000000000000, 1.000000000000000000 ) ) ;
#9087 = VERTEX_POINT ( 'NONE', #10544 ) ;
#9088 = ORIENTED_EDGE ( 'NONE', *, *, #6827, .T. ) ;
#9089 = DIRECTION ( 'NONE',  ( 0.000000000000000000, 0.000000000000000000, 1.000000000000000000 ) ) ;
#9090 = ORIENTED_EDGE ( 'NONE', *, *, #5370, .T. ) ;
#9091 = PLANE ( 'NONE',  #5665 ) ;
#9092 = PLANE ( 'NONE',  #2628 ) ;
#9093 = LINE ( 'NONE', #5097, #6218 ) ;
#9094 = PLANE ( 'NONE',  #68 ) ;
#9095 = ORIENTED_EDGE ( 'NONE', *, *, #11853, .F. ) ;
#9096 = ADVANCED_FACE ( 'NONE', ( #5718 ), #4912, .F. ) ;
#9097 = VECTOR ( 'NONE', #2649, 1000.000000000000000 ) ;
#9098 = CARTESIAN_POINT ( 'NONE',  ( 55.10961431703003655, -24.79999999999999005, 65.30090084623755331 ) ) ;
#9099 = CARTESIAN_POINT ( 'NONE',  ( -27.30000000000003624, -21.80000000000000071, 15.12361162513371227 ) ) ;
#9100 = ORIENTED_EDGE ( 'NONE', *, *, #3704, .T. ) ;
#9101 = DIRECTION ( 'NONE',  ( -0.000000000000000000, 0.000000000000000000, 1.000000000000000000 ) ) ;
#9102 = VERTEX_POINT ( 'NONE', #2016 ) ;
#9103 = EDGE_LOOP ( 'NONE', ( #4112, #8912, #3840, #2589 ) ) ;
#9104 = CARTESIAN_POINT ( 'NONE',  ( -61.30000000000000426, 20.80000000000000071, 21.24999999999999289 ) ) ;
#9105 = VECTOR ( 'NONE', #11742, 1000.000000000000114 ) ;
#9106 = ORIENTED_EDGE ( 'NONE', *, *, #3624, .T. ) ;
#9107 = EDGE_CURVE ( 'NONE', #287, #9773, #9673, .T. ) ;
#9108 = EDGE_CURVE ( 'NONE', #8806, #56, #5658, .T. ) ;
#9109 = ORIENTED_EDGE ( 'NONE', *, *, #12333, .T. ) ;
#9110 = VECTOR ( 'NONE', #5112, 1000.000000000000000 ) ;
#9111 = EDGE_LOOP ( 'NONE', ( #10258, #887, #10341, #3812, #5441, #41 ) ) ;
#9112 = DIRECTION ( 'NONE',  ( -0.7071067811865482389, 0.000000000000000000, 0.7071067811865469066 ) ) ;
#9113 = CARTESIAN_POINT ( 'NONE',  ( 78.80000000000005400, 8.800000000000007816, 26.00000000000000355 ) ) ;
#9114 = EDGE_CURVE ( 'NONE', #8226, #11631, #9614, .T. ) ;
#9115 = DIRECTION ( 'NONE',  ( 0.5000000000000004441, 6.505213034913031534E-17, 0.8660254037844384856 ) ) ;
#9116 = CARTESIAN_POINT ( 'NONE',  ( -82.80000000000005400, 15.50710678118652908, 19.29289321881347519 ) ) ;
#9117 = AXIS2_PLACEMENT_3D ( 'NONE', #8763, #11818, #373 ) ;
#9118 = CARTESIAN_POINT ( 'NONE',  ( -60.30000000000003268, -23.80000000000002203, 13.74999999999996092 ) ) ;
#9119 = DIRECTION ( 'NONE',  ( -0.000000000000000000, -0.000000000000000000, 1.000000000000000000 ) ) ;
#9120 = VECTOR ( 'NONE', #5385, 1000.000000000000000 ) ;
#9121 = CARTESIAN_POINT ( 'NONE',  ( 37.19999999999994600, 29.79999999999999361, 19.88675134594813443 ) ) ;
#9122 = ORIENTED_EDGE ( 'NONE', *, *, #786, .F. ) ;
#9123 = CARTESIAN_POINT ( 'NONE',  ( 62.00288568297005298, 20.80000000000000426, -1.361404610069671950 ) ) ;
#9124 = ORIENTED_EDGE ( 'NONE', *, *, #10355, .F. ) ;
#9125 = EDGE_CURVE ( 'NONE', #6861, #9087, #1954, .T. ) ;
#9126 = DIRECTION ( 'NONE',  ( -0.000000000000000000, -0.000000000000000000, -1.000000000000000000 ) ) ;
#9127 = VECTOR ( 'NONE', #6901, 1000.000000000000000 ) ;
#9128 = ORIENTED_EDGE ( 'NONE', *, *, #4221, .T. ) ;
#9129 = LINE ( 'NONE', #12007, #10121 ) ;
#9130 = ORIENTED_EDGE ( 'NONE', *, *, #10488, .T. ) ;
#9131 = EDGE_CURVE ( 'NONE', #3883, #6254, #9736, .T. ) ;
#9132 = CARTESIAN_POINT ( 'NONE',  ( 87.64999999999996305, 27.00000000000000355, 1.000000000000000000 ) ) ;
#9133 = LINE ( 'NONE', #3442, #6100 ) ;
#9134 = FACE_OUTER_BOUND ( 'NONE', #9688, .T. ) ;
#9135 = CARTESIAN_POINT ( 'NONE',  ( -86.34999999999998010, -29.85000000000000142, 3.000000000000000000 ) ) ;
#9136 = PLANE ( 'NONE',  #8373 ) ;
#9137 = CARTESIAN_POINT ( 'NONE',  ( 93.35000000000000853, -30.35000000000010090, 3.000000000000000000 ) ) ;
#9138 = ORIENTED_EDGE ( 'NONE', *, *, #7737, .T. ) ;
#9139 = DIRECTION ( 'NONE',  ( -1.301042606982605321E-16, 1.000000000000000000, -0.000000000000000000 ) ) ;
#9140 = VERTEX_POINT ( 'NONE', #10483 ) ;
#9141 = EDGE_CURVE ( 'NONE', #7486, #83, #8788, .T. ) ;
#9142 = AXIS2_PLACEMENT_3D ( 'NONE', #9608, #12225, #1705 ) ;
#9143 = DIRECTION ( 'NONE',  ( 0.7071067811865487940, -0.7071067811865463515, 0.000000000000000000 ) ) ;
#9144 = CARTESIAN_POINT ( 'NONE',  ( 82.80000000000005400, 8.800000000000009592, 6.999999999999999112 ) ) ;
#9145 = DIRECTION ( 'NONE',  ( -0.3535533905932765064, 0.7071067811865419106, 0.6123724356957994663 ) ) ;
#9146 = ORIENTED_EDGE ( 'NONE', *, *, #4537, .F. ) ;
#9147 = AXIS2_PLACEMENT_3D ( 'NONE', #8710, #71, #10470 ) ;
#9148 = VECTOR ( 'NONE', #10720, 1000.000000000000114 ) ;
#9149 = DIRECTION ( 'NONE',  ( 0.000000000000000000, 0.7071067811865646702, -0.7071067811865302533 ) ) ;
#9150 = CARTESIAN_POINT ( 'NONE',  ( -75.80000000000006821, 21.79999999999995808, 21.24999999999999289 ) ) ;
#9151 = LINE ( 'NONE', #12026, #2167 ) ;
#9152 = PLANE ( 'NONE',  #6135 ) ;
#9153 = ORIENTED_EDGE ( 'NONE', *, *, #10801, .T. ) ;
#9154 = CARTESIAN_POINT ( 'NONE',  ( -93.34999999999999432, 24.15000000000000568, 3.000000000000000000 ) ) ;
#9155 = ORIENTED_EDGE ( 'NONE', *, *, #8367, .F. ) ;
#9156 = EDGE_CURVE ( 'NONE', #7332, #9880, #4036, .T. ) ;
#9157 = EDGE_CURVE ( 'NONE', #1282, #8466, #3970, .T. ) ;
#9158 = FACE_OUTER_BOUND ( 'NONE', #4470, .T. ) ;
#9159 = CARTESIAN_POINT ( 'NONE',  ( -75.80000000000006821, 30.80000000000000782, 22.24999999999993605 ) ) ;
#9160 = CARTESIAN_POINT ( 'NONE',  ( 93.34999999999999432, 29.85000000000004761, 1.000000000000000000 ) ) ;
#9161 = ORIENTED_EDGE ( 'NONE', *, *, #7046, .T. ) ;
#9162 = CARTESIAN_POINT ( 'NONE',  ( -1.300000000000041345, -23.79999999999996163, 15.55662432702593634 ) ) ;
#9163 = VECTOR ( 'NONE', #1565, 1000.000000000000114 ) ;
#9164 = LINE ( 'NONE', #2271, #4214 ) ;
#9165 = ORIENTED_EDGE ( 'NONE', *, *, #165, .F. ) ;
#9166 = ORIENTED_EDGE ( 'NONE', *, *, #5667, .T. ) ;
#9167 = CARTESIAN_POINT ( 'NONE',  ( 52.19999999999992468, -23.80000000000001492, 22.00000000000000711 ) ) ;
#9168 = CARTESIAN_POINT ( 'NONE',  ( -84.80000000000003979, 32.80000000000001137, 6.000000000000000000 ) ) ;
#9169 = ORIENTED_EDGE ( 'NONE', *, *, #541, .F. ) ;
#9170 = ADVANCED_FACE ( 'NONE', ( #9549 ), #8967, .F. ) ;
#9171 = PLANE ( 'NONE',  #4142 ) ;
#9172 = CARTESIAN_POINT ( 'NONE',  ( -24.05000000000005045, 20.79999999999999716, 21.90747728811181005 ) ) ;
#9173 = CARTESIAN_POINT ( 'NONE',  ( -84.80000000000003979, 32.30000000000003979, 6.000000000000000000 ) ) ;
#9174 = VERTEX_POINT ( 'NONE', #9491 ) ;
#9175 = AXIS2_PLACEMENT_3D ( 'NONE', #5697, #9584, #11459 ) ;
#9176 = AXIS2_PLACEMENT_3D ( 'NONE', #5632, #4409, #5459 ) ;
#9177 = VERTEX_POINT ( 'NONE', #910 ) ;
#9178 = PLANE ( 'NONE',  #3911 ) ;
#9179 = DIRECTION ( 'NONE',  ( 0.000000000000000000, 1.000000000000000000, 0.000000000000000000 ) ) ;
#9180 = CARTESIAN_POINT ( 'NONE',  ( 3.699999999999957101, 21.80000000000000071, 18.44337567297406721 ) ) ;
#9181 = LINE ( 'NONE', #5425, #6458 ) ;
#9182 = CARTESIAN_POINT ( 'NONE',  ( -27.30000000000003624, -23.79999999999999361, 15.12361162513371760 ) ) ;
#9183 = CARTESIAN_POINT ( 'NONE',  ( -61.30000000000005400, -57.98150098949685116, 12.74999999999998934 ) ) ;
#9184 = EDGE_CURVE ( 'NONE', #8322, #9585, #11420, .T. ) ;
#9185 = EDGE_CURVE ( 'NONE', #10006, #262, #1183, .T. ) ;
#9186 = CALENDAR_DATE ( 2023, 3, 2 ) ;
#9187 = DIRECTION ( 'NONE',  ( -7.511572993685781598E-17, -8.374358620604178149E-33, 1.000000000000000000 ) ) ;
#9188 = VECTOR ( 'NONE', #157, 1000.000000000000000 ) ;
#9189 = DIRECTION ( 'NONE',  ( 0.5000000000000004441, 6.505213034913031534E-17, 0.8660254037844384856 ) ) ;
#9190 = VECTOR ( 'NONE', #8632, 1000.000000000000114 ) ;
#9191 = ORIENTED_EDGE ( 'NONE', *, *, #8347, .T. ) ;
#9192 = ADVANCED_FACE ( 'NONE', ( #23 ), #7662, .T. ) ;
#9193 = LINE ( 'NONE', #11943, #5518 ) ;
#9194 = CARTESIAN_POINT ( 'NONE',  ( -78.46666666666673962, -9.133333333333352400, 7.333333333333341919 ) ) ;
#9195 = VERTEX_POINT ( 'NONE', #84 ) ;
#9196 = CARTESIAN_POINT ( 'NONE',  ( -77.80000000000005400, -9.800000000000038014, 26.00000000000000355 ) ) ;
#9197 = EDGE_LOOP ( 'NONE', ( #7018, #4029, #7106, #7908 ) ) ;
#9198 = CARTESIAN_POINT ( 'NONE',  ( 51.19999999999995310, 21.79999999999998295, 10.99999999999997691 ) ) ;
#9199 = DIRECTION ( 'NONE',  ( 0.8660254037844383745, 9.654978140984305281E-17, -0.5000000000000004441 ) ) ;
#9200 = DIRECTION ( 'NONE',  ( 3.663026813305273222E-15, 0.6546536707079794182, 0.7559289460184523968 ) ) ;
#9201 = AXIS2_PLACEMENT_3D ( 'NONE', #12291, #11366, #2011 ) ;
#9202 = CONICAL_SURFACE ( 'NONE', #4385, 2.200000000000007283, 0.7853981633974407295 ) ;
#9203 = DIRECTION ( 'NONE',  ( -1.648827483264520082E-15, -0.6546536707079770867, -0.7559289460184545062 ) ) ;
#9204 = CARTESIAN_POINT ( 'NONE',  ( 3.699999999999963318, -23.79999999999996874, 18.44337567297406721 ) ) ;
#9205 = DIRECTION ( 'NONE',  ( 1.062879949636274337E-14, 0.6546536707079891881, -0.7559289460184440701 ) ) ;
#9206 = ADVANCED_FACE ( 'NONE', ( #1391 ), #7904, .F. ) ;
#9207 = ADVANCED_FACE ( 'NONE', ( #10905 ), #6882, .T. ) ;
#9208 = DIRECTION ( 'NONE',  ( -0.7071067811865474617, -0.7071067811865474617, 0.000000000000000000 ) ) ;
#9209 = ORIENTED_EDGE ( 'NONE', *, *, #12174, .T. ) ;
#9210 = DIRECTION ( 'NONE',  ( 0.000000000000000000, 0.000000000000000000, 1.000000000000000000 ) ) ;
#9211 = EDGE_CURVE ( 'NONE', #1898, #6369, #8033, .T. ) ;
#9212 = LINE ( 'NONE', #9277, #134 ) ;
#9213 = CARTESIAN_POINT ( 'NONE',  ( -91.54999999999999716, -27.00000000000000355, 0.000000000000000000 ) ) ;
#9214 = AXIS2_PLACEMENT_3D ( 'NONE', #440, #8063, #2480 ) ;
#9215 = EDGE_CURVE ( 'NONE', #10923, #791, #6943, .T. ) ;
#9216 = ORIENTED_EDGE ( 'NONE', *, *, #12250, .F. ) ;
#9217 = CARTESIAN_POINT ( 'NONE',  ( 50.19999999999998153, -20.79999999999999005, 21.00000000000003197 ) ) ;
#9218 = ORIENTED_EDGE ( 'NONE', *, *, #9830, .F. ) ;
#9219 = ORIENTED_EDGE ( 'NONE', *, *, #9762, .F. ) ;
#9220 = CARTESIAN_POINT ( 'NONE',  ( 19.19999999999994955, 29.79999999999999361, 14.11324865405187090 ) ) ;
#9221 = VECTOR ( 'NONE', #6658, 1000.000000000000000 ) ;
#9222 = DIRECTION ( 'NONE',  ( 0.6546536707079785300, 0.6546536707079785300, -0.3779644730092226457 ) ) ;
#9223 = FACE_OUTER_BOUND ( 'NONE', #160, .T. ) ;
#9224 = EDGE_CURVE ( 'NONE', #5258, #3298, #11716, .T. ) ;
#9225 = ORIENTED_EDGE ( 'NONE', *, *, #7019, .T. ) ;
#9226 = EDGE_LOOP ( 'NONE', ( #12265, #9783, #2723, #8790 ) ) ;
#9227 = FACE_OUTER_BOUND ( 'NONE', #2472, .T. ) ;
#9228 = DIRECTION ( 'NONE',  ( 0.000000000000000000, 1.000000000000000000, 0.000000000000000000 ) ) ;
#9229 = ORIENTED_EDGE ( 'NONE', *, *, #57, .F. ) ;
#9230 = VECTOR ( 'NONE', #12050, 1000.000000000000114 ) ;
#9231 = CARTESIAN_POINT ( 'NONE',  ( 37.19999999999994600, -23.79999999999999716, 14.11324865405187445 ) ) ;
#9232 = VECTOR ( 'NONE', #6817, 1000.000000000000000 ) ;
#9233 = DIRECTION ( 'NONE',  ( -0.000000000000000000, 1.000000000000000000, -0.000000000000000000 ) ) ;
#9234 = CARTESIAN_POINT ( 'NONE',  ( 78.09289321881347234, -21.80000000000080718, 26.00000000000079936 ) ) ;
#9235 = DIRECTION ( 'NONE',  ( -0.8660254037844387076, -9.654978140984308979E-17, -0.4999999999999998335 ) ) ;
#9236 = ADVANCED_FACE ( 'NONE', ( #7013 ), #406, .F. ) ;
#9237 = EDGE_CURVE ( 'NONE', #548, #8747, #11907, .T. ) ;
#9238 = VECTOR ( 'NONE', #5309, 1000.000000000000000 ) ;
#9239 = ORIENTED_EDGE ( 'NONE', *, *, #11542, .T. ) ;
#9240 = ORIENTED_EDGE ( 'NONE', *, *, #1776, .T. ) ;
#9241 = DIRECTION ( 'NONE',  ( 0.7071067811865474617, 4.903554850278099984E-15, 0.7071067811865474617 ) ) ;
#9242 = FACE_OUTER_BOUND ( 'NONE', #9749, .T. ) ;
#9243 = LINE ( 'NONE', #9431, #8728 ) ;
#9244 = VERTEX_POINT ( 'NONE', #4347 ) ;
#9245 = ORIENTED_EDGE ( 'NONE', *, *, #6333, .F. ) ;
#9246 = ORIENTED_EDGE ( 'NONE', *, *, #4116, .T. ) ;
#9247 = LINE ( 'NONE', #8432, #8515 ) ;
#9248 = CARTESIAN_POINT ( 'NONE',  ( -27.30000000000003268, -57.98150098949684406, 15.12361162513371227 ) ) ;
#9249 = DIRECTION ( 'NONE',  ( 0.8660254037844384856, 9.654978140984306513E-17, 0.5000000000000004441 ) ) ;
#9250 = CARTESIAN_POINT ( 'NONE',  ( -92.84999999999999432, 33.00000000000000000, 0.000000000000000000 ) ) ;
#9251 = EDGE_CURVE ( 'NONE', #6700, #469, #7131, .T. ) ;
#9252 = CARTESIAN_POINT ( 'NONE',  ( 91.34999999999998010, 33.00000000000000000, 0.4999999999999831246 ) ) ;
#9253 = VECTOR ( 'NONE', #852, 1000.000000000000000 ) ;
#9254 = PERSON_AND_ORGANIZATION ( #6357, #11785 ) ;
#9255 = VECTOR ( 'NONE', #5767, 1000.000000000000114 ) ;
#9256 = DIRECTION ( 'NONE',  ( 1.000000000000000000, 1.114860845743448580E-16, -1.051347561198065328E-16 ) ) ;
#9257 = LINE ( 'NONE', #2801, #7929 ) ;
#9258 = VERTEX_POINT ( 'NONE', #521 ) ;
#9259 = DIRECTION ( 'NONE',  ( 0.6546536707079716466, 0.6546536707079854134, -0.3779644730092224236 ) ) ;
#9260 = ORIENTED_EDGE ( 'NONE', *, *, #252, .F. ) ;
#9261 = FACE_OUTER_BOUND ( 'NONE', #3037, .T. ) ;
#9262 = ORIENTED_EDGE ( 'NONE', *, *, #5653, .F. ) ;
#9263 = DIRECTION ( 'NONE',  ( 1.000000000000000000, 0.000000000000000000, 0.000000000000000000 ) ) ;
#9264 = ADVANCED_FACE ( 'NONE', ( #9918 ), #10971, .F. ) ;
#9265 = ORIENTED_EDGE ( 'NONE', *, *, #6654, .T. ) ;
#9266 = EDGE_CURVE ( 'NONE', #3221, #9933, #6196, .T. ) ;
#9267 = CARTESIAN_POINT ( 'NONE',  ( 81.80000000000005400, -7.799999999999987388, 6.000000000000000000 ) ) ;
#9268 = FACE_OUTER_BOUND ( 'NONE', #3434, .T. ) ;
#9269 = LINE ( 'NONE', #2436, #10594 ) ;
#9270 = DIRECTION ( 'NONE',  ( 0.000000000000000000, 0.7071067811865474617, -0.7071067811865474617 ) ) ;
#9271 = EDGE_CURVE ( 'NONE', #3204, #6731, #5278, .T. ) ;
#9272 = CARTESIAN_POINT ( 'NONE',  ( 93.34999999999999432, -32.99999999999997868, 0.4999999999999831246 ) ) ;
#9273 = FACE_OUTER_BOUND ( 'NONE', #1401, .T. ) ;
#9274 = DIRECTION ( 'NONE',  ( 1.000000000000000000, 1.257045997084642365E-16, 0.000000000000000000 ) ) ;
#9275 = LINE ( 'NONE', #2687, #9982 ) ;
#9276 = ORIENTED_EDGE ( 'NONE', *, *, #1231, .F. ) ;
#9277 = CARTESIAN_POINT ( 'NONE',  ( -76.80000000000003979, 29.80000000000003624, 21.24999999999999289 ) ) ;
#9278 = EDGE_LOOP ( 'NONE', ( #10070, #6039, #4195, #6109 ) ) ;
#9279 = DIRECTION ( 'NONE',  ( 0.000000000000000000, 0.000000000000000000, -1.000000000000000000 ) ) ;
#9280 = EDGE_CURVE ( 'NONE', #5277, #5758, #10727, .T. ) ;
#9281 = ORIENTED_EDGE ( 'NONE', *, *, #10110, .T. ) ;
#9282 = EDGE_CURVE ( 'NONE', #9853, #2576, #6010, .T. ) ;
#9283 = ORIENTED_EDGE ( 'NONE', *, *, #5812, .F. ) ;
#9284 = DIRECTION ( 'NONE',  ( -0.8660254037844383745, -1.088633767200839306E-16, 0.5000000000000004441 ) ) ;
#9285 = FACE_OUTER_BOUND ( 'NONE', #2695, .T. ) ;
#9286 = FACE_OUTER_BOUND ( 'NONE', #3085, .T. ) ;
#9287 = ORIENTED_EDGE ( 'NONE', *, *, #10489, .F. ) ;
#9288 = CARTESIAN_POINT ( 'NONE',  ( -81.80000000000003979, 30.80000000000000782, 6.999999999999999112 ) ) ;
#9289 = CARTESIAN_POINT ( 'NONE',  ( -43.80000000000002558, 29.79999999999997939, 20.75277674973256836 ) ) ;
#9290 = ORIENTED_EDGE ( 'NONE', *, *, #2101, .F. ) ;
#9291 = DIRECTION ( 'NONE',  ( 0.7071067811865475727, -0.7071067811865475727, 0.000000000000000000 ) ) ;
#9292 = DIRECTION ( 'NONE',  ( -5.089751338750790713E-15, 0.6546536707079816386, -0.7559289460184506204 ) ) ;
#9293 = ADVANCED_FACE ( 'NONE', ( #9864 ), #9799, .F. ) ;
#9294 = CARTESIAN_POINT ( 'NONE',  ( -4.026922466874281348, -19.07307753312572274, 20.01776509328316678 ) ) ;
#9295 = EDGE_CURVE ( 'NONE', #2943, #6449, #10180, .T. ) ;
#9296 = VERTEX_POINT ( 'NONE', #11996 ) ;
#9297 = ORIENTED_EDGE ( 'NONE', *, *, #1873, .T. ) ;
#9298 = ORIENTED_EDGE ( 'NONE', *, *, #7051, .T. ) ;
#9299 = DIRECTION ( 'NONE',  ( -0.8660254037844382635, -9.654978140984304048E-17, 0.5000000000000008882 ) ) ;
#9300 = DIRECTION ( 'NONE',  ( -0.000000000000000000, -0.000000000000000000, 1.000000000000000000 ) ) ;
#9301 = VERTEX_POINT ( 'NONE', #1528 ) ;
#9302 = VERTEX_POINT ( 'NONE', #4250 ) ;
#9303 = ORIENTED_EDGE ( 'NONE', *, *, #2205, .T. ) ;
#9304 = CARTESIAN_POINT ( 'NONE',  ( -81.80000000000003979, 30.80000000000000782, 6.999999999999999112 ) ) ;
#9305 = CARTESIAN_POINT ( 'NONE',  ( -71.27788568297015104, 30.80000000000000782, 6.043112592287361196 ) ) ;
#9306 = LINE ( 'NONE', #10073, #11100 ) ;
#9307 = CARTESIAN_POINT ( 'NONE',  ( -20.80000000000002558, -21.79999999999999361, 15.12361162513371404 ) ) ;
#9308 = CARTESIAN_POINT ( 'NONE',  ( 81.80000000000005400, -8.799999999999988276, 26.00000000000000355 ) ) ;
#9309 = CARTESIAN_POINT ( 'NONE',  ( -61.30000000000000426, 21.79999999999995808, 21.24999999999999289 ) ) ;
#9310 = CIRCLE ( 'NONE', #3905, 2.200000000000035261 ) ;
#9311 = VERTEX_POINT ( 'NONE', #8055 ) ;
#9312 = VECTOR ( 'NONE', #8555, 1000.000000000000000 ) ;
#9313 = CARTESIAN_POINT ( 'NONE',  ( 3.699999999999956213, 29.80000000000002203, 18.44337567297406721 ) ) ;
#9314 = FACE_OUTER_BOUND ( 'NONE', #408, .T. ) ;
#9315 = ORIENTED_EDGE ( 'NONE', *, *, #10629, .F. ) ;
#9316 = FACE_BOUND ( 'NONE', #8443, .T. ) ;
#9317 = DIRECTION ( 'NONE',  ( 0.000000000000000000, 0.000000000000000000, -1.000000000000000000 ) ) ;
#9318 = ORIENTED_EDGE ( 'NONE', *, *, #9438, .F. ) ;
#9319 = EDGE_CURVE ( 'NONE', #12150, #5401, #12049, .T. ) ;
#9320 = EDGE_CURVE ( 'NONE', #4727, #5042, #5246, .T. ) ;
#9321 = ORIENTED_EDGE ( 'NONE', *, *, #4033, .T. ) ;
#9322 = LINE ( 'NONE', #751, #925 ) ;
#9323 = ORIENTED_EDGE ( 'NONE', *, *, #9211, .F. ) ;
#9324 = VECTOR ( 'NONE', #2549, 1000.000000000000000 ) ;
#9325 = CARTESIAN_POINT ( 'NONE',  ( -91.34999999999998010, 35.00000000000000000, 4.500000000000018652 ) ) ;
#9326 = LINE ( 'NONE', #11950, #3394 ) ;
#9327 = CARTESIAN_POINT ( 'NONE',  ( -82.80000000000005400, 8.799999999999988276, 26.00000000000000355 ) ) ;
#9328 = AXIS2_PLACEMENT_3D ( 'NONE', #7594, #1650, #7467 ) ;
#9329 = LINE ( 'NONE', #9390, #3590 ) ;
#9330 = LINE ( 'NONE', #3757, #10574 ) ;
#9331 = VECTOR ( 'NONE', #6189, 1000.000000000000000 ) ;
#9332 = CARTESIAN_POINT ( 'NONE',  ( 77.83253374752469256, -19.15662166996707683, 29.96746625247536500 ) ) ;
#9333 = CARTESIAN_POINT ( 'NONE',  ( 52.19999999999992468, -20.79999999999999005, 9.000000000000031974 ) ) ;
#9334 = VERTEX_POINT ( 'NONE', #7090 ) ;
#9335 = AXIS2_PLACEMENT_3D ( 'NONE', #3748, #6348, #6415 ) ;
#9336 = PLANE ( 'NONE',  #11934 ) ;
#9337 = ORIENTED_EDGE ( 'NONE', *, *, #4294, .T. ) ;
#9338 = ORIENTED_EDGE ( 'NONE', *, *, #6467, .T. ) ;
#9339 = EDGE_CURVE ( 'NONE', #431, #2851, #2344, .T. ) ;
#9340 = LINE ( 'NONE', #639, #12177 ) ;
#9341 = CARTESIAN_POINT ( 'NONE',  ( -93.34999999999999432, 29.85000000000000142, 1.000000000000000000 ) ) ;
#9342 = ORIENTED_EDGE ( 'NONE', *, *, #8776, .T. ) ;
#9343 = LINE ( 'NONE', #12329, #2823 ) ;
#9344 = VECTOR ( 'NONE', #2032, 1000.000000000000000 ) ;
#9345 = FACE_OUTER_BOUND ( 'NONE', #2015, .T. ) ;
#9346 = VECTOR ( 'NONE', #6490, 1000.000000000000000 ) ;
#9347 = VERTEX_POINT ( 'NONE', #3426 ) ;
#9348 = EDGE_CURVE ( 'NONE', #1987, #4776, #490, .T. ) ;
#9349 = ADVANCED_FACE ( 'NONE', ( #8171 ), #2401, .T. ) ;
#9350 = FACE_OUTER_BOUND ( 'NONE', #7101, .T. ) ;
#9351 = VERTEX_POINT ( 'NONE', #2418 ) ;
#9352 = EDGE_CURVE ( 'NONE', #9993, #6626, #5302, .T. ) ;
#9353 = FACE_OUTER_BOUND ( 'NONE', #7636, .T. ) ;
#9354 = CARTESIAN_POINT ( 'NONE',  ( -47.05000000000003268, -57.98150098949685116, 15.12361162513371760 ) ) ;
#9355 = PLANE ( 'NONE',  #914 ) ;
#9356 = CARTESIAN_POINT ( 'NONE',  ( -48.04999999999999716, 20.79999999999999361, 26.00000000000000355 ) ) ;
#9357 = VECTOR ( 'NONE', #2568, 1000.000000000000114 ) ;
#9358 = LINE ( 'NONE', #1773, #2618 ) ;
#9359 = VERTEX_POINT ( 'NONE', #11049 ) ;
#9360 = EDGE_CURVE ( 'NONE', #9770, #3038, #2476, .T. ) ;
#9361 = ORIENTED_EDGE ( 'NONE', *, *, #5615, .F. ) ;
#9362 = CARTESIAN_POINT ( 'NONE',  ( -14.70082448084789029, 2.049175519151999580, 0.1995831808217912728 ) ) ;
#9363 = SHAPE_DEFINITION_REPRESENTATION ( #7630, #11732 ) ;
#9364 = CARTESIAN_POINT ( 'NONE',  ( 37.19999999999995310, 21.79999999999998650, 14.11324865405187090 ) ) ;
#9365 = VECTOR ( 'NONE', #4051, 1000.000000000000000 ) ;
#9366 = CARTESIAN_POINT ( 'NONE',  ( 52.19999999999992468, -21.79999999999996163, 22.00000000000000711 ) ) ;
#9367 = EDGE_CURVE ( 'NONE', #10937, #1987, #11804, .T. ) ;
#9368 = FACE_OUTER_BOUND ( 'NONE', #11442, .T. ) ;
#9369 = DIRECTION ( 'NONE',  ( 6.308085367188384325E-16, 1.000000000000000000, 0.000000000000000000 ) ) ;
#9370 = ORIENTED_EDGE ( 'NONE', *, *, #11937, .T. ) ;
#9371 = ORIENTED_EDGE ( 'NONE', *, *, #2061, .F. ) ;
#9372 = CARTESIAN_POINT ( 'NONE',  ( -89.34999999999998010, -27.00000000000000355, 0.000000000000000000 ) ) ;
#9373 = FACE_OUTER_BOUND ( 'NONE', #6773, .T. ) ;
#9374 = DIRECTION ( 'NONE',  ( -0.8660254037844387076, -9.654978140984308979E-17, 0.4999999999999998335 ) ) ;
#9375 = VECTOR ( 'NONE', #9628, 1000.000000000000000 ) ;
#9376 = DIRECTION ( 'NONE',  ( 0.000000000000000000, -0.7071067811865456854, -0.7071067811865493491 ) ) ;
#9377 = EDGE_CURVE ( 'NONE', #9296, #11240, #1620, .T. ) ;
#9378 = VERTEX_POINT ( 'NONE', #2284 ) ;
#9379 = DIRECTION ( 'NONE',  ( -0.8660254037844385966, -9.654978140984307746E-17, -0.5000000000000001110 ) ) ;
#9380 = PLANE ( 'NONE',  #780 ) ;
#9381 = ORIENTED_EDGE ( 'NONE', *, *, #4611, .T. ) ;
#9382 = PLANE ( 'NONE',  #2316 ) ;
#9383 = DIRECTION ( 'NONE',  ( -1.000000000000000000, 0.000000000000000000, 0.000000000000000000 ) ) ;
#9384 = VECTOR ( 'NONE', #4510, 1000.000000000000000 ) ;
#9385 = ORIENTED_EDGE ( 'NONE', *, *, #4035, .T. ) ;
#9386 = ORIENTED_EDGE ( 'NONE', *, *, #7036, .F. ) ;
#9387 = EDGE_LOOP ( 'NONE', ( #6675, #5574, #6708, #9385 ) ) ;
#9388 = LINE ( 'NONE', #5375, #4607 ) ;
#9389 = CARTESIAN_POINT ( 'NONE',  ( 51.19999999999996021, -57.98150098949683695, 10.99999999999997691 ) ) ;
#9390 = CARTESIAN_POINT ( 'NONE',  ( 16.69999999999996021, -57.98150098949683695, 15.55662432702593634 ) ) ;
#9391 = FACE_OUTER_BOUND ( 'NONE', #7535, .T. ) ;
#9392 = VECTOR ( 'NONE', #2312, 1000.000000000000000 ) ;
#9393 = LINE ( 'NONE', #6613, #10944 ) ;
#9394 = CIRCLE ( 'NONE', #8168, 1.500000000000001332 ) ;
#9395 = EDGE_CURVE ( 'NONE', #11021, #5411, #11558, .T. ) ;
#9396 = DIRECTION ( 'NONE',  ( 0.000000000000000000, 0.7071067811865465735, -0.7071067811865483499 ) ) ;
#9397 = VERTEX_POINT ( 'NONE', #396 ) ;
#9398 = CARTESIAN_POINT ( 'NONE',  ( 81.80000000000005400, 8.800000000000009592, 6.999999999999999112 ) ) ;
#9399 = CARTESIAN_POINT ( 'NONE',  ( 52.19999999999992468, 29.80000000000003979, 10.00000000000000355 ) ) ;
#9400 = EDGE_LOOP ( 'NONE', ( #1052, #790, #11640, #8916 ) ) ;
#9401 = CARTESIAN_POINT ( 'NONE',  ( 51.19999999999994600, 30.80000000000002558, 10.99999999999997691 ) ) ;
#9402 = PRODUCT_DEFINITION_FORMATION_WITH_SPECIFIED_SOURCE ( 'ANY', '', #5429, .NOT_KNOWN. ) ;
#9403 = AXIS2_PLACEMENT_3D ( 'NONE', #7800, #11618, #302 ) ;
#9404 = ORIENTED_EDGE ( 'NONE', *, *, #7925, .T. ) ;
#9405 = AXIS2_PLACEMENT_3D ( 'NONE', #1614, #8186, #3563 ) ;
#9406 = LINE ( 'NONE', #6536, #1031 ) ;
#9407 = CARTESIAN_POINT ( 'NONE',  ( 1.199999999999963096, -57.98150098949683695, 14.11324865405187090 ) ) ;
#9408 = EDGE_CURVE ( 'NONE', #8807, #8979, #5396, .T. ) ;
#9409 = EDGE_LOOP ( 'NONE', ( #5873, #5907, #6319, #3871 ) ) ;
#9410 = VERTEX_POINT ( 'NONE', #5275 ) ;
#9411 = DIRECTION ( 'NONE',  ( 1.000000000000000000, 0.000000000000000000, 0.000000000000000000 ) ) ;
#9412 = DIRECTION ( 'NONE',  ( -1.301042606982605321E-16, 1.000000000000000000, 0.000000000000000000 ) ) ;
#9413 = ORIENTED_EDGE ( 'NONE', *, *, #10963, .T. ) ;
#9414 = LINE ( 'NONE', #3842, #679 ) ;
#9415 = DIRECTION ( 'NONE',  ( 1.000000000000000000, 0.000000000000000000, 0.000000000000000000 ) ) ;
#9416 = DIRECTION ( 'NONE',  ( -1.000000000000000000, -4.956352788505159323E-16, 0.000000000000000000 ) ) ;
#9417 = VECTOR ( 'NONE', #2657, 1000.000000000000000 ) ;
#9418 = VECTOR ( 'NONE', #9499, 1000.000000000000114 ) ;
#9419 = EDGE_CURVE ( 'NONE', #750, #5277, #2318, .T. ) ;
#9420 = EDGE_CURVE ( 'NONE', #10025, #3395, #10964, .T. ) ;
#9421 = CARTESIAN_POINT ( 'NONE',  ( -76.80000000000002558, -24.80000000000000426, 20.25000000000001776 ) ) ;
#9422 = DIRECTION ( 'NONE',  ( 0.7071067811865376918, -0.7071067811865574537, -0.000000000000000000 ) ) ;
#9423 = ADVANCED_FACE ( 'NONE', ( #11770 ), #1500, .F. ) ;
#9424 = LINE ( 'NONE', #10421, #4835 ) ;
#9425 = ORIENTED_EDGE ( 'NONE', *, *, #2377, .F. ) ;
#9426 = VERTEX_POINT ( 'NONE', #2503 ) ;
#9427 = ORIENTED_EDGE ( 'NONE', *, *, #11542, .F. ) ;
#9428 = LINE ( 'NONE', #2845, #10185 ) ;
#9429 = VECTOR ( 'NONE', #8420, 1000.000000000000000 ) ;
#9430 = LINE ( 'NONE', #3730, #1946 ) ;
#9431 = CARTESIAN_POINT ( 'NONE',  ( -74.64198285288129853, -12.95801714711878283, 12.27769290508364186 ) ) ;
#9432 = CARTESIAN_POINT ( 'NONE',  ( -24.05000000000003979, 29.80000000000000071, 20.75277674973256836 ) ) ;
#9433 = ORIENTED_EDGE ( 'NONE', *, *, #4018, .T. ) ;
#9434 = DIRECTION ( 'NONE',  ( 0.6546536707079758655, 0.6546536707079781969, 0.3779644730092276417 ) ) ;
#9435 = EDGE_CURVE ( 'NONE', #7029, #11223, #6059, .T. ) ;
#9436 = ORIENTED_EDGE ( 'NONE', *, *, #7102, .T. ) ;
#9437 = DIRECTION ( 'NONE',  ( 1.301042606982605321E-16, -1.000000000000000000, 0.000000000000000000 ) ) ;
#9438 = EDGE_CURVE ( 'NONE', #11739, #10527, #8143, .T. ) ;
#9439 = LINE ( 'NONE', #7722, #6484 ) ;
#9440 = DIRECTION ( 'NONE',  ( -6.308085367188384325E-16, -1.000000000000000000, 0.000000000000000000 ) ) ;
#9441 = FACE_BOUND ( 'NONE', #3258, .T. ) ;
#9442 = EDGE_CURVE ( 'NONE', #7863, #4928, #11250, .T. ) ;
#9443 = EDGE_CURVE ( 'NONE', #4724, #11368, #2379, .T. ) ;
#9444 = CARTESIAN_POINT ( 'NONE',  ( -93.34999999999999432, 30.34999999999997300, 5.000000000000000000 ) ) ;
#9445 = VERTEX_POINT ( 'NONE', #8330 ) ;
#9446 = CARTESIAN_POINT ( 'NONE',  ( 91.55000000000002558, 27.00000000000000355, 5.000000000000000000 ) ) ;
#9447 = CARTESIAN_POINT ( 'NONE',  ( -78.30000000000006821, -9.300000000000023803, 7.500000000000012434 ) ) ;
#9448 = ORIENTED_EDGE ( 'NONE', *, *, #2479, .F. ) ;
#9449 = DIRECTION ( 'NONE',  ( 0.7071067811865422437, 8.659560562354868763E-17, -0.7071067811865529018 ) ) ;
#9450 = CARTESIAN_POINT ( 'NONE',  ( 93.35000000000000853, 33.00000000000000000, 5.000000000000000000 ) ) ;
#9451 = EDGE_LOOP ( 'NONE', ( #2759, #9595, #441, #5845 ) ) ;
#9452 = EDGE_LOOP ( 'NONE', ( #6489, #5512, #3750, #4242 ) ) ;
#9453 = EDGE_CURVE ( 'NONE', #2149, #11569, #9529, .T. ) ;
#9454 = ORIENTED_EDGE ( 'NONE', *, *, #8162, .F. ) ;
#9455 = CARTESIAN_POINT ( 'NONE',  ( -91.34999999999998010, -34.99999999999998579, 5.000000000000000000 ) ) ;
#9456 = LINE ( 'NONE', #2924, #9190 ) ;
#9457 = PLANE ( 'NONE',  #1442 ) ;
#9458 = DIRECTION ( 'NONE',  ( 1.114860845743448580E-16, -1.000000000000000000, 0.000000000000000000 ) ) ;
#9459 = ADVANCED_FACE ( 'NONE', ( #7667 ), #5835, .F. ) ;
#9460 = CARTESIAN_POINT ( 'NONE',  ( 35.41428571428565419, 29.08571428571429252, 18.03098262355292647 ) ) ;
#9461 = CARTESIAN_POINT ( 'NONE',  ( 46.31538568297006009, 20.80000000000000426, -28.53295165380643894 ) ) ;
#9462 = AXIS2_PLACEMENT_3D ( 'NONE', #10566, #6843, #8691 ) ;
#9463 = EDGE_LOOP ( 'NONE', ( #7212, #1886, #8303, #12128, #10300, #9303 ) ) ;
#9464 = ORIENTED_EDGE ( 'NONE', *, *, #5162, .T. ) ;
#9465 = CARTESIAN_POINT ( 'NONE',  ( -87.64999999999997726, -27.00000000000000355, 3.000000000000000000 ) ) ;
#9466 = PLANE ( 'NONE',  #3382 ) ;
#9467 = AXIS2_PLACEMENT_3D ( 'NONE', #7866, #5113, #6777 ) ;
#9468 = CARTESIAN_POINT ( 'NONE',  ( 77.80000000000005400, 19.80000000000003268, 22.99999999999997158 ) ) ;
#9469 = EDGE_CURVE ( 'NONE', #7178, #10838, #4136, .T. ) ;
#9470 = VERTEX_POINT ( 'NONE', #1300 ) ;
#9471 = VECTOR ( 'NONE', #3211, 1000.000000000000000 ) ;
#9472 = CARTESIAN_POINT ( 'NONE',  ( 34.69999999999995310, 21.79999999999998650, 18.44337567297407077 ) ) ;
#9473 = ORIENTED_EDGE ( 'NONE', *, *, #1673, .F. ) ;
#9474 = AXIS2_PLACEMENT_3D ( 'NONE', #1239, #5055, #8875 ) ;
#9475 = ORIENTED_EDGE ( 'NONE', *, *, #2506, .T. ) ;
#9476 = PLANE ( 'NONE',  #7530 ) ;
#9477 = ORIENTED_EDGE ( 'NONE', *, *, #1737, .T. ) ;
#9478 = ADVANCED_FACE ( 'NONE', ( #118 ), #9710, .T. ) ;
#9479 = CARTESIAN_POINT ( 'NONE',  ( 56.80000000000002558, 56.80000000000002558, 6.000000000000000000 ) ) ;
#9480 = PLANE ( 'NONE',  #10433 ) ;
#9481 = ADVANCED_FACE ( 'NONE', ( #5924 ), #2108, .F. ) ;
#9482 = VECTOR ( 'NONE', #87, 1000.000000000000114 ) ;
#9483 = CARTESIAN_POINT ( 'NONE',  ( 74.64198285288148327, -12.95801714711855546, 12.27769290508360100 ) ) ;
#9484 = DIRECTION ( 'NONE',  ( 0.000000000000000000, 0.000000000000000000, -1.000000000000000000 ) ) ;
#9485 = CARTESIAN_POINT ( 'NONE',  ( -89.34999999999998010, 27.00000000000000355, 5.000000000000000000 ) ) ;
#9486 = FACE_OUTER_BOUND ( 'NONE', #3387, .T. ) ;
#9487 = LINE ( 'NONE', #4733, #8264 ) ;
#9488 = VECTOR ( 'NONE', #7222, 1000.000000000000000 ) ;
#9489 = CARTESIAN_POINT ( 'NONE',  ( 87.14999999999994884, 27.00000000000000355, 5.000000000000000000 ) ) ;
#9490 = ORIENTED_EDGE ( 'NONE', *, *, #1210, .T. ) ;
#9491 = CARTESIAN_POINT ( 'NONE',  ( 76.80000000000005400, 9.800000000000007816, 6.000000000000000000 ) ) ;
#9492 = LINE ( 'NONE', #1711, #3228 ) ;
#9493 = PLANE ( 'NONE',  #4606 ) ;
#9494 = PLANE ( 'NONE',  #719 ) ;
#9495 = VECTOR ( 'NONE', #8113, 1000.000000000000000 ) ;
#9496 = CARTESIAN_POINT ( 'NONE',  ( 92.84999999999995168, -29.85000000000004761, 3.000000000000000000 ) ) ;
#9497 = LINE ( 'NONE', #32, #5424 ) ;
#9498 = LINE ( 'NONE', #1907, #6372 ) ;
#9499 = DIRECTION ( 'NONE',  ( -0.6785983445458517727, 0.6785983445458517727, -0.2810846377147973030 ) ) ;
#9500 = ORIENTED_EDGE ( 'NONE', *, *, #316, .F. ) ;
#9501 = DIRECTION ( 'NONE',  ( 0.000000000000000000, 0.000000000000000000, -1.000000000000000000 ) ) ;
#9502 = ADVANCED_FACE ( 'NONE', ( #2997 ), #188, .F. ) ;
#9503 = ORIENTED_EDGE ( 'NONE', *, *, #10435, .T. ) ;
#9504 = EDGE_CURVE ( 'NONE', #8378, #4810, #89, .T. ) ;
#9505 = CARTESIAN_POINT ( 'NONE',  ( 29.87060409057972521, 34.97060409058009611, 10.83932385588787994 ) ) ;
#9506 = CARTESIAN_POINT ( 'NONE',  ( 77.80000000000005400, -21.79999999999995808, 10.00000000000000000 ) ) ;
#9507 = ORIENTED_EDGE ( 'NONE', *, *, #5445, .F. ) ;
#9508 = EDGE_CURVE ( 'NONE', #3104, #3574, #11545, .T. ) ;
#9509 = VERTEX_POINT ( 'NONE', #6766 ) ;
#9510 = EDGE_LOOP ( 'NONE', ( #6982, #11872, #6133, #9798 ) ) ;
#9511 = DIRECTION ( 'NONE',  ( 0.000000000000000000, -0.7071067811865610064, 0.7071067811865340280 ) ) ;
#9512 = DIRECTION ( 'NONE',  ( 0.3535533905932740084, -0.7071067811865476838, 0.6123724356957942483 ) ) ;
#9513 = AXIS2_PLACEMENT_3D ( 'NONE', #4744, #7715, #12351 ) ;
#9514 = CARTESIAN_POINT ( 'NONE',  ( -40.55000000000002558, 29.79999999999997939, 18.87638837486628063 ) ) ;
#9515 = VECTOR ( 'NONE', #11648, 1000.000000000000000 ) ;
#9516 = CARTESIAN_POINT ( 'NONE',  ( -39.55000000000001847, -20.80000000000000071, 14.54626135594409675 ) ) ;
#9517 = DIRECTION ( 'NONE',  ( 0.8660254037844383745, 9.654978140984305281E-17, 0.5000000000000004441 ) ) ;
#9518 = VECTOR ( 'NONE', #7930, 1000.000000000000114 ) ;
#9519 = EDGE_CURVE ( 'NONE', #9917, #1715, #12361, .T. ) ;
#9520 = EDGE_LOOP ( 'NONE', ( #7132, #8534, #11919, #7471, #2405, #11749 ) ) ;
#9521 = DIRECTION ( 'NONE',  ( -0.7071067811865474617, 0.7071067811865474617, -0.000000000000000000 ) ) ;
#9522 = CARTESIAN_POINT ( 'NONE',  ( -20.80000000000003268, 29.80000000000000071, 18.87638837486628063 ) ) ;
#9523 = ORIENTED_EDGE ( 'NONE', *, *, #9038, .T. ) ;
#9524 = VECTOR ( 'NONE', #11101, 1000.000000000000000 ) ;
#9525 = PLANE ( 'NONE',  #1971 ) ;
#9526 = VERTEX_POINT ( 'NONE', #5670 ) ;
#9527 = AXIS2_PLACEMENT_3D ( 'NONE', #6622, #1822, #10523 ) ;
#9528 = CARTESIAN_POINT ( 'NONE',  ( 22.69999999999998508, 30.80000000000002203, 19.02072594216370760 ) ) ;
#9529 = LINE ( 'NONE', #11942, #8666 ) ;
#9530 = CARTESIAN_POINT ( 'NONE',  ( -76.80000000000003979, 21.80000000000001492, 12.74999999999999112 ) ) ;
#9531 = VECTOR ( 'NONE', #8820, 1000.000000000000000 ) ;
#9532 = ORIENTED_EDGE ( 'NONE', *, *, #3029, .F. ) ;
#9533 = CIRCLE ( 'NONE', #3930, 2.000000000000001776 ) ;
#9534 = ORIENTED_EDGE ( 'NONE', *, *, #3235, .F. ) ;
#9535 = CARTESIAN_POINT ( 'NONE',  ( 65.29711431702996549, 20.80000000000000426, 47.65563324412966750 ) ) ;
#9536 = EDGE_LOOP ( 'NONE', ( #1748, #3287, #10046, #4434, #7790 ) ) ;
#9537 = LINE ( 'NONE', #10473, #4489 ) ;
#9538 = LINE ( 'NONE', #1084, #11824 ) ;
#9539 = DIRECTION ( 'NONE',  ( 4.460489939442534521E-16, -0.7071067811865467956, -0.7071067811865483499 ) ) ;
#9540 = AXIS2_PLACEMENT_3D ( 'NONE', #7284, #2734, #1538 ) ;
#9541 = CARTESIAN_POINT ( 'NONE',  ( -2.300000000000038014, 30.80000000000001847, 19.02072594216367918 ) ) ;
#9542 = CARTESIAN_POINT ( 'NONE',  ( 57.50288568297001035, 20.80000000000000426, -9.155633244129656845 ) ) ;
#9543 = AXIS2_PLACEMENT_3D ( 'NONE', #5508, #10275, #11328 ) ;
#9544 = DIRECTION ( 'NONE',  ( 0.000000000000000000, 0.7071067811865721087, 0.7071067811865230368 ) ) ;
#9545 = CARTESIAN_POINT ( 'NONE',  ( -1.300000000000036904, -57.98150098949683695, 15.55662432702593634 ) ) ;
#9546 = ORIENTED_EDGE ( 'NONE', *, *, #15, .T. ) ;
#9547 = ADVANCED_FACE ( 'NONE', ( #11296 ), #2024, .F. ) ;
#9548 = EDGE_CURVE ( 'NONE', #1715, #6265, #5613, .T. ) ;
#9549 = FACE_OUTER_BOUND ( 'NONE', #5522, .T. ) ;
#9550 = DIRECTION ( 'NONE',  ( 0.7071067811865475727, -0.7071067811865475727, 0.000000000000000000 ) ) ;
#9551 = CARTESIAN_POINT ( 'NONE',  ( 77.80000000000005400, 19.80000000000003268, 6.999999999999999112 ) ) ;
#9552 = VECTOR ( 'NONE', #1941, 1000.000000000000000 ) ;
#9553 = PLANE ( 'NONE',  #4525 ) ;
#9554 = LINE ( 'NONE', #10430, #7655 ) ;
#9555 = AXIS2_PLACEMENT_3D ( 'NONE', #4519, #8317, #12135 ) ;
#9556 = ORIENTED_EDGE ( 'NONE', *, *, #1704, .T. ) ;
#9557 = CARTESIAN_POINT ( 'NONE',  ( -86.34999999999998010, 24.15000000000000568, 1.000000000000000000 ) ) ;
#9558 = DIRECTION ( 'NONE',  ( -0.8660254037844383745, -9.654978140984304048E-17, 0.5000000000000004441 ) ) ;
#9559 = DIRECTION ( 'NONE',  ( 0.5773502691896268413, 0.5773502691896268413, -0.5773502691896238437 ) ) ;
#9560 = ORIENTED_EDGE ( 'NONE', *, *, #6554, .F. ) ;
#9561 = EDGE_CURVE ( 'NONE', #505, #3589, #3274, .T. ) ;
#9562 = FACE_OUTER_BOUND ( 'NONE', #3091, .T. ) ;
#9563 = DIRECTION ( 'NONE',  ( -1.301042606982605321E-16, 1.000000000000000000, 0.000000000000000000 ) ) ;
#9564 = VERTEX_POINT ( 'NONE', #4342 ) ;
#9565 = DIRECTION ( 'NONE',  ( 0.000000000000000000, 0.000000000000000000, -1.000000000000000000 ) ) ;
#9566 = DIRECTION ( 'NONE',  ( 0.6546536707079748663, 0.6546536707079818607, -0.3779644730092230898 ) ) ;
#9567 = VERTEX_POINT ( 'NONE', #11902 ) ;
#9568 = ORIENTED_EDGE ( 'NONE', *, *, #11427, .T. ) ;
#9569 = ORIENTED_EDGE ( 'NONE', *, *, #10438, .F. ) ;
#9570 = FACE_BOUND ( 'NONE', #7406, .T. ) ;
#9571 = CARTESIAN_POINT ( 'NONE',  ( -86.34999999999998010, 29.85000000000000142, 3.000000000000000000 ) ) ;
#9572 = LINE ( 'NONE', #1000, #7848 ) ;
#9573 = VECTOR ( 'NONE', #5884, 1000.000000000000000 ) ;
#9574 = EDGE_CURVE ( 'NONE', #2977, #7549, #3335, .T. ) ;
#9575 = ADVANCED_FACE ( 'NONE', ( #8735 ), #4256, .F. ) ;
#9576 = ADVANCED_FACE ( 'NONE', ( #2328 ), #2890, .F. ) ;
#9577 = CARTESIAN_POINT ( 'NONE',  ( -78.80000000000005400, 20.79999999999994387, 26.00000000000000355 ) ) ;
#9578 = CIRCLE ( 'NONE', #8157, 2.000000000000001776 ) ;
#9579 = DIRECTION ( 'NONE',  ( -1.301042606982605321E-16, 1.000000000000000000, 0.000000000000000000 ) ) ;
#9580 = CARTESIAN_POINT ( 'NONE',  ( -24.05000000000003979, 29.80000000000000071, 20.75277674973256836 ) ) ;
#9581 = ORIENTED_EDGE ( 'NONE', *, *, #4770, .T. ) ;
#9582 = VERTEX_POINT ( 'NONE', #11835 ) ;
#9583 = FACE_OUTER_BOUND ( 'NONE', #8783, .T. ) ;
#9584 = DIRECTION ( 'NONE',  ( 1.114860845743448580E-16, -1.000000000000000000, 0.000000000000000000 ) ) ;
#9585 = VERTEX_POINT ( 'NONE', #5211 ) ;
#9586 = PLANE ( 'NONE',  #732 ) ;
#9587 = AXIS2_PLACEMENT_3D ( 'NONE', #11079, #11025, #8210 ) ;
#9588 = CARTESIAN_POINT ( 'NONE',  ( 34.69999999999996021, -57.98150098949683695, 15.55662432702593634 ) ) ;
#9589 = VECTOR ( 'NONE', #1212, 1000.000000000000000 ) ;
#9590 = EDGE_CURVE ( 'NONE', #3574, #9067, #1208, .T. ) ;
#9591 = LINE ( 'NONE', #1018, #4833 ) ;
#9592 = EDGE_CURVE ( 'NONE', #11223, #3460, #2693, .T. ) ;
#9593 = CARTESIAN_POINT ( 'NONE',  ( 93.34999999999999432, -29.85000000000004761, 1.000000000000000000 ) ) ;
#9594 = ADVANCED_FACE ( 'NONE', ( #8325 ), #1495, .T. ) ;
#9595 = ORIENTED_EDGE ( 'NONE', *, *, #11810, .F. ) ;
#9596 = EDGE_CURVE ( 'NONE', #4390, #9939, #1878, .T. ) ;
#9597 = ORIENTED_EDGE ( 'NONE', *, *, #1514, .T. ) ;
#9598 = DIRECTION ( 'NONE',  ( 1.261617073437676865E-15, -1.000000000000000000, 0.000000000000000000 ) ) ;
#9599 = VECTOR ( 'NONE', #700, 1000.000000000000114 ) ;
#9600 = VERTEX_POINT ( 'NONE', #2049 ) ;
#9601 = AXIS2_PLACEMENT_3D ( 'NONE', #5134, #1198, #378 ) ;
#9602 = AXIS2_PLACEMENT_3D ( 'NONE', #4650, #7622, #10449 ) ;
#9603 = CARTESIAN_POINT ( 'NONE',  ( 62.00288568297003877, -20.79999999999999005, -1.361404610069717025 ) ) ;
#9604 = DIRECTION ( 'NONE',  ( 0.000000000000000000, 0.000000000000000000, 1.000000000000000000 ) ) ;
#9605 = DIRECTION ( 'NONE',  ( -0.7071067811865474617, -7.883256641045617917E-17, 0.7071067811865474617 ) ) ;
#9606 = EDGE_CURVE ( 'NONE', #11392, #1898, #8825, .T. ) ;
#9607 = CARTESIAN_POINT ( 'NONE',  ( -19.79999999999999716, 30.80000000000001492, 14.54626135594407721 ) ) ;
#9608 = CARTESIAN_POINT ( 'NONE',  ( -76.80000000000002558, -57.98150098949685116, 12.74999999999999112 ) ) ;
#9609 = AXIS2_PLACEMENT_3D ( 'NONE', #4185, #10872, #6095 ) ;
#9610 = LINE ( 'NONE', #6005, #5231 ) ;
#9611 = CARTESIAN_POINT ( 'NONE',  ( 91.34999999999998010, -34.99999999999998579, 0.4999999999999831246 ) ) ;
#9612 = EDGE_LOOP ( 'NONE', ( #7290, #7454, #1168, #10364, #5816, #10468 ) ) ;
#9613 = ORIENTED_EDGE ( 'NONE', *, *, #7954, .F. ) ;
#9614 = LINE ( 'NONE', #7845, #11965 ) ;
#9615 = DIRECTION ( 'NONE',  ( 1.301042606982605321E-16, -1.000000000000000000, 0.000000000000000000 ) ) ;
#9616 = DIRECTION ( 'NONE',  ( -0.7071067811865474617, -0.7071067811865474617, -0.000000000000000000 ) ) ;
#9617 = ORIENTED_EDGE ( 'NONE', *, *, #5329, .F. ) ;
#9618 = DIRECTION ( 'NONE',  ( -0.000000000000000000, -0.000000000000000000, 1.000000000000000000 ) ) ;
#9619 = AXIS2_PLACEMENT_3D ( 'NONE', #10874, #11564, #6344 ) ;
#9620 = VECTOR ( 'NONE', #7725, 1000.000000000000000 ) ;
#9621 = EDGE_CURVE ( 'NONE', #6369, #11736, #9181, .T. ) ;
#9622 = LINE ( 'NONE', #7413, #3833 ) ;
#9623 = CARTESIAN_POINT ( 'NONE',  ( 82.30000000000003979, 29.80000000000002913, 25.50000000000000355 ) ) ;
#9624 = VECTOR ( 'NONE', #5886, 1000.000000000000000 ) ;
#9625 = AXIS2_PLACEMENT_3D ( 'NONE', #8282, #789, #6576 ) ;
#9626 = CARTESIAN_POINT ( 'NONE',  ( -24.55000000000003624, -24.79999999999999716, 14.11324865405186202 ) ) ;
#9627 = ORIENTED_EDGE ( 'NONE', *, *, #2432, .F. ) ;
#9628 = DIRECTION ( 'NONE',  ( -1.301042606982605321E-16, 1.000000000000000000, -0.000000000000000000 ) ) ;
#9629 = ORIENTED_EDGE ( 'NONE', *, *, #9596, .F. ) ;
#9630 = DIRECTION ( 'NONE',  ( -0.7071067811865477948, 0.7071067811865473507, -5.311484201212953279E-17 ) ) ;
#9631 = CARTESIAN_POINT ( 'NONE',  ( 93.34999999999999432, -23.64999999999997726, 1.000000000000000000 ) ) ;
#9632 = ORIENTED_EDGE ( 'NONE', *, *, #11891, .T. ) ;
#9633 = ORIENTED_EDGE ( 'NONE', *, *, #5431, .T. ) ;
#9634 = VECTOR ( 'NONE', #2647, 1000.000000000000000 ) ;
#9635 = AXIS2_PLACEMENT_3D ( 'NONE', #11478, #2895, #8723 ) ;
#9636 = AXIS2_PLACEMENT_3D ( 'NONE', #9098, #5472, #3411 ) ;
#9637 = VERTEX_POINT ( 'NONE', #739 ) ;
#9638 = CARTESIAN_POINT ( 'NONE',  ( 57.50288568297001035, 20.80000000000000426, -9.155633244129656845 ) ) ;
#9639 = CARTESIAN_POINT ( 'NONE',  ( 87.14999999999997726, -27.00000000000000355, 0.000000000000000000 ) ) ;
#9640 = LINE ( 'NONE', #3755, #2794 ) ;
#9641 = PLANE ( 'NONE',  #9867 ) ;
#9642 = DIRECTION ( 'NONE',  ( 1.000000000000000000, 1.114860845743448580E-16, 0.000000000000000000 ) ) ;
#9643 = PLANE ( 'NONE',  #9772 ) ;
#9644 = VECTOR ( 'NONE', #7261, 1000.000000000000000 ) ;
#9645 = CARTESIAN_POINT ( 'NONE',  ( -91.05000000000001137, 27.00000000000000355, 5.000000000000000000 ) ) ;
#9646 = DIRECTION ( 'NONE',  ( 0.5773502691896260641, -0.5773502691896260641, -0.5773502691896251759 ) ) ;
#9647 = EDGE_LOOP ( 'NONE', ( #9338, #1467, #5635, #1856 ) ) ;
#9648 = LINE ( 'NONE', #307, #12179 ) ;
#9649 = ORIENTED_EDGE ( 'NONE', *, *, #1837, .T. ) ;
#9650 = EDGE_LOOP ( 'NONE', ( #6603, #1424, #9998, #8976 ) ) ;
#9651 = EDGE_CURVE ( 'NONE', #4890, #3204, #4564, .T. ) ;
#9652 = VERTEX_POINT ( 'NONE', #9162 ) ;
#9653 = EDGE_CURVE ( 'NONE', #10287, #11429, #4488, .T. ) ;
#9654 = DIRECTION ( 'NONE',  ( 0.000000000000000000, 0.000000000000000000, 1.000000000000000000 ) ) ;
#9655 = DIRECTION ( 'NONE',  ( 0.000000000000000000, 0.7071067811865512365, 0.7071067811865439090 ) ) ;
#9656 = DIRECTION ( 'NONE',  ( -1.301042606982605321E-16, 1.000000000000000000, -0.000000000000000000 ) ) ;
#9657 = ORIENTED_EDGE ( 'NONE', *, *, #5716, .F. ) ;
#9658 = EDGE_LOOP ( 'NONE', ( #9981, #1513 ) ) ;
#9659 = DIRECTION ( 'NONE',  ( 0.7071067811865485719, 8.920979878885090735E-16, -0.7071067811865465735 ) ) ;
#9660 = FACE_OUTER_BOUND ( 'NONE', #8584, .T. ) ;
#9661 = ORIENTED_EDGE ( 'NONE', *, *, #9653, .F. ) ;
#9662 = EDGE_CURVE ( 'NONE', #7916, #1610, #8222, .T. ) ;
#9663 = EDGE_CURVE ( 'NONE', #11429, #2058, #3825, .T. ) ;
#9664 = DIRECTION ( 'NONE',  ( 0.000000000000000000, 0.000000000000000000, -1.000000000000000000 ) ) ;
#9665 = CARTESIAN_POINT ( 'NONE',  ( 0.000000000000000000, 0.000000000000000000, 1.000000000000000000 ) ) ;
#9666 = ADVANCED_FACE ( 'NONE', ( #5287 ), #7077, .T. ) ;
#9667 = CARTESIAN_POINT ( 'NONE',  ( 76.80000000000008242, 20.80000000000000426, 22.99999999999997158 ) ) ;
#9668 = CARTESIAN_POINT ( 'NONE',  ( 81.80000000000003979, 31.80000000000002913, 6.000000000000000000 ) ) ;
#9669 = FACE_BOUND ( 'NONE', #9658, .T. ) ;
#9670 = ORIENTED_EDGE ( 'NONE', *, *, #10133, .F. ) ;
#9671 = DIRECTION ( 'NONE',  ( 1.114860845743448580E-16, -1.000000000000000000, 0.000000000000000000 ) ) ;
#9672 = VECTOR ( 'NONE', #3140, 1000.000000000000000 ) ;
#9673 = LINE ( 'NONE', #11596, #11755 ) ;
#9674 = EDGE_CURVE ( 'NONE', #8944, #4890, #4358, .T. ) ;
#9675 = DIRECTION ( 'NONE',  ( -0.8660254037844383745, -9.654978140984305281E-17, 0.5000000000000004441 ) ) ;
#9676 = DIRECTION ( 'NONE',  ( -0.3535533905932713439, -0.7071067811865530128, 0.6123724356957896964 ) ) ;
#9677 = ADVANCED_FACE ( 'NONE', ( #10913 ), #2331, .F. ) ;
#9678 = ORIENTED_EDGE ( 'NONE', *, *, #11595, .F. ) ;
#9679 = DIRECTION ( 'NONE',  ( -1.000000000000000000, -1.114860845743448580E-16, 0.000000000000000000 ) ) ;
#9680 = CYLINDRICAL_SURFACE ( 'NONE', #10595, 2.000000000000001776 ) ;
#9681 = LINE ( 'NONE', #9626, #1601 ) ;
#9682 = ORIENTED_EDGE ( 'NONE', *, *, #2098, .T. ) ;
#9683 = ORIENTED_EDGE ( 'NONE', *, *, #4985, .F. ) ;
#9684 = EDGE_CURVE ( 'NONE', #6119, #4009, #11037, .T. ) ;
#9685 = CARTESIAN_POINT ( 'NONE',  ( 92.84999999999998010, -24.15000000000000568, 1.000000000000000000 ) ) ;
#9686 = FACE_OUTER_BOUND ( 'NONE', #5111, .T. ) ;
#9687 = ORIENTED_EDGE ( 'NONE', *, *, #54, .F. ) ;
#9688 = EDGE_LOOP ( 'NONE', ( #8457, #6217, #11337, #2 ) ) ;
#9689 = ORIENTED_EDGE ( 'NONE', *, *, #2492, .F. ) ;
#9690 = DIRECTION ( 'NONE',  ( -0.8660254037844383745, -9.654978140984305281E-17, 0.5000000000000004441 ) ) ;
#9691 = CARTESIAN_POINT ( 'NONE',  ( -2.300000000000011813, -20.79999999999999716, 19.02072594216368628 ) ) ;
#9692 = DIRECTION ( 'NONE',  ( -0.8660254037844383745, -1.088633767200839306E-16, 0.5000000000000004441 ) ) ;
#9693 = DIRECTION ( 'NONE',  ( -0.000000000000000000, -0.000000000000000000, -1.000000000000000000 ) ) ;
#9694 = LINE ( 'NONE', #3183, #7792 ) ;
#9695 = DIRECTION ( 'NONE',  ( -1.301042606982605321E-16, 1.000000000000000000, -0.000000000000000000 ) ) ;
#9696 = DIRECTION ( 'NONE',  ( 0.8660254037844397068, 0.000000000000000000, 0.4999999999999980571 ) ) ;
#9697 = CARTESIAN_POINT ( 'NONE',  ( -76.80000000000003979, 21.80000000000001492, 12.74999999999999112 ) ) ;
#9698 = CARTESIAN_POINT ( 'NONE',  ( 76.80000000000008242, 21.79999999999997939, 22.00000000000000355 ) ) ;
#9699 = ADVANCED_FACE ( 'NONE', ( #4549 ), #9033, .F. ) ;
#9700 = ORIENTED_EDGE ( 'NONE', *, *, #2059, .F. ) ;
#9701 = EDGE_CURVE ( 'NONE', #8228, #4031, #2462, .T. ) ;
#9702 = FACE_OUTER_BOUND ( 'NONE', #6272, .T. ) ;
#9703 = CARTESIAN_POINT ( 'NONE',  ( 92.85000000000000853, 29.85000000000004761, 1.000000000000000000 ) ) ;
#9704 = ORIENTED_EDGE ( 'NONE', *, *, #3933, .F. ) ;
#9705 = ORIENTED_EDGE ( 'NONE', *, *, #11345, .F. ) ;
#9706 = ORIENTED_EDGE ( 'NONE', *, *, #7378, .T. ) ;
#9707 = FACE_BOUND ( 'NONE', #5398, .T. ) ;
#9708 = ORIENTED_EDGE ( 'NONE', *, *, #3606, .T. ) ;
#9709 = CARTESIAN_POINT ( 'NONE',  ( 77.80000000000005400, 21.79999999999997939, 10.99999999999997335 ) ) ;
#9710 = PLANE ( 'NONE',  #1659 ) ;
#9711 = ORIENTED_EDGE ( 'NONE', *, *, #4233, .T. ) ;
#9712 = DIRECTION ( 'NONE',  ( 0.000000000000000000, -0.7071067811865466846, -0.7071067811865483499 ) ) ;
#9713 = PLANE ( 'NONE',  #9601 ) ;
#9714 = VECTOR ( 'NONE', #997, 1000.000000000000000 ) ;
#9715 = CARTESIAN_POINT ( 'NONE',  ( 86.34999999999998010, -29.85000000000004405, 1.000000000000000000 ) ) ;
#9716 = ORIENTED_EDGE ( 'NONE', *, *, #327, .T. ) ;
#9717 = ORIENTED_EDGE ( 'NONE', *, *, #10843, .T. ) ;
#9718 = DIRECTION ( 'NONE',  ( -0.6546536707079817496, 0.6546536707079705364, 0.3779644730092306948 ) ) ;
#9719 = ADVANCED_FACE ( 'NONE', ( #3469 ), #11858, .F. ) ;
#9720 = AXIS2_PLACEMENT_3D ( 'NONE', #6091, #1240, #9943 ) ;
#9721 = ORIENTED_EDGE ( 'NONE', *, *, #5264, .F. ) ;
#9722 = VECTOR ( 'NONE', #10122, 1000.000000000000000 ) ;
#9723 = ORIENTED_EDGE ( 'NONE', *, *, #9046, .T. ) ;
#9724 = CARTESIAN_POINT ( 'NONE',  ( 19.19999999999997442, -11.34368162370570055, 34.27006888127881012 ) ) ;
#9725 = AXIS2_PLACEMENT_3D ( 'NONE', #9638, #6839, #9690 ) ;
#9726 = ORIENTED_EDGE ( 'NONE', *, *, #6050, .F. ) ;
#9727 = DIRECTION ( 'NONE',  ( -0.8660254037844383745, -9.654978140984305281E-17, 0.5000000000000003331 ) ) ;
#9728 = VECTOR ( 'NONE', #10023, 1000.000000000000000 ) ;
#9729 = DIRECTION ( 'NONE',  ( 0.8660254037844381525, 0.000000000000000000, -0.5000000000000007772 ) ) ;
#9730 = EDGE_CURVE ( 'NONE', #11585, #10638, #9988, .T. ) ;
#9731 = FACE_OUTER_BOUND ( 'NONE', #9793, .T. ) ;
#9732 = EDGE_CURVE ( 'NONE', #3202, #11631, #7526, .T. ) ;
#9733 = ORIENTED_EDGE ( 'NONE', *, *, #7761, .F. ) ;
#9734 = LINE ( 'NONE', #1149, #6002 ) ;
#9735 = EDGE_LOOP ( 'NONE', ( #11940, #1458, #5291, #11011 ) ) ;
#9736 = LINE ( 'NONE', #141, #6741 ) ;
#9737 = EDGE_CURVE ( 'NONE', #985, #6630, #8544, .T. ) ;
#9738 = DIRECTION ( 'NONE',  ( -1.000000000000000000, 0.000000000000000000, 0.000000000000000000 ) ) ;
#9739 = VERTEX_POINT ( 'NONE', #5769 ) ;
#9740 = AXIS2_PLACEMENT_3D ( 'NONE', #8683, #156, #11440 ) ;
#9741 = DIRECTION ( 'NONE',  ( 0.000000000000000000, 0.7071067811865462405, 0.7071067811865487940 ) ) ;
#9742 = AXIS2_PLACEMENT_3D ( 'NONE', #3891, #7831, #2835 ) ;
#9743 = VERTEX_POINT ( 'NONE', #11415 ) ;
#9744 = CARTESIAN_POINT ( 'NONE',  ( 92.84999999999998010, 24.15000000000000568, 3.000000000000000000 ) ) ;
#9745 = LINE ( 'NONE', #10734, #11992 ) ;
#9746 = EDGE_CURVE ( 'NONE', #9843, #9788, #1895, .T. ) ;
#9747 = VECTOR ( 'NONE', #851, 1000.000000000000114 ) ;
#9748 = DIRECTION ( 'NONE',  ( -0.8660254037844383745, -1.088633767200839553E-16, 0.5000000000000004441 ) ) ;
#9749 = EDGE_LOOP ( 'NONE', ( #456, #6122, #8441, #8836 ) ) ;
#9750 = ORIENTED_EDGE ( 'NONE', *, *, #7539, .F. ) ;
#9751 = EDGE_CURVE ( 'NONE', #5053, #486, #5714, .T. ) ;
#9752 = EDGE_CURVE ( 'NONE', #9351, #1489, #9487, .T. ) ;
#9753 = DIRECTION ( 'NONE',  ( -0.7071067811865475727, 0.7071067811865475727, 0.000000000000000000 ) ) ;
#9754 = EDGE_LOOP ( 'NONE', ( #9161, #6028, #2195, #11183 ) ) ;
#9755 = AXIS2_PLACEMENT_3D ( 'NONE', #11386, #10206, #1746 ) ;
#9756 = ORIENTED_EDGE ( 'NONE', *, *, #2075, .T. ) ;
#9757 = VECTOR ( 'NONE', #2528, 1000.000000000000000 ) ;
#9758 = ORIENTED_EDGE ( 'NONE', *, *, #11095, .F. ) ;
#9759 = DIRECTION ( 'NONE',  ( 0.8660254037844387076, 9.654978140984308979E-17, -0.4999999999999998335 ) ) ;
#9760 = DIRECTION ( 'NONE',  ( -4.956352788505159323E-16, 1.000000000000000000, 0.000000000000000000 ) ) ;
#9761 = CARTESIAN_POINT ( 'NONE',  ( -59.44711431702997828, 30.80000000000001137, 66.44838450625194071 ) ) ;
#9762 = EDGE_CURVE ( 'NONE', #6830, #11518, #12345, .T. ) ;
#9763 = DIRECTION ( 'NONE',  ( 0.6546536707079797512, -0.6546536707079706474, 0.3779644730092340255 ) ) ;
#9764 = CARTESIAN_POINT ( 'NONE',  ( -60.30000000000003979, 29.79999999999997939, 12.74999999999998934 ) ) ;
#9765 = LINE ( 'NONE', #8814, #5207 ) ;
#9766 = FACE_OUTER_BOUND ( 'NONE', #10909, .T. ) ;
#9767 = CARTESIAN_POINT ( 'NONE',  ( 91.34999999999998010, 35.00000000000000711, 5.000000000000000000 ) ) ;
#9768 = VERTEX_POINT ( 'NONE', #3783 ) ;
#9769 = LINE ( 'NONE', #1246, #11586 ) ;
#9770 = VERTEX_POINT ( 'NONE', #10297 ) ;
#9771 = LINE ( 'NONE', #6853, #8718 ) ;
#9772 = AXIS2_PLACEMENT_3D ( 'NONE', #4769, #11685, #9696 ) ;
#9773 = VERTEX_POINT ( 'NONE', #6639 ) ;
#9774 = LINE ( 'NONE', #8827, #6238 ) ;
#9775 = PRODUCT_RELATED_PRODUCT_CATEGORY ( 'detail', '', ( #5429 ) ) ;
#9776 = DIRECTION ( 'NONE',  ( -0.7071067811865389130, 0.7071067811865561215, -0.000000000000000000 ) ) ;
#9777 = ADVANCED_FACE ( 'NONE', ( #11477 ), #11220, .T. ) ;
#9778 = AXIS2_PLACEMENT_3D ( 'NONE', #5928, #8830, #320 ) ;
#9779 = LINE ( 'NONE', #10762, #3206 ) ;
#9780 = CARTESIAN_POINT ( 'NONE',  ( 81.80000000000005400, 8.800000000000009592, 6.999999999999999112 ) ) ;
#9781 = ORIENTED_EDGE ( 'NONE', *, *, #3397, .F. ) ;
#9782 = ORIENTED_EDGE ( 'NONE', *, *, #3346, .F. ) ;
#9783 = ORIENTED_EDGE ( 'NONE', *, *, #922, .T. ) ;
#9784 = VERTEX_POINT ( 'NONE', #970 ) ;
#9785 = AXIS2_PLACEMENT_3D ( 'NONE', #5517, #6312, #645 ) ;
#9786 = VECTOR ( 'NONE', #9935, 1000.000000000000000 ) ;
#9787 = AXIS2_PLACEMENT_3D ( 'NONE', #3997, #4768, #4708 ) ;
#9788 = VERTEX_POINT ( 'NONE', #11282 ) ;
#9789 = FACE_OUTER_BOUND ( 'NONE', #3073, .T. ) ;
#9790 = ADVANCED_FACE ( 'NONE', ( #8605 ), #5593, .F. ) ;
#9791 = DIRECTION ( 'NONE',  ( 0.000000000000000000, 0.000000000000000000, 1.000000000000000000 ) ) ;
#9792 = LINE ( 'NONE', #1323, #577 ) ;
#9793 = EDGE_LOOP ( 'NONE', ( #8365, #576, #3902, #11307 ) ) ;
#9794 = VECTOR ( 'NONE', #7215, 1000.000000000000000 ) ;
#9795 = DIRECTION ( 'NONE',  ( -0.000000000000000000, -0.000000000000000000, -1.000000000000000000 ) ) ;
#9796 = AXIS2_PLACEMENT_3D ( 'NONE', #5979, #1932, #10755 ) ;
#9797 = VECTOR ( 'NONE', #4993, 1000.000000000000227 ) ;
#9798 = ORIENTED_EDGE ( 'NONE', *, *, #9038, .F. ) ;
#9799 = PLANE ( 'NONE',  #7324 ) ;
#9800 = CARTESIAN_POINT ( 'NONE',  ( -21.72857142857146684, 28.87142857142858432, 15.65972258938121797 ) ) ;
#9801 = ORIENTED_EDGE ( 'NONE', *, *, #6130, .F. ) ;
#9802 = CARTESIAN_POINT ( 'NONE',  ( 86.34999999999998010, 29.85000000000004405, 3.000000000000000000 ) ) ;
#9803 = ORIENTED_EDGE ( 'NONE', *, *, #12173, .F. ) ;
#9804 = ADVANCED_FACE ( 'NONE', ( #12278 ), #784, .F. ) ;
#9805 = EDGE_CURVE ( 'NONE', #5841, #11739, #7461, .T. ) ;
#9806 = VECTOR ( 'NONE', #4827, 1000.000000000000000 ) ;
#9807 = VECTOR ( 'NONE', #10901, 1000.000000000000227 ) ;
#9808 = ORIENTED_EDGE ( 'NONE', *, *, #1243, .F. ) ;
#9809 = EDGE_CURVE ( 'NONE', #6369, #11760, #2711, .T. ) ;
#9810 = CARTESIAN_POINT ( 'NONE',  ( -81.80000000000002558, -30.30000000000002913, 25.50000000000000355 ) ) ;
#9811 = LINE ( 'NONE', #6076, #4999 ) ;
#9812 = DIRECTION ( 'NONE',  ( 0.5000000000000001110, 6.505213034913026604E-17, -0.8660254037844385966 ) ) ;
#9813 = ORIENTED_EDGE ( 'NONE', *, *, #11427, .F. ) ;
#9814 = VERTEX_POINT ( 'NONE', #10479 ) ;
#9815 = AXIS2_PLACEMENT_3D ( 'NONE', #249, #176, #5187 ) ;
#9816 = DIRECTION ( 'NONE',  ( 0.000000000000000000, -0.7071067811865487940, 0.7071067811865463515 ) ) ;
#9817 = AXIS2_PLACEMENT_3D ( 'NONE', #11729, #9812, #10736 ) ;
#9818 = DIRECTION ( 'NONE',  ( 0.5773502691896253980, 0.5773502691896255090, -0.5773502691896265082 ) ) ;
#9819 = EDGE_LOOP ( 'NONE', ( #5369, #2993 ) ) ;
#9820 = ADVANCED_FACE ( 'NONE', ( #4794 ), #6518, .T. ) ;
#9821 = EDGE_CURVE ( 'NONE', #2605, #11916, #2893, .T. ) ;
#9822 = ORIENTED_EDGE ( 'NONE', *, *, #10396, .F. ) ;
#9823 = EDGE_LOOP ( 'NONE', ( #11227, #11457, #8446, #9010, #8068, #8678 ) ) ;
#9824 = PLANE ( 'NONE',  #9725 ) ;
#9825 = EDGE_CURVE ( 'NONE', #9526, #11578, #6697, .T. ) ;
#9826 = CARTESIAN_POINT ( 'NONE',  ( -43.80000000000036664, -0.1777469477233541151, -14.02940506692727141 ) ) ;
#9827 = FACE_OUTER_BOUND ( 'NONE', #12112, .T. ) ;
#9828 = VECTOR ( 'NONE', #956, 1000.000000000000114 ) ;
#9829 = CARTESIAN_POINT ( 'NONE',  ( -82.80000000000003979, 29.80000000000000782, 6.999999999999999112 ) ) ;
#9830 = EDGE_CURVE ( 'NONE', #2219, #8376, #9394, .T. ) ;
#9831 = VECTOR ( 'NONE', #2522, 1000.000000000000114 ) ;
#9832 = DIRECTION ( 'NONE',  ( 0.3535533905932778942, 0.7071067811865398012, 0.6123724356958012427 ) ) ;
#9833 = LINE ( 'NONE', #170, #9806 ) ;
#9834 = DIRECTION ( 'NONE',  ( 0.000000000000000000, -1.000000000000000000, 0.000000000000000000 ) ) ;
#9835 = LINE ( 'NONE', #3049, #3615 ) ;
#9836 = CARTESIAN_POINT ( 'NONE',  ( 77.13333333333338260, 20.46666666666668988, 24.66666666666668917 ) ) ;
#9837 = ORIENTED_EDGE ( 'NONE', *, *, #5529, .F. ) ;
#9838 = CARTESIAN_POINT ( 'NONE',  ( -40.55000000000001847, -21.80000000000000071, 18.87638837486628063 ) ) ;
#9839 = VECTOR ( 'NONE', #610, 1000.000000000000000 ) ;
#9840 = ORIENTED_EDGE ( 'NONE', *, *, #1461, .T. ) ;
#9841 = EDGE_CURVE ( 'NONE', #9933, #10080, #2777, .T. ) ;
#9842 = CARTESIAN_POINT ( 'NONE',  ( -24.05000000000005045, 20.79999999999999716, 12.09252271188817929 ) ) ;
#9843 = VERTEX_POINT ( 'NONE', #3212 ) ;
#9844 = EDGE_CURVE ( 'NONE', #240, #4601, #9858, .T. ) ;
#9845 = CARTESIAN_POINT ( 'NONE',  ( 77.80000000000005400, 9.800000000000007816, 26.00000000000000355 ) ) ;
#9846 = AXIS2_PLACEMENT_3D ( 'NONE', #4904, #3720, #3779 ) ;
#9847 = VECTOR ( 'NONE', #4637, 1000.000000000000000 ) ;
#9848 = CARTESIAN_POINT ( 'NONE',  ( -91.34999999999998010, 33.00000000000000000, 5.000000000000000000 ) ) ;
#9849 = EDGE_LOOP ( 'NONE', ( #10337, #231, #3439, #3195 ) ) ;
#9850 = ORIENTED_EDGE ( 'NONE', *, *, #4918, .T. ) ;
#9851 = CARTESIAN_POINT ( 'NONE',  ( -91.34999999999998010, 33.00000000000000000, 4.500000000000018652 ) ) ;
#9852 = ORIENTED_EDGE ( 'NONE', *, *, #11475, .T. ) ;
#9853 = VERTEX_POINT ( 'NONE', #333 ) ;
#9854 = CARTESIAN_POINT ( 'NONE',  ( 93.35000000000000853, -23.64999999999997726, 5.000000000000000000 ) ) ;
#9855 = EDGE_LOOP ( 'NONE', ( #10620, #2715, #2824, #2335 ) ) ;
#9856 = DIRECTION ( 'NONE',  ( 0.000000000000000000, 0.000000000000000000, -1.000000000000000000 ) ) ;
#9857 = DIRECTION ( 'NONE',  ( 0.000000000000000000, 0.000000000000000000, -1.000000000000000000 ) ) ;
#9858 = LINE ( 'NONE', #4907, #3987 ) ;
#9859 = DIRECTION ( 'NONE',  ( 0.000000000000000000, 0.000000000000000000, 1.000000000000000000 ) ) ;
#9860 = ORIENTED_EDGE ( 'NONE', *, *, #9886, .T. ) ;
#9861 = AXIS2_PLACEMENT_3D ( 'NONE', #8660, #8716, #1835 ) ;
#9862 = LINE ( 'NONE', #339, #4213 ) ;
#9863 = EDGE_LOOP ( 'NONE', ( #11752, #6926, #4876, #9477 ) ) ;
#9864 = FACE_OUTER_BOUND ( 'NONE', #4735, .T. ) ;
#9865 = DIRECTION ( 'NONE',  ( -1.000000000000000000, 0.000000000000000000, 0.000000000000000000 ) ) ;
#9866 = ORIENTED_EDGE ( 'NONE', *, *, #6653, .F. ) ;
#9867 = AXIS2_PLACEMENT_3D ( 'NONE', #1290, #1058, #11561 ) ;
#9868 = ADVANCED_FACE ( 'NONE', ( #6750 ), #5939, .F. ) ;
#9869 = EDGE_CURVE ( 'NONE', #3889, #7332, #135, .T. ) ;
#9870 = DIRECTION ( 'NONE',  ( -1.301042606982605321E-16, 1.000000000000000000, -0.000000000000000000 ) ) ;
#9871 = DIRECTION ( 'NONE',  ( -0.5773502691896258421, -0.5773502691896258421, 0.5773502691896258421 ) ) ;
#9872 = ORIENTED_EDGE ( 'NONE', *, *, #4303, .F. ) ;
#9873 = ORIENTED_EDGE ( 'NONE', *, *, #2970, .F. ) ;
#9874 = CARTESIAN_POINT ( 'NONE',  ( 15.69999999999993001, 20.80000000000000071, 19.02072594216370760 ) ) ;
#9875 = EDGE_CURVE ( 'NONE', #4260, #2931, #2010, .T. ) ;
#9876 = ORIENTED_EDGE ( 'NONE', *, *, #318, .F. ) ;
#9877 = AXIS2_PLACEMENT_3D ( 'NONE', #6569, #2888, #3654 ) ;
#9878 = DIRECTION ( 'NONE',  ( -1.000000000000000000, 0.000000000000000000, 0.000000000000000000 ) ) ;
#9879 = ORIENTED_EDGE ( 'NONE', *, *, #3516, .T. ) ;
#9880 = VERTEX_POINT ( 'NONE', #9668 ) ;
#9881 = FACE_OUTER_BOUND ( 'NONE', #1245, .T. ) ;
#9882 = DIRECTION ( 'NONE',  ( 0.000000000000000000, 0.000000000000000000, 1.000000000000000000 ) ) ;
#9883 = FACE_OUTER_BOUND ( 'NONE', #2599, .T. ) ;
#9884 = CARTESIAN_POINT ( 'NONE',  ( -81.80000000000005400, 5.160013830360102328E-14, 26.00000000000000355 ) ) ;
#9885 = LINE ( 'NONE', #11619, #12039 ) ;
#9886 = EDGE_CURVE ( 'NONE', #8335, #9743, #10597, .T. ) ;
#9887 = EDGE_CURVE ( 'NONE', #7901, #6819, #2192, .T. ) ;
#9888 = PLANE ( 'NONE',  #7627 ) ;
#9889 = VERTEX_POINT ( 'NONE', #8844 ) ;
#9890 = ADVANCED_FACE ( 'NONE', ( #8720 ), #10845, .F. ) ;
#9891 = DIRECTION ( 'NONE',  ( -0.6546536707079766426, 0.6546536707079766426, -0.3779644730092286964 ) ) ;
#9892 = VERTEX_POINT ( 'NONE', #6813 ) ;
#9893 = DIRECTION ( 'NONE',  ( 0.8660254037844383745, 9.654978140984305281E-17, 0.5000000000000003331 ) ) ;
#9894 = VERTEX_POINT ( 'NONE', #10658 ) ;
#9895 = CARTESIAN_POINT ( 'NONE',  ( -47.05000000000003979, 29.79999999999997939, 18.87638837486628418 ) ) ;
#9896 = VECTOR ( 'NONE', #8237, 999.9999999999998863 ) ;
#9897 = EDGE_LOOP ( 'NONE', ( #8181, #1337, #3105, #4505, #2735, #8350 ) ) ;
#9898 = CARTESIAN_POINT ( 'NONE',  ( 81.80000000000005400, -30.80000000000000782, 6.999999999999999112 ) ) ;
#9899 = DIRECTION ( 'NONE',  ( 0.5773502691896260641, 0.8164965809277258124, -0.000000000000000000 ) ) ;
#9900 = DIRECTION ( 'NONE',  ( -0.000000000000000000, 1.000000000000000000, -0.000000000000000000 ) ) ;
#9901 = ORIENTED_EDGE ( 'NONE', *, *, #6213, .T. ) ;
#9902 = VERTEX_POINT ( 'NONE', #7708 ) ;
#9903 = ADVANCED_FACE ( 'NONE', ( #274 ), #78, .T. ) ;
#9904 = LINE ( 'NONE', #3327, #7515 ) ;
#9905 = ORIENTED_EDGE ( 'NONE', *, *, #6526, .F. ) ;
#9906 = EDGE_LOOP ( 'NONE', ( #263, #1672, #3421, #9852 ) ) ;
#9907 = AXIS2_PLACEMENT_3D ( 'NONE', #7837, #9856, #6695 ) ;
#9908 = VECTOR ( 'NONE', #6572, 1000.000000000000000 ) ;
#9909 = ORIENTED_EDGE ( 'NONE', *, *, #264, .F. ) ;
#9910 = CARTESIAN_POINT ( 'NONE',  ( -75.80000000000001137, 20.79999999999999005, 11.74999999999996270 ) ) ;
#9911 = CARTESIAN_POINT ( 'NONE',  ( -92.84999999999999432, 24.15000000000000568, 1.000000000000000000 ) ) ;
#9912 = DIRECTION ( 'NONE',  ( -0.8660254037844385966, -9.654978140984307746E-17, 0.4999999999999999445 ) ) ;
#9913 = DIRECTION ( 'NONE',  ( 0.6546536707079744222, -0.6546536707079810835, 0.3779644730092252547 ) ) ;
#9914 = EDGE_CURVE ( 'NONE', #9600, #8747, #6058, .T. ) ;
#9915 = AXIS2_PLACEMENT_3D ( 'NONE', #219, #4968, #4040 ) ;
#9916 = ORIENTED_EDGE ( 'NONE', *, *, #8401, .T. ) ;
#9917 = VERTEX_POINT ( 'NONE', #1146 ) ;
#9918 = FACE_OUTER_BOUND ( 'NONE', #180, .T. ) ;
#9919 = FACE_OUTER_BOUND ( 'NONE', #7213, .T. ) ;
#9920 = EDGE_LOOP ( 'NONE', ( #311, #1048, #3422, #1408 ) ) ;
#9921 = CARTESIAN_POINT ( 'NONE',  ( 76.80000000000008242, -24.79999999999998650, 10.00000000000000000 ) ) ;
#9922 = ORIENTED_EDGE ( 'NONE', *, *, #3252, .T. ) ;
#9923 = VERTEX_POINT ( 'NONE', #2064 ) ;
#9924 = VECTOR ( 'NONE', #4872, 1000.000000000000000 ) ;
#9925 = LINE ( 'NONE', #10230, #7209 ) ;
#9926 = FACE_OUTER_BOUND ( 'NONE', #761, .T. ) ;
#9927 = LINE ( 'NONE', #11663, #1336 ) ;
#9929 = CONICAL_SURFACE ( 'NONE', #5904, 2.000000000000001776, 0.7853981633974587151 ) ;
#9928 = CARTESIAN_POINT ( 'NONE',  ( -91.34999999999998010, 33.00000000000000000, 0.4999999999999831246 ) ) ;
#9930 = EDGE_CURVE ( 'NONE', #1069, #2123, #8782, .T. ) ;
#9931 = LINE ( 'NONE', #7264, #10406 ) ;
#9932 = AXIS2_PLACEMENT_3D ( 'NONE', #1861, #10257, #5677 ) ;
#9933 = VERTEX_POINT ( 'NONE', #209 ) ;
#9934 = VECTOR ( 'NONE', #9411, 1000.000000000000000 ) ;
#9935 = DIRECTION ( 'NONE',  ( -1.301042606982605321E-16, 1.000000000000000000, -0.000000000000000000 ) ) ;
#9936 = VERTEX_POINT ( 'NONE', #2257 ) ;
#9937 = FACE_OUTER_BOUND ( 'NONE', #10579, .T. ) ;
#9938 = ORIENTED_EDGE ( 'NONE', *, *, #3520, .T. ) ;
#9939 = VERTEX_POINT ( 'NONE', #4030 ) ;
#9940 = ORIENTED_EDGE ( 'NONE', *, *, #8333, .F. ) ;
#9941 = DIRECTION ( 'NONE',  ( 0.000000000000000000, 0.000000000000000000, -1.000000000000000000 ) ) ;
#9942 = DIRECTION ( 'NONE',  ( 0.5773502691896271743, -0.5773502691896230665, -0.5773502691896271743 ) ) ;
#9943 = DIRECTION ( 'NONE',  ( -0.8660254037844385966, -9.654978140984307746E-17, -0.4999999999999999445 ) ) ;
#9944 = CARTESIAN_POINT ( 'NONE',  ( 78.80000000000005400, 7.800000000000006928, 6.000000000000000000 ) ) ;
#9945 = VECTOR ( 'NONE', #8379, 1000.000000000000000 ) ;
#9946 = CARTESIAN_POINT ( 'NONE',  ( 19.19999999999996021, -57.98150098949683695, 14.11324865405187090 ) ) ;
#9947 = CARTESIAN_POINT ( 'NONE',  ( 89.34999999999998010, -27.00000000000000355, 5.000000000000000000 ) ) ;
#9948 = CARTESIAN_POINT ( 'NONE',  ( -24.05000000000003268, -23.79999999999999361, 20.75277674973256836 ) ) ;
#9949 = ORIENTED_EDGE ( 'NONE', *, *, #4821, .F. ) ;
#9950 = DIRECTION ( 'NONE',  ( 0.000000000000000000, 0.000000000000000000, 1.000000000000000000 ) ) ;
#9951 = AXIS2_PLACEMENT_3D ( 'NONE', #5871, #962, #9 ) ;
#9952 = ORIENTED_EDGE ( 'NONE', *, *, #2359, .F. ) ;
#9953 = VECTOR ( 'NONE', #9235, 1000.000000000000000 ) ;
#9954 = CARTESIAN_POINT ( 'NONE',  ( -76.80000000000002558, -23.80000000000002558, 20.25000000000001776 ) ) ;
#9955 = EDGE_LOOP ( 'NONE', ( #3440, #3610, #1076, #5015 ) ) ;
#9956 = DIRECTION ( 'NONE',  ( -1.000000000000000000, 0.000000000000000000, 0.000000000000000000 ) ) ;
#9957 = EDGE_CURVE ( 'NONE', #8772, #7611, #5825, .T. ) ;
#9958 = ORIENTED_EDGE ( 'NONE', *, *, #12221, .T. ) ;
#9959 = EDGE_CURVE ( 'NONE', #5900, #11987, #3076, .T. ) ;
#9960 = DIRECTION ( 'NONE',  ( -0.7071067811865474617, -8.888657488019557220E-17, 0.7071067811865474617 ) ) ;
#9961 = VECTOR ( 'NONE', #4282, 1000.000000000000000 ) ;
#9962 = DIRECTION ( 'NONE',  ( -1.000000000000000000, 0.000000000000000000, 0.000000000000000000 ) ) ;
#9963 = EDGE_LOOP ( 'NONE', ( #6473, #6134, #4078, #9657 ) ) ;
#9964 = VERTEX_POINT ( 'NONE', #9911 ) ;
#9965 = CARTESIAN_POINT ( 'NONE',  ( -84.80000000000003979, 32.80000000000001137, 6.000000000000000000 ) ) ;
#9966 = CARTESIAN_POINT ( 'NONE',  ( 45.62788568297001035, 20.80000000000000426, -29.72373658401009067 ) ) ;
#9967 = VERTEX_POINT ( 'NONE', #10718 ) ;
#9968 = ORIENTED_EDGE ( 'NONE', *, *, #5193, .F. ) ;
#9969 = FACE_OUTER_BOUND ( 'NONE', #8758, .T. ) ;
#9970 = DIRECTION ( 'NONE',  ( -0.7071067811865500152, 0.7071067811865451302, -0.000000000000000000 ) ) ;
#9971 = ADVANCED_FACE ( 'NONE', ( #7963 ), #3144, .F. ) ;
#9972 = ORIENTED_EDGE ( 'NONE', *, *, #1903, .T. ) ;
#9973 = CARTESIAN_POINT ( 'NONE',  ( 91.34999999999998010, -32.99999999999997868, 0.4999999999999831246 ) ) ;
#9974 = EDGE_CURVE ( 'NONE', #10638, #10127, #1266, .T. ) ;
#9975 = EDGE_CURVE ( 'NONE', #6419, #3285, #2683, .T. ) ;
#9976 = CARTESIAN_POINT ( 'NONE',  ( -89.34999999999998010, 27.00000000000000355, 0.5000000000000004441 ) ) ;
#9977 = VECTOR ( 'NONE', #2261, 1000.000000000000000 ) ;
#9978 = PLANE ( 'NONE',  #4414 ) ;
#9979 = AXIS2_PLACEMENT_3D ( 'NONE', #7541, #8295, #526 ) ;
#9980 = CARTESIAN_POINT ( 'NONE',  ( 89.34999999999998010, 27.00000000000000355, 4.499999999999970690 ) ) ;
#9981 = ORIENTED_EDGE ( 'NONE', *, *, #1393, .T. ) ;
#9982 = VECTOR ( 'NONE', #11390, 1000.000000000000114 ) ;
#9983 = DIRECTION ( 'NONE',  ( -0.6546536707079801953, 0.6546536707079779749, -0.3779644730092204807 ) ) ;
#9984 = ORIENTED_EDGE ( 'NONE', *, *, #771, .T. ) ;
#9985 = PLANE ( 'NONE',  #11260 ) ;
#9986 = EDGE_CURVE ( 'NONE', #10715, #3889, #11321, .T. ) ;
#9987 = CARTESIAN_POINT ( 'NONE',  ( -27.30000000000004334, 29.80000000000000071, 15.12361162513371227 ) ) ;
#9988 = LINE ( 'NONE', #6325, #136 ) ;
#9989 = VECTOR ( 'NONE', #1936, 1000.000000000000000 ) ;
#9990 = VECTOR ( 'NONE', #9816, 1000.000000000000000 ) ;
#9991 = VECTOR ( 'NONE', #3631, 1000.000000000000114 ) ;
#9992 = LINE ( 'NONE', #10059, #18 ) ;
#9993 = VERTEX_POINT ( 'NONE', #5505 ) ;
#9994 = DIRECTION ( 'NONE',  ( -1.301042606982605321E-16, 1.000000000000000000, -0.000000000000000000 ) ) ;
#9995 = ORIENTED_EDGE ( 'NONE', *, *, #1235, .F. ) ;
#9996 = DIRECTION ( 'NONE',  ( -0.7071067811865474617, -2.307555223660273227E-15, 0.7071067811865474617 ) ) ;
#9997 = CARTESIAN_POINT ( 'NONE',  ( -43.80000000000069349, 3.536538766561906577, -16.00889170414856721 ) ) ;
#9998 = ORIENTED_EDGE ( 'NONE', *, *, #12312, .T. ) ;
#9999 = PLANE ( 'NONE',  #8924 ) ;
#10000 = LINE ( 'NONE', #1465, #7577 ) ;
#10001 = ORIENTED_EDGE ( 'NONE', *, *, #5968, .F. ) ;
#10002 = VECTOR ( 'NONE', #10203, 1000.000000000000000 ) ;
#10003 = AXIS2_PLACEMENT_3D ( 'NONE', #3835, #6624, #3887 ) ;
#10004 = EDGE_CURVE ( 'NONE', #10220, #4600, #5150, .T. ) ;
#10005 = DIRECTION ( 'NONE',  ( 0.7071067811865474617, 7.883256641045619150E-17, -0.7071067811865474617 ) ) ;
#10006 = VERTEX_POINT ( 'NONE', #6425 ) ;
#10007 = ORIENTED_EDGE ( 'NONE', *, *, #3380, .F. ) ;
#10008 = DIRECTION ( 'NONE',  ( 0.5000000000000004441, 6.505213034913031534E-17, 0.8660254037844384856 ) ) ;
#10009 = DIRECTION ( 'NONE',  ( -0.000000000000000000, -0.000000000000000000, -1.000000000000000000 ) ) ;
#10010 = PLANE ( 'NONE',  #4845 ) ;
#10011 = DIRECTION ( 'NONE',  ( -0.5773502691896272854, -0.8164965809277249242, -0.000000000000000000 ) ) ;
#10012 = DIRECTION ( 'NONE',  ( 4.460489939442533535E-16, 0.7071067811865466846, 0.7071067811865483499 ) ) ;
#10013 = CARTESIAN_POINT ( 'NONE',  ( 81.80000000000003979, 30.80000000000002913, 6.999999999999999112 ) ) ;
#10014 = CARTESIAN_POINT ( 'NONE',  ( 50.17211431703022839, -24.79999999999999005, 73.85290170860875492 ) ) ;
#10015 = APPROVAL_PERSON_ORGANIZATION ( #8866, #8851, #6022 ) ;
#10016 = CARTESIAN_POINT ( 'NONE',  ( -60.30000000000003268, -21.79999999999997229, 12.74999999999998934 ) ) ;
#10017 = VECTOR ( 'NONE', #6226, 1000.000000000000000 ) ;
#10018 = FACE_OUTER_BOUND ( 'NONE', #464, .T. ) ;
#10019 = DIRECTION ( 'NONE',  ( -0.000000000000000000, -0.7071067811865463515, -0.7071067811865487940 ) ) ;
#10020 = ORIENTED_EDGE ( 'NONE', *, *, #7807, .T. ) ;
#10021 = CARTESIAN_POINT ( 'NONE',  ( 38.14120818115994638, -27.24120818115998333, 17.54340679675620152 ) ) ;
#10022 = ORIENTED_EDGE ( 'NONE', *, *, #6263, .F. ) ;
#10023 = DIRECTION ( 'NONE',  ( 0.000000000000000000, 0.000000000000000000, 1.000000000000000000 ) ) ;
#10024 = EDGE_CURVE ( 'NONE', #11368, #6731, #12134, .T. ) ;
#10025 = VERTEX_POINT ( 'NONE', #8028 ) ;
#10026 = AXIS2_PLACEMENT_3D ( 'NONE', #3619, #5552, #7421 ) ;
#10027 = VECTOR ( 'NONE', #1727, 1000.000000000000000 ) ;
#10028 = ORIENTED_EDGE ( 'NONE', *, *, #3716, .F. ) ;
#10029 = LINE ( 'NONE', #3320, #10426 ) ;
#10030 = FACE_OUTER_BOUND ( 'NONE', #11462, .T. ) ;
#10031 = ORIENTED_EDGE ( 'NONE', *, *, #1231, .T. ) ;
#10032 = AXIS2_PLACEMENT_3D ( 'NONE', #10466, #11843, #69 ) ;
#10033 = CIRCLE ( 'NONE', #11605, 2.200000000000035261 ) ;
#10034 = ORIENTED_EDGE ( 'NONE', *, *, #11485, .T. ) ;
#10035 = CARTESIAN_POINT ( 'NONE',  ( -92.84999999999999432, 33.00000000000000000, 5.000000000000000000 ) ) ;
#10036 = DIRECTION ( 'NONE',  ( 0.000000000000000000, -0.000000000000000000, -1.000000000000000000 ) ) ;
#10037 = VERTEX_POINT ( 'NONE', #5568 ) ;
#10038 = EDGE_CURVE ( 'NONE', #11240, #1010, #7437, .T. ) ;
#10039 = FACE_OUTER_BOUND ( 'NONE', #6398, .T. ) ;
#10040 = FACE_OUTER_BOUND ( 'NONE', #3963, .T. ) ;
#10041 = AXIS2_PLACEMENT_3D ( 'NONE', #3465, #2705, #7260 ) ;
#10042 = DIRECTION ( 'NONE',  ( 0.5773502691896258421, -0.5773502691896258421, 0.5773502691896258421 ) ) ;
#10043 = FACE_OUTER_BOUND ( 'NONE', #1460, .T. ) ;
#10044 = CARTESIAN_POINT ( 'NONE',  ( -2.300000000000010481, -20.79999999999999716, 25.99999999999999645 ) ) ;
#10045 = FACE_BOUND ( 'NONE', #3688, .T. ) ;
#10046 = ORIENTED_EDGE ( 'NONE', *, *, #3410, .T. ) ;
#10047 = CARTESIAN_POINT ( 'NONE',  ( 49.56538568297007430, -24.79999999999999005, -22.90378652920757574 ) ) ;
#10048 = EDGE_CURVE ( 'NONE', #6940, #7972, #9329, .T. ) ;
#10049 = ORIENTED_EDGE ( 'NONE', *, *, #644, .T. ) ;
#10050 = EDGE_CURVE ( 'NONE', #6738, #3202, #2746, .T. ) ;
#10051 = DIRECTION ( 'NONE',  ( 0.7071067811865481278, -0.7071067811865469066, 0.000000000000000000 ) ) ;
#10052 = VECTOR ( 'NONE', #8902, 1000.000000000000000 ) ;
#10053 = CARTESIAN_POINT ( 'NONE',  ( 39.69999999999995310, 29.79999999999999361, 18.44337567297406721 ) ) ;
#10054 = VERTEX_POINT ( 'NONE', #2556 ) ;
#10055 = ADVANCED_FACE ( 'NONE', ( #4517 ), #8383, .F. ) ;
#10056 = ORIENTED_EDGE ( 'NONE', *, *, #2654, .F. ) ;
#10057 = LINE ( 'NONE', #7259, #7249 ) ;
#10058 = CARTESIAN_POINT ( 'NONE',  ( -76.80000000000002558, 21.80000000000002203, 20.25000000000005684 ) ) ;
#10059 = CARTESIAN_POINT ( 'NONE',  ( -82.80000000000002558, -29.80000000000002913, 26.00000000000000355 ) ) ;
#10060 = EDGE_LOOP ( 'NONE', ( #8159, #542, #2305, #9218 ) ) ;
#10061 = CARTESIAN_POINT ( 'NONE',  ( -24.05000000000003268, -21.79999999999999361, 13.24722325026742809 ) ) ;
#10062 = ADVANCED_FACE ( 'NONE', ( #11256 ), #3696, .F. ) ;
#10063 = VERTEX_POINT ( 'NONE', #10329 ) ;
#10064 = DIRECTION ( 'NONE',  ( 0.000000000000000000, 0.000000000000000000, 1.000000000000000000 ) ) ;
#10065 = EDGE_LOOP ( 'NONE', ( #2543, #10757, #10106, #11829 ) ) ;
#10066 = ADVANCED_FACE ( 'NONE', ( #11130 ), #826, .F. ) ;
#10067 = DIRECTION ( 'NONE',  ( -0.8660254037844383745, -9.654978140984305281E-17, -0.5000000000000003331 ) ) ;
#10068 = VERTEX_POINT ( 'NONE', #1551 ) ;
#10069 = EDGE_LOOP ( 'NONE', ( #6807, #7285, #4025, #10239 ) ) ;
#10070 = ORIENTED_EDGE ( 'NONE', *, *, #8558, .T. ) ;
#10071 = CARTESIAN_POINT ( 'NONE',  ( -93.34999999999999432, 30.34999999999997300, 3.000000000000000000 ) ) ;
#10072 = CARTESIAN_POINT ( 'NONE',  ( -91.34999999999998010, -32.99999999999997868, 5.000000000000000000 ) ) ;
#10073 = CARTESIAN_POINT ( 'NONE',  ( -82.80000000000005400, -8.800000000000009592, 25.00000000000000000 ) ) ;
#10074 = DIRECTION ( 'NONE',  ( 0.6546536707079734230, 0.6546536707079801953, 0.3779644730092283633 ) ) ;
#10075 = VECTOR ( 'NONE', #4685, 1000.000000000000000 ) ;
#10076 = DIRECTION ( 'NONE',  ( 0.8660254037844385966, 1.088633767200839676E-16, 0.4999999999999999445 ) ) ;
#10077 = LINE ( 'NONE', #7350, #5984 ) ;
#10078 = ORIENTED_EDGE ( 'NONE', *, *, #10554, .T. ) ;
#10079 = DIRECTION ( 'NONE',  ( 1.000000000000000000, 0.000000000000000000, 0.000000000000000000 ) ) ;
#10080 = VERTEX_POINT ( 'NONE', #11066 ) ;
#10081 = FACE_OUTER_BOUND ( 'NONE', #8704, .T. ) ;
#10082 = ORIENTED_EDGE ( 'NONE', *, *, #2432, .T. ) ;
#10083 = VERTEX_POINT ( 'NONE', #7238 ) ;
#10084 = CARTESIAN_POINT ( 'NONE',  ( -82.80000000000003979, 29.80000000000000782, 6.999999999999999112 ) ) ;
#10085 = CARTESIAN_POINT ( 'NONE',  ( -43.80000000000001847, 30.80000000000001137, 12.09252271188814554 ) ) ;
#10086 = LINE ( 'NONE', #7239, #6117 ) ;
#10087 = FACE_BOUND ( 'NONE', #4369, .T. ) ;
#10088 = EDGE_CURVE ( 'NONE', #3743, #11544, #7493, .T. ) ;
#10089 = EDGE_CURVE ( 'NONE', #7216, #3623, #692, .T. ) ;
#10090 = DIRECTION ( 'NONE',  ( -0.6785983445458469987, -0.6785983445458469987, 0.2810846377148201736 ) ) ;
#10091 = ORIENTED_EDGE ( 'NONE', *, *, #11081, .F. ) ;
#10092 = ORIENTED_EDGE ( 'NONE', *, *, #3712, .T. ) ;
#10093 = DIRECTION ( 'NONE',  ( -1.304303365396091250E-16, -1.696954250811116188E-32, -1.000000000000000000 ) ) ;
#10094 = CARTESIAN_POINT ( 'NONE',  ( 22.69999999999997797, 20.80000000000000071, 14.97927405783629773 ) ) ;
#10095 = ORIENTED_EDGE ( 'NONE', *, *, #2153, .F. ) ;
#10096 = FACE_OUTER_BOUND ( 'NONE', #1639, .T. ) ;
#10097 = DIRECTION ( 'NONE',  ( -0.7071067811865474617, -0.7071067811865474617, -0.000000000000000000 ) ) ;
#10098 = CARTESIAN_POINT ( 'NONE',  ( -24.05000000000020322, 0.6956040905801985641, -11.12203406850844800 ) ) ;
#10099 = DIRECTION ( 'NONE',  ( 0.8660254037844387076, 9.654978140984307746E-17, 0.4999999999999998335 ) ) ;
#10100 = EDGE_CURVE ( 'NONE', #5355, #5582, #2168, .T. ) ;
#10101 = VERTEX_POINT ( 'NONE', #5376 ) ;
#10102 = ORIENTED_EDGE ( 'NONE', *, *, #4702, .T. ) ;
#10103 = DIRECTION ( 'NONE',  ( 1.000000000000000000, 0.000000000000000000, 0.000000000000000000 ) ) ;
#10104 = ORIENTED_EDGE ( 'NONE', *, *, #6038, .T. ) ;
#10105 = LINE ( 'NONE', #1507, #11565 ) ;
#10106 = ORIENTED_EDGE ( 'NONE', *, *, #7327, .F. ) ;
#10107 = CARTESIAN_POINT ( 'NONE',  ( 62.00288568297003877, -20.79999999999999005, -1.361404610069710142 ) ) ;
#10108 = DIRECTION ( 'NONE',  ( -0.8660254037844389297, 0.000000000000000000, 0.4999999999999993894 ) ) ;
#10109 = DIRECTION ( 'NONE',  ( 0.000000000000000000, 0.000000000000000000, 1.000000000000000000 ) ) ;
#10110 = EDGE_CURVE ( 'NONE', #6366, #5937, #8252, .T. ) ;
#10111 = EDGE_CURVE ( 'NONE', #5141, #1311, #12071, .T. ) ;
#10112 = ADVANCED_FACE ( 'NONE', ( #1927 ), #939, .T. ) ;
#10113 = VECTOR ( 'NONE', #12113, 1000.000000000000000 ) ;
#10114 = DIRECTION ( 'NONE',  ( 0.000000000000000000, 0.000000000000000000, -1.000000000000000000 ) ) ;
#10115 = ORIENTED_EDGE ( 'NONE', *, *, #7347, .F. ) ;
#10116 = DIRECTION ( 'NONE',  ( -0.8660254037844387076, -9.654978140984308979E-17, 0.4999999999999999445 ) ) ;
#10117 = EDGE_LOOP ( 'NONE', ( #10744, #4428, #1258, #10208 ) ) ;
#10118 = EDGE_LOOP ( 'NONE', ( #10505, #6967, #6051 ) ) ;
#10119 = CARTESIAN_POINT ( 'NONE',  ( 81.80000000000005400, -8.799999999999988276, 6.999999999999999112 ) ) ;
#10120 = ORIENTED_EDGE ( 'NONE', *, *, #9215, .T. ) ;
#10121 = VECTOR ( 'NONE', #4453, 1000.000000000000114 ) ;
#10122 = DIRECTION ( 'NONE',  ( 0.000000000000000000, 0.000000000000000000, -1.000000000000000000 ) ) ;
#10123 = ORIENTED_EDGE ( 'NONE', *, *, #11090, .T. ) ;
#10124 = AXIS2_PLACEMENT_3D ( 'NONE', #9220, #2376, #9284 ) ;
#10125 = VECTOR ( 'NONE', #3425, 1000.000000000000000 ) ;
#10126 = ADVANCED_FACE ( 'NONE', ( #107 ), #11504, .F. ) ;
#10127 = VERTEX_POINT ( 'NONE', #4936 ) ;
#10128 = DIRECTION ( 'NONE',  ( -0.000000000000000000, -0.000000000000000000, -1.000000000000000000 ) ) ;
#10129 = EDGE_CURVE ( 'NONE', #4202, #10025, #2818, .T. ) ;
#10130 = CARTESIAN_POINT ( 'NONE',  ( 81.80000000000003979, 30.80000000000002913, 25.00000000000000000 ) ) ;
#10131 = CARTESIAN_POINT ( 'NONE',  ( -43.80000000000001847, -23.80000000000001492, 13.24722325026742809 ) ) ;
#10132 = VECTOR ( 'NONE', #10303, 999.9999999999998863 ) ;
#10133 = EDGE_CURVE ( 'NONE', #114, #10068, #6611, .T. ) ;
#10134 = EDGE_CURVE ( 'NONE', #1419, #4965, #11447, .T. ) ;
#10135 = VECTOR ( 'NONE', #6863, 1000.000000000000114 ) ;
#10136 = PERSON_AND_ORGANIZATION ( #6357, #11785 ) ;
#10137 = DIRECTION ( 'NONE',  ( -1.000000000000000000, 0.000000000000000000, 0.000000000000000000 ) ) ;
#10138 = ORIENTED_EDGE ( 'NONE', *, *, #7102, .F. ) ;
#10139 = DIRECTION ( 'NONE',  ( -1.000000000000000000, -0.000000000000000000, -0.000000000000000000 ) ) ;
#10140 = ORIENTED_EDGE ( 'NONE', *, *, #2564, .T. ) ;
#10141 = VECTOR ( 'NONE', #1844, 1000.000000000000000 ) ;
#10142 = ORIENTED_EDGE ( 'NONE', *, *, #6704, .F. ) ;
#10143 = DIRECTION ( 'NONE',  ( 0.8660254037844385966, 1.088633767200839553E-16, 0.5000000000000001110 ) ) ;
#10144 = EDGE_CURVE ( 'NONE', #12244, #6861, #10451, .T. ) ;
#10145 = EDGE_LOOP ( 'NONE', ( #3821, #10969, #2143, #3151 ) ) ;
#10146 = CARTESIAN_POINT ( 'NONE',  ( 35.69999999999994600, -24.79999999999999005, 18.44337567297407077 ) ) ;
#10147 = LINE ( 'NONE', #4767, #3236 ) ;
#10148 = DIRECTION ( 'NONE',  ( 0.000000000000000000, 0.000000000000000000, -1.000000000000000000 ) ) ;
#10149 = CARTESIAN_POINT ( 'NONE',  ( -1.300000000000048450, 29.80000000000002203, 18.44337567297407077 ) ) ;
#10150 = ORIENTED_EDGE ( 'NONE', *, *, #7425, .T. ) ;
#10151 = CARTESIAN_POINT ( 'NONE',  ( 0.000000000000000000, 0.000000000000000000, 3.000000000000000000 ) ) ;
#10152 = ORIENTED_EDGE ( 'NONE', *, *, #9377, .T. ) ;
#10153 = CARTESIAN_POINT ( 'NONE',  ( 91.34999999999998010, 35.00000000000000711, 4.500000000000018652 ) ) ;
#10154 = ORIENTED_EDGE ( 'NONE', *, *, #8779, .F. ) ;
#10155 = ADVANCED_FACE ( 'NONE', ( #5688 ), #1059, .F. ) ;
#10156 = FACE_OUTER_BOUND ( 'NONE', #4945, .T. ) ;
#10157 = DIRECTION ( 'NONE',  ( -0.8660254037844381525, -9.654978140984304048E-17, 0.5000000000000007772 ) ) ;
#10158 = DIRECTION ( 'NONE',  ( -0.7071067811865475727, -0.7071067811865475727, -0.000000000000000000 ) ) ;
#10159 = VERTEX_POINT ( 'NONE', #9514 ) ;
#10160 = ORIENTED_EDGE ( 'NONE', *, *, #1929, .T. ) ;
#10161 = ORIENTED_EDGE ( 'NONE', *, *, #1646, .T. ) ;
#10162 = LINE ( 'NONE', #1577, #8871 ) ;
#10163 = LINE ( 'NONE', #2461, #1039 ) ;
#10164 = ADVANCED_FACE ( 'NONE', ( #4828 ), #11562, .F. ) ;
#10165 = VECTOR ( 'NONE', #6701, 1000.000000000000000 ) ;
#10166 = VECTOR ( 'NONE', #8662, 1000.000000000000000 ) ;
#10167 = CARTESIAN_POINT ( 'NONE',  ( 82.80000000000005400, 9.800000000000009592, 6.999999999999999112 ) ) ;
#10168 = ORIENTED_EDGE ( 'NONE', *, *, #12158, .F. ) ;
#10169 = ORIENTED_EDGE ( 'NONE', *, *, #7185, .T. ) ;
#10170 = EDGE_CURVE ( 'NONE', #5758, #7609, #50, .T. ) ;
#10171 = DIRECTION ( 'NONE',  ( -1.301042606982605321E-16, 1.000000000000000000, -0.000000000000000000 ) ) ;
#10172 = EDGE_CURVE ( 'NONE', #8376, #3001, #1114, .T. ) ;
#10173 = LINE ( 'NONE', #4681, #7521 ) ;
#10174 = CARTESIAN_POINT ( 'NONE',  ( -2.430396643720717703E-15, 21.80000000000000071, 26.00000000000000355 ) ) ;
#10175 = VERTEX_POINT ( 'NONE', #3044 ) ;
#10176 = VECTOR ( 'NONE', #2808, 1000.000000000000000 ) ;
#10177 = VECTOR ( 'NONE', #3275, 1000.000000000000114 ) ;
#10178 = ORIENTED_EDGE ( 'NONE', *, *, #10272, .F. ) ;
#10179 = CARTESIAN_POINT ( 'NONE',  ( -81.80000000000005400, -8.800000000000009592, 26.00000000000000355 ) ) ;
#10180 = LINE ( 'NONE', #8233, #3551 ) ;
#10181 = DIRECTION ( 'NONE',  ( -0.8660254037844383745, -9.654978140984305281E-17, 0.5000000000000004441 ) ) ;
#10182 = LINE ( 'NONE', #9946, #9495 ) ;
#10183 = DIRECTION ( 'NONE',  ( 0.000000000000000000, 0.000000000000000000, 1.000000000000000000 ) ) ;
#10184 = CARTESIAN_POINT ( 'NONE',  ( -20.80000000000003268, 21.79999999999999361, 18.87638837486628063 ) ) ;
#10185 = VECTOR ( 'NONE', #8669, 1000.000000000000000 ) ;
#10186 = DIRECTION ( 'NONE',  ( 0.000000000000000000, -0.7071067811865660024, -0.7071067811865291430 ) ) ;
#10187 = AXIS2_PLACEMENT_3D ( 'NONE', #5811, #10703, #6046 ) ;
#10188 = AXIS2_PLACEMENT_3D ( 'NONE', #7553, #10626, #2815 ) ;
#10189 = ADVANCED_FACE ( 'NONE', ( #10388 ), #1807, .T. ) ;
#10190 = ORIENTED_EDGE ( 'NONE', *, *, #6324, .F. ) ;
#10191 = EDGE_CURVE ( 'NONE', #10159, #9853, #11254, .T. ) ;
#10192 = DIRECTION ( 'NONE',  ( -5.622973129697116231E-15, -0.6546536707079757544, -0.7559289460184556164 ) ) ;
#10193 = PLANE ( 'NONE',  #7304 ) ;
#10194 = ORIENTED_EDGE ( 'NONE', *, *, #11436, .F. ) ;
#10195 = DIRECTION ( 'NONE',  ( -0.7071067811865415775, 8.659560562354860135E-17, 0.7071067811865535679 ) ) ;
#10196 = EDGE_CURVE ( 'NONE', #10446, #6985, #689, .T. ) ;
#10197 = VERTEX_POINT ( 'NONE', #6290 ) ;
#10198 = ADVANCED_FACE ( 'NONE', ( #9268 ), #8189, .F. ) ;
#10199 = CARTESIAN_POINT ( 'NONE',  ( -56.15288568297006577, 30.80000000000001137, -20.15415587219195004 ) ) ;
#10200 = VERTEX_POINT ( 'NONE', #1676 ) ;
#10201 = CARTESIAN_POINT ( 'NONE',  ( 91.54999999999999716, 27.00000000000000355, 0.000000000000000000 ) ) ;
#10202 = DIRECTION ( 'NONE',  ( 0.000000000000000000, 0.000000000000000000, 1.000000000000000000 ) ) ;
#10203 = DIRECTION ( 'NONE',  ( 0.000000000000000000, 0.000000000000000000, -1.000000000000000000 ) ) ;
#10204 = DIRECTION ( 'NONE',  ( 0.8660254037844383745, 9.654978140984305281E-17, -0.5000000000000004441 ) ) ;
#10205 = LINE ( 'NONE', #9272, #558 ) ;
#10206 = DIRECTION ( 'NONE',  ( 0.7071067811865475727, 9.199760500100244829E-17, 0.7071067811865475727 ) ) ;
#10207 = EDGE_CURVE ( 'NONE', #2873, #508, #5319, .T. ) ;
#10208 = ORIENTED_EDGE ( 'NONE', *, *, #5887, .T. ) ;
#10209 = PLANE ( 'NONE',  #3132 ) ;
#10210 = DIRECTION ( 'NONE',  ( -0.5773502691896281735, 0.5773502691896281735, -0.5773502691896210681 ) ) ;
#10211 = VECTOR ( 'NONE', #3185, 1000.000000000000000 ) ;
#10212 = ORIENTED_EDGE ( 'NONE', *, *, #8589, .F. ) ;
#10213 = EDGE_CURVE ( 'NONE', #12150, #7486, #11128, .T. ) ;
#10214 = CARTESIAN_POINT ( 'NONE',  ( 80.43206858847433693, 7.432068588474286308, 14.56661574305007711 ) ) ;
#10215 = CARTESIAN_POINT ( 'NONE',  ( 78.80000000000008242, -8.799999999999990052, 14.00000000000001954 ) ) ;
#10216 = VERTEX_POINT ( 'NONE', #1483 ) ;
#10217 = VECTOR ( 'NONE', #9616, 1000.000000000000114 ) ;
#10218 = CARTESIAN_POINT ( 'NONE',  ( 76.80000000000008242, 20.80000000000000426, 22.99999999999997158 ) ) ;
#10219 = PLANE ( 'NONE',  #3778 ) ;
#10220 = VERTEX_POINT ( 'NONE', #12190 ) ;
#10221 = EDGE_CURVE ( 'NONE', #7972, #10993, #9388, .T. ) ;
#10222 = ORIENTED_EDGE ( 'NONE', *, *, #11486, .T. ) ;
#10223 = CARTESIAN_POINT ( 'NONE',  ( 0.000000000000000000, 20.79999999999994387, 26.00000000000000355 ) ) ;
#10224 = AXIS2_PLACEMENT_3D ( 'NONE', #7007, #6250, #4343 ) ;
#10225 = ORIENTED_EDGE ( 'NONE', *, *, #11334, .F. ) ;
#10226 = VECTOR ( 'NONE', #4653, 1000.000000000000000 ) ;
#10227 = DIRECTION ( 'NONE',  ( -1.051347561198065328E-16, -1.367847971865934978E-32, -1.000000000000000000 ) ) ;
#10228 = VECTOR ( 'NONE', #3339, 1000.000000000000114 ) ;
#10229 = LINE ( 'NONE', #653, #2421 ) ;
#10230 = CARTESIAN_POINT ( 'NONE',  ( -84.30000000000003979, -32.79999999999998295, 6.000000000000000000 ) ) ;
#10231 = DIRECTION ( 'NONE',  ( -1.000000000000000000, -1.257045997084642365E-16, 0.000000000000000000 ) ) ;
#10232 = DIRECTION ( 'NONE',  ( -0.000000000000000000, -0.000000000000000000, -1.000000000000000000 ) ) ;
#10233 = AXIS2_PLACEMENT_3D ( 'NONE', #7522, #4420, #715 ) ;
#10234 = VECTOR ( 'NONE', #1418, 1000.000000000000000 ) ;
#10235 = PLANE ( 'NONE',  #4431 ) ;
#10236 = EDGE_LOOP ( 'NONE', ( #4818, #7115, #1328, #5163, #9860, #5204, #9130, #571 ) ) ;
#10237 = ORIENTED_EDGE ( 'NONE', *, *, #4060, .F. ) ;
#10238 = EDGE_CURVE ( 'NONE', #11578, #2576, #3499, .T. ) ;
#10239 = ORIENTED_EDGE ( 'NONE', *, *, #2264, .F. ) ;
#10240 = APPROVAL_DATE_TIME ( #10920, #4190 ) ;
#10241 = CARTESIAN_POINT ( 'NONE',  ( -77.80000000000005400, -20.80000000000000426, 6.999999999999999112 ) ) ;
#10242 = DIRECTION ( 'NONE',  ( -1.261617073437676865E-15, 1.000000000000000000, 0.000000000000000000 ) ) ;
#10243 = CARTESIAN_POINT ( 'NONE',  ( -91.55000000000002558, -27.00000000000000355, 5.000000000000000000 ) ) ;
#10244 = CARTESIAN_POINT ( 'NONE',  ( 18.42692246687413515, 23.52692246687426092, 16.55366347814534933 ) ) ;
#10245 = EDGE_LOOP ( 'NONE', ( #1192, #10835, #2790, #2887, #6329, #6328, #7617, #3299 ) ) ;
#10246 = ORIENTED_EDGE ( 'NONE', *, *, #1014, .F. ) ;
#10247 = DIRECTION ( 'NONE',  ( -0.8660254037844387076, -1.088633767200839799E-16, -0.4999999999999998335 ) ) ;
#10248 = FACE_OUTER_BOUND ( 'NONE', #7129, .T. ) ;
#10249 = CARTESIAN_POINT ( 'NONE',  ( -81.80000000000006821, -1.032002766072020592E-13, 26.00000000000000355 ) ) ;
#10250 = CARTESIAN_POINT ( 'NONE',  ( -84.80000000000003979, -32.29999999999998295, 5.000000000000000000 ) ) ;
#10251 = DIRECTION ( 'NONE',  ( 0.7071067811865474617, -0.7071067811865474617, 0.000000000000000000 ) ) ;
#10252 = ORIENTED_EDGE ( 'NONE', *, *, #10730, .F. ) ;
#10253 = EDGE_CURVE ( 'NONE', #11026, #3038, #10325, .T. ) ;
#10254 = VECTOR ( 'NONE', #10448, 999.9999999999998863 ) ;
#10255 = DIRECTION ( 'NONE',  ( -0.000000000000000000, -0.000000000000000000, -1.000000000000000000 ) ) ;
#10256 = VERTEX_POINT ( 'NONE', #9132 ) ;
#10257 = DIRECTION ( 'NONE',  ( 0.5773502691896281735, -0.5773502691896281735, -0.5773502691896210681 ) ) ;
#10258 = ORIENTED_EDGE ( 'NONE', *, *, #2917, .F. ) ;
#10259 = VECTOR ( 'NONE', #7741, 1000.000000000000114 ) ;
#10260 = DIRECTION ( 'NONE',  ( -0.000000000000000000, -0.000000000000000000, -1.000000000000000000 ) ) ;
#10261 = ORIENTED_EDGE ( 'NONE', *, *, #3397, .T. ) ;
#10262 = ORIENTED_EDGE ( 'NONE', *, *, #2178, .T. ) ;
#10263 = DIRECTION ( 'NONE',  ( 0.8660254037844388186, 0.000000000000000000, 0.4999999999999996114 ) ) ;
#10264 = VECTOR ( 'NONE', #8858, 1000.000000000000000 ) ;
#10265 = DIRECTION ( 'NONE',  ( 0.000000000000000000, 0.000000000000000000, 1.000000000000000000 ) ) ;
#10266 = CARTESIAN_POINT ( 'NONE',  ( -75.80000000000005400, -23.80000000000002558, 12.74999999999998934 ) ) ;
#10267 = EDGE_CURVE ( 'NONE', #4306, #7216, #2554, .T. ) ;
#10268 = EDGE_CURVE ( 'NONE', #2014, #7916, #4458, .T. ) ;
#10269 = DIRECTION ( 'NONE',  ( -0.7071067811865500152, 0.000000000000000000, -0.7071067811865451302 ) ) ;
#10270 = DIRECTION ( 'NONE',  ( 0.000000000000000000, 0.000000000000000000, 1.000000000000000000 ) ) ;
#10271 = VECTOR ( 'NONE', #10097, 1000.000000000000114 ) ;
#10272 = EDGE_CURVE ( 'NONE', #345, #1667, #11189, .T. ) ;
#10273 = PLANE ( 'NONE',  #8614 ) ;
#10274 = ORIENTED_EDGE ( 'NONE', *, *, #8512, .F. ) ;
#10275 = DIRECTION ( 'NONE',  ( -0.5000000000000004441, -6.505213034913032767E-17, 0.8660254037844383745 ) ) ;
#10276 = EDGE_LOOP ( 'NONE', ( #4902, #12015, #8773, #2565 ) ) ;
#10277 = DIRECTION ( 'NONE',  ( 0.5773502691896260641, -0.5773502691896260641, -0.5773502691896250649 ) ) ;
#10278 = CONICAL_SURFACE ( 'NONE', #11058, 1.700000000000021050, 0.7853981633974399523 ) ;
#10279 = VERTEX_POINT ( 'NONE', #566 ) ;
#10280 = ORIENTED_EDGE ( 'NONE', *, *, #786, .T. ) ;
#10281 = CARTESIAN_POINT ( 'NONE',  ( -78.80000000000008242, -8.800000000000009592, 26.00000000000000355 ) ) ;
#10282 = ADVANCED_FACE ( 'NONE', ( #3379 ), #4392, .T. ) ;
#10283 = LINE ( 'NONE', #4, #5616 ) ;
#10284 = CARTESIAN_POINT ( 'NONE',  ( -84.33950428677964339, -11.33950428677960076, 12.94810288271123966 ) ) ;
#10285 = DIRECTION ( 'NONE',  ( -0.8660254037844384856, -9.654978140984306513E-17, 0.5000000000000002220 ) ) ;
#10286 = EDGE_CURVE ( 'NONE', #1667, #11593, #9326, .T. ) ;
#10287 = VERTEX_POINT ( 'NONE', #8380 ) ;
#10288 = ORIENTED_EDGE ( 'NONE', *, *, #30, .T. ) ;
#10289 = FACE_OUTER_BOUND ( 'NONE', #10290, .T. ) ;
#10290 = EDGE_LOOP ( 'NONE', ( #6258, #4370, #10225, #6270 ) ) ;
#10291 = PLANE ( 'NONE',  #9877 ) ;
#10292 = DIRECTION ( 'NONE',  ( -0.8660254037844383745, -9.654978140984305281E-17, -0.5000000000000003331 ) ) ;
#10293 = CARTESIAN_POINT ( 'NONE',  ( 51.19999999999994600, 29.80000000000004690, 10.99999999999997691 ) ) ;
#10294 = PLANE ( 'NONE',  #9076 ) ;
#10295 = VECTOR ( 'NONE', #2797, 1000.000000000000000 ) ;
#10296 = EDGE_CURVE ( 'NONE', #7927, #7228, #1742, .T. ) ;
#10297 = CARTESIAN_POINT ( 'NONE',  ( 37.19999999999996021, 30.80000000000002203, 21.04145188432742231 ) ) ;
#10298 = LINE ( 'NONE', #785, #9429 ) ;
#10299 = CARTESIAN_POINT ( 'NONE',  ( 52.19999999999992468, -23.80000000000001137, 22.00000000000000711 ) ) ;
#10300 = ORIENTED_EDGE ( 'NONE', *, *, #85, .T. ) ;
#10301 = ORIENTED_EDGE ( 'NONE', *, *, #1072, .F. ) ;
#10302 = CARTESIAN_POINT ( 'NONE',  ( 39.69999999999996021, -23.79999999999999005, 18.44337567297406721 ) ) ;
#10303 = DIRECTION ( 'NONE',  ( 0.7071067811865482389, -0.000000000000000000, -0.7071067811865469066 ) ) ;
#10304 = DIRECTION ( 'NONE',  ( -1.000000000000000000, 0.000000000000000000, 0.000000000000000000 ) ) ;
#10305 = ORIENTED_EDGE ( 'NONE', *, *, #10654, .F. ) ;
#10306 = LINE ( 'NONE', #1958, #5842 ) ;
#10307 = EDGE_CURVE ( 'NONE', #562, #5166, #8571, .T. ) ;
#10308 = VERTEX_POINT ( 'NONE', #4706 ) ;
#10309 = PLANE ( 'NONE',  #721 ) ;
#10310 = EDGE_CURVE ( 'NONE', #7117, #1775, #10509, .T. ) ;
#10311 = FACE_OUTER_BOUND ( 'NONE', #10276, .T. ) ;
#10312 = LINE ( 'NONE', #5671, #8701 ) ;
#10313 = ORIENTED_EDGE ( 'NONE', *, *, #2191, .F. ) ;
#10314 = CARTESIAN_POINT ( 'NONE',  ( 52.19999999999991758, 30.80000000000002558, 22.00000000000000711 ) ) ;
#10315 = DIRECTION ( 'NONE',  ( -0.8660254037844385966, -1.088633767200839676E-16, -0.5000000000000001110 ) ) ;
#10316 = ORIENTED_EDGE ( 'NONE', *, *, #4994, .T. ) ;
#10317 = CARTESIAN_POINT ( 'NONE',  ( -20.80000000000002203, -57.98150098949684406, 15.12361162513371404 ) ) ;
#10318 = CARTESIAN_POINT ( 'NONE',  ( 89.34999999999998010, -27.00000000000000355, 5.000000000000000000 ) ) ;
#10319 = ORIENTED_EDGE ( 'NONE', *, *, #4240, .F. ) ;
#10320 = ORIENTED_EDGE ( 'NONE', *, *, #1364, .F. ) ;
#10321 = ORIENTED_EDGE ( 'NONE', *, *, #1628, .T. ) ;
#10322 = AXIS2_PLACEMENT_3D ( 'NONE', #622, #9126, #560 ) ;
#10323 = CARTESIAN_POINT ( 'NONE',  ( -29.37500000000001066, -87.72499999999999432, 5.000000000000000000 ) ) ;
#10324 = CARTESIAN_POINT ( 'NONE',  ( 39.19999999999996021, -24.79999999999999005, 17.57735026918962973 ) ) ;
#10325 = LINE ( 'NONE', #7435, #800 ) ;
#10326 = CARTESIAN_POINT ( 'NONE',  ( 40.69999999999998153, -20.79999999999999005, 26.00000000000000355 ) ) ;
#10327 = VECTOR ( 'NONE', #650, 1000.000000000000000 ) ;
#10328 = DIRECTION ( 'NONE',  ( 0.000000000000000000, 0.000000000000000000, 1.000000000000000000 ) ) ;
#10329 = CARTESIAN_POINT ( 'NONE',  ( 50.19999999999999574, 30.80000000000002558, 21.00000000000003197 ) ) ;
#10330 = CARTESIAN_POINT ( 'NONE',  ( -81.80000000000003979, 29.80000000000000782, 26.00000000000000355 ) ) ;
#10331 = CARTESIAN_POINT ( 'NONE',  ( 39.69999999999996021, -21.80000000000002203, 15.55662432702593811 ) ) ;
#10332 = CARTESIAN_POINT ( 'NONE',  ( -6.981318376294579409, -42.11868162370560498, 26.85460793015847969 ) ) ;
#10333 = ORIENTED_EDGE ( 'NONE', *, *, #716, .F. ) ;
#10334 = VECTOR ( 'NONE', #11357, 1000.000000000000000 ) ;
#10335 = CARTESIAN_POINT ( 'NONE',  ( 4.699999999999939782, -20.79999999999999361, 14.97927405783632437 ) ) ;
#10336 = DIRECTION ( 'NONE',  ( -0.7071067811865610064, 0.000000000000000000, -0.7071067811865340280 ) ) ;
#10337 = ORIENTED_EDGE ( 'NONE', *, *, #4634, .T. ) ;
#10338 = EDGE_CURVE ( 'NONE', #7903, #1846, #4881, .T. ) ;
#10339 = EDGE_CURVE ( 'NONE', #7644, #9410, #936, .T. ) ;
#10340 = CARTESIAN_POINT ( 'NONE',  ( -81.80000000000002558, -30.80000000000002913, 26.00000000000000355 ) ) ;
#10341 = ORIENTED_EDGE ( 'NONE', *, *, #9914, .F. ) ;
#10342 = EDGE_CURVE ( 'NONE', #4147, #1010, #6558, .T. ) ;
#10343 = CARTESIAN_POINT ( 'NONE',  ( -40.55000000000002558, 29.79999999999997939, 15.12361162513371404 ) ) ;
#10344 = AXIS2_PLACEMENT_3D ( 'NONE', #10887, #10831, #8014 ) ;
#10345 = VECTOR ( 'NONE', #10648, 1000.000000000000000 ) ;
#10346 = PLANE ( 'NONE',  #9587 ) ;
#10347 = EDGE_LOOP ( 'NONE', ( #12087, #4450, #387, #6214 ) ) ;
#10348 = ORIENTED_EDGE ( 'NONE', *, *, #8362, .F. ) ;
#10349 = LINE ( 'NONE', #9154, #1933 ) ;
#10350 = EDGE_LOOP ( 'NONE', ( #1547, #6916, #8283, #9909 ) ) ;
#10351 = ADVANCED_FACE ( 'NONE', ( #2867 ), #8690, .F. ) ;
#10352 = DIRECTION ( 'NONE',  ( -1.000000000000000000, -1.301042606982605321E-16, 0.000000000000000000 ) ) ;
#10353 = AXIS2_PLACEMENT_3D ( 'NONE', #6785, #7687, #5800 ) ;
#10354 = CARTESIAN_POINT ( 'NONE',  ( 52.19999999999992468, 29.80000000000003979, 10.00000000000000355 ) ) ;
#10355 = EDGE_CURVE ( 'NONE', #9936, #3242, #104, .T. ) ;
#10356 = DIRECTION ( 'NONE',  ( -1.301042606982605321E-16, 1.000000000000000000, -0.000000000000000000 ) ) ;
#10357 = EDGE_CURVE ( 'NONE', #1615, #8022, #5685, .T. ) ;
#10358 = DIRECTION ( 'NONE',  ( 0.8660254037844397068, 1.088633767200840908E-16, 0.4999999999999980571 ) ) ;
#10359 = ORIENTED_EDGE ( 'NONE', *, *, #3982, .F. ) ;
#10360 = LINE ( 'NONE', #8353, #8810 ) ;
#10361 = ADVANCED_FACE ( 'NONE', ( #4824 ), #11445, .F. ) ;
#10362 = DIRECTION ( 'NONE',  ( -1.000000000000000000, 0.000000000000000000, 0.000000000000000000 ) ) ;
#10363 = LINE ( 'NONE', #11292, #6288 ) ;
#10364 = ORIENTED_EDGE ( 'NONE', *, *, #9508, .T. ) ;
#10365 = FACE_OUTER_BOUND ( 'NONE', #6895, .T. ) ;
#10366 = LINE ( 'NONE', #6400, #4114 ) ;
#10367 = CARTESIAN_POINT ( 'NONE',  ( 82.80000000000005400, 9.800000000000009592, 26.00000000000000355 ) ) ;
#10368 = VECTOR ( 'NONE', #9913, 1000.000000000000114 ) ;
#10369 = DIRECTION ( 'NONE',  ( -0.8660254037844383745, -1.088633767200839183E-16, 0.5000000000000004441 ) ) ;
#10370 = CARTESIAN_POINT ( 'NONE',  ( -77.80000000000005400, -8.800000000000009592, 6.999999999999999112 ) ) ;
#10371 = CARTESIAN_POINT ( 'NONE',  ( 34.15631837629464229, -11.34368162370561883, 8.364965559360602043 ) ) ;
#10372 = ORIENTED_EDGE ( 'NONE', *, *, #7046, .F. ) ;
#10373 = DIRECTION ( 'NONE',  ( 1.000000000000000000, 0.000000000000000000, 0.000000000000000000 ) ) ;
#10374 = FACE_OUTER_BOUND ( 'NONE', #1073, .T. ) ;
#10375 = PLANE ( 'NONE',  #1135 ) ;
#10376 = ORIENTED_EDGE ( 'NONE', *, *, #8402, .F. ) ;
#10377 = EDGE_CURVE ( 'NONE', #8863, #6657, #12309, .T. ) ;
#10378 = DIRECTION ( 'NONE',  ( 0.000000000000000000, 0.000000000000000000, 1.000000000000000000 ) ) ;
#10379 = CARTESIAN_POINT ( 'NONE',  ( 77.80000000000005400, 8.800000000000007816, 26.00000000000000355 ) ) ;
#10380 = VECTOR ( 'NONE', #11143, 1000.000000000000114 ) ;
#10381 = ORIENTED_EDGE ( 'NONE', *, *, #8959, .F. ) ;
#10382 = FACE_OUTER_BOUND ( 'NONE', #3349, .T. ) ;
#10383 = ORIENTED_EDGE ( 'NONE', *, *, #7750, .F. ) ;
#10384 = EDGE_LOOP ( 'NONE', ( #6053, #6927, #9265, #9840, #3545, #6421 ) ) ;
#10385 = CARTESIAN_POINT ( 'NONE',  ( -82.80000000000002558, -29.80000000000002913, 25.00000000000000000 ) ) ;
#10386 = LINE ( 'NONE', #1804, #202 ) ;
#10387 = CARTESIAN_POINT ( 'NONE',  ( 21.69999999999996376, -21.79999999999996518, 18.44337567297406721 ) ) ;
#10388 = FACE_OUTER_BOUND ( 'NONE', #1139, .T. ) ;
#10389 = DIRECTION ( 'NONE',  ( 0.000000000000000000, -0.000000000000000000, 1.000000000000000000 ) ) ;
#10390 = AXIS2_PLACEMENT_3D ( 'NONE', #2253, #4209, #11833 ) ;
#10391 = CARTESIAN_POINT ( 'NONE',  ( -77.80000000000005400, -20.80000000000000426, 24.58578643762690419 ) ) ;
#10392 = VECTOR ( 'NONE', #7181, 1000.000000000000114 ) ;
#10393 = VECTOR ( 'NONE', #6482, 1000.000000000000000 ) ;
#10394 = DIRECTION ( 'NONE',  ( -0.3535533905932733423, 0.7071067811865484609, -0.6123724356957938042 ) ) ;
#10395 = ORIENTED_EDGE ( 'NONE', *, *, #6262, .F. ) ;
#10396 = EDGE_CURVE ( 'NONE', #11767, #6630, #9456, .T. ) ;
#10397 = DIRECTION ( 'NONE',  ( -0.000000000000000000, -0.7071067811865531239, 0.7071067811865420216 ) ) ;
#10398 = ORIENTED_EDGE ( 'NONE', *, *, #4290, .F. ) ;
#10399 = CARTESIAN_POINT ( 'NONE',  ( 37.19999999999995310, -21.80000000000001492, 19.88675134594813443 ) ) ;
#10400 = VECTOR ( 'NONE', #5261, 1000.000000000000000 ) ;
#10401 = VECTOR ( 'NONE', #7723, 1000.000000000000000 ) ;
#10402 = ORIENTED_EDGE ( 'NONE', *, *, #5118, .F. ) ;
#10403 = DIRECTION ( 'NONE',  ( -1.301042606982605321E-16, 1.000000000000000000, -0.000000000000000000 ) ) ;
#10404 = LINE ( 'NONE', #9530, #8975 ) ;
#10405 = ORIENTED_EDGE ( 'NONE', *, *, #8123, .F. ) ;
#10406 = VECTOR ( 'NONE', #8043, 1000.000000000000000 ) ;
#10407 = VERTEX_POINT ( 'NONE', #6669 ) ;
#10408 = CARTESIAN_POINT ( 'NONE',  ( 2.430396643720720070E-15, -21.80000000000002203, 26.00000000000000355 ) ) ;
#10409 = EDGE_CURVE ( 'NONE', #12078, #4601, #6721, .T. ) ;
#10410 = CARTESIAN_POINT ( 'NONE',  ( 77.80000000000005400, -9.799999999999991829, 26.00000000000000355 ) ) ;
#10411 = VERTEX_POINT ( 'NONE', #3928 ) ;
#10412 = DIRECTION ( 'NONE',  ( -1.000000000000000000, -3.797971485444570149E-17, 0.000000000000000000 ) ) ;
#10413 = CARTESIAN_POINT ( 'NONE',  ( -0.3000000000000234701, -24.79999999999999716, 16.13397459621553764 ) ) ;
#10414 = DIRECTION ( 'NONE',  ( 1.301042606982605321E-16, -1.000000000000000000, 0.000000000000000000 ) ) ;
#10415 = VECTOR ( 'NONE', #2018, 1000.000000000000000 ) ;
#10416 = CARTESIAN_POINT ( 'NONE',  ( 15.69999999999993001, 20.80000000000000071, 26.00000000000000355 ) ) ;
#10417 = DIRECTION ( 'NONE',  ( 1.000000000000000000, -4.956352788505159323E-16, -0.000000000000000000 ) ) ;
#10418 = DIRECTION ( 'NONE',  ( -1.301042606982605321E-16, 1.000000000000000000, -0.000000000000000000 ) ) ;
#10419 = EDGE_CURVE ( 'NONE', #2100, #5091, #9640, .T. ) ;
#10420 = EDGE_CURVE ( 'NONE', #3652, #3407, #10386, .T. ) ;
#10421 = CARTESIAN_POINT ( 'NONE',  ( -79.07211431703004223, 30.80000000000000782, 32.45688740771264946 ) ) ;
#10422 = ORIENTED_EDGE ( 'NONE', *, *, #9215, .F. ) ;
#10423 = DIRECTION ( 'NONE',  ( 1.000000000000000000, 0.000000000000000000, 0.000000000000000000 ) ) ;
#10424 = ADVANCED_FACE ( 'NONE', ( #2980 ), #6779, .F. ) ;
#10425 = LINE ( 'NONE', #8481, #11413 ) ;
#10426 = VECTOR ( 'NONE', #8129, 1000.000000000000000 ) ;
#10427 = VECTOR ( 'NONE', #10114, 1000.000000000000000 ) ;
#10428 = CARTESIAN_POINT ( 'NONE',  ( 92.84999999999998010, -24.15000000000000568, 1.000000000000000000 ) ) ;
#10429 = ORIENTED_EDGE ( 'NONE', *, *, #8627, .T. ) ;
#10430 = CARTESIAN_POINT ( 'NONE',  ( 82.80000000000005400, 9.507106781186552169, 13.29289321881345032 ) ) ;
#10431 = ORIENTED_EDGE ( 'NONE', *, *, #9008, .T. ) ;
#10432 = LINE ( 'NONE', #8232, #111 ) ;
#10433 = AXIS2_PLACEMENT_3D ( 'NONE', #1028, #2771, #10596 ) ;
#10434 = DIRECTION ( 'NONE',  ( 1.000000000000000000, 0.000000000000000000, 0.000000000000000000 ) ) ;
#10435 = EDGE_CURVE ( 'NONE', #10916, #7338, #2035, .T. ) ;
#10436 = FACE_OUTER_BOUND ( 'NONE', #11819, .T. ) ;
#10437 = ORIENTED_EDGE ( 'NONE', *, *, #9131, .F. ) ;
#10438 = EDGE_CURVE ( 'NONE', #985, #443, #880, .T. ) ;
#10439 = DIRECTION ( 'NONE',  ( -1.634518283426027937E-15, -0.7071067811865472397, 0.7071067811865479058 ) ) ;
#10440 = ORIENTED_EDGE ( 'NONE', *, *, #9084, .F. ) ;
#10441 = CARTESIAN_POINT ( 'NONE',  ( 37.20000000000003837, -15.20082448084843030, 29.81622394753016891 ) ) ;
#10442 = LINE ( 'NONE', #7427, #11374 ) ;
#10443 = VECTOR ( 'NONE', #11412, 1000.000000000000000 ) ;
#10444 = ORIENTED_EDGE ( 'NONE', *, *, #1476, .T. ) ;
#10445 = EDGE_LOOP ( 'NONE', ( #11643, #6852, #11127, #6284 ) ) ;
#10446 = VERTEX_POINT ( 'NONE', #9829 ) ;
#10447 = CARTESIAN_POINT ( 'NONE',  ( 40.69999999999998153, -20.79999999999999005, 19.02072594216371115 ) ) ;
#10448 = DIRECTION ( 'NONE',  ( 0.8660254037844384856, 9.654978140984306513E-17, 0.5000000000000004441 ) ) ;
#10449 = DIRECTION ( 'NONE',  ( -1.000000000000000000, 0.000000000000000000, 0.000000000000000000 ) ) ;
#10450 = DIRECTION ( 'NONE',  ( 1.000000000000000000, -6.308085367188384325E-16, 0.000000000000000000 ) ) ;
#10451 = LINE ( 'NONE', #7803, #6164 ) ;
#10452 = CARTESIAN_POINT ( 'NONE',  ( 77.80000000000005400, -57.98150098949682985, 22.00000000000000355 ) ) ;
#10453 = VECTOR ( 'NONE', #4731, 1000.000000000000114 ) ;
#10454 = PLANE ( 'NONE',  #8149 ) ;
#10455 = CARTESIAN_POINT ( 'NONE',  ( -93.34999999999999432, -30.35000000000000142, 1.000000000000000000 ) ) ;
#10456 = AXIS2_PLACEMENT_3D ( 'NONE', #4123, #2163, #8813 ) ;
#10457 = ORIENTED_EDGE ( 'NONE', *, *, #261, .F. ) ;
#10458 = CARTESIAN_POINT ( 'NONE',  ( 91.34999999999998010, -34.49999999999997158, 5.000000000000000000 ) ) ;
#10459 = ORIENTED_EDGE ( 'NONE', *, *, #4240, .T. ) ;
#10460 = CARTESIAN_POINT ( 'NONE',  ( 1.199999999999957989, -23.79999999999997229, 19.88675134594813443 ) ) ;
#10461 = CARTESIAN_POINT ( 'NONE',  ( 77.80000000000005400, -8.799999999999990052, 6.999999999999999112 ) ) ;
#10462 = ADVANCED_FACE ( 'NONE', ( #9001 ), #6908, .F. ) ;
#10463 = CARTESIAN_POINT ( 'NONE',  ( 93.34999999999999432, 29.85000000000004761, 1.000000000000000000 ) ) ;
#10464 = VECTOR ( 'NONE', #7669, 1000.000000000000114 ) ;
#10465 = EDGE_CURVE ( 'NONE', #43, #10839, #5182, .T. ) ;
#10466 = CARTESIAN_POINT ( 'NONE',  ( 81.80000000000003979, 30.80000000000002913, 26.00000000000000355 ) ) ;
#10467 = CARTESIAN_POINT ( 'NONE',  ( 77.80000000000005400, -9.799999999999991829, 13.58578643762688465 ) ) ;
#10468 = ORIENTED_EDGE ( 'NONE', *, *, #1623, .T. ) ;
#10469 = ORIENTED_EDGE ( 'NONE', *, *, #334, .F. ) ;
#10470 = DIRECTION ( 'NONE',  ( 0.000000000000000000, 0.000000000000000000, 1.000000000000000000 ) ) ;
#10471 = ORIENTED_EDGE ( 'NONE', *, *, #2453, .F. ) ;
#10472 = AXIS2_PLACEMENT_3D ( 'NONE', #1182, #9832, #5058 ) ;
#10473 = CARTESIAN_POINT ( 'NONE',  ( -41.05000000000000426, -24.80000000000000071, 18.01036297108186801 ) ) ;
#10474 = VECTOR ( 'NONE', #5654, 1000.000000000000000 ) ;
#10475 = FACE_OUTER_BOUND ( 'NONE', #3985, .T. ) ;
#10476 = CARTESIAN_POINT ( 'NONE',  ( -3.745997071312236456E-15, 29.80000000000001847, 26.00000000000000355 ) ) ;
#10477 = ADVANCED_FACE ( 'NONE', ( #167 ), #11808, .F. ) ;
#10478 = DIRECTION ( 'NONE',  ( 1.000000000000000000, 3.469446951953611724E-16, 0.000000000000000000 ) ) ;
#10479 = CARTESIAN_POINT ( 'NONE',  ( -1.300000000000041567, -23.79999999999996874, 18.44337567297407077 ) ) ;
#10480 = CARTESIAN_POINT ( 'NONE',  ( -87.14999999999997726, -27.00000000000000355, 0.000000000000000000 ) ) ;
#10481 = VERTEX_POINT ( 'NONE', #10684 ) ;
#10482 = ORIENTED_EDGE ( 'NONE', *, *, #2430, .F. ) ;
#10483 = CARTESIAN_POINT ( 'NONE',  ( -77.80000000000005400, 9.799999999999990052, 13.58578643762692195 ) ) ;
#10484 = LINE ( 'NONE', #975, #2792 ) ;
#10485 = FACE_BOUND ( 'NONE', #3914, .T. ) ;
#10486 = DIRECTION ( 'NONE',  ( -0.8660254037844387076, 0.000000000000000000, 0.4999999999999999445 ) ) ;
#10487 = PLANE ( 'NONE',  #9915 ) ;
#10488 = EDGE_CURVE ( 'NONE', #5676, #5937, #7039, .T. ) ;
#10489 = EDGE_CURVE ( 'NONE', #11341, #6626, #6842, .T. ) ;
#10490 = CARTESIAN_POINT ( 'NONE',  ( 82.80000000000005400, -29.80000000000000782, 26.00000000000000355 ) ) ;
#10491 = LINE ( 'NONE', #394, #11706 ) ;
#10492 = ADVANCED_FACE ( 'NONE', ( #4122 ), #2230, .T. ) ;
#10493 = CARTESIAN_POINT ( 'NONE',  ( -84.80000000000003979, -32.79999999999998295, 5.000000000000000000 ) ) ;
#10494 = CARTESIAN_POINT ( 'NONE',  ( -91.05000000000001137, 27.00000000000000355, 1.000000000000000000 ) ) ;
#10495 = DIRECTION ( 'NONE',  ( 1.000000000000000000, 3.469446951953611724E-16, 0.000000000000000000 ) ) ;
#10496 = LINE ( 'NONE', #1279, #4825 ) ;
#10497 = EDGE_LOOP ( 'NONE', ( #9633, #1054, #1381, #8521 ) ) ;
#10498 = CARTESIAN_POINT ( 'NONE',  ( 50.19999999999998153, -20.79999999999999005, 10.99999999999997691 ) ) ;
#10499 = CARTESIAN_POINT ( 'NONE',  ( 37.19999999999996021, -57.98150098949683695, 14.11324865405187090 ) ) ;
#10500 = ORIENTED_EDGE ( 'NONE', *, *, #3060, .T. ) ;
#10501 = CARTESIAN_POINT ( 'NONE',  ( -46.05000000000004690, -24.80000000000000071, 26.00000000000000355 ) ) ;
#10502 = DIRECTION ( 'NONE',  ( 0.000000000000000000, 1.000000000000000000, 0.000000000000000000 ) ) ;
#10503 = ORIENTED_EDGE ( 'NONE', *, *, #9224, .F. ) ;
#10504 = ADVANCED_FACE ( 'NONE', ( #1181 ), #436, .F. ) ;
#10505 = ORIENTED_EDGE ( 'NONE', *, *, #7696, .F. ) ;
#10506 = ORIENTED_EDGE ( 'NONE', *, *, #6597, .T. ) ;
#10507 = DIRECTION ( 'NONE',  ( 0.000000000000000000, -1.000000000000000000, 1.696954250811116188E-32 ) ) ;
#10508 = EDGE_CURVE ( 'NONE', #2240, #9600, #4252, .T. ) ;
#10509 = LINE ( 'NONE', #8508, #11980 ) ;
#10510 = EDGE_CURVE ( 'NONE', #3377, #7117, #8811, .T. ) ;
#10511 = CARTESIAN_POINT ( 'NONE',  ( 19.19999999999994955, 29.79999999999999361, 19.88675134594813443 ) ) ;
#10512 = CARTESIAN_POINT ( 'NONE',  ( -76.80000000000002558, -20.80000000000000426, 13.74999999999996447 ) ) ;
#10513 = CARTESIAN_POINT ( 'NONE',  ( 87.64999999999996305, -27.00000000000000355, 5.000000000000000000 ) ) ;
#10514 = ORIENTED_EDGE ( 'NONE', *, *, #12079, .T. ) ;
#10515 = DIRECTION ( 'NONE',  ( -1.000000000000000000, 0.000000000000000000, 0.000000000000000000 ) ) ;
#10516 = ORIENTED_EDGE ( 'NONE', *, *, #6486, .T. ) ;
#10517 = EDGE_CURVE ( 'NONE', #10850, #4941, #3306, .T. ) ;
#10518 = AXIS2_PLACEMENT_3D ( 'NONE', #4069, #8702, #116 ) ;
#10519 = CARTESIAN_POINT ( 'NONE',  ( -76.80000000000002558, -23.80000000000002558, 12.74999999999999112 ) ) ;
#10520 = ORIENTED_EDGE ( 'NONE', *, *, #9701, .F. ) ;
#10521 = AXIS2_PLACEMENT_3D ( 'NONE', #2190, #330, #4154 ) ;
#10522 = DIRECTION ( 'NONE',  ( 0.000000000000000000, 0.000000000000000000, -1.000000000000000000 ) ) ;
#10523 = DIRECTION ( 'NONE',  ( 0.000000000000000000, 0.000000000000000000, -1.000000000000000000 ) ) ;
#10524 = DIRECTION ( 'NONE',  ( -0.3535533905932740084, -0.7071067811865470176, -0.6123724356957951365 ) ) ;
#10525 = CARTESIAN_POINT ( 'NONE',  ( 89.34999999999998010, 27.00000000000000355, 0.000000000000000000 ) ) ;
#10526 = VECTOR ( 'NONE', #2278, 1000.000000000000114 ) ;
#10527 = VERTEX_POINT ( 'NONE', #10930 ) ;
#10528 = ORIENTED_EDGE ( 'NONE', *, *, #7716, .T. ) ;
#10529 = DIRECTION ( 'NONE',  ( -1.000000000000000000, 0.000000000000000000, 0.000000000000000000 ) ) ;
#10530 = CARTESIAN_POINT ( 'NONE',  ( -84.80000000000003979, 32.30000000000003979, 6.000000000000000000 ) ) ;
#10531 = AXIS2_PLACEMENT_3D ( 'NONE', #9327, #10450, #2868 ) ;
#10532 = EDGE_LOOP ( 'NONE', ( #3886, #4166, #10102, #232, #5326, #6020 ) ) ;
#10533 = EDGE_CURVE ( 'NONE', #1190, #8378, #3108, .T. ) ;
#10534 = EDGE_CURVE ( 'NONE', #7400, #6355, #2347, .T. ) ;
#10535 = LINE ( 'NONE', #2704, #11472 ) ;
#10536 = CARTESIAN_POINT ( 'NONE',  ( 22.69999999999997797, 20.80000000000000071, 19.02072594216370405 ) ) ;
#10537 = LINE ( 'NONE', #9483, #9255 ) ;
#10538 = VECTOR ( 'NONE', #9718, 1000.000000000000000 ) ;
#10539 = DIRECTION ( 'NONE',  ( -0.6546536707079806394, 0.6546536707079864126, -0.3779644730092051597 ) ) ;
#10540 = CARTESIAN_POINT ( 'NONE',  ( 93.34999999999999432, -29.85000000000004761, 1.000000000000000000 ) ) ;
#10541 = CARTESIAN_POINT ( 'NONE',  ( 4.699999999999940670, -20.79999999999999361, 26.00000000000000355 ) ) ;
#10542 = FACE_BOUND ( 'NONE', #2645, .T. ) ;
#10543 = ORIENTED_EDGE ( 'NONE', *, *, #1574, .T. ) ;
#10544 = CARTESIAN_POINT ( 'NONE',  ( 92.84999999999995168, -29.85000000000004761, 1.000000000000000000 ) ) ;
#10545 = VECTOR ( 'NONE', #1277, 1000.000000000000114 ) ;
#10546 = ADVANCED_FACE ( 'NONE', ( #6975 ), #6034, .F. ) ;
#10547 = FACE_OUTER_BOUND ( 'NONE', #10117, .T. ) ;
#10548 = ORIENTED_EDGE ( 'NONE', *, *, #3740, .T. ) ;
#10549 = DIRECTION ( 'NONE',  ( 1.114860845743448580E-16, -1.000000000000000000, 0.000000000000000000 ) ) ;
#10550 = PLANE ( 'NONE',  #2585 ) ;
#10551 = CARTESIAN_POINT ( 'NONE',  ( -82.80000000000005400, -8.800000000000009592, 6.999999999999999112 ) ) ;
#10552 = FACE_OUTER_BOUND ( 'NONE', #1581, .T. ) ;
#10553 = EDGE_CURVE ( 'NONE', #10810, #2360, #7174, .T. ) ;
#10554 = EDGE_CURVE ( 'NONE', #2481, #7609, #5249, .T. ) ;
#10555 = ORIENTED_EDGE ( 'NONE', *, *, #7670, .F. ) ;
#10556 = PLANE ( 'NONE',  #2407 ) ;
#10557 = VERTEX_POINT ( 'NONE', #10250 ) ;
#10558 = ADVANCED_FACE ( 'NONE', ( #673 ), #8294, .T. ) ;
#10559 = PLANE ( 'NONE',  #4546 ) ;
#10560 = CARTESIAN_POINT ( 'NONE',  ( 39.69999999999996021, -23.79999999999998650, 15.55662432702593811 ) ) ;
#10561 = ORIENTED_EDGE ( 'NONE', *, *, #419, .T. ) ;
#10562 = ORIENTED_EDGE ( 'NONE', *, *, #4755, .T. ) ;
#10563 = ORIENTED_EDGE ( 'NONE', *, *, #3290, .T. ) ;
#10564 = CARTESIAN_POINT ( 'NONE',  ( -47.05000000000003268, -57.98150098949685116, 18.87638837486628418 ) ) ;
#10565 = CARTESIAN_POINT ( 'NONE',  ( -83.80000000000006821, -1.057235107540774046E-13, 6.000000000000000000 ) ) ;
#10566 = CARTESIAN_POINT ( 'NONE',  ( 89.34999999999998010, -27.00000000000000355, 0.000000000000000000 ) ) ;
#10567 = AXIS2_PLACEMENT_3D ( 'NONE', #4860, #6643, #8609 ) ;
#10568 = DIRECTION ( 'NONE',  ( 0.000000000000000000, -1.000000000000000000, 0.000000000000000000 ) ) ;
#10569 = LINE ( 'NONE', #108, #783 ) ;
#10570 = PLANE ( 'NONE',  #5400 ) ;
#10571 = EDGE_CURVE ( 'NONE', #7951, #5201, #1961, .T. ) ;
#10572 = EDGE_CURVE ( 'NONE', #348, #6913, #7474, .T. ) ;
#10573 = DIRECTION ( 'NONE',  ( 0.6546536707079743111, -0.6546536707079788631, 0.3779644730092291405 ) ) ;
#10574 = VECTOR ( 'NONE', #5059, 1000.000000000000000 ) ;
#10575 = DIRECTION ( 'NONE',  ( 0.5773502691896261751, 0.5773502691896261751, -0.5773502691896250649 ) ) ;
#10576 = EDGE_LOOP ( 'NONE', ( #6255, #11213, #2222, #5463 ) ) ;
#10577 = EDGE_CURVE ( 'NONE', #6086, #3901, #5669, .T. ) ;
#10578 = CARTESIAN_POINT ( 'NONE',  ( 1.199999999999960654, -20.79999999999999361, 21.04145188432736546 ) ) ;
#10579 = EDGE_LOOP ( 'NONE', ( #2512, #8374, #10673, #896 ) ) ;
#10580 = CARTESIAN_POINT ( 'NONE',  ( 78.80000000000003979, 30.80000000000002913, 21.00000000000002842 ) ) ;
#10581 = DIRECTION ( 'NONE',  ( 2.453269466693394677E-16, -0.7071067811865469066, -0.7071067811865481278 ) ) ;
#10582 = VERTEX_POINT ( 'NONE', #10494 ) ;
#10583 = VECTOR ( 'NONE', #3224, 1000.000000000000000 ) ;
#10584 = VECTOR ( 'NONE', #10358, 1000.000000000000000 ) ;
#10585 = CARTESIAN_POINT ( 'NONE',  ( -48.05000000000002558, -20.80000000000000071, 26.00000000000000355 ) ) ;
#10586 = DIRECTION ( 'NONE',  ( 0.000000000000000000, 0.000000000000000000, -1.000000000000000000 ) ) ;
#10587 = EDGE_CURVE ( 'NONE', #12078, #5192, #9498, .T. ) ;
#10588 = ORIENTED_EDGE ( 'NONE', *, *, #2062, .T. ) ;
#10589 = ORIENTED_EDGE ( 'NONE', *, *, #583, .F. ) ;
#10590 = LINE ( 'NONE', #5384, #3947 ) ;
#10591 = LINE ( 'NONE', #11528, #11319 ) ;
#10592 = VECTOR ( 'NONE', #2692, 1000.000000000000000 ) ;
#10593 = ORIENTED_EDGE ( 'NONE', *, *, #2917, .T. ) ;
#10594 = VECTOR ( 'NONE', #6240, 1000.000000000000114 ) ;
#10595 = AXIS2_PLACEMENT_3D ( 'NONE', #10671, #11664, #349 ) ;
#10596 = DIRECTION ( 'NONE',  ( 0.000000000000000000, 0.000000000000000000, -1.000000000000000000 ) ) ;
#10597 = LINE ( 'NONE', #1088, #8983 ) ;
#10598 = CC_DESIGN_SECURITY_CLASSIFICATION ( #2183, ( #9402 ) ) ;
#10599 = VECTOR ( 'NONE', #11746, 1000.000000000000000 ) ;
#10600 = ADVANCED_FACE ( 'NONE', ( #8436 ), #8556, .F. ) ;
#10601 = FACE_OUTER_BOUND ( 'NONE', #6618, .T. ) ;
#10602 = ORIENTED_EDGE ( 'NONE', *, *, #8259, .F. ) ;
#10603 = CARTESIAN_POINT ( 'NONE',  ( -19.80000000000003979, 20.79999999999999716, 26.00000000000000355 ) ) ;
#10604 = CARTESIAN_POINT ( 'NONE',  ( -89.34999999999998010, -27.00000000000000355, 5.000000000000000000 ) ) ;
#10605 = DIRECTION ( 'NONE',  ( 0.000000000000000000, 0.000000000000000000, 1.000000000000000000 ) ) ;
#10606 = VECTOR ( 'NONE', #4830, 1000.000000000000000 ) ;
#10607 = LINE ( 'NONE', #6888, #8069 ) ;
#10608 = VERTEX_POINT ( 'NONE', #4688 ) ;
#10609 = LINE ( 'NONE', #9810, #11932 ) ;
#10610 = VECTOR ( 'NONE', #9912, 1000.000000000000114 ) ;
#10611 = CARTESIAN_POINT ( 'NONE',  ( -60.30000000000003979, 29.79999999999998295, 13.75000000000001776 ) ) ;
#10612 = EDGE_CURVE ( 'NONE', #10446, #480, #1723, .T. ) ;
#10613 = ADVANCED_FACE ( 'NONE', ( #10311 ), #10550, .F. ) ;
#10614 = VECTOR ( 'NONE', #39, 999.9999999999998863 ) ;
#10615 = VECTOR ( 'NONE', #5410, 1000.000000000000114 ) ;
#10616 = DIRECTION ( 'NONE',  ( -1.301042606982605321E-16, 1.000000000000000000, -0.000000000000000000 ) ) ;
#10617 = EDGE_LOOP ( 'NONE', ( #3052, #2215, #10405, #418 ) ) ;
#10618 = FACE_OUTER_BOUND ( 'NONE', #5925, .T. ) ;
#10619 = DIRECTION ( 'NONE',  ( -1.865592485808977445E-14, -0.6546536707079798623, -0.7559289460184519527 ) ) ;
#10620 = ORIENTED_EDGE ( 'NONE', *, *, #6251, .F. ) ;
#10621 = ORIENTED_EDGE ( 'NONE', *, *, #629, .T. ) ;
#10622 = VECTOR ( 'NONE', #11263, 1000.000000000000000 ) ;
#10623 = ORIENTED_EDGE ( 'NONE', *, *, #1753, .F. ) ;
#10624 = CARTESIAN_POINT ( 'NONE',  ( 76.80000000000008242, 30.80000000000002913, 22.99999999999997868 ) ) ;
#10625 = FACE_OUTER_BOUND ( 'NONE', #8685, .T. ) ;
#10626 = DIRECTION ( 'NONE',  ( 0.3535533905932733978, -0.7071067811865494601, 0.6123724356957924719 ) ) ;
#10627 = LINE ( 'NONE', #6909, #1065 ) ;
#10628 = CARTESIAN_POINT ( 'NONE',  ( 64.50288568297001746, -24.79999999999998650, 2.968722408852503936 ) ) ;
#10629 = EDGE_CURVE ( 'NONE', #5258, #2393, #5545, .T. ) ;
#10630 = DIRECTION ( 'NONE',  ( 0.7071067811865506814, 0.7071067811865443531, 5.311484201212976082E-17 ) ) ;
#10631 = VECTOR ( 'NONE', #1769, 1000.000000000000000 ) ;
#10632 = FACE_OUTER_BOUND ( 'NONE', #1109, .T. ) ;
#10633 = EDGE_LOOP ( 'NONE', ( #4021, #3007, #5848, #1922 ) ) ;
#10634 =( NAMED_UNIT ( * ) PLANE_ANGLE_UNIT ( ) SI_UNIT ( $, .RADIAN. ) );
#10635 = EDGE_LOOP ( 'NONE', ( #11553, #5124, #7257, #9229 ) ) ;
#10636 = ORIENTED_EDGE ( 'NONE', *, *, #10572, .T. ) ;
#10637 = ORIENTED_EDGE ( 'NONE', *, *, #6840, .F. ) ;
#10638 = VERTEX_POINT ( 'NONE', #3862 ) ;
#10639 = CARTESIAN_POINT ( 'NONE',  ( -87.64999999999996305, 27.00000000000000355, 4.499999999999970690 ) ) ;
#10640 = EDGE_CURVE ( 'NONE', #5272, #2175, #3737, .T. ) ;
#10641 = ORIENTED_EDGE ( 'NONE', *, *, #5412, .T. ) ;
#10642 = ADVANCED_FACE ( 'NONE', ( #9373 ), #1850, .T. ) ;
#10643 = FACE_OUTER_BOUND ( 'NONE', #6616, .T. ) ;
#10644 = EDGE_CURVE ( 'NONE', #5676, #266, #8618, .T. ) ;
#10645 = DIRECTION ( 'NONE',  ( -0.000000000000000000, -0.000000000000000000, -1.000000000000000000 ) ) ;
#10646 = VERTEX_POINT ( 'NONE', #6828 ) ;
#10647 = VERTEX_POINT ( 'NONE', #3028 ) ;
#10648 = DIRECTION ( 'NONE',  ( -1.000000000000000000, -1.114860845743448580E-16, 0.000000000000000000 ) ) ;
#10649 = DIRECTION ( 'NONE',  ( -1.000000000000000000, -1.114860845743448580E-16, 0.000000000000000000 ) ) ;
#10650 = ORIENTED_EDGE ( 'NONE', *, *, #7537, .T. ) ;
#10651 = ORIENTED_EDGE ( 'NONE', *, *, #5974, .T. ) ;
#10652 = LINE ( 'NONE', #3072, #9672 ) ;
#10653 = LINE ( 'NONE', #2839, #238 ) ;
#10654 = EDGE_CURVE ( 'NONE', #1503, #507, #9811, .T. ) ;
#10655 = EDGE_LOOP ( 'NONE', ( #8246, #619 ) ) ;
#10656 = VERTEX_POINT ( 'NONE', #5164 ) ;
#10657 = ADVANCED_FACE ( 'NONE', ( #2270 ), #1982, .T. ) ;
#10658 = CARTESIAN_POINT ( 'NONE',  ( 86.34999999999998010, 24.15000000000000568, 1.000000000000000000 ) ) ;
#10659 = CARTESIAN_POINT ( 'NONE',  ( 77.80000000000005400, -20.79999999999998650, 25.00000000000000000 ) ) ;
#10660 = DIRECTION ( 'NONE',  ( -1.301042606982605321E-16, 1.000000000000000000, -0.000000000000000000 ) ) ;
#10661 = ORIENTED_EDGE ( 'NONE', *, *, #12101, .F. ) ;
#10662 = DIRECTION ( 'NONE',  ( -1.000000000000000000, 0.000000000000000000, 0.000000000000000000 ) ) ;
#10663 = ORIENTED_EDGE ( 'NONE', *, *, #3423, .F. ) ;
#10664 = VECTOR ( 'NONE', #4226, 1000.000000000000000 ) ;
#10665 = CARTESIAN_POINT ( 'NONE',  ( 52.19999999999992468, -23.80000000000001137, 10.00000000000000355 ) ) ;
#10666 = DIRECTION ( 'NONE',  ( 0.000000000000000000, 0.000000000000000000, -1.000000000000000000 ) ) ;
#10667 = CARTESIAN_POINT ( 'NONE',  ( -91.54999999999999716, 27.00000000000000355, 0.000000000000000000 ) ) ;
#10668 = CARTESIAN_POINT ( 'NONE',  ( -75.80000000000001137, 20.79999999999999005, 11.74999999999996270 ) ) ;
#10669 = EDGE_CURVE ( 'NONE', #1201, #1344, #4105, .T. ) ;
#10670 = LINE ( 'NONE', #11786, #1655 ) ;
#10671 = CARTESIAN_POINT ( 'NONE',  ( 91.34999999999998010, -32.99999999999997868, 5.000000000000000000 ) ) ;
#10672 = CARTESIAN_POINT ( 'NONE',  ( 39.69999999999996732, -57.98150098949683695, 18.44337567297406721 ) ) ;
#10673 = ORIENTED_EDGE ( 'NONE', *, *, #6636, .T. ) ;
#10674 = VERTEX_POINT ( 'NONE', #6765 ) ;
#10675 = CARTESIAN_POINT ( 'NONE',  ( -78.09289321881345813, 21.79999999999999005, 26.00000000000000355 ) ) ;
#10676 = CARTESIAN_POINT ( 'NONE',  ( 52.19999999999992468, 30.80000000000002558, 9.000000000000031974 ) ) ;
#10677 = VERTEX_POINT ( 'NONE', #7913 ) ;
#10678 = ADVANCED_FACE ( 'NONE', ( #7852 ), #9680, .T. ) ;
#10679 = EDGE_CURVE ( 'NONE', #7951, #12138, #11727, .T. ) ;
#10680 = ORIENTED_EDGE ( 'NONE', *, *, #6495, .T. ) ;
#10681 = ORIENTED_EDGE ( 'NONE', *, *, #7465, .T. ) ;
#10682 = LINE ( 'NONE', #2866, #6077 ) ;
#10683 = LINE ( 'NONE', #166, #8655 ) ;
#10684 = CARTESIAN_POINT ( 'NONE',  ( 50.19999999999999574, 30.80000000000002558, 10.99999999999997691 ) ) ;
#10685 = LINE ( 'NONE', #6035, #10259 ) ;
#10686 = DIRECTION ( 'NONE',  ( 0.8660254037844383745, 1.088633767200839429E-16, -0.5000000000000003331 ) ) ;
#10687 = DIRECTION ( 'NONE',  ( 0.7071067811865475727, -0.7071067811865475727, 0.000000000000000000 ) ) ;
#10688 = DIRECTION ( 'NONE',  ( -1.000000000000000000, 0.000000000000000000, -0.000000000000000000 ) ) ;
#10689 = LINE ( 'NONE', #246, #4208 ) ;
#10690 = DIRECTION ( 'NONE',  ( 0.000000000000000000, 0.000000000000000000, -1.000000000000000000 ) ) ;
#10691 = LINE ( 'NONE', #9767, #7384 ) ;
#10692 = ORIENTED_EDGE ( 'NONE', *, *, #4074, .T. ) ;
#10693 = FACE_OUTER_BOUND ( 'NONE', #8946, .T. ) ;
#10694 = VERTEX_POINT ( 'NONE', #10611 ) ;
#10695 = ORIENTED_EDGE ( 'NONE', *, *, #11283, .F. ) ;
#10696 = ORIENTED_EDGE ( 'NONE', *, *, #4309, .F. ) ;
#10697 = CARTESIAN_POINT ( 'NONE',  ( 82.80000000000003979, 21.21421356237307876, 25.00000000000000000 ) ) ;
#10698 = EDGE_CURVE ( 'NONE', #6491, #11106, #2146, .T. ) ;
#10699 = VERTEX_POINT ( 'NONE', #8860 ) ;
#10700 = LINE ( 'NONE', #2174, #10950 ) ;
#10701 = DIRECTION ( 'NONE',  ( 1.000000000000000000, 3.797971485444570149E-17, 0.000000000000000000 ) ) ;
#10702 = EDGE_LOOP ( 'NONE', ( #11897, #5033 ) ) ;
#10703 = DIRECTION ( 'NONE',  ( -0.000000000000000000, -0.000000000000000000, -1.000000000000000000 ) ) ;
#10704 = DIRECTION ( 'NONE',  ( 0.000000000000000000, 0.000000000000000000, 1.000000000000000000 ) ) ;
#10705 = ORIENTED_EDGE ( 'NONE', *, *, #5644, .F. ) ;
#10706 = ORIENTED_EDGE ( 'NONE', *, *, #6253, .T. ) ;
#10707 = EDGE_CURVE ( 'NONE', #7677, #11094, #4917, .T. ) ;
#10708 = CARTESIAN_POINT ( 'NONE',  ( -75.80000000000006821, 30.80000000000000782, 22.24999999999994316 ) ) ;
#10709 = DIRECTION ( 'NONE',  ( 0.000000000000000000, -0.000000000000000000, 1.000000000000000000 ) ) ;
#10710 = ORIENTED_EDGE ( 'NONE', *, *, #7192, .F. ) ;
#10711 = DIRECTION ( 'NONE',  ( 0.5773502691896260641, -0.5773502691896260641, 0.5773502691896250649 ) ) ;
#10712 = EDGE_LOOP ( 'NONE', ( #6152, #686, #7818, #2294 ) ) ;
#10713 = AXIS2_PLACEMENT_3D ( 'NONE', #5603, #2766, #6564 ) ;
#10714 = VECTOR ( 'NONE', #7381, 1000.000000000000000 ) ;
#10715 = VERTEX_POINT ( 'NONE', #1335 ) ;
#10716 = CARTESIAN_POINT ( 'NONE',  ( 1.199999999999963096, -57.98150098949683695, 14.11324865405187090 ) ) ;
#10717 = VECTOR ( 'NONE', #8522, 1000.000000000000114 ) ;
#10718 = CARTESIAN_POINT ( 'NONE',  ( -60.30000000000003268, -21.79999999999996874, 20.25000000000001776 ) ) ;
#10719 = DIRECTION ( 'NONE',  ( -0.000000000000000000, -0.000000000000000000, -1.000000000000000000 ) ) ;
#10720 = DIRECTION ( 'NONE',  ( 0.000000000000000000, -0.7071067811865646702, 0.7071067811865302533 ) ) ;
#10721 = VERTEX_POINT ( 'NONE', #8981 ) ;
#10722 = LINE ( 'NONE', #8850, #27 ) ;
#10723 = ORIENTED_EDGE ( 'NONE', *, *, #8147, .F. ) ;
#10724 = EDGE_CURVE ( 'NONE', #11760, #8022, #9745, .T. ) ;
#10725 = ORIENTED_EDGE ( 'NONE', *, *, #10698, .T. ) ;
#10726 = ADVANCED_FACE ( 'NONE', ( #1163 ), #3163, .T. ) ;
#10727 = LINE ( 'NONE', #8853, #4156 ) ;
#10728 = CARTESIAN_POINT ( 'NONE',  ( -89.34999999999998010, 27.00000000000000355, 4.499999999999970690 ) ) ;
#10729 = AXIS2_PLACEMENT_3D ( 'NONE', #2027, #8803, #11670 ) ;
#10730 = EDGE_CURVE ( 'NONE', #138, #10411, #8796, .T. ) ;
#10731 = VECTOR ( 'NONE', #7387, 1000.000000000000227 ) ;
#10732 = VECTOR ( 'NONE', #11265, 1000.000000000000114 ) ;
#10733 = VERTEX_POINT ( 'NONE', #3975 ) ;
#10734 = CARTESIAN_POINT ( 'NONE',  ( 37.19999999999995310, -21.80000000000002913, 14.11324865405187090 ) ) ;
#10735 = AXIS2_PLACEMENT_3D ( 'NONE', #7576, #2002, #8467 ) ;
#10736 = DIRECTION ( 'NONE',  ( -0.8660254037844385966, 0.000000000000000000, -0.5000000000000001110 ) ) ;
#10737 = ORIENTED_EDGE ( 'NONE', *, *, #2610, .T. ) ;
#10738 = EDGE_CURVE ( 'NONE', #1503, #2444, #4171, .T. ) ;
#10739 = AXIS2_PLACEMENT_3D ( 'NONE', #3579, #1130, #3259 ) ;
#10740 = ORIENTED_EDGE ( 'NONE', *, *, #3912, .F. ) ;
#10741 = EDGE_CURVE ( 'NONE', #5758, #3377, #4043, .T. ) ;
#10742 = FACE_OUTER_BOUND ( 'NONE', #10790, .T. ) ;
#10743 = CARTESIAN_POINT ( 'NONE',  ( -1.300000000000048006, 29.80000000000002203, 18.44337567297407077 ) ) ;
#10744 = ORIENTED_EDGE ( 'NONE', *, *, #12011, .T. ) ;
#10745 = ORIENTED_EDGE ( 'NONE', *, *, #9621, .T. ) ;
#10746 = AXIS2_PLACEMENT_3D ( 'NONE', #8453, #7494, #10389 ) ;
#10747 = EDGE_LOOP ( 'NONE', ( #5242, #298, #6865, #2197 ) ) ;
#10748 = DIRECTION ( 'NONE',  ( 1.000000000000000000, 1.301042606982605321E-16, -0.000000000000000000 ) ) ;
#10749 = CARTESIAN_POINT ( 'NONE',  ( -82.80000000000005400, -9.800000000000009592, 26.00000000000000355 ) ) ;
#10750 = DIRECTION ( 'NONE',  ( -0.8660254037844384856, -1.088633767200839429E-16, -0.5000000000000004441 ) ) ;
#10751 = CARTESIAN_POINT ( 'NONE',  ( 39.69999999999996021, -23.79999999999999361, 18.44337567297406721 ) ) ;
#10752 = CARTESIAN_POINT ( 'NONE',  ( -20.80000000000003268, 29.80000000000000071, 15.12361162513371404 ) ) ;
#10753 = AXIS2_PLACEMENT_3D ( 'NONE', #6420, #11948, #11010 ) ;
#10754 = ORIENTED_EDGE ( 'NONE', *, *, #9975, .F. ) ;
#10755 = DIRECTION ( 'NONE',  ( 0.8660254037844383745, 0.000000000000000000, 0.5000000000000004441 ) ) ;
#10756 = ORIENTED_EDGE ( 'NONE', *, *, #5471, .F. ) ;
#10757 = ORIENTED_EDGE ( 'NONE', *, *, #5066, .T. ) ;
#10758 = DIRECTION ( 'NONE',  ( 0.000000000000000000, 0.000000000000000000, -1.000000000000000000 ) ) ;
#10759 = ORIENTED_EDGE ( 'NONE', *, *, #1098, .F. ) ;
#10760 = CARTESIAN_POINT ( 'NONE',  ( -76.80000000000003979, 20.79999999999999005, 20.25000000000004619 ) ) ;
#10761 = VECTOR ( 'NONE', #705, 1000.000000000000114 ) ;
#10762 = CARTESIAN_POINT ( 'NONE',  ( -20.80000000000003268, 21.79999999999999361, 18.87638837486628063 ) ) ;
#10763 = DIRECTION ( 'NONE',  ( 1.000000000000000000, 3.469446951953611724E-16, 0.000000000000000000 ) ) ;
#10764 = EDGE_CURVE ( 'NONE', #8772, #9311, #224, .T. ) ;
#10765 = EDGE_CURVE ( 'NONE', #9933, #8244, #7787, .T. ) ;
#10766 = ORIENTED_EDGE ( 'NONE', *, *, #6562, .T. ) ;
#10767 = VECTOR ( 'NONE', #11846, 1000.000000000000000 ) ;
#10768 = ORIENTED_EDGE ( 'NONE', *, *, #9805, .F. ) ;
#10769 = ORIENTED_EDGE ( 'NONE', *, *, #8352, .F. ) ;
#10770 = DIRECTION ( 'NONE',  ( 0.7071067811865511255, -0.7071067811865439090, 0.000000000000000000 ) ) ;
#10771 = DIRECTION ( 'NONE',  ( -1.000000000000000000, -1.301042606982605321E-16, 0.000000000000000000 ) ) ;
#10772 = VECTOR ( 'NONE', #11030, 1000.000000000000000 ) ;
#10773 = CARTESIAN_POINT ( 'NONE',  ( 17.19999999999995666, -24.79999999999999361, 16.42264973081038448 ) ) ;
#10774 = VECTOR ( 'NONE', #11424, 1000.000000000000114 ) ;
#10775 = AXIS2_PLACEMENT_3D ( 'NONE', #4959, #4155, #10778 ) ;
#10776 = ORIENTED_EDGE ( 'NONE', *, *, #8444, .F. ) ;
#10777 = PLANE ( 'NONE',  #10521 ) ;
#10778 = DIRECTION ( 'NONE',  ( -0.7071067811865482389, 0.000000000000000000, -0.7071067811865469066 ) ) ;
#10779 = CARTESIAN_POINT ( 'NONE',  ( 77.80000000000005400, -20.79999999999998650, 22.99999999999997868 ) ) ;
#10780 = CARTESIAN_POINT ( 'NONE',  ( -20.80000000000002203, -57.98150098949684406, 15.12361162513371404 ) ) ;
#10781 = EDGE_CURVE ( 'NONE', #3746, #2050, #4975, .T. ) ;
#10782 = ORIENTED_EDGE ( 'NONE', *, *, #5414, .F. ) ;
#10783 = VECTOR ( 'NONE', #10277, 999.9999999999998863 ) ;
#10784 = FACE_OUTER_BOUND ( 'NONE', #6, .T. ) ;
#10785 = AXIS2_PLACEMENT_3D ( 'NONE', #181, #4067, #59 ) ;
#10786 = VECTOR ( 'NONE', #3042, 999.9999999999998863 ) ;
#10787 = ORIENTED_EDGE ( 'NONE', *, *, #8746, .T. ) ;
#10788 = CARTESIAN_POINT ( 'NONE',  ( -82.80000000000005400, -9.800000000000011369, 26.00000000000000355 ) ) ;
#10789 = LINE ( 'NONE', #2199, #11990 ) ;
#10790 = EDGE_LOOP ( 'NONE', ( #4832, #10092, #12252, #5950 ) ) ;
#10791 = LINE ( 'NONE', #4223, #2972 ) ;
#10792 = ORIENTED_EDGE ( 'NONE', *, *, #7299, .T. ) ;
#10793 = PLANE ( 'NONE',  #1634 ) ;
#10794 = LOCAL_TIME ( 15, 56, 57.00000000000000000, #4298 ) ;
#10795 = CARTESIAN_POINT ( 'NONE',  ( -91.34999999999998010, 33.00000000000000000, 5.000000000000000000 ) ) ;
#10796 = VECTOR ( 'NONE', #3572, 1000.000000000000000 ) ;
#10797 = EDGE_CURVE ( 'NONE', #3473, #7146, #8180, .T. ) ;
#10798 = ORIENTED_EDGE ( 'NONE', *, *, #10935, .T. ) ;
#10799 = EDGE_CURVE ( 'NONE', #6731, #3709, #8464, .T. ) ;
#10800 = DIRECTION ( 'NONE',  ( -0.6546536707079761985, -0.6546536707079855244, -0.3779644730092143190 ) ) ;
#10801 = EDGE_CURVE ( 'NONE', #12262, #3557, #6800, .T. ) ;
#10802 = CARTESIAN_POINT ( 'NONE',  ( -24.05000000000002913, -57.98150098949684406, 20.75277674973256836 ) ) ;
#10803 = ORIENTED_EDGE ( 'NONE', *, *, #5364, .T. ) ;
#10804 = EDGE_LOOP ( 'NONE', ( #2250, #6816, #11866, #1259, #1441, #5649 ) ) ;
#10805 = VECTOR ( 'NONE', #3220, 1000.000000000000000 ) ;
#10806 = LINE ( 'NONE', #11734, #9786 ) ;
#10807 = VECTOR ( 'NONE', #984, 1000.000000000000000 ) ;
#10808 = FACE_OUTER_BOUND ( 'NONE', #8248, .T. ) ;
#10809 = EDGE_LOOP ( 'NONE', ( #7235, #680, #11900, #3131 ) ) ;
#10810 = VERTEX_POINT ( 'NONE', #4721 ) ;
#10811 = EDGE_LOOP ( 'NONE', ( #2056, #7574, #5646, #11994 ) ) ;
#10812 = CARTESIAN_POINT ( 'NONE',  ( -39.55000000000005400, 20.79999999999999361, 26.00000000000000355 ) ) ;
#10813 = LINE ( 'NONE', #11805, #7244 ) ;
#10814 = DIRECTION ( 'NONE',  ( 1.000000000000000000, 1.114860845743448580E-16, 0.000000000000000000 ) ) ;
#10815 = VECTOR ( 'NONE', #11400, 1000.000000000000000 ) ;
#10816 = DIRECTION ( 'NONE',  ( -0.8660254037844397068, -9.654978140984318839E-17, -0.4999999999999980571 ) ) ;
#10817 = DIRECTION ( 'NONE',  ( -0.8660254037844384856, -1.088633767200839429E-16, 0.5000000000000002220 ) ) ;
#10818 = ADVANCED_FACE ( 'NONE', ( #7642 ), #9202, .F. ) ;
#10819 = CARTESIAN_POINT ( 'NONE',  ( -61.30000000000006821, 30.80000000000001137, 11.74999999999996092 ) ) ;
#10820 = DIRECTION ( 'NONE',  ( 0.7071067811865415775, 0.000000000000000000, 0.7071067811865535679 ) ) ;
#10821 = ORIENTED_EDGE ( 'NONE', *, *, #6812, .T. ) ;
#10822 = PLANE ( 'NONE',  #6905 ) ;
#10823 = VECTOR ( 'NONE', #12070, 1000.000000000000000 ) ;
#10824 = ORIENTED_EDGE ( 'NONE', *, *, #9701, .T. ) ;
#10825 = ORIENTED_EDGE ( 'NONE', *, *, #5502, .T. ) ;
#10826 = PLANE ( 'NONE',  #5116 ) ;
#10827 = DIRECTION ( 'NONE',  ( -1.000000000000000000, -1.114860845743448580E-16, 1.304303365396091250E-16 ) ) ;
#10828 = VERTEX_POINT ( 'NONE', #12267 ) ;
#10829 = PLANE ( 'NONE',  #2385 ) ;
#10830 = VECTOR ( 'NONE', #2005, 1000.000000000000000 ) ;
#10831 = DIRECTION ( 'NONE',  ( 3.797971485444570149E-17, -1.000000000000000000, 0.000000000000000000 ) ) ;
#10832 = VECTOR ( 'NONE', #1747, 1000.000000000000000 ) ;
#10833 = DIRECTION ( 'NONE',  ( -0.8660254037844383745, 0.000000000000000000, -0.5000000000000003331 ) ) ;
#10834 = ORIENTED_EDGE ( 'NONE', *, *, #11377, .T. ) ;
#10835 = ORIENTED_EDGE ( 'NONE', *, *, #7978, .T. ) ;
#10836 = DIRECTION ( 'NONE',  ( 0.000000000000000000, 0.000000000000000000, -1.000000000000000000 ) ) ;
#10837 = CARTESIAN_POINT ( 'NONE',  ( 51.19999999999995310, -21.79999999999996518, 10.99999999999998046 ) ) ;
#10838 = VERTEX_POINT ( 'NONE', #3711 ) ;
#10839 = VERTEX_POINT ( 'NONE', #4780 ) ;
#10840 = FACE_OUTER_BOUND ( 'NONE', #8687, .T. ) ;
#10841 = EDGE_CURVE ( 'NONE', #6768, #9637, #2054, .T. ) ;
#10842 = VERTEX_POINT ( 'NONE', #10467 ) ;
#10843 = EDGE_CURVE ( 'NONE', #11957, #9768, #10404, .T. ) ;
#10844 = LINE ( 'NONE', #11837, #2097 ) ;
#10845 = PLANE ( 'NONE',  #6955 ) ;
#10846 = CARTESIAN_POINT ( 'NONE',  ( -24.05000000000002913, -57.98150098949684406, 13.24722325026742809 ) ) ;
#10847 = ORIENTED_EDGE ( 'NONE', *, *, #3838, .F. ) ;
#10848 = CARTESIAN_POINT ( 'NONE',  ( 1.199999999999951994, 29.80000000000002203, 14.11324865405187090 ) ) ;
#10849 = ORIENTED_EDGE ( 'NONE', *, *, #2591, .F. ) ;
#10850 = VERTEX_POINT ( 'NONE', #841 ) ;
#10851 = EDGE_LOOP ( 'NONE', ( #11883, #7002, #8771, #9661 ) ) ;
#10852 = VECTOR ( 'NONE', #7802, 1000.000000000000000 ) ;
#10853 = EDGE_CURVE ( 'NONE', #10127, #9081, #4666, .T. ) ;
#10854 = DIRECTION ( 'NONE',  ( 0.000000000000000000, 0.000000000000000000, 1.000000000000000000 ) ) ;
#10855 = ORIENTED_EDGE ( 'NONE', *, *, #10587, .T. ) ;
#10856 = DIRECTION ( 'NONE',  ( -0.7071067811865474617, -8.888657488019555987E-17, -0.7071067811865474617 ) ) ;
#10857 = LINE ( 'NONE', #8096, #6386 ) ;
#10858 = ORIENTED_EDGE ( 'NONE', *, *, #1303, .F. ) ;
#10859 = ORIENTED_EDGE ( 'NONE', *, *, #4923, .T. ) ;
#10860 = VECTOR ( 'NONE', #1333, 1000.000000000000114 ) ;
#10861 = LINE ( 'NONE', #9997, #3373 ) ;
#10862 = ADVANCED_FACE ( 'NONE', ( #1825 ), #4895, .F. ) ;
#10863 = EDGE_CURVE ( 'NONE', #3285, #3204, #1020, .T. ) ;
#10864 = CARTESIAN_POINT ( 'NONE',  ( -77.80000000000006821, 30.80000000000000782, 13.75000000000001954 ) ) ;
#10865 = EDGE_LOOP ( 'NONE', ( #10222, #1392, #3055, #4700 ) ) ;
#10866 = EDGE_CURVE ( 'NONE', #5520, #6497, #11523, .T. ) ;
#10867 = EDGE_LOOP ( 'NONE', ( #2336, #5478, #4542, #11293 ) ) ;
#10868 = EDGE_LOOP ( 'NONE', ( #2182, #9782, #996, #1371 ) ) ;
#10869 = LINE ( 'NONE', #2343, #10125 ) ;
#10870 = FACE_OUTER_BOUND ( 'NONE', #7202, .T. ) ;
#10871 = DIRECTION ( 'NONE',  ( 0.000000000000000000, 0.000000000000000000, -1.000000000000000000 ) ) ;
#10872 = DIRECTION ( 'NONE',  ( -0.7071067811865450192, -0.7071067811865500152, 0.000000000000000000 ) ) ;
#10873 = DIRECTION ( 'NONE',  ( 2.019110820702740208E-15, 0.7071067811865474617, 0.7071067811865476838 ) ) ;
#10874 = CARTESIAN_POINT ( 'NONE',  ( 21.69999999999995666, 29.79999999999999361, 18.44337567297406721 ) ) ;
#10875 = EDGE_CURVE ( 'NONE', #3001, #2282, #9578, .T. ) ;
#10876 = LINE ( 'NONE', #2482, #7094 ) ;
#10877 = VERTEX_POINT ( 'NONE', #5814 ) ;
#10878 = PLANE ( 'NONE',  #9117 ) ;
#10879 = ADVANCED_FACE ( 'NONE', ( #8706 ), #122, .F. ) ;
#10880 = ORIENTED_EDGE ( 'NONE', *, *, #6269, .T. ) ;
#10881 = EDGE_CURVE ( 'NONE', #9258, #10101, #3322, .T. ) ;
#10882 = CARTESIAN_POINT ( 'NONE',  ( -91.34999999999998010, -34.99999999999998579, 4.500000000000018652 ) ) ;
#10883 = CONICAL_SURFACE ( 'NONE', #5487, 2.200000000000007283, 0.7853981633974407295 ) ;
#10884 = ORIENTED_EDGE ( 'NONE', *, *, #6228, .T. ) ;
#10885 = DIRECTION ( 'NONE',  ( 0.3535533905932738419, 0.7071067811865479058, 0.6123724356957940262 ) ) ;
#10886 = CARTESIAN_POINT ( 'NONE',  ( 16.69999999999994955, 21.80000000000003979, 15.55662432702593634 ) ) ;
#10887 = CARTESIAN_POINT ( 'NONE',  ( -91.34999999999998010, 35.00000000000000000, 5.000000000000000000 ) ) ;
#10888 = CARTESIAN_POINT ( 'NONE',  ( -81.80000000000003979, -20.79999999999999361, 26.00000000000000355 ) ) ;
#10889 = ORIENTED_EDGE ( 'NONE', *, *, #6625, .T. ) ;
#10890 = EDGE_CURVE ( 'NONE', #1633, #5155, #7826, .T. ) ;
#10891 = ORIENTED_EDGE ( 'NONE', *, *, #12279, .F. ) ;
#10892 = DIRECTION ( 'NONE',  ( -0.000000000000000000, -0.000000000000000000, -1.000000000000000000 ) ) ;
#10893 = DIRECTION ( 'NONE',  ( 0.8660254037844384856, 9.654978140984306513E-17, -0.5000000000000002220 ) ) ;
#10894 = ORIENTED_EDGE ( 'NONE', *, *, #261, .T. ) ;
#10895 = PLANE ( 'NONE',  #11775 ) ;
#10896 = CARTESIAN_POINT ( 'NONE',  ( -75.80000000000005400, -23.80000000000002913, 21.24999999999999289 ) ) ;
#10897 = ORIENTED_EDGE ( 'NONE', *, *, #8192, .T. ) ;
#10898 = DIRECTION ( 'NONE',  ( -0.8660254037844381525, -9.654978140984302816E-17, 0.5000000000000007772 ) ) ;
#10899 = CARTESIAN_POINT ( 'NONE',  ( 81.80000000000005400, -8.799999999999988276, 6.999999999999999112 ) ) ;
#10900 = CARTESIAN_POINT ( 'NONE',  ( 92.84999999999998010, -24.15000000000000568, 1.000000000000000000 ) ) ;
#10901 = DIRECTION ( 'NONE',  ( -0.7071067811865500152, -0.7071067811865450192, -0.000000000000000000 ) ) ;
#10902 = ORIENTED_EDGE ( 'NONE', *, *, #1092, .T. ) ;
#10903 = CARTESIAN_POINT ( 'NONE',  ( 19.19999999999995666, -20.79999999999999361, 21.04145188432735480 ) ) ;
#10904 = EDGE_CURVE ( 'NONE', #4248, #7071, #3264, .T. ) ;
#10905 = FACE_OUTER_BOUND ( 'NONE', #12302, .T. ) ;
#10906 = VECTOR ( 'NONE', #10247, 1000.000000000000000 ) ;
#10907 = DIRECTION ( 'NONE',  ( 0.000000000000000000, 0.000000000000000000, -1.000000000000000000 ) ) ;
#10909 = EDGE_LOOP ( 'NONE', ( #6674, #11961, #5314, #4952 ) ) ;
#10908 = VECTOR ( 'NONE', #5356, 1000.000000000000000 ) ;
#10910 = DIRECTION ( 'NONE',  ( 0.8660254037844385966, 9.654978140984307746E-17, -0.4999999999999999445 ) ) ;
#10911 = VECTOR ( 'NONE', #3370, 1000.000000000000114 ) ;
#10912 = DIRECTION ( 'NONE',  ( -0.000000000000000000, 0.7071067811865451302, 0.7071067811865500152 ) ) ;
#10914 = AXIS2_PLACEMENT_3D ( 'NONE', #2878, #5754, #7508 ) ;
#10913 = FACE_OUTER_BOUND ( 'NONE', #9400, .T. ) ;
#10915 = DIRECTION ( 'NONE',  ( -0.7071067811865474617, -8.888657488019557220E-17, -0.7071067811865474617 ) ) ;
#10916 = VERTEX_POINT ( 'NONE', #8770 ) ;
#10917 = VECTOR ( 'NONE', #11372, 1000.000000000000000 ) ;
#10918 = EDGE_LOOP ( 'NONE', ( #520, #7809, #10022, #3070 ) ) ;
#10919 = EDGE_CURVE ( 'NONE', #3288, #6147, #1370, .T. ) ;
#10920 = DATE_AND_TIME ( #4050, #2995 ) ;
#10921 = DIRECTION ( 'NONE',  ( -1.000000000000000000, 0.000000000000000000, 0.000000000000000000 ) ) ;
#10922 = VECTOR ( 'NONE', #9139, 1000.000000000000000 ) ;
#10923 = VERTEX_POINT ( 'NONE', #9780 ) ;
#10924 = DIRECTION ( 'NONE',  ( -0.7071067811865463515, 0.7071067811865487940, -0.000000000000000000 ) ) ;
#10925 = ORIENTED_EDGE ( 'NONE', *, *, #4838, .F. ) ;
#10926 = EDGE_LOOP ( 'NONE', ( #10787, #5786, #10849, #6410 ) ) ;
#10927 = FACE_OUTER_BOUND ( 'NONE', #7025, .T. ) ;
#10928 = LINE ( 'NONE', #9305, #2830 ) ;
#10929 = CARTESIAN_POINT ( 'NONE',  ( -26.30000000000003268, -24.79999999999999716, 18.29903810567667577 ) ) ;
#10930 = CARTESIAN_POINT ( 'NONE',  ( 92.84999999999998010, -24.15000000000000568, 1.000000000000000000 ) ) ;
#10931 = VERTEX_POINT ( 'NONE', #194 ) ;
#10932 = DIRECTION ( 'NONE',  ( -1.000000000000000000, 0.000000000000000000, 0.000000000000000000 ) ) ;
#10933 = ADVANCED_FACE ( 'NONE', ( #4200 ), #4014, .F. ) ;
#10934 = CYLINDRICAL_SURFACE ( 'NONE', #2996, 1.700000000000021050 ) ;
#10935 = EDGE_CURVE ( 'NONE', #10877, #2444, #4949, .T. ) ;
#10936 = CYLINDRICAL_SURFACE ( 'NONE', #3244, 1.700000000000021050 ) ;
#10937 = VERTEX_POINT ( 'NONE', #1199 ) ;
#10938 = DIRECTION ( 'NONE',  ( -0.5000000000000004441, -6.505213034913032767E-17, -0.8660254037844383745 ) ) ;
#10939 = CIRCLE ( 'NONE', #3761, 2.200000000000007283 ) ;
#10940 = VECTOR ( 'NONE', #12024, 1000.000000000000000 ) ;
#10941 = ORIENTED_EDGE ( 'NONE', *, *, #10679, .T. ) ;
#10942 = EDGE_LOOP ( 'NONE', ( #3544, #3338, #7120, #3990 ) ) ;
#10943 = EDGE_LOOP ( 'NONE', ( #2494, #7720, #5076, #11991, #10769, #12068 ) ) ;
#10944 = VECTOR ( 'NONE', #8454, 1000.000000000000000 ) ;
#10945 = EDGE_CURVE ( 'NONE', #9311, #7484, #381, .T. ) ;
#10946 = LINE ( 'NONE', #10886, #10002 ) ;
#10947 = EDGE_CURVE ( 'NONE', #548, #3732, #7950, .T. ) ;
#10948 = AXIS2_PLACEMENT_3D ( 'NONE', #4331, #3383, #11759 ) ;
#10949 = DIRECTION ( 'NONE',  ( 0.6546536707079749773, 0.6546536707079795292, -0.3779644730092266980 ) ) ;
#10950 = VECTOR ( 'NONE', #7944, 1000.000000000000114 ) ;
#10951 = LINE ( 'NONE', #4141, #12360 ) ;
#10952 = ADVANCED_FACE ( 'NONE', ( #11893 ), #449, .T. ) ;
#10953 = ORIENTED_EDGE ( 'NONE', *, *, #7537, .F. ) ;
#10954 = ORIENTED_EDGE ( 'NONE', *, *, #7663, .F. ) ;
#10955 = LINE ( 'NONE', #5142, #5725 ) ;
#10956 = ORIENTED_EDGE ( 'NONE', *, *, #6736, .F. ) ;
#10957 = ORIENTED_EDGE ( 'NONE', *, *, #5102, .F. ) ;
#10958 = LINE ( 'NONE', #2369, #1385 ) ;
#10959 = DIRECTION ( 'NONE',  ( 0.5773502691896257311, 0.5773502691896238437, 0.5773502691896279515 ) ) ;
#10960 = ORIENTED_EDGE ( 'NONE', *, *, #4326, .T. ) ;
#10961 = VECTOR ( 'NONE', #8951, 1000.000000000000000 ) ;
#10962 = CARTESIAN_POINT ( 'NONE',  ( 7.216449660063501736E-15, -20.79999999999997229, 26.00000000000000355 ) ) ;
#10963 = EDGE_CURVE ( 'NONE', #6366, #266, #6115, .T. ) ;
#10964 = LINE ( 'NONE', #3215, #2013 ) ;
#10965 = VECTOR ( 'NONE', #3365, 1000.000000000000000 ) ;
#10966 = CARTESIAN_POINT ( 'NONE',  ( -77.80000000000005400, 20.79999999999999005, 26.00000000000000355 ) ) ;
#10967 = DIRECTION ( 'NONE',  ( -0.000000000000000000, -0.000000000000000000, -1.000000000000000000 ) ) ;
#10968 = ADVANCED_FACE ( 'NONE', ( #2179 ), #8893, .F. ) ;
#10969 = ORIENTED_EDGE ( 'NONE', *, *, #2350, .T. ) ;
#10970 = ORIENTED_EDGE ( 'NONE', *, *, #72, .T. ) ;
#10971 = CYLINDRICAL_SURFACE ( 'NONE', #2953, 1.700000000000007061 ) ;
#10972 = ORIENTED_EDGE ( 'NONE', *, *, #4148, .T. ) ;
#10973 = VECTOR ( 'NONE', #12085, 1000.000000000000227 ) ;
#10974 = VERTEX_POINT ( 'NONE', #260 ) ;
#10975 = FACE_OUTER_BOUND ( 'NONE', #3067, .T. ) ;
#10976 = EDGE_CURVE ( 'NONE', #5774, #11145, #2186, .T. ) ;
#10977 = VECTOR ( 'NONE', #11331, 1000.000000000000114 ) ;
#10978 = AXIS2_PLACEMENT_3D ( 'NONE', #6522, #10709, #4081 ) ;
#10979 = VECTOR ( 'NONE', #10148, 1000.000000000000000 ) ;
#10980 = CARTESIAN_POINT ( 'NONE',  ( 76.80000000000008242, 30.80000000000002913, 9.000000000000028422 ) ) ;
#10981 = ORIENTED_EDGE ( 'NONE', *, *, #2631, .T. ) ;
#10982 = EDGE_LOOP ( 'NONE', ( #5640, #833, #9245, #3101 ) ) ;
#10983 = COORDINATED_UNIVERSAL_TIME_OFFSET ( 1, 0, .AHEAD. ) ;
#10984 = LINE ( 'NONE', #6145, #4633 ) ;
#10985 = FACE_OUTER_BOUND ( 'NONE', #6316, .T. ) ;
#10986 = ORIENTED_EDGE ( 'NONE', *, *, #1892, .T. ) ;
#10987 = CARTESIAN_POINT ( 'NONE',  ( -21.80000000000002913, -24.79999999999999716, 15.70096189432333667 ) ) ;
#10988 = AXIS2_PLACEMENT_3D ( 'NONE', #1066, #11627, #2989 ) ;
#10989 = EDGE_LOOP ( 'NONE', ( #5217, #2595, #2171, #8216 ) ) ;
#10990 = VECTOR ( 'NONE', #11681, 1000.000000000000000 ) ;
#10991 = EDGE_LOOP ( 'NONE', ( #7315, #3823, #9049, #11329 ) ) ;
#10992 = EDGE_CURVE ( 'NONE', #6830, #7916, #10951, .T. ) ;
#10993 = VERTEX_POINT ( 'NONE', #6994 ) ;
#10994 = LINE ( 'NONE', #7034, #12303 ) ;
#10995 = EDGE_CURVE ( 'NONE', #4784, #987, #2245, .T. ) ;
#10996 = FACE_OUTER_BOUND ( 'NONE', #818, .T. ) ;
#10997 = DIRECTION ( 'NONE',  ( -0.000000000000000000, -0.000000000000000000, -1.000000000000000000 ) ) ;
#10998 = DIRECTION ( 'NONE',  ( 0.7071067811865426878, -0.7071067811865524577, 0.000000000000000000 ) ) ;
#10999 = CARTESIAN_POINT ( 'NONE',  ( 91.34999999999998010, 34.50000000000000711, 5.000000000000000000 ) ) ;
#11000 = DIRECTION ( 'NONE',  ( -0.8660254037844397068, -9.654978140984320072E-17, -0.4999999999999980571 ) ) ;
#11001 = AXIS2_PLACEMENT_3D ( 'NONE', #3366, #615, #2290 ) ;
#11002 = DIRECTION ( 'NONE',  ( -0.3535533905932750631, -0.7071067811865450192, 0.6123724356957969128 ) ) ;
#11003 = CARTESIAN_POINT ( 'NONE',  ( 77.80000000000005400, -20.79999999999998650, 11.75000000000000178 ) ) ;
#11004 = ORIENTED_EDGE ( 'NONE', *, *, #11660, .T. ) ;
#11005 = LINE ( 'NONE', #10021, #934 ) ;
#11006 = VERTEX_POINT ( 'NONE', #12197 ) ;
#11007 = ORIENTED_EDGE ( 'NONE', *, *, #8100, .T. ) ;
#11008 = VECTOR ( 'NONE', #2805, 1000.000000000000000 ) ;
#11009 = VECTOR ( 'NONE', #10616, 1000.000000000000000 ) ;
#11010 = DIRECTION ( 'NONE',  ( 0.000000000000000000, 0.000000000000000000, 1.000000000000000000 ) ) ;
#11011 = ORIENTED_EDGE ( 'NONE', *, *, #9651, .F. ) ;
#11012 = ADVANCED_FACE ( 'NONE', ( #10087, #8495, #11237, #6266, #2404, #7331 ), #659, .F. ) ;
#11013 = CARTESIAN_POINT ( 'NONE',  ( 76.80000000000005400, 19.80000000000000782, 6.000000000000000888 ) ) ;
#11014 = VECTOR ( 'NONE', #9422, 999.9999999999998863 ) ;
#11015 = ORIENTED_EDGE ( 'NONE', *, *, #6253, .F. ) ;
#11016 = DIRECTION ( 'NONE',  ( 0.000000000000000000, 0.000000000000000000, 1.000000000000000000 ) ) ;
#11017 = ORIENTED_EDGE ( 'NONE', *, *, #1159, .T. ) ;
#11018 = EDGE_CURVE ( 'NONE', #11630, #3369, #8044, .T. ) ;
#11019 = DIRECTION ( 'NONE',  ( 0.8660254037844387076, 9.654978140984308979E-17, -0.4999999999999999445 ) ) ;
#11020 = CARTESIAN_POINT ( 'NONE',  ( -43.80000000000001137, -23.80000000000002558, 20.75277674973256481 ) ) ;
#11021 = VERTEX_POINT ( 'NONE', #1400 ) ;
#11022 = EDGE_CURVE ( 'NONE', #12334, #2393, #9050, .T. ) ;
#11023 = AXIS2_PLACEMENT_3D ( 'NONE', #2066, #9671, #3148 ) ;
#11024 = FACE_OUTER_BOUND ( 'NONE', #7821, .T. ) ;
#11025 = DIRECTION ( 'NONE',  ( -0.5773502691896263972, 0.5773502691896263972, 0.5773502691896245098 ) ) ;
#11026 = VERTEX_POINT ( 'NONE', #1459 ) ;
#11027 = ORIENTED_EDGE ( 'NONE', *, *, #10738, .T. ) ;
#11028 = DIRECTION ( 'NONE',  ( -0.000000000000000000, 0.000000000000000000, 1.000000000000000000 ) ) ;
#11029 = CARTESIAN_POINT ( 'NONE',  ( 50.19999999999999574, 30.80000000000002558, 26.00000000000000355 ) ) ;
#11030 = DIRECTION ( 'NONE',  ( 0.000000000000000000, -1.000000000000000000, 0.000000000000000000 ) ) ;
#11031 = ORIENTED_EDGE ( 'NONE', *, *, #809, .T. ) ;
#11032 = PLANE ( 'NONE',  #1877 ) ;
#11033 = CARTESIAN_POINT ( 'NONE',  ( -78.09289321881348656, -20.80000000000000426, 25.00000000000000000 ) ) ;
#11034 = EDGE_CURVE ( 'NONE', #3328, #9014, #11758, .T. ) ;
#11035 = EDGE_CURVE ( 'NONE', #9177, #10694, #8160, .T. ) ;
#11036 = CARTESIAN_POINT ( 'NONE',  ( -19.80000000000002558, -20.79999999999999716, 26.00000000000000355 ) ) ;
#11037 = LINE ( 'NONE', #720, #2875 ) ;
#11038 = CARTESIAN_POINT ( 'NONE',  ( -43.80000000000001847, -21.79999999999999361, 20.75277674973256836 ) ) ;
#11039 = EDGE_LOOP ( 'NONE', ( #2224, #6775, #11904, #9058 ) ) ;
#11040 = ORIENTED_EDGE ( 'NONE', *, *, #7762, .T. ) ;
#11041 = ADVANCED_FACE ( 'NONE', ( #5882, #10542, #8254, #12199, #6365, #4521, #12073, #3638 ), #2439, .F. ) ;
#11042 = ORIENTED_EDGE ( 'NONE', *, *, #2841, .F. ) ;
#11043 = CIRCLE ( 'NONE', #5648, 1.700000000000021050 ) ;
#11044 = ORIENTED_EDGE ( 'NONE', *, *, #3865, .T. ) ;
#11045 = ORIENTED_EDGE ( 'NONE', *, *, #5388, .F. ) ;
#11046 = ORIENTED_EDGE ( 'NONE', *, *, #2846, .F. ) ;
#11047 = CARTESIAN_POINT ( 'NONE',  ( -82.80000000000003979, 29.80000000000000782, 26.00000000000000355 ) ) ;
#11048 = VECTOR ( 'NONE', #12023, 1000.000000000000000 ) ;
#11049 = CARTESIAN_POINT ( 'NONE',  ( -86.34999999999998010, -24.15000000000000568, 1.000000000000000000 ) ) ;
#11050 = CARTESIAN_POINT ( 'NONE',  ( 93.34999999999999432, -29.85000000000004761, 3.000000000000000000 ) ) ;
#11051 = CARTESIAN_POINT ( 'NONE',  ( -76.80000000000002558, -21.79999999999996874, 20.25000000000001776 ) ) ;
#11052 = DIRECTION ( 'NONE',  ( 0.000000000000000000, 0.000000000000000000, 1.000000000000000000 ) ) ;
#11053 = PLANE ( 'NONE',  #4084 ) ;
#11054 = PLANE ( 'NONE',  #5606 ) ;
#11055 = DATE_AND_TIME ( #9186, #3602 ) ;
#11056 = LINE ( 'NONE', #2354, #5214 ) ;
#11057 = VECTOR ( 'NONE', #10750, 999.9999999999998863 ) ;
#11058 = AXIS2_PLACEMENT_3D ( 'NONE', #12031, #2327, #5282 ) ;
#11059 = EDGE_LOOP ( 'NONE', ( #4722, #7924, #6234, #4064 ) ) ;
#11060 = EDGE_CURVE ( 'NONE', #8166, #11675, #11196, .T. ) ;
#11061 = EDGE_LOOP ( 'NONE', ( #6067, #11588, #1357, #8153 ) ) ;
#11062 = PLANE ( 'NONE',  #1909 ) ;
#11063 = LINE ( 'NONE', #5259, #6890 ) ;
#11064 = ORIENTED_EDGE ( 'NONE', *, *, #1455, .T. ) ;
#11065 = LINE ( 'NONE', #2488, #7527 ) ;
#11066 = CARTESIAN_POINT ( 'NONE',  ( 52.19999999999992468, -24.79999999999999005, 21.00000000000003553 ) ) ;
#11067 = LINE ( 'NONE', #2490, #5342 ) ;
#11068 = LINE ( 'NONE', #2493, #3176 ) ;
#11069 = DIRECTION ( 'NONE',  ( 1.000000000000000000, 1.114860845743448580E-16, -1.304303365396091250E-16 ) ) ;
#11070 = ORIENTED_EDGE ( 'NONE', *, *, #9237, .T. ) ;
#11071 = ADVANCED_FACE ( 'NONE', ( #3443 ), #9136, .F. ) ;
#11072 = DIRECTION ( 'NONE',  ( 0.000000000000000000, 0.000000000000000000, -1.000000000000000000 ) ) ;
#11073 = ORIENTED_EDGE ( 'NONE', *, *, #3981, .T. ) ;
#11074 = FACE_OUTER_BOUND ( 'NONE', #97, .T. ) ;
#11075 = DIRECTION ( 'NONE',  ( 1.000000000000000000, 1.257045997084642365E-16, -1.051347561198065328E-16 ) ) ;
#11076 = ORIENTED_EDGE ( 'NONE', *, *, #2359, .T. ) ;
#11077 = CARTESIAN_POINT ( 'NONE',  ( 77.80000000000005400, 19.80000000000003268, 6.000000000000000000 ) ) ;
#11078 = DIRECTION ( 'NONE',  ( 0.7071067811865462405, 0.000000000000000000, -0.7071067811865487940 ) ) ;
#11079 = CARTESIAN_POINT ( 'NONE',  ( -60.30000000000003268, -23.80000000000002558, 13.74999999999996270 ) ) ;
#11080 = DIRECTION ( 'NONE',  ( -1.301042606982605321E-16, 1.000000000000000000, -0.000000000000000000 ) ) ;
#11081 = EDGE_CURVE ( 'NONE', #6331, #4260, #11068, .T. ) ;
#11082 = VERTEX_POINT ( 'NONE', #10149 ) ;
#11083 = CARTESIAN_POINT ( 'NONE',  ( 73.29711431702999391, -20.79999999999998650, 33.79922678357860377 ) ) ;
#11084 = ORIENTED_EDGE ( 'NONE', *, *, #9282, .F. ) ;
#11085 = LINE ( 'NONE', #3344, #581 ) ;
#11086 = CARTESIAN_POINT ( 'NONE',  ( 53.42211431702995128, 20.80000000000000426, 68.22373658401009777 ) ) ;
#11087 = DIRECTION ( 'NONE',  ( 0.5773502691896246208, 0.5773502691896283956, -0.5773502691896245098 ) ) ;
#11088 = LINE ( 'NONE', #11036, #481 ) ;
#11089 = CLOSED_SHELL ( 'NONE', ( #7463, #7718, #6872, #10818, #12222, #9032, #4738, #11953, #6857, #1999, #9264, #8821, #11703, #3030, #358, #4093, #8963, #7827, #11041, #11012, #247, #3841, #3102, #726, #3856, #6429, #5762, #7128, #1826, #4908, #8731, #10952, #385, #5554, #10678, #2656, #3451, #10933, #6962, #7255, #8909, #4712, #8496, #404, #8707, #850, #2822, #11245, #3385, #11359, #5538, #11554, #8822, #79, #11955, #4177, #8832, #4152, #6332, #7896, #9170, #9699, #1420, #4232, #9349, #5208, #5997, #10198, #2147, #5151, #941, #5664, #11886, #7597, #7097, #5953, #5460, #5929, #11911, #10657, #9478, #11856, #12207, #949, #3685, #901, #942, #10055, #5447, #2566, #8017, #1978, #8517, #7879, #2918, #11273, #6914, #12136, #5642, #7830, #1249, #11650, #1836, #7326, #9052, #10477, #5338, #4612, #1376, #8585, #11450, #5868, #5130, #11419, #159, #6309, #2615, #4971, #374, #3706, #8119, #9890, #6457, #5263, #2291, #946, #2220, #6956, #3944, #1434, #5597, #2608, #6043, #6027, #3896, #7430, #1523, #1041, #2552, #646, #1983, #12119, #4139, #8721, #6016, #10126, #11284, #7881, #6671, #8260, #3988, #10062, #6512, #3957, #1302, #5707, #8177, #5783, #2241, #11394, #5822, #383, #11449, #4569, #10879, #1161, #7970, #794, #7020, #11579, #1996, #529, #2768, #5883, #6781, #11941, #11867, #3201, #7187, #7072, #1272, #8125, #8947, #1103, #10351, #4697, #10862, #9790, #1184, #775, #805, #6428, #8234, #1119, #10968, #9804, #7098, #12025, #10155, #1395, #8040, #8212, #5602, #12384, #7084, #5225, #11925, #10613, #8263, #7910, #2237, #5510, #3474, #10164, #7423, #6825, #3955, #9481, #2539, #3554, #81, #927, #8207, #688, #11534, #11653, #9206, #714, #4766, #573, #11981, #5861, #1561, #11336, #5808, #6716, #1603, #5062, #7582, #8382, #3103, #11112, #6666, #838, #6479, #7898, #8274, #2858, #9096, #2985, #11823, #7233, #10424, #12156, #2033, #463, #1765, #3583, #7346, #3016, #9575, #1078, #94, #7169, #9719, #3150, #7339, #1134, #6126, #2727, #3858, #1529, #7525, #2986, #4351, #10361, #233, #6795, #4443, #858, #11476, #5663, #3310, #2907, #4673, #5372, #10112, #3160, #1638, #2635, #1604, #6337, #4555, #9207, #5233, #11406, #5708, #1915, #5202, #1207, #9594, #12343, #3653, #7030, #2708, #9666, #4970, #11322, #8665, #3123, #6434, #2685, #3350, #8801, #7253, #900, #9019, #10282, #329, #7685, #12146, #12009, #9903, #6155, #4456, #1147, #6187, #8230, #3077, #10546, #7892, #2470, #2051, #8933, #10066, #10558, #3837, #11239, #9777, #4526, #3317, #7189, #12245, #2221, #8545, #5220, #4090, #10504, #6837, #3172, #10600, #8894, #3297, #8958, #2332, #4718, #4167, #3381, #2773, #2252, #1002, #8433, #6268, #9192, #4836, #2128, #6351, #4856, #11789, #9236, #4079, #6783, #9423, #1484, #9677, #1811, #1029, #11838, #11662, #11404, #7281, #9971, #5010, #1762, #11140, #3827, #10492, #28, #6693, #11071, #2820, #873, #7952, #3666, #5061, #4806, #4475, #9820, #9576, #9293, #121, #11135, #7408, #12017, #7601, #5348, #4321, #3468, #10462, #5221, #10189, #7232, #1349, #699, #7646, #1306, #10642, #8471, #9502, #12294, #5696, #2538, #920, #9868, #6468, #8448, #6096, #4888, #9459, #7883, #8346, #9547, #8431, #4617, #7022, #569, #7206, #8852, #90, #6023, #6899, #8865, #5307, #2455, #10726, #2152, #983, #7258, #1497, #7491, #1473 ) ) ;
#11090 = EDGE_CURVE ( 'NONE', #5277, #8762, #7301, .T. ) ;
#11091 = EDGE_CURVE ( 'NONE', #7117, #7609, #9275, .T. ) ;
#11092 = CARTESIAN_POINT ( 'NONE',  ( -2.300000000000038014, 30.80000000000001847, 26.00000000000001066 ) ) ;
#11093 = ORIENTED_EDGE ( 'NONE', *, *, #963, .T. ) ;
#11094 = VERTEX_POINT ( 'NONE', #11453 ) ;
#11095 = EDGE_CURVE ( 'NONE', #10638, #5272, #9330, .T. ) ;
#11096 = EDGE_CURVE ( 'NONE', #7484, #11163, #3932, .T. ) ;
#11097 = DIRECTION ( 'NONE',  ( 0.000000000000000000, -0.000000000000000000, -1.000000000000000000 ) ) ;
#11098 = AXIS2_PLACEMENT_3D ( 'NONE', #5253, #12061, #3312 ) ;
#11099 = DIRECTION ( 'NONE',  ( -8.888657488019557220E-17, 0.7071067811865475727, -0.7071067811865475727 ) ) ;
#11100 = VECTOR ( 'NONE', #1412, 1000.000000000000000 ) ;
#11101 = DIRECTION ( 'NONE',  ( -0.7071067811865597852, 0.000000000000000000, 0.7071067811865352493 ) ) ;
#11102 = LINE ( 'NONE', #665, #11913 ) ;
#11103 = PLANE ( 'NONE',  #8525 ) ;
#11104 = ORIENTED_EDGE ( 'NONE', *, *, #4018, .F. ) ;
#11105 = AXIS2_PLACEMENT_3D ( 'NONE', #6499, #8528, #2939 ) ;
#11106 = VERTEX_POINT ( 'NONE', #3784 ) ;
#11107 = LINE ( 'NONE', #5481, #7100 ) ;
#11108 = CARTESIAN_POINT ( 'NONE',  ( -93.34999999999999432, 33.00000000000000000, 5.000000000000000000 ) ) ;
#11109 = CARTESIAN_POINT ( 'NONE',  ( -77.80000000000006821, 30.80000000000000782, 13.75000000000001954 ) ) ;
#11110 = CARTESIAN_POINT ( 'NONE',  ( -78.80000000000005400, 8.799999999999988276, 14.00000000000001954 ) ) ;
#11111 = FACE_OUTER_BOUND ( 'NONE', #4524, .T. ) ;
#11112 = ADVANCED_FACE ( 'NONE', ( #7770 ), #11591, .F. ) ;
#11113 = AXIS2_PLACEMENT_3D ( 'NONE', #8066, #557, #10079 ) ;
#11114 = LINE ( 'NONE', #4314, #4998 ) ;
#11115 = VECTOR ( 'NONE', #11970, 1000.000000000000000 ) ;
#11116 = LINE ( 'NONE', #6342, #8794 ) ;
#11117 = VECTOR ( 'NONE', #454, 1000.000000000000114 ) ;
#11118 = MECHANICAL_CONTEXT ( 'NONE', #743, 'mechanical' ) ;
#11119 = EDGE_CURVE ( 'NONE', #4019, #3188, #6814, .T. ) ;
#11120 = DIRECTION ( 'NONE',  ( -0.7071067811865462405, 0.7071067811865487940, 0.000000000000000000 ) ) ;
#11121 = ORIENTED_EDGE ( 'NONE', *, *, #644, .F. ) ;
#11122 = LINE ( 'NONE', #747, #1518 ) ;
#11123 = ORIENTED_EDGE ( 'NONE', *, *, #6111, .T. ) ;
#11124 = AXIS2_PLACEMENT_3D ( 'NONE', #2542, #8369, #3745 ) ;
#11125 = EDGE_LOOP ( 'NONE', ( #2725, #11, #1202, #8974 ) ) ;
#11126 = DIRECTION ( 'NONE',  ( -1.301042606982605321E-16, 1.000000000000000000, -0.000000000000000000 ) ) ;
#11127 = ORIENTED_EDGE ( 'NONE', *, *, #9974, .T. ) ;
#11128 = LINE ( 'NONE', #7236, #9991 ) ;
#11129 = DIRECTION ( 'NONE',  ( -0.000000000000000000, 1.000000000000000000, -0.000000000000000000 ) ) ;
#11130 = FACE_OUTER_BOUND ( 'NONE', #3161, .T. ) ;
#11131 = ORIENTED_EDGE ( 'NONE', *, *, #3612, .F. ) ;
#11132 = EDGE_LOOP ( 'NONE', ( #3535, #10884, #7562, #11046 ) ) ;
#11133 = DIRECTION ( 'NONE',  ( -1.301042606982605321E-16, 1.000000000000000000, -0.000000000000000000 ) ) ;
#11134 = CARTESIAN_POINT ( 'NONE',  ( -0.5857142857143425863, 29.08571428571430673, 15.96901737644709485 ) ) ;
#11135 = ADVANCED_FACE ( 'NONE', ( #6575 ), #1839, .F. ) ;
#11136 = ORIENTED_EDGE ( 'NONE', *, *, #8132, .T. ) ;
#11137 = AXIS2_PLACEMENT_3D ( 'NONE', #7179, #7632, #10515 ) ;
#11138 = VECTOR ( 'NONE', #3111, 1000.000000000000000 ) ;
#11139 = CARTESIAN_POINT ( 'NONE',  ( -19.80000000000003979, 20.79999999999999716, 19.45373864405589615 ) ) ;
#11140 = ADVANCED_FACE ( 'NONE', ( #11771 ), #1267, .T. ) ;
#11141 = EDGE_CURVE ( 'NONE', #9174, #12100, #3277, .T. ) ;
#11142 = DIRECTION ( 'NONE',  ( -0.7071067811865451302, -0.7071067811865500152, -0.000000000000000000 ) ) ;
#11143 = DIRECTION ( 'NONE',  ( -0.000000000000000000, 0.7071067811865474617, -0.7071067811865474617 ) ) ;
#11144 = VECTOR ( 'NONE', #1449, 1000.000000000000000 ) ;
#11145 = VERTEX_POINT ( 'NONE', #7008 ) ;
#11146 = PLANE ( 'NONE',  #1520 ) ;
#11147 = CARTESIAN_POINT ( 'NONE',  ( 21.69999999999996732, -57.98150098949683695, 18.44337567297406721 ) ) ;
#11148 = EDGE_LOOP ( 'NONE', ( #7266, #2157, #6660, #3681 ) ) ;
#11149 = LINE ( 'NONE', #412, #10664 ) ;
#11150 = LINE ( 'NONE', #2516, #9039 ) ;
#11151 = DIRECTION ( 'NONE',  ( -0.8660254037844383745, 0.000000000000000000, 0.5000000000000004441 ) ) ;
#11152 = EDGE_CURVE ( 'NONE', #7611, #6556, #7899, .T. ) ;
#11153 = VECTOR ( 'NONE', #3066, 1000.000000000000000 ) ;
#11154 = CARTESIAN_POINT ( 'NONE',  ( -89.34999999999998010, 27.00000000000000355, 4.499999999999970690 ) ) ;
#11155 = ORIENTED_EDGE ( 'NONE', *, *, #11624, .F. ) ;
#11156 = ORIENTED_EDGE ( 'NONE', *, *, #2231, .F. ) ;
#11157 = LINE ( 'NONE', #8550, #1223 ) ;
#11158 = DIRECTION ( 'NONE',  ( -0.6546536707079848583, -0.6546536707079689821, -0.3779644730092280303 ) ) ;
#11159 = CARTESIAN_POINT ( 'NONE',  ( 84.33950428677968603, -11.33950428677961852, 12.94810288271127874 ) ) ;
#11160 = EDGE_LOOP ( 'NONE', ( #2674, #10398, #10237, #3374 ) ) ;
#11161 = EDGE_CURVE ( 'NONE', #3080, #11916, #5086, .T. ) ;
#11162 = EDGE_CURVE ( 'NONE', #3301, #9378, #8907, .T. ) ;
#11163 = VERTEX_POINT ( 'NONE', #4281 ) ;
#11164 = AXIS2_PLACEMENT_3D ( 'NONE', #10318, #816, #7548 ) ;
#11165 = AXIS2_PLACEMENT_3D ( 'NONE', #4464, #9078, #8257 ) ;
#11166 = AXIS2_PLACEMENT_3D ( 'NONE', #758, #631, #2625 ) ;
#11167 = ORIENTED_EDGE ( 'NONE', *, *, #3138, .F. ) ;
#11168 = DIRECTION ( 'NONE',  ( -0.8660254037844387076, -9.654978140984307746E-17, -0.4999999999999998335 ) ) ;
#11169 = EDGE_CURVE ( 'NONE', #6070, #9582, #8084, .T. ) ;
#11170 = LINE ( 'NONE', #5423, #4027 ) ;
#11171 = CARTESIAN_POINT ( 'NONE',  ( 33.69999999999997442, 20.80000000000000426, 14.97927405783631194 ) ) ;
#11172 = CARTESIAN_POINT ( 'NONE',  ( 50.56538568297007430, -20.79999999999999005, -21.17173572163869721 ) ) ;
#11173 = CARTESIAN_POINT ( 'NONE',  ( -82.80000000000002558, -30.80000000000002913, 6.999999999999999112 ) ) ;
#11174 = DIRECTION ( 'NONE',  ( -0.7071067811865475727, 0.7071067811865475727, 0.000000000000000000 ) ) ;
#11175 = ORIENTED_EDGE ( 'NONE', *, *, #8191, .F. ) ;
#11176 = APPROVAL_STATUS ( 'not_yet_approved' ) ;
#11177 = FACE_BOUND ( 'NONE', #8392, .T. ) ;
#11178 = CIRCLE ( 'NONE', #3393, 2.200000000000007283 ) ;
#11179 = AXIS2_PLACEMENT_3D ( 'NONE', #1112, #8174, #11052 ) ;
#11180 = ORIENTED_EDGE ( 'NONE', *, *, #2308, .T. ) ;
#11181 = PLANE ( 'NONE',  #8319 ) ;
#11182 = FACE_OUTER_BOUND ( 'NONE', #6915, .T. ) ;
#11183 = ORIENTED_EDGE ( 'NONE', *, *, #10904, .F. ) ;
#11184 = ORIENTED_EDGE ( 'NONE', *, *, #12, .F. ) ;
#11185 = LINE ( 'NONE', #10199, #1913 ) ;
#11186 = ORIENTED_EDGE ( 'NONE', *, *, #9295, .F. ) ;
#11187 = CARTESIAN_POINT ( 'NONE',  ( 78.30000000000005400, -9.299999999999990052, 7.499999999999999112 ) ) ;
#11188 = LOCAL_TIME ( 15, 56, 57.00000000000000000, #1665 ) ;
#11189 = LINE ( 'NONE', #7173, #5590 ) ;
#11190 = VECTOR ( 'NONE', #2881, 1000.000000000000000 ) ;
#11191 = DIRECTION ( 'NONE',  ( -0.7071067811865474617, -8.888657488019557220E-17, -0.7071067811865474617 ) ) ;
#11192 = CARTESIAN_POINT ( 'NONE',  ( -86.34999999999998010, -29.85000000000000142, 1.000000000000000000 ) ) ;
#11193 = DIRECTION ( 'NONE',  ( -0.8660254037844388186, -1.088633767200840046E-16, -0.4999999999999996669 ) ) ;
#11194 = LINE ( 'NONE', #2627, #4162 ) ;
#11195 = FACE_OUTER_BOUND ( 'NONE', #10069, .T. ) ;
#11196 = LINE ( 'NONE', #1486, #6549 ) ;
#11197 = CARTESIAN_POINT ( 'NONE',  ( 0.6999999999999532152, -24.79999999999999361, 14.97927405783630306 ) ) ;
#11198 = VERTEX_POINT ( 'NONE', #3337 ) ;
#11199 = CARTESIAN_POINT ( 'NONE',  ( -59.30000000000006111, -20.80000000000000071, 20.25000000000001776 ) ) ;
#11200 = VECTOR ( 'NONE', #7626, 1000.000000000000114 ) ;
#11201 = ORIENTED_EDGE ( 'NONE', *, *, #3324, .F. ) ;
#11202 = ORIENTED_EDGE ( 'NONE', *, *, #504, .T. ) ;
#11203 = VECTOR ( 'NONE', #6264, 1000.000000000000000 ) ;
#11204 = EDGE_CURVE ( 'NONE', #6768, #3369, #1383, .T. ) ;
#11205 = DIRECTION ( 'NONE',  ( 0.000000000000000000, 0.000000000000000000, 1.000000000000000000 ) ) ;
#11206 = DIRECTION ( 'NONE',  ( 0.7071067811865474617, 8.888657488019555987E-17, 0.7071067811865474617 ) ) ;
#11207 = ORIENTED_EDGE ( 'NONE', *, *, #9053, .T. ) ;
#11208 = DIRECTION ( 'NONE',  ( -1.000000000000000000, 0.000000000000000000, 0.000000000000000000 ) ) ;
#11209 = AXIS2_PLACEMENT_3D ( 'NONE', #1340, #5168, #421 ) ;
#11210 = LINE ( 'NONE', #3770, #360 ) ;
#11211 = DIRECTION ( 'NONE',  ( -1.000000000000000000, -1.301042606982605321E-16, 0.000000000000000000 ) ) ;
#11212 = EDGE_LOOP ( 'NONE', ( #8942, #6103 ) ) ;
#11213 = ORIENTED_EDGE ( 'NONE', *, *, #10553, .F. ) ;
#11214 = CC_DESIGN_PERSON_AND_ORGANIZATION_ASSIGNMENT ( #12121, #3553, ( #6381 ) ) ;
#11215 = VECTOR ( 'NONE', #4659, 999.9999999999998863 ) ;
#11216 = CARTESIAN_POINT ( 'NONE',  ( 82.80000000000005400, -9.799999999999990052, 13.58578643762692018 ) ) ;
#11217 = CARTESIAN_POINT ( 'NONE',  ( -24.05000000000021032, -4.409889804865882112, -9.142547431286660142 ) ) ;
#11218 = CARTESIAN_POINT ( 'NONE',  ( -47.05000000000003979, 29.79999999999997939, 15.12361162513371760 ) ) ;
#11219 = PLANE ( 'NONE',  #4354 ) ;
#11220 = PLANE ( 'NONE',  #225 ) ;
#11221 = DIRECTION ( 'NONE',  ( 1.000000000000000000, 0.000000000000000000, 0.000000000000000000 ) ) ;
#11222 = VERTEX_POINT ( 'NONE', #4157 ) ;
#11223 = VERTEX_POINT ( 'NONE', #7127 ) ;
#11224 = CARTESIAN_POINT ( 'NONE',  ( -19.89450610455433122, -22.89450610455429924, 19.39917551915140947 ) ) ;
#11225 = CARTESIAN_POINT ( 'NONE',  ( -87.64999999999996305, 27.00000000000000355, 3.000000000000000000 ) ) ;
#11226 = CARTESIAN_POINT ( 'NONE',  ( -61.30000000000000426, 21.79999999999995808, 21.24999999999999289 ) ) ;
#11227 = ORIENTED_EDGE ( 'NONE', *, *, #9746, .T. ) ;
#11228 = EDGE_CURVE ( 'NONE', #1311, #9936, #9792, .T. ) ;
#11229 = LINE ( 'NONE', #12107, #5330 ) ;
#11230 = DIRECTION ( 'NONE',  ( -0.5000000000000000000, -6.505213034913027837E-17, 0.8660254037844387076 ) ) ;
#11231 = ORIENTED_EDGE ( 'NONE', *, *, #5957, .F. ) ;
#11232 = EDGE_LOOP ( 'NONE', ( #4272, #11723, #8102, #8145, #9069, #4465, #8479, #12062 ) ) ;
#11233 = CARTESIAN_POINT ( 'NONE',  ( -77.80000000000005400, 20.79999999999999005, 20.25000000000004619 ) ) ;
#11234 = DIRECTION ( 'NONE',  ( 1.000000000000000000, 1.114860845743448580E-16, -1.304303365396091250E-16 ) ) ;
#11235 = DIRECTION ( 'NONE',  ( -0.7071067811865597852, 0.000000000000000000, 0.7071067811865352493 ) ) ;
#11236 = PLANE ( 'NONE',  #1991 ) ;
#11237 = FACE_BOUND ( 'NONE', #2341, .T. ) ;
#11238 = EDGE_CURVE ( 'NONE', #11850, #10694, #11712, .T. ) ;
#11239 = ADVANCED_FACE ( 'NONE', ( #2380 ), #6192, .T. ) ;
#11240 = VERTEX_POINT ( 'NONE', #6128 ) ;
#11241 = COORDINATED_UNIVERSAL_TIME_OFFSET ( 1, 0, .AHEAD. ) ;
#11242 = CARTESIAN_POINT ( 'NONE',  ( 77.80000000000005400, -57.98150098949682985, 22.00000000000000355 ) ) ;
#11243 = CARTESIAN_POINT ( 'NONE',  ( 77.80000000000005400, -20.79999999999998650, 22.24999999999996447 ) ) ;
#11244 = ORIENTED_EDGE ( 'NONE', *, *, #9408, .F. ) ;
#11245 = ADVANCED_FACE ( 'NONE', ( #10045, #2194 ), #9978, .T. ) ;
#11246 = PLANE ( 'NONE',  #5908 ) ;
#11247 = CARTESIAN_POINT ( 'NONE',  ( 89.34999999999998010, 27.00000000000000355, 5.000000000000000000 ) ) ;
#11248 = ORIENTED_EDGE ( 'NONE', *, *, #9108, .F. ) ;
#11249 = AXIS2_PLACEMENT_3D ( 'NONE', #5852, #9693, #169 ) ;
#11250 = CIRCLE ( 'NONE', #7661, 1.700000000000021050 ) ;
#11251 = ORIENTED_EDGE ( 'NONE', *, *, #8719, .F. ) ;
#11252 = VERTEX_POINT ( 'NONE', #3078 ) ;
#11253 = CARTESIAN_POINT ( 'NONE',  ( 93.35000000000000853, 33.00000000000000000, 4.500000000000018652 ) ) ;
#11254 = LINE ( 'NONE', #12010, #1380 ) ;
#11255 = CARTESIAN_POINT ( 'NONE',  ( 93.34999999999999432, 24.15000000000000568, 1.000000000000000000 ) ) ;
#11256 = FACE_OUTER_BOUND ( 'NONE', #9863, .T. ) ;
#11257 = FACE_OUTER_BOUND ( 'NONE', #1209, .T. ) ;
#11258 = CARTESIAN_POINT ( 'NONE',  ( -1.300000000000041789, -21.79999999999997229, 18.44337567297407077 ) ) ;
#11259 = EDGE_CURVE ( 'NONE', #7071, #480, #462, .T. ) ;
#11260 = AXIS2_PLACEMENT_3D ( 'NONE', #11975, #10227, #652 ) ;
#11261 = EDGE_CURVE ( 'NONE', #8, #9445, #1215, .T. ) ;
#11262 = FACE_OUTER_BOUND ( 'NONE', #651, .T. ) ;
#11263 = DIRECTION ( 'NONE',  ( 1.000000000000000000, 0.000000000000000000, 0.000000000000000000 ) ) ;
#11264 = EDGE_CURVE ( 'NONE', #9784, #6663, #4092, .T. ) ;
#11265 = DIRECTION ( 'NONE',  ( -0.7071067811865474617, -8.888657488019555987E-17, 0.7071067811865474617 ) ) ;
#11266 = ORIENTED_EDGE ( 'NONE', *, *, #2395, .F. ) ;
#11267 = CARTESIAN_POINT ( 'NONE',  ( -77.79999999999999716, -20.80000000000000426, 26.00000000000000355 ) ) ;
#11268 = ORIENTED_EDGE ( 'NONE', *, *, #8080, .T. ) ;
#11269 = PLANE ( 'NONE',  #11105 ) ;
#11270 = CARTESIAN_POINT ( 'NONE',  ( 19.19999999999995666, -23.79999999999999716, 19.88675134594813443 ) ) ;
#11271 = CARTESIAN_POINT ( 'NONE',  ( -86.34999999999998010, 29.85000000000000142, 1.000000000000000000 ) ) ;
#11272 = DIRECTION ( 'NONE',  ( -0.8660254037844383745, 0.000000000000000000, 0.5000000000000004441 ) ) ;
#11273 = ADVANCED_FACE ( 'NONE', ( #9286 ), #8144, .F. ) ;
#11274 = ORIENTED_EDGE ( 'NONE', *, *, #1382, .F. ) ;
#11275 = ORIENTED_EDGE ( 'NONE', *, *, #10577, .F. ) ;
#11276 = CARTESIAN_POINT ( 'NONE',  ( 58.35961431703001523, 20.80000000000000426, 59.67173572163870432 ) ) ;
#11277 = CARTESIAN_POINT ( 'NONE',  ( -61.30000000000000426, -20.80000000000000071, 12.74999999999998934 ) ) ;
#11278 = EDGE_LOOP ( 'NONE', ( #1270, #2843, #7032, #9448 ) ) ;
#11279 = CARTESIAN_POINT ( 'NONE',  ( 92.85000000000000853, 33.00000000000000000, 5.000000000000000000 ) ) ;
#11280 = DIRECTION ( 'NONE',  ( 0.7071067811865474617, 0.000000000000000000, -0.7071067811865474617 ) ) ;
#11281 = DIRECTION ( 'NONE',  ( 0.000000000000000000, -0.7071067811865466846, 0.7071067811865483499 ) ) ;
#11282 = CARTESIAN_POINT ( 'NONE',  ( -48.04999999999999716, 20.79999999999999361, 19.45373864405588549 ) ) ;
#11283 = EDGE_CURVE ( 'NONE', #11969, #5935, #11966, .T. ) ;
#11284 = ADVANCED_FACE ( 'NONE', ( #9345 ), #10219, .F. ) ;
#11285 = VERTEX_POINT ( 'NONE', #579 ) ;
#11286 = LINE ( 'NONE', #2716, #8573 ) ;
#11287 = DIRECTION ( 'NONE',  ( -0.6546536707079774198, -0.6546536707079774198, -0.3779644730092263649 ) ) ;
#11288 = LINE ( 'NONE', #11422, #8619 ) ;
#11289 = CARTESIAN_POINT ( 'NONE',  ( 1.200000000000048139, -7.486538766562630620, 38.72391381502666263 ) ) ;
#11290 = ORIENTED_EDGE ( 'NONE', *, *, #11938, .F. ) ;
#11291 = LINE ( 'NONE', #7336, #1725 ) ;
#11292 = CARTESIAN_POINT ( 'NONE',  ( 52.19999999999992468, -21.79999999999996163, 10.00000000000000355 ) ) ;
#11293 = ORIENTED_EDGE ( 'NONE', *, *, #3769, .F. ) ;
#11294 = DIRECTION ( 'NONE',  ( -0.7071067811865574537, -7.883256641045731316E-17, -0.7071067811865376918 ) ) ;
#11295 = DIRECTION ( 'NONE',  ( -0.7071067811865422437, 0.000000000000000000, -0.7071067811865529018 ) ) ;
#11296 = FACE_OUTER_BOUND ( 'NONE', #2587, .T. ) ;
#11297 = LINE ( 'NONE', #7417, #2891 ) ;
#11298 = EDGE_CURVE ( 'NONE', #8952, #182, #5462, .T. ) ;
#11299 = LINE ( 'NONE', #10370, #2185 ) ;
#11300 = EDGE_CURVE ( 'NONE', #4601, #11402, #8405, .T. ) ;
#11301 = CARTESIAN_POINT ( 'NONE',  ( -24.05000000000003979, -24.79999999999999716, 14.40192378864667333 ) ) ;
#11302 = VECTOR ( 'NONE', #5662, 1000.000000000000114 ) ;
#11303 = ORIENTED_EDGE ( 'NONE', *, *, #9621, .F. ) ;
#11304 = VECTOR ( 'NONE', #10997, 1000.000000000000000 ) ;
#11305 = DIRECTION ( 'NONE',  ( 1.304303365396091250E-16, 1.696954250811116188E-32, 1.000000000000000000 ) ) ;
#11306 = DIRECTION ( 'NONE',  ( -0.000000000000000000, -0.000000000000000000, -1.000000000000000000 ) ) ;
#11307 = ORIENTED_EDGE ( 'NONE', *, *, #4290, .T. ) ;
#11308 = CARTESIAN_POINT ( 'NONE',  ( 37.19999999999993889, 20.80000000000000426, 12.95854811567263809 ) ) ;
#11309 = CARTESIAN_POINT ( 'NONE',  ( 89.34999999999998010, -27.00000000000000355, 4.499999999999970690 ) ) ;
#11310 = VECTOR ( 'NONE', #4957, 1000.000000000000000 ) ;
#11311 = ORIENTED_EDGE ( 'NONE', *, *, #4900, .F. ) ;
#11312 = ORIENTED_EDGE ( 'NONE', *, *, #12019, .F. ) ;
#11313 = ORIENTED_EDGE ( 'NONE', *, *, #5381, .F. ) ;
#11314 = VECTOR ( 'NONE', #12064, 1000.000000000000000 ) ;
#11315 = CARTESIAN_POINT ( 'NONE',  ( -19.79999999999999716, 30.80000000000001492, 19.45373864405592101 ) ) ;
#11316 = PLANE ( 'NONE',  #2452 ) ;
#11317 = CARTESIAN_POINT ( 'NONE',  ( 41.78653876656256472, -28.88653876656269759, 19.64803939152369239 ) ) ;
#11318 = DIRECTION ( 'NONE',  ( 0.8660254037844387076, 9.654978140984308979E-17, 0.4999999999999998335 ) ) ;
#11319 = VECTOR ( 'NONE', #10649, 1000.000000000000000 ) ;
#11320 = CARTESIAN_POINT ( 'NONE',  ( 91.54999999999999716, -27.00000000000000355, 0.000000000000000000 ) ) ;
#11321 = LINE ( 'NONE', #5448, #5956 ) ;
#11322 = ADVANCED_FACE ( 'NONE', ( #12145 ), #10346, .T. ) ;
#11323 = AXIS2_PLACEMENT_3D ( 'NONE', #10962, #6374, #1636 ) ;
#11324 = DIRECTION ( 'NONE',  ( 0.000000000000000000, 0.000000000000000000, 1.000000000000000000 ) ) ;
#11325 = DIRECTION ( 'NONE',  ( 1.811147503197967476E-16, -0.7071067811865440200, 0.7071067811865511255 ) ) ;
#11326 = ORIENTED_EDGE ( 'NONE', *, *, #4379, .F. ) ;
#11327 = AXIS2_PLACEMENT_3D ( 'NONE', #6215, #8048, #5296 ) ;
#11328 = DIRECTION ( 'NONE',  ( 0.8660254037844383745, 0.000000000000000000, 0.5000000000000004441 ) ) ;
#11329 = ORIENTED_EDGE ( 'NONE', *, *, #10338, .F. ) ;
#11330 = LINE ( 'NONE', #8643, #2105 ) ;
#11331 = DIRECTION ( 'NONE',  ( 0.7071067811865500152, -0.7071067811865451302, -0.000000000000000000 ) ) ;
#11332 = EDGE_CURVE ( 'NONE', #5241, #8886, #1758, .T. ) ;
#11333 = ORIENTED_EDGE ( 'NONE', *, *, #8615, .T. ) ;
#11334 = EDGE_CURVE ( 'NONE', #296, #3301, #6252, .T. ) ;
#11335 = FACE_OUTER_BOUND ( 'NONE', #684, .T. ) ;
#11336 = ADVANCED_FACE ( 'NONE', ( #9223 ), #1637, .F. ) ;
#11337 = ORIENTED_EDGE ( 'NONE', *, *, #4646, .F. ) ;
#11338 = ORIENTED_EDGE ( 'NONE', *, *, #10207, .F. ) ;
#11339 = LINE ( 'NONE', #3839, #9552 ) ;
#11340 = LINE ( 'NONE', #6379, #6954 ) ;
#11341 = VERTEX_POINT ( 'NONE', #2449 ) ;
#11342 = DIRECTION ( 'NONE',  ( 0.000000000000000000, 0.000000000000000000, -1.000000000000000000 ) ) ;
#11343 = VECTOR ( 'NONE', #4345, 1000.000000000000000 ) ;
#11344 = CARTESIAN_POINT ( 'NONE',  ( -81.80000000000005400, 8.799999999999988276, 14.00000000000001954 ) ) ;
#11345 = EDGE_CURVE ( 'NONE', #3395, #1188, #9151, .T. ) ;
#11346 = DIRECTION ( 'NONE',  ( -1.000000000000000000, 0.000000000000000000, 0.000000000000000000 ) ) ;
#11347 = DIRECTION ( 'NONE',  ( -1.000000000000000000, 0.000000000000000000, -0.000000000000000000 ) ) ;
#11348 = EDGE_CURVE ( 'NONE', #10063, #7620, #2641, .T. ) ;
#11349 = DIRECTION ( 'NONE',  ( 0.8660254037844385966, 9.654978140984306513E-17, 0.5000000000000001110 ) ) ;
#11350 = DIRECTION ( 'NONE',  ( -0.3535533905932733423, 0.7071067811865491270, -0.6123724356957929160 ) ) ;
#11351 = VECTOR ( 'NONE', #506, 1000.000000000000000 ) ;
#11352 = ORIENTED_EDGE ( 'NONE', *, *, #168, .T. ) ;
#11353 = ORIENTED_EDGE ( 'NONE', *, *, #10050, .T. ) ;
#11354 = DIRECTION ( 'NONE',  ( 0.7071067811865462405, 0.000000000000000000, 0.7071067811865489050 ) ) ;
#11355 = FACE_OUTER_BOUND ( 'NONE', #5790, .T. ) ;
#11356 = DIRECTION ( 'NONE',  ( 1.000000000000000000, 0.000000000000000000, -0.000000000000000000 ) ) ;
#11357 = DIRECTION ( 'NONE',  ( -1.301042606982605321E-16, 1.000000000000000000, -0.000000000000000000 ) ) ;
#11358 = ORIENTED_EDGE ( 'NONE', *, *, #9320, .F. ) ;
#11359 = ADVANCED_FACE ( 'NONE', ( #7252 ), #2504, .F. ) ;
#11360 = ORIENTED_EDGE ( 'NONE', *, *, #1194, .T. ) ;
#11361 = PLANE ( 'NONE',  #6036 ) ;
#11362 = CARTESIAN_POINT ( 'NONE',  ( 89.34999999999998010, 27.00000000000000355, 5.000000000000000000 ) ) ;
#11363 = VECTOR ( 'NONE', #8391, 1000.000000000000000 ) ;
#11364 = DIRECTION ( 'NONE',  ( 1.261617073437676865E-15, -1.000000000000000000, 0.000000000000000000 ) ) ;
#11365 = LINE ( 'NONE', #8437, #10295 ) ;
#11366 = DIRECTION ( 'NONE',  ( -0.000000000000000000, 0.000000000000000000, -1.000000000000000000 ) ) ;
#11367 = CARTESIAN_POINT ( 'NONE',  ( 69.79711431703000812, 20.80000000000000426, 39.86140461006967683 ) ) ;
#11368 = VERTEX_POINT ( 'NONE', #4476 ) ;
#11369 = CARTESIAN_POINT ( 'NONE',  ( -61.30000000000000426, -24.30000000000001137, 13.24999999999997335 ) ) ;
#11370 = DIRECTION ( 'NONE',  ( 0.8660254037844383745, 0.000000000000000000, -0.5000000000000003331 ) ) ;
#11371 = ORIENTED_EDGE ( 'NONE', *, *, #1574, .F. ) ;
#11372 = DIRECTION ( 'NONE',  ( 0.8660254037844384856, 9.654978140984306513E-17, 0.5000000000000002220 ) ) ;
#11373 = DIRECTION ( 'NONE',  ( -1.000000000000000000, 0.000000000000000000, 0.000000000000000000 ) ) ;
#11374 = VECTOR ( 'NONE', #9566, 999.9999999999998863 ) ;
#11375 = ORIENTED_EDGE ( 'NONE', *, *, #7778, .T. ) ;
#11376 = VECTOR ( 'NONE', #3014, 1000.000000000000000 ) ;
#11377 = EDGE_CURVE ( 'NONE', #8516, #7956, #6442, .T. ) ;
#11378 = EDGE_CURVE ( 'NONE', #8826, #4973, #770, .T. ) ;
#11379 = ORIENTED_EDGE ( 'NONE', *, *, #10853, .F. ) ;
#11380 = VERTEX_POINT ( 'NONE', #2570 ) ;
#11381 = CARTESIAN_POINT ( 'NONE',  ( -92.84999999999999432, 24.15000000000000568, 1.000000000000000000 ) ) ;
#11382 = CARTESIAN_POINT ( 'NONE',  ( 39.69999999999996021, 21.79999999999998650, 15.55662432702593811 ) ) ;
#11383 = FACE_OUTER_BOUND ( 'NONE', #9536, .T. ) ;
#11384 = DIRECTION ( 'NONE',  ( -0.8660254037844381525, -9.654978140984302816E-17, 0.5000000000000007772 ) ) ;
#11385 = VECTOR ( 'NONE', #7890, 1000.000000000000000 ) ;
#11386 = CARTESIAN_POINT ( 'NONE',  ( 51.19999999999996021, -57.98150098949683695, 10.99999999999997691 ) ) ;
#11387 = VECTOR ( 'NONE', #8883, 999.9999999999998863 ) ;
#11388 = VECTOR ( 'NONE', #10816, 1000.000000000000000 ) ;
#11389 = LINE ( 'NONE', #2819, #5006 ) ;
#11390 = DIRECTION ( 'NONE',  ( -0.8660254037844385966, -1.088633767200839676E-16, 0.4999999999999999445 ) ) ;
#11391 = EDGE_LOOP ( 'NONE', ( #10104, #6267, #2272, #1170 ) ) ;
#11392 = VERTEX_POINT ( 'NONE', #1693 ) ;
#11393 = CARTESIAN_POINT ( 'NONE',  ( -75.80000000000006821, 20.79999999999999005, 22.24999999999993605 ) ) ;
#11394 = ADVANCED_FACE ( 'NONE', ( #4598 ), #3648, .F. ) ;
#11395 = FACE_OUTER_BOUND ( 'NONE', #5234, .T. ) ;
#11396 = CARTESIAN_POINT ( 'NONE',  ( 93.34999999999999432, -32.99999999999997868, 5.000000000000000000 ) ) ;
#11397 = VECTOR ( 'NONE', #6724, 1000.000000000000000 ) ;
#11398 = VECTOR ( 'NONE', #10704, 1000.000000000000000 ) ;
#11399 = ORIENTED_EDGE ( 'NONE', *, *, #6568, .T. ) ;
#11400 = DIRECTION ( 'NONE',  ( -1.000000000000000000, 0.000000000000000000, 0.000000000000000000 ) ) ;
#11401 = DIRECTION ( 'NONE',  ( 0.6546536707079768647, 0.6546536707079768647, -0.3779644730092283633 ) ) ;
#11402 = VERTEX_POINT ( 'NONE', #2697 ) ;
#11403 = VECTOR ( 'NONE', #9187, 1000.000000000000000 ) ;
#11404 = ADVANCED_FACE ( 'NONE', ( #11395 ), #9466, .F. ) ;
#11405 = EDGE_LOOP ( 'NONE', ( #10740, #12005, #11730, #4053, #9070, #10528 ) ) ;
#11406 = ADVANCED_FACE ( 'NONE', ( #5751 ), #9525, .T. ) ;
#11407 = DIRECTION ( 'NONE',  ( -0.8660254037844383745, -9.654978140984306513E-17, -0.5000000000000004441 ) ) ;
#11408 = VERTEX_POINT ( 'NONE', #1011 ) ;
#11409 = EDGE_CURVE ( 'NONE', #2085, #7386, #3828, .T. ) ;
#11410 = CARTESIAN_POINT ( 'NONE',  ( -87.64999999999997726, -27.00000000000000355, 0.5000000000000013323 ) ) ;
#11411 = CARTESIAN_POINT ( 'NONE',  ( -47.05000000000003979, 21.79999999999997229, 18.87638837486628418 ) ) ;
#11412 = DIRECTION ( 'NONE',  ( -1.314654865891389873E-14, 0.6546536707079729789, -0.7559289460184580589 ) ) ;
#11413 = VECTOR ( 'NONE', #3729, 1000.000000000000114 ) ;
#11414 = DIRECTION ( 'NONE',  ( 0.7071067811865474617, -0.7071067811865474617, 0.000000000000000000 ) ) ;
#11415 = CARTESIAN_POINT ( 'NONE',  ( 81.80000000000005400, -29.80000000000000782, 26.00000000000000355 ) ) ;
#11416 = ORIENTED_EDGE ( 'NONE', *, *, #4337, .F. ) ;
#11417 = EDGE_CURVE ( 'NONE', #10101, #1764, #6620, .T. ) ;
#11418 = ORIENTED_EDGE ( 'NONE', *, *, #1232, .T. ) ;
#11419 = ADVANCED_FACE ( 'NONE', ( #8582 ), #7638, .F. ) ;
#11420 = LINE ( 'NONE', #2844, #7964 ) ;
#11421 = DIRECTION ( 'NONE',  ( 0.7071067811865450192, -0.7071067811865500152, 0.000000000000000000 ) ) ;
#11422 = CARTESIAN_POINT ( 'NONE',  ( 46.31538568297006719, -20.79999999999999005, -28.53295165380642828 ) ) ;
#11423 = VECTOR ( 'NONE', #9521, 1000.000000000000114 ) ;
#11424 = DIRECTION ( 'NONE',  ( 9.614813431917837571E-17, 0.7071067811865499042, 0.7071067811865451302 ) ) ;
#11425 = EDGE_CURVE ( 'NONE', #1588, #2134, #5639, .T. ) ;
#11426 = LINE ( 'NONE', #2849, #5703 ) ;
#11427 = EDGE_CURVE ( 'NONE', #11631, #11675, #12385, .T. ) ;
#11428 = FACE_OUTER_BOUND ( 'NONE', #1698, .T. ) ;
#11429 = VERTEX_POINT ( 'NONE', #2937 ) ;
#11430 = PLANE ( 'NONE',  #11323 ) ;
#11431 = DIRECTION ( 'NONE',  ( 0.8660254037844385966, 9.654978140984307746E-17, 0.4999999999999999445 ) ) ;
#11432 = DIRECTION ( 'NONE',  ( 0.7071067811865475727, 0.7071067811865475727, 0.000000000000000000 ) ) ;
#11433 = VECTOR ( 'NONE', #9416, 1000.000000000000000 ) ;
#11434 = AXIS2_PLACEMENT_3D ( 'NONE', #6008, #8971, #2629 ) ;
#11435 = CARTESIAN_POINT ( 'NONE',  ( 77.80000000000005400, -24.79999999999998650, 21.00000000000003197 ) ) ;
#11436 = EDGE_CURVE ( 'NONE', #114, #1831, #4719, .T. ) ;
#11437 = VERTEX_POINT ( 'NONE', #7693 ) ;
#11438 = CARTESIAN_POINT ( 'NONE',  ( -24.05000000000003979, 29.80000000000000071, 13.24722325026742809 ) ) ;
#11439 = ORIENTED_EDGE ( 'NONE', *, *, #9114, .T. ) ;
#11440 = DIRECTION ( 'NONE',  ( 0.000000000000000000, 0.000000000000000000, 1.000000000000000000 ) ) ;
#11441 = CARTESIAN_POINT ( 'NONE',  ( 50.19999999999998153, -20.79999999999999005, 26.00000000000000355 ) ) ;
#11442 = EDGE_LOOP ( 'NONE', ( #8649, #8533, #7629, #7873 ) ) ;
#11443 = ORIENTED_EDGE ( 'NONE', *, *, #8732, .T. ) ;
#11444 = ORIENTED_EDGE ( 'NONE', *, *, #4221, .F. ) ;
#11445 = PLANE ( 'NONE',  #8190 ) ;
#11446 = FACE_OUTER_BOUND ( 'NONE', #4068, .T. ) ;
#11447 = LINE ( 'NONE', #883, #392 ) ;
#11448 = AXIS2_PLACEMENT_3D ( 'NONE', #2923, #4880, #8449 ) ;
#11449 = ADVANCED_FACE ( 'NONE', ( #12325 ), #6737, .F. ) ;
#11450 = ADVANCED_FACE ( 'NONE', ( #3406 ), #2262, .F. ) ;
#11451 = CARTESIAN_POINT ( 'NONE',  ( 77.80000000000003979, 29.80000000000004334, 22.00000000000000355 ) ) ;
#11452 = ORIENTED_EDGE ( 'NONE', *, *, #10338, .T. ) ;
#11453 = CARTESIAN_POINT ( 'NONE',  ( -91.34999999999998010, 35.00000000000000000, 0.4999999999999831246 ) ) ;
#11454 = PLANE ( 'NONE',  #10988 ) ;
#11455 = VERTEX_POINT ( 'NONE', #11848 ) ;
#11456 = DIRECTION ( 'NONE',  ( 0.000000000000000000, -0.7071067811865489050, 0.7071067811865462405 ) ) ;
#11457 = ORIENTED_EDGE ( 'NONE', *, *, #12167, .T. ) ;
#11458 = VERTEX_POINT ( 'NONE', #6949 ) ;
#11459 = DIRECTION ( 'NONE',  ( 1.000000000000000000, 1.114860845743448580E-16, 0.000000000000000000 ) ) ;
#11460 = VECTOR ( 'NONE', #433, 1000.000000000000000 ) ;
#11461 = DIRECTION ( 'NONE',  ( 0.000000000000000000, 0.000000000000000000, 1.000000000000000000 ) ) ;
#11462 = EDGE_LOOP ( 'NONE', ( #1889, #9813, #11156, #6862 ) ) ;
#11463 = DIRECTION ( 'NONE',  ( -5.899329101165064451E-15, 0.6546536707079708695, -0.7559289460184599463 ) ) ;
#11464 = CARTESIAN_POINT ( 'NONE',  ( 35.69999999999994600, -24.79999999999999005, 17.86602540378445170 ) ) ;
#11465 = VECTOR ( 'NONE', #6044, 1000.000000000000000 ) ;
#11466 = EDGE_CURVE ( 'NONE', #4953, #10656, #407, .T. ) ;
#11467 = ORIENTED_EDGE ( 'NONE', *, *, #5370, .F. ) ;
#11468 = EDGE_LOOP ( 'NONE', ( #2690, #3661, #3733, #7534 ) ) ;
#11469 = FACE_OUTER_BOUND ( 'NONE', #4982, .T. ) ;
#11470 = PLANE ( 'NONE',  #9742 ) ;
#11471 = ORIENTED_EDGE ( 'NONE', *, *, #9125, .F. ) ;
#11472 = VECTOR ( 'NONE', #11342, 1000.000000000000000 ) ;
#11473 = LINE ( 'NONE', #712, #477 ) ;
#11474 = LINE ( 'NONE', #4789, #8829 ) ;
#11475 = EDGE_CURVE ( 'NONE', #6143, #5495, #9040, .T. ) ;
#11476 = ADVANCED_FACE ( 'NONE', ( #8036 ), #2392, .T. ) ;
#11477 = FACE_OUTER_BOUND ( 'NONE', #12380, .T. ) ;
#11478 = CARTESIAN_POINT ( 'NONE',  ( -89.34999999999998010, -27.00000000000000355, 3.000000000000000000 ) ) ;
#11479 = ORIENTED_EDGE ( 'NONE', *, *, #4116, .F. ) ;
#11480 = CARTESIAN_POINT ( 'NONE',  ( 81.80000000000005400, -30.80000000000000782, 25.00000000000000000 ) ) ;
#11481 = PLANE ( 'NONE',  #6594 ) ;
#11482 = EDGE_LOOP ( 'NONE', ( #11326, #1284, #8121, #6714 ) ) ;
#11483 = LINE ( 'NONE', #6886, #11503 ) ;
#11484 = DIRECTION ( 'NONE',  ( -0.7071067811865474617, 0.7071067811865474617, -0.000000000000000000 ) ) ;
#11485 = EDGE_CURVE ( 'NONE', #2916, #525, #1450, .T. ) ;
#11486 = EDGE_CURVE ( 'NONE', #8089, #9347, #7974, .T. ) ;
#11487 = CARTESIAN_POINT ( 'NONE',  ( 81.80000000000005400, -8.799999999999988276, 14.00000000000002132 ) ) ;
#11488 = CARTESIAN_POINT ( 'NONE',  ( 77.80000000000005400, 20.80000000000000426, 6.999999999999999112 ) ) ;
#11489 = EDGE_CURVE ( 'NONE', #7069, #2919, #10791, .T. ) ;
#11490 = DIRECTION ( 'NONE',  ( -0.000000000000000000, -0.000000000000000000, -1.000000000000000000 ) ) ;
#11491 = EDGE_LOOP ( 'NONE', ( #10970, #2451, #1093, #4408 ) ) ;
#11492 = CARTESIAN_POINT ( 'NONE',  ( 77.80000000000005400, -23.80000000000000782, 22.00000000000000355 ) ) ;
#11493 = ORIENTED_EDGE ( 'NONE', *, *, #8988, .F. ) ;
#11494 = DIRECTION ( 'NONE',  ( -0.4999999999999999445, -6.505213034913024139E-17, -0.8660254037844387076 ) ) ;
#11495 = VECTOR ( 'NONE', #4472, 1000.000000000000000 ) ;
#11496 = ORIENTED_EDGE ( 'NONE', *, *, #4632, .F. ) ;
#11497 = ORIENTED_EDGE ( 'NONE', *, *, #2231, .T. ) ;
#11498 = EDGE_CURVE ( 'NONE', #5091, #5258, #3342, .T. ) ;
#11499 = ORIENTED_EDGE ( 'NONE', *, *, #1810, .F. ) ;
#11500 = PLANE ( 'NONE',  #3505 ) ;
#11501 = DIRECTION ( 'NONE',  ( 9.878565650820928791E-15, 0.6546536707079748663, -0.7559289460184565046 ) ) ;
#11502 = CARTESIAN_POINT ( 'NONE',  ( 52.19999999999991758, 30.80000000000002558, 22.99999999999998224 ) ) ;
#11503 = VECTOR ( 'NONE', #9618, 1000.000000000000000 ) ;
#11504 = PLANE ( 'NONE',  #5189 ) ;
#11505 = EDGE_CURVE ( 'NONE', #6589, #3221, #6068, .T. ) ;
#11506 = FACE_OUTER_BOUND ( 'NONE', #5171, .T. ) ;
#11507 = CARTESIAN_POINT ( 'NONE',  ( 77.80000000000005400, 20.80000000000000426, 26.00000000000000355 ) ) ;
#11508 = FACE_OUTER_BOUND ( 'NONE', #1939, .T. ) ;
#11509 = CARTESIAN_POINT ( 'NONE',  ( -59.30000000000000426, 30.80000000000001137, 20.25000000000004619 ) ) ;
#11510 = EDGE_LOOP ( 'NONE', ( #6925, #4144, #5519, #7357 ) ) ;
#11511 = CARTESIAN_POINT ( 'NONE',  ( -75.80000000000005400, -24.30000000000001492, 20.75000000000000355 ) ) ;
#11512 = ORIENTED_EDGE ( 'NONE', *, *, #9869, .F. ) ;
#11513 = PLANE ( 'NONE',  #7707 ) ;
#11514 = VECTOR ( 'NONE', #11753, 1000.000000000000114 ) ;
#11515 = DIRECTION ( 'NONE',  ( 0.3535533905932812249, 0.7071067811865333619, 0.6123724356958067938 ) ) ;
#11516 = VECTOR ( 'NONE', #6237, 1000.000000000000000 ) ;
#11517 = CONICAL_SURFACE ( 'NONE', #4328, 2.000000000000001776, 0.7853981633974657095 ) ;
#11518 = VERTEX_POINT ( 'NONE', #11973 ) ;
#11519 = AXIS2_PLACEMENT_3D ( 'NONE', #446, #6174, #8072 ) ;
#11520 = DIRECTION ( 'NONE',  ( 0.7071067811865425767, 0.000000000000000000, 0.7071067811865525687 ) ) ;
#11521 = LINE ( 'NONE', #769, #10815 ) ;
#11522 = DIRECTION ( 'NONE',  ( -1.000000000000000000, 0.000000000000000000, 0.000000000000000000 ) ) ;
#11523 = LINE ( 'NONE', #2942, #2567 ) ;
#11524 = VECTOR ( 'NONE', #2861, 1000.000000000000000 ) ;
#11525 = ORIENTED_EDGE ( 'NONE', *, *, #8132, .F. ) ;
#11526 = VERTEX_POINT ( 'NONE', #7201 ) ;
#11527 = CARTESIAN_POINT ( 'NONE',  ( -24.04999999999986926, -2.182967337991122303, 45.71397600271593831 ) ) ;
#11528 = CARTESIAN_POINT ( 'NONE',  ( -2.207424474572028233E-15, 19.79999999999999716, 6.000000000000000000 ) ) ;
#11529 = AXIS2_PLACEMENT_3D ( 'NONE', #8451, #9512, #6423 ) ;
#11530 = ORIENTED_EDGE ( 'NONE', *, *, #7378, .F. ) ;
#11531 = LINE ( 'NONE', #9724, #885 ) ;
#11532 = LINE ( 'NONE', #847, #6417 ) ;
#11533 = EDGE_CURVE ( 'NONE', #9195, #11021, #6199, .T. ) ;
#11534 = ADVANCED_FACE ( 'NONE', ( #5279 ), #523, .F. ) ;
#11535 = FACE_OUTER_BOUND ( 'NONE', #12332, .T. ) ;
#11536 = VECTOR ( 'NONE', #5849, 1000.000000000000000 ) ;
#11537 = CARTESIAN_POINT ( 'NONE',  ( -78.80000000000008242, -8.800000000000009592, 13.99999999999999289 ) ) ;
#11538 = CARTESIAN_POINT ( 'NONE',  ( -61.30000000000000426, 29.80000000000003979, 21.24999999999999289 ) ) ;
#11539 = ORIENTED_EDGE ( 'NONE', *, *, #5471, .T. ) ;
#11540 = CARTESIAN_POINT ( 'NONE',  ( 92.84999999999995168, -29.85000000000004761, 1.000000000000000000 ) ) ;
#11541 = CARTESIAN_POINT ( 'NONE',  ( 19.19999999999994955, 21.80000000000003979, 19.88675134594813443 ) ) ;
#11542 = EDGE_CURVE ( 'NONE', #798, #195, #6012, .T. ) ;
#11543 = DIRECTION ( 'NONE',  ( 0.000000000000000000, 0.7071067811865465735, -0.7071067811865483499 ) ) ;
#11544 = VERTEX_POINT ( 'NONE', #3651 ) ;
#11545 = LINE ( 'NONE', #2796, #874 ) ;
#11546 = CARTESIAN_POINT ( 'NONE',  ( -78.09289321881348656, -21.80000000000003268, 26.00000000000000355 ) ) ;
#11547 = ORIENTED_EDGE ( 'NONE', *, *, #3805, .F. ) ;
#11548 = ORIENTED_EDGE ( 'NONE', *, *, #12186, .T. ) ;
#11549 = EDGE_CURVE ( 'NONE', #9347, #7424, #776, .T. ) ;
#11550 = EDGE_CURVE ( 'NONE', #6856, #6355, #4604, .T. ) ;
#11551 = PLANE ( 'NONE',  #8426 ) ;
#11552 = FACE_OUTER_BOUND ( 'NONE', #7864, .T. ) ;
#11553 = ORIENTED_EDGE ( 'NONE', *, *, #5523, .F. ) ;
#11554 = ADVANCED_FACE ( 'NONE', ( #3717 ), #7453, .F. ) ;
#11555 = ORIENTED_EDGE ( 'NONE', *, *, #6754, .T. ) ;
#11556 = ORIENTED_EDGE ( 'NONE', *, *, #10465, .F. ) ;
#11557 = CARTESIAN_POINT ( 'NONE',  ( 76.80000000000008242, 30.80000000000002913, 10.00000000000000000 ) ) ;
#11558 = LINE ( 'NONE', #4280, #8214 ) ;
#11559 = LINE ( 'NONE', #2979, #4070 ) ;
#11560 = DIRECTION ( 'NONE',  ( -0.8660254037844387076, -9.654978140984308979E-17, 0.4999999999999998890 ) ) ;
#11561 = DIRECTION ( 'NONE',  ( 0.8660254037844388186, 1.088633767200839799E-16, 0.4999999999999996114 ) ) ;
#11562 = PLANE ( 'NONE',  #4397 ) ;
#11563 = CARTESIAN_POINT ( 'NONE',  ( -24.05000000000036309, 1.531318376293794969, 47.69346263993688240 ) ) ;
#11564 = DIRECTION ( 'NONE',  ( 0.7071067811865475727, -0.7071067811865475727, 0.000000000000000000 ) ) ;
#11565 = VECTOR ( 'NONE', #4416, 1000.000000000000114 ) ;
#11566 = DIRECTION ( 'NONE',  ( 0.8660254037844389297, 9.654978140984311444E-17, -0.4999999999999993894 ) ) ;
#11567 = ORIENTED_EDGE ( 'NONE', *, *, #11018, .T. ) ;
#11568 = DIRECTION ( 'NONE',  ( 1.000000000000000000, 1.301042606982605321E-16, 0.000000000000000000 ) ) ;
#11569 = VERTEX_POINT ( 'NONE', #3524 ) ;
#11570 = ORIENTED_EDGE ( 'NONE', *, *, #596, .T. ) ;
#11571 = LINE ( 'NONE', #7047, #6696 ) ;
#11572 = EDGE_CURVE ( 'NONE', #8761, #7649, #8271, .T. ) ;
#11573 = CARTESIAN_POINT ( 'NONE',  ( 60.79711431702998681, -20.79999999999999005, 55.44986187818958001 ) ) ;
#11574 = EDGE_LOOP ( 'NONE', ( #623, #1330, #8928, #4579 ) ) ;
#11575 = VECTOR ( 'NONE', #12216, 999.9999999999998863 ) ;
#11576 = VECTOR ( 'NONE', #9200, 1000.000000000000000 ) ;
#11577 = DIRECTION ( 'NONE',  ( -0.7071067811865486830, -0.7071067811865463515, 2.407380598172882155E-15 ) ) ;
#11578 = VERTEX_POINT ( 'NONE', #9289 ) ;
#11579 = ADVANCED_FACE ( 'NONE', ( #3461 ), #2702, .F. ) ;
#11580 = ORIENTED_EDGE ( 'NONE', *, *, #2786, .T. ) ;
#11581 = CARTESIAN_POINT ( 'NONE',  ( -43.80000000000001847, -21.80000000000000071, 13.24722325026742809 ) ) ;
#11582 = CARTESIAN_POINT ( 'NONE',  ( 52.19999999999992468, -23.80000000000001137, 22.00000000000000711 ) ) ;
#11583 = ORIENTED_EDGE ( 'NONE', *, *, #10890, .T. ) ;
#11584 = CONICAL_SURFACE ( 'NONE', #3794, 2.000000000000015543, 0.7853981633974621568 ) ;
#11585 = VERTEX_POINT ( 'NONE', #844 ) ;
#11586 = VECTOR ( 'NONE', #5067, 1000.000000000000000 ) ;
#11587 = CARTESIAN_POINT ( 'NONE',  ( 78.80000000000002558, 18.80000000000005755, 24.00000000000006395 ) ) ;
#11588 = ORIENTED_EDGE ( 'NONE', *, *, #12269, .T. ) ;
#11589 = DIRECTION ( 'NONE',  ( 0.5000000000000008882, 6.505213034913037697E-17, 0.8660254037844382635 ) ) ;
#11590 = LINE ( 'NONE', #11173, #11787 ) ;
#11591 = PLANE ( 'NONE',  #11962 ) ;
#11592 = LINE ( 'NONE', #137, #7329 ) ;
#11593 = VERTEX_POINT ( 'NONE', #2575 ) ;
#11594 = LINE ( 'NONE', #5715, #9232 ) ;
#11595 = EDGE_CURVE ( 'NONE', #505, #2616, #11340, .T. ) ;
#11596 = CARTESIAN_POINT ( 'NONE',  ( 83.80000000000005400, -29.80000000000000782, 6.000000000000000000 ) ) ;
#11597 = CARTESIAN_POINT ( 'NONE',  ( 37.00000000000001421, -37.00000000000001421, 6.000000000000000000 ) ) ;
#11598 = CARTESIAN_POINT ( 'NONE',  ( 84.29999999999992610, -32.79999999999998295, 5.000000000000000000 ) ) ;
#11599 = VECTOR ( 'NONE', #143, 999.9999999999998863 ) ;
#11600 = AXIS2_PLACEMENT_3D ( 'NONE', #10672, #11665, #8738 ) ;
#11601 = DIRECTION ( 'NONE',  ( 0.8660254037844383745, 9.654978140984305281E-17, 0.5000000000000004441 ) ) ;
#11602 = CARTESIAN_POINT ( 'NONE',  ( -60.30000000000003268, 21.80000000000001492, 12.74999999999998934 ) ) ;
#11603 = DIRECTION ( 'NONE',  ( -0.7071067811865474617, 0.7071067811865474617, -2.435136173788492135E-15 ) ) ;
#11604 = VECTOR ( 'NONE', #11862, 1000.000000000000000 ) ;
#11605 = AXIS2_PLACEMENT_3D ( 'NONE', #853, #4618, #7591 ) ;
#11606 = PLANE ( 'NONE',  #9817 ) ;
#11607 = ORIENTED_EDGE ( 'NONE', *, *, #203, .F. ) ;
#11608 = ORIENTED_EDGE ( 'NONE', *, *, #5770, .F. ) ;
#11609 = EDGE_CURVE ( 'NONE', #9652, #2468, #709, .T. ) ;
#11610 = DIRECTION ( 'NONE',  ( -1.000000000000000000, 0.000000000000000000, 0.000000000000000000 ) ) ;
#11611 = ORIENTED_EDGE ( 'NONE', *, *, #8671, .T. ) ;
#11612 = DIRECTION ( 'NONE',  ( -1.301042606982605321E-16, 1.000000000000000000, -0.000000000000000000 ) ) ;
#11613 = ORIENTED_EDGE ( 'NONE', *, *, #6278, .T. ) ;
#11614 = AXIS2_PLACEMENT_3D ( 'NONE', #1700, #8276, #8155 ) ;
#11615 = EDGE_LOOP ( 'NONE', ( #12066, #10395, #2409, #6088 ) ) ;
#11616 = DIRECTION ( 'NONE',  ( 0.000000000000000000, 0.000000000000000000, -1.000000000000000000 ) ) ;
#11617 = PLANE ( 'NONE',  #9467 ) ;
#11618 = DIRECTION ( 'NONE',  ( 3.469446951953611724E-16, -1.000000000000000000, 0.000000000000000000 ) ) ;
#11619 = CARTESIAN_POINT ( 'NONE',  ( 68.79711431702999391, -20.79999999999998650, 41.59345541763857312 ) ) ;
#11620 = EDGE_CURVE ( 'NONE', #3204, #2468, #10105, .T. ) ;
#11621 = EDGE_CURVE ( 'NONE', #9923, #11578, #2483, .T. ) ;
#11622 = DIRECTION ( 'NONE',  ( 0.000000000000000000, -0.7071067811865610064, -0.7071067811865340280 ) ) ;
#11623 = DIRECTION ( 'NONE',  ( 1.000000000000000000, 1.114860845743448580E-16, -1.051347561198065328E-16 ) ) ;
#11624 = EDGE_CURVE ( 'NONE', #4953, #1081, #6866, .T. ) ;
#11625 = AXIS2_PLACEMENT_3D ( 'NONE', #5876, #2006, #10414 ) ;
#11626 = DIRECTION ( 'NONE',  ( -0.7071067811865422437, 0.000000000000000000, -0.7071067811865529018 ) ) ;
#11627 = DIRECTION ( 'NONE',  ( 0.7071067811865537900, -4.460489939442578894E-16, -0.7071067811865412445 ) ) ;
#11628 = ORIENTED_EDGE ( 'NONE', *, *, #9469, .T. ) ;
#11629 = LINE ( 'NONE', #11511, #11387 ) ;
#11630 = VERTEX_POINT ( 'NONE', #7287 ) ;
#11631 = VERTEX_POINT ( 'NONE', #5934 ) ;
#11632 = FACE_BOUND ( 'NONE', #8010, .T. ) ;
#11633 = ORIENTED_EDGE ( 'NONE', *, *, #12221, .F. ) ;
#11634 = DIRECTION ( 'NONE',  ( 1.000000000000000000, 1.114860845743448580E-16, -1.304303365396091250E-16 ) ) ;
#11635 = EDGE_CURVE ( 'NONE', #431, #8806, #5312, .T. ) ;
#11636 = DIRECTION ( 'NONE',  ( -0.7071067811865475727, 0.000000000000000000, -0.7071067811865475727 ) ) ;
#11637 = EDGE_CURVE ( 'NONE', #2175, #3883, #267, .T. ) ;
#11638 = VECTOR ( 'NONE', #10817, 1000.000000000000000 ) ;
#11639 = EDGE_CURVE ( 'NONE', #11630, #6711, #4699, .T. ) ;
#11640 = ORIENTED_EDGE ( 'NONE', *, *, #4863, .F. ) ;
#11641 = ORIENTED_EDGE ( 'NONE', *, *, #10377, .F. ) ;
#11642 = VECTOR ( 'NONE', #1675, 999.9999999999998863 ) ;
#11643 = ORIENTED_EDGE ( 'NONE', *, *, #7005, .F. ) ;
#11644 = VERTEX_POINT ( 'NONE', #12367 ) ;
#11645 = LINE ( 'NONE', #9603, #2052 ) ;
#11646 = ORIENTED_EDGE ( 'NONE', *, *, #7445, .F. ) ;
#11647 = AXIS2_PLACEMENT_3D ( 'NONE', #11573, #1131, #8765 ) ;
#11648 = DIRECTION ( 'NONE',  ( -1.301042606982605321E-16, 1.000000000000000000, -0.000000000000000000 ) ) ;
#11649 = CARTESIAN_POINT ( 'NONE',  ( 77.80000000000005400, -29.29999999999997229, 17.50000000000000000 ) ) ;
#11650 = ADVANCED_FACE ( 'NONE', ( #5736 ), #5678, .F. ) ;
#11651 = DIRECTION ( 'NONE',  ( 0.8660254037844390407, 9.654978140984313909E-17, -0.4999999999999994449 ) ) ;
#11652 = DIRECTION ( 'NONE',  ( 0.000000000000000000, -0.000000000000000000, 1.000000000000000000 ) ) ;
#11653 = ADVANCED_FACE ( 'NONE', ( #11182 ), #6416, .F. ) ;
#11654 = ORIENTED_EDGE ( 'NONE', *, *, #890, .F. ) ;
#11655 = CARTESIAN_POINT ( 'NONE',  ( 81.80000000000005400, -30.80000000000000782, 25.00000000000000000 ) ) ;
#11656 = ORIENTED_EDGE ( 'NONE', *, *, #495, .F. ) ;
#11657 = VECTOR ( 'NONE', #2578, 1000.000000000000114 ) ;
#11658 = CARTESIAN_POINT ( 'NONE',  ( 16.69999999999996021, -57.98150098949683695, 15.55662432702593634 ) ) ;
#11659 = CARTESIAN_POINT ( 'NONE',  ( -81.80000000000003979, 30.80000000000000782, 25.00000000000000000 ) ) ;
#11660 = EDGE_CURVE ( 'NONE', #8466, #1282, #8167, .T. ) ;
#11661 = ORIENTED_EDGE ( 'NONE', *, *, #4469, .T. ) ;
#11662 = ADVANCED_FACE ( 'NONE', ( #990 ), #4759, .F. ) ;
#11663 = CARTESIAN_POINT ( 'NONE',  ( -76.80000000000003979, 21.79999999999995808, 21.24999999999999289 ) ) ;
#11664 = DIRECTION ( 'NONE',  ( -0.000000000000000000, -0.000000000000000000, -1.000000000000000000 ) ) ;
#11665 = DIRECTION ( 'NONE',  ( 1.000000000000000000, 1.301042606982605321E-16, 0.000000000000000000 ) ) ;
#11666 = EDGE_LOOP ( 'NONE', ( #8494, #12184, #11031, #6577, #7643, #11921, #4477 ) ) ;
#11667 = EDGE_LOOP ( 'NONE', ( #6504, #8569, #3117, #3940 ) ) ;
#11668 = DATE_AND_TIME ( #3097, #10794 ) ;
#11669 = LINE ( 'NONE', #3098, #8019 ) ;
#11670 = DIRECTION ( 'NONE',  ( -0.7071067811865475727, -0.7071067811865475727, 0.000000000000000000 ) ) ;
#11671 = ORIENTED_EDGE ( 'NONE', *, *, #11152, .T. ) ;
#11672 = ORIENTED_EDGE ( 'NONE', *, *, #8483, .F. ) ;
#11673 = AXIS2_PLACEMENT_3D ( 'NONE', #10416, #5470, #7586 ) ;
#11674 = EDGE_CURVE ( 'NONE', #6007, #11285, #1187, .T. ) ;
#11675 = VERTEX_POINT ( 'NONE', #748 ) ;
#11676 = CARTESIAN_POINT ( 'NONE',  ( 91.54999999999999716, 27.00000000000000355, 0.000000000000000000 ) ) ;
#11677 = FACE_BOUND ( 'NONE', #11212, .T. ) ;
#11678 = DIRECTION ( 'NONE',  ( 0.000000000000000000, 0.000000000000000000, 1.000000000000000000 ) ) ;
#11679 = DIRECTION ( 'NONE',  ( 1.000000000000000000, 0.000000000000000000, 0.000000000000000000 ) ) ;
#11680 = LINE ( 'NONE', #4841, #7695 ) ;
#11681 = DIRECTION ( 'NONE',  ( -0.000000000000000000, -0.000000000000000000, -1.000000000000000000 ) ) ;
#11682 = LINE ( 'NONE', #5972, #6633 ) ;
#11683 = DIRECTION ( 'NONE',  ( -1.301042606982605321E-16, 1.000000000000000000, -0.000000000000000000 ) ) ;
#11684 = CARTESIAN_POINT ( 'NONE',  ( -86.34999999999998010, -24.15000000000000568, 1.000000000000000000 ) ) ;
#11685 = DIRECTION ( 'NONE',  ( -0.4999999999999980571, -6.505213034912999487E-17, 0.8660254037844397068 ) ) ;
#11686 = PLANE ( 'NONE',  #2223 ) ;
#11687 = CARTESIAN_POINT ( 'NONE',  ( -24.05000000000003268, -21.79999999999999361, 13.24722325026742809 ) ) ;
#11688 = ORIENTED_EDGE ( 'NONE', *, *, #1092, .F. ) ;
#11689 = CARTESIAN_POINT ( 'NONE',  ( -89.34999999999998010, 27.00000000000000355, 4.499999999999970690 ) ) ;
#11690 = VERTEX_POINT ( 'NONE', #4575 ) ;
#11691 = CARTESIAN_POINT ( 'NONE',  ( -20.80000000000003268, 29.80000000000000071, 18.87638837486628063 ) ) ;
#11692 = CARTESIAN_POINT ( 'NONE',  ( 93.34999999999999432, -30.35000000000010090, 1.000000000000000000 ) ) ;
#11693 = EDGE_LOOP ( 'NONE', ( #2737, #817, #2368, #11688 ) ) ;
#11694 = EDGE_CURVE ( 'NONE', #12041, #3209, #12247, .T. ) ;
#11695 = CARTESIAN_POINT ( 'NONE',  ( 65.50288568297001746, 20.80000000000000426, 4.700773216421365142 ) ) ;
#11696 = CONICAL_SURFACE ( 'NONE', #5313, 2.200000000000007283, 0.7853981633974410625 ) ;
#11697 = ORIENTED_EDGE ( 'NONE', *, *, #8891, .T. ) ;
#11698 = EDGE_LOOP ( 'NONE', ( #8708, #7057, #11985, #3068 ) ) ;
#11699 = LINE ( 'NONE', #9965, #7109 ) ;
#11700 = ORIENTED_EDGE ( 'NONE', *, *, #10992, .T. ) ;
#11701 = ORIENTED_EDGE ( 'NONE', *, *, #11702, .T. ) ;
#11702 = EDGE_CURVE ( 'NONE', #2688, #7399, #10442, .T. ) ;
#11703 = ADVANCED_FACE ( 'NONE', ( #2862 ), #1917, .F. ) ;
#11704 = LINE ( 'NONE', #7000, #2983 ) ;
#11706 = VECTOR ( 'NONE', #3143, 1000.000000000000114 ) ;
#11705 = CARTESIAN_POINT ( 'NONE',  ( 19.19999999999995666, -23.80000000000000071, 19.88675134594813443 ) ) ;
#11707 = ORIENTED_EDGE ( 'NONE', *, *, #10765, .T. ) ;
#11708 = EDGE_CURVE ( 'NONE', #3460, #4159, #12126, .T. ) ;
#11709 = CARTESIAN_POINT ( 'NONE',  ( -2.300000000000050004, 20.79999999999999716, 19.02072594216368984 ) ) ;
#11710 = VECTOR ( 'NONE', #7876, 999.9999999999998863 ) ;
#11711 = DIRECTION ( 'NONE',  ( 0.7071067811865475727, 9.199760500100244829E-17, -0.7071067811865475727 ) ) ;
#11712 = LINE ( 'NONE', #7965, #9807 ) ;
#11713 = VECTOR ( 'NONE', #5818, 999.9999999999998863 ) ;
#11714 = VERTEX_POINT ( 'NONE', #9506 ) ;
#11715 = PLANE ( 'NONE',  #7210 ) ;
#11716 = LINE ( 'NONE', #11779, #9977 ) ;
#11717 = FACE_OUTER_BOUND ( 'NONE', #5418, .T. ) ;
#11718 = CARTESIAN_POINT ( 'NONE',  ( 50.19999999999998153, -20.79999999999999005, 10.99999999999997691 ) ) ;
#11719 = ORIENTED_EDGE ( 'NONE', *, *, #7943, .F. ) ;
#11720 = ORIENTED_EDGE ( 'NONE', *, *, #2610, .F. ) ;
#11721 = EDGE_CURVE ( 'NONE', #5272, #4834, #929, .T. ) ;
#11722 = AXIS2_PLACEMENT_3D ( 'NONE', #6524, #11099, #4495 ) ;
#11723 = ORIENTED_EDGE ( 'NONE', *, *, #7565, .T. ) ;
#11724 = VECTOR ( 'NONE', #10397, 999.9999999999998863 ) ;
#11725 = EDGE_CURVE ( 'NONE', #287, #10200, #5558, .T. ) ;
#11726 = ORIENTED_EDGE ( 'NONE', *, *, #1096, .T. ) ;
#11727 = LINE ( 'NONE', #5895, #592 ) ;
#11728 = VECTOR ( 'NONE', #222, 1000.000000000000000 ) ;
#11729 = CARTESIAN_POINT ( 'NONE',  ( 3.699999999999967759, -57.98150098949683695, 15.55662432702593811 ) ) ;
#11730 = ORIENTED_EDGE ( 'NONE', *, *, #7779, .F. ) ;
#11731 = ORIENTED_EDGE ( 'NONE', *, *, #5414, .T. ) ;
#11732 = ADVANCED_BREP_SHAPE_REPRESENTATION ( '0MB_front_top_slot_tool-box-_v1', ( #226, #8188 ), #822 ) ;
#11733 = COORDINATED_UNIVERSAL_TIME_OFFSET ( 1, 0, .AHEAD. ) ;
#11734 = CARTESIAN_POINT ( 'NONE',  ( -27.30000000000003268, -57.98150098949684406, 18.87638837486628418 ) ) ;
#11735 = DIRECTION ( 'NONE',  ( 0.8660254037844383745, 9.654978140984305281E-17, -0.5000000000000004441 ) ) ;
#11736 = VERTEX_POINT ( 'NONE', #10560 ) ;
#11737 = ORIENTED_EDGE ( 'NONE', *, *, #7943, .T. ) ;
#11738 = AXIS2_PLACEMENT_3D ( 'NONE', #11745, #3184, #6978 ) ;
#11739 = VERTEX_POINT ( 'NONE', #9631 ) ;
#11740 = CARTESIAN_POINT ( 'NONE',  ( -60.30000000000003268, -23.80000000000002558, 13.74999999999996270 ) ) ;
#11741 = LINE ( 'NONE', #9826, #879 ) ;
#11742 = DIRECTION ( 'NONE',  ( -0.5773502691896263972, -0.5773502691896263972, 0.5773502691896243988 ) ) ;
#11743 = CARTESIAN_POINT ( 'NONE',  ( 41.37788568297014535, 20.80000000000000426, -37.08495251617770805 ) ) ;
#11744 = LINE ( 'NONE', #3995, #11057 ) ;
#11745 = CARTESIAN_POINT ( 'NONE',  ( 89.34999999999998010, 27.00000000000000355, 4.499999999999970690 ) ) ;
#11746 = DIRECTION ( 'NONE',  ( 0.000000000000000000, -1.000000000000000000, 0.000000000000000000 ) ) ;
#11747 = DIRECTION ( 'NONE',  ( 0.000000000000000000, 0.000000000000000000, -1.000000000000000000 ) ) ;
#11748 = EDGE_CURVE ( 'NONE', #3242, #5520, #3035, .T. ) ;
#11749 = ORIENTED_EDGE ( 'NONE', *, *, #3380, .T. ) ;
#11750 = EDGE_CURVE ( 'NONE', #2457, #8146, #6361, .T. ) ;
#11751 = DIRECTION ( 'NONE',  ( -1.000000000000000000, -1.114860845743448580E-16, 0.000000000000000000 ) ) ;
#11752 = ORIENTED_EDGE ( 'NONE', *, *, #2292, .T. ) ;
#11753 = DIRECTION ( 'NONE',  ( 0.6546536707079780859, 0.6546536707079735340, -0.3779644730092320271 ) ) ;
#11754 = FACE_OUTER_BOUND ( 'NONE', #1591, .T. ) ;
#11755 = VECTOR ( 'NONE', #7593, 999.9999999999998863 ) ;
#11756 = ORIENTED_EDGE ( 'NONE', *, *, #4782, .T. ) ;
#11757 = DIRECTION ( 'NONE',  ( 0.000000000000000000, 0.000000000000000000, -1.000000000000000000 ) ) ;
#11758 = CIRCLE ( 'NONE', #3581, 1.700000000000021050 ) ;
#11759 = DIRECTION ( 'NONE',  ( 0.000000000000000000, 0.000000000000000000, -1.000000000000000000 ) ) ;
#11760 = VERTEX_POINT ( 'NONE', #2218 ) ;
#11761 = EDGE_LOOP ( 'NONE', ( #11338, #8940, #12168, #1648 ) ) ;
#11762 = EDGE_LOOP ( 'NONE', ( #5347, #5075, #6791, #5829 ) ) ;
#11763 = ORIENTED_EDGE ( 'NONE', *, *, #11725, .T. ) ;
#11764 = CARTESIAN_POINT ( 'NONE',  ( -76.80000000000003979, 21.80000000000001847, 20.25000000000004619 ) ) ;
#11765 = AXIS2_PLACEMENT_3D ( 'NONE', #7907, #5092, #3286 ) ;
#11766 = VECTOR ( 'NONE', #6359, 1000.000000000000000 ) ;
#11767 = VERTEX_POINT ( 'NONE', #6025 ) ;
#11768 = CARTESIAN_POINT ( 'NONE',  ( 37.19999999999996021, -57.98150098949683695, 19.88675134594813443 ) ) ;
#11769 = CARTESIAN_POINT ( 'NONE',  ( 3.699999999999967759, -57.98150098949683695, 15.55662432702593811 ) ) ;
#11770 = FACE_OUTER_BOUND ( 'NONE', #9451, .T. ) ;
#11771 = FACE_OUTER_BOUND ( 'NONE', #11666, .T. ) ;
#11772 = CARTESIAN_POINT ( 'NONE',  ( 57.50288568297003167, -20.79999999999999005, -9.155633244129623094 ) ) ;
#11773 = EDGE_CURVE ( 'NONE', #9567, #2481, #5049, .T. ) ;
#11774 = ORIENTED_EDGE ( 'NONE', *, *, #10088, .F. ) ;
#11775 = AXIS2_PLACEMENT_3D ( 'NONE', #6246, #10093, #5020 ) ;
#11776 = DIRECTION ( 'NONE',  ( 0.3535533905932711218, 0.7071067811865534569, 0.6123724356957892523 ) ) ;
#11777 = VECTOR ( 'NONE', #11295, 1000.000000000000000 ) ;
#11778 = ORIENTED_EDGE ( 'NONE', *, *, #10170, .F. ) ;
#11779 = CARTESIAN_POINT ( 'NONE',  ( -24.05000000000003624, -23.79999999999999005, 13.24722325026742986 ) ) ;
#11780 = EDGE_CURVE ( 'NONE', #11082, #9334, #8742, .T. ) ;
#11781 = ORIENTED_EDGE ( 'NONE', *, *, #8286, .T. ) ;
#11782 = CARTESIAN_POINT ( 'NONE',  ( 19.19999999999996021, -57.98150098949683695, 19.88675134594813443 ) ) ;
#11783 = ORIENTED_EDGE ( 'NONE', *, *, #3463, .F. ) ;
#11784 = ORIENTED_EDGE ( 'NONE', *, *, #4513, .T. ) ;
#11785 = ORGANIZATION ( 'UNSPECIFIED', 'UNSPECIFIED', '' ) ;
#11786 = CARTESIAN_POINT ( 'NONE',  ( 65.29711431702996549, 20.80000000000000426, 47.65563324412967461 ) ) ;
#11787 = VECTOR ( 'NONE', #865, 1000.000000000000000 ) ;
#11788 = ORIENTED_EDGE ( 'NONE', *, *, #8520, .T. ) ;
#11789 = ADVANCED_FACE ( 'NONE', ( #9686 ), #8869, .F. ) ;
#11790 = EDGE_CURVE ( 'NONE', #5855, #6353, #3920, .T. ) ;
#11791 = ORIENTED_EDGE ( 'NONE', *, *, #6394, .F. ) ;
#11792 = ORIENTED_EDGE ( 'NONE', *, *, #2046, .T. ) ;
#11793 = SECURITY_CLASSIFICATION_LEVEL ( 'unclassified' ) ;
#11794 = EDGE_CURVE ( 'NONE', #5935, #750, #7795, .T. ) ;
#11795 = AXIS2_PLACEMENT_3D ( 'NONE', #12057, #6162, #10137 ) ;
#11796 = EDGE_CURVE ( 'NONE', #6764, #2391, #10000, .T. ) ;
#11797 = AXIS2_PLACEMENT_3D ( 'NONE', #7671, #1044, #4869 ) ;
#11798 = FACE_OUTER_BOUND ( 'NONE', #154, .T. ) ;
#11799 = EDGE_LOOP ( 'NONE', ( #12372, #10320, #2207, #9260 ) ) ;
#11800 = CARTESIAN_POINT ( 'NONE',  ( -76.80000000000005400, 9.799999999999990052, 6.000000000000000000 ) ) ;
#11801 = ORIENTED_EDGE ( 'NONE', *, *, #5631, .T. ) ;
#11802 = EDGE_LOOP ( 'NONE', ( #11017, #1021, #11720, #2973 ) ) ;
#11803 = DIRECTION ( 'NONE',  ( 0.8660254037844383745, 0.000000000000000000, -0.5000000000000003331 ) ) ;
#11804 = LINE ( 'NONE', #7736, #4023 ) ;
#11805 = CARTESIAN_POINT ( 'NONE',  ( -81.80000000000003979, 30.80000000000000782, 25.00000000000000000 ) ) ;
#11806 = DIRECTION ( 'NONE',  ( -1.000000000000000000, 0.000000000000000000, 0.000000000000000000 ) ) ;
#11807 = VECTOR ( 'NONE', #4037, 1000.000000000000114 ) ;
#11808 = PLANE ( 'NONE',  #9403 ) ;
#11809 = DIRECTION ( 'NONE',  ( 0.000000000000000000, 0.000000000000000000, -1.000000000000000000 ) ) ;
#11810 = EDGE_CURVE ( 'NONE', #7997, #10721, #1522, .T. ) ;
#11811 = DIRECTION ( 'NONE',  ( 0.000000000000000000, 0.000000000000000000, 1.000000000000000000 ) ) ;
#11812 = LINE ( 'NONE', #1294, #10211 ) ;
#11813 = EDGE_LOOP ( 'NONE', ( #1250, #2080, #10636, #10274 ) ) ;
#11814 = CARTESIAN_POINT ( 'NONE',  ( 77.80000000000005400, 20.80000000000000426, 25.00000000000000000 ) ) ;
#11815 = CIRCLE ( 'NONE', #7618, 1.700000000000021050 ) ;
#11816 = ORIENTED_EDGE ( 'NONE', *, *, #9674, .F. ) ;
#11817 = VECTOR ( 'NONE', #3964, 999.9999999999998863 ) ;
#11818 = DIRECTION ( 'NONE',  ( 1.114860845743448580E-16, -1.000000000000000000, 0.000000000000000000 ) ) ;
#11819 = EDGE_LOOP ( 'NONE', ( #10972, #2001, #11007, #7080 ) ) ;
#11820 = DIRECTION ( 'NONE',  ( 0.3535533905932757293, 0.7071067811865433539, -0.6123724356957982451 ) ) ;
#11821 = ORIENTED_EDGE ( 'NONE', *, *, #252, .T. ) ;
#11822 = PLANE ( 'NONE',  #6979 ) ;
#11823 = ADVANCED_FACE ( 'NONE', ( #11798 ), #428, .F. ) ;
#11824 = VECTOR ( 'NONE', #6691, 1000.000000000000000 ) ;
#11825 = LINE ( 'NONE', #5198, #948 ) ;
#11826 = LINE ( 'NONE', #3503, #10796 ) ;
#11827 = DIRECTION ( 'NONE',  ( -1.000000000000000000, -1.114860845743448580E-16, 1.304303365396091250E-16 ) ) ;
#11828 = ORIENTED_EDGE ( 'NONE', *, *, #1901, .F. ) ;
#11829 = ORIENTED_EDGE ( 'NONE', *, *, #762, .F. ) ;
#11830 = DIRECTION ( 'NONE',  ( -1.000000000000000000, -1.257045997084642365E-16, 1.051347561198065328E-16 ) ) ;
#11831 = ORIENTED_EDGE ( 'NONE', *, *, #12280, .T. ) ;
#11832 = ORIENTED_EDGE ( 'NONE', *, *, #10724, .F. ) ;
#11833 = DIRECTION ( 'NONE',  ( 0.000000000000000000, 0.000000000000000000, -1.000000000000000000 ) ) ;
#11834 = FACE_OUTER_BOUND ( 'NONE', #10633, .T. ) ;
#11835 = CARTESIAN_POINT ( 'NONE',  ( -47.05000000000003979, 29.79999999999997939, 15.12361162513371760 ) ) ;
#11836 = ORIENTED_EDGE ( 'NONE', *, *, #6650, .F. ) ;
#11837 = CARTESIAN_POINT ( 'NONE',  ( 2.985714285714259120, 29.08571428571431383, 18.03098262355290871 ) ) ;
#11838 = ADVANCED_FACE ( 'NONE', ( #5173 ), #8991, .F. ) ;
#11839 = DIRECTION ( 'NONE',  ( -1.301042606982605321E-16, 1.000000000000000000, -0.000000000000000000 ) ) ;
#11840 = LINE ( 'NONE', #5274, #8566 ) ;
#11841 = CARTESIAN_POINT ( 'NONE',  ( 77.80000000000005400, 19.80000000000003268, 26.00000000000000355 ) ) ;
#11842 = ORIENTED_EDGE ( 'NONE', *, *, #3642, .F. ) ;
#11843 = DIRECTION ( 'NONE',  ( -0.7071067811865475727, -0.7071067811865475727, -0.000000000000000000 ) ) ;
#11844 = DIRECTION ( 'NONE',  ( -0.8660254037844384856, -9.654978140984306513E-17, -0.5000000000000002220 ) ) ;
#11845 = ORIENTED_EDGE ( 'NONE', *, *, #3782, .F. ) ;
#11846 = DIRECTION ( 'NONE',  ( 1.000000000000000000, 0.000000000000000000, 0.000000000000000000 ) ) ;
#11847 = ORIENTED_EDGE ( 'NONE', *, *, #10196, .F. ) ;
#11848 = CARTESIAN_POINT ( 'NONE',  ( -24.05000000000003979, 21.79999999999999361, 20.75277674973256836 ) ) ;
#11849 = ORIENTED_EDGE ( 'NONE', *, *, #11794, .T. ) ;
#11850 = VERTEX_POINT ( 'NONE', #7085 ) ;
#11851 = CARTESIAN_POINT ( 'NONE',  ( 76.80000000000005400, 19.80000000000000782, 6.000000000000000000 ) ) ;
#11852 = CARTESIAN_POINT ( 'NONE',  ( 22.69999999999998508, 30.80000000000002203, 14.97927405783629595 ) ) ;
#11853 = EDGE_CURVE ( 'NONE', #10931, #3923, #7992, .T. ) ;
#11854 = CARTESIAN_POINT ( 'NONE',  ( -61.30000000000000426, -21.79999999999996874, 12.74999999999998757 ) ) ;
#11855 = CARTESIAN_POINT ( 'NONE',  ( 24.42692246687420976, 19.07307753312572984, 20.01776509328315257 ) ) ;
#11856 = ADVANCED_FACE ( 'NONE', ( #6271 ), #7375, .F. ) ;
#11857 = LINE ( 'NONE', #7587, #9747 ) ;
#11858 = PLANE ( 'NONE',  #755 ) ;
#11859 = VECTOR ( 'NONE', #6631, 1000.000000000000114 ) ;
#11860 = CARTESIAN_POINT ( 'NONE',  ( 37.19999999999994600, -24.79999999999999005, 18.73205080756888918 ) ) ;
#11861 = VERTEX_POINT ( 'NONE', #10987 ) ;
#11862 = DIRECTION ( 'NONE',  ( 0.000000000000000000, 1.000000000000000000, 0.000000000000000000 ) ) ;
#11863 = LINE ( 'NONE', #3240, #5572 ) ;
#11864 = ORIENTED_EDGE ( 'NONE', *, *, #11475, .F. ) ;
#11865 = LINE ( 'NONE', #9104, #7105 ) ;
#11866 = ORIENTED_EDGE ( 'NONE', *, *, #8879, .T. ) ;
#11867 = ADVANCED_FACE ( 'NONE', ( #9056 ), #3420, .F. ) ;
#11868 = VECTOR ( 'NONE', #5524, 1000.000000000000000 ) ;
#11869 = VECTOR ( 'NONE', #313, 1000.000000000000114 ) ;
#11870 = EDGE_CURVE ( 'NONE', #4776, #7797, #2279, .T. ) ;
#11871 = ORIENTED_EDGE ( 'NONE', *, *, #9319, .T. ) ;
#11872 = ORIENTED_EDGE ( 'NONE', *, *, #11417, .F. ) ;
#11873 = CARTESIAN_POINT ( 'NONE',  ( 91.34999999999998010, 34.50000000000000711, 0.000000000000000000 ) ) ;
#11874 = FACE_BOUND ( 'NONE', #2799, .T. ) ;
#11875 = EDGE_CURVE ( 'NONE', #9397, #11544, #2471, .T. ) ;
#11876 = DIRECTION ( 'NONE',  ( 1.301042606982605321E-16, -1.000000000000000000, 0.000000000000000000 ) ) ;
#11877 = CARTESIAN_POINT ( 'NONE',  ( 37.19999999999996021, -57.98150098949683695, 14.11324865405187090 ) ) ;
#11878 = CARTESIAN_POINT ( 'NONE',  ( 86.34999999999998010, -29.85000000000004405, 3.000000000000000000 ) ) ;
#11879 = LINE ( 'NONE', #1416, #4772 ) ;
#11880 = DIRECTION ( 'NONE',  ( -1.000000000000000000, 0.000000000000000000, 0.000000000000000000 ) ) ;
#11881 = AXIS2_PLACEMENT_3D ( 'NONE', #8001, #10998, #10871 ) ;
#11882 = FACE_OUTER_BOUND ( 'NONE', #7148, .T. ) ;
#11883 = ORIENTED_EDGE ( 'NONE', *, *, #2654, .T. ) ;
#11884 = CARTESIAN_POINT ( 'NONE',  ( 1.200000000000069011, -3.772253052276956620, 40.70340045224887859 ) ) ;
#11885 = EDGE_LOOP ( 'NONE', ( #11801, #9808, #7230, #3788 ) ) ;
#11886 = ADVANCED_FACE ( 'NONE', ( #12043 ), #1196, .F. ) ;
#11887 = CARTESIAN_POINT ( 'NONE',  ( -82.80000000000005400, -9.800000000000011369, 6.999999999999999112 ) ) ;
#11888 = EDGE_LOOP ( 'NONE', ( #12161, #1540, #11416 ) ) ;
#11889 = PLANE ( 'NONE',  #3571 ) ;
#11890 = VERTEX_POINT ( 'NONE', #6885 ) ;
#11891 = EDGE_CURVE ( 'NONE', #11455, #6856, #2899, .T. ) ;
#11892 = DIRECTION ( 'NONE',  ( 0.8660254037844383745, 1.088633767200839306E-16, -0.5000000000000004441 ) ) ;
#11893 = FACE_OUTER_BOUND ( 'NONE', #4350, .T. ) ;
#11894 = VERTEX_POINT ( 'NONE', #1315 ) ;
#11895 = VECTOR ( 'NONE', #4404, 1000.000000000000000 ) ;
#11896 = ORIENTED_EDGE ( 'NONE', *, *, #11794, .F. ) ;
#11897 = ORIENTED_EDGE ( 'NONE', *, *, #8195, .T. ) ;
#11898 = EDGE_CURVE ( 'NONE', #3369, #83, #6055, .T. ) ;
#11899 = CARTESIAN_POINT ( 'NONE',  ( -24.05000000000003979, 21.79999999999999361, 13.24722325026742809 ) ) ;
#11900 = ORIENTED_EDGE ( 'NONE', *, *, #6183, .F. ) ;
#11901 = CARTESIAN_POINT ( 'NONE',  ( -89.34999999999998010, -27.00000000000000355, 0.5000000000000013323 ) ) ;
#11902 = CARTESIAN_POINT ( 'NONE',  ( 33.69999999999991047, 30.80000000000002203, 19.02072594216370405 ) ) ;
#11903 = CARTESIAN_POINT ( 'NONE',  ( 76.80000000000005400, 0.000000000000000000, 6.000000000000000000 ) ) ;
#11904 = ORIENTED_EDGE ( 'NONE', *, *, #2177, .T. ) ;
#11905 = CARTESIAN_POINT ( 'NONE',  ( 39.69999999999996021, -21.80000000000002203, 15.55662432702593811 ) ) ;
#11906 = ORIENTED_EDGE ( 'NONE', *, *, #11486, .F. ) ;
#11907 = LINE ( 'NONE', #5156, #10767 ) ;
#11908 = ORIENTED_EDGE ( 'NONE', *, *, #4294, .F. ) ;
#11909 = CARTESIAN_POINT ( 'NONE',  ( 77.80000000000003979, 21.79999999999997939, 10.00000000000000000 ) ) ;
#11910 = EDGE_LOOP ( 'NONE', ( #3238, #11290, #4668, #8045 ) ) ;
#11911 = ADVANCED_FACE ( 'NONE', ( #5080 ), #11584, .T. ) ;
#11912 = CARTESIAN_POINT ( 'NONE',  ( -84.30000000000003979, -32.79999999999998295, 6.000000000000000000 ) ) ;
#11913 = VECTOR ( 'NONE', #7151, 1000.000000000000000 ) ;
#11914 = LINE ( 'NONE', #6205, #8034 ) ;
#11915 = DIRECTION ( 'NONE',  ( -4.491067419747200645E-18, 0.7071067811865479058, 0.7071067811865471286 ) ) ;
#11916 = VERTEX_POINT ( 'NONE', #509 ) ;
#11917 = AXIS2_PLACEMENT_3D ( 'NONE', #11768, #8904, #208 ) ;
#11918 = LINE ( 'NONE', #11092, #11203 ) ;
#11919 = ORIENTED_EDGE ( 'NONE', *, *, #7512, .T. ) ;
#11920 = VECTOR ( 'NONE', #7780, 1000.000000000000000 ) ;
#11921 = ORIENTED_EDGE ( 'NONE', *, *, #12331, .T. ) ;
#11922 = LINE ( 'NONE', #1404, #2974 ) ;
#11923 = AXIS2_PLACEMENT_3D ( 'NONE', #3813, #2621, #10263 ) ;
#11924 = ORIENTED_EDGE ( 'NONE', *, *, #6786, .T. ) ;
#11925 = ADVANCED_FACE ( 'NONE', ( #8900 ), #4338, .F. ) ;
#11926 = CARTESIAN_POINT ( 'NONE',  ( 39.69999999999996732, -57.98150098949683695, 15.55662432702593811 ) ) ;
#11927 = ORIENTED_EDGE ( 'NONE', *, *, #7813, .F. ) ;
#11928 = ORIENTED_EDGE ( 'NONE', *, *, #6939, .F. ) ;
#11929 = EDGE_LOOP ( 'NONE', ( #7055, #6705, #9972, #3205, #12127, #3133, #5174, #5458, #1801, #9721 ) ) ;
#11930 = CARTESIAN_POINT ( 'NONE',  ( 1.199999999999956213, 20.80000000000000071, 12.95854811567261322 ) ) ;
#11931 = DIRECTION ( 'NONE',  ( 0.7071067811865415775, 0.000000000000000000, 0.7071067811865535679 ) ) ;
#11932 = VECTOR ( 'NONE', #4916, 1000.000000000000114 ) ;
#11933 = CARTESIAN_POINT ( 'NONE',  ( 58.49999999999998579, -58.49999999999998579, 3.000000000000000000 ) ) ;
#11934 = AXIS2_PLACEMENT_3D ( 'NONE', #8198, #2495, #637 ) ;
#11935 = FACE_OUTER_BOUND ( 'NONE', #1104, .T. ) ;
#11936 = VECTOR ( 'NONE', #1950, 999.9999999999998863 ) ;
#11937 = EDGE_CURVE ( 'NONE', #9296, #497, #7060, .T. ) ;
#11938 = EDGE_CURVE ( 'NONE', #2851, #3301, #3391, .T. ) ;
#11939 = CARTESIAN_POINT ( 'NONE',  ( -61.30000000000000426, -24.80000000000000071, 26.00000000000000355 ) ) ;
#11940 = ORIENTED_EDGE ( 'NONE', *, *, #2593, .T. ) ;
#11941 = ADVANCED_FACE ( 'NONE', ( #2446 ), #10895, .F. ) ;
#11942 = CARTESIAN_POINT ( 'NONE',  ( -93.34999999999999432, -29.85000000000000142, 3.000000000000000000 ) ) ;
#11943 = CARTESIAN_POINT ( 'NONE',  ( -91.34999999999998010, 35.00000000000000000, 4.500000000000018652 ) ) ;
#11944 = VECTOR ( 'NONE', #8287, 1000.000000000000114 ) ;
#11945 = ORIENTED_EDGE ( 'NONE', *, *, #556, .T. ) ;
#11946 = DIRECTION ( 'NONE',  ( 0.5773502691896270633, 0.5773502691896251759, -0.5773502691896251759 ) ) ;
#11947 = EDGE_LOOP ( 'NONE', ( #8221, #11672, #10252, #3718 ) ) ;
#11948 = DIRECTION ( 'NONE',  ( -0.7071067811865487940, 0.7071067811865462405, 0.000000000000000000 ) ) ;
#11949 = ORIENTED_EDGE ( 'NONE', *, *, #9320, .T. ) ;
#11950 = CARTESIAN_POINT ( 'NONE',  ( 87.72499999999996589, 29.37499999999999289, 5.000000000000000000 ) ) ;
#11951 = VECTOR ( 'NONE', #8194, 1000.000000000000000 ) ;
#11952 = FACE_OUTER_BOUND ( 'NONE', #9650, .T. ) ;
#11953 = ADVANCED_FACE ( 'NONE', ( #3139 ), #190, .F. ) ;
#11954 = ORIENTED_EDGE ( 'NONE', *, *, #2073, .T. ) ;
#11955 = ADVANCED_FACE ( 'NONE', ( #9969 ), #7958, .F. ) ;
#11956 = CARTESIAN_POINT ( 'NONE',  ( -82.80000000000003979, 30.80000000000000782, 9.000000000000049738 ) ) ;
#11957 = VERTEX_POINT ( 'NONE', #11764 ) ;
#11958 = ORIENTED_EDGE ( 'NONE', *, *, #9107, .F. ) ;
#11959 = CARTESIAN_POINT ( 'NONE',  ( -87.64999999999997726, -27.00000000000000355, 5.000000000000000000 ) ) ;
#11960 = LINE ( 'NONE', #11020, #12069 ) ;
#11961 = ORIENTED_EDGE ( 'NONE', *, *, #7925, .F. ) ;
#11962 = AXIS2_PLACEMENT_3D ( 'NONE', #80, #11350, #7709 ) ;
#11963 = CIRCLE ( 'NONE', #8387, 1.500000000000001332 ) ;
#11964 = CARTESIAN_POINT ( 'NONE',  ( 89.34999999999998010, 27.00000000000000355, 5.000000000000000000 ) ) ;
#11965 = VECTOR ( 'NONE', #8725, 1000.000000000000114 ) ;
#11966 = LINE ( 'NONE', #1501, #9163 ) ;
#11967 = EDGE_CURVE ( 'NONE', #7216, #2357, #11704, .T. ) ;
#11968 = EDGE_LOOP ( 'NONE', ( #9240, #5981, #5480, #10825 ) ) ;
#11969 = VERTEX_POINT ( 'NONE', #4085 ) ;
#11970 = DIRECTION ( 'NONE',  ( -0.6785983445458507735, -0.2810846377148114583, 0.6785983445458469987 ) ) ;
#11971 = CARTESIAN_POINT ( 'NONE',  ( 3.699999999999967759, -57.98150098949683695, 18.44337567297406721 ) ) ;
#11972 = AXIS2_PLACEMENT_3D ( 'NONE', #12149, #8215, #1697 ) ;
#11973 = CARTESIAN_POINT ( 'NONE',  ( -92.84999999999999432, 29.85000000000000142, 3.000000000000000000 ) ) ;
#11974 = ORIENTED_EDGE ( 'NONE', *, *, #5684, .T. ) ;
#11975 = CARTESIAN_POINT ( 'NONE',  ( -76.80000000000002558, -57.98150098949685116, 12.74999999999999112 ) ) ;
#11976 = CARTESIAN_POINT ( 'NONE',  ( 77.80000000000005400, 20.80000000000000426, 11.74999999999994671 ) ) ;
#11977 = DIRECTION ( 'NONE',  ( 0.000000000000000000, 1.000000000000000000, 0.000000000000000000 ) ) ;
#11978 = VECTOR ( 'NONE', #5389, 1000.000000000000114 ) ;
#11979 = VECTOR ( 'NONE', #11577, 1000.000000000000114 ) ;
#11980 = VECTOR ( 'NONE', #11501, 999.9999999999998863 ) ;
#11981 = ADVANCED_FACE ( 'NONE', ( #10840 ), #5994, .F. ) ;
#11982 = EDGE_CURVE ( 'NONE', #2175, #9334, #457, .T. ) ;
#11983 = CARTESIAN_POINT ( 'NONE',  ( 91.05000000000001137, 27.00000000000000355, 4.499999999999970690 ) ) ;
#11984 = ORIENTED_EDGE ( 'NONE', *, *, #11938, .T. ) ;
#11985 = ORIENTED_EDGE ( 'NONE', *, *, #3538, .F. ) ;
#11986 = CARTESIAN_POINT ( 'NONE',  ( 61.79711431702997260, -24.79999999999999005, 53.71781107062071925 ) ) ;
#11987 = VERTEX_POINT ( 'NONE', #4273 ) ;
#11988 = DIRECTION ( 'NONE',  ( -0.7071067811865482389, 0.000000000000000000, -0.7071067811865469066 ) ) ;
#11989 = CARTESIAN_POINT ( 'NONE',  ( 82.80000000000005400, -21.50710678118649355, 25.29289321881345387 ) ) ;
#11990 = VECTOR ( 'NONE', #5090, 1000.000000000000000 ) ;
#11991 = ORIENTED_EDGE ( 'NONE', *, *, #10307, .F. ) ;
#11992 = VECTOR ( 'NONE', #416, 1000.000000000000114 ) ;
#11993 = EDGE_LOOP ( 'NONE', ( #9007, #10588, #3266 ) ) ;
#11994 = ORIENTED_EDGE ( 'NONE', *, *, #1014, .T. ) ;
#11995 = DIRECTION ( 'NONE',  ( -8.920979878885067069E-16, 0.7071067811865466846, -0.7071067811865483499 ) ) ;
#11996 = CARTESIAN_POINT ( 'NONE',  ( -87.64999999999997726, -27.00000000000000355, 4.499999999999968914 ) ) ;
#11997 = PLANE ( 'NONE',  #11881 ) ;
#11998 = EDGE_CURVE ( 'NONE', #7338, #9334, #8078, .T. ) ;
#11999 = VECTOR ( 'NONE', #4938, 1000.000000000000000 ) ;
#12000 = DIRECTION ( 'NONE',  ( 0.4999999999999998335, 6.505213034913022906E-17, -0.8660254037844387076 ) ) ;
#12001 = LINE ( 'NONE', #1477, #9238 ) ;
#12002 = EDGE_LOOP ( 'NONE', ( #9036, #155, #5099, #5266 ) ) ;
#12003 = PLANE ( 'NONE',  #4132 ) ;
#12004 = ORIENTED_EDGE ( 'NONE', *, *, #10286, .T. ) ;
#12005 = ORIENTED_EDGE ( 'NONE', *, *, #10144, .T. ) ;
#12006 = VECTOR ( 'NONE', #12162, 1000.000000000000114 ) ;
#12007 = CARTESIAN_POINT ( 'NONE',  ( 51.19999999999995310, -21.79999999999996163, 21.00000000000003197 ) ) ;
#12008 = EDGE_CURVE ( 'NONE', #5727, #7644, #10958, .T. ) ;
#12009 = ADVANCED_FACE ( 'NONE', ( #10039 ), #1438, .F. ) ;
#12010 = CARTESIAN_POINT ( 'NONE',  ( -40.55000000000002558, 29.79999999999997939, 18.87638837486628063 ) ) ;
#12011 = EDGE_CURVE ( 'NONE', #12041, #6663, #6436, .T. ) ;
#12012 = VECTOR ( 'NONE', #12358, 1000.000000000000000 ) ;
#12013 = CARTESIAN_POINT ( 'NONE',  ( -59.30000000000000426, 20.79999999999999361, 13.75000000000001954 ) ) ;
#12014 = ORIENTED_EDGE ( 'NONE', *, *, #9959, .T. ) ;
#12015 = ORIENTED_EDGE ( 'NONE', *, *, #2350, .F. ) ;
#12016 = LINE ( 'NONE', #2636, #8397 ) ;
#12017 = ADVANCED_FACE ( 'NONE', ( #765 ), #6302, .F. ) ;
#12018 = VERTEX_POINT ( 'NONE', #1493 ) ;
#12019 = EDGE_CURVE ( 'NONE', #8050, #7649, #2498, .T. ) ;
#12020 = AXIS2_PLACEMENT_3D ( 'NONE', #3019, #6941, #10662 ) ;
#12021 = DIRECTION ( 'NONE',  ( 0.000000000000000000, 0.000000000000000000, 1.000000000000000000 ) ) ;
#12022 = EDGE_CURVE ( 'NONE', #3351, #7694, #5456, .T. ) ;
#12023 = DIRECTION ( 'NONE',  ( 1.301042606982605321E-16, -1.000000000000000000, 0.000000000000000000 ) ) ;
#12024 = DIRECTION ( 'NONE',  ( 1.301042606982605321E-16, -1.000000000000000000, 0.000000000000000000 ) ) ;
#12025 = ADVANCED_FACE ( 'NONE', ( #11074 ), #5581, .F. ) ;
#12026 = CARTESIAN_POINT ( 'NONE',  ( -77.80000000000005400, -20.80000000000000426, 6.999999999999999112 ) ) ;
#12027 = CYLINDRICAL_SURFACE ( 'NONE', #3953, 1.700000000000021050 ) ;
#12028 = ORIENTED_EDGE ( 'NONE', *, *, #4779, .T. ) ;
#12029 = ORIENTED_EDGE ( 'NONE', *, *, #6382, .F. ) ;
#12030 = ORIENTED_EDGE ( 'NONE', *, *, #2204, .T. ) ;
#12031 = CARTESIAN_POINT ( 'NONE',  ( 89.34999999999998010, 27.00000000000000355, 4.499999999999970690 ) ) ;
#12032 = DIRECTION ( 'NONE',  ( -0.8660254037844385966, -9.654978140984307746E-17, -0.4999999999999999445 ) ) ;
#12033 = EDGE_CURVE ( 'NONE', #9892, #10699, #7373, .T. ) ;
#12034 = CARTESIAN_POINT ( 'NONE',  ( -82.80000000000003979, 30.80000000000000782, 22.24999999999993605 ) ) ;
#12035 = VERTEX_POINT ( 'NONE', #8396 ) ;
#12036 = EDGE_CURVE ( 'NONE', #1081, #1188, #3708, .T. ) ;
#12037 = CARTESIAN_POINT ( 'NONE',  ( -89.34999999999998010, -27.00000000000000355, 4.499999999999968914 ) ) ;
#12038 = CARTESIAN_POINT ( 'NONE',  ( 51.69999999999993889, -24.30000000000000071, 21.00000000000003553 ) ) ;
#12039 = VECTOR ( 'NONE', #6723, 1000.000000000000000 ) ;
#12040 = ORIENTED_EDGE ( 'NONE', *, *, #3456, .T. ) ;
#12041 = VERTEX_POINT ( 'NONE', #9217 ) ;
#12042 = FACE_OUTER_BOUND ( 'NONE', #12139, .T. ) ;
#12043 = FACE_OUTER_BOUND ( 'NONE', #12164, .T. ) ;
#12044 = CARTESIAN_POINT ( 'NONE',  ( -43.80000000000001847, -23.80000000000002913, 20.75277674973256836 ) ) ;
#12045 = LINE ( 'NONE', #9173, #9722 ) ;
#12046 = ORIENTED_EDGE ( 'NONE', *, *, #8978, .T. ) ;
#12047 = CARTESIAN_POINT ( 'NONE',  ( -26.59999999999855547, -20.79999999999999716, -47.82194795587612646 ) ) ;
#12048 = AXIS2_PLACEMENT_3D ( 'NONE', #6646, #9676, #3089 ) ;
#12049 = LINE ( 'NONE', #7275, #3353 ) ;
#12050 = DIRECTION ( 'NONE',  ( 0.6546536707079807504, -0.6546536707079717576, -0.3779644730092301952 ) ) ;
#12051 = LINE ( 'NONE', #611, #5890 ) ;
#12052 = PLANE ( 'NONE',  #8081 ) ;
#12053 = CARTESIAN_POINT ( 'NONE',  ( 51.19999999999995310, 21.79999999999997939, 21.00000000000003553 ) ) ;
#12054 = AXIS2_PLACEMENT_3D ( 'NONE', #6323, #2397, #11151 ) ;
#12055 = DIRECTION ( 'NONE',  ( 1.301042606982605321E-16, -1.000000000000000000, 0.000000000000000000 ) ) ;
#12056 = DIRECTION ( 'NONE',  ( 0.000000000000000000, 0.000000000000000000, 1.000000000000000000 ) ) ;
#12057 = CARTESIAN_POINT ( 'NONE',  ( -89.34999999999998010, -27.00000000000000355, 5.000000000000000000 ) ) ;
#12058 = LINE ( 'NONE', #6534, #5128 ) ;
#12059 = VECTOR ( 'NONE', #10910, 1000.000000000000114 ) ;
#12060 = ORIENTED_EDGE ( 'NONE', *, *, #6945, .F. ) ;
#12061 = DIRECTION ( 'NONE',  ( 0.000000000000000000, 0.000000000000000000, 1.000000000000000000 ) ) ;
#12062 = ORIENTED_EDGE ( 'NONE', *, *, #8719, .T. ) ;
#12063 = EDGE_CURVE ( 'NONE', #2172, #6687, #9340, .T. ) ;
#12064 = DIRECTION ( 'NONE',  ( 0.000000000000000000, 0.000000000000000000, 1.000000000000000000 ) ) ;
#12065 = EDGE_CURVE ( 'NONE', #4670, #3801, #11178, .T. ) ;
#12066 = ORIENTED_EDGE ( 'NONE', *, *, #10213, .T. ) ;
#12067 = PLANE ( 'NONE',  #2760 ) ;
#12068 = ORIENTED_EDGE ( 'NONE', *, *, #10268, .T. ) ;
#12069 = VECTOR ( 'NONE', #7184, 1000.000000000000114 ) ;
#12070 = DIRECTION ( 'NONE',  ( 0.000000000000000000, 0.000000000000000000, -1.000000000000000000 ) ) ;
#12071 = LINE ( 'NONE', #3500, #7985 ) ;
#12072 = FACE_BOUND ( 'NONE', #10655, .T. ) ;
#12073 = FACE_BOUND ( 'NONE', #5605, .T. ) ;
#12074 = DIRECTION ( 'NONE',  ( 1.000000000000000000, 0.000000000000000000, 0.000000000000000000 ) ) ;
#12075 = ORIENTED_EDGE ( 'NONE', *, *, #11169, .F. ) ;
#12076 = DIRECTION ( 'NONE',  ( 0.000000000000000000, 0.000000000000000000, 1.000000000000000000 ) ) ;
#12077 = FACE_OUTER_BOUND ( 'NONE', #5497, .T. ) ;
#12078 = VERTEX_POINT ( 'NONE', #834 ) ;
#12079 = EDGE_CURVE ( 'NONE', #697, #5935, #6492, .T. ) ;
#12080 = CARTESIAN_POINT ( 'NONE',  ( -74.13333333333338260, -13.46666666666669876, 3.333333333333346804 ) ) ;
#12081 = ORIENTED_EDGE ( 'NONE', *, *, #11937, .F. ) ;
#12082 = DIRECTION ( 'NONE',  ( 1.000000000000000000, 1.301042606982605321E-16, 0.000000000000000000 ) ) ;
#12083 = CARTESIAN_POINT ( 'NONE',  ( -91.34999999999998010, -34.49999999999997158, 0.000000000000000000 ) ) ;
#12084 = AXIS2_PLACEMENT_3D ( 'NONE', #7061, #458, #1439 ) ;
#12085 = DIRECTION ( 'NONE',  ( -0.6546536707079803064, 0.6546536707079781969, 0.3779644730092197591 ) ) ;
#12086 = CARTESIAN_POINT ( 'NONE',  ( 34.69999999999995310, 21.79999999999998650, 15.55662432702593634 ) ) ;
#12087 = ORIENTED_EDGE ( 'NONE', *, *, #6151, .T. ) ;
#12088 = EDGE_CURVE ( 'NONE', #1108, #791, #7503, .T. ) ;
#12089 = ORIENTED_EDGE ( 'NONE', *, *, #9360, .T. ) ;
#12090 = EDGE_CURVE ( 'NONE', #9087, #5841, #3643, .T. ) ;
#12091 = DIRECTION ( 'NONE',  ( -0.8660254037844387076, -9.654978140984308979E-17, -0.4999999999999998335 ) ) ;
#12092 = ORIENTED_EDGE ( 'NONE', *, *, #1687, .T. ) ;
#12093 = EDGE_CURVE ( 'NONE', #6881, #9397, #4662, .T. ) ;
#12094 = FACE_OUTER_BOUND ( 'NONE', #3587, .T. ) ;
#12095 = DIRECTION ( 'NONE',  ( -1.000000000000000000, -1.257045997084642365E-16, 0.000000000000000000 ) ) ;
#12096 = CARTESIAN_POINT ( 'NONE',  ( 16.69999999999995666, -21.79999999999996518, 18.44337567297407077 ) ) ;
#12097 = DIRECTION ( 'NONE',  ( 0.000000000000000000, 0.000000000000000000, -1.000000000000000000 ) ) ;
#12098 = CARTESIAN_POINT ( 'NONE',  ( 87.14999999999997726, -27.00000000000000355, 0.000000000000000000 ) ) ;
#12099 = AXIS2_PLACEMENT_3D ( 'NONE', #8997, #8170, #4307 ) ;
#12100 = VERTEX_POINT ( 'NONE', #4527 ) ;
#12101 = EDGE_CURVE ( 'NONE', #8764, #4207, #12016, .T. ) ;
#12102 = EDGE_LOOP ( 'NONE', ( #7874, #1813, #3925, #4840 ) ) ;
#12103 = PLANE ( 'NONE',  #9328 ) ;
#12104 = DIRECTION ( 'NONE',  ( 0.6546536707079795292, 0.6546536707079748663, 0.3779644730092271421 ) ) ;
#12105 = CIRCLE ( 'NONE', #10518, 1.700000000000021050 ) ;
#12106 = EDGE_CURVE ( 'NONE', #7386, #3294, #8461, .T. ) ;
#12107 = CARTESIAN_POINT ( 'NONE',  ( 92.85000000000000853, 29.85000000000004761, 3.000000000000000000 ) ) ;
#12108 = DIRECTION ( 'NONE',  ( 0.8660254037844387076, 1.088633767200839799E-16, -0.4999999999999998335 ) ) ;
#12109 = VECTOR ( 'NONE', #5498, 1000.000000000000114 ) ;
#12110 = FACE_OUTER_BOUND ( 'NONE', #9387, .T. ) ;
#12111 = AXIS2_PLACEMENT_3D ( 'NONE', #955, #12266, #11520 ) ;
#12112 = EDGE_LOOP ( 'NONE', ( #8899, #10782, #9984, #9678 ) ) ;
#12113 = DIRECTION ( 'NONE',  ( 7.511572993685781598E-17, 8.374358620604178149E-33, -1.000000000000000000 ) ) ;
#12114 = CARTESIAN_POINT ( 'NONE',  ( 91.34999999999998010, 33.00000000000000000, 5.000000000000000000 ) ) ;
#12115 = CARTESIAN_POINT ( 'NONE',  ( 17.41428571428567906, 29.08571428571427830, 18.03098262355290160 ) ) ;
#12116 = DIRECTION ( 'NONE',  ( 0.8660254037844387076, 9.654978140984307746E-17, 0.4999999999999998335 ) ) ;
#12117 = CIRCLE ( 'NONE', #11124, 1.700000000000007061 ) ;
#12118 = CARTESIAN_POINT ( 'NONE',  ( 34.69999999999994600, 29.79999999999999361, 18.44337567297407077 ) ) ;
#12119 = ADVANCED_FACE ( 'NONE', ( #2758 ), #1754, .F. ) ;
#12120 = ORIENTED_EDGE ( 'NONE', *, *, #5047, .T. ) ;
#12121 = PERSON_AND_ORGANIZATION ( #6357, #11785 ) ;
#12122 = CARTESIAN_POINT ( 'NONE',  ( -69.88461431703001381, 30.80000000000000782, 48.37010420225176688 ) ) ;
#12123 = LINE ( 'NONE', #2670, #1554 ) ;
#12124 = ORIENTED_EDGE ( 'NONE', *, *, #6801, .F. ) ;
#12125 = CARTESIAN_POINT ( 'NONE',  ( -77.83253374752463571, -19.15662166996707327, 29.96746625247542894 ) ) ;
#12126 = LINE ( 'NONE', #3687, #5955 ) ;
#12127 = ORIENTED_EDGE ( 'NONE', *, *, #7036, .T. ) ;
#12128 = ORIENTED_EDGE ( 'NONE', *, *, #4487, .T. ) ;
#12129 = DIRECTION ( 'NONE',  ( 0.000000000000000000, 0.000000000000000000, 1.000000000000000000 ) ) ;
#12130 = ORIENTED_EDGE ( 'NONE', *, *, #11119, .F. ) ;
#12131 = DIRECTION ( 'NONE',  ( -0.7071067811865474617, 0.7071067811865474617, -0.000000000000000000 ) ) ;
#12132 = CARTESIAN_POINT ( 'NONE',  ( -43.80000000000002558, 29.79999999999997939, 20.75277674973256836 ) ) ;
#12133 = DIRECTION ( 'NONE',  ( 0.7071067811865474617, -0.7071067811865474617, 0.000000000000000000 ) ) ;
#12134 = LINE ( 'NONE', #12193, #4797 ) ;
#12135 = DIRECTION ( 'NONE',  ( 0.8660254037844397068, 9.654978140984320072E-17, 0.4999999999999980571 ) ) ;
#12136 = ADVANCED_FACE ( 'NONE', ( #11355 ), #8726, .F. ) ;
#12137 = CARTESIAN_POINT ( 'NONE',  ( -61.30000000000000426, 20.79999999999999361, 22.24999999999993605 ) ) ;
#12138 = VERTEX_POINT ( 'NONE', #2784 ) ;
#12139 = EDGE_LOOP ( 'NONE', ( #7946, #2700, #10115, #5701 ) ) ;
#12140 = DIRECTION ( 'NONE',  ( -0.7071067811865462405, -0.7071067811865487940, -0.000000000000000000 ) ) ;
#12141 = DIRECTION ( 'NONE',  ( -1.301042606982605321E-16, 1.000000000000000000, -0.000000000000000000 ) ) ;
#12142 = VERTEX_POINT ( 'NONE', #6821 ) ;
#12143 = AXIS2_PLACEMENT_3D ( 'NONE', #9593, #2941, #6047 ) ;
#12144 = DIRECTION ( 'NONE',  ( -1.000000000000000000, 0.000000000000000000, 0.000000000000000000 ) ) ;
#12145 = FACE_OUTER_BOUND ( 'NONE', #11888, .T. ) ;
#12146 = ADVANCED_FACE ( 'NONE', ( #5659 ), #1842, .F. ) ;
#12147 = VECTOR ( 'NONE', #759, 1000.000000000000000 ) ;
#12148 = ORIENTED_EDGE ( 'NONE', *, *, #8930, .T. ) ;
#12149 = CARTESIAN_POINT ( 'NONE',  ( -86.34999999999998010, -29.85000000000000142, 1.000000000000000000 ) ) ;
#12150 = VERTEX_POINT ( 'NONE', #3966 ) ;
#12151 = CARTESIAN_POINT ( 'NONE',  ( -43.50164896169720663, -27.34835103830279834, 17.17225305227708176 ) ) ;
#12152 = DIRECTION ( 'NONE',  ( 0.7071067811865474617, 7.883256641045617917E-17, 0.7071067811865474617 ) ) ;
#12153 = LINE ( 'NONE', #9160, #11433 ) ;
#12154 = CARTESIAN_POINT ( 'NONE',  ( -27.30000000000003624, -21.79999999999999361, 18.87638837486628418 ) ) ;
#12155 = VECTOR ( 'NONE', #3021, 1000.000000000000000 ) ;
#12156 = ADVANCED_FACE ( 'NONE', ( #12348 ), #3790, .F. ) ;
#12157 = DIRECTION ( 'NONE',  ( -0.000000000000000000, -0.7071067811865483499, -0.7071067811865466846 ) ) ;
#12158 = EDGE_CURVE ( 'NONE', #11526, #2916, #5601, .T. ) ;
#12159 = VECTOR ( 'NONE', #2129, 1000.000000000000000 ) ;
#12160 = EDGE_LOOP ( 'NONE', ( #3684, #12200, #6583, #5438 ) ) ;
#12161 = ORIENTED_EDGE ( 'NONE', *, *, #1704, .F. ) ;
#12162 = DIRECTION ( 'NONE',  ( 0.8660254037844383745, 9.654978140984305281E-17, 0.5000000000000003331 ) ) ;
#12163 = CARTESIAN_POINT ( 'NONE',  ( 38.98571428571423070, 29.08571428571427830, 18.03098262355290515 ) ) ;
#12164 = EDGE_LOOP ( 'NONE', ( #9689, #6182, #7543, #7104 ) ) ;
#12165 = AXIS2_PLACEMENT_3D ( 'NONE', #1862, #6602, #9317 ) ;
#12166 = VECTOR ( 'NONE', #11622, 1000.000000000000000 ) ;
#12167 = EDGE_CURVE ( 'NONE', #9788, #6418, #9428, .T. ) ;
#12168 = ORIENTED_EDGE ( 'NONE', *, *, #12235, .F. ) ;
#12169 = DIRECTION ( 'NONE',  ( -0.000000000000000000, -0.000000000000000000, -1.000000000000000000 ) ) ;
#12170 = CARTESIAN_POINT ( 'NONE',  ( 16.69999999999995666, -23.79999999999999361, 18.44337567297407077 ) ) ;
#12171 = FACE_BOUND ( 'NONE', #6029, .T. ) ;
#12172 = DIRECTION ( 'NONE',  ( -0.7071067811865475727, -0.7071067811865475727, -0.000000000000000000 ) ) ;
#12173 = EDGE_CURVE ( 'NONE', #3355, #597, #10484, .T. ) ;
#12174 = EDGE_CURVE ( 'NONE', #4009, #3580, #4799, .T. ) ;
#12175 = CARTESIAN_POINT ( 'NONE',  ( 52.19999999999992468, 20.80000000000000426, 9.000000000000031974 ) ) ;
#12176 = ORIENTED_EDGE ( 'NONE', *, *, #3538, .T. ) ;
#12177 = VECTOR ( 'NONE', #3512, 1000.000000000000114 ) ;
#12178 = CARTESIAN_POINT ( 'NONE',  ( -43.80000000000002558, 29.79999999999997939, 13.24722325026742809 ) ) ;
#12179 = VECTOR ( 'NONE', #2933, 1000.000000000000000 ) ;
#12180 = VECTOR ( 'NONE', #3092, 1000.000000000000000 ) ;
#12181 = ORIENTED_EDGE ( 'NONE', *, *, #3740, .F. ) ;
#12182 = LINE ( 'NONE', #7482, #10917 ) ;
#12183 = DIRECTION ( 'NONE',  ( 0.000000000000000000, 1.000000000000000000, 0.000000000000000000 ) ) ;
#12184 = ORIENTED_EDGE ( 'NONE', *, *, #8279, .F. ) ;
#12185 = ORIENTED_EDGE ( 'NONE', *, *, #7465, .F. ) ;
#12186 = EDGE_CURVE ( 'NONE', #296, #431, #7905, .T. ) ;
#12187 = ORIENTED_EDGE ( 'NONE', *, *, #630, .T. ) ;
#12188 = LINE ( 'NONE', #8570, #346 ) ;
#12189 = VECTOR ( 'NONE', #10575, 1000.000000000000000 ) ;
#12190 = CARTESIAN_POINT ( 'NONE',  ( 15.69999999999990870, 30.80000000000002203, 19.02072594216371826 ) ) ;
#12191 = AXIS2_PLACEMENT_3D ( 'NONE', #9252, #9119, #11880 ) ;
#12192 = DIRECTION ( 'NONE',  ( 0.8660254037844383745, 1.088633767200839306E-16, 0.5000000000000004441 ) ) ;
#12193 = CARTESIAN_POINT ( 'NONE',  ( 53.00288568297002456, -20.79999999999999005, -16.94986187818958001 ) ) ;
#12194 = CARTESIAN_POINT ( 'NONE',  ( -87.64999999999997726, -27.00000000000000355, 1.000000000000000000 ) ) ;
#12195 = DIRECTION ( 'NONE',  ( 0.000000000000000000, -0.000000000000000000, -1.000000000000000000 ) ) ;
#12196 = LINE ( 'NONE', #10331, #1 ) ;
#12197 = CARTESIAN_POINT ( 'NONE',  ( 34.69999999999995310, -23.80000000000000071, 15.55662432702593634 ) ) ;
#12198 = DIRECTION ( 'NONE',  ( -0.8660254037844387076, -9.654978140984308979E-17, 0.4999999999999998335 ) ) ;
#12199 = FACE_BOUND ( 'NONE', #819, .T. ) ;
#12200 = ORIENTED_EDGE ( 'NONE', *, *, #5482, .T. ) ;
#12201 = CARTESIAN_POINT ( 'NONE',  ( -84.30000000000006821, 32.80000000000001137, 6.000000000000000000 ) ) ;
#12202 = AXIS2_PLACEMENT_3D ( 'NONE', #11939, #11120, #3368 ) ;
#12203 = ORIENTED_EDGE ( 'NONE', *, *, #4913, .F. ) ;
#12204 = DIRECTION ( 'NONE',  ( -0.8660254037844385966, -9.654978140984307746E-17, -0.4999999999999999445 ) ) ;
#12205 = ORIENTED_EDGE ( 'NONE', *, *, #12328, .T. ) ;
#12206 = CARTESIAN_POINT ( 'NONE',  ( -77.80000000000005400, 21.50710678118651487, 25.29289321881347874 ) ) ;
#12207 = ADVANCED_FACE ( 'NONE', ( #7177 ), #799, .F. ) ;
#12208 = DIRECTION ( 'NONE',  ( 0.000000000000000000, -1.000000000000000000, -0.000000000000000000 ) ) ;
#12209 = LINE ( 'NONE', #10343, #1413 ) ;
#12210 = VECTOR ( 'NONE', #1691, 1000.000000000000000 ) ;
#12211 = PLANE ( 'NONE',  #12143 ) ;
#12212 = DIRECTION ( 'NONE',  ( 0.000000000000000000, 1.000000000000000000, 0.000000000000000000 ) ) ;
#12213 = ORIENTED_EDGE ( 'NONE', *, *, #1033, .T. ) ;
#12214 = EDGE_LOOP ( 'NONE', ( #10288, #1931, #4305, #2920 ) ) ;
#12215 = LINE ( 'NONE', #2701, #3529 ) ;
#12216 = DIRECTION ( 'NONE',  ( 0.8660254037844390407, 9.654978140984313909E-17, -0.4999999999999994449 ) ) ;
#12217 = VERTEX_POINT ( 'NONE', #4163 ) ;
#12218 = AXIS2_PLACEMENT_3D ( 'NONE', #10218, #7756, #1254 ) ;
#12219 = DIRECTION ( 'NONE',  ( 0.7071067811865279218, 0.7071067811865671127, -0.000000000000000000 ) ) ;
#12220 = LINE ( 'NONE', #11976, #8026 ) ;
#12221 = EDGE_CURVE ( 'NONE', #2632, #4202, #2440, .T. ) ;
#12222 = ADVANCED_FACE ( 'NONE', ( #11717 ), #3803, .F. ) ;
#12223 = CARTESIAN_POINT ( 'NONE',  ( 82.80000000000005400, -9.799999999999990052, 26.00000000000000355 ) ) ;
#12224 = LINE ( 'NONE', #4791, #6878 ) ;
#12225 = DIRECTION ( 'NONE',  ( -1.000000000000000000, -1.301042606982605321E-16, 0.000000000000000000 ) ) ;
#12226 = VECTOR ( 'NONE', #12275, 1000.000000000000114 ) ;
#12227 = CARTESIAN_POINT ( 'NONE',  ( 93.34999999999999432, -24.15000000000000568, 3.000000000000000000 ) ) ;
#12228 = ORIENTED_EDGE ( 'NONE', *, *, #6786, .F. ) ;
#12229 = ORIENTED_EDGE ( 'NONE', *, *, #304, .T. ) ;
#12230 = CARTESIAN_POINT ( 'NONE',  ( 0.000000000000000000, 0.000000000000000000, 26.00000000000000355 ) ) ;
#12231 = PLANE ( 'NONE',  #5416 ) ;
#12232 = CARTESIAN_POINT ( 'NONE',  ( 74.13333333333338260, -13.46666666666666146, 3.333333333333337034 ) ) ;
#12233 = CARTESIAN_POINT ( 'NONE',  ( 86.34999999999998010, -29.85000000000004405, 1.000000000000000000 ) ) ;
#12234 = DIRECTION ( 'NONE',  ( 1.339560902914525504E-17, 0.7071067811865462405, 0.7071067811865487940 ) ) ;
#12235 = EDGE_CURVE ( 'NONE', #4008, #11569, #6883, .T. ) ;
#12236 = ORIENTED_EDGE ( 'NONE', *, *, #6080, .F. ) ;
#12237 = ORIENTED_EDGE ( 'NONE', *, *, #10765, .F. ) ;
#12238 = CARTESIAN_POINT ( 'NONE',  ( 87.14999999999997726, 27.00000000000000355, 0.000000000000000000 ) ) ;
#12239 = CARTESIAN_POINT ( 'NONE',  ( 20.01346123343716954, -7.486538766562529368, 6.138043092486625163 ) ) ;
#12240 = ORIENTED_EDGE ( 'NONE', *, *, #9156, .T. ) ;
#12241 = FACE_OUTER_BOUND ( 'NONE', #3714, .T. ) ;
#12242 = DIRECTION ( 'NONE',  ( 0.7071067811865474617, 0.7071067811865474617, 0.000000000000000000 ) ) ;
#12243 = EDGE_CURVE ( 'NONE', #9140, #5316, #6242, .T. ) ;
#12244 = VERTEX_POINT ( 'NONE', #9137 ) ;
#12245 = ADVANCED_FACE ( 'NONE', ( #570 ), #8196, .T. ) ;
#12246 = DIRECTION ( 'NONE',  ( -0.8660254037844387076, 0.000000000000000000, -0.4999999999999998335 ) ) ;
#12247 = LINE ( 'NONE', #11441, #10176 ) ;
#12248 = ORIENTED_EDGE ( 'NONE', *, *, #11635, .F. ) ;
#12249 = CARTESIAN_POINT ( 'NONE',  ( -91.34999999999998010, -32.99999999999997868, 5.000000000000000000 ) ) ;
#12250 = EDGE_CURVE ( 'NONE', #6193, #11890, #1153, .T. ) ;
#12251 = ORIENTED_EDGE ( 'NONE', *, *, #1346, .T. ) ;
#12252 = ORIENTED_EDGE ( 'NONE', *, *, #8080, .F. ) ;
#12253 = CARTESIAN_POINT ( 'NONE',  ( 76.80000000000008242, 20.80000000000000426, 22.00000000000000355 ) ) ;
#12254 = DIRECTION ( 'NONE',  ( 0.8660254037844382635, 9.654978140984304048E-17, -0.5000000000000008882 ) ) ;
#12255 = LINE ( 'NONE', #10266, #1185 ) ;
#12256 = DIRECTION ( 'NONE',  ( 1.000000000000000000, 1.257045997084642365E-16, 0.000000000000000000 ) ) ;
#12257 = DIRECTION ( 'NONE',  ( 0.6546536707079817496, -0.6546536707079771977, -0.3779644730092191485 ) ) ;
#12258 = CARTESIAN_POINT ( 'NONE',  ( -27.30000000000004334, 21.79999999999999361, 15.12361162513371227 ) ) ;
#12259 = EDGE_CURVE ( 'NONE', #83, #2123, #10789, .T. ) ;
#12260 = ORIENTED_EDGE ( 'NONE', *, *, #3065, .F. ) ;
#12261 = DIRECTION ( 'NONE',  ( -0.7071067811865487940, -0.7071067811865463515, 0.000000000000000000 ) ) ;
#12262 = VERTEX_POINT ( 'NONE', #6296 ) ;
#12263 = DIRECTION ( 'NONE',  ( -0.8660254037844383745, -1.088633767200839306E-16, -0.5000000000000003331 ) ) ;
#12264 = EDGE_CURVE ( 'NONE', #4941, #348, #2396, .T. ) ;
#12265 = ORIENTED_EDGE ( 'NONE', *, *, #184, .T. ) ;
#12266 = DIRECTION ( 'NONE',  ( -0.5773502691896341688, 0.5773502691896170713, 0.5773502691896260641 ) ) ;
#12267 = CARTESIAN_POINT ( 'NONE',  ( 81.80000000000005400, -30.80000000000000782, 25.00000000000000000 ) ) ;
#12268 = EDGE_LOOP ( 'NONE', ( #8989, #7753, #8917, #5692 ) ) ;
#12269 = EDGE_CURVE ( 'NONE', #8486, #9311, #216, .T. ) ;
#12270 = ORIENTED_EDGE ( 'NONE', *, *, #11018, .F. ) ;
#12271 = CARTESIAN_POINT ( 'NONE',  ( 60.79711431702997260, 20.80000000000000426, 55.44986187818960843 ) ) ;
#12272 = ORIENTED_EDGE ( 'NONE', *, *, #6280, .F. ) ;
#12273 = DIRECTION ( 'NONE',  ( 1.301042606982605321E-16, -1.000000000000000000, 0.000000000000000000 ) ) ;
#12274 = DIRECTION ( 'NONE',  ( 0.5773502691896257311, -0.5773502691896266192, 0.5773502691896248429 ) ) ;
#12275 = DIRECTION ( 'NONE',  ( 0.8660254037844383745, 9.654978140984306513E-17, -0.5000000000000004441 ) ) ;
#12276 = VECTOR ( 'NONE', #6340, 1000.000000000000114 ) ;
#12277 = AXIS2_PLACEMENT_3D ( 'NONE', #6247, #4274, #6303 ) ;
#12278 = FACE_OUTER_BOUND ( 'NONE', #4871, .T. ) ;
#12279 = EDGE_CURVE ( 'NONE', #791, #6449, #1555, .T. ) ;
#12280 = EDGE_CURVE ( 'NONE', #7292, #6419, #7971, .T. ) ;
#12281 = DIRECTION ( 'NONE',  ( 0.8660254037844387076, 9.654978140984308979E-17, -0.4999999999999998890 ) ) ;
#12282 = CARTESIAN_POINT ( 'NONE',  ( -75.80000000000005400, -23.80000000000002913, 12.74999999999999112 ) ) ;
#12283 = CARTESIAN_POINT ( 'NONE',  ( -77.80000000000005400, -8.800000000000009592, 6.999999999999999112 ) ) ;
#12284 = LINE ( 'NONE', #10428, #2497 ) ;
#12285 = ORIENTED_EDGE ( 'NONE', *, *, #1098, .T. ) ;
#12286 = FACE_OUTER_BOUND ( 'NONE', #9197, .T. ) ;
#12287 = DIRECTION ( 'NONE',  ( -1.000000000000000000, 0.000000000000000000, 0.000000000000000000 ) ) ;
#12288 = CARTESIAN_POINT ( 'NONE',  ( 77.80000000000005400, -20.79999999999998650, 26.00000000000000355 ) ) ;
#12289 = CARTESIAN_POINT ( 'NONE',  ( -75.80000000000006821, 29.80000000000003624, 21.24999999999999289 ) ) ;
#12290 = FACE_OUTER_BOUND ( 'NONE', #2141, .T. ) ;
#12291 = CARTESIAN_POINT ( 'NONE',  ( 91.34999999999998010, 33.00000000000000000, 0.000000000000000000 ) ) ;
#12292 = CARTESIAN_POINT ( 'NONE',  ( 81.80000000000003979, 30.80000000000002913, 25.00000000000000000 ) ) ;
#12293 = ORIENTED_EDGE ( 'NONE', *, *, #8531, .F. ) ;
#12294 = ADVANCED_FACE ( 'NONE', ( #7810 ), #11454, .F. ) ;
#12295 = LINE ( 'NONE', #3744, #5989 ) ;
#12296 = DIRECTION ( 'NONE',  ( 0.3535533905932735088, -0.7071067811865479058, -0.6123724356957942483 ) ) ;
#12297 = ORIENTED_EDGE ( 'NONE', *, *, #4424, .F. ) ;
#12298 = LINE ( 'NONE', #7353, #11008 ) ;
#12299 = PLANE ( 'NONE',  #9932 ) ;
#12300 = DIRECTION ( 'NONE',  ( 0.8660254037844387076, 9.654978140984307746E-17, 0.4999999999999998335 ) ) ;
#12301 = VECTOR ( 'NONE', #12021, 1000.000000000000000 ) ;
#12302 = EDGE_LOOP ( 'NONE', ( #9088, #7087, #4048, #2029 ) ) ;
#12303 = VECTOR ( 'NONE', #9060, 1000.000000000000227 ) ;
#12304 = DIRECTION ( 'NONE',  ( -0.000000000000000000, 0.000000000000000000, -1.000000000000000000 ) ) ;
#12305 = ORIENTED_EDGE ( 'NONE', *, *, #5680, .F. ) ;
#12306 = EDGE_LOOP ( 'NONE', ( #5836, #3576, #11654, #2077 ) ) ;
#12307 = VECTOR ( 'NONE', #7692, 1000.000000000000000 ) ;
#12308 = LINE ( 'NONE', #4705, #3539 ) ;
#12309 = LINE ( 'NONE', #1976, #12378 ) ;
#12310 = DIRECTION ( 'NONE',  ( 0.6546536707079843032, -0.6546536707079686490, 0.3779644730092296401 ) ) ;
#12311 = EDGE_CURVE ( 'NONE', #1372, #2457, #5001, .T. ) ;
#12312 = EDGE_CURVE ( 'NONE', #8231, #9739, #10691, .T. ) ;
#12313 = CARTESIAN_POINT ( 'NONE',  ( 51.19999999999994600, 29.80000000000004690, 21.00000000000003197 ) ) ;
#12314 = CARTESIAN_POINT ( 'NONE',  ( 77.80000000000005400, -20.79999999999998650, 26.00000000000000355 ) ) ;
#12315 = PLANE ( 'NONE',  #2750 ) ;
#12316 = CARTESIAN_POINT ( 'NONE',  ( -61.30000000000006821, 29.79999999999998650, 12.74999999999998757 ) ) ;
#12317 = EDGE_CURVE ( 'NONE', #3589, #6687, #1007, .T. ) ;
#12318 = LINE ( 'NONE', #8575, #1998 ) ;
#12319 = VERTEX_POINT ( 'NONE', #1930 ) ;
#12320 = CIRCLE ( 'NONE', #945, 1.500000000000001332 ) ;
#12321 = FACE_OUTER_BOUND ( 'NONE', #2990, .T. ) ;
#12322 = ORIENTED_EDGE ( 'NONE', *, *, #8531, .T. ) ;
#12323 = ORIENTED_EDGE ( 'NONE', *, *, #2227, .F. ) ;
#12324 = VECTOR ( 'NONE', #12261, 1000.000000000000000 ) ;
#12325 = FACE_OUTER_BOUND ( 'NONE', #621, .T. ) ;
#12326 = CARTESIAN_POINT ( 'NONE',  ( 52.19999999999991758, 29.80000000000003624, 22.00000000000000355 ) ) ;
#12327 = ORIENTED_EDGE ( 'NONE', *, *, #10741, .T. ) ;
#12328 = EDGE_CURVE ( 'NONE', #750, #3377, #1244, .T. ) ;
#12329 = CARTESIAN_POINT ( 'NONE',  ( -84.80000000000003979, 32.80000000000001137, 6.000000000000000000 ) ) ;
#12330 = CARTESIAN_POINT ( 'NONE',  ( 76.80000000000008242, 20.80000000000000426, 9.000000000000028422 ) ) ;
#12331 = EDGE_CURVE ( 'NONE', #6665, #11402, #4831, .T. ) ;
#12332 = EDGE_LOOP ( 'NONE', ( #100, #2214, #8053, #8071 ) ) ;
#12333 = EDGE_CURVE ( 'NONE', #6491, #443, #4063, .T. ) ;
#12334 = VERTEX_POINT ( 'NONE', #11687 ) ;
#12335 = CARTESIAN_POINT ( 'NONE',  ( -91.34999999999998010, -34.49999999999997868, 5.000000000000000000 ) ) ;
#12336 = DIRECTION ( 'NONE',  ( 1.232595164407831220E-32, -0.7071067811865482389, -0.7071067811865469066 ) ) ;
#12337 = ORIENTED_EDGE ( 'NONE', *, *, #4632, .T. ) ;
#12338 = FACE_OUTER_BOUND ( 'NONE', #1997, .T. ) ;
#12339 = VECTOR ( 'NONE', #6108, 1000.000000000000114 ) ;
#12340 = PLANE ( 'NONE',  #9846 ) ;
#12341 = LINE ( 'NONE', #1948, #6426 ) ;
#12342 = CARTESIAN_POINT ( 'NONE',  ( 20.69999999999993889, -24.79999999999999361, 16.13397459621557317 ) ) ;
#12343 = ADVANCED_FACE ( 'NONE', ( #8881 ), #8639, .T. ) ;
#12344 = CARTESIAN_POINT ( 'NONE',  ( 76.80000000000008242, 21.79999999999997939, 10.00000000000000000 ) ) ;
#12345 = LINE ( 'NONE', #1771, #5624 ) ;
#12346 = LINE ( 'NONE', #10480, #10615 ) ;
#12347 = DIRECTION ( 'NONE',  ( -0.000000000000000000, 0.7071067811865482389, -0.7071067811865469066 ) ) ;
#12348 = FACE_OUTER_BOUND ( 'NONE', #9278, .T. ) ;
#12349 = CARTESIAN_POINT ( 'NONE',  ( -76.80000000000002558, -57.98150098949685116, 13.74999999999996447 ) ) ;
#12350 = LINE ( 'NONE', #7596, #10774 ) ;
#12351 = DIRECTION ( 'NONE',  ( 1.000000000000000000, 0.000000000000000000, -0.000000000000000000 ) ) ;
#12352 = VECTOR ( 'NONE', #2351, 1000.000000000000000 ) ;
#12353 = FACE_OUTER_BOUND ( 'NONE', #7893, .T. ) ;
#12354 = EDGE_CURVE ( 'NONE', #7551, #9177, #1121, .T. ) ;
#12355 = ORIENTED_EDGE ( 'NONE', *, *, #6755, .T. ) ;
#12356 = FACE_OUTER_BOUND ( 'NONE', #6245, .T. ) ;
#12357 = EDGE_CURVE ( 'NONE', #1069, #10054, #179, .T. ) ;
#12358 = DIRECTION ( 'NONE',  ( 0.000000000000000000, 0.000000000000000000, -1.000000000000000000 ) ) ;
#12359 = CARTESIAN_POINT ( 'NONE',  ( -27.30000000000003268, -57.98150098949684406, 15.12361162513371227 ) ) ;
#12360 = VECTOR ( 'NONE', #2364, 1000.000000000000000 ) ;
#12361 = LINE ( 'NONE', #863, #10464 ) ;
#12362 = CARTESIAN_POINT ( 'NONE',  ( -93.34999999999999432, -23.65000000000003055, 3.000000000000000000 ) ) ;
#12363 = ORIENTED_EDGE ( 'NONE', *, *, #4807, .F. ) ;
#12364 = DIRECTION ( 'NONE',  ( 0.000000000000000000, -0.000000000000000000, 1.000000000000000000 ) ) ;
#12365 = ORIENTED_EDGE ( 'NONE', *, *, #8536, .F. ) ;
#12366 = PLANE ( 'NONE',  #9335 ) ;
#12367 = CARTESIAN_POINT ( 'NONE',  ( 77.80000000000005400, 19.80000000000003268, 23.58578643762702143 ) ) ;
#12368 = VECTOR ( 'NONE', #10502, 1000.000000000000000 ) ;
#12369 = ORIENTED_EDGE ( 'NONE', *, *, #10191, .T. ) ;
#12370 = VECTOR ( 'NONE', #5085, 1000.000000000000000 ) ;
#12371 = ORIENTED_EDGE ( 'NONE', *, *, #9653, .T. ) ;
#12372 = ORIENTED_EDGE ( 'NONE', *, *, #10730, .T. ) ;
#12373 = LINE ( 'NONE', #10323, #5139 ) ;
#12374 = DIRECTION ( 'NONE',  ( -0.000000000000000000, 0.000000000000000000, 1.000000000000000000 ) ) ;
#12375 = FACE_OUTER_BOUND ( 'NONE', #8578, .T. ) ;
#12376 = CARTESIAN_POINT ( 'NONE',  ( 84.79999999999995453, -32.29999999999995453, 5.000000000000000000 ) ) ;
#12377 = AXIS2_PLACEMENT_3D ( 'NONE', #11689, #6850, #3054 ) ;
#12378 = VECTOR ( 'NONE', #8450, 1000.000000000000114 ) ;
#12379 = DIRECTION ( 'NONE',  ( 0.000000000000000000, 0.000000000000000000, -1.000000000000000000 ) ) ;
#12380 = EDGE_LOOP ( 'NONE', ( #10444, #8290, #5467, #6959 ) ) ;
#12381 = CARTESIAN_POINT ( 'NONE',  ( 51.19999999999995310, -23.80000000000001847, 10.99999999999997691 ) ) ;
#12382 = ORIENTED_EDGE ( 'NONE', *, *, #10577, .T. ) ;
#12383 = ORIENTED_EDGE ( 'NONE', *, *, #3704, .F. ) ;
#12384 = ADVANCED_FACE ( 'NONE', ( #1985 ), #4886, .F. ) ;
#12385 = LINE ( 'NONE', #10519, #9989 ) ;
#12386 = FACE_OUTER_BOUND ( 'NONE', #7506, .T. ) ;
ENDSEC;
END-ISO-10303-21;
